baseline queue=32/96 shard=0/3 GPUs=2 3
dataset=ETTh1 pred_len=48 backbone=PatchTST GPU=2 output=results/fpem_classic_baselines_h48_h192/PatchTST/ETTh1/pred_48
exact command: env CUDA_VISIBLE_DEVICES=2 /data/OuXiaoyu/miniconda3/envs/basicts/bin/python -u run.py --task_name long_term_forecast --is_training 1 --root_path ./dataset/all_datasets/ETT-small --data_path ETTh1.csv --model_id FPEMH48H192_ETTh1_96_48 --model PatchTST --data ETTh1 --features M --target OT --freq h --seq_len 96 --label_len 48 --pred_len 48 --e_layers 1 --d_layers 1 --factor 3 --enc_in 7 --dec_in 7 --c_out 7 --d_model 128 --d_ff 256 --n_heads 8 --batch_size 32 --learning_rate 1e-4 --train_epochs 10 --patience 3 --num_workers 0 --des FPEMH48H192_PatchTST_ETTh1_48 --itr 1 --checkpoints results/fpem_classic_baselines_h48_h192/PatchTST/ETTh1/pred_48/checkpoints 
dataset=ETTh2 pred_len=192 backbone=PatchTST GPU=3 output=results/fpem_classic_baselines_h48_h192/PatchTST/ETTh2/pred_192
exact command: env CUDA_VISIBLE_DEVICES=3 /data/OuXiaoyu/miniconda3/envs/basicts/bin/python -u run.py --task_name long_term_forecast --is_training 1 --root_path ./dataset/all_datasets/ETT-small --data_path ETTh2.csv --model_id FPEMH48H192_ETTh2_96_192 --model PatchTST --data ETTh2 --features M --target OT --freq h --seq_len 96 --label_len 48 --pred_len 192 --e_layers 1 --d_layers 1 --factor 3 --enc_in 7 --dec_in 7 --c_out 7 --d_model 128 --d_ff 256 --n_heads 8 --batch_size 32 --learning_rate 1e-4 --train_epochs 10 --patience 3 --num_workers 0 --des FPEMH48H192_PatchTST_ETTh2_192 --itr 1 --checkpoints results/fpem_classic_baselines_h48_h192/PatchTST/ETTh2/pred_192/checkpoints 
Using GPU
Args in experiment:
[1mBasic Config[0m
  Task Name:          long_term_forecast  Is Training:        1                   
  Model ID:           FPEMH48H192_ETTh2_96_192Model:              PatchTST            

[1mData Loader[0m
  Data:               ETTh2               Root Path:          ./dataset/all_datasets/ETT-small
  Data Path:          ETTh2.csv           Features:           M                   
  Target:             OT                  Freq:               h                   
  Checkpoints:        results/fpem_classic_baselines_h48_h192/PatchTST/ETTh2/pred_192/checkpoints

[1mForecasting Task[0m
  Seq Len:            96                  Label Len:          48                  
  Pred Len:           192                 Seasonal Patterns:  Monthly             
  Inverse:            0                   

[1mModel Parameters[0m
  Top k:              5                   Num Kernels:        6                   
  Enc In:             7                   Dec In:             7                   
  C Out:              7                   d model:            128                 
  n heads:            8                   e layers:           1                   
  d layers:           1                   d FF:               256                 
  Moving Avg:         25                  Factor:             3                   
  Distil:             1                   Dropout:            0.1                 
  Embed:              timeF               Activation:         gelu                

[1mRun Parameters[0m
  Num Workers:        0                   Itr:                1                   
  Train Epochs:       10                  Batch Size:         32                  
  Patience:           3                   Learning Rate:      0.0001              
  Des:                FPEMH48H192_PatchTST_ETTh2_192Loss:               MSE                 
  Lradj:              type1               Use Amp:            0                   

[1mGPU[0m
  Use GPU:            1                   GPU:                0                   
  Use Multi GPU:      0                   Devices:            0,1,2,3             

[1mDe-stationary Projector Params[0m
  P Hidden Dims:      128, 128            P Hidden Layers:    2                   

Using GPU
Args in experiment:
[1mBasic Config[0m
  Task Name:          long_term_forecast  Is Training:        1                   
  Model ID:           FPEMH48H192_ETTh1_96_48Model:              PatchTST            

[1mData Loader[0m
  Data:               ETTh1               Root Path:          ./dataset/all_datasets/ETT-small
  Data Path:          ETTh1.csv           Features:           M                   
  Target:             OT                  Freq:               h                   
  Checkpoints:        results/fpem_classic_baselines_h48_h192/PatchTST/ETTh1/pred_48/checkpoints

[1mForecasting Task[0m
  Seq Len:            96                  Label Len:          48                  
  Pred Len:           48                  Seasonal Patterns:  Monthly             
  Inverse:            0                   

[1mModel Parameters[0m
  Top k:              5                   Num Kernels:        6                   
  Enc In:             7                   Dec In:             7                   
  C Out:              7                   d model:            128                 
  n heads:            8                   e layers:           1                   
  d layers:           1                   d FF:               256                 
  Moving Avg:         25                  Factor:             3                   
  Distil:             1                   Dropout:            0.1                 
  Embed:              timeF               Activation:         gelu                

[1mRun Parameters[0m
  Num Workers:        0                   Itr:                1                   
  Train Epochs:       10                  Batch Size:         32                  
  Patience:           3                   Learning Rate:      0.0001              
  Des:                FPEMH48H192_PatchTST_ETTh1_48Loss:               MSE                 
  Lradj:              type1               Use Amp:            0                   

[1mGPU[0m
  Use GPU:            1                   GPU:                0                   
  Use Multi GPU:      0                   Devices:            0,1,2,3             

[1mDe-stationary Projector Params[0m
  P Hidden Dims:      128, 128            P Hidden Layers:    2                   

Use GPU: cuda:0
🚀 Lazy Loading: PatchTST ...
Use GPU: cuda:0
🚀 Lazy Loading: PatchTST ...
>>>>>>>start training : long_term_forecast_FPEMH48H192_ETTh2_96_192_PatchTST_ETTh2_ftM_sl96_ll48_pl192_dm128_nh8_el1_dl1_df256_expand2_dc4_fc3_ebtimeF_dtTrue_FPEMH48H192_PatchTST_ETTh2_192_0>>>>>>>>>>>>>>>>>>>>>>>>>>
train 8353
val 2689
test 2689
>>>>>>>start training : long_term_forecast_FPEMH48H192_ETTh1_96_48_PatchTST_ETTh1_ftM_sl96_ll48_pl48_dm128_nh8_el1_dl1_df256_expand2_dc4_fc3_ebtimeF_dtTrue_FPEMH48H192_PatchTST_ETTh1_48_0>>>>>>>>>>>>>>>>>>>>>>>>>>
train 8497
val 2833
test 2833
	iters: 100, epoch: 1 | loss: 0.6162491
	speed: 0.0143s/iter; left time: 35.9990s
	iters: 100, epoch: 1 | loss: 0.4688946
	speed: 0.0149s/iter; left time: 38.0851s
	iters: 200, epoch: 1 | loss: 0.9385983
	speed: 0.0087s/iter; left time: 21.1408s
	iters: 200, epoch: 1 | loss: 0.3019342
	speed: 0.0100s/iter; left time: 24.5350s
Epoch: 1 cost time: 2.827514886856079
Epoch: 1 cost time: 3.2218077182769775
Epoch: 1, Steps: 262 | Train Loss: 0.5795882 Vali Loss: 0.2736374 Test Loss: 0.3864641
Validation loss decreased (inf --> 0.273637).  Saving model ...
Updating learning rate to 0.0001
Epoch: 1, Steps: 266 | Train Loss: 0.3863404 Vali Loss: 0.5301516 Test Loss: 0.3537555
Validation loss decreased (inf --> 0.530152).  Saving model ...
Updating learning rate to 0.0001
	iters: 100, epoch: 2 | loss: 0.5258810
	speed: 0.0235s/iter; left time: 53.1960s
	iters: 100, epoch: 2 | loss: 0.3654464
	speed: 0.0243s/iter; left time: 55.8275s
	iters: 200, epoch: 2 | loss: 0.3865111
	speed: 0.0132s/iter; left time: 28.3970s
	iters: 200, epoch: 2 | loss: 0.3721402
	speed: 0.0094s/iter; left time: 20.5708s
Epoch: 2 cost time: 2.5595738887786865
Epoch: 2 cost time: 3.2464334964752197
Epoch: 2, Steps: 266 | Train Loss: 0.3457427 Vali Loss: 0.5265049 Test Loss: 0.3495908
Validation loss decreased (0.530152 --> 0.526505).  Saving model ...
Updating learning rate to 5e-05
Epoch: 2, Steps: 262 | Train Loss: 0.5461791 Vali Loss: 0.2744246 Test Loss: 0.3752698
EarlyStopping counter: 1 out of 3
Updating learning rate to 5e-05
	iters: 100, epoch: 3 | loss: 0.3038776
	speed: 0.0237s/iter; left time: 48.0030s
	iters: 100, epoch: 3 | loss: 0.2620806
	speed: 0.0258s/iter; left time: 51.5207s
	iters: 200, epoch: 3 | loss: 0.3215204
	speed: 0.0111s/iter; left time: 21.3618s
	iters: 200, epoch: 3 | loss: 0.4242759
	speed: 0.0105s/iter; left time: 19.8922s
Epoch: 3 cost time: 2.605438470840454
Epoch: 3 cost time: 2.7516403198242188
Epoch: 3, Steps: 266 | Train Loss: 0.3353884 Vali Loss: 0.5167418 Test Loss: 0.3452280
Validation loss decreased (0.526505 --> 0.516742).  Saving model ...
Updating learning rate to 2.5e-05
Epoch: 3, Steps: 262 | Train Loss: 0.5305491 Vali Loss: 0.2776327 Test Loss: 0.3715724
EarlyStopping counter: 2 out of 3
Updating learning rate to 2.5e-05
	iters: 100, epoch: 4 | loss: 0.4307442
	speed: 0.0230s/iter; left time: 39.8880s
	iters: 100, epoch: 4 | loss: 0.3510301
	speed: 0.0247s/iter; left time: 43.6082s
	iters: 200, epoch: 4 | loss: 0.6335552
	speed: 0.0084s/iter; left time: 13.6529s
	iters: 200, epoch: 4 | loss: 0.3824438
	speed: 0.0108s/iter; left time: 17.9620s
Epoch: 4 cost time: 2.1927502155303955
Epoch: 4 cost time: 2.849216938018799
Epoch: 4, Steps: 262 | Train Loss: 0.5237547 Vali Loss: 0.2770693 Test Loss: 0.3713698
EarlyStopping counter: 3 out of 3
Early stopping
>>>>>>>testing : long_term_forecast_FPEMH48H192_ETTh2_96_192_PatchTST_ETTh2_ftM_sl96_ll48_pl192_dm128_nh8_el1_dl1_df256_expand2_dc4_fc3_ebtimeF_dtTrue_FPEMH48H192_PatchTST_ETTh2_192_0<<<<<<<<<<<<<<<<<<<<<<<<<<<<<<<<<
test 2689
Epoch: 4, Steps: 266 | Train Loss: 0.3315939 Vali Loss: 0.5166491 Test Loss: 0.3435569
Validation loss decreased (0.516742 --> 0.516649).  Saving model ...
Updating learning rate to 1.25e-05
test shape: (2689, 192, 7) (2689, 192, 7)
test shape: (2689, 192, 7) (2689, 192, 7)
	iters: 100, epoch: 5 | loss: 0.2996959
	speed: 0.0251s/iter; left time: 37.5096s
mse:0.3805115222930908, mae:0.3958587944507599, dtw:Not calculated
	iters: 200, epoch: 5 | loss: 0.3561766
	speed: 0.0107s/iter; left time: 14.9581s
dataset=ETTm2 pred_len=48 backbone=PatchTST GPU=3 output=results/fpem_classic_baselines_h48_h192/PatchTST/ETTm2/pred_48
exact command: env CUDA_VISIBLE_DEVICES=3 /data/OuXiaoyu/miniconda3/envs/basicts/bin/python -u run.py --task_name long_term_forecast --is_training 1 --root_path ./dataset/all_datasets/ETT-small --data_path ETTm2.csv --model_id FPEMH48H192_ETTm2_96_48 --model PatchTST --data ETTm2 --features M --target OT --freq 15min --seq_len 96 --label_len 48 --pred_len 48 --e_layers 1 --d_layers 1 --factor 3 --enc_in 7 --dec_in 7 --c_out 7 --d_model 128 --d_ff 256 --n_heads 8 --batch_size 32 --learning_rate 1e-4 --train_epochs 10 --patience 3 --num_workers 0 --des FPEMH48H192_PatchTST_ETTm2_48 --itr 1 --checkpoints results/fpem_classic_baselines_h48_h192/PatchTST/ETTm2/pred_48/checkpoints 
Epoch: 5 cost time: 2.803119659423828
Epoch: 5, Steps: 266 | Train Loss: 0.3301661 Vali Loss: 0.5144794 Test Loss: 0.3430414
Validation loss decreased (0.516649 --> 0.514479).  Saving model ...
Updating learning rate to 6.25e-06
	iters: 100, epoch: 6 | loss: 0.4140100
	speed: 0.0236s/iter; left time: 28.9968s
Using GPU
Args in experiment:
[1mBasic Config[0m
  Task Name:          long_term_forecast  Is Training:        1                   
  Model ID:           FPEMH48H192_ETTm2_96_48Model:              PatchTST            

[1mData Loader[0m
  Data:               ETTm2               Root Path:          ./dataset/all_datasets/ETT-small
  Data Path:          ETTm2.csv           Features:           M                   
  Target:             OT                  Freq:               15min               
  Checkpoints:        results/fpem_classic_baselines_h48_h192/PatchTST/ETTm2/pred_48/checkpoints

[1mForecasting Task[0m
  Seq Len:            96                  Label Len:          48                  
  Pred Len:           48                  Seasonal Patterns:  Monthly             
  Inverse:            0                   

[1mModel Parameters[0m
  Top k:              5                   Num Kernels:        6                   
  Enc In:             7                   Dec In:             7                   
  C Out:              7                   d model:            128                 
  n heads:            8                   e layers:           1                   
  d layers:           1                   d FF:               256                 
  Moving Avg:         25                  Factor:             3                   
  Distil:             1                   Dropout:            0.1                 
  Embed:              timeF               Activation:         gelu                

[1mRun Parameters[0m
  Num Workers:        0                   Itr:                1                   
  Train Epochs:       10                  Batch Size:         32                  
  Patience:           3                   Learning Rate:      0.0001              
  Des:                FPEMH48H192_PatchTST_ETTm2_48Loss:               MSE                 
  Lradj:              type1               Use Amp:            0                   

[1mGPU[0m
  Use GPU:            1                   GPU:                0                   
  Use Multi GPU:      0                   Devices:            0,1,2,3             

[1mDe-stationary Projector Params[0m
  P Hidden Dims:      128, 128            P Hidden Layers:    2                   

	iters: 200, epoch: 6 | loss: 0.3401053
	speed: 0.0104s/iter; left time: 11.7999s
Epoch: 6 cost time: 2.734640598297119
Use GPU: cuda:0
🚀 Lazy Loading: PatchTST ...
Epoch: 6, Steps: 266 | Train Loss: 0.3293366 Vali Loss: 0.5156231 Test Loss: 0.3429951
EarlyStopping counter: 1 out of 3
Updating learning rate to 3.125e-06
	iters: 100, epoch: 7 | loss: 0.2714837
	speed: 0.0223s/iter; left time: 21.5408s
>>>>>>>start training : long_term_forecast_FPEMH48H192_ETTm2_96_48_PatchTST_ETTm2_ftM_sl96_ll48_pl48_dm128_nh8_el1_dl1_df256_expand2_dc4_fc3_ebtimeF_dtTrue_FPEMH48H192_PatchTST_ETTm2_48_0>>>>>>>>>>>>>>>>>>>>>>>>>>
train 34417
val 11473
test 11473
	iters: 200, epoch: 7 | loss: 0.3462592
	speed: 0.0100s/iter; left time: 8.6400s
Epoch: 7 cost time: 2.6008284091949463
	iters: 100, epoch: 1 | loss: 0.1385956
	speed: 0.0159s/iter; left time: 169.6200s
Epoch: 7, Steps: 266 | Train Loss: 0.3293515 Vali Loss: 0.5148805 Test Loss: 0.3426867
EarlyStopping counter: 2 out of 3
Updating learning rate to 1.5625e-06
	iters: 200, epoch: 1 | loss: 0.1873150
	speed: 0.0111s/iter; left time: 117.5306s
	iters: 100, epoch: 8 | loss: 0.3155479
	speed: 0.0232s/iter; left time: 16.2300s
	iters: 200, epoch: 8 | loss: 0.3964940
	speed: 0.0104s/iter; left time: 6.2213s
	iters: 300, epoch: 1 | loss: 0.1862786
	speed: 0.0115s/iter; left time: 120.7019s
Epoch: 8 cost time: 2.7134833335876465
	iters: 400, epoch: 1 | loss: 0.1322395
	speed: 0.0109s/iter; left time: 113.0481s
Epoch: 8, Steps: 266 | Train Loss: 0.3285256 Vali Loss: 0.5151185 Test Loss: 0.3426492
EarlyStopping counter: 3 out of 3
Early stopping
>>>>>>>testing : long_term_forecast_FPEMH48H192_ETTh1_96_48_PatchTST_ETTh1_ftM_sl96_ll48_pl48_dm128_nh8_el1_dl1_df256_expand2_dc4_fc3_ebtimeF_dtTrue_FPEMH48H192_PatchTST_ETTh1_48_0<<<<<<<<<<<<<<<<<<<<<<<<<<<<<<<<<
test 2833
	iters: 500, epoch: 1 | loss: 0.3147623
	speed: 0.0098s/iter; left time: 100.6972s
test shape: (2833, 48, 7) (2833, 48, 7)
test shape: (2833, 48, 7) (2833, 48, 7)
mse:0.34392184019088745, mae:0.3768906593322754, dtw:Not calculated
	iters: 600, epoch: 1 | loss: 0.2272588
	speed: 0.0109s/iter; left time: 111.1082s
	iters: 700, epoch: 1 | loss: 0.2204754
	speed: 0.0105s/iter; left time: 105.1678s
dataset=ExchangeRate pred_len=192 backbone=PatchTST GPU=2 output=results/fpem_classic_baselines_h48_h192/PatchTST/ExchangeRate/pred_192
exact command: env CUDA_VISIBLE_DEVICES=2 /data/OuXiaoyu/miniconda3/envs/basicts/bin/python -u run.py --task_name long_term_forecast --is_training 1 --root_path ./dataset/all_datasets/exchange_rate --data_path exchange_rate.csv --model_id FPEMH48H192_ExchangeRate_96_192 --model PatchTST --data custom --features M --target OT --freq d --seq_len 96 --label_len 48 --pred_len 192 --e_layers 1 --d_layers 1 --factor 3 --enc_in 8 --dec_in 8 --c_out 8 --d_model 128 --d_ff 256 --n_heads 8 --batch_size 32 --learning_rate 1e-4 --train_epochs 10 --patience 3 --num_workers 0 --des FPEMH48H192_PatchTST_ExchangeRate_192 --itr 1 --checkpoints results/fpem_classic_baselines_h48_h192/PatchTST/ExchangeRate/pred_192/checkpoints 
	iters: 800, epoch: 1 | loss: 0.1791629
	speed: 0.0101s/iter; left time: 100.5466s
	iters: 900, epoch: 1 | loss: 0.3367314
	speed: 0.0119s/iter; left time: 117.4873s
Using GPU
Args in experiment:
[1mBasic Config[0m
  Task Name:          long_term_forecast  Is Training:        1                   
  Model ID:           FPEMH48H192_ExchangeRate_96_192Model:              PatchTST            

[1mData Loader[0m
  Data:               custom              Root Path:          ./dataset/all_datasets/exchange_rate
  Data Path:          exchange_rate.csv   Features:           M                   
  Target:             OT                  Freq:               d                   
  Checkpoints:        results/fpem_classic_baselines_h48_h192/PatchTST/ExchangeRate/pred_192/checkpoints

[1mForecasting Task[0m
  Seq Len:            96                  Label Len:          48                  
  Pred Len:           192                 Seasonal Patterns:  Monthly             
  Inverse:            0                   

[1mModel Parameters[0m
  Top k:              5                   Num Kernels:        6                   
  Enc In:             8                   Dec In:             8                   
  C Out:              8                   d model:            128                 
  n heads:            8                   e layers:           1                   
  d layers:           1                   d FF:               256                 
  Moving Avg:         25                  Factor:             3                   
  Distil:             1                   Dropout:            0.1                 
  Embed:              timeF               Activation:         gelu                

[1mRun Parameters[0m
  Num Workers:        0                   Itr:                1                   
  Train Epochs:       10                  Batch Size:         32                  
  Patience:           3                   Learning Rate:      0.0001              
  Des:                FPEMH48H192_PatchTST_ExchangeRate_192Loss:               MSE                 
  Lradj:              type1               Use Amp:            0                   

[1mGPU[0m
  Use GPU:            1                   GPU:                0                   
  Use Multi GPU:      0                   Devices:            0,1,2,3             

[1mDe-stationary Projector Params[0m
  P Hidden Dims:      128, 128            P Hidden Layers:    2                   

	iters: 1000, epoch: 1 | loss: 0.1922320
	speed: 0.0102s/iter; left time: 100.0064s
Epoch: 1 cost time: 12.108852863311768
Use GPU: cuda:0
🚀 Lazy Loading: PatchTST ...
Epoch: 1, Steps: 1076 | Train Loss: 0.1853725 Vali Loss: 0.1065729 Test Loss: 0.1394736
Validation loss decreased (inf --> 0.106573).  Saving model ...
Updating learning rate to 0.0001
>>>>>>>start training : long_term_forecast_FPEMH48H192_ExchangeRate_96_192_PatchTST_custom_ftM_sl96_ll48_pl192_dm128_nh8_el1_dl1_df256_expand2_dc4_fc3_ebtimeF_dtTrue_FPEMH48H192_PatchTST_ExchangeRate_192_0>>>>>>>>>>>>>>>>>>>>>>>>>>
train 5024
val 569
test 1326
	iters: 100, epoch: 2 | loss: 0.0855448
	speed: 0.0406s/iter; left time: 388.9728s
	iters: 100, epoch: 1 | loss: 0.1868840
	speed: 0.0170s/iter; left time: 25.0430s
	iters: 200, epoch: 2 | loss: 0.2079259
	speed: 0.0105s/iter; left time: 99.5389s
Epoch: 1 cost time: 2.2780590057373047
Epoch: 1, Steps: 157 | Train Loss: 0.2716654 Vali Loss: 0.2257761 Test Loss: 0.1792738
Validation loss decreased (inf --> 0.225776).  Saving model ...
Updating learning rate to 0.0001
	iters: 300, epoch: 2 | loss: 0.1670031
	speed: 0.0112s/iter; left time: 104.9881s
	iters: 100, epoch: 2 | loss: 0.2444697
	speed: 0.0204s/iter; left time: 26.7526s
	iters: 400, epoch: 2 | loss: 0.1358785
	speed: 0.0101s/iter; left time: 94.1853s
Epoch: 2 cost time: 1.7479274272918701
Epoch: 2, Steps: 157 | Train Loss: 0.2572322 Vali Loss: 0.2302683 Test Loss: 0.1811286
EarlyStopping counter: 1 out of 3
Updating learning rate to 5e-05
	iters: 500, epoch: 2 | loss: 0.1668730
	speed: 0.0108s/iter; left time: 99.3502s
	iters: 100, epoch: 3 | loss: 0.3059028
	speed: 0.0215s/iter; left time: 24.8847s
	iters: 600, epoch: 2 | loss: 0.2721176
	speed: 0.0108s/iter; left time: 98.4789s
Epoch: 3 cost time: 1.8314878940582275
Epoch: 3, Steps: 157 | Train Loss: 0.2549816 Vali Loss: 0.2309794 Test Loss: 0.1758623
EarlyStopping counter: 2 out of 3
Updating learning rate to 2.5e-05
	iters: 700, epoch: 2 | loss: 0.1671921
	speed: 0.0113s/iter; left time: 101.8301s
	iters: 100, epoch: 4 | loss: 0.2596372
	speed: 0.0209s/iter; left time: 20.9122s
	iters: 800, epoch: 2 | loss: 0.1060019
	speed: 0.0113s/iter; left time: 100.1131s
Epoch: 4 cost time: 1.6660704612731934
Epoch: 4, Steps: 157 | Train Loss: 0.2542173 Vali Loss: 0.2301554 Test Loss: 0.1769226
EarlyStopping counter: 3 out of 3
Early stopping
>>>>>>>testing : long_term_forecast_FPEMH48H192_ExchangeRate_96_192_PatchTST_custom_ftM_sl96_ll48_pl192_dm128_nh8_el1_dl1_df256_expand2_dc4_fc3_ebtimeF_dtTrue_FPEMH48H192_PatchTST_ExchangeRate_192_0<<<<<<<<<<<<<<<<<<<<<<<<<<<<<<<<<
test 1326
	iters: 900, epoch: 2 | loss: 0.1386255
	speed: 0.0108s/iter; left time: 94.7093s
test shape: (1326, 192, 8) (1326, 192, 8)
test shape: (1326, 192, 8) (1326, 192, 8)
mse:0.17914070188999176, mae:0.3010479807853699, dtw:Not calculated
	iters: 1000, epoch: 2 | loss: 0.1514394
	speed: 0.0107s/iter; left time: 93.2588s
Epoch: 2 cost time: 11.459444999694824
dataset=Electricity pred_len=48 backbone=PatchTST GPU=2 output=results/fpem_classic_baselines_h48_h192/PatchTST/Electricity/pred_48
exact command: env CUDA_VISIBLE_DEVICES=2 /data/OuXiaoyu/miniconda3/envs/basicts/bin/python -u run.py --task_name long_term_forecast --is_training 1 --root_path ./dataset/all_datasets/electricity --data_path electricity.csv --model_id FPEMH48H192_Electricity_96_48 --model PatchTST --data custom --features M --target OT --freq h --seq_len 96 --label_len 48 --pred_len 48 --e_layers 1 --d_layers 1 --factor 3 --enc_in 321 --dec_in 321 --c_out 321 --d_model 128 --d_ff 256 --n_heads 8 --batch_size 4 --learning_rate 1e-4 --train_epochs 10 --patience 3 --num_workers 0 --des FPEMH48H192_PatchTST_Electricity_48 --itr 1 --checkpoints results/fpem_classic_baselines_h48_h192/PatchTST/Electricity/pred_48/checkpoints 
Using GPU
Args in experiment:
[1mBasic Config[0m
  Task Name:          long_term_forecast  Is Training:        1                   
  Model ID:           FPEMH48H192_Electricity_96_48Model:              PatchTST            

[1mData Loader[0m
  Data:               custom              Root Path:          ./dataset/all_datasets/electricity
  Data Path:          electricity.csv     Features:           M                   
  Target:             OT                  Freq:               h                   
  Checkpoints:        results/fpem_classic_baselines_h48_h192/PatchTST/Electricity/pred_48/checkpoints

[1mForecasting Task[0m
  Seq Len:            96                  Label Len:          48                  
  Pred Len:           48                  Seasonal Patterns:  Monthly             
  Inverse:            0                   

[1mModel Parameters[0m
  Top k:              5                   Num Kernels:        6                   
  Enc In:             321                 Dec In:             321                 
  C Out:              321                 d model:            128                 
  n heads:            8                   e layers:           1                   
  d layers:           1                   d FF:               256                 
  Moving Avg:         25                  Factor:             3                   
  Distil:             1                   Dropout:            0.1                 
  Embed:              timeF               Activation:         gelu                

[1mRun Parameters[0m
  Num Workers:        0                   Itr:                1                   
  Train Epochs:       10                  Batch Size:         4                   
  Patience:           3                   Learning Rate:      0.0001              
  Des:                FPEMH48H192_PatchTST_Electricity_48Loss:               MSE                 
  Lradj:              type1               Use Amp:            0                   

[1mGPU[0m
  Use GPU:            1                   GPU:                0                   
  Use Multi GPU:      0                   Devices:            0,1,2,3             

[1mDe-stationary Projector Params[0m
  P Hidden Dims:      128, 128            P Hidden Layers:    2                   

Epoch: 2, Steps: 1076 | Train Loss: 0.1724434 Vali Loss: 0.1096458 Test Loss: 0.1421625
EarlyStopping counter: 1 out of 3
Updating learning rate to 5e-05
	iters: 100, epoch: 3 | loss: 0.1656227
	speed: 0.0424s/iter; left time: 360.7652s
	iters: 200, epoch: 3 | loss: 0.1320509
	speed: 0.0100s/iter; left time: 84.4000s
Use GPU: cuda:0
🚀 Lazy Loading: PatchTST ...
	iters: 300, epoch: 3 | loss: 0.1558635
	speed: 0.0102s/iter; left time: 85.1145s
>>>>>>>start training : long_term_forecast_FPEMH48H192_Electricity_96_48_PatchTST_custom_ftM_sl96_ll48_pl48_dm128_nh8_el1_dl1_df256_expand2_dc4_fc3_ebtimeF_dtTrue_FPEMH48H192_PatchTST_Electricity_48_0>>>>>>>>>>>>>>>>>>>>>>>>>>
	iters: 400, epoch: 3 | loss: 0.1139305
	speed: 0.0102s/iter; left time: 83.6116s
	iters: 500, epoch: 3 | loss: 0.1265278
	speed: 0.0097s/iter; left time: 78.8659s
train 18269
	iters: 600, epoch: 3 | loss: 0.1965580
	speed: 0.0099s/iter; left time: 78.9755s
val 2585
	iters: 700, epoch: 3 | loss: 0.1146586
	speed: 0.0097s/iter; left time: 76.7789s
	iters: 800, epoch: 3 | loss: 0.2239263
	speed: 0.0092s/iter; left time: 71.6695s
test 5213
	iters: 900, epoch: 3 | loss: 0.2271234
	speed: 0.0103s/iter; left time: 79.3547s
	iters: 1000, epoch: 3 | loss: 0.1834550
	speed: 0.0105s/iter; left time: 79.7812s
	iters: 100, epoch: 1 | loss: 0.3036925
	speed: 0.0180s/iter; left time: 818.4865s
Epoch: 3 cost time: 10.816545009613037
	iters: 200, epoch: 1 | loss: 0.3516046
	speed: 0.0123s/iter; left time: 557.8302s
	iters: 300, epoch: 1 | loss: 0.2731871
	speed: 0.0126s/iter; left time: 570.7735s
Epoch: 3, Steps: 1076 | Train Loss: 0.1675063 Vali Loss: 0.1041508 Test Loss: 0.1369830
Validation loss decreased (0.106573 --> 0.104151).  Saving model ...
Updating learning rate to 2.5e-05
	iters: 400, epoch: 1 | loss: 0.3055234
	speed: 0.0122s/iter; left time: 553.0071s
	iters: 100, epoch: 4 | loss: 0.2019487
	speed: 0.0455s/iter; left time: 338.5359s
	iters: 500, epoch: 1 | loss: 0.3486986
	speed: 0.0126s/iter; left time: 568.9185s
	iters: 200, epoch: 4 | loss: 0.1192740
	speed: 0.0114s/iter; left time: 83.5755s
	iters: 600, epoch: 1 | loss: 0.3894482
	speed: 0.0125s/iter; left time: 563.9906s
	iters: 300, epoch: 4 | loss: 0.1245663
	speed: 0.0114s/iter; left time: 82.3367s
	iters: 700, epoch: 1 | loss: 0.3760064
	speed: 0.0124s/iter; left time: 556.6136s
	iters: 400, epoch: 4 | loss: 0.4414589
	speed: 0.0105s/iter; left time: 75.1449s
	iters: 800, epoch: 1 | loss: 0.2612988
	speed: 0.0125s/iter; left time: 559.2957s
	iters: 500, epoch: 4 | loss: 0.1889182
	speed: 0.0112s/iter; left time: 79.0501s
	iters: 600, epoch: 4 | loss: 0.1093281
	speed: 0.0106s/iter; left time: 73.5795s
	iters: 900, epoch: 1 | loss: 0.2280120
	speed: 0.0124s/iter; left time: 553.8456s
	iters: 700, epoch: 4 | loss: 0.2087741
	speed: 0.0108s/iter; left time: 73.8075s
	iters: 1000, epoch: 1 | loss: 0.3232817
	speed: 0.0125s/iter; left time: 558.8065s
	iters: 800, epoch: 4 | loss: 0.1154039
	speed: 0.0110s/iter; left time: 73.9551s
	iters: 1100, epoch: 1 | loss: 0.2762719
	speed: 0.0125s/iter; left time: 558.5040s
	iters: 900, epoch: 4 | loss: 0.1299184
	speed: 0.0107s/iter; left time: 71.0526s
	iters: 1200, epoch: 1 | loss: 0.2934196
	speed: 0.0120s/iter; left time: 534.7893s
	iters: 1000, epoch: 4 | loss: 0.1218396
	speed: 0.0118s/iter; left time: 76.7837s
	iters: 1300, epoch: 1 | loss: 0.2851450
	speed: 0.0126s/iter; left time: 560.1168s
Epoch: 4 cost time: 11.95255708694458
	iters: 1400, epoch: 1 | loss: 0.2258316
	speed: 0.0118s/iter; left time: 523.4133s
	iters: 1500, epoch: 1 | loss: 0.2824208
	speed: 0.0131s/iter; left time: 577.0823s
Epoch: 4, Steps: 1076 | Train Loss: 0.1655119 Vali Loss: 0.1052846 Test Loss: 0.1374397
EarlyStopping counter: 1 out of 3
Updating learning rate to 1.25e-05
	iters: 1600, epoch: 1 | loss: 0.2491988
	speed: 0.0122s/iter; left time: 537.9413s
	iters: 100, epoch: 5 | loss: 0.1658157
	speed: 0.0461s/iter; left time: 293.2942s
	iters: 1700, epoch: 1 | loss: 0.2925447
	speed: 0.0118s/iter; left time: 518.9900s
	iters: 200, epoch: 5 | loss: 0.1381630
	speed: 0.0113s/iter; left time: 70.5157s
	iters: 300, epoch: 5 | loss: 0.1144726
	speed: 0.0095s/iter; left time: 58.2676s
	iters: 1800, epoch: 1 | loss: 0.2656764
	speed: 0.0120s/iter; left time: 526.0119s
	iters: 400, epoch: 5 | loss: 0.1248444
	speed: 0.0109s/iter; left time: 66.2070s
	iters: 1900, epoch: 1 | loss: 0.2480422
	speed: 0.0126s/iter; left time: 551.2157s
	iters: 500, epoch: 5 | loss: 0.0932364
	speed: 0.0104s/iter; left time: 62.0097s
	iters: 2000, epoch: 1 | loss: 0.2655848
	speed: 0.0125s/iter; left time: 547.5536s
	iters: 600, epoch: 5 | loss: 0.3384533
	speed: 0.0107s/iter; left time: 62.7964s
	iters: 2100, epoch: 1 | loss: 0.2369728
	speed: 0.0132s/iter; left time: 575.3634s
	iters: 700, epoch: 5 | loss: 0.1178767
	speed: 0.0112s/iter; left time: 64.6793s
	iters: 2200, epoch: 1 | loss: 0.2719634
	speed: 0.0124s/iter; left time: 540.5613s
	iters: 800, epoch: 5 | loss: 0.1234817
	speed: 0.0107s/iter; left time: 60.7342s
	iters: 2300, epoch: 1 | loss: 0.2301250
	speed: 0.0123s/iter; left time: 532.9471s
	iters: 900, epoch: 5 | loss: 0.3054180
	speed: 0.0108s/iter; left time: 60.2826s
	iters: 1000, epoch: 5 | loss: 0.1938053
	speed: 0.0108s/iter; left time: 59.1079s
	iters: 2400, epoch: 1 | loss: 0.2692288
	speed: 0.0127s/iter; left time: 548.4752s
Epoch: 5 cost time: 11.589566946029663
	iters: 2500, epoch: 1 | loss: 0.2906889
	speed: 0.0127s/iter; left time: 547.3478s
	iters: 2600, epoch: 1 | loss: 0.2574158
	speed: 0.0128s/iter; left time: 549.7846s
Epoch: 5, Steps: 1076 | Train Loss: 0.1644557 Vali Loss: 0.1039180 Test Loss: 0.1360362
Validation loss decreased (0.104151 --> 0.103918).  Saving model ...
Updating learning rate to 6.25e-06
	iters: 2700, epoch: 1 | loss: 0.2952304
	speed: 0.0124s/iter; left time: 532.2011s
	iters: 100, epoch: 6 | loss: 0.1288884
	speed: 0.0457s/iter; left time: 241.2571s
	iters: 2800, epoch: 1 | loss: 0.2448093
	speed: 0.0125s/iter; left time: 535.9681s
	iters: 200, epoch: 6 | loss: 0.2469085
	speed: 0.0114s/iter; left time: 59.2822s
	iters: 2900, epoch: 1 | loss: 0.2842222
	speed: 0.0126s/iter; left time: 540.5727s
	iters: 300, epoch: 6 | loss: 0.5486410
	speed: 0.0112s/iter; left time: 56.8110s
	iters: 3000, epoch: 1 | loss: 0.2972689
	speed: 0.0124s/iter; left time: 527.2523s
	iters: 400, epoch: 6 | loss: 0.1975666
	speed: 0.0110s/iter; left time: 54.7050s
	iters: 3100, epoch: 1 | loss: 0.2359737
	speed: 0.0126s/iter; left time: 535.8511s
	iters: 500, epoch: 6 | loss: 0.1757951
	speed: 0.0106s/iter; left time: 51.7466s
	iters: 600, epoch: 6 | loss: 0.1399319
	speed: 0.0105s/iter; left time: 50.0657s
	iters: 3200, epoch: 1 | loss: 0.2504367
	speed: 0.0125s/iter; left time: 531.7633s
	iters: 700, epoch: 6 | loss: 0.0857774
	speed: 0.0105s/iter; left time: 49.3117s
	iters: 3300, epoch: 1 | loss: 0.1880928
	speed: 0.0126s/iter; left time: 532.5222s
	iters: 800, epoch: 6 | loss: 0.1874900
	speed: 0.0096s/iter; left time: 44.0163s
	iters: 3400, epoch: 1 | loss: 0.2268008
	speed: 0.0124s/iter; left time: 524.5510s
	iters: 900, epoch: 6 | loss: 0.1253445
	speed: 0.0098s/iter; left time: 44.0939s
	iters: 3500, epoch: 1 | loss: 0.3963380
	speed: 0.0125s/iter; left time: 525.5162s
	iters: 1000, epoch: 6 | loss: 0.1972889
	speed: 0.0113s/iter; left time: 49.6632s
Epoch: 6 cost time: 11.504598140716553
	iters: 3600, epoch: 1 | loss: 0.3192346
	speed: 0.0127s/iter; left time: 535.8679s
	iters: 3700, epoch: 1 | loss: 0.2592385
	speed: 0.0125s/iter; left time: 525.9229s
Epoch: 6, Steps: 1076 | Train Loss: 0.1641813 Vali Loss: 0.1037813 Test Loss: 0.1359184
Validation loss decreased (0.103918 --> 0.103781).  Saving model ...
Updating learning rate to 3.125e-06
	iters: 3800, epoch: 1 | loss: 0.2546549
	speed: 0.0127s/iter; left time: 532.7297s
	iters: 100, epoch: 7 | loss: 0.1496429
	speed: 0.0455s/iter; left time: 191.4030s
	iters: 3900, epoch: 1 | loss: 0.2432970
	speed: 0.0126s/iter; left time: 524.9248s
	iters: 200, epoch: 7 | loss: 0.1186587
	speed: 0.0112s/iter; left time: 46.0729s
	iters: 4000, epoch: 1 | loss: 0.2846559
	speed: 0.0126s/iter; left time: 526.5450s
	iters: 300, epoch: 7 | loss: 0.3276432
	speed: 0.0111s/iter; left time: 44.3606s
	iters: 4100, epoch: 1 | loss: 0.1991764
	speed: 0.0127s/iter; left time: 527.4303s
	iters: 400, epoch: 7 | loss: 0.0870953
	speed: 0.0109s/iter; left time: 42.5344s
	iters: 4200, epoch: 1 | loss: 0.2362080
	speed: 0.0126s/iter; left time: 524.4426s
	iters: 500, epoch: 7 | loss: 0.2965832
	speed: 0.0115s/iter; left time: 43.7420s
	iters: 4300, epoch: 1 | loss: 0.2364051
	speed: 0.0127s/iter; left time: 523.9133s
	iters: 600, epoch: 7 | loss: 0.2254339
	speed: 0.0115s/iter; left time: 42.7073s
	iters: 4400, epoch: 1 | loss: 0.2446572
	speed: 0.0126s/iter; left time: 518.9664s
	iters: 700, epoch: 7 | loss: 0.1747896
	speed: 0.0111s/iter; left time: 40.0047s
	iters: 4500, epoch: 1 | loss: 0.3201375
	speed: 0.0124s/iter; left time: 509.2680s
	iters: 800, epoch: 7 | loss: 0.0968525
	speed: 0.0107s/iter; left time: 37.4617s
Epoch: 1 cost time: 57.619457721710205
	iters: 900, epoch: 7 | loss: 0.1459678
	speed: 0.0110s/iter; left time: 37.4526s
	iters: 1000, epoch: 7 | loss: 0.2057316
	speed: 0.0118s/iter; left time: 38.8773s
Epoch: 7 cost time: 11.970597743988037
Epoch: 7, Steps: 1076 | Train Loss: 0.1639102 Vali Loss: 0.1039900 Test Loss: 0.1359947
EarlyStopping counter: 1 out of 3
Updating learning rate to 1.5625e-06
	iters: 100, epoch: 8 | loss: 0.1524948
	speed: 0.0460s/iter; left time: 143.8249s
	iters: 200, epoch: 8 | loss: 0.0805181
	speed: 0.0106s/iter; left time: 31.9812s
	iters: 300, epoch: 8 | loss: 0.1670807
	speed: 0.0106s/iter; left time: 31.1185s
	iters: 400, epoch: 8 | loss: 0.1161300
	speed: 0.0107s/iter; left time: 30.1790s
	iters: 500, epoch: 8 | loss: 0.0724272
	speed: 0.0108s/iter; left time: 29.3764s
Epoch: 1, Steps: 4568 | Train Loss: 0.2888281 Vali Loss: 0.1774781 Test Loss: 0.1944431
Validation loss decreased (inf --> 0.177478).  Saving model ...
Updating learning rate to 0.0001
	iters: 600, epoch: 8 | loss: 0.1128251
	speed: 0.0099s/iter; left time: 26.0332s
	iters: 100, epoch: 2 | loss: 0.2672474
	speed: 0.1271s/iter; left time: 5213.4627s
	iters: 700, epoch: 8 | loss: 0.1244156
	speed: 0.0108s/iter; left time: 27.4381s
	iters: 200, epoch: 2 | loss: 0.2868910
	speed: 0.0128s/iter; left time: 522.7341s
	iters: 800, epoch: 8 | loss: 0.1387089
	speed: 0.0111s/iter; left time: 27.0109s
	iters: 300, epoch: 2 | loss: 0.2534605
	speed: 0.0127s/iter; left time: 519.5055s
	iters: 900, epoch: 8 | loss: 0.1794861
	speed: 0.0109s/iter; left time: 25.4674s
	iters: 400, epoch: 2 | loss: 0.2354860
	speed: 0.0126s/iter; left time: 511.3004s
	iters: 1000, epoch: 8 | loss: 0.1378424
	speed: 0.0112s/iter; left time: 24.8621s
Epoch: 8 cost time: 11.49399471282959
	iters: 500, epoch: 2 | loss: 0.4011436
	speed: 0.0126s/iter; left time: 512.5599s
	iters: 600, epoch: 2 | loss: 0.3146069
	speed: 0.0125s/iter; left time: 508.3268s
Epoch: 8, Steps: 1076 | Train Loss: 0.1638796 Vali Loss: 0.1039290 Test Loss: 0.1359501
EarlyStopping counter: 2 out of 3
Updating learning rate to 7.8125e-07
	iters: 700, epoch: 2 | loss: 0.3226535
	speed: 0.0125s/iter; left time: 507.1084s
	iters: 100, epoch: 9 | loss: 0.1665909
	speed: 0.0458s/iter; left time: 94.0953s
	iters: 800, epoch: 2 | loss: 0.2869546
	speed: 0.0128s/iter; left time: 514.9594s
	iters: 200, epoch: 9 | loss: 0.1863497
	speed: 0.0111s/iter; left time: 21.6904s
	iters: 900, epoch: 2 | loss: 0.2346136
	speed: 0.0125s/iter; left time: 504.4629s
	iters: 300, epoch: 9 | loss: 0.2092875
	speed: 0.0108s/iter; left time: 19.9293s
	iters: 1000, epoch: 2 | loss: 0.2657396
	speed: 0.0125s/iter; left time: 501.3946s
	iters: 400, epoch: 9 | loss: 0.1206302
	speed: 0.0106s/iter; left time: 18.5424s
	iters: 1100, epoch: 2 | loss: 0.2522526
	speed: 0.0124s/iter; left time: 494.5814s
	iters: 500, epoch: 9 | loss: 0.1649603
	speed: 0.0112s/iter; left time: 18.4334s
	iters: 600, epoch: 9 | loss: 0.0971240
	speed: 0.0109s/iter; left time: 16.9340s
	iters: 1200, epoch: 2 | loss: 0.2680503
	speed: 0.0129s/iter; left time: 513.5585s
	iters: 700, epoch: 9 | loss: 0.1707763
	speed: 0.0117s/iter; left time: 16.9585s
	iters: 1300, epoch: 2 | loss: 0.2885309
	speed: 0.0127s/iter; left time: 504.0525s
	iters: 800, epoch: 9 | loss: 0.1337102
	speed: 0.0114s/iter; left time: 15.3869s
	iters: 1400, epoch: 2 | loss: 0.2289601
	speed: 0.0125s/iter; left time: 495.5384s
	iters: 900, epoch: 9 | loss: 0.1974029
	speed: 0.0111s/iter; left time: 13.8808s
	iters: 1500, epoch: 2 | loss: 0.3134069
	speed: 0.0123s/iter; left time: 487.9708s
	iters: 1000, epoch: 9 | loss: 0.1908940
	speed: 0.0107s/iter; left time: 12.3598s
	iters: 1600, epoch: 2 | loss: 0.4272085
	speed: 0.0126s/iter; left time: 496.7856s
Epoch: 9 cost time: 11.899710655212402
	iters: 1700, epoch: 2 | loss: 0.3112734
	speed: 0.0127s/iter; left time: 499.9442s
	iters: 1800, epoch: 2 | loss: 0.2703020
	speed: 0.0126s/iter; left time: 493.4974s
Epoch: 9, Steps: 1076 | Train Loss: 0.1636509 Vali Loss: 0.1038863 Test Loss: 0.1359200
EarlyStopping counter: 3 out of 3
Early stopping
>>>>>>>testing : long_term_forecast_FPEMH48H192_ETTm2_96_48_PatchTST_ETTm2_ftM_sl96_ll48_pl48_dm128_nh8_el1_dl1_df256_expand2_dc4_fc3_ebtimeF_dtTrue_FPEMH48H192_PatchTST_ETTm2_48_0<<<<<<<<<<<<<<<<<<<<<<<<<<<<<<<<<
test 11473
	iters: 1900, epoch: 2 | loss: 0.2453149
	speed: 0.0127s/iter; left time: 496.4089s
	iters: 2000, epoch: 2 | loss: 0.2944510
	speed: 0.0124s/iter; left time: 484.3302s
	iters: 2100, epoch: 2 | loss: 0.2913498
	speed: 0.0126s/iter; left time: 489.9322s
	iters: 2200, epoch: 2 | loss: 0.2651758
	speed: 0.0127s/iter; left time: 493.5624s
test shape: (11473, 48, 7) (11473, 48, 7)
test shape: (11473, 48, 7) (11473, 48, 7)
mse:0.1360231190919876, mae:0.23140989243984222, dtw:Not calculated
	iters: 2300, epoch: 2 | loss: 0.1998147
	speed: 0.0126s/iter; left time: 488.5677s
dataset=Traffic pred_len=192 backbone=PatchTST GPU=3 output=results/fpem_classic_baselines_h48_h192/PatchTST/Traffic/pred_192
exact command: env CUDA_VISIBLE_DEVICES=3 /data/OuXiaoyu/miniconda3/envs/basicts/bin/python -u run.py --task_name long_term_forecast --is_training 1 --root_path ./dataset/all_datasets/traffic --data_path traffic.csv --model_id FPEMH48H192_Traffic_96_192 --model PatchTST --data custom --features M --target OT --freq h --seq_len 96 --label_len 48 --pred_len 192 --e_layers 1 --d_layers 1 --factor 3 --enc_in 862 --dec_in 862 --c_out 862 --d_model 128 --d_ff 256 --n_heads 8 --batch_size 2 --learning_rate 1e-4 --train_epochs 10 --patience 3 --num_workers 0 --des FPEMH48H192_PatchTST_Traffic_192 --itr 1 --checkpoints results/fpem_classic_baselines_h48_h192/PatchTST/Traffic/pred_192/checkpoints 
	iters: 2400, epoch: 2 | loss: 0.2509421
	speed: 0.0133s/iter; left time: 515.0917s
	iters: 2500, epoch: 2 | loss: 0.3642976
	speed: 0.0134s/iter; left time: 518.6866s
Using GPU
Args in experiment:
[1mBasic Config[0m
  Task Name:          long_term_forecast  Is Training:        1                   
  Model ID:           FPEMH48H192_Traffic_96_192Model:              PatchTST            

[1mData Loader[0m
  Data:               custom              Root Path:          ./dataset/all_datasets/traffic
  Data Path:          traffic.csv         Features:           M                   
  Target:             OT                  Freq:               h                   
  Checkpoints:        results/fpem_classic_baselines_h48_h192/PatchTST/Traffic/pred_192/checkpoints

[1mForecasting Task[0m
  Seq Len:            96                  Label Len:          48                  
  Pred Len:           192                 Seasonal Patterns:  Monthly             
  Inverse:            0                   

[1mModel Parameters[0m
  Top k:              5                   Num Kernels:        6                   
  Enc In:             862                 Dec In:             862                 
  C Out:              862                 d model:            128                 
  n heads:            8                   e layers:           1                   
  d layers:           1                   d FF:               256                 
  Moving Avg:         25                  Factor:             3                   
  Distil:             1                   Dropout:            0.1                 
  Embed:              timeF               Activation:         gelu                

[1mRun Parameters[0m
  Num Workers:        0                   Itr:                1                   
  Train Epochs:       10                  Batch Size:         2                   
  Patience:           3                   Learning Rate:      0.0001              
  Des:                FPEMH48H192_PatchTST_Traffic_192Loss:               MSE                 
  Lradj:              type1               Use Amp:            0                   

[1mGPU[0m
  Use GPU:            1                   GPU:                0                   
  Use Multi GPU:      0                   Devices:            0,1,2,3             

[1mDe-stationary Projector Params[0m
  P Hidden Dims:      128, 128            P Hidden Layers:    2                   

	iters: 2600, epoch: 2 | loss: 0.2164454
	speed: 0.0133s/iter; left time: 512.6206s
	iters: 2700, epoch: 2 | loss: 0.2292804
	speed: 0.0126s/iter; left time: 485.6226s
Use GPU: cuda:0
🚀 Lazy Loading: PatchTST ...
	iters: 2800, epoch: 2 | loss: 0.2986742
	speed: 0.0127s/iter; left time: 487.8965s
>>>>>>>start training : long_term_forecast_FPEMH48H192_Traffic_96_192_PatchTST_custom_ftM_sl96_ll48_pl192_dm128_nh8_el1_dl1_df256_expand2_dc4_fc3_ebtimeF_dtTrue_FPEMH48H192_PatchTST_Traffic_192_0>>>>>>>>>>>>>>>>>>>>>>>>>>
	iters: 2900, epoch: 2 | loss: 0.2713360
	speed: 0.0128s/iter; left time: 488.5539s
	iters: 3000, epoch: 2 | loss: 0.2309065
	speed: 0.0127s/iter; left time: 482.8879s
train 11993
	iters: 3100, epoch: 2 | loss: 0.2737972
	speed: 0.0125s/iter; left time: 474.2366s
	iters: 3200, epoch: 2 | loss: 0.2718405
	speed: 0.0129s/iter; left time: 488.0212s
	iters: 3300, epoch: 2 | loss: 0.2644662
	speed: 0.0126s/iter; left time: 476.3417s
val 1565
	iters: 3400, epoch: 2 | loss: 0.3142973
	speed: 0.0125s/iter; left time: 471.0713s
	iters: 3500, epoch: 2 | loss: 0.3032528
	speed: 0.0134s/iter; left time: 505.5559s
test 3317
	iters: 3600, epoch: 2 | loss: 0.3096998
	speed: 0.0124s/iter; left time: 466.8485s
	iters: 3700, epoch: 2 | loss: 0.2175959
	speed: 0.0147s/iter; left time: 548.2977s
	iters: 100, epoch: 1 | loss: 0.6320789
	speed: 0.0241s/iter; left time: 1441.6998s
	iters: 3800, epoch: 2 | loss: 0.2693452
	speed: 0.0151s/iter; left time: 563.6616s
	iters: 200, epoch: 1 | loss: 0.5896801
	speed: 0.0187s/iter; left time: 1115.9074s
	iters: 3900, epoch: 2 | loss: 0.2917663
	speed: 0.0143s/iter; left time: 532.5352s
	iters: 300, epoch: 1 | loss: 0.5482259
	speed: 0.0182s/iter; left time: 1086.6078s
	iters: 4000, epoch: 2 | loss: 0.2516814
	speed: 0.0141s/iter; left time: 524.8385s
	iters: 400, epoch: 1 | loss: 0.4566390
	speed: 0.0183s/iter; left time: 1090.7145s
	iters: 4100, epoch: 2 | loss: 0.2338825
	speed: 0.0145s/iter; left time: 535.8607s
	iters: 4200, epoch: 2 | loss: 0.2258952
	speed: 0.0143s/iter; left time: 527.6708s
	iters: 500, epoch: 1 | loss: 0.5246481
	speed: 0.0178s/iter; left time: 1060.5599s
	iters: 4300, epoch: 2 | loss: 0.2687641
	speed: 0.0142s/iter; left time: 522.1620s
	iters: 600, epoch: 1 | loss: 0.4666965
	speed: 0.0175s/iter; left time: 1041.1684s
	iters: 4400, epoch: 2 | loss: 0.2768274
	speed: 0.0142s/iter; left time: 521.6908s
	iters: 700, epoch: 1 | loss: 0.4740905
	speed: 0.0174s/iter; left time: 1032.5927s
	iters: 4500, epoch: 2 | loss: 0.2392604
	speed: 0.0143s/iter; left time: 524.3238s
Epoch: 2 cost time: 59.53832769393921
	iters: 800, epoch: 1 | loss: 0.3827567
	speed: 0.0186s/iter; left time: 1102.5485s
	iters: 900, epoch: 1 | loss: 0.4104521
	speed: 0.0276s/iter; left time: 1631.3690s
	iters: 1000, epoch: 1 | loss: 0.4892513
	speed: 0.0284s/iter; left time: 1675.4258s
	iters: 1100, epoch: 1 | loss: 0.4898827
	speed: 0.0358s/iter; left time: 2105.6407s
	iters: 1200, epoch: 1 | loss: 0.5174780
	speed: 0.0291s/iter; left time: 1711.7876s
	iters: 1300, epoch: 1 | loss: 0.4441069
	speed: 0.0209s/iter; left time: 1223.4648s
	iters: 1400, epoch: 1 | loss: 0.4294075
	speed: 0.0224s/iter; left time: 1311.0271s
	iters: 1500, epoch: 1 | loss: 0.5667847
	speed: 0.0224s/iter; left time: 1307.6436s
Epoch: 2, Steps: 4568 | Train Loss: 0.2653663 Vali Loss: 0.1731195 Test Loss: 0.1905835
Validation loss decreased (0.177478 --> 0.173119).  Saving model ...
Updating learning rate to 5e-05
	iters: 1600, epoch: 1 | loss: 0.4646504
	speed: 0.0229s/iter; left time: 1336.5155s
	iters: 100, epoch: 3 | loss: 0.3493230
	speed: 0.2325s/iter; left time: 8474.1124s
	iters: 1700, epoch: 1 | loss: 0.3860063
	speed: 0.0181s/iter; left time: 1052.9515s
	iters: 200, epoch: 3 | loss: 0.2547003
	speed: 0.0142s/iter; left time: 517.8723s
	iters: 1800, epoch: 1 | loss: 0.4788250
	speed: 0.0178s/iter; left time: 1035.8754s
	iters: 300, epoch: 3 | loss: 0.2111641
	speed: 0.0135s/iter; left time: 490.9764s
	iters: 400, epoch: 3 | loss: 0.2534468
	speed: 0.0137s/iter; left time: 495.9619s
	iters: 1900, epoch: 1 | loss: 0.4206682
	speed: 0.0172s/iter; left time: 995.9670s
	iters: 500, epoch: 3 | loss: 0.2128129
	speed: 0.0137s/iter; left time: 492.8956s
	iters: 2000, epoch: 1 | loss: 0.4291204
	speed: 0.0175s/iter; left time: 1016.1097s
	iters: 600, epoch: 3 | loss: 0.2278462
	speed: 0.0141s/iter; left time: 507.4005s
	iters: 2100, epoch: 1 | loss: 0.3583602
	speed: 0.0174s/iter; left time: 1009.2061s
	iters: 700, epoch: 3 | loss: 0.2211626
	speed: 0.0139s/iter; left time: 497.6811s
	iters: 2200, epoch: 1 | loss: 0.3177122
	speed: 0.0176s/iter; left time: 1017.6844s
	iters: 800, epoch: 3 | loss: 0.2127723
	speed: 0.0141s/iter; left time: 502.6396s
	iters: 900, epoch: 3 | loss: 0.2025157
	speed: 0.0145s/iter; left time: 516.9252s
	iters: 2300, epoch: 1 | loss: 0.3534368
	speed: 0.0209s/iter; left time: 1207.6224s
	iters: 1000, epoch: 3 | loss: 0.2230414
	speed: 0.0147s/iter; left time: 522.3972s
	iters: 2400, epoch: 1 | loss: 0.5565188
	speed: 0.0188s/iter; left time: 1079.7041s
	iters: 1100, epoch: 3 | loss: 0.4410301
	speed: 0.0140s/iter; left time: 496.8289s
	iters: 2500, epoch: 1 | loss: 0.3698418
	speed: 0.0178s/iter; left time: 1024.5098s
	iters: 1200, epoch: 3 | loss: 0.2623434
	speed: 0.0136s/iter; left time: 480.3761s
	iters: 1300, epoch: 3 | loss: 0.3015289
	speed: 0.0136s/iter; left time: 478.2276s
	iters: 2600, epoch: 1 | loss: 0.4306582
	speed: 0.0175s/iter; left time: 1001.1797s
	iters: 1400, epoch: 3 | loss: 0.2283653
	speed: 0.0140s/iter; left time: 490.8776s
	iters: 2700, epoch: 1 | loss: 0.4260145
	speed: 0.0175s/iter; left time: 1002.5587s
	iters: 1500, epoch: 3 | loss: 0.2162915
	speed: 0.0140s/iter; left time: 489.6396s
	iters: 2800, epoch: 1 | loss: 0.3692302
	speed: 0.0175s/iter; left time: 1000.0731s
	iters: 1600, epoch: 3 | loss: 0.2450593
	speed: 0.0137s/iter; left time: 479.7490s
	iters: 1700, epoch: 3 | loss: 0.2519327
	speed: 0.0142s/iter; left time: 494.6363s
	iters: 2900, epoch: 1 | loss: 0.4442428
	speed: 0.0172s/iter; left time: 978.8516s
	iters: 1800, epoch: 3 | loss: 0.2530147
	speed: 0.0168s/iter; left time: 582.7364s
	iters: 3000, epoch: 1 | loss: 0.5897020
	speed: 0.0186s/iter; left time: 1060.0589s
	iters: 1900, epoch: 3 | loss: 0.1849232
	speed: 0.0165s/iter; left time: 573.2710s
	iters: 3100, epoch: 1 | loss: 0.4649939
	speed: 0.0187s/iter; left time: 1066.0332s
	iters: 2000, epoch: 3 | loss: 0.3290617
	speed: 0.0140s/iter; left time: 482.3835s
	iters: 3200, epoch: 1 | loss: 0.3990699
	speed: 0.0173s/iter; left time: 979.6531s
	iters: 2100, epoch: 3 | loss: 0.2637038
	speed: 0.0141s/iter; left time: 484.7273s
	iters: 3300, epoch: 1 | loss: 0.4555510
	speed: 0.0171s/iter; left time: 971.5564s
	iters: 2200, epoch: 3 | loss: 0.2104843
	speed: 0.0133s/iter; left time: 457.4935s
	iters: 2300, epoch: 3 | loss: 0.2422762
	speed: 0.0136s/iter; left time: 466.7136s
	iters: 3400, epoch: 1 | loss: 0.4007555
	speed: 0.0175s/iter; left time: 990.4161s
	iters: 2400, epoch: 3 | loss: 0.3033254
	speed: 0.0141s/iter; left time: 482.8677s
	iters: 3500, epoch: 1 | loss: 0.4397190
	speed: 0.0169s/iter; left time: 952.2549s
	iters: 2500, epoch: 3 | loss: 0.2595009
	speed: 0.0137s/iter; left time: 465.7186s
	iters: 3600, epoch: 1 | loss: 0.4937596
	speed: 0.0174s/iter; left time: 981.1343s
	iters: 2600, epoch: 3 | loss: 0.2861924
	speed: 0.0141s/iter; left time: 477.4441s
	iters: 3700, epoch: 1 | loss: 0.3416063
	speed: 0.0197s/iter; left time: 1106.7123s
	iters: 2700, epoch: 3 | loss: 0.2995214
	speed: 0.0154s/iter; left time: 520.2924s
	iters: 2800, epoch: 3 | loss: 0.3072333
	speed: 0.0160s/iter; left time: 540.2752s
	iters: 3800, epoch: 1 | loss: 0.4316453
	speed: 0.0193s/iter; left time: 1081.5898s
	iters: 2900, epoch: 3 | loss: 0.2581090
	speed: 0.0139s/iter; left time: 468.0081s
	iters: 3900, epoch: 1 | loss: 0.3755860
	speed: 0.0171s/iter; left time: 959.8442s
	iters: 3000, epoch: 3 | loss: 0.2643402
	speed: 0.0136s/iter; left time: 456.8675s
	iters: 4000, epoch: 1 | loss: 0.5052720
	speed: 0.0173s/iter; left time: 966.4969s
	iters: 3100, epoch: 3 | loss: 0.2732769
	speed: 0.0146s/iter; left time: 487.8962s
	iters: 4100, epoch: 1 | loss: 0.4988517
	speed: 0.0174s/iter; left time: 969.9643s
	iters: 3200, epoch: 3 | loss: 0.3727229
	speed: 0.0139s/iter; left time: 463.8386s
	iters: 3300, epoch: 3 | loss: 0.2971683
	speed: 0.0137s/iter; left time: 457.0530s
	iters: 4200, epoch: 1 | loss: 0.3920119
	speed: 0.0177s/iter; left time: 989.5421s
	iters: 3400, epoch: 3 | loss: 0.2627013
	speed: 0.0135s/iter; left time: 447.7785s
	iters: 4300, epoch: 1 | loss: 0.4605333
	speed: 0.0173s/iter; left time: 964.2515s
	iters: 3500, epoch: 3 | loss: 0.2470755
	speed: 0.0139s/iter; left time: 459.0152s
	iters: 4400, epoch: 1 | loss: 0.3876743
	speed: 0.0185s/iter; left time: 1026.4166s
	iters: 3600, epoch: 3 | loss: 0.2534634
	speed: 0.0150s/iter; left time: 494.7194s
	iters: 4500, epoch: 1 | loss: 0.3357522
	speed: 0.0188s/iter; left time: 1041.7342s
	iters: 3700, epoch: 3 | loss: 0.3435735
	speed: 0.0150s/iter; left time: 491.4210s
	iters: 3800, epoch: 3 | loss: 0.1772024
	speed: 0.0146s/iter; left time: 476.7479s
	iters: 4600, epoch: 1 | loss: 0.4103121
	speed: 0.0186s/iter; left time: 1030.9662s
	iters: 3900, epoch: 3 | loss: 0.1880980
	speed: 0.0145s/iter; left time: 473.4465s
	iters: 4700, epoch: 1 | loss: 0.3414246
	speed: 0.0170s/iter; left time: 938.5574s
	iters: 4000, epoch: 3 | loss: 0.2100559
	speed: 0.0138s/iter; left time: 448.7035s
	iters: 4800, epoch: 1 | loss: 0.3699525
	speed: 0.0174s/iter; left time: 958.9627s
	iters: 4100, epoch: 3 | loss: 0.2063052
	speed: 0.0144s/iter; left time: 468.1548s
	iters: 4900, epoch: 1 | loss: 0.4079468
	speed: 0.0176s/iter; left time: 967.0226s
	iters: 4200, epoch: 3 | loss: 0.2354980
	speed: 0.0143s/iter; left time: 463.3602s
	iters: 4300, epoch: 3 | loss: 0.2255702
	speed: 0.0142s/iter; left time: 458.5579s
	iters: 5000, epoch: 1 | loss: 0.3549289
	speed: 0.0175s/iter; left time: 964.1765s
	iters: 4400, epoch: 3 | loss: 0.2108461
	speed: 0.0142s/iter; left time: 457.3290s
	iters: 5100, epoch: 1 | loss: 0.3628869
	speed: 0.0180s/iter; left time: 988.0417s
	iters: 4500, epoch: 3 | loss: 0.2144269
	speed: 0.0144s/iter; left time: 461.8988s
	iters: 5200, epoch: 1 | loss: 0.4231402
	speed: 0.0197s/iter; left time: 1078.3170s
Epoch: 3 cost time: 65.36832070350647
	iters: 5300, epoch: 1 | loss: 0.3948701
	speed: 0.0243s/iter; left time: 1330.7259s
	iters: 5400, epoch: 1 | loss: 0.4475880
	speed: 0.0249s/iter; left time: 1358.0011s
	iters: 5500, epoch: 1 | loss: 0.4230509
	speed: 0.0224s/iter; left time: 1217.8381s
	iters: 5600, epoch: 1 | loss: 0.5621858
	speed: 0.0289s/iter; left time: 1572.3782s
	iters: 5700, epoch: 1 | loss: 0.4631200
	speed: 0.0322s/iter; left time: 1746.3044s
	iters: 5800, epoch: 1 | loss: 0.3851765
	speed: 0.0292s/iter; left time: 1579.7393s
	iters: 5900, epoch: 1 | loss: 0.4705870
	speed: 0.0244s/iter; left time: 1321.4276s
Epoch: 1 cost time: 121.71899509429932
Epoch: 3, Steps: 4568 | Train Loss: 0.2587825 Vali Loss: 0.1682395 Test Loss: 0.1845208
Validation loss decreased (0.173119 --> 0.168240).  Saving model ...
Updating learning rate to 2.5e-05
	iters: 100, epoch: 4 | loss: 0.2578319
	speed: 0.2466s/iter; left time: 7860.2279s
	iters: 200, epoch: 4 | loss: 0.3074519
	speed: 0.0182s/iter; left time: 577.5351s
	iters: 300, epoch: 4 | loss: 0.2998922
	speed: 0.0177s/iter; left time: 559.4759s
	iters: 400, epoch: 4 | loss: 0.2367178
	speed: 0.0168s/iter; left time: 529.4526s
	iters: 500, epoch: 4 | loss: 0.3029152
	speed: 0.0168s/iter; left time: 529.1090s
	iters: 600, epoch: 4 | loss: 0.2239388
	speed: 0.0166s/iter; left time: 521.7897s
	iters: 700, epoch: 4 | loss: 0.2147137
	speed: 0.0172s/iter; left time: 537.8460s
	iters: 800, epoch: 4 | loss: 0.2291971
	speed: 0.0175s/iter; left time: 544.6777s
	iters: 900, epoch: 4 | loss: 0.3631523
	speed: 0.0178s/iter; left time: 552.5275s
	iters: 1000, epoch: 4 | loss: 0.2493175
	speed: 0.0184s/iter; left time: 570.4202s
	iters: 1100, epoch: 4 | loss: 0.2418244
	speed: 0.0195s/iter; left time: 603.2087s
	iters: 1200, epoch: 4 | loss: 0.3811600
	speed: 0.0176s/iter; left time: 542.2560s
Epoch: 1, Steps: 5997 | Train Loss: 0.4493953 Vali Loss: 0.4575665 Test Loss: 0.5466404
Validation loss decreased (inf --> 0.457566).  Saving model ...
Updating learning rate to 0.0001
	iters: 1300, epoch: 4 | loss: 0.2212742
	speed: 0.0165s/iter; left time: 506.7238s
	iters: 1400, epoch: 4 | loss: 0.2745115
	speed: 0.0136s/iter; left time: 414.3733s
	iters: 100, epoch: 2 | loss: 0.3954949
	speed: 0.2773s/iter; left time: 14940.7418s
	iters: 1500, epoch: 4 | loss: 0.2084198
	speed: 0.0136s/iter; left time: 415.9598s
	iters: 200, epoch: 2 | loss: 0.3630052
	speed: 0.0172s/iter; left time: 927.2212s
	iters: 1600, epoch: 4 | loss: 0.2126151
	speed: 0.0140s/iter; left time: 425.3509s
	iters: 300, epoch: 2 | loss: 0.3716097
	speed: 0.0173s/iter; left time: 927.8871s
	iters: 1700, epoch: 4 | loss: 0.2391003
	speed: 0.0143s/iter; left time: 432.4615s
	iters: 400, epoch: 2 | loss: 0.4950628
	speed: 0.0181s/iter; left time: 968.1585s
	iters: 1800, epoch: 4 | loss: 0.1965296
	speed: 0.0148s/iter; left time: 445.5424s
	iters: 500, epoch: 2 | loss: 0.4318413
	speed: 0.0179s/iter; left time: 956.6166s
	iters: 1900, epoch: 4 | loss: 0.2604068
	speed: 0.0166s/iter; left time: 499.1617s
	iters: 2000, epoch: 4 | loss: 0.2412220
	speed: 0.0140s/iter; left time: 420.2988s
	iters: 600, epoch: 2 | loss: 0.3849709
	speed: 0.0184s/iter; left time: 979.7725s
	iters: 2100, epoch: 4 | loss: 0.2208053
	speed: 0.0138s/iter; left time: 411.7937s
	iters: 700, epoch: 2 | loss: 0.3702835
	speed: 0.0183s/iter; left time: 976.8421s
	iters: 2200, epoch: 4 | loss: 0.3329360
	speed: 0.0136s/iter; left time: 406.3694s
	iters: 2300, epoch: 4 | loss: 0.3031289
	speed: 0.0139s/iter; left time: 413.5587s
	iters: 800, epoch: 2 | loss: 0.4180363
	speed: 0.0196s/iter; left time: 1040.6166s
	iters: 2400, epoch: 4 | loss: 0.2351645
	speed: 0.0133s/iter; left time: 392.2290s
	iters: 900, epoch: 2 | loss: 0.4168271
	speed: 0.0189s/iter; left time: 1002.4494s
	iters: 2500, epoch: 4 | loss: 0.3320371
	speed: 0.0148s/iter; left time: 435.4517s
	iters: 1000, epoch: 2 | loss: 0.3952154
	speed: 0.0185s/iter; left time: 982.1078s
	iters: 2600, epoch: 4 | loss: 0.2321434
	speed: 0.0139s/iter; left time: 407.4126s
	iters: 1100, epoch: 2 | loss: 0.3593564
	speed: 0.0186s/iter; left time: 982.8524s
	iters: 2700, epoch: 4 | loss: 0.2577002
	speed: 0.0150s/iter; left time: 439.7344s
	iters: 2800, epoch: 4 | loss: 0.2207117
	speed: 0.0149s/iter; left time: 433.8678s
	iters: 1200, epoch: 2 | loss: 0.3514654
	speed: 0.0184s/iter; left time: 973.3415s
	iters: 2900, epoch: 4 | loss: 0.3028298
	speed: 0.0136s/iter; left time: 394.1089s
	iters: 1300, epoch: 2 | loss: 0.4358884
	speed: 0.0189s/iter; left time: 995.8252s
	iters: 3000, epoch: 4 | loss: 0.1908012
	speed: 0.0138s/iter; left time: 399.2316s
	iters: 1400, epoch: 2 | loss: 0.3700212
	speed: 0.0193s/iter; left time: 1014.2455s
	iters: 3100, epoch: 4 | loss: 0.2578227
	speed: 0.0139s/iter; left time: 402.3892s
	iters: 3200, epoch: 4 | loss: 0.2323924
	speed: 0.0148s/iter; left time: 424.6646s
	iters: 1500, epoch: 2 | loss: 0.3663216
	speed: 0.0193s/iter; left time: 1014.4925s
	iters: 3300, epoch: 4 | loss: 0.2116298
	speed: 0.0141s/iter; left time: 404.1778s
	iters: 1600, epoch: 2 | loss: 0.3880939
	speed: 0.0194s/iter; left time: 1014.9523s
	iters: 3400, epoch: 4 | loss: 0.3169291
	speed: 0.0145s/iter; left time: 414.3966s
	iters: 1700, epoch: 2 | loss: 0.3847923
	speed: 0.0181s/iter; left time: 945.5918s
	iters: 3500, epoch: 4 | loss: 0.2314499
	speed: 0.0141s/iter; left time: 401.2695s
	iters: 3600, epoch: 4 | loss: 0.3390390
	speed: 0.0143s/iter; left time: 405.3048s
	iters: 1800, epoch: 2 | loss: 0.3354428
	speed: 0.0180s/iter; left time: 937.8489s
	iters: 3700, epoch: 4 | loss: 0.2380265
	speed: 0.0142s/iter; left time: 400.6697s
	iters: 1900, epoch: 2 | loss: 0.4041242
	speed: 0.0227s/iter; left time: 1183.3264s
	iters: 3800, epoch: 4 | loss: 0.2643915
	speed: 0.0169s/iter; left time: 475.4922s
	iters: 3900, epoch: 4 | loss: 0.2747692
	speed: 0.0146s/iter; left time: 409.1886s
	iters: 2000, epoch: 2 | loss: 0.3353861
	speed: 0.0218s/iter; left time: 1134.7912s
	iters: 4000, epoch: 4 | loss: 0.2232170
	speed: 0.0158s/iter; left time: 442.2652s
	iters: 2100, epoch: 2 | loss: 0.4178056
	speed: 0.0180s/iter; left time: 935.2891s
	iters: 4100, epoch: 4 | loss: 0.2148584
	speed: 0.0125s/iter; left time: 349.1576s
	iters: 2200, epoch: 2 | loss: 0.3852485
	speed: 0.0180s/iter; left time: 933.0845s
	iters: 4200, epoch: 4 | loss: 0.2675780
	speed: 0.0135s/iter; left time: 375.1247s
	iters: 2300, epoch: 2 | loss: 0.3617532
	speed: 0.0166s/iter; left time: 856.0528s
	iters: 4300, epoch: 4 | loss: 0.2347261
	speed: 0.0126s/iter; left time: 348.6349s
	iters: 4400, epoch: 4 | loss: 0.2426621
	speed: 0.0128s/iter; left time: 352.7352s
	iters: 2400, epoch: 2 | loss: 0.3731259
	speed: 0.0171s/iter; left time: 880.8996s
	iters: 4500, epoch: 4 | loss: 0.2110652
	speed: 0.0136s/iter; left time: 374.7799s
	iters: 2500, epoch: 2 | loss: 0.4183323
	speed: 0.0188s/iter; left time: 965.7808s
Epoch: 4 cost time: 69.10847210884094
	iters: 2600, epoch: 2 | loss: 0.3432789
	speed: 0.0298s/iter; left time: 1529.9984s
	iters: 2700, epoch: 2 | loss: 0.4253006
	speed: 0.0357s/iter; left time: 1832.1380s
	iters: 2800, epoch: 2 | loss: 0.4071889
	speed: 0.0244s/iter; left time: 1247.2133s
	iters: 2900, epoch: 2 | loss: 0.3179499
	speed: 0.0234s/iter; left time: 1193.8357s
	iters: 3000, epoch: 2 | loss: 0.5875255
	speed: 0.0252s/iter; left time: 1285.0792s
	iters: 3100, epoch: 2 | loss: 0.3730409
	speed: 0.0289s/iter; left time: 1468.6327s
	iters: 3200, epoch: 2 | loss: 0.4028094
	speed: 0.0303s/iter; left time: 1537.8611s
	iters: 3300, epoch: 2 | loss: 0.3650543
	speed: 0.0313s/iter; left time: 1585.6276s
	iters: 3400, epoch: 2 | loss: 0.4675781
	speed: 0.0272s/iter; left time: 1376.9143s
Epoch: 4, Steps: 4568 | Train Loss: 0.2563931 Vali Loss: 0.1676062 Test Loss: 0.1832374
Validation loss decreased (0.168240 --> 0.167606).  Saving model ...
Updating learning rate to 1.25e-05
	iters: 3500, epoch: 2 | loss: 0.4702096
	speed: 0.0234s/iter; left time: 1182.5639s
	iters: 100, epoch: 5 | loss: 0.2123262
	speed: 0.3022s/iter; left time: 8253.2623s
	iters: 3600, epoch: 2 | loss: 0.3397844
	speed: 0.0335s/iter; left time: 1687.4921s
	iters: 200, epoch: 5 | loss: 0.3448260
	speed: 0.0207s/iter; left time: 563.0677s
	iters: 300, epoch: 5 | loss: 0.2400902
	speed: 0.0208s/iter; left time: 563.6465s
	iters: 3700, epoch: 2 | loss: 0.3792388
	speed: 0.0361s/iter; left time: 1814.5932s
	iters: 400, epoch: 5 | loss: 0.1926354
	speed: 0.0199s/iter; left time: 538.3607s
	iters: 500, epoch: 5 | loss: 0.2623112
	speed: 0.0141s/iter; left time: 378.5767s
	iters: 3800, epoch: 2 | loss: 0.3736514
	speed: 0.0200s/iter; left time: 1002.7788s
	iters: 600, epoch: 5 | loss: 0.2868242
	speed: 0.0132s/iter; left time: 355.0064s
	iters: 3900, epoch: 2 | loss: 0.3222718
	speed: 0.0169s/iter; left time: 846.1290s
	iters: 700, epoch: 5 | loss: 0.2545213
	speed: 0.0147s/iter; left time: 393.7291s
	iters: 4000, epoch: 2 | loss: 0.3970580
	speed: 0.0174s/iter; left time: 869.5319s
	iters: 800, epoch: 5 | loss: 0.2451818
	speed: 0.0131s/iter; left time: 349.6075s
	iters: 4100, epoch: 2 | loss: 0.3406004
	speed: 0.0174s/iter; left time: 867.5259s
	iters: 900, epoch: 5 | loss: 0.2653856
	speed: 0.0138s/iter; left time: 364.8145s
	iters: 1000, epoch: 5 | loss: 0.2877362
	speed: 0.0130s/iter; left time: 342.1617s
	iters: 4200, epoch: 2 | loss: 0.3691880
	speed: 0.0171s/iter; left time: 851.6226s
	iters: 1100, epoch: 5 | loss: 0.2354736
	speed: 0.0133s/iter; left time: 350.2838s
	iters: 4300, epoch: 2 | loss: 0.4215060
	speed: 0.0169s/iter; left time: 841.4977s
	iters: 1200, epoch: 5 | loss: 0.2711363
	speed: 0.0135s/iter; left time: 354.0510s
	iters: 4400, epoch: 2 | loss: 0.3355365
	speed: 0.0184s/iter; left time: 911.1879s
	iters: 1300, epoch: 5 | loss: 0.2582422
	speed: 0.0140s/iter; left time: 364.9169s
	iters: 1400, epoch: 5 | loss: 0.2843314
	speed: 0.0134s/iter; left time: 349.5470s
	iters: 4500, epoch: 2 | loss: 0.3744024
	speed: 0.0179s/iter; left time: 886.8124s
	iters: 1500, epoch: 5 | loss: 0.3818001
	speed: 0.0132s/iter; left time: 341.2527s
	iters: 4600, epoch: 2 | loss: 0.4808493
	speed: 0.0178s/iter; left time: 881.0865s
	iters: 1600, epoch: 5 | loss: 0.2057498
	speed: 0.0135s/iter; left time: 349.4563s
	iters: 4700, epoch: 2 | loss: 0.3556617
	speed: 0.0175s/iter; left time: 860.7394s
	iters: 1700, epoch: 5 | loss: 0.1828370
	speed: 0.0155s/iter; left time: 399.0631s
	iters: 4800, epoch: 2 | loss: 0.4113731
	speed: 0.0180s/iter; left time: 883.1961s
	iters: 1800, epoch: 5 | loss: 0.2822240
	speed: 0.0136s/iter; left time: 348.4283s
	iters: 1900, epoch: 5 | loss: 0.3066254
	speed: 0.0129s/iter; left time: 329.4689s
	iters: 4900, epoch: 2 | loss: 0.3717874
	speed: 0.0169s/iter; left time: 827.0537s
	iters: 2000, epoch: 5 | loss: 0.2808873
	speed: 0.0134s/iter; left time: 341.2882s
	iters: 5000, epoch: 2 | loss: 0.3915992
	speed: 0.0171s/iter; left time: 837.1315s
	iters: 2100, epoch: 5 | loss: 0.2742851
	speed: 0.0136s/iter; left time: 344.0067s
	iters: 5100, epoch: 2 | loss: 0.3453180
	speed: 0.0174s/iter; left time: 848.3800s
	iters: 2200, epoch: 5 | loss: 0.2227758
	speed: 0.0139s/iter; left time: 349.2379s
	iters: 5200, epoch: 2 | loss: 0.3667330
	speed: 0.0173s/iter; left time: 846.1030s
	iters: 2300, epoch: 5 | loss: 0.3441034
	speed: 0.0137s/iter; left time: 343.4677s
	iters: 2400, epoch: 5 | loss: 0.2552213
	speed: 0.0134s/iter; left time: 333.9164s
	iters: 5300, epoch: 2 | loss: 0.3466261
	speed: 0.0180s/iter; left time: 873.7576s
	iters: 2500, epoch: 5 | loss: 0.3984523
	speed: 0.0141s/iter; left time: 350.3824s
	iters: 5400, epoch: 2 | loss: 0.4240251
	speed: 0.0237s/iter; left time: 1150.5141s
	iters: 2600, epoch: 5 | loss: 0.2361592
	speed: 0.0144s/iter; left time: 356.5548s
	iters: 2700, epoch: 5 | loss: 0.2214496
	speed: 0.0141s/iter; left time: 349.4494s
	iters: 5500, epoch: 2 | loss: 0.4043079
	speed: 0.0180s/iter; left time: 871.5495s
	iters: 2800, epoch: 5 | loss: 0.2202165
	speed: 0.0130s/iter; left time: 320.1892s
	iters: 5600, epoch: 2 | loss: 0.4824053
	speed: 0.0172s/iter; left time: 831.4808s
	iters: 2900, epoch: 5 | loss: 0.2418436
	speed: 0.0138s/iter; left time: 337.0094s
	iters: 5700, epoch: 2 | loss: 0.4188208
	speed: 0.0168s/iter; left time: 810.9250s
	iters: 3000, epoch: 5 | loss: 0.4430884
	speed: 0.0127s/iter; left time: 309.1642s
	iters: 3100, epoch: 5 | loss: 0.2944764
	speed: 0.0130s/iter; left time: 316.2635s
	iters: 5800, epoch: 2 | loss: 0.4048316
	speed: 0.0169s/iter; left time: 812.2642s
	iters: 3200, epoch: 5 | loss: 0.2718868
	speed: 0.0133s/iter; left time: 322.9829s
	iters: 5900, epoch: 2 | loss: 0.3919574
	speed: 0.0183s/iter; left time: 880.8607s
	iters: 3300, epoch: 5 | loss: 0.2393647
	speed: 0.0151s/iter; left time: 363.1061s
Epoch: 2 cost time: 122.32580924034119
	iters: 3400, epoch: 5 | loss: 0.2448976
	speed: 0.0155s/iter; left time: 372.9842s
	iters: 3500, epoch: 5 | loss: 0.1834438
	speed: 0.0186s/iter; left time: 445.4285s
	iters: 3600, epoch: 5 | loss: 0.1925493
	speed: 0.0184s/iter; left time: 437.2347s
	iters: 3700, epoch: 5 | loss: 0.2408669
	speed: 0.0183s/iter; left time: 434.2367s
	iters: 3800, epoch: 5 | loss: 0.3037397
	speed: 0.0177s/iter; left time: 418.5642s
	iters: 3900, epoch: 5 | loss: 0.2304773
	speed: 0.0195s/iter; left time: 457.4765s
	iters: 4000, epoch: 5 | loss: 0.2716261
	speed: 0.0181s/iter; left time: 422.8876s
	iters: 4100, epoch: 5 | loss: 0.3253180
	speed: 0.0170s/iter; left time: 396.6601s
	iters: 4200, epoch: 5 | loss: 0.3093009
	speed: 0.0176s/iter; left time: 408.8965s
	iters: 4300, epoch: 5 | loss: 0.2863348
	speed: 0.0190s/iter; left time: 438.9044s
	iters: 4400, epoch: 5 | loss: 0.1791488
	speed: 0.0169s/iter; left time: 388.6829s
	iters: 4500, epoch: 5 | loss: 0.2542316
	speed: 0.0160s/iter; left time: 366.8509s
Epoch: 2, Steps: 5997 | Train Loss: 0.3980220 Vali Loss: 0.4392584 Test Loss: 0.5218137
Validation loss decreased (0.457566 --> 0.439258).  Saving model ...
Updating learning rate to 5e-05
Epoch: 5 cost time: 70.29721021652222
	iters: 100, epoch: 3 | loss: 0.4139558
	speed: 0.2448s/iter; left time: 11719.8467s
	iters: 200, epoch: 3 | loss: 0.4767648
	speed: 0.0269s/iter; left time: 1284.4492s
	iters: 300, epoch: 3 | loss: 0.3607217
	speed: 0.0256s/iter; left time: 1220.9333s
	iters: 400, epoch: 3 | loss: 0.3179646
	speed: 0.0284s/iter; left time: 1351.9046s
	iters: 500, epoch: 3 | loss: 0.4357479
	speed: 0.0229s/iter; left time: 1086.1615s
	iters: 600, epoch: 3 | loss: 0.4601158
	speed: 0.0284s/iter; left time: 1347.2725s
	iters: 700, epoch: 3 | loss: 0.3993607
	speed: 0.0288s/iter; left time: 1363.0251s
Epoch: 5, Steps: 4568 | Train Loss: 0.2552274 Vali Loss: 0.1673517 Test Loss: 0.1830166
Validation loss decreased (0.167606 --> 0.167352).  Saving model ...
Updating learning rate to 6.25e-06
	iters: 800, epoch: 3 | loss: 0.4052799
	speed: 0.0244s/iter; left time: 1150.7271s
	iters: 100, epoch: 6 | loss: 0.2153681
	speed: 0.2157s/iter; left time: 4905.5493s
	iters: 900, epoch: 3 | loss: 0.3288832
	speed: 0.0194s/iter; left time: 913.1656s
	iters: 200, epoch: 6 | loss: 0.3076002
	speed: 0.0143s/iter; left time: 324.8653s
	iters: 300, epoch: 6 | loss: 0.2628872
	speed: 0.0139s/iter; left time: 312.6764s
	iters: 1000, epoch: 3 | loss: 0.5231242
	speed: 0.0199s/iter; left time: 932.8033s
	iters: 400, epoch: 6 | loss: 0.1953682
	speed: 0.0148s/iter; left time: 331.6019s
	iters: 1100, epoch: 3 | loss: 0.3756531
	speed: 0.0169s/iter; left time: 791.7987s
	iters: 500, epoch: 6 | loss: 0.1943335
	speed: 0.0131s/iter; left time: 291.8485s
	iters: 1200, epoch: 3 | loss: 0.4321138
	speed: 0.0176s/iter; left time: 822.8300s
	iters: 600, epoch: 6 | loss: 0.2133539
	speed: 0.0131s/iter; left time: 291.4800s
	iters: 700, epoch: 6 | loss: 0.2644210
	speed: 0.0130s/iter; left time: 287.8674s
	iters: 1300, epoch: 3 | loss: 0.3919942
	speed: 0.0172s/iter; left time: 802.5952s
	iters: 800, epoch: 6 | loss: 0.2504618
	speed: 0.0133s/iter; left time: 292.5771s
	iters: 1400, epoch: 3 | loss: 0.4054793
	speed: 0.0175s/iter; left time: 813.4963s
	iters: 900, epoch: 6 | loss: 0.2417953
	speed: 0.0138s/iter; left time: 302.6974s
	iters: 1500, epoch: 3 | loss: 0.2632932
	speed: 0.0177s/iter; left time: 820.9796s
	iters: 1000, epoch: 6 | loss: 0.2897572
	speed: 0.0157s/iter; left time: 342.5760s
	iters: 1100, epoch: 6 | loss: 0.2297358
	speed: 0.0141s/iter; left time: 306.9051s
	iters: 1600, epoch: 3 | loss: 0.4459885
	speed: 0.0221s/iter; left time: 1022.8312s
	iters: 1200, epoch: 6 | loss: 0.2124954
	speed: 0.0143s/iter; left time: 308.6472s
	iters: 1700, epoch: 3 | loss: 0.3450360
	speed: 0.0171s/iter; left time: 793.1786s
	iters: 1300, epoch: 6 | loss: 0.2632956
	speed: 0.0136s/iter; left time: 293.1600s
	iters: 1800, epoch: 3 | loss: 0.5364618
	speed: 0.0189s/iter; left time: 871.4258s
	iters: 1400, epoch: 6 | loss: 0.3726473
	speed: 0.0141s/iter; left time: 302.6893s
	iters: 1500, epoch: 6 | loss: 0.2246215
	speed: 0.0140s/iter; left time: 298.9697s
	iters: 1900, epoch: 3 | loss: 0.4246752
	speed: 0.0178s/iter; left time: 818.3450s
	iters: 1600, epoch: 6 | loss: 0.2852699
	speed: 0.0141s/iter; left time: 300.1613s
	iters: 2000, epoch: 3 | loss: 0.4169407
	speed: 0.0181s/iter; left time: 834.4485s
	iters: 1700, epoch: 6 | loss: 0.2854687
	speed: 0.0128s/iter; left time: 271.1559s
	iters: 2100, epoch: 3 | loss: 0.3724024
	speed: 0.0172s/iter; left time: 787.2537s
	iters: 1800, epoch: 6 | loss: 0.2056399
	speed: 0.0132s/iter; left time: 276.7430s
	iters: 2200, epoch: 3 | loss: 0.4008139
	speed: 0.0177s/iter; left time: 811.8906s
	iters: 1900, epoch: 6 | loss: 0.2864057
	speed: 0.0134s/iter; left time: 279.7685s
	iters: 2000, epoch: 6 | loss: 0.3887649
	speed: 0.0160s/iter; left time: 332.6367s
	iters: 2300, epoch: 3 | loss: 0.4613313
	speed: 0.0193s/iter; left time: 879.2892s
	iters: 2100, epoch: 6 | loss: 0.2198210
	speed: 0.0161s/iter; left time: 334.7342s
	iters: 2400, epoch: 3 | loss: 0.4040093
	speed: 0.0180s/iter; left time: 819.0174s
	iters: 2200, epoch: 6 | loss: 0.1968702
	speed: 0.0136s/iter; left time: 281.5723s
	iters: 2500, epoch: 3 | loss: 0.4288723
	speed: 0.0176s/iter; left time: 800.5566s
	iters: 2300, epoch: 6 | loss: 0.2650613
	speed: 0.0152s/iter; left time: 311.4507s
	iters: 2600, epoch: 3 | loss: 0.3733622
	speed: 0.0173s/iter; left time: 787.2855s
	iters: 2400, epoch: 6 | loss: 0.3086884
	speed: 0.0140s/iter; left time: 286.9545s
	iters: 2500, epoch: 6 | loss: 0.2512110
	speed: 0.0130s/iter; left time: 264.0140s
	iters: 2700, epoch: 3 | loss: 0.3438131
	speed: 0.0170s/iter; left time: 770.8377s
	iters: 2600, epoch: 6 | loss: 0.3368020
	speed: 0.0134s/iter; left time: 270.5419s
	iters: 2800, epoch: 3 | loss: 0.3429197
	speed: 0.0170s/iter; left time: 770.2098s
	iters: 2700, epoch: 6 | loss: 0.2080854
	speed: 0.0131s/iter; left time: 263.5684s
	iters: 2900, epoch: 3 | loss: 0.3844013
	speed: 0.0177s/iter; left time: 799.0592s
	iters: 2800, epoch: 6 | loss: 0.1971298
	speed: 0.0140s/iter; left time: 280.5131s
	iters: 2900, epoch: 6 | loss: 0.3999287
	speed: 0.0154s/iter; left time: 306.5808s
	iters: 3000, epoch: 3 | loss: 0.3964656
	speed: 0.0204s/iter; left time: 916.9482s
	iters: 3000, epoch: 6 | loss: 0.2137346
	speed: 0.0141s/iter; left time: 279.4621s
	iters: 3100, epoch: 3 | loss: 0.3696939
	speed: 0.0190s/iter; left time: 851.2803s
	iters: 3100, epoch: 6 | loss: 0.2274495
	speed: 0.0133s/iter; left time: 262.2316s
	iters: 3200, epoch: 3 | loss: 0.4241120
	speed: 0.0179s/iter; left time: 801.0163s
	iters: 3200, epoch: 6 | loss: 0.2367759
	speed: 0.0136s/iter; left time: 267.5899s
	iters: 3300, epoch: 6 | loss: 0.2439243
	speed: 0.0137s/iter; left time: 267.9290s
	iters: 3300, epoch: 3 | loss: 0.3886580
	speed: 0.0190s/iter; left time: 847.3571s
	iters: 3400, epoch: 6 | loss: 0.2667704
	speed: 0.0140s/iter; left time: 271.2578s
	iters: 3400, epoch: 3 | loss: 0.3918159
	speed: 0.0182s/iter; left time: 810.4945s
	iters: 3500, epoch: 6 | loss: 0.3398624
	speed: 0.0133s/iter; left time: 257.7391s
	iters: 3500, epoch: 3 | loss: 0.3359132
	speed: 0.0170s/iter; left time: 755.1567s
	iters: 3600, epoch: 6 | loss: 0.2316684
	speed: 0.0133s/iter; left time: 256.4624s
	iters: 3700, epoch: 6 | loss: 0.1799442
	speed: 0.0134s/iter; left time: 256.3446s
	iters: 3600, epoch: 3 | loss: 0.4488664
	speed: 0.0174s/iter; left time: 771.8628s
	iters: 3800, epoch: 6 | loss: 0.2984105
	speed: 0.0156s/iter; left time: 297.7113s
	iters: 3700, epoch: 3 | loss: 0.3801898
	speed: 0.0188s/iter; left time: 831.7658s
	iters: 3900, epoch: 6 | loss: 0.2568328
	speed: 0.0177s/iter; left time: 335.2328s
	iters: 3800, epoch: 3 | loss: 0.3502696
	speed: 0.0192s/iter; left time: 849.6145s
	iters: 4000, epoch: 6 | loss: 0.2268243
	speed: 0.0137s/iter; left time: 257.9782s
	iters: 3900, epoch: 3 | loss: 0.3269985
	speed: 0.0171s/iter; left time: 755.2631s
	iters: 4100, epoch: 6 | loss: 0.3040819
	speed: 0.0135s/iter; left time: 253.1333s
	iters: 4000, epoch: 3 | loss: 0.3575742
	speed: 0.0176s/iter; left time: 775.7817s
	iters: 4200, epoch: 6 | loss: 0.2169524
	speed: 0.0126s/iter; left time: 235.3929s
	iters: 4300, epoch: 6 | loss: 0.1962674
	speed: 0.0130s/iter; left time: 240.2813s
	iters: 4100, epoch: 3 | loss: 0.3161027
	speed: 0.0171s/iter; left time: 751.8372s
	iters: 4400, epoch: 6 | loss: 0.4640494
	speed: 0.0130s/iter; left time: 240.2103s
	iters: 4200, epoch: 3 | loss: 0.3696946
	speed: 0.0170s/iter; left time: 744.0693s
	iters: 4500, epoch: 6 | loss: 0.2231266
	speed: 0.0132s/iter; left time: 242.2930s
Epoch: 6 cost time: 63.75595688819885
	iters: 4300, epoch: 3 | loss: 0.3395686
	speed: 0.0177s/iter; left time: 773.8086s
	iters: 4400, epoch: 3 | loss: 0.4344932
	speed: 0.0329s/iter; left time: 1431.7952s
	iters: 4500, epoch: 3 | loss: 0.3070176
	speed: 0.0267s/iter; left time: 1162.6605s
	iters: 4600, epoch: 3 | loss: 0.4453128
	speed: 0.0270s/iter; left time: 1171.5727s
	iters: 4700, epoch: 3 | loss: 0.3049133
	speed: 0.0205s/iter; left time: 886.0449s
	iters: 4800, epoch: 3 | loss: 0.3251328
	speed: 0.0218s/iter; left time: 942.1126s
	iters: 4900, epoch: 3 | loss: 0.3998152
	speed: 0.0260s/iter; left time: 1119.7372s
	iters: 5000, epoch: 3 | loss: 0.3461197
	speed: 0.0282s/iter; left time: 1212.0179s
Epoch: 6, Steps: 4568 | Train Loss: 0.2547508 Vali Loss: 0.1675429 Test Loss: 0.1832328
EarlyStopping counter: 1 out of 3
Updating learning rate to 3.125e-06
	iters: 5100, epoch: 3 | loss: 0.3153800
	speed: 0.0220s/iter; left time: 942.3551s
	iters: 100, epoch: 7 | loss: 0.2838537
	speed: 0.2214s/iter; left time: 4023.4539s
	iters: 5200, epoch: 3 | loss: 0.4363962
	speed: 0.0179s/iter; left time: 765.0767s
	iters: 200, epoch: 7 | loss: 0.2545820
	speed: 0.0141s/iter; left time: 253.9927s
	iters: 300, epoch: 7 | loss: 0.1813022
	speed: 0.0136s/iter; left time: 244.1083s
	iters: 5300, epoch: 3 | loss: 0.3855700
	speed: 0.0186s/iter; left time: 793.6513s
	iters: 400, epoch: 7 | loss: 0.2833462
	speed: 0.0141s/iter; left time: 251.3492s
	iters: 5400, epoch: 3 | loss: 0.4038438
	speed: 0.0197s/iter; left time: 839.5834s
	iters: 500, epoch: 7 | loss: 0.2896462
	speed: 0.0136s/iter; left time: 241.5160s
	iters: 600, epoch: 7 | loss: 0.2279035
	speed: 0.0135s/iter; left time: 238.2469s
	iters: 5500, epoch: 3 | loss: 0.3331600
	speed: 0.0181s/iter; left time: 768.3683s
	iters: 700, epoch: 7 | loss: 0.3069743
	speed: 0.0140s/iter; left time: 246.1452s
	iters: 5600, epoch: 3 | loss: 0.3424044
	speed: 0.0211s/iter; left time: 894.0852s
	iters: 800, epoch: 7 | loss: 0.2309876
	speed: 0.0139s/iter; left time: 243.0163s
	iters: 5700, epoch: 3 | loss: 0.4121045
	speed: 0.0184s/iter; left time: 778.4885s
	iters: 900, epoch: 7 | loss: 0.1692013
	speed: 0.0139s/iter; left time: 240.8989s
	iters: 1000, epoch: 7 | loss: 0.2574135
	speed: 0.0191s/iter; left time: 329.3737s
	iters: 5800, epoch: 3 | loss: 0.3419883
	speed: 0.0339s/iter; left time: 1428.0693s
	iters: 1100, epoch: 7 | loss: 0.2263817
	speed: 0.0203s/iter; left time: 347.8921s
	iters: 1200, epoch: 7 | loss: 0.3934039
	speed: 0.0188s/iter; left time: 320.6717s
	iters: 5900, epoch: 3 | loss: 0.4476052
	speed: 0.0356s/iter; left time: 1496.8676s
	iters: 1300, epoch: 7 | loss: 0.2691325
	speed: 0.0180s/iter; left time: 305.8256s
	iters: 1400, epoch: 7 | loss: 0.1905506
	speed: 0.0156s/iter; left time: 262.9234s
Epoch: 3 cost time: 125.09354066848755
	iters: 1500, epoch: 7 | loss: 0.2595698
	speed: 0.0173s/iter; left time: 290.5245s
	iters: 1600, epoch: 7 | loss: 0.2611623
	speed: 0.0177s/iter; left time: 295.2662s
	iters: 1700, epoch: 7 | loss: 0.2703086
	speed: 0.0164s/iter; left time: 271.5887s
	iters: 1800, epoch: 7 | loss: 0.2090702
	speed: 0.0193s/iter; left time: 317.1419s
	iters: 1900, epoch: 7 | loss: 0.2701517
	speed: 0.0188s/iter; left time: 308.3516s
	iters: 2000, epoch: 7 | loss: 0.2787280
	speed: 0.0193s/iter; left time: 313.4581s
	iters: 2100, epoch: 7 | loss: 0.2803840
	speed: 0.0183s/iter; left time: 295.4142s
	iters: 2200, epoch: 7 | loss: 0.1844272
	speed: 0.0181s/iter; left time: 290.4232s
	iters: 2300, epoch: 7 | loss: 0.3466145
	speed: 0.0179s/iter; left time: 286.4922s
	iters: 2400, epoch: 7 | loss: 0.2013280
	speed: 0.0172s/iter; left time: 272.5688s
	iters: 2500, epoch: 7 | loss: 0.2350565
	speed: 0.0176s/iter; left time: 277.9429s
Epoch: 3, Steps: 5997 | Train Loss: 0.3827449 Vali Loss: 0.4309970 Test Loss: 0.5112502
Validation loss decreased (0.439258 --> 0.430997).  Saving model ...
Updating learning rate to 2.5e-05
	iters: 2600, epoch: 7 | loss: 0.2219973
	speed: 0.0178s/iter; left time: 279.5638s
	iters: 100, epoch: 4 | loss: 0.3271271
	speed: 0.2517s/iter; left time: 10543.1767s
	iters: 2700, epoch: 7 | loss: 0.2781613
	speed: 0.0132s/iter; left time: 206.3421s
	iters: 2800, epoch: 7 | loss: 0.1978153
	speed: 0.0135s/iter; left time: 209.2041s
	iters: 200, epoch: 4 | loss: 0.4489265
	speed: 0.0174s/iter; left time: 726.9162s
	iters: 2900, epoch: 7 | loss: 0.2367494
	speed: 0.0137s/iter; left time: 210.1215s
	iters: 300, epoch: 4 | loss: 0.2959419
	speed: 0.0212s/iter; left time: 882.6915s
	iters: 3000, epoch: 7 | loss: 0.2500876
	speed: 0.0148s/iter; left time: 226.0536s
	iters: 3100, epoch: 7 | loss: 0.2639565
	speed: 0.0138s/iter; left time: 208.6598s
	iters: 400, epoch: 4 | loss: 0.4513239
	speed: 0.0202s/iter; left time: 838.6929s
	iters: 3200, epoch: 7 | loss: 0.2339794
	speed: 0.0130s/iter; left time: 195.5402s
	iters: 500, epoch: 4 | loss: 0.3782499
	speed: 0.0168s/iter; left time: 695.1077s
	iters: 3300, epoch: 7 | loss: 0.2398089
	speed: 0.0129s/iter; left time: 192.6162s
	iters: 600, epoch: 4 | loss: 0.3743658
	speed: 0.0173s/iter; left time: 714.1062s
	iters: 3400, epoch: 7 | loss: 0.2396406
	speed: 0.0133s/iter; left time: 197.2793s
	iters: 3500, epoch: 7 | loss: 0.2907997
	speed: 0.0144s/iter; left time: 212.6372s
	iters: 700, epoch: 4 | loss: 0.4147376
	speed: 0.0182s/iter; left time: 751.7705s
	iters: 3600, epoch: 7 | loss: 0.2284957
	speed: 0.0135s/iter; left time: 198.0993s
	iters: 800, epoch: 4 | loss: 0.4232032
	speed: 0.0180s/iter; left time: 742.1890s
	iters: 3700, epoch: 7 | loss: 0.2120475
	speed: 0.0135s/iter; left time: 196.3390s
	iters: 900, epoch: 4 | loss: 0.3786967
	speed: 0.0171s/iter; left time: 703.2532s
	iters: 3800, epoch: 7 | loss: 0.2941711
	speed: 0.0134s/iter; left time: 193.6199s
	iters: 1000, epoch: 4 | loss: 0.3128667
	speed: 0.0177s/iter; left time: 723.5231s
	iters: 3900, epoch: 7 | loss: 0.2460317
	speed: 0.0140s/iter; left time: 201.6261s
	iters: 4000, epoch: 7 | loss: 0.2626499
	speed: 0.0139s/iter; left time: 198.9980s
	iters: 1100, epoch: 4 | loss: 0.3380369
	speed: 0.0220s/iter; left time: 898.3430s
	iters: 4100, epoch: 7 | loss: 0.2063089
	speed: 0.0133s/iter; left time: 187.9178s
	iters: 1200, epoch: 4 | loss: 0.4556797
	speed: 0.0166s/iter; left time: 676.4589s
	iters: 4200, epoch: 7 | loss: 0.2648718
	speed: 0.0138s/iter; left time: 194.2564s
	iters: 4300, epoch: 7 | loss: 0.3374665
	speed: 0.0140s/iter; left time: 195.0263s
	iters: 1300, epoch: 4 | loss: 0.3623412
	speed: 0.0171s/iter; left time: 696.7960s
	iters: 4400, epoch: 7 | loss: 0.2346462
	speed: 0.0139s/iter; left time: 192.6185s
	iters: 1400, epoch: 4 | loss: 0.3182698
	speed: 0.0168s/iter; left time: 682.7277s
	iters: 4500, epoch: 7 | loss: 0.3175873
	speed: 0.0156s/iter; left time: 215.1840s
	iters: 1500, epoch: 4 | loss: 0.3912238
	speed: 0.0174s/iter; left time: 705.0689s
Epoch: 7 cost time: 70.2984299659729
	iters: 1600, epoch: 4 | loss: 0.4344908
	speed: 0.0209s/iter; left time: 842.5929s
	iters: 1700, epoch: 4 | loss: 0.2976232
	speed: 0.0291s/iter; left time: 1170.2276s
	iters: 1800, epoch: 4 | loss: 0.4381559
	speed: 0.0257s/iter; left time: 1031.4505s
	iters: 1900, epoch: 4 | loss: 0.3738953
	speed: 0.0286s/iter; left time: 1148.0099s
	iters: 2000, epoch: 4 | loss: 0.3442245
	speed: 0.0292s/iter; left time: 1165.7183s
	iters: 2100, epoch: 4 | loss: 0.3484994
	speed: 0.0238s/iter; left time: 949.1597s
	iters: 2200, epoch: 4 | loss: 0.3920792
	speed: 0.0329s/iter; left time: 1310.4747s
	iters: 2300, epoch: 4 | loss: 0.4362905
	speed: 0.0206s/iter; left time: 818.5812s
Epoch: 7, Steps: 4568 | Train Loss: 0.2544120 Vali Loss: 0.1669312 Test Loss: 0.1829387
Validation loss decreased (0.167352 --> 0.166931).  Saving model ...
Updating learning rate to 1.5625e-06
	iters: 100, epoch: 8 | loss: 0.2179864
	speed: 0.2301s/iter; left time: 3130.1244s
	iters: 2400, epoch: 4 | loss: 0.4955259
	speed: 0.0180s/iter; left time: 711.2493s
	iters: 200, epoch: 8 | loss: 0.1881703
	speed: 0.0152s/iter; left time: 204.6610s
	iters: 2500, epoch: 4 | loss: 0.3071697
	speed: 0.0174s/iter; left time: 688.5463s
	iters: 300, epoch: 8 | loss: 0.2238080
	speed: 0.0149s/iter; left time: 199.3134s
	iters: 2600, epoch: 4 | loss: 0.3359006
	speed: 0.0182s/iter; left time: 715.9456s
	iters: 400, epoch: 8 | loss: 0.2844402
	speed: 0.0158s/iter; left time: 210.6457s
	iters: 2700, epoch: 4 | loss: 0.3364350
	speed: 0.0170s/iter; left time: 668.4015s
	iters: 500, epoch: 8 | loss: 0.3309875
	speed: 0.0146s/iter; left time: 192.3009s
	iters: 2800, epoch: 4 | loss: 0.3313794
	speed: 0.0165s/iter; left time: 646.8625s
	iters: 600, epoch: 8 | loss: 0.4528645
	speed: 0.0143s/iter; left time: 187.9971s
	iters: 700, epoch: 8 | loss: 0.2468608
	speed: 0.0152s/iter; left time: 198.0107s
	iters: 2900, epoch: 4 | loss: 0.4286381
	speed: 0.0169s/iter; left time: 659.3967s
	iters: 800, epoch: 8 | loss: 0.3042552
	speed: 0.0176s/iter; left time: 226.7124s
	iters: 3000, epoch: 4 | loss: 0.3319978
	speed: 0.0195s/iter; left time: 759.8946s
	iters: 900, epoch: 8 | loss: 0.2907086
	speed: 0.0136s/iter; left time: 173.5430s
	iters: 3100, epoch: 4 | loss: 0.3674096
	speed: 0.0168s/iter; left time: 651.4486s
	iters: 1000, epoch: 8 | loss: 0.1996936
	speed: 0.0145s/iter; left time: 184.1344s
	iters: 3200, epoch: 4 | loss: 0.4019631
	speed: 0.0167s/iter; left time: 648.2069s
	iters: 1100, epoch: 8 | loss: 0.2404203
	speed: 0.0140s/iter; left time: 175.9665s
	iters: 3300, epoch: 4 | loss: 0.4392163
	speed: 0.0170s/iter; left time: 658.5452s
	iters: 1200, epoch: 8 | loss: 0.1820007
	speed: 0.0143s/iter; left time: 178.9308s
	iters: 3400, epoch: 4 | loss: 0.3831678
	speed: 0.0170s/iter; left time: 657.1285s
	iters: 1300, epoch: 8 | loss: 0.2128637
	speed: 0.0136s/iter; left time: 168.2206s
	iters: 1400, epoch: 8 | loss: 0.1841310
	speed: 0.0138s/iter; left time: 169.5291s
	iters: 3500, epoch: 4 | loss: 0.4044309
	speed: 0.0167s/iter; left time: 642.5569s
	iters: 1500, epoch: 8 | loss: 0.2272920
	speed: 0.0136s/iter; left time: 166.2026s
	iters: 3600, epoch: 4 | loss: 0.4113687
	speed: 0.0165s/iter; left time: 632.7450s
	iters: 1600, epoch: 8 | loss: 0.2249319
	speed: 0.0156s/iter; left time: 188.3379s
	iters: 3700, epoch: 4 | loss: 0.3719835
	speed: 0.0172s/iter; left time: 657.4332s
	iters: 1700, epoch: 8 | loss: 0.2569749
	speed: 0.0160s/iter; left time: 192.5695s
	iters: 3800, epoch: 4 | loss: 0.4048410
	speed: 0.0164s/iter; left time: 624.7269s
	iters: 1800, epoch: 8 | loss: 0.2450615
	speed: 0.0147s/iter; left time: 175.1689s
	iters: 3900, epoch: 4 | loss: 0.3388806
	speed: 0.0179s/iter; left time: 680.1740s
	iters: 1900, epoch: 8 | loss: 0.2847585
	speed: 0.0146s/iter; left time: 172.3092s
	iters: 4000, epoch: 4 | loss: 0.3141040
	speed: 0.0171s/iter; left time: 648.6541s
	iters: 2000, epoch: 8 | loss: 0.2615382
	speed: 0.0138s/iter; left time: 161.6130s
	iters: 2100, epoch: 8 | loss: 0.2805339
	speed: 0.0143s/iter; left time: 166.1235s
	iters: 4100, epoch: 4 | loss: 0.3744734
	speed: 0.0170s/iter; left time: 644.9862s
	iters: 2200, epoch: 8 | loss: 0.2745644
	speed: 0.0148s/iter; left time: 170.2346s
	iters: 4200, epoch: 4 | loss: 0.3861384
	speed: 0.0171s/iter; left time: 644.3139s
	iters: 2300, epoch: 8 | loss: 0.2857571
	speed: 0.0129s/iter; left time: 146.6775s
	iters: 4300, epoch: 4 | loss: 0.4046755
	speed: 0.0165s/iter; left time: 621.2996s
	iters: 2400, epoch: 8 | loss: 0.2373421
	speed: 0.0148s/iter; left time: 167.4886s
	iters: 4400, epoch: 4 | loss: 0.3646721
	speed: 0.0180s/iter; left time: 676.5858s
	iters: 2500, epoch: 8 | loss: 0.1743968
	speed: 0.0143s/iter; left time: 160.4555s
	iters: 2600, epoch: 8 | loss: 0.2316720
	speed: 0.0174s/iter; left time: 193.2027s
	iters: 4500, epoch: 4 | loss: 0.3956188
	speed: 0.0207s/iter; left time: 777.2439s
	iters: 2700, epoch: 8 | loss: 0.2526561
	speed: 0.0144s/iter; left time: 158.1388s
	iters: 4600, epoch: 4 | loss: 0.4065866
	speed: 0.0180s/iter; left time: 672.3543s
	iters: 2800, epoch: 8 | loss: 0.2064507
	speed: 0.0150s/iter; left time: 163.1576s
	iters: 4700, epoch: 4 | loss: 0.3723571
	speed: 0.0168s/iter; left time: 627.5330s
	iters: 2900, epoch: 8 | loss: 0.2290728
	speed: 0.0144s/iter; left time: 155.1113s
	iters: 4800, epoch: 4 | loss: 0.2962621
	speed: 0.0169s/iter; left time: 630.1623s
	iters: 3000, epoch: 8 | loss: 0.2810237
	speed: 0.0133s/iter; left time: 142.1270s
	iters: 4900, epoch: 4 | loss: 0.4082386
	speed: 0.0166s/iter; left time: 615.2643s
	iters: 3100, epoch: 8 | loss: 0.2153965
	speed: 0.0145s/iter; left time: 153.3404s
	iters: 5000, epoch: 4 | loss: 0.3729275
	speed: 0.0169s/iter; left time: 623.4701s
	iters: 3200, epoch: 8 | loss: 0.2883466
	speed: 0.0152s/iter; left time: 159.3816s
	iters: 3300, epoch: 8 | loss: 0.2476227
	speed: 0.0140s/iter; left time: 146.1584s
	iters: 5100, epoch: 4 | loss: 0.4617727
	speed: 0.0173s/iter; left time: 639.3212s
	iters: 3400, epoch: 8 | loss: 0.2522748
	speed: 0.0138s/iter; left time: 142.3572s
	iters: 5200, epoch: 4 | loss: 0.4460743
	speed: 0.0170s/iter; left time: 624.5680s
	iters: 3500, epoch: 8 | loss: 0.2263576
	speed: 0.0146s/iter; left time: 149.4300s
	iters: 5300, epoch: 4 | loss: 0.3262818
	speed: 0.0169s/iter; left time: 619.1209s
	iters: 3600, epoch: 8 | loss: 0.2332699
	speed: 0.0148s/iter; left time: 149.4363s
	iters: 5400, epoch: 4 | loss: 0.3278871
	speed: 0.0164s/iter; left time: 599.1760s
	iters: 3700, epoch: 8 | loss: 0.2466095
	speed: 0.0147s/iter; left time: 147.1149s
	iters: 5500, epoch: 4 | loss: 0.4680108
	speed: 0.0162s/iter; left time: 590.2178s
	iters: 3800, epoch: 8 | loss: 0.2638786
	speed: 0.0151s/iter; left time: 150.0370s
	iters: 5600, epoch: 4 | loss: 0.3513370
	speed: 0.0169s/iter; left time: 614.9082s
	iters: 3900, epoch: 8 | loss: 0.2745303
	speed: 0.0142s/iter; left time: 139.0803s
	iters: 4000, epoch: 8 | loss: 0.2332063
	speed: 0.0131s/iter; left time: 127.3200s
	iters: 5700, epoch: 4 | loss: 0.3431109
	speed: 0.0170s/iter; left time: 615.7194s
	iters: 4100, epoch: 8 | loss: 0.2220117
	speed: 0.0130s/iter; left time: 124.8352s
	iters: 5800, epoch: 4 | loss: 0.3689347
	speed: 0.0175s/iter; left time: 632.8056s
	iters: 4200, epoch: 8 | loss: 0.3388568
	speed: 0.0142s/iter; left time: 135.0733s
	iters: 5900, epoch: 4 | loss: 0.3728863
	speed: 0.0180s/iter; left time: 647.7863s
	iters: 4300, epoch: 8 | loss: 0.2950223
	speed: 0.0137s/iter; left time: 128.4264s
Epoch: 4 cost time: 111.82299947738647
	iters: 4400, epoch: 8 | loss: 0.2152083
	speed: 0.0179s/iter; left time: 166.5514s
	iters: 4500, epoch: 8 | loss: 0.2635962
	speed: 0.0192s/iter; left time: 176.7318s
Epoch: 8 cost time: 67.4239592552185
Epoch: 4, Steps: 5997 | Train Loss: 0.3771188 Vali Loss: 0.4274014 Test Loss: 0.5070706
Validation loss decreased (0.430997 --> 0.427401).  Saving model ...
Updating learning rate to 1.25e-05
	iters: 100, epoch: 5 | loss: 0.3838601
	speed: 0.3191s/iter; left time: 11449.1206s
	iters: 200, epoch: 5 | loss: 0.4268279
	speed: 0.0310s/iter; left time: 1108.2959s
	iters: 300, epoch: 5 | loss: 0.2980586
	speed: 0.0256s/iter; left time: 912.1095s
Epoch: 8, Steps: 4568 | Train Loss: 0.2543334 Vali Loss: 0.1671331 Test Loss: 0.1829152
EarlyStopping counter: 1 out of 3
Updating learning rate to 7.8125e-07
	iters: 100, epoch: 9 | loss: 0.2291411
	speed: 0.3526s/iter; left time: 3186.0092s
	iters: 400, epoch: 5 | loss: 0.3970445
	speed: 0.0184s/iter; left time: 655.5653s
	iters: 200, epoch: 9 | loss: 0.2147282
	speed: 0.0164s/iter; left time: 146.1942s
	iters: 500, epoch: 5 | loss: 0.3588662
	speed: 0.0199s/iter; left time: 707.2265s
	iters: 300, epoch: 9 | loss: 0.2432600
	speed: 0.0144s/iter; left time: 127.3725s
	iters: 600, epoch: 5 | loss: 0.3603920
	speed: 0.0173s/iter; left time: 613.4578s
	iters: 400, epoch: 9 | loss: 0.2061414
	speed: 0.0154s/iter; left time: 134.8382s
	iters: 700, epoch: 5 | loss: 0.3434277
	speed: 0.0173s/iter; left time: 612.0422s
	iters: 500, epoch: 9 | loss: 0.2117062
	speed: 0.0159s/iter; left time: 137.6244s
	iters: 800, epoch: 5 | loss: 0.3232946
	speed: 0.0225s/iter; left time: 791.5910s
	iters: 600, epoch: 9 | loss: 0.2505479
	speed: 0.0197s/iter; left time: 168.0320s
	iters: 700, epoch: 9 | loss: 0.3352777
	speed: 0.0211s/iter; left time: 178.0428s
	iters: 900, epoch: 5 | loss: 0.4807935
	speed: 0.0378s/iter; left time: 1327.3256s
	iters: 800, epoch: 9 | loss: 0.3510730
	speed: 0.0218s/iter; left time: 181.5194s
	iters: 900, epoch: 9 | loss: 0.1956778
	speed: 0.0172s/iter; left time: 141.6373s
	iters: 1000, epoch: 5 | loss: 0.4038954
	speed: 0.0302s/iter; left time: 1058.0480s
	iters: 1000, epoch: 9 | loss: 0.1884725
	speed: 0.0143s/iter; left time: 116.0947s
	iters: 1100, epoch: 5 | loss: 0.4096836
	speed: 0.0172s/iter; left time: 601.2227s
	iters: 1100, epoch: 9 | loss: 0.2032170
	speed: 0.0131s/iter; left time: 105.5353s
	iters: 1200, epoch: 5 | loss: 0.4107231
	speed: 0.0174s/iter; left time: 606.2427s
	iters: 1200, epoch: 9 | loss: 0.2924995
	speed: 0.0130s/iter; left time: 103.1681s
	iters: 1300, epoch: 9 | loss: 0.3281587
	speed: 0.0132s/iter; left time: 103.0782s
	iters: 1300, epoch: 5 | loss: 0.3282628
	speed: 0.0172s/iter; left time: 596.2161s
	iters: 1400, epoch: 9 | loss: 0.2317608
	speed: 0.0135s/iter; left time: 104.3641s
	iters: 1400, epoch: 5 | loss: 0.3811445
	speed: 0.0184s/iter; left time: 635.6513s
	iters: 1500, epoch: 9 | loss: 0.2578213
	speed: 0.0127s/iter; left time: 96.6683s
	iters: 1500, epoch: 5 | loss: 0.5104957
	speed: 0.0171s/iter; left time: 589.8820s
	iters: 1600, epoch: 9 | loss: 0.1770382
	speed: 0.0146s/iter; left time: 109.9870s
	iters: 1700, epoch: 9 | loss: 0.1826260
	speed: 0.0130s/iter; left time: 96.4029s
	iters: 1600, epoch: 5 | loss: 0.4575301
	speed: 0.0185s/iter; left time: 637.4231s
	iters: 1800, epoch: 9 | loss: 0.2845703
	speed: 0.0162s/iter; left time: 119.0945s
	iters: 1700, epoch: 5 | loss: 0.3651241
	speed: 0.0191s/iter; left time: 654.8388s
	iters: 1900, epoch: 9 | loss: 0.4053605
	speed: 0.0141s/iter; left time: 102.0553s
	iters: 1800, epoch: 5 | loss: 0.3708488
	speed: 0.0177s/iter; left time: 606.6497s
	iters: 2000, epoch: 9 | loss: 0.2251135
	speed: 0.0140s/iter; left time: 99.8284s
	iters: 1900, epoch: 5 | loss: 0.4479203
	speed: 0.0170s/iter; left time: 578.1709s
	iters: 2100, epoch: 9 | loss: 0.2641986
	speed: 0.0133s/iter; left time: 93.6762s
	iters: 2200, epoch: 9 | loss: 0.2441094
	speed: 0.0147s/iter; left time: 101.6596s
	iters: 2000, epoch: 5 | loss: 0.4418698
	speed: 0.0189s/iter; left time: 641.4793s
	iters: 2300, epoch: 9 | loss: 0.2718607
	speed: 0.0141s/iter; left time: 96.7129s
	iters: 2100, epoch: 5 | loss: 0.3680118
	speed: 0.0203s/iter; left time: 688.0062s
	iters: 2400, epoch: 9 | loss: 0.2035255
	speed: 0.0146s/iter; left time: 98.4075s
	iters: 2200, epoch: 5 | loss: 0.4043566
	speed: 0.0169s/iter; left time: 571.4503s
	iters: 2500, epoch: 9 | loss: 0.3149564
	speed: 0.0152s/iter; left time: 100.8900s
	iters: 2600, epoch: 9 | loss: 0.2809216
	speed: 0.0136s/iter; left time: 88.9746s
	iters: 2300, epoch: 5 | loss: 0.3454865
	speed: 0.0182s/iter; left time: 611.9363s
	iters: 2700, epoch: 9 | loss: 0.2368316
	speed: 0.0132s/iter; left time: 85.0909s
	iters: 2400, epoch: 5 | loss: 0.4116413
	speed: 0.0203s/iter; left time: 680.4713s
	iters: 2800, epoch: 9 | loss: 0.2184308
	speed: 0.0148s/iter; left time: 93.6387s
	iters: 2900, epoch: 9 | loss: 0.2567208
	speed: 0.0137s/iter; left time: 85.3502s
	iters: 2500, epoch: 5 | loss: 0.3092615
	speed: 0.0242s/iter; left time: 811.1703s
	iters: 3000, epoch: 9 | loss: 0.2586230
	speed: 0.0138s/iter; left time: 84.7285s
	iters: 2600, epoch: 5 | loss: 0.2910095
	speed: 0.0168s/iter; left time: 562.1425s
	iters: 3100, epoch: 9 | loss: 0.2625936
	speed: 0.0137s/iter; left time: 82.8556s
	iters: 2700, epoch: 5 | loss: 0.4323532
	speed: 0.0171s/iter; left time: 568.7526s
	iters: 3200, epoch: 9 | loss: 0.2926804
	speed: 0.0131s/iter; left time: 77.5174s
	iters: 3300, epoch: 9 | loss: 0.2322761
	speed: 0.0133s/iter; left time: 77.5202s
	iters: 2800, epoch: 5 | loss: 0.3830743
	speed: 0.0176s/iter; left time: 582.6869s
	iters: 3400, epoch: 9 | loss: 0.2734793
	speed: 0.0134s/iter; left time: 77.0998s
	iters: 2900, epoch: 5 | loss: 0.4025841
	speed: 0.0171s/iter; left time: 566.8610s
	iters: 3500, epoch: 9 | loss: 0.2271093
	speed: 0.0132s/iter; left time: 74.1835s
	iters: 3000, epoch: 5 | loss: 0.3222956
	speed: 0.0174s/iter; left time: 572.9920s
	iters: 3600, epoch: 9 | loss: 0.2427856
	speed: 0.0139s/iter; left time: 76.8754s
	iters: 3700, epoch: 9 | loss: 0.2510881
	speed: 0.0134s/iter; left time: 72.6440s
	iters: 3100, epoch: 5 | loss: 0.3489639
	speed: 0.0218s/iter; left time: 715.4286s
	iters: 3800, epoch: 9 | loss: 0.2279232
	speed: 0.0152s/iter; left time: 81.3642s
	iters: 3200, epoch: 5 | loss: 0.4373773
	speed: 0.0187s/iter; left time: 613.5711s
	iters: 3900, epoch: 9 | loss: 0.2131834
	speed: 0.0136s/iter; left time: 71.2126s
	iters: 3300, epoch: 5 | loss: 0.3404283
	speed: 0.0169s/iter; left time: 551.8501s
	iters: 4000, epoch: 9 | loss: 0.1952581
	speed: 0.0129s/iter; left time: 66.4695s
	iters: 4100, epoch: 9 | loss: 0.2420678
	speed: 0.0136s/iter; left time: 68.6098s
	iters: 3400, epoch: 5 | loss: 0.3934372
	speed: 0.0179s/iter; left time: 583.2781s
	iters: 4200, epoch: 9 | loss: 0.3179145
	speed: 0.0135s/iter; left time: 66.7909s
	iters: 3500, epoch: 5 | loss: 0.3717525
	speed: 0.0173s/iter; left time: 561.1885s
	iters: 4300, epoch: 9 | loss: 0.2274699
	speed: 0.0127s/iter; left time: 61.3171s
	iters: 3600, epoch: 5 | loss: 0.3835686
	speed: 0.0172s/iter; left time: 556.9052s
	iters: 4400, epoch: 9 | loss: 0.2612815
	speed: 0.0180s/iter; left time: 85.2538s
	iters: 3700, epoch: 5 | loss: 0.4489451
	speed: 0.0170s/iter; left time: 548.4179s
	iters: 4500, epoch: 9 | loss: 0.1916107
	speed: 0.0145s/iter; left time: 67.2330s
Epoch: 9 cost time: 66.68278479576111
	iters: 3800, epoch: 5 | loss: 0.3992116
	speed: 0.0247s/iter; left time: 794.2315s
	iters: 3900, epoch: 5 | loss: 0.4906354
	speed: 0.0291s/iter; left time: 935.0887s
	iters: 4000, epoch: 5 | loss: 0.3156018
	speed: 0.0243s/iter; left time: 778.1428s
	iters: 4100, epoch: 5 | loss: 0.3802516
	speed: 0.0276s/iter; left time: 878.7724s
	iters: 4200, epoch: 5 | loss: 0.3838144
	speed: 0.0291s/iter; left time: 925.2422s
	iters: 4300, epoch: 5 | loss: 0.3937010
	speed: 0.0364s/iter; left time: 1154.3020s
	iters: 4400, epoch: 5 | loss: 0.3696483
	speed: 0.0472s/iter; left time: 1491.2507s
	iters: 4500, epoch: 5 | loss: 0.3812826
	speed: 0.0394s/iter; left time: 1240.2620s
	iters: 4600, epoch: 5 | loss: 0.2937266
	speed: 0.0235s/iter; left time: 737.2928s
Epoch: 9, Steps: 4568 | Train Loss: 0.2542508 Vali Loss: 0.1671007 Test Loss: 0.1830338
EarlyStopping counter: 2 out of 3
Updating learning rate to 3.90625e-07
	iters: 100, epoch: 10 | loss: 0.2013282
	speed: 0.2964s/iter; left time: 1324.3967s
	iters: 4700, epoch: 5 | loss: 0.3293972
	speed: 0.0222s/iter; left time: 695.9024s
	iters: 200, epoch: 10 | loss: 0.2441891
	speed: 0.0130s/iter; left time: 56.6024s
	iters: 4800, epoch: 5 | loss: 0.3624040
	speed: 0.0194s/iter; left time: 606.0392s
	iters: 300, epoch: 10 | loss: 0.2078758
	speed: 0.0137s/iter; left time: 58.3751s
	iters: 4900, epoch: 5 | loss: 0.3388919
	speed: 0.0169s/iter; left time: 525.1990s
	iters: 400, epoch: 10 | loss: 0.2460658
	speed: 0.0171s/iter; left time: 71.2651s
	iters: 5000, epoch: 5 | loss: 0.4113831
	speed: 0.0171s/iter; left time: 530.6735s
	iters: 500, epoch: 10 | loss: 0.2594705
	speed: 0.0198s/iter; left time: 80.5284s
	iters: 5100, epoch: 5 | loss: 0.3593760
	speed: 0.0165s/iter; left time: 509.6344s
	iters: 600, epoch: 10 | loss: 0.2372711
	speed: 0.0198s/iter; left time: 78.5401s
	iters: 5200, epoch: 5 | loss: 0.3589284
	speed: 0.0168s/iter; left time: 517.2947s
	iters: 700, epoch: 10 | loss: 0.2524561
	speed: 0.0166s/iter; left time: 64.1885s
	iters: 5300, epoch: 5 | loss: 0.3816240
	speed: 0.0189s/iter; left time: 580.0476s
	iters: 800, epoch: 10 | loss: 0.2280163
	speed: 0.0161s/iter; left time: 60.5143s
	iters: 5400, epoch: 5 | loss: 0.3559207
	speed: 0.0193s/iter; left time: 589.6046s
	iters: 900, epoch: 10 | loss: 0.2486107
	speed: 0.0148s/iter; left time: 54.3239s
	iters: 5500, epoch: 5 | loss: 0.3301161
	speed: 0.0174s/iter; left time: 531.3059s
	iters: 1000, epoch: 10 | loss: 0.2441228
	speed: 0.0145s/iter; left time: 51.7795s
	iters: 1100, epoch: 10 | loss: 0.2591190
	speed: 0.0141s/iter; left time: 48.7779s
	iters: 5600, epoch: 5 | loss: 0.4320706
	speed: 0.0180s/iter; left time: 548.4093s
	iters: 1200, epoch: 10 | loss: 0.3600735
	speed: 0.0131s/iter; left time: 43.9852s
	iters: 5700, epoch: 5 | loss: 0.3887124
	speed: 0.0173s/iter; left time: 524.3178s
	iters: 1300, epoch: 10 | loss: 0.2688917
	speed: 0.0137s/iter; left time: 44.7957s
	iters: 5800, epoch: 5 | loss: 0.3902940
	speed: 0.0170s/iter; left time: 513.3673s
	iters: 1400, epoch: 10 | loss: 0.2752264
	speed: 0.0133s/iter; left time: 42.0139s
	iters: 1500, epoch: 10 | loss: 0.4017472
	speed: 0.0136s/iter; left time: 41.6579s
	iters: 5900, epoch: 5 | loss: 0.4153015
	speed: 0.0169s/iter; left time: 509.2059s
	iters: 1600, epoch: 10 | loss: 0.1977782
	speed: 0.0130s/iter; left time: 38.6610s
Epoch: 5 cost time: 126.59242129325867
	iters: 1700, epoch: 10 | loss: 0.2237175
	speed: 0.0170s/iter; left time: 48.7617s
	iters: 1800, epoch: 10 | loss: 0.2929817
	speed: 0.0188s/iter; left time: 52.1162s
	iters: 1900, epoch: 10 | loss: 0.2380171
	speed: 0.0180s/iter; left time: 48.0908s
	iters: 2000, epoch: 10 | loss: 0.3022969
	speed: 0.0182s/iter; left time: 46.7406s
	iters: 2100, epoch: 10 | loss: 0.2324454
	speed: 0.0194s/iter; left time: 48.0063s
	iters: 2200, epoch: 10 | loss: 0.2130637
	speed: 0.0181s/iter; left time: 42.8897s
	iters: 2300, epoch: 10 | loss: 0.2640904
	speed: 0.0171s/iter; left time: 38.7117s
	iters: 2400, epoch: 10 | loss: 0.2124806
	speed: 0.0173s/iter; left time: 37.5286s
	iters: 2500, epoch: 10 | loss: 0.2840850
	speed: 0.0149s/iter; left time: 30.8702s
	iters: 2600, epoch: 10 | loss: 0.3120906
	speed: 0.0167s/iter; left time: 32.9679s
	iters: 2700, epoch: 10 | loss: 0.1921389
	speed: 0.0172s/iter; left time: 32.2211s
	iters: 2800, epoch: 10 | loss: 0.2220878
	speed: 0.0172s/iter; left time: 30.4778s
	iters: 2900, epoch: 10 | loss: 0.2320225
	speed: 0.0174s/iter; left time: 29.0834s
Epoch: 5, Steps: 5997 | Train Loss: 0.3747359 Vali Loss: 0.4250043 Test Loss: 0.5040373
Validation loss decreased (0.427401 --> 0.425004).  Saving model ...
Updating learning rate to 6.25e-06
	iters: 3000, epoch: 10 | loss: 0.2271263
	speed: 0.0141s/iter; left time: 22.0565s
	iters: 100, epoch: 6 | loss: 0.3382472
	speed: 0.2590s/iter; left time: 7739.1006s
	iters: 3100, epoch: 10 | loss: 0.2189184
	speed: 0.0163s/iter; left time: 23.9089s
	iters: 200, epoch: 6 | loss: 0.4130439
	speed: 0.0175s/iter; left time: 522.3718s
	iters: 3200, epoch: 10 | loss: 0.2592558
	speed: 0.0184s/iter; left time: 25.1935s
	iters: 300, epoch: 6 | loss: 0.3728238
	speed: 0.0240s/iter; left time: 711.6277s
	iters: 3300, epoch: 10 | loss: 0.2653633
	speed: 0.0135s/iter; left time: 17.1157s
	iters: 3400, epoch: 10 | loss: 0.2352666
	speed: 0.0170s/iter; left time: 19.9089s
	iters: 400, epoch: 6 | loss: 0.5060589
	speed: 0.0190s/iter; left time: 563.0294s
	iters: 500, epoch: 6 | loss: 0.3559553
	speed: 0.0170s/iter; left time: 501.2601s
	iters: 3500, epoch: 10 | loss: 0.2383001
	speed: 0.0176s/iter; left time: 18.8403s
	iters: 3600, epoch: 10 | loss: 0.2887587
	speed: 0.0136s/iter; left time: 13.2069s
	iters: 600, epoch: 6 | loss: 0.4169073
	speed: 0.0168s/iter; left time: 493.1222s
	iters: 3700, epoch: 10 | loss: 0.2947405
	speed: 0.0141s/iter; left time: 12.2397s
	iters: 700, epoch: 6 | loss: 0.3305535
	speed: 0.0171s/iter; left time: 502.0807s
	iters: 3800, epoch: 10 | loss: 0.3189307
	speed: 0.0135s/iter; left time: 10.3974s
	iters: 800, epoch: 6 | loss: 0.3815321
	speed: 0.0172s/iter; left time: 503.2060s
	iters: 3900, epoch: 10 | loss: 0.2362336
	speed: 0.0140s/iter; left time: 9.3357s
	iters: 900, epoch: 6 | loss: 0.3511157
	speed: 0.0168s/iter; left time: 489.2219s
	iters: 4000, epoch: 10 | loss: 0.2521663
	speed: 0.0135s/iter; left time: 7.6658s
	iters: 4100, epoch: 10 | loss: 0.2618595
	speed: 0.0136s/iter; left time: 6.3818s
	iters: 1000, epoch: 6 | loss: 0.3203333
	speed: 0.0176s/iter; left time: 509.3738s
	iters: 4200, epoch: 10 | loss: 0.2012841
	speed: 0.0143s/iter; left time: 5.2687s
	iters: 1100, epoch: 6 | loss: 0.4221466
	speed: 0.0219s/iter; left time: 632.2474s
	iters: 4300, epoch: 10 | loss: 0.2309444
	speed: 0.0143s/iter; left time: 3.8415s
	iters: 1200, epoch: 6 | loss: 0.3809572
	speed: 0.0177s/iter; left time: 508.1864s
	iters: 4400, epoch: 10 | loss: 0.2241074
	speed: 0.0181s/iter; left time: 3.0546s
	iters: 1300, epoch: 6 | loss: 0.4176085
	speed: 0.0175s/iter; left time: 502.2250s
	iters: 4500, epoch: 10 | loss: 0.2376688
	speed: 0.0165s/iter; left time: 1.1380s
Epoch: 10 cost time: 72.05256724357605
	iters: 1400, epoch: 6 | loss: 0.3304211
	speed: 0.0202s/iter; left time: 577.5257s
	iters: 1500, epoch: 6 | loss: 0.4286018
	speed: 0.0350s/iter; left time: 997.2336s
	iters: 1600, epoch: 6 | loss: 0.4199122
	speed: 0.0249s/iter; left time: 706.3753s
	iters: 1700, epoch: 6 | loss: 0.4397286
	speed: 0.0306s/iter; left time: 866.0612s
	iters: 1800, epoch: 6 | loss: 0.4348805
	speed: 0.0291s/iter; left time: 819.9992s
	iters: 1900, epoch: 6 | loss: 0.3654949
	speed: 0.0302s/iter; left time: 847.5262s
Epoch: 10, Steps: 4568 | Train Loss: 0.2542058 Vali Loss: 0.1669026 Test Loss: 0.1829438
Validation loss decreased (0.166931 --> 0.166903).  Saving model ...
Updating learning rate to 1.953125e-07
>>>>>>>testing : long_term_forecast_FPEMH48H192_Electricity_96_48_PatchTST_custom_ftM_sl96_ll48_pl48_dm128_nh8_el1_dl1_df256_expand2_dc4_fc3_ebtimeF_dtTrue_FPEMH48H192_PatchTST_Electricity_48_0<<<<<<<<<<<<<<<<<<<<<<<<<<<<<<<<<
	iters: 2000, epoch: 6 | loss: 0.4030285
	speed: 0.0368s/iter; left time: 1030.5980s
	iters: 2100, epoch: 6 | loss: 0.3129569
	speed: 0.0178s/iter; left time: 497.0413s
test 5213
	iters: 2200, epoch: 6 | loss: 0.3977341
	speed: 0.0173s/iter; left time: 479.6719s
	iters: 2300, epoch: 6 | loss: 0.5282890
	speed: 0.0178s/iter; left time: 492.0370s
	iters: 2400, epoch: 6 | loss: 0.3974007
	speed: 0.0178s/iter; left time: 492.4026s
	iters: 2500, epoch: 6 | loss: 0.4386214
	speed: 0.0188s/iter; left time: 516.7737s
	iters: 2600, epoch: 6 | loss: 0.4635239
	speed: 0.0414s/iter; left time: 1133.7196s
	iters: 2700, epoch: 6 | loss: 0.3917168
	speed: 0.0239s/iter; left time: 652.6613s
	iters: 2800, epoch: 6 | loss: 0.5252772
	speed: 0.0164s/iter; left time: 445.4046s
	iters: 2900, epoch: 6 | loss: 0.3674615
	speed: 0.0164s/iter; left time: 445.1684s
	iters: 3000, epoch: 6 | loss: 0.3520623
	speed: 0.0164s/iter; left time: 442.7945s
	iters: 3100, epoch: 6 | loss: 0.4238251
	speed: 0.0170s/iter; left time: 458.3058s
	iters: 3200, epoch: 6 | loss: 0.3739102
	speed: 0.0190s/iter; left time: 509.4098s
	iters: 3300, epoch: 6 | loss: 0.4271346
	speed: 0.0168s/iter; left time: 448.3159s
	iters: 3400, epoch: 6 | loss: 0.3605834
	speed: 0.0214s/iter; left time: 568.5779s
	iters: 3500, epoch: 6 | loss: 0.3633661
	speed: 0.0163s/iter; left time: 432.6201s
test shape: (5213, 48, 321) (5213, 48, 321)
test shape: (5213, 48, 321) (5213, 48, 321)
	iters: 3600, epoch: 6 | loss: 0.3511279
	speed: 0.0157s/iter; left time: 415.0501s
	iters: 3700, epoch: 6 | loss: 0.3809152
	speed: 0.0160s/iter; left time: 420.5642s
mse:0.1828838288784027, mae:0.2715880870819092, dtw:Not calculated
	iters: 3800, epoch: 6 | loss: 0.3930281
	speed: 0.0154s/iter; left time: 403.0999s
	iters: 3900, epoch: 6 | loss: 0.4223436
	speed: 0.0155s/iter; left time: 404.2273s
	iters: 4000, epoch: 6 | loss: 0.3592745
	speed: 0.0155s/iter; left time: 402.3669s
dataset=ETTh2 pred_len=48 backbone=DLinear GPU=2 output=results/fpem_classic_baselines_h48_h192/DLinear/ETTh2/pred_48
exact command: env CUDA_VISIBLE_DEVICES=2 /data/OuXiaoyu/miniconda3/envs/basicts/bin/python -u run.py --task_name long_term_forecast --is_training 1 --root_path ./dataset/all_datasets/ETT-small --data_path ETTh2.csv --model_id FPEMH48H192_ETTh2_96_48 --model DLinear --data ETTh2 --features M --target OT --freq h --seq_len 96 --label_len 48 --pred_len 48 --e_layers 2 --d_layers 1 --factor 3 --enc_in 7 --dec_in 7 --c_out 7 --d_model 512 --d_ff 2048 --n_heads 8 --batch_size 32 --learning_rate 1e-4 --train_epochs 10 --patience 3 --num_workers 0 --des FPEMH48H192_DLinear_ETTh2_48 --itr 1 --checkpoints results/fpem_classic_baselines_h48_h192/DLinear/ETTh2/pred_48/checkpoints 
	iters: 4100, epoch: 6 | loss: 0.4522572
	speed: 0.0216s/iter; left time: 560.0492s
Using GPU
Args in experiment:
[1mBasic Config[0m
  Task Name:          long_term_forecast  Is Training:        1                   
  Model ID:           FPEMH48H192_ETTh2_96_48Model:              DLinear             

[1mData Loader[0m
  Data:               ETTh2               Root Path:          ./dataset/all_datasets/ETT-small
  Data Path:          ETTh2.csv           Features:           M                   
  Target:             OT                  Freq:               h                   
  Checkpoints:        results/fpem_classic_baselines_h48_h192/DLinear/ETTh2/pred_48/checkpoints

[1mForecasting Task[0m
  Seq Len:            96                  Label Len:          48                  
  Pred Len:           48                  Seasonal Patterns:  Monthly             
  Inverse:            0                   

[1mModel Parameters[0m
  Top k:              5                   Num Kernels:        6                   
  Enc In:             7                   Dec In:             7                   
  C Out:              7                   d model:            512                 
  n heads:            8                   e layers:           2                   
  d layers:           1                   d FF:               2048                
  Moving Avg:         25                  Factor:             3                   
  Distil:             1                   Dropout:            0.1                 
  Embed:              timeF               Activation:         gelu                

[1mRun Parameters[0m
  Num Workers:        0                   Itr:                1                   
  Train Epochs:       10                  Batch Size:         32                  
  Patience:           3                   Learning Rate:      0.0001              
  Des:                FPEMH48H192_DLinear_ETTh2_48Loss:               MSE                 
  Lradj:              type1               Use Amp:            0                   

[1mGPU[0m
  Use GPU:            1                   GPU:                0                   
  Use Multi GPU:      0                   Devices:            0,1,2,3             

[1mDe-stationary Projector Params[0m
  P Hidden Dims:      128, 128            P Hidden Layers:    2                   

	iters: 4200, epoch: 6 | loss: 0.3961580
	speed: 0.0334s/iter; left time: 862.1577s
Use GPU: cuda:0
🚀 Lazy Loading: DLinear ...
>>>>>>>start training : long_term_forecast_FPEMH48H192_ETTh2_96_48_DLinear_ETTh2_ftM_sl96_ll48_pl48_dm512_nh8_el2_dl1_df2048_expand2_dc4_fc3_ebtimeF_dtTrue_FPEMH48H192_DLinear_ETTh2_48_0>>>>>>>>>>>>>>>>>>>>>>>>>>
train 8497
val 2833
test 2833
	iters: 4300, epoch: 6 | loss: 0.3168036
	speed: 0.0246s/iter; left time: 630.6213s
	iters: 100, epoch: 1 | loss: 0.4940510
	speed: 0.0205s/iter; left time: 52.3769s
	iters: 4400, epoch: 6 | loss: 0.3947735
	speed: 0.0158s/iter; left time: 403.0765s
	iters: 200, epoch: 1 | loss: 0.2211121
	speed: 0.0046s/iter; left time: 11.2766s
Epoch: 1 cost time: 1.4385089874267578
Epoch: 1, Steps: 266 | Train Loss: 0.3870301 Vali Loss: 0.2026225 Test Loss: 0.2859315
Validation loss decreased (inf --> 0.202622).  Saving model ...
Updating learning rate to 0.0001
	iters: 100, epoch: 2 | loss: 0.3252584
	speed: 0.0117s/iter; left time: 26.8085s
	iters: 4500, epoch: 6 | loss: 0.4873453
	speed: 0.0157s/iter; left time: 400.3221s
	iters: 200, epoch: 2 | loss: 0.1675006
	speed: 0.0044s/iter; left time: 9.7192s
Epoch: 2 cost time: 1.169560432434082
Epoch: 2, Steps: 266 | Train Loss: 0.3364203 Vali Loss: 0.1878109 Test Loss: 0.2713105
Validation loss decreased (0.202622 --> 0.187811).  Saving model ...
Updating learning rate to 5e-05
	iters: 100, epoch: 3 | loss: 0.2000787
	speed: 0.0109s/iter; left time: 22.2159s
	iters: 4600, epoch: 6 | loss: 0.3393923
	speed: 0.0157s/iter; left time: 398.7025s
	iters: 200, epoch: 3 | loss: 0.2167373
	speed: 0.0042s/iter; left time: 8.0123s
Epoch: 3 cost time: 1.1164112091064453
Epoch: 3, Steps: 266 | Train Loss: 0.3223671 Vali Loss: 0.1798388 Test Loss: 0.2585858
Validation loss decreased (0.187811 --> 0.179839).  Saving model ...
Updating learning rate to 2.5e-05
	iters: 100, epoch: 4 | loss: 0.2430233
	speed: 0.0113s/iter; left time: 19.8386s
	iters: 4700, epoch: 6 | loss: 0.3493884
	speed: 0.0158s/iter; left time: 398.6780s
	iters: 200, epoch: 4 | loss: 0.3546929
	speed: 0.0046s/iter; left time: 7.7073s
Epoch: 4 cost time: 1.1809635162353516
Epoch: 4, Steps: 266 | Train Loss: 0.3181180 Vali Loss: 0.1785935 Test Loss: 0.2577349
Validation loss decreased (0.179839 --> 0.178593).  Saving model ...
Updating learning rate to 1.25e-05
	iters: 100, epoch: 5 | loss: 0.2738847
	speed: 0.0115s/iter; left time: 17.1780s
	iters: 200, epoch: 5 | loss: 0.1959084
	speed: 0.0045s/iter; left time: 6.2878s
	iters: 4800, epoch: 6 | loss: 0.3457245
	speed: 0.0212s/iter; left time: 534.2526s
Epoch: 5 cost time: 1.2825677394866943
Epoch: 5, Steps: 266 | Train Loss: 0.3160879 Vali Loss: 0.1784260 Test Loss: 0.2575576
Validation loss decreased (0.178593 --> 0.178426).  Saving model ...
Updating learning rate to 6.25e-06
	iters: 100, epoch: 6 | loss: 0.3955897
	speed: 0.0123s/iter; left time: 15.1102s
	iters: 200, epoch: 6 | loss: 0.2226278
	speed: 0.0042s/iter; left time: 4.7244s
Epoch: 6 cost time: 1.1366345882415771
	iters: 4900, epoch: 6 | loss: 0.4018134
	speed: 0.0168s/iter; left time: 421.1448s
Epoch: 6, Steps: 266 | Train Loss: 0.3151165 Vali Loss: 0.1778633 Test Loss: 0.2575987
Validation loss decreased (0.178426 --> 0.177863).  Saving model ...
Updating learning rate to 3.125e-06
	iters: 100, epoch: 7 | loss: 0.4905489
	speed: 0.0111s/iter; left time: 10.7031s
	iters: 200, epoch: 7 | loss: 0.2172433
	speed: 0.0041s/iter; left time: 3.5436s
Epoch: 7 cost time: 1.0847039222717285
	iters: 5000, epoch: 6 | loss: 0.3946852
	speed: 0.0160s/iter; left time: 399.5670s
Epoch: 7, Steps: 266 | Train Loss: 0.3147373 Vali Loss: 0.1775029 Test Loss: 0.2566701
Validation loss decreased (0.177863 --> 0.177503).  Saving model ...
Updating learning rate to 1.5625e-06
	iters: 100, epoch: 8 | loss: 0.3521192
	speed: 0.0110s/iter; left time: 7.7204s
	iters: 200, epoch: 8 | loss: 0.2484790
	speed: 0.0045s/iter; left time: 2.6924s
Epoch: 8 cost time: 1.1686322689056396
	iters: 5100, epoch: 6 | loss: 0.3338752
	speed: 0.0156s/iter; left time: 388.3403s
Epoch: 8, Steps: 266 | Train Loss: 0.3139566 Vali Loss: 0.1777293 Test Loss: 0.2563724
EarlyStopping counter: 1 out of 3
Updating learning rate to 7.8125e-07
	iters: 100, epoch: 9 | loss: 0.3443754
	speed: 0.0115s/iter; left time: 4.9823s
	iters: 200, epoch: 9 | loss: 0.2677804
	speed: 0.0041s/iter; left time: 1.3629s
Epoch: 9 cost time: 1.18326735496521
	iters: 5200, epoch: 6 | loss: 0.3483529
	speed: 0.0158s/iter; left time: 390.8218s
Epoch: 9, Steps: 266 | Train Loss: 0.3139179 Vali Loss: 0.1773963 Test Loss: 0.2562559
Validation loss decreased (0.177503 --> 0.177396).  Saving model ...
Updating learning rate to 3.90625e-07
	iters: 100, epoch: 10 | loss: 0.2311919
	speed: 0.0112s/iter; left time: 1.8722s
	iters: 200, epoch: 10 | loss: 0.2631717
	speed: 0.0045s/iter; left time: 0.3016s
Epoch: 10 cost time: 1.2059388160705566
	iters: 5300, epoch: 6 | loss: 0.3170187
	speed: 0.0157s/iter; left time: 387.1359s
Epoch: 10, Steps: 266 | Train Loss: 0.3139392 Vali Loss: 0.1771265 Test Loss: 0.2561519
Validation loss decreased (0.177396 --> 0.177127).  Saving model ...
Updating learning rate to 1.953125e-07
>>>>>>>testing : long_term_forecast_FPEMH48H192_ETTh2_96_48_DLinear_ETTh2_ftM_sl96_ll48_pl48_dm512_nh8_el2_dl1_df2048_expand2_dc4_fc3_ebtimeF_dtTrue_FPEMH48H192_DLinear_ETTh2_48_0<<<<<<<<<<<<<<<<<<<<<<<<<<<<<<<<<
test 2833
	iters: 5400, epoch: 6 | loss: 0.3567093
	speed: 0.0158s/iter; left time: 388.4710s
test shape: (2833, 48, 7) (2833, 48, 7)
test shape: (2833, 48, 7) (2833, 48, 7)
mse:0.2570127844810486, mae:0.338863343000412, dtw:Not calculated
dataset=ETTm1 pred_len=192 backbone=DLinear GPU=2 output=results/fpem_classic_baselines_h48_h192/DLinear/ETTm1/pred_192
exact command: env CUDA_VISIBLE_DEVICES=2 /data/OuXiaoyu/miniconda3/envs/basicts/bin/python -u run.py --task_name long_term_forecast --is_training 1 --root_path ./dataset/all_datasets/ETT-small --data_path ETTm1.csv --model_id FPEMH48H192_ETTm1_96_192 --model DLinear --data ETTm1 --features M --target OT --freq 15min --seq_len 96 --label_len 48 --pred_len 192 --e_layers 2 --d_layers 1 --factor 3 --enc_in 7 --dec_in 7 --c_out 7 --d_model 512 --d_ff 2048 --n_heads 8 --batch_size 32 --learning_rate 1e-4 --train_epochs 10 --patience 3 --num_workers 0 --des FPEMH48H192_DLinear_ETTm1_192 --itr 1 --checkpoints results/fpem_classic_baselines_h48_h192/DLinear/ETTm1/pred_192/checkpoints 
	iters: 5500, epoch: 6 | loss: 0.3707646
	speed: 0.0191s/iter; left time: 467.6049s
Using GPU
Args in experiment:
[1mBasic Config[0m
  Task Name:          long_term_forecast  Is Training:        1                   
  Model ID:           FPEMH48H192_ETTm1_96_192Model:              DLinear             

[1mData Loader[0m
  Data:               ETTm1               Root Path:          ./dataset/all_datasets/ETT-small
  Data Path:          ETTm1.csv           Features:           M                   
  Target:             OT                  Freq:               15min               
  Checkpoints:        results/fpem_classic_baselines_h48_h192/DLinear/ETTm1/pred_192/checkpoints

[1mForecasting Task[0m
  Seq Len:            96                  Label Len:          48                  
  Pred Len:           192                 Seasonal Patterns:  Monthly             
  Inverse:            0                   

[1mModel Parameters[0m
  Top k:              5                   Num Kernels:        6                   
  Enc In:             7                   Dec In:             7                   
  C Out:              7                   d model:            512                 
  n heads:            8                   e layers:           2                   
  d layers:           1                   d FF:               2048                
  Moving Avg:         25                  Factor:             3                   
  Distil:             1                   Dropout:            0.1                 
  Embed:              timeF               Activation:         gelu                

[1mRun Parameters[0m
  Num Workers:        0                   Itr:                1                   
  Train Epochs:       10                  Batch Size:         32                  
  Patience:           3                   Learning Rate:      0.0001              
  Des:                FPEMH48H192_DLinear_ETTm1_192Loss:               MSE                 
  Lradj:              type1               Use Amp:            0                   

[1mGPU[0m
  Use GPU:            1                   GPU:                0                   
  Use Multi GPU:      0                   Devices:            0,1,2,3             

[1mDe-stationary Projector Params[0m
  P Hidden Dims:      128, 128            P Hidden Layers:    2                   

	iters: 5600, epoch: 6 | loss: 0.3294719
	speed: 0.0322s/iter; left time: 785.0071s
Use GPU: cuda:0
🚀 Lazy Loading: DLinear ...
>>>>>>>start training : long_term_forecast_FPEMH48H192_ETTm1_96_192_DLinear_ETTm1_ftM_sl96_ll48_pl192_dm512_nh8_el2_dl1_df2048_expand2_dc4_fc3_ebtimeF_dtTrue_FPEMH48H192_DLinear_ETTm1_192_0>>>>>>>>>>>>>>>>>>>>>>>>>>
	iters: 5700, epoch: 6 | loss: 0.4026476
	speed: 0.0156s/iter; left time: 379.3826s
train 34273
val 11329
test 11329
	iters: 5800, epoch: 6 | loss: 0.3657286
	speed: 0.0158s/iter; left time: 381.2352s
	iters: 100, epoch: 1 | loss: 0.3929068
	speed: 0.0237s/iter; left time: 251.1895s
	iters: 5900, epoch: 6 | loss: 0.3632542
	speed: 0.0179s/iter; left time: 430.6793s
	iters: 200, epoch: 1 | loss: 0.4751322
	speed: 0.0070s/iter; left time: 73.2602s
	iters: 300, epoch: 1 | loss: 0.3869590
	speed: 0.0068s/iter; left time: 70.6990s
	iters: 400, epoch: 1 | loss: 0.3072203
	speed: 0.0062s/iter; left time: 64.3865s
Epoch: 6 cost time: 119.48382902145386
	iters: 500, epoch: 1 | loss: 0.3331053
	speed: 0.0079s/iter; left time: 80.9489s
	iters: 600, epoch: 1 | loss: 0.2914332
	speed: 0.0100s/iter; left time: 101.4359s
	iters: 700, epoch: 1 | loss: 0.3603554
	speed: 0.0099s/iter; left time: 98.7480s
	iters: 800, epoch: 1 | loss: 0.3366744
	speed: 0.0090s/iter; left time: 89.1177s
	iters: 900, epoch: 1 | loss: 0.4618529
	speed: 0.0105s/iter; left time: 103.1932s
	iters: 1000, epoch: 1 | loss: 0.3801309
	speed: 0.0103s/iter; left time: 99.8643s
Epoch: 1 cost time: 9.499473333358765
Epoch: 1, Steps: 1072 | Train Loss: 0.3819588 Vali Loss: 0.5177535 Test Loss: 0.3890465
Validation loss decreased (inf --> 0.517753).  Saving model ...
Updating learning rate to 0.0001
	iters: 100, epoch: 2 | loss: 0.3183513
	speed: 0.0427s/iter; left time: 407.9211s
	iters: 200, epoch: 2 | loss: 0.3590558
	speed: 0.0092s/iter; left time: 87.1577s
	iters: 300, epoch: 2 | loss: 0.3258539
	speed: 0.0093s/iter; left time: 86.7648s
	iters: 400, epoch: 2 | loss: 0.3534045
	speed: 0.0091s/iter; left time: 84.5050s
	iters: 500, epoch: 2 | loss: 0.3594708
	speed: 0.0093s/iter; left time: 85.2979s
	iters: 600, epoch: 2 | loss: 0.3956713
	speed: 0.0092s/iter; left time: 83.2999s
	iters: 700, epoch: 2 | loss: 0.3448140
	speed: 0.0094s/iter; left time: 84.1459s
	iters: 800, epoch: 2 | loss: 0.3672889
	speed: 0.0097s/iter; left time: 85.8388s
	iters: 900, epoch: 2 | loss: 0.4535412
	speed: 0.0102s/iter; left time: 89.2920s
	iters: 1000, epoch: 2 | loss: 0.2772984
	speed: 0.0100s/iter; left time: 86.4202s
Epoch: 2 cost time: 10.258857488632202
Epoch: 2, Steps: 1072 | Train Loss: 0.3590981 Vali Loss: 0.5111810 Test Loss: 0.3825391
Validation loss decreased (0.517753 --> 0.511181).  Saving model ...
Updating learning rate to 5e-05
	iters: 100, epoch: 3 | loss: 0.3743996
	speed: 0.0450s/iter; left time: 381.7803s
	iters: 200, epoch: 3 | loss: 0.4096428
	speed: 0.0095s/iter; left time: 79.9576s
	iters: 300, epoch: 3 | loss: 0.2984317
	speed: 0.0105s/iter; left time: 87.1918s
	iters: 400, epoch: 3 | loss: 0.3001023
	speed: 0.0096s/iter; left time: 78.4251s
	iters: 500, epoch: 3 | loss: 0.3406822
	speed: 0.0102s/iter; left time: 82.5341s
Epoch: 6, Steps: 5997 | Train Loss: 0.3734949 Vali Loss: 0.4243910 Test Loss: 0.5031855
Validation loss decreased (0.425004 --> 0.424391).  Saving model ...
Updating learning rate to 3.125e-06
	iters: 600, epoch: 3 | loss: 0.3216192
	speed: 0.0077s/iter; left time: 61.0561s
	iters: 700, epoch: 3 | loss: 0.3723746
	speed: 0.0063s/iter; left time: 49.8459s
	iters: 800, epoch: 3 | loss: 0.3424879
	speed: 0.0066s/iter; left time: 51.3168s
	iters: 100, epoch: 7 | loss: 0.4048343
	speed: 0.3073s/iter; left time: 7340.5872s
	iters: 900, epoch: 3 | loss: 0.3069844
	speed: 0.0067s/iter; left time: 51.7514s
	iters: 1000, epoch: 3 | loss: 0.3541514
	speed: 0.0078s/iter; left time: 59.3922s
Epoch: 3 cost time: 8.951330184936523
	iters: 200, epoch: 7 | loss: 0.3632389
	speed: 0.0273s/iter; left time: 649.5020s
Epoch: 3, Steps: 1072 | Train Loss: 0.3577176 Vali Loss: 0.5087700 Test Loss: 0.3809875
Validation loss decreased (0.511181 --> 0.508770).  Saving model ...
Updating learning rate to 2.5e-05
	iters: 100, epoch: 4 | loss: 0.3084872
	speed: 0.0378s/iter; left time: 280.0948s
	iters: 300, epoch: 7 | loss: 0.3282421
	speed: 0.0252s/iter; left time: 595.8437s
	iters: 200, epoch: 4 | loss: 0.3173068
	speed: 0.0060s/iter; left time: 43.7939s
	iters: 300, epoch: 4 | loss: 0.4023259
	speed: 0.0055s/iter; left time: 39.4326s
	iters: 400, epoch: 4 | loss: 0.3188620
	speed: 0.0058s/iter; left time: 41.2583s
	iters: 400, epoch: 7 | loss: 0.5633508
	speed: 0.0171s/iter; left time: 404.2672s
	iters: 500, epoch: 4 | loss: 0.3620799
	speed: 0.0054s/iter; left time: 38.0703s
	iters: 600, epoch: 4 | loss: 0.3443631
	speed: 0.0059s/iter; left time: 40.7822s
	iters: 700, epoch: 4 | loss: 0.3969471
	speed: 0.0058s/iter; left time: 39.7588s
	iters: 500, epoch: 7 | loss: 0.4067826
	speed: 0.0172s/iter; left time: 403.0467s
	iters: 800, epoch: 4 | loss: 0.3440380
	speed: 0.0057s/iter; left time: 38.0910s
	iters: 900, epoch: 4 | loss: 0.3130271
	speed: 0.0061s/iter; left time: 40.0001s
	iters: 1000, epoch: 4 | loss: 0.3998241
	speed: 0.0056s/iter; left time: 36.3794s
	iters: 600, epoch: 7 | loss: 0.2959502
	speed: 0.0168s/iter; left time: 392.8905s
Epoch: 4 cost time: 6.247938871383667
Epoch: 4, Steps: 1072 | Train Loss: 0.3573110 Vali Loss: 0.5102266 Test Loss: 0.3807970
EarlyStopping counter: 1 out of 3
Updating learning rate to 1.25e-05
	iters: 700, epoch: 7 | loss: 0.3182969
	speed: 0.0340s/iter; left time: 791.9674s
	iters: 100, epoch: 5 | loss: 0.3341834
	speed: 0.0378s/iter; left time: 239.6659s
	iters: 200, epoch: 5 | loss: 0.3113575
	speed: 0.0077s/iter; left time: 47.7316s
	iters: 300, epoch: 5 | loss: 0.3928058
	speed: 0.0074s/iter; left time: 45.6586s
	iters: 400, epoch: 5 | loss: 0.3566201
	speed: 0.0061s/iter; left time: 36.5267s
	iters: 800, epoch: 7 | loss: 0.3887626
	speed: 0.0245s/iter; left time: 568.4278s
	iters: 500, epoch: 5 | loss: 0.3285840
	speed: 0.0059s/iter; left time: 35.1123s
	iters: 600, epoch: 5 | loss: 0.4348483
	speed: 0.0055s/iter; left time: 32.2473s
	iters: 700, epoch: 5 | loss: 0.3986537
	speed: 0.0056s/iter; left time: 32.2832s
	iters: 900, epoch: 7 | loss: 0.3093582
	speed: 0.0171s/iter; left time: 394.9528s
	iters: 800, epoch: 5 | loss: 0.3965489
	speed: 0.0059s/iter; left time: 33.4855s
	iters: 900, epoch: 5 | loss: 0.4057326
	speed: 0.0059s/iter; left time: 32.4176s
	iters: 1000, epoch: 7 | loss: 0.3695626
	speed: 0.0170s/iter; left time: 390.6250s
	iters: 1000, epoch: 5 | loss: 0.3145421
	speed: 0.0061s/iter; left time: 33.1133s
Epoch: 5 cost time: 6.820722818374634
Epoch: 5, Steps: 1072 | Train Loss: 0.3572778 Vali Loss: 0.5104592 Test Loss: 0.3809140
EarlyStopping counter: 2 out of 3
Updating learning rate to 6.25e-06
	iters: 1100, epoch: 7 | loss: 0.3851461
	speed: 0.0311s/iter; left time: 711.6240s
	iters: 100, epoch: 6 | loss: 0.3433015
	speed: 0.0322s/iter; left time: 169.2958s
	iters: 200, epoch: 6 | loss: 0.3719707
	speed: 0.0057s/iter; left time: 29.4003s
	iters: 300, epoch: 6 | loss: 0.3462678
	speed: 0.0071s/iter; left time: 35.8824s
	iters: 1200, epoch: 7 | loss: 0.4161080
	speed: 0.0172s/iter; left time: 391.7479s
	iters: 400, epoch: 6 | loss: 0.3704559
	speed: 0.0055s/iter; left time: 27.4759s
	iters: 500, epoch: 6 | loss: 0.2796156
	speed: 0.0066s/iter; left time: 32.2258s
	iters: 600, epoch: 6 | loss: 0.4039197
	speed: 0.0063s/iter; left time: 29.8619s
	iters: 1300, epoch: 7 | loss: 0.4380037
	speed: 0.0175s/iter; left time: 396.0327s
	iters: 700, epoch: 6 | loss: 0.3439202
	speed: 0.0094s/iter; left time: 43.5840s
	iters: 800, epoch: 6 | loss: 0.3562311
	speed: 0.0063s/iter; left time: 28.9540s
	iters: 1400, epoch: 7 | loss: 0.4077629
	speed: 0.0181s/iter; left time: 408.5593s
	iters: 900, epoch: 6 | loss: 0.3649109
	speed: 0.0070s/iter; left time: 31.0259s
	iters: 1000, epoch: 6 | loss: 0.4411595
	speed: 0.0067s/iter; left time: 29.0997s
Epoch: 6 cost time: 7.144516944885254
	iters: 1500, epoch: 7 | loss: 0.3523439
	speed: 0.0226s/iter; left time: 508.0673s
Epoch: 6, Steps: 1072 | Train Loss: 0.3571732 Vali Loss: 0.5108978 Test Loss: 0.3807865
EarlyStopping counter: 3 out of 3
Early stopping
>>>>>>>testing : long_term_forecast_FPEMH48H192_ETTm1_96_192_DLinear_ETTm1_ftM_sl96_ll48_pl192_dm512_nh8_el2_dl1_df2048_expand2_dc4_fc3_ebtimeF_dtTrue_FPEMH48H192_DLinear_ETTm1_192_0<<<<<<<<<<<<<<<<<<<<<<<<<<<<<<<<<
test 11329
	iters: 1600, epoch: 7 | loss: 0.3535287
	speed: 0.0243s/iter; left time: 544.9167s
	iters: 1700, epoch: 7 | loss: 0.3946503
	speed: 0.0167s/iter; left time: 371.9599s
	iters: 1800, epoch: 7 | loss: 0.3662674
	speed: 0.0164s/iter; left time: 362.9700s
	iters: 1900, epoch: 7 | loss: 0.3584450
	speed: 0.0166s/iter; left time: 366.8072s
test shape: (11329, 192, 7) (11329, 192, 7)
test shape: (11329, 192, 7) (11329, 192, 7)
mse:0.38181474804878235, mae:0.39106860756874084, dtw:Not calculated
	iters: 2000, epoch: 7 | loss: 0.3235334
	speed: 0.0158s/iter; left time: 347.8898s
dataset=ExchangeRate pred_len=48 backbone=DLinear GPU=2 output=results/fpem_classic_baselines_h48_h192/DLinear/ExchangeRate/pred_48
exact command: env CUDA_VISIBLE_DEVICES=2 /data/OuXiaoyu/miniconda3/envs/basicts/bin/python -u run.py --task_name long_term_forecast --is_training 1 --root_path ./dataset/all_datasets/exchange_rate --data_path exchange_rate.csv --model_id FPEMH48H192_ExchangeRate_96_48 --model DLinear --data custom --features M --target OT --freq d --seq_len 96 --label_len 48 --pred_len 48 --e_layers 2 --d_layers 1 --factor 3 --enc_in 8 --dec_in 8 --c_out 8 --d_model 512 --d_ff 2048 --n_heads 8 --batch_size 32 --learning_rate 1e-4 --train_epochs 10 --patience 3 --num_workers 0 --des FPEMH48H192_DLinear_ExchangeRate_48 --itr 1 --checkpoints results/fpem_classic_baselines_h48_h192/DLinear/ExchangeRate/pred_48/checkpoints 
	iters: 2100, epoch: 7 | loss: 0.3355905
	speed: 0.0171s/iter; left time: 374.3054s
Using GPU
Args in experiment:
[1mBasic Config[0m
  Task Name:          long_term_forecast  Is Training:        1                   
  Model ID:           FPEMH48H192_ExchangeRate_96_48Model:              DLinear             

[1mData Loader[0m
  Data:               custom              Root Path:          ./dataset/all_datasets/exchange_rate
  Data Path:          exchange_rate.csv   Features:           M                   
  Target:             OT                  Freq:               d                   
  Checkpoints:        results/fpem_classic_baselines_h48_h192/DLinear/ExchangeRate/pred_48/checkpoints

[1mForecasting Task[0m
  Seq Len:            96                  Label Len:          48                  
  Pred Len:           48                  Seasonal Patterns:  Monthly             
  Inverse:            0                   

[1mModel Parameters[0m
  Top k:              5                   Num Kernels:        6                   
  Enc In:             8                   Dec In:             8                   
  C Out:              8                   d model:            512                 
  n heads:            8                   e layers:           2                   
  d layers:           1                   d FF:               2048                
  Moving Avg:         25                  Factor:             3                   
  Distil:             1                   Dropout:            0.1                 
  Embed:              timeF               Activation:         gelu                

[1mRun Parameters[0m
  Num Workers:        0                   Itr:                1                   
  Train Epochs:       10                  Batch Size:         32                  
  Patience:           3                   Learning Rate:      0.0001              
  Des:                FPEMH48H192_DLinear_ExchangeRate_48Loss:               MSE                 
  Lradj:              type1               Use Amp:            0                   

[1mGPU[0m
  Use GPU:            1                   GPU:                0                   
  Use Multi GPU:      0                   Devices:            0,1,2,3             

[1mDe-stationary Projector Params[0m
  P Hidden Dims:      128, 128            P Hidden Layers:    2                   

	iters: 2200, epoch: 7 | loss: 0.3253719
	speed: 0.0225s/iter; left time: 490.3973s
	iters: 2300, epoch: 7 | loss: 0.3222867
	speed: 0.0167s/iter; left time: 362.4609s
Use GPU: cuda:0
🚀 Lazy Loading: DLinear ...
>>>>>>>start training : long_term_forecast_FPEMH48H192_ExchangeRate_96_48_DLinear_custom_ftM_sl96_ll48_pl48_dm512_nh8_el2_dl1_df2048_expand2_dc4_fc3_ebtimeF_dtTrue_FPEMH48H192_DLinear_ExchangeRate_48_0>>>>>>>>>>>>>>>>>>>>>>>>>>
train 5168
val 713
test 1470
	iters: 2400, epoch: 7 | loss: 0.3364981
	speed: 0.0158s/iter; left time: 341.8443s
	iters: 100, epoch: 1 | loss: 0.0812898
	speed: 0.0197s/iter; left time: 29.9033s
Epoch: 1 cost time: 0.8800370693206787
	iters: 2500, epoch: 7 | loss: 0.4062268
	speed: 0.0159s/iter; left time: 341.3274s
Epoch: 1, Steps: 162 | Train Loss: 0.1247774 Vali Loss: 0.1464747 Test Loss: 0.0707476
Validation loss decreased (inf --> 0.146475).  Saving model ...
Updating learning rate to 0.0001
	iters: 100, epoch: 2 | loss: 0.1449312
	speed: 0.0084s/iter; left time: 11.4398s
Epoch: 2 cost time: 0.6965305805206299
Epoch: 2, Steps: 162 | Train Loss: 0.0937941 Vali Loss: 0.1161503 Test Loss: 0.0572437
Validation loss decreased (0.146475 --> 0.116150).  Saving model ...
Updating learning rate to 5e-05
	iters: 100, epoch: 3 | loss: 0.0543824
	speed: 0.0090s/iter; left time: 10.7521s
	iters: 2600, epoch: 7 | loss: 0.3314985
	speed: 0.0158s/iter; left time: 338.3923s
Epoch: 3 cost time: 0.7465786933898926
Epoch: 3, Steps: 162 | Train Loss: 0.0836226 Vali Loss: 0.1062316 Test Loss: 0.0535048
Validation loss decreased (0.116150 --> 0.106232).  Saving model ...
Updating learning rate to 2.5e-05
	iters: 100, epoch: 4 | loss: 0.0713696
	speed: 0.0089s/iter; left time: 9.1919s
Epoch: 4 cost time: 0.7162666320800781
Epoch: 4, Steps: 162 | Train Loss: 0.0805678 Vali Loss: 0.1143528 Test Loss: 0.0539698
EarlyStopping counter: 1 out of 3
Updating learning rate to 1.25e-05
	iters: 2700, epoch: 7 | loss: 0.3290878
	speed: 0.0157s/iter; left time: 333.3332s
	iters: 100, epoch: 5 | loss: 0.0619427
	speed: 0.0087s/iter; left time: 7.5523s
Epoch: 5 cost time: 0.7023444175720215
Epoch: 5, Steps: 162 | Train Loss: 0.0795097 Vali Loss: 0.1137101 Test Loss: 0.0538151
EarlyStopping counter: 2 out of 3
Updating learning rate to 6.25e-06
	iters: 100, epoch: 6 | loss: 0.0785671
	speed: 0.0088s/iter; left time: 6.2374s
Epoch: 6 cost time: 0.6737968921661377
Epoch: 6, Steps: 162 | Train Loss: 0.0785837 Vali Loss: 0.1122525 Test Loss: 0.0532851
EarlyStopping counter: 3 out of 3
Early stopping
>>>>>>>testing : long_term_forecast_FPEMH48H192_ExchangeRate_96_48_DLinear_custom_ftM_sl96_ll48_pl48_dm512_nh8_el2_dl1_df2048_expand2_dc4_fc3_ebtimeF_dtTrue_FPEMH48H192_DLinear_ExchangeRate_48_0<<<<<<<<<<<<<<<<<<<<<<<<<<<<<<<<<
test 1470
	iters: 2800, epoch: 7 | loss: 0.3081953
	speed: 0.0157s/iter; left time: 333.2766s
test shape: (1470, 48, 8) (1470, 48, 8)
test shape: (1470, 48, 8) (1470, 48, 8)
mse:0.05346949025988579, mae:0.16901059448719025, dtw:Not calculated
	iters: 2900, epoch: 7 | loss: 0.3603800
	speed: 0.0156s/iter; left time: 328.5624s
dataset=Weather pred_len=192 backbone=DLinear GPU=2 output=results/fpem_classic_baselines_h48_h192/DLinear/Weather/pred_192
exact command: env CUDA_VISIBLE_DEVICES=2 /data/OuXiaoyu/miniconda3/envs/basicts/bin/python -u run.py --task_name long_term_forecast --is_training 1 --root_path ./dataset/all_datasets/weather --data_path weather.csv --model_id FPEMH48H192_Weather_96_192 --model DLinear --data custom --features M --target OT --freq 10min --seq_len 96 --label_len 48 --pred_len 192 --e_layers 2 --d_layers 1 --factor 3 --enc_in 21 --dec_in 21 --c_out 21 --d_model 512 --d_ff 2048 --n_heads 8 --batch_size 16 --learning_rate 1e-4 --train_epochs 10 --patience 3 --num_workers 0 --des FPEMH48H192_DLinear_Weather_192 --itr 1 --checkpoints results/fpem_classic_baselines_h48_h192/DLinear/Weather/pred_192/checkpoints 
	iters: 3000, epoch: 7 | loss: 0.4143848
	speed: 0.0230s/iter; left time: 483.1935s
Using GPU
Args in experiment:
[1mBasic Config[0m
  Task Name:          long_term_forecast  Is Training:        1                   
  Model ID:           FPEMH48H192_Weather_96_192Model:              DLinear             

[1mData Loader[0m
  Data:               custom              Root Path:          ./dataset/all_datasets/weather
  Data Path:          weather.csv         Features:           M                   
  Target:             OT                  Freq:               10min               
  Checkpoints:        results/fpem_classic_baselines_h48_h192/DLinear/Weather/pred_192/checkpoints

[1mForecasting Task[0m
  Seq Len:            96                  Label Len:          48                  
  Pred Len:           192                 Seasonal Patterns:  Monthly             
  Inverse:            0                   

[1mModel Parameters[0m
  Top k:              5                   Num Kernels:        6                   
  Enc In:             21                  Dec In:             21                  
  C Out:              21                  d model:            512                 
  n heads:            8                   e layers:           2                   
  d layers:           1                   d FF:               2048                
  Moving Avg:         25                  Factor:             3                   
  Distil:             1                   Dropout:            0.1                 
  Embed:              timeF               Activation:         gelu                

[1mRun Parameters[0m
  Num Workers:        0                   Itr:                1                   
  Train Epochs:       10                  Batch Size:         16                  
  Patience:           3                   Learning Rate:      0.0001              
  Des:                FPEMH48H192_DLinear_Weather_192Loss:               MSE                 
  Lradj:              type1               Use Amp:            0                   

[1mGPU[0m
  Use GPU:            1                   GPU:                0                   
  Use Multi GPU:      0                   Devices:            0,1,2,3             

[1mDe-stationary Projector Params[0m
  P Hidden Dims:      128, 128            P Hidden Layers:    2                   

	iters: 3100, epoch: 7 | loss: 0.3912885
	speed: 0.0168s/iter; left time: 351.9198s
Use GPU: cuda:0
🚀 Lazy Loading: DLinear ...
>>>>>>>start training : long_term_forecast_FPEMH48H192_Weather_96_192_DLinear_custom_ftM_sl96_ll48_pl192_dm512_nh8_el2_dl1_df2048_expand2_dc4_fc3_ebtimeF_dtTrue_FPEMH48H192_DLinear_Weather_192_0>>>>>>>>>>>>>>>>>>>>>>>>>>
train 36600
val 5079
	iters: 3200, epoch: 7 | loss: 0.4205104
	speed: 0.0158s/iter; left time: 328.0715s
test 10348
	iters: 100, epoch: 1 | loss: 0.4478620
	speed: 0.0326s/iter; left time: 742.4944s
	iters: 3300, epoch: 7 | loss: 0.3427990
	speed: 0.0331s/iter; left time: 685.0856s
	iters: 200, epoch: 1 | loss: 0.5837095
	speed: 0.0106s/iter; left time: 241.4940s
	iters: 300, epoch: 1 | loss: 0.5959741
	speed: 0.0084s/iter; left time: 190.0344s
	iters: 400, epoch: 1 | loss: 0.5581754
	speed: 0.0075s/iter; left time: 168.5088s
	iters: 3400, epoch: 7 | loss: 0.3908168
	speed: 0.0274s/iter; left time: 564.7978s
	iters: 500, epoch: 1 | loss: 0.3612342
	speed: 0.0073s/iter; left time: 164.1236s
	iters: 600, epoch: 1 | loss: 0.3437082
	speed: 0.0058s/iter; left time: 128.1890s
	iters: 700, epoch: 1 | loss: 0.3619260
	speed: 0.0053s/iter; left time: 118.6617s
	iters: 3500, epoch: 7 | loss: 0.3758046
	speed: 0.0183s/iter; left time: 375.5508s
	iters: 800, epoch: 1 | loss: 0.7290754
	speed: 0.0058s/iter; left time: 128.5753s
	iters: 900, epoch: 1 | loss: 0.3270907
	speed: 0.0057s/iter; left time: 124.2821s
	iters: 1000, epoch: 1 | loss: 0.4720774
	speed: 0.0054s/iter; left time: 117.7415s
	iters: 3600, epoch: 7 | loss: 0.3433210
	speed: 0.0178s/iter; left time: 363.5993s
	iters: 1100, epoch: 1 | loss: 0.3860134
	speed: 0.0058s/iter; left time: 126.6977s
	iters: 1200, epoch: 1 | loss: 0.4635764
	speed: 0.0053s/iter; left time: 113.8790s
	iters: 1300, epoch: 1 | loss: 0.4569148
	speed: 0.0054s/iter; left time: 117.5802s
	iters: 3700, epoch: 7 | loss: 0.3296236
	speed: 0.0179s/iter; left time: 362.8783s
	iters: 1400, epoch: 1 | loss: 0.5164839
	speed: 0.0061s/iter; left time: 130.4426s
	iters: 1500, epoch: 1 | loss: 0.4585115
	speed: 0.0065s/iter; left time: 139.5815s
	iters: 1600, epoch: 1 | loss: 0.4217476
	speed: 0.0070s/iter; left time: 148.9165s
	iters: 3800, epoch: 7 | loss: 0.4751034
	speed: 0.0215s/iter; left time: 434.6276s
	iters: 1700, epoch: 1 | loss: 0.3984268
	speed: 0.0063s/iter; left time: 132.9570s
	iters: 1800, epoch: 1 | loss: 0.3578261
	speed: 0.0062s/iter; left time: 130.4140s
	iters: 1900, epoch: 1 | loss: 0.3837098
	speed: 0.0070s/iter; left time: 146.2400s
	iters: 3900, epoch: 7 | loss: 0.3612009
	speed: 0.0193s/iter; left time: 386.9635s
	iters: 2000, epoch: 1 | loss: 0.4268560
	speed: 0.0062s/iter; left time: 129.2862s
	iters: 2100, epoch: 1 | loss: 0.4912969
	speed: 0.0071s/iter; left time: 147.9148s
	iters: 2200, epoch: 1 | loss: 0.3938544
	speed: 0.0069s/iter; left time: 141.9162s
	iters: 4000, epoch: 7 | loss: 0.3672600
	speed: 0.0209s/iter; left time: 417.2117s
Epoch: 1 cost time: 15.966845273971558
	iters: 4100, epoch: 7 | loss: 0.3720973
	speed: 0.0406s/iter; left time: 806.6688s
Epoch: 1, Steps: 2288 | Train Loss: 0.5602282 Vali Loss: 0.5190626 Test Loss: 0.2391426
Validation loss decreased (inf --> 0.519063).  Saving model ...
Updating learning rate to 0.0001
	iters: 100, epoch: 2 | loss: 0.3709874
	speed: 0.0568s/iter; left time: 1164.1016s
	iters: 200, epoch: 2 | loss: 1.3672206
	speed: 0.0064s/iter; left time: 131.2625s
	iters: 4200, epoch: 7 | loss: 0.3404669
	speed: 0.0225s/iter; left time: 445.7026s
	iters: 300, epoch: 2 | loss: 0.3740856
	speed: 0.0061s/iter; left time: 123.3125s
	iters: 400, epoch: 2 | loss: 0.3619900
	speed: 0.0060s/iter; left time: 121.2022s
	iters: 500, epoch: 2 | loss: 0.4204092
	speed: 0.0060s/iter; left time: 120.8393s
	iters: 4300, epoch: 7 | loss: 0.3266058
	speed: 0.0176s/iter; left time: 345.9840s
	iters: 600, epoch: 2 | loss: 0.6228192
	speed: 0.0062s/iter; left time: 123.1912s
	iters: 700, epoch: 2 | loss: 0.4280815
	speed: 0.0083s/iter; left time: 164.9740s
	iters: 800, epoch: 2 | loss: 0.6133920
	speed: 0.0096s/iter; left time: 189.1154s
	iters: 900, epoch: 2 | loss: 0.3105358
	speed: 0.0110s/iter; left time: 216.3198s
	iters: 4400, epoch: 7 | loss: 0.4801373
	speed: 0.0326s/iter; left time: 638.6186s
	iters: 1000, epoch: 2 | loss: 0.2829127
	speed: 0.0112s/iter; left time: 220.4032s
	iters: 1100, epoch: 2 | loss: 0.3218026
	speed: 0.0109s/iter; left time: 212.3875s
	iters: 1200, epoch: 2 | loss: 0.5261172
	speed: 0.0103s/iter; left time: 200.1879s
	iters: 1300, epoch: 2 | loss: 0.4280840
	speed: 0.0084s/iter; left time: 162.9759s
	iters: 4500, epoch: 7 | loss: 0.4428519
	speed: 0.0418s/iter; left time: 813.9033s
	iters: 1400, epoch: 2 | loss: 0.9124593
	speed: 0.0060s/iter; left time: 115.4184s
	iters: 1500, epoch: 2 | loss: 0.5029822
	speed: 0.0059s/iter; left time: 111.8951s
	iters: 1600, epoch: 2 | loss: 0.2901660
	speed: 0.0055s/iter; left time: 103.5884s
	iters: 1700, epoch: 2 | loss: 0.3162113
	speed: 0.0055s/iter; left time: 104.7442s
	iters: 4600, epoch: 7 | loss: 0.4250557
	speed: 0.0206s/iter; left time: 399.5065s
	iters: 1800, epoch: 2 | loss: 0.4687317
	speed: 0.0051s/iter; left time: 95.5519s
	iters: 1900, epoch: 2 | loss: 0.3970930
	speed: 0.0061s/iter; left time: 113.5295s
	iters: 2000, epoch: 2 | loss: 0.4156858
	speed: 0.0056s/iter; left time: 104.2233s
	iters: 4700, epoch: 7 | loss: 0.3590009
	speed: 0.0180s/iter; left time: 346.3273s
	iters: 2100, epoch: 2 | loss: 0.3324502
	speed: 0.0057s/iter; left time: 105.4263s
	iters: 2200, epoch: 2 | loss: 0.4145544
	speed: 0.0056s/iter; left time: 103.6550s
Epoch: 2 cost time: 16.305379152297974
	iters: 4800, epoch: 7 | loss: 0.3184807
	speed: 0.0236s/iter; left time: 452.2496s
Epoch: 2, Steps: 2288 | Train Loss: 0.5458172 Vali Loss: 0.5181248 Test Loss: 0.2377019
Validation loss decreased (0.519063 --> 0.518125).  Saving model ...
Updating learning rate to 5e-05
	iters: 100, epoch: 3 | loss: 0.3816475
	speed: 0.0403s/iter; left time: 734.0200s
	iters: 4900, epoch: 7 | loss: 0.3440388
	speed: 0.0280s/iter; left time: 533.7205s
	iters: 200, epoch: 3 | loss: 0.4525315
	speed: 0.0059s/iter; left time: 106.9413s
	iters: 300, epoch: 3 | loss: 0.3877932
	speed: 0.0054s/iter; left time: 97.0431s
	iters: 400, epoch: 3 | loss: 0.4724863
	speed: 0.0056s/iter; left time: 100.5240s
	iters: 5000, epoch: 7 | loss: 0.3818358
	speed: 0.0166s/iter; left time: 314.6847s
	iters: 500, epoch: 3 | loss: 0.2865331
	speed: 0.0068s/iter; left time: 121.8613s
	iters: 600, epoch: 3 | loss: 0.5189223
	speed: 0.0068s/iter; left time: 119.6765s
	iters: 5100, epoch: 7 | loss: 0.4269510
	speed: 0.0173s/iter; left time: 326.1195s
	iters: 700, epoch: 3 | loss: 0.5516449
	speed: 0.0070s/iter; left time: 123.5127s
	iters: 800, epoch: 3 | loss: 0.3872519
	speed: 0.0067s/iter; left time: 117.9545s
	iters: 900, epoch: 3 | loss: 0.3997508
	speed: 0.0064s/iter; left time: 110.9294s
	iters: 5200, epoch: 7 | loss: 0.4001247
	speed: 0.0180s/iter; left time: 339.1310s
	iters: 1000, epoch: 3 | loss: 0.3492400
	speed: 0.0051s/iter; left time: 89.0628s
	iters: 1100, epoch: 3 | loss: 0.2784605
	speed: 0.0057s/iter; left time: 98.5223s
	iters: 1200, epoch: 3 | loss: 0.4853330
	speed: 0.0056s/iter; left time: 95.1474s
	iters: 5300, epoch: 7 | loss: 0.3978075
	speed: 0.0183s/iter; left time: 341.8526s
	iters: 1300, epoch: 3 | loss: 0.4869627
	speed: 0.0059s/iter; left time: 99.8339s
	iters: 1400, epoch: 3 | loss: 0.7139838
	speed: 0.0056s/iter; left time: 94.6089s
	iters: 1500, epoch: 3 | loss: 0.4590398
	speed: 0.0056s/iter; left time: 94.7126s
	iters: 1600, epoch: 3 | loss: 0.3259904
	speed: 0.0059s/iter; left time: 98.0546s
	iters: 5400, epoch: 7 | loss: 0.3491711
	speed: 0.0179s/iter; left time: 333.6494s
	iters: 1700, epoch: 3 | loss: 0.4578198
	speed: 0.0058s/iter; left time: 96.4169s
	iters: 1800, epoch: 3 | loss: 0.4814254
	speed: 0.0060s/iter; left time: 98.7388s
	iters: 1900, epoch: 3 | loss: 0.7733248
	speed: 0.0057s/iter; left time: 92.7563s
	iters: 5500, epoch: 7 | loss: 0.3599240
	speed: 0.0180s/iter; left time: 333.1912s
	iters: 2000, epoch: 3 | loss: 0.5753431
	speed: 0.0056s/iter; left time: 90.5995s
	iters: 2100, epoch: 3 | loss: 0.4302247
	speed: 0.0057s/iter; left time: 91.8017s
	iters: 2200, epoch: 3 | loss: 0.3814053
	speed: 0.0054s/iter; left time: 87.4214s
	iters: 5600, epoch: 7 | loss: 0.4338316
	speed: 0.0169s/iter; left time: 311.1489s
Epoch: 3 cost time: 13.430633544921875
Epoch: 3, Steps: 2288 | Train Loss: 0.5447975 Vali Loss: 0.5191803 Test Loss: 0.2352292
EarlyStopping counter: 1 out of 3
Updating learning rate to 2.5e-05
	iters: 5700, epoch: 7 | loss: 0.2999775
	speed: 0.0347s/iter; left time: 633.8122s
	iters: 100, epoch: 4 | loss: 0.4360133
	speed: 0.0407s/iter; left time: 648.2614s
	iters: 200, epoch: 4 | loss: 0.4977641
	speed: 0.0067s/iter; left time: 105.4645s
	iters: 300, epoch: 4 | loss: 0.8227513
	speed: 0.0062s/iter; left time: 96.7722s
	iters: 400, epoch: 4 | loss: 0.5002502
	speed: 0.0059s/iter; left time: 92.6767s
	iters: 5800, epoch: 7 | loss: 0.3266551
	speed: 0.0248s/iter; left time: 450.5606s
	iters: 500, epoch: 4 | loss: 0.7684492
	speed: 0.0055s/iter; left time: 85.6817s
	iters: 600, epoch: 4 | loss: 0.4647394
	speed: 0.0052s/iter; left time: 79.7404s
	iters: 700, epoch: 4 | loss: 0.5051491
	speed: 0.0055s/iter; left time: 84.9095s
	iters: 5900, epoch: 7 | loss: 0.5223798
	speed: 0.0166s/iter; left time: 299.4453s
	iters: 800, epoch: 4 | loss: 0.4690298
	speed: 0.0054s/iter; left time: 81.8151s
	iters: 900, epoch: 4 | loss: 0.4441725
	speed: 0.0063s/iter; left time: 94.5690s
	iters: 1000, epoch: 4 | loss: 0.6094813
	speed: 0.0063s/iter; left time: 94.5752s
Epoch: 7 cost time: 125.57021522521973
	iters: 1100, epoch: 4 | loss: 0.8917992
	speed: 0.0074s/iter; left time: 110.3426s
	iters: 1200, epoch: 4 | loss: 0.4186634
	speed: 0.0074s/iter; left time: 110.1416s
	iters: 1300, epoch: 4 | loss: 0.4660701
	speed: 0.0075s/iter; left time: 109.9729s
	iters: 1400, epoch: 4 | loss: 0.3060011
	speed: 0.0073s/iter; left time: 106.1517s
	iters: 1500, epoch: 4 | loss: 0.5137981
	speed: 0.0074s/iter; left time: 107.9694s
	iters: 1600, epoch: 4 | loss: 0.4294436
	speed: 0.0070s/iter; left time: 100.6486s
	iters: 1700, epoch: 4 | loss: 0.4092650
	speed: 0.0069s/iter; left time: 99.2499s
	iters: 1800, epoch: 4 | loss: 0.3516952
	speed: 0.0070s/iter; left time: 99.9983s
	iters: 1900, epoch: 4 | loss: 0.3676578
	speed: 0.0074s/iter; left time: 104.0483s
	iters: 2000, epoch: 4 | loss: 1.3579471
	speed: 0.0077s/iter; left time: 107.9176s
	iters: 2100, epoch: 4 | loss: 0.3916427
	speed: 0.0073s/iter; left time: 101.5555s
	iters: 2200, epoch: 4 | loss: 0.5283645
	speed: 0.0080s/iter; left time: 110.7217s
Epoch: 4 cost time: 15.443180084228516
Epoch: 4, Steps: 2288 | Train Loss: 0.5444551 Vali Loss: 0.5189696 Test Loss: 0.2356815
EarlyStopping counter: 2 out of 3
Updating learning rate to 1.25e-05
	iters: 100, epoch: 5 | loss: 0.3546286
	speed: 0.0527s/iter; left time: 718.4188s
	iters: 200, epoch: 5 | loss: 0.3861925
	speed: 0.0069s/iter; left time: 93.2159s
	iters: 300, epoch: 5 | loss: 0.4193615
	speed: 0.0072s/iter; left time: 96.2415s
	iters: 400, epoch: 5 | loss: 0.5618091
	speed: 0.0071s/iter; left time: 94.3714s
	iters: 500, epoch: 5 | loss: 0.5039115
	speed: 0.0071s/iter; left time: 94.0694s
	iters: 600, epoch: 5 | loss: 0.5480204
	speed: 0.0071s/iter; left time: 93.8387s
	iters: 700, epoch: 5 | loss: 0.3814318
	speed: 0.0073s/iter; left time: 95.6853s
	iters: 800, epoch: 5 | loss: 1.1501846
	speed: 0.0073s/iter; left time: 94.8848s
	iters: 900, epoch: 5 | loss: 0.7094389
	speed: 0.0069s/iter; left time: 89.0500s
	iters: 1000, epoch: 5 | loss: 0.3260022
	speed: 0.0071s/iter; left time: 90.8986s
	iters: 1100, epoch: 5 | loss: 0.5170214
	speed: 0.0073s/iter; left time: 92.6881s
	iters: 1200, epoch: 5 | loss: 0.4087267
	speed: 0.0078s/iter; left time: 97.2156s
	iters: 1300, epoch: 5 | loss: 0.3881633
	speed: 0.0078s/iter; left time: 97.2513s
Epoch: 7, Steps: 5997 | Train Loss: 0.3729411 Vali Loss: 0.4243569 Test Loss: 0.5030330
Validation loss decreased (0.424391 --> 0.424357).  Saving model ...
Updating learning rate to 1.5625e-06
	iters: 1400, epoch: 5 | loss: 0.3991169
	speed: 0.0073s/iter; left time: 90.2545s
	iters: 1500, epoch: 5 | loss: 1.4091961
	speed: 0.0058s/iter; left time: 70.7261s
	iters: 1600, epoch: 5 | loss: 0.4527241
	speed: 0.0059s/iter; left time: 71.8312s
	iters: 100, epoch: 8 | loss: 0.3636484
	speed: 0.2694s/iter; left time: 4819.6491s
	iters: 1700, epoch: 5 | loss: 0.4469606
	speed: 0.0062s/iter; left time: 74.4889s
	iters: 1800, epoch: 5 | loss: 0.4423933
	speed: 0.0067s/iter; left time: 80.0773s
	iters: 1900, epoch: 5 | loss: 0.3445187
	speed: 0.0055s/iter; left time: 65.3485s
	iters: 200, epoch: 8 | loss: 0.3311070
	speed: 0.0171s/iter; left time: 303.9738s
	iters: 2000, epoch: 5 | loss: 0.4031054
	speed: 0.0056s/iter; left time: 65.1724s
	iters: 2100, epoch: 5 | loss: 0.4354006
	speed: 0.0056s/iter; left time: 65.4669s
	iters: 2200, epoch: 5 | loss: 0.4776041
	speed: 0.0054s/iter; left time: 62.6680s
	iters: 300, epoch: 8 | loss: 0.3416153
	speed: 0.0171s/iter; left time: 303.0863s
Epoch: 5 cost time: 15.340354442596436
Epoch: 5, Steps: 2288 | Train Loss: 0.5442513 Vali Loss: 0.5183665 Test Loss: 0.2371786
EarlyStopping counter: 3 out of 3
Early stopping
>>>>>>>testing : long_term_forecast_FPEMH48H192_Weather_96_192_DLinear_custom_ftM_sl96_ll48_pl192_dm512_nh8_el2_dl1_df2048_expand2_dc4_fc3_ebtimeF_dtTrue_FPEMH48H192_DLinear_Weather_192_0<<<<<<<<<<<<<<<<<<<<<<<<<<<<<<<<<
test 10348
	iters: 400, epoch: 8 | loss: 0.3820828
	speed: 0.0318s/iter; left time: 559.9289s
	iters: 500, epoch: 8 | loss: 0.3742104
	speed: 0.0186s/iter; left time: 325.5909s
	iters: 600, epoch: 8 | loss: 0.3467277
	speed: 0.0160s/iter; left time: 278.4887s
	iters: 700, epoch: 8 | loss: 0.3821035
	speed: 0.0190s/iter; left time: 328.6395s
	iters: 800, epoch: 8 | loss: 0.3758421
	speed: 0.0174s/iter; left time: 299.4328s
	iters: 900, epoch: 8 | loss: 0.3426601
	speed: 0.0172s/iter; left time: 294.4173s
test shape: (10348, 192, 21) (10348, 192, 21)
test shape: (10348, 192, 21) (10348, 192, 21)
mse:0.2377486228942871, mae:0.29742807149887085, dtw:Not calculated
	iters: 1000, epoch: 8 | loss: 0.3705124
	speed: 0.0159s/iter; left time: 270.6430s
	iters: 1100, epoch: 8 | loss: 0.3914950
	speed: 0.0161s/iter; left time: 271.3715s
dataset=Traffic pred_len=48 backbone=DLinear GPU=2 output=results/fpem_classic_baselines_h48_h192/DLinear/Traffic/pred_48
exact command: env CUDA_VISIBLE_DEVICES=2 /data/OuXiaoyu/miniconda3/envs/basicts/bin/python -u run.py --task_name long_term_forecast --is_training 1 --root_path ./dataset/all_datasets/traffic --data_path traffic.csv --model_id FPEMH48H192_Traffic_96_48 --model DLinear --data custom --features M --target OT --freq h --seq_len 96 --label_len 48 --pred_len 48 --e_layers 2 --d_layers 1 --factor 3 --enc_in 862 --dec_in 862 --c_out 862 --d_model 512 --d_ff 2048 --n_heads 8 --batch_size 2 --learning_rate 1e-4 --train_epochs 10 --patience 3 --num_workers 0 --des FPEMH48H192_DLinear_Traffic_48 --itr 1 --checkpoints results/fpem_classic_baselines_h48_h192/DLinear/Traffic/pred_48/checkpoints 
	iters: 1200, epoch: 8 | loss: 0.3215572
	speed: 0.0170s/iter; left time: 285.0003s
	iters: 1300, epoch: 8 | loss: 0.3819245
	speed: 0.0169s/iter; left time: 282.8101s
Using GPU
Args in experiment:
[1mBasic Config[0m
  Task Name:          long_term_forecast  Is Training:        1                   
  Model ID:           FPEMH48H192_Traffic_96_48Model:              DLinear             

[1mData Loader[0m
  Data:               custom              Root Path:          ./dataset/all_datasets/traffic
  Data Path:          traffic.csv         Features:           M                   
  Target:             OT                  Freq:               h                   
  Checkpoints:        results/fpem_classic_baselines_h48_h192/DLinear/Traffic/pred_48/checkpoints

[1mForecasting Task[0m
  Seq Len:            96                  Label Len:          48                  
  Pred Len:           48                  Seasonal Patterns:  Monthly             
  Inverse:            0                   

[1mModel Parameters[0m
  Top k:              5                   Num Kernels:        6                   
  Enc In:             862                 Dec In:             862                 
  C Out:              862                 d model:            512                 
  n heads:            8                   e layers:           2                   
  d layers:           1                   d FF:               2048                
  Moving Avg:         25                  Factor:             3                   
  Distil:             1                   Dropout:            0.1                 
  Embed:              timeF               Activation:         gelu                

[1mRun Parameters[0m
  Num Workers:        0                   Itr:                1                   
  Train Epochs:       10                  Batch Size:         2                   
  Patience:           3                   Learning Rate:      0.0001              
  Des:                FPEMH48H192_DLinear_Traffic_48Loss:               MSE                 
  Lradj:              type1               Use Amp:            0                   

[1mGPU[0m
  Use GPU:            1                   GPU:                0                   
  Use Multi GPU:      0                   Devices:            0,1,2,3             

[1mDe-stationary Projector Params[0m
  P Hidden Dims:      128, 128            P Hidden Layers:    2                   

	iters: 1400, epoch: 8 | loss: 0.3471947
	speed: 0.0161s/iter; left time: 266.7042s
Use GPU: cuda:0
🚀 Lazy Loading: DLinear ...
>>>>>>>start training : long_term_forecast_FPEMH48H192_Traffic_96_48_DLinear_custom_ftM_sl96_ll48_pl48_dm512_nh8_el2_dl1_df2048_expand2_dc4_fc3_ebtimeF_dtTrue_FPEMH48H192_DLinear_Traffic_48_0>>>>>>>>>>>>>>>>>>>>>>>>>>
	iters: 1500, epoch: 8 | loss: 0.3714174
	speed: 0.0172s/iter; left time: 283.8541s
	iters: 1600, epoch: 8 | loss: 0.3695656
	speed: 0.0159s/iter; left time: 260.3057s
train 12137
	iters: 1700, epoch: 8 | loss: 0.3380126
	speed: 0.0158s/iter; left time: 256.8198s
	iters: 1800, epoch: 8 | loss: 0.3485219
	speed: 0.0157s/iter; left time: 254.4373s
val 1709
	iters: 1900, epoch: 8 | loss: 0.3506860
	speed: 0.0160s/iter; left time: 256.6684s
	iters: 2000, epoch: 8 | loss: 0.3853553
	speed: 0.0157s/iter; left time: 250.5449s
test 3461
	iters: 2100, epoch: 8 | loss: 0.3820475
	speed: 0.0155s/iter; left time: 246.8023s
	iters: 2200, epoch: 8 | loss: 0.3615578
	speed: 0.0240s/iter; left time: 379.0260s
	iters: 100, epoch: 1 | loss: 0.5578216
	speed: 0.0370s/iter; left time: 2239.0964s
	iters: 200, epoch: 1 | loss: 0.4335557
	speed: 0.0071s/iter; left time: 427.7647s
	iters: 300, epoch: 1 | loss: 0.5413067
	speed: 0.0100s/iter; left time: 604.1155s
	iters: 400, epoch: 1 | loss: 0.6692529
	speed: 0.0083s/iter; left time: 498.7540s
	iters: 2300, epoch: 8 | loss: 0.3069444
	speed: 0.0278s/iter; left time: 436.8520s
	iters: 500, epoch: 1 | loss: 0.6018505
	speed: 0.0100s/iter; left time: 602.6140s
	iters: 600, epoch: 1 | loss: 0.7960436
	speed: 0.0083s/iter; left time: 500.0232s
	iters: 700, epoch: 1 | loss: 0.6280381
	speed: 0.0093s/iter; left time: 557.3996s
	iters: 2400, epoch: 8 | loss: 0.3760906
	speed: 0.0263s/iter; left time: 410.7614s
	iters: 800, epoch: 1 | loss: 0.5508158
	speed: 0.0094s/iter; left time: 561.7984s
	iters: 900, epoch: 1 | loss: 0.3795677
	speed: 0.0104s/iter; left time: 620.1967s
	iters: 2500, epoch: 8 | loss: 0.3158803
	speed: 0.0228s/iter; left time: 353.6421s
	iters: 1000, epoch: 1 | loss: 0.5851266
	speed: 0.0088s/iter; left time: 525.2163s
	iters: 1100, epoch: 1 | loss: 0.4556226
	speed: 0.0088s/iter; left time: 527.0227s
	iters: 1200, epoch: 1 | loss: 0.3308671
	speed: 0.0096s/iter; left time: 570.7978s
	iters: 2600, epoch: 8 | loss: 0.3811319
	speed: 0.0254s/iter; left time: 391.4921s
	iters: 1300, epoch: 1 | loss: 0.5582262
	speed: 0.0090s/iter; left time: 535.6126s
	iters: 1400, epoch: 1 | loss: 0.3120877
	speed: 0.0107s/iter; left time: 635.6451s
	iters: 2700, epoch: 8 | loss: 0.2255396
	speed: 0.0246s/iter; left time: 376.1386s
	iters: 1500, epoch: 1 | loss: 0.4709314
	speed: 0.0104s/iter; left time: 615.2501s
	iters: 1600, epoch: 1 | loss: 0.4521876
	speed: 0.0173s/iter; left time: 1020.4245s
	iters: 2800, epoch: 8 | loss: 0.3632112
	speed: 0.0212s/iter; left time: 322.7402s
	iters: 1700, epoch: 1 | loss: 0.3417087
	speed: 0.0114s/iter; left time: 672.8782s
	iters: 1800, epoch: 1 | loss: 0.4168757
	speed: 0.0109s/iter; left time: 641.9262s
	iters: 2900, epoch: 8 | loss: 0.3608083
	speed: 0.0280s/iter; left time: 422.4063s
	iters: 1900, epoch: 1 | loss: 0.4592262
	speed: 0.0109s/iter; left time: 642.1585s
	iters: 2000, epoch: 1 | loss: 0.2813423
	speed: 0.0082s/iter; left time: 483.9180s
	iters: 2100, epoch: 1 | loss: 0.5069036
	speed: 0.0085s/iter; left time: 498.9974s
	iters: 3000, epoch: 8 | loss: 0.2939726
	speed: 0.0272s/iter; left time: 407.7103s
	iters: 2200, epoch: 1 | loss: 0.3715483
	speed: 0.0101s/iter; left time: 592.1902s
	iters: 2300, epoch: 1 | loss: 0.5296137
	speed: 0.0096s/iter; left time: 561.4858s
	iters: 2400, epoch: 1 | loss: 0.3876682
	speed: 0.0092s/iter; left time: 535.1753s
	iters: 3100, epoch: 8 | loss: 0.4256453
	speed: 0.0246s/iter; left time: 366.6380s
	iters: 2500, epoch: 1 | loss: 0.4498556
	speed: 0.0105s/iter; left time: 611.0655s
	iters: 2600, epoch: 1 | loss: 0.4928629
	speed: 0.0086s/iter; left time: 501.1058s
	iters: 3200, epoch: 8 | loss: 0.3389599
	speed: 0.0221s/iter; left time: 326.3637s
	iters: 2700, epoch: 1 | loss: 0.5758461
	speed: 0.0089s/iter; left time: 516.6608s
	iters: 2800, epoch: 1 | loss: 0.4688939
	speed: 0.0089s/iter; left time: 514.8345s
	iters: 2900, epoch: 1 | loss: 0.3729491
	speed: 0.0083s/iter; left time: 482.0747s
	iters: 3300, epoch: 8 | loss: 0.3617193
	speed: 0.0301s/iter; left time: 442.6038s
	iters: 3000, epoch: 1 | loss: 0.5605335
	speed: 0.0102s/iter; left time: 589.7433s
	iters: 3100, epoch: 1 | loss: 0.5352228
	speed: 0.0093s/iter; left time: 538.2613s
	iters: 3200, epoch: 1 | loss: 0.4297601
	speed: 0.0085s/iter; left time: 491.3855s
	iters: 3400, epoch: 8 | loss: 0.3487677
	speed: 0.0234s/iter; left time: 341.0935s
	iters: 3300, epoch: 1 | loss: 0.3997198
	speed: 0.0103s/iter; left time: 592.1857s
	iters: 3400, epoch: 1 | loss: 0.4800257
	speed: 0.0082s/iter; left time: 472.3990s
	iters: 3500, epoch: 1 | loss: 0.3886515
	speed: 0.0083s/iter; left time: 476.7053s
	iters: 3500, epoch: 8 | loss: 0.3701649
	speed: 0.0240s/iter; left time: 347.7511s
	iters: 3600, epoch: 1 | loss: 0.5265294
	speed: 0.0072s/iter; left time: 413.7402s
	iters: 3700, epoch: 1 | loss: 0.3111673
	speed: 0.0074s/iter; left time: 420.8051s
	iters: 3600, epoch: 8 | loss: 0.3902877
	speed: 0.0213s/iter; left time: 306.6056s
	iters: 3800, epoch: 1 | loss: 0.3872957
	speed: 0.0088s/iter; left time: 502.6626s
	iters: 3900, epoch: 1 | loss: 0.4720837
	speed: 0.0079s/iter; left time: 450.8100s
	iters: 4000, epoch: 1 | loss: 0.5120879
	speed: 0.0097s/iter; left time: 549.8205s
	iters: 3700, epoch: 8 | loss: 0.3897896
	speed: 0.0249s/iter; left time: 355.7999s
	iters: 4100, epoch: 1 | loss: 0.5525711
	speed: 0.0093s/iter; left time: 525.5064s
	iters: 4200, epoch: 1 | loss: 0.3274982
	speed: 0.0096s/iter; left time: 543.2571s
	iters: 4300, epoch: 1 | loss: 0.3159258
	speed: 0.0138s/iter; left time: 777.3635s
	iters: 3800, epoch: 8 | loss: 0.3432552
	speed: 0.0319s/iter; left time: 453.1133s
	iters: 4400, epoch: 1 | loss: 0.4293488
	speed: 0.0068s/iter; left time: 384.4308s
	iters: 4500, epoch: 1 | loss: 0.4514285
	speed: 0.0092s/iter; left time: 517.3423s
	iters: 4600, epoch: 1 | loss: 0.4736532
	speed: 0.0085s/iter; left time: 475.2127s
	iters: 3900, epoch: 8 | loss: 0.4224459
	speed: 0.0247s/iter; left time: 347.5289s
	iters: 4700, epoch: 1 | loss: 0.3403171
	speed: 0.0088s/iter; left time: 492.3137s
	iters: 4800, epoch: 1 | loss: 0.4063113
	speed: 0.0089s/iter; left time: 497.5460s
	iters: 4900, epoch: 1 | loss: 0.3944545
	speed: 0.0091s/iter; left time: 506.4071s
	iters: 4000, epoch: 8 | loss: 0.3408626
	speed: 0.0233s/iter; left time: 326.2684s
	iters: 5000, epoch: 1 | loss: 0.4234071
	speed: 0.0090s/iter; left time: 500.9576s
	iters: 5100, epoch: 1 | loss: 0.3501258
	speed: 0.0087s/iter; left time: 483.8453s
	iters: 5200, epoch: 1 | loss: 0.4527464
	speed: 0.0096s/iter; left time: 530.4650s
	iters: 4100, epoch: 8 | loss: 0.3327160
	speed: 0.0257s/iter; left time: 356.4007s
	iters: 5300, epoch: 1 | loss: 0.4328946
	speed: 0.0104s/iter; left time: 573.5024s
	iters: 5400, epoch: 1 | loss: 0.5057668
	speed: 0.0085s/iter; left time: 467.2511s
	iters: 5500, epoch: 1 | loss: 0.5412012
	speed: 0.0085s/iter; left time: 470.9481s
	iters: 4200, epoch: 8 | loss: 0.3422616
	speed: 0.0275s/iter; left time: 379.6980s
	iters: 5600, epoch: 1 | loss: 0.3685901
	speed: 0.0105s/iter; left time: 579.5639s
	iters: 5700, epoch: 1 | loss: 0.4988216
	speed: 0.0085s/iter; left time: 468.8049s
	iters: 5800, epoch: 1 | loss: 0.3515998
	speed: 0.0097s/iter; left time: 534.5869s
	iters: 4300, epoch: 8 | loss: 0.3252499
	speed: 0.0293s/iter; left time: 401.2443s
	iters: 5900, epoch: 1 | loss: 0.4922351
	speed: 0.0078s/iter; left time: 426.6347s
	iters: 6000, epoch: 1 | loss: 0.3815640
	speed: 0.0093s/iter; left time: 506.1649s
Epoch: 1 cost time: 58.179216146469116
	iters: 4400, epoch: 8 | loss: 0.4428941
	speed: 0.0225s/iter; left time: 305.9515s
	iters: 4500, epoch: 8 | loss: 0.3439898
	speed: 0.0390s/iter; left time: 526.4509s
Epoch: 1, Steps: 6069 | Train Loss: 0.4757612 Vali Loss: 0.6187835 Test Loss: 0.7162184
Validation loss decreased (inf --> 0.618783).  Saving model ...
Updating learning rate to 0.0001
	iters: 4600, epoch: 8 | loss: 0.3800461
	speed: 0.0384s/iter; left time: 514.7082s
	iters: 100, epoch: 2 | loss: 0.5901183
	speed: 0.0907s/iter; left time: 4945.0457s
	iters: 200, epoch: 2 | loss: 0.5840296
	speed: 0.0136s/iter; left time: 741.9169s
	iters: 4700, epoch: 8 | loss: 0.4303085
	speed: 0.0222s/iter; left time: 294.9935s
	iters: 300, epoch: 2 | loss: 0.4840086
	speed: 0.0130s/iter; left time: 704.6186s
	iters: 4800, epoch: 8 | loss: 0.3492140
	speed: 0.0206s/iter; left time: 271.1802s
	iters: 4900, epoch: 8 | loss: 0.3998725
	speed: 0.0165s/iter; left time: 216.3464s
	iters: 400, epoch: 2 | loss: 0.4931621
	speed: 0.0296s/iter; left time: 1607.0473s
	iters: 5000, epoch: 8 | loss: 0.3446991
	speed: 0.0240s/iter; left time: 311.4673s
	iters: 500, epoch: 2 | loss: 0.3801654
	speed: 0.0285s/iter; left time: 1540.5562s
	iters: 600, epoch: 2 | loss: 0.4220363
	speed: 0.0089s/iter; left time: 483.1017s
	iters: 700, epoch: 2 | loss: 0.5914590
	speed: 0.0087s/iter; left time: 469.0934s
	iters: 5100, epoch: 8 | loss: 0.3783175
	speed: 0.0285s/iter; left time: 367.9518s
	iters: 800, epoch: 2 | loss: 0.4464570
	speed: 0.0098s/iter; left time: 526.4516s
	iters: 900, epoch: 2 | loss: 0.5392032
	speed: 0.0094s/iter; left time: 504.1447s
	iters: 1000, epoch: 2 | loss: 0.5591782
	speed: 0.0088s/iter; left time: 474.1072s
	iters: 5200, epoch: 8 | loss: 0.3744407
	speed: 0.0273s/iter; left time: 349.2261s
	iters: 1100, epoch: 2 | loss: 0.4507332
	speed: 0.0143s/iter; left time: 764.9388s
	iters: 1200, epoch: 2 | loss: 0.3514112
	speed: 0.0100s/iter; left time: 533.8007s
	iters: 5300, epoch: 8 | loss: 0.3603162
	speed: 0.0290s/iter; left time: 368.1572s
	iters: 1300, epoch: 2 | loss: 0.1986627
	speed: 0.0102s/iter; left time: 541.5101s
	iters: 1400, epoch: 2 | loss: 0.6747339
	speed: 0.0104s/iter; left time: 552.7564s
	iters: 1500, epoch: 2 | loss: 0.4608208
	speed: 0.0086s/iter; left time: 456.2310s
	iters: 5400, epoch: 8 | loss: 0.4139886
	speed: 0.0250s/iter; left time: 314.6504s
	iters: 1600, epoch: 2 | loss: 0.3631489
	speed: 0.0089s/iter; left time: 474.2719s
	iters: 1700, epoch: 2 | loss: 0.5996335
	speed: 0.0089s/iter; left time: 469.2417s
	iters: 5500, epoch: 8 | loss: 0.3343824
	speed: 0.0248s/iter; left time: 309.3245s
	iters: 1800, epoch: 2 | loss: 0.2861931
	speed: 0.0107s/iter; left time: 564.4817s
	iters: 1900, epoch: 2 | loss: 0.5577080
	speed: 0.0101s/iter; left time: 530.8053s
	iters: 2000, epoch: 2 | loss: 0.3597667
	speed: 0.0100s/iter; left time: 524.2811s
	iters: 5600, epoch: 8 | loss: 0.2971398
	speed: 0.0259s/iter; left time: 321.2597s
	iters: 2100, epoch: 2 | loss: 0.5422689
	speed: 0.0101s/iter; left time: 528.5368s
	iters: 2200, epoch: 2 | loss: 0.2822263
	speed: 0.0091s/iter; left time: 478.3500s
	iters: 5700, epoch: 8 | loss: 0.4418386
	speed: 0.0235s/iter; left time: 288.4409s
	iters: 2300, epoch: 2 | loss: 0.4433145
	speed: 0.0095s/iter; left time: 495.1262s
	iters: 2400, epoch: 2 | loss: 0.2941378
	speed: 0.0130s/iter; left time: 678.3766s
	iters: 2500, epoch: 2 | loss: 0.4053054
	speed: 0.0109s/iter; left time: 568.2437s
	iters: 5800, epoch: 8 | loss: 0.3599934
	speed: 0.0304s/iter; left time: 371.0973s
	iters: 2600, epoch: 2 | loss: 0.4166063
	speed: 0.0144s/iter; left time: 750.0957s
	iters: 2700, epoch: 2 | loss: 0.5116534
	speed: 0.0083s/iter; left time: 430.9834s
	iters: 5900, epoch: 8 | loss: 0.3395962
	speed: 0.0226s/iter; left time: 272.6802s
	iters: 2800, epoch: 2 | loss: 0.6368496
	speed: 0.0092s/iter; left time: 475.9329s
	iters: 2900, epoch: 2 | loss: 0.4687184
	speed: 0.0094s/iter; left time: 488.6207s
	iters: 3000, epoch: 2 | loss: 0.4034741
	speed: 0.0102s/iter; left time: 526.4330s
Epoch: 8 cost time: 136.93434357643127
	iters: 3100, epoch: 2 | loss: 0.2825372
	speed: 0.0157s/iter; left time: 811.1058s
	iters: 3200, epoch: 2 | loss: 0.7238095
	speed: 0.0200s/iter; left time: 1028.5405s
	iters: 3300, epoch: 2 | loss: 0.5904976
	speed: 0.0189s/iter; left time: 968.4867s
	iters: 3400, epoch: 2 | loss: 0.3630930
	speed: 0.0228s/iter; left time: 1170.0506s
	iters: 3500, epoch: 2 | loss: 0.3160768
	speed: 0.0124s/iter; left time: 633.6283s
	iters: 3600, epoch: 2 | loss: 0.4306556
	speed: 0.0346s/iter; left time: 1764.5458s
	iters: 3700, epoch: 2 | loss: 0.5510308
	speed: 0.0426s/iter; left time: 2171.6951s
	iters: 3800, epoch: 2 | loss: 0.4038791
	speed: 0.0425s/iter; left time: 2158.9728s
	iters: 3900, epoch: 2 | loss: 0.4508999
	speed: 0.0440s/iter; left time: 2234.2076s
Epoch: 8, Steps: 5997 | Train Loss: 0.3726407 Vali Loss: 0.4237785 Test Loss: 0.5029516
Validation loss decreased (0.424357 --> 0.423778).  Saving model ...
Updating learning rate to 7.8125e-07
	iters: 100, epoch: 9 | loss: 0.4669942
	speed: 0.3120s/iter; left time: 3711.2104s
	iters: 4000, epoch: 2 | loss: 0.4131369
	speed: 0.0457s/iter; left time: 2314.9507s
	iters: 200, epoch: 9 | loss: 0.3261028
	speed: 0.0172s/iter; left time: 203.1850s
	iters: 300, epoch: 9 | loss: 0.3410283
	speed: 0.0253s/iter; left time: 295.3124s
	iters: 4100, epoch: 2 | loss: 0.3304174
	speed: 0.0345s/iter; left time: 1743.6890s
	iters: 4200, epoch: 2 | loss: 0.5030252
	speed: 0.0144s/iter; left time: 725.5503s
	iters: 4300, epoch: 2 | loss: 0.4567337
	speed: 0.0107s/iter; left time: 536.4415s
	iters: 400, epoch: 9 | loss: 0.3346570
	speed: 0.0282s/iter; left time: 327.0290s
	iters: 4400, epoch: 2 | loss: 0.6124725
	speed: 0.0116s/iter; left time: 582.6474s
	iters: 4500, epoch: 2 | loss: 0.2973821
	speed: 0.0099s/iter; left time: 495.4910s
	iters: 500, epoch: 9 | loss: 0.4377194
	speed: 0.0229s/iter; left time: 263.5796s
	iters: 4600, epoch: 2 | loss: 0.4438921
	speed: 0.0091s/iter; left time: 454.1870s
	iters: 4700, epoch: 2 | loss: 0.3137091
	speed: 0.0112s/iter; left time: 558.4649s
	iters: 600, epoch: 9 | loss: 0.3444271
	speed: 0.0253s/iter; left time: 288.8359s
	iters: 4800, epoch: 2 | loss: 0.3758992
	speed: 0.0094s/iter; left time: 467.4928s
	iters: 4900, epoch: 2 | loss: 0.5067207
	speed: 0.0102s/iter; left time: 508.4504s
	iters: 5000, epoch: 2 | loss: 0.5016817
	speed: 0.0090s/iter; left time: 447.5194s
	iters: 700, epoch: 9 | loss: 0.4034719
	speed: 0.0217s/iter; left time: 245.3707s
	iters: 5100, epoch: 2 | loss: 0.3826161
	speed: 0.0096s/iter; left time: 475.9777s
	iters: 800, epoch: 9 | loss: 0.2957285
	speed: 0.0237s/iter; left time: 265.4741s
	iters: 5200, epoch: 2 | loss: 0.4084747
	speed: 0.0171s/iter; left time: 843.3934s
	iters: 5300, epoch: 2 | loss: 0.4245697
	speed: 0.0146s/iter; left time: 718.4721s
	iters: 5400, epoch: 2 | loss: 0.4548561
	speed: 0.0105s/iter; left time: 515.2537s
	iters: 900, epoch: 9 | loss: 0.3956900
	speed: 0.0282s/iter; left time: 312.7502s
	iters: 5500, epoch: 2 | loss: 0.7273504
	speed: 0.0254s/iter; left time: 1248.6422s
	iters: 1000, epoch: 9 | loss: 0.4148026
	speed: 0.0410s/iter; left time: 451.1157s
	iters: 5600, epoch: 2 | loss: 0.5142496
	speed: 0.0341s/iter; left time: 1671.4809s
	iters: 1100, epoch: 9 | loss: 0.3312137
	speed: 0.0459s/iter; left time: 499.9999s
	iters: 5700, epoch: 2 | loss: 0.5180501
	speed: 0.0347s/iter; left time: 1697.3384s
	iters: 5800, epoch: 2 | loss: 0.4648898
	speed: 0.0383s/iter; left time: 1868.0882s
	iters: 1200, epoch: 9 | loss: 0.3824047
	speed: 0.0458s/iter; left time: 494.5617s
	iters: 5900, epoch: 2 | loss: 0.3578908
	speed: 0.0272s/iter; left time: 1323.2391s
	iters: 1300, epoch: 9 | loss: 0.3751051
	speed: 0.0351s/iter; left time: 375.8657s
	iters: 6000, epoch: 2 | loss: 0.3068864
	speed: 0.0100s/iter; left time: 487.2455s
Epoch: 2 cost time: 100.32337641716003
	iters: 1400, epoch: 9 | loss: 0.4103400
	speed: 0.0381s/iter; left time: 403.6316s
	iters: 1500, epoch: 9 | loss: 0.3400882
	speed: 0.0302s/iter; left time: 316.7543s
	iters: 1600, epoch: 9 | loss: 0.3776334
	speed: 0.0338s/iter; left time: 351.5133s
Epoch: 2, Steps: 6069 | Train Loss: 0.4399479 Vali Loss: 0.6123076 Test Loss: 0.7077403
Validation loss decreased (0.618783 --> 0.612308).  Saving model ...
Updating learning rate to 5e-05
	iters: 1700, epoch: 9 | loss: 0.3729966
	speed: 0.0346s/iter; left time: 356.1239s
	iters: 100, epoch: 3 | loss: 0.5644183
	speed: 0.1375s/iter; left time: 6664.5083s
	iters: 200, epoch: 3 | loss: 0.3695597
	speed: 0.0088s/iter; left time: 426.5992s
	iters: 300, epoch: 3 | loss: 0.5448694
	speed: 0.0103s/iter; left time: 494.6106s
	iters: 1800, epoch: 9 | loss: 0.3879353
	speed: 0.0236s/iter; left time: 240.9955s
	iters: 400, epoch: 3 | loss: 0.5758597
	speed: 0.0098s/iter; left time: 471.5596s
	iters: 500, epoch: 3 | loss: 0.5451918
	speed: 0.0108s/iter; left time: 518.3008s
	iters: 1900, epoch: 9 | loss: 0.3258718
	speed: 0.0238s/iter; left time: 240.6445s
	iters: 600, epoch: 3 | loss: 0.4527656
	speed: 0.0172s/iter; left time: 825.8034s
	iters: 700, epoch: 3 | loss: 0.2821993
	speed: 0.0116s/iter; left time: 556.8426s
	iters: 2000, epoch: 9 | loss: 0.3455517
	speed: 0.0249s/iter; left time: 248.6920s
	iters: 800, epoch: 3 | loss: 0.4753906
	speed: 0.0097s/iter; left time: 464.4563s
	iters: 900, epoch: 3 | loss: 0.3346755
	speed: 0.0101s/iter; left time: 479.9365s
	iters: 2100, epoch: 9 | loss: 0.4353745
	speed: 0.0230s/iter; left time: 227.1499s
	iters: 1000, epoch: 3 | loss: 0.4398354
	speed: 0.0115s/iter; left time: 544.5414s
	iters: 1100, epoch: 3 | loss: 0.3960257
	speed: 0.0100s/iter; left time: 474.9210s
	iters: 1200, epoch: 3 | loss: 0.3789954
	speed: 0.0110s/iter; left time: 521.1066s
	iters: 2200, epoch: 9 | loss: 0.4508620
	speed: 0.0274s/iter; left time: 268.8691s
	iters: 1300, epoch: 3 | loss: 0.5260015
	speed: 0.0110s/iter; left time: 521.9287s
	iters: 1400, epoch: 3 | loss: 0.3711791
	speed: 0.0104s/iter; left time: 490.6904s
	iters: 2300, epoch: 9 | loss: 0.3375608
	speed: 0.0244s/iter; left time: 236.2880s
	iters: 1500, epoch: 3 | loss: 0.6597725
	speed: 0.0110s/iter; left time: 515.9546s
	iters: 1600, epoch: 3 | loss: 0.3804685
	speed: 0.0105s/iter; left time: 492.2540s
	iters: 2400, epoch: 9 | loss: 0.5765640
	speed: 0.0263s/iter; left time: 252.5504s
	iters: 1700, epoch: 3 | loss: 0.5244379
	speed: 0.0215s/iter; left time: 1007.4855s
	iters: 1800, epoch: 3 | loss: 0.5104407
	speed: 0.0070s/iter; left time: 329.5945s
	iters: 2500, epoch: 9 | loss: 0.3992868
	speed: 0.0270s/iter; left time: 256.6116s
	iters: 1900, epoch: 3 | loss: 0.4080288
	speed: 0.0069s/iter; left time: 322.2976s
	iters: 2000, epoch: 3 | loss: 0.4002208
	speed: 0.0072s/iter; left time: 336.7603s
	iters: 2100, epoch: 3 | loss: 0.3203846
	speed: 0.0083s/iter; left time: 384.4424s
	iters: 2600, epoch: 9 | loss: 0.3490983
	speed: 0.0228s/iter; left time: 214.0149s
	iters: 2200, epoch: 3 | loss: 0.3859151
	speed: 0.0085s/iter; left time: 394.3792s
	iters: 2300, epoch: 3 | loss: 0.4424115
	speed: 0.0091s/iter; left time: 422.5622s
	iters: 2700, epoch: 9 | loss: 0.3862775
	speed: 0.0231s/iter; left time: 215.1604s
	iters: 2400, epoch: 3 | loss: 0.6381261
	speed: 0.0175s/iter; left time: 809.6781s
	iters: 2500, epoch: 3 | loss: 0.4751021
	speed: 0.0068s/iter; left time: 311.0149s
	iters: 2600, epoch: 3 | loss: 0.4108568
	speed: 0.0061s/iter; left time: 280.5640s
	iters: 2800, epoch: 9 | loss: 0.3535207
	speed: 0.0267s/iter; left time: 245.3409s
	iters: 2700, epoch: 3 | loss: 0.6673121
	speed: 0.0115s/iter; left time: 529.1910s
	iters: 2800, epoch: 3 | loss: 0.4984134
	speed: 0.0162s/iter; left time: 741.8552s
	iters: 2900, epoch: 9 | loss: 0.3849498
	speed: 0.0217s/iter; left time: 197.5887s
	iters: 2900, epoch: 3 | loss: 0.4699194
	speed: 0.0108s/iter; left time: 494.3281s
	iters: 3000, epoch: 3 | loss: 0.4817139
	speed: 0.0108s/iter; left time: 491.7729s
	iters: 3000, epoch: 9 | loss: 0.4393167
	speed: 0.0225s/iter; left time: 202.4773s
	iters: 3100, epoch: 3 | loss: 0.3539867
	speed: 0.0139s/iter; left time: 629.5698s
	iters: 3100, epoch: 9 | loss: 0.3618262
	speed: 0.0179s/iter; left time: 159.4742s
	iters: 3200, epoch: 3 | loss: 0.4092461
	speed: 0.0129s/iter; left time: 583.2773s
	iters: 3300, epoch: 3 | loss: 0.4602344
	speed: 0.0159s/iter; left time: 720.1382s
	iters: 3200, epoch: 9 | loss: 0.4202168
	speed: 0.0264s/iter; left time: 231.8751s
	iters: 3400, epoch: 3 | loss: 0.3808739
	speed: 0.0123s/iter; left time: 557.0840s
	iters: 3500, epoch: 3 | loss: 0.3662985
	speed: 0.0136s/iter; left time: 611.1117s
	iters: 3300, epoch: 9 | loss: 0.3081958
	speed: 0.0212s/iter; left time: 184.6906s
	iters: 3600, epoch: 3 | loss: 0.5512639
	speed: 0.0115s/iter; left time: 515.0916s
	iters: 3400, epoch: 9 | loss: 0.4626128
	speed: 0.0198s/iter; left time: 170.3413s
	iters: 3700, epoch: 3 | loss: 0.2861429
	speed: 0.0142s/iter; left time: 635.6280s
	iters: 3800, epoch: 3 | loss: 0.4816993
	speed: 0.0139s/iter; left time: 619.9359s
	iters: 3500, epoch: 9 | loss: 0.4315256
	speed: 0.0215s/iter; left time: 182.9005s
	iters: 3900, epoch: 3 | loss: 0.3153196
	speed: 0.0189s/iter; left time: 844.3881s
	iters: 3600, epoch: 9 | loss: 0.3970029
	speed: 0.0212s/iter; left time: 177.9622s
	iters: 4000, epoch: 3 | loss: 0.4792575
	speed: 0.0109s/iter; left time: 487.8533s
	iters: 4100, epoch: 3 | loss: 0.3335257
	speed: 0.0157s/iter; left time: 699.4087s
	iters: 3700, epoch: 9 | loss: 0.4280111
	speed: 0.0257s/iter; left time: 213.1597s
	iters: 4200, epoch: 3 | loss: 0.4595938
	speed: 0.0137s/iter; left time: 607.4592s
	iters: 4300, epoch: 3 | loss: 0.3518024
	speed: 0.0130s/iter; left time: 573.8001s
	iters: 3800, epoch: 9 | loss: 0.3861568
	speed: 0.0281s/iter; left time: 230.6672s
	iters: 4400, epoch: 3 | loss: 0.4532050
	speed: 0.0100s/iter; left time: 443.2228s
	iters: 4500, epoch: 3 | loss: 0.3700776
	speed: 0.0099s/iter; left time: 436.6318s
	iters: 3900, epoch: 9 | loss: 0.3419744
	speed: 0.0214s/iter; left time: 173.0525s
	iters: 4600, epoch: 3 | loss: 0.6738104
	speed: 0.0110s/iter; left time: 482.6472s
	iters: 4700, epoch: 3 | loss: 0.4529075
	speed: 0.0098s/iter; left time: 428.6585s
	iters: 4000, epoch: 9 | loss: 0.3623101
	speed: 0.0231s/iter; left time: 184.3580s
	iters: 4800, epoch: 3 | loss: 0.5022828
	speed: 0.0115s/iter; left time: 502.5458s
	iters: 4900, epoch: 3 | loss: 0.6266084
	speed: 0.0180s/iter; left time: 786.5540s
	iters: 4100, epoch: 9 | loss: 0.3138025
	speed: 0.0248s/iter; left time: 196.1247s
	iters: 5000, epoch: 3 | loss: 0.4356748
	speed: 0.0113s/iter; left time: 493.7274s
	iters: 5100, epoch: 3 | loss: 0.4579331
	speed: 0.0204s/iter; left time: 887.6213s
	iters: 4200, epoch: 9 | loss: 0.4992097
	speed: 0.0293s/iter; left time: 228.7701s
	iters: 5200, epoch: 3 | loss: 0.3931276
	speed: 0.0389s/iter; left time: 1687.1198s
	iters: 4300, epoch: 9 | loss: 0.4299540
	speed: 0.0476s/iter; left time: 366.0128s
	iters: 5300, epoch: 3 | loss: 0.4053933
	speed: 0.0183s/iter; left time: 793.4896s
	iters: 5400, epoch: 3 | loss: 0.3706796
	speed: 0.0091s/iter; left time: 394.4185s
	iters: 4400, epoch: 9 | loss: 0.4040748
	speed: 0.0234s/iter; left time: 177.6371s
	iters: 5500, epoch: 3 | loss: 0.3289761
	speed: 0.0121s/iter; left time: 519.8481s
	iters: 5600, epoch: 3 | loss: 0.4726736
	speed: 0.0149s/iter; left time: 638.7787s
	iters: 4500, epoch: 9 | loss: 0.3488776
	speed: 0.0227s/iter; left time: 170.3474s
	iters: 5700, epoch: 3 | loss: 0.3860403
	speed: 0.0081s/iter; left time: 349.0844s
	iters: 5800, epoch: 3 | loss: 0.4169794
	speed: 0.0093s/iter; left time: 397.6809s
	iters: 4600, epoch: 9 | loss: 0.3337613
	speed: 0.0217s/iter; left time: 160.2387s
	iters: 5900, epoch: 3 | loss: 0.4460917
	speed: 0.0096s/iter; left time: 411.2591s
	iters: 6000, epoch: 3 | loss: 0.4011210
	speed: 0.0116s/iter; left time: 492.4603s
Epoch: 3 cost time: 74.30402660369873
	iters: 4700, epoch: 9 | loss: 0.3498406
	speed: 0.0302s/iter; left time: 220.0310s
	iters: 4800, epoch: 9 | loss: 0.3345707
	speed: 0.0412s/iter; left time: 296.5651s
	iters: 4900, epoch: 9 | loss: 0.4747368
	speed: 0.0312s/iter; left time: 221.6315s
	iters: 5000, epoch: 9 | loss: 0.4854426
	speed: 0.0204s/iter; left time: 142.6705s
Epoch: 3, Steps: 6069 | Train Loss: 0.4373904 Vali Loss: 0.6094248 Test Loss: 0.7041958
Validation loss decreased (0.612308 --> 0.609425).  Saving model ...
Updating learning rate to 2.5e-05
	iters: 5100, epoch: 9 | loss: 0.3346790
	speed: 0.0265s/iter; left time: 182.4651s
	iters: 100, epoch: 4 | loss: 0.4076449
	speed: 0.1421s/iter; left time: 6022.9373s
	iters: 200, epoch: 4 | loss: 0.4341910
	speed: 0.0080s/iter; left time: 336.6776s
	iters: 5200, epoch: 9 | loss: 0.3323126
	speed: 0.0224s/iter; left time: 152.4739s
	iters: 300, epoch: 4 | loss: 0.3752051
	speed: 0.0099s/iter; left time: 415.7884s
	iters: 400, epoch: 4 | loss: 0.5382318
	speed: 0.0090s/iter; left time: 377.6778s
	iters: 500, epoch: 4 | loss: 0.5619764
	speed: 0.0085s/iter; left time: 356.4153s
	iters: 5300, epoch: 9 | loss: 0.3584329
	speed: 0.0230s/iter; left time: 153.7090s
	iters: 600, epoch: 4 | loss: 0.4561429
	speed: 0.0104s/iter; left time: 433.8835s
	iters: 700, epoch: 4 | loss: 0.4027168
	speed: 0.0086s/iter; left time: 357.7839s
	iters: 800, epoch: 4 | loss: 0.4680152
	speed: 0.0071s/iter; left time: 295.0594s
	iters: 900, epoch: 4 | loss: 0.3689943
	speed: 0.0063s/iter; left time: 260.5527s
	iters: 5400, epoch: 9 | loss: 0.3231991
	speed: 0.0306s/iter; left time: 201.8141s
	iters: 1000, epoch: 4 | loss: 0.5704218
	speed: 0.0077s/iter; left time: 317.5759s
	iters: 1100, epoch: 4 | loss: 0.4606602
	speed: 0.0091s/iter; left time: 376.9380s
	iters: 5500, epoch: 9 | loss: 0.3148136
	speed: 0.0194s/iter; left time: 126.0476s
	iters: 1200, epoch: 4 | loss: 0.3819738
	speed: 0.0095s/iter; left time: 391.7782s
	iters: 1300, epoch: 4 | loss: 0.2715566
	speed: 0.0090s/iter; left time: 371.6941s
	iters: 5600, epoch: 9 | loss: 0.4161666
	speed: 0.0217s/iter; left time: 139.0492s
	iters: 1400, epoch: 4 | loss: 0.4439650
	speed: 0.0089s/iter; left time: 366.9996s
	iters: 1500, epoch: 4 | loss: 0.3907513
	speed: 0.0078s/iter; left time: 319.5724s
	iters: 1600, epoch: 4 | loss: 0.5696514
	speed: 0.0084s/iter; left time: 341.4637s
	iters: 5700, epoch: 9 | loss: 0.3815683
	speed: 0.0199s/iter; left time: 125.3458s
	iters: 1700, epoch: 4 | loss: 0.3291318
	speed: 0.0092s/iter; left time: 375.1749s
	iters: 1800, epoch: 4 | loss: 0.4185547
	speed: 0.0098s/iter; left time: 398.6855s
	iters: 5800, epoch: 9 | loss: 0.3276110
	speed: 0.0259s/iter; left time: 160.6974s
	iters: 1900, epoch: 4 | loss: 0.3583446
	speed: 0.0095s/iter; left time: 383.7611s
	iters: 2000, epoch: 4 | loss: 0.5358410
	speed: 0.0149s/iter; left time: 601.3939s
	iters: 2100, epoch: 4 | loss: 0.3261274
	speed: 0.0088s/iter; left time: 356.8060s
	iters: 5900, epoch: 9 | loss: 0.3810380
	speed: 0.0270s/iter; left time: 164.8105s
	iters: 2200, epoch: 4 | loss: 0.3801099
	speed: 0.0121s/iter; left time: 486.7290s
	iters: 2300, epoch: 4 | loss: 0.4769231
	speed: 0.0073s/iter; left time: 293.2940s
Epoch: 9 cost time: 158.96537113189697
	iters: 2400, epoch: 4 | loss: 0.3555017
	speed: 0.0106s/iter; left time: 425.6148s
	iters: 2500, epoch: 4 | loss: 0.3584549
	speed: 0.0192s/iter; left time: 766.4751s
	iters: 2600, epoch: 4 | loss: 0.3778863
	speed: 0.0143s/iter; left time: 570.6057s
	iters: 2700, epoch: 4 | loss: 0.8795915
	speed: 0.0153s/iter; left time: 607.1136s
	iters: 2800, epoch: 4 | loss: 0.4396654
	speed: 0.0163s/iter; left time: 645.6111s
	iters: 2900, epoch: 4 | loss: 0.3848932
	speed: 0.0178s/iter; left time: 706.4716s
	iters: 3000, epoch: 4 | loss: 0.5045817
	speed: 0.0139s/iter; left time: 547.7880s
	iters: 3100, epoch: 4 | loss: 0.4264987
	speed: 0.0199s/iter; left time: 783.6416s
	iters: 3200, epoch: 4 | loss: 0.3580574
	speed: 0.0205s/iter; left time: 806.8081s
	iters: 3300, epoch: 4 | loss: 0.3990796
	speed: 0.0188s/iter; left time: 736.6085s
	iters: 3400, epoch: 4 | loss: 0.3342156
	speed: 0.0131s/iter; left time: 512.2536s
	iters: 3500, epoch: 4 | loss: 0.3434806
	speed: 0.0200s/iter; left time: 778.8309s
	iters: 3600, epoch: 4 | loss: 0.5278841
	speed: 0.0145s/iter; left time: 562.8439s
	iters: 3700, epoch: 4 | loss: 0.4893913
	speed: 0.0165s/iter; left time: 639.4502s
	iters: 3800, epoch: 4 | loss: 0.3693499
	speed: 0.0169s/iter; left time: 652.2861s
	iters: 3900, epoch: 4 | loss: 0.3567969
	speed: 0.0132s/iter; left time: 508.0961s
	iters: 4000, epoch: 4 | loss: 0.4213085
	speed: 0.0156s/iter; left time: 600.4880s
	iters: 4100, epoch: 4 | loss: 0.4509688
	speed: 0.0191s/iter; left time: 734.3664s
	iters: 4200, epoch: 4 | loss: 0.2578441
	speed: 0.0200s/iter; left time: 767.2833s
Epoch: 9, Steps: 5997 | Train Loss: 0.3724179 Vali Loss: 0.4240073 Test Loss: 0.5024711
EarlyStopping counter: 1 out of 3
Updating learning rate to 3.90625e-07
	iters: 4300, epoch: 4 | loss: 0.3524231
	speed: 0.0110s/iter; left time: 419.7906s
	iters: 4400, epoch: 4 | loss: 0.3091529
	speed: 0.0074s/iter; left time: 280.9814s
	iters: 4500, epoch: 4 | loss: 0.4015535
	speed: 0.0073s/iter; left time: 276.2719s
	iters: 100, epoch: 10 | loss: 0.3486510
	speed: 0.3598s/iter; left time: 2122.0239s
	iters: 4600, epoch: 4 | loss: 0.3985505
	speed: 0.0098s/iter; left time: 371.2304s
	iters: 4700, epoch: 4 | loss: 0.4009774
	speed: 0.0063s/iter; left time: 237.1742s
	iters: 200, epoch: 10 | loss: 0.3836142
	speed: 0.0232s/iter; left time: 134.3409s
	iters: 4800, epoch: 4 | loss: 0.3146660
	speed: 0.0109s/iter; left time: 411.9851s
	iters: 4900, epoch: 4 | loss: 0.7454647
	speed: 0.0082s/iter; left time: 309.0937s
	iters: 5000, epoch: 4 | loss: 0.3991614
	speed: 0.0085s/iter; left time: 318.0422s
	iters: 300, epoch: 10 | loss: 0.3344070
	speed: 0.0215s/iter; left time: 122.7721s
	iters: 5100, epoch: 4 | loss: 0.4634548
	speed: 0.0099s/iter; left time: 369.7936s
	iters: 5200, epoch: 4 | loss: 0.4865050
	speed: 0.0079s/iter; left time: 294.0067s
	iters: 400, epoch: 10 | loss: 0.3854882
	speed: 0.0211s/iter; left time: 118.3077s
	iters: 5300, epoch: 4 | loss: 0.5374629
	speed: 0.0094s/iter; left time: 347.8232s
	iters: 5400, epoch: 4 | loss: 0.3855984
	speed: 0.0087s/iter; left time: 322.4981s
	iters: 5500, epoch: 4 | loss: 0.5222288
	speed: 0.0087s/iter; left time: 322.7210s
	iters: 500, epoch: 10 | loss: 0.4041506
	speed: 0.0278s/iter; left time: 152.8827s
	iters: 5600, epoch: 4 | loss: 0.3602977
	speed: 0.0106s/iter; left time: 389.9760s
	iters: 5700, epoch: 4 | loss: 0.2945264
	speed: 0.0100s/iter; left time: 369.1833s
	iters: 5800, epoch: 4 | loss: 0.3429619
	speed: 0.0075s/iter; left time: 274.2991s
	iters: 600, epoch: 10 | loss: 0.3165700
	speed: 0.0236s/iter; left time: 127.4377s
	iters: 5900, epoch: 4 | loss: 0.3800457
	speed: 0.0098s/iter; left time: 359.7284s
	iters: 700, epoch: 10 | loss: 0.3524866
	speed: 0.0201s/iter; left time: 106.6826s
	iters: 6000, epoch: 4 | loss: 0.3382537
	speed: 0.0133s/iter; left time: 485.3084s
Epoch: 4 cost time: 69.59638476371765
	iters: 800, epoch: 10 | loss: 0.3886467
	speed: 0.0324s/iter; left time: 168.4993s
	iters: 900, epoch: 10 | loss: 0.3530703
	speed: 0.0404s/iter; left time: 205.9480s
Epoch: 4, Steps: 6069 | Train Loss: 0.4366275 Vali Loss: 0.6093593 Test Loss: 0.7040981
Validation loss decreased (0.609425 --> 0.609359).  Saving model ...
Updating learning rate to 1.25e-05
	iters: 100, epoch: 5 | loss: 0.5239355
	speed: 0.0853s/iter; left time: 3097.1905s
	iters: 200, epoch: 5 | loss: 0.3843981
	speed: 0.0081s/iter; left time: 294.8525s
	iters: 1000, epoch: 10 | loss: 0.3384216
	speed: 0.0232s/iter; left time: 115.8157s
	iters: 300, epoch: 5 | loss: 0.4530035
	speed: 0.0075s/iter; left time: 269.9199s
	iters: 400, epoch: 5 | loss: 0.4476908
	speed: 0.0078s/iter; left time: 279.2691s
	iters: 1100, epoch: 10 | loss: 0.3640687
	speed: 0.0206s/iter; left time: 100.8846s
	iters: 500, epoch: 5 | loss: 0.2817537
	speed: 0.0088s/iter; left time: 316.0961s
	iters: 600, epoch: 5 | loss: 0.4392324
	speed: 0.0154s/iter; left time: 552.5681s
	iters: 1200, epoch: 10 | loss: 0.3345733
	speed: 0.0198s/iter; left time: 95.0576s
	iters: 700, epoch: 5 | loss: 0.4124855
	speed: 0.0131s/iter; left time: 469.3903s
	iters: 800, epoch: 5 | loss: 0.4239776
	speed: 0.0078s/iter; left time: 279.3969s
	iters: 1300, epoch: 10 | loss: 0.3951495
	speed: 0.0210s/iter; left time: 98.5163s
	iters: 900, epoch: 5 | loss: 0.4850484
	speed: 0.0083s/iter; left time: 295.9971s
	iters: 1000, epoch: 5 | loss: 0.3646527
	speed: 0.0094s/iter; left time: 332.5049s
	iters: 1400, epoch: 10 | loss: 0.3373444
	speed: 0.0247s/iter; left time: 113.8004s
	iters: 1100, epoch: 5 | loss: 0.3555855
	speed: 0.0114s/iter; left time: 400.9973s
	iters: 1200, epoch: 5 | loss: 0.3549362
	speed: 0.0090s/iter; left time: 315.8423s
	iters: 1300, epoch: 5 | loss: 0.4340598
	speed: 0.0091s/iter; left time: 318.3605s
	iters: 1500, epoch: 10 | loss: 0.4588365
	speed: 0.0248s/iter; left time: 111.3364s
	iters: 1400, epoch: 5 | loss: 0.4436591
	speed: 0.0101s/iter; left time: 355.3465s
	iters: 1500, epoch: 5 | loss: 0.4353399
	speed: 0.0088s/iter; left time: 306.0088s
	iters: 1600, epoch: 10 | loss: 0.3233303
	speed: 0.0207s/iter; left time: 91.1532s
	iters: 1600, epoch: 5 | loss: 0.3052202
	speed: 0.0081s/iter; left time: 283.6506s
	iters: 1700, epoch: 5 | loss: 0.3392845
	speed: 0.0092s/iter; left time: 320.3454s
	iters: 1700, epoch: 10 | loss: 0.3441121
	speed: 0.0208s/iter; left time: 89.5464s
	iters: 1800, epoch: 5 | loss: 0.5852001
	speed: 0.0108s/iter; left time: 373.3054s
	iters: 1900, epoch: 5 | loss: 0.4455477
	speed: 0.0183s/iter; left time: 631.1928s
	iters: 1800, epoch: 10 | loss: 0.4202875
	speed: 0.0186s/iter; left time: 77.9855s
	iters: 2000, epoch: 5 | loss: 0.4008456
	speed: 0.0085s/iter; left time: 293.3336s
	iters: 2100, epoch: 5 | loss: 0.4365319
	speed: 0.0105s/iter; left time: 359.4673s
	iters: 1900, epoch: 10 | loss: 0.2873830
	speed: 0.0271s/iter; left time: 110.9614s
	iters: 2200, epoch: 5 | loss: 0.3802860
	speed: 0.0099s/iter; left time: 337.7991s
	iters: 2300, epoch: 5 | loss: 0.5270097
	speed: 0.0098s/iter; left time: 334.0170s
	iters: 2400, epoch: 5 | loss: 0.3885793
	speed: 0.0105s/iter; left time: 356.6430s
	iters: 2000, epoch: 10 | loss: 0.3442667
	speed: 0.0284s/iter; left time: 113.5719s
	iters: 2500, epoch: 5 | loss: 0.3686561
	speed: 0.0085s/iter; left time: 287.1347s
	iters: 2600, epoch: 5 | loss: 0.4122986
	speed: 0.0089s/iter; left time: 302.4200s
	iters: 2700, epoch: 5 | loss: 0.7162566
	speed: 0.0085s/iter; left time: 285.2442s
	iters: 2100, epoch: 10 | loss: 0.4306111
	speed: 0.0243s/iter; left time: 94.7920s
	iters: 2800, epoch: 5 | loss: 0.4705696
	speed: 0.0067s/iter; left time: 223.6313s
	iters: 2900, epoch: 5 | loss: 0.4326344
	speed: 0.0083s/iter; left time: 276.7282s
	iters: 3000, epoch: 5 | loss: 0.3284776
	speed: 0.0081s/iter; left time: 270.7263s
	iters: 2200, epoch: 10 | loss: 0.3350217
	speed: 0.0204s/iter; left time: 77.4263s
	iters: 3100, epoch: 5 | loss: 0.5102843
	speed: 0.0159s/iter; left time: 529.4343s
	iters: 2300, epoch: 10 | loss: 0.3485819
	speed: 0.0196s/iter; left time: 72.4571s
	iters: 3200, epoch: 5 | loss: 0.3841622
	speed: 0.0131s/iter; left time: 436.1091s
	iters: 3300, epoch: 5 | loss: 0.4307716
	speed: 0.0087s/iter; left time: 288.5310s
	iters: 2400, epoch: 10 | loss: 0.3883554
	speed: 0.0236s/iter; left time: 84.8852s
	iters: 3400, epoch: 5 | loss: 0.2971652
	speed: 0.0080s/iter; left time: 264.0126s
	iters: 3500, epoch: 5 | loss: 0.3858855
	speed: 0.0085s/iter; left time: 278.3559s
	iters: 3600, epoch: 5 | loss: 0.3635952
	speed: 0.0084s/iter; left time: 275.8715s
	iters: 2500, epoch: 10 | loss: 0.3563477
	speed: 0.0231s/iter; left time: 80.9298s
	iters: 3700, epoch: 5 | loss: 0.4597845
	speed: 0.0098s/iter; left time: 320.7489s
	iters: 3800, epoch: 5 | loss: 0.4584886
	speed: 0.0106s/iter; left time: 346.4923s
	iters: 3900, epoch: 5 | loss: 0.6161907
	speed: 0.0105s/iter; left time: 342.0734s
	iters: 2600, epoch: 10 | loss: 0.3549116
	speed: 0.0275s/iter; left time: 93.3893s
	iters: 4000, epoch: 5 | loss: 0.4641677
	speed: 0.0096s/iter; left time: 310.2391s
	iters: 4100, epoch: 5 | loss: 0.5302830
	speed: 0.0094s/iter; left time: 303.9100s
	iters: 2700, epoch: 10 | loss: 0.3282405
	speed: 0.0247s/iter; left time: 81.4261s
	iters: 4200, epoch: 5 | loss: 0.3414093
	speed: 0.0096s/iter; left time: 310.7023s
	iters: 4300, epoch: 5 | loss: 0.5522140
	speed: 0.0106s/iter; left time: 341.6961s
	iters: 2800, epoch: 10 | loss: 0.4038404
	speed: 0.0254s/iter; left time: 81.3770s
	iters: 4400, epoch: 5 | loss: 0.3399737
	speed: 0.0173s/iter; left time: 554.4878s
	iters: 4500, epoch: 5 | loss: 0.3915107
	speed: 0.0111s/iter; left time: 354.3724s
	iters: 2900, epoch: 10 | loss: 0.3739078
	speed: 0.0187s/iter; left time: 57.9863s
	iters: 4600, epoch: 5 | loss: 0.5112637
	speed: 0.0168s/iter; left time: 533.5742s
	iters: 4700, epoch: 5 | loss: 0.4072475
	speed: 0.0092s/iter; left time: 290.8178s
	iters: 3000, epoch: 10 | loss: 0.3553169
	speed: 0.0221s/iter; left time: 66.1844s
	iters: 4800, epoch: 5 | loss: 0.6333178
	speed: 0.0098s/iter; left time: 308.3968s
	iters: 4900, epoch: 5 | loss: 0.4308994
	speed: 0.0104s/iter; left time: 326.9958s
	iters: 3100, epoch: 10 | loss: 0.3562675
	speed: 0.0257s/iter; left time: 74.5517s
	iters: 5000, epoch: 5 | loss: 0.3730022
	speed: 0.0092s/iter; left time: 290.1027s
	iters: 5100, epoch: 5 | loss: 0.4371548
	speed: 0.0109s/iter; left time: 340.9696s
	iters: 3200, epoch: 10 | loss: 0.3218631
	speed: 0.0234s/iter; left time: 65.5078s
	iters: 5200, epoch: 5 | loss: 0.5262874
	speed: 0.0107s/iter; left time: 335.0738s
	iters: 5300, epoch: 5 | loss: 0.3778840
	speed: 0.0101s/iter; left time: 313.0714s
	iters: 5400, epoch: 5 | loss: 0.3798542
	speed: 0.0119s/iter; left time: 367.8736s
	iters: 3300, epoch: 10 | loss: 0.4276001
	speed: 0.0240s/iter; left time: 64.7948s
	iters: 5500, epoch: 5 | loss: 0.4095511
	speed: 0.0126s/iter; left time: 390.7047s
	iters: 5600, epoch: 5 | loss: 0.6054124
	speed: 0.0089s/iter; left time: 274.2914s
	iters: 3400, epoch: 10 | loss: 0.4424558
	speed: 0.0248s/iter; left time: 64.5244s
	iters: 5700, epoch: 5 | loss: 0.4521237
	speed: 0.0097s/iter; left time: 299.0761s
	iters: 5800, epoch: 5 | loss: 0.4920460
	speed: 0.0079s/iter; left time: 240.6351s
	iters: 3500, epoch: 10 | loss: 0.3703735
	speed: 0.0207s/iter; left time: 51.6478s
	iters: 5900, epoch: 5 | loss: 0.4267575
	speed: 0.0093s/iter; left time: 282.8270s
	iters: 6000, epoch: 5 | loss: 0.2921904
	speed: 0.0086s/iter; left time: 261.4054s
Epoch: 5 cost time: 60.95436120033264
	iters: 3600, epoch: 10 | loss: 0.3285795
	speed: 0.0208s/iter; left time: 49.9729s
	iters: 3700, epoch: 10 | loss: 0.4020545
	speed: 0.0399s/iter; left time: 91.7052s
Epoch: 5, Steps: 6069 | Train Loss: 0.4362814 Vali Loss: 0.6090640 Test Loss: 0.7037482
Validation loss decreased (0.609359 --> 0.609064).  Saving model ...
Updating learning rate to 6.25e-06
	iters: 3800, epoch: 10 | loss: 0.3105287
	speed: 0.0409s/iter; left time: 89.9676s
	iters: 100, epoch: 6 | loss: 0.6518194
	speed: 0.0938s/iter; left time: 2837.7748s
	iters: 200, epoch: 6 | loss: 0.4186650
	speed: 0.0109s/iter; left time: 327.8919s
	iters: 3900, epoch: 10 | loss: 0.4799194
	speed: 0.0219s/iter; left time: 45.9287s
	iters: 300, epoch: 6 | loss: 0.4478925
	speed: 0.0122s/iter; left time: 366.4490s
	iters: 400, epoch: 6 | loss: 0.4769027
	speed: 0.0124s/iter; left time: 369.9342s
	iters: 4000, epoch: 10 | loss: 0.4071541
	speed: 0.0210s/iter; left time: 41.9032s
	iters: 500, epoch: 6 | loss: 0.4047360
	speed: 0.0127s/iter; left time: 379.9182s
	iters: 600, epoch: 6 | loss: 0.4920968
	speed: 0.0100s/iter; left time: 297.9097s
	iters: 4100, epoch: 10 | loss: 0.3650129
	speed: 0.0209s/iter; left time: 39.6713s
	iters: 700, epoch: 6 | loss: 0.4346278
	speed: 0.0111s/iter; left time: 329.8510s
	iters: 4200, epoch: 10 | loss: 0.3773604
	speed: 0.0208s/iter; left time: 37.3155s
	iters: 800, epoch: 6 | loss: 0.3363692
	speed: 0.0130s/iter; left time: 383.0961s
	iters: 900, epoch: 6 | loss: 0.4682198
	speed: 0.0119s/iter; left time: 349.9321s
	iters: 4300, epoch: 10 | loss: 0.3749992
	speed: 0.0228s/iter; left time: 38.7191s
	iters: 1000, epoch: 6 | loss: 0.3779106
	speed: 0.0310s/iter; left time: 908.8969s
	iters: 4400, epoch: 10 | loss: 0.4356642
	speed: 0.0344s/iter; left time: 54.9603s
	iters: 1100, epoch: 6 | loss: 0.4426730
	speed: 0.0438s/iter; left time: 1281.7161s
	iters: 4500, epoch: 10 | loss: 0.3730574
	speed: 0.0334s/iter; left time: 50.0097s
	iters: 1200, epoch: 6 | loss: 0.3743743
	speed: 0.0079s/iter; left time: 230.3433s
	iters: 1300, epoch: 6 | loss: 0.4905639
	speed: 0.0096s/iter; left time: 278.9906s
	iters: 4600, epoch: 10 | loss: 0.3428074
	speed: 0.0257s/iter; left time: 35.8928s
	iters: 1400, epoch: 6 | loss: 0.3012009
	speed: 0.0334s/iter; left time: 967.8976s
	iters: 4700, epoch: 10 | loss: 0.2914366
	speed: 0.0447s/iter; left time: 58.0280s
	iters: 1500, epoch: 6 | loss: 0.2442320
	speed: 0.0372s/iter; left time: 1072.2917s
	iters: 1600, epoch: 6 | loss: 0.3755260
	speed: 0.0109s/iter; left time: 311.9178s
	iters: 4800, epoch: 10 | loss: 0.3630691
	speed: 0.0302s/iter; left time: 36.1703s
	iters: 1700, epoch: 6 | loss: 0.5455059
	speed: 0.0093s/iter; left time: 267.5174s
	iters: 1800, epoch: 6 | loss: 0.4233797
	speed: 0.0090s/iter; left time: 257.8472s
	iters: 4900, epoch: 10 | loss: 0.3764197
	speed: 0.0198s/iter; left time: 21.7111s
	iters: 1900, epoch: 6 | loss: 0.5264871
	speed: 0.0074s/iter; left time: 209.1961s
	iters: 2000, epoch: 6 | loss: 0.4569909
	speed: 0.0084s/iter; left time: 238.0721s
	iters: 2100, epoch: 6 | loss: 0.4348269
	speed: 0.0075s/iter; left time: 212.8822s
	iters: 5000, epoch: 10 | loss: 0.3732902
	speed: 0.0198s/iter; left time: 19.7505s
	iters: 2200, epoch: 6 | loss: 0.6643521
	speed: 0.0087s/iter; left time: 245.7815s
	iters: 2300, epoch: 6 | loss: 0.3270308
	speed: 0.0090s/iter; left time: 252.9571s
	iters: 5100, epoch: 10 | loss: 0.3332431
	speed: 0.0207s/iter; left time: 18.5560s
	iters: 2400, epoch: 6 | loss: 0.5136596
	speed: 0.0100s/iter; left time: 279.9791s
	iters: 2500, epoch: 6 | loss: 0.5052316
	speed: 0.0090s/iter; left time: 251.2870s
	iters: 5200, epoch: 10 | loss: 0.3686223
	speed: 0.0202s/iter; left time: 16.1300s
	iters: 2600, epoch: 6 | loss: 0.2771451
	speed: 0.0201s/iter; left time: 557.9233s
	iters: 5300, epoch: 10 | loss: 0.4173062
	speed: 0.0210s/iter; left time: 14.6795s
	iters: 2700, epoch: 6 | loss: 0.4727350
	speed: 0.0088s/iter; left time: 243.8847s
	iters: 2800, epoch: 6 | loss: 0.3220593
	speed: 0.0086s/iter; left time: 237.8169s
	iters: 2900, epoch: 6 | loss: 0.3393420
	speed: 0.0095s/iter; left time: 261.8402s
	iters: 5400, epoch: 10 | loss: 0.3841498
	speed: 0.0199s/iter; left time: 11.8807s
	iters: 3000, epoch: 6 | loss: 0.3645835
	speed: 0.0090s/iter; left time: 245.7130s
	iters: 3100, epoch: 6 | loss: 0.7948057
	speed: 0.0080s/iter; left time: 216.8341s
	iters: 5500, epoch: 10 | loss: 0.3402972
	speed: 0.0196s/iter; left time: 9.7719s
	iters: 3200, epoch: 6 | loss: 0.5099438
	speed: 0.0075s/iter; left time: 204.5307s
	iters: 3300, epoch: 6 | loss: 0.4603272
	speed: 0.0091s/iter; left time: 246.4501s
	iters: 5600, epoch: 10 | loss: 0.3941128
	speed: 0.0208s/iter; left time: 8.2793s
	iters: 3400, epoch: 6 | loss: 0.4084192
	speed: 0.0086s/iter; left time: 231.3180s
	iters: 3500, epoch: 6 | loss: 0.4173005
	speed: 0.0082s/iter; left time: 218.9769s
	iters: 3600, epoch: 6 | loss: 0.4624362
	speed: 0.0102s/iter; left time: 271.7889s
	iters: 5700, epoch: 10 | loss: 0.4040195
	speed: 0.0257s/iter; left time: 7.6670s
	iters: 3700, epoch: 6 | loss: 0.3795254
	speed: 0.0109s/iter; left time: 291.3021s
	iters: 3800, epoch: 6 | loss: 0.4938620
	speed: 0.0102s/iter; left time: 271.8826s
	iters: 5800, epoch: 10 | loss: 0.2942554
	speed: 0.0231s/iter; left time: 4.5791s
	iters: 3900, epoch: 6 | loss: 0.3783464
	speed: 0.0185s/iter; left time: 490.1446s
	iters: 4000, epoch: 6 | loss: 0.3419733
	speed: 0.0077s/iter; left time: 203.4945s
	iters: 5900, epoch: 10 | loss: 0.3756219
	speed: 0.0189s/iter; left time: 1.8568s
	iters: 4100, epoch: 6 | loss: 0.3099001
	speed: 0.0087s/iter; left time: 228.4781s
	iters: 4200, epoch: 6 | loss: 0.4553584
	speed: 0.0076s/iter; left time: 198.4833s
Epoch: 10 cost time: 145.5416967868805
	iters: 4300, epoch: 6 | loss: 0.2859388
	speed: 0.0082s/iter; left time: 212.9928s
	iters: 4400, epoch: 6 | loss: 0.5070636
	speed: 0.0219s/iter; left time: 568.1934s
	iters: 4500, epoch: 6 | loss: 0.4422458
	speed: 0.0315s/iter; left time: 813.0914s
	iters: 4600, epoch: 6 | loss: 0.4225593
	speed: 0.0188s/iter; left time: 482.8209s
	iters: 4700, epoch: 6 | loss: 0.3788703
	speed: 0.0302s/iter; left time: 774.6418s
	iters: 4800, epoch: 6 | loss: 0.5731745
	speed: 0.0169s/iter; left time: 431.7211s
	iters: 4900, epoch: 6 | loss: 0.2969649
	speed: 0.0151s/iter; left time: 383.9499s
	iters: 5000, epoch: 6 | loss: 0.3624716
	speed: 0.0147s/iter; left time: 373.2036s
	iters: 5100, epoch: 6 | loss: 0.4482846
	speed: 0.0145s/iter; left time: 365.3027s
	iters: 5200, epoch: 6 | loss: 0.4564515
	speed: 0.0189s/iter; left time: 474.2979s
	iters: 5300, epoch: 6 | loss: 0.3973527
	speed: 0.0190s/iter; left time: 474.8121s
	iters: 5400, epoch: 6 | loss: 0.5033763
	speed: 0.0235s/iter; left time: 586.9106s
	iters: 5500, epoch: 6 | loss: 0.3762805
	speed: 0.0166s/iter; left time: 411.2645s
	iters: 5600, epoch: 6 | loss: 0.4232602
	speed: 0.0168s/iter; left time: 414.7876s
	iters: 5700, epoch: 6 | loss: 0.6207159
	speed: 0.0201s/iter; left time: 494.4711s
	iters: 5800, epoch: 6 | loss: 0.5298585
	speed: 0.0165s/iter; left time: 404.8408s
Epoch: 10, Steps: 5997 | Train Loss: 0.3724507 Vali Loss: 0.4243326 Test Loss: 0.5034473
EarlyStopping counter: 2 out of 3
Updating learning rate to 1.953125e-07
>>>>>>>testing : long_term_forecast_FPEMH48H192_Traffic_96_192_PatchTST_custom_ftM_sl96_ll48_pl192_dm128_nh8_el1_dl1_df256_expand2_dc4_fc3_ebtimeF_dtTrue_FPEMH48H192_PatchTST_Traffic_192_0<<<<<<<<<<<<<<<<<<<<<<<<<<<<<<<<<
	iters: 5900, epoch: 6 | loss: 0.4400051
	speed: 0.0043s/iter; left time: 105.4509s
	iters: 6000, epoch: 6 | loss: 0.5389345
	speed: 0.0043s/iter; left time: 105.0655s
Epoch: 6 cost time: 84.34157156944275
test 3317
Epoch: 6, Steps: 6069 | Train Loss: 0.4360796 Vali Loss: 0.6091338 Test Loss: 0.7038141
EarlyStopping counter: 1 out of 3
Updating learning rate to 3.125e-06
	iters: 100, epoch: 7 | loss: 0.4946652
	speed: 0.0789s/iter; left time: 1907.4009s
	iters: 200, epoch: 7 | loss: 0.6473889
	speed: 0.0101s/iter; left time: 242.4701s
	iters: 300, epoch: 7 | loss: 0.3099022
	speed: 0.0083s/iter; left time: 198.4526s
	iters: 400, epoch: 7 | loss: 0.5118045
	speed: 0.0327s/iter; left time: 780.1577s
	iters: 500, epoch: 7 | loss: 0.4293802
	speed: 0.0324s/iter; left time: 770.7765s
	iters: 600, epoch: 7 | loss: 0.4158365
	speed: 0.0181s/iter; left time: 428.5224s
	iters: 700, epoch: 7 | loss: 0.4134982
	speed: 0.0070s/iter; left time: 165.8273s
	iters: 800, epoch: 7 | loss: 0.3983119
	speed: 0.0078s/iter; left time: 182.2550s
	iters: 900, epoch: 7 | loss: 0.4644654
	speed: 0.0082s/iter; left time: 190.7748s
	iters: 1000, epoch: 7 | loss: 0.4609308
	speed: 0.0088s/iter; left time: 205.0725s
	iters: 1100, epoch: 7 | loss: 0.6165161
	speed: 0.0102s/iter; left time: 235.5338s
	iters: 1200, epoch: 7 | loss: 0.3426625
	speed: 0.0068s/iter; left time: 156.2514s
	iters: 1300, epoch: 7 | loss: 0.4266665
	speed: 0.0100s/iter; left time: 228.7387s
	iters: 1400, epoch: 7 | loss: 0.4911034
	speed: 0.0060s/iter; left time: 136.3693s
	iters: 1500, epoch: 7 | loss: 0.5971755
	speed: 0.0086s/iter; left time: 196.5523s
	iters: 1600, epoch: 7 | loss: 0.4207227
	speed: 0.0058s/iter; left time: 132.4753s
	iters: 1700, epoch: 7 | loss: 0.3330482
	speed: 0.0062s/iter; left time: 140.7948s
	iters: 1800, epoch: 7 | loss: 0.4489321
	speed: 0.0192s/iter; left time: 431.6236s
	iters: 1900, epoch: 7 | loss: 0.5836430
	speed: 0.0086s/iter; left time: 191.3844s
	iters: 2000, epoch: 7 | loss: 0.4411210
	speed: 0.0081s/iter; left time: 179.6356s
	iters: 2100, epoch: 7 | loss: 0.4254540
	speed: 0.0085s/iter; left time: 189.5486s
	iters: 2200, epoch: 7 | loss: 0.3638822
	speed: 0.0075s/iter; left time: 166.2876s
	iters: 2300, epoch: 7 | loss: 0.3845717
	speed: 0.0059s/iter; left time: 129.7123s
	iters: 2400, epoch: 7 | loss: 0.3957462
	speed: 0.0070s/iter; left time: 152.5398s
	iters: 2500, epoch: 7 | loss: 0.4592436
	speed: 0.0061s/iter; left time: 132.1392s
	iters: 2600, epoch: 7 | loss: 0.4356119
	speed: 0.0059s/iter; left time: 127.0471s
	iters: 2700, epoch: 7 | loss: 0.4091774
	speed: 0.0093s/iter; left time: 201.1209s
	iters: 2800, epoch: 7 | loss: 0.4654250
	speed: 0.0072s/iter; left time: 154.3404s
	iters: 2900, epoch: 7 | loss: 0.4501614
	speed: 0.0095s/iter; left time: 203.9768s
	iters: 3000, epoch: 7 | loss: 0.4134708
	speed: 0.0088s/iter; left time: 188.2681s
	iters: 3100, epoch: 7 | loss: 0.4328075
	speed: 0.0083s/iter; left time: 174.9385s
	iters: 3200, epoch: 7 | loss: 0.3679329
	speed: 0.0126s/iter; left time: 266.0096s
	iters: 3300, epoch: 7 | loss: 0.3966966
	speed: 0.0123s/iter; left time: 257.2538s
	iters: 3400, epoch: 7 | loss: 0.3426390
	speed: 0.0060s/iter; left time: 125.5002s
	iters: 3500, epoch: 7 | loss: 0.3389573
	speed: 0.0057s/iter; left time: 119.1776s
	iters: 3600, epoch: 7 | loss: 0.3992785
	speed: 0.0063s/iter; left time: 131.1157s
	iters: 3700, epoch: 7 | loss: 0.3751819
	speed: 0.0185s/iter; left time: 380.2801s
	iters: 3800, epoch: 7 | loss: 0.3814315
	speed: 0.0042s/iter; left time: 86.5776s
	iters: 3900, epoch: 7 | loss: 0.4361841
	speed: 0.0044s/iter; left time: 89.1264s
	iters: 4000, epoch: 7 | loss: 0.2927354
	speed: 0.0042s/iter; left time: 86.1481s
test shape: (3317, 192, 862) (3317, 192, 862)
test shape: (3317, 192, 862) (3317, 192, 862)
	iters: 4100, epoch: 7 | loss: 0.4231213
	speed: 0.0044s/iter; left time: 89.0392s
	iters: 4200, epoch: 7 | loss: 0.5147262
	speed: 0.0046s/iter; left time: 92.4970s
	iters: 4300, epoch: 7 | loss: 0.4254822
	speed: 0.0044s/iter; left time: 88.1530s
	iters: 4400, epoch: 7 | loss: 0.3680981
	speed: 0.0045s/iter; left time: 88.4899s
	iters: 4500, epoch: 7 | loss: 0.4292823
	speed: 0.0042s/iter; left time: 83.4711s
	iters: 4600, epoch: 7 | loss: 0.3575314
	speed: 0.0046s/iter; left time: 91.1614s
	iters: 4700, epoch: 7 | loss: 0.4070508
	speed: 0.0046s/iter; left time: 90.7141s
	iters: 4800, epoch: 7 | loss: 0.3064970
	speed: 0.0051s/iter; left time: 99.8191s
	iters: 4900, epoch: 7 | loss: 0.3271042
	speed: 0.0041s/iter; left time: 79.3435s
	iters: 5000, epoch: 7 | loss: 0.4348402
	speed: 0.0047s/iter; left time: 90.9630s
	iters: 5100, epoch: 7 | loss: 0.5109289
	speed: 0.0044s/iter; left time: 83.7762s
	iters: 5200, epoch: 7 | loss: 0.6957069
	speed: 0.0040s/iter; left time: 77.0720s
	iters: 5300, epoch: 7 | loss: 0.7771036
	speed: 0.0044s/iter; left time: 83.5551s
	iters: 5400, epoch: 7 | loss: 0.5771377
	speed: 0.0060s/iter; left time: 113.6088s
	iters: 5500, epoch: 7 | loss: 0.3372249
	speed: 0.0049s/iter; left time: 91.8267s
	iters: 5600, epoch: 7 | loss: 0.3931847
	speed: 0.0048s/iter; left time: 89.5504s
	iters: 5700, epoch: 7 | loss: 0.3850651
	speed: 0.0076s/iter; left time: 140.2818s
	iters: 5800, epoch: 7 | loss: 0.4146938
	speed: 0.0044s/iter; left time: 81.4323s
	iters: 5900, epoch: 7 | loss: 0.4437449
	speed: 0.0045s/iter; left time: 82.3179s
	iters: 6000, epoch: 7 | loss: 0.4447958
	speed: 0.0042s/iter; left time: 76.1446s
Epoch: 7 cost time: 48.681623220443726
mse:0.5029696226119995, mae:0.323940634727478, dtw:Not calculated
Epoch: 7, Steps: 6069 | Train Loss: 0.4360206 Vali Loss: 0.6093877 Test Loss: 0.7037719
EarlyStopping counter: 2 out of 3
Updating learning rate to 1.5625e-06
	iters: 100, epoch: 8 | loss: 0.4178622
	speed: 0.0693s/iter; left time: 1254.5993s
	iters: 200, epoch: 8 | loss: 0.4909139
	speed: 0.0041s/iter; left time: 73.9623s
	iters: 300, epoch: 8 | loss: 0.3379033
	speed: 0.0042s/iter; left time: 76.0902s
	iters: 400, epoch: 8 | loss: 0.7782164
	speed: 0.0042s/iter; left time: 74.2985s
	iters: 500, epoch: 8 | loss: 0.4368923
	speed: 0.0047s/iter; left time: 83.3262s
	iters: 600, epoch: 8 | loss: 0.3755955
	speed: 0.0046s/iter; left time: 80.7516s
	iters: 700, epoch: 8 | loss: 0.3145410
	speed: 0.0042s/iter; left time: 72.9273s
	iters: 800, epoch: 8 | loss: 0.7104306
	speed: 0.0045s/iter; left time: 78.6008s
	iters: 900, epoch: 8 | loss: 0.3020998
	speed: 0.0046s/iter; left time: 78.7872s
	iters: 1000, epoch: 8 | loss: 0.5450304
	speed: 0.0047s/iter; left time: 81.5440s
	iters: 1100, epoch: 8 | loss: 0.3206001
	speed: 0.0049s/iter; left time: 83.6867s
	iters: 1200, epoch: 8 | loss: 0.4200036
	speed: 0.0094s/iter; left time: 160.6455s
	iters: 1300, epoch: 8 | loss: 0.4888733
	speed: 0.0042s/iter; left time: 71.5865s
	iters: 1400, epoch: 8 | loss: 0.4534470
	speed: 0.0041s/iter; left time: 69.5377s
	iters: 1500, epoch: 8 | loss: 0.3878237
	speed: 0.0045s/iter; left time: 75.1947s
	iters: 1600, epoch: 8 | loss: 0.3700430
	speed: 0.0044s/iter; left time: 72.8196s
	iters: 1700, epoch: 8 | loss: 0.3489836
	speed: 0.0041s/iter; left time: 67.9010s
	iters: 1800, epoch: 8 | loss: 0.4760835
	speed: 0.0045s/iter; left time: 73.4606s
	iters: 1900, epoch: 8 | loss: 0.3580526
	speed: 0.0046s/iter; left time: 74.6577s
	iters: 2000, epoch: 8 | loss: 0.3384697
	speed: 0.0040s/iter; left time: 65.1799s
	iters: 2100, epoch: 8 | loss: 0.3576704
	speed: 0.0039s/iter; left time: 62.4643s
	iters: 2200, epoch: 8 | loss: 0.3990523
	speed: 0.0041s/iter; left time: 65.1664s
	iters: 2300, epoch: 8 | loss: 0.3901039
	speed: 0.0042s/iter; left time: 66.9954s
	iters: 2400, epoch: 8 | loss: 0.4557667
	speed: 0.0042s/iter; left time: 66.2057s
	iters: 2500, epoch: 8 | loss: 0.3947284
	speed: 0.0040s/iter; left time: 63.2026s
	iters: 2600, epoch: 8 | loss: 0.4080739
	speed: 0.0044s/iter; left time: 68.4076s
	iters: 2700, epoch: 8 | loss: 0.4964900
	speed: 0.0042s/iter; left time: 65.2448s
	iters: 2800, epoch: 8 | loss: 0.4885010
	speed: 0.0045s/iter; left time: 69.9592s
	iters: 2900, epoch: 8 | loss: 0.3341277
	speed: 0.0042s/iter; left time: 64.8548s
	iters: 3000, epoch: 8 | loss: 0.3216213
	speed: 0.0046s/iter; left time: 69.7411s
	iters: 3100, epoch: 8 | loss: 0.4503679
	speed: 0.0041s/iter; left time: 61.6829s
	iters: 3200, epoch: 8 | loss: 0.4255408
	speed: 0.0033s/iter; left time: 49.4350s
	iters: 3300, epoch: 8 | loss: 0.4912857
	speed: 0.0039s/iter; left time: 58.5565s
	iters: 3400, epoch: 8 | loss: 0.3719357
	speed: 0.0042s/iter; left time: 61.8467s
	iters: 3500, epoch: 8 | loss: 0.5182185
	speed: 0.0040s/iter; left time: 59.2870s
	iters: 3600, epoch: 8 | loss: 0.4661997
	speed: 0.0043s/iter; left time: 63.2660s
	iters: 3700, epoch: 8 | loss: 0.3545371
	speed: 0.0038s/iter; left time: 55.2877s
	iters: 3800, epoch: 8 | loss: 0.3896317
	speed: 0.0045s/iter; left time: 64.7900s
	iters: 3900, epoch: 8 | loss: 0.4044072
	speed: 0.0083s/iter; left time: 119.3031s
	iters: 4000, epoch: 8 | loss: 0.2439017
	speed: 0.0044s/iter; left time: 62.1590s
	iters: 4100, epoch: 8 | loss: 0.4005748
	speed: 0.0039s/iter; left time: 55.7099s
	iters: 4200, epoch: 8 | loss: 0.3042867
	speed: 0.0043s/iter; left time: 60.3051s
	iters: 4300, epoch: 8 | loss: 0.6077495
	speed: 0.0044s/iter; left time: 61.4090s
	iters: 4400, epoch: 8 | loss: 0.4234999
	speed: 0.0044s/iter; left time: 60.6422s
	iters: 4500, epoch: 8 | loss: 0.5217569
	speed: 0.0046s/iter; left time: 63.3954s
	iters: 4600, epoch: 8 | loss: 0.3762478
	speed: 0.0046s/iter; left time: 62.3369s
	iters: 4700, epoch: 8 | loss: 0.4823256
	speed: 0.0041s/iter; left time: 55.6061s
	iters: 4800, epoch: 8 | loss: 0.4153241
	speed: 0.0042s/iter; left time: 55.8120s
	iters: 4900, epoch: 8 | loss: 0.3560610
	speed: 0.0042s/iter; left time: 55.4456s
	iters: 5000, epoch: 8 | loss: 0.2880376
	speed: 0.0042s/iter; left time: 55.2696s
	iters: 5100, epoch: 8 | loss: 0.3541661
	speed: 0.0040s/iter; left time: 52.5192s
	iters: 5200, epoch: 8 | loss: 0.4186791
	speed: 0.0038s/iter; left time: 49.9103s
	iters: 5300, epoch: 8 | loss: 0.3959787
	speed: 0.0042s/iter; left time: 54.1885s
	iters: 5400, epoch: 8 | loss: 0.4889728
	speed: 0.0045s/iter; left time: 57.6005s
	iters: 5500, epoch: 8 | loss: 0.2780454
	speed: 0.0046s/iter; left time: 58.9342s
	iters: 5600, epoch: 8 | loss: 0.4709672
	speed: 0.0047s/iter; left time: 59.2633s
	iters: 5700, epoch: 8 | loss: 0.6008194
	speed: 0.0044s/iter; left time: 55.2821s
	iters: 5800, epoch: 8 | loss: 0.3921339
	speed: 0.0041s/iter; left time: 51.0062s
	iters: 5900, epoch: 8 | loss: 0.3636236
	speed: 0.0042s/iter; left time: 51.9529s
	iters: 6000, epoch: 8 | loss: 0.4782070
	speed: 0.0041s/iter; left time: 49.6432s
Epoch: 8 cost time: 26.8430495262146
dataset=ETTh1 pred_len=192 backbone=Autoformer GPU=3 output=results/fpem_classic_baselines_h48_h192/Autoformer/ETTh1/pred_192
exact command: env CUDA_VISIBLE_DEVICES=3 /data/OuXiaoyu/miniconda3/envs/basicts/bin/python -u run.py --task_name long_term_forecast --is_training 1 --root_path ./dataset/all_datasets/ETT-small --data_path ETTh1.csv --model_id FPEMH48H192_ETTh1_96_192 --model Autoformer --data ETTh1 --features M --target OT --freq h --seq_len 96 --label_len 48 --pred_len 192 --e_layers 2 --d_layers 1 --factor 3 --enc_in 7 --dec_in 7 --c_out 7 --d_model 512 --d_ff 2048 --n_heads 8 --batch_size 32 --learning_rate 1e-4 --train_epochs 10 --patience 3 --num_workers 0 --des FPEMH48H192_Autoformer_ETTh1_192 --itr 1 --checkpoints results/fpem_classic_baselines_h48_h192/Autoformer/ETTh1/pred_192/checkpoints 
Using GPU
Args in experiment:
[1mBasic Config[0m
  Task Name:          long_term_forecast  Is Training:        1                   
  Model ID:           FPEMH48H192_ETTh1_96_192Model:              Autoformer          

[1mData Loader[0m
  Data:               ETTh1               Root Path:          ./dataset/all_datasets/ETT-small
  Data Path:          ETTh1.csv           Features:           M                   
  Target:             OT                  Freq:               h                   
  Checkpoints:        results/fpem_classic_baselines_h48_h192/Autoformer/ETTh1/pred_192/checkpoints

[1mForecasting Task[0m
  Seq Len:            96                  Label Len:          48                  
  Pred Len:           192                 Seasonal Patterns:  Monthly             
  Inverse:            0                   

[1mModel Parameters[0m
  Top k:              5                   Num Kernels:        6                   
  Enc In:             7                   Dec In:             7                   
  C Out:              7                   d model:            512                 
  n heads:            8                   e layers:           2                   
  d layers:           1                   d FF:               2048                
  Moving Avg:         25                  Factor:             3                   
  Distil:             1                   Dropout:            0.1                 
  Embed:              timeF               Activation:         gelu                

[1mRun Parameters[0m
  Num Workers:        0                   Itr:                1                   
  Train Epochs:       10                  Batch Size:         32                  
  Patience:           3                   Learning Rate:      0.0001              
  Des:                FPEMH48H192_Autoformer_ETTh1_192Loss:               MSE                 
  Lradj:              type1               Use Amp:            0                   

[1mGPU[0m
  Use GPU:            1                   GPU:                0                   
  Use Multi GPU:      0                   Devices:            0,1,2,3             

[1mDe-stationary Projector Params[0m
  P Hidden Dims:      128, 128            P Hidden Layers:    2                   

Epoch: 8, Steps: 6069 | Train Loss: 0.4359334 Vali Loss: 0.6091401 Test Loss: 0.7038025
EarlyStopping counter: 3 out of 3
Early stopping
>>>>>>>testing : long_term_forecast_FPEMH48H192_Traffic_96_48_DLinear_custom_ftM_sl96_ll48_pl48_dm512_nh8_el2_dl1_df2048_expand2_dc4_fc3_ebtimeF_dtTrue_FPEMH48H192_DLinear_Traffic_48_0<<<<<<<<<<<<<<<<<<<<<<<<<<<<<<<<<
Use GPU: cuda:0
🚀 Lazy Loading: Autoformer ...
>>>>>>>start training : long_term_forecast_FPEMH48H192_ETTh1_96_192_Autoformer_ETTh1_ftM_sl96_ll48_pl192_dm512_nh8_el2_dl1_df2048_expand2_dc4_fc3_ebtimeF_dtTrue_FPEMH48H192_Autoformer_ETTh1_192_0>>>>>>>>>>>>>>>>>>>>>>>>>>
train 8353
val 2689
test 2689
test 3461
	iters: 100, epoch: 1 | loss: 0.4919785
	speed: 0.1560s/iter; left time: 393.3949s
test shape: (3461, 48, 862) (3461, 48, 862)
test shape: (3461, 48, 862) (3461, 48, 862)
mse:0.7038868069648743, mae:0.42817142605781555, dtw:Not calculated
	iters: 200, epoch: 1 | loss: 0.5056192
	speed: 0.1296s/iter; left time: 313.8770s
dataset=ETTm1 pred_len=48 backbone=Autoformer GPU=2 output=results/fpem_classic_baselines_h48_h192/Autoformer/ETTm1/pred_48
exact command: env CUDA_VISIBLE_DEVICES=2 /data/OuXiaoyu/miniconda3/envs/basicts/bin/python -u run.py --task_name long_term_forecast --is_training 1 --root_path ./dataset/all_datasets/ETT-small --data_path ETTm1.csv --model_id FPEMH48H192_ETTm1_96_48 --model Autoformer --data ETTm1 --features M --target OT --freq 15min --seq_len 96 --label_len 48 --pred_len 48 --e_layers 2 --d_layers 1 --factor 3 --enc_in 7 --dec_in 7 --c_out 7 --d_model 512 --d_ff 2048 --n_heads 8 --batch_size 32 --learning_rate 1e-4 --train_epochs 10 --patience 3 --num_workers 0 --des FPEMH48H192_Autoformer_ETTm1_48 --itr 1 --checkpoints results/fpem_classic_baselines_h48_h192/Autoformer/ETTm1/pred_48/checkpoints 
Epoch: 1 cost time: 35.29748058319092
Using GPU
Args in experiment:
[1mBasic Config[0m
  Task Name:          long_term_forecast  Is Training:        1                   
  Model ID:           FPEMH48H192_ETTm1_96_48Model:              Autoformer          

[1mData Loader[0m
  Data:               ETTm1               Root Path:          ./dataset/all_datasets/ETT-small
  Data Path:          ETTm1.csv           Features:           M                   
  Target:             OT                  Freq:               15min               
  Checkpoints:        results/fpem_classic_baselines_h48_h192/Autoformer/ETTm1/pred_48/checkpoints

[1mForecasting Task[0m
  Seq Len:            96                  Label Len:          48                  
  Pred Len:           48                  Seasonal Patterns:  Monthly             
  Inverse:            0                   

[1mModel Parameters[0m
  Top k:              5                   Num Kernels:        6                   
  Enc In:             7                   Dec In:             7                   
  C Out:              7                   d model:            512                 
  n heads:            8                   e layers:           2                   
  d layers:           1                   d FF:               2048                
  Moving Avg:         25                  Factor:             3                   
  Distil:             1                   Dropout:            0.1                 
  Embed:              timeF               Activation:         gelu                

[1mRun Parameters[0m
  Num Workers:        0                   Itr:                1                   
  Train Epochs:       10                  Batch Size:         32                  
  Patience:           3                   Learning Rate:      0.0001              
  Des:                FPEMH48H192_Autoformer_ETTm1_48Loss:               MSE                 
  Lradj:              type1               Use Amp:            0                   

[1mGPU[0m
  Use GPU:            1                   GPU:                0                   
  Use Multi GPU:      0                   Devices:            0,1,2,3             

[1mDe-stationary Projector Params[0m
  P Hidden Dims:      128, 128            P Hidden Layers:    2                   

Use GPU: cuda:0
🚀 Lazy Loading: Autoformer ...
Traceback (most recent call last):
  File "/data/OuXiaoyu/Time-Series-Library-FPEM/run.py", line 351, in <module>
    exp = Exp(args)  # set experiments
          ^^^^^^^^^
  File "/data/OuXiaoyu/Time-Series-Library-FPEM/exp/exp_long_term_forecasting.py", line 64, in __init__
    super(Exp_Long_Term_Forecast, self).__init__(args)
  File "/data/OuXiaoyu/Time-Series-Library-FPEM/exp/exp_basic.py", line 23, in __init__
    self.model = self._build_model().to(self.device)
                 ^^^^^^^^^^^^^^^^^^^
  File "/data/OuXiaoyu/Time-Series-Library-FPEM/exp/exp_long_term_forecasting.py", line 67, in _build_model
    model = self.model_dict[self.args.model](self.args).float()
            ^^^^^^^^^^^^^^^^^^^^^^^^^^^^^^^^^^^^^^^^^^^
  File "/data/OuXiaoyu/Time-Series-Library-FPEM/models/Autoformer.py", line 30, in __init__
    self.enc_embedding = DataEmbedding_wo_pos(configs.enc_in, configs.d_model, configs.embed, configs.freq,
                         ^^^^^^^^^^^^^^^^^^^^^^^^^^^^^^^^^^^^^^^^^^^^^^^^^^^^^^^^^^^^^^^^^^^^^^^^^^^^^^^^^^
  File "/data/OuXiaoyu/Time-Series-Library-FPEM/layers/Embed.py", line 153, in __init__
    freq=freq) if embed_type != 'timeF' else TimeFeatureEmbedding(
                                             ^^^^^^^^^^^^^^^^^^^^^
  File "/data/OuXiaoyu/Time-Series-Library-FPEM/layers/Embed.py", line 102, in __init__
    d_inp = freq_map[freq]
            ~~~~~~~~^^^^^^
KeyError: '15min'
baseline metrics.npy not found
dataset=ETTm2 pred_len=192 backbone=Autoformer GPU=2 output=results/fpem_classic_baselines_h48_h192/Autoformer/ETTm2/pred_192
exact command: env CUDA_VISIBLE_DEVICES=2 /data/OuXiaoyu/miniconda3/envs/basicts/bin/python -u run.py --task_name long_term_forecast --is_training 1 --root_path ./dataset/all_datasets/ETT-small --data_path ETTm2.csv --model_id FPEMH48H192_ETTm2_96_192 --model Autoformer --data ETTm2 --features M --target OT --freq 15min --seq_len 96 --label_len 48 --pred_len 192 --e_layers 2 --d_layers 1 --factor 3 --enc_in 7 --dec_in 7 --c_out 7 --d_model 512 --d_ff 2048 --n_heads 8 --batch_size 32 --learning_rate 1e-4 --train_epochs 10 --patience 3 --num_workers 0 --des FPEMH48H192_Autoformer_ETTm2_192 --itr 1 --checkpoints results/fpem_classic_baselines_h48_h192/Autoformer/ETTm2/pred_192/checkpoints 
Using GPU
Args in experiment:
[1mBasic Config[0m
  Task Name:          long_term_forecast  Is Training:        1                   
  Model ID:           FPEMH48H192_ETTm2_96_192Model:              Autoformer          

[1mData Loader[0m
  Data:               ETTm2               Root Path:          ./dataset/all_datasets/ETT-small
  Data Path:          ETTm2.csv           Features:           M                   
  Target:             OT                  Freq:               15min               
  Checkpoints:        results/fpem_classic_baselines_h48_h192/Autoformer/ETTm2/pred_192/checkpoints

[1mForecasting Task[0m
  Seq Len:            96                  Label Len:          48                  
  Pred Len:           192                 Seasonal Patterns:  Monthly             
  Inverse:            0                   

[1mModel Parameters[0m
  Top k:              5                   Num Kernels:        6                   
  Enc In:             7                   Dec In:             7                   
  C Out:              7                   d model:            512                 
  n heads:            8                   e layers:           2                   
  d layers:           1                   d FF:               2048                
  Moving Avg:         25                  Factor:             3                   
  Distil:             1                   Dropout:            0.1                 
  Embed:              timeF               Activation:         gelu                

[1mRun Parameters[0m
  Num Workers:        0                   Itr:                1                   
  Train Epochs:       10                  Batch Size:         32                  
  Patience:           3                   Learning Rate:      0.0001              
  Des:                FPEMH48H192_Autoformer_ETTm2_192Loss:               MSE                 
  Lradj:              type1               Use Amp:            0                   

[1mGPU[0m
  Use GPU:            1                   GPU:                0                   
  Use Multi GPU:      0                   Devices:            0,1,2,3             

[1mDe-stationary Projector Params[0m
  P Hidden Dims:      128, 128            P Hidden Layers:    2                   

Use GPU: cuda:0
🚀 Lazy Loading: Autoformer ...
Traceback (most recent call last):
  File "/data/OuXiaoyu/Time-Series-Library-FPEM/run.py", line 351, in <module>
    exp = Exp(args)  # set experiments
          ^^^^^^^^^
  File "/data/OuXiaoyu/Time-Series-Library-FPEM/exp/exp_long_term_forecasting.py", line 64, in __init__
    super(Exp_Long_Term_Forecast, self).__init__(args)
  File "/data/OuXiaoyu/Time-Series-Library-FPEM/exp/exp_basic.py", line 23, in __init__
    self.model = self._build_model().to(self.device)
                 ^^^^^^^^^^^^^^^^^^^
  File "/data/OuXiaoyu/Time-Series-Library-FPEM/exp/exp_long_term_forecasting.py", line 67, in _build_model
    model = self.model_dict[self.args.model](self.args).float()
            ^^^^^^^^^^^^^^^^^^^^^^^^^^^^^^^^^^^^^^^^^^^
  File "/data/OuXiaoyu/Time-Series-Library-FPEM/models/Autoformer.py", line 30, in __init__
    self.enc_embedding = DataEmbedding_wo_pos(configs.enc_in, configs.d_model, configs.embed, configs.freq,
                         ^^^^^^^^^^^^^^^^^^^^^^^^^^^^^^^^^^^^^^^^^^^^^^^^^^^^^^^^^^^^^^^^^^^^^^^^^^^^^^^^^^
  File "/data/OuXiaoyu/Time-Series-Library-FPEM/layers/Embed.py", line 153, in __init__
    freq=freq) if embed_type != 'timeF' else TimeFeatureEmbedding(
                                             ^^^^^^^^^^^^^^^^^^^^^
  File "/data/OuXiaoyu/Time-Series-Library-FPEM/layers/Embed.py", line 102, in __init__
    d_inp = freq_map[freq]
            ~~~~~~~~^^^^^^
KeyError: '15min'
baseline metrics.npy not found
dataset=Weather pred_len=48 backbone=Autoformer GPU=2 output=results/fpem_classic_baselines_h48_h192/Autoformer/Weather/pred_48
exact command: env CUDA_VISIBLE_DEVICES=2 /data/OuXiaoyu/miniconda3/envs/basicts/bin/python -u run.py --task_name long_term_forecast --is_training 1 --root_path ./dataset/all_datasets/weather --data_path weather.csv --model_id FPEMH48H192_Weather_96_48 --model Autoformer --data custom --features M --target OT --freq 10min --seq_len 96 --label_len 48 --pred_len 48 --e_layers 2 --d_layers 1 --factor 3 --enc_in 21 --dec_in 21 --c_out 21 --d_model 512 --d_ff 2048 --n_heads 8 --batch_size 16 --learning_rate 1e-4 --train_epochs 10 --patience 3 --num_workers 0 --des FPEMH48H192_Autoformer_Weather_48 --itr 1 --checkpoints results/fpem_classic_baselines_h48_h192/Autoformer/Weather/pred_48/checkpoints 
Using GPU
Args in experiment:
[1mBasic Config[0m
  Task Name:          long_term_forecast  Is Training:        1                   
  Model ID:           FPEMH48H192_Weather_96_48Model:              Autoformer          

[1mData Loader[0m
  Data:               custom              Root Path:          ./dataset/all_datasets/weather
  Data Path:          weather.csv         Features:           M                   
  Target:             OT                  Freq:               10min               
  Checkpoints:        results/fpem_classic_baselines_h48_h192/Autoformer/Weather/pred_48/checkpoints

[1mForecasting Task[0m
  Seq Len:            96                  Label Len:          48                  
  Pred Len:           48                  Seasonal Patterns:  Monthly             
  Inverse:            0                   

[1mModel Parameters[0m
  Top k:              5                   Num Kernels:        6                   
  Enc In:             21                  Dec In:             21                  
  C Out:              21                  d model:            512                 
  n heads:            8                   e layers:           2                   
  d layers:           1                   d FF:               2048                
  Moving Avg:         25                  Factor:             3                   
  Distil:             1                   Dropout:            0.1                 
  Embed:              timeF               Activation:         gelu                

[1mRun Parameters[0m
  Num Workers:        0                   Itr:                1                   
  Train Epochs:       10                  Batch Size:         16                  
  Patience:           3                   Learning Rate:      0.0001              
  Des:                FPEMH48H192_Autoformer_Weather_48Loss:               MSE                 
  Lradj:              type1               Use Amp:            0                   

[1mGPU[0m
  Use GPU:            1                   GPU:                0                   
  Use Multi GPU:      0                   Devices:            0,1,2,3             

[1mDe-stationary Projector Params[0m
  P Hidden Dims:      128, 128            P Hidden Layers:    2                   

Epoch: 1, Steps: 262 | Train Loss: 0.4715818 Vali Loss: 1.1506595 Test Loss: 0.4976758
Validation loss decreased (inf --> 1.150659).  Saving model ...
Updating learning rate to 0.0001
Use GPU: cuda:0
🚀 Lazy Loading: Autoformer ...
Traceback (most recent call last):
  File "/data/OuXiaoyu/Time-Series-Library-FPEM/run.py", line 351, in <module>
    exp = Exp(args)  # set experiments
          ^^^^^^^^^
  File "/data/OuXiaoyu/Time-Series-Library-FPEM/exp/exp_long_term_forecasting.py", line 64, in __init__
    super(Exp_Long_Term_Forecast, self).__init__(args)
  File "/data/OuXiaoyu/Time-Series-Library-FPEM/exp/exp_basic.py", line 23, in __init__
    self.model = self._build_model().to(self.device)
                 ^^^^^^^^^^^^^^^^^^^
  File "/data/OuXiaoyu/Time-Series-Library-FPEM/exp/exp_long_term_forecasting.py", line 67, in _build_model
    model = self.model_dict[self.args.model](self.args).float()
            ^^^^^^^^^^^^^^^^^^^^^^^^^^^^^^^^^^^^^^^^^^^
  File "/data/OuXiaoyu/Time-Series-Library-FPEM/models/Autoformer.py", line 30, in __init__
    self.enc_embedding = DataEmbedding_wo_pos(configs.enc_in, configs.d_model, configs.embed, configs.freq,
                         ^^^^^^^^^^^^^^^^^^^^^^^^^^^^^^^^^^^^^^^^^^^^^^^^^^^^^^^^^^^^^^^^^^^^^^^^^^^^^^^^^^
  File "/data/OuXiaoyu/Time-Series-Library-FPEM/layers/Embed.py", line 153, in __init__
    freq=freq) if embed_type != 'timeF' else TimeFeatureEmbedding(
                                             ^^^^^^^^^^^^^^^^^^^^^
  File "/data/OuXiaoyu/Time-Series-Library-FPEM/layers/Embed.py", line 102, in __init__
    d_inp = freq_map[freq]
            ~~~~~~~~^^^^^^
KeyError: '10min'
baseline metrics.npy not found
dataset=Electricity pred_len=192 backbone=Autoformer GPU=2 output=results/fpem_classic_baselines_h48_h192/Autoformer/Electricity/pred_192
exact command: env CUDA_VISIBLE_DEVICES=2 /data/OuXiaoyu/miniconda3/envs/basicts/bin/python -u run.py --task_name long_term_forecast --is_training 1 --root_path ./dataset/all_datasets/electricity --data_path electricity.csv --model_id FPEMH48H192_Electricity_96_192 --model Autoformer --data custom --features M --target OT --freq h --seq_len 96 --label_len 48 --pred_len 192 --e_layers 2 --d_layers 1 --factor 3 --enc_in 321 --dec_in 321 --c_out 321 --d_model 512 --d_ff 2048 --n_heads 8 --batch_size 4 --learning_rate 1e-4 --train_epochs 10 --patience 3 --num_workers 0 --des FPEMH48H192_Autoformer_Electricity_192 --itr 1 --checkpoints results/fpem_classic_baselines_h48_h192/Autoformer/Electricity/pred_192/checkpoints 
Using GPU
Args in experiment:
[1mBasic Config[0m
  Task Name:          long_term_forecast  Is Training:        1                   
  Model ID:           FPEMH48H192_Electricity_96_192Model:              Autoformer          

[1mData Loader[0m
  Data:               custom              Root Path:          ./dataset/all_datasets/electricity
  Data Path:          electricity.csv     Features:           M                   
  Target:             OT                  Freq:               h                   
  Checkpoints:        results/fpem_classic_baselines_h48_h192/Autoformer/Electricity/pred_192/checkpoints

[1mForecasting Task[0m
  Seq Len:            96                  Label Len:          48                  
  Pred Len:           192                 Seasonal Patterns:  Monthly             
  Inverse:            0                   

[1mModel Parameters[0m
  Top k:              5                   Num Kernels:        6                   
  Enc In:             321                 Dec In:             321                 
  C Out:              321                 d model:            512                 
  n heads:            8                   e layers:           2                   
  d layers:           1                   d FF:               2048                
  Moving Avg:         25                  Factor:             3                   
  Distil:             1                   Dropout:            0.1                 
  Embed:              timeF               Activation:         gelu                

[1mRun Parameters[0m
  Num Workers:        0                   Itr:                1                   
  Train Epochs:       10                  Batch Size:         4                   
  Patience:           3                   Learning Rate:      0.0001              
  Des:                FPEMH48H192_Autoformer_Electricity_192Loss:               MSE                 
  Lradj:              type1               Use Amp:            0                   

[1mGPU[0m
  Use GPU:            1                   GPU:                0                   
  Use Multi GPU:      0                   Devices:            0,1,2,3             

[1mDe-stationary Projector Params[0m
  P Hidden Dims:      128, 128            P Hidden Layers:    2                   

Use GPU: cuda:0
🚀 Lazy Loading: Autoformer ...
>>>>>>>start training : long_term_forecast_FPEMH48H192_Electricity_96_192_Autoformer_custom_ftM_sl96_ll48_pl192_dm512_nh8_el2_dl1_df2048_expand2_dc4_fc3_ebtimeF_dtTrue_FPEMH48H192_Autoformer_Electricity_192_0>>>>>>>>>>>>>>>>>>>>>>>>>>
train 18125
val 2441
test 5069
	iters: 100, epoch: 2 | loss: 0.4502469
	speed: 0.3347s/iter; left time: 756.1115s
	iters: 100, epoch: 1 | loss: 0.4484223
	speed: 0.0983s/iter; left time: 4445.5755s
	iters: 200, epoch: 2 | loss: 0.4483538
	speed: 0.1292s/iter; left time: 279.0063s
	iters: 200, epoch: 1 | loss: 0.2426557
	speed: 0.0800s/iter; left time: 3607.6722s
Epoch: 2 cost time: 33.654550552368164
	iters: 300, epoch: 1 | loss: 0.2475007
	speed: 0.0886s/iter; left time: 3990.8691s
Epoch: 2, Steps: 262 | Train Loss: 0.4134244 Vali Loss: 1.1861852 Test Loss: 0.5421052
EarlyStopping counter: 1 out of 3
Updating learning rate to 5e-05
	iters: 400, epoch: 1 | loss: 0.2214009
	speed: 0.0911s/iter; left time: 4093.8787s
	iters: 500, epoch: 1 | loss: 0.2059996
	speed: 0.0848s/iter; left time: 3802.0977s
	iters: 100, epoch: 3 | loss: 0.4152313
	speed: 0.3364s/iter; left time: 671.7396s
	iters: 600, epoch: 1 | loss: 0.2573785
	speed: 0.0807s/iter; left time: 3607.2336s
	iters: 200, epoch: 3 | loss: 0.3800780
	speed: 0.1296s/iter; left time: 245.8585s
	iters: 700, epoch: 1 | loss: 0.1936012
	speed: 0.0836s/iter; left time: 3732.3263s
Epoch: 3 cost time: 33.837289571762085
	iters: 800, epoch: 1 | loss: 0.1880478
	speed: 0.0808s/iter; left time: 3599.2544s
	iters: 900, epoch: 1 | loss: 0.2136812
	speed: 0.0924s/iter; left time: 4106.1331s
Epoch: 3, Steps: 262 | Train Loss: 0.3856503 Vali Loss: 1.2336437 Test Loss: 0.6479332
EarlyStopping counter: 2 out of 3
Updating learning rate to 2.5e-05
	iters: 1000, epoch: 1 | loss: 0.2083521
	speed: 0.0839s/iter; left time: 3717.8371s
	iters: 100, epoch: 4 | loss: 0.3156149
	speed: 0.3322s/iter; left time: 576.3086s
	iters: 1100, epoch: 1 | loss: 0.2989962
	speed: 0.0817s/iter; left time: 3612.7800s
	iters: 1200, epoch: 1 | loss: 0.2320705
	speed: 0.0791s/iter; left time: 3490.8550s
	iters: 200, epoch: 4 | loss: 0.3753720
	speed: 0.1297s/iter; left time: 212.0469s
	iters: 1300, epoch: 1 | loss: 0.1987987
	speed: 0.0858s/iter; left time: 3777.1736s
Epoch: 4 cost time: 33.9819610118866
	iters: 1400, epoch: 1 | loss: 0.1430239
	speed: 0.0924s/iter; left time: 4059.3966s
Epoch: 4, Steps: 262 | Train Loss: 0.3628905 Vali Loss: 1.1918505 Test Loss: 0.5793807
EarlyStopping counter: 3 out of 3
Early stopping
>>>>>>>testing : long_term_forecast_FPEMH48H192_ETTh1_96_192_Autoformer_ETTh1_ftM_sl96_ll48_pl192_dm512_nh8_el2_dl1_df2048_expand2_dc4_fc3_ebtimeF_dtTrue_FPEMH48H192_Autoformer_ETTh1_192_0<<<<<<<<<<<<<<<<<<<<<<<<<<<<<<<<<
test 2689
	iters: 1500, epoch: 1 | loss: 0.1642946
	speed: 0.0964s/iter; left time: 4226.2804s
test shape: (2689, 192, 7) (2689, 192, 7)
test shape: (2689, 192, 7) (2689, 192, 7)
mse:0.4933614134788513, mae:0.4737290143966675, dtw:Not calculated
dataset=ETTh1 pred_len=48 backbone=TimesNet GPU=3 output=results/fpem_classic_baselines_h48_h192/TimesNet/ETTh1/pred_48
exact command: env CUDA_VISIBLE_DEVICES=3 /data/OuXiaoyu/miniconda3/envs/basicts/bin/python -u run.py --task_name long_term_forecast --is_training 1 --root_path ./dataset/all_datasets/ETT-small --data_path ETTh1.csv --model_id FPEMH48H192_ETTh1_96_48 --model TimesNet --data ETTh1 --features M --target OT --freq h --seq_len 96 --label_len 48 --pred_len 48 --e_layers 2 --d_layers 1 --factor 3 --enc_in 7 --dec_in 7 --c_out 7 --d_model 16 --d_ff 32 --n_heads 8 --batch_size 32 --learning_rate 1e-4 --train_epochs 10 --patience 3 --num_workers 0 --des FPEMH48H192_TimesNet_ETTh1_48 --itr 1 --checkpoints results/fpem_classic_baselines_h48_h192/TimesNet/ETTh1/pred_48/checkpoints --top_k 5 --num_kernels 6 
	iters: 1600, epoch: 1 | loss: 0.2910334
	speed: 0.0890s/iter; left time: 3890.8228s
Using GPU
Args in experiment:
[1mBasic Config[0m
  Task Name:          long_term_forecast  Is Training:        1                   
  Model ID:           FPEMH48H192_ETTh1_96_48Model:              TimesNet            

[1mData Loader[0m
  Data:               ETTh1               Root Path:          ./dataset/all_datasets/ETT-small
  Data Path:          ETTh1.csv           Features:           M                   
  Target:             OT                  Freq:               h                   
  Checkpoints:        results/fpem_classic_baselines_h48_h192/TimesNet/ETTh1/pred_48/checkpoints

[1mForecasting Task[0m
  Seq Len:            96                  Label Len:          48                  
  Pred Len:           48                  Seasonal Patterns:  Monthly             
  Inverse:            0                   

[1mModel Parameters[0m
  Top k:              5                   Num Kernels:        6                   
  Enc In:             7                   Dec In:             7                   
  C Out:              7                   d model:            16                  
  n heads:            8                   e layers:           2                   
  d layers:           1                   d FF:               32                  
  Moving Avg:         25                  Factor:             3                   
  Distil:             1                   Dropout:            0.1                 
  Embed:              timeF               Activation:         gelu                

[1mRun Parameters[0m
  Num Workers:        0                   Itr:                1                   
  Train Epochs:       10                  Batch Size:         32                  
  Patience:           3                   Learning Rate:      0.0001              
  Des:                FPEMH48H192_TimesNet_ETTh1_48Loss:               MSE                 
  Lradj:              type1               Use Amp:            0                   

[1mGPU[0m
  Use GPU:            1                   GPU:                0                   
  Use Multi GPU:      0                   Devices:            0,1,2,3             

[1mDe-stationary Projector Params[0m
  P Hidden Dims:      128, 128            P Hidden Layers:    2                   

Use GPU: cuda:0
🚀 Lazy Loading: TimesNet ...
>>>>>>>start training : long_term_forecast_FPEMH48H192_ETTh1_96_48_TimesNet_ETTh1_ftM_sl96_ll48_pl48_dm16_nh8_el2_dl1_df32_expand2_dc4_fc3_ebtimeF_dtTrue_FPEMH48H192_TimesNet_ETTh1_48_0>>>>>>>>>>>>>>>>>>>>>>>>>>
train 8497
val 2833
test 2833
	iters: 1700, epoch: 1 | loss: 0.2132172
	speed: 0.0781s/iter; left time: 3405.9357s
	iters: 100, epoch: 1 | loss: 0.4866863
	speed: 0.1139s/iter; left time: 291.7053s
	iters: 1800, epoch: 1 | loss: 0.2171174
	speed: 0.0800s/iter; left time: 3482.3955s
	iters: 200, epoch: 1 | loss: 0.4193864
	speed: 0.0759s/iter; left time: 186.6884s
	iters: 1900, epoch: 1 | loss: 0.2025529
	speed: 0.0820s/iter; left time: 3559.9096s
Epoch: 1 cost time: 25.14390516281128
	iters: 2000, epoch: 1 | loss: 0.1760539
	speed: 0.0764s/iter; left time: 3310.9084s
Epoch: 1, Steps: 266 | Train Loss: 0.4721256 Vali Loss: 0.6663931 Test Loss: 0.4128542
Validation loss decreased (inf --> 0.666393).  Saving model ...
Updating learning rate to 0.0001
	iters: 2100, epoch: 1 | loss: 0.2293076
	speed: 0.0803s/iter; left time: 3472.6449s
	iters: 2200, epoch: 1 | loss: 0.1790507
	speed: 0.0791s/iter; left time: 3410.2727s
	iters: 100, epoch: 2 | loss: 0.3256044
	speed: 0.2555s/iter; left time: 586.4603s
	iters: 2300, epoch: 1 | loss: 0.1864835
	speed: 0.0787s/iter; left time: 3384.6452s
	iters: 2400, epoch: 1 | loss: 0.1837284
	speed: 0.0817s/iter; left time: 3504.5010s
	iters: 200, epoch: 2 | loss: 0.3208719
	speed: 0.1598s/iter; left time: 350.7011s
	iters: 2500, epoch: 1 | loss: 0.1835863
	speed: 0.0769s/iter; left time: 3294.7536s
Epoch: 2 cost time: 41.24715614318848
Epoch: 2, Steps: 266 | Train Loss: 0.3442105 Vali Loss: 0.5939050 Test Loss: 0.3746150
Validation loss decreased (0.666393 --> 0.593905).  Saving model ...
Updating learning rate to 5e-05
	iters: 2600, epoch: 1 | loss: 0.1509972
	speed: 0.0817s/iter; left time: 3488.5479s
	iters: 2700, epoch: 1 | loss: 0.1932930
	speed: 0.0810s/iter; left time: 3451.3686s
	iters: 2800, epoch: 1 | loss: 0.1886849
	speed: 0.0771s/iter; left time: 3280.1941s
	iters: 100, epoch: 3 | loss: 0.3314949
	speed: 0.3242s/iter; left time: 657.7241s
	iters: 2900, epoch: 1 | loss: 0.1588389
	speed: 0.0794s/iter; left time: 3368.9093s
	iters: 3000, epoch: 1 | loss: 0.1723190
	speed: 0.0771s/iter; left time: 3264.8041s
	iters: 200, epoch: 3 | loss: 0.2880503
	speed: 0.1738s/iter; left time: 335.1775s
	iters: 3100, epoch: 1 | loss: 0.2254582
	speed: 0.0777s/iter; left time: 3282.1971s
Epoch: 3 cost time: 45.89252066612244
	iters: 3200, epoch: 1 | loss: 0.1651628
	speed: 0.0823s/iter; left time: 3466.0533s
Epoch: 3, Steps: 266 | Train Loss: 0.3210615 Vali Loss: 0.5764899 Test Loss: 0.3713277
Validation loss decreased (0.593905 --> 0.576490).  Saving model ...
Updating learning rate to 2.5e-05
	iters: 3300, epoch: 1 | loss: 0.2358151
	speed: 0.0747s/iter; left time: 3138.9570s
	iters: 3400, epoch: 1 | loss: 0.1496346
	speed: 0.0859s/iter; left time: 3602.9258s
	iters: 100, epoch: 4 | loss: 0.3009895
	speed: 0.3343s/iter; left time: 589.4461s
	iters: 3500, epoch: 1 | loss: 0.1709257
	speed: 0.0879s/iter; left time: 3675.1205s
	iters: 3600, epoch: 1 | loss: 0.1425649
	speed: 0.0793s/iter; left time: 3309.1306s
	iters: 200, epoch: 4 | loss: 0.2940787
	speed: 0.1762s/iter; left time: 292.9583s
	iters: 3700, epoch: 1 | loss: 0.1500924
	speed: 0.0709s/iter; left time: 2951.4562s
	iters: 3800, epoch: 1 | loss: 0.1678759
	speed: 0.0759s/iter; left time: 3149.7179s
Epoch: 4 cost time: 47.0907187461853
Epoch: 4, Steps: 266 | Train Loss: 0.3130367 Vali Loss: 0.5759634 Test Loss: 0.3671124
Validation loss decreased (0.576490 --> 0.575963).  Saving model ...
Updating learning rate to 1.25e-05
	iters: 3900, epoch: 1 | loss: 0.2057385
	speed: 0.0806s/iter; left time: 3337.0974s
	iters: 4000, epoch: 1 | loss: 0.1602727
	speed: 0.0823s/iter; left time: 3401.1612s
	iters: 100, epoch: 5 | loss: 0.3192375
	speed: 0.3375s/iter; left time: 505.2649s
	iters: 4100, epoch: 1 | loss: 0.1608063
	speed: 0.0830s/iter; left time: 3420.6075s
	iters: 4200, epoch: 1 | loss: 0.1643807
	speed: 0.0831s/iter; left time: 3415.8978s
	iters: 4300, epoch: 1 | loss: 0.1576957
	speed: 0.0785s/iter; left time: 3220.4451s
	iters: 200, epoch: 5 | loss: 0.3179128
	speed: 0.1765s/iter; left time: 246.5961s
	iters: 4400, epoch: 1 | loss: 0.1644741
	speed: 0.0823s/iter; left time: 3366.4946s
Epoch: 5 cost time: 46.97311067581177
	iters: 4500, epoch: 1 | loss: 0.1408757
	speed: 0.0819s/iter; left time: 3344.6935s
Epoch: 5, Steps: 266 | Train Loss: 0.3094306 Vali Loss: 0.5775984 Test Loss: 0.3645832
EarlyStopping counter: 1 out of 3
Updating learning rate to 6.25e-06
Epoch: 1 cost time: 371.9554958343506
	iters: 100, epoch: 6 | loss: 0.2674992
	speed: 0.3399s/iter; left time: 418.3806s
	iters: 200, epoch: 6 | loss: 0.2868724
	speed: 0.1773s/iter; left time: 200.5251s
Epoch: 6 cost time: 47.264076471328735
Epoch: 6, Steps: 266 | Train Loss: 0.3078409 Vali Loss: 0.5741220 Test Loss: 0.3640624
Validation loss decreased (0.575963 --> 0.574122).  Saving model ...
Updating learning rate to 3.125e-06
Epoch: 1, Steps: 4532 | Train Loss: 0.2058032 Vali Loss: 0.1731468 Test Loss: 0.2167185
Validation loss decreased (inf --> 0.173147).  Saving model ...
Updating learning rate to 0.0001
	iters: 100, epoch: 2 | loss: 0.1545530
	speed: 0.6975s/iter; left time: 28379.4704s
	iters: 100, epoch: 7 | loss: 0.2852027
	speed: 0.3383s/iter; left time: 326.4295s
	iters: 200, epoch: 2 | loss: 0.1669640
	speed: 0.0748s/iter; left time: 3035.9351s
	iters: 300, epoch: 2 | loss: 0.1559991
	speed: 0.0839s/iter; left time: 3399.0435s
	iters: 200, epoch: 7 | loss: 0.2852506
	speed: 0.1772s/iter; left time: 153.2880s
	iters: 400, epoch: 2 | loss: 0.1573626
	speed: 0.0797s/iter; left time: 3220.5928s
Epoch: 7 cost time: 47.059327840805054
	iters: 500, epoch: 2 | loss: 0.1451977
	speed: 0.0843s/iter; left time: 3395.4740s
Epoch: 7, Steps: 266 | Train Loss: 0.3069906 Vali Loss: 0.5745619 Test Loss: 0.3647260
EarlyStopping counter: 1 out of 3
Updating learning rate to 1.5625e-06
	iters: 600, epoch: 2 | loss: 0.1464199
	speed: 0.0830s/iter; left time: 3333.9596s
	iters: 700, epoch: 2 | loss: 0.1378973
	speed: 0.0882s/iter; left time: 3535.2450s
	iters: 100, epoch: 8 | loss: 0.2720553
	speed: 0.3363s/iter; left time: 235.0887s
	iters: 800, epoch: 2 | loss: 0.1207400
	speed: 0.0834s/iter; left time: 3335.0412s
	iters: 900, epoch: 2 | loss: 0.1802795
	speed: 0.0995s/iter; left time: 3970.2086s
	iters: 200, epoch: 8 | loss: 0.3183710
	speed: 0.1766s/iter; left time: 105.8026s
	iters: 1000, epoch: 2 | loss: 0.1765752
	speed: 0.0806s/iter; left time: 3206.3277s
Epoch: 8 cost time: 47.00544190406799
	iters: 1100, epoch: 2 | loss: 0.1327315
	speed: 0.0852s/iter; left time: 3382.7026s
Epoch: 8, Steps: 266 | Train Loss: 0.3063302 Vali Loss: 0.5751498 Test Loss: 0.3647781
EarlyStopping counter: 2 out of 3
Updating learning rate to 7.8125e-07
	iters: 1200, epoch: 2 | loss: 0.1360683
	speed: 0.0850s/iter; left time: 3364.0864s
	iters: 1300, epoch: 2 | loss: 0.1188798
	speed: 0.0794s/iter; left time: 3135.4213s
	iters: 100, epoch: 9 | loss: 0.3315204
	speed: 0.3360s/iter; left time: 145.5024s
	iters: 1400, epoch: 2 | loss: 0.1447662
	speed: 0.0810s/iter; left time: 3188.6397s
	iters: 1500, epoch: 2 | loss: 0.1716610
	speed: 0.0830s/iter; left time: 3260.7993s
	iters: 200, epoch: 9 | loss: 0.3211193
	speed: 0.1765s/iter; left time: 58.7677s
	iters: 1600, epoch: 2 | loss: 0.1379897
	speed: 0.0867s/iter; left time: 3397.8384s
Epoch: 9 cost time: 46.9785418510437
	iters: 1700, epoch: 2 | loss: 0.1244091
	speed: 0.0845s/iter; left time: 3301.2961s
Epoch: 9, Steps: 266 | Train Loss: 0.3063943 Vali Loss: 0.5743016 Test Loss: 0.3646813
EarlyStopping counter: 3 out of 3
Early stopping
>>>>>>>testing : long_term_forecast_FPEMH48H192_ETTh1_96_48_TimesNet_ETTh1_ftM_sl96_ll48_pl48_dm16_nh8_el2_dl1_df32_expand2_dc4_fc3_ebtimeF_dtTrue_FPEMH48H192_TimesNet_ETTh1_48_0<<<<<<<<<<<<<<<<<<<<<<<<<<<<<<<<<
test 2833
test shape: (2833, 48, 7) (2833, 48, 7)
test shape: (2833, 48, 7) (2833, 48, 7)
mse:0.3641756474971771, mae:0.3990984559059143, dtw:Not calculated
dataset=ETTh2 pred_len=192 backbone=TimesNet GPU=3 output=results/fpem_classic_baselines_h48_h192/TimesNet/ETTh2/pred_192
exact command: env CUDA_VISIBLE_DEVICES=3 /data/OuXiaoyu/miniconda3/envs/basicts/bin/python -u run.py --task_name long_term_forecast --is_training 1 --root_path ./dataset/all_datasets/ETT-small --data_path ETTh2.csv --model_id FPEMH48H192_ETTh2_96_192 --model TimesNet --data ETTh2 --features M --target OT --freq h --seq_len 96 --label_len 48 --pred_len 192 --e_layers 2 --d_layers 1 --factor 3 --enc_in 7 --dec_in 7 --c_out 7 --d_model 16 --d_ff 32 --n_heads 8 --batch_size 32 --learning_rate 1e-4 --train_epochs 10 --patience 3 --num_workers 0 --des FPEMH48H192_TimesNet_ETTh2_192 --itr 1 --checkpoints results/fpem_classic_baselines_h48_h192/TimesNet/ETTh2/pred_192/checkpoints --top_k 5 --num_kernels 6 
	iters: 1800, epoch: 2 | loss: 0.1519147
	speed: 0.0797s/iter; left time: 3108.7691s
Using GPU
Args in experiment:
[1mBasic Config[0m
  Task Name:          long_term_forecast  Is Training:        1                   
  Model ID:           FPEMH48H192_ETTh2_96_192Model:              TimesNet            

[1mData Loader[0m
  Data:               ETTh2               Root Path:          ./dataset/all_datasets/ETT-small
  Data Path:          ETTh2.csv           Features:           M                   
  Target:             OT                  Freq:               h                   
  Checkpoints:        results/fpem_classic_baselines_h48_h192/TimesNet/ETTh2/pred_192/checkpoints

[1mForecasting Task[0m
  Seq Len:            96                  Label Len:          48                  
  Pred Len:           192                 Seasonal Patterns:  Monthly             
  Inverse:            0                   

[1mModel Parameters[0m
  Top k:              5                   Num Kernels:        6                   
  Enc In:             7                   Dec In:             7                   
  C Out:              7                   d model:            16                  
  n heads:            8                   e layers:           2                   
  d layers:           1                   d FF:               32                  
  Moving Avg:         25                  Factor:             3                   
  Distil:             1                   Dropout:            0.1                 
  Embed:              timeF               Activation:         gelu                

[1mRun Parameters[0m
  Num Workers:        0                   Itr:                1                   
  Train Epochs:       10                  Batch Size:         32                  
  Patience:           3                   Learning Rate:      0.0001              
  Des:                FPEMH48H192_TimesNet_ETTh2_192Loss:               MSE                 
  Lradj:              type1               Use Amp:            0                   

[1mGPU[0m
  Use GPU:            1                   GPU:                0                   
  Use Multi GPU:      0                   Devices:            0,1,2,3             

[1mDe-stationary Projector Params[0m
  P Hidden Dims:      128, 128            P Hidden Layers:    2                   

Use GPU: cuda:0
🚀 Lazy Loading: TimesNet ...
>>>>>>>start training : long_term_forecast_FPEMH48H192_ETTh2_96_192_TimesNet_ETTh2_ftM_sl96_ll48_pl192_dm16_nh8_el2_dl1_df32_expand2_dc4_fc3_ebtimeF_dtTrue_FPEMH48H192_TimesNet_ETTh2_192_0>>>>>>>>>>>>>>>>>>>>>>>>>>
train 8353
val 2689
test 2689
	iters: 1900, epoch: 2 | loss: 0.1424790
	speed: 0.0789s/iter; left time: 3068.0369s
	iters: 2000, epoch: 2 | loss: 0.1431904
	speed: 0.0784s/iter; left time: 3039.5477s
	iters: 100, epoch: 1 | loss: 0.5596266
	speed: 0.1863s/iter; left time: 469.6939s
	iters: 2100, epoch: 2 | loss: 0.1510485
	speed: 0.0766s/iter; left time: 2963.3959s
	iters: 2200, epoch: 2 | loss: 0.1485574
	speed: 0.0797s/iter; left time: 3074.1381s
	iters: 200, epoch: 1 | loss: 0.6160719
	speed: 0.1211s/iter; left time: 293.2557s
	iters: 2300, epoch: 2 | loss: 0.1199649
	speed: 0.0803s/iter; left time: 3090.8547s
Epoch: 1 cost time: 37.454599380493164
	iters: 2400, epoch: 2 | loss: 0.1466278
	speed: 0.0825s/iter; left time: 3168.4823s
Epoch: 1, Steps: 262 | Train Loss: 0.5973018 Vali Loss: 0.3299221 Test Loss: 0.4650597
Validation loss decreased (inf --> 0.329922).  Saving model ...
Updating learning rate to 0.0001
	iters: 2500, epoch: 2 | loss: 0.1809967
	speed: 0.0823s/iter; left time: 3151.6149s
	iters: 100, epoch: 2 | loss: 0.4805643
	speed: 0.2737s/iter; left time: 618.3088s
	iters: 2600, epoch: 2 | loss: 0.1555657
	speed: 0.0841s/iter; left time: 3210.5572s
	iters: 2700, epoch: 2 | loss: 0.1114945
	speed: 0.0793s/iter; left time: 3020.9353s
	iters: 200, epoch: 2 | loss: 0.3912682
	speed: 0.1173s/iter; left time: 253.3576s
Epoch: 2 cost time: 30.787254571914673
	iters: 2800, epoch: 2 | loss: 0.1361186
	speed: 0.0800s/iter; left time: 3037.6034s
Epoch: 2, Steps: 262 | Train Loss: 0.5128448 Vali Loss: 0.3294136 Test Loss: 0.4151216
Validation loss decreased (0.329922 --> 0.329414).  Saving model ...
Updating learning rate to 5e-05
	iters: 2900, epoch: 2 | loss: 0.1259594
	speed: 0.0854s/iter; left time: 3234.3499s
	iters: 3000, epoch: 2 | loss: 0.1252734
	speed: 0.0765s/iter; left time: 2892.0492s
	iters: 100, epoch: 3 | loss: 0.2398702
	speed: 0.2527s/iter; left time: 504.7275s
	iters: 3100, epoch: 2 | loss: 0.1378402
	speed: 0.0771s/iter; left time: 2907.6206s
	iters: 200, epoch: 3 | loss: 0.3478418
	speed: 0.1063s/iter; left time: 201.7052s
	iters: 3200, epoch: 2 | loss: 0.1337001
	speed: 0.0785s/iter; left time: 2950.0991s
Epoch: 3 cost time: 28.18450403213501
	iters: 3300, epoch: 2 | loss: 0.1219644
	speed: 0.0811s/iter; left time: 3038.6746s
Epoch: 3, Steps: 262 | Train Loss: 0.4801454 Vali Loss: 0.3159366 Test Loss: 0.4037776
Validation loss decreased (0.329414 --> 0.315937).  Saving model ...
Updating learning rate to 2.5e-05
	iters: 3400, epoch: 2 | loss: 0.1373625
	speed: 0.0860s/iter; left time: 3214.9958s
	iters: 100, epoch: 4 | loss: 0.4997501
	speed: 0.2410s/iter; left time: 418.1761s
	iters: 3500, epoch: 2 | loss: 0.1451108
	speed: 0.1002s/iter; left time: 3735.2931s
	iters: 200, epoch: 4 | loss: 0.3233106
	speed: 0.1062s/iter; left time: 173.6673s
	iters: 3600, epoch: 2 | loss: 0.1268805
	speed: 0.1019s/iter; left time: 3790.5428s
Epoch: 4 cost time: 27.588886499404907
Epoch: 4, Steps: 262 | Train Loss: 0.4663527 Vali Loss: 0.3118071 Test Loss: 0.4042084
Validation loss decreased (0.315937 --> 0.311807).  Saving model ...
Updating learning rate to 1.25e-05
	iters: 3700, epoch: 2 | loss: 0.1305000
	speed: 0.1050s/iter; left time: 3893.7675s
	iters: 3800, epoch: 2 | loss: 0.1521716
	speed: 0.0784s/iter; left time: 2900.4887s
	iters: 100, epoch: 5 | loss: 0.4634633
	speed: 0.2560s/iter; left time: 377.0357s
	iters: 3900, epoch: 2 | loss: 0.1144758
	speed: 0.0814s/iter; left time: 3004.0929s
	iters: 200, epoch: 5 | loss: 0.4437926
	speed: 0.1021s/iter; left time: 140.2189s
	iters: 4000, epoch: 2 | loss: 0.1215283
	speed: 0.0833s/iter; left time: 3064.9513s
Epoch: 5 cost time: 26.64829707145691
	iters: 4100, epoch: 2 | loss: 0.1221493
	speed: 0.0800s/iter; left time: 2934.8290s
Epoch: 5, Steps: 262 | Train Loss: 0.4587668 Vali Loss: 0.3100031 Test Loss: 0.4023755
Validation loss decreased (0.311807 --> 0.310003).  Saving model ...
Updating learning rate to 6.25e-06
	iters: 4200, epoch: 2 | loss: 0.1208714
	speed: 0.0828s/iter; left time: 3029.1768s
	iters: 100, epoch: 6 | loss: 0.3965699
	speed: 0.2316s/iter; left time: 280.5155s
	iters: 4300, epoch: 2 | loss: 0.1173662
	speed: 0.0860s/iter; left time: 3136.7019s
	iters: 200, epoch: 6 | loss: 0.6262860
	speed: 0.1016s/iter; left time: 112.9004s
	iters: 4400, epoch: 2 | loss: 0.1294269
	speed: 0.0990s/iter; left time: 3604.2010s
Epoch: 6 cost time: 26.747303009033203
Epoch: 6, Steps: 262 | Train Loss: 0.4749825 Vali Loss: 0.3110278 Test Loss: 0.4029533
EarlyStopping counter: 1 out of 3
Updating learning rate to 3.125e-06
	iters: 4500, epoch: 2 | loss: 0.1338194
	speed: 0.0900s/iter; left time: 3265.7950s
Epoch: 2 cost time: 379.7528326511383
	iters: 100, epoch: 7 | loss: 0.3073011
	speed: 0.2360s/iter; left time: 224.0100s
	iters: 200, epoch: 7 | loss: 0.7545962
	speed: 0.1067s/iter; left time: 90.5561s
Epoch: 7 cost time: 27.578386306762695
Epoch: 7, Steps: 262 | Train Loss: 0.4552051 Vali Loss: 0.3095337 Test Loss: 0.4012947
Validation loss decreased (0.310003 --> 0.309534).  Saving model ...
Updating learning rate to 1.5625e-06
	iters: 100, epoch: 8 | loss: 0.4194730
	speed: 0.2438s/iter; left time: 167.4607s
	iters: 200, epoch: 8 | loss: 0.6383154
	speed: 0.1057s/iter; left time: 62.0501s
Epoch: 8 cost time: 27.501653909683228
Epoch: 2, Steps: 4532 | Train Loss: 0.1433940 Vali Loss: 0.1643876 Test Loss: 0.2051882
Validation loss decreased (0.173147 --> 0.164388).  Saving model ...
Updating learning rate to 5e-05
Epoch: 8, Steps: 262 | Train Loss: 0.4544151 Vali Loss: 0.3102231 Test Loss: 0.4014057
EarlyStopping counter: 1 out of 3
Updating learning rate to 7.8125e-07
	iters: 100, epoch: 3 | loss: 0.1178031
	speed: 0.7481s/iter; left time: 27047.5365s
	iters: 100, epoch: 9 | loss: 0.2595892
	speed: 0.2374s/iter; left time: 100.9028s
	iters: 200, epoch: 3 | loss: 0.1380409
	speed: 0.0844s/iter; left time: 3043.2210s
	iters: 200, epoch: 9 | loss: 0.2979316
	speed: 0.1034s/iter; left time: 33.6088s
	iters: 300, epoch: 3 | loss: 0.1252581
	speed: 0.0955s/iter; left time: 3433.3188s
Epoch: 9 cost time: 26.928961277008057
Epoch: 9, Steps: 262 | Train Loss: 0.4648909 Vali Loss: 0.3108542 Test Loss: 0.4012476
EarlyStopping counter: 2 out of 3
Updating learning rate to 3.90625e-07
	iters: 400, epoch: 3 | loss: 0.1306373
	speed: 0.1011s/iter; left time: 3626.4594s
	iters: 500, epoch: 3 | loss: 0.1130034
	speed: 0.0989s/iter; left time: 3537.8007s
	iters: 100, epoch: 10 | loss: 0.3160015
	speed: 0.2462s/iter; left time: 40.1281s
	iters: 600, epoch: 3 | loss: 0.1091548
	speed: 0.0786s/iter; left time: 2801.5077s
	iters: 200, epoch: 10 | loss: 0.3414702
	speed: 0.1017s/iter; left time: 6.4072s
	iters: 700, epoch: 3 | loss: 0.1249070
	speed: 0.0780s/iter; left time: 2774.9036s
Epoch: 10 cost time: 26.71212410926819
Epoch: 10, Steps: 262 | Train Loss: 0.4539321 Vali Loss: 0.3096284 Test Loss: 0.4011815
EarlyStopping counter: 3 out of 3
Early stopping
>>>>>>>testing : long_term_forecast_FPEMH48H192_ETTh2_96_192_TimesNet_ETTh2_ftM_sl96_ll48_pl192_dm16_nh8_el2_dl1_df32_expand2_dc4_fc3_ebtimeF_dtTrue_FPEMH48H192_TimesNet_ETTh2_192_0<<<<<<<<<<<<<<<<<<<<<<<<<<<<<<<<<
test 2689
	iters: 800, epoch: 3 | loss: 0.1164134
	speed: 0.0820s/iter; left time: 2906.7360s
test shape: (2689, 192, 7) (2689, 192, 7)
test shape: (2689, 192, 7) (2689, 192, 7)
mse:0.39516010880470276, mae:0.4108516573905945, dtw:Not calculated
dataset=ETTm2 pred_len=48 backbone=TimesNet GPU=3 output=results/fpem_classic_baselines_h48_h192/TimesNet/ETTm2/pred_48
exact command: env CUDA_VISIBLE_DEVICES=3 /data/OuXiaoyu/miniconda3/envs/basicts/bin/python -u run.py --task_name long_term_forecast --is_training 1 --root_path ./dataset/all_datasets/ETT-small --data_path ETTm2.csv --model_id FPEMH48H192_ETTm2_96_48 --model TimesNet --data ETTm2 --features M --target OT --freq 15min --seq_len 96 --label_len 48 --pred_len 48 --e_layers 2 --d_layers 1 --factor 3 --enc_in 7 --dec_in 7 --c_out 7 --d_model 16 --d_ff 32 --n_heads 8 --batch_size 32 --learning_rate 1e-4 --train_epochs 10 --patience 3 --num_workers 0 --des FPEMH48H192_TimesNet_ETTm2_48 --itr 1 --checkpoints results/fpem_classic_baselines_h48_h192/TimesNet/ETTm2/pred_48/checkpoints --top_k 5 --num_kernels 6 
Using GPU
Args in experiment:
[1mBasic Config[0m
  Task Name:          long_term_forecast  Is Training:        1                   
  Model ID:           FPEMH48H192_ETTm2_96_48Model:              TimesNet            

[1mData Loader[0m
  Data:               ETTm2               Root Path:          ./dataset/all_datasets/ETT-small
  Data Path:          ETTm2.csv           Features:           M                   
  Target:             OT                  Freq:               15min               
  Checkpoints:        results/fpem_classic_baselines_h48_h192/TimesNet/ETTm2/pred_48/checkpoints

[1mForecasting Task[0m
  Seq Len:            96                  Label Len:          48                  
  Pred Len:           48                  Seasonal Patterns:  Monthly             
  Inverse:            0                   

[1mModel Parameters[0m
  Top k:              5                   Num Kernels:        6                   
  Enc In:             7                   Dec In:             7                   
  C Out:              7                   d model:            16                  
  n heads:            8                   e layers:           2                   
  d layers:           1                   d FF:               32                  
  Moving Avg:         25                  Factor:             3                   
  Distil:             1                   Dropout:            0.1                 
  Embed:              timeF               Activation:         gelu                

[1mRun Parameters[0m
  Num Workers:        0                   Itr:                1                   
  Train Epochs:       10                  Batch Size:         32                  
  Patience:           3                   Learning Rate:      0.0001              
  Des:                FPEMH48H192_TimesNet_ETTm2_48Loss:               MSE                 
  Lradj:              type1               Use Amp:            0                   

[1mGPU[0m
  Use GPU:            1                   GPU:                0                   
  Use Multi GPU:      0                   Devices:            0,1,2,3             

[1mDe-stationary Projector Params[0m
  P Hidden Dims:      128, 128            P Hidden Layers:    2                   

	iters: 900, epoch: 3 | loss: 0.1076079
	speed: 0.0877s/iter; left time: 3100.0233s
Use GPU: cuda:0
🚀 Lazy Loading: TimesNet ...
Traceback (most recent call last):
  File "/data/OuXiaoyu/Time-Series-Library-FPEM/run.py", line 351, in <module>
    exp = Exp(args)  # set experiments
          ^^^^^^^^^
  File "/data/OuXiaoyu/Time-Series-Library-FPEM/exp/exp_long_term_forecasting.py", line 64, in __init__
    super(Exp_Long_Term_Forecast, self).__init__(args)
  File "/data/OuXiaoyu/Time-Series-Library-FPEM/exp/exp_basic.py", line 23, in __init__
    self.model = self._build_model().to(self.device)
                 ^^^^^^^^^^^^^^^^^^^
  File "/data/OuXiaoyu/Time-Series-Library-FPEM/exp/exp_long_term_forecasting.py", line 67, in _build_model
    model = self.model_dict[self.args.model](self.args).float()
            ^^^^^^^^^^^^^^^^^^^^^^^^^^^^^^^^^^^^^^^^^^^
  File "/data/OuXiaoyu/Time-Series-Library-FPEM/models/TimesNet.py", line 85, in __init__
    self.enc_embedding = DataEmbedding(configs.enc_in, configs.d_model, configs.embed, configs.freq,
                         ^^^^^^^^^^^^^^^^^^^^^^^^^^^^^^^^^^^^^^^^^^^^^^^^^^^^^^^^^^^^^^^^^^^^^^^^^^^
  File "/data/OuXiaoyu/Time-Series-Library-FPEM/layers/Embed.py", line 116, in __init__
    freq=freq) if embed_type != 'timeF' else TimeFeatureEmbedding(
                                             ^^^^^^^^^^^^^^^^^^^^^
  File "/data/OuXiaoyu/Time-Series-Library-FPEM/layers/Embed.py", line 102, in __init__
    d_inp = freq_map[freq]
            ~~~~~~~~^^^^^^
KeyError: '15min'
baseline metrics.npy not found
dataset=ExchangeRate pred_len=192 backbone=TimesNet GPU=3 output=results/fpem_classic_baselines_h48_h192/TimesNet/ExchangeRate/pred_192
exact command: env CUDA_VISIBLE_DEVICES=3 /data/OuXiaoyu/miniconda3/envs/basicts/bin/python -u run.py --task_name long_term_forecast --is_training 1 --root_path ./dataset/all_datasets/exchange_rate --data_path exchange_rate.csv --model_id FPEMH48H192_ExchangeRate_96_192 --model TimesNet --data custom --features M --target OT --freq d --seq_len 96 --label_len 48 --pred_len 192 --e_layers 2 --d_layers 1 --factor 3 --enc_in 8 --dec_in 8 --c_out 8 --d_model 16 --d_ff 32 --n_heads 8 --batch_size 32 --learning_rate 1e-4 --train_epochs 10 --patience 3 --num_workers 0 --des FPEMH48H192_TimesNet_ExchangeRate_192 --itr 1 --checkpoints results/fpem_classic_baselines_h48_h192/TimesNet/ExchangeRate/pred_192/checkpoints --top_k 5 --num_kernels 6 
Using GPU
Args in experiment:
[1mBasic Config[0m
  Task Name:          long_term_forecast  Is Training:        1                   
  Model ID:           FPEMH48H192_ExchangeRate_96_192Model:              TimesNet            

[1mData Loader[0m
  Data:               custom              Root Path:          ./dataset/all_datasets/exchange_rate
  Data Path:          exchange_rate.csv   Features:           M                   
  Target:             OT                  Freq:               d                   
  Checkpoints:        results/fpem_classic_baselines_h48_h192/TimesNet/ExchangeRate/pred_192/checkpoints

[1mForecasting Task[0m
  Seq Len:            96                  Label Len:          48                  
  Pred Len:           192                 Seasonal Patterns:  Monthly             
  Inverse:            0                   

[1mModel Parameters[0m
  Top k:              5                   Num Kernels:        6                   
  Enc In:             8                   Dec In:             8                   
  C Out:              8                   d model:            16                  
  n heads:            8                   e layers:           2                   
  d layers:           1                   d FF:               32                  
  Moving Avg:         25                  Factor:             3                   
  Distil:             1                   Dropout:            0.1                 
  Embed:              timeF               Activation:         gelu                

[1mRun Parameters[0m
  Num Workers:        0                   Itr:                1                   
  Train Epochs:       10                  Batch Size:         32                  
  Patience:           3                   Learning Rate:      0.0001              
  Des:                FPEMH48H192_TimesNet_ExchangeRate_192Loss:               MSE                 
  Lradj:              type1               Use Amp:            0                   

[1mGPU[0m
  Use GPU:            1                   GPU:                0                   
  Use Multi GPU:      0                   Devices:            0,1,2,3             

[1mDe-stationary Projector Params[0m
  P Hidden Dims:      128, 128            P Hidden Layers:    2                   

Use GPU: cuda:0
🚀 Lazy Loading: TimesNet ...
>>>>>>>start training : long_term_forecast_FPEMH48H192_ExchangeRate_96_192_TimesNet_custom_ftM_sl96_ll48_pl192_dm16_nh8_el2_dl1_df32_expand2_dc4_fc3_ebtimeF_dtTrue_FPEMH48H192_TimesNet_ExchangeRate_192_0>>>>>>>>>>>>>>>>>>>>>>>>>>
train 5024
val 569
test 1326
	iters: 1000, epoch: 3 | loss: 0.1266882
	speed: 0.0803s/iter; left time: 2831.7295s
	iters: 1100, epoch: 3 | loss: 0.1315230
	speed: 0.0795s/iter; left time: 2796.5669s
	iters: 100, epoch: 1 | loss: 0.2174591
	speed: 0.1627s/iter; left time: 239.2755s
	iters: 1200, epoch: 3 | loss: 0.1204600
	speed: 0.0807s/iter; left time: 2829.2140s
Epoch: 1 cost time: 20.716289043426514
Epoch: 1, Steps: 157 | Train Loss: 0.3037537 Vali Loss: 0.2646286 Test Loss: 0.2118408
Validation loss decreased (inf --> 0.264629).  Saving model ...
Updating learning rate to 0.0001
	iters: 1300, epoch: 3 | loss: 0.1106883
	speed: 0.0793s/iter; left time: 2770.9501s
	iters: 1400, epoch: 3 | loss: 0.1376442
	speed: 0.0848s/iter; left time: 2957.3321s
	iters: 100, epoch: 2 | loss: 0.2751035
	speed: 0.1856s/iter; left time: 243.9225s
Epoch: 2 cost time: 16.167083024978638
	iters: 1500, epoch: 3 | loss: 0.1207821
	speed: 0.0816s/iter; left time: 2837.8790s
Epoch: 2, Steps: 157 | Train Loss: 0.2639518 Vali Loss: 0.2601300 Test Loss: 0.2057232
Validation loss decreased (0.264629 --> 0.260130).  Saving model ...
Updating learning rate to 5e-05
	iters: 1600, epoch: 3 | loss: 0.1374243
	speed: 0.0807s/iter; left time: 2796.2367s
	iters: 100, epoch: 3 | loss: 0.2101501
	speed: 0.1706s/iter; left time: 197.4331s
Epoch: 3 cost time: 14.1546311378479
	iters: 1700, epoch: 3 | loss: 0.1201160
	speed: 0.0782s/iter; left time: 2703.2095s
Epoch: 3, Steps: 157 | Train Loss: 0.2526384 Vali Loss: 0.2550564 Test Loss: 0.2078421
Validation loss decreased (0.260130 --> 0.255056).  Saving model ...
Updating learning rate to 2.5e-05
	iters: 1800, epoch: 3 | loss: 0.1147918
	speed: 0.0831s/iter; left time: 2862.3743s
	iters: 100, epoch: 4 | loss: 0.2160912
	speed: 0.1617s/iter; left time: 161.6727s
Epoch: 4 cost time: 13.963339805603027
	iters: 1900, epoch: 3 | loss: 0.1286748
	speed: 0.0816s/iter; left time: 2802.2379s
Epoch: 4, Steps: 157 | Train Loss: 0.2471853 Vali Loss: 0.2492992 Test Loss: 0.2085692
Validation loss decreased (0.255056 --> 0.249299).  Saving model ...
Updating learning rate to 1.25e-05
	iters: 2000, epoch: 3 | loss: 0.1277872
	speed: 0.0791s/iter; left time: 2708.6008s
	iters: 100, epoch: 5 | loss: 0.2464485
	speed: 0.1577s/iter; left time: 132.9704s
Epoch: 5 cost time: 13.595690727233887
	iters: 2100, epoch: 3 | loss: 0.1269396
	speed: 0.0815s/iter; left time: 2782.8062s
Epoch: 5, Steps: 157 | Train Loss: 0.2444081 Vali Loss: 0.2489793 Test Loss: 0.2095255
Validation loss decreased (0.249299 --> 0.248979).  Saving model ...
Updating learning rate to 6.25e-06
	iters: 2200, epoch: 3 | loss: 0.1177537
	speed: 0.0825s/iter; left time: 2809.3121s
	iters: 100, epoch: 6 | loss: 0.2174047
	speed: 0.1579s/iter; left time: 108.3204s
Epoch: 6 cost time: 13.770660161972046
Epoch: 6, Steps: 157 | Train Loss: 0.2432071 Vali Loss: 0.2493016 Test Loss: 0.2090162
EarlyStopping counter: 1 out of 3
Updating learning rate to 3.125e-06
	iters: 2300, epoch: 3 | loss: 0.1206970
	speed: 0.0875s/iter; left time: 2971.5712s
	iters: 100, epoch: 7 | loss: 0.2793334
	speed: 0.1638s/iter; left time: 86.6252s
	iters: 2400, epoch: 3 | loss: 0.1355335
	speed: 0.0911s/iter; left time: 3085.6250s
Epoch: 7 cost time: 14.074774265289307
Epoch: 7, Steps: 157 | Train Loss: 0.2425214 Vali Loss: 0.2488112 Test Loss: 0.2090485
Validation loss decreased (0.248979 --> 0.248811).  Saving model ...
Updating learning rate to 1.5625e-06
	iters: 2500, epoch: 3 | loss: 0.1122756
	speed: 0.0860s/iter; left time: 2904.6291s
	iters: 100, epoch: 8 | loss: 0.4301428
	speed: 0.1616s/iter; left time: 60.1222s
	iters: 2600, epoch: 3 | loss: 0.1474139
	speed: 0.0807s/iter; left time: 2715.4901s
Epoch: 8 cost time: 13.68781590461731
Epoch: 8, Steps: 157 | Train Loss: 0.2423476 Vali Loss: 0.2484732 Test Loss: 0.2092573
Validation loss decreased (0.248811 --> 0.248473).  Saving model ...
Updating learning rate to 7.8125e-07
	iters: 2700, epoch: 3 | loss: 0.1079265
	speed: 0.0790s/iter; left time: 2649.9749s
	iters: 100, epoch: 9 | loss: 0.2398876
	speed: 0.1578s/iter; left time: 33.9284s
	iters: 2800, epoch: 3 | loss: 0.1216646
	speed: 0.0780s/iter; left time: 2609.1596s
Epoch: 9 cost time: 13.482552289962769
Epoch: 9, Steps: 157 | Train Loss: 0.2420035 Vali Loss: 0.2491118 Test Loss: 0.2093350
EarlyStopping counter: 1 out of 3
Updating learning rate to 3.90625e-07
	iters: 2900, epoch: 3 | loss: 0.1172490
	speed: 0.0798s/iter; left time: 2663.2960s
	iters: 100, epoch: 10 | loss: 0.2600504
	speed: 0.1566s/iter; left time: 9.0833s
	iters: 3000, epoch: 3 | loss: 0.1008495
	speed: 0.0779s/iter; left time: 2590.3123s
Epoch: 10 cost time: 13.393661737442017
Epoch: 10, Steps: 157 | Train Loss: 0.2419684 Vali Loss: 0.2490795 Test Loss: 0.2093941
EarlyStopping counter: 2 out of 3
Updating learning rate to 1.953125e-07
>>>>>>>testing : long_term_forecast_FPEMH48H192_ExchangeRate_96_192_TimesNet_custom_ftM_sl96_ll48_pl192_dm16_nh8_el2_dl1_df32_expand2_dc4_fc3_ebtimeF_dtTrue_FPEMH48H192_TimesNet_ExchangeRate_192_0<<<<<<<<<<<<<<<<<<<<<<<<<<<<<<<<<
test 1326
test shape: (1326, 192, 8) (1326, 192, 8)
test shape: (1326, 192, 8) (1326, 192, 8)
mse:0.2097143828868866, mae:0.33258897066116333, dtw:Not calculated
	iters: 3100, epoch: 3 | loss: 0.1126296
	speed: 0.0774s/iter; left time: 2565.4806s
dataset=Electricity pred_len=48 backbone=TimesNet GPU=3 output=results/fpem_classic_baselines_h48_h192/TimesNet/Electricity/pred_48
exact command: env CUDA_VISIBLE_DEVICES=3 /data/OuXiaoyu/miniconda3/envs/basicts/bin/python -u run.py --task_name long_term_forecast --is_training 1 --root_path ./dataset/all_datasets/electricity --data_path electricity.csv --model_id FPEMH48H192_Electricity_96_48 --model TimesNet --data custom --features M --target OT --freq h --seq_len 96 --label_len 48 --pred_len 48 --e_layers 2 --d_layers 1 --factor 3 --enc_in 321 --dec_in 321 --c_out 321 --d_model 16 --d_ff 32 --n_heads 8 --batch_size 4 --learning_rate 1e-4 --train_epochs 10 --patience 3 --num_workers 0 --des FPEMH48H192_TimesNet_Electricity_48 --itr 1 --checkpoints results/fpem_classic_baselines_h48_h192/TimesNet/Electricity/pred_48/checkpoints --top_k 5 --num_kernels 6 
Using GPU
Args in experiment:
[1mBasic Config[0m
  Task Name:          long_term_forecast  Is Training:        1                   
  Model ID:           FPEMH48H192_Electricity_96_48Model:              TimesNet            

[1mData Loader[0m
  Data:               custom              Root Path:          ./dataset/all_datasets/electricity
  Data Path:          electricity.csv     Features:           M                   
  Target:             OT                  Freq:               h                   
  Checkpoints:        results/fpem_classic_baselines_h48_h192/TimesNet/Electricity/pred_48/checkpoints

[1mForecasting Task[0m
  Seq Len:            96                  Label Len:          48                  
  Pred Len:           48                  Seasonal Patterns:  Monthly             
  Inverse:            0                   

[1mModel Parameters[0m
  Top k:              5                   Num Kernels:        6                   
  Enc In:             321                 Dec In:             321                 
  C Out:              321                 d model:            16                  
  n heads:            8                   e layers:           2                   
  d layers:           1                   d FF:               32                  
  Moving Avg:         25                  Factor:             3                   
  Distil:             1                   Dropout:            0.1                 
  Embed:              timeF               Activation:         gelu                

[1mRun Parameters[0m
  Num Workers:        0                   Itr:                1                   
  Train Epochs:       10                  Batch Size:         4                   
  Patience:           3                   Learning Rate:      0.0001              
  Des:                FPEMH48H192_TimesNet_Electricity_48Loss:               MSE                 
  Lradj:              type1               Use Amp:            0                   

[1mGPU[0m
  Use GPU:            1                   GPU:                0                   
  Use Multi GPU:      0                   Devices:            0,1,2,3             

[1mDe-stationary Projector Params[0m
  P Hidden Dims:      128, 128            P Hidden Layers:    2                   

Use GPU: cuda:0
🚀 Lazy Loading: TimesNet ...
>>>>>>>start training : long_term_forecast_FPEMH48H192_Electricity_96_48_TimesNet_custom_ftM_sl96_ll48_pl48_dm16_nh8_el2_dl1_df32_expand2_dc4_fc3_ebtimeF_dtTrue_FPEMH48H192_TimesNet_Electricity_48_0>>>>>>>>>>>>>>>>>>>>>>>>>>
train 18269
	iters: 3200, epoch: 3 | loss: 0.1210778
	speed: 0.0832s/iter; left time: 2750.1767s
val 2585
test 5213
	iters: 3300, epoch: 3 | loss: 0.1016999
	speed: 0.0773s/iter; left time: 2549.1936s
	iters: 100, epoch: 1 | loss: 0.8320633
	speed: 0.0998s/iter; left time: 4547.8839s
	iters: 3400, epoch: 3 | loss: 0.1105186
	speed: 0.0802s/iter; left time: 2635.2939s
	iters: 200, epoch: 1 | loss: 0.6842804
	speed: 0.0682s/iter; left time: 3099.6710s
	iters: 3500, epoch: 3 | loss: 0.1009135
	speed: 0.0865s/iter; left time: 2832.8310s
	iters: 300, epoch: 1 | loss: 0.5218006
	speed: 0.0676s/iter; left time: 3065.7001s
	iters: 400, epoch: 1 | loss: 0.5395927
	speed: 0.0605s/iter; left time: 2739.0134s
	iters: 3600, epoch: 3 | loss: 0.1156917
	speed: 0.0798s/iter; left time: 2605.7316s
	iters: 500, epoch: 1 | loss: 0.5214394
	speed: 0.0664s/iter; left time: 3000.6482s
	iters: 3700, epoch: 3 | loss: 0.1208624
	speed: 0.0816s/iter; left time: 2658.0935s
	iters: 600, epoch: 1 | loss: 0.4778235
	speed: 0.0662s/iter; left time: 2984.3960s
	iters: 3800, epoch: 3 | loss: 0.1004714
	speed: 0.0780s/iter; left time: 2532.3861s
	iters: 700, epoch: 1 | loss: 0.4097669
	speed: 0.0642s/iter; left time: 2886.3608s
	iters: 3900, epoch: 3 | loss: 0.1196585
	speed: 0.0795s/iter; left time: 2573.4778s
	iters: 800, epoch: 1 | loss: 0.5195410
	speed: 0.0649s/iter; left time: 2914.5421s
	iters: 4000, epoch: 3 | loss: 0.1132164
	speed: 0.0810s/iter; left time: 2613.1934s
	iters: 900, epoch: 1 | loss: 0.3872642
	speed: 0.0676s/iter; left time: 3029.0825s
	iters: 1000, epoch: 1 | loss: 0.3332637
	speed: 0.0731s/iter; left time: 3266.3400s
	iters: 4100, epoch: 3 | loss: 0.1292687
	speed: 0.1015s/iter; left time: 3262.4513s
	iters: 1100, epoch: 1 | loss: 0.3708268
	speed: 0.0720s/iter; left time: 3207.6352s
	iters: 4200, epoch: 3 | loss: 0.1046352
	speed: 0.0956s/iter; left time: 3064.8788s
	iters: 1200, epoch: 1 | loss: 0.3005117
	speed: 0.0678s/iter; left time: 3015.8379s
	iters: 4300, epoch: 3 | loss: 0.1170608
	speed: 0.0894s/iter; left time: 2857.4508s
	iters: 1300, epoch: 1 | loss: 0.2599148
	speed: 0.0694s/iter; left time: 3081.5678s
	iters: 1400, epoch: 1 | loss: 0.2368702
	speed: 0.0759s/iter; left time: 3359.5619s
	iters: 4400, epoch: 3 | loss: 0.1101679
	speed: 0.0998s/iter; left time: 3177.8246s
	iters: 1500, epoch: 1 | loss: 0.3254886
	speed: 0.0636s/iter; left time: 2809.3558s
	iters: 4500, epoch: 3 | loss: 0.1217143
	speed: 0.0783s/iter; left time: 2486.0771s
Epoch: 3 cost time: 379.3781359195709
	iters: 1600, epoch: 1 | loss: 0.2630746
	speed: 0.0664s/iter; left time: 2929.1379s
	iters: 1700, epoch: 1 | loss: 0.3088965
	speed: 0.0701s/iter; left time: 3083.3799s
	iters: 1800, epoch: 1 | loss: 0.2562035
	speed: 0.0728s/iter; left time: 3194.4231s
	iters: 1900, epoch: 1 | loss: 0.2722113
	speed: 0.0724s/iter; left time: 3170.7929s
	iters: 2000, epoch: 1 | loss: 0.2415542
	speed: 0.0704s/iter; left time: 3075.4842s
	iters: 2100, epoch: 1 | loss: 0.2247474
	speed: 0.0707s/iter; left time: 3080.7167s
	iters: 2200, epoch: 1 | loss: 0.2914944
	speed: 0.0704s/iter; left time: 3063.2220s
	iters: 2300, epoch: 1 | loss: 0.3216481
	speed: 0.0700s/iter; left time: 3037.4511s
	iters: 2400, epoch: 1 | loss: 0.3262528
	speed: 0.0710s/iter; left time: 3072.9686s
Epoch: 3, Steps: 4532 | Train Loss: 0.1186273 Vali Loss: 0.1704723 Test Loss: 0.2089894
EarlyStopping counter: 1 out of 3
Updating learning rate to 2.5e-05
	iters: 2500, epoch: 1 | loss: 0.2791536
	speed: 0.0708s/iter; left time: 3056.5239s
	iters: 100, epoch: 4 | loss: 0.1174925
	speed: 0.7336s/iter; left time: 23201.2683s
	iters: 2600, epoch: 1 | loss: 0.3184046
	speed: 0.0655s/iter; left time: 2823.2516s
	iters: 2700, epoch: 1 | loss: 0.2436290
	speed: 0.0657s/iter; left time: 2821.9393s
	iters: 200, epoch: 4 | loss: 0.1190399
	speed: 0.0819s/iter; left time: 2581.9277s
	iters: 2800, epoch: 1 | loss: 0.3352198
	speed: 0.0640s/iter; left time: 2745.9523s
	iters: 300, epoch: 4 | loss: 0.1024449
	speed: 0.0803s/iter; left time: 2523.3399s
	iters: 2900, epoch: 1 | loss: 0.2071527
	speed: 0.0675s/iter; left time: 2886.4036s
	iters: 400, epoch: 4 | loss: 0.0937310
	speed: 0.0821s/iter; left time: 2570.9325s
	iters: 3000, epoch: 1 | loss: 0.2260333
	speed: 0.0666s/iter; left time: 2842.3497s
	iters: 500, epoch: 4 | loss: 0.1274049
	speed: 0.0801s/iter; left time: 2500.2018s
	iters: 3100, epoch: 1 | loss: 0.3380185
	speed: 0.0666s/iter; left time: 2834.6786s
	iters: 3200, epoch: 1 | loss: 0.2233212
	speed: 0.0659s/iter; left time: 2800.6488s
	iters: 600, epoch: 4 | loss: 0.1243233
	speed: 0.0796s/iter; left time: 2477.7823s
	iters: 3300, epoch: 1 | loss: 0.3338959
	speed: 0.0655s/iter; left time: 2776.3875s
	iters: 700, epoch: 4 | loss: 0.1194318
	speed: 0.0797s/iter; left time: 2472.7828s
	iters: 3400, epoch: 1 | loss: 0.3088434
	speed: 0.0662s/iter; left time: 2800.1888s
	iters: 800, epoch: 4 | loss: 0.0933593
	speed: 0.0794s/iter; left time: 2455.7124s
	iters: 3500, epoch: 1 | loss: 0.2549770
	speed: 0.0659s/iter; left time: 2780.9789s
	iters: 900, epoch: 4 | loss: 0.1014595
	speed: 0.0794s/iter; left time: 2447.9538s
	iters: 3600, epoch: 1 | loss: 0.6100032
	speed: 0.0655s/iter; left time: 2754.3980s
	iters: 1000, epoch: 4 | loss: 0.1058220
	speed: 0.0842s/iter; left time: 2588.5237s
	iters: 3700, epoch: 1 | loss: 0.2789478
	speed: 0.0676s/iter; left time: 2838.0416s
	iters: 3800, epoch: 1 | loss: 0.2511686
	speed: 0.0693s/iter; left time: 2902.0199s
	iters: 1100, epoch: 4 | loss: 0.1106229
	speed: 0.0965s/iter; left time: 2954.6311s
	iters: 3900, epoch: 1 | loss: 0.2322537
	speed: 0.0785s/iter; left time: 3278.2969s
	iters: 1200, epoch: 4 | loss: 0.1066795
	speed: 0.1092s/iter; left time: 3333.0468s
	iters: 4000, epoch: 1 | loss: 0.2360887
	speed: 0.0726s/iter; left time: 3027.0738s
	iters: 4100, epoch: 1 | loss: 0.2161301
	speed: 0.0667s/iter; left time: 2773.9004s
	iters: 1300, epoch: 4 | loss: 0.1300951
	speed: 0.0857s/iter; left time: 2607.6599s
	iters: 4200, epoch: 1 | loss: 0.2662722
	speed: 0.0692s/iter; left time: 2869.9750s
	iters: 1400, epoch: 4 | loss: 0.1092026
	speed: 0.0890s/iter; left time: 2697.9383s
	iters: 4300, epoch: 1 | loss: 0.2837217
	speed: 0.0706s/iter; left time: 2921.1746s
	iters: 1500, epoch: 4 | loss: 0.1060700
	speed: 0.0918s/iter; left time: 2774.5879s
	iters: 4400, epoch: 1 | loss: 0.2691938
	speed: 0.0718s/iter; left time: 2963.7123s
	iters: 1600, epoch: 4 | loss: 0.1000073
	speed: 0.0817s/iter; left time: 2462.4615s
	iters: 4500, epoch: 1 | loss: 0.4561474
	speed: 0.0678s/iter; left time: 2793.4865s
Epoch: 1 cost time: 315.058780670166
	iters: 1700, epoch: 4 | loss: 0.1087093
	speed: 0.0843s/iter; left time: 2532.1187s
	iters: 1800, epoch: 4 | loss: 0.1123632
	speed: 0.0839s/iter; left time: 2511.3793s
	iters: 1900, epoch: 4 | loss: 0.0888694
	speed: 0.0951s/iter; left time: 2837.1004s
	iters: 2000, epoch: 4 | loss: 0.1054269
	speed: 0.0919s/iter; left time: 2731.6660s
	iters: 2100, epoch: 4 | loss: 0.1101801
	speed: 0.0834s/iter; left time: 2471.3048s
	iters: 2200, epoch: 4 | loss: 0.0934648
	speed: 0.0912s/iter; left time: 2692.5372s
Epoch: 1, Steps: 4568 | Train Loss: 0.3328865 Vali Loss: 0.2300172 Test Loss: 0.2589919
Validation loss decreased (inf --> 0.230017).  Saving model ...
Updating learning rate to 0.0001
	iters: 2300, epoch: 4 | loss: 0.1080786
	speed: 0.0867s/iter; left time: 2550.6903s
	iters: 100, epoch: 2 | loss: 0.2360746
	speed: 0.6584s/iter; left time: 27003.9823s
	iters: 2400, epoch: 4 | loss: 0.0991869
	speed: 0.0897s/iter; left time: 2630.4819s
	iters: 200, epoch: 2 | loss: 0.2953684
	speed: 0.0724s/iter; left time: 2960.2652s
	iters: 2500, epoch: 4 | loss: 0.0985958
	speed: 0.0866s/iter; left time: 2531.5059s
	iters: 300, epoch: 2 | loss: 0.2342155
	speed: 0.0658s/iter; left time: 2683.4826s
	iters: 2600, epoch: 4 | loss: 0.1317917
	speed: 0.0803s/iter; left time: 2339.2154s
	iters: 400, epoch: 2 | loss: 0.2981308
	speed: 0.0651s/iter; left time: 2651.5454s
	iters: 500, epoch: 2 | loss: 0.2419510
	speed: 0.0650s/iter; left time: 2641.8669s
	iters: 2700, epoch: 4 | loss: 0.1139154
	speed: 0.0779s/iter; left time: 2259.8062s
	iters: 600, epoch: 2 | loss: 0.2288540
	speed: 0.0642s/iter; left time: 2600.4361s
	iters: 2800, epoch: 4 | loss: 0.1067511
	speed: 0.0801s/iter; left time: 2316.4178s
	iters: 700, epoch: 2 | loss: 0.2316479
	speed: 0.0645s/iter; left time: 2607.6524s
	iters: 2900, epoch: 4 | loss: 0.1102250
	speed: 0.0829s/iter; left time: 2389.1593s
	iters: 800, epoch: 2 | loss: 0.2495147
	speed: 0.0656s/iter; left time: 2642.8681s
	iters: 3000, epoch: 4 | loss: 0.1131855
	speed: 0.0804s/iter; left time: 2309.3317s
	iters: 900, epoch: 2 | loss: 0.2626684
	speed: 0.0655s/iter; left time: 2631.9409s
	iters: 1000, epoch: 2 | loss: 0.2779590
	speed: 0.0635s/iter; left time: 2549.1420s
	iters: 3100, epoch: 4 | loss: 0.1013871
	speed: 0.0781s/iter; left time: 2236.8601s
	iters: 1100, epoch: 2 | loss: 0.2619237
	speed: 0.0645s/iter; left time: 2580.1827s
	iters: 3200, epoch: 4 | loss: 0.0943804
	speed: 0.0792s/iter; left time: 2258.4340s
	iters: 1200, epoch: 2 | loss: 0.1724811
	speed: 0.0650s/iter; left time: 2594.3075s
	iters: 3300, epoch: 4 | loss: 0.1036335
	speed: 0.0782s/iter; left time: 2222.5441s
	iters: 1300, epoch: 2 | loss: 0.1801752
	speed: 0.0648s/iter; left time: 2581.0227s
	iters: 3400, epoch: 4 | loss: 0.1228044
	speed: 0.0809s/iter; left time: 2290.8633s
	iters: 1400, epoch: 2 | loss: 0.2158418
	speed: 0.0660s/iter; left time: 2619.6418s
	iters: 1500, epoch: 2 | loss: 0.1544445
	speed: 0.0666s/iter; left time: 2637.8062s
	iters: 3500, epoch: 4 | loss: 0.0997631
	speed: 0.0833s/iter; left time: 2350.4692s
	iters: 1600, epoch: 2 | loss: 0.2014267
	speed: 0.0670s/iter; left time: 2645.7662s
	iters: 3600, epoch: 4 | loss: 0.1011293
	speed: 0.0802s/iter; left time: 2256.5202s
	iters: 1700, epoch: 2 | loss: 0.2227185
	speed: 0.0678s/iter; left time: 2670.3886s
	iters: 3700, epoch: 4 | loss: 0.0871899
	speed: 0.0838s/iter; left time: 2347.1797s
	iters: 1800, epoch: 2 | loss: 0.1852255
	speed: 0.0681s/iter; left time: 2675.6845s
	iters: 3800, epoch: 4 | loss: 0.1022345
	speed: 0.0825s/iter; left time: 2304.4503s
	iters: 1900, epoch: 2 | loss: 0.2062332
	speed: 0.0647s/iter; left time: 2538.6713s
	iters: 3900, epoch: 4 | loss: 0.1104181
	speed: 0.0809s/iter; left time: 2252.2917s
	iters: 2000, epoch: 2 | loss: 0.2892891
	speed: 0.0674s/iter; left time: 2634.7679s
	iters: 2100, epoch: 2 | loss: 0.1613965
	speed: 0.0644s/iter; left time: 2514.2193s
	iters: 4000, epoch: 4 | loss: 0.1176378
	speed: 0.0804s/iter; left time: 2230.3754s
	iters: 2200, epoch: 2 | loss: 0.2259726
	speed: 0.0637s/iter; left time: 2478.6344s
	iters: 4100, epoch: 4 | loss: 0.1012851
	speed: 0.0796s/iter; left time: 2198.4702s
	iters: 2300, epoch: 2 | loss: 0.1758018
	speed: 0.0694s/iter; left time: 2695.1471s
	iters: 4200, epoch: 4 | loss: 0.0935416
	speed: 0.0787s/iter; left time: 2165.6645s
	iters: 2400, epoch: 2 | loss: 0.1833320
	speed: 0.0652s/iter; left time: 2524.3624s
	iters: 4300, epoch: 4 | loss: 0.0878838
	speed: 0.0801s/iter; left time: 2197.8386s
	iters: 2500, epoch: 2 | loss: 0.1611785
	speed: 0.0654s/iter; left time: 2525.0819s
	iters: 2600, epoch: 2 | loss: 0.1751688
	speed: 0.0681s/iter; left time: 2624.4693s
	iters: 4400, epoch: 4 | loss: 0.1094007
	speed: 0.0833s/iter; left time: 2277.4881s
	iters: 2700, epoch: 2 | loss: 0.1667423
	speed: 0.0682s/iter; left time: 2620.8256s
	iters: 4500, epoch: 4 | loss: 0.0934071
	speed: 0.0817s/iter; left time: 2223.8021s
Epoch: 4 cost time: 379.3819069862366
	iters: 2800, epoch: 2 | loss: 0.1828024
	speed: 0.0752s/iter; left time: 2880.6167s
	iters: 2900, epoch: 2 | loss: 0.3248562
	speed: 0.0650s/iter; left time: 2483.4435s
	iters: 3000, epoch: 2 | loss: 0.1552066
	speed: 0.0699s/iter; left time: 2663.8573s
	iters: 3100, epoch: 2 | loss: 0.1467921
	speed: 0.0691s/iter; left time: 2626.0158s
	iters: 3200, epoch: 2 | loss: 0.2418905
	speed: 0.0708s/iter; left time: 2682.4249s
	iters: 3300, epoch: 2 | loss: 0.1594480
	speed: 0.0702s/iter; left time: 2652.9532s
	iters: 3400, epoch: 2 | loss: 0.1699426
	speed: 0.0698s/iter; left time: 2632.8313s
	iters: 3500, epoch: 2 | loss: 0.1617926
	speed: 0.0700s/iter; left time: 2632.0265s
	iters: 3600, epoch: 2 | loss: 0.1314964
	speed: 0.0704s/iter; left time: 2641.6666s
Epoch: 4, Steps: 4532 | Train Loss: 0.1076875 Vali Loss: 0.1717969 Test Loss: 0.2114384
EarlyStopping counter: 2 out of 3
Updating learning rate to 1.25e-05
	iters: 3700, epoch: 2 | loss: 0.1637274
	speed: 0.0694s/iter; left time: 2595.5458s
	iters: 100, epoch: 5 | loss: 0.1098719
	speed: 0.7441s/iter; left time: 20158.5502s
	iters: 3800, epoch: 2 | loss: 0.1722088
	speed: 0.0644s/iter; left time: 2401.8238s
	iters: 3900, epoch: 2 | loss: 0.1853862
	speed: 0.0659s/iter; left time: 2452.2841s
	iters: 200, epoch: 5 | loss: 0.1014653
	speed: 0.0795s/iter; left time: 2147.1867s
	iters: 4000, epoch: 2 | loss: 0.1433878
	speed: 0.0674s/iter; left time: 2501.3393s
	iters: 300, epoch: 5 | loss: 0.1254316
	speed: 0.0828s/iter; left time: 2225.6731s
	iters: 4100, epoch: 2 | loss: 0.1682270
	speed: 0.0705s/iter; left time: 2610.5780s
	iters: 400, epoch: 5 | loss: 0.0955581
	speed: 0.0848s/iter; left time: 2273.1706s
	iters: 4200, epoch: 2 | loss: 0.1728123
	speed: 0.0676s/iter; left time: 2495.0347s
	iters: 500, epoch: 5 | loss: 0.0938751
	speed: 0.0870s/iter; left time: 2323.0065s
	iters: 4300, epoch: 2 | loss: 0.1446429
	speed: 0.0717s/iter; left time: 2640.9980s
	iters: 4400, epoch: 2 | loss: 0.1475184
	speed: 0.0678s/iter; left time: 2488.8852s
	iters: 600, epoch: 5 | loss: 0.1017086
	speed: 0.0834s/iter; left time: 2218.4965s
	iters: 4500, epoch: 2 | loss: 0.3731640
	speed: 0.0678s/iter; left time: 2480.6536s
	iters: 700, epoch: 5 | loss: 0.1098960
	speed: 0.0822s/iter; left time: 2178.5430s
Epoch: 2 cost time: 307.86740946769714
	iters: 800, epoch: 5 | loss: 0.1107039
	speed: 0.0858s/iter; left time: 2264.0383s
	iters: 900, epoch: 5 | loss: 0.1122712
	speed: 0.0847s/iter; left time: 2226.4092s
	iters: 1000, epoch: 5 | loss: 0.1064826
	speed: 0.0819s/iter; left time: 2144.2612s
	iters: 1100, epoch: 5 | loss: 0.1069143
	speed: 0.0813s/iter; left time: 2120.7388s
	iters: 1200, epoch: 5 | loss: 0.1229673
	speed: 0.0843s/iter; left time: 2191.1024s
	iters: 1300, epoch: 5 | loss: 0.1074940
	speed: 0.0884s/iter; left time: 2288.6518s
Epoch: 2, Steps: 4568 | Train Loss: 0.2031935 Vali Loss: 0.1642258 Test Loss: 0.1912163
Validation loss decreased (0.230017 --> 0.164226).  Saving model ...
Updating learning rate to 5e-05
	iters: 1400, epoch: 5 | loss: 0.1077965
	speed: 0.1048s/iter; left time: 2701.9682s
	iters: 100, epoch: 3 | loss: 0.1818582
	speed: 0.6365s/iter; left time: 23197.2693s
	iters: 200, epoch: 3 | loss: 0.2235230
	speed: 0.0721s/iter; left time: 2620.3678s
	iters: 1500, epoch: 5 | loss: 0.1113635
	speed: 0.1004s/iter; left time: 2580.5007s
	iters: 300, epoch: 3 | loss: 0.1604438
	speed: 0.0657s/iter; left time: 2381.7114s
	iters: 1600, epoch: 5 | loss: 0.0929957
	speed: 0.0777s/iter; left time: 1989.4455s
	iters: 400, epoch: 3 | loss: 0.1417338
	speed: 0.0649s/iter; left time: 2345.3639s
	iters: 1700, epoch: 5 | loss: 0.1240275
	speed: 0.0842s/iter; left time: 2147.6176s
	iters: 500, epoch: 3 | loss: 0.1442141
	speed: 0.0676s/iter; left time: 2435.9170s
	iters: 1800, epoch: 5 | loss: 0.0892536
	speed: 0.0765s/iter; left time: 1942.2622s
	iters: 600, epoch: 3 | loss: 0.1257649
	speed: 0.0610s/iter; left time: 2192.2381s
	iters: 700, epoch: 3 | loss: 0.1339049
	speed: 0.0671s/iter; left time: 2405.4571s
	iters: 1900, epoch: 5 | loss: 0.1144176
	speed: 0.0823s/iter; left time: 2081.8333s
	iters: 800, epoch: 3 | loss: 0.1407521
	speed: 0.0646s/iter; left time: 2310.7244s
	iters: 2000, epoch: 5 | loss: 0.0898623
	speed: 0.0776s/iter; left time: 1954.8223s
	iters: 900, epoch: 3 | loss: 0.1381443
	speed: 0.0640s/iter; left time: 2282.5338s
	iters: 2100, epoch: 5 | loss: 0.0911374
	speed: 0.0781s/iter; left time: 1960.1678s
	iters: 1000, epoch: 3 | loss: 0.4345859
	speed: 0.0656s/iter; left time: 2332.2390s
	iters: 2200, epoch: 5 | loss: 0.0933253
	speed: 0.0863s/iter; left time: 2155.8283s
	iters: 1100, epoch: 3 | loss: 0.1354789
	speed: 0.0687s/iter; left time: 2436.1925s
	iters: 1200, epoch: 3 | loss: 0.1541580
	speed: 0.0658s/iter; left time: 2324.5524s
	iters: 2300, epoch: 5 | loss: 0.0946363
	speed: 0.0792s/iter; left time: 1971.9052s
	iters: 1300, epoch: 3 | loss: 0.1867172
	speed: 0.0662s/iter; left time: 2332.2076s
	iters: 2400, epoch: 5 | loss: 0.0922515
	speed: 0.0811s/iter; left time: 2011.3517s
	iters: 1400, epoch: 3 | loss: 0.2312748
	speed: 0.0653s/iter; left time: 2296.6792s
	iters: 2500, epoch: 5 | loss: 0.1056171
	speed: 0.0772s/iter; left time: 1905.9501s
	iters: 1500, epoch: 3 | loss: 0.1587690
	speed: 0.0635s/iter; left time: 2225.5471s
	iters: 2600, epoch: 5 | loss: 0.0899040
	speed: 0.0811s/iter; left time: 1994.7886s
	iters: 1600, epoch: 3 | loss: 0.1432978
	speed: 0.0668s/iter; left time: 2335.3529s
	iters: 2700, epoch: 5 | loss: 0.1018256
	speed: 0.0796s/iter; left time: 1948.6674s
	iters: 1700, epoch: 3 | loss: 0.1473560
	speed: 0.0663s/iter; left time: 2310.0353s
	iters: 1800, epoch: 3 | loss: 0.2373379
	speed: 0.0654s/iter; left time: 2272.1009s
	iters: 2800, epoch: 5 | loss: 0.1064902
	speed: 0.0797s/iter; left time: 1943.3623s
	iters: 1900, epoch: 3 | loss: 0.2370390
	speed: 0.0646s/iter; left time: 2238.6983s
	iters: 2900, epoch: 5 | loss: 0.0890566
	speed: 0.0802s/iter; left time: 1947.5144s
	iters: 2000, epoch: 3 | loss: 0.1452475
	speed: 0.0670s/iter; left time: 2314.2360s
	iters: 3000, epoch: 5 | loss: 0.1033754
	speed: 0.0792s/iter; left time: 1916.9899s
	iters: 2100, epoch: 3 | loss: 0.1668330
	speed: 0.0633s/iter; left time: 2179.9413s
	iters: 3100, epoch: 5 | loss: 0.0965113
	speed: 0.0787s/iter; left time: 1895.8798s
	iters: 2200, epoch: 3 | loss: 0.1479250
	speed: 0.0652s/iter; left time: 2238.0475s
	iters: 2300, epoch: 3 | loss: 0.1469670
	speed: 0.0646s/iter; left time: 2213.4529s
	iters: 3200, epoch: 5 | loss: 0.1155709
	speed: 0.0778s/iter; left time: 1867.6725s
	iters: 2400, epoch: 3 | loss: 0.1756755
	speed: 0.0673s/iter; left time: 2299.0781s
	iters: 3300, epoch: 5 | loss: 0.1087621
	speed: 0.0861s/iter; left time: 2058.1797s
	iters: 2500, epoch: 3 | loss: 0.1324999
	speed: 0.0682s/iter; left time: 2321.8101s
	iters: 3400, epoch: 5 | loss: 0.1086216
	speed: 0.0906s/iter; left time: 2156.2176s
	iters: 2600, epoch: 3 | loss: 0.2062539
	speed: 0.0758s/iter; left time: 2571.4561s
	iters: 3500, epoch: 5 | loss: 0.0922454
	speed: 0.1010s/iter; left time: 2393.4436s
	iters: 2700, epoch: 3 | loss: 0.3196222
	speed: 0.0721s/iter; left time: 2440.0152s
	iters: 2800, epoch: 3 | loss: 0.1594553
	speed: 0.0629s/iter; left time: 2123.0880s
	iters: 3600, epoch: 5 | loss: 0.0982481
	speed: 0.0788s/iter; left time: 1858.4330s
	iters: 2900, epoch: 3 | loss: 0.1426731
	speed: 0.0650s/iter; left time: 2187.0367s
	iters: 3700, epoch: 5 | loss: 0.0989886
	speed: 0.0807s/iter; left time: 1895.3300s
	iters: 3000, epoch: 3 | loss: 0.1710362
	speed: 0.0632s/iter; left time: 2120.9876s
	iters: 3800, epoch: 5 | loss: 0.1064290
	speed: 0.0784s/iter; left time: 1834.0737s
	iters: 3100, epoch: 3 | loss: 0.1809941
	speed: 0.0648s/iter; left time: 2167.2410s
	iters: 3900, epoch: 5 | loss: 0.0917164
	speed: 0.0774s/iter; left time: 1802.9049s
	iters: 3200, epoch: 3 | loss: 0.1456456
	speed: 0.0634s/iter; left time: 2113.0895s
	iters: 3300, epoch: 3 | loss: 0.1367316
	speed: 0.0660s/iter; left time: 2192.6087s
	iters: 4000, epoch: 5 | loss: 0.0992188
	speed: 0.0811s/iter; left time: 1881.4940s
	iters: 3400, epoch: 3 | loss: 0.1457487
	speed: 0.0660s/iter; left time: 2187.6350s
	iters: 4100, epoch: 5 | loss: 0.0957453
	speed: 0.0792s/iter; left time: 1829.3009s
	iters: 3500, epoch: 3 | loss: 0.1501540
	speed: 0.0640s/iter; left time: 2114.1993s
	iters: 4200, epoch: 5 | loss: 0.1024016
	speed: 0.0818s/iter; left time: 1879.8640s
	iters: 3600, epoch: 3 | loss: 0.1638234
	speed: 0.0643s/iter; left time: 2119.6456s
	iters: 4300, epoch: 5 | loss: 0.1200054
	speed: 0.0809s/iter; left time: 1852.1325s
	iters: 3700, epoch: 3 | loss: 0.1660800
	speed: 0.0660s/iter; left time: 2168.9511s
	iters: 3800, epoch: 3 | loss: 0.1705277
	speed: 0.0626s/iter; left time: 2050.9927s
	iters: 4400, epoch: 5 | loss: 0.0909295
	speed: 0.0788s/iter; left time: 1796.0519s
	iters: 3900, epoch: 3 | loss: 0.2157448
	speed: 0.0655s/iter; left time: 2137.2598s
	iters: 4500, epoch: 5 | loss: 0.1075369
	speed: 0.0820s/iter; left time: 1859.9689s
Epoch: 5 cost time: 374.74633383750916
	iters: 4000, epoch: 3 | loss: 0.1425723
	speed: 0.0653s/iter; left time: 2125.9993s
	iters: 4100, epoch: 3 | loss: 0.1808308
	speed: 0.0697s/iter; left time: 2261.3160s
	iters: 4200, epoch: 3 | loss: 0.1546281
	speed: 0.0684s/iter; left time: 2213.5273s
	iters: 4300, epoch: 3 | loss: 0.1946081
	speed: 0.0691s/iter; left time: 2226.7017s
	iters: 4400, epoch: 3 | loss: 0.1600263
	speed: 0.0692s/iter; left time: 2226.0255s
	iters: 4500, epoch: 3 | loss: 0.1947696
	speed: 0.0699s/iter; left time: 2239.2502s
Epoch: 3 cost time: 304.08754992485046
Epoch: 5, Steps: 4532 | Train Loss: 0.1026511 Vali Loss: 0.1722611 Test Loss: 0.2111920
EarlyStopping counter: 3 out of 3
Early stopping
>>>>>>>testing : long_term_forecast_FPEMH48H192_Electricity_96_192_Autoformer_custom_ftM_sl96_ll48_pl192_dm512_nh8_el2_dl1_df2048_expand2_dc4_fc3_ebtimeF_dtTrue_FPEMH48H192_Autoformer_Electricity_192_0<<<<<<<<<<<<<<<<<<<<<<<<<<<<<<<<<
test 5069
Epoch: 3, Steps: 4568 | Train Loss: 0.1701600 Vali Loss: 0.1551417 Test Loss: 0.1832814
Validation loss decreased (0.164226 --> 0.155142).  Saving model ...
Updating learning rate to 2.5e-05
	iters: 100, epoch: 4 | loss: 0.1395863
	speed: 0.7006s/iter; left time: 22334.4902s
	iters: 200, epoch: 4 | loss: 0.1914286
	speed: 0.0690s/iter; left time: 2192.0688s
	iters: 300, epoch: 4 | loss: 0.1525281
	speed: 0.0657s/iter; left time: 2080.4807s
	iters: 400, epoch: 4 | loss: 0.2015114
	speed: 0.0679s/iter; left time: 2143.9048s
test shape: (5069, 192, 321) (5069, 192, 321)
test shape: (5069, 192, 321) (5069, 192, 321)
	iters: 500, epoch: 4 | loss: 0.1496242
	speed: 0.0675s/iter; left time: 2124.5052s
mse:0.20501211285591125, mae:0.31729140877723694, dtw:Not calculated
dataset=Traffic pred_len=192 backbone=TimesNet GPU=2 output=results/fpem_classic_baselines_h48_h192/TimesNet/Traffic/pred_192
exact command: env CUDA_VISIBLE_DEVICES=2 /data/OuXiaoyu/miniconda3/envs/basicts/bin/python -u run.py --task_name long_term_forecast --is_training 1 --root_path ./dataset/all_datasets/traffic --data_path traffic.csv --model_id FPEMH48H192_Traffic_96_192 --model TimesNet --data custom --features M --target OT --freq h --seq_len 96 --label_len 48 --pred_len 192 --e_layers 2 --d_layers 1 --factor 3 --enc_in 862 --dec_in 862 --c_out 862 --d_model 16 --d_ff 32 --n_heads 8 --batch_size 2 --learning_rate 1e-4 --train_epochs 10 --patience 3 --num_workers 0 --des FPEMH48H192_TimesNet_Traffic_192 --itr 1 --checkpoints results/fpem_classic_baselines_h48_h192/TimesNet/Traffic/pred_192/checkpoints --top_k 5 --num_kernels 6 
	iters: 600, epoch: 4 | loss: 0.1824929
	speed: 0.0686s/iter; left time: 2151.0117s
Using GPU
Args in experiment:
[1mBasic Config[0m
  Task Name:          long_term_forecast  Is Training:        1                   
  Model ID:           FPEMH48H192_Traffic_96_192Model:              TimesNet            

[1mData Loader[0m
  Data:               custom              Root Path:          ./dataset/all_datasets/traffic
  Data Path:          traffic.csv         Features:           M                   
  Target:             OT                  Freq:               h                   
  Checkpoints:        results/fpem_classic_baselines_h48_h192/TimesNet/Traffic/pred_192/checkpoints

[1mForecasting Task[0m
  Seq Len:            96                  Label Len:          48                  
  Pred Len:           192                 Seasonal Patterns:  Monthly             
  Inverse:            0                   

[1mModel Parameters[0m
  Top k:              5                   Num Kernels:        6                   
  Enc In:             862                 Dec In:             862                 
  C Out:              862                 d model:            16                  
  n heads:            8                   e layers:           2                   
  d layers:           1                   d FF:               32                  
  Moving Avg:         25                  Factor:             3                   
  Distil:             1                   Dropout:            0.1                 
  Embed:              timeF               Activation:         gelu                

[1mRun Parameters[0m
  Num Workers:        0                   Itr:                1                   
  Train Epochs:       10                  Batch Size:         2                   
  Patience:           3                   Learning Rate:      0.0001              
  Des:                FPEMH48H192_TimesNet_Traffic_192Loss:               MSE                 
  Lradj:              type1               Use Amp:            0                   

[1mGPU[0m
  Use GPU:            1                   GPU:                0                   
  Use Multi GPU:      0                   Devices:            0,1,2,3             

[1mDe-stationary Projector Params[0m
  P Hidden Dims:      128, 128            P Hidden Layers:    2                   

Use GPU: cuda:0
🚀 Lazy Loading: TimesNet ...
>>>>>>>start training : long_term_forecast_FPEMH48H192_Traffic_96_192_TimesNet_custom_ftM_sl96_ll48_pl192_dm16_nh8_el2_dl1_df32_expand2_dc4_fc3_ebtimeF_dtTrue_FPEMH48H192_TimesNet_Traffic_192_0>>>>>>>>>>>>>>>>>>>>>>>>>>
train 11993
	iters: 700, epoch: 4 | loss: 0.1722864
	speed: 0.0602s/iter; left time: 1882.4060s
val 1565
test 3317
	iters: 800, epoch: 4 | loss: 0.1407540
	speed: 0.0657s/iter; left time: 2047.9583s
	iters: 900, epoch: 4 | loss: 0.3749214
	speed: 0.0612s/iter; left time: 1902.6222s
	iters: 1000, epoch: 4 | loss: 0.1381452
	speed: 0.0638s/iter; left time: 1976.6516s
	iters: 100, epoch: 1 | loss: 1.3262581
	speed: 0.1697s/iter; left time: 10157.4558s
	iters: 1100, epoch: 4 | loss: 0.1878977
	speed: 0.0630s/iter; left time: 1944.9716s
	iters: 1200, epoch: 4 | loss: 0.1960910
	speed: 0.0648s/iter; left time: 1995.5973s
	iters: 200, epoch: 1 | loss: 1.0147038
	speed: 0.1071s/iter; left time: 6403.4091s
	iters: 1300, epoch: 4 | loss: 0.1699443
	speed: 0.0636s/iter; left time: 1951.5179s
	iters: 300, epoch: 1 | loss: 0.8010522
	speed: 0.0972s/iter; left time: 5798.8607s
	iters: 1400, epoch: 4 | loss: 0.1442361
	speed: 0.0653s/iter; left time: 1996.0759s
	iters: 1500, epoch: 4 | loss: 0.1286142
	speed: 0.0632s/iter; left time: 1927.4194s
	iters: 400, epoch: 1 | loss: 0.7565499
	speed: 0.0997s/iter; left time: 5936.5378s
	iters: 1600, epoch: 4 | loss: 0.2448396
	speed: 0.0618s/iter; left time: 1876.8979s
	iters: 500, epoch: 1 | loss: 0.7135926
	speed: 0.0946s/iter; left time: 5625.4660s
	iters: 1700, epoch: 4 | loss: 0.1424635
	speed: 0.0646s/iter; left time: 1955.2762s
	iters: 1800, epoch: 4 | loss: 0.1545681
	speed: 0.0713s/iter; left time: 2151.1416s
	iters: 600, epoch: 1 | loss: 0.6845374
	speed: 0.1022s/iter; left time: 6067.8119s
	iters: 1900, epoch: 4 | loss: 0.2923426
	speed: 0.0665s/iter; left time: 1999.6764s
	iters: 700, epoch: 1 | loss: 0.6527056
	speed: 0.0909s/iter; left time: 5386.8184s
	iters: 2000, epoch: 4 | loss: 0.2002943
	speed: 0.0659s/iter; left time: 1975.2589s
	iters: 800, epoch: 1 | loss: 0.5732350
	speed: 0.0985s/iter; left time: 5826.5311s
	iters: 2100, epoch: 4 | loss: 0.1832326
	speed: 0.0735s/iter; left time: 2194.6453s
	iters: 2200, epoch: 4 | loss: 0.1953985
	speed: 0.0689s/iter; left time: 2052.2425s
	iters: 900, epoch: 1 | loss: 0.5295206
	speed: 0.0957s/iter; left time: 5652.9693s
	iters: 2300, epoch: 4 | loss: 0.3192552
	speed: 0.0654s/iter; left time: 1941.6462s
	iters: 1000, epoch: 1 | loss: 0.6089182
	speed: 0.0912s/iter; left time: 5379.3443s
	iters: 2400, epoch: 4 | loss: 0.2153148
	speed: 0.0660s/iter; left time: 1953.1076s
	iters: 2500, epoch: 4 | loss: 0.1466855
	speed: 0.0667s/iter; left time: 1966.4755s
	iters: 1100, epoch: 1 | loss: 0.5083404
	speed: 0.0935s/iter; left time: 5502.8810s
	iters: 2600, epoch: 4 | loss: 0.2204203
	speed: 0.0658s/iter; left time: 1931.7569s
	iters: 1200, epoch: 1 | loss: 0.4627713
	speed: 0.0888s/iter; left time: 5218.2266s
	iters: 2700, epoch: 4 | loss: 0.1591451
	speed: 0.0680s/iter; left time: 1991.8740s
	iters: 1300, epoch: 1 | loss: 0.5080764
	speed: 0.0881s/iter; left time: 5167.8443s
	iters: 2800, epoch: 4 | loss: 0.4213522
	speed: 0.0681s/iter; left time: 1988.1783s
	iters: 2900, epoch: 4 | loss: 0.1482552
	speed: 0.0708s/iter; left time: 2057.8316s
	iters: 1400, epoch: 1 | loss: 0.5429681
	speed: 0.0872s/iter; left time: 5106.9124s
	iters: 3000, epoch: 4 | loss: 0.1394551
	speed: 0.0657s/iter; left time: 1903.9342s
	iters: 1500, epoch: 1 | loss: 0.5313060
	speed: 0.0863s/iter; left time: 5047.7232s
	iters: 3100, epoch: 4 | loss: 0.1246099
	speed: 0.0669s/iter; left time: 1931.4619s
	iters: 1600, epoch: 1 | loss: 0.5033887
	speed: 0.0837s/iter; left time: 4887.3847s
	iters: 3200, epoch: 4 | loss: 0.1185940
	speed: 0.0706s/iter; left time: 2032.1462s
	iters: 1700, epoch: 1 | loss: 0.4700366
	speed: 0.0865s/iter; left time: 5040.3325s
	iters: 3300, epoch: 4 | loss: 0.1719942
	speed: 0.0666s/iter; left time: 1908.7359s
	iters: 3400, epoch: 4 | loss: 0.1463594
	speed: 0.0712s/iter; left time: 2034.2221s
	iters: 1800, epoch: 1 | loss: 0.4367364
	speed: 0.0928s/iter; left time: 5400.3687s
	iters: 3500, epoch: 4 | loss: 0.1963459
	speed: 0.0683s/iter; left time: 1945.9264s
	iters: 1900, epoch: 1 | loss: 0.5212262
	speed: 0.0838s/iter; left time: 4867.8541s
	iters: 3600, epoch: 4 | loss: 0.1478098
	speed: 0.0688s/iter; left time: 1952.8385s
	iters: 2000, epoch: 1 | loss: 0.4596169
	speed: 0.0826s/iter; left time: 4787.7341s
	iters: 3700, epoch: 4 | loss: 0.1779743
	speed: 0.0694s/iter; left time: 1962.5355s
	iters: 2100, epoch: 1 | loss: 0.4400300
	speed: 0.0827s/iter; left time: 4784.0754s
	iters: 3800, epoch: 4 | loss: 0.2094558
	speed: 0.0666s/iter; left time: 1877.1866s
	iters: 2200, epoch: 1 | loss: 0.3898109
	speed: 0.0767s/iter; left time: 4432.6280s
	iters: 3900, epoch: 4 | loss: 0.2195871
	speed: 0.0642s/iter; left time: 1803.7105s
	iters: 4000, epoch: 4 | loss: 0.1286715
	speed: 0.0661s/iter; left time: 1848.5297s
	iters: 2300, epoch: 1 | loss: 0.3780814
	speed: 0.0753s/iter; left time: 4344.4714s
	iters: 4100, epoch: 4 | loss: 0.1471049
	speed: 0.0646s/iter; left time: 1801.0320s
	iters: 2400, epoch: 1 | loss: 0.3780391
	speed: 0.0757s/iter; left time: 4356.8890s
	iters: 4200, epoch: 4 | loss: 0.1378920
	speed: 0.0649s/iter; left time: 1803.6271s
	iters: 2500, epoch: 1 | loss: 0.3999799
	speed: 0.0689s/iter; left time: 3957.6627s
	iters: 4300, epoch: 4 | loss: 0.1577123
	speed: 0.0637s/iter; left time: 1762.8197s
	iters: 2600, epoch: 1 | loss: 0.4791129
	speed: 0.0665s/iter; left time: 3813.4248s
	iters: 4400, epoch: 4 | loss: 0.1591806
	speed: 0.0629s/iter; left time: 1734.2116s
	iters: 2700, epoch: 1 | loss: 0.4031937
	speed: 0.0694s/iter; left time: 3972.4773s
	iters: 4500, epoch: 4 | loss: 0.1354840
	speed: 0.0660s/iter; left time: 1813.9599s
	iters: 2800, epoch: 1 | loss: 0.4187212
	speed: 0.0661s/iter; left time: 3778.1115s
Epoch: 4 cost time: 302.82035970687866
	iters: 2900, epoch: 1 | loss: 0.3374185
	speed: 0.0669s/iter; left time: 3818.9141s
	iters: 3000, epoch: 1 | loss: 0.3216890
	speed: 0.0698s/iter; left time: 3976.0189s
	iters: 3100, epoch: 1 | loss: 0.3337313
	speed: 0.0691s/iter; left time: 3927.7867s
	iters: 3200, epoch: 1 | loss: 0.5065383
	speed: 0.0704s/iter; left time: 3996.2297s
	iters: 3300, epoch: 1 | loss: 0.3355283
	speed: 0.0704s/iter; left time: 3991.8906s
	iters: 3400, epoch: 1 | loss: 0.2769067
	speed: 0.0705s/iter; left time: 3985.9642s
Epoch: 4, Steps: 4568 | Train Loss: 0.1624134 Vali Loss: 0.1537258 Test Loss: 0.1812023
Validation loss decreased (0.155142 --> 0.153726).  Saving model ...
Updating learning rate to 1.25e-05
	iters: 3500, epoch: 1 | loss: 0.3498031
	speed: 0.0705s/iter; left time: 3980.9876s
	iters: 100, epoch: 5 | loss: 0.1637548
	speed: 0.5784s/iter; left time: 15796.3315s
	iters: 3600, epoch: 1 | loss: 0.3217424
	speed: 0.0655s/iter; left time: 3694.0204s
	iters: 200, epoch: 5 | loss: 0.1860365
	speed: 0.0638s/iter; left time: 1737.0904s
	iters: 3700, epoch: 1 | loss: 0.2909616
	speed: 0.0661s/iter; left time: 3717.7448s
	iters: 300, epoch: 5 | loss: 0.2028471
	speed: 0.0633s/iter; left time: 1716.5167s
	iters: 3800, epoch: 1 | loss: 0.3492901
	speed: 0.0649s/iter; left time: 3646.3616s
	iters: 400, epoch: 5 | loss: 0.1315982
	speed: 0.0648s/iter; left time: 1750.1899s
	iters: 3900, epoch: 1 | loss: 0.4145978
	speed: 0.0690s/iter; left time: 3868.6492s
	iters: 500, epoch: 5 | loss: 0.1744354
	speed: 0.0648s/iter; left time: 1743.6286s
	iters: 4000, epoch: 1 | loss: 0.2844782
	speed: 0.0646s/iter; left time: 3614.1361s
	iters: 600, epoch: 5 | loss: 0.1633835
	speed: 0.0639s/iter; left time: 1713.2104s
	iters: 4100, epoch: 1 | loss: 0.3716727
	speed: 0.0654s/iter; left time: 3651.5657s
	iters: 700, epoch: 5 | loss: 0.1417133
	speed: 0.0638s/iter; left time: 1702.8190s
	iters: 4200, epoch: 1 | loss: 0.3431357
	speed: 0.0657s/iter; left time: 3665.2364s
	iters: 800, epoch: 5 | loss: 0.1884681
	speed: 0.0634s/iter; left time: 1687.8513s
	iters: 4300, epoch: 1 | loss: 0.2732365
	speed: 0.0677s/iter; left time: 3769.0554s
	iters: 900, epoch: 5 | loss: 0.1464881
	speed: 0.0677s/iter; left time: 1793.9378s
	iters: 4400, epoch: 1 | loss: 0.4365038
	speed: 0.0662s/iter; left time: 3677.7374s
	iters: 1000, epoch: 5 | loss: 0.1554465
	speed: 0.0630s/iter; left time: 1662.4835s
	iters: 4500, epoch: 1 | loss: 0.2742883
	speed: 0.0655s/iter; left time: 3632.8365s
	iters: 1100, epoch: 5 | loss: 0.1383786
	speed: 0.0631s/iter; left time: 1659.2827s
	iters: 4600, epoch: 1 | loss: 0.3504915
	speed: 0.0641s/iter; left time: 3548.8934s
	iters: 1200, epoch: 5 | loss: 0.1734397
	speed: 0.0637s/iter; left time: 1669.2359s
	iters: 4700, epoch: 1 | loss: 0.2735612
	speed: 0.0668s/iter; left time: 3691.1007s
	iters: 1300, epoch: 5 | loss: 0.1591113
	speed: 0.0677s/iter; left time: 1768.8093s
	iters: 4800, epoch: 1 | loss: 0.2725247
	speed: 0.0688s/iter; left time: 3797.4705s
	iters: 1400, epoch: 5 | loss: 0.1550892
	speed: 0.0641s/iter; left time: 1666.7329s
	iters: 4900, epoch: 1 | loss: 0.3482567
	speed: 0.0655s/iter; left time: 3605.2841s
	iters: 1500, epoch: 5 | loss: 0.1363569
	speed: 0.0635s/iter; left time: 1645.1253s
	iters: 5000, epoch: 1 | loss: 0.3446694
	speed: 0.0664s/iter; left time: 3648.2061s
	iters: 1600, epoch: 5 | loss: 0.2710992
	speed: 0.0633s/iter; left time: 1632.7893s
	iters: 5100, epoch: 1 | loss: 0.2984626
	speed: 0.0664s/iter; left time: 3641.6784s
	iters: 1700, epoch: 5 | loss: 0.1408171
	speed: 0.0658s/iter; left time: 1690.6989s
	iters: 5200, epoch: 1 | loss: 0.3069177
	speed: 0.0677s/iter; left time: 3708.5115s
	iters: 1800, epoch: 5 | loss: 0.1391284
	speed: 0.0614s/iter; left time: 1572.7916s
	iters: 5300, epoch: 1 | loss: 0.2745862
	speed: 0.0656s/iter; left time: 3586.6066s
	iters: 1900, epoch: 5 | loss: 0.1351882
	speed: 0.0637s/iter; left time: 1624.4815s
	iters: 5400, epoch: 1 | loss: 0.2584042
	speed: 0.0651s/iter; left time: 3552.3396s
	iters: 2000, epoch: 5 | loss: 0.1708488
	speed: 0.0651s/iter; left time: 1654.0271s
	iters: 5500, epoch: 1 | loss: 0.2882113
	speed: 0.0739s/iter; left time: 4023.5423s
	iters: 2100, epoch: 5 | loss: 0.1491282
	speed: 0.0669s/iter; left time: 1693.1809s
	iters: 5600, epoch: 1 | loss: 0.2558426
	speed: 0.0658s/iter; left time: 3575.9909s
	iters: 2200, epoch: 5 | loss: 0.1579281
	speed: 0.0634s/iter; left time: 1598.3537s
	iters: 5700, epoch: 1 | loss: 0.2516301
	speed: 0.0703s/iter; left time: 3812.6830s
	iters: 2300, epoch: 5 | loss: 0.1312404
	speed: 0.0672s/iter; left time: 1686.3097s
	iters: 5800, epoch: 1 | loss: 0.2784834
	speed: 0.0657s/iter; left time: 3559.6168s
	iters: 2400, epoch: 5 | loss: 0.1484167
	speed: 0.0651s/iter; left time: 1628.1436s
	iters: 5900, epoch: 1 | loss: 0.2595755
	speed: 0.0691s/iter; left time: 3737.2615s
	iters: 2500, epoch: 5 | loss: 0.1582786
	speed: 0.0653s/iter; left time: 1625.6863s
Epoch: 1 cost time: 464.6597890853882
	iters: 2600, epoch: 5 | loss: 0.1852440
	speed: 0.0662s/iter; left time: 1642.2592s
	iters: 2700, epoch: 5 | loss: 0.3243695
	speed: 0.0648s/iter; left time: 1601.7874s
	iters: 2800, epoch: 5 | loss: 0.1803044
	speed: 0.0657s/iter; left time: 1615.8721s
	iters: 2900, epoch: 5 | loss: 0.1656376
	speed: 0.0656s/iter; left time: 1607.4432s
	iters: 3000, epoch: 5 | loss: 0.1778128
	speed: 0.0681s/iter; left time: 1661.4738s
	iters: 3100, epoch: 5 | loss: 0.1495400
	speed: 0.0650s/iter; left time: 1579.3823s
	iters: 3200, epoch: 5 | loss: 0.2094881
	speed: 0.0654s/iter; left time: 1583.4872s
	iters: 3300, epoch: 5 | loss: 0.1817734
	speed: 0.0642s/iter; left time: 1548.7915s
	iters: 3400, epoch: 5 | loss: 0.1514325
	speed: 0.0663s/iter; left time: 1591.6588s
	iters: 3500, epoch: 5 | loss: 0.1466571
	speed: 0.0713s/iter; left time: 1705.0063s
	iters: 3600, epoch: 5 | loss: 0.1371004
	speed: 0.0690s/iter; left time: 1641.8787s
Epoch: 1, Steps: 5997 | Train Loss: 0.4440948 Vali Loss: 0.4967742 Test Loss: 0.6537021
Validation loss decreased (inf --> 0.496774).  Saving model ...
Updating learning rate to 0.0001
	iters: 3700, epoch: 5 | loss: 0.1736313
	speed: 0.0641s/iter; left time: 1519.6077s
	iters: 100, epoch: 2 | loss: 0.3104449
	speed: 0.8155s/iter; left time: 43934.0931s
	iters: 3800, epoch: 5 | loss: 0.1683696
	speed: 0.0656s/iter; left time: 1548.5950s
	iters: 200, epoch: 2 | loss: 0.2782380
	speed: 0.0672s/iter; left time: 3615.3448s
	iters: 3900, epoch: 5 | loss: 0.1771569
	speed: 0.0656s/iter; left time: 1542.9790s
	iters: 300, epoch: 2 | loss: 0.3714084
	speed: 0.0689s/iter; left time: 3696.4826s
	iters: 4000, epoch: 5 | loss: 0.1430374
	speed: 0.0657s/iter; left time: 1538.1637s
	iters: 400, epoch: 2 | loss: 0.3531272
	speed: 0.0656s/iter; left time: 3514.5789s
	iters: 4100, epoch: 5 | loss: 0.1367982
	speed: 0.0633s/iter; left time: 1474.4841s
	iters: 500, epoch: 2 | loss: 0.2557301
	speed: 0.0649s/iter; left time: 3470.8364s
	iters: 4200, epoch: 5 | loss: 0.1433318
	speed: 0.0632s/iter; left time: 1467.1909s
	iters: 600, epoch: 2 | loss: 0.2987113
	speed: 0.0653s/iter; left time: 3483.7609s
	iters: 4300, epoch: 5 | loss: 0.1345599
	speed: 0.0653s/iter; left time: 1508.0128s
	iters: 700, epoch: 2 | loss: 0.2910348
	speed: 0.0694s/iter; left time: 3696.2717s
	iters: 4400, epoch: 5 | loss: 0.1301895
	speed: 0.0651s/iter; left time: 1497.9594s
	iters: 800, epoch: 2 | loss: 0.3218951
	speed: 0.0664s/iter; left time: 3532.0112s
	iters: 4500, epoch: 5 | loss: 0.1892731
	speed: 0.0665s/iter; left time: 1523.3899s
	iters: 900, epoch: 2 | loss: 0.2863730
	speed: 0.0661s/iter; left time: 3507.5158s
Epoch: 5 cost time: 297.1249978542328
	iters: 1000, epoch: 2 | loss: 0.2809711
	speed: 0.0666s/iter; left time: 3528.4396s
	iters: 1100, epoch: 2 | loss: 0.2231371
	speed: 0.0661s/iter; left time: 3495.8829s
	iters: 1200, epoch: 2 | loss: 0.2845151
	speed: 0.0678s/iter; left time: 3579.7648s
	iters: 1300, epoch: 2 | loss: 0.3603664
	speed: 0.0699s/iter; left time: 3680.7071s
	iters: 1400, epoch: 2 | loss: 0.2347542
	speed: 0.0691s/iter; left time: 3630.2522s
	iters: 1500, epoch: 2 | loss: 0.2375879
	speed: 0.0712s/iter; left time: 3734.3959s
	iters: 1600, epoch: 2 | loss: 0.2651104
	speed: 0.0660s/iter; left time: 3456.8679s
Epoch: 5, Steps: 4568 | Train Loss: 0.1590820 Vali Loss: 0.1535368 Test Loss: 0.1793022
Validation loss decreased (0.153726 --> 0.153537).  Saving model ...
Updating learning rate to 6.25e-06
	iters: 1700, epoch: 2 | loss: 0.2413261
	speed: 0.0655s/iter; left time: 3423.5817s
	iters: 100, epoch: 6 | loss: 0.1305988
	speed: 0.5746s/iter; left time: 13067.6361s
	iters: 1800, epoch: 2 | loss: 0.2927500
	speed: 0.0654s/iter; left time: 3412.3942s
	iters: 200, epoch: 6 | loss: 0.1265679
	speed: 0.0637s/iter; left time: 1443.2727s
	iters: 300, epoch: 6 | loss: 0.1455889
	speed: 0.0660s/iter; left time: 1488.6873s
	iters: 1900, epoch: 2 | loss: 0.3084252
	speed: 0.0687s/iter; left time: 3578.9876s
	iters: 400, epoch: 6 | loss: 0.1550811
	speed: 0.0638s/iter; left time: 1432.1384s
	iters: 2000, epoch: 2 | loss: 0.3157360
	speed: 0.0673s/iter; left time: 3496.7822s
	iters: 500, epoch: 6 | loss: 0.1429079
	speed: 0.0642s/iter; left time: 1433.8555s
	iters: 2100, epoch: 2 | loss: 0.2400852
	speed: 0.0653s/iter; left time: 3385.9520s
	iters: 600, epoch: 6 | loss: 0.1788984
	speed: 0.0679s/iter; left time: 1509.1174s
	iters: 2200, epoch: 2 | loss: 0.2564497
	speed: 0.0752s/iter; left time: 3891.7511s
	iters: 700, epoch: 6 | loss: 0.1638920
	speed: 0.0628s/iter; left time: 1390.4712s
	iters: 2300, epoch: 2 | loss: 0.3053378
	speed: 0.0640s/iter; left time: 3307.1696s
	iters: 800, epoch: 6 | loss: 0.1486657
	speed: 0.0661s/iter; left time: 1456.5922s
	iters: 2400, epoch: 2 | loss: 0.2444005
	speed: 0.0676s/iter; left time: 3483.8624s
	iters: 900, epoch: 6 | loss: 0.1703389
	speed: 0.0637s/iter; left time: 1396.8706s
	iters: 2500, epoch: 2 | loss: 0.2639652
	speed: 0.0644s/iter; left time: 3316.1602s
	iters: 1000, epoch: 6 | loss: 0.1265609
	speed: 0.0660s/iter; left time: 1442.1267s
	iters: 2600, epoch: 2 | loss: 0.2276405
	speed: 0.0658s/iter; left time: 3378.9368s
	iters: 1100, epoch: 6 | loss: 0.1733035
	speed: 0.0655s/iter; left time: 1424.5836s
	iters: 2700, epoch: 2 | loss: 0.3168557
	speed: 0.0678s/iter; left time: 3478.8373s
	iters: 1200, epoch: 6 | loss: 0.1684809
	speed: 0.0650s/iter; left time: 1406.6092s
	iters: 2800, epoch: 2 | loss: 0.2540941
	speed: 0.0673s/iter; left time: 3442.0850s
	iters: 1300, epoch: 6 | loss: 0.1497331
	speed: 0.0641s/iter; left time: 1381.2078s
	iters: 2900, epoch: 2 | loss: 0.2320777
	speed: 0.0666s/iter; left time: 3403.2027s
	iters: 1400, epoch: 6 | loss: 0.1385944
	speed: 0.0656s/iter; left time: 1407.1942s
	iters: 3000, epoch: 2 | loss: 0.2471434
	speed: 0.0659s/iter; left time: 3361.6568s
	iters: 1500, epoch: 6 | loss: 0.2463349
	speed: 0.0635s/iter; left time: 1354.7275s
	iters: 3100, epoch: 2 | loss: 0.2982270
	speed: 0.0654s/iter; left time: 3325.3784s
	iters: 1600, epoch: 6 | loss: 0.1706608
	speed: 0.0662s/iter; left time: 1405.6555s
	iters: 3200, epoch: 2 | loss: 0.2548329
	speed: 0.0701s/iter; left time: 3557.2547s
	iters: 1700, epoch: 6 | loss: 0.1451254
	speed: 0.0652s/iter; left time: 1378.4985s
	iters: 3300, epoch: 2 | loss: 0.2628860
	speed: 0.0658s/iter; left time: 3333.7941s
	iters: 1800, epoch: 6 | loss: 0.1409208
	speed: 0.0635s/iter; left time: 1335.9032s
	iters: 3400, epoch: 2 | loss: 0.2751319
	speed: 0.0654s/iter; left time: 3308.6477s
	iters: 1900, epoch: 6 | loss: 0.1441389
	speed: 0.0625s/iter; left time: 1309.2858s
	iters: 3500, epoch: 2 | loss: 0.2780791
	speed: 0.0642s/iter; left time: 3238.0321s
	iters: 2000, epoch: 6 | loss: 0.1457693
	speed: 0.0644s/iter; left time: 1341.6939s
	iters: 3600, epoch: 2 | loss: 0.2224555
	speed: 0.0645s/iter; left time: 3247.1995s
	iters: 2100, epoch: 6 | loss: 0.1452691
	speed: 0.0637s/iter; left time: 1321.3550s
	iters: 3700, epoch: 2 | loss: 0.2672739
	speed: 0.0675s/iter; left time: 3394.4243s
	iters: 2200, epoch: 6 | loss: 0.2093357
	speed: 0.0668s/iter; left time: 1378.0347s
	iters: 3800, epoch: 2 | loss: 0.3269705
	speed: 0.0661s/iter; left time: 3314.6846s
	iters: 2300, epoch: 6 | loss: 0.1667583
	speed: 0.0650s/iter; left time: 1334.4906s
	iters: 3900, epoch: 2 | loss: 0.2712485
	speed: 0.0667s/iter; left time: 3340.2375s
	iters: 2400, epoch: 6 | loss: 0.1644399
	speed: 0.0669s/iter; left time: 1367.4207s
	iters: 4000, epoch: 2 | loss: 0.2179879
	speed: 0.0692s/iter; left time: 3456.3622s
	iters: 2500, epoch: 6 | loss: 0.3247370
	speed: 0.0652s/iter; left time: 1327.2292s
	iters: 4100, epoch: 2 | loss: 0.2365979
	speed: 0.0660s/iter; left time: 3294.1676s
	iters: 2600, epoch: 6 | loss: 0.1672944
	speed: 0.0670s/iter; left time: 1356.0954s
	iters: 4200, epoch: 2 | loss: 0.2937531
	speed: 0.0665s/iter; left time: 3309.5130s
	iters: 2700, epoch: 6 | loss: 0.1409165
	speed: 0.0664s/iter; left time: 1337.7087s
	iters: 4300, epoch: 2 | loss: 0.2778324
	speed: 0.0669s/iter; left time: 3325.5425s
	iters: 2800, epoch: 6 | loss: 0.1415754
	speed: 0.0662s/iter; left time: 1327.5985s
	iters: 4400, epoch: 2 | loss: 0.3187381
	speed: 0.0646s/iter; left time: 3203.3916s
	iters: 2900, epoch: 6 | loss: 0.1513128
	speed: 0.0676s/iter; left time: 1348.8942s
	iters: 4500, epoch: 2 | loss: 0.2953336
	speed: 0.0682s/iter; left time: 3372.9184s
	iters: 3000, epoch: 6 | loss: 0.1389321
	speed: 0.0643s/iter; left time: 1275.4345s
	iters: 4600, epoch: 2 | loss: 0.2725925
	speed: 0.0653s/iter; left time: 3223.2969s
	iters: 3100, epoch: 6 | loss: 0.1428386
	speed: 0.0668s/iter; left time: 1317.8811s
	iters: 4700, epoch: 2 | loss: 0.2889642
	speed: 0.0667s/iter; left time: 3286.6554s
	iters: 3200, epoch: 6 | loss: 0.1294127
	speed: 0.0658s/iter; left time: 1293.2565s
	iters: 4800, epoch: 2 | loss: 0.2359054
	speed: 0.0656s/iter; left time: 3224.4510s
	iters: 3300, epoch: 6 | loss: 0.1959249
	speed: 0.0661s/iter; left time: 1291.2070s
	iters: 4900, epoch: 2 | loss: 0.2260976
	speed: 0.0683s/iter; left time: 3352.5457s
	iters: 3400, epoch: 6 | loss: 0.1920743
	speed: 0.0629s/iter; left time: 1223.1224s
	iters: 5000, epoch: 2 | loss: 0.2660928
	speed: 0.0663s/iter; left time: 3246.5350s
	iters: 3500, epoch: 6 | loss: 0.2183907
	speed: 0.0655s/iter; left time: 1267.0512s
	iters: 5100, epoch: 2 | loss: 0.3390165
	speed: 0.0687s/iter; left time: 3355.6749s
	iters: 3600, epoch: 6 | loss: 0.1864297
	speed: 0.0654s/iter; left time: 1257.4680s
	iters: 5200, epoch: 2 | loss: 0.2914362
	speed: 0.0648s/iter; left time: 3159.0064s
	iters: 3700, epoch: 6 | loss: 0.1244974
	speed: 0.0644s/iter; left time: 1232.9392s
	iters: 5300, epoch: 2 | loss: 0.3082179
	speed: 0.0649s/iter; left time: 3157.6340s
	iters: 3800, epoch: 6 | loss: 0.1487906
	speed: 0.0642s/iter; left time: 1222.6744s
	iters: 5400, epoch: 2 | loss: 0.2167952
	speed: 0.0687s/iter; left time: 3338.3285s
	iters: 3900, epoch: 6 | loss: 0.1481806
	speed: 0.0655s/iter; left time: 1240.6625s
	iters: 5500, epoch: 2 | loss: 0.2448901
	speed: 0.0647s/iter; left time: 3135.3145s
	iters: 4000, epoch: 6 | loss: 0.1415609
	speed: 0.0636s/iter; left time: 1198.6951s
	iters: 5600, epoch: 2 | loss: 0.2960505
	speed: 0.0666s/iter; left time: 3219.9497s
	iters: 4100, epoch: 6 | loss: 0.1695465
	speed: 0.0652s/iter; left time: 1222.1652s
	iters: 5700, epoch: 2 | loss: 0.3397597
	speed: 0.0658s/iter; left time: 3178.0981s
	iters: 4200, epoch: 6 | loss: 0.1463224
	speed: 0.0652s/iter; left time: 1216.0795s
	iters: 5800, epoch: 2 | loss: 0.2763522
	speed: 0.0694s/iter; left time: 3342.8499s
	iters: 4300, epoch: 6 | loss: 0.1430219
	speed: 0.0667s/iter; left time: 1236.8023s
	iters: 5900, epoch: 2 | loss: 0.2211744
	speed: 0.0679s/iter; left time: 3262.9844s
	iters: 4400, epoch: 6 | loss: 0.1495323
	speed: 0.0671s/iter; left time: 1238.2689s
Epoch: 2 cost time: 400.48635697364807
	iters: 4500, epoch: 6 | loss: 0.2580291
	speed: 0.0652s/iter; left time: 1195.8034s
Epoch: 6 cost time: 298.09358310699463
Epoch: 6, Steps: 4568 | Train Loss: 0.1574621 Vali Loss: 0.1531566 Test Loss: 0.1783706
Validation loss decreased (0.153537 --> 0.153157).  Saving model ...
Updating learning rate to 3.125e-06
	iters: 100, epoch: 7 | loss: 0.1314460
	speed: 0.6789s/iter; left time: 12337.5888s
Epoch: 2, Steps: 5997 | Train Loss: 0.2705344 Vali Loss: 0.4895069 Test Loss: 0.6467742
Validation loss decreased (0.496774 --> 0.489507).  Saving model ...
Updating learning rate to 5e-05
	iters: 200, epoch: 7 | loss: 0.1871972
	speed: 0.0736s/iter; left time: 1330.2587s
	iters: 100, epoch: 3 | loss: 0.2843741
	speed: 0.8628s/iter; left time: 41306.7435s
	iters: 300, epoch: 7 | loss: 0.2191466
	speed: 0.0697s/iter; left time: 1253.5877s
	iters: 200, epoch: 3 | loss: 0.2617771
	speed: 0.0677s/iter; left time: 3233.0693s
	iters: 400, epoch: 7 | loss: 0.1267662
	speed: 0.0673s/iter; left time: 1203.0892s
	iters: 300, epoch: 3 | loss: 0.2797603
	speed: 0.0682s/iter; left time: 3251.2310s
	iters: 500, epoch: 7 | loss: 0.1302206
	speed: 0.0664s/iter; left time: 1180.9558s
	iters: 400, epoch: 3 | loss: 0.2360950
	speed: 0.0694s/iter; left time: 3301.3173s
	iters: 600, epoch: 7 | loss: 0.1307009
	speed: 0.0680s/iter; left time: 1201.2464s
	iters: 500, epoch: 3 | loss: 0.2296907
	speed: 0.0695s/iter; left time: 3299.7642s
	iters: 700, epoch: 7 | loss: 0.1741820
	speed: 0.0669s/iter; left time: 1176.0764s
	iters: 600, epoch: 3 | loss: 0.2128405
	speed: 0.0693s/iter; left time: 3281.6234s
	iters: 800, epoch: 7 | loss: 0.2030700
	speed: 0.0691s/iter; left time: 1208.0129s
	iters: 700, epoch: 3 | loss: 0.2286876
	speed: 0.0670s/iter; left time: 3167.0302s
	iters: 900, epoch: 7 | loss: 0.1430297
	speed: 0.0669s/iter; left time: 1161.5137s
	iters: 800, epoch: 3 | loss: 0.2666631
	speed: 0.0690s/iter; left time: 3254.7384s
	iters: 1000, epoch: 7 | loss: 0.1561424
	speed: 0.0647s/iter; left time: 1117.8211s
	iters: 900, epoch: 3 | loss: 0.2600725
	speed: 0.0658s/iter; left time: 3095.9237s
	iters: 1100, epoch: 7 | loss: 0.1290555
	speed: 0.0650s/iter; left time: 1116.8560s
	iters: 1000, epoch: 3 | loss: 0.2176818
	speed: 0.0720s/iter; left time: 3384.0141s
	iters: 1200, epoch: 7 | loss: 0.1464402
	speed: 0.0690s/iter; left time: 1177.7218s
	iters: 1100, epoch: 3 | loss: 0.2516443
	speed: 0.0671s/iter; left time: 3145.2682s
	iters: 1300, epoch: 7 | loss: 0.2171592
	speed: 0.0656s/iter; left time: 1113.2995s
	iters: 1200, epoch: 3 | loss: 0.2581396
	speed: 0.0661s/iter; left time: 3093.1211s
	iters: 1400, epoch: 7 | loss: 0.1498289
	speed: 0.0653s/iter; left time: 1102.6453s
	iters: 1300, epoch: 3 | loss: 0.2721600
	speed: 0.0659s/iter; left time: 3075.4974s
	iters: 1500, epoch: 7 | loss: 0.1608362
	speed: 0.0661s/iter; left time: 1108.7349s
	iters: 1400, epoch: 3 | loss: 0.2414882
	speed: 0.0712s/iter; left time: 3316.3172s
	iters: 1600, epoch: 7 | loss: 0.1369126
	speed: 0.0685s/iter; left time: 1141.7314s
	iters: 1500, epoch: 3 | loss: 0.2741064
	speed: 0.0659s/iter; left time: 3064.3178s
	iters: 1700, epoch: 7 | loss: 0.2001144
	speed: 0.0650s/iter; left time: 1077.9369s
	iters: 1600, epoch: 3 | loss: 0.2557549
	speed: 0.0768s/iter; left time: 3561.7887s
	iters: 1800, epoch: 7 | loss: 0.1422535
	speed: 0.0709s/iter; left time: 1168.5867s
	iters: 1700, epoch: 3 | loss: 0.2306740
	speed: 0.0644s/iter; left time: 2979.0380s
	iters: 1900, epoch: 7 | loss: 0.1453574
	speed: 0.0681s/iter; left time: 1114.5677s
	iters: 1800, epoch: 3 | loss: 0.2468848
	speed: 0.0689s/iter; left time: 3182.6208s
	iters: 2000, epoch: 7 | loss: 0.1907606
	speed: 0.0661s/iter; left time: 1076.4152s
	iters: 1900, epoch: 3 | loss: 0.2841825
	speed: 0.0693s/iter; left time: 3192.5979s
	iters: 2100, epoch: 7 | loss: 0.1319568
	speed: 0.0672s/iter; left time: 1086.7229s
	iters: 2000, epoch: 3 | loss: 0.2591217
	speed: 0.0657s/iter; left time: 3022.3677s
	iters: 2200, epoch: 7 | loss: 0.1345285
	speed: 0.0653s/iter; left time: 1049.8809s
	iters: 2100, epoch: 3 | loss: 0.2384149
	speed: 0.0697s/iter; left time: 3196.1096s
	iters: 2300, epoch: 7 | loss: 0.1654107
	speed: 0.0685s/iter; left time: 1093.9037s
	iters: 2200, epoch: 3 | loss: 0.3099309
	speed: 0.0647s/iter; left time: 2963.1386s
	iters: 2400, epoch: 7 | loss: 0.1218737
	speed: 0.0669s/iter; left time: 1061.2926s
	iters: 2300, epoch: 3 | loss: 0.2853042
	speed: 0.0682s/iter; left time: 3116.5978s
	iters: 2500, epoch: 7 | loss: 0.3031708
	speed: 0.0666s/iter; left time: 1050.8331s
	iters: 2600, epoch: 7 | loss: 0.1345151
	speed: 0.0641s/iter; left time: 1004.7373s
	iters: 2400, epoch: 3 | loss: 0.2609839
	speed: 0.0669s/iter; left time: 3050.4597s
	iters: 2700, epoch: 7 | loss: 0.1766138
	speed: 0.0672s/iter; left time: 1046.0522s
	iters: 2500, epoch: 3 | loss: 0.3169914
	speed: 0.0694s/iter; left time: 3155.3338s
	iters: 2800, epoch: 7 | loss: 0.1396451
	speed: 0.0681s/iter; left time: 1054.4170s
	iters: 2600, epoch: 3 | loss: 0.2493627
	speed: 0.0696s/iter; left time: 3156.0257s
	iters: 2900, epoch: 7 | loss: 0.1790581
	speed: 0.0667s/iter; left time: 1025.6445s
	iters: 2700, epoch: 3 | loss: 0.2559972
	speed: 0.0697s/iter; left time: 3154.2245s
	iters: 3000, epoch: 7 | loss: 0.1573988
	speed: 0.0647s/iter; left time: 988.3557s
	iters: 2800, epoch: 3 | loss: 0.2095418
	speed: 0.0661s/iter; left time: 2988.2095s
	iters: 3100, epoch: 7 | loss: 0.1388079
	speed: 0.0678s/iter; left time: 1028.8505s
	iters: 2900, epoch: 3 | loss: 0.2195095
	speed: 0.0704s/iter; left time: 3172.3681s
	iters: 3200, epoch: 7 | loss: 0.1509006
	speed: 0.0650s/iter; left time: 980.3249s
	iters: 3000, epoch: 3 | loss: 0.3227226
	speed: 0.0658s/iter; left time: 2958.2365s
	iters: 3300, epoch: 7 | loss: 0.1475363
	speed: 0.0662s/iter; left time: 990.7719s
	iters: 3100, epoch: 3 | loss: 0.1815487
	speed: 0.0662s/iter; left time: 2973.0474s
	iters: 3400, epoch: 7 | loss: 0.1610997
	speed: 0.0617s/iter; left time: 917.6943s
	iters: 3200, epoch: 3 | loss: 0.2474067
	speed: 0.0643s/iter; left time: 2880.7660s
	iters: 3500, epoch: 7 | loss: 0.1431832
	speed: 0.0661s/iter; left time: 977.1707s
	iters: 3300, epoch: 3 | loss: 0.2660971
	speed: 0.0687s/iter; left time: 3068.4177s
	iters: 3600, epoch: 7 | loss: 0.1658585
	speed: 0.0669s/iter; left time: 981.3891s
	iters: 3400, epoch: 3 | loss: 0.2169066
	speed: 0.0682s/iter; left time: 3039.0121s
	iters: 3700, epoch: 7 | loss: 0.1121132
	speed: 0.0664s/iter; left time: 967.0719s
	iters: 3500, epoch: 3 | loss: 0.2582786
	speed: 0.0664s/iter; left time: 2952.6564s
	iters: 3800, epoch: 7 | loss: 0.1791523
	speed: 0.0648s/iter; left time: 937.2634s
	iters: 3600, epoch: 3 | loss: 0.2616571
	speed: 0.0651s/iter; left time: 2887.0263s
	iters: 3900, epoch: 7 | loss: 0.1322772
	speed: 0.0691s/iter; left time: 993.8580s
	iters: 3700, epoch: 3 | loss: 0.2533406
	speed: 0.0691s/iter; left time: 3058.7530s
	iters: 4000, epoch: 7 | loss: 0.1857504
	speed: 0.0636s/iter; left time: 908.3805s
	iters: 3800, epoch: 3 | loss: 0.2229782
	speed: 0.0640s/iter; left time: 2825.2110s
	iters: 4100, epoch: 7 | loss: 0.1676301
	speed: 0.0669s/iter; left time: 948.4835s
	iters: 3900, epoch: 3 | loss: 0.2113984
	speed: 0.0668s/iter; left time: 2945.6849s
	iters: 4200, epoch: 7 | loss: 0.1376803
	speed: 0.0674s/iter; left time: 949.1864s
	iters: 4000, epoch: 3 | loss: 0.2024037
	speed: 0.0687s/iter; left time: 3021.8931s
	iters: 4300, epoch: 7 | loss: 0.1510167
	speed: 0.0744s/iter; left time: 1039.9625s
	iters: 4100, epoch: 3 | loss: 0.2099646
	speed: 0.0663s/iter; left time: 2908.4203s
	iters: 4400, epoch: 7 | loss: 0.1590209
	speed: 0.0687s/iter; left time: 952.4017s
	iters: 4200, epoch: 3 | loss: 0.2996916
	speed: 0.0677s/iter; left time: 2965.0552s
	iters: 4500, epoch: 7 | loss: 0.1875634
	speed: 0.0665s/iter; left time: 916.5189s
	iters: 4300, epoch: 3 | loss: 0.2234790
	speed: 0.0641s/iter; left time: 2801.0655s
Epoch: 7 cost time: 307.06285786628723
	iters: 4400, epoch: 3 | loss: 0.2257467
	speed: 0.0723s/iter; left time: 3151.2151s
	iters: 4500, epoch: 3 | loss: 0.2674674
	speed: 0.0724s/iter; left time: 3147.5726s
	iters: 4600, epoch: 3 | loss: 0.2642398
	speed: 0.0664s/iter; left time: 2879.7365s
	iters: 4700, epoch: 3 | loss: 0.2357758
	speed: 0.0649s/iter; left time: 2810.6154s
	iters: 4800, epoch: 3 | loss: 0.2712693
	speed: 0.0713s/iter; left time: 3076.5093s
	iters: 4900, epoch: 3 | loss: 0.2561930
	speed: 0.0697s/iter; left time: 3003.2031s
	iters: 5000, epoch: 3 | loss: 0.2335251
	speed: 0.0731s/iter; left time: 3142.0587s
	iters: 5100, epoch: 3 | loss: 0.2598088
	speed: 0.0658s/iter; left time: 2819.9005s
Epoch: 7, Steps: 4568 | Train Loss: 0.1566026 Vali Loss: 0.1522847 Test Loss: 0.1794959
Validation loss decreased (0.153157 --> 0.152285).  Saving model ...
Updating learning rate to 1.5625e-06
	iters: 5200, epoch: 3 | loss: 0.2407165
	speed: 0.0673s/iter; left time: 2877.5089s
	iters: 100, epoch: 8 | loss: 0.1332276
	speed: 0.6387s/iter; left time: 8690.1729s
	iters: 5300, epoch: 3 | loss: 0.3200496
	speed: 0.0641s/iter; left time: 2737.3242s
	iters: 200, epoch: 8 | loss: 0.1239882
	speed: 0.0687s/iter; left time: 927.3590s
	iters: 5400, epoch: 3 | loss: 0.2779934
	speed: 0.0730s/iter; left time: 3107.9901s
	iters: 300, epoch: 8 | loss: 0.1672848
	speed: 0.0752s/iter; left time: 1008.4553s
	iters: 5500, epoch: 3 | loss: 0.2316092
	speed: 0.0672s/iter; left time: 2852.6618s
	iters: 400, epoch: 8 | loss: 0.1833169
	speed: 0.0713s/iter; left time: 948.4262s
	iters: 5600, epoch: 3 | loss: 0.2376264
	speed: 0.0681s/iter; left time: 2887.4533s
	iters: 500, epoch: 8 | loss: 0.1584327
	speed: 0.0717s/iter; left time: 947.1180s
	iters: 5700, epoch: 3 | loss: 0.3168184
	speed: 0.0673s/iter; left time: 2844.1494s
	iters: 600, epoch: 8 | loss: 0.1685417
	speed: 0.0681s/iter; left time: 892.1178s
	iters: 5800, epoch: 3 | loss: 0.2689185
	speed: 0.0642s/iter; left time: 2707.8723s
	iters: 700, epoch: 8 | loss: 0.1549061
	speed: 0.0701s/iter; left time: 911.7249s
	iters: 5900, epoch: 3 | loss: 0.2864862
	speed: 0.0655s/iter; left time: 2756.4501s
	iters: 800, epoch: 8 | loss: 0.1365262
	speed: 0.0710s/iter; left time: 915.9237s
Epoch: 3 cost time: 407.58397793769836
	iters: 900, epoch: 8 | loss: 0.1180627
	speed: 0.0704s/iter; left time: 901.3724s
	iters: 1000, epoch: 8 | loss: 0.1916637
	speed: 0.0693s/iter; left time: 880.1083s
	iters: 1100, epoch: 8 | loss: 0.1396622
	speed: 0.0707s/iter; left time: 891.3212s
	iters: 1200, epoch: 8 | loss: 0.1673071
	speed: 0.0725s/iter; left time: 906.4493s
	iters: 1300, epoch: 8 | loss: 0.1532720
	speed: 0.0694s/iter; left time: 860.7170s
	iters: 1400, epoch: 8 | loss: 0.1324227
	speed: 0.0714s/iter; left time: 879.1140s
	iters: 1500, epoch: 8 | loss: 0.1288235
	speed: 0.0704s/iter; left time: 859.0486s
	iters: 1600, epoch: 8 | loss: 0.1367888
	speed: 0.0714s/iter; left time: 864.3895s
	iters: 1700, epoch: 8 | loss: 0.1299648
	speed: 0.0739s/iter; left time: 886.6391s
Epoch: 3, Steps: 5997 | Train Loss: 0.2526602 Vali Loss: 0.4829661 Test Loss: 0.6320788
Validation loss decreased (0.489507 --> 0.482966).  Saving model ...
Updating learning rate to 2.5e-05
	iters: 1800, epoch: 8 | loss: 0.1958750
	speed: 0.0721s/iter; left time: 858.0212s
	iters: 100, epoch: 4 | loss: 0.2260634
	speed: 0.7810s/iter; left time: 32706.1860s
	iters: 1900, epoch: 8 | loss: 0.1590998
	speed: 0.0684s/iter; left time: 807.9068s
	iters: 200, epoch: 4 | loss: 0.3271098
	speed: 0.0666s/iter; left time: 2783.7465s
	iters: 2000, epoch: 8 | loss: 0.1578273
	speed: 0.0717s/iter; left time: 839.8284s
	iters: 300, epoch: 4 | loss: 0.2044779
	speed: 0.0694s/iter; left time: 2891.9544s
	iters: 2100, epoch: 8 | loss: 0.1500654
	speed: 0.0740s/iter; left time: 858.6616s
	iters: 400, epoch: 4 | loss: 0.2438989
	speed: 0.0759s/iter; left time: 3157.3109s
	iters: 2200, epoch: 8 | loss: 0.1339378
	speed: 0.0718s/iter; left time: 826.0094s
	iters: 500, epoch: 4 | loss: 0.2705730
	speed: 0.0676s/iter; left time: 2802.3973s
	iters: 2300, epoch: 8 | loss: 0.1271325
	speed: 0.0695s/iter; left time: 792.7111s
	iters: 600, epoch: 4 | loss: 0.2002772
	speed: 0.0684s/iter; left time: 2830.6403s
	iters: 2400, epoch: 8 | loss: 0.1532937
	speed: 0.0712s/iter; left time: 805.2856s
	iters: 700, epoch: 4 | loss: 0.2193862
	speed: 0.0633s/iter; left time: 2614.9085s
	iters: 2500, epoch: 8 | loss: 0.1432095
	speed: 0.0647s/iter; left time: 724.7437s
	iters: 800, epoch: 4 | loss: 0.2423517
	speed: 0.0660s/iter; left time: 2718.7835s
	iters: 2600, epoch: 8 | loss: 0.1741303
	speed: 0.0742s/iter; left time: 824.4977s
	iters: 900, epoch: 4 | loss: 0.2712741
	speed: 0.0682s/iter; left time: 2801.7177s
	iters: 2700, epoch: 8 | loss: 0.1445083
	speed: 0.0653s/iter; left time: 718.9311s
	iters: 1000, epoch: 4 | loss: 0.2307640
	speed: 0.0631s/iter; left time: 2585.1663s
	iters: 2800, epoch: 8 | loss: 0.1515663
	speed: 0.0711s/iter; left time: 775.8807s
	iters: 1100, epoch: 4 | loss: 0.2459788
	speed: 0.0630s/iter; left time: 2574.7654s
	iters: 2900, epoch: 8 | loss: 0.1614910
	speed: 0.0705s/iter; left time: 762.2599s
	iters: 1200, epoch: 4 | loss: 0.2245022
	speed: 0.0649s/iter; left time: 2646.1784s
	iters: 3000, epoch: 8 | loss: 0.2179229
	speed: 0.0668s/iter; left time: 714.6490s
	iters: 1300, epoch: 4 | loss: 0.2211744
	speed: 0.0675s/iter; left time: 2745.8072s
	iters: 1400, epoch: 4 | loss: 0.2611147
	speed: 0.0651s/iter; left time: 2641.9960s
	iters: 3100, epoch: 8 | loss: 0.1388847
	speed: 0.0682s/iter; left time: 723.0625s
	iters: 1500, epoch: 4 | loss: 0.2275286
	speed: 0.0649s/iter; left time: 2625.9306s
	iters: 3200, epoch: 8 | loss: 0.1440025
	speed: 0.0719s/iter; left time: 755.6320s
	iters: 1600, epoch: 4 | loss: 0.2146131
	speed: 0.0638s/iter; left time: 2575.3521s
	iters: 3300, epoch: 8 | loss: 0.1719805
	speed: 0.0670s/iter; left time: 697.0826s
	iters: 1700, epoch: 4 | loss: 0.2699273
	speed: 0.0675s/iter; left time: 2720.7948s
	iters: 3400, epoch: 8 | loss: 0.1494962
	speed: 0.0668s/iter; left time: 688.4660s
	iters: 1800, epoch: 4 | loss: 0.2613727
	speed: 0.0646s/iter; left time: 2594.2870s
	iters: 3500, epoch: 8 | loss: 0.1449391
	speed: 0.0656s/iter; left time: 669.8667s
	iters: 1900, epoch: 4 | loss: 0.2713486
	speed: 0.0595s/iter; left time: 2384.6797s
	iters: 3600, epoch: 8 | loss: 0.1763713
	speed: 0.0712s/iter; left time: 719.8830s
	iters: 2000, epoch: 4 | loss: 0.2214547
	speed: 0.0651s/iter; left time: 2602.1654s
	iters: 3700, epoch: 8 | loss: 0.1433543
	speed: 0.0727s/iter; left time: 726.8773s
	iters: 2100, epoch: 4 | loss: 0.2082463
	speed: 0.0679s/iter; left time: 2707.0552s
	iters: 3800, epoch: 8 | loss: 0.2018573
	speed: 0.0736s/iter; left time: 728.5388s
	iters: 2200, epoch: 4 | loss: 0.3168205
	speed: 0.0737s/iter; left time: 2930.2367s
	iters: 3900, epoch: 8 | loss: 0.1325805
	speed: 0.0715s/iter; left time: 700.7570s
	iters: 2300, epoch: 4 | loss: 0.2310775
	speed: 0.0651s/iter; left time: 2581.6914s
	iters: 4000, epoch: 8 | loss: 0.1453973
	speed: 0.0669s/iter; left time: 649.1613s
	iters: 2400, epoch: 4 | loss: 0.2268241
	speed: 0.0669s/iter; left time: 2646.1576s
	iters: 4100, epoch: 8 | loss: 0.1399887
	speed: 0.0668s/iter; left time: 641.7941s
	iters: 2500, epoch: 4 | loss: 0.2531375
	speed: 0.0675s/iter; left time: 2664.9850s
	iters: 4200, epoch: 8 | loss: 0.1564282
	speed: 0.0682s/iter; left time: 648.5485s
	iters: 2600, epoch: 4 | loss: 0.2379320
	speed: 0.0674s/iter; left time: 2654.5739s
	iters: 4300, epoch: 8 | loss: 0.1375214
	speed: 0.0648s/iter; left time: 609.4231s
	iters: 2700, epoch: 4 | loss: 0.2646254
	speed: 0.0639s/iter; left time: 2508.1879s
	iters: 4400, epoch: 8 | loss: 0.1486860
	speed: 0.0672s/iter; left time: 625.5589s
	iters: 2800, epoch: 4 | loss: 0.2396814
	speed: 0.0616s/iter; left time: 2415.1940s
	iters: 4500, epoch: 8 | loss: 0.1317277
	speed: 0.0705s/iter; left time: 649.0419s
	iters: 2900, epoch: 4 | loss: 0.2021411
	speed: 0.0639s/iter; left time: 2495.2907s
Epoch: 8 cost time: 319.6000282764435
	iters: 3000, epoch: 4 | loss: 0.2899511
	speed: 0.0625s/iter; left time: 2434.4146s
	iters: 3100, epoch: 4 | loss: 0.2215703
	speed: 0.0671s/iter; left time: 2609.3075s
	iters: 3200, epoch: 4 | loss: 0.2627668
	speed: 0.0637s/iter; left time: 2468.7029s
	iters: 3300, epoch: 4 | loss: 0.2342437
	speed: 0.0643s/iter; left time: 2488.5821s
	iters: 3400, epoch: 4 | loss: 0.2475171
	speed: 0.0641s/iter; left time: 2474.4278s
	iters: 3500, epoch: 4 | loss: 0.3224281
	speed: 0.0631s/iter; left time: 2426.9833s
	iters: 3600, epoch: 4 | loss: 0.2469916
	speed: 0.0661s/iter; left time: 2535.4536s
Epoch: 8, Steps: 4568 | Train Loss: 0.1562171 Vali Loss: 0.1527825 Test Loss: 0.1783038
EarlyStopping counter: 1 out of 3
Updating learning rate to 7.8125e-07
	iters: 3700, epoch: 4 | loss: 0.2697559
	speed: 0.0635s/iter; left time: 2432.6856s
	iters: 100, epoch: 9 | loss: 0.1609039
	speed: 0.5708s/iter; left time: 5157.9524s
	iters: 3800, epoch: 4 | loss: 0.2288008
	speed: 0.0606s/iter; left time: 2313.7656s
	iters: 200, epoch: 9 | loss: 0.1374164
	speed: 0.0726s/iter; left time: 648.5436s
	iters: 3900, epoch: 4 | loss: 0.2956477
	speed: 0.0632s/iter; left time: 2405.6481s
	iters: 4000, epoch: 4 | loss: 0.2744875
	speed: 0.0594s/iter; left time: 2257.2585s
	iters: 300, epoch: 9 | loss: 0.1249937
	speed: 0.0710s/iter; left time: 627.7201s
	iters: 4100, epoch: 4 | loss: 0.2849443
	speed: 0.0612s/iter; left time: 2316.6348s
	iters: 400, epoch: 9 | loss: 0.1225522
	speed: 0.0707s/iter; left time: 617.6369s
	iters: 4200, epoch: 4 | loss: 0.2286676
	speed: 0.0628s/iter; left time: 2370.9578s
	iters: 500, epoch: 9 | loss: 0.1170817
	speed: 0.0710s/iter; left time: 612.8805s
	iters: 4300, epoch: 4 | loss: 0.2639765
	speed: 0.0624s/iter; left time: 2350.7690s
	iters: 600, epoch: 9 | loss: 0.1423970
	speed: 0.0712s/iter; left time: 607.7801s
	iters: 4400, epoch: 4 | loss: 0.2876483
	speed: 0.0638s/iter; left time: 2396.5187s
	iters: 700, epoch: 9 | loss: 0.1496502
	speed: 0.0696s/iter; left time: 587.4813s
	iters: 4500, epoch: 4 | loss: 0.2778045
	speed: 0.0616s/iter; left time: 2307.5594s
	iters: 800, epoch: 9 | loss: 0.2065785
	speed: 0.0736s/iter; left time: 613.8573s
	iters: 4600, epoch: 4 | loss: 0.2871221
	speed: 0.0632s/iter; left time: 2361.7262s
	iters: 900, epoch: 9 | loss: 0.1407693
	speed: 0.0670s/iter; left time: 551.4827s
	iters: 4700, epoch: 4 | loss: 0.1991665
	speed: 0.0608s/iter; left time: 2267.8287s
	iters: 1000, epoch: 9 | loss: 0.1583010
	speed: 0.0635s/iter; left time: 516.9728s
	iters: 4800, epoch: 4 | loss: 0.2688576
	speed: 0.0638s/iter; left time: 2371.6234s
	iters: 1100, epoch: 9 | loss: 0.1247504
	speed: 0.0644s/iter; left time: 517.4894s
	iters: 4900, epoch: 4 | loss: 0.1947375
	speed: 0.0628s/iter; left time: 2329.3677s
	iters: 1200, epoch: 9 | loss: 0.1477144
	speed: 0.0621s/iter; left time: 493.1763s
	iters: 5000, epoch: 4 | loss: 0.2290606
	speed: 0.0627s/iter; left time: 2319.9399s
	iters: 1300, epoch: 9 | loss: 0.1375349
	speed: 0.0639s/iter; left time: 501.1557s
	iters: 5100, epoch: 4 | loss: 0.2341468
	speed: 0.0631s/iter; left time: 2328.0327s
	iters: 1400, epoch: 9 | loss: 0.1359222
	speed: 0.0617s/iter; left time: 477.5719s
	iters: 5200, epoch: 4 | loss: 0.2364115
	speed: 0.0636s/iter; left time: 2338.6299s
	iters: 1500, epoch: 9 | loss: 0.1366437
	speed: 0.0650s/iter; left time: 496.1340s
	iters: 5300, epoch: 4 | loss: 0.2765436
	speed: 0.0632s/iter; left time: 2317.7054s
	iters: 1600, epoch: 9 | loss: 0.1215685
	speed: 0.0622s/iter; left time: 468.8563s
	iters: 5400, epoch: 4 | loss: 0.2139690
	speed: 0.0636s/iter; left time: 2326.1623s
	iters: 1700, epoch: 9 | loss: 0.1334075
	speed: 0.0664s/iter; left time: 494.1381s
	iters: 5500, epoch: 4 | loss: 0.2545282
	speed: 0.0633s/iter; left time: 2308.3784s
	iters: 1800, epoch: 9 | loss: 0.1363039
	speed: 0.0640s/iter; left time: 469.5807s
	iters: 5600, epoch: 4 | loss: 0.3234829
	speed: 0.0629s/iter; left time: 2287.7181s
	iters: 1900, epoch: 9 | loss: 0.1719764
	speed: 0.0629s/iter; left time: 455.1079s
	iters: 5700, epoch: 4 | loss: 0.2378674
	speed: 0.0617s/iter; left time: 2237.9984s
	iters: 2000, epoch: 9 | loss: 0.1398996
	speed: 0.0628s/iter; left time: 447.9158s
	iters: 5800, epoch: 4 | loss: 0.2049029
	speed: 0.0627s/iter; left time: 2270.2918s
	iters: 2100, epoch: 9 | loss: 0.1501222
	speed: 0.0628s/iter; left time: 442.2038s
	iters: 5900, epoch: 4 | loss: 0.2639785
	speed: 0.0618s/iter; left time: 2228.0807s
	iters: 2200, epoch: 9 | loss: 0.1538510
	speed: 0.0627s/iter; left time: 434.8431s
Epoch: 4 cost time: 386.8216254711151
	iters: 2300, epoch: 9 | loss: 0.1578999
	speed: 0.0693s/iter; left time: 473.5791s
	iters: 2400, epoch: 9 | loss: 0.1540255
	speed: 0.0649s/iter; left time: 437.5419s
	iters: 2500, epoch: 9 | loss: 0.1200927
	speed: 0.0651s/iter; left time: 432.3673s
	iters: 2600, epoch: 9 | loss: 0.1656603
	speed: 0.0656s/iter; left time: 428.9696s
	iters: 2700, epoch: 9 | loss: 0.1723975
	speed: 0.0657s/iter; left time: 422.9012s
	iters: 2800, epoch: 9 | loss: 0.1427329
	speed: 0.0669s/iter; left time: 424.0827s
	iters: 2900, epoch: 9 | loss: 0.1277327
	speed: 0.0652s/iter; left time: 406.9111s
	iters: 3000, epoch: 9 | loss: 0.1609378
	speed: 0.0651s/iter; left time: 399.2985s
Epoch: 4, Steps: 5997 | Train Loss: 0.2461331 Vali Loss: 0.4803685 Test Loss: 0.6348708
Validation loss decreased (0.482966 --> 0.480368).  Saving model ...
Updating learning rate to 1.25e-05
	iters: 3100, epoch: 9 | loss: 0.2763785
	speed: 0.0649s/iter; left time: 391.7079s
	iters: 100, epoch: 5 | loss: 0.2817076
	speed: 0.7082s/iter; left time: 25412.2057s
	iters: 3200, epoch: 9 | loss: 0.1649156
	speed: 0.0630s/iter; left time: 374.3007s
	iters: 200, epoch: 5 | loss: 0.2255980
	speed: 0.0630s/iter; left time: 2253.0984s
	iters: 3300, epoch: 9 | loss: 0.1408021
	speed: 0.0653s/iter; left time: 380.9024s
	iters: 300, epoch: 5 | loss: 0.2625515
	speed: 0.0613s/iter; left time: 2187.7183s
	iters: 3400, epoch: 9 | loss: 0.1578384
	speed: 0.0620s/iter; left time: 355.8788s
	iters: 400, epoch: 5 | loss: 0.2507212
	speed: 0.0636s/iter; left time: 2262.0774s
	iters: 3500, epoch: 9 | loss: 0.1517826
	speed: 0.0648s/iter; left time: 365.2619s
	iters: 500, epoch: 5 | loss: 0.2276054
	speed: 0.0639s/iter; left time: 2266.2195s
	iters: 3600, epoch: 9 | loss: 0.1665176
	speed: 0.0645s/iter; left time: 357.0486s
	iters: 600, epoch: 5 | loss: 0.2193787
	speed: 0.0588s/iter; left time: 2078.9607s
	iters: 3700, epoch: 9 | loss: 0.1429006
	speed: 0.0615s/iter; left time: 334.2837s
	iters: 700, epoch: 5 | loss: 0.2556950
	speed: 0.0617s/iter; left time: 2175.2021s
	iters: 3800, epoch: 9 | loss: 0.1795808
	speed: 0.0637s/iter; left time: 339.8289s
	iters: 800, epoch: 5 | loss: 0.2514707
	speed: 0.0619s/iter; left time: 2176.1587s
	iters: 3900, epoch: 9 | loss: 0.1356815
	speed: 0.0640s/iter; left time: 335.1054s
	iters: 900, epoch: 5 | loss: 0.2206307
	speed: 0.0614s/iter; left time: 2155.1918s
	iters: 4000, epoch: 9 | loss: 0.2118939
	speed: 0.0618s/iter; left time: 317.3575s
	iters: 1000, epoch: 5 | loss: 0.2477522
	speed: 0.0609s/iter; left time: 2130.3687s
	iters: 4100, epoch: 9 | loss: 0.1714937
	speed: 0.0623s/iter; left time: 313.7076s
	iters: 1100, epoch: 5 | loss: 0.2890145
	speed: 0.0626s/iter; left time: 2184.1909s
	iters: 4200, epoch: 9 | loss: 0.1885256
	speed: 0.0634s/iter; left time: 313.1655s
	iters: 1200, epoch: 5 | loss: 0.2334102
	speed: 0.0620s/iter; left time: 2157.3809s
	iters: 4300, epoch: 9 | loss: 0.1427712
	speed: 0.0623s/iter; left time: 301.4693s
	iters: 1300, epoch: 5 | loss: 0.1950763
	speed: 0.0628s/iter; left time: 2179.4293s
	iters: 4400, epoch: 9 | loss: 0.1562858
	speed: 0.0642s/iter; left time: 304.1130s
	iters: 1400, epoch: 5 | loss: 0.2104034
	speed: 0.0624s/iter; left time: 2156.3846s
	iters: 4500, epoch: 9 | loss: 0.1286246
	speed: 0.0625s/iter; left time: 289.6596s
	iters: 1500, epoch: 5 | loss: 0.2368834
	speed: 0.0618s/iter; left time: 2131.7380s
Epoch: 9 cost time: 298.2651126384735
	iters: 1600, epoch: 5 | loss: 0.2705790
	speed: 0.0640s/iter; left time: 2201.6380s
	iters: 1700, epoch: 5 | loss: 0.2966886
	speed: 0.0630s/iter; left time: 2158.4544s
	iters: 1800, epoch: 5 | loss: 0.2101399
	speed: 0.0644s/iter; left time: 2200.7882s
	iters: 1900, epoch: 5 | loss: 0.2488461
	speed: 0.0632s/iter; left time: 2153.8926s
	iters: 2000, epoch: 5 | loss: 0.2471327
	speed: 0.0659s/iter; left time: 2240.6908s
	iters: 2100, epoch: 5 | loss: 0.2793645
	speed: 0.0637s/iter; left time: 2158.6957s
	iters: 2200, epoch: 5 | loss: 0.2073397
	speed: 0.0634s/iter; left time: 2142.5281s
Epoch: 9, Steps: 4568 | Train Loss: 0.1559921 Vali Loss: 0.1526565 Test Loss: 0.1787660
EarlyStopping counter: 2 out of 3
Updating learning rate to 3.90625e-07
	iters: 2300, epoch: 5 | loss: 0.2783622
	speed: 0.0591s/iter; left time: 1991.7724s
	iters: 100, epoch: 10 | loss: 0.1398926
	speed: 0.5548s/iter; left time: 2479.4937s
	iters: 2400, epoch: 5 | loss: 0.2459953
	speed: 0.0633s/iter; left time: 2125.1491s
	iters: 200, epoch: 10 | loss: 0.1516814
	speed: 0.0636s/iter; left time: 277.7254s
	iters: 2500, epoch: 5 | loss: 0.2583320
	speed: 0.0618s/iter; left time: 2070.5289s
	iters: 300, epoch: 10 | loss: 0.1836300
	speed: 0.0633s/iter; left time: 270.0729s
	iters: 2600, epoch: 5 | loss: 0.2799245
	speed: 0.0634s/iter; left time: 2116.6464s
	iters: 400, epoch: 10 | loss: 0.1300727
	speed: 0.0625s/iter; left time: 260.7613s
	iters: 2700, epoch: 5 | loss: 0.2861547
	speed: 0.0616s/iter; left time: 2051.7280s
	iters: 500, epoch: 10 | loss: 0.1545379
	speed: 0.0624s/iter; left time: 253.8008s
	iters: 2800, epoch: 5 | loss: 0.2384945
	speed: 0.0619s/iter; left time: 2053.8159s
	iters: 600, epoch: 10 | loss: 0.1271203
	speed: 0.0627s/iter; left time: 248.8773s
	iters: 2900, epoch: 5 | loss: 0.2188064
	speed: 0.0623s/iter; left time: 2061.7115s
	iters: 700, epoch: 10 | loss: 0.1558618
	speed: 0.0620s/iter; left time: 240.0574s
	iters: 3000, epoch: 5 | loss: 0.2163376
	speed: 0.0638s/iter; left time: 2104.9294s
	iters: 800, epoch: 10 | loss: 0.1602320
	speed: 0.0655s/iter; left time: 246.7652s
	iters: 3100, epoch: 5 | loss: 0.2297840
	speed: 0.0699s/iter; left time: 2299.6803s
	iters: 900, epoch: 10 | loss: 0.1434830
	speed: 0.0658s/iter; left time: 241.5013s
	iters: 3200, epoch: 5 | loss: 0.2177287
	speed: 0.0598s/iter; left time: 1961.6641s
	iters: 1000, epoch: 10 | loss: 0.1426242
	speed: 0.0636s/iter; left time: 226.9958s
	iters: 3300, epoch: 5 | loss: 0.2222232
	speed: 0.0628s/iter; left time: 2051.8983s
	iters: 1100, epoch: 10 | loss: 0.1462303
	speed: 0.0622s/iter; left time: 215.9149s
	iters: 3400, epoch: 5 | loss: 0.2141792
	speed: 0.0626s/iter; left time: 2041.1549s
	iters: 1200, epoch: 10 | loss: 0.1366163
	speed: 0.0632s/iter; left time: 212.9143s
	iters: 3500, epoch: 5 | loss: 0.1833330
	speed: 0.0627s/iter; left time: 2035.5811s
	iters: 1300, epoch: 10 | loss: 0.1864808
	speed: 0.0650s/iter; left time: 212.3430s
	iters: 3600, epoch: 5 | loss: 0.2628744
	speed: 0.0640s/iter; left time: 2073.5672s
	iters: 1400, epoch: 10 | loss: 0.1378704
	speed: 0.0655s/iter; left time: 207.5681s
	iters: 3700, epoch: 5 | loss: 0.2406969
	speed: 0.0638s/iter; left time: 2060.2760s
	iters: 1500, epoch: 10 | loss: 0.1961273
	speed: 0.0636s/iter; left time: 195.0962s
	iters: 3800, epoch: 5 | loss: 0.3195718
	speed: 0.0625s/iter; left time: 2010.6294s
	iters: 1600, epoch: 10 | loss: 0.2499789
	speed: 0.0628s/iter; left time: 186.4741s
	iters: 3900, epoch: 5 | loss: 0.2845175
	speed: 0.0624s/iter; left time: 2000.6043s
	iters: 1700, epoch: 10 | loss: 0.1343378
	speed: 0.0631s/iter; left time: 180.8953s
	iters: 4000, epoch: 5 | loss: 0.2535132
	speed: 0.0647s/iter; left time: 2070.5970s
	iters: 1800, epoch: 10 | loss: 0.1757731
	speed: 0.0634s/iter; left time: 175.5967s
	iters: 4100, epoch: 5 | loss: 0.2188128
	speed: 0.0624s/iter; left time: 1989.9947s
	iters: 1900, epoch: 10 | loss: 0.1505441
	speed: 0.0626s/iter; left time: 167.0704s
	iters: 4200, epoch: 5 | loss: 0.2596511
	speed: 0.0635s/iter; left time: 2018.2386s
	iters: 2000, epoch: 10 | loss: 0.1615517
	speed: 0.0647s/iter; left time: 166.0885s
	iters: 4300, epoch: 5 | loss: 0.2300959
	speed: 0.0633s/iter; left time: 2006.3881s
	iters: 2100, epoch: 10 | loss: 0.1332710
	speed: 0.0632s/iter; left time: 156.0074s
	iters: 4400, epoch: 5 | loss: 0.2559924
	speed: 0.0622s/iter; left time: 1964.7853s
	iters: 2200, epoch: 10 | loss: 0.1393599
	speed: 0.0642s/iter; left time: 152.0319s
	iters: 4500, epoch: 5 | loss: 0.2081371
	speed: 0.0621s/iter; left time: 1954.9551s
	iters: 2300, epoch: 10 | loss: 0.1255780
	speed: 0.0628s/iter; left time: 142.3879s
	iters: 4600, epoch: 5 | loss: 0.2094406
	speed: 0.0640s/iter; left time: 2007.7191s
	iters: 2400, epoch: 10 | loss: 0.1267946
	speed: 0.0646s/iter; left time: 140.0995s
	iters: 4700, epoch: 5 | loss: 0.2660896
	speed: 0.0607s/iter; left time: 1899.9378s
	iters: 2500, epoch: 10 | loss: 0.1787010
	speed: 0.0626s/iter; left time: 129.4883s
	iters: 4800, epoch: 5 | loss: 0.2417688
	speed: 0.0624s/iter; left time: 1946.2433s
	iters: 2600, epoch: 10 | loss: 0.1988764
	speed: 0.0623s/iter; left time: 122.7021s
	iters: 4900, epoch: 5 | loss: 0.2695234
	speed: 0.0616s/iter; left time: 1914.1999s
	iters: 2700, epoch: 10 | loss: 0.1573977
	speed: 0.0629s/iter; left time: 117.5034s
	iters: 5000, epoch: 5 | loss: 0.2010651
	speed: 0.0637s/iter; left time: 1974.0130s
	iters: 2800, epoch: 10 | loss: 0.1410592
	speed: 0.0636s/iter; left time: 112.4549s
	iters: 5100, epoch: 5 | loss: 0.2404710
	speed: 0.0614s/iter; left time: 1895.2790s
	iters: 2900, epoch: 10 | loss: 0.1643853
	speed: 0.0606s/iter; left time: 101.2100s
	iters: 5200, epoch: 5 | loss: 0.2063234
	speed: 0.0618s/iter; left time: 1902.7061s
	iters: 3000, epoch: 10 | loss: 0.1295127
	speed: 0.0623s/iter; left time: 97.7856s
	iters: 5300, epoch: 5 | loss: 0.2428001
	speed: 0.0622s/iter; left time: 1907.1484s
	iters: 3100, epoch: 10 | loss: 0.1432236
	speed: 0.0633s/iter; left time: 93.0501s
	iters: 5400, epoch: 5 | loss: 0.2401983
	speed: 0.0637s/iter; left time: 1949.6459s
	iters: 3200, epoch: 10 | loss: 0.1663159
	speed: 0.0653s/iter; left time: 89.3408s
	iters: 5500, epoch: 5 | loss: 0.2354571
	speed: 0.0642s/iter; left time: 1955.6889s
	iters: 3300, epoch: 10 | loss: 0.1499854
	speed: 0.0651s/iter; left time: 82.6395s
	iters: 5600, epoch: 5 | loss: 0.2257911
	speed: 0.0628s/iter; left time: 1907.2383s
	iters: 3400, epoch: 10 | loss: 0.2150691
	speed: 0.0643s/iter; left time: 75.1242s
	iters: 5700, epoch: 5 | loss: 0.2081106
	speed: 0.0620s/iter; left time: 1876.2985s
	iters: 3500, epoch: 10 | loss: 0.1882397
	speed: 0.0615s/iter; left time: 65.7224s
	iters: 5800, epoch: 5 | loss: 0.3011598
	speed: 0.0620s/iter; left time: 1870.0392s
	iters: 3600, epoch: 10 | loss: 0.1758876
	speed: 0.0635s/iter; left time: 61.5246s
	iters: 5900, epoch: 5 | loss: 0.2106649
	speed: 0.0636s/iter; left time: 1913.9194s
	iters: 3700, epoch: 10 | loss: 0.1289412
	speed: 0.0652s/iter; left time: 56.6316s
Epoch: 5 cost time: 376.0733804702759
	iters: 3800, epoch: 10 | loss: 0.1555818
	speed: 0.0650s/iter; left time: 50.0194s
	iters: 3900, epoch: 10 | loss: 0.1660002
	speed: 0.0665s/iter; left time: 44.4737s
	iters: 4000, epoch: 10 | loss: 0.1530837
	speed: 0.0671s/iter; left time: 38.1730s
	iters: 4100, epoch: 10 | loss: 0.2887750
	speed: 0.0670s/iter; left time: 31.4026s
	iters: 4200, epoch: 10 | loss: 0.1389968
	speed: 0.0646s/iter; left time: 23.8197s
	iters: 4300, epoch: 10 | loss: 0.1566375
	speed: 0.0668s/iter; left time: 17.9668s
	iters: 4400, epoch: 10 | loss: 0.1210236
	speed: 0.0650s/iter; left time: 10.9909s
	iters: 4500, epoch: 10 | loss: 0.1411247
	speed: 0.0662s/iter; left time: 4.5709s
Epoch: 10 cost time: 291.9078378677368
Epoch: 5, Steps: 5997 | Train Loss: 0.2431700 Vali Loss: 0.4809749 Test Loss: 0.6357366
EarlyStopping counter: 1 out of 3
Updating learning rate to 6.25e-06
	iters: 100, epoch: 6 | loss: 0.2510120
	speed: 0.6943s/iter; left time: 20749.4772s
	iters: 200, epoch: 6 | loss: 0.2772881
	speed: 0.0636s/iter; left time: 1895.1749s
	iters: 300, epoch: 6 | loss: 0.2183199
	speed: 0.0655s/iter; left time: 1944.2266s
	iters: 400, epoch: 6 | loss: 0.1715779
	speed: 0.0650s/iter; left time: 1923.8953s
	iters: 500, epoch: 6 | loss: 0.2459963
	speed: 0.0686s/iter; left time: 2023.6471s
	iters: 600, epoch: 6 | loss: 0.2455744
	speed: 0.0637s/iter; left time: 1873.2032s
Epoch: 10, Steps: 4568 | Train Loss: 0.1558944 Vali Loss: 0.1523690 Test Loss: 0.1790491
EarlyStopping counter: 3 out of 3
Early stopping
>>>>>>>testing : long_term_forecast_FPEMH48H192_Electricity_96_48_TimesNet_custom_ftM_sl96_ll48_pl48_dm16_nh8_el2_dl1_df32_expand2_dc4_fc3_ebtimeF_dtTrue_FPEMH48H192_TimesNet_Electricity_48_0<<<<<<<<<<<<<<<<<<<<<<<<<<<<<<<<<
	iters: 700, epoch: 6 | loss: 0.2734520
	speed: 0.0671s/iter; left time: 1966.1338s
test 5213
	iters: 800, epoch: 6 | loss: 0.2367065
	speed: 0.0641s/iter; left time: 1872.2098s
	iters: 900, epoch: 6 | loss: 0.2167045
	speed: 0.0672s/iter; left time: 1955.6688s
	iters: 1000, epoch: 6 | loss: 0.2473430
	speed: 0.0635s/iter; left time: 1841.5517s
	iters: 1100, epoch: 6 | loss: 0.2152275
	speed: 0.0665s/iter; left time: 1921.1426s
	iters: 1200, epoch: 6 | loss: 0.2075785
	speed: 0.0657s/iter; left time: 1890.8449s
	iters: 1300, epoch: 6 | loss: 0.1953726
	speed: 0.0677s/iter; left time: 1942.4952s
	iters: 1400, epoch: 6 | loss: 0.2368040
	speed: 0.0631s/iter; left time: 1802.7361s
test shape: (5213, 48, 321) (5213, 48, 321)
test shape: (5213, 48, 321) (5213, 48, 321)
mse:0.17939026653766632, mae:0.2863580286502838, dtw:Not calculated
dataset=ETTh2 pred_len=48 backbone=iTransformer GPU=3 output=results/fpem_classic_baselines_h48_h192/iTransformer/ETTh2/pred_48
exact command: env CUDA_VISIBLE_DEVICES=3 /data/OuXiaoyu/miniconda3/envs/basicts/bin/python -u run.py --task_name long_term_forecast --is_training 1 --root_path ./dataset/all_datasets/ETT-small --data_path ETTh2.csv --model_id FPEMH48H192_ETTh2_96_48 --model iTransformer --data ETTh2 --features M --target OT --freq h --seq_len 96 --label_len 48 --pred_len 48 --e_layers 3 --d_layers 1 --factor 3 --enc_in 7 --dec_in 7 --c_out 7 --d_model 512 --d_ff 512 --n_heads 8 --batch_size 32 --learning_rate 5e-4 --train_epochs 10 --patience 3 --num_workers 0 --des FPEMH48H192_iTransformer_ETTh2_48 --itr 1 --checkpoints results/fpem_classic_baselines_h48_h192/iTransformer/ETTh2/pred_48/checkpoints 
	iters: 1500, epoch: 6 | loss: 0.2506198
	speed: 0.0641s/iter; left time: 1826.1195s
Using GPU
Args in experiment:
[1mBasic Config[0m
  Task Name:          long_term_forecast  Is Training:        1                   
  Model ID:           FPEMH48H192_ETTh2_96_48Model:              iTransformer        

[1mData Loader[0m
  Data:               ETTh2               Root Path:          ./dataset/all_datasets/ETT-small
  Data Path:          ETTh2.csv           Features:           M                   
  Target:             OT                  Freq:               h                   
  Checkpoints:        results/fpem_classic_baselines_h48_h192/iTransformer/ETTh2/pred_48/checkpoints

[1mForecasting Task[0m
  Seq Len:            96                  Label Len:          48                  
  Pred Len:           48                  Seasonal Patterns:  Monthly             
  Inverse:            0                   

[1mModel Parameters[0m
  Top k:              5                   Num Kernels:        6                   
  Enc In:             7                   Dec In:             7                   
  C Out:              7                   d model:            512                 
  n heads:            8                   e layers:           3                   
  d layers:           1                   d FF:               512                 
  Moving Avg:         25                  Factor:             3                   
  Distil:             1                   Dropout:            0.1                 
  Embed:              timeF               Activation:         gelu                

[1mRun Parameters[0m
  Num Workers:        0                   Itr:                1                   
  Train Epochs:       10                  Batch Size:         32                  
  Patience:           3                   Learning Rate:      0.0005              
  Des:                FPEMH48H192_iTransformer_ETTh2_48Loss:               MSE                 
  Lradj:              type1               Use Amp:            0                   

[1mGPU[0m
  Use GPU:            1                   GPU:                0                   
  Use Multi GPU:      0                   Devices:            0,1,2,3             

[1mDe-stationary Projector Params[0m
  P Hidden Dims:      128, 128            P Hidden Layers:    2                   

Use GPU: cuda:0
🚀 Lazy Loading: iTransformer ...
>>>>>>>start training : long_term_forecast_FPEMH48H192_ETTh2_96_48_iTransformer_ETTh2_ftM_sl96_ll48_pl48_dm512_nh8_el3_dl1_df512_expand2_dc4_fc3_ebtimeF_dtTrue_FPEMH48H192_iTransformer_ETTh2_48_0>>>>>>>>>>>>>>>>>>>>>>>>>>
train 8497
val 2833
test 2833
	iters: 1600, epoch: 6 | loss: 0.2158715
	speed: 0.0655s/iter; left time: 1860.0343s
	iters: 100, epoch: 1 | loss: 0.2730530
	speed: 0.0243s/iter; left time: 62.2924s
	iters: 200, epoch: 1 | loss: 0.4502744
	speed: 0.0190s/iter; left time: 46.6480s
Epoch: 1 cost time: 5.662823438644409
Epoch: 1, Steps: 266 | Train Loss: 0.3240018 Vali Loss: 0.1792548 Test Loss: 0.2613604
Validation loss decreased (inf --> 0.179255).  Saving model ...
Updating learning rate to 0.0005
	iters: 1700, epoch: 6 | loss: 0.2252600
	speed: 0.0658s/iter; left time: 1862.3000s
	iters: 100, epoch: 2 | loss: 0.2553653
	speed: 0.0425s/iter; left time: 97.4273s
	iters: 200, epoch: 2 | loss: 0.1981809
	speed: 0.0200s/iter; left time: 43.8788s
Epoch: 2 cost time: 5.2359700202941895
Epoch: 2, Steps: 266 | Train Loss: 0.2900847 Vali Loss: 0.2030377 Test Loss: 0.2726713
EarlyStopping counter: 1 out of 3
Updating learning rate to 0.00025
	iters: 100, epoch: 3 | loss: 0.2712566
	speed: 0.0424s/iter; left time: 85.9649s
	iters: 1800, epoch: 6 | loss: 0.2466314
	speed: 0.0674s/iter; left time: 1898.8616s
	iters: 200, epoch: 3 | loss: 0.2627056
	speed: 0.0205s/iter; left time: 39.5244s
Epoch: 3 cost time: 5.217752695083618
Epoch: 3, Steps: 266 | Train Loss: 0.2489485 Vali Loss: 0.1765767 Test Loss: 0.2453512
Validation loss decreased (0.179255 --> 0.176577).  Saving model ...
Updating learning rate to 0.000125
	iters: 100, epoch: 4 | loss: 0.2312784
	speed: 0.0414s/iter; left time: 73.0079s
	iters: 1900, epoch: 6 | loss: 0.2413538
	speed: 0.0662s/iter; left time: 1860.6260s
	iters: 200, epoch: 4 | loss: 0.1968894
	speed: 0.0191s/iter; left time: 31.7928s
Epoch: 4 cost time: 5.0605854988098145
Epoch: 4, Steps: 266 | Train Loss: 0.2094274 Vali Loss: 0.1796633 Test Loss: 0.2525203
EarlyStopping counter: 1 out of 3
Updating learning rate to 6.25e-05
	iters: 100, epoch: 5 | loss: 0.2856619
	speed: 0.0428s/iter; left time: 64.0426s
	iters: 2000, epoch: 6 | loss: 0.2759729
	speed: 0.0665s/iter; left time: 1861.9901s
	iters: 200, epoch: 5 | loss: 0.1756241
	speed: 0.0203s/iter; left time: 28.2930s
Epoch: 5 cost time: 5.30412745475769
Epoch: 5, Steps: 266 | Train Loss: 0.1924659 Vali Loss: 0.1825788 Test Loss: 0.2564144
EarlyStopping counter: 2 out of 3
Updating learning rate to 3.125e-05
	iters: 100, epoch: 6 | loss: 0.1564538
	speed: 0.0413s/iter; left time: 50.8075s
	iters: 2100, epoch: 6 | loss: 0.1924224
	speed: 0.0648s/iter; left time: 1806.8141s
	iters: 200, epoch: 6 | loss: 0.1550873
	speed: 0.0195s/iter; left time: 22.0564s
Epoch: 6 cost time: 5.133548974990845
Epoch: 6, Steps: 266 | Train Loss: 0.1839946 Vali Loss: 0.1842617 Test Loss: 0.2538459
EarlyStopping counter: 3 out of 3
Early stopping
>>>>>>>testing : long_term_forecast_FPEMH48H192_ETTh2_96_48_iTransformer_ETTh2_ftM_sl96_ll48_pl48_dm512_nh8_el3_dl1_df512_expand2_dc4_fc3_ebtimeF_dtTrue_FPEMH48H192_iTransformer_ETTh2_48_0<<<<<<<<<<<<<<<<<<<<<<<<<<<<<<<<<
test 2833
test shape: (2833, 48, 7) (2833, 48, 7)
test shape: (2833, 48, 7) (2833, 48, 7)
mse:0.24614158272743225, mae:0.3131672739982605, dtw:Not calculated
dataset=ETTm1 pred_len=192 backbone=iTransformer GPU=3 output=results/fpem_classic_baselines_h48_h192/iTransformer/ETTm1/pred_192
exact command: env CUDA_VISIBLE_DEVICES=3 /data/OuXiaoyu/miniconda3/envs/basicts/bin/python -u run.py --task_name long_term_forecast --is_training 1 --root_path ./dataset/all_datasets/ETT-small --data_path ETTm1.csv --model_id FPEMH48H192_ETTm1_96_192 --model iTransformer --data ETTm1 --features M --target OT --freq 15min --seq_len 96 --label_len 48 --pred_len 192 --e_layers 3 --d_layers 1 --factor 3 --enc_in 7 --dec_in 7 --c_out 7 --d_model 512 --d_ff 512 --n_heads 8 --batch_size 32 --learning_rate 5e-4 --train_epochs 10 --patience 3 --num_workers 0 --des FPEMH48H192_iTransformer_ETTm1_192 --itr 1 --checkpoints results/fpem_classic_baselines_h48_h192/iTransformer/ETTm1/pred_192/checkpoints 
	iters: 2200, epoch: 6 | loss: 0.1829239
	speed: 0.0684s/iter; left time: 1899.8585s
Using GPU
Args in experiment:
[1mBasic Config[0m
  Task Name:          long_term_forecast  Is Training:        1                   
  Model ID:           FPEMH48H192_ETTm1_96_192Model:              iTransformer        

[1mData Loader[0m
  Data:               ETTm1               Root Path:          ./dataset/all_datasets/ETT-small
  Data Path:          ETTm1.csv           Features:           M                   
  Target:             OT                  Freq:               15min               
  Checkpoints:        results/fpem_classic_baselines_h48_h192/iTransformer/ETTm1/pred_192/checkpoints

[1mForecasting Task[0m
  Seq Len:            96                  Label Len:          48                  
  Pred Len:           192                 Seasonal Patterns:  Monthly             
  Inverse:            0                   

[1mModel Parameters[0m
  Top k:              5                   Num Kernels:        6                   
  Enc In:             7                   Dec In:             7                   
  C Out:              7                   d model:            512                 
  n heads:            8                   e layers:           3                   
  d layers:           1                   d FF:               512                 
  Moving Avg:         25                  Factor:             3                   
  Distil:             1                   Dropout:            0.1                 
  Embed:              timeF               Activation:         gelu                

[1mRun Parameters[0m
  Num Workers:        0                   Itr:                1                   
  Train Epochs:       10                  Batch Size:         32                  
  Patience:           3                   Learning Rate:      0.0005              
  Des:                FPEMH48H192_iTransformer_ETTm1_192Loss:               MSE                 
  Lradj:              type1               Use Amp:            0                   

[1mGPU[0m
  Use GPU:            1                   GPU:                0                   
  Use Multi GPU:      0                   Devices:            0,1,2,3             

[1mDe-stationary Projector Params[0m
  P Hidden Dims:      128, 128            P Hidden Layers:    2                   

Use GPU: cuda:0
🚀 Lazy Loading: iTransformer ...
>>>>>>>start training : long_term_forecast_FPEMH48H192_ETTm1_96_192_iTransformer_ETTm1_ftM_sl96_ll48_pl192_dm512_nh8_el3_dl1_df512_expand2_dc4_fc3_ebtimeF_dtTrue_FPEMH48H192_iTransformer_ETTm1_192_0>>>>>>>>>>>>>>>>>>>>>>>>>>
train 34273
val 11329
test 11329
	iters: 2300, epoch: 6 | loss: 0.2059905
	speed: 0.0666s/iter; left time: 1842.6306s
	iters: 100, epoch: 1 | loss: 0.3412078
	speed: 0.0279s/iter; left time: 296.1462s
	iters: 200, epoch: 1 | loss: 0.3164155
	speed: 0.0213s/iter; left time: 224.2296s
	iters: 300, epoch: 1 | loss: 0.3193701
	speed: 0.0195s/iter; left time: 203.2517s
	iters: 400, epoch: 1 | loss: 0.4177153
	speed: 0.0195s/iter; left time: 200.8481s
	iters: 2400, epoch: 6 | loss: 0.2372613
	speed: 0.0683s/iter; left time: 1884.5271s
	iters: 500, epoch: 1 | loss: 0.2836179
	speed: 0.0196s/iter; left time: 200.0164s
	iters: 600, epoch: 1 | loss: 0.3880357
	speed: 0.0183s/iter; left time: 185.0877s
	iters: 700, epoch: 1 | loss: 0.2989383
	speed: 0.0203s/iter; left time: 203.0870s
	iters: 2500, epoch: 6 | loss: 0.2598032
	speed: 0.0661s/iter; left time: 1815.7592s
	iters: 800, epoch: 1 | loss: 0.2658282
	speed: 0.0193s/iter; left time: 191.4995s
	iters: 900, epoch: 1 | loss: 0.3129200
	speed: 0.0190s/iter; left time: 186.8515s
	iters: 1000, epoch: 1 | loss: 0.2778609
	speed: 0.0218s/iter; left time: 212.2710s
Epoch: 1 cost time: 22.307907581329346
	iters: 2600, epoch: 6 | loss: 0.2426051
	speed: 0.0670s/iter; left time: 1835.3998s
Epoch: 1, Steps: 1072 | Train Loss: 0.3381888 Vali Loss: 0.5269249 Test Loss: 0.3853916
Validation loss decreased (inf --> 0.526925).  Saving model ...
Updating learning rate to 0.0005
	iters: 2700, epoch: 6 | loss: 0.2348878
	speed: 0.0683s/iter; left time: 1864.3732s
	iters: 100, epoch: 2 | loss: 0.3437121
	speed: 0.0881s/iter; left time: 841.6476s
	iters: 200, epoch: 2 | loss: 0.3714427
	speed: 0.0208s/iter; left time: 196.8235s
	iters: 300, epoch: 2 | loss: 0.3268404
	speed: 0.0195s/iter; left time: 182.2602s
	iters: 400, epoch: 2 | loss: 0.3032205
	speed: 0.0195s/iter; left time: 179.9609s
	iters: 2800, epoch: 6 | loss: 0.2687734
	speed: 0.0645s/iter; left time: 1754.2938s
	iters: 500, epoch: 2 | loss: 0.3095265
	speed: 0.0194s/iter; left time: 177.0841s
	iters: 600, epoch: 2 | loss: 0.3330758
	speed: 0.0200s/iter; left time: 181.0760s
	iters: 700, epoch: 2 | loss: 0.3236267
	speed: 0.0197s/iter; left time: 176.4997s
	iters: 2900, epoch: 6 | loss: 0.2319869
	speed: 0.0651s/iter; left time: 1763.8842s
	iters: 800, epoch: 2 | loss: 0.2973526
	speed: 0.0202s/iter; left time: 179.0444s
	iters: 900, epoch: 2 | loss: 0.3200470
	speed: 0.0189s/iter; left time: 165.2609s
	iters: 1000, epoch: 2 | loss: 0.2566054
	speed: 0.0189s/iter; left time: 163.1610s
Epoch: 2 cost time: 21.236257553100586
	iters: 3000, epoch: 6 | loss: 0.2464169
	speed: 0.0661s/iter; left time: 1784.3351s
Epoch: 2, Steps: 1072 | Train Loss: 0.3092675 Vali Loss: 0.5290864 Test Loss: 0.3932118
EarlyStopping counter: 1 out of 3
Updating learning rate to 0.00025
	iters: 100, epoch: 3 | loss: 0.3000896
	speed: 0.0812s/iter; left time: 688.2327s
	iters: 3100, epoch: 6 | loss: 0.2352883
	speed: 0.0664s/iter; left time: 1785.2470s
	iters: 200, epoch: 3 | loss: 0.3257320
	speed: 0.0196s/iter; left time: 163.9381s
	iters: 300, epoch: 3 | loss: 0.2609485
	speed: 0.0190s/iter; left time: 157.5880s
	iters: 400, epoch: 3 | loss: 0.2863997
	speed: 0.0189s/iter; left time: 154.4824s
	iters: 3200, epoch: 6 | loss: 0.1967721
	speed: 0.0686s/iter; left time: 1836.5389s
	iters: 500, epoch: 3 | loss: 0.2866500
	speed: 0.0192s/iter; left time: 154.9541s
	iters: 600, epoch: 3 | loss: 0.2884641
	speed: 0.0192s/iter; left time: 152.8262s
	iters: 700, epoch: 3 | loss: 0.2609115
	speed: 0.0218s/iter; left time: 171.3639s
	iters: 3300, epoch: 6 | loss: 0.2685900
	speed: 0.0663s/iter; left time: 1768.4366s
	iters: 800, epoch: 3 | loss: 0.2846377
	speed: 0.0205s/iter; left time: 159.6857s
	iters: 900, epoch: 3 | loss: 0.2707482
	speed: 0.0189s/iter; left time: 145.4283s
	iters: 1000, epoch: 3 | loss: 0.2217743
	speed: 0.0186s/iter; left time: 140.9469s
Epoch: 3 cost time: 20.926087141036987
	iters: 3400, epoch: 6 | loss: 0.2503935
	speed: 0.0677s/iter; left time: 1801.1043s
Epoch: 3, Steps: 1072 | Train Loss: 0.2735965 Vali Loss: 0.5115377 Test Loss: 0.4047060
Validation loss decreased (0.526925 --> 0.511538).  Saving model ...
Updating learning rate to 0.000125
	iters: 100, epoch: 4 | loss: 0.2313282
	speed: 0.0774s/iter; left time: 573.2174s
	iters: 3500, epoch: 6 | loss: 0.2932032
	speed: 0.0686s/iter; left time: 1817.1411s
	iters: 200, epoch: 4 | loss: 0.2884788
	speed: 0.0207s/iter; left time: 151.1534s
	iters: 300, epoch: 4 | loss: 0.2224078
	speed: 0.0201s/iter; left time: 144.9026s
	iters: 400, epoch: 4 | loss: 0.2185903
	speed: 0.0199s/iter; left time: 141.1190s
	iters: 500, epoch: 4 | loss: 0.2355958
	speed: 0.0214s/iter; left time: 150.1732s
	iters: 3600, epoch: 6 | loss: 0.2803237
	speed: 0.0651s/iter; left time: 1718.4898s
	iters: 600, epoch: 4 | loss: 0.3355885
	speed: 0.0213s/iter; left time: 146.8912s
	iters: 700, epoch: 4 | loss: 0.2276810
	speed: 0.0201s/iter; left time: 136.8712s
	iters: 800, epoch: 4 | loss: 0.2450966
	speed: 0.0215s/iter; left time: 144.2326s
	iters: 3700, epoch: 6 | loss: 0.2248237
	speed: 0.0716s/iter; left time: 1881.5029s
	iters: 900, epoch: 4 | loss: 0.2413240
	speed: 0.0200s/iter; left time: 132.1144s
	iters: 1000, epoch: 4 | loss: 0.2010996
	speed: 0.0188s/iter; left time: 122.4535s
Epoch: 4 cost time: 21.219808101654053
	iters: 3800, epoch: 6 | loss: 0.2319227
	speed: 0.0683s/iter; left time: 1787.5192s
Epoch: 4, Steps: 1072 | Train Loss: 0.2388710 Vali Loss: 0.5187870 Test Loss: 0.4097544
EarlyStopping counter: 1 out of 3
Updating learning rate to 6.25e-05
	iters: 100, epoch: 5 | loss: 0.2160801
	speed: 0.0808s/iter; left time: 511.4113s
	iters: 200, epoch: 5 | loss: 0.2226199
	speed: 0.0185s/iter; left time: 115.3127s
	iters: 3900, epoch: 6 | loss: 0.2211139
	speed: 0.0659s/iter; left time: 1720.1074s
	iters: 300, epoch: 5 | loss: 0.2545267
	speed: 0.0202s/iter; left time: 123.9118s
	iters: 400, epoch: 5 | loss: 0.2819923
	speed: 0.0202s/iter; left time: 121.8811s
	iters: 500, epoch: 5 | loss: 0.1876253
	speed: 0.0204s/iter; left time: 121.2117s
	iters: 4000, epoch: 6 | loss: 0.2107643
	speed: 0.0649s/iter; left time: 1685.8779s
	iters: 600, epoch: 5 | loss: 0.2351282
	speed: 0.0223s/iter; left time: 130.2192s
	iters: 700, epoch: 5 | loss: 0.2071158
	speed: 0.0191s/iter; left time: 109.4682s
	iters: 800, epoch: 5 | loss: 0.2117687
	speed: 0.0189s/iter; left time: 106.4826s
	iters: 4100, epoch: 6 | loss: 0.2479970
	speed: 0.0668s/iter; left time: 1728.0103s
	iters: 900, epoch: 5 | loss: 0.1970934
	speed: 0.0198s/iter; left time: 109.5826s
	iters: 1000, epoch: 5 | loss: 0.2236153
	speed: 0.0199s/iter; left time: 108.1686s
Epoch: 5 cost time: 21.166635274887085
	iters: 4200, epoch: 6 | loss: 0.2766588
	speed: 0.0687s/iter; left time: 1771.5740s
Epoch: 5, Steps: 1072 | Train Loss: 0.2168527 Vali Loss: 0.5202057 Test Loss: 0.4125810
EarlyStopping counter: 2 out of 3
Updating learning rate to 3.125e-05
	iters: 100, epoch: 6 | loss: 0.2254808
	speed: 0.0813s/iter; left time: 427.9209s
	iters: 200, epoch: 6 | loss: 0.2525628
	speed: 0.0202s/iter; left time: 104.0191s
	iters: 4300, epoch: 6 | loss: 0.2430104
	speed: 0.0637s/iter; left time: 1635.3264s
	iters: 300, epoch: 6 | loss: 0.1922954
	speed: 0.0190s/iter; left time: 96.2612s
	iters: 400, epoch: 6 | loss: 0.2456796
	speed: 0.0191s/iter; left time: 94.8443s
	iters: 500, epoch: 6 | loss: 0.2036935
	speed: 0.0204s/iter; left time: 99.1996s
	iters: 600, epoch: 6 | loss: 0.1842611
	speed: 0.0200s/iter; left time: 95.0772s
	iters: 4400, epoch: 6 | loss: 0.2139783
	speed: 0.0695s/iter; left time: 1778.9352s
	iters: 700, epoch: 6 | loss: 0.2275855
	speed: 0.0214s/iter; left time: 99.6790s
	iters: 800, epoch: 6 | loss: 0.1993670
	speed: 0.0199s/iter; left time: 90.8589s
	iters: 900, epoch: 6 | loss: 0.1925061
	speed: 0.0191s/iter; left time: 85.1046s
	iters: 4500, epoch: 6 | loss: 0.2013952
	speed: 0.0674s/iter; left time: 1718.2586s
	iters: 1000, epoch: 6 | loss: 0.1834224
	speed: 0.0194s/iter; left time: 84.8057s
Epoch: 6 cost time: 21.16720199584961
	iters: 4600, epoch: 6 | loss: 0.2297454
	speed: 0.0713s/iter; left time: 1808.9821s
Epoch: 6, Steps: 1072 | Train Loss: 0.2060894 Vali Loss: 0.5191057 Test Loss: 0.4173484
EarlyStopping counter: 3 out of 3
Early stopping
>>>>>>>testing : long_term_forecast_FPEMH48H192_ETTm1_96_192_iTransformer_ETTm1_ftM_sl96_ll48_pl192_dm512_nh8_el3_dl1_df512_expand2_dc4_fc3_ebtimeF_dtTrue_FPEMH48H192_iTransformer_ETTm1_192_0<<<<<<<<<<<<<<<<<<<<<<<<<<<<<<<<<
test 11329
test shape: (11329, 192, 7) (11329, 192, 7)
test shape: (11329, 192, 7) (11329, 192, 7)
	iters: 4700, epoch: 6 | loss: 0.2556649
	speed: 0.0647s/iter; left time: 1635.6432s
mse:0.40532276034355164, mae:0.40398478507995605, dtw:Not calculated
dataset=ExchangeRate pred_len=48 backbone=iTransformer GPU=3 output=results/fpem_classic_baselines_h48_h192/iTransformer/ExchangeRate/pred_48
exact command: env CUDA_VISIBLE_DEVICES=3 /data/OuXiaoyu/miniconda3/envs/basicts/bin/python -u run.py --task_name long_term_forecast --is_training 1 --root_path ./dataset/all_datasets/exchange_rate --data_path exchange_rate.csv --model_id FPEMH48H192_ExchangeRate_96_48 --model iTransformer --data custom --features M --target OT --freq d --seq_len 96 --label_len 48 --pred_len 48 --e_layers 3 --d_layers 1 --factor 3 --enc_in 8 --dec_in 8 --c_out 8 --d_model 512 --d_ff 512 --n_heads 8 --batch_size 32 --learning_rate 5e-4 --train_epochs 10 --patience 3 --num_workers 0 --des FPEMH48H192_iTransformer_ExchangeRate_48 --itr 1 --checkpoints results/fpem_classic_baselines_h48_h192/iTransformer/ExchangeRate/pred_48/checkpoints 
Using GPU
Args in experiment:
[1mBasic Config[0m
  Task Name:          long_term_forecast  Is Training:        1                   
  Model ID:           FPEMH48H192_ExchangeRate_96_48Model:              iTransformer        

[1mData Loader[0m
  Data:               custom              Root Path:          ./dataset/all_datasets/exchange_rate
  Data Path:          exchange_rate.csv   Features:           M                   
  Target:             OT                  Freq:               d                   
  Checkpoints:        results/fpem_classic_baselines_h48_h192/iTransformer/ExchangeRate/pred_48/checkpoints

[1mForecasting Task[0m
  Seq Len:            96                  Label Len:          48                  
  Pred Len:           48                  Seasonal Patterns:  Monthly             
  Inverse:            0                   

[1mModel Parameters[0m
  Top k:              5                   Num Kernels:        6                   
  Enc In:             8                   Dec In:             8                   
  C Out:              8                   d model:            512                 
  n heads:            8                   e layers:           3                   
  d layers:           1                   d FF:               512                 
  Moving Avg:         25                  Factor:             3                   
  Distil:             1                   Dropout:            0.1                 
  Embed:              timeF               Activation:         gelu                

[1mRun Parameters[0m
  Num Workers:        0                   Itr:                1                   
  Train Epochs:       10                  Batch Size:         32                  
  Patience:           3                   Learning Rate:      0.0005              
  Des:                FPEMH48H192_iTransformer_ExchangeRate_48Loss:               MSE                 
  Lradj:              type1               Use Amp:            0                   

[1mGPU[0m
  Use GPU:            1                   GPU:                0                   
  Use Multi GPU:      0                   Devices:            0,1,2,3             

[1mDe-stationary Projector Params[0m
  P Hidden Dims:      128, 128            P Hidden Layers:    2                   

Use GPU: cuda:0
🚀 Lazy Loading: iTransformer ...
>>>>>>>start training : long_term_forecast_FPEMH48H192_ExchangeRate_96_48_iTransformer_custom_ftM_sl96_ll48_pl48_dm512_nh8_el3_dl1_df512_expand2_dc4_fc3_ebtimeF_dtTrue_FPEMH48H192_iTransformer_ExchangeRate_48_0>>>>>>>>>>>>>>>>>>>>>>>>>>
train 5168
val 713
test 1470
	iters: 4800, epoch: 6 | loss: 0.2206793
	speed: 0.0708s/iter; left time: 1782.8644s
	iters: 100, epoch: 1 | loss: 0.0766583
	speed: 0.0259s/iter; left time: 39.3787s
Epoch: 1 cost time: 4.0150957107543945
Epoch: 1, Steps: 162 | Train Loss: 0.0634521 Vali Loss: 0.0703349 Test Loss: 0.0516229
Validation loss decreased (inf --> 0.070335).  Saving model ...
Updating learning rate to 0.0005
	iters: 100, epoch: 2 | loss: 0.0621556
	speed: 0.0384s/iter; left time: 52.2150s
	iters: 4900, epoch: 6 | loss: 0.2096736
	speed: 0.0637s/iter; left time: 1598.6596s
Epoch: 2 cost time: 3.3249330520629883
Epoch: 2, Steps: 162 | Train Loss: 0.0529679 Vali Loss: 0.0856035 Test Loss: 0.0516730
EarlyStopping counter: 1 out of 3
Updating learning rate to 0.00025
	iters: 100, epoch: 3 | loss: 0.0291639
	speed: 0.0406s/iter; left time: 48.5449s
Epoch: 3 cost time: 3.3903846740722656
Epoch: 3, Steps: 162 | Train Loss: 0.0425597 Vali Loss: 0.0868796 Test Loss: 0.0564230
EarlyStopping counter: 2 out of 3
Updating learning rate to 0.000125
	iters: 5000, epoch: 6 | loss: 0.2478488
	speed: 0.0593s/iter; left time: 1482.8086s
	iters: 100, epoch: 4 | loss: 0.0266083
	speed: 0.0380s/iter; left time: 39.3716s
Epoch: 4 cost time: 3.401416778564453
Epoch: 4, Steps: 162 | Train Loss: 0.0358095 Vali Loss: 0.0927475 Test Loss: 0.0557341
EarlyStopping counter: 3 out of 3
Early stopping
>>>>>>>testing : long_term_forecast_FPEMH48H192_ExchangeRate_96_48_iTransformer_custom_ftM_sl96_ll48_pl48_dm512_nh8_el3_dl1_df512_expand2_dc4_fc3_ebtimeF_dtTrue_FPEMH48H192_iTransformer_ExchangeRate_48_0<<<<<<<<<<<<<<<<<<<<<<<<<<<<<<<<<
test 1470
test shape: (1470, 48, 8) (1470, 48, 8)
test shape: (1470, 48, 8) (1470, 48, 8)
mse:0.05158571898937225, mae:0.15876419842243195, dtw:Not calculated
dataset=Weather pred_len=192 backbone=iTransformer GPU=3 output=results/fpem_classic_baselines_h48_h192/iTransformer/Weather/pred_192
exact command: env CUDA_VISIBLE_DEVICES=3 /data/OuXiaoyu/miniconda3/envs/basicts/bin/python -u run.py --task_name long_term_forecast --is_training 1 --root_path ./dataset/all_datasets/weather --data_path weather.csv --model_id FPEMH48H192_Weather_96_192 --model iTransformer --data custom --features M --target OT --freq 10min --seq_len 96 --label_len 48 --pred_len 192 --e_layers 3 --d_layers 1 --factor 3 --enc_in 21 --dec_in 21 --c_out 21 --d_model 512 --d_ff 512 --n_heads 8 --batch_size 16 --learning_rate 5e-4 --train_epochs 10 --patience 3 --num_workers 0 --des FPEMH48H192_iTransformer_Weather_192 --itr 1 --checkpoints results/fpem_classic_baselines_h48_h192/iTransformer/Weather/pred_192/checkpoints 
	iters: 5100, epoch: 6 | loss: 0.2581981
	speed: 0.0700s/iter; left time: 1741.2469s
Using GPU
Args in experiment:
[1mBasic Config[0m
  Task Name:          long_term_forecast  Is Training:        1                   
  Model ID:           FPEMH48H192_Weather_96_192Model:              iTransformer        

[1mData Loader[0m
  Data:               custom              Root Path:          ./dataset/all_datasets/weather
  Data Path:          weather.csv         Features:           M                   
  Target:             OT                  Freq:               10min               
  Checkpoints:        results/fpem_classic_baselines_h48_h192/iTransformer/Weather/pred_192/checkpoints

[1mForecasting Task[0m
  Seq Len:            96                  Label Len:          48                  
  Pred Len:           192                 Seasonal Patterns:  Monthly             
  Inverse:            0                   

[1mModel Parameters[0m
  Top k:              5                   Num Kernels:        6                   
  Enc In:             21                  Dec In:             21                  
  C Out:              21                  d model:            512                 
  n heads:            8                   e layers:           3                   
  d layers:           1                   d FF:               512                 
  Moving Avg:         25                  Factor:             3                   
  Distil:             1                   Dropout:            0.1                 
  Embed:              timeF               Activation:         gelu                

[1mRun Parameters[0m
  Num Workers:        0                   Itr:                1                   
  Train Epochs:       10                  Batch Size:         16                  
  Patience:           3                   Learning Rate:      0.0005              
  Des:                FPEMH48H192_iTransformer_Weather_192Loss:               MSE                 
  Lradj:              type1               Use Amp:            0                   

[1mGPU[0m
  Use GPU:            1                   GPU:                0                   
  Use Multi GPU:      0                   Devices:            0,1,2,3             

[1mDe-stationary Projector Params[0m
  P Hidden Dims:      128, 128            P Hidden Layers:    2                   

Use GPU: cuda:0
🚀 Lazy Loading: iTransformer ...
>>>>>>>start training : long_term_forecast_FPEMH48H192_Weather_96_192_iTransformer_custom_ftM_sl96_ll48_pl192_dm512_nh8_el3_dl1_df512_expand2_dc4_fc3_ebtimeF_dtTrue_FPEMH48H192_iTransformer_Weather_192_0>>>>>>>>>>>>>>>>>>>>>>>>>>
train 36600
val 5079
test 10348
	iters: 100, epoch: 1 | loss: 0.6135920
	speed: 0.0263s/iter; left time: 599.5727s
	iters: 5200, epoch: 6 | loss: 0.2891348
	speed: 0.0686s/iter; left time: 1700.9723s
	iters: 200, epoch: 1 | loss: 0.6276680
	speed: 0.0200s/iter; left time: 453.3411s
	iters: 300, epoch: 1 | loss: 0.3405248
	speed: 0.0210s/iter; left time: 473.2664s
	iters: 400, epoch: 1 | loss: 0.5751969
	speed: 0.0217s/iter; left time: 487.9779s
	iters: 5300, epoch: 6 | loss: 0.2329821
	speed: 0.0646s/iter; left time: 1593.7737s
	iters: 500, epoch: 1 | loss: 0.4713027
	speed: 0.0213s/iter; left time: 476.2196s
	iters: 600, epoch: 1 | loss: 0.5596544
	speed: 0.0190s/iter; left time: 423.2629s
	iters: 700, epoch: 1 | loss: 0.5174314
	speed: 0.0190s/iter; left time: 421.5130s
	iters: 5400, epoch: 6 | loss: 0.2304100
	speed: 0.0616s/iter; left time: 1514.0300s
	iters: 800, epoch: 1 | loss: 0.6424264
	speed: 0.0190s/iter; left time: 419.7598s
	iters: 900, epoch: 1 | loss: 0.6524064
	speed: 0.0189s/iter; left time: 415.3197s
	iters: 1000, epoch: 1 | loss: 1.6965954
	speed: 0.0210s/iter; left time: 459.9047s
	iters: 5500, epoch: 6 | loss: 0.2116873
	speed: 0.0646s/iter; left time: 1580.8058s
	iters: 1100, epoch: 1 | loss: 0.6435887
	speed: 0.0212s/iter; left time: 462.4393s
	iters: 1200, epoch: 1 | loss: 0.4301418
	speed: 0.0183s/iter; left time: 396.3679s
	iters: 1300, epoch: 1 | loss: 1.4971071
	speed: 0.0182s/iter; left time: 393.8497s
	iters: 1400, epoch: 1 | loss: 0.7840453
	speed: 0.0198s/iter; left time: 424.4680s
	iters: 5600, epoch: 6 | loss: 0.2532020
	speed: 0.0686s/iter; left time: 1672.0523s
	iters: 1500, epoch: 1 | loss: 0.6682767
	speed: 0.0185s/iter; left time: 394.5391s
	iters: 1600, epoch: 1 | loss: 0.5577274
	speed: 0.0186s/iter; left time: 396.6712s
	iters: 1700, epoch: 1 | loss: 1.0447429
	speed: 0.0186s/iter; left time: 393.0571s
	iters: 5700, epoch: 6 | loss: 0.2964840
	speed: 0.0680s/iter; left time: 1651.9318s
	iters: 1800, epoch: 1 | loss: 0.7915961
	speed: 0.0186s/iter; left time: 392.3960s
	iters: 1900, epoch: 1 | loss: 1.1378145
	speed: 0.0206s/iter; left time: 431.9995s
	iters: 2000, epoch: 1 | loss: 0.4943629
	speed: 0.0192s/iter; left time: 400.2310s
	iters: 2100, epoch: 1 | loss: 0.6944608
	speed: 0.0182s/iter; left time: 378.3779s
	iters: 5800, epoch: 6 | loss: 0.2222579
	speed: 0.0678s/iter; left time: 1640.8603s
	iters: 2200, epoch: 1 | loss: 0.6602527
	speed: 0.0194s/iter; left time: 401.2248s
Epoch: 1 cost time: 45.546632051467896
	iters: 5900, epoch: 6 | loss: 0.2838261
	speed: 0.0638s/iter; left time: 1536.7253s
Epoch: 1, Steps: 2288 | Train Loss: 0.7007422 Vali Loss: 0.6851313 Test Loss: 0.2614504
Validation loss decreased (inf --> 0.685131).  Saving model ...
Updating learning rate to 0.0005
	iters: 100, epoch: 2 | loss: 0.7814054
	speed: 0.1095s/iter; left time: 2244.0075s
Epoch: 6 cost time: 397.91390323638916
	iters: 200, epoch: 2 | loss: 0.5716980
	speed: 0.0211s/iter; left time: 430.9898s
	iters: 300, epoch: 2 | loss: 0.6145609
	speed: 0.0209s/iter; left time: 424.1395s
	iters: 400, epoch: 2 | loss: 0.7170604
	speed: 0.0202s/iter; left time: 408.7817s
	iters: 500, epoch: 2 | loss: 0.6429886
	speed: 0.0188s/iter; left time: 377.3302s
	iters: 600, epoch: 2 | loss: 0.6662911
	speed: 0.0205s/iter; left time: 409.6329s
	iters: 700, epoch: 2 | loss: 1.7421428
	speed: 0.0205s/iter; left time: 407.1358s
	iters: 800, epoch: 2 | loss: 0.4622837
	speed: 0.0205s/iter; left time: 406.0817s
	iters: 900, epoch: 2 | loss: 0.6500604
	speed: 0.0208s/iter; left time: 409.7377s
	iters: 1000, epoch: 2 | loss: 0.8865479
	speed: 0.0204s/iter; left time: 400.6579s
	iters: 1100, epoch: 2 | loss: 0.6521259
	speed: 0.0192s/iter; left time: 375.1061s
	iters: 1200, epoch: 2 | loss: 0.5766303
	speed: 0.0210s/iter; left time: 408.1092s
	iters: 1300, epoch: 2 | loss: 0.5146666
	speed: 0.0195s/iter; left time: 375.7708s
	iters: 1400, epoch: 2 | loss: 1.4422712
	speed: 0.0196s/iter; left time: 376.2839s
	iters: 1500, epoch: 2 | loss: 0.7636804
	speed: 0.0217s/iter; left time: 413.6745s
	iters: 1600, epoch: 2 | loss: 0.6771942
	speed: 0.0214s/iter; left time: 406.0507s
	iters: 1700, epoch: 2 | loss: 0.5755855
	speed: 0.0217s/iter; left time: 410.0699s
	iters: 1800, epoch: 2 | loss: 0.5697352
	speed: 0.0212s/iter; left time: 398.5832s
	iters: 1900, epoch: 2 | loss: 0.6090081
	speed: 0.0201s/iter; left time: 375.5556s
	iters: 2000, epoch: 2 | loss: 0.6652533
	speed: 0.0203s/iter; left time: 378.1400s
	iters: 2100, epoch: 2 | loss: 1.0193114
	speed: 0.0227s/iter; left time: 420.4079s
	iters: 2200, epoch: 2 | loss: 0.7121151
	speed: 0.0208s/iter; left time: 382.5140s
Epoch: 2 cost time: 46.98548436164856
Epoch: 2, Steps: 2288 | Train Loss: 0.7312716 Vali Loss: 0.6764925 Test Loss: 0.2622665
Validation loss decreased (0.685131 --> 0.676493).  Saving model ...
Updating learning rate to 0.00025
	iters: 100, epoch: 3 | loss: 1.7350906
	speed: 0.1194s/iter; left time: 2174.2475s
	iters: 200, epoch: 3 | loss: 0.8622643
	speed: 0.0203s/iter; left time: 367.5503s
Epoch: 6, Steps: 5997 | Train Loss: 0.2417090 Vali Loss: 0.4809197 Test Loss: 0.6353961
EarlyStopping counter: 2 out of 3
Updating learning rate to 3.125e-06
	iters: 300, epoch: 3 | loss: 0.6651118
	speed: 0.0221s/iter; left time: 398.2456s
	iters: 400, epoch: 3 | loss: 0.7539378
	speed: 0.0199s/iter; left time: 356.8383s
	iters: 500, epoch: 3 | loss: 0.7239655
	speed: 0.0201s/iter; left time: 357.7919s
	iters: 100, epoch: 7 | loss: 0.2184840
	speed: 0.7037s/iter; left time: 16810.5812s
	iters: 600, epoch: 3 | loss: 0.8786457
	speed: 0.0200s/iter; left time: 353.8734s
	iters: 700, epoch: 3 | loss: 0.6884205
	speed: 0.0186s/iter; left time: 326.6481s
	iters: 800, epoch: 3 | loss: 0.6878536
	speed: 0.0205s/iter; left time: 359.5517s
	iters: 200, epoch: 7 | loss: 0.2672485
	speed: 0.0629s/iter; left time: 1495.5481s
	iters: 900, epoch: 3 | loss: 0.6341193
	speed: 0.0209s/iter; left time: 364.3325s
	iters: 1000, epoch: 3 | loss: 0.8202343
	speed: 0.0193s/iter; left time: 334.1757s
	iters: 1100, epoch: 3 | loss: 0.4827466
	speed: 0.0201s/iter; left time: 345.5929s
	iters: 300, epoch: 7 | loss: 0.2015385
	speed: 0.0667s/iter; left time: 1579.1247s
	iters: 1200, epoch: 3 | loss: 0.6621727
	speed: 0.0218s/iter; left time: 372.4159s
	iters: 1300, epoch: 3 | loss: 0.4593334
	speed: 0.0187s/iter; left time: 317.9717s
	iters: 1400, epoch: 3 | loss: 0.6087775
	speed: 0.0185s/iter; left time: 313.2483s
	iters: 1500, epoch: 3 | loss: 1.4375398
	speed: 0.0195s/iter; left time: 327.9699s
	iters: 400, epoch: 7 | loss: 0.2329426
	speed: 0.0656s/iter; left time: 1548.3558s
	iters: 1600, epoch: 3 | loss: 0.4980170
	speed: 0.0185s/iter; left time: 308.7582s
	iters: 1700, epoch: 3 | loss: 0.6783818
	speed: 0.0189s/iter; left time: 314.3918s
	iters: 1800, epoch: 3 | loss: 0.7114652
	speed: 0.0178s/iter; left time: 293.7200s
	iters: 1900, epoch: 3 | loss: 0.7003559
	speed: 0.0183s/iter; left time: 299.9201s
	iters: 500, epoch: 7 | loss: 0.2578944
	speed: 0.0697s/iter; left time: 1638.1910s
	iters: 2000, epoch: 3 | loss: 0.6509706
	speed: 0.0182s/iter; left time: 297.4548s
	iters: 2100, epoch: 3 | loss: 0.6238364
	speed: 0.0195s/iter; left time: 315.9215s
	iters: 2200, epoch: 3 | loss: 0.5904729
	speed: 0.0219s/iter; left time: 352.3785s
	iters: 600, epoch: 7 | loss: 0.2528559
	speed: 0.0672s/iter; left time: 1572.5964s
Epoch: 3 cost time: 45.4653434753418
	iters: 700, epoch: 7 | loss: 0.2693571
	speed: 0.0717s/iter; left time: 1670.4567s
Epoch: 3, Steps: 2288 | Train Loss: 0.7087031 Vali Loss: 0.6644704 Test Loss: 0.2649897
Validation loss decreased (0.676493 --> 0.664470).  Saving model ...
Updating learning rate to 0.000125
	iters: 100, epoch: 4 | loss: 0.7481349
	speed: 0.1069s/iter; left time: 1701.8738s
	iters: 200, epoch: 4 | loss: 0.5115525
	speed: 0.0184s/iter; left time: 291.2149s
	iters: 300, epoch: 4 | loss: 0.5169922
	speed: 0.0195s/iter; left time: 305.7861s
	iters: 800, epoch: 7 | loss: 0.2557309
	speed: 0.0689s/iter; left time: 1596.8761s
	iters: 400, epoch: 4 | loss: 0.4474490
	speed: 0.0188s/iter; left time: 293.4063s
	iters: 500, epoch: 4 | loss: 0.5159565
	speed: 0.0181s/iter; left time: 280.6416s
	iters: 600, epoch: 4 | loss: 0.4746663
	speed: 0.0187s/iter; left time: 288.9797s
	iters: 900, epoch: 7 | loss: 0.2208886
	speed: 0.0681s/iter; left time: 1572.6529s
	iters: 700, epoch: 4 | loss: 1.0752389
	speed: 0.0214s/iter; left time: 327.7449s
	iters: 800, epoch: 4 | loss: 0.7758926
	speed: 0.0184s/iter; left time: 279.5560s
	iters: 900, epoch: 4 | loss: 0.7164837
	speed: 0.0187s/iter; left time: 283.1661s
	iters: 1000, epoch: 4 | loss: 0.6920587
	speed: 0.0218s/iter; left time: 327.9646s
	iters: 1000, epoch: 7 | loss: 0.2425678
	speed: 0.0712s/iter; left time: 1635.9598s
	iters: 1100, epoch: 4 | loss: 0.5782081
	speed: 0.0182s/iter; left time: 270.7603s
	iters: 1200, epoch: 4 | loss: 0.5385497
	speed: 0.0188s/iter; left time: 278.2817s
	iters: 1300, epoch: 4 | loss: 0.5899179
	speed: 0.0200s/iter; left time: 294.4819s
	iters: 1400, epoch: 4 | loss: 0.6822019
	speed: 0.0204s/iter; left time: 298.8345s
	iters: 1100, epoch: 7 | loss: 0.2219438
	speed: 0.0692s/iter; left time: 1584.6017s
	iters: 1500, epoch: 4 | loss: 0.4561572
	speed: 0.0188s/iter; left time: 272.5467s
	iters: 1600, epoch: 4 | loss: 0.5540547
	speed: 0.0185s/iter; left time: 267.3741s
	iters: 1700, epoch: 4 | loss: 1.0493600
	speed: 0.0221s/iter; left time: 316.2797s
	iters: 1200, epoch: 7 | loss: 0.2475255
	speed: 0.0704s/iter; left time: 1603.3312s
	iters: 1800, epoch: 4 | loss: 0.6690361
	speed: 0.0188s/iter; left time: 267.8679s
	iters: 1900, epoch: 4 | loss: 0.5133118
	speed: 0.0204s/iter; left time: 288.4441s
	iters: 2000, epoch: 4 | loss: 0.5985252
	speed: 0.0192s/iter; left time: 269.3276s
	iters: 2100, epoch: 4 | loss: 0.4679225
	speed: 0.0194s/iter; left time: 269.7577s
	iters: 1300, epoch: 7 | loss: 0.2345143
	speed: 0.0683s/iter; left time: 1549.8867s
	iters: 2200, epoch: 4 | loss: 1.5491102
	speed: 0.0193s/iter; left time: 266.4366s
Epoch: 4 cost time: 44.372798204422
	iters: 1400, epoch: 7 | loss: 0.2174629
	speed: 0.0766s/iter; left time: 1730.1539s
Epoch: 4, Steps: 2288 | Train Loss: 0.7007419 Vali Loss: 0.6447772 Test Loss: 0.2568111
Validation loss decreased (0.664470 --> 0.644777).  Saving model ...
Updating learning rate to 6.25e-05
	iters: 100, epoch: 5 | loss: 0.5944042
	speed: 0.0995s/iter; left time: 1356.6987s
	iters: 200, epoch: 5 | loss: 0.6009893
	speed: 0.0194s/iter; left time: 262.5022s
	iters: 1500, epoch: 7 | loss: 0.2635714
	speed: 0.0662s/iter; left time: 1489.3945s
	iters: 300, epoch: 5 | loss: 1.5648693
	speed: 0.0205s/iter; left time: 275.2063s
	iters: 400, epoch: 5 | loss: 0.6736056
	speed: 0.0195s/iter; left time: 259.5518s
	iters: 500, epoch: 5 | loss: 0.5481065
	speed: 0.0206s/iter; left time: 272.6363s
	iters: 1600, epoch: 7 | loss: 0.2127598
	speed: 0.0610s/iter; left time: 1364.7352s
	iters: 600, epoch: 5 | loss: 0.6774366
	speed: 0.0210s/iter; left time: 275.1963s
	iters: 700, epoch: 5 | loss: 0.5604481
	speed: 0.0192s/iter; left time: 250.7635s
	iters: 800, epoch: 5 | loss: 0.5165247
	speed: 0.0175s/iter; left time: 226.4480s
	iters: 1700, epoch: 7 | loss: 0.2183067
	speed: 0.0609s/iter; left time: 1357.5202s
	iters: 900, epoch: 5 | loss: 1.5459965
	speed: 0.0178s/iter; left time: 228.6722s
	iters: 1000, epoch: 5 | loss: 0.4701193
	speed: 0.0207s/iter; left time: 263.4368s
	iters: 1100, epoch: 5 | loss: 0.6813571
	speed: 0.0187s/iter; left time: 236.0950s
	iters: 1200, epoch: 5 | loss: 0.5612025
	speed: 0.0185s/iter; left time: 231.9236s
	iters: 1800, epoch: 7 | loss: 0.2290532
	speed: 0.0654s/iter; left time: 1450.8269s
	iters: 1300, epoch: 5 | loss: 0.8723583
	speed: 0.0186s/iter; left time: 231.4599s
	iters: 1400, epoch: 5 | loss: 0.5941359
	speed: 0.0185s/iter; left time: 228.6762s
	iters: 1500, epoch: 5 | loss: 0.5712789
	speed: 0.0191s/iter; left time: 234.1674s
	iters: 1900, epoch: 7 | loss: 0.2768641
	speed: 0.0614s/iter; left time: 1357.3289s
	iters: 1600, epoch: 5 | loss: 0.5432531
	speed: 0.0197s/iter; left time: 238.6914s
	iters: 1700, epoch: 5 | loss: 0.5140609
	speed: 0.0199s/iter; left time: 239.0778s
	iters: 1800, epoch: 5 | loss: 0.6807607
	speed: 0.0189s/iter; left time: 225.6714s
	iters: 2000, epoch: 7 | loss: 0.2704373
	speed: 0.0650s/iter; left time: 1429.0957s
	iters: 1900, epoch: 5 | loss: 0.4984749
	speed: 0.0183s/iter; left time: 216.3239s
	iters: 2000, epoch: 5 | loss: 0.9548079
	speed: 0.0184s/iter; left time: 216.1804s
	iters: 2100, epoch: 5 | loss: 0.6108646
	speed: 0.0190s/iter; left time: 221.1340s
	iters: 2100, epoch: 7 | loss: 0.2327569
	speed: 0.0626s/iter; left time: 1370.0945s
	iters: 2200, epoch: 5 | loss: 0.5081583
	speed: 0.0207s/iter; left time: 238.3198s
Epoch: 5 cost time: 43.92720341682434
	iters: 2200, epoch: 7 | loss: 0.2578697
	speed: 0.0676s/iter; left time: 1473.2691s
Epoch: 5, Steps: 2288 | Train Loss: 0.6864366 Vali Loss: 0.6496182 Test Loss: 0.2549516
EarlyStopping counter: 1 out of 3
Updating learning rate to 3.125e-05
	iters: 100, epoch: 6 | loss: 0.5003132
	speed: 0.1042s/iter; left time: 1181.4601s
	iters: 200, epoch: 6 | loss: 0.5698631
	speed: 0.0191s/iter; left time: 215.0683s
	iters: 2300, epoch: 7 | loss: 0.2784798
	speed: 0.0631s/iter; left time: 1368.6085s
	iters: 300, epoch: 6 | loss: 0.5774763
	speed: 0.0221s/iter; left time: 246.0009s
	iters: 400, epoch: 6 | loss: 1.5993506
	speed: 0.0193s/iter; left time: 213.0740s
	iters: 500, epoch: 6 | loss: 1.4468317
	speed: 0.0213s/iter; left time: 233.3077s
	iters: 2400, epoch: 7 | loss: 0.2720014
	speed: 0.0625s/iter; left time: 1348.4677s
	iters: 600, epoch: 6 | loss: 0.5300424
	speed: 0.0219s/iter; left time: 237.8584s
	iters: 700, epoch: 6 | loss: 0.6667151
	speed: 0.0219s/iter; left time: 235.1534s
	iters: 800, epoch: 6 | loss: 0.5170159
	speed: 0.0203s/iter; left time: 216.2400s
	iters: 2500, epoch: 7 | loss: 0.2294405
	speed: 0.0601s/iter; left time: 1291.0371s
	iters: 900, epoch: 6 | loss: 0.7370821
	speed: 0.0195s/iter; left time: 205.1079s
	iters: 1000, epoch: 6 | loss: 0.6058547
	speed: 0.0212s/iter; left time: 221.1765s
	iters: 1100, epoch: 6 | loss: 0.5505517
	speed: 0.0193s/iter; left time: 199.0824s
	iters: 2600, epoch: 7 | loss: 0.2241911
	speed: 0.0634s/iter; left time: 1355.6146s
	iters: 1200, epoch: 6 | loss: 0.5532614
	speed: 0.0204s/iter; left time: 208.9053s
	iters: 1300, epoch: 6 | loss: 0.5801851
	speed: 0.0205s/iter; left time: 207.6416s
	iters: 1400, epoch: 6 | loss: 0.6873361
	speed: 0.0199s/iter; left time: 199.5799s
	iters: 2700, epoch: 7 | loss: 0.2497662
	speed: 0.0605s/iter; left time: 1287.0572s
	iters: 1500, epoch: 6 | loss: 0.5715612
	speed: 0.0182s/iter; left time: 181.1716s
	iters: 1600, epoch: 6 | loss: 0.5432883
	speed: 0.0207s/iter; left time: 203.7555s
	iters: 1700, epoch: 6 | loss: 0.6560288
	speed: 0.0210s/iter; left time: 204.9296s
	iters: 2800, epoch: 7 | loss: 0.2701211
	speed: 0.0658s/iter; left time: 1395.2666s
	iters: 1800, epoch: 6 | loss: 0.7362986
	speed: 0.0187s/iter; left time: 179.9947s
	iters: 1900, epoch: 6 | loss: 0.4705469
	speed: 0.0193s/iter; left time: 184.4875s
	iters: 2000, epoch: 6 | loss: 0.7409617
	speed: 0.0199s/iter; left time: 188.2436s
	iters: 2900, epoch: 7 | loss: 0.2270075
	speed: 0.0606s/iter; left time: 1277.5417s
	iters: 2100, epoch: 6 | loss: 1.0942577
	speed: 0.0211s/iter; left time: 196.6873s
	iters: 2200, epoch: 6 | loss: 0.4934077
	speed: 0.0190s/iter; left time: 175.5568s
Epoch: 6 cost time: 45.85567545890808
	iters: 3000, epoch: 7 | loss: 0.2337499
	speed: 0.0643s/iter; left time: 1350.3724s
Epoch: 6, Steps: 2288 | Train Loss: 0.6744148 Vali Loss: 0.6311745 Test Loss: 0.2523568
Validation loss decreased (0.644777 --> 0.631174).  Saving model ...
Updating learning rate to 1.5625e-05
	iters: 3100, epoch: 7 | loss: 0.3143241
	speed: 0.0641s/iter; left time: 1338.9996s
	iters: 100, epoch: 7 | loss: 0.5312706
	speed: 0.1035s/iter; left time: 937.0652s
	iters: 200, epoch: 7 | loss: 1.0991765
	speed: 0.0192s/iter; left time: 171.5924s
	iters: 300, epoch: 7 | loss: 0.5498300
	speed: 0.0188s/iter; left time: 166.6557s
	iters: 400, epoch: 7 | loss: 0.6705855
	speed: 0.0189s/iter; left time: 165.5327s
	iters: 3200, epoch: 7 | loss: 0.2330876
	speed: 0.0637s/iter; left time: 1323.5140s
	iters: 500, epoch: 7 | loss: 0.6164532
	speed: 0.0186s/iter; left time: 161.2933s
	iters: 600, epoch: 7 | loss: 0.6181566
	speed: 0.0186s/iter; left time: 158.7222s
	iters: 700, epoch: 7 | loss: 0.5305142
	speed: 0.0192s/iter; left time: 162.2482s
	iters: 3300, epoch: 7 | loss: 0.2494244
	speed: 0.0627s/iter; left time: 1297.6036s
	iters: 800, epoch: 7 | loss: 0.5590147
	speed: 0.0207s/iter; left time: 173.0385s
	iters: 900, epoch: 7 | loss: 0.5400904
	speed: 0.0206s/iter; left time: 169.7044s
	iters: 1000, epoch: 7 | loss: 0.5248294
	speed: 0.0189s/iter; left time: 154.4301s
	iters: 3400, epoch: 7 | loss: 0.2788129
	speed: 0.0644s/iter; left time: 1325.3325s
	iters: 1100, epoch: 7 | loss: 0.7117676
	speed: 0.0191s/iter; left time: 153.6652s
	iters: 1200, epoch: 7 | loss: 0.6187122
	speed: 0.0183s/iter; left time: 145.1807s
	iters: 1300, epoch: 7 | loss: 0.4974138
	speed: 0.0212s/iter; left time: 166.6771s
	iters: 1400, epoch: 7 | loss: 0.8580465
	speed: 0.0184s/iter; left time: 142.4228s
	iters: 3500, epoch: 7 | loss: 0.2231885
	speed: 0.0614s/iter; left time: 1257.9430s
	iters: 1500, epoch: 7 | loss: 0.7619506
	speed: 0.0186s/iter; left time: 142.4094s
	iters: 1600, epoch: 7 | loss: 0.5717050
	speed: 0.0210s/iter; left time: 158.8676s
	iters: 1700, epoch: 7 | loss: 0.4376529
	speed: 0.0204s/iter; left time: 151.9682s
	iters: 3600, epoch: 7 | loss: 0.2718075
	speed: 0.0669s/iter; left time: 1363.2091s
	iters: 1800, epoch: 7 | loss: 0.5260510
	speed: 0.0194s/iter; left time: 142.6362s
	iters: 1900, epoch: 7 | loss: 1.4394264
	speed: 0.0187s/iter; left time: 135.5693s
	iters: 2000, epoch: 7 | loss: 0.5725960
	speed: 0.0191s/iter; left time: 136.9494s
	iters: 3700, epoch: 7 | loss: 0.2691225
	speed: 0.0608s/iter; left time: 1232.7465s
	iters: 2100, epoch: 7 | loss: 0.5898653
	speed: 0.0211s/iter; left time: 148.6134s
	iters: 2200, epoch: 7 | loss: 0.5772327
	speed: 0.0187s/iter; left time: 129.9403s
Epoch: 7 cost time: 44.41537261009216
	iters: 3800, epoch: 7 | loss: 0.2195764
	speed: 0.0651s/iter; left time: 1314.9786s
Epoch: 7, Steps: 2288 | Train Loss: 0.6675009 Vali Loss: 0.6259009 Test Loss: 0.2524911
Validation loss decreased (0.631174 --> 0.625901).  Saving model ...
Updating learning rate to 7.8125e-06
	iters: 100, epoch: 8 | loss: 0.4489761
	speed: 0.1037s/iter; left time: 701.1926s
	iters: 3900, epoch: 7 | loss: 0.2943980
	speed: 0.0680s/iter; left time: 1366.6322s
	iters: 200, epoch: 8 | loss: 0.5071735
	speed: 0.0185s/iter; left time: 123.4879s
	iters: 300, epoch: 8 | loss: 1.2710576
	speed: 0.0201s/iter; left time: 131.7913s
	iters: 400, epoch: 8 | loss: 0.4886410
	speed: 0.0181s/iter; left time: 116.9175s
	iters: 4000, epoch: 7 | loss: 0.2400545
	speed: 0.0610s/iter; left time: 1218.8998s
	iters: 500, epoch: 8 | loss: 0.4874420
	speed: 0.0185s/iter; left time: 118.0534s
	iters: 600, epoch: 8 | loss: 0.5299239
	speed: 0.0191s/iter; left time: 119.3611s
	iters: 700, epoch: 8 | loss: 0.4235829
	speed: 0.0183s/iter; left time: 113.0120s
	iters: 4100, epoch: 7 | loss: 0.2238425
	speed: 0.0611s/iter; left time: 1216.0668s
	iters: 800, epoch: 8 | loss: 0.6083861
	speed: 0.0181s/iter; left time: 110.0445s
	iters: 900, epoch: 8 | loss: 0.7637314
	speed: 0.0190s/iter; left time: 113.1961s
	iters: 1000, epoch: 8 | loss: 0.7880099
	speed: 0.0205s/iter; left time: 119.9672s
	iters: 4200, epoch: 7 | loss: 0.2379899
	speed: 0.0617s/iter; left time: 1221.0909s
	iters: 1100, epoch: 8 | loss: 0.5453545
	speed: 0.0196s/iter; left time: 112.9924s
	iters: 1200, epoch: 8 | loss: 0.6641146
	speed: 0.0193s/iter; left time: 109.4000s
	iters: 1300, epoch: 8 | loss: 0.6853075
	speed: 0.0187s/iter; left time: 104.1968s
	iters: 1400, epoch: 8 | loss: 0.5675930
	speed: 0.0183s/iter; left time: 100.2552s
	iters: 4300, epoch: 7 | loss: 0.2214579
	speed: 0.0624s/iter; left time: 1229.0818s
	iters: 1500, epoch: 8 | loss: 0.5626666
	speed: 0.0205s/iter; left time: 110.2448s
	iters: 1600, epoch: 8 | loss: 0.5478595
	speed: 0.0234s/iter; left time: 122.9720s
	iters: 4400, epoch: 7 | loss: 0.2293749
	speed: 0.0629s/iter; left time: 1232.9120s
	iters: 1700, epoch: 8 | loss: 0.5045539
	speed: 0.0199s/iter; left time: 103.0386s
	iters: 1800, epoch: 8 | loss: 0.5543620
	speed: 0.0196s/iter; left time: 99.3510s
	iters: 1900, epoch: 8 | loss: 0.7661839
	speed: 0.0207s/iter; left time: 102.7187s
	iters: 2000, epoch: 8 | loss: 0.5275587
	speed: 0.0188s/iter; left time: 91.2566s
	iters: 4500, epoch: 7 | loss: 0.2405560
	speed: 0.0627s/iter; left time: 1222.6704s
	iters: 2100, epoch: 8 | loss: 0.6774645
	speed: 0.0220s/iter; left time: 104.9882s
	iters: 2200, epoch: 8 | loss: 0.4925584
	speed: 0.0184s/iter; left time: 85.9453s
Epoch: 8 cost time: 44.395936250686646
	iters: 4600, epoch: 7 | loss: 0.2417652
	speed: 0.0626s/iter; left time: 1213.4041s
Epoch: 8, Steps: 2288 | Train Loss: 0.6618178 Vali Loss: 0.6275787 Test Loss: 0.2538162
EarlyStopping counter: 1 out of 3
Updating learning rate to 3.90625e-06
	iters: 4700, epoch: 7 | loss: 0.2677554
	speed: 0.0686s/iter; left time: 1322.4909s
	iters: 100, epoch: 9 | loss: 0.5395541
	speed: 0.1043s/iter; left time: 466.9951s
	iters: 200, epoch: 9 | loss: 0.5809736
	speed: 0.0198s/iter; left time: 86.8098s
	iters: 300, epoch: 9 | loss: 0.7580165
	speed: 0.0210s/iter; left time: 89.7804s
	iters: 4800, epoch: 7 | loss: 0.2275247
	speed: 0.0604s/iter; left time: 1158.6301s
	iters: 400, epoch: 9 | loss: 0.6395051
	speed: 0.0199s/iter; left time: 83.1787s
	iters: 500, epoch: 9 | loss: 0.6283526
	speed: 0.0175s/iter; left time: 71.4191s
	iters: 600, epoch: 9 | loss: 0.5984692
	speed: 0.0188s/iter; left time: 74.6645s
	iters: 4900, epoch: 7 | loss: 0.3370702
	speed: 0.0616s/iter; left time: 1175.5786s
	iters: 700, epoch: 9 | loss: 1.4811721
	speed: 0.0183s/iter; left time: 71.0866s
	iters: 800, epoch: 9 | loss: 0.7039666
	speed: 0.0194s/iter; left time: 73.3702s
	iters: 900, epoch: 9 | loss: 0.7186674
	speed: 0.0186s/iter; left time: 68.2659s
	iters: 1000, epoch: 9 | loss: 0.6665455
	speed: 0.0206s/iter; left time: 73.7461s
	iters: 5000, epoch: 7 | loss: 0.2324297
	speed: 0.0662s/iter; left time: 1256.8967s
	iters: 1100, epoch: 9 | loss: 0.4790302
	speed: 0.0205s/iter; left time: 71.3076s
	iters: 1200, epoch: 9 | loss: 0.4650340
	speed: 0.0208s/iter; left time: 70.2861s
	iters: 1300, epoch: 9 | loss: 0.6326338
	speed: 0.0204s/iter; left time: 66.9356s
	iters: 5100, epoch: 7 | loss: 0.2187060
	speed: 0.0600s/iter; left time: 1133.2179s
	iters: 1400, epoch: 9 | loss: 0.6563932
	speed: 0.0214s/iter; left time: 68.1357s
	iters: 1500, epoch: 9 | loss: 0.4978268
	speed: 0.0229s/iter; left time: 70.3973s
	iters: 1600, epoch: 9 | loss: 0.4223218
	speed: 0.0206s/iter; left time: 61.1883s
	iters: 5200, epoch: 7 | loss: 0.2434355
	speed: 0.0669s/iter; left time: 1256.2844s
	iters: 1700, epoch: 9 | loss: 0.5521395
	speed: 0.0182s/iter; left time: 52.2218s
	iters: 1800, epoch: 9 | loss: 0.6375880
	speed: 0.0184s/iter; left time: 50.9655s
	iters: 1900, epoch: 9 | loss: 0.7369819
	speed: 0.0184s/iter; left time: 49.1821s
	iters: 5300, epoch: 7 | loss: 0.2960167
	speed: 0.0614s/iter; left time: 1147.9196s
	iters: 2000, epoch: 9 | loss: 0.6548936
	speed: 0.0184s/iter; left time: 47.4026s
	iters: 2100, epoch: 9 | loss: 1.0178643
	speed: 0.0207s/iter; left time: 51.3803s
	iters: 2200, epoch: 9 | loss: 0.5923114
	speed: 0.0196s/iter; left time: 46.5070s
	iters: 5400, epoch: 7 | loss: 0.2258884
	speed: 0.0624s/iter; left time: 1160.5566s
Epoch: 9 cost time: 44.9943904876709
Epoch: 9, Steps: 2288 | Train Loss: 0.6589206 Vali Loss: 0.6254898 Test Loss: 0.2539582
Validation loss decreased (0.625901 --> 0.625490).  Saving model ...
Updating learning rate to 1.953125e-06
	iters: 5500, epoch: 7 | loss: 0.2721671
	speed: 0.0707s/iter; left time: 1307.8840s
	iters: 100, epoch: 10 | loss: 0.4448462
	speed: 0.1013s/iter; left time: 221.8214s
	iters: 200, epoch: 10 | loss: 0.4552352
	speed: 0.0185s/iter; left time: 38.6019s
	iters: 300, epoch: 10 | loss: 0.3724620
	speed: 0.0185s/iter; left time: 36.7836s
	iters: 5600, epoch: 7 | loss: 0.2514007
	speed: 0.0626s/iter; left time: 1151.0039s
	iters: 400, epoch: 10 | loss: 0.5685880
	speed: 0.0183s/iter; left time: 34.6286s
	iters: 500, epoch: 10 | loss: 0.5217336
	speed: 0.0198s/iter; left time: 35.5087s
	iters: 600, epoch: 10 | loss: 0.6215667
	speed: 0.0193s/iter; left time: 32.6331s
	iters: 5700, epoch: 7 | loss: 0.2458491
	speed: 0.0616s/iter; left time: 1126.9356s
	iters: 700, epoch: 10 | loss: 1.4397546
	speed: 0.0208s/iter; left time: 33.1032s
	iters: 800, epoch: 10 | loss: 0.5893320
	speed: 0.0217s/iter; left time: 32.2504s
	iters: 900, epoch: 10 | loss: 0.5311673
	speed: 0.0185s/iter; left time: 25.7297s
	iters: 5800, epoch: 7 | loss: 0.2267603
	speed: 0.0620s/iter; left time: 1127.0381s
	iters: 1000, epoch: 10 | loss: 0.6006820
	speed: 0.0188s/iter; left time: 24.2839s
	iters: 1100, epoch: 10 | loss: 0.5440715
	speed: 0.0191s/iter; left time: 22.7446s
	iters: 1200, epoch: 10 | loss: 0.5661667
	speed: 0.0184s/iter; left time: 19.9850s
	iters: 5900, epoch: 7 | loss: 0.2871286
	speed: 0.0620s/iter; left time: 1121.0603s
	iters: 1300, epoch: 10 | loss: 0.4482302
	speed: 0.0213s/iter; left time: 21.0968s
	iters: 1400, epoch: 10 | loss: 2.6109807
	speed: 0.0209s/iter; left time: 18.6017s
	iters: 1500, epoch: 10 | loss: 1.6148663
	speed: 0.0205s/iter; left time: 16.1656s
Epoch: 7 cost time: 386.5915870666504
	iters: 1600, epoch: 10 | loss: 0.6618426
	speed: 0.0185s/iter; left time: 12.7215s
	iters: 1700, epoch: 10 | loss: 1.6062496
	speed: 0.0213s/iter; left time: 12.5338s
	iters: 1800, epoch: 10 | loss: 0.7474567
	speed: 0.0193s/iter; left time: 9.4218s
	iters: 1900, epoch: 10 | loss: 0.4253876
	speed: 0.0188s/iter; left time: 7.3118s
	iters: 2000, epoch: 10 | loss: 0.7372507
	speed: 0.0223s/iter; left time: 6.4438s
	iters: 2100, epoch: 10 | loss: 1.0906355
	speed: 0.0202s/iter; left time: 3.8221s
	iters: 2200, epoch: 10 | loss: 0.6041701
	speed: 0.0215s/iter; left time: 1.9156s
Epoch: 10 cost time: 45.14148998260498
Epoch: 10, Steps: 2288 | Train Loss: 0.6576479 Vali Loss: 0.6256559 Test Loss: 0.2542130
EarlyStopping counter: 1 out of 3
Updating learning rate to 9.765625e-07
>>>>>>>testing : long_term_forecast_FPEMH48H192_Weather_96_192_iTransformer_custom_ftM_sl96_ll48_pl192_dm512_nh8_el3_dl1_df512_expand2_dc4_fc3_ebtimeF_dtTrue_FPEMH48H192_iTransformer_Weather_192_0<<<<<<<<<<<<<<<<<<<<<<<<<<<<<<<<<
test 10348
test shape: (10348, 192, 21) (10348, 192, 21)
test shape: (10348, 192, 21) (10348, 192, 21)
mse:0.25402775406837463, mae:0.2900529205799103, dtw:Not calculated
dataset=Traffic pred_len=48 backbone=iTransformer GPU=3 output=results/fpem_classic_baselines_h48_h192/iTransformer/Traffic/pred_48
exact command: env CUDA_VISIBLE_DEVICES=3 /data/OuXiaoyu/miniconda3/envs/basicts/bin/python -u run.py --task_name long_term_forecast --is_training 1 --root_path ./dataset/all_datasets/traffic --data_path traffic.csv --model_id FPEMH48H192_Traffic_96_48 --model iTransformer --data custom --features M --target OT --freq h --seq_len 96 --label_len 48 --pred_len 48 --e_layers 3 --d_layers 1 --factor 3 --enc_in 862 --dec_in 862 --c_out 862 --d_model 512 --d_ff 512 --n_heads 8 --batch_size 2 --learning_rate 5e-4 --train_epochs 10 --patience 3 --num_workers 0 --des FPEMH48H192_iTransformer_Traffic_48 --itr 1 --checkpoints results/fpem_classic_baselines_h48_h192/iTransformer/Traffic/pred_48/checkpoints 
Using GPU
Args in experiment:
[1mBasic Config[0m
  Task Name:          long_term_forecast  Is Training:        1                   
  Model ID:           FPEMH48H192_Traffic_96_48Model:              iTransformer        

[1mData Loader[0m
  Data:               custom              Root Path:          ./dataset/all_datasets/traffic
  Data Path:          traffic.csv         Features:           M                   
  Target:             OT                  Freq:               h                   
  Checkpoints:        results/fpem_classic_baselines_h48_h192/iTransformer/Traffic/pred_48/checkpoints

[1mForecasting Task[0m
  Seq Len:            96                  Label Len:          48                  
  Pred Len:           48                  Seasonal Patterns:  Monthly             
  Inverse:            0                   

[1mModel Parameters[0m
  Top k:              5                   Num Kernels:        6                   
  Enc In:             862                 Dec In:             862                 
  C Out:              862                 d model:            512                 
  n heads:            8                   e layers:           3                   
  d layers:           1                   d FF:               512                 
  Moving Avg:         25                  Factor:             3                   
  Distil:             1                   Dropout:            0.1                 
  Embed:              timeF               Activation:         gelu                

[1mRun Parameters[0m
  Num Workers:        0                   Itr:                1                   
  Train Epochs:       10                  Batch Size:         2                   
  Patience:           3                   Learning Rate:      0.0005              
  Des:                FPEMH48H192_iTransformer_Traffic_48Loss:               MSE                 
  Lradj:              type1               Use Amp:            0                   

[1mGPU[0m
  Use GPU:            1                   GPU:                0                   
  Use Multi GPU:      0                   Devices:            0,1,2,3             

[1mDe-stationary Projector Params[0m
  P Hidden Dims:      128, 128            P Hidden Layers:    2                   

Use GPU: cuda:0
🚀 Lazy Loading: iTransformer ...
>>>>>>>start training : long_term_forecast_FPEMH48H192_Traffic_96_48_iTransformer_custom_ftM_sl96_ll48_pl48_dm512_nh8_el3_dl1_df512_expand2_dc4_fc3_ebtimeF_dtTrue_FPEMH48H192_iTransformer_Traffic_48_0>>>>>>>>>>>>>>>>>>>>>>>>>>
train 12137
val 1709
test 3461
	iters: 100, epoch: 1 | loss: 0.5111204
	speed: 0.0298s/iter; left time: 1804.2270s
Epoch: 7, Steps: 5997 | Train Loss: 0.2410159 Vali Loss: 0.4814960 Test Loss: 0.6351934
EarlyStopping counter: 3 out of 3
Early stopping
>>>>>>>testing : long_term_forecast_FPEMH48H192_Traffic_96_192_TimesNet_custom_ftM_sl96_ll48_pl192_dm16_nh8_el2_dl1_df32_expand2_dc4_fc3_ebtimeF_dtTrue_FPEMH48H192_TimesNet_Traffic_192_0<<<<<<<<<<<<<<<<<<<<<<<<<<<<<<<<<
	iters: 200, epoch: 1 | loss: 0.5441384
	speed: 0.0248s/iter; left time: 1500.0808s
test 3317
	iters: 300, epoch: 1 | loss: 0.6207316
	speed: 0.0247s/iter; left time: 1489.9350s
	iters: 400, epoch: 1 | loss: 0.4798079
	speed: 0.0276s/iter; left time: 1664.9428s
	iters: 500, epoch: 1 | loss: 0.4497944
	speed: 0.0246s/iter; left time: 1481.9102s
	iters: 600, epoch: 1 | loss: 0.4743173
	speed: 0.0248s/iter; left time: 1487.5586s
	iters: 700, epoch: 1 | loss: 0.3748368
	speed: 0.0252s/iter; left time: 1510.8913s
	iters: 800, epoch: 1 | loss: 0.4067064
	speed: 0.0254s/iter; left time: 1523.4613s
	iters: 900, epoch: 1 | loss: 0.3504042
	speed: 0.0253s/iter; left time: 1512.5677s
	iters: 1000, epoch: 1 | loss: 0.3444716
	speed: 0.0249s/iter; left time: 1486.8683s
	iters: 1100, epoch: 1 | loss: 0.1886811
	speed: 0.0249s/iter; left time: 1481.8732s
	iters: 1200, epoch: 1 | loss: 0.3322767
	speed: 0.0247s/iter; left time: 1471.9344s
	iters: 1300, epoch: 1 | loss: 0.4321532
	speed: 0.0250s/iter; left time: 1482.3512s
	iters: 1400, epoch: 1 | loss: 0.5212941
	speed: 0.0255s/iter; left time: 1512.6869s
	iters: 1500, epoch: 1 | loss: 0.2742795
	speed: 0.0250s/iter; left time: 1479.8540s
	iters: 1600, epoch: 1 | loss: 0.2863623
	speed: 0.0249s/iter; left time: 1472.5533s
	iters: 1700, epoch: 1 | loss: 0.3464126
	speed: 0.0249s/iter; left time: 1467.5024s
	iters: 1800, epoch: 1 | loss: 0.3669945
	speed: 0.0257s/iter; left time: 1512.4745s
	iters: 1900, epoch: 1 | loss: 0.4159415
	speed: 0.0250s/iter; left time: 1466.9062s
	iters: 2000, epoch: 1 | loss: 0.3382726
	speed: 0.0247s/iter; left time: 1447.0079s
	iters: 2100, epoch: 1 | loss: 0.2825370
	speed: 0.0249s/iter; left time: 1460.9933s
	iters: 2200, epoch: 1 | loss: 0.2803386
	speed: 0.0248s/iter; left time: 1452.9479s
	iters: 2300, epoch: 1 | loss: 0.3244678
	speed: 0.0250s/iter; left time: 1460.7883s
	iters: 2400, epoch: 1 | loss: 0.3803449
	speed: 0.0259s/iter; left time: 1510.6366s
	iters: 2500, epoch: 1 | loss: 0.3011977
	speed: 0.0250s/iter; left time: 1453.3901s
	iters: 2600, epoch: 1 | loss: 0.2902287
	speed: 0.0250s/iter; left time: 1450.7019s
	iters: 2700, epoch: 1 | loss: 0.3627914
	speed: 0.0250s/iter; left time: 1448.6743s
test shape: (3317, 192, 862) (3317, 192, 862)
test shape: (3317, 192, 862) (3317, 192, 862)
	iters: 2800, epoch: 1 | loss: 0.3128622
	speed: 0.0252s/iter; left time: 1461.6850s
	iters: 2900, epoch: 1 | loss: 0.2861017
	speed: 0.0253s/iter; left time: 1461.5974s
	iters: 3000, epoch: 1 | loss: 0.3563165
	speed: 0.0252s/iter; left time: 1451.3363s
	iters: 3100, epoch: 1 | loss: 0.4589158
	speed: 0.0254s/iter; left time: 1465.5891s
mse:0.6349149942398071, mae:0.3483216166496277, dtw:Not calculated
	iters: 3200, epoch: 1 | loss: 0.2817085
	speed: 0.0253s/iter; left time: 1455.7739s
	iters: 3300, epoch: 1 | loss: 0.4099329
	speed: 0.0250s/iter; left time: 1437.5050s
	iters: 3400, epoch: 1 | loss: 0.3061397
	speed: 0.0257s/iter; left time: 1470.7405s
dataset=ETTh1 pred_len=192 backbone=FEDformer GPU=2 output=results/fpem_classic_baselines_h48_h192/FEDformer/ETTh1/pred_192
exact command: env CUDA_VISIBLE_DEVICES=2 /data/OuXiaoyu/miniconda3/envs/basicts/bin/python -u run.py --task_name long_term_forecast --is_training 1 --root_path ./dataset/all_datasets/ETT-small --data_path ETTh1.csv --model_id FPEMH48H192_ETTh1_96_192 --model FEDformer --data ETTh1 --features M --target OT --freq h --seq_len 96 --label_len 48 --pred_len 192 --e_layers 2 --d_layers 1 --factor 3 --enc_in 7 --dec_in 7 --c_out 7 --d_model 512 --d_ff 2048 --n_heads 8 --batch_size 32 --learning_rate 1e-4 --train_epochs 10 --patience 3 --num_workers 0 --des FPEMH48H192_FEDformer_ETTh1_192 --itr 1 --checkpoints results/fpem_classic_baselines_h48_h192/FEDformer/ETTh1/pred_192/checkpoints 
Using GPU
Args in experiment:
[1mBasic Config[0m
  Task Name:          long_term_forecast  Is Training:        1                   
  Model ID:           FPEMH48H192_ETTh1_96_192Model:              FEDformer           

[1mData Loader[0m
  Data:               ETTh1               Root Path:          ./dataset/all_datasets/ETT-small
  Data Path:          ETTh1.csv           Features:           M                   
  Target:             OT                  Freq:               h                   
  Checkpoints:        results/fpem_classic_baselines_h48_h192/FEDformer/ETTh1/pred_192/checkpoints

[1mForecasting Task[0m
  Seq Len:            96                  Label Len:          48                  
  Pred Len:           192                 Seasonal Patterns:  Monthly             
  Inverse:            0                   

[1mModel Parameters[0m
  Top k:              5                   Num Kernels:        6                   
  Enc In:             7                   Dec In:             7                   
  C Out:              7                   d model:            512                 
  n heads:            8                   e layers:           2                   
  d layers:           1                   d FF:               2048                
  Moving Avg:         25                  Factor:             3                   
  Distil:             1                   Dropout:            0.1                 
  Embed:              timeF               Activation:         gelu                

[1mRun Parameters[0m
  Num Workers:        0                   Itr:                1                   
  Train Epochs:       10                  Batch Size:         32                  
  Patience:           3                   Learning Rate:      0.0001              
  Des:                FPEMH48H192_FEDformer_ETTh1_192Loss:               MSE                 
  Lradj:              type1               Use Amp:            0                   

[1mGPU[0m
  Use GPU:            1                   GPU:                0                   
  Use Multi GPU:      0                   Devices:            0,1,2,3             

[1mDe-stationary Projector Params[0m
  P Hidden Dims:      128, 128            P Hidden Layers:    2                   

	iters: 3500, epoch: 1 | loss: 0.3436943
	speed: 0.0265s/iter; left time: 1516.0312s
Use GPU: cuda:0
🚀 Lazy Loading: FEDformer ...
fourier enhanced block used!
modes=32, index=[2, 3, 4, 5, 8, 9, 10, 11, 13, 14, 15, 16, 17, 18, 19, 20, 23, 25, 26, 28, 31, 32, 34, 35, 37, 38, 39, 40, 42, 43, 44, 46]
fourier enhanced block used!
modes=32, index=[0, 2, 6, 8, 10, 13, 14, 21, 22, 23, 28, 34, 35, 36, 42, 44, 45, 52, 55, 64, 66, 67, 68, 69, 72, 73, 83, 93, 98, 115, 117, 119]
 fourier enhanced cross attention used!
modes_q=32, index_q=[1, 5, 8, 12, 15, 20, 22, 26, 28, 30, 31, 36, 37, 46, 48, 55, 63, 64, 66, 77, 78, 81, 82, 85, 88, 90, 91, 94, 97, 99, 106, 107]
modes_kv=32, index_kv=[0, 1, 4, 6, 7, 11, 12, 13, 14, 17, 18, 19, 23, 24, 25, 26, 27, 28, 29, 31, 32, 33, 34, 35, 37, 38, 39, 40, 43, 44, 45, 46]
>>>>>>>start training : long_term_forecast_FPEMH48H192_ETTh1_96_192_FEDformer_ETTh1_ftM_sl96_ll48_pl192_dm512_nh8_el2_dl1_df2048_expand2_dc4_fc3_ebtimeF_dtTrue_FPEMH48H192_FEDformer_ETTh1_192_0>>>>>>>>>>>>>>>>>>>>>>>>>>
train 8353
val 2689
test 2689
	iters: 3600, epoch: 1 | loss: 0.2999011
	speed: 0.0247s/iter; left time: 1407.8486s
	iters: 3700, epoch: 1 | loss: 0.3288483
	speed: 0.0247s/iter; left time: 1406.5790s
	iters: 3800, epoch: 1 | loss: 0.2583008
	speed: 0.0249s/iter; left time: 1415.1902s
	iters: 3900, epoch: 1 | loss: 0.2403493
	speed: 0.0247s/iter; left time: 1400.9090s
	iters: 4000, epoch: 1 | loss: 0.3496156
	speed: 0.0244s/iter; left time: 1385.4171s
	iters: 4100, epoch: 1 | loss: 0.1880232
	speed: 0.0247s/iter; left time: 1398.6050s
	iters: 4200, epoch: 1 | loss: 0.2846038
	speed: 0.0245s/iter; left time: 1384.8958s
	iters: 4300, epoch: 1 | loss: 0.4901575
	speed: 0.0244s/iter; left time: 1373.9762s
	iters: 4400, epoch: 1 | loss: 0.4287104
	speed: 0.0247s/iter; left time: 1392.2779s
	iters: 4500, epoch: 1 | loss: 0.2724029
	speed: 0.0246s/iter; left time: 1381.7007s
	iters: 4600, epoch: 1 | loss: 0.2809837
	speed: 0.0245s/iter; left time: 1374.8870s
	iters: 4700, epoch: 1 | loss: 0.4424779
	speed: 0.0246s/iter; left time: 1379.9516s
	iters: 4800, epoch: 1 | loss: 0.2224147
	speed: 0.0247s/iter; left time: 1381.2984s
	iters: 4900, epoch: 1 | loss: 0.4019895
	speed: 0.0247s/iter; left time: 1376.3400s
	iters: 5000, epoch: 1 | loss: 0.2246668
	speed: 0.0248s/iter; left time: 1381.9039s
	iters: 5100, epoch: 1 | loss: 0.2173515
	speed: 0.0246s/iter; left time: 1367.9478s
	iters: 5200, epoch: 1 | loss: 0.2644365
	speed: 0.0245s/iter; left time: 1361.7354s
	iters: 100, epoch: 1 | loss: 0.4287941
	speed: 0.4137s/iter; left time: 1042.9964s
	iters: 5300, epoch: 1 | loss: 0.2824211
	speed: 0.0244s/iter; left time: 1353.9857s
	iters: 5400, epoch: 1 | loss: 0.3251584
	speed: 0.0260s/iter; left time: 1440.2355s
	iters: 5500, epoch: 1 | loss: 0.2730538
	speed: 0.0249s/iter; left time: 1372.2992s
	iters: 5600, epoch: 1 | loss: 0.2616782
	speed: 0.0246s/iter; left time: 1353.2014s
	iters: 5700, epoch: 1 | loss: 0.4614075
	speed: 0.0247s/iter; left time: 1360.7482s
	iters: 5800, epoch: 1 | loss: 0.3947812
	speed: 0.0247s/iter; left time: 1357.7065s
	iters: 5900, epoch: 1 | loss: 0.3101157
	speed: 0.0258s/iter; left time: 1412.1180s
	iters: 6000, epoch: 1 | loss: 0.3114242
	speed: 0.0258s/iter; left time: 1409.8469s
Epoch: 1 cost time: 152.33490681648254
	iters: 200, epoch: 1 | loss: 0.4375986
	speed: 0.4001s/iter; left time: 968.7566s
Epoch: 1, Steps: 6069 | Train Loss: 0.3681876 Vali Loss: 0.4969285 Test Loss: 0.5312401
Validation loss decreased (inf --> 0.496929).  Saving model ...
Updating learning rate to 0.0005
	iters: 100, epoch: 2 | loss: 0.4121536
	speed: 0.2657s/iter; left time: 14487.0344s
	iters: 200, epoch: 2 | loss: 0.1896801
	speed: 0.0247s/iter; left time: 1345.5761s
	iters: 300, epoch: 2 | loss: 0.3712648
	speed: 0.0246s/iter; left time: 1336.8781s
	iters: 400, epoch: 2 | loss: 0.3584046
	speed: 0.0247s/iter; left time: 1341.8975s
	iters: 500, epoch: 2 | loss: 0.2951547
	speed: 0.0245s/iter; left time: 1326.6687s
	iters: 600, epoch: 2 | loss: 0.2752700
	speed: 0.0246s/iter; left time: 1329.6946s
	iters: 700, epoch: 2 | loss: 0.3124918
	speed: 0.0247s/iter; left time: 1329.6801s
	iters: 800, epoch: 2 | loss: 0.3033105
	speed: 0.0245s/iter; left time: 1317.9983s
	iters: 900, epoch: 2 | loss: 0.3341832
	speed: 0.0245s/iter; left time: 1317.5140s
Epoch: 1 cost time: 106.17594528198242
	iters: 1000, epoch: 2 | loss: 0.2559504
	speed: 0.0261s/iter; left time: 1402.1405s
	iters: 1100, epoch: 2 | loss: 0.2452646
	speed: 0.0246s/iter; left time: 1316.2923s
	iters: 1200, epoch: 2 | loss: 0.4188875
	speed: 0.0247s/iter; left time: 1320.9345s
	iters: 1300, epoch: 2 | loss: 0.3789542
	speed: 0.0247s/iter; left time: 1317.2974s
	iters: 1400, epoch: 2 | loss: 0.4116128
	speed: 0.0248s/iter; left time: 1320.1825s
	iters: 1500, epoch: 2 | loss: 0.3688643
	speed: 0.0255s/iter; left time: 1356.7101s
	iters: 1600, epoch: 2 | loss: 0.2849314
	speed: 0.0251s/iter; left time: 1330.2232s
Epoch: 1, Steps: 262 | Train Loss: 0.5006816 Vali Loss: 1.0836748 Test Loss: 0.4529293
Validation loss decreased (inf --> 1.083675).  Saving model ...
Updating learning rate to 0.0001
	iters: 1700, epoch: 2 | loss: 0.3678019
	speed: 0.0246s/iter; left time: 1300.6139s
	iters: 1800, epoch: 2 | loss: 0.3036480
	speed: 0.0246s/iter; left time: 1297.5440s
	iters: 1900, epoch: 2 | loss: 0.2420322
	speed: 0.0246s/iter; left time: 1295.9004s
	iters: 2000, epoch: 2 | loss: 0.3255579
	speed: 0.0248s/iter; left time: 1304.2257s
	iters: 2100, epoch: 2 | loss: 0.3742890
	speed: 0.0244s/iter; left time: 1283.4400s
	iters: 2200, epoch: 2 | loss: 0.3061089
	speed: 0.0246s/iter; left time: 1291.6260s
	iters: 2300, epoch: 2 | loss: 0.2915955
	speed: 0.0245s/iter; left time: 1281.6797s
	iters: 2400, epoch: 2 | loss: 0.3437667
	speed: 0.0247s/iter; left time: 1288.2801s
	iters: 2500, epoch: 2 | loss: 0.4796646
	speed: 0.0247s/iter; left time: 1288.7363s
	iters: 2600, epoch: 2 | loss: 0.3308657
	speed: 0.0246s/iter; left time: 1282.2536s
	iters: 2700, epoch: 2 | loss: 0.3632320
	speed: 0.0246s/iter; left time: 1275.5715s
	iters: 2800, epoch: 2 | loss: 0.4607814
	speed: 0.0246s/iter; left time: 1273.8849s
	iters: 2900, epoch: 2 | loss: 0.2656852
	speed: 0.0246s/iter; left time: 1271.6154s
	iters: 3000, epoch: 2 | loss: 0.2936810
	speed: 0.0249s/iter; left time: 1283.9378s
	iters: 3100, epoch: 2 | loss: 0.3913337
	speed: 0.0247s/iter; left time: 1270.9255s
	iters: 3200, epoch: 2 | loss: 0.3012400
	speed: 0.0246s/iter; left time: 1262.7743s
	iters: 100, epoch: 2 | loss: 0.4435738
	speed: 0.8377s/iter; left time: 1892.4722s
	iters: 3300, epoch: 2 | loss: 0.2706689
	speed: 0.0247s/iter; left time: 1266.1862s
	iters: 3400, epoch: 2 | loss: 0.3163229
	speed: 0.0248s/iter; left time: 1270.7253s
	iters: 3500, epoch: 2 | loss: 0.3306223
	speed: 0.0248s/iter; left time: 1267.6820s
	iters: 3600, epoch: 2 | loss: 0.3671643
	speed: 0.0246s/iter; left time: 1255.8007s
	iters: 3700, epoch: 2 | loss: 0.2446843
	speed: 0.0247s/iter; left time: 1258.8680s
	iters: 3800, epoch: 2 | loss: 0.4078124
	speed: 0.0247s/iter; left time: 1256.5128s
	iters: 3900, epoch: 2 | loss: 0.3449607
	speed: 0.0246s/iter; left time: 1248.7974s
	iters: 4000, epoch: 2 | loss: 0.4846845
	speed: 0.0258s/iter; left time: 1305.8685s
	iters: 4100, epoch: 2 | loss: 0.4905249
	speed: 0.0245s/iter; left time: 1236.0520s
	iters: 4200, epoch: 2 | loss: 0.2591638
	speed: 0.0246s/iter; left time: 1240.3780s
	iters: 4300, epoch: 2 | loss: 0.2444446
	speed: 0.0246s/iter; left time: 1237.4182s
	iters: 4400, epoch: 2 | loss: 0.2499794
	speed: 0.0248s/iter; left time: 1245.4656s
	iters: 4500, epoch: 2 | loss: 0.2562882
	speed: 0.0277s/iter; left time: 1387.6784s
	iters: 4600, epoch: 2 | loss: 0.3827886
	speed: 0.0248s/iter; left time: 1242.9899s
	iters: 4700, epoch: 2 | loss: 0.2286137
	speed: 0.0246s/iter; left time: 1228.3049s
	iters: 4800, epoch: 2 | loss: 0.3185400
	speed: 0.0246s/iter; left time: 1224.3693s
	iters: 4900, epoch: 2 | loss: 0.2269552
	speed: 0.0249s/iter; left time: 1235.7151s
	iters: 200, epoch: 2 | loss: 0.4593257
	speed: 0.4149s/iter; left time: 895.7885s
	iters: 5000, epoch: 2 | loss: 0.3877252
	speed: 0.0251s/iter; left time: 1243.0462s
	iters: 5100, epoch: 2 | loss: 0.2482553
	speed: 0.0247s/iter; left time: 1221.1918s
	iters: 5200, epoch: 2 | loss: 0.3619566
	speed: 0.0245s/iter; left time: 1212.9920s
	iters: 5300, epoch: 2 | loss: 0.3053930
	speed: 0.0247s/iter; left time: 1217.3664s
	iters: 5400, epoch: 2 | loss: 0.3680402
	speed: 0.0249s/iter; left time: 1224.0567s
	iters: 5500, epoch: 2 | loss: 0.3929396
	speed: 0.0294s/iter; left time: 1444.6910s
	iters: 5600, epoch: 2 | loss: 0.3106584
	speed: 0.0254s/iter; left time: 1244.7520s
	iters: 5700, epoch: 2 | loss: 0.2907054
	speed: 0.0247s/iter; left time: 1206.8580s
	iters: 5800, epoch: 2 | loss: 0.5114483
	speed: 0.0245s/iter; left time: 1197.2403s
	iters: 5900, epoch: 2 | loss: 0.2857051
	speed: 0.0255s/iter; left time: 1243.0903s
Epoch: 2 cost time: 106.10550379753113
	iters: 6000, epoch: 2 | loss: 0.3670740
	speed: 0.0263s/iter; left time: 1276.7605s
Epoch: 2 cost time: 151.37322354316711
Epoch: 2, Steps: 262 | Train Loss: 0.4396320 Vali Loss: 1.0823832 Test Loss: 0.4469771
Validation loss decreased (1.083675 --> 1.082383).  Saving model ...
Updating learning rate to 5e-05
Epoch: 2, Steps: 6069 | Train Loss: 0.3243680 Vali Loss: 0.4802342 Test Loss: 0.5164574
Validation loss decreased (0.496929 --> 0.480234).  Saving model ...
Updating learning rate to 0.00025
	iters: 100, epoch: 3 | loss: 0.2589893
	speed: 0.2767s/iter; left time: 13407.0750s
	iters: 200, epoch: 3 | loss: 0.2499991
	speed: 0.0246s/iter; left time: 1189.7088s
	iters: 300, epoch: 3 | loss: 0.3012270
	speed: 0.0246s/iter; left time: 1184.6264s
	iters: 400, epoch: 3 | loss: 0.2051152
	speed: 0.0245s/iter; left time: 1180.4375s
	iters: 500, epoch: 3 | loss: 0.2535735
	speed: 0.0252s/iter; left time: 1210.8088s
	iters: 600, epoch: 3 | loss: 0.2064110
	speed: 0.0259s/iter; left time: 1244.0218s
	iters: 700, epoch: 3 | loss: 0.3604141
	speed: 0.0251s/iter; left time: 1199.9401s
	iters: 800, epoch: 3 | loss: 0.2874685
	speed: 0.0249s/iter; left time: 1189.3160s
	iters: 900, epoch: 3 | loss: 0.3241990
	speed: 0.0247s/iter; left time: 1176.3337s
	iters: 1000, epoch: 3 | loss: 0.3034025
	speed: 0.0249s/iter; left time: 1185.4049s
	iters: 1100, epoch: 3 | loss: 0.2974675
	speed: 0.0256s/iter; left time: 1213.1193s
	iters: 1200, epoch: 3 | loss: 0.3241491
	speed: 0.0255s/iter; left time: 1207.8488s
	iters: 1300, epoch: 3 | loss: 0.2886107
	speed: 0.0247s/iter; left time: 1166.9122s
	iters: 100, epoch: 3 | loss: 0.3970827
	speed: 0.8606s/iter; left time: 1718.6449s
	iters: 1400, epoch: 3 | loss: 0.3415151
	speed: 0.0246s/iter; left time: 1160.4219s
	iters: 1500, epoch: 3 | loss: 0.1930515
	speed: 0.0253s/iter; left time: 1188.7431s
	iters: 1600, epoch: 3 | loss: 0.1873127
	speed: 0.0246s/iter; left time: 1153.2367s
	iters: 1700, epoch: 3 | loss: 0.2893285
	speed: 0.0247s/iter; left time: 1157.2851s
	iters: 1800, epoch: 3 | loss: 0.2245388
	speed: 0.0245s/iter; left time: 1143.8365s
	iters: 1900, epoch: 3 | loss: 0.2022218
	speed: 0.0246s/iter; left time: 1149.8967s
	iters: 2000, epoch: 3 | loss: 0.3008684
	speed: 0.0256s/iter; left time: 1193.7744s
	iters: 2100, epoch: 3 | loss: 0.2307942
	speed: 0.0252s/iter; left time: 1171.4182s
	iters: 2200, epoch: 3 | loss: 0.3249238
	speed: 0.0251s/iter; left time: 1161.8707s
	iters: 2300, epoch: 3 | loss: 0.2091611
	speed: 0.0249s/iter; left time: 1149.5157s
	iters: 2400, epoch: 3 | loss: 0.2067290
	speed: 0.0249s/iter; left time: 1150.1656s
	iters: 2500, epoch: 3 | loss: 0.3226719
	speed: 0.0246s/iter; left time: 1131.2505s
	iters: 2600, epoch: 3 | loss: 0.2750579
	speed: 0.0247s/iter; left time: 1133.7765s
	iters: 2700, epoch: 3 | loss: 0.3472330
	speed: 0.0248s/iter; left time: 1139.4273s
	iters: 2800, epoch: 3 | loss: 0.2080317
	speed: 0.0248s/iter; left time: 1134.1414s
	iters: 2900, epoch: 3 | loss: 0.3374584
	speed: 0.0251s/iter; left time: 1145.5071s
	iters: 200, epoch: 3 | loss: 0.4384626
	speed: 0.4035s/iter; left time: 765.3531s
	iters: 3000, epoch: 3 | loss: 0.2060131
	speed: 0.0255s/iter; left time: 1163.5181s
	iters: 3100, epoch: 3 | loss: 0.2638268
	speed: 0.0246s/iter; left time: 1117.8380s
	iters: 3200, epoch: 3 | loss: 0.2358980
	speed: 0.0250s/iter; left time: 1134.7373s
	iters: 3300, epoch: 3 | loss: 0.2545868
	speed: 0.0248s/iter; left time: 1120.1599s
	iters: 3400, epoch: 3 | loss: 0.2747787
	speed: 0.0246s/iter; left time: 1110.7194s
	iters: 3500, epoch: 3 | loss: 0.3841732
	speed: 0.0248s/iter; left time: 1117.1592s
	iters: 3600, epoch: 3 | loss: 0.1704112
	speed: 0.0246s/iter; left time: 1103.8085s
	iters: 3700, epoch: 3 | loss: 0.4320339
	speed: 0.0246s/iter; left time: 1103.6432s
	iters: 3800, epoch: 3 | loss: 0.2415511
	speed: 0.0245s/iter; left time: 1097.9714s
	iters: 3900, epoch: 3 | loss: 0.2682972
	speed: 0.0246s/iter; left time: 1098.5776s
	iters: 4000, epoch: 3 | loss: 0.4563029
	speed: 0.0247s/iter; left time: 1102.3435s
Epoch: 3 cost time: 105.4214243888855
	iters: 4100, epoch: 3 | loss: 0.3589604
	speed: 0.0258s/iter; left time: 1144.7589s
	iters: 4200, epoch: 3 | loss: 0.2069459
	speed: 0.0247s/iter; left time: 1095.3133s
	iters: 4300, epoch: 3 | loss: 0.2855639
	speed: 0.0253s/iter; left time: 1117.4221s
	iters: 4400, epoch: 3 | loss: 0.1970470
	speed: 0.0256s/iter; left time: 1128.4094s
	iters: 4500, epoch: 3 | loss: 0.3500184
	speed: 0.0257s/iter; left time: 1134.3641s
	iters: 4600, epoch: 3 | loss: 0.1764050
	speed: 0.0248s/iter; left time: 1090.1466s
	iters: 4700, epoch: 3 | loss: 0.3372942
	speed: 0.0277s/iter; left time: 1213.4407s
	iters: 4800, epoch: 3 | loss: 0.4758968
	speed: 0.0256s/iter; left time: 1120.9158s
Epoch: 3, Steps: 262 | Train Loss: 0.4265044 Vali Loss: 1.0556294 Test Loss: 0.4273125
Validation loss decreased (1.082383 --> 1.055629).  Saving model ...
Updating learning rate to 2.5e-05
	iters: 4900, epoch: 3 | loss: 0.2152203
	speed: 0.0271s/iter; left time: 1181.8483s
	iters: 5000, epoch: 3 | loss: 0.2130398
	speed: 0.0248s/iter; left time: 1081.5828s
	iters: 5100, epoch: 3 | loss: 0.2056635
	speed: 0.0278s/iter; left time: 1206.3938s
	iters: 5200, epoch: 3 | loss: 0.2800361
	speed: 0.0333s/iter; left time: 1445.4347s
	iters: 5300, epoch: 3 | loss: 0.2365134
	speed: 0.0257s/iter; left time: 1112.9291s
	iters: 5400, epoch: 3 | loss: 0.2737241
	speed: 0.0250s/iter; left time: 1078.5420s
	iters: 5500, epoch: 3 | loss: 0.2592028
	speed: 0.0252s/iter; left time: 1083.4303s
	iters: 5600, epoch: 3 | loss: 0.3459959
	speed: 0.0246s/iter; left time: 1057.5013s
	iters: 5700, epoch: 3 | loss: 0.2719066
	speed: 0.0245s/iter; left time: 1052.0283s
	iters: 5800, epoch: 3 | loss: 0.2156332
	speed: 0.0245s/iter; left time: 1048.8011s
	iters: 5900, epoch: 3 | loss: 0.2315666
	speed: 0.0317s/iter; left time: 1353.0382s
	iters: 6000, epoch: 3 | loss: 0.3891778
	speed: 0.0301s/iter; left time: 1278.7471s
Epoch: 3 cost time: 154.63374185562134
	iters: 100, epoch: 4 | loss: 0.3883194
	speed: 0.8650s/iter; left time: 1500.7135s
Epoch: 3, Steps: 6069 | Train Loss: 0.2786052 Vali Loss: 0.4008150 Test Loss: 0.4170367
Validation loss decreased (0.480234 --> 0.400815).  Saving model ...
Updating learning rate to 0.000125
	iters: 100, epoch: 4 | loss: 0.2380284
	speed: 0.2761s/iter; left time: 11701.3708s
	iters: 200, epoch: 4 | loss: 0.3087574
	speed: 0.0240s/iter; left time: 1014.6963s
	iters: 300, epoch: 4 | loss: 0.2669086
	speed: 0.0243s/iter; left time: 1026.5044s
	iters: 400, epoch: 4 | loss: 0.2101522
	speed: 0.0248s/iter; left time: 1042.0583s
	iters: 500, epoch: 4 | loss: 0.3712695
	speed: 0.0245s/iter; left time: 1030.3188s
	iters: 600, epoch: 4 | loss: 0.2978958
	speed: 0.0249s/iter; left time: 1042.0842s
	iters: 700, epoch: 4 | loss: 0.1893263
	speed: 0.0248s/iter; left time: 1038.2446s
	iters: 800, epoch: 4 | loss: 0.2878477
	speed: 0.0249s/iter; left time: 1039.3571s
	iters: 900, epoch: 4 | loss: 0.1716354
	speed: 0.0248s/iter; left time: 1029.8517s
	iters: 1000, epoch: 4 | loss: 0.1974993
	speed: 0.0251s/iter; left time: 1042.6111s
	iters: 1100, epoch: 4 | loss: 0.2566174
	speed: 0.0256s/iter; left time: 1058.5368s
	iters: 200, epoch: 4 | loss: 0.4979330
	speed: 0.4420s/iter; left time: 722.6338s
	iters: 1200, epoch: 4 | loss: 0.5521905
	speed: 0.0249s/iter; left time: 1027.4632s
	iters: 1300, epoch: 4 | loss: 0.2251087
	speed: 0.0248s/iter; left time: 1019.9190s
	iters: 1400, epoch: 4 | loss: 0.2165884
	speed: 0.0250s/iter; left time: 1027.5216s
	iters: 1500, epoch: 4 | loss: 0.4849484
	speed: 0.0247s/iter; left time: 1012.4079s
	iters: 1600, epoch: 4 | loss: 0.1806366
	speed: 0.0245s/iter; left time: 1002.3532s
	iters: 1700, epoch: 4 | loss: 0.1619704
	speed: 0.0246s/iter; left time: 1003.0366s
	iters: 1800, epoch: 4 | loss: 0.2400051
	speed: 0.0246s/iter; left time: 1001.7318s
	iters: 1900, epoch: 4 | loss: 0.1786491
	speed: 0.0248s/iter; left time: 1006.6137s
	iters: 2000, epoch: 4 | loss: 0.2556258
	speed: 0.0277s/iter; left time: 1121.7164s
	iters: 2100, epoch: 4 | loss: 0.2119178
	speed: 0.0245s/iter; left time: 987.7699s
Epoch: 4 cost time: 110.52181100845337
	iters: 2200, epoch: 4 | loss: 0.2023627
	speed: 0.0247s/iter; left time: 993.4479s
	iters: 2300, epoch: 4 | loss: 0.2723467
	speed: 0.0248s/iter; left time: 996.7424s
	iters: 2400, epoch: 4 | loss: 0.3761120
	speed: 0.0253s/iter; left time: 1013.0921s
	iters: 2500, epoch: 4 | loss: 0.1765523
	speed: 0.0253s/iter; left time: 1012.8608s
	iters: 2600, epoch: 4 | loss: 0.1715075
	speed: 0.0248s/iter; left time: 990.4402s
	iters: 2700, epoch: 4 | loss: 0.2135686
	speed: 0.0248s/iter; left time: 986.7656s
	iters: 2800, epoch: 4 | loss: 0.2557701
	speed: 0.0251s/iter; left time: 994.7577s
	iters: 2900, epoch: 4 | loss: 0.2202482
	speed: 0.0250s/iter; left time: 991.1154s
Epoch: 4, Steps: 262 | Train Loss: 0.4219927 Vali Loss: 1.0446924 Test Loss: 0.4243219
Validation loss decreased (1.055629 --> 1.044692).  Saving model ...
Updating learning rate to 1.25e-05
	iters: 3000, epoch: 4 | loss: 0.2229328
	speed: 0.0248s/iter; left time: 980.2968s
	iters: 3100, epoch: 4 | loss: 0.2049369
	speed: 0.0251s/iter; left time: 989.6648s
	iters: 3200, epoch: 4 | loss: 0.1722214
	speed: 0.0253s/iter; left time: 995.0229s
	iters: 3300, epoch: 4 | loss: 0.2166782
	speed: 0.0244s/iter; left time: 957.9039s
	iters: 3400, epoch: 4 | loss: 0.2388584
	speed: 0.0246s/iter; left time: 961.3347s
	iters: 3500, epoch: 4 | loss: 0.1587380
	speed: 0.0248s/iter; left time: 965.9379s
	iters: 3600, epoch: 4 | loss: 0.2703385
	speed: 0.0245s/iter; left time: 954.4835s
	iters: 3700, epoch: 4 | loss: 0.3838695
	speed: 0.0246s/iter; left time: 953.2411s
	iters: 3800, epoch: 4 | loss: 0.1933642
	speed: 0.0246s/iter; left time: 950.4545s
	iters: 3900, epoch: 4 | loss: 0.5711451
	speed: 0.0245s/iter; left time: 946.4555s
	iters: 4000, epoch: 4 | loss: 0.2679120
	speed: 0.0249s/iter; left time: 959.7180s
	iters: 4100, epoch: 4 | loss: 0.2435552
	speed: 0.0246s/iter; left time: 942.6269s
	iters: 4200, epoch: 4 | loss: 0.1519829
	speed: 0.0245s/iter; left time: 939.3653s
	iters: 4300, epoch: 4 | loss: 0.2510762
	speed: 0.0247s/iter; left time: 941.9651s
	iters: 4400, epoch: 4 | loss: 0.2844857
	speed: 0.0246s/iter; left time: 935.3654s
	iters: 4500, epoch: 4 | loss: 0.2614985
	speed: 0.0247s/iter; left time: 936.9176s
	iters: 4600, epoch: 4 | loss: 0.1763186
	speed: 0.0247s/iter; left time: 937.5244s
	iters: 100, epoch: 5 | loss: 0.4328743
	speed: 0.8807s/iter; left time: 1297.3347s
	iters: 4700, epoch: 4 | loss: 0.2564898
	speed: 0.0246s/iter; left time: 931.1147s
	iters: 4800, epoch: 4 | loss: 0.3863489
	speed: 0.0246s/iter; left time: 927.9450s
	iters: 4900, epoch: 4 | loss: 0.2528122
	speed: 0.0253s/iter; left time: 952.5486s
	iters: 5000, epoch: 4 | loss: 0.2689714
	speed: 0.0249s/iter; left time: 933.8321s
	iters: 5100, epoch: 4 | loss: 0.3602861
	speed: 0.0246s/iter; left time: 918.0590s
	iters: 5200, epoch: 4 | loss: 0.3333339
	speed: 0.0248s/iter; left time: 926.4568s
	iters: 5300, epoch: 4 | loss: 0.2572940
	speed: 0.0248s/iter; left time: 921.3359s
	iters: 5400, epoch: 4 | loss: 0.2205486
	speed: 0.0247s/iter; left time: 917.6600s
	iters: 5500, epoch: 4 | loss: 0.1929852
	speed: 0.0251s/iter; left time: 926.4711s
	iters: 5600, epoch: 4 | loss: 0.2843461
	speed: 0.0245s/iter; left time: 903.3290s
	iters: 5700, epoch: 4 | loss: 0.3117559
	speed: 0.0245s/iter; left time: 902.4537s
	iters: 5800, epoch: 4 | loss: 0.2461905
	speed: 0.0244s/iter; left time: 893.9353s
	iters: 5900, epoch: 4 | loss: 0.2150669
	speed: 0.0245s/iter; left time: 896.7084s
	iters: 6000, epoch: 4 | loss: 0.2795183
	speed: 0.0250s/iter; left time: 910.5581s
Epoch: 4 cost time: 150.49684882164001
	iters: 200, epoch: 5 | loss: 0.3899944
	speed: 0.4156s/iter; left time: 570.6566s
Epoch: 4, Steps: 6069 | Train Loss: 0.2571321 Vali Loss: 0.3840653 Test Loss: 0.3993966
Validation loss decreased (0.400815 --> 0.384065).  Saving model ...
Updating learning rate to 6.25e-05
	iters: 100, epoch: 5 | loss: 0.1902630
	speed: 0.2679s/iter; left time: 9728.0599s
	iters: 200, epoch: 5 | loss: 0.2710278
	speed: 0.0255s/iter; left time: 924.4909s
	iters: 300, epoch: 5 | loss: 0.3147834
	speed: 0.0247s/iter; left time: 890.2651s
	iters: 400, epoch: 5 | loss: 0.2882413
	speed: 0.0246s/iter; left time: 887.0394s
Epoch: 5 cost time: 110.43412709236145
	iters: 500, epoch: 5 | loss: 0.3210697
	speed: 0.0252s/iter; left time: 904.2738s
	iters: 600, epoch: 5 | loss: 0.4597479
	speed: 0.0247s/iter; left time: 884.2075s
	iters: 700, epoch: 5 | loss: 0.2914875
	speed: 0.0246s/iter; left time: 877.1306s
	iters: 800, epoch: 5 | loss: 0.2107835
	speed: 0.0248s/iter; left time: 884.8321s
	iters: 900, epoch: 5 | loss: 0.3910800
	speed: 0.0247s/iter; left time: 877.1786s
	iters: 1000, epoch: 5 | loss: 0.1585991
	speed: 0.0252s/iter; left time: 893.9713s
	iters: 1100, epoch: 5 | loss: 0.2213428
	speed: 0.0277s/iter; left time: 977.3560s
	iters: 1200, epoch: 5 | loss: 0.1632248
	speed: 0.0249s/iter; left time: 877.1903s
Epoch: 5, Steps: 262 | Train Loss: 0.4192835 Vali Loss: 1.0572396 Test Loss: 0.4220960
EarlyStopping counter: 1 out of 3
Updating learning rate to 6.25e-06
	iters: 1300, epoch: 5 | loss: 0.2732144
	speed: 0.0247s/iter; left time: 867.5913s
	iters: 1400, epoch: 5 | loss: 0.3591962
	speed: 0.0245s/iter; left time: 858.4295s
	iters: 1500, epoch: 5 | loss: 0.3095496
	speed: 0.0246s/iter; left time: 857.6881s
	iters: 1600, epoch: 5 | loss: 0.2191677
	speed: 0.0246s/iter; left time: 857.8630s
	iters: 1700, epoch: 5 | loss: 0.1741772
	speed: 0.0249s/iter; left time: 865.5073s
	iters: 1800, epoch: 5 | loss: 0.2034611
	speed: 0.0300s/iter; left time: 1037.2263s
	iters: 1900, epoch: 5 | loss: 0.2401979
	speed: 0.0246s/iter; left time: 850.1254s
	iters: 2000, epoch: 5 | loss: 0.2102047
	speed: 0.0250s/iter; left time: 860.5056s
	iters: 2100, epoch: 5 | loss: 0.3053264
	speed: 0.0246s/iter; left time: 842.6126s
	iters: 2200, epoch: 5 | loss: 0.2566287
	speed: 0.0245s/iter; left time: 837.8475s
	iters: 2300, epoch: 5 | loss: 0.2858340
	speed: 0.0246s/iter; left time: 840.2099s
	iters: 2400, epoch: 5 | loss: 0.2734321
	speed: 0.0245s/iter; left time: 834.7980s
	iters: 2500, epoch: 5 | loss: 0.2375190
	speed: 0.0255s/iter; left time: 864.0332s
	iters: 2600, epoch: 5 | loss: 0.2344537
	speed: 0.0287s/iter; left time: 971.1133s
	iters: 2700, epoch: 5 | loss: 0.3069585
	speed: 0.0245s/iter; left time: 827.5754s
	iters: 2800, epoch: 5 | loss: 0.1570187
	speed: 0.0246s/iter; left time: 825.4152s
	iters: 100, epoch: 6 | loss: 0.4256877
	speed: 0.8868s/iter; left time: 1073.8617s
	iters: 2900, epoch: 5 | loss: 0.2068010
	speed: 0.0245s/iter; left time: 820.6760s
	iters: 3000, epoch: 5 | loss: 0.2321434
	speed: 0.0287s/iter; left time: 960.0617s
	iters: 3100, epoch: 5 | loss: 0.2531594
	speed: 0.0247s/iter; left time: 822.6886s
	iters: 3200, epoch: 5 | loss: 0.2433585
	speed: 0.0248s/iter; left time: 822.2774s
	iters: 3300, epoch: 5 | loss: 0.2129257
	speed: 0.0253s/iter; left time: 838.9176s
	iters: 3400, epoch: 5 | loss: 0.2019307
	speed: 0.0245s/iter; left time: 809.1715s
	iters: 3500, epoch: 5 | loss: 0.2679789
	speed: 0.0311s/iter; left time: 1024.1145s
	iters: 3600, epoch: 5 | loss: 0.3626629
	speed: 0.0252s/iter; left time: 827.7462s
	iters: 3700, epoch: 5 | loss: 0.2489726
	speed: 0.0247s/iter; left time: 806.4737s
	iters: 3800, epoch: 5 | loss: 0.2346635
	speed: 0.0246s/iter; left time: 803.8707s
	iters: 3900, epoch: 5 | loss: 0.1687260
	speed: 0.0246s/iter; left time: 798.6516s
	iters: 4000, epoch: 5 | loss: 0.2535467
	speed: 0.0247s/iter; left time: 801.6015s
	iters: 4100, epoch: 5 | loss: 0.2230579
	speed: 0.0246s/iter; left time: 793.5441s
	iters: 4200, epoch: 5 | loss: 0.1898342
	speed: 0.0247s/iter; left time: 794.1532s
	iters: 4300, epoch: 5 | loss: 0.2858319
	speed: 0.0254s/iter; left time: 815.6929s
	iters: 4400, epoch: 5 | loss: 0.2037076
	speed: 0.0247s/iter; left time: 792.0638s
	iters: 200, epoch: 6 | loss: 0.4062476
	speed: 0.3998s/iter; left time: 444.1764s
	iters: 4500, epoch: 5 | loss: 0.3222303
	speed: 0.0249s/iter; left time: 795.7824s
	iters: 4600, epoch: 5 | loss: 0.3863988
	speed: 0.0245s/iter; left time: 779.7002s
	iters: 4700, epoch: 5 | loss: 0.3100480
	speed: 0.0246s/iter; left time: 780.6615s
	iters: 4800, epoch: 5 | loss: 0.3831079
	speed: 0.0246s/iter; left time: 777.7250s
	iters: 4900, epoch: 5 | loss: 0.3727278
	speed: 0.0246s/iter; left time: 776.2073s
	iters: 5000, epoch: 5 | loss: 0.2438843
	speed: 0.0247s/iter; left time: 776.4094s
	iters: 5100, epoch: 5 | loss: 0.2288150
	speed: 0.0248s/iter; left time: 777.8248s
	iters: 5200, epoch: 5 | loss: 0.2700707
	speed: 0.0248s/iter; left time: 773.2229s
	iters: 5300, epoch: 5 | loss: 0.1681189
	speed: 0.0246s/iter; left time: 765.9474s
	iters: 5400, epoch: 5 | loss: 0.3899545
	speed: 0.0245s/iter; left time: 761.0016s
Epoch: 6 cost time: 105.846843957901
	iters: 5500, epoch: 5 | loss: 0.1855282
	speed: 0.0249s/iter; left time: 770.0822s
	iters: 5600, epoch: 5 | loss: 0.2954684
	speed: 0.0264s/iter; left time: 812.2726s
	iters: 5700, epoch: 5 | loss: 0.2169438
	speed: 0.0248s/iter; left time: 760.6992s
	iters: 5800, epoch: 5 | loss: 0.3689233
	speed: 0.0251s/iter; left time: 768.6572s
	iters: 5900, epoch: 5 | loss: 0.1478987
	speed: 0.0247s/iter; left time: 753.5892s
	iters: 6000, epoch: 5 | loss: 0.2403102
	speed: 0.0249s/iter; left time: 758.5925s
Epoch: 5 cost time: 152.7028832435608
Epoch: 6, Steps: 262 | Train Loss: 0.4174564 Vali Loss: 1.0517837 Test Loss: 0.4223582
EarlyStopping counter: 2 out of 3
Updating learning rate to 3.125e-06
Epoch: 5, Steps: 6069 | Train Loss: 0.2464433 Vali Loss: 0.3732759 Test Loss: 0.3882465
Validation loss decreased (0.384065 --> 0.373276).  Saving model ...
Updating learning rate to 3.125e-05
	iters: 100, epoch: 6 | loss: 0.3112938
	speed: 0.2688s/iter; left time: 8130.5145s
	iters: 200, epoch: 6 | loss: 0.2585678
	speed: 0.0246s/iter; left time: 740.4526s
	iters: 300, epoch: 6 | loss: 0.4402958
	speed: 0.0248s/iter; left time: 744.6025s
	iters: 400, epoch: 6 | loss: 0.1472728
	speed: 0.0246s/iter; left time: 738.0019s
	iters: 500, epoch: 6 | loss: 0.3238772
	speed: 0.0246s/iter; left time: 734.5207s
	iters: 600, epoch: 6 | loss: 0.2108134
	speed: 0.0245s/iter; left time: 728.8557s
	iters: 700, epoch: 6 | loss: 0.4003874
	speed: 0.0245s/iter; left time: 725.9764s
	iters: 800, epoch: 6 | loss: 0.2275228
	speed: 0.0245s/iter; left time: 723.9115s
	iters: 100, epoch: 7 | loss: 0.4337606
	speed: 0.8414s/iter; left time: 798.4493s
	iters: 900, epoch: 6 | loss: 0.2609438
	speed: 0.0247s/iter; left time: 727.9019s
	iters: 1000, epoch: 6 | loss: 0.1047566
	speed: 0.0246s/iter; left time: 721.4752s
	iters: 1100, epoch: 6 | loss: 0.2051161
	speed: 0.0270s/iter; left time: 788.8902s
	iters: 1200, epoch: 6 | loss: 0.2126313
	speed: 0.0253s/iter; left time: 738.7718s
	iters: 1300, epoch: 6 | loss: 0.2483070
	speed: 0.0269s/iter; left time: 780.2734s
	iters: 1400, epoch: 6 | loss: 0.3050391
	speed: 0.0271s/iter; left time: 785.4629s
	iters: 1500, epoch: 6 | loss: 0.2341657
	speed: 0.0268s/iter; left time: 773.1898s
	iters: 1600, epoch: 6 | loss: 0.1648165
	speed: 0.0273s/iter; left time: 786.1982s
	iters: 1700, epoch: 6 | loss: 0.2362518
	speed: 0.0264s/iter; left time: 754.9766s
	iters: 1800, epoch: 6 | loss: 0.2359185
	speed: 0.0264s/iter; left time: 754.6052s
	iters: 1900, epoch: 6 | loss: 0.1845551
	speed: 0.0266s/iter; left time: 756.8193s
	iters: 2000, epoch: 6 | loss: 0.3072862
	speed: 0.0276s/iter; left time: 781.4576s
	iters: 2100, epoch: 6 | loss: 0.3071709
	speed: 0.0268s/iter; left time: 757.6615s
	iters: 2200, epoch: 6 | loss: 0.2553792
	speed: 0.0269s/iter; left time: 757.1429s
	iters: 2300, epoch: 6 | loss: 0.3491075
	speed: 0.0267s/iter; left time: 748.7246s
	iters: 200, epoch: 7 | loss: 0.4477717
	speed: 0.3952s/iter; left time: 335.5232s
	iters: 2400, epoch: 6 | loss: 0.2915763
	speed: 0.0264s/iter; left time: 737.4118s
	iters: 2500, epoch: 6 | loss: 0.3976098
	speed: 0.0271s/iter; left time: 755.6229s
	iters: 2600, epoch: 6 | loss: 0.2535926
	speed: 0.0266s/iter; left time: 737.6670s
	iters: 2700, epoch: 6 | loss: 0.2239328
	speed: 0.0263s/iter; left time: 725.8181s
	iters: 2800, epoch: 6 | loss: 0.2243233
	speed: 0.0281s/iter; left time: 773.5230s
	iters: 2900, epoch: 6 | loss: 0.2008601
	speed: 0.0274s/iter; left time: 751.2246s
	iters: 3000, epoch: 6 | loss: 0.2585441
	speed: 0.0260s/iter; left time: 711.1133s
	iters: 3100, epoch: 6 | loss: 0.3056412
	speed: 0.0269s/iter; left time: 732.7807s
	iters: 3200, epoch: 6 | loss: 0.2441163
	speed: 0.0259s/iter; left time: 701.9646s
Epoch: 7 cost time: 104.56872725486755
	iters: 3300, epoch: 6 | loss: 0.3021919
	speed: 0.0261s/iter; left time: 704.6711s
	iters: 3400, epoch: 6 | loss: 0.2134600
	speed: 0.0266s/iter; left time: 716.6498s
	iters: 3500, epoch: 6 | loss: 0.2194106
	speed: 0.0287s/iter; left time: 769.4533s
	iters: 3600, epoch: 6 | loss: 0.2241132
	speed: 0.0275s/iter; left time: 735.3752s
	iters: 3700, epoch: 6 | loss: 0.2376964
	speed: 0.0269s/iter; left time: 717.5659s
	iters: 3800, epoch: 6 | loss: 0.1985287
	speed: 0.0261s/iter; left time: 694.0478s
	iters: 3900, epoch: 6 | loss: 0.2319786
	speed: 0.0276s/iter; left time: 729.8640s
	iters: 4000, epoch: 6 | loss: 0.2559476
	speed: 0.0289s/iter; left time: 760.7416s
Epoch: 7, Steps: 262 | Train Loss: 0.4190382 Vali Loss: 1.0398646 Test Loss: 0.4206530
Validation loss decreased (1.044692 --> 1.039865).  Saving model ...
Updating learning rate to 1.5625e-06
	iters: 4100, epoch: 6 | loss: 0.3106574
	speed: 0.0254s/iter; left time: 666.2850s
	iters: 4200, epoch: 6 | loss: 0.1610975
	speed: 0.0275s/iter; left time: 719.1123s
	iters: 4300, epoch: 6 | loss: 0.1980665
	speed: 0.0257s/iter; left time: 668.5736s
	iters: 4400, epoch: 6 | loss: 0.2692194
	speed: 0.0260s/iter; left time: 675.8187s
	iters: 4500, epoch: 6 | loss: 0.2766010
	speed: 0.0278s/iter; left time: 719.0583s
	iters: 4600, epoch: 6 | loss: 0.2188989
	speed: 0.0247s/iter; left time: 635.3836s
	iters: 4700, epoch: 6 | loss: 0.2249423
	speed: 0.0257s/iter; left time: 658.3154s
	iters: 4800, epoch: 6 | loss: 0.1792077
	speed: 0.0279s/iter; left time: 711.9609s
	iters: 4900, epoch: 6 | loss: 0.3037895
	speed: 0.0273s/iter; left time: 694.8001s
	iters: 5000, epoch: 6 | loss: 0.2965168
	speed: 0.0253s/iter; left time: 641.2983s
	iters: 5100, epoch: 6 | loss: 0.3135683
	speed: 0.0245s/iter; left time: 618.0644s
	iters: 5200, epoch: 6 | loss: 0.2176129
	speed: 0.0275s/iter; left time: 691.0270s
	iters: 5300, epoch: 6 | loss: 0.3646852
	speed: 0.0279s/iter; left time: 698.9791s
	iters: 5400, epoch: 6 | loss: 0.2265057
	speed: 0.0276s/iter; left time: 688.3422s
	iters: 5500, epoch: 6 | loss: 0.1769347
	speed: 0.0266s/iter; left time: 660.2735s
	iters: 100, epoch: 8 | loss: 0.3682484
	speed: 0.8480s/iter; left time: 582.5929s
	iters: 5600, epoch: 6 | loss: 0.2532435
	speed: 0.0246s/iter; left time: 609.2041s
	iters: 5700, epoch: 6 | loss: 0.3013854
	speed: 0.0248s/iter; left time: 611.3074s
	iters: 5800, epoch: 6 | loss: 0.3261036
	speed: 0.0247s/iter; left time: 606.0333s
	iters: 5900, epoch: 6 | loss: 0.1663617
	speed: 0.0247s/iter; left time: 603.8705s
	iters: 6000, epoch: 6 | loss: 0.2560124
	speed: 0.0256s/iter; left time: 623.1118s
Epoch: 6 cost time: 159.4893479347229
Epoch: 6, Steps: 6069 | Train Loss: 0.2405283 Vali Loss: 0.3690798 Test Loss: 0.3835102
Validation loss decreased (0.373276 --> 0.369080).  Saving model ...
Updating learning rate to 1.5625e-05
	iters: 100, epoch: 7 | loss: 0.2296262
	speed: 0.2718s/iter; left time: 6570.9022s
	iters: 200, epoch: 8 | loss: 0.3381485
	speed: 0.4062s/iter; left time: 238.4482s
	iters: 200, epoch: 7 | loss: 0.2295597
	speed: 0.0270s/iter; left time: 650.6878s
	iters: 300, epoch: 7 | loss: 0.1827544
	speed: 0.0292s/iter; left time: 699.5920s
	iters: 400, epoch: 7 | loss: 0.1831831
	speed: 0.0282s/iter; left time: 673.9576s
	iters: 500, epoch: 7 | loss: 0.1606563
	speed: 0.0282s/iter; left time: 670.4159s
	iters: 600, epoch: 7 | loss: 0.2644612
	speed: 0.0279s/iter; left time: 660.0844s
	iters: 700, epoch: 7 | loss: 0.1793132
	speed: 0.0282s/iter; left time: 665.9314s
	iters: 800, epoch: 7 | loss: 0.2500275
	speed: 0.0278s/iter; left time: 651.9651s
	iters: 900, epoch: 7 | loss: 0.1559129
	speed: 0.0281s/iter; left time: 656.9625s
	iters: 1000, epoch: 7 | loss: 0.1784980
	speed: 0.0282s/iter; left time: 656.4442s
Epoch: 8 cost time: 105.24838304519653
	iters: 1100, epoch: 7 | loss: 0.1761561
	speed: 0.0248s/iter; left time: 574.6121s
	iters: 1200, epoch: 7 | loss: 0.1737678
	speed: 0.0286s/iter; left time: 659.6754s
	iters: 1300, epoch: 7 | loss: 0.1957843
	speed: 0.0306s/iter; left time: 703.7017s
	iters: 1400, epoch: 7 | loss: 0.2350091
	speed: 0.0251s/iter; left time: 575.2854s
	iters: 1500, epoch: 7 | loss: 0.1931590
	speed: 0.0252s/iter; left time: 574.5794s
	iters: 1600, epoch: 7 | loss: 0.2632183
	speed: 0.0253s/iter; left time: 572.7883s
	iters: 1700, epoch: 7 | loss: 0.2103947
	speed: 0.0249s/iter; left time: 561.9305s
	iters: 1800, epoch: 7 | loss: 0.2180697
	speed: 0.0245s/iter; left time: 551.5299s
Epoch: 8, Steps: 262 | Train Loss: 0.4185788 Vali Loss: 1.0593014 Test Loss: 0.4211528
EarlyStopping counter: 1 out of 3
Updating learning rate to 7.8125e-07
	iters: 1900, epoch: 7 | loss: 0.2104983
	speed: 0.0246s/iter; left time: 549.5793s
	iters: 2000, epoch: 7 | loss: 0.2495233
	speed: 0.0245s/iter; left time: 545.3822s
	iters: 2100, epoch: 7 | loss: 0.2110806
	speed: 0.0250s/iter; left time: 554.3596s
	iters: 2200, epoch: 7 | loss: 0.2403520
	speed: 0.0248s/iter; left time: 546.6687s
	iters: 2300, epoch: 7 | loss: 0.2545471
	speed: 0.0246s/iter; left time: 540.0009s
	iters: 2400, epoch: 7 | loss: 0.3334256
	speed: 0.0244s/iter; left time: 534.2866s
	iters: 2500, epoch: 7 | loss: 0.1844061
	speed: 0.0245s/iter; left time: 533.5871s
	iters: 2600, epoch: 7 | loss: 0.1831012
	speed: 0.0246s/iter; left time: 532.8107s
	iters: 2700, epoch: 7 | loss: 0.2678214
	speed: 0.0318s/iter; left time: 685.5035s
	iters: 2800, epoch: 7 | loss: 0.2230093
	speed: 0.0246s/iter; left time: 528.3682s
	iters: 2900, epoch: 7 | loss: 0.2317468
	speed: 0.0245s/iter; left time: 524.6760s
	iters: 3000, epoch: 7 | loss: 0.2726092
	speed: 0.0248s/iter; left time: 527.4444s
	iters: 3100, epoch: 7 | loss: 0.2792612
	speed: 0.0248s/iter; left time: 525.7254s
	iters: 3200, epoch: 7 | loss: 0.1814585
	speed: 0.0248s/iter; left time: 522.0013s
	iters: 3300, epoch: 7 | loss: 0.3162235
	speed: 0.0245s/iter; left time: 514.5068s
	iters: 100, epoch: 9 | loss: 0.4706636
	speed: 0.8374s/iter; left time: 355.9075s
	iters: 3400, epoch: 7 | loss: 0.2244625
	speed: 0.0245s/iter; left time: 511.0493s
	iters: 3500, epoch: 7 | loss: 0.2064195
	speed: 0.0246s/iter; left time: 510.1484s
	iters: 3600, epoch: 7 | loss: 0.2025224
	speed: 0.0251s/iter; left time: 517.9907s
	iters: 3700, epoch: 7 | loss: 0.1772118
	speed: 0.0246s/iter; left time: 506.9005s
	iters: 3800, epoch: 7 | loss: 0.1415427
	speed: 0.0246s/iter; left time: 503.1065s
	iters: 3900, epoch: 7 | loss: 0.2261564
	speed: 0.0250s/iter; left time: 508.4232s
	iters: 4000, epoch: 7 | loss: 0.2132349
	speed: 0.0247s/iter; left time: 500.4948s
	iters: 4100, epoch: 7 | loss: 0.1630909
	speed: 0.0248s/iter; left time: 501.0817s
	iters: 4200, epoch: 7 | loss: 0.2401445
	speed: 0.0246s/iter; left time: 493.3385s
	iters: 4300, epoch: 7 | loss: 0.1835121
	speed: 0.0246s/iter; left time: 491.4420s
	iters: 4400, epoch: 7 | loss: 0.4966893
	speed: 0.0251s/iter; left time: 499.7623s
	iters: 4500, epoch: 7 | loss: 0.3393499
	speed: 0.0246s/iter; left time: 485.8014s
	iters: 4600, epoch: 7 | loss: 0.0985417
	speed: 0.0250s/iter; left time: 492.3187s
	iters: 4700, epoch: 7 | loss: 0.2932411
	speed: 0.0248s/iter; left time: 486.1108s
	iters: 4800, epoch: 7 | loss: 0.3837119
	speed: 0.0247s/iter; left time: 480.2401s
	iters: 4900, epoch: 7 | loss: 0.1880205
	speed: 0.0248s/iter; left time: 480.3756s
	iters: 5000, epoch: 7 | loss: 0.1841657
	speed: 0.0245s/iter; left time: 473.0084s
	iters: 200, epoch: 9 | loss: 0.3649934
	speed: 0.4100s/iter; left time: 133.2473s
	iters: 5100, epoch: 7 | loss: 0.3114427
	speed: 0.0246s/iter; left time: 470.8096s
	iters: 5200, epoch: 7 | loss: 0.2640757
	speed: 0.0247s/iter; left time: 471.7469s
	iters: 5300, epoch: 7 | loss: 0.1893307
	speed: 0.0246s/iter; left time: 467.5895s
	iters: 5400, epoch: 7 | loss: 0.1893595
	speed: 0.0245s/iter; left time: 462.1050s
	iters: 5500, epoch: 7 | loss: 0.2546573
	speed: 0.0249s/iter; left time: 467.0979s
	iters: 5600, epoch: 7 | loss: 0.2541336
	speed: 0.0246s/iter; left time: 460.0550s
	iters: 5700, epoch: 7 | loss: 0.1892285
	speed: 0.0251s/iter; left time: 465.9688s
	iters: 5800, epoch: 7 | loss: 0.3159470
	speed: 0.0247s/iter; left time: 456.6995s
	iters: 5900, epoch: 7 | loss: 0.1568753
	speed: 0.0247s/iter; left time: 452.9989s
Epoch: 9 cost time: 103.48249363899231
	iters: 6000, epoch: 7 | loss: 0.2506434
	speed: 0.0246s/iter; left time: 448.8801s
Epoch: 7 cost time: 154.75364184379578
Epoch: 9, Steps: 262 | Train Loss: 0.4177227 Vali Loss: 1.0441888 Test Loss: 0.4212679
EarlyStopping counter: 2 out of 3
Updating learning rate to 3.90625e-07
Epoch: 7, Steps: 6069 | Train Loss: 0.2373514 Vali Loss: 0.3670602 Test Loss: 0.3820736
Validation loss decreased (0.369080 --> 0.367060).  Saving model ...
Updating learning rate to 7.8125e-06
	iters: 100, epoch: 8 | loss: 0.1867093
	speed: 0.2758s/iter; left time: 4993.4228s
	iters: 200, epoch: 8 | loss: 0.2189865
	speed: 0.0280s/iter; left time: 504.3322s
	iters: 300, epoch: 8 | loss: 0.2025265
	speed: 0.0245s/iter; left time: 439.1679s
	iters: 400, epoch: 8 | loss: 0.2217772
	speed: 0.0248s/iter; left time: 441.0887s
	iters: 500, epoch: 8 | loss: 0.1610621
	speed: 0.0245s/iter; left time: 434.5063s
	iters: 600, epoch: 8 | loss: 0.1477696
	speed: 0.0257s/iter; left time: 452.4389s
	iters: 700, epoch: 8 | loss: 0.2526128
	speed: 0.0251s/iter; left time: 439.9702s
	iters: 800, epoch: 8 | loss: 0.2484361
	speed: 0.0246s/iter; left time: 427.7050s
	iters: 900, epoch: 8 | loss: 0.1221496
	speed: 0.0246s/iter; left time: 425.2496s
	iters: 1000, epoch: 8 | loss: 0.1979581
	speed: 0.0246s/iter; left time: 422.9398s
	iters: 1100, epoch: 8 | loss: 0.2550076
	speed: 0.0247s/iter; left time: 421.9543s
	iters: 1200, epoch: 8 | loss: 0.3003108
	speed: 0.0248s/iter; left time: 421.3073s
	iters: 1300, epoch: 8 | loss: 0.2489897
	speed: 0.0248s/iter; left time: 419.0660s
	iters: 100, epoch: 10 | loss: 0.3651864
	speed: 0.8226s/iter; left time: 134.0851s
	iters: 1400, epoch: 8 | loss: 0.3935083
	speed: 0.0246s/iter; left time: 414.0084s
	iters: 1500, epoch: 8 | loss: 0.2077545
	speed: 0.0246s/iter; left time: 410.4994s
	iters: 1600, epoch: 8 | loss: 0.2419812
	speed: 0.0247s/iter; left time: 410.8764s
	iters: 1700, epoch: 8 | loss: 0.1836155
	speed: 0.0247s/iter; left time: 408.2785s
	iters: 1800, epoch: 8 | loss: 0.2681204
	speed: 0.0247s/iter; left time: 404.6831s
	iters: 1900, epoch: 8 | loss: 0.2365688
	speed: 0.0246s/iter; left time: 401.1217s
	iters: 2000, epoch: 8 | loss: 0.2941643
	speed: 0.0247s/iter; left time: 399.8260s
	iters: 2100, epoch: 8 | loss: 0.2112207
	speed: 0.0248s/iter; left time: 398.9263s
	iters: 2200, epoch: 8 | loss: 0.2252457
	speed: 0.0249s/iter; left time: 398.1980s
	iters: 2300, epoch: 8 | loss: 0.1472681
	speed: 0.0246s/iter; left time: 391.3028s
	iters: 2400, epoch: 8 | loss: 0.4086813
	speed: 0.0247s/iter; left time: 390.4071s
	iters: 2500, epoch: 8 | loss: 0.2616308
	speed: 0.0247s/iter; left time: 387.5129s
	iters: 2600, epoch: 8 | loss: 0.1774697
	speed: 0.0251s/iter; left time: 391.6600s
	iters: 2700, epoch: 8 | loss: 0.2587619
	speed: 0.0275s/iter; left time: 426.5019s
	iters: 2800, epoch: 8 | loss: 0.1511549
	speed: 0.0255s/iter; left time: 393.0064s
	iters: 200, epoch: 10 | loss: 0.4157157
	speed: 0.3827s/iter; left time: 24.1130s
	iters: 2900, epoch: 8 | loss: 0.2434307
	speed: 0.0245s/iter; left time: 375.3085s
	iters: 3000, epoch: 8 | loss: 0.2086783
	speed: 0.0249s/iter; left time: 378.6857s
	iters: 3100, epoch: 8 | loss: 0.1919493
	speed: 0.0251s/iter; left time: 378.7113s
	iters: 3200, epoch: 8 | loss: 0.1397829
	speed: 0.0252s/iter; left time: 378.0481s
	iters: 3300, epoch: 8 | loss: 0.2530573
	speed: 0.0264s/iter; left time: 393.6876s
	iters: 3400, epoch: 8 | loss: 0.1727370
	speed: 0.0246s/iter; left time: 363.8626s
	iters: 3500, epoch: 8 | loss: 0.2267625
	speed: 0.0247s/iter; left time: 363.4421s
	iters: 3600, epoch: 8 | loss: 0.3629986
	speed: 0.0246s/iter; left time: 359.0396s
	iters: 3700, epoch: 8 | loss: 0.2007723
	speed: 0.0249s/iter; left time: 360.6466s
	iters: 3800, epoch: 8 | loss: 0.2390935
	speed: 0.0247s/iter; left time: 355.2113s
Epoch: 10 cost time: 101.08441185951233
	iters: 3900, epoch: 8 | loss: 0.2412336
	speed: 0.0251s/iter; left time: 359.3615s
	iters: 4000, epoch: 8 | loss: 0.2615672
	speed: 0.0249s/iter; left time: 354.0605s
	iters: 4100, epoch: 8 | loss: 0.2537294
	speed: 0.0254s/iter; left time: 358.4390s
	iters: 4200, epoch: 8 | loss: 0.1383308
	speed: 0.0268s/iter; left time: 374.7676s
	iters: 4300, epoch: 8 | loss: 0.1800482
	speed: 0.0253s/iter; left time: 351.5329s
	iters: 4400, epoch: 8 | loss: 0.3621080
	speed: 0.0249s/iter; left time: 343.1327s
	iters: 4500, epoch: 8 | loss: 0.1567327
	speed: 0.0273s/iter; left time: 374.0651s
Epoch: 10, Steps: 262 | Train Loss: 0.4169549 Vali Loss: 1.0425413 Test Loss: 0.4216047
EarlyStopping counter: 3 out of 3
Early stopping
>>>>>>>testing : long_term_forecast_FPEMH48H192_ETTh1_96_192_FEDformer_ETTh1_ftM_sl96_ll48_pl192_dm512_nh8_el2_dl1_df2048_expand2_dc4_fc3_ebtimeF_dtTrue_FPEMH48H192_FEDformer_ETTh1_192_0<<<<<<<<<<<<<<<<<<<<<<<<<<<<<<<<<
test 2689
	iters: 4600, epoch: 8 | loss: 0.2612078
	speed: 0.0247s/iter; left time: 336.6669s
	iters: 4700, epoch: 8 | loss: 0.1931869
	speed: 0.0256s/iter; left time: 345.9750s
	iters: 4800, epoch: 8 | loss: 0.3080328
	speed: 0.0244s/iter; left time: 327.3766s
	iters: 4900, epoch: 8 | loss: 0.2398826
	speed: 0.0248s/iter; left time: 330.6584s
	iters: 5000, epoch: 8 | loss: 0.1538383
	speed: 0.0248s/iter; left time: 328.2038s
test shape: (2689, 192, 7) (2689, 192, 7)
test shape: (2689, 192, 7) (2689, 192, 7)
mse:0.41983479261398315, mae:0.44403642416000366, dtw:Not calculated
dataset=ETTm1 pred_len=48 backbone=FEDformer GPU=2 output=results/fpem_classic_baselines_h48_h192/FEDformer/ETTm1/pred_48
exact command: env CUDA_VISIBLE_DEVICES=2 /data/OuXiaoyu/miniconda3/envs/basicts/bin/python -u run.py --task_name long_term_forecast --is_training 1 --root_path ./dataset/all_datasets/ETT-small --data_path ETTm1.csv --model_id FPEMH48H192_ETTm1_96_48 --model FEDformer --data ETTm1 --features M --target OT --freq 15min --seq_len 96 --label_len 48 --pred_len 48 --e_layers 2 --d_layers 1 --factor 3 --enc_in 7 --dec_in 7 --c_out 7 --d_model 512 --d_ff 2048 --n_heads 8 --batch_size 32 --learning_rate 1e-4 --train_epochs 10 --patience 3 --num_workers 0 --des FPEMH48H192_FEDformer_ETTm1_48 --itr 1 --checkpoints results/fpem_classic_baselines_h48_h192/FEDformer/ETTm1/pred_48/checkpoints 
	iters: 5100, epoch: 8 | loss: 0.2738104
	speed: 0.0266s/iter; left time: 348.5046s
Using GPU
Args in experiment:
[1mBasic Config[0m
  Task Name:          long_term_forecast  Is Training:        1                   
  Model ID:           FPEMH48H192_ETTm1_96_48Model:              FEDformer           

[1mData Loader[0m
  Data:               ETTm1               Root Path:          ./dataset/all_datasets/ETT-small
  Data Path:          ETTm1.csv           Features:           M                   
  Target:             OT                  Freq:               15min               
  Checkpoints:        results/fpem_classic_baselines_h48_h192/FEDformer/ETTm1/pred_48/checkpoints

[1mForecasting Task[0m
  Seq Len:            96                  Label Len:          48                  
  Pred Len:           48                  Seasonal Patterns:  Monthly             
  Inverse:            0                   

[1mModel Parameters[0m
  Top k:              5                   Num Kernels:        6                   
  Enc In:             7                   Dec In:             7                   
  C Out:              7                   d model:            512                 
  n heads:            8                   e layers:           2                   
  d layers:           1                   d FF:               2048                
  Moving Avg:         25                  Factor:             3                   
  Distil:             1                   Dropout:            0.1                 
  Embed:              timeF               Activation:         gelu                

[1mRun Parameters[0m
  Num Workers:        0                   Itr:                1                   
  Train Epochs:       10                  Batch Size:         32                  
  Patience:           3                   Learning Rate:      0.0001              
  Des:                FPEMH48H192_FEDformer_ETTm1_48Loss:               MSE                 
  Lradj:              type1               Use Amp:            0                   

[1mGPU[0m
  Use GPU:            1                   GPU:                0                   
  Use Multi GPU:      0                   Devices:            0,1,2,3             

[1mDe-stationary Projector Params[0m
  P Hidden Dims:      128, 128            P Hidden Layers:    2                   

	iters: 5200, epoch: 8 | loss: 0.1399798
	speed: 0.0263s/iter; left time: 342.1266s
Use GPU: cuda:0
🚀 Lazy Loading: FEDformer ...
Traceback (most recent call last):
  File "/data/OuXiaoyu/Time-Series-Library-FPEM/run.py", line 351, in <module>
    exp = Exp(args)  # set experiments
          ^^^^^^^^^
  File "/data/OuXiaoyu/Time-Series-Library-FPEM/exp/exp_long_term_forecasting.py", line 64, in __init__
    super(Exp_Long_Term_Forecast, self).__init__(args)
  File "/data/OuXiaoyu/Time-Series-Library-FPEM/exp/exp_basic.py", line 23, in __init__
    self.model = self._build_model().to(self.device)
                 ^^^^^^^^^^^^^^^^^^^
  File "/data/OuXiaoyu/Time-Series-Library-FPEM/exp/exp_long_term_forecasting.py", line 67, in _build_model
    model = self.model_dict[self.args.model](self.args).float()
            ^^^^^^^^^^^^^^^^^^^^^^^^^^^^^^^^^^^^^^^^^^^
  File "/data/OuXiaoyu/Time-Series-Library-FPEM/models/FEDformer.py", line 35, in __init__
    self.enc_embedding = DataEmbedding(configs.enc_in, configs.d_model, configs.embed, configs.freq,
                         ^^^^^^^^^^^^^^^^^^^^^^^^^^^^^^^^^^^^^^^^^^^^^^^^^^^^^^^^^^^^^^^^^^^^^^^^^^^
  File "/data/OuXiaoyu/Time-Series-Library-FPEM/layers/Embed.py", line 116, in __init__
    freq=freq) if embed_type != 'timeF' else TimeFeatureEmbedding(
                                             ^^^^^^^^^^^^^^^^^^^^^
  File "/data/OuXiaoyu/Time-Series-Library-FPEM/layers/Embed.py", line 102, in __init__
    d_inp = freq_map[freq]
            ~~~~~~~~^^^^^^
KeyError: '15min'
baseline metrics.npy not found
dataset=ETTm2 pred_len=192 backbone=FEDformer GPU=2 output=results/fpem_classic_baselines_h48_h192/FEDformer/ETTm2/pred_192
exact command: env CUDA_VISIBLE_DEVICES=2 /data/OuXiaoyu/miniconda3/envs/basicts/bin/python -u run.py --task_name long_term_forecast --is_training 1 --root_path ./dataset/all_datasets/ETT-small --data_path ETTm2.csv --model_id FPEMH48H192_ETTm2_96_192 --model FEDformer --data ETTm2 --features M --target OT --freq 15min --seq_len 96 --label_len 48 --pred_len 192 --e_layers 2 --d_layers 1 --factor 3 --enc_in 7 --dec_in 7 --c_out 7 --d_model 512 --d_ff 2048 --n_heads 8 --batch_size 32 --learning_rate 1e-4 --train_epochs 10 --patience 3 --num_workers 0 --des FPEMH48H192_FEDformer_ETTm2_192 --itr 1 --checkpoints results/fpem_classic_baselines_h48_h192/FEDformer/ETTm2/pred_192/checkpoints 
	iters: 5300, epoch: 8 | loss: 0.2458634
	speed: 0.0250s/iter; left time: 323.2566s
Using GPU
Args in experiment:
[1mBasic Config[0m
  Task Name:          long_term_forecast  Is Training:        1                   
  Model ID:           FPEMH48H192_ETTm2_96_192Model:              FEDformer           

[1mData Loader[0m
  Data:               ETTm2               Root Path:          ./dataset/all_datasets/ETT-small
  Data Path:          ETTm2.csv           Features:           M                   
  Target:             OT                  Freq:               15min               
  Checkpoints:        results/fpem_classic_baselines_h48_h192/FEDformer/ETTm2/pred_192/checkpoints

[1mForecasting Task[0m
  Seq Len:            96                  Label Len:          48                  
  Pred Len:           192                 Seasonal Patterns:  Monthly             
  Inverse:            0                   

[1mModel Parameters[0m
  Top k:              5                   Num Kernels:        6                   
  Enc In:             7                   Dec In:             7                   
  C Out:              7                   d model:            512                 
  n heads:            8                   e layers:           2                   
  d layers:           1                   d FF:               2048                
  Moving Avg:         25                  Factor:             3                   
  Distil:             1                   Dropout:            0.1                 
  Embed:              timeF               Activation:         gelu                

[1mRun Parameters[0m
  Num Workers:        0                   Itr:                1                   
  Train Epochs:       10                  Batch Size:         32                  
  Patience:           3                   Learning Rate:      0.0001              
  Des:                FPEMH48H192_FEDformer_ETTm2_192Loss:               MSE                 
  Lradj:              type1               Use Amp:            0                   

[1mGPU[0m
  Use GPU:            1                   GPU:                0                   
  Use Multi GPU:      0                   Devices:            0,1,2,3             

[1mDe-stationary Projector Params[0m
  P Hidden Dims:      128, 128            P Hidden Layers:    2                   

	iters: 5400, epoch: 8 | loss: 0.1940649
	speed: 0.0259s/iter; left time: 331.8237s
Use GPU: cuda:0
🚀 Lazy Loading: FEDformer ...
Traceback (most recent call last):
  File "/data/OuXiaoyu/Time-Series-Library-FPEM/run.py", line 351, in <module>
    exp = Exp(args)  # set experiments
          ^^^^^^^^^
  File "/data/OuXiaoyu/Time-Series-Library-FPEM/exp/exp_long_term_forecasting.py", line 64, in __init__
    super(Exp_Long_Term_Forecast, self).__init__(args)
  File "/data/OuXiaoyu/Time-Series-Library-FPEM/exp/exp_basic.py", line 23, in __init__
    self.model = self._build_model().to(self.device)
                 ^^^^^^^^^^^^^^^^^^^
  File "/data/OuXiaoyu/Time-Series-Library-FPEM/exp/exp_long_term_forecasting.py", line 67, in _build_model
    model = self.model_dict[self.args.model](self.args).float()
            ^^^^^^^^^^^^^^^^^^^^^^^^^^^^^^^^^^^^^^^^^^^
  File "/data/OuXiaoyu/Time-Series-Library-FPEM/models/FEDformer.py", line 35, in __init__
    self.enc_embedding = DataEmbedding(configs.enc_in, configs.d_model, configs.embed, configs.freq,
                         ^^^^^^^^^^^^^^^^^^^^^^^^^^^^^^^^^^^^^^^^^^^^^^^^^^^^^^^^^^^^^^^^^^^^^^^^^^^
  File "/data/OuXiaoyu/Time-Series-Library-FPEM/layers/Embed.py", line 116, in __init__
    freq=freq) if embed_type != 'timeF' else TimeFeatureEmbedding(
                                             ^^^^^^^^^^^^^^^^^^^^^
  File "/data/OuXiaoyu/Time-Series-Library-FPEM/layers/Embed.py", line 102, in __init__
    d_inp = freq_map[freq]
            ~~~~~~~~^^^^^^
KeyError: '15min'
baseline metrics.npy not found
dataset=Weather pred_len=48 backbone=FEDformer GPU=2 output=results/fpem_classic_baselines_h48_h192/FEDformer/Weather/pred_48
exact command: env CUDA_VISIBLE_DEVICES=2 /data/OuXiaoyu/miniconda3/envs/basicts/bin/python -u run.py --task_name long_term_forecast --is_training 1 --root_path ./dataset/all_datasets/weather --data_path weather.csv --model_id FPEMH48H192_Weather_96_48 --model FEDformer --data custom --features M --target OT --freq 10min --seq_len 96 --label_len 48 --pred_len 48 --e_layers 2 --d_layers 1 --factor 3 --enc_in 21 --dec_in 21 --c_out 21 --d_model 512 --d_ff 2048 --n_heads 8 --batch_size 16 --learning_rate 1e-4 --train_epochs 10 --patience 3 --num_workers 0 --des FPEMH48H192_FEDformer_Weather_48 --itr 1 --checkpoints results/fpem_classic_baselines_h48_h192/FEDformer/Weather/pred_48/checkpoints 
	iters: 5500, epoch: 8 | loss: 0.2154332
	speed: 0.0266s/iter; left time: 337.6864s
Using GPU
Args in experiment:
[1mBasic Config[0m
  Task Name:          long_term_forecast  Is Training:        1                   
  Model ID:           FPEMH48H192_Weather_96_48Model:              FEDformer           

[1mData Loader[0m
  Data:               custom              Root Path:          ./dataset/all_datasets/weather
  Data Path:          weather.csv         Features:           M                   
  Target:             OT                  Freq:               10min               
  Checkpoints:        results/fpem_classic_baselines_h48_h192/FEDformer/Weather/pred_48/checkpoints

[1mForecasting Task[0m
  Seq Len:            96                  Label Len:          48                  
  Pred Len:           48                  Seasonal Patterns:  Monthly             
  Inverse:            0                   

[1mModel Parameters[0m
  Top k:              5                   Num Kernels:        6                   
  Enc In:             21                  Dec In:             21                  
  C Out:              21                  d model:            512                 
  n heads:            8                   e layers:           2                   
  d layers:           1                   d FF:               2048                
  Moving Avg:         25                  Factor:             3                   
  Distil:             1                   Dropout:            0.1                 
  Embed:              timeF               Activation:         gelu                

[1mRun Parameters[0m
  Num Workers:        0                   Itr:                1                   
  Train Epochs:       10                  Batch Size:         16                  
  Patience:           3                   Learning Rate:      0.0001              
  Des:                FPEMH48H192_FEDformer_Weather_48Loss:               MSE                 
  Lradj:              type1               Use Amp:            0                   

[1mGPU[0m
  Use GPU:            1                   GPU:                0                   
  Use Multi GPU:      0                   Devices:            0,1,2,3             

[1mDe-stationary Projector Params[0m
  P Hidden Dims:      128, 128            P Hidden Layers:    2                   

	iters: 5600, epoch: 8 | loss: 0.2026690
	speed: 0.0255s/iter; left time: 322.0875s
Use GPU: cuda:0
🚀 Lazy Loading: FEDformer ...
Traceback (most recent call last):
  File "/data/OuXiaoyu/Time-Series-Library-FPEM/run.py", line 351, in <module>
    exp = Exp(args)  # set experiments
          ^^^^^^^^^
  File "/data/OuXiaoyu/Time-Series-Library-FPEM/exp/exp_long_term_forecasting.py", line 64, in __init__
    super(Exp_Long_Term_Forecast, self).__init__(args)
  File "/data/OuXiaoyu/Time-Series-Library-FPEM/exp/exp_basic.py", line 23, in __init__
    self.model = self._build_model().to(self.device)
                 ^^^^^^^^^^^^^^^^^^^
  File "/data/OuXiaoyu/Time-Series-Library-FPEM/exp/exp_long_term_forecasting.py", line 67, in _build_model
    model = self.model_dict[self.args.model](self.args).float()
            ^^^^^^^^^^^^^^^^^^^^^^^^^^^^^^^^^^^^^^^^^^^
  File "/data/OuXiaoyu/Time-Series-Library-FPEM/models/FEDformer.py", line 35, in __init__
    self.enc_embedding = DataEmbedding(configs.enc_in, configs.d_model, configs.embed, configs.freq,
                         ^^^^^^^^^^^^^^^^^^^^^^^^^^^^^^^^^^^^^^^^^^^^^^^^^^^^^^^^^^^^^^^^^^^^^^^^^^^
  File "/data/OuXiaoyu/Time-Series-Library-FPEM/layers/Embed.py", line 116, in __init__
    freq=freq) if embed_type != 'timeF' else TimeFeatureEmbedding(
                                             ^^^^^^^^^^^^^^^^^^^^^
  File "/data/OuXiaoyu/Time-Series-Library-FPEM/layers/Embed.py", line 102, in __init__
    d_inp = freq_map[freq]
            ~~~~~~~~^^^^^^
KeyError: '10min'
baseline metrics.npy not found
dataset=Electricity pred_len=192 backbone=FEDformer GPU=2 output=results/fpem_classic_baselines_h48_h192/FEDformer/Electricity/pred_192
exact command: env CUDA_VISIBLE_DEVICES=2 /data/OuXiaoyu/miniconda3/envs/basicts/bin/python -u run.py --task_name long_term_forecast --is_training 1 --root_path ./dataset/all_datasets/electricity --data_path electricity.csv --model_id FPEMH48H192_Electricity_96_192 --model FEDformer --data custom --features M --target OT --freq h --seq_len 96 --label_len 48 --pred_len 192 --e_layers 2 --d_layers 1 --factor 3 --enc_in 321 --dec_in 321 --c_out 321 --d_model 512 --d_ff 2048 --n_heads 8 --batch_size 4 --learning_rate 1e-4 --train_epochs 10 --patience 3 --num_workers 0 --des FPEMH48H192_FEDformer_Electricity_192 --itr 1 --checkpoints results/fpem_classic_baselines_h48_h192/FEDformer/Electricity/pred_192/checkpoints 
	iters: 5700, epoch: 8 | loss: 0.2032463
	speed: 0.0262s/iter; left time: 327.4747s
Using GPU
Args in experiment:
[1mBasic Config[0m
  Task Name:          long_term_forecast  Is Training:        1                   
  Model ID:           FPEMH48H192_Electricity_96_192Model:              FEDformer           

[1mData Loader[0m
  Data:               custom              Root Path:          ./dataset/all_datasets/electricity
  Data Path:          electricity.csv     Features:           M                   
  Target:             OT                  Freq:               h                   
  Checkpoints:        results/fpem_classic_baselines_h48_h192/FEDformer/Electricity/pred_192/checkpoints

[1mForecasting Task[0m
  Seq Len:            96                  Label Len:          48                  
  Pred Len:           192                 Seasonal Patterns:  Monthly             
  Inverse:            0                   

[1mModel Parameters[0m
  Top k:              5                   Num Kernels:        6                   
  Enc In:             321                 Dec In:             321                 
  C Out:              321                 d model:            512                 
  n heads:            8                   e layers:           2                   
  d layers:           1                   d FF:               2048                
  Moving Avg:         25                  Factor:             3                   
  Distil:             1                   Dropout:            0.1                 
  Embed:              timeF               Activation:         gelu                

[1mRun Parameters[0m
  Num Workers:        0                   Itr:                1                   
  Train Epochs:       10                  Batch Size:         4                   
  Patience:           3                   Learning Rate:      0.0001              
  Des:                FPEMH48H192_FEDformer_Electricity_192Loss:               MSE                 
  Lradj:              type1               Use Amp:            0                   

[1mGPU[0m
  Use GPU:            1                   GPU:                0                   
  Use Multi GPU:      0                   Devices:            0,1,2,3             

[1mDe-stationary Projector Params[0m
  P Hidden Dims:      128, 128            P Hidden Layers:    2                   

	iters: 5800, epoch: 8 | loss: 0.2322507
	speed: 0.0256s/iter; left time: 317.4265s
Use GPU: cuda:0
🚀 Lazy Loading: FEDformer ...
fourier enhanced block used!
modes=32, index=[2, 3, 4, 5, 8, 9, 10, 11, 13, 14, 15, 16, 17, 18, 19, 20, 23, 25, 26, 28, 31, 32, 34, 35, 37, 38, 39, 40, 42, 43, 44, 46]
fourier enhanced block used!
modes=32, index=[0, 2, 6, 8, 10, 13, 14, 21, 22, 23, 28, 34, 35, 36, 42, 44, 45, 52, 55, 64, 66, 67, 68, 69, 72, 73, 83, 93, 98, 115, 117, 119]
 fourier enhanced cross attention used!
modes_q=32, index_q=[1, 5, 8, 12, 15, 20, 22, 26, 28, 30, 31, 36, 37, 46, 48, 55, 63, 64, 66, 77, 78, 81, 82, 85, 88, 90, 91, 94, 97, 99, 106, 107]
modes_kv=32, index_kv=[0, 1, 4, 6, 7, 11, 12, 13, 14, 17, 18, 19, 23, 24, 25, 26, 27, 28, 29, 31, 32, 33, 34, 35, 37, 38, 39, 40, 43, 44, 45, 46]
>>>>>>>start training : long_term_forecast_FPEMH48H192_Electricity_96_192_FEDformer_custom_ftM_sl96_ll48_pl192_dm512_nh8_el2_dl1_df2048_expand2_dc4_fc3_ebtimeF_dtTrue_FPEMH48H192_FEDformer_Electricity_192_0>>>>>>>>>>>>>>>>>>>>>>>>>>
	iters: 5900, epoch: 8 | loss: 0.2837557
	speed: 0.0248s/iter; left time: 305.5681s
train 18125
val 2441
	iters: 6000, epoch: 8 | loss: 0.4962703
	speed: 0.0247s/iter; left time: 301.0477s
test 5069
Epoch: 8 cost time: 152.6665005683899
Epoch: 8, Steps: 6069 | Train Loss: 0.2356946 Vali Loss: 0.3667104 Test Loss: 0.3811746
Validation loss decreased (0.367060 --> 0.366710).  Saving model ...
Updating learning rate to 3.90625e-06
	iters: 100, epoch: 9 | loss: 0.2667171
	speed: 0.3022s/iter; left time: 3638.0273s
	iters: 200, epoch: 9 | loss: 0.4465855
	speed: 0.0245s/iter; left time: 293.0589s
	iters: 300, epoch: 9 | loss: 0.2543247
	speed: 0.0244s/iter; left time: 289.3506s
	iters: 400, epoch: 9 | loss: 0.1665512
	speed: 0.0248s/iter; left time: 291.1641s
	iters: 500, epoch: 9 | loss: 0.3597183
	speed: 0.0246s/iter; left time: 286.6892s
	iters: 600, epoch: 9 | loss: 0.1986245
	speed: 0.0257s/iter; left time: 296.0443s
	iters: 100, epoch: 1 | loss: 0.3324646
	speed: 0.4220s/iter; left time: 19082.8248s
	iters: 700, epoch: 9 | loss: 0.2581615
	speed: 0.0247s/iter; left time: 282.0809s
	iters: 800, epoch: 9 | loss: 0.3659971
	speed: 0.0245s/iter; left time: 278.3013s
	iters: 900, epoch: 9 | loss: 0.1905856
	speed: 0.0245s/iter; left time: 275.6825s
	iters: 1000, epoch: 9 | loss: 0.2313879
	speed: 0.0249s/iter; left time: 277.0270s
	iters: 1100, epoch: 9 | loss: 0.2272368
	speed: 0.0274s/iter; left time: 302.3932s
	iters: 1200, epoch: 9 | loss: 0.1432468
	speed: 0.0246s/iter; left time: 268.5533s
	iters: 1300, epoch: 9 | loss: 0.3941050
	speed: 0.0256s/iter; left time: 276.9820s
	iters: 1400, epoch: 9 | loss: 0.3302051
	speed: 0.0246s/iter; left time: 264.3324s
	iters: 1500, epoch: 9 | loss: 0.2545552
	speed: 0.0247s/iter; left time: 262.7523s
	iters: 1600, epoch: 9 | loss: 0.1533992
	speed: 0.0289s/iter; left time: 304.3276s
	iters: 1700, epoch: 9 | loss: 0.3073577
	speed: 0.0244s/iter; left time: 254.6607s
	iters: 1800, epoch: 9 | loss: 0.2511035
	speed: 0.0244s/iter; left time: 252.1305s
	iters: 1900, epoch: 9 | loss: 0.1516877
	speed: 0.0249s/iter; left time: 255.1053s
	iters: 2000, epoch: 9 | loss: 0.2288116
	speed: 0.0248s/iter; left time: 251.9469s
	iters: 2100, epoch: 9 | loss: 0.2164814
	speed: 0.0251s/iter; left time: 251.9846s
	iters: 200, epoch: 1 | loss: 0.2629005
	speed: 0.3995s/iter; left time: 18026.8380s
	iters: 2200, epoch: 9 | loss: 0.2251347
	speed: 0.0247s/iter; left time: 245.2168s
	iters: 2300, epoch: 9 | loss: 0.3308000
	speed: 0.0250s/iter; left time: 245.9470s
	iters: 2400, epoch: 9 | loss: 0.1628415
	speed: 0.0249s/iter; left time: 242.2252s
	iters: 2500, epoch: 9 | loss: 0.1544129
	speed: 0.0246s/iter; left time: 237.1562s
	iters: 2600, epoch: 9 | loss: 0.2968274
	speed: 0.0250s/iter; left time: 238.8382s
	iters: 2700, epoch: 9 | loss: 0.2020379
	speed: 0.0246s/iter; left time: 232.3843s
	iters: 2800, epoch: 9 | loss: 0.3482783
	speed: 0.0246s/iter; left time: 229.4149s
	iters: 2900, epoch: 9 | loss: 0.2704672
	speed: 0.0247s/iter; left time: 228.2368s
	iters: 3000, epoch: 9 | loss: 0.1116701
	speed: 0.0253s/iter; left time: 231.1542s
	iters: 3100, epoch: 9 | loss: 0.3398026
	speed: 0.0248s/iter; left time: 224.2133s
	iters: 3200, epoch: 9 | loss: 0.1577426
	speed: 0.0245s/iter; left time: 219.4251s
	iters: 3300, epoch: 9 | loss: 0.1696701
	speed: 0.0248s/iter; left time: 218.8994s
	iters: 3400, epoch: 9 | loss: 0.2654447
	speed: 0.0248s/iter; left time: 216.6435s
	iters: 3500, epoch: 9 | loss: 0.5703434
	speed: 0.0248s/iter; left time: 214.1829s
	iters: 3600, epoch: 9 | loss: 0.1826774
	speed: 0.0246s/iter; left time: 210.1933s
	iters: 3700, epoch: 9 | loss: 0.2496829
	speed: 0.0246s/iter; left time: 207.3036s
	iters: 300, epoch: 1 | loss: 0.3562043
	speed: 0.3933s/iter; left time: 17707.4930s
	iters: 3800, epoch: 9 | loss: 0.1907285
	speed: 0.0247s/iter; left time: 205.7153s
	iters: 3900, epoch: 9 | loss: 0.3958403
	speed: 0.0245s/iter; left time: 201.6543s
	iters: 4000, epoch: 9 | loss: 0.1657829
	speed: 0.0250s/iter; left time: 203.2183s
	iters: 4100, epoch: 9 | loss: 0.1392512
	speed: 0.0264s/iter; left time: 212.2355s
	iters: 4200, epoch: 9 | loss: 0.2416566
	speed: 0.0254s/iter; left time: 201.6264s
	iters: 4300, epoch: 9 | loss: 0.1938573
	speed: 0.0247s/iter; left time: 193.6084s
	iters: 4400, epoch: 9 | loss: 0.1568641
	speed: 0.0245s/iter; left time: 189.6515s
	iters: 4500, epoch: 9 | loss: 0.3115143
	speed: 0.0246s/iter; left time: 187.8559s
	iters: 4600, epoch: 9 | loss: 0.1985127
	speed: 0.0248s/iter; left time: 187.1965s
	iters: 4700, epoch: 9 | loss: 0.2385515
	speed: 0.0250s/iter; left time: 186.2903s
	iters: 4800, epoch: 9 | loss: 0.2127549
	speed: 0.0256s/iter; left time: 187.7335s
	iters: 4900, epoch: 9 | loss: 0.3850296
	speed: 0.0247s/iter; left time: 178.7281s
	iters: 5000, epoch: 9 | loss: 0.1563275
	speed: 0.0245s/iter; left time: 175.0866s
	iters: 5100, epoch: 9 | loss: 0.2994798
	speed: 0.0250s/iter; left time: 175.6969s
	iters: 5200, epoch: 9 | loss: 0.1710836
	speed: 0.0265s/iter; left time: 184.0698s
	iters: 5300, epoch: 9 | loss: 0.2290120
	speed: 0.0248s/iter; left time: 169.5251s
	iters: 5400, epoch: 9 | loss: 0.3160079
	speed: 0.0247s/iter; left time: 166.4200s
	iters: 400, epoch: 1 | loss: 0.2733391
	speed: 0.4121s/iter; left time: 18510.6618s
	iters: 5500, epoch: 9 | loss: 0.2058141
	speed: 0.0248s/iter; left time: 164.7396s
	iters: 5600, epoch: 9 | loss: 0.1795215
	speed: 0.0274s/iter; left time: 179.1244s
	iters: 5700, epoch: 9 | loss: 0.1294134
	speed: 0.0259s/iter; left time: 166.8496s
	iters: 5800, epoch: 9 | loss: 0.2603283
	speed: 0.0249s/iter; left time: 157.6288s
	iters: 5900, epoch: 9 | loss: 0.1509609
	speed: 0.0254s/iter; left time: 158.1744s
	iters: 6000, epoch: 9 | loss: 0.2615334
	speed: 0.0248s/iter; left time: 152.1212s
Epoch: 9 cost time: 152.3379466533661
Epoch: 9, Steps: 6069 | Train Loss: 0.2348322 Vali Loss: 0.3662065 Test Loss: 0.3807665
Validation loss decreased (0.366710 --> 0.366206).  Saving model ...
Updating learning rate to 1.953125e-06
	iters: 500, epoch: 1 | loss: 0.3244947
	speed: 0.3967s/iter; left time: 17780.9534s
	iters: 100, epoch: 10 | loss: 0.2552646
	speed: 0.2730s/iter; left time: 1629.8863s
	iters: 200, epoch: 10 | loss: 0.2125558
	speed: 0.0251s/iter; left time: 147.6112s
	iters: 300, epoch: 10 | loss: 0.2257061
	speed: 0.0247s/iter; left time: 142.5252s
	iters: 400, epoch: 10 | loss: 0.2590802
	speed: 0.0247s/iter; left time: 139.9395s
	iters: 500, epoch: 10 | loss: 0.2710101
	speed: 0.0248s/iter; left time: 138.3710s
	iters: 600, epoch: 10 | loss: 0.1612386
	speed: 0.0272s/iter; left time: 148.8585s
	iters: 700, epoch: 10 | loss: 0.1120303
	speed: 0.0259s/iter; left time: 139.2460s
	iters: 800, epoch: 10 | loss: 0.2383270
	speed: 0.0246s/iter; left time: 129.7986s
	iters: 900, epoch: 10 | loss: 0.3420874
	speed: 0.0245s/iter; left time: 126.8733s
	iters: 1000, epoch: 10 | loss: 0.3258204
	speed: 0.0249s/iter; left time: 126.4263s
	iters: 1100, epoch: 10 | loss: 0.2363104
	speed: 0.0262s/iter; left time: 130.0172s
	iters: 1200, epoch: 10 | loss: 0.2501824
	speed: 0.0258s/iter; left time: 125.5864s
	iters: 1300, epoch: 10 | loss: 0.2153126
	speed: 0.0245s/iter; left time: 116.8952s
	iters: 1400, epoch: 10 | loss: 0.2891662
	speed: 0.0246s/iter; left time: 114.6823s
	iters: 1500, epoch: 10 | loss: 0.1677170
	speed: 0.0249s/iter; left time: 113.8039s
	iters: 1600, epoch: 10 | loss: 0.2415625
	speed: 0.0270s/iter; left time: 120.7055s
	iters: 600, epoch: 1 | loss: 0.2620295
	speed: 0.4207s/iter; left time: 18813.9683s
	iters: 1700, epoch: 10 | loss: 0.2924738
	speed: 0.0249s/iter; left time: 108.9841s
	iters: 1800, epoch: 10 | loss: 0.2232624
	speed: 0.0247s/iter; left time: 105.3349s
	iters: 1900, epoch: 10 | loss: 0.2543370
	speed: 0.0246s/iter; left time: 102.4137s
	iters: 2000, epoch: 10 | loss: 0.2937764
	speed: 0.0246s/iter; left time: 100.1766s
	iters: 2100, epoch: 10 | loss: 0.3150401
	speed: 0.0250s/iter; left time: 99.1272s
	iters: 2200, epoch: 10 | loss: 0.0928318
	speed: 0.0246s/iter; left time: 95.3876s
	iters: 2300, epoch: 10 | loss: 0.3689456
	speed: 0.0246s/iter; left time: 92.5925s
	iters: 2400, epoch: 10 | loss: 0.1315923
	speed: 0.0248s/iter; left time: 90.8968s
	iters: 2500, epoch: 10 | loss: 0.1658486
	speed: 0.0251s/iter; left time: 89.4974s
	iters: 2600, epoch: 10 | loss: 0.2234823
	speed: 0.0260s/iter; left time: 90.2636s
	iters: 2700, epoch: 10 | loss: 0.2491798
	speed: 0.0248s/iter; left time: 83.6811s
	iters: 2800, epoch: 10 | loss: 0.2299653
	speed: 0.0247s/iter; left time: 80.7567s
	iters: 2900, epoch: 10 | loss: 0.2868196
	speed: 0.0246s/iter; left time: 78.0796s
	iters: 3000, epoch: 10 | loss: 0.2579469
	speed: 0.0247s/iter; left time: 75.8327s
	iters: 3100, epoch: 10 | loss: 0.1174864
	speed: 0.0249s/iter; left time: 74.0322s
	iters: 3200, epoch: 10 | loss: 0.1610615
	speed: 0.0249s/iter; left time: 71.3900s
	iters: 700, epoch: 1 | loss: 0.2368147
	speed: 0.3979s/iter; left time: 17756.6222s
	iters: 3300, epoch: 10 | loss: 0.1717818
	speed: 0.0247s/iter; left time: 68.3116s
	iters: 3400, epoch: 10 | loss: 0.2239339
	speed: 0.0244s/iter; left time: 65.2090s
	iters: 3500, epoch: 10 | loss: 0.3105310
	speed: 0.0246s/iter; left time: 63.1948s
	iters: 3600, epoch: 10 | loss: 0.2287053
	speed: 0.0249s/iter; left time: 61.4037s
	iters: 3700, epoch: 10 | loss: 0.2154223
	speed: 0.0262s/iter; left time: 62.0570s
	iters: 3800, epoch: 10 | loss: 0.1933071
	speed: 0.0246s/iter; left time: 55.7743s
	iters: 3900, epoch: 10 | loss: 0.2673605
	speed: 0.0335s/iter; left time: 72.6951s
	iters: 4000, epoch: 10 | loss: 0.3164240
	speed: 0.0264s/iter; left time: 54.7206s
	iters: 4100, epoch: 10 | loss: 0.3914749
	speed: 0.0273s/iter; left time: 53.8497s
	iters: 4200, epoch: 10 | loss: 0.2182661
	speed: 0.0249s/iter; left time: 46.5931s
	iters: 4300, epoch: 10 | loss: 0.1767131
	speed: 0.0244s/iter; left time: 43.1015s
	iters: 4400, epoch: 10 | loss: 0.1679317
	speed: 0.0247s/iter; left time: 41.1674s
	iters: 4500, epoch: 10 | loss: 0.2544518
	speed: 0.0247s/iter; left time: 38.8396s
	iters: 4600, epoch: 10 | loss: 0.2127446
	speed: 0.0248s/iter; left time: 36.4801s
	iters: 4700, epoch: 10 | loss: 0.3193364
	speed: 0.0246s/iter; left time: 33.7116s
	iters: 800, epoch: 1 | loss: 0.2806429
	speed: 0.3896s/iter; left time: 17346.9292s
	iters: 4800, epoch: 10 | loss: 0.1858681
	speed: 0.0247s/iter; left time: 31.4196s
	iters: 4900, epoch: 10 | loss: 0.2216350
	speed: 0.0247s/iter; left time: 28.8856s
	iters: 5000, epoch: 10 | loss: 0.2414238
	speed: 0.0246s/iter; left time: 26.3291s
	iters: 5100, epoch: 10 | loss: 0.2693993
	speed: 0.0249s/iter; left time: 24.1424s
	iters: 5200, epoch: 10 | loss: 0.3155698
	speed: 0.0247s/iter; left time: 21.4606s
	iters: 5300, epoch: 10 | loss: 0.1524046
	speed: 0.0246s/iter; left time: 18.9630s
	iters: 5400, epoch: 10 | loss: 0.1773406
	speed: 0.0245s/iter; left time: 16.4412s
	iters: 5500, epoch: 10 | loss: 0.1756917
	speed: 0.0246s/iter; left time: 14.0446s
	iters: 5600, epoch: 10 | loss: 0.1810479
	speed: 0.0247s/iter; left time: 11.6127s
	iters: 5700, epoch: 10 | loss: 0.2908776
	speed: 0.0247s/iter; left time: 9.1456s
	iters: 5800, epoch: 10 | loss: 0.2217790
	speed: 0.0246s/iter; left time: 6.6413s
	iters: 5900, epoch: 10 | loss: 0.1786785
	speed: 0.0246s/iter; left time: 4.1752s
	iters: 6000, epoch: 10 | loss: 0.2421625
	speed: 0.0248s/iter; left time: 1.7379s
Epoch: 10 cost time: 152.406831741333
	iters: 900, epoch: 1 | loss: 0.2100433
	speed: 0.3864s/iter; left time: 17166.0718s
Epoch: 10, Steps: 6069 | Train Loss: 0.2343684 Vali Loss: 0.3658650 Test Loss: 0.3804140
Validation loss decreased (0.366206 --> 0.365865).  Saving model ...
Updating learning rate to 9.765625e-07
>>>>>>>testing : long_term_forecast_FPEMH48H192_Traffic_96_48_iTransformer_custom_ftM_sl96_ll48_pl48_dm512_nh8_el3_dl1_df512_expand2_dc4_fc3_ebtimeF_dtTrue_FPEMH48H192_iTransformer_Traffic_48_0<<<<<<<<<<<<<<<<<<<<<<<<<<<<<<<<<
test 3461
	iters: 1000, epoch: 1 | loss: 0.2049411
	speed: 0.4031s/iter; left time: 17865.0775s
test shape: (3461, 48, 862) (3461, 48, 862)
test shape: (3461, 48, 862) (3461, 48, 862)
mse:0.3804580569267273, mae:0.2670805752277374, dtw:Not calculated
	iters: 1100, epoch: 1 | loss: 0.2697155
	speed: 0.3787s/iter; left time: 16746.7288s
	iters: 1200, epoch: 1 | loss: 0.2449284
	speed: 0.3397s/iter; left time: 14986.6126s
	iters: 1300, epoch: 1 | loss: 0.2035500
	speed: 0.3643s/iter; left time: 16036.9989s
	iters: 1400, epoch: 1 | loss: 0.2268239
	speed: 0.3835s/iter; left time: 16843.9197s
	iters: 1500, epoch: 1 | loss: 0.2709100
	speed: 0.3455s/iter; left time: 15138.1880s
	iters: 1600, epoch: 1 | loss: 0.1935860
	speed: 0.3668s/iter; left time: 16037.6471s
	iters: 1700, epoch: 1 | loss: 0.2830905
	speed: 0.3310s/iter; left time: 14437.3044s
	iters: 1800, epoch: 1 | loss: 0.2862600
	speed: 0.3317s/iter; left time: 14437.1229s
	iters: 1900, epoch: 1 | loss: 0.2271566
	speed: 0.3414s/iter; left time: 14822.0996s
	iters: 2000, epoch: 1 | loss: 0.2702263
	speed: 0.3369s/iter; left time: 14593.1980s
	iters: 2100, epoch: 1 | loss: 0.3045629
	speed: 0.3573s/iter; left time: 15442.0324s
	iters: 2200, epoch: 1 | loss: 0.2227671
	speed: 0.3438s/iter; left time: 14823.0338s
	iters: 2300, epoch: 1 | loss: 0.1967207
	speed: 0.3260s/iter; left time: 14024.9491s
	iters: 2400, epoch: 1 | loss: 0.2387238
	speed: 0.3354s/iter; left time: 14394.5630s
	iters: 2500, epoch: 1 | loss: 0.1816582
	speed: 0.3758s/iter; left time: 16092.8759s
	iters: 2600, epoch: 1 | loss: 0.1736737
	speed: 0.3415s/iter; left time: 14588.3361s
	iters: 2700, epoch: 1 | loss: 0.1761213
	speed: 0.3183s/iter; left time: 13567.4747s
	iters: 2800, epoch: 1 | loss: 0.1744309
	speed: 0.3216s/iter; left time: 13673.3783s
	iters: 2900, epoch: 1 | loss: 0.1643695
	speed: 0.3274s/iter; left time: 13887.2361s
	iters: 3000, epoch: 1 | loss: 0.1802580
	speed: 0.3297s/iter; left time: 13952.8184s
	iters: 3100, epoch: 1 | loss: 0.1732755
	speed: 0.3487s/iter; left time: 14722.4366s
	iters: 3200, epoch: 1 | loss: 0.2503724
	speed: 0.3351s/iter; left time: 14115.3153s
	iters: 3300, epoch: 1 | loss: 0.2293660
	speed: 0.3305s/iter; left time: 13886.4108s
	iters: 3400, epoch: 1 | loss: 0.1938995
	speed: 0.3372s/iter; left time: 14133.9895s
	iters: 3500, epoch: 1 | loss: 0.1672366
	speed: 0.3434s/iter; left time: 14359.6087s
	iters: 3600, epoch: 1 | loss: 0.2277073
	speed: 0.3578s/iter; left time: 14928.4795s
	iters: 3700, epoch: 1 | loss: 0.1560045
	speed: 0.3432s/iter; left time: 14284.0449s
	iters: 3800, epoch: 1 | loss: 0.2257016
	speed: 0.3447s/iter; left time: 14312.7055s
	iters: 3900, epoch: 1 | loss: 0.1705950
	speed: 0.3521s/iter; left time: 14584.2717s
	iters: 4000, epoch: 1 | loss: 0.1655983
	speed: 0.3614s/iter; left time: 14933.3498s
	iters: 4100, epoch: 1 | loss: 0.1690362
	speed: 0.3363s/iter; left time: 13861.4633s
	iters: 4200, epoch: 1 | loss: 0.1640422
	speed: 0.3733s/iter; left time: 15349.4934s
	iters: 4300, epoch: 1 | loss: 0.1699368
	speed: 0.3408s/iter; left time: 13978.2702s
	iters: 4400, epoch: 1 | loss: 0.1729920
	speed: 0.3631s/iter; left time: 14860.1239s
	iters: 4500, epoch: 1 | loss: 0.1574779
	speed: 0.3332s/iter; left time: 13600.3162s
Epoch: 1 cost time: 1622.3146624565125
Epoch: 1, Steps: 4532 | Train Loss: 0.2263678 Vali Loss: 0.1700140 Test Loss: 0.2099914
Validation loss decreased (inf --> 0.170014).  Saving model ...
Updating learning rate to 0.0001
	iters: 100, epoch: 2 | loss: 0.2709456
	speed: 2.2878s/iter; left time: 93086.6630s
	iters: 200, epoch: 2 | loss: 0.2130776
	speed: 0.3505s/iter; left time: 14226.2856s
	iters: 300, epoch: 2 | loss: 0.2246046
	speed: 0.3363s/iter; left time: 13615.2628s
	iters: 400, epoch: 2 | loss: 0.2024660
	speed: 0.3405s/iter; left time: 13750.9089s
	iters: 500, epoch: 2 | loss: 0.1538180
	speed: 0.3793s/iter; left time: 15279.8128s
	iters: 600, epoch: 2 | loss: 0.1587537
	speed: 0.3701s/iter; left time: 14875.3585s
	iters: 700, epoch: 2 | loss: 0.1949522
	speed: 0.3398s/iter; left time: 13623.9826s
	iters: 800, epoch: 2 | loss: 0.1598672
	speed: 0.3699s/iter; left time: 14790.6327s
	iters: 900, epoch: 2 | loss: 0.2083221
	speed: 0.3717s/iter; left time: 14827.8898s
	iters: 1000, epoch: 2 | loss: 0.1621507
	speed: 0.3338s/iter; left time: 13280.4984s
	iters: 1100, epoch: 2 | loss: 0.1460963
	speed: 0.3443s/iter; left time: 13665.9682s
	iters: 1200, epoch: 2 | loss: 0.1471162
	speed: 0.3556s/iter; left time: 14079.0239s
	iters: 1300, epoch: 2 | loss: 0.2259977
	speed: 0.3359s/iter; left time: 13265.4134s
	iters: 1400, epoch: 2 | loss: 0.2180727
	speed: 0.3513s/iter; left time: 13835.9262s
	iters: 1500, epoch: 2 | loss: 0.1494076
	speed: 0.3364s/iter; left time: 13216.2073s
	iters: 1600, epoch: 2 | loss: 0.1411801
	speed: 0.3507s/iter; left time: 13742.1910s
	iters: 1700, epoch: 2 | loss: 0.2570212
	speed: 0.3596s/iter; left time: 14057.1096s
	iters: 1800, epoch: 2 | loss: 0.1447825
	speed: 0.3294s/iter; left time: 12842.6196s
	iters: 1900, epoch: 2 | loss: 0.1394615
	speed: 0.3290s/iter; left time: 12795.2852s
	iters: 2000, epoch: 2 | loss: 0.1997231
	speed: 0.3715s/iter; left time: 14410.2474s
	iters: 2100, epoch: 2 | loss: 0.1602365
	speed: 0.3431s/iter; left time: 13274.0402s
	iters: 2200, epoch: 2 | loss: 0.1610226
	speed: 0.3414s/iter; left time: 13175.2276s
	iters: 2300, epoch: 2 | loss: 0.1281006
	speed: 0.3518s/iter; left time: 13540.5068s
	iters: 2400, epoch: 2 | loss: 0.1526098
	speed: 0.3492s/iter; left time: 13406.7295s
	iters: 2500, epoch: 2 | loss: 0.1592439
	speed: 0.3480s/iter; left time: 13325.5155s
	iters: 2600, epoch: 2 | loss: 0.1717704
	speed: 0.3364s/iter; left time: 12845.0151s
	iters: 2700, epoch: 2 | loss: 0.1581276
	speed: 0.3826s/iter; left time: 14573.4933s
	iters: 2800, epoch: 2 | loss: 0.1290546
	speed: 0.3392s/iter; left time: 12885.6025s
	iters: 2900, epoch: 2 | loss: 0.1465909
	speed: 0.3352s/iter; left time: 12700.6596s
	iters: 3000, epoch: 2 | loss: 0.2000222
	speed: 0.3289s/iter; left time: 12428.6422s
	iters: 3100, epoch: 2 | loss: 0.1503463
	speed: 0.3344s/iter; left time: 12603.7958s
	iters: 3200, epoch: 2 | loss: 0.1562975
	speed: 0.3612s/iter; left time: 13575.9878s
	iters: 3300, epoch: 2 | loss: 0.1419504
	speed: 0.3406s/iter; left time: 12768.1276s
	iters: 3400, epoch: 2 | loss: 0.1534868
	speed: 0.3363s/iter; left time: 12574.1420s
	iters: 3500, epoch: 2 | loss: 0.1983500
	speed: 0.3315s/iter; left time: 12362.8308s
	iters: 3600, epoch: 2 | loss: 0.1665488
	speed: 0.3319s/iter; left time: 12341.6712s
	iters: 3700, epoch: 2 | loss: 0.1415387
	speed: 0.3456s/iter; left time: 12817.9344s
	iters: 3800, epoch: 2 | loss: 0.1831807
	speed: 0.3732s/iter; left time: 13805.8218s
	iters: 3900, epoch: 2 | loss: 0.1699802
	speed: 0.3354s/iter; left time: 12371.9560s
	iters: 4000, epoch: 2 | loss: 0.1747113
	speed: 0.3322s/iter; left time: 12220.8659s
	iters: 4100, epoch: 2 | loss: 0.1452788
	speed: 0.3416s/iter; left time: 12532.1103s
	iters: 4200, epoch: 2 | loss: 0.1598890
	speed: 0.3440s/iter; left time: 12588.0003s
	iters: 4300, epoch: 2 | loss: 0.1481320
	speed: 0.3469s/iter; left time: 12659.0013s
	iters: 4400, epoch: 2 | loss: 0.1342451
	speed: 0.3364s/iter; left time: 12242.7442s
	iters: 4500, epoch: 2 | loss: 0.1389820
	speed: 0.3360s/iter; left time: 12194.2085s
Epoch: 2 cost time: 1568.7324981689453
Epoch: 2, Steps: 4532 | Train Loss: 0.1671398 Vali Loss: 0.1692672 Test Loss: 0.2048853
Validation loss decreased (0.170014 --> 0.169267).  Saving model ...
Updating learning rate to 5e-05
	iters: 100, epoch: 3 | loss: 0.1313480
	speed: 2.1691s/iter; left time: 78427.6291s
	iters: 200, epoch: 3 | loss: 0.1322230
	speed: 0.3575s/iter; left time: 12891.0835s
	iters: 300, epoch: 3 | loss: 0.1409141
	speed: 0.3308s/iter; left time: 11893.2373s
	iters: 400, epoch: 3 | loss: 0.1449087
	speed: 0.3308s/iter; left time: 11862.1626s
	iters: 500, epoch: 3 | loss: 0.1161972
	speed: 0.3803s/iter; left time: 13598.0887s
	iters: 600, epoch: 3 | loss: 0.1196042
	speed: 0.3336s/iter; left time: 11895.1949s
	iters: 700, epoch: 3 | loss: 0.1436094
	speed: 0.3338s/iter; left time: 11868.8183s
	iters: 800, epoch: 3 | loss: 0.1288381
	speed: 0.3965s/iter; left time: 14059.2234s
	iters: 900, epoch: 3 | loss: 0.1219947
	speed: 0.3824s/iter; left time: 13519.9405s
	iters: 1000, epoch: 3 | loss: 0.1250229
	speed: 0.3372s/iter; left time: 11888.8541s
	iters: 1100, epoch: 3 | loss: 0.1662647
	speed: 0.3426s/iter; left time: 12046.2222s
	iters: 1200, epoch: 3 | loss: 0.1434681
	speed: 0.3928s/iter; left time: 13770.1588s
	iters: 1300, epoch: 3 | loss: 0.1136444
	speed: 0.3539s/iter; left time: 12370.2876s
	iters: 1400, epoch: 3 | loss: 0.1721633
	speed: 0.3600s/iter; left time: 12548.5109s
	iters: 1500, epoch: 3 | loss: 0.1814244
	speed: 0.3679s/iter; left time: 12785.8522s
	iters: 1600, epoch: 3 | loss: 0.1693171
	speed: 0.3444s/iter; left time: 11934.5121s
	iters: 1700, epoch: 3 | loss: 0.1767387
	speed: 0.3402s/iter; left time: 11755.2722s
	iters: 1800, epoch: 3 | loss: 0.1568068
	speed: 0.3562s/iter; left time: 12272.2527s
	iters: 1900, epoch: 3 | loss: 0.1476446
	speed: 0.3723s/iter; left time: 12792.2491s
	iters: 2000, epoch: 3 | loss: 0.1444477
	speed: 0.3614s/iter; left time: 12380.5197s
	iters: 2100, epoch: 3 | loss: 0.1334016
	speed: 0.3945s/iter; left time: 13474.8237s
	iters: 2200, epoch: 3 | loss: 0.1299811
	speed: 0.3463s/iter; left time: 11793.2321s
	iters: 2300, epoch: 3 | loss: 0.1386442
	speed: 0.3948s/iter; left time: 13404.6561s
	iters: 2400, epoch: 3 | loss: 0.1751375
	speed: 0.3459s/iter; left time: 11711.4156s
	iters: 2500, epoch: 3 | loss: 0.1491736
	speed: 0.4175s/iter; left time: 14093.2475s
	iters: 2600, epoch: 3 | loss: 0.1843859
	speed: 0.3418s/iter; left time: 11502.5800s
	iters: 2700, epoch: 3 | loss: 0.1406245
	speed: 0.3504s/iter; left time: 11758.4789s
	iters: 2800, epoch: 3 | loss: 0.1357055
	speed: 0.3450s/iter; left time: 11542.9455s
	iters: 2900, epoch: 3 | loss: 0.1510052
	speed: 0.3355s/iter; left time: 11189.6196s
	iters: 3000, epoch: 3 | loss: 0.1927893
	speed: 0.3389s/iter; left time: 11271.0079s
	iters: 3100, epoch: 3 | loss: 0.1068930
	speed: 0.3454s/iter; left time: 11450.7942s
	iters: 3200, epoch: 3 | loss: 0.1899568
	speed: 0.3584s/iter; left time: 11847.7553s
	iters: 3300, epoch: 3 | loss: 0.1842762
	speed: 0.3423s/iter; left time: 11282.7160s
	iters: 3400, epoch: 3 | loss: 0.1805461
	speed: 0.3373s/iter; left time: 11081.7485s
	iters: 3500, epoch: 3 | loss: 0.1947561
	speed: 0.3622s/iter; left time: 11865.7731s
	iters: 3600, epoch: 3 | loss: 0.1464815
	speed: 0.3687s/iter; left time: 12040.6085s
	iters: 3700, epoch: 3 | loss: 0.1423191
	speed: 0.3822s/iter; left time: 12444.0299s
	iters: 3800, epoch: 3 | loss: 0.1614363
	speed: 0.3896s/iter; left time: 12644.2630s
	iters: 3900, epoch: 3 | loss: 0.1371126
	speed: 0.3488s/iter; left time: 11286.1098s
	iters: 4000, epoch: 3 | loss: 0.1406617
	speed: 0.3361s/iter; left time: 10840.6396s
	iters: 4100, epoch: 3 | loss: 0.1675961
	speed: 0.3389s/iter; left time: 10898.9921s
	iters: 4200, epoch: 3 | loss: 0.1648624
	speed: 0.3361s/iter; left time: 10773.7465s
	iters: 4300, epoch: 3 | loss: 0.1223712
	speed: 0.3714s/iter; left time: 11868.6551s
	iters: 4400, epoch: 3 | loss: 0.1357274
	speed: 0.3387s/iter; left time: 10788.8465s
	iters: 4500, epoch: 3 | loss: 0.1231718
	speed: 0.3387s/iter; left time: 10757.3749s
Epoch: 3 cost time: 1614.4213795661926
Epoch: 3, Steps: 4532 | Train Loss: 0.1461087 Vali Loss: 0.1624400 Test Loss: 0.1963346
Validation loss decreased (0.169267 --> 0.162440).  Saving model ...
Updating learning rate to 2.5e-05
	iters: 100, epoch: 4 | loss: 0.1244057
	speed: 2.3161s/iter; left time: 73246.8978s
	iters: 200, epoch: 4 | loss: 0.1255146
	speed: 0.3595s/iter; left time: 11331.9125s
	iters: 300, epoch: 4 | loss: 0.1179880
	speed: 0.3501s/iter; left time: 11003.0427s
	iters: 400, epoch: 4 | loss: 0.1201470
	speed: 0.3305s/iter; left time: 10353.6935s
	iters: 500, epoch: 4 | loss: 0.1150915
	speed: 0.3385s/iter; left time: 10570.9703s
	iters: 600, epoch: 4 | loss: 0.1553750
	speed: 0.3625s/iter; left time: 11281.4297s
	iters: 700, epoch: 4 | loss: 0.1211446
	speed: 0.3846s/iter; left time: 11931.3004s
	iters: 800, epoch: 4 | loss: 0.1247729
	speed: 0.3877s/iter; left time: 11988.8833s
	iters: 900, epoch: 4 | loss: 0.1419990
	speed: 0.3443s/iter; left time: 10613.8889s
	iters: 1000, epoch: 4 | loss: 0.1238999
	speed: 0.3463s/iter; left time: 10638.8621s
	iters: 1100, epoch: 4 | loss: 0.1433576
	speed: 0.3626s/iter; left time: 11104.5485s
	iters: 1200, epoch: 4 | loss: 0.1434919
	speed: 0.3418s/iter; left time: 10432.7544s
	iters: 1300, epoch: 4 | loss: 0.1296468
	speed: 0.3646s/iter; left time: 11091.7804s
	iters: 1400, epoch: 4 | loss: 0.1205735
	speed: 0.3783s/iter; left time: 11472.6591s
	iters: 1500, epoch: 4 | loss: 0.1244336
	speed: 0.3625s/iter; left time: 10955.1369s
	iters: 1600, epoch: 4 | loss: 0.1656268
	speed: 0.3294s/iter; left time: 9924.3045s
	iters: 1700, epoch: 4 | loss: 0.1495271
	speed: 0.3537s/iter; left time: 10619.9818s
	iters: 1800, epoch: 4 | loss: 0.1357394
	speed: 0.3650s/iter; left time: 10922.1004s
	iters: 1900, epoch: 4 | loss: 0.1365547
	speed: 0.3549s/iter; left time: 10584.0398s
	iters: 2000, epoch: 4 | loss: 0.1341620
	speed: 0.3730s/iter; left time: 11086.3626s
	iters: 2100, epoch: 4 | loss: 0.1166626
	speed: 0.3842s/iter; left time: 11382.0808s
	iters: 2200, epoch: 4 | loss: 0.1228785
	speed: 0.3369s/iter; left time: 9945.5551s
	iters: 2300, epoch: 4 | loss: 0.1699861
	speed: 0.3687s/iter; left time: 10850.2428s
	iters: 2400, epoch: 4 | loss: 0.1363115
	speed: 0.3497s/iter; left time: 10256.1933s
	iters: 2500, epoch: 4 | loss: 0.1246910
	speed: 0.3685s/iter; left time: 10770.7577s
	iters: 2600, epoch: 4 | loss: 0.1356290
	speed: 0.3419s/iter; left time: 9957.5230s
	iters: 2700, epoch: 4 | loss: 0.1218673
	speed: 0.3423s/iter; left time: 9934.1036s
	iters: 2800, epoch: 4 | loss: 0.1182681
	speed: 0.3372s/iter; left time: 9754.2473s
	iters: 2900, epoch: 4 | loss: 0.1598309
	speed: 0.3436s/iter; left time: 9903.9293s
	iters: 3000, epoch: 4 | loss: 0.1352907
	speed: 0.3816s/iter; left time: 10962.6437s
	iters: 3100, epoch: 4 | loss: 0.1189882
	speed: 0.3601s/iter; left time: 10306.6370s
	iters: 3200, epoch: 4 | loss: 0.2035899
	speed: 0.3496s/iter; left time: 9971.4147s
	iters: 3300, epoch: 4 | loss: 0.1182735
	speed: 0.3624s/iter; left time: 10301.5015s
	iters: 3400, epoch: 4 | loss: 0.1503370
	speed: 0.3503s/iter; left time: 9923.2307s
	iters: 3500, epoch: 4 | loss: 0.1337512
	speed: 0.3315s/iter; left time: 9355.8332s
	iters: 3600, epoch: 4 | loss: 0.1015321
	speed: 0.3554s/iter; left time: 9995.2292s
	iters: 3700, epoch: 4 | loss: 0.1245845
	speed: 0.3459s/iter; left time: 9694.1538s
	iters: 3800, epoch: 4 | loss: 0.1354931
	speed: 0.3335s/iter; left time: 9313.7453s
	iters: 3900, epoch: 4 | loss: 0.1251760
	speed: 0.3367s/iter; left time: 9367.7176s
	iters: 4000, epoch: 4 | loss: 0.1426486
	speed: 0.3476s/iter; left time: 9636.2613s
	iters: 4100, epoch: 4 | loss: 0.1414094
	speed: 0.4238s/iter; left time: 11707.3088s
	iters: 4200, epoch: 4 | loss: 0.1730672
	speed: 0.3402s/iter; left time: 9365.2396s
	iters: 4300, epoch: 4 | loss: 0.1099897
	speed: 0.3419s/iter; left time: 9376.7389s
	iters: 4400, epoch: 4 | loss: 0.1460495
	speed: 0.3491s/iter; left time: 9539.0602s
	iters: 4500, epoch: 4 | loss: 0.1179829
	speed: 0.3577s/iter; left time: 9737.1893s
Epoch: 4 cost time: 1616.226973772049
Epoch: 4, Steps: 4532 | Train Loss: 0.1383215 Vali Loss: 0.1591119 Test Loss: 0.1975676
Validation loss decreased (0.162440 --> 0.159112).  Saving model ...
Updating learning rate to 1.25e-05
	iters: 100, epoch: 5 | loss: 0.1240017
	speed: 2.2651s/iter; left time: 61368.3876s
	iters: 200, epoch: 5 | loss: 0.1597676
	speed: 0.3564s/iter; left time: 9620.2127s
	iters: 300, epoch: 5 | loss: 0.1472907
	speed: 0.3641s/iter; left time: 9792.7796s
	iters: 400, epoch: 5 | loss: 0.1352066
	speed: 0.3550s/iter; left time: 9510.7999s
	iters: 500, epoch: 5 | loss: 0.1170202
	speed: 0.3628s/iter; left time: 9685.3100s
	iters: 600, epoch: 5 | loss: 0.1419659
	speed: 0.3541s/iter; left time: 9416.3538s
	iters: 700, epoch: 5 | loss: 0.1102856
	speed: 0.3539s/iter; left time: 9376.6214s
	iters: 800, epoch: 5 | loss: 0.1164265
	speed: 0.3423s/iter; left time: 9034.5182s
	iters: 900, epoch: 5 | loss: 0.1232835
	speed: 0.3800s/iter; left time: 9992.5524s
	iters: 1000, epoch: 5 | loss: 0.1376715
	speed: 0.3990s/iter; left time: 10450.2412s
	iters: 1100, epoch: 5 | loss: 0.1370648
	speed: 0.3523s/iter; left time: 9193.2259s
	iters: 1200, epoch: 5 | loss: 0.1758979
	speed: 0.3348s/iter; left time: 8702.3970s
	iters: 1300, epoch: 5 | loss: 0.1321753
	speed: 0.3437s/iter; left time: 8899.0056s
	iters: 1400, epoch: 5 | loss: 0.1413231
	speed: 0.3506s/iter; left time: 9043.8812s
	iters: 1500, epoch: 5 | loss: 0.1419168
	speed: 0.3500s/iter; left time: 8993.4826s
	iters: 1600, epoch: 5 | loss: 0.1529722
	speed: 0.3363s/iter; left time: 8606.4722s
	iters: 1700, epoch: 5 | loss: 0.1365954
	speed: 0.3504s/iter; left time: 8933.8935s
	iters: 1800, epoch: 5 | loss: 0.1534062
	speed: 0.3405s/iter; left time: 8647.3165s
	iters: 1900, epoch: 5 | loss: 0.2035146
	speed: 0.3326s/iter; left time: 8413.5005s
	iters: 2000, epoch: 5 | loss: 0.1501980
	speed: 0.3364s/iter; left time: 8474.9632s
	iters: 2100, epoch: 5 | loss: 0.1125420
	speed: 0.3637s/iter; left time: 9126.0483s
	iters: 2200, epoch: 5 | loss: 0.1330889
	speed: 0.3510s/iter; left time: 8771.7311s
	iters: 2300, epoch: 5 | loss: 0.1263515
	speed: 0.3354s/iter; left time: 8347.9527s
	iters: 2400, epoch: 5 | loss: 0.1156208
	speed: 0.3430s/iter; left time: 8504.7629s
	iters: 2500, epoch: 5 | loss: 0.1530738
	speed: 0.3439s/iter; left time: 8493.1566s
	iters: 2600, epoch: 5 | loss: 0.1063056
	speed: 0.3344s/iter; left time: 8223.3858s
	iters: 2700, epoch: 5 | loss: 0.1624461
	speed: 0.3305s/iter; left time: 8094.7727s
	iters: 2800, epoch: 5 | loss: 0.1252302
	speed: 0.3402s/iter; left time: 8298.3083s
	iters: 2900, epoch: 5 | loss: 0.1304430
	speed: 0.3898s/iter; left time: 9468.6960s
	iters: 3000, epoch: 5 | loss: 0.1059403
	speed: 0.3367s/iter; left time: 8145.1961s
	iters: 3100, epoch: 5 | loss: 0.1371657
	speed: 0.3712s/iter; left time: 8942.5863s
	iters: 3200, epoch: 5 | loss: 0.1162471
	speed: 0.3581s/iter; left time: 8591.5199s
	iters: 3300, epoch: 5 | loss: 0.1425141
	speed: 0.3537s/iter; left time: 8451.6821s
	iters: 3400, epoch: 5 | loss: 0.1376528
	speed: 0.3309s/iter; left time: 7873.1710s
	iters: 3500, epoch: 5 | loss: 0.1408575
	speed: 0.3358s/iter; left time: 7955.2266s
	iters: 3600, epoch: 5 | loss: 0.1583269
	speed: 0.3427s/iter; left time: 8085.5263s
	iters: 3700, epoch: 5 | loss: 0.1497643
	speed: 0.3453s/iter; left time: 8111.1926s
	iters: 3800, epoch: 5 | loss: 0.1167149
	speed: 0.3358s/iter; left time: 7854.7202s
	iters: 3900, epoch: 5 | loss: 0.1732293
	speed: 0.3353s/iter; left time: 7809.2166s
	iters: 4000, epoch: 5 | loss: 0.1327116
	speed: 0.3487s/iter; left time: 8086.8310s
	iters: 4100, epoch: 5 | loss: 0.1531332
	speed: 0.3318s/iter; left time: 7662.2967s
	iters: 4200, epoch: 5 | loss: 0.1378680
	speed: 0.3330s/iter; left time: 7656.5115s
	iters: 4300, epoch: 5 | loss: 0.1417863
	speed: 0.3381s/iter; left time: 7740.9070s
	iters: 4400, epoch: 5 | loss: 0.1366376
	speed: 0.3461s/iter; left time: 7888.6136s
	iters: 4500, epoch: 5 | loss: 0.1272518
	speed: 0.3431s/iter; left time: 7786.4948s
Epoch: 5 cost time: 1577.547379732132
Epoch: 5, Steps: 4532 | Train Loss: 0.1347523 Vali Loss: 0.1600622 Test Loss: 0.1990088
EarlyStopping counter: 1 out of 3
Updating learning rate to 6.25e-06
	iters: 100, epoch: 6 | loss: 0.1175284
	speed: 2.1784s/iter; left time: 49146.9847s
	iters: 200, epoch: 6 | loss: 0.1428358
	speed: 0.3633s/iter; left time: 8160.7510s
	iters: 300, epoch: 6 | loss: 0.1455340
	speed: 0.3398s/iter; left time: 7598.3153s
	iters: 400, epoch: 6 | loss: 0.1412568
	speed: 0.3388s/iter; left time: 7541.6586s
	iters: 500, epoch: 6 | loss: 0.1592574
	speed: 0.3510s/iter; left time: 7777.6029s
	iters: 600, epoch: 6 | loss: 0.1163324
	speed: 0.3349s/iter; left time: 7387.7710s
	iters: 700, epoch: 6 | loss: 0.1348564
	speed: 0.3613s/iter; left time: 7934.8599s
	iters: 800, epoch: 6 | loss: 0.1248420
	speed: 0.3427s/iter; left time: 7491.3895s
	iters: 900, epoch: 6 | loss: 0.1289936
	speed: 0.3348s/iter; left time: 7284.9508s
	iters: 1000, epoch: 6 | loss: 0.1417715
	speed: 0.3608s/iter; left time: 7815.5394s
	iters: 1100, epoch: 6 | loss: 0.1583833
	speed: 0.3899s/iter; left time: 8406.9680s
	iters: 1200, epoch: 6 | loss: 0.1240833
	speed: 0.3487s/iter; left time: 7484.3425s
	iters: 1300, epoch: 6 | loss: 0.1395200
	speed: 0.3655s/iter; left time: 7807.0310s
	iters: 1400, epoch: 6 | loss: 0.1132500
	speed: 0.3512s/iter; left time: 7467.2734s
	iters: 1500, epoch: 6 | loss: 0.1247501
	speed: 0.3302s/iter; left time: 6987.3117s
	iters: 1600, epoch: 6 | loss: 0.1230386
	speed: 0.3577s/iter; left time: 7532.8651s
	iters: 1700, epoch: 6 | loss: 0.1390786
	speed: 0.3672s/iter; left time: 7697.1415s
	iters: 1800, epoch: 6 | loss: 0.1142472
	speed: 0.3819s/iter; left time: 7967.0479s
	iters: 1900, epoch: 6 | loss: 0.1399871
	speed: 0.3690s/iter; left time: 7659.9129s
	iters: 2000, epoch: 6 | loss: 0.1264251
	speed: 0.3833s/iter; left time: 7919.3045s
	iters: 2100, epoch: 6 | loss: 0.1175753
	speed: 0.3700s/iter; left time: 7607.0002s
	iters: 2200, epoch: 6 | loss: 0.1456741
	speed: 0.3690s/iter; left time: 7551.1152s
	iters: 2300, epoch: 6 | loss: 0.1241596
	speed: 0.3582s/iter; left time: 7292.7699s
	iters: 2400, epoch: 6 | loss: 0.1294864
	speed: 0.3314s/iter; left time: 6715.4186s
	iters: 2500, epoch: 6 | loss: 0.1222433
	speed: 0.3500s/iter; left time: 7055.5841s
	iters: 2600, epoch: 6 | loss: 0.1190935
	speed: 0.3504s/iter; left time: 7030.2136s
	iters: 2700, epoch: 6 | loss: 0.1331233
	speed: 0.3631s/iter; left time: 7247.1048s
	iters: 2800, epoch: 6 | loss: 0.1194595
	speed: 0.3564s/iter; left time: 7078.4089s
	iters: 2900, epoch: 6 | loss: 0.1335380
	speed: 0.3406s/iter; left time: 6729.7379s
	iters: 3000, epoch: 6 | loss: 0.1491506
	speed: 0.3669s/iter; left time: 7214.2959s
	iters: 3100, epoch: 6 | loss: 0.1185293
	speed: 0.3489s/iter; left time: 6824.3727s
	iters: 3200, epoch: 6 | loss: 0.1393054
	speed: 0.3339s/iter; left time: 6498.8122s
	iters: 3300, epoch: 6 | loss: 0.1255362
	speed: 0.3392s/iter; left time: 6566.6065s
	iters: 3400, epoch: 6 | loss: 0.1235825
	speed: 0.3528s/iter; left time: 6794.3479s
	iters: 3500, epoch: 6 | loss: 0.1197930
	speed: 0.3442s/iter; left time: 6595.5282s
	iters: 3600, epoch: 6 | loss: 0.1365250
	speed: 0.3628s/iter; left time: 6915.7486s
	iters: 3700, epoch: 6 | loss: 0.1751417
	speed: 0.3571s/iter; left time: 6770.2266s
	iters: 3800, epoch: 6 | loss: 0.1179394
	speed: 0.3417s/iter; left time: 6445.5501s
	iters: 3900, epoch: 6 | loss: 0.1595456
	speed: 0.3248s/iter; left time: 6092.8055s
	iters: 4000, epoch: 6 | loss: 0.1332139
	speed: 0.3436s/iter; left time: 6412.4631s
	iters: 4100, epoch: 6 | loss: 0.1237253
	speed: 0.3391s/iter; left time: 6294.5827s
	iters: 4200, epoch: 6 | loss: 0.1227477
	speed: 0.3547s/iter; left time: 6547.8471s
	iters: 4300, epoch: 6 | loss: 0.1346207
	speed: 0.3514s/iter; left time: 6451.6831s
	iters: 4400, epoch: 6 | loss: 0.1190111
	speed: 0.3470s/iter; left time: 6335.9021s
	iters: 4500, epoch: 6 | loss: 0.1241652
	speed: 0.3608s/iter; left time: 6553.2659s
Epoch: 6 cost time: 1602.234218597412
Epoch: 6, Steps: 4532 | Train Loss: 0.1330834 Vali Loss: 0.1600540 Test Loss: 0.2009215
EarlyStopping counter: 2 out of 3
Updating learning rate to 3.125e-06
	iters: 100, epoch: 7 | loss: 0.1252245
	speed: 2.3280s/iter; left time: 41971.1981s
	iters: 200, epoch: 7 | loss: 0.1116951
	speed: 0.3652s/iter; left time: 6547.4197s
	iters: 300, epoch: 7 | loss: 0.1210835
	speed: 0.3465s/iter; left time: 6177.9631s
	iters: 400, epoch: 7 | loss: 0.1328771
	speed: 0.3762s/iter; left time: 6668.8661s
	iters: 500, epoch: 7 | loss: 0.1156446
	speed: 0.3716s/iter; left time: 6550.0998s
	iters: 600, epoch: 7 | loss: 0.1540913
	speed: 0.3502s/iter; left time: 6138.0158s
	iters: 700, epoch: 7 | loss: 0.1189532
	speed: 0.3514s/iter; left time: 6124.6243s
	iters: 800, epoch: 7 | loss: 0.1410208
	speed: 0.3842s/iter; left time: 6657.6707s
	iters: 900, epoch: 7 | loss: 0.1283299
	speed: 0.3601s/iter; left time: 6203.6993s
	iters: 1000, epoch: 7 | loss: 0.1486023
	speed: 0.3506s/iter; left time: 6005.4222s
	iters: 1100, epoch: 7 | loss: 0.1466215
	speed: 0.3313s/iter; left time: 5641.5706s
	iters: 1200, epoch: 7 | loss: 0.1285022
	speed: 0.3341s/iter; left time: 5656.7889s
	iters: 1300, epoch: 7 | loss: 0.1443289
	speed: 0.3431s/iter; left time: 5773.2568s
	iters: 1400, epoch: 7 | loss: 0.1756876
	speed: 0.3515s/iter; left time: 5880.2075s
	iters: 1500, epoch: 7 | loss: 0.1450307
	speed: 0.3429s/iter; left time: 5702.3208s
	iters: 1600, epoch: 7 | loss: 0.1293993
	speed: 0.3640s/iter; left time: 6016.4706s
	iters: 1700, epoch: 7 | loss: 0.1024350
	speed: 0.3264s/iter; left time: 5362.7443s
	iters: 1800, epoch: 7 | loss: 0.1298092
	speed: 0.3369s/iter; left time: 5501.8422s
	iters: 1900, epoch: 7 | loss: 0.1395797
	speed: 0.3408s/iter; left time: 5531.2939s
	iters: 2000, epoch: 7 | loss: 0.1149948
	speed: 0.3372s/iter; left time: 5438.7329s
	iters: 2100, epoch: 7 | loss: 0.1335949
	speed: 0.3739s/iter; left time: 5993.9649s
	iters: 2200, epoch: 7 | loss: 0.1253812
	speed: 0.3925s/iter; left time: 6251.4014s
	iters: 2300, epoch: 7 | loss: 0.1542483
	speed: 0.3750s/iter; left time: 5936.6522s
	iters: 2400, epoch: 7 | loss: 0.1361696
	speed: 0.3415s/iter; left time: 5372.1979s
	iters: 2500, epoch: 7 | loss: 0.1287478
	speed: 0.3413s/iter; left time: 5333.8270s
	iters: 2600, epoch: 7 | loss: 0.1120119
	speed: 0.3440s/iter; left time: 5342.1199s
	iters: 2700, epoch: 7 | loss: 0.1442512
	speed: 0.3550s/iter; left time: 5477.2333s
	iters: 2800, epoch: 7 | loss: 0.1453791
	speed: 0.3448s/iter; left time: 5285.5264s
	iters: 2900, epoch: 7 | loss: 0.1292375
	speed: 0.3918s/iter; left time: 5966.5322s
	iters: 3000, epoch: 7 | loss: 0.1377679
	speed: 0.3479s/iter; left time: 5263.6605s
	iters: 3100, epoch: 7 | loss: 0.1153440
	speed: 0.3524s/iter; left time: 5295.6128s
	iters: 3200, epoch: 7 | loss: 0.1338048
	speed: 0.3547s/iter; left time: 5295.3756s
	iters: 3300, epoch: 7 | loss: 0.1449090
	speed: 0.3824s/iter; left time: 5670.6447s
	iters: 3400, epoch: 7 | loss: 0.1214355
	speed: 0.3726s/iter; left time: 5488.5904s
	iters: 3500, epoch: 7 | loss: 0.1444294
	speed: 0.3456s/iter; left time: 5055.5680s
	iters: 3600, epoch: 7 | loss: 0.1233809
	speed: 0.3301s/iter; left time: 4796.2094s
	iters: 3700, epoch: 7 | loss: 0.1445953
	speed: 0.3825s/iter; left time: 5519.7312s
	iters: 3800, epoch: 7 | loss: 0.1261168
	speed: 0.3632s/iter; left time: 5204.4111s
	iters: 3900, epoch: 7 | loss: 0.1211485
	speed: 0.3553s/iter; left time: 5055.9445s
	iters: 4000, epoch: 7 | loss: 0.1201571
	speed: 0.3404s/iter; left time: 4810.0986s
	iters: 4100, epoch: 7 | loss: 0.1391144
	speed: 0.3412s/iter; left time: 4786.0020s
	iters: 4200, epoch: 7 | loss: 0.1241252
	speed: 0.3273s/iter; left time: 4558.4552s
	iters: 4300, epoch: 7 | loss: 0.1381278
	speed: 0.3390s/iter; left time: 4688.4299s
	iters: 4400, epoch: 7 | loss: 0.1221085
	speed: 0.3353s/iter; left time: 4603.7519s
	iters: 4500, epoch: 7 | loss: 0.1051266
	speed: 0.3513s/iter; left time: 4788.3259s
Epoch: 7 cost time: 1602.8971269130707
Epoch: 7, Steps: 4532 | Train Loss: 0.1322094 Vali Loss: 0.1586680 Test Loss: 0.1987621
Validation loss decreased (0.159112 --> 0.158668).  Saving model ...
Updating learning rate to 1.5625e-06
	iters: 100, epoch: 8 | loss: 0.1532782
	speed: 2.2443s/iter; left time: 30290.9106s
	iters: 200, epoch: 8 | loss: 0.1252050
	speed: 0.3577s/iter; left time: 4792.7306s
	iters: 300, epoch: 8 | loss: 0.1146533
	speed: 0.3370s/iter; left time: 4481.7338s
	iters: 400, epoch: 8 | loss: 0.1309252
	speed: 0.3416s/iter; left time: 4508.4731s
	iters: 500, epoch: 8 | loss: 0.1158331
	speed: 0.3571s/iter; left time: 4676.6205s
	iters: 600, epoch: 8 | loss: 0.1441263
	speed: 0.3393s/iter; left time: 4410.4273s
	iters: 700, epoch: 8 | loss: 0.1442257
	speed: 0.4057s/iter; left time: 5232.8611s
	iters: 800, epoch: 8 | loss: 0.1435013
	speed: 0.4051s/iter; left time: 5183.9818s
	iters: 900, epoch: 8 | loss: 0.1420845
	speed: 0.3607s/iter; left time: 4579.3684s
	iters: 1000, epoch: 8 | loss: 0.1448754
	speed: 0.3424s/iter; left time: 4312.6378s
	iters: 1100, epoch: 8 | loss: 0.1534548
	speed: 0.3937s/iter; left time: 4919.6417s
	iters: 1200, epoch: 8 | loss: 0.1253900
	speed: 0.3788s/iter; left time: 4696.1297s
	iters: 1300, epoch: 8 | loss: 0.1283945
	speed: 0.3568s/iter; left time: 4387.6181s
	iters: 1400, epoch: 8 | loss: 0.1369632
	speed: 0.4224s/iter; left time: 5151.8574s
	iters: 1500, epoch: 8 | loss: 0.1148843
	speed: 0.4028s/iter; left time: 4872.5272s
	iters: 1600, epoch: 8 | loss: 0.1408226
	speed: 0.3669s/iter; left time: 4402.2401s
	iters: 1700, epoch: 8 | loss: 0.1575316
	speed: 0.3714s/iter; left time: 4418.3088s
	iters: 1800, epoch: 8 | loss: 0.1185478
	speed: 0.3686s/iter; left time: 4348.2312s
	iters: 1900, epoch: 8 | loss: 0.1219701
	speed: 0.3481s/iter; left time: 4071.1511s
	iters: 2000, epoch: 8 | loss: 0.1133386
	speed: 0.3618s/iter; left time: 4195.9787s
	iters: 2100, epoch: 8 | loss: 0.1266851
	speed: 0.3440s/iter; left time: 3954.7740s
	iters: 2200, epoch: 8 | loss: 0.1531053
	speed: 0.3889s/iter; left time: 4432.2934s
	iters: 2300, epoch: 8 | loss: 0.1378443
	speed: 0.3659s/iter; left time: 4133.6198s
	iters: 2400, epoch: 8 | loss: 0.1489902
	speed: 0.3650s/iter; left time: 4086.7569s
	iters: 2500, epoch: 8 | loss: 0.1552712
	speed: 0.3430s/iter; left time: 3805.8481s
	iters: 2600, epoch: 8 | loss: 0.1225363
	speed: 0.3488s/iter; left time: 3835.9620s
	iters: 2700, epoch: 8 | loss: 0.1444892
	speed: 0.3348s/iter; left time: 3647.9675s
	iters: 2800, epoch: 8 | loss: 0.1568429
	speed: 0.3496s/iter; left time: 3774.3830s
	iters: 2900, epoch: 8 | loss: 0.1292236
	speed: 0.3548s/iter; left time: 3795.5311s
	iters: 3000, epoch: 8 | loss: 0.1502103
	speed: 0.3352s/iter; left time: 3551.7378s
	iters: 3100, epoch: 8 | loss: 0.1239597
	speed: 0.3397s/iter; left time: 3565.5336s
	iters: 3200, epoch: 8 | loss: 0.1204591
	speed: 0.3354s/iter; left time: 3486.6602s
	iters: 3300, epoch: 8 | loss: 0.1241374
	speed: 0.3343s/iter; left time: 3442.7787s
	iters: 3400, epoch: 8 | loss: 0.1740471
	speed: 0.3479s/iter; left time: 3547.4162s
	iters: 3500, epoch: 8 | loss: 0.1465771
	speed: 0.3461s/iter; left time: 3494.5791s
	iters: 3600, epoch: 8 | loss: 0.1270757
	speed: 0.3430s/iter; left time: 3429.4577s
	iters: 3700, epoch: 8 | loss: 0.1304182
	speed: 0.3600s/iter; left time: 3563.1903s
	iters: 3800, epoch: 8 | loss: 0.1308230
	speed: 0.3401s/iter; left time: 3332.2237s
	iters: 3900, epoch: 8 | loss: 0.1162433
	speed: 0.3872s/iter; left time: 3754.8519s
	iters: 4000, epoch: 8 | loss: 0.1183125
	speed: 0.3561s/iter; left time: 3417.3146s
	iters: 4100, epoch: 8 | loss: 0.1086991
	speed: 0.3644s/iter; left time: 3460.8191s
	iters: 4200, epoch: 8 | loss: 0.1703853
	speed: 0.3406s/iter; left time: 3200.8040s
	iters: 4300, epoch: 8 | loss: 0.1203777
	speed: 0.3386s/iter; left time: 3147.5524s
	iters: 4400, epoch: 8 | loss: 0.1336368
	speed: 0.3431s/iter; left time: 3155.9326s
	iters: 4500, epoch: 8 | loss: 0.1268830
	speed: 0.3435s/iter; left time: 3124.4586s
Epoch: 8 cost time: 1622.7460837364197
Epoch: 8, Steps: 4532 | Train Loss: 0.1317848 Vali Loss: 0.1597228 Test Loss: 0.2003702
EarlyStopping counter: 1 out of 3
Updating learning rate to 7.8125e-07
	iters: 100, epoch: 9 | loss: 0.1122688
	speed: 2.3664s/iter; left time: 21215.0884s
	iters: 200, epoch: 9 | loss: 0.1552096
	speed: 0.3558s/iter; left time: 3153.8442s
	iters: 300, epoch: 9 | loss: 0.1220563
	speed: 0.3379s/iter; left time: 2961.5829s
	iters: 400, epoch: 9 | loss: 0.1019463
	speed: 0.3884s/iter; left time: 3365.0650s
	iters: 500, epoch: 9 | loss: 0.1316115
	speed: 0.4052s/iter; left time: 3470.5215s
	iters: 600, epoch: 9 | loss: 0.1207755
	speed: 0.3579s/iter; left time: 3029.5107s
	iters: 700, epoch: 9 | loss: 0.1367387
	speed: 0.3414s/iter; left time: 2855.9683s
	iters: 800, epoch: 9 | loss: 0.1210417
	speed: 0.3736s/iter; left time: 3088.2100s
	iters: 900, epoch: 9 | loss: 0.1548993
	speed: 0.3405s/iter; left time: 2780.2718s
	iters: 1000, epoch: 9 | loss: 0.1562026
	speed: 0.3737s/iter; left time: 3014.0774s
	iters: 1100, epoch: 9 | loss: 0.1458356
	speed: 0.4006s/iter; left time: 3190.4842s
	iters: 1200, epoch: 9 | loss: 0.1528672
	speed: 0.3541s/iter; left time: 2785.2772s
	iters: 1300, epoch: 9 | loss: 0.1536028
	speed: 0.3814s/iter; left time: 2961.4560s
	iters: 1400, epoch: 9 | loss: 0.1276609
	speed: 0.3388s/iter; left time: 2596.8675s
	iters: 1500, epoch: 9 | loss: 0.1155159
	speed: 0.3504s/iter; left time: 2650.9371s
	iters: 1600, epoch: 9 | loss: 0.1066594
	speed: 0.3802s/iter; left time: 2838.2267s
	iters: 1700, epoch: 9 | loss: 0.1239434
	speed: 0.3473s/iter; left time: 2557.7879s
	iters: 1800, epoch: 9 | loss: 0.1588111
	speed: 0.3433s/iter; left time: 2494.1053s
	iters: 1900, epoch: 9 | loss: 0.1214112
	speed: 0.3466s/iter; left time: 2483.2837s
	iters: 2000, epoch: 9 | loss: 0.1331545
	speed: 0.3467s/iter; left time: 2449.6758s
	iters: 2100, epoch: 9 | loss: 0.1308091
	speed: 0.3858s/iter; left time: 2687.0300s
	iters: 2200, epoch: 9 | loss: 0.1311241
	speed: 0.3613s/iter; left time: 2480.3088s
	iters: 2300, epoch: 9 | loss: 0.1283161
	speed: 0.3905s/iter; left time: 2641.9269s
	iters: 2400, epoch: 9 | loss: 0.1412975
	speed: 0.3744s/iter; left time: 2495.6533s
	iters: 2500, epoch: 9 | loss: 0.1195186
	speed: 0.3762s/iter; left time: 2469.6992s
	iters: 2600, epoch: 9 | loss: 0.1684588
	speed: 0.3967s/iter; left time: 2564.3722s
	iters: 2700, epoch: 9 | loss: 0.1136231
	speed: 0.3556s/iter; left time: 2263.4240s
	iters: 2800, epoch: 9 | loss: 0.1680689
	speed: 0.3609s/iter; left time: 2261.0767s
	iters: 2900, epoch: 9 | loss: 0.1398656
	speed: 0.3733s/iter; left time: 2301.2510s
	iters: 3000, epoch: 9 | loss: 0.1281497
	speed: 0.3458s/iter; left time: 2097.2395s
	iters: 3100, epoch: 9 | loss: 0.1202236
	speed: 0.3601s/iter; left time: 2148.0499s
	iters: 3200, epoch: 9 | loss: 0.1379778
	speed: 0.3671s/iter; left time: 2152.8149s
	iters: 3300, epoch: 9 | loss: 0.1678915
	speed: 0.3680s/iter; left time: 2121.7031s
	iters: 3400, epoch: 9 | loss: 0.1269371
	speed: 0.3801s/iter; left time: 2153.1593s
	iters: 3500, epoch: 9 | loss: 0.1194405
	speed: 0.3512s/iter; left time: 1954.3339s
	iters: 3600, epoch: 9 | loss: 0.1318066
	speed: 0.3386s/iter; left time: 1850.6205s
	iters: 3700, epoch: 9 | loss: 0.1311703
	speed: 0.3401s/iter; left time: 1824.6122s
	iters: 3800, epoch: 9 | loss: 0.1270266
	speed: 0.3545s/iter; left time: 1866.6250s
	iters: 3900, epoch: 9 | loss: 0.1281495
	speed: 0.3832s/iter; left time: 1979.2640s
	iters: 4000, epoch: 9 | loss: 0.1277690
	speed: 0.3672s/iter; left time: 1859.8564s
	iters: 4100, epoch: 9 | loss: 0.1130611
	speed: 0.3554s/iter; left time: 1764.5377s
	iters: 4200, epoch: 9 | loss: 0.1302605
	speed: 0.3414s/iter; left time: 1661.0411s
	iters: 4300, epoch: 9 | loss: 0.1250714
	speed: 0.3418s/iter; left time: 1628.4855s
	iters: 4400, epoch: 9 | loss: 0.1486001
	speed: 0.3587s/iter; left time: 1673.4469s
	iters: 4500, epoch: 9 | loss: 0.1245763
	speed: 0.3451s/iter; left time: 1575.2015s
Epoch: 9 cost time: 1643.0946288108826
Epoch: 9, Steps: 4532 | Train Loss: 0.1315623 Vali Loss: 0.1596717 Test Loss: 0.1995272
EarlyStopping counter: 2 out of 3
Updating learning rate to 3.90625e-07
	iters: 100, epoch: 10 | loss: 0.1169029
	speed: 2.1995s/iter; left time: 9750.4450s
	iters: 200, epoch: 10 | loss: 0.1440562
	speed: 0.3568s/iter; left time: 1545.8034s
	iters: 300, epoch: 10 | loss: 0.1149508
	speed: 0.3631s/iter; left time: 1537.1554s
	iters: 400, epoch: 10 | loss: 0.1187357
	speed: 0.3608s/iter; left time: 1491.1432s
	iters: 500, epoch: 10 | loss: 0.1309392
	speed: 0.3493s/iter; left time: 1408.8225s
	iters: 600, epoch: 10 | loss: 0.1154053
	speed: 0.3321s/iter; left time: 1306.0081s
	iters: 700, epoch: 10 | loss: 0.1298845
	speed: 0.3625s/iter; left time: 1389.6505s
	iters: 800, epoch: 10 | loss: 0.1442157
	speed: 0.3610s/iter; left time: 1347.7796s
	iters: 900, epoch: 10 | loss: 0.1417670
	speed: 0.3814s/iter; left time: 1385.7032s
	iters: 1000, epoch: 10 | loss: 0.1338223
	speed: 0.3414s/iter; left time: 1206.0620s
	iters: 1100, epoch: 10 | loss: 0.1298970
	speed: 0.3455s/iter; left time: 1186.0681s
	iters: 1200, epoch: 10 | loss: 0.1217848
	speed: 0.3686s/iter; left time: 1228.6877s
	iters: 1300, epoch: 10 | loss: 0.1190024
	speed: 0.3798s/iter; left time: 1227.8739s
	iters: 1400, epoch: 10 | loss: 0.1529396
	speed: 0.3561s/iter; left time: 1115.6556s
	iters: 1500, epoch: 10 | loss: 0.1368750
	speed: 0.3492s/iter; left time: 1058.9959s
	iters: 1600, epoch: 10 | loss: 0.1203949
	speed: 0.3612s/iter; left time: 1059.3483s
	iters: 1700, epoch: 10 | loss: 0.1365730
	speed: 0.3843s/iter; left time: 1088.7237s
	iters: 1800, epoch: 10 | loss: 0.1674504
	speed: 0.3497s/iter; left time: 955.8570s
	iters: 1900, epoch: 10 | loss: 0.1529390
	speed: 0.3726s/iter; left time: 980.9577s
	iters: 2000, epoch: 10 | loss: 0.1348345
	speed: 0.3636s/iter; left time: 921.0868s
	iters: 2100, epoch: 10 | loss: 0.1320074
	speed: 0.3406s/iter; left time: 828.5943s
	iters: 2200, epoch: 10 | loss: 0.1316050
	speed: 0.3687s/iter; left time: 860.1720s
	iters: 2300, epoch: 10 | loss: 0.1345100
	speed: 0.3807s/iter; left time: 850.1905s
	iters: 2400, epoch: 10 | loss: 0.1701065
	speed: 0.3569s/iter; left time: 761.3736s
	iters: 2500, epoch: 10 | loss: 0.1347384
	speed: 0.3950s/iter; left time: 802.9907s
	iters: 2600, epoch: 10 | loss: 0.1273074
	speed: 0.4058s/iter; left time: 784.5076s
	iters: 2700, epoch: 10 | loss: 0.1380745
	speed: 0.3532s/iter; left time: 647.4761s
	iters: 2800, epoch: 10 | loss: 0.1286342
	speed: 0.3615s/iter; left time: 626.4231s
	iters: 2900, epoch: 10 | loss: 0.1553687
	speed: 0.3491s/iter; left time: 570.0767s
	iters: 3000, epoch: 10 | loss: 0.1239895
	speed: 0.3643s/iter; left time: 558.4059s
	iters: 3100, epoch: 10 | loss: 0.1465666
	speed: 0.3628s/iter; left time: 519.8459s
	iters: 3200, epoch: 10 | loss: 0.1323745
	speed: 0.3819s/iter; left time: 509.0680s
	iters: 3300, epoch: 10 | loss: 0.1498227
	speed: 0.3882s/iter; left time: 478.6534s
	iters: 3400, epoch: 10 | loss: 0.1224695
	speed: 0.3823s/iter; left time: 433.1941s
	iters: 3500, epoch: 10 | loss: 0.1385800
	speed: 0.3615s/iter; left time: 373.4154s
	iters: 3600, epoch: 10 | loss: 0.1265304
	speed: 0.3629s/iter; left time: 338.5463s
	iters: 3700, epoch: 10 | loss: 0.1503922
	speed: 0.3612s/iter; left time: 300.8583s
	iters: 3800, epoch: 10 | loss: 0.1368559
	speed: 0.3604s/iter; left time: 264.1972s
	iters: 3900, epoch: 10 | loss: 0.1616319
	speed: 0.3391s/iter; left time: 214.6554s
	iters: 4000, epoch: 10 | loss: 0.1204065
	speed: 0.3488s/iter; left time: 185.9285s
	iters: 4100, epoch: 10 | loss: 0.1126744
	speed: 0.3396s/iter; left time: 147.0409s
	iters: 4200, epoch: 10 | loss: 0.1225290
	speed: 0.3540s/iter; left time: 117.8727s
	iters: 4300, epoch: 10 | loss: 0.1281432
	speed: 0.3559s/iter; left time: 82.9135s
	iters: 4400, epoch: 10 | loss: 0.1416545
	speed: 0.3772s/iter; left time: 50.1670s
	iters: 4500, epoch: 10 | loss: 0.1412522
	speed: 0.3795s/iter; left time: 12.5250s
Epoch: 10 cost time: 1642.7274498939514
Epoch: 10, Steps: 4532 | Train Loss: 0.1314546 Vali Loss: 0.1593461 Test Loss: 0.1991438
EarlyStopping counter: 3 out of 3
Early stopping
>>>>>>>testing : long_term_forecast_FPEMH48H192_Electricity_96_192_FEDformer_custom_ftM_sl96_ll48_pl192_dm512_nh8_el2_dl1_df2048_expand2_dc4_fc3_ebtimeF_dtTrue_FPEMH48H192_FEDformer_Electricity_192_0<<<<<<<<<<<<<<<<<<<<<<<<<<<<<<<<<
test 5069
test shape: (5069, 192, 321) (5069, 192, 321)
test shape: (5069, 192, 321) (5069, 192, 321)
mse:0.19853536784648895, mae:0.31356164813041687, dtw:Not calculated
