[Electricity] start 2026-09-12T10:18:22+00:00 GPU=1
[Electricity] create shared reference
[Weather] start 2026-09-12T10:18:22+00:00 GPU=2
[Traffic] start 2026-09-12T10:18:22+00:00 GPU=0
[ETTm2] start 2026-09-12T10:18:22+00:00 GPU=3
[Weather] create shared reference
[Traffic] create shared reference
[ETTm2] create shared reference
reference warmup 1 {'loss': 0.24881245240222577, 'var_predictive_loss': nan, 'var_utility_loss': nan, 'var_conditional_gain_loss': nan, 'conditional_pair_MSE': nan, 'conditional_shuffle_MSE': nan, 'conditional_gain_mean': nan, 'conditional_positive_ratio': nan, 'h_anchor_loss': nan, 'future_var_loss': nan, 'future_var_cosine': nan, 'future_var_l2': nan, 'future_var_pred_norm': nan, 'future_var_target_norm': nan, 'gate/mean': nan, 'gate/std': nan, 'gate/positive_ratio': nan, 'gate/negative_ratio': nan, 'gate/abs_mean': nan, 'gate/near_zero_ratio': nan}
reference warmup 2 {'loss': 0.23669479917994765, 'var_predictive_loss': nan, 'var_utility_loss': nan, 'var_conditional_gain_loss': nan, 'conditional_pair_MSE': nan, 'conditional_shuffle_MSE': nan, 'conditional_gain_mean': nan, 'conditional_positive_ratio': nan, 'h_anchor_loss': nan, 'future_var_loss': nan, 'future_var_cosine': nan, 'future_var_l2': nan, 'future_var_pred_norm': nan, 'future_var_target_norm': nan, 'gate/mean': nan, 'gate/std': nan, 'gate/positive_ratio': nan, 'gate/negative_ratio': nan, 'gate/abs_mean': nan, 'gate/near_zero_ratio': nan}
reference warmup 1 {'loss': 0.530281158490553, 'var_predictive_loss': nan, 'var_utility_loss': nan, 'var_conditional_gain_loss': nan, 'conditional_pair_MSE': nan, 'conditional_shuffle_MSE': nan, 'conditional_gain_mean': nan, 'conditional_positive_ratio': nan, 'h_anchor_loss': nan, 'future_var_loss': nan, 'future_var_cosine': nan, 'future_var_l2': nan, 'future_var_pred_norm': nan, 'future_var_target_norm': nan, 'gate/mean': nan, 'gate/std': nan, 'gate/positive_ratio': nan, 'gate/negative_ratio': nan, 'gate/abs_mean': nan, 'gate/near_zero_ratio': nan}
reference warmup 3 {'loss': 0.23191863659509393, 'var_predictive_loss': nan, 'var_utility_loss': nan, 'var_conditional_gain_loss': nan, 'conditional_pair_MSE': nan, 'conditional_shuffle_MSE': nan, 'conditional_gain_mean': nan, 'conditional_positive_ratio': nan, 'h_anchor_loss': nan, 'future_var_loss': nan, 'future_var_cosine': nan, 'future_var_l2': nan, 'future_var_pred_norm': nan, 'future_var_target_norm': nan, 'gate/mean': nan, 'gate/std': nan, 'gate/positive_ratio': nan, 'gate/negative_ratio': nan, 'gate/abs_mean': nan, 'gate/near_zero_ratio': nan}
shared_reference source=created path=results/predictive_env_reference_all_datasets_k3/ETTm2/shared_reference.pt sha256=06366ba2295a158261d1e926567f2bcf33e12c0f00158e63bb240bb9bc8ba4e2
reference preparation complete; no experiment was run
06366ba2295a158261d1e926567f2bcf33e12c0f00158e63bb240bb9bc8ba4e2  results/predictive_env_reference_all_datasets_k3/ETTm2/shared_reference.pt
[ETTm2] run A_current on GPU 3
shared_reference source=loaded path=results/predictive_env_reference_all_datasets_k3/ETTm2/shared_reference.pt sha256=06366ba2295a158261d1e926567f2bcf33e12c0f00158e63bb240bb9bc8ba4e2
Traceback (most recent call last):
  File "/data/OuXiaoyu/Time-Series-Library-FPEM/tools/run_predictive_env_iv_patchtst.py", line 1403, in <module>
    main()
  File "/data/OuXiaoyu/Time-Series-Library-FPEM/tools/run_predictive_env_iv_patchtst.py", line 1167, in main
    reference_h_predictions, reference_h_norms = build_pretrained_h_cache(
                                                 ^^^^^^^^^^^^^^^^^^^^^^^^^
  File "/data/OuXiaoyu/miniconda3/envs/basicts/lib/python3.11/site-packages/torch/utils/_contextlib.py", line 116, in decorate_context
    return func(*args, **kwargs)
           ^^^^^^^^^^^^^^^^^^^^^
  File "/data/OuXiaoyu/Time-Series-Library-FPEM/tools/run_predictive_env_iv_patchtst.py", line 587, in build_pretrained_h_cache
    _, _, sample_id, h_prediction, h_norm = collect(
                                            ^^^^^^^^
  File "/data/OuXiaoyu/miniconda3/envs/basicts/lib/python3.11/site-packages/torch/utils/_contextlib.py", line 116, in decorate_context
    return func(*args, **kwargs)
           ^^^^^^^^^^^^^^^^^^^^^
  File "/data/OuXiaoyu/Time-Series-Library-FPEM/tools/run_predictive_env_iv_patchtst.py", line 275, in collect
    for x, y, sample_id in loader:
  File "/data/OuXiaoyu/miniconda3/envs/basicts/lib/python3.11/site-packages/torch/utils/data/dataloader.py", line 701, in __next__
    data = self._next_data()
           ^^^^^^^^^^^^^^^^^
  File "/data/OuXiaoyu/miniconda3/envs/basicts/lib/python3.11/site-packages/torch/utils/data/dataloader.py", line 1448, in _next_data
    idx, data = self._get_data()
                ^^^^^^^^^^^^^^^^
  File "/data/OuXiaoyu/miniconda3/envs/basicts/lib/python3.11/site-packages/torch/utils/data/dataloader.py", line 1412, in _get_data
    success, data = self._try_get_data()
                    ^^^^^^^^^^^^^^^^^^^^
  File "/data/OuXiaoyu/miniconda3/envs/basicts/lib/python3.11/site-packages/torch/utils/data/dataloader.py", line 1274, in _try_get_data
    raise RuntimeError(
RuntimeError: Too many open files. Communication with the workers is no longer possible. Please increase the limit using `ulimit -n` in the shell or change the sharing strategy by calling `torch.multiprocessing.set_sharing_strategy('file_system')` at the beginning of your code
reference warmup 2 {'loss': 0.5105402632027787, 'var_predictive_loss': nan, 'var_utility_loss': nan, 'var_conditional_gain_loss': nan, 'conditional_pair_MSE': nan, 'conditional_shuffle_MSE': nan, 'conditional_gain_mean': nan, 'conditional_positive_ratio': nan, 'h_anchor_loss': nan, 'future_var_loss': nan, 'future_var_cosine': nan, 'future_var_l2': nan, 'future_var_pred_norm': nan, 'future_var_target_norm': nan, 'gate/mean': nan, 'gate/std': nan, 'gate/positive_ratio': nan, 'gate/negative_ratio': nan, 'gate/abs_mean': nan, 'gate/near_zero_ratio': nan}
reference warmup 3 {'loss': 0.5001179164351851, 'var_predictive_loss': nan, 'var_utility_loss': nan, 'var_conditional_gain_loss': nan, 'conditional_pair_MSE': nan, 'conditional_shuffle_MSE': nan, 'conditional_gain_mean': nan, 'conditional_positive_ratio': nan, 'h_anchor_loss': nan, 'future_var_loss': nan, 'future_var_cosine': nan, 'future_var_l2': nan, 'future_var_pred_norm': nan, 'future_var_target_norm': nan, 'gate/mean': nan, 'gate/std': nan, 'gate/positive_ratio': nan, 'gate/negative_ratio': nan, 'gate/abs_mean': nan, 'gate/near_zero_ratio': nan}
shared_reference source=created path=results/predictive_env_reference_all_datasets_k3/Weather/shared_reference.pt sha256=4752f5cae5e6d9bccf4f4227f668db382eb15f54d079a1c2b50ad1096bc97701
reference preparation complete; no experiment was run
4752f5cae5e6d9bccf4f4227f668db382eb15f54d079a1c2b50ad1096bc97701  results/predictive_env_reference_all_datasets_k3/Weather/shared_reference.pt
[Weather] run A_current on GPU 2
shared_reference source=loaded path=results/predictive_env_reference_all_datasets_k3/Weather/shared_reference.pt sha256=4752f5cae5e6d9bccf4f4227f668db382eb15f54d079a1c2b50ad1096bc97701
Traceback (most recent call last):
  File "/data/OuXiaoyu/Time-Series-Library-FPEM/tools/run_predictive_env_iv_patchtst.py", line 1403, in <module>
    main()
  File "/data/OuXiaoyu/Time-Series-Library-FPEM/tools/run_predictive_env_iv_patchtst.py", line 1167, in main
    reference_h_predictions, reference_h_norms = build_pretrained_h_cache(
                                                 ^^^^^^^^^^^^^^^^^^^^^^^^^
  File "/data/OuXiaoyu/miniconda3/envs/basicts/lib/python3.11/site-packages/torch/utils/_contextlib.py", line 116, in decorate_context
    return func(*args, **kwargs)
           ^^^^^^^^^^^^^^^^^^^^^
  File "/data/OuXiaoyu/Time-Series-Library-FPEM/tools/run_predictive_env_iv_patchtst.py", line 587, in build_pretrained_h_cache
    _, _, sample_id, h_prediction, h_norm = collect(
                                            ^^^^^^^^
  File "/data/OuXiaoyu/miniconda3/envs/basicts/lib/python3.11/site-packages/torch/utils/_contextlib.py", line 116, in decorate_context
    return func(*args, **kwargs)
           ^^^^^^^^^^^^^^^^^^^^^
  File "/data/OuXiaoyu/Time-Series-Library-FPEM/tools/run_predictive_env_iv_patchtst.py", line 275, in collect
    for x, y, sample_id in loader:
  File "/data/OuXiaoyu/miniconda3/envs/basicts/lib/python3.11/site-packages/torch/utils/data/dataloader.py", line 701, in __next__
    data = self._next_data()
           ^^^^^^^^^^^^^^^^^
  File "/data/OuXiaoyu/miniconda3/envs/basicts/lib/python3.11/site-packages/torch/utils/data/dataloader.py", line 1448, in _next_data
    idx, data = self._get_data()
                ^^^^^^^^^^^^^^^^
  File "/data/OuXiaoyu/miniconda3/envs/basicts/lib/python3.11/site-packages/torch/utils/data/dataloader.py", line 1412, in _get_data
    success, data = self._try_get_data()
                    ^^^^^^^^^^^^^^^^^^^^
  File "/data/OuXiaoyu/miniconda3/envs/basicts/lib/python3.11/site-packages/torch/utils/data/dataloader.py", line 1274, in _try_get_data
    raise RuntimeError(
RuntimeError: Too many open files. Communication with the workers is no longer possible. Please increase the limit using `ulimit -n` in the shell or change the sharing strategy by calling `torch.multiprocessing.set_sharing_strategy('file_system')` at the beginning of your code
reference warmup 1 {'loss': 0.2897044315384709, 'var_predictive_loss': nan, 'var_utility_loss': nan, 'var_conditional_gain_loss': nan, 'conditional_pair_MSE': nan, 'conditional_shuffle_MSE': nan, 'conditional_gain_mean': nan, 'conditional_positive_ratio': nan, 'h_anchor_loss': nan, 'future_var_loss': nan, 'future_var_cosine': nan, 'future_var_l2': nan, 'future_var_pred_norm': nan, 'future_var_target_norm': nan, 'gate/mean': nan, 'gate/std': nan, 'gate/positive_ratio': nan, 'gate/negative_ratio': nan, 'gate/abs_mean': nan, 'gate/near_zero_ratio': nan}
reference warmup 1 {'loss': 0.4623891204028607, 'var_predictive_loss': nan, 'var_utility_loss': nan, 'var_conditional_gain_loss': nan, 'conditional_pair_MSE': nan, 'conditional_shuffle_MSE': nan, 'conditional_gain_mean': nan, 'conditional_positive_ratio': nan, 'h_anchor_loss': nan, 'future_var_loss': nan, 'future_var_cosine': nan, 'future_var_l2': nan, 'future_var_pred_norm': nan, 'future_var_target_norm': nan, 'gate/mean': nan, 'gate/std': nan, 'gate/positive_ratio': nan, 'gate/negative_ratio': nan, 'gate/abs_mean': nan, 'gate/near_zero_ratio': nan}
reference warmup 2 {'loss': 0.2703194962626387, 'var_predictive_loss': nan, 'var_utility_loss': nan, 'var_conditional_gain_loss': nan, 'conditional_pair_MSE': nan, 'conditional_shuffle_MSE': nan, 'conditional_gain_mean': nan, 'conditional_positive_ratio': nan, 'h_anchor_loss': nan, 'future_var_loss': nan, 'future_var_cosine': nan, 'future_var_l2': nan, 'future_var_pred_norm': nan, 'future_var_target_norm': nan, 'gate/mean': nan, 'gate/std': nan, 'gate/positive_ratio': nan, 'gate/negative_ratio': nan, 'gate/abs_mean': nan, 'gate/near_zero_ratio': nan}
reference warmup 3 {'loss': 0.2615882762011935, 'var_predictive_loss': nan, 'var_utility_loss': nan, 'var_conditional_gain_loss': nan, 'conditional_pair_MSE': nan, 'conditional_shuffle_MSE': nan, 'conditional_gain_mean': nan, 'conditional_positive_ratio': nan, 'h_anchor_loss': nan, 'future_var_loss': nan, 'future_var_cosine': nan, 'future_var_l2': nan, 'future_var_pred_norm': nan, 'future_var_target_norm': nan, 'gate/mean': nan, 'gate/std': nan, 'gate/positive_ratio': nan, 'gate/negative_ratio': nan, 'gate/abs_mean': nan, 'gate/near_zero_ratio': nan}
shared_reference source=created path=results/predictive_env_reference_all_datasets_k3/Electricity/shared_reference.pt sha256=90d283a82a16114d5dfa0181fe932d474f565b6f2e819bc0b1ca7c4d285d84f5
reference preparation complete; no experiment was run
90d283a82a16114d5dfa0181fe932d474f565b6f2e819bc0b1ca7c4d285d84f5  results/predictive_env_reference_all_datasets_k3/Electricity/shared_reference.pt
[Electricity] run A_current on GPU 1
shared_reference source=loaded path=results/predictive_env_reference_all_datasets_k3/Electricity/shared_reference.pt sha256=90d283a82a16114d5dfa0181fe932d474f565b6f2e819bc0b1ca7c4d285d84f5
Traceback (most recent call last):
  File "/data/OuXiaoyu/Time-Series-Library-FPEM/tools/run_predictive_env_iv_patchtst.py", line 1403, in <module>
    main()
  File "/data/OuXiaoyu/Time-Series-Library-FPEM/tools/run_predictive_env_iv_patchtst.py", line 1167, in main
    reference_h_predictions, reference_h_norms = build_pretrained_h_cache(
                                                 ^^^^^^^^^^^^^^^^^^^^^^^^^
  File "/data/OuXiaoyu/miniconda3/envs/basicts/lib/python3.11/site-packages/torch/utils/_contextlib.py", line 116, in decorate_context
    return func(*args, **kwargs)
           ^^^^^^^^^^^^^^^^^^^^^
  File "/data/OuXiaoyu/Time-Series-Library-FPEM/tools/run_predictive_env_iv_patchtst.py", line 587, in build_pretrained_h_cache
    _, _, sample_id, h_prediction, h_norm = collect(
                                            ^^^^^^^^
  File "/data/OuXiaoyu/miniconda3/envs/basicts/lib/python3.11/site-packages/torch/utils/_contextlib.py", line 116, in decorate_context
    return func(*args, **kwargs)
           ^^^^^^^^^^^^^^^^^^^^^
  File "/data/OuXiaoyu/Time-Series-Library-FPEM/tools/run_predictive_env_iv_patchtst.py", line 275, in collect
    for x, y, sample_id in loader:
  File "/data/OuXiaoyu/miniconda3/envs/basicts/lib/python3.11/site-packages/torch/utils/data/dataloader.py", line 701, in __next__
    data = self._next_data()
           ^^^^^^^^^^^^^^^^^
  File "/data/OuXiaoyu/miniconda3/envs/basicts/lib/python3.11/site-packages/torch/utils/data/dataloader.py", line 1448, in _next_data
    idx, data = self._get_data()
                ^^^^^^^^^^^^^^^^
  File "/data/OuXiaoyu/miniconda3/envs/basicts/lib/python3.11/site-packages/torch/utils/data/dataloader.py", line 1412, in _get_data
    success, data = self._try_get_data()
                    ^^^^^^^^^^^^^^^^^^^^
  File "/data/OuXiaoyu/miniconda3/envs/basicts/lib/python3.11/site-packages/torch/utils/data/dataloader.py", line 1274, in _try_get_data
    raise RuntimeError(
RuntimeError: Too many open files. Communication with the workers is no longer possible. Please increase the limit using `ulimit -n` in the shell or change the sharing strategy by calling `torch.multiprocessing.set_sharing_strategy('file_system')` at the beginning of your code
reference warmup 2 {'loss': 0.4008814364277301, 'var_predictive_loss': nan, 'var_utility_loss': nan, 'var_conditional_gain_loss': nan, 'conditional_pair_MSE': nan, 'conditional_shuffle_MSE': nan, 'conditional_gain_mean': nan, 'conditional_positive_ratio': nan, 'h_anchor_loss': nan, 'future_var_loss': nan, 'future_var_cosine': nan, 'future_var_l2': nan, 'future_var_pred_norm': nan, 'future_var_target_norm': nan, 'gate/mean': nan, 'gate/std': nan, 'gate/positive_ratio': nan, 'gate/negative_ratio': nan, 'gate/abs_mean': nan, 'gate/near_zero_ratio': nan}
reference warmup 3 {'loss': 0.3823167404549688, 'var_predictive_loss': nan, 'var_utility_loss': nan, 'var_conditional_gain_loss': nan, 'conditional_pair_MSE': nan, 'conditional_shuffle_MSE': nan, 'conditional_gain_mean': nan, 'conditional_positive_ratio': nan, 'h_anchor_loss': nan, 'future_var_loss': nan, 'future_var_cosine': nan, 'future_var_l2': nan, 'future_var_pred_norm': nan, 'future_var_target_norm': nan, 'gate/mean': nan, 'gate/std': nan, 'gate/positive_ratio': nan, 'gate/negative_ratio': nan, 'gate/abs_mean': nan, 'gate/near_zero_ratio': nan}
shared_reference source=created path=results/predictive_env_reference_all_datasets_k3/Traffic/shared_reference.pt sha256=5282efade28ebc38441c30eb23457a5266603248d59ad9368e078b7cc4639413
reference preparation complete; no experiment was run
5282efade28ebc38441c30eb23457a5266603248d59ad9368e078b7cc4639413  results/predictive_env_reference_all_datasets_k3/Traffic/shared_reference.pt
[Traffic] run A_current on GPU 0
shared_reference source=loaded path=results/predictive_env_reference_all_datasets_k3/Traffic/shared_reference.pt sha256=5282efade28ebc38441c30eb23457a5266603248d59ad9368e078b7cc4639413
Traceback (most recent call last):
  File "/data/OuXiaoyu/Time-Series-Library-FPEM/tools/run_predictive_env_iv_patchtst.py", line 1403, in <module>
    main()
  File "/data/OuXiaoyu/Time-Series-Library-FPEM/tools/run_predictive_env_iv_patchtst.py", line 1167, in main
    reference_h_predictions, reference_h_norms = build_pretrained_h_cache(
                                                 ^^^^^^^^^^^^^^^^^^^^^^^^^
  File "/data/OuXiaoyu/miniconda3/envs/basicts/lib/python3.11/site-packages/torch/utils/_contextlib.py", line 116, in decorate_context
    return func(*args, **kwargs)
           ^^^^^^^^^^^^^^^^^^^^^
  File "/data/OuXiaoyu/Time-Series-Library-FPEM/tools/run_predictive_env_iv_patchtst.py", line 587, in build_pretrained_h_cache
    _, _, sample_id, h_prediction, h_norm = collect(
                                            ^^^^^^^^
  File "/data/OuXiaoyu/miniconda3/envs/basicts/lib/python3.11/site-packages/torch/utils/_contextlib.py", line 116, in decorate_context
    return func(*args, **kwargs)
           ^^^^^^^^^^^^^^^^^^^^^
  File "/data/OuXiaoyu/Time-Series-Library-FPEM/tools/run_predictive_env_iv_patchtst.py", line 275, in collect
    for x, y, sample_id in loader:
  File "/data/OuXiaoyu/miniconda3/envs/basicts/lib/python3.11/site-packages/torch/utils/data/dataloader.py", line 701, in __next__
    data = self._next_data()
           ^^^^^^^^^^^^^^^^^
  File "/data/OuXiaoyu/miniconda3/envs/basicts/lib/python3.11/site-packages/torch/utils/data/dataloader.py", line 1448, in _next_data
    idx, data = self._get_data()
                ^^^^^^^^^^^^^^^^
  File "/data/OuXiaoyu/miniconda3/envs/basicts/lib/python3.11/site-packages/torch/utils/data/dataloader.py", line 1412, in _get_data
    success, data = self._try_get_data()
                    ^^^^^^^^^^^^^^^^^^^^
  File "/data/OuXiaoyu/miniconda3/envs/basicts/lib/python3.11/site-packages/torch/utils/data/dataloader.py", line 1274, in _try_get_data
    raise RuntimeError(
RuntimeError: Too many open files. Communication with the workers is no longer possible. Please increase the limit using `ulimit -n` in the shell or change the sharing strategy by calling `torch.multiprocessing.set_sharing_strategy('file_system')` at the beginning of your code
At least one dataset queue failed; inspect per-dataset run.log

===== RESUME AFTER FD FIX 2026-09-12T11:39:41+00:00 =====
[Weather] start 2026-09-12T11:39:41+00:00 GPU=2
[Traffic] start 2026-09-12T11:39:41+00:00 GPU=0
[ETTm2] start 2026-09-12T11:39:41+00:00 GPU=3
[Electricity] start 2026-09-12T11:39:41+00:00 GPU=1
90d283a82a16114d5dfa0181fe932d474f565b6f2e819bc0b1ca7c4d285d84f5  results/predictive_env_reference_all_datasets_k3/Electricity/shared_reference.pt
[Electricity] run A_current on GPU 1
4752f5cae5e6d9bccf4f4227f668db382eb15f54d079a1c2b50ad1096bc97701  results/predictive_env_reference_all_datasets_k3/Weather/shared_reference.pt
5282efade28ebc38441c30eb23457a5266603248d59ad9368e078b7cc4639413  results/predictive_env_reference_all_datasets_k3/Traffic/shared_reference.pt
06366ba2295a158261d1e926567f2bcf33e12c0f00158e63bb240bb9bc8ba4e2  results/predictive_env_reference_all_datasets_k3/ETTm2/shared_reference.pt
[Weather] run A_current on GPU 2
[Traffic] run A_current on GPU 0
[ETTm2] run A_current on GPU 3
shared_reference source=loaded path=results/predictive_env_reference_all_datasets_k3/ETTm2/shared_reference.pt sha256=06366ba2295a158261d1e926567f2bcf33e12c0f00158e63bb240bb9bc8ba4e2
shared_reference source=loaded path=results/predictive_env_reference_all_datasets_k3/Weather/shared_reference.pt sha256=4752f5cae5e6d9bccf4f4227f668db382eb15f54d079a1c2b50ad1096bc97701
shared_reference source=loaded path=results/predictive_env_reference_all_datasets_k3/Electricity/shared_reference.pt sha256=90d283a82a16114d5dfa0181fe932d474f565b6f2e819bc0b1ca7c4d285d84f5
shared_reference source=loaded path=results/predictive_env_reference_all_datasets_k3/Traffic/shared_reference.pt sha256=5282efade28ebc38441c30eb23457a5266603248d59ad9368e078b7cc4639413
A2 identity {'feature': 0.0}
A2 STAGE 0 EIIL {'update': 0, 'source_split': 'TRAIN only', 'mean_q_change': 0.27285313606262207, 'environment_mass': [0.3255435824394226, 0.3369259238243103, 0.3375304937362671], 'min_environment_mass': 0.3255435824394226, 'environment_risk': [0.37417522072792053, 0.19744627177715302, 0.13531379401683807], 'probe_gradients': [[0.4568665623664856, -0.027492884546518326], [-0.11520224809646606, 0.1278974860906601], [-0.031348153948783875, 0.05689488723874092]], 'gradient_disagreement': 0.20298556983470917, 'D_within_grad': 0.6216434240341187, 'D_between_grad': 0.6858744025230408, 'gradient_separation': 1.1033244132995605, 'random_partition_repeats': 100, 'conflict_ours': 0.20298556983470917, 'random_partition_conflict_mean': 2.836528256011661e-05, 'random_partition_conflict_std': 4.0616530895931646e-05, 'random_partition_z_score': 4996.9111328125, 'environment_similarity_correlation': -0.0008515906908982487, 'hungarian_permutation': [1, 0, 2], 'alignment_overlap_before': 0.3333393633365631, 'alignment_overlap_after': 0.333342045545578, 'environment_matching_requested': 'overlap', 'environment_matching_used': 'overlap', 'h_prediction_MSE': 0.21699579060077667, 'h_prediction_MAE': 0.26226887106895447, 'h_prediction_drift_from_pretrained': 5.181977317679411e-15, 'h_prediction_corr_with_pretrained': 1.0, 'H_norm': 0.9254981279373169, 'H_norm_ratio_to_pretrained': 1.0, 'stage': 0, 'environment_prediction_source': 'current Z-fused prediction (legacy)', 'env_assignment_similarity_to_previous': -0.0008515906908982487}
A2 identity {'feature': 0.0}
A2 STAGE 0 EIIL {'update': 0, 'source_split': 'TRAIN only', 'mean_q_change': 0.016350872814655304, 'environment_mass': [0.33342376351356506, 0.3334401845932007, 0.33313602209091187], 'min_environment_mass': 0.33313602209091187, 'environment_risk': [0.5128541588783264, 0.5253907442092896, 0.5202968716621399], 'probe_gradients': [[0.08016377687454224, -0.02671710215508938], [0.11946164816617966, -0.018082166090607643], [0.10474786907434464, -0.020445913076400757]], 'gradient_disagreement': 0.0008282242342829704, 'D_within_grad': 0.5205486416816711, 'D_between_grad': 0.520868182182312, 'gradient_separation': 1.000613808631897, 'random_partition_repeats': 100, 'conflict_ours': 0.0008282242342829704, 'random_partition_conflict_mean': 3.4211740995715445e-08, 'random_partition_conflict_std': 3.0135961281985146e-08, 'random_partition_z_score': 27481.78515625, 'environment_similarity_correlation': -0.00030429036016533704, 'hungarian_permutation': [0, 1, 2], 'alignment_overlap_before': 0.33333858847618103, 'alignment_overlap_after': 0.33333858847618103, 'environment_matching_requested': 'overlap', 'environment_matching_used': 'overlap', 'h_prediction_MSE': 0.4808361530303955, 'h_prediction_MAE': 0.3472611904144287, 'h_prediction_drift_from_pretrained': 9.195068649905675e-15, 'h_prediction_corr_with_pretrained': 0.9999999999999536, 'H_norm': 0.8765455484390259, 'H_norm_ratio_to_pretrained': 1.0, 'stage': 0, 'environment_prediction_source': 'current Z-fused prediction (legacy)', 'env_assignment_similarity_to_previous': -0.00030429036016533704}
A2 complementary_gate classification stage 0 epoch 1 {'loss': 0.672100813555163, 'var_predictive_loss': 0.27630676357552064, 'var_utility_loss': 0.0002691232183336302, 'var_conditional_gain_loss': 0.0007795170392321676, 'conditional_pair_MSE': 0.27638620740917064, 'conditional_shuffle_MSE': 0.2932804585599933, 'conditional_gain_mean': 0.016894251150931048, 'conditional_positive_ratio': 0.8607716480446927, 'h_anchor_loss': nan, 'future_var_loss': nan, 'future_var_cosine': nan, 'future_var_l2': nan, 'future_var_pred_norm': nan, 'future_var_target_norm': nan, 'gate/mean': -0.04550760940070534, 'gate/std': 0.1764766064975575, 'gate/positive_ratio': 0.39704733446331414, 'gate/negative_ratio': 0.6029526648601609, 'gate/abs_mean': 0.14181217194507312, 'gate/near_zero_ratio': 0.44849210395727945, 'stage': 0, 'epoch': 1}
A2 complementary_gate classification stage 0 epoch 2 {'loss': 0.657286033602648, 'var_predictive_loss': 0.26960163069325827, 'var_utility_loss': 8.276383098428744e-05, 'var_conditional_gain_loss': 0.000694952688877535, 'conditional_pair_MSE': 0.26979371691871656, 'conditional_shuffle_MSE': 0.29589345797747235, 'conditional_gain_mean': 0.026099741058322225, 'conditional_positive_ratio': 0.8924290037243948, 'h_anchor_loss': nan, 'future_var_loss': nan, 'future_var_cosine': nan, 'future_var_l2': nan, 'future_var_pred_norm': nan, 'future_var_target_norm': nan, 'gate/mean': -0.21376242018012684, 'gate/std': 0.25268559921618455, 'gate/positive_ratio': 0.19880667996898851, 'gate/negative_ratio': 0.8011933200310115, 'gate/abs_mean': 0.2700239488420426, 'gate/near_zero_ratio': 0.22556767200123415, 'stage': 0, 'epoch': 2}
A2 STAGE 1 EIIL {'update': 1, 'source_split': 'TRAIN only', 'mean_q_change': 0.2690487802028656, 'environment_mass': [0.3261314034461975, 0.33574384450912476, 0.3381247818470001], 'min_environment_mass': 0.3261314034461975, 'environment_risk': [0.31848961114883423, 0.20562009513378143, 0.09964924305677414], 'probe_gradients': [[0.4303218126296997, -0.09955967962741852], [-0.038679081946611404, 0.2498372495174408], [-0.02789659984409809, -0.07287564873695374]], 'gradient_disagreement': 0.21899203956127167, 'D_within_grad': 0.5343626737594604, 'D_between_grad': 0.6319323182106018, 'gradient_separation': 1.1825907230377197, 'random_partition_repeats': 100, 'conflict_ours': 0.21899203956127167, 'random_partition_conflict_mean': 3.599561387090944e-05, 'random_partition_conflict_std': 3.46142660418991e-05, 'random_partition_z_score': 6325.60107421875, 'environment_similarity_correlation': 0.4699936319094847, 'hungarian_permutation': [0, 1, 2], 'alignment_overlap_before': 0.43121397495269775, 'alignment_overlap_after': 0.43121397495269775, 'environment_matching_requested': 'overlap', 'environment_matching_used': 'overlap', 'h_prediction_MSE': 0.21494115889072418, 'h_prediction_MAE': 0.26339825987815857, 'h_prediction_drift_from_pretrained': 0.013563551008701324, 'h_prediction_corr_with_pretrained': 0.9925637097732521, 'H_norm': 0.912499725818634, 'H_norm_ratio_to_pretrained': 0.9860791563987732, 'stage': 1, 'environment_prediction_source': 'current Z-fused prediction (legacy)', 'env_assignment_similarity_to_previous': 0.4699936319094847}
A2 complementary_gate classification stage 0 epoch 1 {'loss': 1.1865924251994155, 'var_predictive_loss': 0.541334481326881, 'var_utility_loss': 0.00013667403018829656, 'var_conditional_gain_loss': 0.0035706061591559072, 'conditional_pair_MSE': 0.5413680856425948, 'conditional_shuffle_MSE': 0.6671178734348447, 'conditional_gain_mean': 0.12574978778585436, 'conditional_positive_ratio': 0.8692500545018531, 'h_anchor_loss': nan, 'future_var_loss': nan, 'future_var_cosine': nan, 'future_var_l2': nan, 'future_var_pred_norm': nan, 'future_var_target_norm': nan, 'gate/mean': -0.18939894287559642, 'gate/std': 0.28270982450525445, 'gate/positive_ratio': 0.2651311470777382, 'gate/negative_ratio': 0.7348688512325962, 'gate/abs_mean': 0.2673894392918557, 'gate/near_zero_ratio': 0.2684506640831815, 'stage': 0, 'epoch': 1}
A2 complementary_gate classification stage 1 epoch 3 {'loss': 0.6495141652850217, 'var_predictive_loss': 0.262200278286324, 'var_utility_loss': 5.6379952792519554e-05, 'var_conditional_gain_loss': 0.0008597320052840638, 'conditional_pair_MSE': 0.26235957173437385, 'conditional_shuffle_MSE': 0.29773554026645765, 'conditional_gain_mean': 0.03537596852686738, 'conditional_positive_ratio': 0.8973754655493482, 'h_anchor_loss': nan, 'future_var_loss': nan, 'future_var_cosine': nan, 'future_var_l2': nan, 'future_var_pred_norm': nan, 'future_var_target_norm': nan, 'gate/mean': -0.3543384536235749, 'gate/std': 0.2962982498352927, 'gate/positive_ratio': 0.12351397019276265, 'gate/negative_ratio': 0.8764860277776623, 'gate/abs_mean': 0.39487879275043486, 'gate/near_zero_ratio': 0.12950416889324579, 'stage': 1, 'epoch': 3}
A2 identity {'feature': 0.0}
A2 complementary_gate classification stage 1 epoch 4 {'loss': 0.6463475426407748, 'var_predictive_loss': 0.2615233162392017, 'var_utility_loss': 4.1612757086536584e-05, 'var_conditional_gain_loss': 0.0007364082748930576, 'conditional_pair_MSE': 0.2616616233575383, 'conditional_shuffle_MSE': 0.30349399908052305, 'conditional_gain_mean': 0.041832375721521445, 'conditional_positive_ratio': 0.9119529795158287, 'h_anchor_loss': nan, 'future_var_loss': nan, 'future_var_cosine': nan, 'future_var_l2': nan, 'future_var_pred_norm': nan, 'future_var_target_norm': nan, 'gate/mean': -0.4584759843294638, 'gate/std': 0.3189694227830658, 'gate/positive_ratio': 0.09048753796550116, 'gate/negative_ratio': 0.9095124613579738, 'gate/abs_mean': 0.4922516763120859, 'gate/near_zero_ratio': 0.08636344623550743, 'stage': 1, 'epoch': 4}
A2 STAGE 2 EIIL {'update': 2, 'source_split': 'TRAIN only', 'mean_q_change': 0.16882355511188507, 'environment_mass': [0.32820677757263184, 0.3342188000679016, 0.3375743627548218], 'min_environment_mass': 0.32820677757263184, 'environment_risk': [0.28826871514320374, 0.20776568353176117, 0.10234951972961426], 'probe_gradients': [[0.36088690161705017, -0.1644359976053238], [-0.04623744264245033, 0.23433911800384521], [-0.04142256826162338, -0.10049128532409668]], 'gradient_disagreement': 0.20094943046569824, 'D_within_grad': 0.5163986682891846, 'D_between_grad': 0.6112745404243469, 'gradient_separation': 1.1837260723114014, 'random_partition_repeats': 100, 'conflict_ours': 0.20094943046569824, 'random_partition_conflict_mean': 2.7327900170348585e-05, 'random_partition_conflict_std': 2.2397111024474725e-05, 'random_partition_z_score': 8970.8935546875, 'environment_similarity_correlation': 0.7059370933156538, 'hungarian_permutation': [0, 1, 2], 'alignment_overlap_before': 0.49852633476257324, 'alignment_overlap_after': 0.49852633476257324, 'environment_matching_requested': 'overlap', 'environment_matching_used': 'overlap', 'h_prediction_MSE': 0.21416577696800232, 'h_prediction_MAE': 0.26597991585731506, 'h_prediction_drift_from_pretrained': 0.019290456548333168, 'h_prediction_corr_with_pretrained': 0.9894706110701347, 'H_norm': 0.8997727632522583, 'H_norm_ratio_to_pretrained': 0.9723294973373413, 'stage': 2, 'environment_prediction_source': 'current Z-fused prediction (legacy)', 'env_assignment_similarity_to_previous': 0.7059370933156538}
A2 complementary_gate classification stage 2 epoch 5 {'loss': 0.6391433641522429, 'var_predictive_loss': 0.256977162971053, 'var_utility_loss': 3.9261824929062006e-05, 'var_conditional_gain_loss': 0.0008253856499263587, 'conditional_pair_MSE': 0.2571002490311297, 'conditional_shuffle_MSE': 0.3038417345314866, 'conditional_gain_mean': 0.046741485499056185, 'conditional_positive_ratio': 0.9137569832402235, 'h_anchor_loss': nan, 'future_var_loss': nan, 'future_var_cosine': nan, 'future_var_l2': nan, 'future_var_pred_norm': nan, 'future_var_target_norm': nan, 'gate/mean': -0.5316532470904434, 'gate/std': 0.33207742867535844, 'gate/positive_ratio': 0.075916775008088, 'gate/negative_ratio': 0.924083224991912, 'gate/abs_mean': 0.5638054872821384, 'gate/near_zero_ratio': 0.06482902394478551, 'stage': 2, 'epoch': 5}
A2 complementary_gate classification stage 0 epoch 2 {'loss': 1.1749728174186729, 'var_predictive_loss': 0.5189162057539434, 'var_utility_loss': 3.52134857404555e-05, 'var_conditional_gain_loss': 0.0036245515519702756, 'conditional_pair_MSE': 0.518914234376989, 'conditional_shuffle_MSE': 0.7007366887961539, 'conditional_gain_mean': 0.18182245440282055, 'conditional_positive_ratio': 0.8923043383475038, 'h_anchor_loss': nan, 'future_var_loss': nan, 'future_var_cosine': nan, 'future_var_l2': nan, 'future_var_pred_norm': nan, 'future_var_target_norm': nan, 'gate/mean': -0.5348490238095643, 'gate/std': 0.32359345313735366, 'gate/positive_ratio': 0.07741713002196998, 'gate/negative_ratio': 0.9225828697668218, 'gate/abs_mean': 0.5633970266144531, 'gate/near_zero_ratio': 0.06752836113819984, 'stage': 0, 'epoch': 2}
A2 STAGE 1 EIIL {'update': 1, 'source_split': 'TRAIN only', 'mean_q_change': 0.27782851457595825, 'environment_mass': [0.33304426074028015, 0.3322962820529938, 0.3346594572067261], 'min_environment_mass': 0.3322962820529938, 'environment_risk': [0.3694124221801758, 0.5842854380607605, 0.4084600508213043], 'probe_gradients': [[-0.05399496480822563, -0.08884891122579575], [0.37437355518341064, 0.0031381375156342983], [0.08271630853414536, -0.03306860849261284]], 'gradient_disagreement': 0.1000458300113678, 'D_within_grad': 0.4483894109725952, 'D_between_grad': 0.5100523233413696, 'gradient_separation': 1.1375209093093872, 'random_partition_repeats': 100, 'conflict_ours': 0.1000458300113678, 'random_partition_conflict_mean': 8.261590664915275e-06, 'random_partition_conflict_std': 7.717781954852398e-06, 'random_partition_z_score': 12961.9580078125, 'environment_similarity_correlation': 0.5835620135036502, 'hungarian_permutation': [0, 1, 2], 'alignment_overlap_before': 0.3390467166900635, 'alignment_overlap_after': 0.3390467166900635, 'environment_matching_requested': 'overlap', 'environment_matching_used': 'overlap', 'h_prediction_MSE': 0.502517580986023, 'h_prediction_MAE': 0.35452917218208313, 'h_prediction_drift_from_pretrained': 0.06288408488035202, 'h_prediction_corr_with_pretrained': 0.9590794368848038, 'H_norm': 0.8768904209136963, 'H_norm_ratio_to_pretrained': 1.0172134637832642, 'stage': 1, 'environment_prediction_source': 'current Z-fused prediction (legacy)', 'env_assignment_similarity_to_previous': 0.5835620135036502}
A2 complementary_gate classification stage 2 epoch 6 {'loss': 0.6306710087144097, 'var_predictive_loss': 0.24953572174144345, 'var_utility_loss': 2.949988649476815e-05, 'var_conditional_gain_loss': 0.0010120949931596657, 'conditional_pair_MSE': 0.24968757576664027, 'conditional_shuffle_MSE': 0.30191754671378956, 'conditional_gain_mean': 0.05222997094834162, 'conditional_positive_ratio': 0.9132332402234636, 'h_anchor_loss': nan, 'future_var_loss': nan, 'future_var_cosine': nan, 'future_var_l2': nan, 'future_var_pred_norm': nan, 'future_var_target_norm': nan, 'gate/mean': -0.5734497226991464, 'gate/std': 0.3415697492950055, 'gate/positive_ratio': 0.07196672271974051, 'gate/negative_ratio': 0.9280332772802595, 'gate/abs_mean': 0.6074016396031073, 'gate/near_zero_ratio': 0.05436533743682014, 'stage': 2, 'epoch': 6}
A2 identity {'feature': 0.0}
A2 STAGE 3 EIIL {'update': 3, 'source_split': 'TRAIN only', 'mean_q_change': 0.09555891156196594, 'environment_mass': [0.32881540060043335, 0.3338604271411896, 0.3373241722583771], 'min_environment_mass': 0.32881540060043335, 'environment_risk': [0.2736358642578125, 0.20724289119243622, 0.09552435576915741], 'probe_gradients': [[0.33881473541259766, -0.12779296934604645], [-0.042752690613269806, 0.2541346549987793], [-0.02790534496307373, -0.059251945465803146]], 'gradient_disagreement': 0.17635850608348846, 'D_within_grad': 0.5045992732048035, 'D_between_grad': 0.5893744826316833, 'gradient_separation': 1.1680049896240234, 'random_partition_repeats': 100, 'conflict_ours': 0.17635850608348846, 'random_partition_conflict_mean': 2.2483502107206732e-05, 'random_partition_conflict_std': 1.816383155528456e-05, 'random_partition_z_score': 9708.0849609375, 'environment_similarity_correlation': 0.904996992265555, 'hungarian_permutation': [0, 1, 2], 'alignment_overlap_before': 0.5076355338096619, 'alignment_overlap_after': 0.5076355338096619, 'environment_matching_requested': 'overlap', 'environment_matching_used': 'overlap', 'h_prediction_MSE': 0.21241693198680878, 'h_prediction_MAE': 0.2645454406738281, 'h_prediction_drift_from_pretrained': 0.020567981526255608, 'h_prediction_corr_with_pretrained': 0.9887983948111312, 'H_norm': 0.9040170907974243, 'H_norm_ratio_to_pretrained': 0.9768747091293335, 'stage': 3, 'environment_prediction_source': 'current Z-fused prediction (legacy)', 'env_assignment_similarity_to_previous': 0.904996992265555}
A2 complementary_gate classification stage 3 epoch 7 {'loss': 0.6246373917890149, 'var_predictive_loss': 0.2469940803078718, 'var_utility_loss': 2.299843803363073e-05, 'var_conditional_gain_loss': 0.0008181397759986892, 'conditional_pair_MSE': 0.24715424459966315, 'conditional_shuffle_MSE': 0.3011031627111541, 'conditional_gain_mean': 0.05394891811696487, 'conditional_positive_ratio': 0.9198091247672253, 'h_anchor_loss': nan, 'future_var_loss': nan, 'future_var_cosine': nan, 'future_var_l2': nan, 'future_var_pred_norm': nan, 'future_var_target_norm': nan, 'gate/mean': -0.6037604786321505, 'gate/std': 0.35213212859590065, 'gate/positive_ratio': 0.07165518701142988, 'gate/negative_ratio': 0.9283448116355201, 'gate/abs_mean': 0.6408531578960371, 'gate/near_zero_ratio': 0.04845680815911245, 'stage': 3, 'epoch': 7}
A2 STAGE 0 EIIL {'update': 0, 'source_split': 'TRAIN only', 'mean_q_change': 0.0037535633891820908, 'environment_mass': [0.33419689536094666, 0.33152419328689575, 0.33427900075912476], 'min_environment_mass': 0.33152419328689575, 'environment_risk': [0.34208330512046814, 0.3420845866203308, 0.3420802354812622], 'probe_gradients': [[-0.284881591796875, 0.005606543272733688], [-0.2848810851573944, 0.005622946657240391], [-0.28487449884414673, 0.005627502221614122]], 'gradient_disagreement': 2.743492932832936e-10, 'D_within_grad': 0.2451312392950058, 'D_between_grad': 0.2451312243938446, 'gradient_separation': 0.9999999403953552, 'random_partition_repeats': 100, 'conflict_ours': 2.743492932832936e-10, 'random_partition_conflict_mean': 5.887035997576007e-11, 'random_partition_conflict_std': 6.336530605777213e-11, 'random_partition_z_score': 3.4005823135375977, 'environment_similarity_correlation': 0.2848609088651014, 'hungarian_permutation': [0, 1, 2], 'alignment_overlap_before': 0.3333396911621094, 'alignment_overlap_after': 0.3333396911621094, 'environment_matching_requested': 'overlap', 'environment_matching_used': 'overlap', 'h_prediction_MSE': 0.19046546518802643, 'h_prediction_MAE': 0.285060852766037, 'h_prediction_drift_from_pretrained': 1.3024087864232318e-14, 'h_prediction_corr_with_pretrained': 0.9999999999999769, 'H_norm': 0.6387487649917603, 'H_norm_ratio_to_pretrained': 1.0, 'stage': 0, 'environment_prediction_source': 'current Z-fused prediction (legacy)', 'env_assignment_similarity_to_previous': 0.2848609088651014}
A2 complementary_gate classification stage 3 epoch 8 {'loss': 0.6172050384310789, 'var_predictive_loss': 0.2467600683486739, 'var_utility_loss': 2.3041450006340434e-05, 'var_conditional_gain_loss': 0.0008067506716891887, 'conditional_pair_MSE': 0.24682957458302132, 'conditional_shuffle_MSE': 0.30081191000622826, 'conditional_gain_mean': 0.053982335418112426, 'conditional_positive_ratio': 0.9204783519553073, 'h_anchor_loss': nan, 'future_var_loss': nan, 'future_var_cosine': nan, 'future_var_l2': nan, 'future_var_pred_norm': nan, 'future_var_target_norm': nan, 'gate/mean': -0.6231327455690974, 'gate/std': 0.36529772844635805, 'gate/positive_ratio': 0.0753394048855194, 'gate/negative_ratio': 0.9246605951144806, 'gate/abs_mean': 0.6653071634025352, 'gate/near_zero_ratio': 0.04555426419559466, 'stage': 3, 'epoch': 8}
A2 complementary_gate classification stage 1 epoch 3 {'loss': 1.1669036485417157, 'var_predictive_loss': 0.5058369815622399, 'var_utility_loss': 1.62995396720821e-05, 'var_conditional_gain_loss': 0.0026661687286582037, 'conditional_pair_MSE': 0.5058674207889152, 'conditional_shuffle_MSE': 0.7238637140541108, 'conditional_gain_mean': 0.21799629333473503, 'conditional_positive_ratio': 0.9108894702419882, 'h_anchor_loss': nan, 'future_var_loss': nan, 'future_var_cosine': nan, 'future_var_l2': nan, 'future_var_pred_norm': nan, 'future_var_target_norm': nan, 'gate/mean': -0.6930520048051749, 'gate/std': 0.3078603950995494, 'gate/positive_ratio': 0.046016821173404894, 'gate/negative_ratio': 0.9539831784041787, 'gate/abs_mean': 0.7138033537031221, 'gate/near_zero_ratio': 0.03347998071882051, 'stage': 1, 'epoch': 3}
A2 STAGE 4 EIIL {'update': 4, 'source_split': 'TRAIN only', 'mean_q_change': 0.08648554980754852, 'environment_mass': [0.33026981353759766, 0.3332710862159729, 0.33645913004875183], 'min_environment_mass': 0.33026981353759766, 'environment_risk': [0.25367099046707153, 0.19662396609783173, 0.09763378649950027], 'probe_gradients': [[0.3017086982727051, -0.13717731833457947], [-0.047627341002225876, 0.23291321098804474], [-0.02875831164419651, -0.06552779674530029]], 'gradient_disagreement': 0.1542559415102005, 'D_within_grad': 0.4855039119720459, 'D_between_grad': 0.563539981842041, 'gradient_separation': 1.1607321500778198, 'random_partition_repeats': 100, 'conflict_ours': 0.1542559415102005, 'random_partition_conflict_mean': 2.2922818970982917e-05, 'random_partition_conflict_std': 2.0300345568102784e-05, 'random_partition_z_score': 7597.556640625, 'environment_similarity_correlation': 0.9112370741245134, 'hungarian_permutation': [0, 1, 2], 'alignment_overlap_before': 0.49382972717285156, 'alignment_overlap_after': 0.49382972717285156, 'environment_matching_requested': 'overlap', 'environment_matching_used': 'overlap', 'h_prediction_MSE': 0.21253831684589386, 'h_prediction_MAE': 0.2662462294101715, 'h_prediction_drift_from_pretrained': 0.022382261231541634, 'h_prediction_corr_with_pretrained': 0.9879687462181758, 'H_norm': 0.9048578143119812, 'H_norm_ratio_to_pretrained': 0.9777783751487732, 'stage': 4, 'environment_prediction_source': 'current Z-fused prediction (legacy)', 'env_assignment_similarity_to_previous': 0.9112370741245134}
A2 complementary_gate classification stage 4 epoch 9 {'loss': 0.6096565416247346, 'var_predictive_loss': 0.23864843064962432, 'var_utility_loss': 1.8411952691970984e-05, 'var_conditional_gain_loss': 0.0009126284536281236, 'conditional_pair_MSE': 0.23875596652466896, 'conditional_shuffle_MSE': 0.29716900913448036, 'conditional_gain_mean': 0.058413042584203274, 'conditional_positive_ratio': 0.9198964152700186, 'h_anchor_loss': nan, 'future_var_loss': nan, 'future_var_cosine': nan, 'future_var_l2': nan, 'future_var_pred_norm': nan, 'future_var_target_norm': nan, 'gate/mean': -0.6427889251088484, 'gate/std': 0.3737406375462499, 'gate/positive_ratio': 0.07637328664358212, 'gate/negative_ratio': 0.9236267133564179, 'gate/abs_mean': 0.6881623869144597, 'gate/near_zero_ratio': 0.042454505749661586, 'stage': 4, 'epoch': 9}
A2 complementary_gate classification stage 4 epoch 10 {'loss': 0.6020591271478076, 'var_predictive_loss': 0.23257892693198004, 'var_utility_loss': 1.663029808590837e-05, 'var_conditional_gain_loss': 0.0010166503871377867, 'conditional_pair_MSE': 0.232514867814452, 'conditional_shuffle_MSE': 0.292802512916761, 'conditional_gain_mean': 0.060287645123473, 'conditional_positive_ratio': 0.9215840316573557, 'h_anchor_loss': nan, 'future_var_loss': nan, 'future_var_cosine': nan, 'future_var_l2': nan, 'future_var_pred_norm': nan, 'future_var_target_norm': nan, 'gate/mean': -0.6573557646545979, 'gate/std': 0.38261787640414013, 'gate/positive_ratio': 0.07820708954480712, 'gate/negative_ratio': 0.9217929104551928, 'gate/abs_mean': 0.7064375548017077, 'gate/near_zero_ratio': 0.040024553068093965, 'stage': 4, 'epoch': 10}
A2 complementary_gate classification stage 1 epoch 4 {'loss': 1.1680111372429283, 'var_predictive_loss': 0.5102839050416647, 'var_utility_loss': 7.202019438204084e-06, 'var_conditional_gain_loss': 0.003195438117991383, 'conditional_pair_MSE': 0.51030164859884, 'conditional_shuffle_MSE': 0.7295204463253638, 'conditional_gain_mean': 0.21921879781068188, 'conditional_positive_ratio': 0.9096904294746021, 'h_anchor_loss': nan, 'future_var_loss': nan, 'future_var_cosine': nan, 'future_var_l2': nan, 'future_var_pred_norm': nan, 'future_var_target_norm': nan, 'gate/mean': -0.7788801136112088, 'gate/std': 0.2977142879459196, 'gate/positive_ratio': 0.0374310991547671, 'gate/negative_ratio': 0.9625689008452329, 'gate/abs_mean': 0.7981027779132045, 'gate/near_zero_ratio': 0.02200400672765359, 'stage': 1, 'epoch': 4}
A2 TEST 0.190027117729187 0.2723595201969147
[ETTm2] run B_h_reference on GPU 3
A2 STAGE 2 EIIL {'update': 2, 'source_split': 'TRAIN only', 'mean_q_change': 0.15076984465122223, 'environment_mass': [0.33542150259017944, 0.3295680582523346, 0.33501049876213074], 'min_environment_mass': 0.3295680582523346, 'environment_risk': [0.3457568883895874, 0.6174002885818481, 0.35307708382606506], 'probe_gradients': [[-0.03940762206912041, -0.07680580765008926], [0.3695477545261383, 0.018143657594919205], [-0.008320662193000317, -0.060345668345689774]], 'gradient_disagreement': 0.10881412029266357, 'D_within_grad': 0.39997732639312744, 'D_between_grad': 0.476692259311676, 'gradient_separation': 1.191798210144043, 'random_partition_repeats': 100, 'conflict_ours': 0.10881412029266357, 'random_partition_conflict_mean': 6.160233169794083e-06, 'random_partition_conflict_std': 5.900001724512549e-06, 'random_partition_z_score': 18442.021484375, 'environment_similarity_correlation': 0.8833105550982557, 'hungarian_permutation': [0, 1, 2], 'alignment_overlap_before': 0.44416701793670654, 'alignment_overlap_after': 0.44416701793670654, 'environment_matching_requested': 'overlap', 'environment_matching_used': 'overlap', 'h_prediction_MSE': 0.5070199966430664, 'h_prediction_MAE': 0.3570863604545593, 'h_prediction_drift_from_pretrained': 0.06893061101436615, 'h_prediction_corr_with_pretrained': 0.9558865631327879, 'H_norm': 0.8633774518966675, 'H_norm_ratio_to_pretrained': 1.0047996044158936, 'stage': 2, 'environment_prediction_source': 'current Z-fused prediction (legacy)', 'env_assignment_similarity_to_previous': 0.8833105550982557}
shared_reference source=loaded path=results/predictive_env_reference_all_datasets_k3/ETTm2/shared_reference.pt sha256=06366ba2295a158261d1e926567f2bcf33e12c0f00158e63bb240bb9bc8ba4e2
A2 identity {'feature': 0.0}
A2 STAGE 0 EIIL {'update': 0, 'source_split': 'TRAIN only', 'mean_q_change': 0.26923123002052307, 'environment_mass': [0.32627564668655396, 0.336159884929657, 0.33756446838378906], 'min_environment_mass': 0.32627564668655396, 'environment_risk': [0.3528584837913513, 0.18478894233703613, 0.11774951219558716], 'probe_gradients': [[0.4391944110393524, 0.012798381969332695], [-0.09131583571434021, 0.14700749516487122], [0.001165521563962102, 0.04620638117194176]], 'gradient_disagreement': 0.17038406431674957, 'D_within_grad': 0.5909826755523682, 'D_between_grad': 0.6486166715621948, 'gradient_separation': 1.097522258758545, 'random_partition_repeats': 100, 'conflict_ours': 0.17038406431674957, 'random_partition_conflict_mean': 2.6190245989710093e-05, 'random_partition_conflict_std': 3.3772790629882365e-05, 'random_partition_z_score': 5044.234375, 'environment_similarity_correlation': -0.0005885313575798348, 'hungarian_permutation': [1, 0, 2], 'alignment_overlap_before': 0.33333688974380493, 'alignment_overlap_after': 0.3333403468132019, 'environment_matching_requested': 'overlap', 'environment_matching_used': 'overlap', 'h_prediction_MSE': 0.21699579060077667, 'h_prediction_MAE': 0.26226887106895447, 'h_prediction_drift_from_pretrained': 5.181977317679411e-15, 'h_prediction_corr_with_pretrained': 1.0, 'H_norm': 0.9254981279373169, 'H_norm_ratio_to_pretrained': 1.0, 'stage': 0, 'environment_prediction_source': 'H -> frozen pretrained forecast head', 'env_assignment_similarity_to_previous': -0.0005885313575798348}
A2 complementary_gate classification stage 0 epoch 1 {'loss': 0.6727217893267787, 'var_predictive_loss': 0.27684847393008166, 'var_utility_loss': 0.0002691152287500932, 'var_conditional_gain_loss': 0.0007655539137610014, 'conditional_pair_MSE': 0.2769284832326506, 'conditional_shuffle_MSE': 0.2938581388734882, 'conditional_gain_mean': 0.016929655640837614, 'conditional_positive_ratio': 0.8626338454376163, 'h_anchor_loss': nan, 'future_var_loss': nan, 'future_var_cosine': nan, 'future_var_l2': nan, 'future_var_pred_norm': nan, 'future_var_target_norm': nan, 'gate/mean': -0.04551314077579596, 'gate/std': 0.17505653806009497, 'gate/positive_ratio': 0.39620298321659436, 'gate/negative_ratio': 0.6037970167834057, 'gate/abs_mean': 0.14048642732786862, 'gate/near_zero_ratio': 0.4532303687704278, 'stage': 0, 'epoch': 1}
A2 complementary_gate classification stage 2 epoch 5 {'loss': 1.161051061845595, 'var_predictive_loss': 0.4958801758463422, 'var_utility_loss': 3.477946420209819e-06, 'var_conditional_gain_loss': 0.002443114886001084, 'conditional_pair_MSE': 0.49592378500356443, 'conditional_shuffle_MSE': 0.7313178412197797, 'conditional_gain_mean': 0.23539405628920645, 'conditional_positive_ratio': 0.9181927185524308, 'h_anchor_loss': nan, 'future_var_loss': nan, 'future_var_cosine': nan, 'future_var_l2': nan, 'future_var_pred_norm': nan, 'future_var_target_norm': nan, 'gate/mean': -0.8127616611370502, 'gate/std': 0.2910391633540579, 'gate/positive_ratio': 0.0345238136634902, 'gate/negative_ratio': 0.9654761861253016, 'gate/abs_mean': 0.8317876907783669, 'gate/near_zero_ratio': 0.01847222231515383, 'stage': 2, 'epoch': 5}
A2 complementary_gate classification stage 0 epoch 2 {'loss': 0.6583922786768093, 'var_predictive_loss': 0.26909534949895947, 'var_utility_loss': 8.361078508071017e-05, 'var_conditional_gain_loss': 0.0007196918925371461, 'conditional_pair_MSE': 0.26928786313201575, 'conditional_shuffle_MSE': 0.29533044899230343, 'conditional_gain_mean': 0.026042585861371627, 'conditional_positive_ratio': 0.8921380353817505, 'h_anchor_loss': nan, 'future_var_loss': nan, 'future_var_cosine': nan, 'future_var_l2': nan, 'future_var_pred_norm': nan, 'future_var_target_norm': nan, 'gate/mean': -0.21160311282751593, 'gate/std': 0.24755913549427172, 'gate/positive_ratio': 0.1956835191698828, 'gate/negative_ratio': 0.8043164808301172, 'gate/abs_mean': 0.26551608186686926, 'gate/near_zero_ratio': 0.22891282230517465, 'stage': 0, 'epoch': 2}
A2 STAGE 0 EIIL {'update': 0, 'source_split': 'TRAIN only', 'mean_q_change': 0.0026729372330009937, 'environment_mass': [0.33381712436676025, 0.33307182788848877, 0.333111047744751], 'min_environment_mass': 0.33307182788848877, 'environment_risk': [0.4630517363548279, 0.4629966616630554, 0.46299412846565247], 'probe_gradients': [[-0.3013668954372406, -0.007013845723122358], [-0.30131474137306213, -0.006797316949814558], [-0.30130255222320557, -0.006755341310054064]], 'gradient_disagreement': 4.082662385940239e-08, 'D_within_grad': 0.329141765832901, 'D_between_grad': 0.3291417956352234, 'gradient_separation': 1.0000001192092896, 'random_partition_repeats': 100, 'conflict_ours': 4.082662385940239e-08, 'random_partition_conflict_mean': 2.602462134682071e-10, 'random_partition_conflict_std': 2.403758858626759e-10, 'random_partition_z_score': 168.7622528076172, 'environment_similarity_correlation': 0.7431071342450407, 'hungarian_permutation': [0, 1, 2], 'alignment_overlap_before': 0.33334195613861084, 'alignment_overlap_after': 0.33334195613861084, 'environment_matching_requested': 'overlap', 'environment_matching_used': 'overlap', 'h_prediction_MSE': 0.31333574652671814, 'h_prediction_MAE': 0.30112963914871216, 'h_prediction_drift_from_pretrained': 2.073663201600847e-14, 'h_prediction_corr_with_pretrained': 0.9999999999998742, 'H_norm': 0.6241748332977295, 'H_norm_ratio_to_pretrained': 1.0, 'stage': 0, 'environment_prediction_source': 'current Z-fused prediction (legacy)', 'env_assignment_similarity_to_previous': 0.7431071342450407}
A2 STAGE 1 EIIL {'update': 1, 'source_split': 'TRAIN only', 'mean_q_change': 0.20922806859016418, 'environment_mass': [0.3282226026058197, 0.3344716429710388, 0.3373057544231415], 'min_environment_mass': 0.3282226026058197, 'environment_risk': [0.3312755823135376, 0.21473194658756256, 0.10288438946008682], 'probe_gradients': [[0.45388129353523254, -0.008490032516419888], [-0.044623371213674545, 0.2677018344402313], [-0.012454241514205933, -0.050472840666770935]], 'gradient_disagreement': 0.21543006598949432, 'D_within_grad': 0.5402213335037231, 'D_between_grad': 0.632364809513092, 'gradient_separation': 1.170566201210022, 'random_partition_repeats': 100, 'conflict_ours': 0.21543006598949432, 'random_partition_conflict_mean': 3.9510512578999624e-05, 'random_partition_conflict_std': 3.80061064788606e-05, 'random_partition_z_score': 5667.26171875, 'environment_similarity_correlation': 0.7179673278715981, 'hungarian_permutation': [0, 1, 2], 'alignment_overlap_before': 0.4534357786178589, 'alignment_overlap_after': 0.4534357786178589, 'environment_matching_requested': 'overlap', 'environment_matching_used': 'overlap', 'h_prediction_MSE': 0.2152574211359024, 'h_prediction_MAE': 0.2636066675186157, 'h_prediction_drift_from_pretrained': 0.013638502918183804, 'h_prediction_corr_with_pretrained': 0.9925289321120948, 'H_norm': 0.9126161336898804, 'H_norm_ratio_to_pretrained': 0.9862155318260193, 'stage': 1, 'environment_prediction_source': 'H -> frozen pretrained forecast head', 'env_assignment_similarity_to_previous': 0.7179673278715981}
A2 complementary_gate classification stage 1 epoch 3 {'loss': 0.6496735647112825, 'var_predictive_loss': 0.26188508689403533, 'var_utility_loss': 5.753577916292734e-05, 'var_conditional_gain_loss': 0.0008544038968029375, 'conditional_pair_MSE': 0.2620451244424751, 'conditional_shuffle_MSE': 0.2967581497180667, 'conditional_gain_mean': 0.03471302527775949, 'conditional_positive_ratio': 0.8946112662942272, 'h_anchor_loss': nan, 'future_var_loss': nan, 'future_var_cosine': nan, 'future_var_l2': nan, 'future_var_pred_norm': nan, 'future_var_target_norm': nan, 'gate/mean': -0.35217401838315626, 'gate/std': 0.29284188823573654, 'gate/positive_ratio': 0.12243174328090513, 'gate/negative_ratio': 0.8775682560425698, 'gate/abs_mean': 0.3916290574278011, 'gate/near_zero_ratio': 0.1300234816689649, 'stage': 1, 'epoch': 3}
A2 complementary_gate classification stage 1 epoch 4 {'loss': 0.6456312508361284, 'var_predictive_loss': 0.2614477644618167, 'var_utility_loss': 4.472198421100011e-05, 'var_conditional_gain_loss': 0.0007164426532140855, 'conditional_pair_MSE': 0.2615870793686442, 'conditional_shuffle_MSE': 0.2993898817111072, 'conditional_gain_mean': 0.037802802343763715, 'conditional_positive_ratio': 0.9071810986964618, 'h_anchor_loss': nan, 'future_var_loss': nan, 'future_var_cosine': nan, 'future_var_l2': nan, 'future_var_pred_norm': nan, 'future_var_target_norm': nan, 'gate/mean': -0.45792951806626664, 'gate/std': 0.3166010944370885, 'gate/positive_ratio': 0.09019522097969654, 'gate/negative_ratio': 0.9098047776672534, 'gate/abs_mean': 0.49115280313764903, 'gate/near_zero_ratio': 0.08571092297906717, 'stage': 1, 'epoch': 4}
A2 complementary_gate classification stage 2 epoch 6 {'loss': 1.15464712394874, 'var_predictive_loss': 0.4939687661274475, 'var_utility_loss': 1.7228033444910365e-06, 'var_conditional_gain_loss': 0.0020012892555338253, 'conditional_pair_MSE': 0.4939882672510709, 'conditional_shuffle_MSE': 0.7266328466926416, 'conditional_gain_mean': 0.2326445794442609, 'conditional_positive_ratio': 0.9235339001526052, 'h_anchor_loss': nan, 'future_var_loss': nan, 'future_var_cosine': nan, 'future_var_l2': nan, 'future_var_pred_norm': nan, 'future_var_target_norm': nan, 'gate/mean': -0.8328074685877481, 'gate/std': 0.2880286441369767, 'gate/positive_ratio': 0.03253239809566038, 'gate/negative_ratio': 0.9674676019043397, 'gate/abs_mean': 0.8523689837720766, 'gate/near_zero_ratio': 0.016166103786681152, 'stage': 2, 'epoch': 6}
A2 STAGE 2 EIIL {'update': 2, 'source_split': 'TRAIN only', 'mean_q_change': 0.11554821580648422, 'environment_mass': [0.3281862437725067, 0.33394572138786316, 0.3378680944442749], 'min_environment_mass': 0.3281862437725067, 'environment_risk': [0.3172958791255951, 0.2199518084526062, 0.10542367398738861], 'probe_gradients': [[0.42067739367485046, -0.08515338599681854], [-0.04313110187649727, 0.25679144263267517], [-0.014655699022114277, -0.0822121724486351]], 'gradient_disagreement': 0.21243412792682648, 'D_within_grad': 0.5327678322792053, 'D_between_grad': 0.6283408403396606, 'gradient_separation': 1.1793895959854126, 'random_partition_repeats': 100, 'conflict_ours': 0.21243412792682648, 'random_partition_conflict_mean': 2.9575006919912994e-05, 'random_partition_conflict_std': 2.2515472664963454e-05, 'random_partition_z_score': 9433.71484375, 'environment_similarity_correlation': 0.8574362862906273, 'hungarian_permutation': [0, 1, 2], 'alignment_overlap_before': 0.5155581831932068, 'alignment_overlap_after': 0.5155581831932068, 'environment_matching_requested': 'overlap', 'environment_matching_used': 'overlap', 'h_prediction_MSE': 0.21320340037345886, 'h_prediction_MAE': 0.2651771306991577, 'h_prediction_drift_from_pretrained': 0.01919277384877205, 'h_prediction_corr_with_pretrained': 0.98959517681737, 'H_norm': 0.9002979397773743, 'H_norm_ratio_to_pretrained': 0.9729061722755432, 'stage': 2, 'environment_prediction_source': 'H -> frozen pretrained forecast head', 'env_assignment_similarity_to_previous': 0.8574362862906273}
A2 STAGE 3 EIIL {'update': 3, 'source_split': 'TRAIN only', 'mean_q_change': 0.06838744878768921, 'environment_mass': [0.3346163034439087, 0.3319983184337616, 0.3333854079246521], 'min_environment_mass': 0.3319983184337616, 'environment_risk': [0.3544795513153076, 0.6007776260375977, 0.3583187460899353], 'probe_gradients': [[-0.03137187659740448, -0.09577725827693939], [0.3583517074584961, -0.019544845446944237], [-0.013544297777116299, -0.08435704559087753]], 'gradient_disagreement': 0.10021712630987167, 'D_within_grad': 0.40594181418418884, 'D_between_grad': 0.47776761651039124, 'gradient_separation': 1.176936149597168, 'random_partition_repeats': 100, 'conflict_ours': 0.10021712630987167, 'random_partition_conflict_mean': 5.057037469669012e-06, 'random_partition_conflict_std': 4.897579856333323e-06, 'random_partition_z_score': 20461.548828125, 'environment_similarity_correlation': 0.916637349042635, 'hungarian_permutation': [0, 1, 2], 'alignment_overlap_before': 0.46211445331573486, 'alignment_overlap_after': 0.46211445331573486, 'environment_matching_requested': 'overlap', 'environment_matching_used': 'overlap', 'h_prediction_MSE': 0.5290746688842773, 'h_prediction_MAE': 0.3715340197086334, 'h_prediction_drift_from_pretrained': 0.08897649496793747, 'h_prediction_corr_with_pretrained': 0.9433202226444328, 'H_norm': 0.8706020712852478, 'H_norm_ratio_to_pretrained': 1.0178804397583008, 'stage': 3, 'environment_prediction_source': 'current Z-fused prediction (legacy)', 'env_assignment_similarity_to_previous': 0.916637349042635}
A2 complementary_gate classification stage 2 epoch 5 {'loss': 0.6380245811994686, 'var_predictive_loss': 0.25919184293164765, 'var_utility_loss': 3.801013679972235e-05, 'var_conditional_gain_loss': 0.0007859892900699309, 'conditional_pair_MSE': 0.259310533700411, 'conditional_shuffle_MSE': 0.30095590575681047, 'conditional_gain_mean': 0.041645372046752366, 'conditional_positive_ratio': 0.9125058193668529, 'h_anchor_loss': nan, 'future_var_loss': nan, 'future_var_cosine': nan, 'future_var_l2': nan, 'future_var_pred_norm': nan, 'future_var_target_norm': nan, 'gate/mean': -0.5322558729077729, 'gate/std': 0.3346975518999361, 'gate/positive_ratio': 0.07887384891704907, 'gate/negative_ratio': 0.9211261510829509, 'gate/abs_mean': 0.5659290171658379, 'gate/near_zero_ratio': 0.0647017114091083, 'stage': 2, 'epoch': 5}
A2 complementary_gate classification stage 2 epoch 6 {'loss': 0.6296358015093693, 'var_predictive_loss': 0.2512484610080719, 'var_utility_loss': 2.824775579980734e-05, 'var_conditional_gain_loss': 0.0009605495903677406, 'conditional_pair_MSE': 0.251406435832729, 'conditional_shuffle_MSE': 0.3005046508460814, 'conditional_gain_mean': 0.04909821498668748, 'conditional_positive_ratio': 0.9140188547486033, 'h_anchor_loss': nan, 'future_var_loss': nan, 'future_var_cosine': nan, 'future_var_l2': nan, 'future_var_pred_norm': nan, 'future_var_target_norm': nan, 'gate/mean': -0.5737815792288458, 'gate/std': 0.34699001949610025, 'gate/positive_ratio': 0.07608930647548524, 'gate/negative_ratio': 0.9239106935245147, 'gate/abs_mean': 0.6102780268740049, 'gate/near_zero_ratio': 0.05471727589529913, 'stage': 2, 'epoch': 6}
A2 STAGE 3 EIIL {'update': 3, 'source_split': 'TRAIN only', 'mean_q_change': 0.07365608215332031, 'environment_mass': [0.32934433221817017, 0.3331563174724579, 0.33749932050704956], 'min_environment_mass': 0.32934433221817017, 'environment_risk': [0.3127973675727844, 0.21976639330387115, 0.10719549655914307], 'probe_gradients': [[0.40220820903778076, -0.1259976029396057], [-0.03882288932800293, 0.2513522207736969], [-0.023651404306292534, -0.0751594752073288]], 'gradient_disagreement': 0.20922742784023285, 'D_within_grad': 0.5338023900985718, 'D_between_grad': 0.6271288990974426, 'gradient_separation': 1.1748334169387817, 'random_partition_repeats': 100, 'conflict_ours': 0.20922742784023285, 'random_partition_conflict_mean': 2.7373283955967054e-05, 'random_partition_conflict_std': 2.050935654551722e-05, 'random_partition_z_score': 10200.2255859375, 'environment_similarity_correlation': 0.9427594326924532, 'hungarian_permutation': [0, 1, 2], 'alignment_overlap_before': 0.5223340392112732, 'alignment_overlap_after': 0.5223340392112732, 'environment_matching_requested': 'overlap', 'environment_matching_used': 'overlap', 'h_prediction_MSE': 0.21241307258605957, 'h_prediction_MAE': 0.2650035619735718, 'h_prediction_drift_from_pretrained': 0.021928729489445686, 'h_prediction_corr_with_pretrained': 0.988191455169254, 'H_norm': 0.9050169587135315, 'H_norm_ratio_to_pretrained': 0.9779818654060364, 'stage': 3, 'environment_prediction_source': 'H -> frozen pretrained forecast head', 'env_assignment_similarity_to_previous': 0.9427594326924532}
A2 complementary_gate classification stage 3 epoch 7 {'loss': 1.150194915825113, 'var_predictive_loss': 0.48724351506339225, 'var_utility_loss': 8.756950358677213e-07, 'var_conditional_gain_loss': 0.0023404489976330397, 'conditional_pair_MSE': 0.48729507135676436, 'conditional_shuffle_MSE': 0.7174328002831605, 'conditional_gain_mean': 0.23013772893421303, 'conditional_positive_ratio': 0.9217625899280576, 'h_anchor_loss': nan, 'future_var_loss': nan, 'future_var_cosine': nan, 'future_var_l2': nan, 'future_var_pred_norm': nan, 'future_var_target_norm': nan, 'gate/mean': -0.8492410933245254, 'gate/std': 0.28560978824139155, 'gate/positive_ratio': 0.031686335860964907, 'gate/negative_ratio': 0.9683136641390351, 'gate/abs_mean': 0.8693332137960408, 'gate/near_zero_ratio': 0.014599419456588408, 'stage': 3, 'epoch': 7}
A2 complementary_gate classification stage 3 epoch 7 {'loss': 0.6227973199445148, 'var_predictive_loss': 0.24869226932525634, 'var_utility_loss': 2.4333027527169433e-05, 'var_conditional_gain_loss': 0.0007505445195948601, 'conditional_pair_MSE': 0.2488506496178283, 'conditional_shuffle_MSE': 0.3005902613506397, 'conditional_gain_mean': 0.051739611732486236, 'conditional_positive_ratio': 0.9204492551210428, 'h_anchor_loss': nan, 'future_var_loss': nan, 'future_var_cosine': nan, 'future_var_l2': nan, 'future_var_pred_norm': nan, 'future_var_target_norm': nan, 'gate/mean': -0.6068382364675559, 'gate/std': 0.3589102606376959, 'gate/positive_ratio': 0.07578053910751868, 'gate/negative_ratio': 0.9242194608924813, 'gate/abs_mean': 0.6468175238721718, 'gate/near_zero_ratio': 0.04851822242306536, 'stage': 3, 'epoch': 7}
A2 complementary_gate classification stage 3 epoch 8 {'loss': 0.6151065387559491, 'var_predictive_loss': 0.2474575155349665, 'var_utility_loss': 2.492995912054835e-05, 'var_conditional_gain_loss': 0.0007590537724840443, 'conditional_pair_MSE': 0.24752688058364739, 'conditional_shuffle_MSE': 0.30145075488783546, 'conditional_gain_mean': 0.05392387428207564, 'conditional_positive_ratio': 0.9191689944134078, 'h_anchor_loss': nan, 'future_var_loss': nan, 'future_var_cosine': nan, 'future_var_l2': nan, 'future_var_pred_norm': nan, 'future_var_target_norm': nan, 'gate/mean': -0.6258900207731665, 'gate/std': 0.3699660492595699, 'gate/positive_ratio': 0.07785768061334342, 'gate/negative_ratio': 0.9221423193866566, 'gate/abs_mean': 0.6700673880034764, 'gate/near_zero_ratio': 0.045326047278035714, 'stage': 3, 'epoch': 8}
A2 STAGE 4 EIIL {'update': 4, 'source_split': 'TRAIN only', 'mean_q_change': 0.05850580707192421, 'environment_mass': [0.3275943100452423, 0.33484214544296265, 0.33756351470947266], 'min_environment_mass': 0.3275943100452423, 'environment_risk': [0.31323012709617615, 0.21899402141571045, 0.10951923578977585], 'probe_gradients': [[0.40237876772880554, -0.13735876977443695], [-0.03786177560687065, 0.2373599261045456], [-0.02208450809121132, -0.08822732418775558]], 'gradient_disagreement': 0.20768825709819794, 'D_within_grad': 0.5279412865638733, 'D_between_grad': 0.6244246363639832, 'gradient_separation': 1.1827539205551147, 'random_partition_repeats': 100, 'conflict_ours': 0.20768825709819794, 'random_partition_conflict_mean': 3.198787817382254e-05, 'random_partition_conflict_std': 2.3687091015744954e-05, 'random_partition_z_score': 8766.642578125, 'environment_similarity_correlation': 0.9591724097083294, 'hungarian_permutation': [0, 1, 2], 'alignment_overlap_before': 0.5219141244888306, 'alignment_overlap_after': 0.5219141244888306, 'environment_matching_requested': 'overlap', 'environment_matching_used': 'overlap', 'h_prediction_MSE': 0.21291065216064453, 'h_prediction_MAE': 0.2667466998100281, 'h_prediction_drift_from_pretrained': 0.024285277351737022, 'h_prediction_corr_with_pretrained': 0.987076667469326, 'H_norm': 0.906399667263031, 'H_norm_ratio_to_pretrained': 0.9794807434082031, 'stage': 4, 'environment_prediction_source': 'H -> frozen pretrained forecast head', 'env_assignment_similarity_to_previous': 0.9591724097083294}
A2 complementary_gate classification stage 4 epoch 9 {'loss': 0.6073399650773337, 'var_predictive_loss': 0.2398117559177931, 'var_utility_loss': 1.8572802151792592e-05, 'var_conditional_gain_loss': 0.0008470710130448296, 'conditional_pair_MSE': 0.23991291844567308, 'conditional_shuffle_MSE': 0.2992121102549866, 'conditional_gain_mean': 0.05929919179446355, 'conditional_positive_ratio': 0.9227188081936686, 'h_anchor_loss': nan, 'future_var_loss': nan, 'future_var_cosine': nan, 'future_var_l2': nan, 'future_var_pred_norm': nan, 'future_var_target_norm': nan, 'gate/mean': -0.6438474134874564, 'gate/std': 0.3777401652379522, 'gate/positive_ratio': 0.07834763423317005, 'gate/negative_ratio': 0.92165236576683, 'gate/abs_mean': 0.6907517665704799, 'gate/near_zero_ratio': 0.04261542534177394, 'stage': 4, 'epoch': 9}
A2 complementary_gate classification stage 3 epoch 8 {'loss': 1.1452929922935748, 'var_predictive_loss': 0.4843041719422199, 'var_utility_loss': 5.446279205118446e-07, 'var_conditional_gain_loss': 0.0019801478598911538, 'conditional_pair_MSE': 0.48427277964747734, 'conditional_shuffle_MSE': 0.72607784048939, 'conditional_gain_mean': 0.24180506092571544, 'conditional_positive_ratio': 0.9298833660344452, 'h_anchor_loss': nan, 'future_var_loss': nan, 'future_var_cosine': nan, 'future_var_l2': nan, 'future_var_pred_norm': nan, 'future_var_target_norm': nan, 'gate/mean': -0.8589205672398127, 'gate/std': 0.283746060155646, 'gate/positive_ratio': 0.030675711603674313, 'gate/negative_ratio': 0.9693242883963257, 'gate/abs_mean': 0.8796793281462535, 'gate/near_zero_ratio': 0.013199178591718076, 'stage': 3, 'epoch': 8}
A2 STAGE 4 EIIL {'update': 4, 'source_split': 'TRAIN only', 'mean_q_change': 0.07582419365644455, 'environment_mass': [0.3354339897632599, 0.3287910521030426, 0.3357749581336975], 'min_environment_mass': 0.3287910521030426, 'environment_risk': [0.34556856751441956, 0.5955101847648621, 0.3499569594860077], 'probe_gradients': [[-0.01677515357732773, -0.056916069239377975], [0.3364048898220062, 0.024050459265708923], [-0.01594202220439911, -0.051533956080675125]], 'gradient_disagreement': 0.08706090599298477, 'D_within_grad': 0.38084670901298523, 'D_between_grad': 0.4450831115245819, 'gradient_separation': 1.1686673164367676, 'random_partition_repeats': 100, 'conflict_ours': 0.08706090599298477, 'random_partition_conflict_mean': 4.445207650860539e-06, 'random_partition_conflict_std': 4.758120667247567e-06, 'random_partition_z_score': 18296.396484375, 'environment_similarity_correlation': 0.8821519445403696, 'hungarian_permutation': [0, 1, 2], 'alignment_overlap_before': 0.45219746232032776, 'alignment_overlap_after': 0.45219746232032776, 'environment_matching_requested': 'overlap', 'environment_matching_used': 'overlap', 'h_prediction_MSE': 0.5331270694732666, 'h_prediction_MAE': 0.3727464973926544, 'h_prediction_drift_from_pretrained': 0.08511796593666077, 'h_prediction_corr_with_pretrained': 0.9444533271985979, 'H_norm': 0.8749533891677856, 'H_norm_ratio_to_pretrained': 1.0229675769805908, 'stage': 4, 'environment_prediction_source': 'current Z-fused prediction (legacy)', 'env_assignment_similarity_to_previous': 0.8821519445403696}
A2 complementary_gate classification stage 4 epoch 10 {'loss': 0.5995216933516568, 'var_predictive_loss': 0.23527883395899174, 'var_utility_loss': 1.69781058295569e-05, 'var_conditional_gain_loss': 0.0009839665293723892, 'conditional_pair_MSE': 0.23519271384293036, 'conditional_shuffle_MSE': 0.29756326387302295, 'conditional_gain_mean': 0.062370550012099124, 'conditional_positive_ratio': 0.9235335195530726, 'h_anchor_loss': nan, 'future_var_loss': nan, 'future_var_cosine': nan, 'future_var_l2': nan, 'future_var_pred_norm': nan, 'future_var_target_norm': nan, 'gate/mean': -0.6570234268037802, 'gate/std': 0.3872823578601131, 'gate/positive_ratio': 0.08059745671841942, 'gate/negative_ratio': 0.9194025426050556, 'gate/abs_mean': 0.7081013304866778, 'gate/near_zero_ratio': 0.040639330288083184, 'stage': 4, 'epoch': 10}
A2 TEST 0.18979305028915405 0.2719961702823639
[ETTm2] complete 2026-09-12T11:52:38+00:00
[ETTh1] start 2026-09-12T11:52:38+00:00 GPU=3
[ETTh1] create shared reference
reference warmup 1 {'loss': 0.41139026812787327, 'var_predictive_loss': nan, 'var_utility_loss': nan, 'var_conditional_gain_loss': nan, 'conditional_pair_MSE': nan, 'conditional_shuffle_MSE': nan, 'conditional_gain_mean': nan, 'conditional_positive_ratio': nan, 'h_anchor_loss': nan, 'future_var_loss': nan, 'future_var_cosine': nan, 'future_var_l2': nan, 'future_var_pred_norm': nan, 'future_var_target_norm': nan, 'gate/mean': nan, 'gate/std': nan, 'gate/positive_ratio': nan, 'gate/negative_ratio': nan, 'gate/abs_mean': nan, 'gate/near_zero_ratio': nan}
reference warmup 2 {'loss': 0.3870300537010409, 'var_predictive_loss': nan, 'var_utility_loss': nan, 'var_conditional_gain_loss': nan, 'conditional_pair_MSE': nan, 'conditional_shuffle_MSE': nan, 'conditional_gain_mean': nan, 'conditional_positive_ratio': nan, 'h_anchor_loss': nan, 'future_var_loss': nan, 'future_var_cosine': nan, 'future_var_l2': nan, 'future_var_pred_norm': nan, 'future_var_target_norm': nan, 'gate/mean': nan, 'gate/std': nan, 'gate/positive_ratio': nan, 'gate/negative_ratio': nan, 'gate/abs_mean': nan, 'gate/near_zero_ratio': nan}
reference warmup 3 {'loss': 0.38081162650630157, 'var_predictive_loss': nan, 'var_utility_loss': nan, 'var_conditional_gain_loss': nan, 'conditional_pair_MSE': nan, 'conditional_shuffle_MSE': nan, 'conditional_gain_mean': nan, 'conditional_positive_ratio': nan, 'h_anchor_loss': nan, 'future_var_loss': nan, 'future_var_cosine': nan, 'future_var_l2': nan, 'future_var_pred_norm': nan, 'future_var_target_norm': nan, 'gate/mean': nan, 'gate/std': nan, 'gate/positive_ratio': nan, 'gate/negative_ratio': nan, 'gate/abs_mean': nan, 'gate/near_zero_ratio': nan}
shared_reference source=created path=results/predictive_env_reference_all_datasets_k3/ETTh1/shared_reference.pt sha256=cfc624bc956d6b28ad507cffe6ed782445df170f77a8a0145bdefa35dee90d82
reference preparation complete; no experiment was run
cfc624bc956d6b28ad507cffe6ed782445df170f77a8a0145bdefa35dee90d82  results/predictive_env_reference_all_datasets_k3/ETTh1/shared_reference.pt
[ETTh1] run A_current on GPU 3
shared_reference source=loaded path=results/predictive_env_reference_all_datasets_k3/ETTh1/shared_reference.pt sha256=cfc624bc956d6b28ad507cffe6ed782445df170f77a8a0145bdefa35dee90d82
A2 identity {'feature': 0.0}
A2 STAGE 0 EIIL {'update': 0, 'source_split': 'TRAIN only', 'mean_q_change': 0.07995010912418365, 'environment_mass': [0.3331882655620575, 0.3329302966594696, 0.3338814377784729], 'min_environment_mass': 0.3329302966594696, 'environment_risk': [0.3644547462463379, 0.3871366083621979, 0.3941642642021179], 'probe_gradients': [[-0.02837560698390007, -0.06512703746557236], [0.03305378556251526, 0.06583109498023987], [0.046767864376306534, 0.08807443827390671]], 'gradient_disagreement': 0.016907894983887672, 'D_within_grad': 0.5849266052246094, 'D_between_grad': 0.5931082963943481, 'gradient_separation': 1.0139875411987305, 'random_partition_repeats': 100, 'conflict_ours': 0.016907894983887672, 'random_partition_conflict_mean': 3.7838703974557575e-06, 'random_partition_conflict_std': 4.24263862441876e-06, 'random_partition_z_score': 3984.33935546875, 'environment_similarity_correlation': -0.0003511181640949175, 'hungarian_permutation': [0, 1, 2], 'alignment_overlap_before': 0.3333510756492615, 'alignment_overlap_after': 0.3333510756492615, 'environment_matching_requested': 'overlap', 'environment_matching_used': 'overlap', 'h_prediction_MSE': 0.34672001004219055, 'h_prediction_MAE': 0.40972569584846497, 'h_prediction_drift_from_pretrained': 1.6785228399264843e-14, 'h_prediction_corr_with_pretrained': 0.9999999999999837, 'H_norm': 0.9681981801986694, 'H_norm_ratio_to_pretrained': 1.0, 'stage': 0, 'environment_prediction_source': 'current Z-fused prediction (legacy)', 'env_assignment_similarity_to_previous': -0.0003511181640949175}
A2 complementary_gate classification stage 0 epoch 1 {'loss': 0.9572099310047222, 'var_predictive_loss': 0.5302494118798454, 'var_utility_loss': 0.0006327760976108827, 'var_conditional_gain_loss': 0.0008528164277474085, 'conditional_pair_MSE': 0.5311475690951656, 'conditional_shuffle_MSE': 0.5456517291287045, 'conditional_gain_mean': 0.014504160033538938, 'conditional_positive_ratio': 0.8591382575757576, 'h_anchor_loss': nan, 'future_var_loss': nan, 'future_var_cosine': nan, 'future_var_l2': nan, 'future_var_pred_norm': nan, 'future_var_target_norm': nan, 'gate/mean': -0.014691357258788854, 'gate/std': 0.1478677456471573, 'gate/positive_ratio': 0.4551973600839984, 'gate/negative_ratio': 0.5448026399160016, 'gate/abs_mean': 0.11238355486877084, 'gate/near_zero_ratio': 0.5596322210662434, 'stage': 0, 'epoch': 1}
A2 complementary_gate classification stage 4 epoch 9 {'loss': 1.141320972933183, 'var_predictive_loss': 0.4829493024513944, 'var_utility_loss': 3.588862830212756e-07, 'var_conditional_gain_loss': 0.002178621632651911, 'conditional_pair_MSE': 0.48298077522328314, 'conditional_shuffle_MSE': 0.7309515374414793, 'conditional_gain_mean': 0.2479707622346928, 'conditional_positive_ratio': 0.9288478308262481, 'h_anchor_loss': nan, 'future_var_loss': nan, 'future_var_cosine': nan, 'future_var_l2': nan, 'future_var_pred_norm': nan, 'future_var_target_norm': nan, 'gate/mean': -0.8669581397246922, 'gate/std': 0.2838780328448377, 'gate/positive_ratio': 0.03044298319123381, 'gate/negative_ratio': 0.9695570161751416, 'gate/abs_mean': 0.8889894448743207, 'gate/near_zero_ratio': 0.012084794927856416, 'stage': 4, 'epoch': 9}
A2 complementary_gate classification stage 0 epoch 2 {'loss': 0.9343326253711053, 'var_predictive_loss': 0.5182405234507794, 'var_utility_loss': 0.00036311431950999354, 'var_conditional_gain_loss': 0.0008414891093376685, 'conditional_pair_MSE': 0.5184072590288424, 'conditional_shuffle_MSE': 0.5412404114225259, 'conditional_gain_mean': 0.022833152393683453, 'conditional_positive_ratio': 0.8951231060606061, 'h_anchor_loss': nan, 'future_var_loss': nan, 'future_var_cosine': nan, 'future_var_l2': nan, 'future_var_pred_norm': nan, 'future_var_target_norm': nan, 'gate/mean': -0.06476022400886736, 'gate/std': 0.1466875432286423, 'gate/positive_ratio': 0.3249687226343002, 'gate/negative_ratio': 0.6750312773656998, 'gate/abs_mean': 0.12609857106761213, 'gate/near_zero_ratio': 0.48524136216986796, 'stage': 0, 'epoch': 2}
A2 STAGE 1 EIIL {'update': 1, 'source_split': 'TRAIN only', 'mean_q_change': 0.37883979082107544, 'environment_mass': [0.33255189657211304, 0.336548775434494, 0.33089935779571533], 'min_environment_mass': 0.33089935779571533, 'environment_risk': [0.34155818819999695, 0.27277639508247375, 0.3666171431541443], 'probe_gradients': [[0.07601705193519592, -0.352132648229599], [-0.01953710988163948, -0.004338738042861223], [0.14754989743232727, 0.25077179074287415]], 'gradient_disagreement': 0.19723379611968994, 'D_within_grad': 0.46616828441619873, 'D_between_grad': 0.5999068021774292, 'gradient_separation': 1.2868889570236206, 'random_partition_repeats': 100, 'conflict_ours': 0.19723379611968994, 'random_partition_conflict_mean': 7.346206257352605e-05, 'random_partition_conflict_std': 5.853954280610196e-05, 'random_partition_z_score': 3367.985595703125, 'environment_similarity_correlation': 0.6883442354358926, 'hungarian_permutation': [0, 1, 2], 'alignment_overlap_before': 0.36949291825294495, 'alignment_overlap_after': 0.36949291825294495, 'environment_matching_requested': 'overlap', 'environment_matching_used': 'overlap', 'h_prediction_MSE': 0.35150930285453796, 'h_prediction_MAE': 0.41900989413261414, 'h_prediction_drift_from_pretrained': 0.031035402789711952, 'h_prediction_corr_with_pretrained': 0.9803026490856914, 'H_norm': 0.9528736472129822, 'H_norm_ratio_to_pretrained': 0.9840541481971741, 'stage': 1, 'environment_prediction_source': 'current Z-fused prediction (legacy)', 'env_assignment_similarity_to_previous': 0.6883442354358926}
A2 complementary_gate classification stage 1 epoch 3 {'loss': 0.9208730949545806, 'var_predictive_loss': 0.5129470953401529, 'var_utility_loss': 0.00019628203822407466, 'var_conditional_gain_loss': 0.0010238536686467176, 'conditional_pair_MSE': 0.5095398542259566, 'conditional_shuffle_MSE': 0.539833599659191, 'conditional_gain_mean': 0.030293745433234355, 'conditional_positive_ratio': 0.8993844696969697, 'h_anchor_loss': nan, 'future_var_loss': nan, 'future_var_cosine': nan, 'future_var_l2': nan, 'future_var_pred_norm': nan, 'future_var_target_norm': nan, 'gate/mean': -0.1706892428797949, 'gate/std': 0.203602256595379, 'gate/positive_ratio': 0.1960534571443014, 'gate/negative_ratio': 0.8039465401037176, 'gate/abs_mean': 0.21691999208655113, 'gate/near_zero_ratio': 0.27244307163886683, 'stage': 1, 'epoch': 3}
A2 complementary_gate classification stage 1 epoch 4 {'loss': 0.9157905344693166, 'var_predictive_loss': 0.5052737649881615, 'var_utility_loss': 0.0001746291641743397, 'var_conditional_gain_loss': 0.0009830093441643949, 'conditional_pair_MSE': 0.5053628485977903, 'conditional_shuffle_MSE': 0.5430619779737864, 'conditional_gain_mean': 0.03769912937599601, 'conditional_positive_ratio': 0.9048295454545454, 'h_anchor_loss': nan, 'future_var_loss': nan, 'future_var_cosine': nan, 'future_var_l2': nan, 'future_var_pred_norm': nan, 'future_var_target_norm': nan, 'gate/mean': -0.27938144682913396, 'gate/std': 0.23974344010752865, 'gate/positive_ratio': 0.12392760251107485, 'gate/negative_ratio': 0.876072391984963, 'gate/abs_mean': 0.3120863257577889, 'gate/near_zero_ratio': 0.16294316196989359, 'stage': 1, 'epoch': 4}
A2 STAGE 2 EIIL {'update': 2, 'source_split': 'TRAIN only', 'mean_q_change': 0.16825412213802338, 'environment_mass': [0.33451220393180847, 0.33588629961013794, 0.329601526260376], 'min_environment_mass': 0.329601526260376, 'environment_risk': [0.3149544298648834, 0.2648519277572632, 0.38387104868888855], 'probe_gradients': [[0.06466814130544662, -0.2518267035484314], [-0.062180545181035995, -0.027885397896170616], [0.16390815377235413, 0.35708436369895935]], 'gradient_disagreement': 0.21539312601089478, 'D_within_grad': 0.4517972469329834, 'D_between_grad': 0.5974247455596924, 'gradient_separation': 1.3223292827606201, 'random_partition_repeats': 100, 'conflict_ours': 0.21539312601089478, 'random_partition_conflict_mean': 6.276473141042516e-05, 'random_partition_conflict_std': 3.7431214877869934e-05, 'random_partition_z_score': 5752.69482421875, 'environment_similarity_correlation': 0.8512898394861015, 'hungarian_permutation': [0, 1, 2], 'alignment_overlap_before': 0.5480543971061707, 'alignment_overlap_after': 0.5480543971061707, 'environment_matching_requested': 'overlap', 'environment_matching_used': 'overlap', 'h_prediction_MSE': 0.35376787185668945, 'h_prediction_MAE': 0.42218559980392456, 'h_prediction_drift_from_pretrained': 0.04246947541832924, 'h_prediction_corr_with_pretrained': 0.9727080988951285, 'H_norm': 0.9487213492393494, 'H_norm_ratio_to_pretrained': 0.9797435998916626, 'stage': 2, 'environment_prediction_source': 'current Z-fused prediction (legacy)', 'env_assignment_similarity_to_previous': 0.8512898394861015}
A2 complementary_gate classification stage 2 epoch 5 {'loss': 0.9091818316927496, 'var_predictive_loss': 0.5008789314413971, 'var_utility_loss': 0.00012734347888771532, 'var_conditional_gain_loss': 0.001256292830503574, 'conditional_pair_MSE': 0.499845688128985, 'conditional_shuffle_MSE': 0.544750705096786, 'conditional_gain_mean': 0.044905016967800984, 'conditional_positive_ratio': 0.9115767045454546, 'h_anchor_loss': nan, 'future_var_loss': nan, 'future_var_cosine': nan, 'future_var_l2': nan, 'future_var_pred_norm': nan, 'future_var_target_norm': nan, 'gate/mean': -0.3608015496162308, 'gate/std': 0.25647971451420076, 'gate/positive_ratio': 0.09058499885429525, 'gate/negative_ratio': 0.9094149983937236, 'gate/abs_mean': 0.3869523409378021, 'gate/near_zero_ratio': 0.11025373507677719, 'stage': 2, 'epoch': 5}
A2 complementary_gate classification stage 2 epoch 6 {'loss': 0.8941836080461179, 'var_predictive_loss': 0.49020123537981286, 'var_utility_loss': 0.00011307938619657367, 'var_conditional_gain_loss': 0.0014772147952691848, 'conditional_pair_MSE': 0.49105624561762495, 'conditional_shuffle_MSE': 0.5470488497945056, 'conditional_gain_mean': 0.055992604176880734, 'conditional_positive_ratio': 0.9090909090909091, 'h_anchor_loss': nan, 'future_var_loss': nan, 'future_var_cosine': nan, 'future_var_l2': nan, 'future_var_pred_norm': nan, 'future_var_target_norm': nan, 'gate/mean': -0.4054670556439524, 'gate/std': 0.26965293605921586, 'gate/positive_ratio': 0.07996692845271912, 'gate/negative_ratio': 0.9200330715472809, 'gate/abs_mean': 0.43020145485768785, 'gate/near_zero_ratio': 0.09241589461488821, 'stage': 2, 'epoch': 6}
A2 STAGE 3 EIIL {'update': 3, 'source_split': 'TRAIN only', 'mean_q_change': 0.10673373192548752, 'environment_mass': [0.3337562382221222, 0.3366374373435974, 0.329606294631958], 'min_environment_mass': 0.329606294631958, 'environment_risk': [0.31903940439224243, 0.26103702187538147, 0.35309651494026184], 'probe_gradients': [[0.07715095579624176, -0.296943724155426], [-0.05272015184164047, -0.08671632409095764], [0.1168026253581047, 0.28749188780784607]], 'gradient_disagreement': 0.1909896731376648, 'D_within_grad': 0.4494350552558899, 'D_between_grad': 0.5860939621925354, 'gradient_separation': 1.3040682077407837, 'random_partition_repeats': 100, 'conflict_ours': 0.1909896731376648, 'random_partition_conflict_mean': 5.112068174639717e-05, 'random_partition_conflict_std': 3.865933103952557e-05, 'random_partition_z_score': 4939.0029296875, 'environment_similarity_correlation': 0.907491631192704, 'hungarian_permutation': [0, 1, 2], 'alignment_overlap_before': 0.5538179874420166, 'alignment_overlap_after': 0.5538179874420166, 'environment_matching_requested': 'overlap', 'environment_matching_used': 'overlap', 'h_prediction_MSE': 0.3554007112979889, 'h_prediction_MAE': 0.4247852861881256, 'h_prediction_drift_from_pretrained': 0.05251011997461319, 'h_prediction_corr_with_pretrained': 0.9662578000149252, 'H_norm': 0.9426279664039612, 'H_norm_ratio_to_pretrained': 0.9734933972358704, 'stage': 3, 'environment_prediction_source': 'current Z-fused prediction (legacy)', 'env_assignment_similarity_to_previous': 0.907491631192704}
A2 complementary_gate classification stage 3 epoch 7 {'loss': 0.8854022750314676, 'var_predictive_loss': 0.4852816275268231, 'var_utility_loss': 9.239195059531342e-05, 'var_conditional_gain_loss': 0.0012857498138945437, 'conditional_pair_MSE': 0.48638408290836116, 'conditional_shuffle_MSE': 0.5459793044508181, 'conditional_gain_mean': 0.059595221545984685, 'conditional_positive_ratio': 0.919625946969697, 'h_anchor_loss': nan, 'future_var_loss': nan, 'future_var_cosine': nan, 'future_var_l2': nan, 'future_var_pred_norm': nan, 'future_var_target_norm': nan, 'gate/mean': -0.4355166199995692, 'gate/std': 0.283396823947277, 'gate/positive_ratio': 0.07991253554678913, 'gate/negative_ratio': 0.9200874644532109, 'gate/abs_mean': 0.46173623297134136, 'gate/near_zero_ratio': 0.08377207342003704, 'stage': 3, 'epoch': 7}
A2 complementary_gate classification stage 3 epoch 8 {'loss': 0.877256892537171, 'var_predictive_loss': 0.4810391031346231, 'var_utility_loss': 7.183200165322973e-05, 'var_conditional_gain_loss': 0.0012929312457951407, 'conditional_pair_MSE': 0.4811934679111635, 'conditional_shuffle_MSE': 0.5466509667122877, 'conditional_gain_mean': 0.06545749879054104, 'conditional_positive_ratio': 0.9216382575757576, 'h_anchor_loss': nan, 'future_var_loss': nan, 'future_var_cosine': nan, 'future_var_l2': nan, 'future_var_pred_norm': nan, 'future_var_target_norm': nan, 'gate/mean': -0.4659483336920747, 'gate/std': 0.29682652284637306, 'gate/positive_ratio': 0.0783808957121581, 'gate/negative_ratio': 0.9216191042878419, 'gate/abs_mean': 0.49400180974803304, 'gate/near_zero_ratio': 0.07522887841316103, 'stage': 3, 'epoch': 8}
A2 STAGE 4 EIIL {'update': 4, 'source_split': 'TRAIN only', 'mean_q_change': 0.09971257299184799, 'environment_mass': [0.3343384861946106, 0.33598989248275757, 0.32967159152030945], 'min_environment_mass': 0.32967159152030945, 'environment_risk': [0.30508655309677124, 0.2563762664794922, 0.34538403153419495], 'probe_gradients': [[0.08607666194438934, -0.2726691663265228], [-0.0544668547809124, -0.1090736910700798], [0.12168806791305542, 0.2814607322216034]], 'gradient_disagreement': 0.17946390807628632, 'D_within_grad': 0.4338638186454773, 'D_between_grad': 0.5600992441177368, 'gradient_separation': 1.2909563779830933, 'random_partition_repeats': 100, 'conflict_ours': 0.17946390807628632, 'random_partition_conflict_mean': 5.035712456447072e-05, 'random_partition_conflict_std': 3.863576057483442e-05, 'random_partition_z_score': 4643.71728515625, 'environment_similarity_correlation': 0.936341498479634, 'hungarian_permutation': [0, 1, 2], 'alignment_overlap_before': 0.5447769165039062, 'alignment_overlap_after': 0.5447769165039062, 'environment_matching_requested': 'overlap', 'environment_matching_used': 'overlap', 'h_prediction_MSE': 0.3558698892593384, 'h_prediction_MAE': 0.4254627823829651, 'h_prediction_drift_from_pretrained': 0.05863107368350029, 'h_prediction_corr_with_pretrained': 0.9634141722048253, 'H_norm': 0.9481417536735535, 'H_norm_ratio_to_pretrained': 0.9791580438613892, 'stage': 4, 'environment_prediction_source': 'current Z-fused prediction (legacy)', 'env_assignment_similarity_to_previous': 0.936341498479634}
A2 complementary_gate classification stage 4 epoch 9 {'loss': 0.8718281950590745, 'var_predictive_loss': 0.4757314180428127, 'var_utility_loss': 6.855683114169877e-05, 'var_conditional_gain_loss': 0.0015988904510088491, 'conditional_pair_MSE': 0.47646596442791633, 'conditional_shuffle_MSE': 0.5472108176556614, 'conditional_gain_mean': 0.07074485323480048, 'conditional_positive_ratio': 0.9185606060606061, 'h_anchor_loss': nan, 'future_var_loss': nan, 'future_var_cosine': nan, 'future_var_l2': nan, 'future_var_pred_norm': nan, 'future_var_target_norm': nan, 'gate/mean': -0.48310313116137604, 'gate/std': 0.3071206779163276, 'gate/positive_ratio': 0.07910850850023107, 'gate/negative_ratio': 0.9208914914997689, 'gate/abs_mean': 0.5130901121563901, 'gate/near_zero_ratio': 0.07099895691110951, 'stage': 4, 'epoch': 9}
A2 complementary_gate classification stage 4 epoch 10 {'loss': 0.8624785672943547, 'var_predictive_loss': 0.46994098368680703, 'var_utility_loss': 6.30329012738174e-05, 'var_conditional_gain_loss': 0.0014333788739432666, 'conditional_pair_MSE': 0.4703974598669447, 'conditional_shuffle_MSE': 0.5455671471674136, 'conditional_gain_mean': 0.07516968730928827, 'conditional_positive_ratio': 0.9228219696969697, 'h_anchor_loss': nan, 'future_var_loss': nan, 'future_var_cosine': nan, 'future_var_l2': nan, 'future_var_pred_norm': nan, 'future_var_target_norm': nan, 'gate/mean': -0.4973007280708897, 'gate/std': 0.3197116071792288, 'gate/positive_ratio': 0.08338492197054878, 'gate/negative_ratio': 0.9166150780294512, 'gate/abs_mean': 0.5313999196084752, 'gate/near_zero_ratio': 0.06832571551948244, 'stage': 4, 'epoch': 10}
A2 complementary_gate classification stage 4 epoch 10 {'loss': 1.134210851442949, 'var_predictive_loss': 0.47793214925367516, 'var_utility_loss': 4.1679222422653074e-07, 'var_conditional_gain_loss': 0.0018433762325336077, 'conditional_pair_MSE': 0.47791251045986133, 'conditional_shuffle_MSE': 0.7343331166762954, 'conditional_gain_mean': 0.25642060604304195, 'conditional_positive_ratio': 0.9326084586875953, 'h_anchor_loss': nan, 'future_var_loss': nan, 'future_var_cosine': nan, 'future_var_l2': nan, 'future_var_pred_norm': nan, 'future_var_target_norm': nan, 'gate/mean': -0.8734553190495578, 'gate/std': 0.28444312780838155, 'gate/positive_ratio': 0.030507938371637646, 'gate/negative_ratio': 0.9694920614171542, 'gate/abs_mean': 0.896346212642495, 'gate/near_zero_ratio': 0.01181526918954555, 'stage': 4, 'epoch': 10}
A2 TEST 0.3937276601791382 0.4087325930595398
[ETTh1] run B_h_reference on GPU 3
shared_reference source=loaded path=results/predictive_env_reference_all_datasets_k3/ETTh1/shared_reference.pt sha256=cfc624bc956d6b28ad507cffe6ed782445df170f77a8a0145bdefa35dee90d82
A2 identity {'feature': 0.0}
A2 STAGE 0 EIIL {'update': 0, 'source_split': 'TRAIN only', 'mean_q_change': 0.06255240738391876, 'environment_mass': [0.33309489488601685, 0.3330708146095276, 0.33383429050445557], 'min_environment_mass': 0.3330708146095276, 'environment_risk': [0.32917171716690063, 0.3560784161090851, 0.35489240288734436], 'probe_gradients': [[0.06736400723457336, -0.04516129568219185], [0.13077318668365479, 0.06400439143180847], [0.1283065378665924, 0.06479810178279877]], 'gradient_disagreement': 0.010583214461803436, 'D_within_grad': 0.5824633836746216, 'D_between_grad': 0.5875118374824524, 'gradient_separation': 1.0086674690246582, 'random_partition_repeats': 100, 'conflict_ours': 0.010583214461803436, 'random_partition_conflict_mean': 2.2259177967498545e-06, 'random_partition_conflict_std': 2.443049879730097e-06, 'random_partition_z_score': 4331.05712890625, 'environment_similarity_correlation': -0.00035896221622765936, 'hungarian_permutation': [0, 1, 2], 'alignment_overlap_before': 0.3333494961261749, 'alignment_overlap_after': 0.3333494961261749, 'environment_matching_requested': 'overlap', 'environment_matching_used': 'overlap', 'h_prediction_MSE': 0.34672001004219055, 'h_prediction_MAE': 0.40972569584846497, 'h_prediction_drift_from_pretrained': 1.6785228399264843e-14, 'h_prediction_corr_with_pretrained': 0.9999999999999837, 'H_norm': 0.9681981801986694, 'H_norm_ratio_to_pretrained': 1.0, 'stage': 0, 'environment_prediction_source': 'H -> frozen pretrained forecast head', 'env_assignment_similarity_to_previous': -0.00035896221622765936}
A2 complementary_gate classification stage 0 epoch 1 {'loss': 0.9566559532903275, 'var_predictive_loss': 0.5296429255098667, 'var_utility_loss': 0.0006318316293577224, 'var_conditional_gain_loss': 0.000875635968634125, 'conditional_pair_MSE': 0.530548007730183, 'conditional_shuffle_MSE': 0.5455034401772233, 'conditional_gain_mean': 0.014955432447040397, 'conditional_positive_ratio': 0.8578361742424242, 'h_anchor_loss': nan, 'future_var_loss': nan, 'future_var_cosine': nan, 'future_var_l2': nan, 'future_var_pred_norm': nan, 'future_var_target_norm': nan, 'gate/mean': -0.014785745187237359, 'gate/std': 0.14699074257951208, 'gate/positive_ratio': 0.4543451430968514, 'gate/negative_ratio': 0.5456548569031486, 'gate/abs_mean': 0.11181699883429969, 'gate/near_zero_ratio': 0.5612499621327404, 'stage': 0, 'epoch': 1}
A2 complementary_gate classification stage 0 epoch 2 {'loss': 0.9343173722051225, 'var_predictive_loss': 0.5181479819540707, 'var_utility_loss': 0.0003570410705233028, 'var_conditional_gain_loss': 0.0008398637997522725, 'conditional_pair_MSE': 0.5183277069749734, 'conditional_shuffle_MSE': 0.5414328337064944, 'conditional_gain_mean': 0.023105126731521028, 'conditional_positive_ratio': 0.8997395833333334, 'h_anchor_loss': nan, 'future_var_loss': nan, 'future_var_cosine': nan, 'future_var_l2': nan, 'future_var_pred_norm': nan, 'future_var_target_norm': nan, 'gate/mean': -0.06618041395405354, 'gate/std': 0.14793667089337323, 'gate/positive_ratio': 0.32238169805774425, 'gate/negative_ratio': 0.6776183019422558, 'gate/abs_mean': 0.12737092957611856, 'gate/near_zero_ratio': 0.4815986583894121, 'stage': 0, 'epoch': 2}
A2 STAGE 1 EIIL {'update': 1, 'source_split': 'TRAIN only', 'mean_q_change': 0.3192811906337738, 'environment_mass': [0.33184388279914856, 0.3347947597503662, 0.33336132764816284], 'min_environment_mass': 0.33184388279914856, 'environment_risk': [0.36335355043411255, 0.35322272777557373, 0.33664533495903015], 'probe_gradients': [[0.11427008360624313, -0.35476499795913696], [0.13763535022735596, 0.15278291702270508], [0.13040059804916382, 0.11057498306035995]], 'gradient_disagreement': 0.1589287370443344, 'D_within_grad': 0.4990696609020233, 'D_between_grad': 0.606642484664917, 'gradient_separation': 1.215546727180481, 'random_partition_repeats': 100, 'conflict_ours': 0.1589287370443344, 'random_partition_conflict_mean': 6.060060695745051e-05, 'random_partition_conflict_std': 5.9642334235832095e-05, 'random_partition_z_score': 2663.6806640625, 'environment_similarity_correlation': 0.6148091697482054, 'hungarian_permutation': [0, 1, 2], 'alignment_overlap_before': 0.3615875244140625, 'alignment_overlap_after': 0.3615875244140625, 'environment_matching_requested': 'overlap', 'environment_matching_used': 'overlap', 'h_prediction_MSE': 0.35105833411216736, 'h_prediction_MAE': 0.4185618460178375, 'h_prediction_drift_from_pretrained': 0.030532129108905792, 'h_prediction_corr_with_pretrained': 0.9806750656978132, 'H_norm': 0.9529445171356201, 'H_norm_ratio_to_pretrained': 0.9841287136077881, 'stage': 1, 'environment_prediction_source': 'H -> frozen pretrained forecast head', 'env_assignment_similarity_to_previous': 0.6148091697482054}
A2 complementary_gate classification stage 1 epoch 3 {'loss': 0.9215466362125468, 'var_predictive_loss': 0.513383545853057, 'var_utility_loss': 0.0001966495994291211, 'var_conditional_gain_loss': 0.0010272166550611005, 'conditional_pair_MSE': 0.510033800428959, 'conditional_shuffle_MSE': 0.5403272193066324, 'conditional_gain_mean': 0.03029341887767342, 'conditional_positive_ratio': 0.8995028409090909, 'h_anchor_loss': nan, 'future_var_loss': nan, 'future_var_cosine': nan, 'future_var_l2': nan, 'future_var_pred_norm': nan, 'future_var_target_norm': nan, 'gate/mean': -0.17376139285861672, 'gate/std': 0.20372638234579535, 'gate/positive_ratio': 0.19166375837306754, 'gate/negative_ratio': 0.8083362416269325, 'gate/abs_mean': 0.21846258371473967, 'gate/near_zero_ratio': 0.27129840712693526, 'stage': 1, 'epoch': 3}
A2 complementary_gate classification stage 0 epoch 1 {'loss': 0.7271510500385637, 'var_predictive_loss': 0.574526628745921, 'var_utility_loss': 5.297364176638899e-05, 'var_conditional_gain_loss': 0.001212527449973721, 'conditional_pair_MSE': 0.5744086078996847, 'conditional_shuffle_MSE': 0.9058671808939603, 'conditional_gain_mean': 0.3314585731602984, 'conditional_positive_ratio': 0.9557628979143798, 'h_anchor_loss': nan, 'future_var_loss': nan, 'future_var_cosine': nan, 'future_var_l2': nan, 'future_var_pred_norm': nan, 'future_var_target_norm': nan, 'gate/mean': -0.20673236282567317, 'gate/std': 0.2697916580370246, 'gate/positive_ratio': 0.23603401120542233, 'gate/negative_ratio': 0.7639659879597577, 'gate/abs_mean': 0.2676249389787887, 'gate/near_zero_ratio': 0.2645715362814539, 'stage': 0, 'epoch': 1}
A2 complementary_gate classification stage 1 epoch 4 {'loss': 0.9166800091851433, 'var_predictive_loss': 0.5047326589530369, 'var_utility_loss': 0.00016879557032261114, 'var_conditional_gain_loss': 0.0010206995542499828, 'conditional_pair_MSE': 0.5048201911038521, 'conditional_shuffle_MSE': 0.5434828414811019, 'conditional_gain_mean': 0.03866265037724974, 'conditional_positive_ratio': 0.9061316287878788, 'h_anchor_loss': nan, 'future_var_loss': nan, 'future_var_cosine': nan, 'future_var_l2': nan, 'future_var_pred_norm': nan, 'future_var_target_norm': nan, 'gate/mean': -0.2827363678969745, 'gate/std': 0.23913066060802232, 'gate/positive_ratio': 0.12111109298472911, 'gate/negative_ratio': 0.8788889070152709, 'gate/abs_mean': 0.3142117026980556, 'gate/near_zero_ratio': 0.16245317173964657, 'stage': 1, 'epoch': 4}
A2 STAGE 2 EIIL {'update': 2, 'source_split': 'TRAIN only', 'mean_q_change': 0.1533411741256714, 'environment_mass': [0.33173027634620667, 0.332446426153183, 0.33582329750061035], 'min_environment_mass': 0.33173027634620667, 'environment_risk': [0.3542841672897339, 0.3972218334674835, 0.30708158016204834], 'probe_gradients': [[0.1316475123167038, -0.3109298348426819], [0.22220097482204437, 0.26426684856414795], [0.07587847858667374, 0.04709814116358757]], 'gradient_disagreement': 0.1796392947435379, 'D_within_grad': 0.4838915765285492, 'D_between_grad': 0.6038068532943726, 'gradient_separation': 1.2478142976760864, 'random_partition_repeats': 100, 'conflict_ours': 0.1796392947435379, 'random_partition_conflict_mean': 5.3251656936481595e-05, 'random_partition_conflict_std': 3.685445335577242e-05, 'random_partition_z_score': 4872.84521484375, 'environment_similarity_correlation': 0.9233001402167831, 'hungarian_permutation': [0, 1, 2], 'alignment_overlap_before': 0.5042697787284851, 'alignment_overlap_after': 0.5042697787284851, 'environment_matching_requested': 'overlap', 'environment_matching_used': 'overlap', 'h_prediction_MSE': 0.3527069389820099, 'h_prediction_MAE': 0.42090851068496704, 'h_prediction_drift_from_pretrained': 0.041848406195640564, 'h_prediction_corr_with_pretrained': 0.9732542432292091, 'H_norm': 0.9508036375045776, 'H_norm_ratio_to_pretrained': 0.9818906784057617, 'stage': 2, 'environment_prediction_source': 'H -> frozen pretrained forecast head', 'env_assignment_similarity_to_previous': 0.9233001402167831}
A2 complementary_gate classification stage 2 epoch 5 {'loss': 0.9110514260687919, 'var_predictive_loss': 0.5006498865361484, 'var_utility_loss': 0.00013116304817574346, 'var_conditional_gain_loss': 0.0012371674352889936, 'conditional_pair_MSE': 0.49965727087427775, 'conditional_shuffle_MSE': 0.5447772282553187, 'conditional_gain_mean': 0.045119957381040986, 'conditional_positive_ratio': 0.9115767045454546, 'h_anchor_loss': nan, 'future_var_loss': nan, 'future_var_cosine': nan, 'future_var_l2': nan, 'future_var_pred_norm': nan, 'future_var_target_norm': nan, 'gate/mean': -0.3657098057023756, 'gate/std': 0.25721411154194096, 'gate/positive_ratio': 0.08698878429012451, 'gate/negative_ratio': 0.9130112129578944, 'gate/abs_mean': 0.39107167905223095, 'gate/near_zero_ratio': 0.1088337431143232, 'stage': 2, 'epoch': 5}
A2 complementary_gate classification stage 2 epoch 6 {'loss': 0.8959504096013196, 'var_predictive_loss': 0.4905558879645366, 'var_utility_loss': 0.00010546486613885411, 'var_conditional_gain_loss': 0.0014061321500886345, 'conditional_pair_MSE': 0.4913813027193431, 'conditional_shuffle_MSE': 0.5469546467788997, 'conditional_gain_mean': 0.05557334406308435, 'conditional_positive_ratio': 0.9121685606060606, 'h_anchor_loss': nan, 'future_var_loss': nan, 'future_var_cosine': nan, 'future_var_l2': nan, 'future_var_pred_norm': nan, 'future_var_target_norm': nan, 'gate/mean': -0.40838597634587265, 'gate/std': 0.2665307560423017, 'gate/positive_ratio': 0.07537175576656718, 'gate/negative_ratio': 0.9246282442334328, 'gate/abs_mean': 0.4318604023849255, 'gate/near_zero_ratio': 0.08993432870507358, 'stage': 2, 'epoch': 6}
A2 STAGE 3 EIIL {'update': 3, 'source_split': 'TRAIN only', 'mean_q_change': 0.16859713196754456, 'environment_mass': [0.33335548639297485, 0.32988011837005615, 0.3367644250392914], 'min_environment_mass': 0.32988011837005615, 'environment_risk': [0.3571781814098358, 0.4101402163505554, 0.2944618761539459], 'probe_gradients': [[0.1533719003200531, -0.29313454031944275], [0.23886628448963165, 0.3256761133670807], [0.04231362044811249, -0.04048930108547211]], 'gradient_disagreement': 0.21303649246692657, 'D_within_grad': 0.4642874300479889, 'D_between_grad': 0.6136330366134644, 'gradient_separation': 1.3216662406921387, 'random_partition_repeats': 100, 'conflict_ours': 0.21303649246692657, 'random_partition_conflict_mean': 5.858072472619824e-05, 'random_partition_conflict_std': 4.3652780732372776e-05, 'random_partition_z_score': 4878.908203125, 'environment_similarity_correlation': 0.8733663380461663, 'hungarian_permutation': [0, 1, 2], 'alignment_overlap_before': 0.5349723696708679, 'alignment_overlap_after': 0.5349723696708679, 'environment_matching_requested': 'overlap', 'environment_matching_used': 'overlap', 'h_prediction_MSE': 0.3535286784172058, 'h_prediction_MAE': 0.42270544171333313, 'h_prediction_drift_from_pretrained': 0.05110323801636696, 'h_prediction_corr_with_pretrained': 0.9673276008384291, 'H_norm': 0.9421526789665222, 'H_norm_ratio_to_pretrained': 0.9730051755905151, 'stage': 3, 'environment_prediction_source': 'H -> frozen pretrained forecast head', 'env_assignment_similarity_to_previous': 0.8733663380461663}
A2 complementary_gate classification stage 3 epoch 7 {'loss': 0.8843759833641772, 'var_predictive_loss': 0.4845286001574318, 'var_utility_loss': 9.230858790342265e-05, 'var_conditional_gain_loss': 0.0013628736311202924, 'conditional_pair_MSE': 0.48563739217140456, 'conditional_shuffle_MSE': 0.5464243338386895, 'conditional_gain_mean': 0.0607869416743404, 'conditional_positive_ratio': 0.9191524621212122, 'h_anchor_loss': nan, 'future_var_loss': nan, 'future_var_cosine': nan, 'future_var_l2': nan, 'future_var_pred_norm': nan, 'future_var_target_norm': nan, 'gate/mean': -0.43875811131973697, 'gate/std': 0.2802256358163177, 'gate/positive_ratio': 0.07447346236029623, 'gate/negative_ratio': 0.9255265376397037, 'gate/abs_mean': 0.4634010792947619, 'gate/near_zero_ratio': 0.08149236807399016, 'stage': 3, 'epoch': 7}
A2 TEST 0.17432866990566254 0.2149413526058197
[Weather] run B_h_reference on GPU 2
A2 complementary_gate classification stage 3 epoch 8 {'loss': 0.877212551404845, 'var_predictive_loss': 0.48165173879209555, 'var_utility_loss': 7.417984776317476e-05, 'var_conditional_gain_loss': 0.001302342810738606, 'conditional_pair_MSE': 0.48181227309043717, 'conditional_shuffle_MSE': 0.5469227682809684, 'conditional_gain_mean': 0.06511049519405898, 'conditional_positive_ratio': 0.9225852272727273, 'h_anchor_loss': nan, 'future_var_loss': nan, 'future_var_cosine': nan, 'future_var_l2': nan, 'future_var_pred_norm': nan, 'future_var_target_norm': nan, 'gate/mean': -0.4663495271196187, 'gate/std': 0.29528020713123304, 'gate/positive_ratio': 0.07611856087065108, 'gate/negative_ratio': 0.923881439129349, 'gate/abs_mean': 0.4938228042742116, 'gate/near_zero_ratio': 0.07479850710090374, 'stage': 3, 'epoch': 8}
shared_reference source=loaded path=results/predictive_env_reference_all_datasets_k3/Weather/shared_reference.pt sha256=4752f5cae5e6d9bccf4f4227f668db382eb15f54d079a1c2b50ad1096bc97701
A2 STAGE 4 EIIL {'update': 4, 'source_split': 'TRAIN only', 'mean_q_change': 0.12040948122739792, 'environment_mass': [0.33258822560310364, 0.3299410045146942, 0.33747074007987976], 'min_environment_mass': 0.3299410045146942, 'environment_risk': [0.36274513602256775, 0.4056587815284729, 0.2963002920150757], 'probe_gradients': [[0.21730071306228638, -0.2860460579395294], [0.2378138154745102, 0.30292418599128723], [0.02772386558353901, -0.11615271866321564]], 'gradient_disagreement': 0.2106243520975113, 'D_within_grad': 0.4579116702079773, 'D_between_grad': 0.6022793650627136, 'gradient_separation': 1.3152741193771362, 'random_partition_repeats': 100, 'conflict_ours': 0.2106243520975113, 'random_partition_conflict_mean': 6.288568692980334e-05, 'random_partition_conflict_std': 4.2393436160637066e-05, 'random_partition_z_score': 4966.84130859375, 'environment_similarity_correlation': 0.9313471954144118, 'hungarian_permutation': [0, 1, 2], 'alignment_overlap_before': 0.5619480013847351, 'alignment_overlap_after': 0.5619480013847351, 'environment_matching_requested': 'overlap', 'environment_matching_used': 'overlap', 'h_prediction_MSE': 0.35448095202445984, 'h_prediction_MAE': 0.4240280091762543, 'h_prediction_drift_from_pretrained': 0.056813742965459824, 'h_prediction_corr_with_pretrained': 0.9646309154488258, 'H_norm': 0.9501139521598816, 'H_norm_ratio_to_pretrained': 0.9811948537826538, 'stage': 4, 'environment_prediction_source': 'H -> frozen pretrained forecast head', 'env_assignment_similarity_to_previous': 0.9313471954144118}
A2 complementary_gate classification stage 4 epoch 9 {'loss': 0.8697399294601297, 'var_predictive_loss': 0.47515417461125353, 'var_utility_loss': 6.544446770485078e-05, 'var_conditional_gain_loss': 0.001566707645190146, 'conditional_pair_MSE': 0.4758846353471392, 'conditional_shuffle_MSE': 0.5471569588813564, 'conditional_gain_mean': 0.07127232354127266, 'conditional_positive_ratio': 0.9230587121212122, 'h_anchor_loss': nan, 'future_var_loss': nan, 'future_var_cosine': nan, 'future_var_l2': nan, 'future_var_pred_norm': nan, 'future_var_target_norm': nan, 'gate/mean': -0.4865455754290534, 'gate/std': 0.3091411206346173, 'gate/positive_ratio': 0.07944779474289716, 'gate/negative_ratio': 0.9205522052571028, 'gate/abs_mean': 0.517691868349891, 'gate/near_zero_ratio': 0.07041181349300284, 'stage': 4, 'epoch': 9}
A2 complementary_gate classification stage 4 epoch 10 {'loss': 0.8599454447908221, 'var_predictive_loss': 0.46984006447612114, 'var_utility_loss': 6.005041001151527e-05, 'var_conditional_gain_loss': 0.0014592648596700394, 'conditional_pair_MSE': 0.47037080042134743, 'conditional_shuffle_MSE': 0.5454253119056706, 'conditional_gain_mean': 0.075054511486087, 'conditional_positive_ratio': 0.9217566287878788, 'h_anchor_loss': nan, 'future_var_loss': nan, 'future_var_cosine': nan, 'future_var_l2': nan, 'future_var_pred_norm': nan, 'future_var_target_norm': nan, 'gate/mean': -0.5004926433012513, 'gate/std': 0.32383884591704254, 'gate/positive_ratio': 0.08589739262782578, 'gate/negative_ratio': 0.9141026073721742, 'gate/abs_mean': 0.5367465116163532, 'gate/near_zero_ratio': 0.06766193768440475, 'stage': 4, 'epoch': 10}
A2 identity {'feature': 0.0}
A2 TEST 0.3945307731628418 0.40947583317756653
[ETTh1] complete 2026-09-12T11:56:17+00:00
[ExchangeRate] start 2026-09-12T11:56:17+00:00 GPU=3
[ExchangeRate] create shared reference
reference warmup 1 {'loss': 0.13876323071308433, 'var_predictive_loss': nan, 'var_utility_loss': nan, 'var_conditional_gain_loss': nan, 'conditional_pair_MSE': nan, 'conditional_shuffle_MSE': nan, 'conditional_gain_mean': nan, 'conditional_positive_ratio': nan, 'h_anchor_loss': nan, 'future_var_loss': nan, 'future_var_cosine': nan, 'future_var_l2': nan, 'future_var_pred_norm': nan, 'future_var_target_norm': nan, 'gate/mean': nan, 'gate/std': nan, 'gate/positive_ratio': nan, 'gate/negative_ratio': nan, 'gate/abs_mean': nan, 'gate/near_zero_ratio': nan}
reference warmup 2 {'loss': 0.13153802328743042, 'var_predictive_loss': nan, 'var_utility_loss': nan, 'var_conditional_gain_loss': nan, 'conditional_pair_MSE': nan, 'conditional_shuffle_MSE': nan, 'conditional_gain_mean': nan, 'conditional_positive_ratio': nan, 'h_anchor_loss': nan, 'future_var_loss': nan, 'future_var_cosine': nan, 'future_var_l2': nan, 'future_var_pred_norm': nan, 'future_var_target_norm': nan, 'gate/mean': nan, 'gate/std': nan, 'gate/positive_ratio': nan, 'gate/negative_ratio': nan, 'gate/abs_mean': nan, 'gate/near_zero_ratio': nan}
A2 STAGE 0 EIIL {'update': 0, 'source_split': 'TRAIN only', 'mean_q_change': 0.022532761096954346, 'environment_mass': [0.33344927430152893, 0.3334397077560425, 0.333111047744751], 'min_environment_mass': 0.333111047744751, 'environment_risk': [0.4680478572845459, 0.4942496120929718, 0.4802105724811554], 'probe_gradients': [[0.1242242306470871, -0.015695136040449142], [0.18076513707637787, -0.0039246478118002415], [0.15213482081890106, -0.0092593003064394]], 'gradient_disagreement': 0.0016679976833984256, 'D_within_grad': 0.4921436309814453, 'D_between_grad': 0.49280622601509094, 'gradient_separation': 1.0013463497161865, 'random_partition_repeats': 100, 'conflict_ours': 0.0016679976833984256, 'random_partition_conflict_mean': 6.027296706179186e-08, 'random_partition_conflict_std': 5.914187184430375e-08, 'random_partition_z_score': 28202.310546875, 'environment_similarity_correlation': -0.0005138556241910852, 'hungarian_permutation': [0, 1, 2], 'alignment_overlap_before': 0.3333389163017273, 'alignment_overlap_after': 0.3333389163017273, 'environment_matching_requested': 'overlap', 'environment_matching_used': 'overlap', 'h_prediction_MSE': 0.4808361530303955, 'h_prediction_MAE': 0.3472611904144287, 'h_prediction_drift_from_pretrained': 9.195068649905675e-15, 'h_prediction_corr_with_pretrained': 0.9999999999999536, 'H_norm': 0.8765455484390259, 'H_norm_ratio_to_pretrained': 1.0, 'stage': 0, 'environment_prediction_source': 'H -> frozen pretrained forecast head', 'env_assignment_similarity_to_previous': -0.0005138556241910852}
reference warmup 3 {'loss': 0.13027313584461808, 'var_predictive_loss': nan, 'var_utility_loss': nan, 'var_conditional_gain_loss': nan, 'conditional_pair_MSE': nan, 'conditional_shuffle_MSE': nan, 'conditional_gain_mean': nan, 'conditional_positive_ratio': nan, 'h_anchor_loss': nan, 'future_var_loss': nan, 'future_var_cosine': nan, 'future_var_l2': nan, 'future_var_pred_norm': nan, 'future_var_target_norm': nan, 'gate/mean': nan, 'gate/std': nan, 'gate/positive_ratio': nan, 'gate/negative_ratio': nan, 'gate/abs_mean': nan, 'gate/near_zero_ratio': nan}
shared_reference source=created path=results/predictive_env_reference_all_datasets_k3/ExchangeRate/shared_reference.pt sha256=40212dd36c474220870f14317a408b71880eb331f97f06677ce168d1b5eddfc5
reference preparation complete; no experiment was run
40212dd36c474220870f14317a408b71880eb331f97f06677ce168d1b5eddfc5  results/predictive_env_reference_all_datasets_k3/ExchangeRate/shared_reference.pt
[ExchangeRate] run A_current on GPU 3
shared_reference source=loaded path=results/predictive_env_reference_all_datasets_k3/ExchangeRate/shared_reference.pt sha256=40212dd36c474220870f14317a408b71880eb331f97f06677ce168d1b5eddfc5
A2 identity {'feature': 0.0}
A2 STAGE 0 EIIL {'update': 0, 'source_split': 'TRAIN only', 'mean_q_change': 0.30510053038597107, 'environment_mass': [0.3336719870567322, 0.3368229866027832, 0.32950496673583984], 'min_environment_mass': 0.32950496673583984, 'environment_risk': [0.11004524677991867, 0.10617202520370483, 0.20189255475997925], 'probe_gradients': [[-0.008428024128079414, -0.17941492795944214], [-0.01007114164531231, -0.15242625772953033], [0.2946116030216217, 0.2841216027736664]], 'gradient_disagreement': 0.19694529473781586, 'D_within_grad': 0.5838100910186768, 'D_between_grad': 0.6811217069625854, 'gradient_separation': 1.1666836738586426, 'random_partition_repeats': 100, 'conflict_ours': 0.19694529473781586, 'random_partition_conflict_mean': 8.527146565029398e-05, 'random_partition_conflict_std': 9.488868818152696e-05, 'random_partition_z_score': 2074.6416015625, 'environment_similarity_correlation': -0.00035449833764910027, 'hungarian_permutation': [0, 1, 2], 'alignment_overlap_before': 0.33337122201919556, 'alignment_overlap_after': 0.33337122201919556, 'environment_matching_requested': 'overlap', 'environment_matching_used': 'overlap', 'h_prediction_MSE': 0.11847126483917236, 'h_prediction_MAE': 0.22113128006458282, 'h_prediction_drift_from_pretrained': 3.85611368072694e-15, 'h_prediction_corr_with_pretrained': 0.9999999999999987, 'H_norm': 0.9428521990776062, 'H_norm_ratio_to_pretrained': 1.0, 'stage': 0, 'environment_prediction_source': 'current Z-fused prediction (legacy)', 'env_assignment_similarity_to_previous': -0.00035449833764910027}
A2 complementary_gate classification stage 0 epoch 1 {'loss': 0.5254145666956902, 'var_predictive_loss': 0.18017797805368901, 'var_utility_loss': 0.0003843320084797597, 'var_conditional_gain_loss': 0.001238130367710255, 'conditional_pair_MSE': 0.1801779771478323, 'conditional_shuffle_MSE': 0.19698798436365905, 'conditional_gain_mean': 0.016810007210369803, 'conditional_positive_ratio': 0.8013671875, 'h_anchor_loss': nan, 'future_var_loss': nan, 'future_var_cosine': nan, 'future_var_l2': nan, 'future_var_pred_norm': nan, 'future_var_target_norm': nan, 'gate/mean': -0.0074332042199481895, 'gate/std': 0.1923901376627925, 'gate/positive_ratio': 0.47382386525472003, 'gate/negative_ratio': 0.5261761347452799, 'gate/abs_mean': 0.1382357321990033, 'gate/near_zero_ratio': 0.5250118056933085, 'stage': 0, 'epoch': 1}
A2 complementary_gate classification stage 0 epoch 2 {'loss': 0.4986483374610543, 'var_predictive_loss': 0.15979531700722874, 'var_utility_loss': 0.0003572133673060307, 'var_conditional_gain_loss': 0.001724805212870706, 'conditional_pair_MSE': 0.15979531659468194, 'conditional_shuffle_MSE': 0.19158496081799967, 'conditional_gain_mean': 0.03178964419166732, 'conditional_positive_ratio': 0.8150390625, 'h_anchor_loss': nan, 'future_var_loss': nan, 'future_var_cosine': nan, 'future_var_l2': nan, 'future_var_pred_norm': nan, 'future_var_target_norm': nan, 'gate/mean': -0.011720623875347277, 'gate/std': 0.2078457092232728, 'gate/positive_ratio': 0.47075867652893066, 'gate/negative_ratio': 0.5292413234710693, 'gate/abs_mean': 0.15997667964547874, 'gate/near_zero_ratio': 0.41562493244806925, 'stage': 0, 'epoch': 2}
A2 STAGE 1 EIIL {'update': 1, 'source_split': 'TRAIN only', 'mean_q_change': 0.15440863370895386, 'environment_mass': [0.3372846245765686, 0.3350207209587097, 0.3276945948600769], 'min_environment_mass': 0.3276945948600769, 'environment_risk': [0.09413378685712814, 0.08219847828149796, 0.1801658272743225], 'probe_gradients': [[0.022185128182172775, -0.17963793873786926], [0.004980380646884441, -0.10369305312633514], [0.29552721977233887, 0.3327920138835907]], 'gradient_disagreement': 0.2061002254486084, 'D_within_grad': 0.4954756200313568, 'D_between_grad': 0.6183945536613464, 'gradient_separation': 1.2480827569961548, 'random_partition_repeats': 100, 'conflict_ours': 0.2061002254486084, 'random_partition_conflict_mean': 0.0001112330355681479, 'random_partition_conflict_std': 0.00012073977995896712, 'random_partition_z_score': 1706.057373046875, 'environment_similarity_correlation': 0.7711450473664009, 'hungarian_permutation': [0, 1, 2], 'alignment_overlap_before': 0.4718189239501953, 'alignment_overlap_after': 0.4718189239501953, 'environment_matching_requested': 'overlap', 'environment_matching_used': 'overlap', 'h_prediction_MSE': 0.14599333703517914, 'h_prediction_MAE': 0.249952495098114, 'h_prediction_drift_from_pretrained': 0.024784095585346222, 'h_prediction_corr_with_pretrained': 0.9869023051641445, 'H_norm': 0.9192590713500977, 'H_norm_ratio_to_pretrained': 0.9745184183120728, 'stage': 1, 'environment_prediction_source': 'current Z-fused prediction (legacy)', 'env_assignment_similarity_to_previous': 0.7711450473664009}
A2 complementary_gate classification stage 1 epoch 3 {'loss': 0.4858054842799902, 'var_predictive_loss': 0.1481829505879432, 'var_utility_loss': 0.00031271721663870264, 'var_conditional_gain_loss': 0.002269866929236741, 'conditional_pair_MSE': 0.148182949985312, 'conditional_shuffle_MSE': 0.18896143714373465, 'conditional_gain_mean': 0.04077848710930994, 'conditional_positive_ratio': 0.8126953125, 'h_anchor_loss': nan, 'future_var_loss': nan, 'future_var_cosine': nan, 'future_var_l2': nan, 'future_var_pred_norm': nan, 'future_var_target_norm': nan, 'gate/mean': -0.023075602552853524, 'gate/std': 0.19003769314553828, 'gate/positive_ratio': 0.4467210570971171, 'gate/negative_ratio': 0.5532789429028829, 'gate/abs_mean': 0.15017923439542452, 'gate/near_zero_ratio': 0.42144097089767457, 'stage': 1, 'epoch': 3}
A2 complementary_gate classification stage 1 epoch 4 {'loss': 0.4783788712695241, 'var_predictive_loss': 0.15183006846345962, 'var_utility_loss': 0.0002740962442203454, 'var_conditional_gain_loss': 0.0021768930888356407, 'conditional_pair_MSE': 0.15183006784318423, 'conditional_shuffle_MSE': 0.18520103141254368, 'conditional_gain_mean': 0.03337096352752269, 'conditional_positive_ratio': 0.805078125, 'h_anchor_loss': nan, 'future_var_loss': nan, 'future_var_cosine': nan, 'future_var_l2': nan, 'future_var_pred_norm': nan, 'future_var_target_norm': nan, 'gate/mean': -0.02560667721554637, 'gate/std': 0.17198840361964, 'gate/positive_ratio': 0.43862515687942505, 'gate/negative_ratio': 0.561374839146932, 'gate/abs_mean': 0.1365131442124645, 'gate/near_zero_ratio': 0.45685386260350547, 'stage': 1, 'epoch': 4}
A2 STAGE 2 EIIL {'update': 2, 'source_split': 'TRAIN only', 'mean_q_change': 0.09882025420665741, 'environment_mass': [0.33257102966308594, 0.3379107415676117, 0.32951822876930237], 'min_environment_mass': 0.32951822876930237, 'environment_risk': [0.10369332134723663, 0.07557985186576843, 0.16836220026016235], 'probe_gradients': [[0.0456879548728466, -0.24888037145137787], [-0.003929739352315664, -0.08664853870868683], [0.2709605097770691, 0.29131239652633667]], 'gradient_disagreement': 0.19658537209033966, 'D_within_grad': 0.4845094680786133, 'D_between_grad': 0.6072426438331604, 'gradient_separation': 1.2533142566680908, 'random_partition_repeats': 100, 'conflict_ours': 0.19658537209033966, 'random_partition_conflict_mean': 0.00011273709969827905, 'random_partition_conflict_std': 0.00010743354505393654, 'random_partition_z_score': 1828.782958984375, 'environment_similarity_correlation': 0.9489157158544262, 'hungarian_permutation': [0, 1, 2], 'alignment_overlap_before': 0.5205954909324646, 'alignment_overlap_after': 0.5205954909324646, 'environment_matching_requested': 'overlap', 'environment_matching_used': 'overlap', 'h_prediction_MSE': 0.14379596710205078, 'h_prediction_MAE': 0.24780289828777313, 'h_prediction_drift_from_pretrained': 0.024990646168589592, 'h_prediction_corr_with_pretrained': 0.9868779809180802, 'H_norm': 0.9383378028869629, 'H_norm_ratio_to_pretrained': 0.9952157735824585, 'stage': 2, 'environment_prediction_source': 'current Z-fused prediction (legacy)', 'env_assignment_similarity_to_previous': 0.9489157158544262}
A2 complementary_gate classification stage 2 epoch 5 {'loss': 0.47406688462942836, 'var_predictive_loss': 0.1448469389230013, 'var_utility_loss': 0.00023475314769711987, 'var_conditional_gain_loss': 0.002173590543679893, 'conditional_pair_MSE': 0.144846937823786, 'conditional_shuffle_MSE': 0.18058409190562089, 'conditional_gain_mean': 0.03573715401307709, 'conditional_positive_ratio': 0.8029296875, 'h_anchor_loss': nan, 'future_var_loss': nan, 'future_var_cosine': nan, 'future_var_l2': nan, 'future_var_pred_norm': nan, 'future_var_target_norm': nan, 'gate/mean': -0.02490302628527085, 'gate/std': 0.14218259577178943, 'gate/positive_ratio': 0.4228605628013611, 'gate/negative_ratio': 0.5771394371986389, 'gate/abs_mean': 0.11398810309668382, 'gate/near_zero_ratio': 0.5236084222793579, 'stage': 2, 'epoch': 5}
A2 complementary_gate classification stage 2 epoch 6 {'loss': 0.4707092348486185, 'var_predictive_loss': 0.14312278684228658, 'var_utility_loss': 0.0001913596075382884, 'var_conditional_gain_loss': 0.0021255090992781333, 'conditional_pair_MSE': 0.14312278640099976, 'conditional_shuffle_MSE': 0.18305267087398533, 'conditional_gain_mean': 0.03992988442205388, 'conditional_positive_ratio': 0.810546875, 'h_anchor_loss': nan, 'future_var_loss': nan, 'future_var_cosine': nan, 'future_var_l2': nan, 'future_var_pred_norm': nan, 'future_var_target_norm': nan, 'gate/mean': -0.031083418832470972, 'gate/std': 0.14455816026137272, 'gate/positive_ratio': 0.40987595319747927, 'gate/negative_ratio': 0.5901240388552348, 'gate/abs_mean': 0.11622298266738654, 'gate/near_zero_ratio': 0.5195741693178813, 'stage': 2, 'epoch': 6}
A2 STAGE 3 EIIL {'update': 3, 'source_split': 'TRAIN only', 'mean_q_change': 0.11916980892419815, 'environment_mass': [0.33509865403175354, 0.3375478684902191, 0.3273535370826721], 'min_environment_mass': 0.3273535370826721, 'environment_risk': [0.1038949117064476, 0.07043401151895523, 0.16586746275424957], 'probe_gradients': [[0.05464049428701401, -0.2658872604370117], [-0.03454757481813431, -0.0062698074616491795], [0.29447227716445923, 0.2845103144645691]], 'gradient_disagreement': 0.20953989028930664, 'D_within_grad': 0.46580976247787476, 'D_between_grad': 0.6023675203323364, 'gradient_separation': 1.2931621074676514, 'random_partition_repeats': 100, 'conflict_ours': 0.20953989028930664, 'random_partition_conflict_mean': 9.514800331089646e-05, 'random_partition_conflict_std': 7.224889122880995e-05, 'random_partition_z_score': 2898.93359375, 'environment_similarity_correlation': 0.9285652249933585, 'hungarian_permutation': [0, 1, 2], 'alignment_overlap_before': 0.538891077041626, 'alignment_overlap_after': 0.538891077041626, 'environment_matching_requested': 'overlap', 'environment_matching_used': 'overlap', 'h_prediction_MSE': 0.1512652188539505, 'h_prediction_MAE': 0.2553733289241791, 'h_prediction_drift_from_pretrained': 0.03152700513601303, 'h_prediction_corr_with_pretrained': 0.9832655002589303, 'H_norm': 0.9662884473800659, 'H_norm_ratio_to_pretrained': 1.0252599716186523, 'stage': 3, 'environment_prediction_source': 'current Z-fused prediction (legacy)', 'env_assignment_similarity_to_previous': 0.9285652249933585}
A2 complementary_gate classification stage 3 epoch 7 {'loss': 0.4675082327798009, 'var_predictive_loss': 0.144197895610705, 'var_utility_loss': 0.00017029019215897279, 'var_conditional_gain_loss': 0.0018865314104914432, 'conditional_pair_MSE': 0.14419789554867748, 'conditional_shuffle_MSE': 0.18616922049786808, 'conditional_gain_mean': 0.041971324869518864, 'conditional_positive_ratio': 0.825390625, 'h_anchor_loss': nan, 'future_var_loss': nan, 'future_var_cosine': nan, 'future_var_l2': nan, 'future_var_pred_norm': nan, 'future_var_target_norm': nan, 'gate/mean': -0.03424423541873693, 'gate/std': 0.15026403409509814, 'gate/positive_ratio': 0.40687673489252724, 'gate/negative_ratio': 0.5931232611338297, 'gate/abs_mean': 0.12174572547276814, 'gate/near_zero_ratio': 0.4972786585489909, 'stage': 3, 'epoch': 7}
A2 complementary_gate classification stage 3 epoch 8 {'loss': 0.462016361579299, 'var_predictive_loss': 0.14021101109683515, 'var_utility_loss': 0.0001676728359598201, 'var_conditional_gain_loss': 0.0023442389243427896, 'conditional_pair_MSE': 0.14021101130310853, 'conditional_shuffle_MSE': 0.182638319655598, 'conditional_gain_mean': 0.04242730824153114, 'conditional_positive_ratio': 0.814453125, 'h_anchor_loss': nan, 'future_var_loss': nan, 'future_var_cosine': nan, 'future_var_l2': nan, 'future_var_pred_norm': nan, 'future_var_target_norm': nan, 'gate/mean': -0.04175659225632747, 'gate/std': 0.16913353242275608, 'gate/positive_ratio': 0.40436266660690307, 'gate/negative_ratio': 0.5956373333930969, 'gate/abs_mean': 0.13856052216142417, 'gate/near_zero_ratio': 0.43843715588251747, 'stage': 3, 'epoch': 8}
A2 STAGE 4 EIIL {'update': 4, 'source_split': 'TRAIN only', 'mean_q_change': 0.1053435206413269, 'environment_mass': [0.3325522541999817, 0.33658549189567566, 0.33086222410202026], 'min_environment_mass': 0.33086222410202026, 'environment_risk': [0.10974300652742386, 0.07010216265916824, 0.15779753029346466], 'probe_gradients': [[0.08385338634252548, -0.29493242502212524], [-0.04299049451947212, 0.014742839150130749], [0.309133380651474, 0.24835075438022614]], 'gradient_disagreement': 0.21215324103832245, 'D_within_grad': 0.4592936038970947, 'D_between_grad': 0.6015627980232239, 'gradient_separation': 1.3097565174102783, 'random_partition_repeats': 100, 'conflict_ours': 0.21215324103832245, 'random_partition_conflict_mean': 0.00011991858627879992, 'random_partition_conflict_std': 0.00010060143540613353, 'random_partition_z_score': 2107.656982421875, 'environment_similarity_correlation': 0.9323665568153366, 'hungarian_permutation': [0, 1, 2], 'alignment_overlap_before': 0.5683097243309021, 'alignment_overlap_after': 0.5683097243309021, 'environment_matching_requested': 'overlap', 'environment_matching_used': 'overlap', 'h_prediction_MSE': 0.14239618182182312, 'h_prediction_MAE': 0.2471451312303543, 'h_prediction_drift_from_pretrained': 0.02514076977968216, 'h_prediction_corr_with_pretrained': 0.9868267910924464, 'H_norm': 0.9904347658157349, 'H_norm_ratio_to_pretrained': 1.0507919788360596, 'stage': 4, 'environment_prediction_source': 'current Z-fused prediction (legacy)', 'env_assignment_similarity_to_previous': 0.9323665568153366}
A2 complementary_gate classification stage 4 epoch 9 {'loss': 0.46058264207094907, 'var_predictive_loss': 0.13667936082929372, 'var_utility_loss': 0.00014412633186111634, 'var_conditional_gain_loss': 0.002592150043710717, 'conditional_pair_MSE': 0.13667936081510562, 'conditional_shuffle_MSE': 0.18177615828044508, 'conditional_gain_mean': 0.04509679741677246, 'conditional_positive_ratio': 0.8115234375, 'h_anchor_loss': nan, 'future_var_loss': nan, 'future_var_cosine': nan, 'future_var_l2': nan, 'future_var_pred_norm': nan, 'future_var_target_norm': nan, 'gate/mean': -0.054749571190526085, 'gate/std': 0.18385068501211732, 'gate/positive_ratio': 0.39166961908340453, 'gate/negative_ratio': 0.6083303809165954, 'gate/abs_mean': 0.15194624333331982, 'gate/near_zero_ratio': 0.40791847705841067, 'stage': 4, 'epoch': 9}
A2 complementary_gate classification stage 4 epoch 10 {'loss': 0.4556367201730609, 'var_predictive_loss': 0.1361534063704312, 'var_utility_loss': 0.0001216982348523743, 'var_conditional_gain_loss': 0.0022451315886428346, 'conditional_pair_MSE': 0.13615340639480564, 'conditional_shuffle_MSE': 0.1816875317812446, 'conditional_gain_mean': 0.04553412530822243, 'conditional_positive_ratio': 0.819140625, 'h_anchor_loss': nan, 'future_var_loss': nan, 'future_var_cosine': nan, 'future_var_l2': nan, 'future_var_pred_norm': nan, 'future_var_target_norm': nan, 'gate/mean': -0.06689730907479922, 'gate/std': 0.19635763424082672, 'gate/positive_ratio': 0.3734316269556681, 'gate/negative_ratio': 0.6265683730443319, 'gate/abs_mean': 0.1632517211760084, 'gate/near_zero_ratio': 0.3878916660944621, 'stage': 4, 'epoch': 10}
A2 TEST 0.08885210007429123 0.20731376111507416
[ExchangeRate] run B_h_reference on GPU 3
shared_reference source=loaded path=results/predictive_env_reference_all_datasets_k3/ExchangeRate/shared_reference.pt sha256=40212dd36c474220870f14317a408b71880eb331f97f06677ce168d1b5eddfc5
A2 identity {'feature': 0.0}
A2 STAGE 0 EIIL {'update': 0, 'source_split': 'TRAIN only', 'mean_q_change': 0.19786420464515686, 'environment_mass': [0.33314642310142517, 0.3350594639778137, 0.3317941129207611], 'min_environment_mass': 0.3317941129207611, 'environment_risk': [0.09675198048353195, 0.09569305926561356, 0.1632814109325409], 'probe_gradients': [[0.01346655748784542, -0.10125650465488434], [0.018866097554564476, -0.08681824058294296], [0.27180567383766174, 0.16936039924621582]], 'gradient_disagreement': 0.08993872255086899, 'D_within_grad': 0.5422988533973694, 'D_between_grad': 0.5858322978019714, 'gradient_separation': 1.0802757740020752, 'random_partition_repeats': 100, 'conflict_ours': 0.08993872255086899, 'random_partition_conflict_mean': 3.356963861733675e-05, 'random_partition_conflict_std': 4.0841092413756996e-05, 'random_partition_z_score': 2201.340576171875, 'environment_similarity_correlation': 2.031147652660787e-05, 'hungarian_permutation': [0, 1, 2], 'alignment_overlap_before': 0.3333660066127777, 'alignment_overlap_after': 0.3333660066127777, 'environment_matching_requested': 'overlap', 'environment_matching_used': 'overlap', 'h_prediction_MSE': 0.11847126483917236, 'h_prediction_MAE': 0.22113128006458282, 'h_prediction_drift_from_pretrained': 3.85611368072694e-15, 'h_prediction_corr_with_pretrained': 0.9999999999999987, 'H_norm': 0.9428521990776062, 'H_norm_ratio_to_pretrained': 1.0, 'stage': 0, 'environment_prediction_source': 'H -> frozen pretrained forecast head', 'env_assignment_similarity_to_previous': 2.031147652660787e-05}
A2 complementary_gate classification stage 0 epoch 1 {'loss': 1.1862527145285553, 'var_predictive_loss': 0.5395763256272859, 'var_utility_loss': 0.0001368030206517505, 'var_conditional_gain_loss': 0.0036728749935309797, 'conditional_pair_MSE': 0.5396105983124606, 'conditional_shuffle_MSE': 0.6653324640519448, 'conditional_gain_mean': 0.12572186571948518, 'conditional_positive_ratio': 0.869141050795727, 'h_anchor_loss': nan, 'future_var_loss': nan, 'future_var_cosine': nan, 'future_var_l2': nan, 'future_var_pred_norm': nan, 'future_var_target_norm': nan, 'gate/mean': -0.18552435518058422, 'gate/std': 0.28154394592982773, 'gate/positive_ratio': 0.2683938332373198, 'gate/negative_ratio': 0.7316061661290556, 'gate/abs_mean': 0.2644112895659179, 'gate/near_zero_ratio': 0.2721018037267967, 'stage': 0, 'epoch': 1}
A2 complementary_gate classification stage 0 epoch 1 {'loss': 0.5208978436887264, 'var_predictive_loss': 0.1813799784053117, 'var_utility_loss': 0.00038003663144081656, 'var_conditional_gain_loss': 0.0011933174297155346, 'conditional_pair_MSE': 0.18137997784670007, 'conditional_shuffle_MSE': 0.19695463540374475, 'conditional_gain_mean': 0.01557465754540317, 'conditional_positive_ratio': 0.799609375, 'h_anchor_loss': nan, 'future_var_loss': nan, 'future_var_cosine': nan, 'future_var_l2': nan, 'future_var_pred_norm': nan, 'future_var_target_norm': nan, 'gate/mean': -0.005771772926527774, 'gate/std': 0.19304535740105322, 'gate/positive_ratio': 0.4777394692103068, 'gate/negative_ratio': 0.5222605307896931, 'gate/abs_mean': 0.13609317382797598, 'gate/near_zero_ratio': 0.5392423947652181, 'stage': 0, 'epoch': 1}
A2 complementary_gate classification stage 0 epoch 2 {'loss': 0.4974311048164964, 'var_predictive_loss': 0.15364874261431397, 'var_utility_loss': 0.00034081471089848493, 'var_conditional_gain_loss': 0.001850100403316901, 'conditional_pair_MSE': 0.1536487422088612, 'conditional_shuffle_MSE': 0.1840518444781992, 'conditional_gain_mean': 0.030403102235504777, 'conditional_positive_ratio': 0.80546875, 'h_anchor_loss': nan, 'future_var_loss': nan, 'future_var_cosine': nan, 'future_var_l2': nan, 'future_var_pred_norm': nan, 'future_var_target_norm': nan, 'gate/mean': -0.013821785241210213, 'gate/std': 0.18490369841800552, 'gate/positive_ratio': 0.4644669493039449, 'gate/negative_ratio': 0.5355330506960551, 'gate/abs_mean': 0.1413562973961234, 'gate/near_zero_ratio': 0.4657127380371094, 'stage': 0, 'epoch': 2}
A2 STAGE 1 EIIL {'update': 1, 'source_split': 'TRAIN only', 'mean_q_change': 0.265399307012558, 'environment_mass': [0.3361790180206299, 0.3350767493247986, 0.32874423265457153], 'min_environment_mass': 0.32874423265457153, 'environment_risk': [0.11721626669168472, 0.11047694087028503, 0.20366373658180237], 'probe_gradients': [[0.021687600761651993, -0.24608422815799713], [0.03789379820227623, -0.21635450422763824], [0.2597198784351349, 0.348347008228302]], 'gradient_disagreement': 0.2597496211528778, 'D_within_grad': 0.5449212789535522, 'D_between_grad': 0.6922689080238342, 'gradient_separation': 1.2704017162322998, 'random_partition_repeats': 100, 'conflict_ours': 0.2597496211528778, 'random_partition_conflict_mean': 0.00012454789248295128, 'random_partition_conflict_std': 0.00012778474774677306, 'random_partition_z_score': 2031.737548828125, 'environment_similarity_correlation': 0.5517465492045537, 'hungarian_permutation': [0, 1, 2], 'alignment_overlap_before': 0.421129047870636, 'alignment_overlap_after': 0.421129047870636, 'environment_matching_requested': 'overlap', 'environment_matching_used': 'overlap', 'h_prediction_MSE': 0.1433771699666977, 'h_prediction_MAE': 0.24722212553024292, 'h_prediction_drift_from_pretrained': 0.024445034563541412, 'h_prediction_corr_with_pretrained': 0.9871232049230714, 'H_norm': 0.921506404876709, 'H_norm_ratio_to_pretrained': 0.9775260090827942, 'stage': 1, 'environment_prediction_source': 'H -> frozen pretrained forecast head', 'env_assignment_similarity_to_previous': 0.5517465492045537}
A2 complementary_gate classification stage 1 epoch 3 {'loss': 0.487627000361681, 'var_predictive_loss': 0.16821153247728943, 'var_utility_loss': 0.00033103622895396255, 'var_conditional_gain_loss': 0.0016968390504189302, 'conditional_pair_MSE': 0.1682115324143524, 'conditional_shuffle_MSE': 0.1994750213722, 'conditional_gain_mean': 0.03126348894475086, 'conditional_positive_ratio': 0.8126953125, 'h_anchor_loss': nan, 'future_var_loss': nan, 'future_var_cosine': nan, 'future_var_l2': nan, 'future_var_pred_norm': nan, 'future_var_target_norm': nan, 'gate/mean': -0.02108928153757006, 'gate/std': 0.19661722070359205, 'gate/positive_ratio': 0.4535940408706665, 'gate/negative_ratio': 0.5464059551556905, 'gate/abs_mean': 0.15232249529411396, 'gate/near_zero_ratio': 0.43169421752293907, 'stage': 1, 'epoch': 3}
A2 complementary_gate classification stage 1 epoch 4 {'loss': 0.4855393130332232, 'var_predictive_loss': 0.17646773578599095, 'var_utility_loss': 0.00029445823984133315, 'var_conditional_gain_loss': 0.0020027362374094083, 'conditional_pair_MSE': 0.17646773511205538, 'conditional_shuffle_MSE': 0.227424859322673, 'conditional_gain_mean': 0.050957124131309685, 'conditional_positive_ratio': 0.8267578125, 'h_anchor_loss': nan, 'future_var_loss': nan, 'future_var_cosine': nan, 'future_var_l2': nan, 'future_var_pred_norm': nan, 'future_var_target_norm': nan, 'gate/mean': -0.02722597389171521, 'gate/std': 0.20694587453204097, 'gate/positive_ratio': 0.44297566413879397, 'gate/negative_ratio': 0.557024335861206, 'gate/abs_mean': 0.16387237707773844, 'gate/near_zero_ratio': 0.3922711928685506, 'stage': 1, 'epoch': 4}
A2 STAGE 2 EIIL {'update': 2, 'source_split': 'TRAIN only', 'mean_q_change': 0.08042408525943756, 'environment_mass': [0.3357876241207123, 0.336581826210022, 0.32763057947158813], 'min_environment_mass': 0.32763057947158813, 'environment_risk': [0.133095383644104, 0.10767409950494766, 0.2080928534269333], 'probe_gradients': [[0.0023774802684783936, -0.3095860481262207], [0.06526690721511841, -0.19544745981693268], [0.25225016474723816, 0.3510715663433075]], 'gradient_disagreement': 0.28317776322364807, 'D_within_grad': 0.5490790009498596, 'D_between_grad': 0.7085323929786682, 'gradient_separation': 1.290401577949524, 'random_partition_repeats': 100, 'conflict_ours': 0.28317776322364807, 'random_partition_conflict_mean': 0.00015721730596851557, 'random_partition_conflict_std': 0.00012178763427073136, 'random_partition_z_score': 2323.8857421875, 'environment_similarity_correlation': 0.9762308919215458, 'hungarian_permutation': [0, 1, 2], 'alignment_overlap_before': 0.5458840131759644, 'alignment_overlap_after': 0.5458840131759644, 'environment_matching_requested': 'overlap', 'environment_matching_used': 'overlap', 'h_prediction_MSE': 0.14911049604415894, 'h_prediction_MAE': 0.2532579004764557, 'h_prediction_drift_from_pretrained': 0.028432022780179977, 'h_prediction_corr_with_pretrained': 0.9851348948550293, 'H_norm': 0.9344511032104492, 'H_norm_ratio_to_pretrained': 0.9913676381111145, 'stage': 2, 'environment_prediction_source': 'H -> frozen pretrained forecast head', 'env_assignment_similarity_to_previous': 0.9762308919215458}
A2 complementary_gate classification stage 2 epoch 5 {'loss': 0.48048120345920325, 'var_predictive_loss': 0.18977500414475798, 'var_utility_loss': 0.0002460970948504837, 'var_conditional_gain_loss': 0.0021295715607266173, 'conditional_pair_MSE': 0.18977500343080464, 'conditional_shuffle_MSE': 0.27014387544804774, 'conditional_gain_mean': 0.08036887188554828, 'conditional_positive_ratio': 0.854296875, 'h_anchor_loss': nan, 'future_var_loss': nan, 'future_var_cosine': nan, 'future_var_l2': nan, 'future_var_pred_norm': nan, 'future_var_target_norm': nan, 'gate/mean': -0.04119967071649929, 'gate/std': 0.21201600370014548, 'gate/positive_ratio': 0.4253971060117086, 'gate/negative_ratio': 0.5746028900146485, 'gate/abs_mean': 0.17023886951307457, 'gate/near_zero_ratio': 0.37364768584569297, 'stage': 2, 'epoch': 5}
A2 complementary_gate classification stage 2 epoch 6 {'loss': 0.4711350094527006, 'var_predictive_loss': 0.15075851925648748, 'var_utility_loss': 0.0002315424341304606, 'var_conditional_gain_loss': 0.002681127985852072, 'conditional_pair_MSE': 0.15075851854671782, 'conditional_shuffle_MSE': 0.25466429094722115, 'conditional_gain_mean': 0.10390577197540551, 'conditional_positive_ratio': 0.8611328125, 'h_anchor_loss': nan, 'future_var_loss': nan, 'future_var_cosine': nan, 'future_var_l2': nan, 'future_var_pred_norm': nan, 'future_var_target_norm': nan, 'gate/mean': -0.053865106062342724, 'gate/std': 0.21125831933914857, 'gate/positive_ratio': 0.40362725257873533, 'gate/negative_ratio': 0.5963727474212647, 'gate/abs_mean': 0.17055108615507683, 'gate/near_zero_ratio': 0.3772286295890808, 'stage': 2, 'epoch': 6}
A2 STAGE 3 EIIL {'update': 3, 'source_split': 'TRAIN only', 'mean_q_change': 0.15902097523212433, 'environment_mass': [0.33295977115631104, 0.337756872177124, 0.32928335666656494], 'min_environment_mass': 0.32928335666656494, 'environment_risk': [0.1455385684967041, 0.08624036610126495, 0.20333048701286316], 'probe_gradients': [[-0.018169838935136795, -0.3792988657951355], [0.07510439306497574, -0.0699196457862854], [0.25696828961372375, 0.34775257110595703]], 'gradient_disagreement': 0.30541500449180603, 'D_within_grad': 0.5172798037528992, 'D_between_grad': 0.7030355334281921, 'gradient_separation': 1.3591010570526123, 'random_partition_repeats': 100, 'conflict_ours': 0.30541500449180603, 'random_partition_conflict_mean': 0.00015584082575514913, 'random_partition_conflict_std': 0.0001284953614231199, 'random_partition_z_score': 2375.6435546875, 'environment_similarity_correlation': 0.9300238065274047, 'hungarian_permutation': [0, 1, 2], 'alignment_overlap_before': 0.5660542249679565, 'alignment_overlap_after': 0.5660542249679565, 'environment_matching_requested': 'overlap', 'environment_matching_used': 'overlap', 'h_prediction_MSE': 0.14454010128974915, 'h_prediction_MAE': 0.24856801331043243, 'h_prediction_drift_from_pretrained': 0.025427592918276787, 'h_prediction_corr_with_pretrained': 0.9865501036183526, 'H_norm': 0.9365801811218262, 'H_norm_ratio_to_pretrained': 0.9930980801582336, 'stage': 3, 'environment_prediction_source': 'H -> frozen pretrained forecast head', 'env_assignment_similarity_to_previous': 0.9300238065274047}
A2 complementary_gate classification stage 3 epoch 7 {'loss': 0.4668850801885128, 'var_predictive_loss': 0.14321339898742735, 'var_utility_loss': 0.00017893847962113796, 'var_conditional_gain_loss': 0.002634973798558349, 'conditional_pair_MSE': 0.1432133984999382, 'conditional_shuffle_MSE': 0.24116534661225159, 'conditional_gain_mean': 0.09795194777834695, 'conditional_positive_ratio': 0.8607421875, 'h_anchor_loss': nan, 'future_var_loss': nan, 'future_var_cosine': nan, 'future_var_l2': nan, 'future_var_pred_norm': nan, 'future_var_target_norm': nan, 'gate/mean': -0.06117149023339152, 'gate/std': 0.20602018406702788, 'gate/positive_ratio': 0.3884342511494954, 'gate/negative_ratio': 0.6115657488505045, 'gate/abs_mean': 0.1682971193144719, 'gate/near_zero_ratio': 0.3796379526456197, 'stage': 3, 'epoch': 7}
A2 complementary_gate classification stage 3 epoch 8 {'loss': 0.4620494330301881, 'var_predictive_loss': 0.1449807271361351, 'var_utility_loss': 0.00016200482887143152, 'var_conditional_gain_loss': 0.0024991208640130934, 'conditional_pair_MSE': 0.14498072692422284, 'conditional_shuffle_MSE': 0.23912839634340344, 'conditional_gain_mean': 0.09414766914142092, 'conditional_positive_ratio': 0.8583984375, 'h_anchor_loss': nan, 'future_var_loss': nan, 'future_var_cosine': nan, 'future_var_l2': nan, 'future_var_pred_norm': nan, 'future_var_target_norm': nan, 'gate/mean': -0.0716710832901299, 'gate/std': 0.21309861273403616, 'gate/positive_ratio': 0.3724275787671407, 'gate/negative_ratio': 0.6275724212328593, 'gate/abs_mean': 0.17674650655438504, 'gate/near_zero_ratio': 0.35991837580998737, 'stage': 3, 'epoch': 8}
A2 STAGE 4 EIIL {'update': 4, 'source_split': 'TRAIN only', 'mean_q_change': 0.12706920504570007, 'environment_mass': [0.33148860931396484, 0.3393963575363159, 0.3291150629520416], 'min_environment_mass': 0.3291150629520416, 'environment_risk': [0.1452813595533371, 0.07681912183761597, 0.20171749591827393], 'probe_gradients': [[0.012581235729157925, -0.4027572274208069], [0.01918107643723488, 0.008596188388764858], [0.28106725215911865, 0.3177143633365631]], 'gradient_disagreement': 0.3081859052181244, 'D_within_grad': 0.49646884202957153, 'D_between_grad': 0.6903663873672485, 'gradient_separation': 1.39055335521698, 'random_partition_repeats': 100, 'conflict_ours': 0.3081859052181244, 'random_partition_conflict_mean': 0.00018272649322170764, 'random_partition_conflict_std': 0.00012619222979992628, 'random_partition_z_score': 2440.74609375, 'environment_similarity_correlation': 0.9273210576769861, 'hungarian_permutation': [0, 1, 2], 'alignment_overlap_before': 0.6048538088798523, 'alignment_overlap_after': 0.6048538088798523, 'environment_matching_requested': 'overlap', 'environment_matching_used': 'overlap', 'h_prediction_MSE': 0.14061950147151947, 'h_prediction_MAE': 0.2445662021636963, 'h_prediction_drift_from_pretrained': 0.024035952985286713, 'h_prediction_corr_with_pretrained': 0.9872381068404912, 'H_norm': 0.9603853225708008, 'H_norm_ratio_to_pretrained': 1.0180622339248657, 'stage': 4, 'environment_prediction_source': 'H -> frozen pretrained forecast head', 'env_assignment_similarity_to_previous': 0.9273210576769861}
A2 complementary_gate classification stage 4 epoch 9 {'loss': 0.45942217390984297, 'var_predictive_loss': 0.14124868847429753, 'var_utility_loss': 0.00014292615526301233, 'var_conditional_gain_loss': 0.002910086823612801, 'conditional_pair_MSE': 0.1412486884595637, 'conditional_shuffle_MSE': 0.24520446909755264, 'conditional_gain_mean': 0.10395578034040227, 'conditional_positive_ratio': 0.86015625, 'h_anchor_loss': nan, 'future_var_loss': nan, 'future_var_cosine': nan, 'future_var_l2': nan, 'future_var_pred_norm': nan, 'future_var_target_norm': nan, 'gate/mean': -0.09211591255540649, 'gate/std': 0.24591577992295868, 'gate/positive_ratio': 0.3643235603968302, 'gate/negative_ratio': 0.6356764396031698, 'gate/abs_mean': 0.20385864103833834, 'gate/near_zero_ratio': 0.3299191117286682, 'stage': 4, 'epoch': 9}
A2 complementary_gate classification stage 4 epoch 10 {'loss': 0.4553711531683803, 'var_predictive_loss': 0.13525451365858315, 'var_utility_loss': 0.0001253107442153123, 'var_conditional_gain_loss': 0.002839157859853003, 'conditional_pair_MSE': 0.1352545127419944, 'conditional_shuffle_MSE': 0.23412011911586889, 'conditional_gain_mean': 0.09886560615559574, 'conditional_positive_ratio': 0.8599609375, 'h_anchor_loss': nan, 'future_var_loss': nan, 'future_var_cosine': nan, 'future_var_l2': nan, 'future_var_pred_norm': nan, 'future_var_target_norm': nan, 'gate/mean': -0.10500096399337053, 'gate/std': 0.2458460429467397, 'gate/positive_ratio': 0.34484156767527263, 'gate/negative_ratio': 0.6551584323247274, 'gate/abs_mean': 0.20859342825909455, 'gate/near_zero_ratio': 0.3183318058649699, 'stage': 4, 'epoch': 10}
A2 TEST 0.09031650424003601 0.20885245501995087
[ExchangeRate] complete 2026-09-12T11:58:45+00:00
A2 complementary_gate classification stage 0 epoch 2 {'loss': 1.1729617976529139, 'var_predictive_loss': 0.5153991411056016, 'var_utility_loss': 3.454063135542646e-05, 'var_conditional_gain_loss': 0.0033680441002333058, 'conditional_pair_MSE': 0.5153996354424386, 'conditional_shuffle_MSE': 0.7015897565976504, 'conditional_gain_mean': 0.18619012118079434, 'conditional_positive_ratio': 0.8900970132984521, 'h_anchor_loss': nan, 'future_var_loss': nan, 'future_var_cosine': nan, 'future_var_l2': nan, 'future_var_pred_norm': nan, 'future_var_target_norm': nan, 'gate/mean': -0.522558806890753, 'gate/std': 0.32006160075133877, 'gate/positive_ratio': 0.0775767206260019, 'gate/negative_ratio': 0.9224232793739982, 'gate/abs_mean': 0.5502025751394158, 'gate/near_zero_ratio': 0.07029919472836234, 'stage': 0, 'epoch': 2}
A2 STAGE 1 EIIL {'update': 1, 'source_split': 'TRAIN only', 'mean_q_change': 0.3437097668647766, 'environment_mass': [0.3355754017829895, 0.32644349336624146, 0.3379811644554138], 'min_environment_mass': 0.32644349336624146, 'environment_risk': [0.39983904361724854, 0.6771662831306458, 0.414712518453598], 'probe_gradients': [[0.03540363535284996, -0.10035264492034912], [0.5907605886459351, 0.00014667950745206326], [0.13168928027153015, -0.0805082619190216]], 'gradient_disagreement': 0.18181262910366058, 'D_within_grad': 0.5047541260719299, 'D_between_grad': 0.6138509511947632, 'gradient_separation': 1.2161386013031006, 'random_partition_repeats': 100, 'conflict_ours': 0.18181262910366058, 'random_partition_conflict_mean': 1.4411228221433703e-05, 'random_partition_conflict_std': 1.57966587721603e-05, 'random_partition_z_score': 11508.650390625, 'environment_similarity_correlation': 0.5910544373860266, 'hungarian_permutation': [0, 1, 2], 'alignment_overlap_before': 0.3435072600841522, 'alignment_overlap_after': 0.3435072600841522, 'environment_matching_requested': 'overlap', 'environment_matching_used': 'overlap', 'h_prediction_MSE': 0.495397686958313, 'h_prediction_MAE': 0.35158389806747437, 'h_prediction_drift_from_pretrained': 0.047132641077041626, 'h_prediction_corr_with_pretrained': 0.9689378882385171, 'H_norm': 0.8609210848808289, 'H_norm_ratio_to_pretrained': 0.9966981410980225, 'stage': 1, 'environment_prediction_source': 'H -> frozen pretrained forecast head', 'env_assignment_similarity_to_previous': 0.5910544373860266}
A2 complementary_gate classification stage 1 epoch 3 {'loss': 1.1675444320948516, 'var_predictive_loss': 0.5063311274000221, 'var_utility_loss': 1.5587376017415008e-05, 'var_conditional_gain_loss': 0.00257922823211209, 'conditional_pair_MSE': 0.5063615309782911, 'conditional_shuffle_MSE': 0.7237807176311802, 'conditional_gain_mean': 0.21741918669258256, 'conditional_positive_ratio': 0.9102081970787007, 'h_anchor_loss': nan, 'future_var_loss': nan, 'future_var_cosine': nan, 'future_var_l2': nan, 'future_var_pred_norm': nan, 'future_var_target_norm': nan, 'gate/mean': -0.690571912618799, 'gate/std': 0.30973715380615907, 'gate/positive_ratio': 0.047031903613337686, 'gate/negative_ratio': 0.9529680961754541, 'gate/abs_mean': 0.711575537287508, 'gate/near_zero_ratio': 0.033242178029424405, 'stage': 1, 'epoch': 3}
A2 complementary_gate classification stage 1 epoch 4 {'loss': 1.1680399866964677, 'var_predictive_loss': 0.5045941865823533, 'var_utility_loss': 6.465806098913292e-06, 'var_conditional_gain_loss': 0.002889462988239038, 'conditional_pair_MSE': 0.5046220580874251, 'conditional_shuffle_MSE': 0.7435406960347184, 'conditional_gain_mean': 0.23891863789907242, 'conditional_positive_ratio': 0.9156311314584696, 'h_anchor_loss': nan, 'future_var_loss': nan, 'future_var_cosine': nan, 'future_var_l2': nan, 'future_var_pred_norm': nan, 'future_var_target_norm': nan, 'gate/mean': -0.7750629119311762, 'gate/std': 0.3028516107006498, 'gate/positive_ratio': 0.03962108548922496, 'gate/negative_ratio': 0.9603789142995668, 'gate/abs_mean': 0.7955171565407644, 'gate/near_zero_ratio': 0.02282440273092673, 'stage': 1, 'epoch': 4}
A2 STAGE 2 EIIL {'update': 2, 'source_split': 'TRAIN only', 'mean_q_change': 0.12750405073165894, 'environment_mass': [0.3357962369918823, 0.32535791397094727, 0.338845819234848], 'min_environment_mass': 0.32535791397094727, 'environment_risk': [0.41004759073257446, 0.7144635319709778, 0.4132295548915863], 'probe_gradients': [[0.08356873691082001, -0.09806743264198303], [0.6830751299858093, 0.011805737391114235], [0.11345226317644119, -0.09360853582620621]], 'gradient_disagreement': 0.23599176108837128, 'D_within_grad': 0.45220792293548584, 'D_between_grad': 0.5976664423942566, 'gradient_separation': 1.3216629028320312, 'random_partition_repeats': 100, 'conflict_ours': 0.23599176108837128, 'random_partition_conflict_mean': 1.4949383512430359e-05, 'random_partition_conflict_std': 1.68483402376296e-05, 'random_partition_z_score': 14005.9384765625, 'environment_similarity_correlation': 0.9143551978776584, 'hungarian_permutation': [0, 1, 2], 'alignment_overlap_before': 0.5066408514976501, 'alignment_overlap_after': 0.5066408514976501, 'environment_matching_requested': 'overlap', 'environment_matching_used': 'overlap', 'h_prediction_MSE': 0.5101698040962219, 'h_prediction_MAE': 0.3605393171310425, 'h_prediction_drift_from_pretrained': 0.06845822930335999, 'h_prediction_corr_with_pretrained': 0.9557550596676967, 'H_norm': 0.8606290817260742, 'H_norm_ratio_to_pretrained': 1.0015733242034912, 'stage': 2, 'environment_prediction_source': 'H -> frozen pretrained forecast head', 'env_assignment_similarity_to_previous': 0.9143551978776584}
A2 complementary_gate classification stage 2 epoch 5 {'loss': 1.1519383353156012, 'var_predictive_loss': 0.4942899871205078, 'var_utility_loss': 3.902929688538954e-06, 'var_conditional_gain_loss': 0.0022828391103160025, 'conditional_pair_MSE': 0.49433119923602414, 'conditional_shuffle_MSE': 0.7583359099153234, 'conditional_gain_mean': 0.2640047105413368, 'conditional_positive_ratio': 0.9262044909526924, 'h_anchor_loss': nan, 'future_var_loss': nan, 'future_var_cosine': nan, 'future_var_l2': nan, 'future_var_pred_norm': nan, 'future_var_target_norm': nan, 'gate/mean': -0.8070477434145039, 'gate/std': 0.30053618801114884, 'gate/positive_ratio': 0.038522972037683706, 'gate/negative_ratio': 0.9614770277511081, 'gate/abs_mean': 0.8284680108521999, 'gate/near_zero_ratio': 0.01982452990191721, 'stage': 2, 'epoch': 5}
A2 complementary_gate classification stage 2 epoch 6 {'loss': 1.148943249282363, 'var_predictive_loss': 0.4926947815881258, 'var_utility_loss': 1.9098472885371387e-06, 'var_conditional_gain_loss': 0.002102859683031153, 'conditional_pair_MSE': 0.49271206728858635, 'conditional_shuffle_MSE': 0.7526700855349521, 'conditional_gain_mean': 0.2599580182569235, 'conditional_positive_ratio': 0.9267495094833225, 'h_anchor_loss': nan, 'future_var_loss': nan, 'future_var_cosine': nan, 'future_var_l2': nan, 'future_var_pred_norm': nan, 'future_var_target_norm': nan, 'gate/mean': -0.8278640814709738, 'gate/std': 0.29419575395732117, 'gate/positive_ratio': 0.03564294275314327, 'gate/negative_ratio': 0.9643570572468567, 'gate/abs_mean': 0.848756303055626, 'gate/near_zero_ratio': 0.017706101116130905, 'stage': 2, 'epoch': 6}
A2 STAGE 3 EIIL {'update': 3, 'source_split': 'TRAIN only', 'mean_q_change': 0.09815002977848053, 'environment_mass': [0.33708271384239197, 0.32626551389694214, 0.3366517126560211], 'min_environment_mass': 0.32626551389694214, 'environment_risk': [0.4474238157272339, 0.6909341812133789, 0.4571308195590973], 'probe_gradients': [[0.08765224367380142, -0.14589843153953552], [0.7246914505958557, -0.07370718568563461], [0.11549511551856995, -0.13796229660511017]], 'gradient_disagreement': 0.2623724937438965, 'D_within_grad': 0.49097034335136414, 'D_between_grad': 0.6405705213546753, 'gradient_separation': 1.3047031164169312, 'random_partition_repeats': 100, 'conflict_ours': 0.2623724937438965, 'random_partition_conflict_mean': 2.104976010741666e-05, 'random_partition_conflict_std': 2.1264435417833738e-05, 'random_partition_z_score': 12337.5693359375, 'environment_similarity_correlation': 0.8580881861265378, 'hungarian_permutation': [0, 1, 2], 'alignment_overlap_before': 0.5267792344093323, 'alignment_overlap_after': 0.5267792344093323, 'environment_matching_requested': 'overlap', 'environment_matching_used': 'overlap', 'h_prediction_MSE': 0.5301409363746643, 'h_prediction_MAE': 0.37287911772727966, 'h_prediction_drift_from_pretrained': 0.09059499204158783, 'h_prediction_corr_with_pretrained': 0.9415224920251508, 'H_norm': 0.8737431168556213, 'H_norm_ratio_to_pretrained': 1.021459937095642, 'stage': 3, 'environment_prediction_source': 'H -> frozen pretrained forecast head', 'env_assignment_similarity_to_previous': 0.8580881861265378}
A2 complementary_gate classification stage 0 epoch 2 {'loss': 0.7128497140778064, 'var_predictive_loss': 0.41436120306482643, 'var_utility_loss': 1.6367100736984265e-06, 'var_conditional_gain_loss': 0.0005940979459086835, 'conditional_pair_MSE': 0.4143532188995675, 'conditional_shuffle_MSE': 1.1796369551344643, 'conditional_gain_mean': 0.7652837364974255, 'conditional_positive_ratio': 0.9824917672886937, 'h_anchor_loss': nan, 'future_var_loss': nan, 'future_var_cosine': nan, 'future_var_l2': nan, 'future_var_pred_norm': nan, 'future_var_target_norm': nan, 'gate/mean': -0.5545287811622629, 'gate/std': 0.29247327293016673, 'gate/positive_ratio': 0.052646281489826176, 'gate/negative_ratio': 0.9473537181762458, 'gate/abs_mean': 0.5728580548083093, 'gate/near_zero_ratio': 0.052090053299819576, 'stage': 0, 'epoch': 2}
A2 complementary_gate classification stage 0 epoch 1 {'loss': 0.9513654008889809, 'var_predictive_loss': 0.9638831123722004, 'var_utility_loss': 5.268310298304743e-05, 'var_conditional_gain_loss': 0.0003243100728955512, 'conditional_pair_MSE': 0.9638906344056406, 'conditional_shuffle_MSE': 1.0224636247607157, 'conditional_gain_mean': 0.05857299035507508, 'conditional_positive_ratio': 0.9680675049636003, 'h_anchor_loss': nan, 'future_var_loss': nan, 'future_var_cosine': nan, 'future_var_l2': nan, 'future_var_pred_norm': nan, 'future_var_target_norm': nan, 'gate/mean': -0.15973411645989558, 'gate/std': 0.24509314761837742, 'gate/positive_ratio': 0.2896622376514847, 'gate/negative_ratio': 0.7103377612708095, 'gate/abs_mean': 0.2198079373295659, 'gate/near_zero_ratio': 0.3539080655251414, 'stage': 0, 'epoch': 1}
A2 complementary_gate classification stage 3 epoch 7 {'loss': 1.1371447606614702, 'var_predictive_loss': 0.4864881074976796, 'var_utility_loss': 1.1245862302115971e-06, 'var_conditional_gain_loss': 0.0022270551910291004, 'conditional_pair_MSE': 0.4865397295625468, 'conditional_shuffle_MSE': 0.7623071593364629, 'conditional_gain_mean': 0.2757674297492473, 'conditional_positive_ratio': 0.9310006540222368, 'h_anchor_loss': nan, 'future_var_loss': nan, 'future_var_cosine': nan, 'future_var_l2': nan, 'future_var_pred_norm': nan, 'future_var_target_norm': nan, 'gate/mean': -0.8384994881519281, 'gate/std': 0.2910704088281902, 'gate/positive_ratio': 0.03438856797239427, 'gate/negative_ratio': 0.9656114316051894, 'gate/abs_mean': 0.8591653487496883, 'gate/near_zero_ratio': 0.01648041474490862, 'stage': 3, 'epoch': 7}
A2 complementary_gate classification stage 3 epoch 8 {'loss': 1.131372127672227, 'var_predictive_loss': 0.4826395519681879, 'var_utility_loss': 7.490902049705153e-07, 'var_conditional_gain_loss': 0.002009928728772105, 'conditional_pair_MSE': 0.4826045698474188, 'conditional_shuffle_MSE': 0.7700028042477506, 'conditional_gain_mean': 0.2873982344296196, 'conditional_positive_ratio': 0.9387399171571833, 'h_anchor_loss': nan, 'future_var_loss': nan, 'future_var_cosine': nan, 'future_var_l2': nan, 'future_var_pred_norm': nan, 'future_var_target_norm': nan, 'gate/mean': -0.8433499993413683, 'gate/std': 0.2875139627078789, 'gate/positive_ratio': 0.03296201647988968, 'gate/negative_ratio': 0.967037983097694, 'gate/abs_mean': 0.8626391289755837, 'gate/near_zero_ratio': 0.016110585177353247, 'stage': 3, 'epoch': 8}
A2 STAGE 4 EIIL {'update': 4, 'source_split': 'TRAIN only', 'mean_q_change': 0.08048488944768906, 'environment_mass': [0.3377176523208618, 0.32579365372657776, 0.33648863434791565], 'min_environment_mass': 0.32579365372657776, 'environment_risk': [0.42849254608154297, 0.7102088928222656, 0.4340560734272003], 'probe_gradients': [[0.07436889410018921, -0.13588638603687286], [0.6505269408226013, -0.041568197309970856], [0.08778691291809082, -0.12792964279651642]], 'gradient_disagreement': 0.22174400091171265, 'D_within_grad': 0.44661298394203186, 'D_between_grad': 0.574641227722168, 'gradient_separation': 1.2866648435592651, 'random_partition_repeats': 100, 'conflict_ours': 0.22174400091171265, 'random_partition_conflict_mean': 1.5993771739886142e-05, 'random_partition_conflict_std': 2.41286452364875e-05, 'random_partition_z_score': 9189.41015625, 'environment_similarity_correlation': 0.9159385160874814, 'hungarian_permutation': [0, 1, 2], 'alignment_overlap_before': 0.5284590721130371, 'alignment_overlap_after': 0.5284590721130371, 'environment_matching_requested': 'overlap', 'environment_matching_used': 'overlap', 'h_prediction_MSE': 0.5221460461616516, 'h_prediction_MAE': 0.36849460005760193, 'h_prediction_drift_from_pretrained': 0.08570504933595657, 'h_prediction_corr_with_pretrained': 0.9420192007015403, 'H_norm': 0.8718644380569458, 'H_norm_ratio_to_pretrained': 1.0186952352523804, 'stage': 4, 'environment_prediction_source': 'H -> frozen pretrained forecast head', 'env_assignment_similarity_to_previous': 0.9159385160874814}
A2 STAGE 1 EIIL {'update': 1, 'source_split': 'TRAIN only', 'mean_q_change': 0.0013253677170723677, 'environment_mass': [0.3342488408088684, 0.33151131868362427, 0.3342398405075073], 'min_environment_mass': 0.33151131868362427, 'environment_risk': [0.17782501876354218, 0.1778246909379959, 0.17782416939735413], 'probe_gradients': [[-0.06377256661653519, 0.027911946177482605], [-0.06377536803483963, 0.027908576652407646], [-0.06377819925546646, 0.027902528643608093]], 'gradient_disagreement': 6.140413871813521e-11, 'D_within_grad': 0.22992798686027527, 'D_between_grad': 0.22992804646492004, 'gradient_separation': 1.000000238418579, 'random_partition_repeats': 100, 'conflict_ours': 6.140413871813521e-11, 'random_partition_conflict_mean': 2.5062471629283545e-13, 'random_partition_conflict_std': 3.129816826714926e-13, 'random_partition_z_score': 61.15351486206055, 'environment_similarity_correlation': 0.9173203012097031, 'hungarian_permutation': [2, 1, 0], 'alignment_overlap_before': 0.3333383798599243, 'alignment_overlap_after': 0.3333384692668915, 'environment_matching_requested': 'overlap', 'environment_matching_used': 'overlap', 'h_prediction_MSE': 0.19266466796398163, 'h_prediction_MAE': 0.28620806336402893, 'h_prediction_drift_from_pretrained': 0.021779529750347137, 'h_prediction_corr_with_pretrained': 0.9895383240212076, 'H_norm': 0.6158592104911804, 'H_norm_ratio_to_pretrained': 0.9642484188079834, 'stage': 1, 'environment_prediction_source': 'current Z-fused prediction (legacy)', 'env_assignment_similarity_to_previous': 0.9173203012097031}
A2 complementary_gate classification stage 4 epoch 9 {'loss': 1.1316925749741333, 'var_predictive_loss': 0.4813217116485706, 'var_utility_loss': 4.5102644153773674e-07, 'var_conditional_gain_loss': 0.002081736253814832, 'conditional_pair_MSE': 0.4813669274316145, 'conditional_shuffle_MSE': 0.7780060118014743, 'conditional_gain_mean': 0.2966390841969246, 'conditional_positive_ratio': 0.9364235884020057, 'h_anchor_loss': nan, 'future_var_loss': nan, 'future_var_cosine': nan, 'future_var_l2': nan, 'future_var_pred_norm': nan, 'future_var_target_norm': nan, 'gate/mean': -0.8542039886469013, 'gate/std': 0.2865629439801788, 'gate/positive_ratio': 0.0325609821683373, 'gate/negative_ratio': 0.9674390178316628, 'gate/abs_mean': 0.8742395857784906, 'gate/near_zero_ratio': 0.015213163867580178, 'stage': 4, 'epoch': 9}
A2 complementary_gate classification stage 4 epoch 10 {'loss': 1.128068113623231, 'var_predictive_loss': 0.47814692100859146, 'var_utility_loss': 7.079962569221727e-07, 'var_conditional_gain_loss': 0.0016612910430914127, 'conditional_pair_MSE': 0.4781277839109425, 'conditional_shuffle_MSE': 0.7913242721534633, 'conditional_gain_mean': 0.31319648827784896, 'conditional_positive_ratio': 0.9413015042511446, 'h_anchor_loss': nan, 'future_var_loss': nan, 'future_var_cosine': nan, 'future_var_l2': nan, 'future_var_pred_norm': nan, 'future_var_target_norm': nan, 'gate/mean': -0.8606540186456887, 'gate/std': 0.2854849621348707, 'gate/positive_ratio': 0.03193729872196669, 'gate/negative_ratio': 0.9680627012780333, 'gate/abs_mean': 0.8812818528574732, 'gate/near_zero_ratio': 0.014478362098605747, 'stage': 4, 'epoch': 10}
A2 TEST 0.173965722322464 0.2153390496969223
[Weather] complete 2026-09-12T12:11:49+00:00
[ETTm1] start 2026-09-12T12:11:49+00:00 GPU=2
[ETTm1] create shared reference
reference warmup 1 {'loss': 0.34355287378610566, 'var_predictive_loss': nan, 'var_utility_loss': nan, 'var_conditional_gain_loss': nan, 'conditional_pair_MSE': nan, 'conditional_shuffle_MSE': nan, 'conditional_gain_mean': nan, 'conditional_positive_ratio': nan, 'h_anchor_loss': nan, 'future_var_loss': nan, 'future_var_cosine': nan, 'future_var_l2': nan, 'future_var_pred_norm': nan, 'future_var_target_norm': nan, 'gate/mean': nan, 'gate/std': nan, 'gate/positive_ratio': nan, 'gate/negative_ratio': nan, 'gate/abs_mean': nan, 'gate/near_zero_ratio': nan}
reference warmup 2 {'loss': 0.3228727749752444, 'var_predictive_loss': nan, 'var_utility_loss': nan, 'var_conditional_gain_loss': nan, 'conditional_pair_MSE': nan, 'conditional_shuffle_MSE': nan, 'conditional_gain_mean': nan, 'conditional_positive_ratio': nan, 'h_anchor_loss': nan, 'future_var_loss': nan, 'future_var_cosine': nan, 'future_var_l2': nan, 'future_var_pred_norm': nan, 'future_var_target_norm': nan, 'gate/mean': nan, 'gate/std': nan, 'gate/positive_ratio': nan, 'gate/negative_ratio': nan, 'gate/abs_mean': nan, 'gate/near_zero_ratio': nan}
reference warmup 3 {'loss': 0.3130024241153584, 'var_predictive_loss': nan, 'var_utility_loss': nan, 'var_conditional_gain_loss': nan, 'conditional_pair_MSE': nan, 'conditional_shuffle_MSE': nan, 'conditional_gain_mean': nan, 'conditional_positive_ratio': nan, 'h_anchor_loss': nan, 'future_var_loss': nan, 'future_var_cosine': nan, 'future_var_l2': nan, 'future_var_pred_norm': nan, 'future_var_target_norm': nan, 'gate/mean': nan, 'gate/std': nan, 'gate/positive_ratio': nan, 'gate/negative_ratio': nan, 'gate/abs_mean': nan, 'gate/near_zero_ratio': nan}
shared_reference source=created path=results/predictive_env_reference_all_datasets_k3/ETTm1/shared_reference.pt sha256=43cb3aff3d6bab55dab11b8df89dc34b026cad2089306dd2f2e1b480e3c021c6
reference preparation complete; no experiment was run
43cb3aff3d6bab55dab11b8df89dc34b026cad2089306dd2f2e1b480e3c021c6  results/predictive_env_reference_all_datasets_k3/ETTm1/shared_reference.pt
[ETTm1] run A_current on GPU 2
shared_reference source=loaded path=results/predictive_env_reference_all_datasets_k3/ETTm1/shared_reference.pt sha256=43cb3aff3d6bab55dab11b8df89dc34b026cad2089306dd2f2e1b480e3c021c6
A2 identity {'feature': 0.0}
A2 STAGE 0 EIIL {'update': 0, 'source_split': 'TRAIN only', 'mean_q_change': 0.024190766736865044, 'environment_mass': [0.3325921893119812, 0.3326120972633362, 0.3347957134246826], 'min_environment_mass': 0.3325921893119812, 'environment_risk': [0.32632097601890564, 0.3258795440196991, 0.32634952664375305], 'probe_gradients': [[0.0069092256017029285, 0.006571285892277956], [0.004096971824765205, -0.042788293212652206], [0.007046519313007593, 0.004211013671010733]], 'gradient_disagreement': 0.0015558336162939668, 'D_within_grad': 0.602681577205658, 'D_between_grad': 0.6033806800842285, 'gradient_separation': 1.0011600255966187, 'random_partition_repeats': 100, 'conflict_ours': 0.0015558336162939668, 'random_partition_conflict_mean': 7.747831887172651e-08, 'random_partition_conflict_std': 6.75078979384125e-08, 'random_partition_z_score': 23045.541015625, 'environment_similarity_correlation': 0.0034051070144254327, 'hungarian_permutation': [0, 1, 2], 'alignment_overlap_before': 0.3333393335342407, 'alignment_overlap_after': 0.3333393335342407, 'environment_matching_requested': 'overlap', 'environment_matching_used': 'overlap', 'h_prediction_MSE': 0.28308871388435364, 'h_prediction_MAE': 0.36146676540374756, 'h_prediction_drift_from_pretrained': 1.0148735421922767e-14, 'h_prediction_corr_with_pretrained': 0.9999999999999911, 'H_norm': 0.9260377287864685, 'H_norm_ratio_to_pretrained': 1.0, 'stage': 0, 'environment_prediction_source': 'current Z-fused prediction (legacy)', 'env_assignment_similarity_to_previous': 0.0034051070144254327}
A2 complementary_gate classification stage 0 epoch 1 {'loss': 0.8208895299046539, 'var_predictive_loss': 0.370102196779362, 'var_utility_loss': 0.00030718410973096005, 'var_conditional_gain_loss': 0.0014434886834622331, 'conditional_pair_MSE': 0.3701067695783998, 'conditional_shuffle_MSE': 0.4411987998858081, 'conditional_gain_mean': 0.07109203030664957, 'conditional_positive_ratio': 0.8971717877094972, 'h_anchor_loss': nan, 'future_var_loss': nan, 'future_var_cosine': nan, 'future_var_l2': nan, 'future_var_pred_norm': nan, 'future_var_target_norm': nan, 'gate/mean': -0.05358531860056179, 'gate/std': 0.20082431354375463, 'gate/positive_ratio': 0.4010317894015094, 'gate/negative_ratio': 0.5989682105984906, 'gate/abs_mean': 0.15972112439302277, 'gate/near_zero_ratio': 0.4171340683252592, 'stage': 0, 'epoch': 1}
A2 complementary_gate classification stage 0 epoch 2 {'loss': 0.8043336057662964, 'var_predictive_loss': 0.34220153261062713, 'var_utility_loss': 9.565880634824658e-05, 'var_conditional_gain_loss': 0.001519498751313188, 'conditional_pair_MSE': 0.34189278549632646, 'conditional_shuffle_MSE': 0.44630368705603163, 'conditional_gain_mean': 0.10441090157092398, 'conditional_positive_ratio': 0.917364990689013, 'h_anchor_loss': nan, 'future_var_loss': nan, 'future_var_cosine': nan, 'future_var_l2': nan, 'future_var_pred_norm': nan, 'future_var_target_norm': nan, 'gate/mean': -0.2647216668147618, 'gate/std': 0.288755556390318, 'gate/positive_ratio': 0.182897533375739, 'gate/negative_ratio': 0.817102465271211, 'gate/abs_mean': 0.32411408208569925, 'gate/near_zero_ratio': 0.18003401678704264, 'stage': 0, 'epoch': 2}
A2 STAGE 1 EIIL {'update': 1, 'source_split': 'TRAIN only', 'mean_q_change': 0.3064247965812683, 'environment_mass': [0.3359416425228119, 0.33162781596183777, 0.33243048191070557], 'min_environment_mass': 0.33162781596183777, 'environment_risk': [0.2530364692211151, 0.29768675565719604, 0.23257799446582794], 'probe_gradients': [[0.042507801204919815, 0.15238209068775177], [0.07036653161048889, -0.33155685663223267], [0.014757085591554642, 0.07223107665777206]], 'gradient_disagreement': 0.13610146939754486, 'D_within_grad': 0.49829378724098206, 'D_between_grad': 0.5887953639030457, 'gradient_separation': 1.1816229820251465, 'random_partition_repeats': 100, 'conflict_ours': 0.13610146939754486, 'random_partition_conflict_mean': 1.0024152288679034e-05, 'random_partition_conflict_std': 1.035814784700051e-05, 'random_partition_z_score': 13138.587890625, 'environment_similarity_correlation': 0.7202953012133295, 'hungarian_permutation': [0, 1, 2], 'alignment_overlap_before': 0.3432070016860962, 'alignment_overlap_after': 0.3432070016860962, 'environment_matching_requested': 'overlap', 'environment_matching_used': 'overlap', 'h_prediction_MSE': 0.27724409103393555, 'h_prediction_MAE': 0.3615146279335022, 'h_prediction_drift_from_pretrained': 0.026087423786520958, 'h_prediction_corr_with_pretrained': 0.9849174218705781, 'H_norm': 0.8956222534179688, 'H_norm_ratio_to_pretrained': 0.968021810054779, 'stage': 1, 'environment_prediction_source': 'current Z-fused prediction (legacy)', 'env_assignment_similarity_to_previous': 0.7202953012133295}
A2 complementary_gate classification stage 1 epoch 3 {'loss': 0.7868590974807739, 'var_predictive_loss': 0.333687107923419, 'var_utility_loss': 6.342406272800196e-05, 'var_conditional_gain_loss': 0.001285950527978442, 'conditional_pair_MSE': 0.33361843209319686, 'conditional_shuffle_MSE': 0.4605836796670115, 'conditional_gain_mean': 0.12696524757007505, 'conditional_positive_ratio': 0.930633147113594, 'h_anchor_loss': nan, 'future_var_loss': nan, 'future_var_cosine': nan, 'future_var_l2': nan, 'future_var_pred_norm': nan, 'future_var_target_norm': nan, 'gate/mean': -0.41162091767775927, 'gate/std': 0.32491282111018505, 'gate/positive_ratio': 0.11784125182585982, 'gate/negative_ratio': 0.8821587474976151, 'gate/abs_mean': 0.4572811363981633, 'gate/near_zero_ratio': 0.09929260907683107, 'stage': 1, 'epoch': 3}
A2 complementary_gate classification stage 1 epoch 4 {'loss': 0.7773375999095828, 'var_predictive_loss': 0.3272207794078561, 'var_utility_loss': 4.61574822068986e-05, 'var_conditional_gain_loss': 0.0011440350562880368, 'conditional_pair_MSE': 0.3272511158139326, 'conditional_shuffle_MSE': 0.4723007343149884, 'conditional_gain_mean': 0.14504961851799233, 'conditional_positive_ratio': 0.9392167132216015, 'h_anchor_loss': nan, 'future_var_loss': nan, 'future_var_cosine': nan, 'future_var_l2': nan, 'future_var_pred_norm': nan, 'future_var_target_norm': nan, 'gate/mean': -0.5095137289750428, 'gate/std': 0.33862541163778465, 'gate/positive_ratio': 0.09119363726711953, 'gate/negative_ratio': 0.9088063607033054, 'gate/abs_mean': 0.5485845684354264, 'gate/near_zero_ratio': 0.06915577550700625, 'stage': 1, 'epoch': 4}
A2 STAGE 2 EIIL {'update': 2, 'source_split': 'TRAIN only', 'mean_q_change': 0.1509898453950882, 'environment_mass': [0.33385205268859863, 0.3289431929588318, 0.3372047543525696], 'min_environment_mass': 0.3289431929588318, 'environment_risk': [0.24812985956668854, 0.30487751960754395, 0.21093252301216125], 'probe_gradients': [[0.05976603552699089, 0.13219605386257172], [0.11140381544828415, -0.42119354009628296], [-0.047573138028383255, -0.027206385508179665]], 'gradient_disagreement': 0.17544563114643097, 'D_within_grad': 0.45811739563941956, 'D_between_grad': 0.580904483795166, 'gradient_separation': 1.2680253982543945, 'random_partition_repeats': 100, 'conflict_ours': 0.17544563114643097, 'random_partition_conflict_mean': 1.3261614185466897e-05, 'random_partition_conflict_std': 1.0493709851289168e-05, 'random_partition_z_score': 16717.859375, 'environment_similarity_correlation': 0.8880928382722515, 'hungarian_permutation': [0, 1, 2], 'alignment_overlap_before': 0.4908248782157898, 'alignment_overlap_after': 0.4908248782157898, 'environment_matching_requested': 'overlap', 'environment_matching_used': 'overlap', 'h_prediction_MSE': 0.28694602847099304, 'h_prediction_MAE': 0.3703552186489105, 'h_prediction_drift_from_pretrained': 0.04439327493309975, 'h_prediction_corr_with_pretrained': 0.9739367370475126, 'H_norm': 0.902375340461731, 'H_norm_ratio_to_pretrained': 0.9761751890182495, 'stage': 2, 'environment_prediction_source': 'current Z-fused prediction (legacy)', 'env_assignment_similarity_to_previous': 0.8880928382722515}
A2 complementary_gate classification stage 2 epoch 5 {'loss': 0.7647582598065221, 'var_predictive_loss': 0.32250566583733226, 'var_utility_loss': 3.355343272655879e-05, 'var_conditional_gain_loss': 0.0010732994370966338, 'conditional_pair_MSE': 0.3222272903687716, 'conditional_shuffle_MSE': 0.4840019774846561, 'conditional_gain_mean': 0.16177468709119777, 'conditional_positive_ratio': 0.9430283985102421, 'h_anchor_loss': nan, 'future_var_loss': nan, 'future_var_cosine': nan, 'future_var_l2': nan, 'future_var_pred_norm': nan, 'future_var_target_norm': nan, 'gate/mean': -0.5729814909364377, 'gate/std': 0.3457770991006204, 'gate/positive_ratio': 0.0783831260882852, 'gate/negative_ratio': 0.9216168739117148, 'gate/abs_mean': 0.6094171740327083, 'gate/near_zero_ratio': 0.055322938970343224, 'stage': 2, 'epoch': 5}
A2 complementary_gate classification stage 2 epoch 6 {'loss': 0.7528622817993164, 'var_predictive_loss': 0.31743982890317607, 'var_utility_loss': 2.3876822876847526e-05, 'var_conditional_gain_loss': 0.0009940353496049165, 'conditional_pair_MSE': 0.31671052623748386, 'conditional_shuffle_MSE': 0.49035622342646834, 'conditional_gain_mean': 0.1736456971897703, 'conditional_positive_ratio': 0.9500698324022346, 'h_anchor_loss': nan, 'future_var_loss': nan, 'future_var_cosine': nan, 'future_var_l2': nan, 'future_var_pred_norm': nan, 'future_var_target_norm': nan, 'gate/mean': -0.6187806602223664, 'gate/std': 0.3526562822057644, 'gate/positive_ratio': 0.07332660090821913, 'gate/negative_ratio': 0.9266733990917808, 'gate/abs_mean': 0.6556432459742012, 'gate/near_zero_ratio': 0.04672198627916353, 'stage': 2, 'epoch': 6}
A2 STAGE 3 EIIL {'update': 3, 'source_split': 'TRAIN only', 'mean_q_change': 0.13615867495536804, 'environment_mass': [0.33182865381240845, 0.33198586106300354, 0.3361855149269104], 'min_environment_mass': 0.33182865381240845, 'environment_risk': [0.24585430324077606, 0.2704193890094757, 0.20037606358528137], 'probe_gradients': [[0.08245924115180969, 0.19571150839328766], [0.07910048216581345, -0.3473084568977356], [-0.07798522710800171, -0.02204807847738266]], 'gradient_disagreement': 0.16617129743099213, 'D_within_grad': 0.440005898475647, 'D_between_grad': 0.5582919120788574, 'gradient_separation': 1.268828272819519, 'random_partition_repeats': 100, 'conflict_ours': 0.16617129743099213, 'random_partition_conflict_mean': 1.2714971489913296e-05, 'random_partition_conflict_std': 1.102599435398588e-05, 'random_partition_z_score': 15069.71484375, 'environment_similarity_correlation': 0.8838852407396467, 'hungarian_permutation': [0, 1, 2], 'alignment_overlap_before': 0.5300257205963135, 'alignment_overlap_after': 0.5300257205963135, 'environment_matching_requested': 'overlap', 'environment_matching_used': 'overlap', 'h_prediction_MSE': 0.2902018129825592, 'h_prediction_MAE': 0.37422263622283936, 'h_prediction_drift_from_pretrained': 0.050982438027858734, 'h_prediction_corr_with_pretrained': 0.9694932784459807, 'H_norm': 0.8987553715705872, 'H_norm_ratio_to_pretrained': 0.9723185896873474, 'stage': 3, 'environment_prediction_source': 'current Z-fused prediction (legacy)', 'env_assignment_similarity_to_previous': 0.8838852407396467}
A2 complementary_gate classification stage 3 epoch 7 {'loss': 0.7441067506546198, 'var_predictive_loss': 0.31266736916331356, 'var_utility_loss': 1.569512586768745e-05, 'var_conditional_gain_loss': 0.0008551402280221605, 'conditional_pair_MSE': 0.31264564305436265, 'conditional_shuffle_MSE': 0.49501497752076096, 'conditional_gain_mean': 0.1823693344392998, 'conditional_positive_ratio': 0.9541724860335196, 'h_anchor_loss': nan, 'future_var_loss': nan, 'future_var_cosine': nan, 'future_var_l2': nan, 'future_var_pred_norm': nan, 'future_var_target_norm': nan, 'gate/mean': -0.6516123355605921, 'gate/std': 0.35724592826768065, 'gate/positive_ratio': 0.07021984448757462, 'gate/negative_ratio': 0.9297801555124253, 'gate/abs_mean': 0.6892221895446442, 'gate/near_zero_ratio': 0.04152001431050649, 'stage': 3, 'epoch': 7}
A2 complementary_gate classification stage 3 epoch 8 {'loss': 0.7319400607430657, 'var_predictive_loss': 0.30886895786884216, 'var_utility_loss': 1.1698724894898099e-05, 'var_conditional_gain_loss': 0.0007995920616949543, 'conditional_pair_MSE': 0.30903917555422483, 'conditional_shuffle_MSE': 0.49575687264425794, 'conditional_gain_mean': 0.18671769711927244, 'conditional_positive_ratio': 0.9557728119180633, 'h_anchor_loss': nan, 'future_var_loss': nan, 'future_var_cosine': nan, 'future_var_l2': nan, 'future_var_pred_norm': nan, 'future_var_target_norm': nan, 'gate/mean': -0.6748661759068658, 'gate/std': 0.36259499726291344, 'gate/positive_ratio': 0.0700814978289717, 'gate/negative_ratio': 0.9299185008179782, 'gate/abs_mean': 0.7143537870039596, 'gate/near_zero_ratio': 0.038346716242852436, 'stage': 3, 'epoch': 8}
A2 STAGE 4 EIIL {'update': 4, 'source_split': 'TRAIN only', 'mean_q_change': 0.11612997204065323, 'environment_mass': [0.3323284089565277, 0.33151930570602417, 0.3361523151397705], 'min_environment_mass': 0.33151930570602417, 'environment_risk': [0.24433530867099762, 0.24566008150577545, 0.18879434466362], 'probe_gradients': [[0.12459776550531387, 0.24272234737873077], [0.062474824488162994, -0.27745765447616577], [-0.07678370177745819, 0.014941184781491756]], 'gradient_disagreement': 0.15725840628147125, 'D_within_grad': 0.42528200149536133, 'D_between_grad': 0.5383249521255493, 'gradient_separation': 1.265807032585144, 'random_partition_repeats': 100, 'conflict_ours': 0.15725840628147125, 'random_partition_conflict_mean': 1.0655308869900182e-05, 'random_partition_conflict_std': 8.31568286230322e-06, 'random_partition_z_score': 18909.78125, 'environment_similarity_correlation': 0.8931075466220457, 'hungarian_permutation': [0, 1, 2], 'alignment_overlap_before': 0.5347237586975098, 'alignment_overlap_after': 0.5347237586975098, 'environment_matching_requested': 'overlap', 'environment_matching_used': 'overlap', 'h_prediction_MSE': 0.2983246147632599, 'h_prediction_MAE': 0.3805244565010071, 'h_prediction_drift_from_pretrained': 0.05753280222415924, 'h_prediction_corr_with_pretrained': 0.9660616872566943, 'H_norm': 0.8996588587760925, 'H_norm_ratio_to_pretrained': 0.9735012650489807, 'stage': 4, 'environment_prediction_source': 'current Z-fused prediction (legacy)', 'env_assignment_similarity_to_previous': 0.8931075466220457}
A2 complementary_gate classification stage 4 epoch 9 {'loss': 0.7229360600404962, 'var_predictive_loss': 0.30727223957693856, 'var_utility_loss': 8.382400611206025e-06, 'var_conditional_gain_loss': 0.000766743111990616, 'conditional_pair_MSE': 0.3071413031450172, 'conditional_shuffle_MSE': 0.4984419851474066, 'conditional_gain_mean': 0.19130068197329914, 'conditional_positive_ratio': 0.9585370111731844, 'h_anchor_loss': nan, 'future_var_loss': nan, 'future_var_cosine': nan, 'future_var_l2': nan, 'future_var_pred_norm': nan, 'future_var_target_norm': nan, 'gate/mean': -0.6923361132681322, 'gate/std': 0.37044579746504547, 'gate/positive_ratio': 0.07103227593123614, 'gate/negative_ratio': 0.9289677240687638, 'gate/abs_mean': 0.7354918964204313, 'gate/near_zero_ratio': 0.03540350433136208, 'stage': 4, 'epoch': 9}
A2 complementary_gate classification stage 4 epoch 10 {'loss': 0.7126692577295525, 'var_predictive_loss': 0.30175444451875466, 'var_utility_loss': 6.374135687216293e-06, 'var_conditional_gain_loss': 0.0007773131589332398, 'conditional_pair_MSE': 0.3018004443845278, 'conditional_shuffle_MSE': 0.5014522203213485, 'conditional_gain_mean': 0.19965177592012798, 'conditional_positive_ratio': 0.9603119180633147, 'h_anchor_loss': nan, 'future_var_loss': nan, 'future_var_cosine': nan, 'future_var_l2': nan, 'future_var_pred_norm': nan, 'future_var_target_norm': nan, 'gate/mean': -0.7049123467955329, 'gate/std': 0.379139430842791, 'gate/positive_ratio': 0.07287328314730086, 'gate/negative_ratio': 0.9271267168526991, 'gate/abs_mean': 0.752394015260738, 'gate/near_zero_ratio': 0.0332926860870261, 'stage': 4, 'epoch': 10}
A2 complementary_gate classification stage 1 epoch 3 {'loss': 0.7051811550692365, 'var_predictive_loss': 0.3969182459420023, 'var_utility_loss': 4.3395587587312534e-07, 'var_conditional_gain_loss': 0.0004382319298586128, 'conditional_pair_MSE': 0.3969013558391944, 'conditional_shuffle_MSE': 1.2697686363620895, 'conditional_gain_mean': 0.8728672802636377, 'conditional_positive_ratio': 0.9884193194291987, 'h_anchor_loss': nan, 'future_var_loss': nan, 'future_var_cosine': nan, 'future_var_l2': nan, 'future_var_pred_norm': nan, 'future_var_target_norm': nan, 'gate/mean': -0.6770758959017311, 'gate/std': 0.2882728163534443, 'gate/positive_ratio': 0.03551820763432325, 'gate/negative_ratio': 0.9644817920317488, 'gate/abs_mean': 0.6909067019159096, 'gate/near_zero_ratio': 0.03130193762608942, 'stage': 1, 'epoch': 3}
A2 TEST 0.33571258187294006 0.3708522617816925
[ETTm1] run B_h_reference on GPU 2
shared_reference source=loaded path=results/predictive_env_reference_all_datasets_k3/ETTm1/shared_reference.pt sha256=43cb3aff3d6bab55dab11b8df89dc34b026cad2089306dd2f2e1b480e3c021c6
A2 identity {'feature': 0.0}
A2 STAGE 0 EIIL {'update': 0, 'source_split': 'TRAIN only', 'mean_q_change': 0.0141957001760602, 'environment_mass': [0.3325883150100708, 0.33258792757987976, 0.3348237872123718], 'min_environment_mass': 0.33258792757987976, 'environment_risk': [0.2836299240589142, 0.28213226795196533, 0.28350120782852173], 'probe_gradients': [[0.06222163140773773, 0.007753003388643265], [0.05611005797982216, -0.01741194538772106], [0.061553824692964554, 0.008435492403805256]], 'gradient_disagreement': 0.00045642079203389585, 'D_within_grad': 0.5825759768486023, 'D_between_grad': 0.582791805267334, 'gradient_separation': 1.0003705024719238, 'random_partition_repeats': 100, 'conflict_ours': 0.00045642079203389585, 'random_partition_conflict_mean': 2.2078088690591358e-08, 'random_partition_conflict_std': 1.984403574795124e-08, 'random_partition_z_score': 22999.2890625, 'environment_similarity_correlation': 0.008105381777246344, 'hungarian_permutation': [0, 1, 2], 'alignment_overlap_before': 0.33333927392959595, 'alignment_overlap_after': 0.33333927392959595, 'environment_matching_requested': 'overlap', 'environment_matching_used': 'overlap', 'h_prediction_MSE': 0.28308871388435364, 'h_prediction_MAE': 0.36146676540374756, 'h_prediction_drift_from_pretrained': 1.0148735421922767e-14, 'h_prediction_corr_with_pretrained': 0.9999999999999911, 'H_norm': 0.9260377287864685, 'H_norm_ratio_to_pretrained': 1.0, 'stage': 0, 'environment_prediction_source': 'H -> frozen pretrained forecast head', 'env_assignment_similarity_to_previous': 0.008105381777246344}
A2 complementary_gate classification stage 0 epoch 1 {'loss': 0.8208643219082854, 'var_predictive_loss': 0.3699444401402806, 'var_utility_loss': 0.0003073698594651136, 'var_conditional_gain_loss': 0.0014382416807987434, 'conditional_pair_MSE': 0.3699525692350048, 'conditional_shuffle_MSE': 0.4410292456737651, 'conditional_gain_mean': 0.07107667643821831, 'conditional_positive_ratio': 0.897491852886406, 'h_anchor_loss': nan, 'future_var_loss': nan, 'future_var_cosine': nan, 'future_var_l2': nan, 'future_var_pred_norm': nan, 'future_var_target_norm': nan, 'gate/mean': -0.05374505946136954, 'gate/std': 0.19979512005530423, 'gate/positive_ratio': 0.4006824386511966, 'gate/negative_ratio': 0.5993175606722784, 'gate/abs_mean': 0.1588740420069065, 'gate/near_zero_ratio': 0.4194361807816412, 'stage': 0, 'epoch': 1}
A2 complementary_gate classification stage 0 epoch 2 {'loss': 0.8043591489902763, 'var_predictive_loss': 0.34210685219875603, 'var_utility_loss': 9.560999620927844e-05, 'var_conditional_gain_loss': 0.00151754703619422, 'conditional_pair_MSE': 0.34180444107696667, 'conditional_shuffle_MSE': 0.4460660285927805, 'conditional_gain_mean': 0.10426158748645256, 'conditional_positive_ratio': 0.916550279329609, 'h_anchor_loss': nan, 'future_var_loss': nan, 'future_var_cosine': nan, 'future_var_l2': nan, 'future_var_pred_norm': nan, 'future_var_target_norm': nan, 'gate/mean': -0.265497862416069, 'gate/std': 0.28853139849642884, 'gate/positive_ratio': 0.18189080868465873, 'gate/negative_ratio': 0.8181091913153413, 'gate/abs_mean': 0.32455353694006633, 'gate/near_zero_ratio': 0.17940863233140952, 'stage': 0, 'epoch': 2}
A2 STAGE 1 EIIL {'update': 1, 'source_split': 'TRAIN only', 'mean_q_change': 0.2681030035018921, 'environment_mass': [0.3318467140197754, 0.3325841426849365, 0.33556920289993286], 'min_environment_mass': 0.3318467140197754, 'environment_risk': [0.2581516206264496, 0.292494535446167, 0.2809833288192749], 'probe_gradients': [[0.114102803170681, 0.12400788813829422], [0.09502527862787247, -0.24124042689800262], [0.15519385039806366, 0.2042679488658905]], 'gradient_disagreement': 0.11466613411903381, 'D_within_grad': 0.5274025201797485, 'D_between_grad': 0.6022673845291138, 'gradient_separation': 1.1419501304626465, 'random_partition_repeats': 100, 'conflict_ours': 0.11466613411903381, 'random_partition_conflict_mean': 7.61938099458348e-06, 'random_partition_conflict_std': 8.450719178654253e-06, 'random_partition_z_score': 13567.900390625, 'environment_similarity_correlation': 0.7768189996052639, 'hungarian_permutation': [2, 1, 0], 'alignment_overlap_before': 0.33844423294067383, 'alignment_overlap_after': 0.3384784460067749, 'environment_matching_requested': 'overlap', 'environment_matching_used': 'overlap', 'h_prediction_MSE': 0.27723515033721924, 'h_prediction_MAE': 0.3615195155143738, 'h_prediction_drift_from_pretrained': 0.026148490607738495, 'h_prediction_corr_with_pretrained': 0.9848908924174716, 'H_norm': 0.8956307768821716, 'H_norm_ratio_to_pretrained': 0.9680330753326416, 'stage': 1, 'environment_prediction_source': 'H -> frozen pretrained forecast head', 'env_assignment_similarity_to_previous': 0.7768189996052639}
A2 complementary_gate classification stage 1 epoch 3 {'loss': 0.7872099320278612, 'var_predictive_loss': 0.33383776355621425, 'var_utility_loss': 6.330712342216514e-05, 'var_conditional_gain_loss': 0.0012753208068561927, 'conditional_pair_MSE': 0.3337688025916767, 'conditional_shuffle_MSE': 0.46165150406458666, 'conditional_gain_mean': 0.12788270145022848, 'conditional_positive_ratio': 0.9307204376163873, 'h_anchor_loss': nan, 'future_var_loss': nan, 'future_var_cosine': nan, 'future_var_l2': nan, 'future_var_pred_norm': nan, 'future_var_target_norm': nan, 'gate/mean': -0.41231253477363927, 'gate/std': 0.3242292901497842, 'gate/positive_ratio': 0.11706767253704196, 'gate/negative_ratio': 0.882932327462958, 'gate/abs_mean': 0.45759895811128515, 'gate/near_zero_ratio': 0.09890098836732021, 'stage': 1, 'epoch': 3}
A2 complementary_gate classification stage 1 epoch 4 {'loss': 0.7776214884048285, 'var_predictive_loss': 0.3270708356069964, 'var_utility_loss': 4.410567753819673e-05, 'var_conditional_gain_loss': 0.0011374871349762138, 'conditional_pair_MSE': 0.3271015333156453, 'conditional_shuffle_MSE': 0.47360443865631713, 'conditional_gain_mean': 0.1465029053475278, 'conditional_positive_ratio': 0.9392458100558659, 'h_anchor_loss': nan, 'future_var_loss': nan, 'future_var_cosine': nan, 'future_var_l2': nan, 'future_var_pred_norm': nan, 'future_var_target_norm': nan, 'gate/mean': -0.5136908213049115, 'gate/std': 0.3404278896711799, 'gate/positive_ratio': 0.09118254834566795, 'gate/negative_ratio': 0.908817451654332, 'gate/abs_mean': 0.55310057421459, 'gate/near_zero_ratio': 0.06841569841324685, 'stage': 1, 'epoch': 4}
A2 STAGE 2 EIIL {'update': 2, 'source_split': 'TRAIN only', 'mean_q_change': 0.2214309275150299, 'environment_mass': [0.3375415503978729, 0.330565482378006, 0.3318929970264435], 'min_environment_mass': 0.330565482378006, 'environment_risk': [0.23790214955806732, 0.32193973660469055, 0.30113542079925537], 'probe_gradients': [[0.049862995743751526, 0.06807824969291687], [0.1502118557691574, -0.3839046359062195], [0.21535199880599976, 0.24757741391658783]], 'gradient_disagreement': 0.2256592959165573, 'D_within_grad': 0.474548876285553, 'D_between_grad': 0.6337280869483948, 'gradient_separation': 1.3354326486587524, 'random_partition_repeats': 100, 'conflict_ours': 0.2256592959165573, 'random_partition_conflict_mean': 1.8633487343322486e-05, 'random_partition_conflict_std': 1.4567772268492263e-05, 'random_partition_z_score': 15489.0302734375, 'environment_similarity_correlation': 0.884531892212546, 'hungarian_permutation': [0, 1, 2], 'alignment_overlap_before': 0.480629563331604, 'alignment_overlap_after': 0.480629563331604, 'environment_matching_requested': 'overlap', 'environment_matching_used': 'overlap', 'h_prediction_MSE': 0.2866687476634979, 'h_prediction_MAE': 0.37022489309310913, 'h_prediction_drift_from_pretrained': 0.04416633024811745, 'h_prediction_corr_with_pretrained': 0.974020401077223, 'H_norm': 0.9020348191261292, 'H_norm_ratio_to_pretrained': 0.9758307933807373, 'stage': 2, 'environment_prediction_source': 'H -> frozen pretrained forecast head', 'env_assignment_similarity_to_previous': 0.884531892212546}
A2 complementary_gate classification stage 2 epoch 5 {'loss': 0.761637106718019, 'var_predictive_loss': 0.3233276195165723, 'var_utility_loss': 3.4300356359973343e-05, 'var_conditional_gain_loss': 0.001029465398311119, 'conditional_pair_MSE': 0.3230564080682391, 'conditional_shuffle_MSE': 0.4862916599032907, 'conditional_gain_mean': 0.16323525175486703, 'conditional_positive_ratio': 0.9445123370577281, 'h_anchor_loss': nan, 'future_var_loss': nan, 'future_var_cosine': nan, 'future_var_l2': nan, 'future_var_pred_norm': nan, 'future_var_target_norm': nan, 'gate/mean': -0.5761867545941513, 'gate/std': 0.34777415579285403, 'gate/positive_ratio': 0.07898217342524895, 'gate/negative_ratio': 0.921017825898226, 'gate/abs_mean': 0.6132449372637072, 'gate/near_zero_ratio': 0.0549918043324705, 'stage': 2, 'epoch': 5}
A2 complementary_gate classification stage 2 epoch 6 {'loss': 0.7503045522889426, 'var_predictive_loss': 0.31855518578096875, 'var_utility_loss': 2.6172838036071096e-05, 'var_conditional_gain_loss': 0.0010370404680226574, 'conditional_pair_MSE': 0.31776295298392543, 'conditional_shuffle_MSE': 0.4912339207759698, 'conditional_gain_mean': 0.1734709677636451, 'conditional_positive_ratio': 0.9480330540037244, 'h_anchor_loss': nan, 'future_var_loss': nan, 'future_var_cosine': nan, 'future_var_l2': nan, 'future_var_pred_norm': nan, 'future_var_target_norm': nan, 'gate/mean': -0.6154158799612071, 'gate/std': 0.35253830082034343, 'gate/positive_ratio': 0.07382986989330778, 'gate/negative_ratio': 0.9261701301066922, 'gate/abs_mean': 0.652397871078568, 'gate/near_zero_ratio': 0.04724851622369757, 'stage': 2, 'epoch': 6}
A2 STAGE 3 EIIL {'update': 3, 'source_split': 'TRAIN only', 'mean_q_change': 0.13857504725456238, 'environment_mass': [0.3361480236053467, 0.3316025137901306, 0.3322494328022003], 'min_environment_mass': 0.3316025137901306, 'environment_risk': [0.23640534281730652, 0.3173840343952179, 0.3175903260707855], 'probe_gradients': [[0.008388275280594826, 0.03608978912234306], [0.14000165462493896, -0.3667961657047272], [0.23650085926055908, 0.299474835395813]], 'gradient_disagreement': 0.2514251172542572, 'D_within_grad': 0.46171829104423523, 'D_between_grad': 0.6370037198066711, 'gradient_separation': 1.3796371221542358, 'random_partition_repeats': 100, 'conflict_ours': 0.2514251172542572, 'random_partition_conflict_mean': 2.0358376787044108e-05, 'random_partition_conflict_std': 1.5324614651035517e-05, 'random_partition_z_score': 16405.291015625, 'environment_similarity_correlation': 0.9008198927661591, 'hungarian_permutation': [0, 1, 2], 'alignment_overlap_before': 0.5832661390304565, 'alignment_overlap_after': 0.5832661390304565, 'environment_matching_requested': 'overlap', 'environment_matching_used': 'overlap', 'h_prediction_MSE': 0.29023170471191406, 'h_prediction_MAE': 0.3746597170829773, 'h_prediction_drift_from_pretrained': 0.0504399798810482, 'h_prediction_corr_with_pretrained': 0.9695339077034157, 'H_norm': 0.8989115357398987, 'H_norm_ratio_to_pretrained': 0.9724708795547485, 'stage': 3, 'environment_prediction_source': 'H -> frozen pretrained forecast head', 'env_assignment_similarity_to_previous': 0.9008198927661591}
A2 complementary_gate classification stage 3 epoch 7 {'loss': 0.7390499890127847, 'var_predictive_loss': 0.3128867281730785, 'var_utility_loss': 1.738540827212747e-05, 'var_conditional_gain_loss': 0.0009116471303746996, 'conditional_pair_MSE': 0.3128629255332532, 'conditional_shuffle_MSE': 0.4959733497043135, 'conditional_gain_mean': 0.1831104241472407, 'conditional_positive_ratio': 0.9533577746741154, 'h_anchor_loss': nan, 'future_var_loss': nan, 'future_var_cosine': nan, 'future_var_l2': nan, 'future_var_pred_norm': nan, 'future_var_target_norm': nan, 'gate/mean': -0.6468356801280045, 'gate/std': 0.3591009862774459, 'gate/positive_ratio': 0.07272511334554152, 'gate/negative_ratio': 0.9272748859779335, 'gate/abs_mean': 0.6856260948829507, 'gate/near_zero_ratio': 0.04214627148340351, 'stage': 3, 'epoch': 7}
A2 complementary_gate classification stage 3 epoch 8 {'loss': 0.7261671254523965, 'var_predictive_loss': 0.3098534539827081, 'var_utility_loss': 1.2542346189230705e-05, 'var_conditional_gain_loss': 0.000816495616122945, 'conditional_pair_MSE': 0.31002139708485643, 'conditional_shuffle_MSE': 0.4988022213943196, 'conditional_gain_mean': 0.1887808243236899, 'conditional_positive_ratio': 0.9570530726256983, 'h_anchor_loss': nan, 'future_var_loss': nan, 'future_var_cosine': nan, 'future_var_l2': nan, 'future_var_pred_norm': nan, 'future_var_target_norm': nan, 'gate/mean': -0.669324224650186, 'gate/std': 0.3650744950474876, 'gate/positive_ratio': 0.07239424322894801, 'gate/negative_ratio': 0.927605756094527, 'gate/abs_mean': 0.7102958959285859, 'gate/near_zero_ratio': 0.03888476876136995, 'stage': 3, 'epoch': 8}
A2 STAGE 4 EIIL {'update': 4, 'source_split': 'TRAIN only', 'mean_q_change': 0.1012735515832901, 'environment_mass': [0.33808597922325134, 0.3310193419456482, 0.33089467883110046], 'min_environment_mass': 0.33089467883110046, 'environment_risk': [0.24212239682674408, 0.30767831206321716, 0.34626901149749756], 'probe_gradients': [[0.010014810599386692, 0.0953834056854248], [0.12540894746780396, -0.3146911859512329], [0.2917805016040802, 0.3783023953437805]], 'gradient_disagreement': 0.28294387459754944, 'D_within_grad': 0.4605533182621002, 'D_between_grad': 0.6551451086997986, 'gradient_separation': 1.4225174188613892, 'random_partition_repeats': 100, 'conflict_ours': 0.28294387459754944, 'random_partition_conflict_mean': 2.295932426932268e-05, 'random_partition_conflict_std': 1.8764672859106213e-05, 'random_partition_z_score': 15077.3173828125, 'environment_similarity_correlation': 0.9446774546230134, 'hungarian_permutation': [0, 1, 2], 'alignment_overlap_before': 0.6197645664215088, 'alignment_overlap_after': 0.6197645664215088, 'environment_matching_requested': 'overlap', 'environment_matching_used': 'overlap', 'h_prediction_MSE': 0.29828426241874695, 'h_prediction_MAE': 0.380750834941864, 'h_prediction_drift_from_pretrained': 0.05638361722230911, 'h_prediction_corr_with_pretrained': 0.9665045065903972, 'H_norm': 0.9002153277397156, 'H_norm_ratio_to_pretrained': 0.9740940928459167, 'stage': 4, 'environment_prediction_source': 'H -> frozen pretrained forecast head', 'env_assignment_similarity_to_previous': 0.9446774546230134}
A2 complementary_gate classification stage 4 epoch 9 {'loss': 0.7148917184319608, 'var_predictive_loss': 0.3072203399552855, 'var_utility_loss': 9.712072683849033e-06, 'var_conditional_gain_loss': 0.0008154973472048853, 'conditional_pair_MSE': 0.3070794348316649, 'conditional_shuffle_MSE': 0.5035125554269471, 'conditional_gain_mean': 0.1964331206089398, 'conditional_positive_ratio': 0.9586533985102421, 'h_anchor_loss': nan, 'future_var_loss': nan, 'future_var_cosine': nan, 'future_var_l2': nan, 'future_var_pred_norm': nan, 'future_var_target_norm': nan, 'gate/mean': -0.6837021709724741, 'gate/std': 0.3727654048895585, 'gate/positive_ratio': 0.0731696328986947, 'gate/negative_ratio': 0.9268303664247803, 'gate/abs_mean': 0.7282096186838776, 'gate/near_zero_ratio': 0.036405345188389594, 'stage': 4, 'epoch': 9}
A2 complementary_gate classification stage 0 epoch 2 {'loss': 0.9332402659803506, 'var_predictive_loss': 0.9317745087756116, 'var_utility_loss': 1.6074951590313357e-06, 'var_conditional_gain_loss': 0.00023805248242273464, 'conditional_pair_MSE': 0.9317264277697557, 'conditional_shuffle_MSE': 1.0161959692554747, 'conditional_gain_mean': 0.08446954148571906, 'conditional_positive_ratio': 0.9811383189940437, 'h_anchor_loss': nan, 'future_var_loss': nan, 'future_var_cosine': nan, 'future_var_l2': nan, 'future_var_pred_norm': nan, 'future_var_target_norm': nan, 'gate/mean': -0.48947572119061505, 'gate/std': 0.2805569855229655, 'gate/positive_ratio': 0.05744389931850086, 'gate/negative_ratio': 0.9425561002441692, 'gate/abs_mean': 0.5062352580780775, 'gate/near_zero_ratio': 0.06852870022280474, 'stage': 0, 'epoch': 2}
A2 complementary_gate classification stage 4 epoch 10 {'loss': 0.704911034938901, 'var_predictive_loss': 0.3032415557184885, 'var_utility_loss': 7.659010892005658e-06, 'var_conditional_gain_loss': 0.000829411567265976, 'conditional_pair_MSE': 0.3032920842825141, 'conditional_shuffle_MSE': 0.5062082827483495, 'conditional_gain_mean': 0.20291619835581542, 'conditional_positive_ratio': 0.9593517225325885, 'h_anchor_loss': nan, 'future_var_loss': nan, 'future_var_cosine': nan, 'future_var_l2': nan, 'future_var_pred_norm': nan, 'future_var_target_norm': nan, 'gate/mean': -0.6944194748413637, 'gate/std': 0.38124950997838103, 'gate/positive_ratio': 0.07529661670816308, 'gate/negative_ratio': 0.9247033826153119, 'gate/abs_mean': 0.7429538347260254, 'gate/near_zero_ratio': 0.03458486441767671, 'stage': 4, 'epoch': 10}
A2 TEST 0.3355249762535095 0.37057259678840637
[ETTm1] complete 2026-09-12T12:25:39+00:00
[ETTh2] start 2026-09-12T12:25:39+00:00 GPU=2
[ETTh2] create shared reference
reference warmup 1 {'loss': 0.46320785728265657, 'var_predictive_loss': nan, 'var_utility_loss': nan, 'var_conditional_gain_loss': nan, 'conditional_pair_MSE': nan, 'conditional_shuffle_MSE': nan, 'conditional_gain_mean': nan, 'conditional_positive_ratio': nan, 'h_anchor_loss': nan, 'future_var_loss': nan, 'future_var_cosine': nan, 'future_var_l2': nan, 'future_var_pred_norm': nan, 'future_var_target_norm': nan, 'gate/mean': nan, 'gate/std': nan, 'gate/positive_ratio': nan, 'gate/negative_ratio': nan, 'gate/abs_mean': nan, 'gate/near_zero_ratio': nan}
reference warmup 2 {'loss': 0.42377641847673453, 'var_predictive_loss': nan, 'var_utility_loss': nan, 'var_conditional_gain_loss': nan, 'conditional_pair_MSE': nan, 'conditional_shuffle_MSE': nan, 'conditional_gain_mean': nan, 'conditional_positive_ratio': nan, 'h_anchor_loss': nan, 'future_var_loss': nan, 'future_var_cosine': nan, 'future_var_l2': nan, 'future_var_pred_norm': nan, 'future_var_target_norm': nan, 'gate/mean': nan, 'gate/std': nan, 'gate/positive_ratio': nan, 'gate/negative_ratio': nan, 'gate/abs_mean': nan, 'gate/near_zero_ratio': nan}
reference warmup 3 {'loss': 0.4187867248395704, 'var_predictive_loss': nan, 'var_utility_loss': nan, 'var_conditional_gain_loss': nan, 'conditional_pair_MSE': nan, 'conditional_shuffle_MSE': nan, 'conditional_gain_mean': nan, 'conditional_positive_ratio': nan, 'h_anchor_loss': nan, 'future_var_loss': nan, 'future_var_cosine': nan, 'future_var_l2': nan, 'future_var_pred_norm': nan, 'future_var_target_norm': nan, 'gate/mean': nan, 'gate/std': nan, 'gate/positive_ratio': nan, 'gate/negative_ratio': nan, 'gate/abs_mean': nan, 'gate/near_zero_ratio': nan}
shared_reference source=created path=results/predictive_env_reference_all_datasets_k3/ETTh2/shared_reference.pt sha256=815813810a7ef4cf106f1d75e329a92e6ec408cf997189758d9e25645323aab7
reference preparation complete; no experiment was run
815813810a7ef4cf106f1d75e329a92e6ec408cf997189758d9e25645323aab7  results/predictive_env_reference_all_datasets_k3/ETTh2/shared_reference.pt
[ETTh2] run A_current on GPU 2
shared_reference source=loaded path=results/predictive_env_reference_all_datasets_k3/ETTh2/shared_reference.pt sha256=815813810a7ef4cf106f1d75e329a92e6ec408cf997189758d9e25645323aab7
A2 identity {'feature': 0.0}
A2 STAGE 0 EIIL {'update': 0, 'source_split': 'TRAIN only', 'mean_q_change': 0.4847095012664795, 'environment_mass': [0.33998334407806396, 0.32782208919525146, 0.33219456672668457], 'min_environment_mass': 0.32782208919525146, 'environment_risk': [0.2610723376274109, 0.5277112722396851, 0.4398196041584015], 'probe_gradients': [[-0.08627070486545563, 0.16650544106960297], [0.39461901783943176, 0.37134531140327454], [0.16724243760108948, -0.39358019828796387]], 'gradient_disagreement': 0.42933011054992676, 'D_within_grad': 0.6807788014411926, 'D_between_grad': 0.8605788350105286, 'gradient_separation': 1.2641093730926514, 'random_partition_repeats': 100, 'conflict_ours': 0.42933011054992676, 'random_partition_conflict_mean': 0.00021890157950110734, 'random_partition_conflict_std': 0.00014097342500463128, 'random_partition_z_score': 3043.91552734375, 'environment_similarity_correlation': -0.0005264749730102316, 'hungarian_permutation': [0, 1, 2], 'alignment_overlap_before': 0.33336761593818665, 'alignment_overlap_after': 0.33336761593818665, 'environment_matching_requested': 'overlap', 'environment_matching_used': 'overlap', 'h_prediction_MSE': 0.3888217806816101, 'h_prediction_MAE': 0.3567899763584137, 'h_prediction_drift_from_pretrained': 1.1762303540289055e-14, 'h_prediction_corr_with_pretrained': 0.999999999999997, 'H_norm': 0.9890307784080505, 'H_norm_ratio_to_pretrained': 1.0, 'stage': 0, 'environment_prediction_source': 'current Z-fused prediction (legacy)', 'env_assignment_similarity_to_previous': -0.0005264749730102316}
A2 complementary_gate classification stage 0 epoch 1 {'loss': 1.0099307818232843, 'var_predictive_loss': 0.4994530181839781, 'var_utility_loss': 0.0010454588905218461, 'var_conditional_gain_loss': 0.0013824974091469564, 'conditional_pair_MSE': 0.49698419962342916, 'conditional_shuffle_MSE': 0.5122545670257584, 'conditional_gain_mean': 0.015270367402329364, 'conditional_positive_ratio': 0.7910748106060606, 'h_anchor_loss': nan, 'future_var_loss': nan, 'future_var_cosine': nan, 'future_var_l2': nan, 'future_var_pred_norm': nan, 'future_var_target_norm': nan, 'gate/mean': -0.012130317055478693, 'gate/std': 0.16137425250590043, 'gate/positive_ratio': 0.47137812266191687, 'gate/negative_ratio': 0.5286218773380831, 'gate/abs_mean': 0.11688633053613531, 'gate/near_zero_ratio': 0.5771060707513639, 'stage': 0, 'epoch': 1}
A2 complementary_gate classification stage 0 epoch 2 {'loss': 0.9635346216975518, 'var_predictive_loss': 0.4830935107649497, 'var_utility_loss': 0.000649115405229957, 'var_conditional_gain_loss': 0.0013996798890840375, 'conditional_pair_MSE': 0.48378777711751, 'conditional_shuffle_MSE': 0.5057937338292091, 'conditional_gain_mean': 0.022005956711699113, 'conditional_positive_ratio': 0.8403172348484849, 'h_anchor_loss': nan, 'future_var_loss': nan, 'future_var_cosine': nan, 'future_var_l2': nan, 'future_var_pred_norm': nan, 'future_var_target_norm': nan, 'gate/mean': -0.046017225905085904, 'gate/std': 0.1876935552782089, 'gate/positive_ratio': 0.40529501578360216, 'gate/negative_ratio': 0.5947049842163978, 'gate/abs_mean': 0.14875299414885118, 'gate/near_zero_ratio': 0.4419636802784494, 'stage': 0, 'epoch': 2}
A2 STAGE 1 EIIL {'update': 1, 'source_split': 'TRAIN only', 'mean_q_change': 0.2637610137462616, 'environment_mass': [0.34135863184928894, 0.33042895793914795, 0.3282123804092407], 'min_environment_mass': 0.3282123804092407, 'environment_risk': [0.17915916442871094, 0.4815349280834198, 0.3783815801143646], 'probe_gradients': [[-0.03661847859621048, -0.025144711136817932], [0.18304811418056488, 0.42511916160583496], [0.25108593702316284, -0.43609893321990967]], 'gradient_disagreement': 0.4163246154785156, 'D_within_grad': 0.5724510550498962, 'D_between_grad': 0.7963821887969971, 'gradient_separation': 1.3911795616149902, 'random_partition_repeats': 100, 'conflict_ours': 0.4163246154785156, 'random_partition_conflict_mean': 0.0001834988797781989, 'random_partition_conflict_std': 0.00012294318003114313, 'random_partition_z_score': 3384.82470703125, 'environment_similarity_correlation': 0.6798852695099377, 'hungarian_permutation': [0, 1, 2], 'alignment_overlap_before': 0.5715143084526062, 'alignment_overlap_after': 0.5715143084526062, 'environment_matching_requested': 'overlap', 'environment_matching_used': 'overlap', 'h_prediction_MSE': 0.36653780937194824, 'h_prediction_MAE': 0.35531824827194214, 'h_prediction_drift_from_pretrained': 0.03182825446128845, 'h_prediction_corr_with_pretrained': 0.9813323362994911, 'H_norm': 0.9627445936203003, 'H_norm_ratio_to_pretrained': 0.9739223718643188, 'stage': 1, 'environment_prediction_source': 'current Z-fused prediction (legacy)', 'env_assignment_similarity_to_previous': 0.6798852695099377}
A2 complementary_gate classification stage 1 epoch 3 {'loss': 0.9569486503331166, 'var_predictive_loss': 0.49090557767535153, 'var_utility_loss': 0.00044127947116547425, 'var_conditional_gain_loss': 0.0008628688158227526, 'conditional_pair_MSE': 0.48121025946227636, 'conditional_shuffle_MSE': 0.5055398721500145, 'conditional_gain_mean': 0.024329612687738103, 'conditional_positive_ratio': 0.8680160984848485, 'h_anchor_loss': nan, 'future_var_loss': nan, 'future_var_cosine': nan, 'future_var_l2': nan, 'future_var_pred_norm': nan, 'future_var_target_norm': nan, 'gate/mean': -0.093519099677319, 'gate/std': 0.22307838169823158, 'gate/positive_ratio': 0.3359499829861522, 'gate/negative_ratio': 0.6640500170138478, 'gate/abs_mean': 0.18903206038517634, 'gate/near_zero_ratio': 0.3507272049444778, 'stage': 1, 'epoch': 3}
A2 complementary_gate classification stage 1 epoch 4 {'loss': 0.9411286158381768, 'var_predictive_loss': 0.4757293238954724, 'var_utility_loss': 0.0002848360876394611, 'var_conditional_gain_loss': 0.00105882257092603, 'conditional_pair_MSE': 0.4752244221074789, 'conditional_shuffle_MSE': 0.5037725905113444, 'conditional_gain_mean': 0.028548168403865544, 'conditional_positive_ratio': 0.8690814393939394, 'h_anchor_loss': nan, 'future_var_loss': nan, 'future_var_cosine': nan, 'future_var_l2': nan, 'future_var_pred_norm': nan, 'future_var_target_norm': nan, 'gate/mean': -0.18715364126809772, 'gate/std': 0.2809359230095833, 'gate/positive_ratio': 0.24983752578936505, 'gate/negative_ratio': 0.750162474210635, 'gate/abs_mean': 0.2728781952461917, 'gate/near_zero_ratio': 0.2288882542453601, 'stage': 1, 'epoch': 4}
A2 STAGE 2 EIIL {'update': 2, 'source_split': 'TRAIN only', 'mean_q_change': 0.20646311342716217, 'environment_mass': [0.33970338106155396, 0.3275165557861328, 0.332780122756958], 'min_environment_mass': 0.3275165557861328, 'environment_risk': [0.16500768065452576, 0.5519866347312927, 0.2947649657726288], 'probe_gradients': [[-0.034863557666540146, -0.06238918751478195], [0.2378164529800415, 0.497872531414032], [0.2929750084877014, -0.258280873298645]], 'gradient_disagreement': 0.36963653564453125, 'D_within_grad': 0.5750837922096252, 'D_between_grad': 0.77549147605896, 'gradient_separation': 1.3484842777252197, 'random_partition_repeats': 100, 'conflict_ours': 0.36963653564453125, 'random_partition_conflict_mean': 0.0001860966149251908, 'random_partition_conflict_std': 0.00015234189049806446, 'random_partition_z_score': 2425.14013671875, 'environment_similarity_correlation': 0.7590914379623093, 'hungarian_permutation': [0, 1, 2], 'alignment_overlap_before': 0.6152373552322388, 'alignment_overlap_after': 0.6152373552322388, 'environment_matching_requested': 'overlap', 'environment_matching_used': 'overlap', 'h_prediction_MSE': 0.35732439160346985, 'h_prediction_MAE': 0.3547387421131134, 'h_prediction_drift_from_pretrained': 0.03752849996089935, 'h_prediction_corr_with_pretrained': 0.9774476329202192, 'H_norm': 0.9622129797935486, 'H_norm_ratio_to_pretrained': 0.9734808206558228, 'stage': 2, 'environment_prediction_source': 'current Z-fused prediction (legacy)', 'env_assignment_similarity_to_previous': 0.7590914379623093}
A2 complementary_gate classification stage 2 epoch 5 {'loss': 0.9255838839512951, 'var_predictive_loss': 0.46455019808040476, 'var_utility_loss': 0.00022990668321825686, 'var_conditional_gain_loss': 0.0012866541704473395, 'conditional_pair_MSE': 0.46513776002614055, 'conditional_shuffle_MSE': 0.5021838075296149, 'conditional_gain_mean': 0.037046047503474365, 'conditional_positive_ratio': 0.8624526515151515, 'h_anchor_loss': nan, 'future_var_loss': nan, 'future_var_cosine': nan, 'future_var_l2': nan, 'future_var_pred_norm': nan, 'future_var_target_norm': nan, 'gate/mean': -0.2700045411768395, 'gate/std': 0.3194678635729441, 'gate/positive_ratio': 0.1995472429728934, 'gate/negative_ratio': 0.8004527570271066, 'gate/abs_mean': 0.34776737759725507, 'gate/near_zero_ratio': 0.16590845460103054, 'stage': 2, 'epoch': 5}
A2 complementary_gate classification stage 2 epoch 6 {'loss': 0.9028048265655085, 'var_predictive_loss': 0.45607795394816486, 'var_utility_loss': 0.00018202852590101825, 'var_conditional_gain_loss': 0.0012883427596975569, 'conditional_pair_MSE': 0.4530987638744674, 'conditional_shuffle_MSE': 0.49419711586475995, 'conditional_gain_mean': 0.041098351990292555, 'conditional_positive_ratio': 0.8700284090909091, 'h_anchor_loss': nan, 'future_var_loss': nan, 'future_var_cosine': nan, 'future_var_l2': nan, 'future_var_pred_norm': nan, 'future_var_target_norm': nan, 'gate/mean': -0.32689879338047356, 'gate/std': 0.3490231169112367, 'gate/positive_ratio': 0.17878537583607387, 'gate/negative_ratio': 0.8212146241639261, 'gate/abs_mean': 0.40607085028904555, 'gate/near_zero_ratio': 0.131125329202984, 'stage': 2, 'epoch': 6}
A2 STAGE 3 EIIL {'update': 3, 'source_split': 'TRAIN only', 'mean_q_change': 0.16284851729869843, 'environment_mass': [0.3388272225856781, 0.33105817437171936, 0.33011460304260254], 'min_environment_mass': 0.33011460304260254, 'environment_risk': [0.17836518585681915, 0.4080985188484192, 0.34818536043167114], 'probe_gradients': [[-0.051322657614946365, -0.11119148880243301], [0.11899233609437943, 0.373424768447876], [0.3275694251060486, -0.3574070632457733]], 'gradient_disagreement': 0.34855368733406067, 'D_within_grad': 0.541914701461792, 'D_between_grad': 0.7357839345932007, 'gradient_separation': 1.3577486276626587, 'random_partition_repeats': 100, 'conflict_ours': 0.34855368733406067, 'random_partition_conflict_mean': 0.00013599556405097246, 'random_partition_conflict_std': 0.00011292860290268436, 'random_partition_z_score': 3085.291748046875, 'environment_similarity_correlation': 0.789986964332026, 'hungarian_permutation': [0, 1, 2], 'alignment_overlap_before': 0.6130381226539612, 'alignment_overlap_after': 0.6130381226539612, 'environment_matching_requested': 'overlap', 'environment_matching_used': 'overlap', 'h_prediction_MSE': 0.35646748542785645, 'h_prediction_MAE': 0.35529664158821106, 'h_prediction_drift_from_pretrained': 0.05057097226381302, 'h_prediction_corr_with_pretrained': 0.9709955720656204, 'H_norm': 0.9687446355819702, 'H_norm_ratio_to_pretrained': 0.9802019596099854, 'stage': 3, 'environment_prediction_source': 'current Z-fused prediction (legacy)', 'env_assignment_similarity_to_previous': 0.789986964332026}
A2 complementary_gate classification stage 3 epoch 7 {'loss': 0.90716077887787, 'var_predictive_loss': 0.4535300829219368, 'var_utility_loss': 0.00016422209146356798, 'var_conditional_gain_loss': 0.0013333263491266266, 'conditional_pair_MSE': 0.4548187219532503, 'conditional_shuffle_MSE': 0.49627621717765136, 'conditional_gain_mean': 0.04145749522440107, 'conditional_positive_ratio': 0.8696732954545454, 'h_anchor_loss': nan, 'future_var_loss': nan, 'future_var_cosine': nan, 'future_var_l2': nan, 'future_var_pred_norm': nan, 'future_var_target_norm': nan, 'gate/mean': -0.39805709682735263, 'gate/std': 0.3723310409011647, 'gate/positive_ratio': 0.15236884806739598, 'gate/negative_ratio': 0.8476311519326041, 'gate/abs_mean': 0.4734351230257969, 'gate/near_zero_ratio': 0.10061065579400774, 'stage': 3, 'epoch': 7}
A2 complementary_gate classification stage 3 epoch 8 {'loss': 0.8713088531539125, 'var_predictive_loss': 0.4389057343860842, 'var_utility_loss': 0.00013063931174604838, 'var_conditional_gain_loss': 0.001117090119585169, 'conditional_pair_MSE': 0.4399496496427508, 'conditional_shuffle_MSE': 0.48760226901327824, 'conditional_gain_mean': 0.04765261937052745, 'conditional_positive_ratio': 0.888967803030303, 'h_anchor_loss': nan, 'future_var_loss': nan, 'future_var_cosine': nan, 'future_var_l2': nan, 'future_var_pred_norm': nan, 'future_var_target_norm': nan, 'gate/mean': -0.41310769171689227, 'gate/std': 0.3891395566702968, 'gate/positive_ratio': 0.1548411205371233, 'gate/negative_ratio': 0.8451588794628767, 'gate/abs_mean': 0.49622286476055405, 'gate/near_zero_ratio': 0.09361882682210208, 'stage': 3, 'epoch': 8}
A2 STAGE 4 EIIL {'update': 4, 'source_split': 'TRAIN only', 'mean_q_change': 0.149902805685997, 'environment_mass': [0.3378533124923706, 0.3281320631504059, 0.3340145945549011], 'min_environment_mass': 0.3281320631504059, 'environment_risk': [0.17100360989570618, 0.49378642439842224, 0.2558211386203766], 'probe_gradients': [[-0.03956625983119011, -0.05957215279340744], [0.18416231870651245, 0.4809783101081848], [0.24505341053009033, -0.22346796095371246]], 'gradient_disagreement': 0.316690593957901, 'D_within_grad': 0.5179564356803894, 'D_between_grad': 0.7064603567123413, 'gradient_separation': 1.3639377355575562, 'random_partition_repeats': 100, 'conflict_ours': 0.316690593957901, 'random_partition_conflict_mean': 0.00012317717482801527, 'random_partition_conflict_std': 0.00010741867299657315, 'random_partition_z_score': 2947.042724609375, 'environment_similarity_correlation': 0.8412756682385675, 'hungarian_permutation': [0, 1, 2], 'alignment_overlap_before': 0.6100855469703674, 'alignment_overlap_after': 0.6100855469703674, 'environment_matching_requested': 'overlap', 'environment_matching_used': 'overlap', 'h_prediction_MSE': 0.3569013774394989, 'h_prediction_MAE': 0.35418036580085754, 'h_prediction_drift_from_pretrained': 0.04858822003006935, 'h_prediction_corr_with_pretrained': 0.970426351628676, 'H_norm': 0.9574100375175476, 'H_norm_ratio_to_pretrained': 0.9690765738487244, 'stage': 4, 'environment_prediction_source': 'current Z-fused prediction (legacy)', 'env_assignment_similarity_to_previous': 0.8412756682385675}
A2 complementary_gate classification stage 4 epoch 9 {'loss': 0.8716730241505605, 'var_predictive_loss': 0.43947655271809055, 'var_utility_loss': 0.00011751819844028192, 'var_conditional_gain_loss': 0.001215588302302146, 'conditional_pair_MSE': 0.43859510016442405, 'conditional_shuffle_MSE': 0.4870347120467517, 'conditional_gain_mean': 0.04843961189643861, 'conditional_positive_ratio': 0.8947679924242424, 'h_anchor_loss': nan, 'future_var_loss': nan, 'future_var_cosine': nan, 'future_var_l2': nan, 'future_var_pred_norm': nan, 'future_var_target_norm': nan, 'gate/mean': -0.43432747951213213, 'gate/std': 0.406962199041109, 'gate/positive_ratio': 0.15527215782880052, 'gate/negative_ratio': 0.8447278421711995, 'gate/abs_mean': 0.5244590736014504, 'gate/near_zero_ratio': 0.08546856517695106, 'stage': 4, 'epoch': 9}
A2 complementary_gate classification stage 4 epoch 10 {'loss': 0.8603859100701674, 'var_predictive_loss': 0.4303461993078016, 'var_utility_loss': 9.191299322306152e-05, 'var_conditional_gain_loss': 0.0013222238613349018, 'conditional_pair_MSE': 0.4298058498252155, 'conditional_shuffle_MSE': 0.4798386708919707, 'conditional_gain_mean': 0.05003282106675518, 'conditional_positive_ratio': 0.8888494318181818, 'h_anchor_loss': nan, 'future_var_loss': nan, 'future_var_cosine': nan, 'future_var_l2': nan, 'future_var_pred_norm': nan, 'future_var_target_norm': nan, 'gate/mean': -0.4519179702757155, 'gate/std': 0.4227019365554064, 'gate/positive_ratio': 0.15616613062478513, 'gate/negative_ratio': 0.8438338693752149, 'gate/abs_mean': 0.5489185814622892, 'gate/near_zero_ratio': 0.07809152765419548, 'stage': 4, 'epoch': 10}
A2 TEST 0.29224640130996704 0.3433817923069
[ETTh2] run B_h_reference on GPU 2
shared_reference source=loaded path=results/predictive_env_reference_all_datasets_k3/ETTh2/shared_reference.pt sha256=815813810a7ef4cf106f1d75e329a92e6ec408cf997189758d9e25645323aab7
A2 identity {'feature': 0.0}
A2 STAGE 0 EIIL {'update': 0, 'source_split': 'TRAIN only', 'mean_q_change': 0.46405771374702454, 'environment_mass': [0.34019899368286133, 0.32062646746635437, 0.3391745388507843], 'min_environment_mass': 0.32062646746635437, 'environment_risk': [0.2721181809902191, 0.6255161166191101, 0.282127320766449], 'probe_gradients': [[-0.038485970348119736, 0.19317671656608582], [0.6466200947761536, 0.2658737599849701], [-0.005278739146888256, -0.16937485337257385]], 'gradient_disagreement': 0.4072049856185913, 'D_within_grad': 0.6743172407150269, 'D_between_grad': 0.8431142568588257, 'gradient_separation': 1.2503228187561035, 'random_partition_repeats': 100, 'conflict_ours': 0.4072049856185913, 'random_partition_conflict_mean': 0.0002630323579069227, 'random_partition_conflict_std': 0.00020428071729838848, 'random_partition_z_score': 1992.072265625, 'environment_similarity_correlation': 0.00184658222709927, 'hungarian_permutation': [0, 1, 2], 'alignment_overlap_before': 0.33336663246154785, 'alignment_overlap_after': 0.33336663246154785, 'environment_matching_requested': 'overlap', 'environment_matching_used': 'overlap', 'h_prediction_MSE': 0.3888217806816101, 'h_prediction_MAE': 0.3567899763584137, 'h_prediction_drift_from_pretrained': 1.1762303540289055e-14, 'h_prediction_corr_with_pretrained': 0.999999999999997, 'H_norm': 0.9890307784080505, 'H_norm_ratio_to_pretrained': 1.0, 'stage': 0, 'environment_prediction_source': 'H -> frozen pretrained forecast head', 'env_assignment_similarity_to_previous': 0.00184658222709927}
A2 complementary_gate classification stage 0 epoch 1 {'loss': 1.0135796169065079, 'var_predictive_loss': 0.49971927471880645, 'var_utility_loss': 0.0010107050480140935, 'var_conditional_gain_loss': 0.001402887490147612, 'conditional_pair_MSE': 0.49717884455281874, 'conditional_shuffle_MSE': 0.5131468857403944, 'conditional_gain_mean': 0.015968041187575596, 'conditional_positive_ratio': 0.7903645833333334, 'h_anchor_loss': nan, 'future_var_loss': nan, 'future_var_cosine': nan, 'future_var_l2': nan, 'future_var_pred_norm': nan, 'future_var_target_norm': nan, 'gate/mean': -0.012692356982539383, 'gate/std': 0.1753265693617875, 'gate/positive_ratio': 0.46943076581424825, 'gate/negative_ratio': 0.5305692314337707, 'gate/abs_mean': 0.1254756186070521, 'gate/near_zero_ratio': 0.5603965590417505, 'stage': 0, 'epoch': 1}
A2 complementary_gate classification stage 0 epoch 2 {'loss': 0.9684553589460985, 'var_predictive_loss': 0.4819738005692104, 'var_utility_loss': 0.0006369911717967007, 'var_conditional_gain_loss': 0.0014427091377773181, 'conditional_pair_MSE': 0.4826766467797852, 'conditional_shuffle_MSE': 0.506118812049725, 'conditional_gain_mean': 0.023442165269939738, 'conditional_positive_ratio': 0.8404356060606061, 'h_anchor_loss': nan, 'future_var_loss': nan, 'future_var_cosine': nan, 'future_var_l2': nan, 'future_var_pred_norm': nan, 'future_var_target_norm': nan, 'gate/mean': -0.046770348969829394, 'gate/std': 0.18990517173950267, 'gate/positive_ratio': 0.39754217598130803, 'gate/negative_ratio': 0.602457824018692, 'gate/abs_mean': 0.15096083855303646, 'gate/near_zero_ratio': 0.4343877763473347, 'stage': 0, 'epoch': 2}
A2 STAGE 1 EIIL {'update': 1, 'source_split': 'TRAIN only', 'mean_q_change': 0.2906957268714905, 'environment_mass': [0.3359640836715698, 0.3263804614543915, 0.3376554250717163], 'min_environment_mass': 0.3263804614543915, 'environment_risk': [0.3670983612537384, 0.47072550654411316, 0.2639506757259369], 'probe_gradients': [[-0.022714508697390556, 0.32348063588142395], [0.5716058015823364, -0.0073775118216872215], [-0.030923625454306602, -0.2540174722671509]], 'gradient_disagreement': 0.4067094027996063, 'D_within_grad': 0.6163707375526428, 'D_between_grad': 0.811212956905365, 'gradient_separation': 1.3161120414733887, 'random_partition_repeats': 100, 'conflict_ours': 0.4067094027996063, 'random_partition_conflict_mean': 0.00017595496319700032, 'random_partition_conflict_std': 0.00012733865878544748, 'random_partition_z_score': 3192.53759765625, 'environment_similarity_correlation': 0.5993952036298505, 'hungarian_permutation': [0, 1, 2], 'alignment_overlap_before': 0.5584670305252075, 'alignment_overlap_after': 0.5584670305252075, 'environment_matching_requested': 'overlap', 'environment_matching_used': 'overlap', 'h_prediction_MSE': 0.3660918176174164, 'h_prediction_MAE': 0.35500314831733704, 'h_prediction_drift_from_pretrained': 0.02998337894678116, 'h_prediction_corr_with_pretrained': 0.9823818142007287, 'H_norm': 0.9630023837089539, 'H_norm_ratio_to_pretrained': 0.9741466045379639, 'stage': 1, 'environment_prediction_source': 'H -> frozen pretrained forecast head', 'env_assignment_similarity_to_previous': 0.5993952036298505}
A2 complementary_gate classification stage 1 epoch 3 {'loss': 0.959270024749468, 'var_predictive_loss': 0.49079158885299035, 'var_utility_loss': 0.00043344778233352733, 'var_conditional_gain_loss': 0.000894108259782308, 'conditional_pair_MSE': 0.48119557856195816, 'conditional_shuffle_MSE': 0.5068509354323121, 'conditional_gain_mean': 0.02565535687035387, 'conditional_positive_ratio': 0.8643465909090909, 'h_anchor_loss': nan, 'future_var_loss': nan, 'future_var_cosine': nan, 'future_var_l2': nan, 'future_var_pred_norm': nan, 'future_var_target_norm': nan, 'gate/mean': -0.09639047743638832, 'gate/std': 0.22141843366101607, 'gate/positive_ratio': 0.3247479944882883, 'gate/negative_ratio': 0.6752520055117117, 'gate/abs_mean': 0.1890827710141175, 'gate/near_zero_ratio': 0.3484498580462114, 'stage': 1, 'epoch': 3}
A2 complementary_gate classification stage 1 epoch 4 {'loss': 0.9444761161534292, 'var_predictive_loss': 0.4761420925833144, 'var_utility_loss': 0.000280159145136768, 'var_conditional_gain_loss': 0.0011676475652634647, 'conditional_pair_MSE': 0.4756474175854678, 'conditional_shuffle_MSE': 0.5048353820518858, 'conditional_gain_mean': 0.02918796446641808, 'conditional_positive_ratio': 0.8639914772727273, 'h_anchor_loss': nan, 'future_var_loss': nan, 'future_var_cosine': nan, 'future_var_l2': nan, 'future_var_pred_norm': nan, 'future_var_target_norm': nan, 'gate/mean': -0.19888638509185963, 'gate/std': 0.2815192002672566, 'gate/positive_ratio': 0.2336767040663096, 'gate/negative_ratio': 0.7663232959336904, 'gate/abs_mean': 0.27883400894559, 'gate/near_zero_ratio': 0.2239905232559573, 'stage': 1, 'epoch': 4}
A2 STAGE 2 EIIL {'update': 2, 'source_split': 'TRAIN only', 'mean_q_change': 0.12920112907886505, 'environment_mass': [0.3361321687698364, 0.32617926597595215, 0.33768853545188904], 'min_environment_mass': 0.32617926597595215, 'environment_risk': [0.3773958683013916, 0.46646177768707275, 0.2406037598848343], 'probe_gradients': [[-0.036479849368333817, 0.3200768530368805], [0.5741284489631653, 0.11025997996330261], [-0.028867162764072418, -0.2355971783399582]], 'gradient_disagreement': 0.4029726982116699, 'D_within_grad': 0.6000028848648071, 'D_between_grad': 0.7919549942016602, 'gradient_separation': 1.3199186325073242, 'random_partition_repeats': 100, 'conflict_ours': 0.4029726982116699, 'random_partition_conflict_mean': 0.00018393904611002654, 'random_partition_conflict_std': 0.0001287747290916741, 'random_partition_z_score': 3127.855712890625, 'environment_similarity_correlation': 0.8666262498061561, 'hungarian_permutation': [0, 1, 2], 'alignment_overlap_before': 0.6507970690727234, 'alignment_overlap_after': 0.6507970690727234, 'environment_matching_requested': 'overlap', 'environment_matching_used': 'overlap', 'h_prediction_MSE': 0.3602541387081146, 'h_prediction_MAE': 0.3546057343482971, 'h_prediction_drift_from_pretrained': 0.03735409677028656, 'h_prediction_corr_with_pretrained': 0.9771856412980375, 'H_norm': 0.9655238389968872, 'H_norm_ratio_to_pretrained': 0.976830780506134, 'stage': 2, 'environment_prediction_source': 'H -> frozen pretrained forecast head', 'env_assignment_similarity_to_previous': 0.8666262498061561}
A2 complementary_gate classification stage 2 epoch 5 {'loss': 0.9221396925314418, 'var_predictive_loss': 0.4646401649376131, 'var_utility_loss': 0.00021971580446126677, 'var_conditional_gain_loss': 0.0014069535435269106, 'conditional_pair_MSE': 0.4652305426910364, 'conditional_shuffle_MSE': 0.5036340555503337, 'conditional_gain_mean': 0.03840351285929721, 'conditional_positive_ratio': 0.8635179924242424, 'h_anchor_loss': nan, 'future_var_loss': nan, 'future_var_cosine': nan, 'future_var_l2': nan, 'future_var_pred_norm': nan, 'future_var_target_norm': nan, 'gate/mean': -0.2838400113306405, 'gate/std': 0.3198764204191282, 'gate/positive_ratio': 0.1859573522410725, 'gate/negative_ratio': 0.8140426477589275, 'gate/abs_mean': 0.3550553206464797, 'gate/near_zero_ratio': 0.16191360732233034, 'stage': 2, 'epoch': 5}
A2 STAGE 1 EIIL {'update': 1, 'source_split': 'TRAIN only', 'mean_q_change': 0.002673307666555047, 'environment_mass': [0.33437782526016235, 0.33421996235847473, 0.33140215277671814], 'min_environment_mass': 0.33140215277671814, 'environment_risk': [0.2881997525691986, 0.28819888830184937, 0.28820663690567017], 'probe_gradients': [[-0.09231890738010406, -0.037203382700681686], [-0.09231530129909515, -0.0371970497071743], [-0.09237024933099747, -0.03729035705327988]], 'gradient_disagreement': 7.326396822548986e-09, 'D_within_grad': 0.2353535294532776, 'D_between_grad': 0.23535345494747162, 'gradient_separation': 0.9999997019767761, 'random_partition_repeats': 100, 'conflict_ours': 7.326396822548986e-09, 'random_partition_conflict_mean': 1.0206314959848584e-12, 'random_partition_conflict_std': 1.0326549728170709e-12, 'random_partition_z_score': 7093.73095703125, 'environment_similarity_correlation': -0.13047893677627886, 'hungarian_permutation': [1, 2, 0], 'alignment_overlap_before': 0.3333318531513214, 'alignment_overlap_after': 0.3333341181278229, 'environment_matching_requested': 'overlap', 'environment_matching_used': 'overlap', 'h_prediction_MSE': 0.3294321894645691, 'h_prediction_MAE': 0.34094274044036865, 'h_prediction_drift_from_pretrained': 0.06354817748069763, 'h_prediction_corr_with_pretrained': 0.984061921172352, 'H_norm': 0.6003212332725525, 'H_norm_ratio_to_pretrained': 0.961753785610199, 'stage': 1, 'environment_prediction_source': 'current Z-fused prediction (legacy)', 'env_assignment_similarity_to_previous': -0.13047893677627886}
A2 complementary_gate classification stage 2 epoch 6 {'loss': 0.8985141257070145, 'var_predictive_loss': 0.4597474275332577, 'var_utility_loss': 0.00017801594496528916, 'var_conditional_gain_loss': 0.0012581361648203297, 'conditional_pair_MSE': 0.45685033869328134, 'conditional_shuffle_MSE': 0.49765509194350505, 'conditional_gain_mean': 0.04080475325022372, 'conditional_positive_ratio': 0.8726325757575758, 'h_anchor_loss': nan, 'future_var_loss': nan, 'future_var_cosine': nan, 'future_var_l2': nan, 'future_var_pred_norm': nan, 'future_var_target_norm': nan, 'gate/mean': -0.3385285557853951, 'gate/std': 0.3502859284107039, 'gate/positive_ratio': 0.17110803663454818, 'gate/negative_ratio': 0.8288919633654518, 'gate/abs_mean': 0.41352062268234, 'gate/near_zero_ratio': 0.12789215598211115, 'stage': 2, 'epoch': 6}
A2 STAGE 3 EIIL {'update': 3, 'source_split': 'TRAIN only', 'mean_q_change': 0.1838638335466385, 'environment_mass': [0.3342697024345398, 0.327286958694458, 0.3384433388710022], 'min_environment_mass': 0.327286958694458, 'environment_risk': [0.37039196491241455, 0.4365360140800476, 0.2628639340400696], 'probe_gradients': [[0.0024154295679181814, 0.3213028907775879], [0.5448606014251709, -0.0799349695444107], [-0.033077970147132874, -0.2467653453350067]], 'gradient_disagreement': 0.38034844398498535, 'D_within_grad': 0.5924952030181885, 'D_between_grad': 0.7770882844924927, 'gradient_separation': 1.3115520477294922, 'random_partition_repeats': 100, 'conflict_ours': 0.38034844398498535, 'random_partition_conflict_mean': 0.00016744840831961483, 'random_partition_conflict_std': 0.00012045551557093859, 'random_partition_z_score': 3156.194091796875, 'environment_similarity_correlation': 0.7976701872535295, 'hungarian_permutation': [0, 1, 2], 'alignment_overlap_before': 0.6272667646408081, 'alignment_overlap_after': 0.6272667646408081, 'environment_matching_requested': 'overlap', 'environment_matching_used': 'overlap', 'h_prediction_MSE': 0.3556479513645172, 'h_prediction_MAE': 0.3541663587093353, 'h_prediction_drift_from_pretrained': 0.04839639365673065, 'h_prediction_corr_with_pretrained': 0.9718477396604316, 'H_norm': 0.9688006043434143, 'H_norm_ratio_to_pretrained': 0.9802298545837402, 'stage': 3, 'environment_prediction_source': 'H -> frozen pretrained forecast head', 'env_assignment_similarity_to_previous': 0.7976701872535295}
A2 complementary_gate classification stage 3 epoch 7 {'loss': 0.9044887178349045, 'var_predictive_loss': 0.45782686297623615, 'var_utility_loss': 0.00015481379303756117, 'var_conditional_gain_loss': 0.0014207388466633292, 'conditional_pair_MSE': 0.459125559916367, 'conditional_shuffle_MSE': 0.5001273160944975, 'conditional_gain_mean': 0.04100175617813048, 'conditional_positive_ratio': 0.8708570075757576, 'h_anchor_loss': nan, 'future_var_loss': nan, 'future_var_cosine': nan, 'future_var_l2': nan, 'future_var_pred_norm': nan, 'future_var_target_norm': nan, 'gate/mean': -0.4096428380297036, 'gate/std': 0.37514217343090267, 'gate/positive_ratio': 0.14813401152714606, 'gate/negative_ratio': 0.8518659884728539, 'gate/abs_mean': 0.482617754600525, 'gate/near_zero_ratio': 0.09797708696154518, 'stage': 3, 'epoch': 7}
A2 complementary_gate classification stage 3 epoch 8 {'loss': 0.8687829674414869, 'var_predictive_loss': 0.44629199504852296, 'var_utility_loss': 0.0001242496417000679, 'var_conditional_gain_loss': 0.001170921088266892, 'conditional_pair_MSE': 0.44735071803116816, 'conditional_shuffle_MSE': 0.4943652685562318, 'conditional_gain_mean': 0.04701455052506362, 'conditional_positive_ratio': 0.888375946969697, 'h_anchor_loss': nan, 'future_var_loss': nan, 'future_var_cosine': nan, 'future_var_l2': nan, 'future_var_pred_norm': nan, 'future_var_target_norm': nan, 'gate/mean': -0.4238730192013793, 'gate/std': 0.3934388704693625, 'gate/positive_ratio': 0.15324048303300195, 'gate/negative_ratio': 0.846759516966998, 'gate/abs_mean': 0.5057026744349086, 'gate/near_zero_ratio': 0.09051710472921563, 'stage': 3, 'epoch': 8}
A2 STAGE 4 EIIL {'update': 4, 'source_split': 'TRAIN only', 'mean_q_change': 0.14743289351463318, 'environment_mass': [0.33577221632003784, 0.3273465037345886, 0.33688127994537354], 'min_environment_mass': 0.3273465037345886, 'environment_risk': [0.3738773465156555, 0.44278186559677124, 0.2574038803577423], 'probe_gradients': [[-0.032564807683229446, 0.31859204173088074], [0.5572961568832397, 0.08520166575908661], [-0.02854291908442974, -0.22513581812381744]], 'gradient_disagreement': 0.37919333577156067, 'D_within_grad': 0.6002694368362427, 'D_between_grad': 0.7804136872291565, 'gradient_separation': 1.3001056909561157, 'random_partition_repeats': 100, 'conflict_ours': 0.37919333577156067, 'random_partition_conflict_mean': 0.00020295123977120966, 'random_partition_conflict_std': 0.00014552865468431264, 'random_partition_z_score': 2604.23193359375, 'environment_similarity_correlation': 0.8624330669417014, 'hungarian_permutation': [0, 1, 2], 'alignment_overlap_before': 0.6339555978775024, 'alignment_overlap_after': 0.6339555978775024, 'environment_matching_requested': 'overlap', 'environment_matching_used': 'overlap', 'h_prediction_MSE': 0.35719534754753113, 'h_prediction_MAE': 0.353383868932724, 'h_prediction_drift_from_pretrained': 0.04774049296975136, 'h_prediction_corr_with_pretrained': 0.9708506082845777, 'H_norm': 0.957241952419281, 'H_norm_ratio_to_pretrained': 0.9688684940338135, 'stage': 4, 'environment_prediction_source': 'H -> frozen pretrained forecast head', 'env_assignment_similarity_to_previous': 0.8624330669417014}
A2 complementary_gate classification stage 4 epoch 9 {'loss': 0.8664206925428138, 'var_predictive_loss': 0.44155711779054607, 'var_utility_loss': 0.0001108375174638086, 'var_conditional_gain_loss': 0.0014883107602751504, 'conditional_pair_MSE': 0.44065309009006753, 'conditional_shuffle_MSE': 0.49079113672787295, 'conditional_gain_mean': 0.050138046623694456, 'conditional_positive_ratio': 0.8837594696969697, 'h_anchor_loss': nan, 'future_var_loss': nan, 'future_var_cosine': nan, 'future_var_l2': nan, 'future_var_pred_norm': nan, 'future_var_target_norm': nan, 'gate/mean': -0.4480705684992555, 'gate/std': 0.41520351440461695, 'gate/positive_ratio': 0.15484912880204899, 'gate/negative_ratio': 0.845150871197951, 'gate/abs_mean': 0.538832896430151, 'gate/near_zero_ratio': 0.08204870306397206, 'stage': 4, 'epoch': 9}
A2 complementary_gate classification stage 4 epoch 10 {'loss': 0.8508027531066031, 'var_predictive_loss': 0.43437771386695356, 'var_utility_loss': 9.50447310386599e-05, 'var_conditional_gain_loss': 0.0013798361787022177, 'conditional_pair_MSE': 0.4338147747978589, 'conditional_shuffle_MSE': 0.48662386568630056, 'conditional_gain_mean': 0.05280909088844166, 'conditional_positive_ratio': 0.8875473484848485, 'h_anchor_loss': nan, 'future_var_loss': nan, 'future_var_cosine': nan, 'future_var_l2': nan, 'future_var_pred_norm': nan, 'future_var_target_norm': nan, 'gate/mean': -0.46725997003321024, 'gate/std': 0.4348166332069379, 'gate/positive_ratio': 0.15725980918335644, 'gate/negative_ratio': 0.8427401908166435, 'gate/abs_mean': 0.5674055003748463, 'gate/near_zero_ratio': 0.07499843026999532, 'stage': 4, 'epoch': 10}
A2 complementary_gate classification stage 1 epoch 4 {'loss': 0.6998826015456084, 'var_predictive_loss': 0.3879987697875008, 'var_utility_loss': 2.6038347595599724e-07, 'var_conditional_gain_loss': 0.00028229645329694194, 'conditional_pair_MSE': 0.38792006083151775, 'conditional_shuffle_MSE': 1.3358731569380844, 'conditional_gain_mean': 0.9479530959323654, 'conditional_positive_ratio': 0.9911635565312843, 'h_anchor_loss': nan, 'future_var_loss': nan, 'future_var_cosine': nan, 'future_var_l2': nan, 'future_var_pred_norm': nan, 'future_var_target_norm': nan, 'gate/mean': -0.737050824833444, 'gate/std': 0.279427831619621, 'gate/positive_ratio': 0.029005824438008664, 'gate/negative_ratio': 0.9709941754228547, 'gate/abs_mean': 0.7489957672752457, 'gate/near_zero_ratio': 0.0237960826799761, 'stage': 1, 'epoch': 4}
A2 TEST 0.2959347069263458 0.345204621553421
[ETTh2] complete 2026-09-12T12:29:21+00:00
A2 STAGE 2 EIIL {'update': 2, 'source_split': 'TRAIN only', 'mean_q_change': 9.372574277222157e-05, 'environment_mass': [0.3342418074607849, 0.3315173089504242, 0.3342408239841461], 'min_environment_mass': 0.3315173089504242, 'environment_risk': [0.18020112812519073, 0.18020109832286835, 0.1802012026309967], 'probe_gradients': [[-0.1267986297607422, -0.028310060501098633], [-0.12679938971996307, -0.02831149660050869], [-0.12680098414421082, -0.028314556926488876]], 'gradient_disagreement': 1.3436221753260202e-11, 'D_within_grad': 0.2288976013660431, 'D_between_grad': 0.22889752686023712, 'gradient_separation': 0.9999997019767761, 'random_partition_repeats': 100, 'conflict_ours': 1.3436221753260202e-11, 'random_partition_conflict_mean': 3.6976672740970766e-15, 'random_partition_conflict_std': 2.9930209887926978e-15, 'random_partition_z_score': 13.432524681091309, 'environment_similarity_correlation': 0.6647304763650351, 'hungarian_permutation': [0, 1, 2], 'alignment_overlap_before': 0.33333835005760193, 'alignment_overlap_after': 0.33333835005760193, 'environment_matching_requested': 'overlap', 'environment_matching_used': 'overlap', 'h_prediction_MSE': 0.20579750835895538, 'h_prediction_MAE': 0.2997749149799347, 'h_prediction_drift_from_pretrained': 0.02659614384174347, 'h_prediction_corr_with_pretrained': 0.9837822922798258, 'H_norm': 0.6126196384429932, 'H_norm_ratio_to_pretrained': 0.9591734409332275, 'stage': 2, 'environment_prediction_source': 'current Z-fused prediction (legacy)', 'env_assignment_similarity_to_previous': 0.6647304763650351}
A2 complementary_gate classification stage 2 epoch 5 {'loss': 0.6959476053871744, 'var_predictive_loss': 0.3836839082892052, 'var_utility_loss': 1.4211444772106483e-07, 'var_conditional_gain_loss': 0.00020274686842796963, 'conditional_pair_MSE': 0.38368084537423536, 'conditional_shuffle_MSE': 1.3451042280476193, 'conditional_gain_mean': 0.961423382571971, 'conditional_positive_ratio': 0.9928649835345774, 'h_anchor_loss': nan, 'future_var_loss': nan, 'future_var_cosine': nan, 'future_var_l2': nan, 'future_var_pred_norm': nan, 'future_var_target_norm': nan, 'gate/mean': -0.7734828406633626, 'gate/std': 0.27188568056017287, 'gate/positive_ratio': 0.025730206594058367, 'gate/negative_ratio': 0.9742697932111504, 'gate/abs_mean': 0.784507931390713, 'gate/near_zero_ratio': 0.019959926331598248, 'stage': 2, 'epoch': 5}
A2 complementary_gate classification stage 1 epoch 3 {'loss': 0.9225591901514134, 'var_predictive_loss': 0.8779508291048093, 'var_utility_loss': 5.634619240942386e-07, 'var_conditional_gain_loss': 0.0004755313342411261, 'conditional_pair_MSE': 0.8778989796929214, 'conditional_shuffle_MSE': 1.009802779551376, 'conditional_gain_mean': 0.1319037998584546, 'conditional_positive_ratio': 0.9764228987425546, 'h_anchor_loss': nan, 'future_var_loss': nan, 'future_var_cosine': nan, 'future_var_l2': nan, 'future_var_pred_norm': nan, 'future_var_target_norm': nan, 'gate/mean': -0.6244356415573004, 'gate/std': 0.27650153993897303, 'gate/positive_ratio': 0.033605670298237245, 'gate/negative_ratio': 0.9663943295143357, 'gate/abs_mean': 0.6359738203021426, 'gate/near_zero_ratio': 0.03537333784970679, 'stage': 1, 'epoch': 3}
A2 complementary_gate classification stage 2 epoch 6 {'loss': 0.6923885843516233, 'var_predictive_loss': 0.3780409446193839, 'var_utility_loss': 1.2410112272546088e-07, 'var_conditional_gain_loss': 0.00024364653128300487, 'conditional_pair_MSE': 0.3780210015630814, 'conditional_shuffle_MSE': 1.3481629173756955, 'conditional_gain_mean': 0.9701419152687463, 'conditional_positive_ratio': 0.9927552140504939, 'h_anchor_loss': nan, 'future_var_loss': nan, 'future_var_cosine': nan, 'future_var_l2': nan, 'future_var_pred_norm': nan, 'future_var_target_norm': nan, 'gate/mean': -0.7969663560838451, 'gate/std': 0.26597486689234956, 'gate/positive_ratio': 0.02380467370053791, 'gate/negative_ratio': 0.9761953261603254, 'gate/abs_mean': 0.807566101922434, 'gate/near_zero_ratio': 0.017611456576961254, 'stage': 2, 'epoch': 6}
A2 STAGE 3 EIIL {'update': 3, 'source_split': 'TRAIN only', 'mean_q_change': 9.61110617936356e-06, 'environment_mass': [0.3342430293560028, 0.3315138518810272, 0.33424314856529236], 'min_environment_mass': 0.3315138518810272, 'environment_risk': [0.17266173660755157, 0.17266179621219635, 0.17266184091567993], 'probe_gradients': [[-0.11216110736131668, -0.0013551770243793726], [-0.11216024309396744, -0.0013536108890548348], [-0.11216007173061371, -0.0013532073935493827]], 'gradient_disagreement': 2.7812960268214226e-12, 'D_within_grad': 0.22313129901885986, 'D_between_grad': 0.22313125431537628, 'gradient_separation': 0.9999998211860657, 'random_partition_repeats': 100, 'conflict_ours': 2.7812960268214226e-12, 'random_partition_conflict_mean': 1.155480842029901e-15, 'random_partition_conflict_std': 8.05128374469058e-16, 'random_partition_z_score': 2.7801403999328613, 'environment_similarity_correlation': 0.07410167039352475, 'hungarian_permutation': [2, 1, 0], 'alignment_overlap_before': 0.33333826065063477, 'alignment_overlap_after': 0.33333829045295715, 'environment_matching_requested': 'overlap', 'environment_matching_used': 'overlap', 'h_prediction_MSE': 0.21181650459766388, 'h_prediction_MAE': 0.3087315261363983, 'h_prediction_drift_from_pretrained': 0.02923923172056675, 'h_prediction_corr_with_pretrained': 0.9809703304086657, 'H_norm': 0.6080695986747742, 'H_norm_ratio_to_pretrained': 0.952140748500824, 'stage': 3, 'environment_prediction_source': 'current Z-fused prediction (legacy)', 'env_assignment_similarity_to_previous': 0.07410167039352475}
A2 complementary_gate classification stage 3 epoch 7 {'loss': 0.6895035194319733, 'var_predictive_loss': 0.3708188043313659, 'var_utility_loss': 9.765045281377011e-08, 'var_conditional_gain_loss': 0.0002704528157326314, 'conditional_pair_MSE': 0.3708180966225793, 'conditional_shuffle_MSE': 1.3272838465296934, 'conditional_gain_mean': 0.9564657499169282, 'conditional_positive_ratio': 0.9932491767288694, 'h_anchor_loss': nan, 'future_var_loss': nan, 'future_var_cosine': nan, 'future_var_l2': nan, 'future_var_pred_norm': nan, 'future_var_target_norm': nan, 'gate/mean': -0.8137687385731741, 'gate/std': 0.2610532842480904, 'gate/positive_ratio': 0.02238269639547071, 'gate/negative_ratio': 0.9776173033540834, 'gate/abs_mean': 0.8241851679040139, 'gate/near_zero_ratio': 0.015816982342090148, 'stage': 3, 'epoch': 7}
A2 complementary_gate classification stage 1 epoch 4 {'loss': 0.9146555828890395, 'var_predictive_loss': 0.8080289667208792, 'var_utility_loss': 2.908105874885185e-07, 'var_conditional_gain_loss': 0.0007599228530786907, 'conditional_pair_MSE': 0.8079973340359924, 'conditional_shuffle_MSE': 1.0114644884072062, 'conditional_gain_mean': 0.2034671543712138, 'conditional_positive_ratio': 0.9732792852415619, 'h_anchor_loss': nan, 'future_var_loss': nan, 'future_var_cosine': nan, 'future_var_l2': nan, 'future_var_pred_norm': nan, 'future_var_target_norm': nan, 'gate/mean': -0.695065186558216, 'gate/std': 0.2689825187174059, 'gate/positive_ratio': 0.026397082045049383, 'gate/negative_ratio': 0.9736029176269532, 'gate/abs_mean': 0.7052494923582486, 'gate/near_zero_ratio': 0.02465783903223087, 'stage': 1, 'epoch': 4}
A2 STAGE 2 EIIL {'update': 2, 'source_split': 'TRAIN only', 'mean_q_change': 0.0001705492177279666, 'environment_mass': [0.33432435989379883, 0.3343208432197571, 0.3313547372817993], 'min_environment_mass': 0.3313547372817993, 'environment_risk': [0.2872984707355499, 0.28729838132858276, 0.28730282187461853], 'probe_gradients': [[-0.127494677901268, -0.06026963144540787], [-0.12749387323856354, -0.06026839837431908], [-0.12752000987529755, -0.0603114515542984]], 'gradient_disagreement': 1.643166158693532e-09, 'D_within_grad': 0.21808989346027374, 'D_between_grad': 0.2180897742509842, 'gradient_separation': 0.999999463558197, 'random_partition_repeats': 100, 'conflict_ours': 1.643166158693532e-09, 'random_partition_conflict_mean': 1.578683337484163e-13, 'random_partition_conflict_std': 1.866594986216219e-13, 'random_partition_z_score': 1643.00830078125, 'environment_similarity_correlation': 0.8888944011954484, 'hungarian_permutation': [0, 1, 2], 'alignment_overlap_before': 0.3333391547203064, 'alignment_overlap_after': 0.3333391547203064, 'environment_matching_requested': 'overlap', 'environment_matching_used': 'overlap', 'h_prediction_MSE': 0.32850736379623413, 'h_prediction_MAE': 0.33506783843040466, 'h_prediction_drift_from_pretrained': 0.06155040115118027, 'h_prediction_corr_with_pretrained': 0.9765638741091164, 'H_norm': 0.5964481234550476, 'H_norm_ratio_to_pretrained': 0.9555938243865967, 'stage': 2, 'environment_prediction_source': 'current Z-fused prediction (legacy)', 'env_assignment_similarity_to_previous': 0.8888944011954484}
A2 complementary_gate classification stage 3 epoch 8 {'loss': 0.6871494433668436, 'var_predictive_loss': 0.3614593191273491, 'var_utility_loss': 8.047275255588744e-08, 'var_conditional_gain_loss': 0.0002071195814664487, 'conditional_pair_MSE': 0.36144069343903457, 'conditional_shuffle_MSE': 1.356635827057546, 'conditional_gain_mean': 0.9951951335179164, 'conditional_positive_ratio': 0.9928649835345774, 'h_anchor_loss': nan, 'future_var_loss': nan, 'future_var_cosine': nan, 'future_var_l2': nan, 'future_var_pred_norm': nan, 'future_var_target_norm': nan, 'gate/mean': -0.8268874998736974, 'gate/std': 0.2560057296200506, 'gate/positive_ratio': 0.021037544980364822, 'gate/negative_ratio': 0.9789624548248439, 'gate/abs_mean': 0.8369681407435196, 'gate/near_zero_ratio': 0.014423458204602765, 'stage': 3, 'epoch': 8}
A2 STAGE 4 EIIL {'update': 4, 'source_split': 'TRAIN only', 'mean_q_change': 2.810606702041696e-06, 'environment_mass': [0.3342420756816864, 0.3315158486366272, 0.3342420756816864], 'min_environment_mass': 0.3315158486366272, 'environment_risk': [0.1651155799627304, 0.1651156097650528, 0.1651155650615692], 'probe_gradients': [[-0.07376119494438171, -0.021344954147934914], [-0.07376065850257874, -0.021344011649489403], [-0.07376062124967575, -0.02134399116039276]], 'gradient_disagreement': 8.114504619453899e-13, 'D_within_grad': 0.22637201845645905, 'D_between_grad': 0.22637197375297546, 'gradient_separation': 0.9999998211860657, 'random_partition_repeats': 100, 'conflict_ours': 8.114504619453899e-13, 'random_partition_conflict_mean': 2.489906288013219e-16, 'random_partition_conflict_std': 1.8422218831507284e-16, 'random_partition_z_score': 0.8112014532089233, 'environment_similarity_correlation': 0.03267241724320706, 'hungarian_permutation': [0, 1, 2], 'alignment_overlap_before': 0.33333829045295715, 'alignment_overlap_after': 0.33333829045295715, 'environment_matching_requested': 'overlap', 'environment_matching_used': 'overlap', 'h_prediction_MSE': 0.22479946911334991, 'h_prediction_MAE': 0.3206878900527954, 'h_prediction_drift_from_pretrained': 0.0380137674510479, 'h_prediction_corr_with_pretrained': 0.9752758505924352, 'H_norm': 0.6150810718536377, 'H_norm_ratio_to_pretrained': 0.9629706740379333, 'stage': 4, 'environment_prediction_source': 'current Z-fused prediction (legacy)', 'env_assignment_similarity_to_previous': 0.03267241724320706}
A2 complementary_gate classification stage 2 epoch 5 {'loss': 0.9087632225898793, 'var_predictive_loss': 0.7437395632661404, 'var_utility_loss': 2.026134644898117e-07, 'var_conditional_gain_loss': 0.0009546210997985105, 'conditional_pair_MSE': 0.7437568687526281, 'conditional_shuffle_MSE': 1.0236603902797088, 'conditional_gain_mean': 0.2799035215418734, 'conditional_positive_ratio': 0.971542025148908, 'h_anchor_loss': nan, 'future_var_loss': nan, 'future_var_cosine': nan, 'future_var_l2': nan, 'future_var_pred_norm': nan, 'future_var_target_norm': nan, 'gate/mean': -0.7383274383719863, 'gate/std': 0.26307955287227686, 'gate/positive_ratio': 0.023548680930498063, 'gate/negative_ratio': 0.9764513187415045, 'gate/abs_mean': 0.7481418155437142, 'gate/near_zero_ratio': 0.019987105267622474, 'stage': 2, 'epoch': 5}
A2 complementary_gate classification stage 4 epoch 9 {'loss': 0.685025603285581, 'var_predictive_loss': 0.35816338841163137, 'var_utility_loss': 7.03587646170064e-08, 'var_conditional_gain_loss': 0.0001340362344562811, 'conditional_pair_MSE': 0.3581629452284356, 'conditional_shuffle_MSE': 1.3644926520172838, 'conditional_gain_mean': 1.0063297065852044, 'conditional_positive_ratio': 0.9943468715697036, 'h_anchor_loss': nan, 'future_var_loss': nan, 'future_var_cosine': nan, 'future_var_l2': nan, 'future_var_pred_norm': nan, 'future_var_target_norm': nan, 'gate/mean': -0.8370523765264607, 'gate/std': 0.2524353424402601, 'gate/positive_ratio': 0.02025119322326006, 'gate/negative_ratio': 0.9797488066097759, 'gate/abs_mean': 0.8470944559542293, 'gate/near_zero_ratio': 0.013364524662411467, 'stage': 4, 'epoch': 9}
A2 complementary_gate classification stage 4 epoch 10 {'loss': 0.6830539106014426, 'var_predictive_loss': 0.35715339692265347, 'var_utility_loss': 6.442222839650052e-08, 'var_conditional_gain_loss': 0.0002477755939790368, 'conditional_pair_MSE': 0.3571537717522565, 'conditional_shuffle_MSE': 1.3669038330438894, 'conditional_gain_mean': 1.0097500609783978, 'conditional_positive_ratio': 0.9930845225027443, 'h_anchor_loss': nan, 'future_var_loss': nan, 'future_var_cosine': nan, 'future_var_l2': nan, 'future_var_pred_norm': nan, 'future_var_target_norm': nan, 'gate/mean': -0.8455081493484493, 'gate/std': 0.24914983522663922, 'gate/positive_ratio': 0.01958122952812277, 'gate/negative_ratio': 0.9804187702492586, 'gate/abs_mean': 0.855485571197167, 'gate/near_zero_ratio': 0.01254068303463325, 'stage': 4, 'epoch': 10}
A2 complementary_gate classification stage 2 epoch 6 {'loss': 0.9038772112481155, 'var_predictive_loss': 0.7045587723663368, 'var_utility_loss': 1.7132306789824306e-07, 'var_conditional_gain_loss': 0.0008729448940168541, 'conditional_pair_MSE': 0.7045682553833068, 'conditional_shuffle_MSE': 1.031041736087702, 'conditional_gain_mean': 0.3264734806969989, 'conditional_positive_ratio': 0.9765883520847121, 'h_anchor_loss': nan, 'future_var_loss': nan, 'future_var_cosine': nan, 'future_var_l2': nan, 'future_var_pred_norm': nan, 'future_var_target_norm': nan, 'gate/mean': -0.766562474803862, 'gate/std': 0.25850215211733735, 'gate/positive_ratio': 0.02202683353831061, 'gate/negative_ratio': 0.9779731661961677, 'gate/abs_mean': 0.7762469576201417, 'gate/near_zero_ratio': 0.01744282891730985, 'stage': 2, 'epoch': 6}
A2 TEST 0.17566122114658356 0.2766759395599365
[Electricity] run B_h_reference on GPU 1
shared_reference source=loaded path=results/predictive_env_reference_all_datasets_k3/Electricity/shared_reference.pt sha256=90d283a82a16114d5dfa0181fe932d474f565b6f2e819bc0b1ca7c4d285d84f5
A2 identity {'feature': 0.0}
A2 STAGE 3 EIIL {'update': 3, 'source_split': 'TRAIN only', 'mean_q_change': 4.5278626203071326e-05, 'environment_mass': [0.33430659770965576, 0.3343065083026886, 0.33138686418533325], 'min_environment_mass': 0.33138686418533325, 'environment_risk': [0.278600811958313, 0.2786008417606354, 0.2786010801792145], 'probe_gradients': [[-0.09250739216804504, 0.012780926190316677], [-0.09250717610120773, 0.012781301513314247], [-0.09252368658781052, 0.01275519747287035]], 'gradient_disagreement': 6.272265484774664e-10, 'D_within_grad': 0.21974697709083557, 'D_between_grad': 0.21974696218967438, 'gradient_separation': 0.9999999403953552, 'random_partition_repeats': 100, 'conflict_ours': 6.272265484774664e-10, 'random_partition_conflict_mean': 4.7113422646689884e-14, 'random_partition_conflict_std': 4.7055123062996265e-14, 'random_partition_z_score': 627.179443359375, 'environment_similarity_correlation': 0.932238763300673, 'hungarian_permutation': [0, 1, 2], 'alignment_overlap_before': 0.3333390951156616, 'alignment_overlap_after': 0.3333390951156616, 'environment_matching_requested': 'overlap', 'environment_matching_used': 'overlap', 'h_prediction_MSE': 0.3345763683319092, 'h_prediction_MAE': 0.3389335870742798, 'h_prediction_drift_from_pretrained': 0.06170373782515526, 'h_prediction_corr_with_pretrained': 0.9727217125036065, 'H_norm': 0.6019815802574158, 'H_norm_ratio_to_pretrained': 0.9641246199607849, 'stage': 3, 'environment_prediction_source': 'current Z-fused prediction (legacy)', 'env_assignment_similarity_to_previous': 0.932238763300673}
A2 STAGE 0 EIIL {'update': 0, 'source_split': 'TRAIN only', 'mean_q_change': 0.003753482596948743, 'environment_mass': [0.33419689536094666, 0.33152416348457336, 0.33427900075912476], 'min_environment_mass': 0.33152416348457336, 'environment_risk': [0.19046533107757568, 0.1904667317867279, 0.19046437740325928], 'probe_gradients': [[-0.04293499141931534, 0.006216701585799456], [-0.04293226823210716, 0.006233322434127331], [-0.042924925684928894, 0.006238420028239489]], 'gradient_disagreement': 3.12192188767213e-10, 'D_within_grad': 0.24549420177936554, 'D_between_grad': 0.24549412727355957, 'gradient_separation': 0.9999997019767761, 'random_partition_repeats': 100, 'conflict_ours': 3.12192188767213e-10, 'random_partition_conflict_mean': 6.081386783041154e-11, 'random_partition_conflict_std': 6.263058127675691e-11, 'random_partition_z_score': 4.013667106628418, 'environment_similarity_correlation': 0.2848494883681109, 'hungarian_permutation': [0, 1, 2], 'alignment_overlap_before': 0.3333396315574646, 'alignment_overlap_after': 0.3333396315574646, 'environment_matching_requested': 'overlap', 'environment_matching_used': 'overlap', 'h_prediction_MSE': 0.19046546518802643, 'h_prediction_MAE': 0.285060852766037, 'h_prediction_drift_from_pretrained': 1.3024087864232318e-14, 'h_prediction_corr_with_pretrained': 0.9999999999999769, 'H_norm': 0.6387487649917603, 'H_norm_ratio_to_pretrained': 1.0, 'stage': 0, 'environment_prediction_source': 'H -> frozen pretrained forecast head', 'env_assignment_similarity_to_previous': 0.2848494883681109}
A2 complementary_gate classification stage 0 epoch 1 {'loss': 0.7271447956195728, 'var_predictive_loss': 0.572288389500031, 'var_utility_loss': 5.297972811041565e-05, 'var_conditional_gain_loss': 0.0011743883989775875, 'conditional_pair_MSE': 0.5721653226161892, 'conditional_shuffle_MSE': 0.9054658746532891, 'conditional_gain_mean': 0.33330055199702535, 'conditional_positive_ratio': 0.9557080131723381, 'h_anchor_loss': nan, 'future_var_loss': nan, 'future_var_cosine': nan, 'future_var_l2': nan, 'future_var_pred_norm': nan, 'future_var_target_norm': nan, 'gate/mean': -0.20668656617852849, 'gate/std': 0.26993482117879086, 'gate/positive_ratio': 0.23621541365195603, 'gate/negative_ratio': 0.7637845856245333, 'gate/abs_mean': 0.26764152550546527, 'gate/near_zero_ratio': 0.2647232948845729, 'stage': 0, 'epoch': 1}
A2 complementary_gate classification stage 3 epoch 7 {'loss': 0.8996748748645987, 'var_predictive_loss': 0.6753580041913774, 'var_utility_loss': 1.4855709157933367e-07, 'var_conditional_gain_loss': 0.0007441139340519038, 'conditional_pair_MSE': 0.675379578046338, 'conditional_shuffle_MSE': 1.0380248970405737, 'conditional_gain_mean': 0.3626453190410792, 'conditional_positive_ratio': 0.9801455989410987, 'h_anchor_loss': nan, 'future_var_loss': nan, 'future_var_cosine': nan, 'future_var_l2': nan, 'future_var_pred_norm': nan, 'future_var_target_norm': nan, 'gate/mean': -0.7878891591654166, 'gate/std': 0.2538777177910586, 'gate/positive_ratio': 0.020713705500572072, 'gate/negative_ratio': 0.9792862942495251, 'gate/abs_mean': 0.7974317854349293, 'gate/near_zero_ratio': 0.015558542971998986, 'stage': 3, 'epoch': 7}
A2 complementary_gate classification stage 0 epoch 2 {'loss': 0.712854700943061, 'var_predictive_loss': 0.4193902630833181, 'var_utility_loss': 1.635181958771703e-06, 'var_conditional_gain_loss': 0.000635850283958255, 'conditional_pair_MSE': 0.4193711946852317, 'conditional_shuffle_MSE': 1.1699540660447727, 'conditional_gain_mean': 0.7505828714143367, 'conditional_positive_ratio': 0.983205268935236, 'h_anchor_loss': nan, 'future_var_loss': nan, 'future_var_cosine': nan, 'future_var_l2': nan, 'future_var_pred_norm': nan, 'future_var_target_norm': nan, 'gate/mean': -0.5548491932802674, 'gate/std': 0.29247363185046094, 'gate/positive_ratio': 0.052599306840376815, 'gate/negative_ratio': 0.9474006928535226, 'gate/abs_mean': 0.5731955269689404, 'gate/near_zero_ratio': 0.0519538592742152, 'stage': 0, 'epoch': 2}
A2 STAGE 1 EIIL {'update': 1, 'source_split': 'TRAIN only', 'mean_q_change': 0.0013255658559501171, 'environment_mass': [0.334248811006546, 0.33151137828826904, 0.33423978090286255], 'min_environment_mass': 0.33151137828826904, 'environment_risk': [0.19256873428821564, 0.19256827235221863, 0.1925673633813858], 'probe_gradients': [[0.08186006546020508, 0.003657011315226555], [0.08185721188783646, 0.00365375610999763], [0.08185213059186935, 0.003644248005002737]], 'gradient_disagreement': 1.2027569218364675e-10, 'D_within_grad': 0.24604593217372894, 'D_between_grad': 0.24604599177837372, 'gradient_separation': 1.000000238418579, 'random_partition_repeats': 100, 'conflict_ours': 1.2027569218364675e-10, 'random_partition_conflict_mean': 2.725003382664237e-13, 'random_partition_conflict_std': 3.2750302578384016e-13, 'random_partition_z_score': 120.00318908691406, 'environment_similarity_correlation': 0.9169059021249446, 'hungarian_permutation': [2, 1, 0], 'alignment_overlap_before': 0.3333383798599243, 'alignment_overlap_after': 0.3333383798599243, 'environment_matching_requested': 'overlap', 'environment_matching_used': 'overlap', 'h_prediction_MSE': 0.1925681233406067, 'h_prediction_MAE': 0.286080539226532, 'h_prediction_drift_from_pretrained': 0.02167564630508423, 'h_prediction_corr_with_pretrained': 0.9895916502959521, 'H_norm': 0.6157817244529724, 'H_norm_ratio_to_pretrained': 0.9641270637512207, 'stage': 1, 'environment_prediction_source': 'H -> frozen pretrained forecast head', 'env_assignment_similarity_to_previous': 0.9169059021249446}
A2 complementary_gate classification stage 1 epoch 3 {'loss': 0.7051824387408224, 'var_predictive_loss': 0.3962185760932182, 'var_utility_loss': 4.386579423580732e-07, 'var_conditional_gain_loss': 0.0004523776995036526, 'conditional_pair_MSE': 0.39621564693397276, 'conditional_shuffle_MSE': 1.278383019198505, 'conditional_gain_mean': 0.882167371994643, 'conditional_positive_ratio': 0.9878704720087815, 'h_anchor_loss': nan, 'future_var_loss': nan, 'future_var_cosine': nan, 'future_var_l2': nan, 'future_var_pred_norm': nan, 'future_var_target_norm': nan, 'gate/mean': -0.6771973336989996, 'gate/std': 0.28838634690914255, 'gate/positive_ratio': 0.03562372475468031, 'gate/negative_ratio': 0.9643762749670464, 'gate/abs_mean': 0.6911072428701563, 'gate/near_zero_ratio': 0.03125567029173707, 'stage': 1, 'epoch': 3}
A2 complementary_gate classification stage 3 epoch 8 {'loss': 0.8964358575389443, 'var_predictive_loss': 0.6606960142270113, 'var_utility_loss': 1.3373195517093892e-07, 'var_conditional_gain_loss': 0.0007099708126799939, 'conditional_pair_MSE': 0.6607106479647872, 'conditional_shuffle_MSE': 1.0453453688832366, 'conditional_gain_mean': 0.3846347208728386, 'conditional_positive_ratio': 0.9807246856386499, 'h_anchor_loss': nan, 'future_var_loss': nan, 'future_var_cosine': nan, 'future_var_l2': nan, 'future_var_pred_norm': nan, 'future_var_target_norm': nan, 'gate/mean': -0.8032804230250712, 'gate/std': 0.2503805100363763, 'gate/positive_ratio': 0.019905480997961425, 'gate/negative_ratio': 0.9800945187521358, 'gate/abs_mean': 0.8127803691909463, 'gate/near_zero_ratio': 0.01432676516987601, 'stage': 3, 'epoch': 8}
A2 STAGE 4 EIIL {'update': 4, 'source_split': 'TRAIN only', 'mean_q_change': 3.039245530089829e-05, 'environment_mass': [0.3343181610107422, 0.3343181610107422, 0.33136364817619324], 'min_environment_mass': 0.33136364817619324, 'environment_risk': [0.2775527238845825, 0.2775527834892273, 0.2775525450706482], 'probe_gradients': [[-0.0852520614862442, 0.0028536540921777487], [-0.08525212109088898, 0.0028535258024930954], [-0.0852634385228157, 0.0028373131062835455]], 'gradient_disagreement': 2.624735429002101e-10, 'D_within_grad': 0.22135797142982483, 'D_between_grad': 0.22135792672634125, 'gradient_separation': 0.9999998211860657, 'random_partition_repeats': 100, 'conflict_ours': 2.624735429002101e-10, 'random_partition_conflict_mean': 2.5671596738576635e-14, 'random_partition_conflict_std': 3.450634011381917e-14, 'random_partition_z_score': 262.4478759765625, 'environment_similarity_correlation': 0.9337052896752854, 'hungarian_permutation': [1, 0, 2], 'alignment_overlap_before': 0.33333906531333923, 'alignment_overlap_after': 0.33333906531333923, 'environment_matching_requested': 'overlap', 'environment_matching_used': 'overlap', 'h_prediction_MSE': 0.3357914984226227, 'h_prediction_MAE': 0.33334779739379883, 'h_prediction_drift_from_pretrained': 0.05854715406894684, 'h_prediction_corr_with_pretrained': 0.9668937390240027, 'H_norm': 0.587102472782135, 'H_norm_ratio_to_pretrained': 0.9406527280807495, 'stage': 4, 'environment_prediction_source': 'current Z-fused prediction (legacy)', 'env_assignment_similarity_to_previous': 0.9337052896752854}
A2 complementary_gate classification stage 1 epoch 4 {'loss': 0.6998896349591054, 'var_predictive_loss': 0.3908109787174544, 'var_utility_loss': 2.6444657040691517e-07, 'var_conditional_gain_loss': 0.0002966963024615718, 'conditional_pair_MSE': 0.390729383581229, 'conditional_shuffle_MSE': 1.3386391067053431, 'conditional_gain_mean': 0.947909723066047, 'conditional_positive_ratio': 0.9917124039517015, 'h_anchor_loss': nan, 'future_var_loss': nan, 'future_var_cosine': nan, 'future_var_l2': nan, 'future_var_pred_norm': nan, 'future_var_target_norm': nan, 'gate/mean': -0.7371377894375006, 'gate/std': 0.27948379662962963, 'gate/positive_ratio': 0.029103845125865165, 'gate/negative_ratio': 0.9708961545680342, 'gate/abs_mean': 0.7491320696222141, 'gate/near_zero_ratio': 0.023770865051815575, 'stage': 1, 'epoch': 4}
A2 STAGE 2 EIIL {'update': 2, 'source_split': 'TRAIN only', 'mean_q_change': 9.366696031065658e-05, 'environment_mass': [0.3342418074607849, 0.3315173089504242, 0.3342408537864685], 'min_environment_mass': 0.3315173089504242, 'environment_risk': [0.20577296614646912, 0.20577293634414673, 0.2057730257511139], 'probe_gradients': [[0.0042619663290679455, -0.062066078186035156], [0.0042610992677509785, -0.06206772103905678], [0.004257911816239357, -0.06207498908042908]], 'gradient_disagreement': 5.409271294776197e-11, 'D_within_grad': 0.2550916075706482, 'D_between_grad': 0.25509151816368103, 'gradient_separation': 0.9999996423721313, 'random_partition_repeats': 100, 'conflict_ours': 5.409271294776197e-11, 'random_partition_conflict_mean': 5.458616584186771e-15, 'random_partition_conflict_std': 4.928589952607129e-15, 'random_partition_z_score': 54.087257385253906, 'environment_similarity_correlation': 0.6370199954350332, 'hungarian_permutation': [0, 1, 2], 'alignment_overlap_before': 0.33333835005760193, 'alignment_overlap_after': 0.33333835005760193, 'environment_matching_requested': 'overlap', 'environment_matching_used': 'overlap', 'h_prediction_MSE': 0.20577296614646912, 'h_prediction_MAE': 0.2997214198112488, 'h_prediction_drift_from_pretrained': 0.026824045926332474, 'h_prediction_corr_with_pretrained': 0.9837006546563337, 'H_norm': 0.6128875613212585, 'H_norm_ratio_to_pretrained': 0.9595962166786194, 'stage': 2, 'environment_prediction_source': 'H -> frozen pretrained forecast head', 'env_assignment_similarity_to_previous': 0.6370199954350332}
A2 complementary_gate classification stage 2 epoch 5 {'loss': 0.6959602347427131, 'var_predictive_loss': 0.38041737526197306, 'var_utility_loss': 1.3502334705961033e-07, 'var_conditional_gain_loss': 0.00025232829946848746, 'conditional_pair_MSE': 0.38038754367589556, 'conditional_shuffle_MSE': 1.3119579931719048, 'conditional_gain_mean': 0.9315704493545217, 'conditional_positive_ratio': 0.9922063666300769, 'h_anchor_loss': nan, 'future_var_loss': nan, 'future_var_cosine': nan, 'future_var_l2': nan, 'future_var_pred_norm': nan, 'future_var_target_norm': nan, 'gate/mean': -0.773489125097336, 'gate/std': 0.2720589030525335, 'gate/positive_ratio': 0.025845331796094585, 'gate/negative_ratio': 0.9741546680091141, 'gate/abs_mean': 0.7845545385906929, 'gate/near_zero_ratio': 0.020003915525851176, 'stage': 2, 'epoch': 5}
A2 complementary_gate classification stage 4 epoch 9 {'loss': 0.8936026241091088, 'var_predictive_loss': 0.6384924598327839, 'var_utility_loss': 1.2667804649423705e-07, 'var_conditional_gain_loss': 0.0007372584630329037, 'conditional_pair_MSE': 0.6384544050312354, 'conditional_shuffle_MSE': 1.0531930924497401, 'conditional_gain_mean': 0.4147386873987812, 'conditional_positive_ratio': 0.9795665122435473, 'h_anchor_loss': nan, 'future_var_loss': nan, 'future_var_cosine': nan, 'future_var_l2': nan, 'future_var_pred_norm': nan, 'future_var_target_norm': nan, 'gate/mean': -0.8155771954893877, 'gate/std': 0.24687642054917985, 'gate/positive_ratio': 0.01909007064950243, 'gate/negative_ratio': 0.9809099291630705, 'gate/abs_mean': 0.8249892273397892, 'gate/near_zero_ratio': 0.013310009114775008, 'stage': 4, 'epoch': 9}
A2 complementary_gate classification stage 2 epoch 6 {'loss': 0.6923825409822657, 'var_predictive_loss': 0.3775238528311305, 'var_utility_loss': 1.2576065958733107e-07, 'var_conditional_gain_loss': 0.00019937662896419068, 'conditional_pair_MSE': 0.3775045315067475, 'conditional_shuffle_MSE': 1.370465352338801, 'conditional_gain_mean': 0.9929608210757718, 'conditional_positive_ratio': 0.9930845225027443, 'h_anchor_loss': nan, 'future_var_loss': nan, 'future_var_cosine': nan, 'future_var_l2': nan, 'future_var_pred_norm': nan, 'future_var_target_norm': nan, 'gate/mean': -0.7969372330219715, 'gate/std': 0.2661542059825779, 'gate/positive_ratio': 0.023898859364785367, 'gate/negative_ratio': 0.9761011403847687, 'gate/abs_mean': 0.8075759341289148, 'gate/near_zero_ratio': 0.017639562403796688, 'stage': 2, 'epoch': 6}
A2 STAGE 3 EIIL {'update': 3, 'source_split': 'TRAIN only', 'mean_q_change': 7.720384928688873e-06, 'environment_mass': [0.33424314856529236, 0.3315139412879944, 0.33424293994903564], 'min_environment_mass': 0.3315139412879944, 'environment_risk': [0.2117752879858017, 0.2117752730846405, 0.21177534759044647], 'probe_gradients': [[-0.038734711706638336, -0.037769515067338943], [-0.03873484209179878, -0.03776984289288521], [-0.038737207651138306, -0.037775274366140366]], 'gradient_disagreement': 2.4873500828470618e-11, 'D_within_grad': 0.25528502464294434, 'D_between_grad': 0.2552849352359772, 'gradient_separation': 0.9999996423721313, 'random_partition_repeats': 100, 'conflict_ours': 2.4873500828470618e-11, 'random_partition_conflict_mean': 1.7441602700421673e-15, 'random_partition_conflict_std': 1.903433804345024e-15, 'random_partition_z_score': 24.87175750732422, 'environment_similarity_correlation': 0.24488098430618052, 'hungarian_permutation': [0, 1, 2], 'alignment_overlap_before': 0.33333829045295715, 'alignment_overlap_after': 0.33333829045295715, 'environment_matching_requested': 'overlap', 'environment_matching_used': 'overlap', 'h_prediction_MSE': 0.2117753028869629, 'h_prediction_MAE': 0.30864596366882324, 'h_prediction_drift_from_pretrained': 0.029204223304986954, 'h_prediction_corr_with_pretrained': 0.9810107840770239, 'H_norm': 0.6080834269523621, 'H_norm_ratio_to_pretrained': 0.9521628618240356, 'stage': 3, 'environment_prediction_source': 'H -> frozen pretrained forecast head', 'env_assignment_similarity_to_previous': 0.24488098430618052}
A2 complementary_gate classification stage 4 epoch 10 {'loss': 0.8906502057147282, 'var_predictive_loss': 0.6256307440222147, 'var_utility_loss': 1.1541953704303007e-07, 'var_conditional_gain_loss': 0.000635709714644954, 'conditional_pair_MSE': 0.6256493758274616, 'conditional_shuffle_MSE': 1.0442592504204384, 'conditional_gain_mean': 0.41860987457078785, 'conditional_positive_ratio': 0.9834546657842489, 'h_anchor_loss': nan, 'future_var_loss': nan, 'future_var_cosine': nan, 'future_var_l2': nan, 'future_var_pred_norm': nan, 'future_var_target_norm': nan, 'gate/mean': -0.8254134667318359, 'gate/std': 0.24470755684411175, 'gate/positive_ratio': 0.01869577012901526, 'gate/negative_ratio': 0.9813042296679387, 'gate/abs_mean': 0.8349249610781753, 'gate/near_zero_ratio': 0.012590401193569587, 'stage': 4, 'epoch': 10}
A2 complementary_gate classification stage 3 epoch 7 {'loss': 0.6895052861680683, 'var_predictive_loss': 0.369678532886233, 'var_utility_loss': 9.58801774971243e-08, 'var_conditional_gain_loss': 0.00025832038025170337, 'conditional_pair_MSE': 0.3696835525399309, 'conditional_shuffle_MSE': 1.3268251246828933, 'conditional_gain_mean': 0.9571415720979809, 'conditional_positive_ratio': 0.9930845225027443, 'h_anchor_loss': nan, 'future_var_loss': nan, 'future_var_cosine': nan, 'future_var_l2': nan, 'future_var_pred_norm': nan, 'future_var_target_norm': nan, 'gate/mean': -0.8136860486854253, 'gate/std': 0.261257851878856, 'gate/positive_ratio': 0.022480386745082, 'gate/negative_ratio': 0.9775196131157814, 'gate/abs_mean': 0.8241465354048707, 'gate/near_zero_ratio': 0.015830345777729963, 'stage': 3, 'epoch': 7}
A2 TEST 0.4804935157299042 0.31926384568214417
[Traffic] run B_h_reference on GPU 0
shared_reference source=loaded path=results/predictive_env_reference_all_datasets_k3/Traffic/shared_reference.pt sha256=5282efade28ebc38441c30eb23457a5266603248d59ad9368e078b7cc4639413
A2 complementary_gate classification stage 3 epoch 8 {'loss': 0.6871508667744284, 'var_predictive_loss': 0.3692072075288792, 'var_utility_loss': 7.697926445333597e-08, 'var_conditional_gain_loss': 0.00020413283917042872, 'conditional_pair_MSE': 0.36919842163748984, 'conditional_shuffle_MSE': 1.330731335898164, 'conditional_gain_mean': 0.9615329140905622, 'conditional_positive_ratio': 0.9930845225027443, 'h_anchor_loss': nan, 'future_var_loss': nan, 'future_var_cosine': nan, 'future_var_l2': nan, 'future_var_pred_norm': nan, 'future_var_target_norm': nan, 'gate/mean': -0.8268479762425445, 'gate/std': 0.2561897346729752, 'gate/positive_ratio': 0.021120094284437917, 'gate/negative_ratio': 0.9788799055764255, 'gate/abs_mean': 0.8369702031000598, 'gate/near_zero_ratio': 0.014432608665825146, 'stage': 3, 'epoch': 8}
A2 STAGE 4 EIIL {'update': 4, 'source_split': 'TRAIN only', 'mean_q_change': 3.2618233944958774e-06, 'environment_mass': [0.3342420756816864, 0.3315158486366272, 0.3342420756816864], 'min_environment_mass': 0.3315158486366272, 'environment_risk': [0.22481732070446014, 0.22481736540794373, 0.22481755912303925], 'probe_gradients': [[-0.05247896909713745, -0.04914816841483116], [-0.05247877910733223, -0.04914768412709236], [-0.052480392158031464, -0.04915223270654678]], 'gradient_disagreement': 1.4035235647302802e-11, 'D_within_grad': 0.26784709095954895, 'D_between_grad': 0.2678470313549042, 'gradient_separation': 0.9999997615814209, 'random_partition_repeats': 100, 'conflict_ours': 1.4035235647302802e-11, 'random_partition_conflict_mean': 1.4154419239267055e-15, 'random_partition_conflict_std': 1.1070872027753027e-15, 'random_partition_z_score': 14.033820152282715, 'environment_similarity_correlation': 0.21348888399729493, 'hungarian_permutation': [0, 1, 2], 'alignment_overlap_before': 0.33333829045295715, 'alignment_overlap_after': 0.33333829045295715, 'environment_matching_requested': 'overlap', 'environment_matching_used': 'overlap', 'h_prediction_MSE': 0.2248174399137497, 'h_prediction_MAE': 0.3207748234272003, 'h_prediction_drift_from_pretrained': 0.037883955985307693, 'h_prediction_corr_with_pretrained': 0.975364791435702, 'H_norm': 0.6151793003082275, 'H_norm_ratio_to_pretrained': 0.9631215929985046, 'stage': 4, 'environment_prediction_source': 'H -> frozen pretrained forecast head', 'env_assignment_similarity_to_previous': 0.21348888399729493}
A2 identity {'feature': 0.0}
A2 STAGE 0 EIIL {'update': 0, 'source_split': 'TRAIN only', 'mean_q_change': 0.0026663171593099833, 'environment_mass': [0.3338172435760498, 0.333071768283844, 0.3331109881401062], 'min_environment_mass': 0.333071768283844, 'environment_risk': [0.31333696842193604, 0.313332200050354, 0.31333819031715393], 'probe_gradients': [[-0.02597889117896557, -0.01148335449397564], [-0.02596662938594818, -0.011460763402283192], [-0.025944020599126816, -0.011420738883316517]], 'gradient_disagreement': 2.6368336403237436e-09, 'D_within_grad': 0.281208336353302, 'D_between_grad': 0.281208336353302, 'gradient_separation': 1.0, 'random_partition_repeats': 100, 'conflict_ours': 2.6368336403237436e-09, 'random_partition_conflict_mean': 1.9830798114739423e-10, 'random_partition_conflict_std': 1.7658713380441782e-10, 'random_partition_z_score': 13.809191703796387, 'environment_similarity_correlation': 0.7514672714062035, 'hungarian_permutation': [0, 1, 2], 'alignment_overlap_before': 0.333342045545578, 'alignment_overlap_after': 0.333342045545578, 'environment_matching_requested': 'overlap', 'environment_matching_used': 'overlap', 'h_prediction_MSE': 0.31333574652671814, 'h_prediction_MAE': 0.30112963914871216, 'h_prediction_drift_from_pretrained': 2.073663201600847e-14, 'h_prediction_corr_with_pretrained': 0.9999999999998742, 'H_norm': 0.6241748332977295, 'H_norm_ratio_to_pretrained': 1.0, 'stage': 0, 'environment_prediction_source': 'H -> frozen pretrained forecast head', 'env_assignment_similarity_to_previous': 0.7514672714062035}
A2 complementary_gate classification stage 4 epoch 9 {'loss': 0.685037187937585, 'var_predictive_loss': 0.3640679585354123, 'var_utility_loss': 6.608538282575622e-08, 'var_conditional_gain_loss': 0.00016435916186949292, 'conditional_pair_MSE': 0.3640731574699659, 'conditional_shuffle_MSE': 1.37119548040985, 'conditional_gain_mean': 1.0071223227738615, 'conditional_positive_ratio': 0.9938529088913282, 'h_anchor_loss': nan, 'future_var_loss': nan, 'future_var_cosine': nan, 'future_var_l2': nan, 'future_var_pred_norm': nan, 'future_var_target_norm': nan, 'gate/mean': -0.8369729109811088, 'gate/std': 0.25262457050216214, 'gate/positive_ratio': 0.02034173528810778, 'gate/negative_ratio': 0.9796582645449282, 'gate/abs_mean': 0.8470578325257662, 'gate/near_zero_ratio': 0.013372305712852549, 'stage': 4, 'epoch': 9}
A2 complementary_gate classification stage 4 epoch 10 {'loss': 0.6830487958530882, 'var_predictive_loss': 0.3534505613494903, 'var_utility_loss': 6.120618606937677e-08, 'var_conditional_gain_loss': 0.0001916489636466218, 'conditional_pair_MSE': 0.3534630944827647, 'conditional_shuffle_MSE': 1.3209366150576576, 'conditional_gain_mean': 0.9674735206902093, 'conditional_positive_ratio': 0.9937431394072448, 'h_anchor_loss': nan, 'future_var_loss': nan, 'future_var_cosine': nan, 'future_var_l2': nan, 'future_var_pred_norm': nan, 'future_var_target_norm': nan, 'gate/mean': -0.8454137037351901, 'gate/std': 0.2493636323120186, 'gate/positive_ratio': 0.01968446987191962, 'gate/negative_ratio': 0.9803155299611164, 'gate/abs_mean': 0.8554520186225004, 'gate/near_zero_ratio': 0.012523350280685427, 'stage': 4, 'epoch': 10}
A2 complementary_gate classification stage 0 epoch 1 {'loss': 0.9513651143331189, 'var_predictive_loss': 0.963882467207384, 'var_utility_loss': 5.268334707243423e-05, 'var_conditional_gain_loss': 0.00032431532429749407, 'conditional_pair_MSE': 0.9638899896148417, 'conditional_shuffle_MSE': 1.0224635287488162, 'conditional_gain_mean': 0.05857353913397445, 'conditional_positive_ratio': 0.9680675049636003, 'h_anchor_loss': nan, 'future_var_loss': nan, 'future_var_cosine': nan, 'future_var_l2': nan, 'future_var_pred_norm': nan, 'future_var_target_norm': nan, 'gate/mean': -0.15973144376048637, 'gate/std': 0.24508674763881, 'gate/positive_ratio': 0.289662319619605, 'gate/negative_ratio': 0.7103376795838299, 'gate/abs_mean': 0.2198006161457293, 'gate/near_zero_ratio': 0.3539303674919071, 'stage': 0, 'epoch': 1}
A2 TEST 0.17556314170360565 0.27648088335990906
[Electricity] complete 2026-09-12T15:53:39+00:00
A2 complementary_gate classification stage 0 epoch 2 {'loss': 0.9332401179794046, 'var_predictive_loss': 0.9317740319877542, 'var_utility_loss': 1.6075472439138137e-06, 'var_conditional_gain_loss': 0.0002380597456293655, 'conditional_pair_MSE': 0.9317259517560567, 'conditional_shuffle_MSE': 1.0161948343831368, 'conditional_gain_mean': 0.08446888262708009, 'conditional_positive_ratio': 0.9811383189940437, 'h_anchor_loss': nan, 'future_var_loss': nan, 'future_var_cosine': nan, 'future_var_l2': nan, 'future_var_pred_norm': nan, 'future_var_target_norm': nan, 'gate/mean': -0.48947552011647466, 'gate/std': 0.28055373790142274, 'gate/positive_ratio': 0.0574412605947744, 'gate/negative_ratio': 0.9425587389366579, 'gate/abs_mean': 0.5062348622866993, 'gate/near_zero_ratio': 0.06852592600490076, 'stage': 0, 'epoch': 2}
A2 STAGE 1 EIIL {'update': 1, 'source_split': 'TRAIN only', 'mean_q_change': 0.0026521773543208838, 'environment_mass': [0.3343776762485504, 0.33421996235847473, 0.33140236139297485], 'min_environment_mass': 0.33140236139297485, 'environment_risk': [0.3294326364994049, 0.32943427562713623, 0.3294311463832855], 'probe_gradients': [[0.3309019207954407, -0.12041370570659637], [0.33092954754829407, -0.12038148194551468], [0.3308822214603424, -0.12043686956167221]], 'gradient_disagreement': 2.677927879446429e-09, 'D_within_grad': 0.292817622423172, 'D_between_grad': 0.29281753301620483, 'gradient_separation': 0.9999997019767761, 'random_partition_repeats': 100, 'conflict_ours': 2.677927879446429e-09, 'random_partition_conflict_mean': 7.449926092695236e-13, 'random_partition_conflict_std': 7.494020595050221e-13, 'random_partition_z_score': 2677.182861328125, 'environment_similarity_correlation': -0.18142207446578, 'hungarian_permutation': [1, 2, 0], 'alignment_overlap_before': 0.3333319127559662, 'alignment_overlap_after': 0.3333340883255005, 'environment_matching_requested': 'overlap', 'environment_matching_used': 'overlap', 'h_prediction_MSE': 0.3294326961040497, 'h_prediction_MAE': 0.340943306684494, 'h_prediction_drift_from_pretrained': 0.06354915350675583, 'h_prediction_corr_with_pretrained': 0.9840617059056781, 'H_norm': 0.6003205180168152, 'H_norm_ratio_to_pretrained': 0.9617524147033691, 'stage': 1, 'environment_prediction_source': 'H -> frozen pretrained forecast head', 'env_assignment_similarity_to_previous': -0.18142207446578}
A2 complementary_gate classification stage 1 epoch 3 {'loss': 0.9225545321248404, 'var_predictive_loss': 0.8773370806346559, 'var_utility_loss': 5.637120885768748e-07, 'var_conditional_gain_loss': 0.0004620535322603684, 'conditional_pair_MSE': 0.8772826235073241, 'conditional_shuffle_MSE': 1.0105417942089565, 'conditional_gain_mean': 0.13325917070163235, 'conditional_positive_ratio': 0.976257445400397, 'h_anchor_loss': nan, 'future_var_loss': nan, 'future_var_cosine': nan, 'future_var_l2': nan, 'future_var_pred_norm': nan, 'future_var_target_norm': nan, 'gate/mean': -0.6244216308033499, 'gate/std': 0.27649349882974544, 'gate/positive_ratio': 0.03360532287086148, 'gate/negative_ratio': 0.9663946768323789, 'gate/abs_mean': 0.6359596542570266, 'gate/near_zero_ratio': 0.035372975365686975, 'stage': 1, 'epoch': 3}
A2 complementary_gate classification stage 1 epoch 4 {'loss': 0.9146548570632146, 'var_predictive_loss': 0.8051560065438671, 'var_utility_loss': 2.920366890776511e-07, 'var_conditional_gain_loss': 0.0007662359997383575, 'conditional_pair_MSE': 0.8051220071677693, 'conditional_shuffle_MSE': 1.0157774733287028, 'conditional_gain_mean': 0.21065546616093359, 'conditional_positive_ratio': 0.9736929185969556, 'h_anchor_loss': nan, 'future_var_loss': nan, 'future_var_cosine': nan, 'future_var_l2': nan, 'future_var_pred_norm': nan, 'future_var_target_norm': nan, 'gate/mean': -0.6951122548575053, 'gate/std': 0.2690063069828838, 'gate/positive_ratio': 0.02640923064824244, 'gate/negative_ratio': 0.9735907691018547, 'gate/abs_mean': 0.7053031761666124, 'gate/near_zero_ratio': 0.024660834913923596, 'stage': 1, 'epoch': 4}
A2 STAGE 2 EIIL {'update': 2, 'source_split': 'TRAIN only', 'mean_q_change': 0.0001544694387121126, 'environment_mass': [0.3343244194984436, 0.33432090282440186, 0.33135461807250977], 'min_environment_mass': 0.33135461807250977, 'environment_risk': [0.32785436511039734, 0.3278534710407257, 0.32785525918006897], 'probe_gradients': [[0.23159603774547577, -0.1751914769411087], [0.23161830008029938, -0.17516249418258667], [0.23157308995723724, -0.17522171139717102]], 'gradient_disagreement': 2.775656371412083e-09, 'D_within_grad': 0.28862282633781433, 'D_between_grad': 0.28862279653549194, 'gradient_separation': 0.9999998807907104, 'random_partition_repeats': 100, 'conflict_ours': 2.775656371412083e-09, 'random_partition_conflict_mean': 2.642434339915345e-13, 'random_partition_conflict_std': 3.519678851756497e-13, 'random_partition_z_score': 2775.39208984375, 'environment_similarity_correlation': 0.8327655336302195, 'hungarian_permutation': [0, 1, 2], 'alignment_overlap_before': 0.33333906531333923, 'alignment_overlap_after': 0.33333906531333923, 'environment_matching_requested': 'overlap', 'environment_matching_used': 'overlap', 'h_prediction_MSE': 0.32785433530807495, 'h_prediction_MAE': 0.33408108353614807, 'h_prediction_drift_from_pretrained': 0.06064983457326889, 'h_prediction_corr_with_pretrained': 0.9766357814399186, 'H_norm': 0.5952459573745728, 'H_norm_ratio_to_pretrained': 0.9536742568016052, 'stage': 2, 'environment_prediction_source': 'H -> frozen pretrained forecast head', 'env_assignment_similarity_to_previous': 0.8327655336302195}
A2 complementary_gate classification stage 2 epoch 5 {'loss': 0.9087714890096679, 'var_predictive_loss': 0.7445807800054353, 'var_utility_loss': 2.0290042923819283e-07, 'var_conditional_gain_loss': 0.0009900067521790492, 'conditional_pair_MSE': 0.7445864464315968, 'conditional_shuffle_MSE': 1.0261891835537436, 'conditional_gain_mean': 0.2816027371270778, 'conditional_positive_ratio': 0.9729483785572468, 'h_anchor_loss': nan, 'future_var_loss': nan, 'future_var_cosine': nan, 'future_var_l2': nan, 'future_var_pred_norm': nan, 'future_var_target_norm': nan, 'gate/mean': -0.738384162607218, 'gate/std': 0.2630683693909693, 'gate/positive_ratio': 0.023551943302295326, 'gate/negative_ratio': 0.9764480564478019, 'gate/abs_mean': 0.7481973970788427, 'gate/near_zero_ratio': 0.019984027308476968, 'stage': 2, 'epoch': 5}
A2 complementary_gate classification stage 2 epoch 6 {'loss': 0.9038745553065569, 'var_predictive_loss': 0.7073135425770352, 'var_utility_loss': 1.7281099120156567e-07, 'var_conditional_gain_loss': 0.0008743376496373068, 'conditional_pair_MSE': 0.7073204810370541, 'conditional_shuffle_MSE': 1.0323606057254033, 'conditional_gain_mean': 0.3250401246575312, 'conditional_positive_ratio': 0.9758438120450033, 'h_anchor_loss': nan, 'future_var_loss': nan, 'future_var_cosine': nan, 'future_var_l2': nan, 'future_var_pred_norm': nan, 'future_var_target_norm': nan, 'gate/mean': -0.7665924136519932, 'gate/std': 0.25850282209074993, 'gate/positive_ratio': 0.022038671090605075, 'gate/negative_ratio': 0.9779613286438732, 'gate/abs_mean': 0.7762769610681481, 'gate/near_zero_ratio': 0.017444656315958346, 'stage': 2, 'epoch': 6}
A2 STAGE 3 EIIL {'update': 3, 'source_split': 'TRAIN only', 'mean_q_change': 6.607909017475322e-05, 'environment_mass': [0.3343065679073334, 0.3343064785003662, 0.3313869833946228], 'min_environment_mass': 0.3313869833946228, 'environment_risk': [0.3344076871871948, 0.3344078063964844, 0.3344077467918396], 'probe_gradients': [[0.2183321714401245, -0.13948757946491241], [0.2183743417263031, -0.13943226635456085], [0.21828918159008026, -0.1395440697669983]], 'gradient_disagreement': 9.876468531899718e-09, 'D_within_grad': 0.3139705955982208, 'D_between_grad': 0.31397050619125366, 'gradient_separation': 0.9999997019767761, 'random_partition_repeats': 100, 'conflict_ours': 9.876468531899718e-09, 'random_partition_conflict_mean': 7.741910411362962e-13, 'random_partition_conflict_std': 8.108797921319022e-13, 'random_partition_z_score': 9875.6943359375, 'environment_similarity_correlation': 0.9588969840174193, 'hungarian_permutation': [0, 1, 2], 'alignment_overlap_before': 0.333339124917984, 'alignment_overlap_after': 0.333339124917984, 'environment_matching_requested': 'overlap', 'environment_matching_used': 'overlap', 'h_prediction_MSE': 0.3344077169895172, 'h_prediction_MAE': 0.3386167287826538, 'h_prediction_drift_from_pretrained': 0.061557572335004807, 'h_prediction_corr_with_pretrained': 0.972565404393349, 'H_norm': 0.6013392210006714, 'H_norm_ratio_to_pretrained': 0.9631189107894897, 'stage': 3, 'environment_prediction_source': 'H -> frozen pretrained forecast head', 'env_assignment_similarity_to_previous': 0.9588969840174193}
A2 complementary_gate classification stage 3 epoch 7 {'loss': 0.8996772153107365, 'var_predictive_loss': 0.6802629109401166, 'var_utility_loss': 1.501194405008345e-07, 'var_conditional_gain_loss': 0.0007632745073616386, 'conditional_pair_MSE': 0.6802839213929217, 'conditional_shuffle_MSE': 1.036640619125629, 'conditional_gain_mean': 0.35635669773517265, 'conditional_positive_ratio': 0.9794837855724685, 'h_anchor_loss': nan, 'future_var_loss': nan, 'future_var_cosine': nan, 'future_var_l2': nan, 'future_var_pred_norm': nan, 'future_var_target_norm': nan, 'gate/mean': -0.7879747575769226, 'gate/std': 0.2538510074848422, 'gate/positive_ratio': 0.020716462131566093, 'gate/negative_ratio': 0.9792835375872933, 'gate/abs_mean': 0.7975132547258035, 'gate/near_zero_ratio': 0.015554945527395921, 'stage': 3, 'epoch': 7}
A2 complementary_gate classification stage 3 epoch 8 {'loss': 0.8964440987956139, 'var_predictive_loss': 0.661274576009651, 'var_utility_loss': 1.3380587752168548e-07, 'var_conditional_gain_loss': 0.0006848672425841591, 'conditional_pair_MSE': 0.661274904282893, 'conditional_shuffle_MSE': 1.038999671746393, 'conditional_gain_mean': 0.37772476748568895, 'conditional_positive_ratio': 0.9812210456651225, 'h_anchor_loss': nan, 'future_var_loss': nan, 'future_var_cosine': nan, 'future_var_l2': nan, 'future_var_pred_norm': nan, 'future_var_target_norm': nan, 'gate/mean': -0.8033158429055379, 'gate/std': 0.25037484743386235, 'gate/positive_ratio': 0.019915192220994873, 'gate/negative_ratio': 0.9800848075134834, 'gate/abs_mean': 0.8128165447931167, 'gate/near_zero_ratio': 0.014329000581711757, 'stage': 3, 'epoch': 8}
A2 STAGE 4 EIIL {'update': 4, 'source_split': 'TRAIN only', 'mean_q_change': 9.550617687636986e-05, 'environment_mass': [0.3343181908130646, 0.3343181908130646, 0.33136358857154846], 'min_environment_mass': 0.33136358857154846, 'environment_risk': [0.3355342745780945, 0.33552709221839905, 0.3355411887168884], 'probe_gradients': [[0.12737393379211426, -0.1536758840084076], [0.1274496614933014, -0.15356320142745972], [0.12730151414871216, -0.1537833958864212]], 'gradient_disagreement': 3.522289659940725e-08, 'D_within_grad': 0.32076582312583923, 'D_between_grad': 0.32076558470726013, 'gradient_separation': 0.9999992847442627, 'random_partition_repeats': 100, 'conflict_ours': 3.522289659940725e-08, 'random_partition_conflict_mean': 3.591978710998367e-12, 'random_partition_conflict_std': 4.415336152252536e-12, 'random_partition_z_score': 7976.5849609375, 'environment_similarity_correlation': 0.9836854295787435, 'hungarian_permutation': [0, 1, 2], 'alignment_overlap_before': 0.333339124917984, 'alignment_overlap_after': 0.333339124917984, 'environment_matching_requested': 'overlap', 'environment_matching_used': 'overlap', 'h_prediction_MSE': 0.3355342149734497, 'h_prediction_MAE': 0.3328820466995239, 'h_prediction_drift_from_pretrained': 0.05807984992861748, 'h_prediction_corr_with_pretrained': 0.967031432296298, 'H_norm': 0.5868894457817078, 'H_norm_ratio_to_pretrained': 0.9403095841407776, 'stage': 4, 'environment_prediction_source': 'H -> frozen pretrained forecast head', 'env_assignment_similarity_to_previous': 0.9836854295787435}
A2 complementary_gate classification stage 4 epoch 9 {'loss': 0.8935814630206308, 'var_predictive_loss': 0.6413408916385042, 'var_utility_loss': 1.264789253260619e-07, 'var_conditional_gain_loss': 0.0007069913397988762, 'conditional_pair_MSE': 0.6413124840395941, 'conditional_shuffle_MSE': 1.0474389898291807, 'conditional_gain_mean': 0.4061265057871213, 'conditional_positive_ratio': 0.9805592322964924, 'h_anchor_loss': nan, 'future_var_loss': nan, 'future_var_cosine': nan, 'future_var_l2': nan, 'future_var_pred_norm': nan, 'future_var_target_norm': nan, 'gate/mean': -0.8155948717005518, 'gate/std': 0.24690966660499172, 'gate/positive_ratio': 0.019111872888751123, 'gate/negative_ratio': 0.9808881269082028, 'gate/abs_mean': 0.8250166493933347, 'gate/near_zero_ratio': 0.013314878064853992, 'stage': 4, 'epoch': 9}
A2 complementary_gate classification stage 4 epoch 10 {'loss': 0.8906312763345843, 'var_predictive_loss': 0.6336013025937739, 'var_utility_loss': 1.1594236190932572e-07, 'var_conditional_gain_loss': 0.0005592528723234534, 'conditional_pair_MSE': 0.6336075446360716, 'conditional_shuffle_MSE': 1.0458644891119533, 'conditional_gain_mean': 0.41225694446601985, 'conditional_positive_ratio': 0.9846128391793514, 'h_anchor_loss': nan, 'future_var_loss': nan, 'future_var_cosine': nan, 'future_var_l2': nan, 'future_var_pred_norm': nan, 'future_var_target_norm': nan, 'gate/mean': -0.8254807470099644, 'gate/std': 0.2447120823912981, 'gate/positive_ratio': 0.01871014335136664, 'gate/negative_ratio': 0.9812898563674927, 'gate/abs_mean': 0.8349944878263387, 'gate/near_zero_ratio': 0.012595692698055331, 'stage': 4, 'epoch': 10}
A2 TEST 0.48059970140457153 0.31942129135131836
[Traffic] complete 2026-09-12T19:01:36+00:00
results/predictive_env_reference_all_datasets_k3/all_datasets_summary.txt
PredictiveEnvIV H-reference multi-dataset comparison
fixed: A2 K=3 seed=2021 classification complementary_gate direct_gated
fixed: conditional_gain=0.2, total_epochs=10, stage_epochs=2
Each dataset uses its own shared warm-up reference; A/B share its hash.

dataset variant MSE MAE inv_MSE inv_minus_full main_positive conditional_positive corr_conditional_main env_separation min_env_mass env_assignment_similarity fusion_rms_ratio g_mean var_acc inv_acc corr_var_env corr_inv_env reference_sha256
ETTh1 A_current 0.393727660 0.408732593 0.390846163 -0.002881486 0.494794 0.629670 0.140585 1.290956 0.329672 0.936341 0.283868 0.009085 0.662564 0.405018 0.037634 0.028273 cfc624bc956d6b28ad507cffe6ed782445df170f77a8a0145bdefa35dee90d82
ETTh1 B_h_reference 0.394530773 0.409475833 0.391744137 -0.002786647 0.490844 0.653376 0.103159 1.315274 0.329941 0.931347 0.287796 0.009539 0.638182 0.406675 0.034560 0.029346 cfc624bc956d6b28ad507cffe6ed782445df170f77a8a0145bdefa35dee90d82
ETTh1 B_minus_A_MSE +0.000803113
ETTh2 A_current 0.292246401 0.343381792 0.290549666 -0.001696750 0.345781 0.606322 0.015183 1.363938 0.328132 0.841276 0.351910 0.020635 0.618653 0.466919 0.019039 0.018038 815813810a7ef4cf106f1d75e329a92e6ec408cf997189758d9e25645323aab7
ETTh2 B_h_reference 0.295934707 0.345204622 0.293725967 -0.002208759 0.304488 0.607040 0.040875 1.300106 0.327347 0.862433 0.355740 0.019721 0.653450 0.512368 0.022952 0.017699 815813810a7ef4cf106f1d75e329a92e6ec408cf997189758d9e25645323aab7
ETTh2 B_minus_A_MSE +0.003688306
ETTm1 A_current 0.335712582 0.370852262 0.334868252 -0.000844347 0.478512 0.555322 0.078211 1.265807 0.331519 0.893108 0.235465 0.001026 0.638250 0.441619 0.019727 0.010937 43cb3aff3d6bab55dab11b8df89dc34b026cad2089306dd2f2e1b480e3c021c6
ETTm1 B_h_reference 0.335524976 0.370572597 0.334767640 -0.000757314 0.481926 0.584646 0.058648 1.422517 0.330895 0.944677 0.237243 0.001311 0.706072 0.417440 0.054035 0.023139 43cb3aff3d6bab55dab11b8df89dc34b026cad2089306dd2f2e1b480e3c021c6
ETTm1 B_minus_A_MSE -0.000187606
ETTm2 A_current 0.190027118 0.272359520 0.188941985 -0.001085121 0.301094 0.526961 0.030225 1.160732 0.330270 0.911237 0.254349 0.004313 0.540836 0.437080 0.016265 0.003372 06366ba2295a158261d1e926567f2bcf33e12c0f00158e63bb240bb9bc8ba4e2
ETTm2 B_h_reference 0.189793050 0.271996170 0.188406527 -0.001386513 0.298556 0.536590 0.046836 1.182754 0.327594 0.959172 0.255127 0.004571 0.592569 0.439844 0.021915 0.004268 06366ba2295a158261d1e926567f2bcf33e12c0f00158e63bb240bb9bc8ba4e2
ETTm2 B_minus_A_MSE -0.000234067
Electricity A_current 0.175661221 0.276675940 0.175694317 0.000033084 0.891384 0.969791 0.067943 1.000000 0.331516 0.032672 0.141859 0.000035 0.534383 0.510345 -0.004431 -0.002185 90d283a82a16114d5dfa0181fe932d474f565b6f2e819bc0b1ca7c4d285d84f5
Electricity B_h_reference 0.175563142 0.276480883 0.175593480 0.000030363 0.890223 0.996708 0.096614 1.000000 0.331516 0.213489 0.142020 0.000033 0.512705 0.502717 -0.010791 -0.010202 90d283a82a16114d5dfa0181fe932d474f565b6f2e819bc0b1ca7c4d285d84f5
Electricity B_minus_A_MSE -0.000098079
ExchangeRate A_current 0.088852100 0.207313761 0.087774269 -0.001077828 0.361463 0.477496 0.052098 1.309757 0.330862 0.932367 0.512226 0.058188 0.533984 0.334180 0.004293 0.003078 40212dd36c474220870f14317a408b71880eb331f97f06677ce168d1b5eddfc5
ExchangeRate B_h_reference 0.090316504 0.208852455 0.089539580 -0.000776908 0.414909 0.483826 0.025151 1.390553 0.329115 0.927321 0.499787 0.054029 0.591602 0.305469 0.162974 0.151759 40212dd36c474220870f14317a408b71880eb331f97f06677ce168d1b5eddfc5
ExchangeRate B_minus_A_MSE +0.001464404
Weather A_current 0.174328670 0.214941353 0.174329013 0.000000341 0.528533 0.539353 0.040257 1.168667 0.328791 0.882152 0.161242 0.000188 0.469206 0.409363 0.011515 0.001548 4752f5cae5e6d9bccf4f4227f668db382eb15f54d079a1c2b50ad1096bc97701
Weather B_h_reference 0.173965722 0.215339050 0.173990250 0.000024530 0.565205 0.538874 0.079794 1.286665 0.325794 0.915939 0.158330 0.000319 0.543929 0.391214 0.012527 -0.000759 4752f5cae5e6d9bccf4f4227f668db382eb15f54d079a1c2b50ad1096bc97701
Weather B_minus_A_MSE -0.000362948
Traffic A_current 0.480493516 0.319263846 0.480813324 0.000319854 0.704366 0.717468 0.058323 1.000000 0.331364 0.933705 0.142349 0.000173 0.531061 0.587476 -0.069618 -0.024353 5282efade28ebc38441c30eb23457a5266603248d59ad9368e078b7cc4639413
Traffic B_h_reference 0.480599701 0.319421291 0.480915964 0.000316269 0.711105 0.760258 0.103825 0.999999 0.331364 0.983685 0.142295 0.000171 0.540905 0.468277 -0.101163 -0.021170 5282efade28ebc38441c30eb23457a5266603248d59ad9368e078b7cc4639413
Traffic B_minus_A_MSE +0.000106186

B_h_reference_wins: 4/8
mean_B_minus_A_MSE: +0.000647414

===== FIVE-WAY COMPLETION START 2026-09-13T04:45:54+00:00 commit=f2cb17b40c5cd2662178b5f0ddfc0d00d32af351 =====
[Traffic] start 2026-09-13T04:45:54+00:00 GPU=0
[Weather] start 2026-09-13T04:45:54+00:00 GPU=2
[Electricity] start 2026-09-13T04:45:54+00:00 GPU=1
[ETTm2] start 2026-09-13T04:45:54+00:00 GPU=3
5282efade28ebc38441c30eb23457a5266603248d59ad9368e078b7cc4639413  results/predictive_env_reference_all_datasets_k3/Traffic/shared_reference.pt
[Traffic] run A0_patchtst on GPU 0
90d283a82a16114d5dfa0181fe932d474f565b6f2e819bc0b1ca7c4d285d84f5  results/predictive_env_reference_all_datasets_k3/Electricity/shared_reference.pt
[Electricity] run A0_patchtst on GPU 1
06366ba2295a158261d1e926567f2bcf33e12c0f00158e63bb240bb9bc8ba4e2  results/predictive_env_reference_all_datasets_k3/ETTm2/shared_reference.pt
[ETTm2] run A0_patchtst on GPU 3
4752f5cae5e6d9bccf4f4227f668db382eb15f54d079a1c2b50ad1096bc97701  results/predictive_env_reference_all_datasets_k3/Weather/shared_reference.pt
[Weather] run A0_patchtst on GPU 2
shared_reference source=loaded path=results/predictive_env_reference_all_datasets_k3/ETTm2/shared_reference.pt sha256=06366ba2295a158261d1e926567f2bcf33e12c0f00158e63bb240bb9bc8ba4e2
shared_reference source=loaded path=results/predictive_env_reference_all_datasets_k3/Weather/shared_reference.pt sha256=4752f5cae5e6d9bccf4f4227f668db382eb15f54d079a1c2b50ad1096bc97701
shared_reference source=loaded path=results/predictive_env_reference_all_datasets_k3/Electricity/shared_reference.pt sha256=90d283a82a16114d5dfa0181fe932d474f565b6f2e819bc0b1ca7c4d285d84f5
shared_reference source=loaded path=results/predictive_env_reference_all_datasets_k3/Traffic/shared_reference.pt sha256=5282efade28ebc38441c30eb23457a5266603248d59ad9368e078b7cc4639413
A0 identity {'feature': 0.0}
A0 identity {'feature': 0.0}
A0 complementary_gate classification stage 0 epoch 1 {'loss': 0.22797043328368385, 'var_predictive_loss': nan, 'var_utility_loss': nan, 'var_conditional_gain_loss': nan, 'conditional_pair_MSE': nan, 'conditional_shuffle_MSE': nan, 'conditional_gain_mean': nan, 'conditional_positive_ratio': nan, 'h_anchor_loss': nan, 'future_var_loss': nan, 'future_var_cosine': nan, 'future_var_l2': nan, 'future_var_pred_norm': nan, 'future_var_target_norm': nan, 'gate/mean': nan, 'gate/std': nan, 'gate/positive_ratio': nan, 'gate/negative_ratio': nan, 'gate/abs_mean': nan, 'gate/near_zero_ratio': nan, 'stage': 0, 'epoch': 1}
A0 complementary_gate classification stage 0 epoch 2 {'loss': 0.22384385090581208, 'var_predictive_loss': nan, 'var_utility_loss': nan, 'var_conditional_gain_loss': nan, 'conditional_pair_MSE': nan, 'conditional_shuffle_MSE': nan, 'conditional_gain_mean': nan, 'conditional_positive_ratio': nan, 'h_anchor_loss': nan, 'future_var_loss': nan, 'future_var_cosine': nan, 'future_var_l2': nan, 'future_var_pred_norm': nan, 'future_var_target_norm': nan, 'gate/mean': nan, 'gate/std': nan, 'gate/positive_ratio': nan, 'gate/negative_ratio': nan, 'gate/abs_mean': nan, 'gate/near_zero_ratio': nan, 'stage': 0, 'epoch': 2}
A0 complementary_gate classification stage 1 epoch 3 {'loss': 0.2213812032619188, 'var_predictive_loss': nan, 'var_utility_loss': nan, 'var_conditional_gain_loss': nan, 'conditional_pair_MSE': nan, 'conditional_shuffle_MSE': nan, 'conditional_gain_mean': nan, 'conditional_positive_ratio': nan, 'h_anchor_loss': nan, 'future_var_loss': nan, 'future_var_cosine': nan, 'future_var_l2': nan, 'future_var_pred_norm': nan, 'future_var_target_norm': nan, 'gate/mean': nan, 'gate/std': nan, 'gate/positive_ratio': nan, 'gate/negative_ratio': nan, 'gate/abs_mean': nan, 'gate/near_zero_ratio': nan, 'stage': 1, 'epoch': 3}
A0 complementary_gate classification stage 0 epoch 1 {'loss': 0.49084980191489147, 'var_predictive_loss': nan, 'var_utility_loss': nan, 'var_conditional_gain_loss': nan, 'conditional_pair_MSE': nan, 'conditional_shuffle_MSE': nan, 'conditional_gain_mean': nan, 'conditional_positive_ratio': nan, 'h_anchor_loss': nan, 'future_var_loss': nan, 'future_var_cosine': nan, 'future_var_l2': nan, 'future_var_pred_norm': nan, 'future_var_target_norm': nan, 'gate/mean': nan, 'gate/std': nan, 'gate/positive_ratio': nan, 'gate/negative_ratio': nan, 'gate/abs_mean': nan, 'gate/near_zero_ratio': nan, 'stage': 0, 'epoch': 1}
A0 complementary_gate classification stage 1 epoch 4 {'loss': 0.22167506290729655, 'var_predictive_loss': nan, 'var_utility_loss': nan, 'var_conditional_gain_loss': nan, 'conditional_pair_MSE': nan, 'conditional_shuffle_MSE': nan, 'conditional_gain_mean': nan, 'conditional_positive_ratio': nan, 'h_anchor_loss': nan, 'future_var_loss': nan, 'future_var_cosine': nan, 'future_var_l2': nan, 'future_var_pred_norm': nan, 'future_var_target_norm': nan, 'gate/mean': nan, 'gate/std': nan, 'gate/positive_ratio': nan, 'gate/negative_ratio': nan, 'gate/abs_mean': nan, 'gate/near_zero_ratio': nan, 'stage': 1, 'epoch': 4}
A0 complementary_gate classification stage 2 epoch 5 {'loss': 0.21920073199410772, 'var_predictive_loss': nan, 'var_utility_loss': nan, 'var_conditional_gain_loss': nan, 'conditional_pair_MSE': nan, 'conditional_shuffle_MSE': nan, 'conditional_gain_mean': nan, 'conditional_positive_ratio': nan, 'h_anchor_loss': nan, 'future_var_loss': nan, 'future_var_cosine': nan, 'future_var_l2': nan, 'future_var_pred_norm': nan, 'future_var_target_norm': nan, 'gate/mean': nan, 'gate/std': nan, 'gate/positive_ratio': nan, 'gate/negative_ratio': nan, 'gate/abs_mean': nan, 'gate/near_zero_ratio': nan, 'stage': 2, 'epoch': 5}
A0 complementary_gate classification stage 0 epoch 2 {'loss': 0.49169310253785814, 'var_predictive_loss': nan, 'var_utility_loss': nan, 'var_conditional_gain_loss': nan, 'conditional_pair_MSE': nan, 'conditional_shuffle_MSE': nan, 'conditional_gain_mean': nan, 'conditional_positive_ratio': nan, 'h_anchor_loss': nan, 'future_var_loss': nan, 'future_var_cosine': nan, 'future_var_l2': nan, 'future_var_pred_norm': nan, 'future_var_target_norm': nan, 'gate/mean': nan, 'gate/std': nan, 'gate/positive_ratio': nan, 'gate/negative_ratio': nan, 'gate/abs_mean': nan, 'gate/near_zero_ratio': nan, 'stage': 0, 'epoch': 2}
A0 complementary_gate classification stage 2 epoch 6 {'loss': 0.21572749693033308, 'var_predictive_loss': nan, 'var_utility_loss': nan, 'var_conditional_gain_loss': nan, 'conditional_pair_MSE': nan, 'conditional_shuffle_MSE': nan, 'conditional_gain_mean': nan, 'conditional_positive_ratio': nan, 'h_anchor_loss': nan, 'future_var_loss': nan, 'future_var_cosine': nan, 'future_var_l2': nan, 'future_var_pred_norm': nan, 'future_var_target_norm': nan, 'gate/mean': nan, 'gate/std': nan, 'gate/positive_ratio': nan, 'gate/negative_ratio': nan, 'gate/abs_mean': nan, 'gate/near_zero_ratio': nan, 'stage': 2, 'epoch': 6}
A0 identity {'feature': 0.0}
A0 complementary_gate classification stage 3 epoch 7 {'loss': 0.21353198195612708, 'var_predictive_loss': nan, 'var_utility_loss': nan, 'var_conditional_gain_loss': nan, 'conditional_pair_MSE': nan, 'conditional_shuffle_MSE': nan, 'conditional_gain_mean': nan, 'conditional_positive_ratio': nan, 'h_anchor_loss': nan, 'future_var_loss': nan, 'future_var_cosine': nan, 'future_var_l2': nan, 'future_var_pred_norm': nan, 'future_var_target_norm': nan, 'gate/mean': nan, 'gate/std': nan, 'gate/positive_ratio': nan, 'gate/negative_ratio': nan, 'gate/abs_mean': nan, 'gate/near_zero_ratio': nan, 'stage': 3, 'epoch': 7}
A0 complementary_gate classification stage 3 epoch 8 {'loss': 0.2114140103584112, 'var_predictive_loss': nan, 'var_utility_loss': nan, 'var_conditional_gain_loss': nan, 'conditional_pair_MSE': nan, 'conditional_shuffle_MSE': nan, 'conditional_gain_mean': nan, 'conditional_positive_ratio': nan, 'h_anchor_loss': nan, 'future_var_loss': nan, 'future_var_cosine': nan, 'future_var_l2': nan, 'future_var_pred_norm': nan, 'future_var_target_norm': nan, 'gate/mean': nan, 'gate/std': nan, 'gate/positive_ratio': nan, 'gate/negative_ratio': nan, 'gate/abs_mean': nan, 'gate/near_zero_ratio': nan, 'stage': 3, 'epoch': 8}
A0 complementary_gate classification stage 1 epoch 3 {'loss': 0.4867274500397152, 'var_predictive_loss': nan, 'var_utility_loss': nan, 'var_conditional_gain_loss': nan, 'conditional_pair_MSE': nan, 'conditional_shuffle_MSE': nan, 'conditional_gain_mean': nan, 'conditional_positive_ratio': nan, 'h_anchor_loss': nan, 'future_var_loss': nan, 'future_var_cosine': nan, 'future_var_l2': nan, 'future_var_pred_norm': nan, 'future_var_target_norm': nan, 'gate/mean': nan, 'gate/std': nan, 'gate/positive_ratio': nan, 'gate/negative_ratio': nan, 'gate/abs_mean': nan, 'gate/near_zero_ratio': nan, 'stage': 1, 'epoch': 3}
A0 complementary_gate classification stage 4 epoch 9 {'loss': 0.20884061187505723, 'var_predictive_loss': nan, 'var_utility_loss': nan, 'var_conditional_gain_loss': nan, 'conditional_pair_MSE': nan, 'conditional_shuffle_MSE': nan, 'conditional_gain_mean': nan, 'conditional_positive_ratio': nan, 'h_anchor_loss': nan, 'future_var_loss': nan, 'future_var_cosine': nan, 'future_var_l2': nan, 'future_var_pred_norm': nan, 'future_var_target_norm': nan, 'gate/mean': nan, 'gate/std': nan, 'gate/positive_ratio': nan, 'gate/negative_ratio': nan, 'gate/abs_mean': nan, 'gate/near_zero_ratio': nan, 'stage': 4, 'epoch': 9}
A0 complementary_gate classification stage 4 epoch 10 {'loss': 0.20671050260926402, 'var_predictive_loss': nan, 'var_utility_loss': nan, 'var_conditional_gain_loss': nan, 'conditional_pair_MSE': nan, 'conditional_shuffle_MSE': nan, 'conditional_gain_mean': nan, 'conditional_positive_ratio': nan, 'h_anchor_loss': nan, 'future_var_loss': nan, 'future_var_cosine': nan, 'future_var_l2': nan, 'future_var_pred_norm': nan, 'future_var_target_norm': nan, 'gate/mean': nan, 'gate/std': nan, 'gate/positive_ratio': nan, 'gate/negative_ratio': nan, 'gate/abs_mean': nan, 'gate/near_zero_ratio': nan, 'stage': 4, 'epoch': 10}
A0 identity {'feature': 0.0}
A0 TEST 0.18843428790569305 0.272525429725647
[ETTm2] reuse verified A_current
[ETTm2] reuse verified B_h_reference
[ETTm2] run C_gradient_isolated on GPU 3
A0 complementary_gate classification stage 1 epoch 4 {'loss': 0.4862376303000355, 'var_predictive_loss': nan, 'var_utility_loss': nan, 'var_conditional_gain_loss': nan, 'conditional_pair_MSE': nan, 'conditional_shuffle_MSE': nan, 'conditional_gain_mean': nan, 'conditional_positive_ratio': nan, 'h_anchor_loss': nan, 'future_var_loss': nan, 'future_var_cosine': nan, 'future_var_l2': nan, 'future_var_pred_norm': nan, 'future_var_target_norm': nan, 'gate/mean': nan, 'gate/std': nan, 'gate/positive_ratio': nan, 'gate/negative_ratio': nan, 'gate/abs_mean': nan, 'gate/near_zero_ratio': nan, 'stage': 1, 'epoch': 4}
shared_reference source=loaded path=results/predictive_env_reference_all_datasets_k3/ETTm2/shared_reference.pt sha256=06366ba2295a158261d1e926567f2bcf33e12c0f00158e63bb240bb9bc8ba4e2
A2 identity {'feature': 0.0}
A2 STAGE 0 EIIL {'update': 0, 'source_split': 'TRAIN only', 'mean_q_change': 0.26923123002052307, 'environment_mass': [0.32627564668655396, 0.336159884929657, 0.33756446838378906], 'min_environment_mass': 0.32627564668655396, 'environment_risk': [0.3528584837913513, 0.18478894233703613, 0.11774951219558716], 'probe_gradients': [[0.4391944110393524, 0.012798381969332695], [-0.09131583571434021, 0.14700749516487122], [0.001165521563962102, 0.04620638117194176]], 'gradient_disagreement': 0.17038406431674957, 'D_within_grad': 0.5909826755523682, 'D_between_grad': 0.6486166715621948, 'gradient_separation': 1.097522258758545, 'random_partition_repeats': 100, 'conflict_ours': 0.17038406431674957, 'random_partition_conflict_mean': 2.6190245989710093e-05, 'random_partition_conflict_std': 3.3772790629882365e-05, 'random_partition_z_score': 5044.234375, 'environment_similarity_correlation': -0.0005885313575798348, 'hungarian_permutation': [1, 0, 2], 'alignment_overlap_before': 0.33333688974380493, 'alignment_overlap_after': 0.3333403468132019, 'environment_matching_requested': 'overlap', 'environment_matching_used': 'overlap', 'h_prediction_MSE': 0.21699579060077667, 'h_prediction_MAE': 0.26226887106895447, 'h_prediction_drift_from_pretrained': 5.181977317679411e-15, 'h_prediction_corr_with_pretrained': 1.0, 'H_norm': 0.9254981279373169, 'H_norm_ratio_to_pretrained': 1.0, 'stage': 0, 'environment_prediction_source': 'H -> frozen pretrained forecast head', 'env_assignment_similarity_to_previous': -0.0005885313575798348}
A0 complementary_gate classification stage 2 epoch 5 {'loss': 0.48286708098135517, 'var_predictive_loss': nan, 'var_utility_loss': nan, 'var_conditional_gain_loss': nan, 'conditional_pair_MSE': nan, 'conditional_shuffle_MSE': nan, 'conditional_gain_mean': nan, 'conditional_positive_ratio': nan, 'h_anchor_loss': nan, 'future_var_loss': nan, 'future_var_cosine': nan, 'future_var_l2': nan, 'future_var_pred_norm': nan, 'future_var_target_norm': nan, 'gate/mean': nan, 'gate/std': nan, 'gate/positive_ratio': nan, 'gate/negative_ratio': nan, 'gate/abs_mean': nan, 'gate/near_zero_ratio': nan, 'stage': 2, 'epoch': 5}
A2 complementary_gate classification stage 0 epoch 1 {'loss': 0.6707135236817737, 'var_predictive_loss': 0.2761005533157393, 'var_utility_loss': 0.00022744849479390406, 'var_conditional_gain_loss': 0.0008288944652022228, 'conditional_pair_MSE': 0.2761788657782196, 'conditional_shuffle_MSE': 0.29477611530041153, 'conditional_gain_mean': 0.01859724952240871, 'conditional_positive_ratio': 0.8634485567970205, 'h_anchor_loss': nan, 'future_var_loss': nan, 'future_var_cosine': nan, 'future_var_l2': nan, 'future_var_pred_norm': nan, 'future_var_target_norm': nan, 'gate/mean': -0.06503373256644523, 'gate/std': 0.18514502482813053, 'gate/positive_ratio': 0.37301006865678893, 'gate/negative_ratio': 0.6269899306666861, 'gate/abs_mean': 0.15085829028796865, 'gate/near_zero_ratio': 0.4345793508741439, 'stage': 0, 'epoch': 1}
A2 complementary_gate classification stage 0 epoch 2 {'loss': 0.6592742117615633, 'var_predictive_loss': 0.26757384221914204, 'var_utility_loss': 6.773379379896945e-05, 'var_conditional_gain_loss': 0.0007671124777538542, 'conditional_pair_MSE': 0.26776113487402126, 'conditional_shuffle_MSE': 0.2973658316691746, 'conditional_gain_mean': 0.029604696796345698, 'conditional_positive_ratio': 0.8938547486033519, 'h_anchor_loss': nan, 'future_var_loss': nan, 'future_var_cosine': nan, 'future_var_l2': nan, 'future_var_pred_norm': nan, 'future_var_target_norm': nan, 'gate/mean': -0.27300972075961605, 'gate/std': 0.2750441216208792, 'gate/positive_ratio': 0.16459348621478, 'gate/negative_ratio': 0.83540651378522, 'gate/abs_mean': 0.3231036964588035, 'gate/near_zero_ratio': 0.17416876887342414, 'stage': 0, 'epoch': 2}
A0 complementary_gate classification stage 2 epoch 6 {'loss': 0.4785390398558473, 'var_predictive_loss': nan, 'var_utility_loss': nan, 'var_conditional_gain_loss': nan, 'conditional_pair_MSE': nan, 'conditional_shuffle_MSE': nan, 'conditional_gain_mean': nan, 'conditional_positive_ratio': nan, 'h_anchor_loss': nan, 'future_var_loss': nan, 'future_var_cosine': nan, 'future_var_l2': nan, 'future_var_pred_norm': nan, 'future_var_target_norm': nan, 'gate/mean': nan, 'gate/std': nan, 'gate/positive_ratio': nan, 'gate/negative_ratio': nan, 'gate/abs_mean': nan, 'gate/near_zero_ratio': nan, 'stage': 2, 'epoch': 6}
A2 STAGE 1 EIIL {'update': 1, 'source_split': 'TRAIN only', 'mean_q_change': 0.2183898538351059, 'environment_mass': [0.3285522162914276, 0.33382099866867065, 0.3376268148422241], 'min_environment_mass': 0.3285522162914276, 'environment_risk': [0.3255413770675659, 0.2134823501110077, 0.10129295289516449], 'probe_gradients': [[0.4476139545440674, -0.04900958761572838], [-0.040291354060173035, 0.25336596369743347], [-0.01375641394406557, -0.0714796930551529]], 'gradient_disagreement': 0.21635966002941132, 'D_within_grad': 0.5423034429550171, 'D_between_grad': 0.6382007002830505, 'gradient_separation': 1.176833152770996, 'random_partition_repeats': 100, 'conflict_ours': 0.21635966002941132, 'random_partition_conflict_mean': 3.749869574676268e-05, 'random_partition_conflict_std': 3.73435796063859e-05, 'random_partition_z_score': 5792.75390625, 'environment_similarity_correlation': 0.6795383067426402, 'hungarian_permutation': [0, 1, 2], 'alignment_overlap_before': 0.45139095187187195, 'alignment_overlap_after': 0.45139095187187195, 'environment_matching_requested': 'overlap', 'environment_matching_used': 'overlap', 'h_prediction_MSE': 0.2124214917421341, 'h_prediction_MAE': 0.260606050491333, 'h_prediction_drift_from_pretrained': 0.012581320479512215, 'h_prediction_corr_with_pretrained': 0.9932237295458244, 'H_norm': 0.9128440618515015, 'H_norm_ratio_to_pretrained': 0.9864214658737183, 'stage': 1, 'environment_prediction_source': 'H -> frozen pretrained forecast head', 'env_assignment_similarity_to_previous': 0.6795383067426402}
A2 complementary_gate classification stage 1 epoch 3 {'loss': 0.6508969761050025, 'var_predictive_loss': 0.2618458585337151, 'var_utility_loss': 4.3503140787770676e-05, 'var_conditional_gain_loss': 0.0008525421125742779, 'conditional_pair_MSE': 0.262003941810866, 'conditional_shuffle_MSE': 0.30032142350035335, 'conditional_gain_mean': 0.03831748169077451, 'conditional_positive_ratio': 0.902001862197393, 'h_anchor_loss': nan, 'future_var_loss': nan, 'future_var_cosine': nan, 'future_var_l2': nan, 'future_var_pred_norm': nan, 'future_var_target_norm': nan, 'gate/mean': -0.42544122432244585, 'gate/std': 0.3149387420839246, 'gate/positive_ratio': 0.10477339256250269, 'gate/negative_ratio': 0.8952266067609723, 'gate/abs_mean': 0.4644240803494858, 'gate/near_zero_ratio': 0.09433809101441429, 'stage': 1, 'epoch': 3}
A0 complementary_gate classification stage 3 epoch 7 {'loss': 0.4764033386121653, 'var_predictive_loss': nan, 'var_utility_loss': nan, 'var_conditional_gain_loss': nan, 'conditional_pair_MSE': nan, 'conditional_shuffle_MSE': nan, 'conditional_gain_mean': nan, 'conditional_positive_ratio': nan, 'h_anchor_loss': nan, 'future_var_loss': nan, 'future_var_cosine': nan, 'future_var_l2': nan, 'future_var_pred_norm': nan, 'future_var_target_norm': nan, 'gate/mean': nan, 'gate/std': nan, 'gate/positive_ratio': nan, 'gate/negative_ratio': nan, 'gate/abs_mean': nan, 'gate/near_zero_ratio': nan, 'stage': 3, 'epoch': 7}
A2 complementary_gate classification stage 1 epoch 4 {'loss': 0.643927863697673, 'var_predictive_loss': 0.26070289773303407, 'var_utility_loss': 3.259616972447771e-05, 'var_conditional_gain_loss': 0.0007309802450492, 'conditional_pair_MSE': 0.2608480675912222, 'conditional_shuffle_MSE': 0.3015041955879439, 'conditional_gain_mean': 0.04065612799878118, 'conditional_positive_ratio': 0.9080249068901304, 'h_anchor_loss': nan, 'future_var_loss': nan, 'future_var_cosine': nan, 'future_var_l2': nan, 'future_var_pred_norm': nan, 'future_var_target_norm': nan, 'gate/mean': -0.5090749013624251, 'gate/std': 0.3340031465323717, 'gate/positive_ratio': 0.08771053607170741, 'gate/negative_ratio': 0.9122894639282926, 'gate/abs_mean': 0.5471331053855628, 'gate/near_zero_ratio': 0.0673267427836322, 'stage': 1, 'epoch': 4}
A2 STAGE 2 EIIL {'update': 2, 'source_split': 'TRAIN only', 'mean_q_change': 0.0901636928319931, 'environment_mass': [0.32886359095573425, 0.33347776532173157, 0.3376585841178894], 'min_environment_mass': 0.32886359095573425, 'environment_risk': [0.31869691610336304, 0.217912495136261, 0.10240577906370163], 'probe_gradients': [[0.4351416528224945, -0.06383506953716278], [-0.038382966071367264, 0.2616588771343231], [-0.0092917550355196, -0.07496684044599533]], 'gradient_disagreement': 0.21399332582950592, 'D_within_grad': 0.5374906063079834, 'D_between_grad': 0.6325775980949402, 'gradient_separation': 1.17690908908844, 'random_partition_repeats': 100, 'conflict_ours': 0.21399332582950592, 'random_partition_conflict_mean': 3.0095348847680725e-05, 'random_partition_conflict_std': 2.1100880985613912e-05, 'random_partition_z_score': 10140.013671875, 'environment_similarity_correlation': 0.905116622072763, 'hungarian_permutation': [0, 1, 2], 'alignment_overlap_before': 0.5211575627326965, 'alignment_overlap_after': 0.5211575627326965, 'environment_matching_requested': 'overlap', 'environment_matching_used': 'overlap', 'h_prediction_MSE': 0.212055042386055, 'h_prediction_MAE': 0.2622837722301483, 'h_prediction_drift_from_pretrained': 0.017151305451989174, 'h_prediction_corr_with_pretrained': 0.9907159260688555, 'H_norm': 0.9017006754875183, 'H_norm_ratio_to_pretrained': 0.9743507504463196, 'stage': 2, 'environment_prediction_source': 'H -> frozen pretrained forecast head', 'env_assignment_similarity_to_previous': 0.905116622072763}
A0 complementary_gate classification stage 3 epoch 8 {'loss': 0.47726233707580135, 'var_predictive_loss': nan, 'var_utility_loss': nan, 'var_conditional_gain_loss': nan, 'conditional_pair_MSE': nan, 'conditional_shuffle_MSE': nan, 'conditional_gain_mean': nan, 'conditional_positive_ratio': nan, 'h_anchor_loss': nan, 'future_var_loss': nan, 'future_var_cosine': nan, 'future_var_l2': nan, 'future_var_pred_norm': nan, 'future_var_target_norm': nan, 'gate/mean': nan, 'gate/std': nan, 'gate/positive_ratio': nan, 'gate/negative_ratio': nan, 'gate/abs_mean': nan, 'gate/near_zero_ratio': nan, 'stage': 3, 'epoch': 8}
A2 complementary_gate classification stage 2 epoch 5 {'loss': 0.6366307922296746, 'var_predictive_loss': 0.2567360682127088, 'var_utility_loss': 2.631222250953257e-05, 'var_conditional_gain_loss': 0.000862425466560632, 'conditional_pair_MSE': 0.2568472742859469, 'conditional_shuffle_MSE': 0.3019208970282769, 'conditional_gain_mean': 0.04507362274888788, 'conditional_positive_ratio': 0.9108472998137802, 'h_anchor_loss': nan, 'future_var_loss': nan, 'future_var_cosine': nan, 'future_var_l2': nan, 'future_var_pred_norm': nan, 'future_var_target_norm': nan, 'gate/mean': -0.5651747427401872, 'gate/std': 0.3516107677652507, 'gate/positive_ratio': 0.08291871280303124, 'gate/negative_ratio': 0.9170812865204437, 'gate/abs_mean': 0.606527200276508, 'gate/near_zero_ratio': 0.05472572433963365, 'stage': 2, 'epoch': 5}
A0 complementary_gate classification stage 4 epoch 9 {'loss': 0.47550670440132553, 'var_predictive_loss': nan, 'var_utility_loss': nan, 'var_conditional_gain_loss': nan, 'conditional_pair_MSE': nan, 'conditional_shuffle_MSE': nan, 'conditional_gain_mean': nan, 'conditional_positive_ratio': nan, 'h_anchor_loss': nan, 'future_var_loss': nan, 'future_var_cosine': nan, 'future_var_l2': nan, 'future_var_pred_norm': nan, 'future_var_target_norm': nan, 'gate/mean': nan, 'gate/std': nan, 'gate/positive_ratio': nan, 'gate/negative_ratio': nan, 'gate/abs_mean': nan, 'gate/near_zero_ratio': nan, 'stage': 4, 'epoch': 9}
A2 complementary_gate classification stage 2 epoch 6 {'loss': 0.6293857723613118, 'var_predictive_loss': 0.2520584862176762, 'var_utility_loss': 1.7581565384610914e-05, 'var_conditional_gain_loss': 0.0009222390129132495, 'conditional_pair_MSE': 0.25221925409237256, 'conditional_shuffle_MSE': 0.2990887253154735, 'conditional_gain_mean': 0.046869471229441996, 'conditional_positive_ratio': 0.9102071694599627, 'h_anchor_loss': nan, 'future_var_loss': nan, 'future_var_cosine': nan, 'future_var_l2': nan, 'future_var_pred_norm': nan, 'future_var_target_norm': nan, 'gate/mean': -0.6013129875576431, 'gate/std': 0.36568000159494873, 'gate/positive_ratio': 0.08231083140247683, 'gate/negative_ratio': 0.9176891665679482, 'gate/abs_mean': 0.6472487644629225, 'gate/near_zero_ratio': 0.04726852445089117, 'stage': 2, 'epoch': 6}
A2 STAGE 3 EIIL {'update': 3, 'source_split': 'TRAIN only', 'mean_q_change': 0.11223537474870682, 'environment_mass': [0.3270949423313141, 0.33499717712402344, 0.33790791034698486], 'min_environment_mass': 0.3270949423313141, 'environment_risk': [0.32012221217155457, 0.21614821255207062, 0.10502859205007553], 'probe_gradients': [[0.42020419239997864, -0.16023528575897217], [-0.029370339587330818, 0.23876453936100006], [-0.025323372334241867, -0.07979073375463486]], 'gradient_disagreement': 0.22259266674518585, 'D_within_grad': 0.5439703464508057, 'D_between_grad': 0.6420713663101196, 'gradient_separation': 1.1803425550460815, 'random_partition_repeats': 100, 'conflict_ours': 0.22259266674518585, 'random_partition_conflict_mean': 2.907543421315495e-05, 'random_partition_conflict_std': 2.0657940694945864e-05, 'random_partition_z_score': 10773.7548828125, 'environment_similarity_correlation': 0.8762891735630572, 'hungarian_permutation': [0, 1, 2], 'alignment_overlap_before': 0.5175558924674988, 'alignment_overlap_after': 0.5175558924674988, 'environment_matching_requested': 'overlap', 'environment_matching_used': 'overlap', 'h_prediction_MSE': 0.21260951459407806, 'h_prediction_MAE': 0.2633582055568695, 'h_prediction_drift_from_pretrained': 0.02115960419178009, 'h_prediction_corr_with_pretrained': 0.9889559923853442, 'H_norm': 0.9081987142562866, 'H_norm_ratio_to_pretrained': 0.9812933206558228, 'stage': 3, 'environment_prediction_source': 'H -> frozen pretrained forecast head', 'env_assignment_similarity_to_previous': 0.8762891735630572}
A0 complementary_gate classification stage 4 epoch 10 {'loss': 0.47356175882019164, 'var_predictive_loss': nan, 'var_utility_loss': nan, 'var_conditional_gain_loss': nan, 'conditional_pair_MSE': nan, 'conditional_shuffle_MSE': nan, 'conditional_gain_mean': nan, 'conditional_positive_ratio': nan, 'h_anchor_loss': nan, 'future_var_loss': nan, 'future_var_cosine': nan, 'future_var_l2': nan, 'future_var_pred_norm': nan, 'future_var_target_norm': nan, 'gate/mean': nan, 'gate/std': nan, 'gate/positive_ratio': nan, 'gate/negative_ratio': nan, 'gate/abs_mean': nan, 'gate/near_zero_ratio': nan, 'stage': 4, 'epoch': 10}
A2 complementary_gate classification stage 3 epoch 7 {'loss': 0.6212633663000062, 'var_predictive_loss': 0.24857700706914415, 'var_utility_loss': 1.5621872288711316e-05, 'var_conditional_gain_loss': 0.0007534977842351678, 'conditional_pair_MSE': 0.24873282575978853, 'conditional_shuffle_MSE': 0.2975881523861345, 'conditional_gain_mean': 0.04885532663854032, 'conditional_positive_ratio': 0.917976024208566, 'h_anchor_loss': nan, 'future_var_loss': nan, 'future_var_cosine': nan, 'future_var_l2': nan, 'future_var_pred_norm': nan, 'future_var_target_norm': nan, 'gate/mean': -0.6279872578096233, 'gate/std': 0.3764971855257396, 'gate/positive_ratio': 0.08214305252328026, 'gate/negative_ratio': 0.9178569474767198, 'gate/abs_mean': 0.6779345296085799, 'gate/near_zero_ratio': 0.042672733775436476, 'stage': 3, 'epoch': 7}
A2 complementary_gate classification stage 3 epoch 8 {'loss': 0.6132170559639154, 'var_predictive_loss': 0.24630941623172095, 'var_utility_loss': 1.4003026769577721e-05, 'var_conditional_gain_loss': 0.0008543304586793891, 'conditional_pair_MSE': 0.24638790829537816, 'conditional_shuffle_MSE': 0.29657099555730837, 'conditional_gain_mean': 0.05018308725626662, 'conditional_positive_ratio': 0.9140188547486033, 'h_anchor_loss': nan, 'future_var_loss': nan, 'future_var_cosine': nan, 'future_var_l2': nan, 'future_var_pred_norm': nan, 'future_var_target_norm': nan, 'gate/mean': -0.6441277036106636, 'gate/std': 0.3897418163877493, 'gate/positive_ratio': 0.08511254540186408, 'gate/negative_ratio': 0.9148874545981359, 'gate/abs_mean': 0.6997726551075881, 'gate/near_zero_ratio': 0.04043464967564901, 'stage': 3, 'epoch': 8}
A2 STAGE 4 EIIL {'update': 4, 'source_split': 'TRAIN only', 'mean_q_change': 0.06811651587486267, 'environment_mass': [0.3274165689945221, 0.3346835970878601, 0.3378998339176178], 'min_environment_mass': 0.3274165689945221, 'environment_risk': [0.31078678369522095, 0.2172601819038391, 0.10578107088804245], 'probe_gradients': [[0.4084113836288452, -0.14231210947036743], [-0.03552483394742012, 0.24022358655929565], [-0.023516913875937462, -0.08527809381484985]], 'gradient_disagreement': 0.21310780942440033, 'D_within_grad': 0.5369725227355957, 'D_between_grad': 0.631280243396759, 'gradient_separation': 1.1756285429000854, 'random_partition_repeats': 100, 'conflict_ours': 0.21310780942440033, 'random_partition_conflict_mean': 3.338315218570642e-05, 'random_partition_conflict_std': 2.4284850951517e-05, 'random_partition_z_score': 8773.96484375, 'environment_similarity_correlation': 0.9350003325581644, 'hungarian_permutation': [0, 1, 2], 'alignment_overlap_before': 0.5238087177276611, 'alignment_overlap_after': 0.5238087177276611, 'environment_matching_requested': 'overlap', 'environment_matching_used': 'overlap', 'h_prediction_MSE': 0.21021370589733124, 'h_prediction_MAE': 0.2619580924510956, 'h_prediction_drift_from_pretrained': 0.02040569670498371, 'h_prediction_corr_with_pretrained': 0.9892677163715624, 'H_norm': 0.9043236374855042, 'H_norm_ratio_to_pretrained': 0.9771414399147034, 'stage': 4, 'environment_prediction_source': 'H -> frozen pretrained forecast head', 'env_assignment_similarity_to_previous': 0.9350003325581644}
A0 TEST 0.17708542943000793 0.21705903112888336
[Weather] reuse verified A_current
[Weather] reuse verified B_h_reference
[Weather] run C_gradient_isolated on GPU 2
shared_reference source=loaded path=results/predictive_env_reference_all_datasets_k3/Weather/shared_reference.pt sha256=4752f5cae5e6d9bccf4f4227f668db382eb15f54d079a1c2b50ad1096bc97701
A2 identity {'feature': 0.0}
A2 complementary_gate classification stage 4 epoch 9 {'loss': 0.6041409662435221, 'var_predictive_loss': 0.24086165790641031, 'var_utility_loss': 1.340784115707847e-05, 'var_conditional_gain_loss': 0.0008755638426168886, 'conditional_pair_MSE': 0.24096729808022097, 'conditional_shuffle_MSE': 0.29186577072040915, 'conditional_gain_mean': 0.05089847264325032, 'conditional_positive_ratio': 0.9147753724394786, 'h_anchor_loss': nan, 'future_var_loss': nan, 'future_var_cosine': nan, 'future_var_l2': nan, 'future_var_pred_norm': nan, 'future_var_target_norm': nan, 'gate/mean': -0.6594754835896675, 'gate/std': 0.3999592702364193, 'gate/positive_ratio': 0.08634669615276572, 'gate/negative_ratio': 0.9136533038472343, 'gate/abs_mean': 0.7198107786985358, 'gate/near_zero_ratio': 0.03791453312327069, 'stage': 4, 'epoch': 9}
A2 STAGE 0 EIIL {'update': 0, 'source_split': 'TRAIN only', 'mean_q_change': 0.022532761096954346, 'environment_mass': [0.33344927430152893, 0.3334397077560425, 0.333111047744751], 'min_environment_mass': 0.333111047744751, 'environment_risk': [0.4680478572845459, 0.4942496120929718, 0.4802105724811554], 'probe_gradients': [[0.1242242306470871, -0.015695136040449142], [0.18076513707637787, -0.0039246478118002415], [0.15213482081890106, -0.0092593003064394]], 'gradient_disagreement': 0.0016679976833984256, 'D_within_grad': 0.4921436309814453, 'D_between_grad': 0.49280622601509094, 'gradient_separation': 1.0013463497161865, 'random_partition_repeats': 100, 'conflict_ours': 0.0016679976833984256, 'random_partition_conflict_mean': 6.027296706179186e-08, 'random_partition_conflict_std': 5.914187184430375e-08, 'random_partition_z_score': 28202.310546875, 'environment_similarity_correlation': -0.0005138556241910852, 'hungarian_permutation': [0, 1, 2], 'alignment_overlap_before': 0.3333389163017273, 'alignment_overlap_after': 0.3333389163017273, 'environment_matching_requested': 'overlap', 'environment_matching_used': 'overlap', 'h_prediction_MSE': 0.4808361530303955, 'h_prediction_MAE': 0.3472611904144287, 'h_prediction_drift_from_pretrained': 9.195068649905675e-15, 'h_prediction_corr_with_pretrained': 0.9999999999999536, 'H_norm': 0.8765455484390259, 'H_norm_ratio_to_pretrained': 1.0, 'stage': 0, 'environment_prediction_source': 'H -> frozen pretrained forecast head', 'env_assignment_similarity_to_previous': -0.0005138556241910852}
A2 complementary_gate classification stage 4 epoch 10 {'loss': 0.5958049001250156, 'var_predictive_loss': 0.23569308351638704, 'var_utility_loss': 1.855730395364781e-05, 'var_conditional_gain_loss': 0.000963595116155888, 'conditional_pair_MSE': 0.23560840896038868, 'conditional_shuffle_MSE': 0.28930219471407687, 'conditional_gain_mean': 0.053693785734664996, 'conditional_positive_ratio': 0.9144262104283054, 'h_anchor_loss': nan, 'future_var_loss': nan, 'future_var_cosine': nan, 'future_var_l2': nan, 'future_var_pred_norm': nan, 'future_var_target_norm': nan, 'gate/mean': -0.673290068209597, 'gate/std': 0.4099464508694801, 'gate/positive_ratio': 0.08778089670240277, 'gate/negative_ratio': 0.9122191032975973, 'gate/abs_mean': 0.738778339937296, 'gate/near_zero_ratio': 0.03521757834527654, 'stage': 4, 'epoch': 10}
A2 TEST 0.19238492846488953 0.27353304624557495
[ETTm2] run D_isolated_rms on GPU 3
shared_reference source=loaded path=results/predictive_env_reference_all_datasets_k3/ETTm2/shared_reference.pt sha256=06366ba2295a158261d1e926567f2bcf33e12c0f00158e63bb240bb9bc8ba4e2
A0 complementary_gate classification stage 0 epoch 1 {'loss': 0.2561214336597208, 'var_predictive_loss': nan, 'var_utility_loss': nan, 'var_conditional_gain_loss': nan, 'conditional_pair_MSE': nan, 'conditional_shuffle_MSE': nan, 'conditional_gain_mean': nan, 'conditional_positive_ratio': nan, 'h_anchor_loss': nan, 'future_var_loss': nan, 'future_var_cosine': nan, 'future_var_l2': nan, 'future_var_pred_norm': nan, 'future_var_target_norm': nan, 'gate/mean': nan, 'gate/std': nan, 'gate/positive_ratio': nan, 'gate/negative_ratio': nan, 'gate/abs_mean': nan, 'gate/near_zero_ratio': nan, 'stage': 0, 'epoch': 1}
A2 identity {'feature': 0.0}
A2 STAGE 0 EIIL {'update': 0, 'source_split': 'TRAIN only', 'mean_q_change': 0.26923123002052307, 'environment_mass': [0.32627564668655396, 0.336159884929657, 0.33756446838378906], 'min_environment_mass': 0.32627564668655396, 'environment_risk': [0.3528584837913513, 0.18478894233703613, 0.11774951219558716], 'probe_gradients': [[0.4391944110393524, 0.012798381969332695], [-0.09131583571434021, 0.14700749516487122], [0.001165521563962102, 0.04620638117194176]], 'gradient_disagreement': 0.17038406431674957, 'D_within_grad': 0.5909826755523682, 'D_between_grad': 0.6486166715621948, 'gradient_separation': 1.097522258758545, 'random_partition_repeats': 100, 'conflict_ours': 0.17038406431674957, 'random_partition_conflict_mean': 2.6190245989710093e-05, 'random_partition_conflict_std': 3.3772790629882365e-05, 'random_partition_z_score': 5044.234375, 'environment_similarity_correlation': -0.0005885313575798348, 'hungarian_permutation': [1, 0, 2], 'alignment_overlap_before': 0.33333688974380493, 'alignment_overlap_after': 0.3333403468132019, 'environment_matching_requested': 'overlap', 'environment_matching_used': 'overlap', 'h_prediction_MSE': 0.21699579060077667, 'h_prediction_MAE': 0.26226887106895447, 'h_prediction_drift_from_pretrained': 5.181977317679411e-15, 'h_prediction_corr_with_pretrained': 1.0, 'H_norm': 0.9254981279373169, 'H_norm_ratio_to_pretrained': 1.0, 'stage': 0, 'environment_prediction_source': 'H -> frozen pretrained forecast head', 'env_assignment_similarity_to_previous': -0.0005885313575798348}
A2 complementary_gate classification stage 0 epoch 1 {'loss': 1.1873322464947922, 'var_predictive_loss': 0.5407671091758176, 'var_utility_loss': 0.00014896107219894726, 'var_conditional_gain_loss': 0.00356021638581677, 'conditional_pair_MSE': 0.5407999757141709, 'conditional_shuffle_MSE': 0.665193130492438, 'conditional_gain_mean': 0.12439315480435706, 'conditional_positive_ratio': 0.8662524525833878, 'h_anchor_loss': nan, 'future_var_loss': nan, 'future_var_cosine': nan, 'future_var_l2': nan, 'future_var_pred_norm': nan, 'future_var_target_norm': nan, 'gate/mean': -0.19260051316348462, 'gate/std': 0.2701868970055485, 'gate/positive_ratio': 0.25350856439442604, 'gate/negative_ratio': 0.7464914351831576, 'gate/abs_mean': 0.2518969875688028, 'gate/near_zero_ratio': 0.31708694740973997, 'stage': 0, 'epoch': 1}
A2 complementary_gate classification stage 0 epoch 1 {'loss': 0.6986852403574212, 'var_predictive_loss': 0.27669100362894145, 'var_utility_loss': 0.0006693124310296235, 'var_conditional_gain_loss': 0.0009097600440779576, 'conditional_pair_MSE': 0.27677289256592996, 'conditional_shuffle_MSE': 0.297722866077474, 'conditional_gain_mean': 0.020949973510893703, 'conditional_positive_ratio': 0.8637686219739292, 'h_anchor_loss': nan, 'future_var_loss': nan, 'future_var_cosine': nan, 'future_var_l2': nan, 'future_var_pred_norm': nan, 'future_var_target_norm': nan, 'gate/mean': -0.21171376222091104, 'gate/std': 0.2817019273414073, 'gate/positive_ratio': 0.2435410330604026, 'gate/negative_ratio': 0.7564589669395975, 'gate/abs_mean': 0.2685754226083922, 'gate/near_zero_ratio': 0.2979790861114806, 'stage': 0, 'epoch': 1}
A2 complementary_gate classification stage 0 epoch 2 {'loss': 0.7366830259977385, 'var_predictive_loss': 0.27022332083347234, 'var_utility_loss': 7.858302679499788e-05, 'var_conditional_gain_loss': 0.001256643341470716, 'conditional_pair_MSE': 0.2704108092683557, 'conditional_shuffle_MSE': 0.31104353012379327, 'conditional_gain_mean': 0.04063272085351357, 'conditional_positive_ratio': 0.8897520949720671, 'h_anchor_loss': nan, 'future_var_loss': nan, 'future_var_cosine': nan, 'future_var_l2': nan, 'future_var_pred_norm': nan, 'future_var_target_norm': nan, 'gate/mean': -0.8735395709298138, 'gate/std': 0.18174809793713662, 'gate/positive_ratio': 0.003158351600591064, 'gate/negative_ratio': 0.9968416483994089, 'gate/abs_mean': 0.874567100879116, 'gate/near_zero_ratio': 0.004443190987924819, 'stage': 0, 'epoch': 2}
A2 STAGE 1 EIIL {'update': 1, 'source_split': 'TRAIN only', 'mean_q_change': 0.25458383560180664, 'environment_mass': [0.32484903931617737, 0.3356606066226959, 0.3394903540611267], 'min_environment_mass': 0.32484903931617737, 'environment_risk': [0.3590126037597656, 0.23263786733150482, 0.11902805417776108], 'probe_gradients': [[0.4751885235309601, -0.1562255322933197], [-0.05169152095913887, 0.25458240509033203], [-0.03846949338912964, -0.08801691234111786]], 'gradient_disagreement': 0.2774706184864044, 'D_within_grad': 0.5829152464866638, 'D_between_grad': 0.6977566480636597, 'gradient_separation': 1.197012186050415, 'random_partition_repeats': 100, 'conflict_ours': 0.2774706184864044, 'random_partition_conflict_mean': 4.60680021205917e-05, 'random_partition_conflict_std': 4.333234755904414e-05, 'random_partition_z_score': 6402.25048828125, 'environment_similarity_correlation': 0.5956019867382697, 'hungarian_permutation': [0, 1, 2], 'alignment_overlap_before': 0.4485890865325928, 'alignment_overlap_after': 0.4485890865325928, 'environment_matching_requested': 'overlap', 'environment_matching_used': 'overlap', 'h_prediction_MSE': 0.23512108623981476, 'h_prediction_MAE': 0.2792806923389435, 'h_prediction_drift_from_pretrained': 0.01996089704334736, 'h_prediction_corr_with_pretrained': 0.9894233405110232, 'H_norm': 0.9026806354522705, 'H_norm_ratio_to_pretrained': 0.975612223148346, 'stage': 1, 'environment_prediction_source': 'H -> frozen pretrained forecast head', 'env_assignment_similarity_to_previous': 0.5956019867382697}
A2 complementary_gate classification stage 0 epoch 2 {'loss': 1.17580264528731, 'var_predictive_loss': 0.5227943092077945, 'var_utility_loss': 3.327757326721551e-05, 'var_conditional_gain_loss': 0.0034365336113928477, 'conditional_pair_MSE': 0.5227948283716339, 'conditional_shuffle_MSE': 0.700391442690683, 'conditional_gain_mean': 0.17759661433427668, 'conditional_positive_ratio': 0.8927948550250708, 'h_anchor_loss': nan, 'future_var_loss': nan, 'future_var_cosine': nan, 'future_var_l2': nan, 'future_var_pred_norm': nan, 'future_var_target_norm': nan, 'gate/mean': -0.5759946833871935, 'gate/std': 0.32010305965182134, 'gate/positive_ratio': 0.06468776083367614, 'gate/negative_ratio': 0.9353122385326993, 'gate/abs_mean': 0.6012074545838842, 'gate/near_zero_ratio': 0.05448861854611278, 'stage': 0, 'epoch': 2}
A2 complementary_gate classification stage 1 epoch 3 {'loss': 0.7597079757756965, 'var_predictive_loss': 0.2773349845686624, 'var_utility_loss': 4.2872822104193525e-06, 'var_conditional_gain_loss': 0.001304158265669908, 'conditional_pair_MSE': 0.27750441898478867, 'conditional_shuffle_MSE': 0.3094884020169762, 'conditional_gain_mean': 0.03198398304302692, 'conditional_positive_ratio': 0.8689187616387337, 'h_anchor_loss': nan, 'future_var_loss': nan, 'future_var_cosine': nan, 'future_var_l2': nan, 'future_var_pred_norm': nan, 'future_var_target_norm': nan, 'gate/mean': -0.9979526233959429, 'gate/std': 0.04035947151116645, 'gate/positive_ratio': 0.00016946139689836772, 'gate/negative_ratio': 0.9998305386031017, 'gate/abs_mean': 0.9979575894277846, 'gate/near_zero_ratio': 0.0011691224903411712, 'stage': 1, 'epoch': 3}
A2 STAGE 1 EIIL {'update': 1, 'source_split': 'TRAIN only', 'mean_q_change': 0.3752952218055725, 'environment_mass': [0.33587920665740967, 0.3258240520954132, 0.3382967412471771], 'min_environment_mass': 0.3258240520954132, 'environment_risk': [0.4096851050853729, 0.6849783062934875, 0.4252817630767822], 'probe_gradients': [[0.05863389000296593, -0.09314115345478058], [0.668832004070282, 0.012847010977566242], [0.1647358536720276, -0.08568071573972702]], 'gradient_disagreement': 0.21956972777843475, 'D_within_grad': 0.4756152927875519, 'D_between_grad': 0.6081910729408264, 'gradient_separation': 1.2787458896636963, 'random_partition_repeats': 100, 'conflict_ours': 0.21956972777843475, 'random_partition_conflict_mean': 1.306279591517523e-05, 'random_partition_conflict_std': 1.1449214071035385e-05, 'random_partition_z_score': 19176.5703125, 'environment_similarity_correlation': 0.5318988099443469, 'hungarian_permutation': [0, 1, 2], 'alignment_overlap_before': 0.34356579184532166, 'alignment_overlap_after': 0.34356579184532166, 'environment_matching_requested': 'overlap', 'environment_matching_used': 'overlap', 'h_prediction_MSE': 0.504658579826355, 'h_prediction_MAE': 0.3576498329639435, 'h_prediction_drift_from_pretrained': 0.05483246594667435, 'h_prediction_corr_with_pretrained': 0.9658572424735059, 'H_norm': 0.8601649403572083, 'H_norm_ratio_to_pretrained': 0.9973554015159607, 'stage': 1, 'environment_prediction_source': 'H -> frozen pretrained forecast head', 'env_assignment_similarity_to_previous': 0.5318988099443469}
A2 complementary_gate classification stage 1 epoch 4 {'loss': 0.7573093721755715, 'var_predictive_loss': 0.2799477295127026, 'var_utility_loss': 1.501675065503221e-06, 'var_conditional_gain_loss': 0.0012484361560455067, 'conditional_pair_MSE': 0.28009067876675264, 'conditional_shuffle_MSE': 0.3097258190881256, 'conditional_gain_mean': 0.029635140318771454, 'conditional_positive_ratio': 0.8650488826815642, 'h_anchor_loss': nan, 'future_var_loss': nan, 'future_var_cosine': nan, 'future_var_l2': nan, 'future_var_pred_norm': nan, 'future_var_target_norm': nan, 'gate/mean': -0.9995767092942911, 'gate/std': 0.01786451701909787, 'gate/positive_ratio': 1.9507598685623396e-05, 'gate/negative_ratio': 0.9999804924013144, 'gate/abs_mean': 0.9995774001954584, 'gate/near_zero_ratio': 0.0002131858848696015, 'stage': 1, 'epoch': 4}
A2 STAGE 2 EIIL {'update': 2, 'source_split': 'TRAIN only', 'mean_q_change': 0.09260468184947968, 'environment_mass': [0.3255959153175354, 0.33467069268226624, 0.33973339200019836], 'min_environment_mass': 0.3255959153175354, 'environment_risk': [0.3635754883289337, 0.2451884150505066, 0.12491954863071442], 'probe_gradients': [[0.49183544516563416, -0.17010055482387543], [-0.03380422666668892, 0.2847493290901184], [-0.03980037197470665, -0.10131208598613739]], 'gradient_disagreement': 0.3065444529056549, 'D_within_grad': 0.5946816802024841, 'D_between_grad': 0.7272140979766846, 'gradient_separation': 1.2228628396987915, 'random_partition_repeats': 100, 'conflict_ours': 0.3065444529056549, 'random_partition_conflict_mean': 4.344638000475243e-05, 'random_partition_conflict_std': 3.261037636548281e-05, 'random_partition_z_score': 9398.8798828125, 'environment_similarity_correlation': 0.9367839031493101, 'hungarian_permutation': [0, 1, 2], 'alignment_overlap_before': 0.5562357306480408, 'alignment_overlap_after': 0.5562357306480408, 'environment_matching_requested': 'overlap', 'environment_matching_used': 'overlap', 'h_prediction_MSE': 0.24287544190883636, 'h_prediction_MAE': 0.285688191652298, 'h_prediction_drift_from_pretrained': 0.026875898241996765, 'h_prediction_corr_with_pretrained': 0.9855692534619317, 'H_norm': 0.8992528915405273, 'H_norm_ratio_to_pretrained': 0.9720656871795654, 'stage': 2, 'environment_prediction_source': 'H -> frozen pretrained forecast head', 'env_assignment_similarity_to_previous': 0.9367839031493101}
A2 complementary_gate classification stage 2 epoch 5 {'loss': 0.7533867073336313, 'var_predictive_loss': 0.2780951854101447, 'var_utility_loss': 2.7072124375911307e-11, 'var_conditional_gain_loss': 0.0010643045475304967, 'conditional_pair_MSE': 0.27820544267441055, 'conditional_shuffle_MSE': 0.31117953683317506, 'conditional_gain_mean': 0.03297409415822255, 'conditional_positive_ratio': 0.8820414338919925, 'h_anchor_loss': nan, 'future_var_loss': nan, 'future_var_cosine': nan, 'future_var_l2': nan, 'future_var_pred_norm': nan, 'future_var_target_norm': nan, 'gate/mean': -0.9996990883558929, 'gate/std': 0.014613206976686503, 'gate/positive_ratio': 9.489616326105059e-06, 'gate/negative_ratio': 0.9999905103836739, 'gate/abs_mean': 0.9996994460684924, 'gate/near_zero_ratio': 0.00011176937355472609, 'stage': 2, 'epoch': 5}
A2 complementary_gate classification stage 1 epoch 3 {'loss': 1.167248998243287, 'var_predictive_loss': 0.5099071256537071, 'var_utility_loss': 1.5056878612064698e-05, 'var_conditional_gain_loss': 0.0028487084168127195, 'conditional_pair_MSE': 0.509935729630358, 'conditional_shuffle_MSE': 0.7111681286971029, 'conditional_gain_mean': 0.20123239903852297, 'conditional_positive_ratio': 0.9065565729234794, 'h_anchor_loss': nan, 'future_var_loss': nan, 'future_var_cosine': nan, 'future_var_l2': nan, 'future_var_pred_norm': nan, 'future_var_target_norm': nan, 'gate/mean': -0.7189195728050862, 'gate/std': 0.3097978991124185, 'gate/positive_ratio': 0.04386884689522462, 'gate/negative_ratio': 0.9561311531047754, 'gate/abs_mean': 0.7402376634060379, 'gate/near_zero_ratio': 0.029068119836179216, 'stage': 1, 'epoch': 3}
A2 complementary_gate classification stage 2 epoch 6 {'loss': 0.7518499363300413, 'var_predictive_loss': 0.2745426807847134, 'var_utility_loss': 1.4790105954203108e-11, 'var_conditional_gain_loss': 0.0011441951674071888, 'conditional_pair_MSE': 0.27471604852663356, 'conditional_shuffle_MSE': 0.31108881316493087, 'conditional_gain_mean': 0.03637276463146847, 'conditional_positive_ratio': 0.8830598230912476, 'h_anchor_loss': nan, 'future_var_loss': nan, 'future_var_cosine': nan, 'future_var_l2': nan, 'future_var_pred_norm': nan, 'future_var_target_norm': nan, 'gate/mean': -0.9998510427231281, 'gate/std': 0.01026309027936139, 'gate/positive_ratio': 4.90683590313253e-06, 'gate/negative_ratio': 0.9999950931640968, 'gate/abs_mean': 0.9998511917277617, 'gate/near_zero_ratio': 5.28981671173081e-05, 'stage': 2, 'epoch': 6}
A2 STAGE 3 EIIL {'update': 3, 'source_split': 'TRAIN only', 'mean_q_change': 0.08071130514144897, 'environment_mass': [0.3242514133453369, 0.33542242646217346, 0.34032613039016724], 'min_environment_mass': 0.3242514133453369, 'environment_risk': [0.36975568532943726, 0.24092505872249603, 0.1284400224685669], 'probe_gradients': [[0.5034339427947998, -0.2239852249622345], [-0.03169480338692665, 0.25207212567329407], [-0.04114781320095062, -0.12351677566766739]], 'gradient_disagreement': 0.32027098536491394, 'D_within_grad': 0.5856375694274902, 'D_between_grad': 0.7199995517730713, 'gradient_separation': 1.2294285297393799, 'random_partition_repeats': 100, 'conflict_ours': 0.32027098536491394, 'random_partition_conflict_mean': 4.19235038862098e-05, 'random_partition_conflict_std': 3.102830669376999e-05, 'random_partition_z_score': 10320.5458984375, 'environment_similarity_correlation': 0.9451865666018341, 'hungarian_permutation': [0, 1, 2], 'alignment_overlap_before': 0.5731490850448608, 'alignment_overlap_after': 0.5731490850448608, 'environment_matching_requested': 'overlap', 'environment_matching_used': 'overlap', 'h_prediction_MSE': 0.2444171905517578, 'h_prediction_MAE': 0.28484606742858887, 'h_prediction_drift_from_pretrained': 0.02776273526251316, 'h_prediction_corr_with_pretrained': 0.9858959374019847, 'H_norm': 0.8939902186393738, 'H_norm_ratio_to_pretrained': 0.9665762186050415, 'stage': 3, 'environment_prediction_source': 'H -> frozen pretrained forecast head', 'env_assignment_similarity_to_previous': 0.9451865666018341}
A2 complementary_gate classification stage 3 epoch 7 {'loss': 0.7501926197839338, 'var_predictive_loss': 0.2754464976732121, 'var_utility_loss': 1.2644089119826732e-11, 'var_conditional_gain_loss': 0.0009581917136536002, 'conditional_pair_MSE': 0.2756292493597401, 'conditional_shuffle_MSE': 0.31096892049649383, 'conditional_gain_mean': 0.03533967113900289, 'conditional_positive_ratio': 0.889344739292365, 'h_anchor_loss': nan, 'future_var_loss': nan, 'future_var_cosine': nan, 'future_var_l2': nan, 'future_var_pred_norm': nan, 'future_var_target_norm': nan, 'gate/mean': -0.9999106033085515, 'gate/std': 0.007709824242889834, 'gate/positive_ratio': 3.6532350581711925e-06, 'gate/negative_ratio': 0.9999963467649419, 'gate/abs_mean': 0.9999106877896122, 'gate/near_zero_ratio': 3.2671422345233594e-05, 'stage': 3, 'epoch': 7}
A2 complementary_gate classification stage 1 epoch 4 {'loss': 1.1603183745038748, 'var_predictive_loss': 0.5016612346952338, 'var_utility_loss': 6.562738434653818e-06, 'var_conditional_gain_loss': 0.0025818639346775977, 'conditional_pair_MSE': 0.5016826827807751, 'conditional_shuffle_MSE': 0.7138662527448104, 'conditional_gain_mean': 0.21218356999591179, 'conditional_positive_ratio': 0.9103444517113581, 'h_anchor_loss': nan, 'future_var_loss': nan, 'future_var_cosine': nan, 'future_var_l2': nan, 'future_var_pred_norm': nan, 'future_var_target_norm': nan, 'gate/mean': -0.7893163288374433, 'gate/std': 0.3017238740005804, 'gate/positive_ratio': 0.037543615464433105, 'gate/negative_ratio': 0.9624563839019423, 'gate/abs_mean': 0.8114806500588262, 'gate/near_zero_ratio': 0.019965171328846013, 'stage': 1, 'epoch': 4}
A2 complementary_gate classification stage 3 epoch 8 {'loss': 0.7514343431384064, 'var_predictive_loss': 0.277908975634464, 'var_utility_loss': 1.163117813022312e-11, 'var_conditional_gain_loss': 0.0010235653011938229, 'conditional_pair_MSE': 0.2780096873558797, 'conditional_shuffle_MSE': 0.3107476504542751, 'conditional_gain_mean': 0.0327379630963359, 'conditional_positive_ratio': 0.8816922718808193, 'h_anchor_loss': nan, 'future_var_loss': nan, 'future_var_cosine': nan, 'future_var_l2': nan, 'future_var_pred_norm': nan, 'future_var_target_norm': nan, 'gate/mean': -0.9998824296781748, 'gate/std': 0.008038374036760146, 'gate/positive_ratio': 5.5853904889372895e-06, 'gate/negative_ratio': 0.9999944146095111, 'gate/abs_mean': 0.9998826653625754, 'gate/near_zero_ratio': 2.2566844784336384e-05, 'stage': 3, 'epoch': 8}
A2 STAGE 2 EIIL {'update': 2, 'source_split': 'TRAIN only', 'mean_q_change': 0.18624082207679749, 'environment_mass': [0.33834829926490784, 0.31965628266334534, 0.34199538826942444], 'min_environment_mass': 0.31965628266334534, 'environment_risk': [0.46329542994499207, 0.7626935839653015, 0.4336433410644531], 'probe_gradients': [[0.14173679053783417, -0.08270780742168427], [0.9372241497039795, 0.07525899261236191], [0.19543123245239258, -0.10877573490142822]], 'gradient_disagreement': 0.41514721512794495, 'D_within_grad': 0.49682214856147766, 'D_between_grad': 0.7170361876487732, 'gradient_separation': 1.4432451725006104, 'random_partition_repeats': 100, 'conflict_ours': 0.41514721512794495, 'random_partition_conflict_mean': 2.596737067506183e-05, 'random_partition_conflict_std': 3.089350138907321e-05, 'random_partition_z_score': 13437.1708984375, 'environment_similarity_correlation': 0.7735405570520961, 'hungarian_permutation': [0, 1, 2], 'alignment_overlap_before': 0.5245600938796997, 'alignment_overlap_after': 0.5245600938796997, 'environment_matching_requested': 'overlap', 'environment_matching_used': 'overlap', 'h_prediction_MSE': 0.5488589406013489, 'h_prediction_MAE': 0.3809247612953186, 'h_prediction_drift_from_pretrained': 0.1031837984919548, 'h_prediction_corr_with_pretrained': 0.9404745193510715, 'H_norm': 0.8683199882507324, 'H_norm_ratio_to_pretrained': 1.0088635683059692, 'stage': 2, 'environment_prediction_source': 'H -> frozen pretrained forecast head', 'env_assignment_similarity_to_previous': 0.7735405570520961}
A2 STAGE 4 EIIL {'update': 4, 'source_split': 'TRAIN only', 'mean_q_change': 0.07600650191307068, 'environment_mass': [0.32503020763397217, 0.3347648084163666, 0.34020495414733887], 'min_environment_mass': 0.32503020763397217, 'environment_risk': [0.36987394094467163, 0.2428775280714035, 0.12428301572799683], 'probe_gradients': [[0.5016414523124695, -0.19012683629989624], [-0.03191845491528511, 0.2741537094116211], [-0.04362672194838524, -0.11340222507715225]], 'gradient_disagreement': 0.3179277777671814, 'D_within_grad': 0.5919461846351624, 'D_between_grad': 0.7249215245246887, 'gradient_separation': 1.224640965461731, 'random_partition_repeats': 100, 'conflict_ours': 0.3179277777671814, 'random_partition_conflict_mean': 4.813407940673642e-05, 'random_partition_conflict_std': 4.089712820132263e-05, 'random_partition_z_score': 7772.6640625, 'environment_similarity_correlation': 0.9509742284095132, 'hungarian_permutation': [0, 1, 2], 'alignment_overlap_before': 0.57574063539505, 'alignment_overlap_after': 0.57574063539505, 'environment_matching_requested': 'overlap', 'environment_matching_used': 'overlap', 'h_prediction_MSE': 0.24380899965763092, 'h_prediction_MAE': 0.2834996283054352, 'h_prediction_drift_from_pretrained': 0.02875896915793419, 'h_prediction_corr_with_pretrained': 0.9848069825060468, 'H_norm': 0.8936739563941956, 'H_norm_ratio_to_pretrained': 0.9662238955497742, 'stage': 4, 'environment_prediction_source': 'H -> frozen pretrained forecast head', 'env_assignment_similarity_to_previous': 0.9509742284095132}
A2 complementary_gate classification stage 4 epoch 9 {'loss': 0.7514064778006354, 'var_predictive_loss': 0.27620567139498026, 'var_utility_loss': 1.082747187237552e-11, 'var_conditional_gain_loss': 0.0010815081026440217, 'conditional_pair_MSE': 0.2763386216439041, 'conditional_shuffle_MSE': 0.31037747290221607, 'conditional_gain_mean': 0.03403885125736355, 'conditional_positive_ratio': 0.8780551675977654, 'h_anchor_loss': nan, 'future_var_loss': nan, 'future_var_cosine': nan, 'future_var_l2': nan, 'future_var_pred_norm': nan, 'future_var_target_norm': nan, 'gate/mean': -0.9998976497996046, 'gate/std': 0.0057850619500939325, 'gate/positive_ratio': 2.232532535549062e-07, 'gate/negative_ratio': 0.9999997767467464, 'gate/abs_mean': 0.9998976738162425, 'gate/near_zero_ratio': 1.374022296878832e-06, 'stage': 4, 'epoch': 9}
A2 complementary_gate classification stage 4 epoch 10 {'loss': 0.7525527218053507, 'var_predictive_loss': 0.278191291377988, 'var_utility_loss': 1.06830295531754e-11, 'var_conditional_gain_loss': 0.0009207597377268229, 'conditional_pair_MSE': 0.2780949503001913, 'conditional_shuffle_MSE': 0.31127903484307956, 'conditional_gain_mean': 0.03318408453977191, 'conditional_positive_ratio': 0.8841073091247672, 'h_anchor_loss': nan, 'future_var_loss': nan, 'future_var_cosine': nan, 'future_var_l2': nan, 'future_var_pred_norm': nan, 'future_var_target_norm': nan, 'gate/mean': -0.9999184060943289, 'gate/std': 0.00553114666767747, 'gate/positive_ratio': 3.409686054293113e-07, 'gate/negative_ratio': 0.9999996590313945, 'gate/abs_mean': 0.9999184484617077, 'gate/near_zero_ratio': 3.5402553813721944e-06, 'stage': 4, 'epoch': 10}
A2 complementary_gate classification stage 2 epoch 5 {'loss': 1.144142638446979, 'var_predictive_loss': 0.49346644854223404, 'var_utility_loss': 3.0873698569259538e-06, 'var_conditional_gain_loss': 0.0023324915401575844, 'conditional_pair_MSE': 0.49350708292318857, 'conditional_shuffle_MSE': 0.7212538228195436, 'conditional_gain_mean': 0.22774673989838537, 'conditional_positive_ratio': 0.9201002834096359, 'h_anchor_loss': nan, 'future_var_loss': nan, 'future_var_cosine': nan, 'future_var_l2': nan, 'future_var_pred_norm': nan, 'future_var_target_norm': nan, 'gate/mean': -0.8249124731737286, 'gate/std': 0.2996140905694526, 'gate/positive_ratio': 0.03566110834783202, 'gate/negative_ratio': 0.964338891652168, 'gate/abs_mean': 0.8496350911557601, 'gate/near_zero_ratio': 0.015138914048009428, 'stage': 2, 'epoch': 5}
A2 TEST 0.18493258953094482 0.270929217338562
[ETTm2] complete 2026-09-13T05:04:11+00:00
[ETTh1] start 2026-09-13T05:04:11+00:00 GPU=3
cfc624bc956d6b28ad507cffe6ed782445df170f77a8a0145bdefa35dee90d82  results/predictive_env_reference_all_datasets_k3/ETTh1/shared_reference.pt
[ETTh1] run A0_patchtst on GPU 3
shared_reference source=loaded path=results/predictive_env_reference_all_datasets_k3/ETTh1/shared_reference.pt sha256=cfc624bc956d6b28ad507cffe6ed782445df170f77a8a0145bdefa35dee90d82
A0 identity {'feature': 0.0}
A0 complementary_gate classification stage 0 epoch 1 {'loss': 0.37021500108376987, 'var_predictive_loss': nan, 'var_utility_loss': nan, 'var_conditional_gain_loss': nan, 'conditional_pair_MSE': nan, 'conditional_shuffle_MSE': nan, 'conditional_gain_mean': nan, 'conditional_positive_ratio': nan, 'h_anchor_loss': nan, 'future_var_loss': nan, 'future_var_cosine': nan, 'future_var_l2': nan, 'future_var_pred_norm': nan, 'future_var_target_norm': nan, 'gate/mean': nan, 'gate/std': nan, 'gate/positive_ratio': nan, 'gate/negative_ratio': nan, 'gate/abs_mean': nan, 'gate/near_zero_ratio': nan, 'stage': 0, 'epoch': 1}
A0 complementary_gate classification stage 0 epoch 2 {'loss': 0.36615786203798256, 'var_predictive_loss': nan, 'var_utility_loss': nan, 'var_conditional_gain_loss': nan, 'conditional_pair_MSE': nan, 'conditional_shuffle_MSE': nan, 'conditional_gain_mean': nan, 'conditional_positive_ratio': nan, 'h_anchor_loss': nan, 'future_var_loss': nan, 'future_var_cosine': nan, 'future_var_l2': nan, 'future_var_pred_norm': nan, 'future_var_target_norm': nan, 'gate/mean': nan, 'gate/std': nan, 'gate/positive_ratio': nan, 'gate/negative_ratio': nan, 'gate/abs_mean': nan, 'gate/near_zero_ratio': nan, 'stage': 0, 'epoch': 2}
A0 complementary_gate classification stage 1 epoch 3 {'loss': 0.36455696528812626, 'var_predictive_loss': nan, 'var_utility_loss': nan, 'var_conditional_gain_loss': nan, 'conditional_pair_MSE': nan, 'conditional_shuffle_MSE': nan, 'conditional_gain_mean': nan, 'conditional_positive_ratio': nan, 'h_anchor_loss': nan, 'future_var_loss': nan, 'future_var_cosine': nan, 'future_var_l2': nan, 'future_var_pred_norm': nan, 'future_var_target_norm': nan, 'gate/mean': nan, 'gate/std': nan, 'gate/positive_ratio': nan, 'gate/negative_ratio': nan, 'gate/abs_mean': nan, 'gate/near_zero_ratio': nan, 'stage': 1, 'epoch': 3}
A0 complementary_gate classification stage 1 epoch 4 {'loss': 0.36590067553070355, 'var_predictive_loss': nan, 'var_utility_loss': nan, 'var_conditional_gain_loss': nan, 'conditional_pair_MSE': nan, 'conditional_shuffle_MSE': nan, 'conditional_gain_mean': nan, 'conditional_positive_ratio': nan, 'h_anchor_loss': nan, 'future_var_loss': nan, 'future_var_cosine': nan, 'future_var_l2': nan, 'future_var_pred_norm': nan, 'future_var_target_norm': nan, 'gate/mean': nan, 'gate/std': nan, 'gate/positive_ratio': nan, 'gate/negative_ratio': nan, 'gate/abs_mean': nan, 'gate/near_zero_ratio': nan, 'stage': 1, 'epoch': 4}
A0 complementary_gate classification stage 2 epoch 5 {'loss': 0.3646650198495613, 'var_predictive_loss': nan, 'var_utility_loss': nan, 'var_conditional_gain_loss': nan, 'conditional_pair_MSE': nan, 'conditional_shuffle_MSE': nan, 'conditional_gain_mean': nan, 'conditional_positive_ratio': nan, 'h_anchor_loss': nan, 'future_var_loss': nan, 'future_var_cosine': nan, 'future_var_l2': nan, 'future_var_pred_norm': nan, 'future_var_target_norm': nan, 'gate/mean': nan, 'gate/std': nan, 'gate/positive_ratio': nan, 'gate/negative_ratio': nan, 'gate/abs_mean': nan, 'gate/near_zero_ratio': nan, 'stage': 2, 'epoch': 5}
A0 complementary_gate classification stage 2 epoch 6 {'loss': 0.35898079337938776, 'var_predictive_loss': nan, 'var_utility_loss': nan, 'var_conditional_gain_loss': nan, 'conditional_pair_MSE': nan, 'conditional_shuffle_MSE': nan, 'conditional_gain_mean': nan, 'conditional_positive_ratio': nan, 'h_anchor_loss': nan, 'future_var_loss': nan, 'future_var_cosine': nan, 'future_var_l2': nan, 'future_var_pred_norm': nan, 'future_var_target_norm': nan, 'gate/mean': nan, 'gate/std': nan, 'gate/positive_ratio': nan, 'gate/negative_ratio': nan, 'gate/abs_mean': nan, 'gate/near_zero_ratio': nan, 'stage': 2, 'epoch': 6}
A0 complementary_gate classification stage 3 epoch 7 {'loss': 0.35406468617466264, 'var_predictive_loss': nan, 'var_utility_loss': nan, 'var_conditional_gain_loss': nan, 'conditional_pair_MSE': nan, 'conditional_shuffle_MSE': nan, 'conditional_gain_mean': nan, 'conditional_positive_ratio': nan, 'h_anchor_loss': nan, 'future_var_loss': nan, 'future_var_cosine': nan, 'future_var_l2': nan, 'future_var_pred_norm': nan, 'future_var_target_norm': nan, 'gate/mean': nan, 'gate/std': nan, 'gate/positive_ratio': nan, 'gate/negative_ratio': nan, 'gate/abs_mean': nan, 'gate/near_zero_ratio': nan, 'stage': 3, 'epoch': 7}
A0 complementary_gate classification stage 3 epoch 8 {'loss': 0.35186828982155277, 'var_predictive_loss': nan, 'var_utility_loss': nan, 'var_conditional_gain_loss': nan, 'conditional_pair_MSE': nan, 'conditional_shuffle_MSE': nan, 'conditional_gain_mean': nan, 'conditional_positive_ratio': nan, 'h_anchor_loss': nan, 'future_var_loss': nan, 'future_var_cosine': nan, 'future_var_l2': nan, 'future_var_pred_norm': nan, 'future_var_target_norm': nan, 'gate/mean': nan, 'gate/std': nan, 'gate/positive_ratio': nan, 'gate/negative_ratio': nan, 'gate/abs_mean': nan, 'gate/near_zero_ratio': nan, 'stage': 3, 'epoch': 8}
A0 complementary_gate classification stage 4 epoch 9 {'loss': 0.3498513732316359, 'var_predictive_loss': nan, 'var_utility_loss': nan, 'var_conditional_gain_loss': nan, 'conditional_pair_MSE': nan, 'conditional_shuffle_MSE': nan, 'conditional_gain_mean': nan, 'conditional_positive_ratio': nan, 'h_anchor_loss': nan, 'future_var_loss': nan, 'future_var_cosine': nan, 'future_var_l2': nan, 'future_var_pred_norm': nan, 'future_var_target_norm': nan, 'gate/mean': nan, 'gate/std': nan, 'gate/positive_ratio': nan, 'gate/negative_ratio': nan, 'gate/abs_mean': nan, 'gate/near_zero_ratio': nan, 'stage': 4, 'epoch': 9}
A0 complementary_gate classification stage 4 epoch 10 {'loss': 0.34704726855709866, 'var_predictive_loss': nan, 'var_utility_loss': nan, 'var_conditional_gain_loss': nan, 'conditional_pair_MSE': nan, 'conditional_shuffle_MSE': nan, 'conditional_gain_mean': nan, 'conditional_positive_ratio': nan, 'h_anchor_loss': nan, 'future_var_loss': nan, 'future_var_cosine': nan, 'future_var_l2': nan, 'future_var_pred_norm': nan, 'future_var_target_norm': nan, 'gate/mean': nan, 'gate/std': nan, 'gate/positive_ratio': nan, 'gate/negative_ratio': nan, 'gate/abs_mean': nan, 'gate/near_zero_ratio': nan, 'stage': 4, 'epoch': 10}
A0 TEST 0.40367022156715393 0.4179743826389313
[ETTh1] reuse verified A_current
[ETTh1] reuse verified B_h_reference
[ETTh1] run C_gradient_isolated on GPU 3
shared_reference source=loaded path=results/predictive_env_reference_all_datasets_k3/ETTh1/shared_reference.pt sha256=cfc624bc956d6b28ad507cffe6ed782445df170f77a8a0145bdefa35dee90d82
A0 complementary_gate classification stage 0 epoch 1 {'loss': 0.37254969836070184, 'var_predictive_loss': nan, 'var_utility_loss': nan, 'var_conditional_gain_loss': nan, 'conditional_pair_MSE': nan, 'conditional_shuffle_MSE': nan, 'conditional_gain_mean': nan, 'conditional_positive_ratio': nan, 'h_anchor_loss': nan, 'future_var_loss': nan, 'future_var_cosine': nan, 'future_var_l2': nan, 'future_var_pred_norm': nan, 'future_var_target_norm': nan, 'gate/mean': nan, 'gate/std': nan, 'gate/positive_ratio': nan, 'gate/negative_ratio': nan, 'gate/abs_mean': nan, 'gate/near_zero_ratio': nan, 'stage': 0, 'epoch': 1}
A2 identity {'feature': 0.0}
A2 STAGE 0 EIIL {'update': 0, 'source_split': 'TRAIN only', 'mean_q_change': 0.06255240738391876, 'environment_mass': [0.33309489488601685, 0.3330708146095276, 0.33383429050445557], 'min_environment_mass': 0.3330708146095276, 'environment_risk': [0.32917171716690063, 0.3560784161090851, 0.35489240288734436], 'probe_gradients': [[0.06736400723457336, -0.04516129568219185], [0.13077318668365479, 0.06400439143180847], [0.1283065378665924, 0.06479810178279877]], 'gradient_disagreement': 0.010583214461803436, 'D_within_grad': 0.5824633836746216, 'D_between_grad': 0.5875118374824524, 'gradient_separation': 1.0086674690246582, 'random_partition_repeats': 100, 'conflict_ours': 0.010583214461803436, 'random_partition_conflict_mean': 2.2259177967498545e-06, 'random_partition_conflict_std': 2.443049879730097e-06, 'random_partition_z_score': 4331.05712890625, 'environment_similarity_correlation': -0.00035896221622765936, 'hungarian_permutation': [0, 1, 2], 'alignment_overlap_before': 0.3333494961261749, 'alignment_overlap_after': 0.3333494961261749, 'environment_matching_requested': 'overlap', 'environment_matching_used': 'overlap', 'h_prediction_MSE': 0.34672001004219055, 'h_prediction_MAE': 0.40972569584846497, 'h_prediction_drift_from_pretrained': 1.6785228399264843e-14, 'h_prediction_corr_with_pretrained': 0.9999999999999837, 'H_norm': 0.9681981801986694, 'H_norm_ratio_to_pretrained': 1.0, 'stage': 0, 'environment_prediction_source': 'H -> frozen pretrained forecast head', 'env_assignment_similarity_to_previous': -0.00035896221622765936}
A2 complementary_gate classification stage 2 epoch 6 {'loss': 1.1416901625179683, 'var_predictive_loss': 0.49515012922553053, 'var_utility_loss': 1.6801223120293703e-06, 'var_conditional_gain_loss': 0.0020398831149439777, 'conditional_pair_MSE': 0.49517139554515494, 'conditional_shuffle_MSE': 0.7289579172843245, 'conditional_gain_mean': 0.23378652165734629, 'conditional_positive_ratio': 0.9238336603444517, 'h_anchor_loss': nan, 'future_var_loss': nan, 'future_var_cosine': nan, 'future_var_l2': nan, 'future_var_pred_norm': nan, 'future_var_target_norm': nan, 'gate/mean': -0.8504804415132244, 'gate/std': 0.3043701782489786, 'gate/positive_ratio': 0.03557258887999178, 'gate/negative_ratio': 0.9644274106975919, 'gate/abs_mean': 0.8796563289859523, 'gate/near_zero_ratio': 0.012269816899794558, 'stage': 2, 'epoch': 6}
A2 complementary_gate classification stage 0 epoch 1 {'loss': 0.9486386173176315, 'var_predictive_loss': 0.5288229487976938, 'var_utility_loss': 0.0005973325975300779, 'var_conditional_gain_loss': 0.000797590745302538, 'conditional_pair_MSE': 0.5296946450799817, 'conditional_shuffle_MSE': 0.5460857651990161, 'conditional_gain_mean': 0.016391120119034455, 'conditional_positive_ratio': 0.8752367424242424, 'h_anchor_loss': nan, 'future_var_loss': nan, 'future_var_cosine': nan, 'future_var_l2': nan, 'future_var_pred_norm': nan, 'future_var_target_norm': nan, 'gate/mean': -0.01932950144255692, 'gate/std': 0.11437139182211652, 'gate/positive_ratio': 0.4378341813177736, 'gate/negative_ratio': 0.5621658159302453, 'gate/abs_mean': 0.08866921058217994, 'gate/near_zero_ratio': 0.6540277092351025, 'stage': 0, 'epoch': 1}
A2 complementary_gate classification stage 0 epoch 2 {'loss': 0.9343791118207968, 'var_predictive_loss': 0.518616865603429, 'var_utility_loss': 0.00024839263202903686, 'var_conditional_gain_loss': 0.000825618344330878, 'conditional_pair_MSE': 0.5188433953285725, 'conditional_shuffle_MSE': 0.5419386562972442, 'conditional_gain_mean': 0.023095260968671715, 'conditional_positive_ratio': 0.8995028409090909, 'h_anchor_loss': nan, 'future_var_loss': nan, 'future_var_cosine': nan, 'future_var_l2': nan, 'future_var_pred_norm': nan, 'future_var_target_norm': nan, 'gate/mean': -0.120344061065655, 'gate/std': 0.18703374493206565, 'gate/positive_ratio': 0.26025061488063533, 'gate/negative_ratio': 0.7397493851193646, 'gate/abs_mean': 0.17589647292940322, 'gate/near_zero_ratio': 0.3606180285714638, 'stage': 0, 'epoch': 2}
A2 STAGE 1 EIIL {'update': 1, 'source_split': 'TRAIN only', 'mean_q_change': 0.32650625705718994, 'environment_mass': [0.3324005603790283, 0.3338344395160675, 0.3337649703025818], 'min_environment_mass': 0.3324005603790283, 'environment_risk': [0.35675036907196045, 0.36078697443008423, 0.31790411472320557], 'probe_gradients': [[0.1441081464290619, -0.34749630093574524], [0.18567340075969696, 0.18502064049243927], [0.13682207465171814, 0.0890829861164093]], 'gradient_disagreement': 0.16251565515995026, 'D_within_grad': 0.5128677487373352, 'D_between_grad': 0.6180131435394287, 'gradient_separation': 1.2050145864486694, 'random_partition_repeats': 100, 'conflict_ours': 0.16251565515995026, 'random_partition_conflict_mean': 6.243152893148363e-05, 'random_partition_conflict_std': 5.974177474854514e-05, 'random_partition_z_score': 2719.256591796875, 'environment_similarity_correlation': 0.6226755057123654, 'hungarian_permutation': [0, 1, 2], 'alignment_overlap_before': 0.36115071177482605, 'alignment_overlap_after': 0.36115071177482605, 'environment_matching_requested': 'overlap', 'environment_matching_used': 'overlap', 'h_prediction_MSE': 0.34513235092163086, 'h_prediction_MAE': 0.41276901960372925, 'h_prediction_drift_from_pretrained': 0.025949830189347267, 'h_prediction_corr_with_pretrained': 0.9843374271496093, 'H_norm': 0.9530176520347595, 'H_norm_ratio_to_pretrained': 0.9841932058334351, 'stage': 1, 'environment_prediction_source': 'H -> frozen pretrained forecast head', 'env_assignment_similarity_to_previous': 0.6226755057123654}
A2 STAGE 3 EIIL {'update': 3, 'source_split': 'TRAIN only', 'mean_q_change': 0.10523218661546707, 'environment_mass': [0.3403235375881195, 0.32171928882598877, 0.3379572033882141], 'min_environment_mass': 0.32171928882598877, 'environment_risk': [0.44364133477211, 0.7640342116355896, 0.4206070005893707], 'probe_gradients': [[0.11996671557426453, -0.07402510941028595], [0.8261443376541138, 0.07301904261112213], [0.15583130717277527, -0.09958132356405258]], 'gradient_disagreement': 0.3337862193584442, 'D_within_grad': 0.47099998593330383, 'D_between_grad': 0.6631497144699097, 'gradient_separation': 1.4079612493515015, 'random_partition_repeats': 100, 'conflict_ours': 0.3337862193584442, 'random_partition_conflict_mean': 2.233884333691094e-05, 'random_partition_conflict_std': 2.34140497923363e-05, 'random_partition_z_score': 14254.8544921875, 'environment_similarity_correlation': 0.8460784707037301, 'hungarian_permutation': [0, 1, 2], 'alignment_overlap_before': 0.5620847344398499, 'alignment_overlap_after': 0.5620847344398499, 'environment_matching_requested': 'overlap', 'environment_matching_used': 'overlap', 'h_prediction_MSE': 0.5389333963394165, 'h_prediction_MAE': 0.37425297498703003, 'h_prediction_drift_from_pretrained': 0.09488982707262039, 'h_prediction_corr_with_pretrained': 0.9411356671309201, 'H_norm': 0.8552173972129822, 'H_norm_ratio_to_pretrained': 0.9971244931221008, 'stage': 3, 'environment_prediction_source': 'H -> frozen pretrained forecast head', 'env_assignment_similarity_to_previous': 0.8460784707037301}
A2 complementary_gate classification stage 1 epoch 3 {'loss': 0.9223069350674468, 'var_predictive_loss': 0.5161022437068651, 'var_utility_loss': 0.00015005602712472814, 'var_conditional_gain_loss': 0.0008478566058770274, 'conditional_pair_MSE': 0.5127133011860265, 'conditional_shuffle_MSE': 0.5415275167571522, 'conditional_gain_mean': 0.028814215571125686, 'conditional_positive_ratio': 0.9075520833333334, 'h_anchor_loss': nan, 'future_var_loss': nan, 'future_var_cosine': nan, 'future_var_l2': nan, 'future_var_pred_norm': nan, 'future_var_target_norm': nan, 'gate/mean': -0.26439660843381235, 'gate/std': 0.23801608415717226, 'gate/positive_ratio': 0.13596618499952798, 'gate/negative_ratio': 0.864033812248491, 'gate/abs_mean': 0.2982221909556824, 'gate/near_zero_ratio': 0.18264661443362556, 'stage': 1, 'epoch': 3}
A0 complementary_gate classification stage 0 epoch 2 {'loss': 0.2520521606455203, 'var_predictive_loss': nan, 'var_utility_loss': nan, 'var_conditional_gain_loss': nan, 'conditional_pair_MSE': nan, 'conditional_shuffle_MSE': nan, 'conditional_gain_mean': nan, 'conditional_positive_ratio': nan, 'h_anchor_loss': nan, 'future_var_loss': nan, 'future_var_cosine': nan, 'future_var_l2': nan, 'future_var_pred_norm': nan, 'future_var_target_norm': nan, 'gate/mean': nan, 'gate/std': nan, 'gate/positive_ratio': nan, 'gate/negative_ratio': nan, 'gate/abs_mean': nan, 'gate/near_zero_ratio': nan, 'stage': 0, 'epoch': 2}
A2 complementary_gate classification stage 1 epoch 4 {'loss': 0.912186948533328, 'var_predictive_loss': 0.5069911650891574, 'var_utility_loss': 0.0001140833621732627, 'var_conditional_gain_loss': 0.0009431983891056117, 'conditional_pair_MSE': 0.507149818889571, 'conditional_shuffle_MSE': 0.5438508645730149, 'conditional_gain_mean': 0.036701045683444, 'conditional_positive_ratio': 0.9056581439393939, 'h_anchor_loss': nan, 'future_var_loss': nan, 'future_var_cosine': nan, 'future_var_l2': nan, 'future_var_pred_norm': nan, 'future_var_target_norm': nan, 'gate/mean': -0.35863487980731773, 'gate/std': 0.2615148476640461, 'gate/positive_ratio': 0.0938959348043795, 'gate/negative_ratio': 0.9061040651956205, 'gate/abs_mean': 0.3848242727374187, 'gate/near_zero_ratio': 0.11814446564277119, 'stage': 1, 'epoch': 4}
A2 STAGE 2 EIIL {'update': 2, 'source_split': 'TRAIN only', 'mean_q_change': 0.22583967447280884, 'environment_mass': [0.33125388622283936, 0.33068761229515076, 0.3380585014820099], 'min_environment_mass': 0.33068761229515076, 'environment_risk': [0.35790780186653137, 0.3999718725681305, 0.2856917381286621], 'probe_gradients': [[0.20494523644447327, -0.32276368141174316], [0.25862497091293335, 0.2907216548919678], [0.054014790803194046, -0.029431896284222603]], 'gradient_disagreement': 0.21081097424030304, 'D_within_grad': 0.4810311496257782, 'D_between_grad': 0.6201472878456116, 'gradient_separation': 1.2892040014266968, 'random_partition_repeats': 100, 'conflict_ours': 0.21081097424030304, 'random_partition_conflict_mean': 6.386731547536328e-05, 'random_partition_conflict_std': 4.3658197682816535e-05, 'random_partition_z_score': 4827.2060546875, 'environment_similarity_correlation': 0.807334296459917, 'hungarian_permutation': [0, 1, 2], 'alignment_overlap_before': 0.5048010349273682, 'alignment_overlap_after': 0.5048010349273682, 'environment_matching_requested': 'overlap', 'environment_matching_used': 'overlap', 'h_prediction_MSE': 0.3474046587944031, 'h_prediction_MAE': 0.41590508818626404, 'h_prediction_drift_from_pretrained': 0.03905876725912094, 'h_prediction_corr_with_pretrained': 0.9764266582430521, 'H_norm': 0.9545384049415588, 'H_norm_ratio_to_pretrained': 0.9857364296913147, 'stage': 2, 'environment_prediction_source': 'H -> frozen pretrained forecast head', 'env_assignment_similarity_to_previous': 0.807334296459917}
A2 complementary_gate classification stage 2 epoch 5 {'loss': 0.9048226653404956, 'var_predictive_loss': 0.5006600212376072, 'var_utility_loss': 8.760651733198002e-05, 'var_conditional_gain_loss': 0.0011298882450456872, 'conditional_pair_MSE': 0.49956079123711045, 'conditional_shuffle_MSE': 0.5435943916866867, 'conditional_gain_mean': 0.04403360044957618, 'conditional_positive_ratio': 0.9139441287878788, 'h_anchor_loss': nan, 'future_var_loss': nan, 'future_var_cosine': nan, 'future_var_l2': nan, 'future_var_pred_norm': nan, 'future_var_target_norm': nan, 'gate/mean': -0.4272866128443427, 'gate/std': 0.28184169939294806, 'gate/positive_ratio': 0.08073617596246245, 'gate/negative_ratio': 0.9192638240375376, 'gate/abs_mean': 0.45264477256236246, 'gate/near_zero_ratio': 0.08869803147931708, 'stage': 2, 'epoch': 5}
A2 complementary_gate classification stage 2 epoch 6 {'loss': 0.8907243013381958, 'var_predictive_loss': 0.49198526054058433, 'var_utility_loss': 7.765910228250882e-05, 'var_conditional_gain_loss': 0.0012614864002292354, 'conditional_pair_MSE': 0.4928093707968594, 'conditional_shuffle_MSE': 0.5452119603657841, 'conditional_gain_mean': 0.052402589568924726, 'conditional_positive_ratio': 0.9142992424242424, 'h_anchor_loss': nan, 'future_var_loss': nan, 'future_var_cosine': nan, 'future_var_l2': nan, 'future_var_pred_norm': nan, 'future_var_target_norm': nan, 'gate/mean': -0.466978176964403, 'gate/std': 0.2940603051381749, 'gate/positive_ratio': 0.07573558692843335, 'gate/negative_ratio': 0.9242644130715667, 'gate/abs_mean': 0.4931672720086776, 'gate/near_zero_ratio': 0.0753634612956098, 'stage': 2, 'epoch': 6}
A2 STAGE 3 EIIL {'update': 3, 'source_split': 'TRAIN only', 'mean_q_change': 0.12265017628669739, 'environment_mass': [0.33315834403038025, 0.3302387297153473, 0.33660295605659485], 'min_environment_mass': 0.3302387297153473, 'environment_risk': [0.35565271973609924, 0.406608909368515, 0.2842651605606079], 'probe_gradients': [[0.21082349121570587, -0.28373369574546814], [0.27422770857810974, 0.3190247118473053], [0.040822833776474, -0.06011900305747986]], 'gradient_disagreement': 0.21482312679290771, 'D_within_grad': 0.47135278582572937, 'D_between_grad': 0.6211919188499451, 'gradient_separation': 1.3178917169570923, 'random_partition_repeats': 100, 'conflict_ours': 0.21482312679290771, 'random_partition_conflict_mean': 6.192429282236844e-05, 'random_partition_conflict_std': 4.565238123177551e-05, 'random_partition_z_score': 4704.271484375, 'environment_similarity_correlation': 0.9067817037379236, 'hungarian_permutation': [0, 1, 2], 'alignment_overlap_before': 0.5625967383384705, 'alignment_overlap_after': 0.5625967383384705, 'environment_matching_requested': 'overlap', 'environment_matching_used': 'overlap', 'h_prediction_MSE': 0.348451167345047, 'h_prediction_MAE': 0.41756534576416016, 'h_prediction_drift_from_pretrained': 0.04722948372364044, 'h_prediction_corr_with_pretrained': 0.971189812542754, 'H_norm': 0.9482468366622925, 'H_norm_ratio_to_pretrained': 0.9793186783790588, 'stage': 3, 'environment_prediction_source': 'H -> frozen pretrained forecast head', 'env_assignment_similarity_to_previous': 0.9067817037379236}
A2 complementary_gate classification stage 3 epoch 7 {'loss': 0.8821058482493994, 'var_predictive_loss': 0.4857316971949811, 'var_utility_loss': 6.750624268980178e-05, 'var_conditional_gain_loss': 0.0011424772691856506, 'conditional_pair_MSE': 0.48686980695823545, 'conditional_shuffle_MSE': 0.5440766082646212, 'conditional_gain_mean': 0.05720680130638577, 'conditional_positive_ratio': 0.9205729166666666, 'h_anchor_loss': nan, 'future_var_loss': nan, 'future_var_cosine': nan, 'future_var_l2': nan, 'future_var_pred_norm': nan, 'future_var_target_norm': nan, 'gate/mean': -0.49021935803589944, 'gate/std': 0.30801703589235474, 'gate/positive_ratio': 0.07894746256777359, 'gate/negative_ratio': 0.9210525374322264, 'gate/abs_mean': 0.519613974857461, 'gate/near_zero_ratio': 0.07027898637447937, 'stage': 3, 'epoch': 7}
A2 complementary_gate classification stage 3 epoch 8 {'loss': 0.8749172120724085, 'var_predictive_loss': 0.48143380183093953, 'var_utility_loss': 6.086903737906261e-05, 'var_conditional_gain_loss': 0.001163021663105059, 'conditional_pair_MSE': 0.48162387013012037, 'conditional_shuffle_MSE': 0.5445835929819044, 'conditional_gain_mean': 0.06295972285178406, 'conditional_positive_ratio': 0.9211647727272727, 'h_anchor_loss': nan, 'future_var_loss': nan, 'future_var_cosine': nan, 'future_var_l2': nan, 'future_var_pred_norm': nan, 'future_var_target_norm': nan, 'gate/mean': -0.5123633681665922, 'gate/std': 0.3222126697789885, 'gate/positive_ratio': 0.0820030504499335, 'gate/negative_ratio': 0.9179969495500665, 'gate/abs_mean': 0.5455237385444986, 'gate/near_zero_ratio': 0.0658193322443414, 'stage': 3, 'epoch': 8}
A2 STAGE 4 EIIL {'update': 4, 'source_split': 'TRAIN only', 'mean_q_change': 0.12495594471693039, 'environment_mass': [0.3339059352874756, 0.3293388783931732, 0.3367551565170288], 'min_environment_mass': 0.3293388783931732, 'environment_risk': [0.35549911856651306, 0.4097751975059509, 0.2850456237792969], 'probe_gradients': [[0.261290967464447, -0.2407306581735611], [0.2741217017173767, 0.33528557419776917], [0.0218059029430151, -0.0923396646976471]], 'gradient_disagreement': 0.21928630769252777, 'D_within_grad': 0.46217235922813416, 'D_between_grad': 0.6109721064567566, 'gradient_separation': 1.3219572305679321, 'random_partition_repeats': 100, 'conflict_ours': 0.21928630769252777, 'random_partition_conflict_mean': 6.745093560311943e-05, 'random_partition_conflict_std': 4.044207162223756e-05, 'random_partition_z_score': 5420.564453125, 'environment_similarity_correlation': 0.9164028341134581, 'hungarian_permutation': [0, 1, 2], 'alignment_overlap_before': 0.571398913860321, 'alignment_overlap_after': 0.571398913860321, 'environment_matching_requested': 'overlap', 'environment_matching_used': 'overlap', 'h_prediction_MSE': 0.34964871406555176, 'h_prediction_MAE': 0.4195857048034668, 'h_prediction_drift_from_pretrained': 0.054189566522836685, 'h_prediction_corr_with_pretrained': 0.9671351336946638, 'H_norm': 0.9532196521759033, 'H_norm_ratio_to_pretrained': 0.9844428300857544, 'stage': 4, 'environment_prediction_source': 'H -> frozen pretrained forecast head', 'env_assignment_similarity_to_previous': 0.9164028341134581}
A2 complementary_gate classification stage 4 epoch 9 {'loss': 0.8674916723989091, 'var_predictive_loss': 0.4760123069556254, 'var_utility_loss': 5.444451167280039e-05, 'var_conditional_gain_loss': 0.0012644768576137722, 'conditional_pair_MSE': 0.47673331613998127, 'conditional_shuffle_MSE': 0.5444184554701982, 'conditional_gain_mean': 0.06768513934080009, 'conditional_positive_ratio': 0.9285037878787878, 'h_anchor_loss': nan, 'future_var_loss': nan, 'future_var_cosine': nan, 'future_var_l2': nan, 'future_var_pred_norm': nan, 'future_var_target_norm': nan, 'gate/mean': -0.5289167235314965, 'gate/std': 0.33599128746663204, 'gate/positive_ratio': 0.08511048015156766, 'gate/negative_ratio': 0.9148895198484324, 'gate/abs_mean': 0.566494450052807, 'gate/near_zero_ratio': 0.062410978916214374, 'stage': 4, 'epoch': 9}
A2 complementary_gate classification stage 4 epoch 10 {'loss': 0.8573323656927865, 'var_predictive_loss': 0.4712417199926556, 'var_utility_loss': 5.042275519166274e-05, 'var_conditional_gain_loss': 0.001346761138517071, 'conditional_pair_MSE': 0.4717011472252621, 'conditional_shuffle_MSE': 0.5438359844935776, 'conditional_gain_mean': 0.07213483725420454, 'conditional_positive_ratio': 0.9238873106060606, 'h_anchor_loss': nan, 'future_var_loss': nan, 'future_var_cosine': nan, 'future_var_l2': nan, 'future_var_pred_norm': nan, 'future_var_target_norm': nan, 'gate/mean': -0.5418764844977109, 'gate/std': 0.3500404888897388, 'gate/positive_ratio': 0.0893195911727367, 'gate/negative_ratio': 0.9106804088272633, 'gate/abs_mean': 0.5844152468610649, 'gate/near_zero_ratio': 0.06033032436125859, 'stage': 4, 'epoch': 10}
A2 TEST 0.3932984173297882 0.41008293628692627
[ETTh1] run D_isolated_rms on GPU 3
A2 complementary_gate classification stage 3 epoch 7 {'loss': 1.1377048030976327, 'var_predictive_loss': 0.48680116457064043, 'var_utility_loss': 9.797275607202852e-07, 'var_conditional_gain_loss': 0.0021403944895236567, 'conditional_pair_MSE': 0.4868521637821106, 'conditional_shuffle_MSE': 0.7276536948916569, 'conditional_gain_mean': 0.2408015311682235, 'conditional_positive_ratio': 0.9253869631567473, 'h_anchor_loss': nan, 'future_var_loss': nan, 'future_var_cosine': nan, 'future_var_l2': nan, 'future_var_pred_norm': nan, 'future_var_target_norm': nan, 'gate/mean': -0.8625047449611334, 'gate/std': 0.3077992789040001, 'gate/positive_ratio': 0.035497303295418316, 'gate/negative_ratio': 0.9645026962821653, 'gate/abs_mean': 0.8945086009304873, 'gate/near_zero_ratio': 0.010888942348218286, 'stage': 3, 'epoch': 7}
shared_reference source=loaded path=results/predictive_env_reference_all_datasets_k3/ETTh1/shared_reference.pt sha256=cfc624bc956d6b28ad507cffe6ed782445df170f77a8a0145bdefa35dee90d82
A2 identity {'feature': 0.0}
A2 STAGE 0 EIIL {'update': 0, 'source_split': 'TRAIN only', 'mean_q_change': 0.06255240738391876, 'environment_mass': [0.33309489488601685, 0.3330708146095276, 0.33383429050445557], 'min_environment_mass': 0.3330708146095276, 'environment_risk': [0.32917171716690063, 0.3560784161090851, 0.35489240288734436], 'probe_gradients': [[0.06736400723457336, -0.04516129568219185], [0.13077318668365479, 0.06400439143180847], [0.1283065378665924, 0.06479810178279877]], 'gradient_disagreement': 0.010583214461803436, 'D_within_grad': 0.5824633836746216, 'D_between_grad': 0.5875118374824524, 'gradient_separation': 1.0086674690246582, 'random_partition_repeats': 100, 'conflict_ours': 0.010583214461803436, 'random_partition_conflict_mean': 2.2259177967498545e-06, 'random_partition_conflict_std': 2.443049879730097e-06, 'random_partition_z_score': 4331.05712890625, 'environment_similarity_correlation': -0.00035896221622765936, 'hungarian_permutation': [0, 1, 2], 'alignment_overlap_before': 0.3333494961261749, 'alignment_overlap_after': 0.3333494961261749, 'environment_matching_requested': 'overlap', 'environment_matching_used': 'overlap', 'h_prediction_MSE': 0.34672001004219055, 'h_prediction_MAE': 0.40972569584846497, 'h_prediction_drift_from_pretrained': 1.6785228399264843e-14, 'h_prediction_corr_with_pretrained': 0.9999999999999837, 'H_norm': 0.9681981801986694, 'H_norm_ratio_to_pretrained': 1.0, 'stage': 0, 'environment_prediction_source': 'H -> frozen pretrained forecast head', 'env_assignment_similarity_to_previous': -0.00035896221622765936}
A2 complementary_gate classification stage 0 epoch 1 {'loss': 0.9987526086141478, 'var_predictive_loss': 0.5302016549515274, 'var_utility_loss': 0.0011007789506210137, 'var_conditional_gain_loss': 0.0007465435985729775, 'conditional_pair_MSE': 0.5311006960109808, 'conditional_shuffle_MSE': 0.5468147269531266, 'conditional_gain_mean': 0.015714030942145848, 'conditional_positive_ratio': 0.8740530303030303, 'h_anchor_loss': nan, 'future_var_loss': nan, 'future_var_cosine': nan, 'future_var_l2': nan, 'future_var_pred_norm': nan, 'future_var_target_norm': nan, 'gate/mean': -0.05508824830170187, 'gate/std': 0.16133107380411885, 'gate/positive_ratio': 0.38374741401842427, 'gate/negative_ratio': 0.6162525804776136, 'gate/abs_mean': 0.12457273928635054, 'gate/near_zero_ratio': 0.5460000378892754, 'stage': 0, 'epoch': 1}
A2 complementary_gate classification stage 0 epoch 2 {'loss': 1.0317652079294313, 'var_predictive_loss': 0.5227925540141339, 'var_utility_loss': 0.00010779680038855883, 'var_conditional_gain_loss': 0.0008395367661829699, 'conditional_pair_MSE': 0.5229739574433276, 'conditional_shuffle_MSE': 0.5476057827137552, 'conditional_gain_mean': 0.024631825270427562, 'conditional_positive_ratio': 0.9022253787878788, 'h_anchor_loss': nan, 'future_var_loss': nan, 'future_var_cosine': nan, 'future_var_l2': nan, 'future_var_pred_norm': nan, 'future_var_target_norm': nan, 'gate/mean': -0.4187386976739282, 'gate/std': 0.28700877491671856, 'gate/positive_ratio': 0.08243640490967513, 'gate/negative_ratio': 0.9175635950903248, 'gate/abs_mean': 0.4413499884666709, 'gate/near_zero_ratio': 0.10383544372854776, 'stage': 0, 'epoch': 2}
A2 STAGE 1 EIIL {'update': 1, 'source_split': 'TRAIN only', 'mean_q_change': 0.3599848449230194, 'environment_mass': [0.3313311040401459, 0.33190715312957764, 0.3367616832256317], 'min_environment_mass': 0.3313311040401459, 'environment_risk': [0.352737694978714, 0.3850899338722229, 0.30582699179649353], 'probe_gradients': [[0.053302522748708725, -0.32476750016212463], [0.13687527179718018, 0.26192623376846313], [0.030670229345560074, 0.05762725695967674]], 'gradient_disagreement': 0.18364983797073364, 'D_within_grad': 0.4816139340400696, 'D_between_grad': 0.6029133200645447, 'gradient_separation': 1.25186026096344, 'random_partition_repeats': 100, 'conflict_ours': 0.18364983797073364, 'random_partition_conflict_mean': 6.905133341206238e-05, 'random_partition_conflict_std': 5.728066389565356e-05, 'random_partition_z_score': 3204.9345703125, 'environment_similarity_correlation': 0.6949863240235205, 'hungarian_permutation': [0, 1, 2], 'alignment_overlap_before': 0.36159056425094604, 'alignment_overlap_after': 0.36159056425094604, 'environment_matching_requested': 'overlap', 'environment_matching_used': 'overlap', 'h_prediction_MSE': 0.3476778566837311, 'h_prediction_MAE': 0.41430386900901794, 'h_prediction_drift_from_pretrained': 0.015783805400133133, 'h_prediction_corr_with_pretrained': 0.9898057086946345, 'H_norm': 0.9518998265266418, 'H_norm_ratio_to_pretrained': 0.9830605983734131, 'stage': 1, 'environment_prediction_source': 'H -> frozen pretrained forecast head', 'env_assignment_similarity_to_previous': 0.6949863240235205}
A2 complementary_gate classification stage 1 epoch 3 {'loss': 1.1135698545653865, 'var_predictive_loss': 0.524278730828807, 'var_utility_loss': 3.3855168437950836e-05, 'var_conditional_gain_loss': 0.00111303652044047, 'conditional_pair_MSE': 0.520861140591671, 'conditional_shuffle_MSE': 0.5564426062152382, 'conditional_gain_mean': 0.035581465623567274, 'conditional_positive_ratio': 0.9054214015151515, 'h_anchor_loss': nan, 'future_var_loss': nan, 'future_var_cosine': nan, 'future_var_l2': nan, 'future_var_pred_norm': nan, 'future_var_target_norm': nan, 'gate/mean': -0.8996538405470023, 'gate/std': 0.12165116425876658, 'gate/positive_ratio': 0.0002709903283496497, 'gate/negative_ratio': 0.9997290096716503, 'gate/abs_mean': 0.8997008794715069, 'gate/near_zero_ratio': 0.000609720670838758, 'stage': 1, 'epoch': 3}
A2 complementary_gate classification stage 1 epoch 4 {'loss': 1.1392730483468974, 'var_predictive_loss': 0.5244147489655693, 'var_utility_loss': 4.974579257782768e-06, 'var_conditional_gain_loss': 0.0010830875076917987, 'conditional_pair_MSE': 0.5245241877644069, 'conditional_shuffle_MSE': 0.556885051182965, 'conditional_gain_mean': 0.03236086341855822, 'conditional_positive_ratio': 0.9010416666666666, 'h_anchor_loss': nan, 'future_var_loss': nan, 'future_var_cosine': nan, 'future_var_l2': nan, 'future_var_pred_norm': nan, 'future_var_target_norm': nan, 'gate/mean': -0.9971993686734569, 'gate/std': 0.010839199220570871, 'gate/positive_ratio': 5.08015706282513e-06, 'gate/negative_ratio': 0.9999949198429372, 'gate/abs_mean': 0.9971997484468452, 'gate/near_zero_ratio': 1.5009304778249328e-05, 'stage': 1, 'epoch': 4}
A2 STAGE 2 EIIL {'update': 2, 'source_split': 'TRAIN only', 'mean_q_change': 0.22476744651794434, 'environment_mass': [0.3323233425617218, 0.3287818729877472, 0.3388948440551758], 'min_environment_mass': 0.3287818729877472, 'environment_risk': [0.3893590271472931, 0.45337575674057007, 0.33625391125679016], 'probe_gradients': [[0.09389351308345795, -0.29805314540863037], [0.1913679540157318, 0.3746053874492645], [-0.04539048299193382, -0.02720123529434204]], 'gradient_disagreement': 0.25741156935691833, 'D_within_grad': 0.45677274465560913, 'D_between_grad': 0.6237930655479431, 'gradient_separation': 1.3656530380249023, 'random_partition_repeats': 100, 'conflict_ours': 0.25741156935691833, 'random_partition_conflict_mean': 7.71477134549059e-05, 'random_partition_conflict_std': 5.573199814534746e-05, 'random_partition_z_score': 4617.35498046875, 'environment_similarity_correlation': 0.7944022412117047, 'hungarian_permutation': [0, 1, 2], 'alignment_overlap_before': 0.5346245169639587, 'alignment_overlap_after': 0.5346245169639587, 'environment_matching_requested': 'overlap', 'environment_matching_used': 'overlap', 'h_prediction_MSE': 0.3924095630645752, 'h_prediction_MAE': 0.4435700476169586, 'h_prediction_drift_from_pretrained': 0.05495095252990723, 'h_prediction_corr_with_pretrained': 0.9633153373610904, 'H_norm': 0.9564568996429443, 'H_norm_ratio_to_pretrained': 0.9878469109535217, 'stage': 2, 'environment_prediction_source': 'H -> frozen pretrained forecast head', 'env_assignment_similarity_to_previous': 0.7944022412117047}
A2 complementary_gate classification stage 2 epoch 5 {'loss': 1.1501229007289095, 'var_predictive_loss': 0.5297798616706201, 'var_utility_loss': 5.972469958594406e-07, 'var_conditional_gain_loss': 0.0010194114116584938, 'conditional_pair_MSE': 0.5286837345179678, 'conditional_shuffle_MSE': 0.55425412369765, 'conditional_gain_mean': 0.025570389179682188, 'conditional_positive_ratio': 0.8935842803030303, 'h_anchor_loss': nan, 'future_var_loss': nan, 'future_var_cosine': nan, 'future_var_l2': nan, 'future_var_pred_norm': nan, 'future_var_target_norm': nan, 'gate/mean': -0.9998179887877245, 'gate/std': 0.011301845922518686, 'gate/positive_ratio': 3.532167708632749e-05, 'gate/negative_ratio': 0.9999646783229137, 'gate/abs_mean': 0.9998197617515316, 'gate/near_zero_ratio': 8.013493689729412e-05, 'stage': 2, 'epoch': 5}
A2 complementary_gate classification stage 2 epoch 6 {'loss': 1.1356404140310468, 'var_predictive_loss': 0.5267730699395233, 'var_utility_loss': 1.598668592140144e-10, 'var_conditional_gain_loss': 0.000723979047810038, 'conditional_pair_MSE': 0.5277687522184076, 'conditional_shuffle_MSE': 0.5549327266247323, 'conditional_gain_mean': 0.027163974406324665, 'conditional_positive_ratio': 0.9171401515151515, 'h_anchor_loss': nan, 'future_var_loss': nan, 'future_var_cosine': nan, 'future_var_l2': nan, 'future_var_pred_norm': nan, 'future_var_target_norm': nan, 'gate/mean': -0.99993322558722, 'gate/std': 0.0070310432490119056, 'gate/positive_ratio': 1.5969746173117136e-05, 'gate/negative_ratio': 0.9999840302538269, 'gate/abs_mean': 0.9999341244530383, 'gate/near_zero_ratio': 2.9922290218904463e-05, 'stage': 2, 'epoch': 6}
A2 STAGE 3 EIIL {'update': 3, 'source_split': 'TRAIN only', 'mean_q_change': 0.08028838038444519, 'environment_mass': [0.33373206853866577, 0.329222172498703, 0.3370457887649536], 'min_environment_mass': 0.329222172498703, 'environment_risk': [0.3946421444416046, 0.45647650957107544, 0.33069276809692383], 'probe_gradients': [[0.11790632456541061, -0.32705697417259216], [0.2016349881887436, 0.3791019022464752], [-0.022579338401556015, -0.02907196432352066]], 'gradient_disagreement': 0.2770266830921173, 'D_within_grad': 0.4676414728164673, 'D_between_grad': 0.6458486318588257, 'gradient_separation': 1.381076455116272, 'random_partition_repeats': 100, 'conflict_ours': 0.2770266830921173, 'random_partition_conflict_mean': 8.265261567430571e-05, 'random_partition_conflict_std': 5.764498928328976e-05, 'random_partition_z_score': 4804.3037109375, 'environment_similarity_correlation': 0.9591250984439114, 'hungarian_permutation': [0, 1, 2], 'alignment_overlap_before': 0.6037969589233398, 'alignment_overlap_after': 0.6037969589233398, 'environment_matching_requested': 'overlap', 'environment_matching_used': 'overlap', 'h_prediction_MSE': 0.39344555139541626, 'h_prediction_MAE': 0.44367024302482605, 'h_prediction_drift_from_pretrained': 0.05662918835878372, 'h_prediction_corr_with_pretrained': 0.9621142064766467, 'H_norm': 0.9430927634239197, 'H_norm_ratio_to_pretrained': 0.9741410613059998, 'stage': 3, 'environment_prediction_source': 'H -> frozen pretrained forecast head', 'env_assignment_similarity_to_previous': 0.9591250984439114}
A2 complementary_gate classification stage 3 epoch 7 {'loss': 1.125872265167956, 'var_predictive_loss': 0.524430266360067, 'var_utility_loss': 1.5428752445444543e-11, 'var_conditional_gain_loss': 0.0006919801041173438, 'conditional_pair_MSE': 0.5256572200786181, 'conditional_shuffle_MSE': 0.5562542153973923, 'conditional_gain_mean': 0.030596995318774134, 'conditional_positive_ratio': 0.9210464015151515, 'h_anchor_loss': nan, 'future_var_loss': nan, 'future_var_cosine': nan, 'future_var_l2': nan, 'future_var_pred_norm': nan, 'future_var_target_norm': nan, 'gate/mean': -0.9999789992884257, 'gate/std': 0.004117126472902195, 'gate/positive_ratio': 5.649817145167926e-06, 'gate/negative_ratio': 0.9999943501828549, 'gate/abs_mean': 0.9999792180709212, 'gate/near_zero_ratio': 1.185003050515981e-05, 'stage': 3, 'epoch': 7}
A2 complementary_gate classification stage 3 epoch 8 {'loss': 1.1225096394430916, 'var_predictive_loss': 0.5230807177300724, 'var_utility_loss': 1.2637225903697994e-11, 'var_conditional_gain_loss': 0.0006369234902332678, 'conditional_pair_MSE': 0.5229210652566204, 'conditional_shuffle_MSE': 0.5566615630258721, 'conditional_gain_mean': 0.03374049776925169, 'conditional_positive_ratio': 0.9334753787878788, 'h_anchor_loss': nan, 'future_var_loss': nan, 'future_var_cosine': nan, 'future_var_l2': nan, 'future_var_pred_norm': nan, 'future_var_target_norm': nan, 'gate/mean': -0.999999988648078, 'gate/std': 0.0, 'gate/positive_ratio': 0.0, 'gate/negative_ratio': 1.0, 'gate/abs_mean': 0.999999988648078, 'gate/near_zero_ratio': 0.0, 'stage': 3, 'epoch': 8}
A2 STAGE 4 EIIL {'update': 4, 'source_split': 'TRAIN only', 'mean_q_change': 0.05292424559593201, 'environment_mass': [0.332838237285614, 0.3288404643535614, 0.33832135796546936], 'min_environment_mass': 0.3288404643535614, 'environment_risk': [0.3826388418674469, 0.44408372044563293, 0.3225027024745941], 'probe_gradients': [[0.1012592762708664, -0.3203493654727936], [0.18778260052204132, 0.3671191930770874], [-0.027400005608797073, -0.025117874145507812]], 'gradient_disagreement': 0.2613225281238556, 'D_within_grad': 0.46121206879615784, 'D_between_grad': 0.6317505240440369, 'gradient_separation': 1.3697614669799805, 'random_partition_repeats': 100, 'conflict_ours': 0.2613225281238556, 'random_partition_conflict_mean': 7.652777276234701e-05, 'random_partition_conflict_std': 5.019872696720995e-05, 'random_partition_z_score': 5204.2353515625, 'environment_similarity_correlation': 0.9853978741648243, 'hungarian_permutation': [0, 1, 2], 'alignment_overlap_before': 0.6101601719856262, 'alignment_overlap_after': 0.6101601719856262, 'environment_matching_requested': 'overlap', 'environment_matching_used': 'overlap', 'h_prediction_MSE': 0.3824990689754486, 'h_prediction_MAE': 0.43708130717277527, 'h_prediction_drift_from_pretrained': 0.04873112216591835, 'h_prediction_corr_with_pretrained': 0.9675241305714639, 'H_norm': 0.943880558013916, 'H_norm_ratio_to_pretrained': 0.9749599099159241, 'stage': 4, 'environment_prediction_source': 'H -> frozen pretrained forecast head', 'env_assignment_similarity_to_previous': 0.9853978741648243}
A2 complementary_gate classification stage 3 epoch 8 {'loss': 1.1379269629119269, 'var_predictive_loss': 0.48344531583858763, 'var_utility_loss': 6.106429572347138e-07, 'var_conditional_gain_loss': 0.001999652923394154, 'conditional_pair_MSE': 0.4834056926884305, 'conditional_shuffle_MSE': 0.7269254494673655, 'conditional_gain_mean': 0.24351975689557873, 'conditional_positive_ratio': 0.9303193808589492, 'h_anchor_loss': nan, 'future_var_loss': nan, 'future_var_cosine': nan, 'future_var_l2': nan, 'future_var_pred_norm': nan, 'future_var_target_norm': nan, 'gate/mean': -0.8706366318859821, 'gate/std': 0.3058077597676401, 'gate/positive_ratio': 0.034283937332006686, 'gate/negative_ratio': 0.9657160626679933, 'gate/abs_mean': 0.9030220897058269, 'gate/near_zero_ratio': 0.010145844532436821, 'stage': 3, 'epoch': 8}
A2 complementary_gate classification stage 4 epoch 9 {'loss': 1.1179432117714072, 'var_predictive_loss': 0.518673571325698, 'var_utility_loss': 8.692385643936264e-12, 'var_conditional_gain_loss': 0.0006500928729744346, 'conditional_pair_MSE': 0.519576669541879, 'conditional_shuffle_MSE': 0.5583358717814201, 'conditional_gain_mean': 0.03875920223954105, 'conditional_positive_ratio': 0.9364346590909091, 'h_anchor_loss': nan, 'future_var_loss': nan, 'future_var_cosine': nan, 'future_var_l2': nan, 'future_var_pred_norm': nan, 'future_var_target_norm': nan, 'gate/mean': -0.9999985916736853, 'gate/std': 0.001131072596444826, 'gate/positive_ratio': 1.8163075089190607e-07, 'gate/negative_ratio': 0.9999998183692491, 'gate/abs_mean': 0.9999986016496167, 'gate/near_zero_ratio': 1.2328875212056653e-06, 'stage': 4, 'epoch': 9}
A2 complementary_gate classification stage 4 epoch 10 {'loss': 1.1145881045539423, 'var_predictive_loss': 0.5157265100839004, 'var_utility_loss': 7.596367112239924e-12, 'var_conditional_gain_loss': 0.0007858012668844876, 'conditional_pair_MSE': 0.5162036297878138, 'conditional_shuffle_MSE': 0.5588318988765505, 'conditional_gain_mean': 0.042628269088736764, 'conditional_positive_ratio': 0.9339488636363636, 'h_anchor_loss': nan, 'future_var_loss': nan, 'future_var_cosine': nan, 'future_var_l2': nan, 'future_var_pred_norm': nan, 'future_var_target_norm': nan, 'gate/mean': -0.9999961995141367, 'gate/std': 0.0015272961449027656, 'gate/positive_ratio': 1.3897504424304933e-06, 'gate/negative_ratio': 0.9999986102495576, 'gate/abs_mean': 0.9999962504257865, 'gate/near_zero_ratio': 1.4090143099493318e-06, 'stage': 4, 'epoch': 10}
A2 TEST 0.39642781019210815 0.41045787930488586
A2 STAGE 4 EIIL {'update': 4, 'source_split': 'TRAIN only', 'mean_q_change': 0.07286830991506577, 'environment_mass': [0.3374205529689789, 0.3213385045528412, 0.34124094247817993], 'min_environment_mass': 0.3213385045528412, 'environment_risk': [0.4505685269832611, 0.784058153629303, 0.4247469902038574], 'probe_gradients': [[0.11862004548311234, -0.07272681593894958], [0.8057070374488831, 0.05578736588358879], [0.13915026187896729, -0.10021192580461502]], 'gradient_disagreement': 0.31947168707847595, 'D_within_grad': 0.4708336293697357, 'D_between_grad': 0.6520427465438843, 'gradient_separation': 1.3848686218261719, 'random_partition_repeats': 100, 'conflict_ours': 0.31947168707847595, 'random_partition_conflict_mean': 2.3964143110788427e-05, 'random_partition_conflict_std': 3.782033672905527e-05, 'random_partition_z_score': 8446.4541015625, 'environment_similarity_correlation': 0.9301385582633167, 'hungarian_permutation': [0, 1, 2], 'alignment_overlap_before': 0.558182418346405, 'alignment_overlap_after': 0.558182418346405, 'environment_matching_requested': 'overlap', 'environment_matching_used': 'overlap', 'h_prediction_MSE': 0.5489201545715332, 'h_prediction_MAE': 0.38194963335990906, 'h_prediction_drift_from_pretrained': 0.09961152076721191, 'h_prediction_corr_with_pretrained': 0.9357251662238657, 'H_norm': 0.8814194798469543, 'H_norm_ratio_to_pretrained': 1.0290333032608032, 'stage': 4, 'environment_prediction_source': 'H -> frozen pretrained forecast head', 'env_assignment_similarity_to_previous': 0.9301385582633167}
[ETTh1] complete 2026-09-13T05:08:57+00:00
[ExchangeRate] start 2026-09-13T05:08:57+00:00 GPU=3
40212dd36c474220870f14317a408b71880eb331f97f06677ce168d1b5eddfc5  results/predictive_env_reference_all_datasets_k3/ExchangeRate/shared_reference.pt
[ExchangeRate] run A0_patchtst on GPU 3
shared_reference source=loaded path=results/predictive_env_reference_all_datasets_k3/ExchangeRate/shared_reference.pt sha256=40212dd36c474220870f14317a408b71880eb331f97f06677ce168d1b5eddfc5
A0 identity {'feature': 0.0}
A0 complementary_gate classification stage 0 epoch 1 {'loss': 0.12894745273515582, 'var_predictive_loss': nan, 'var_utility_loss': nan, 'var_conditional_gain_loss': nan, 'conditional_pair_MSE': nan, 'conditional_shuffle_MSE': nan, 'conditional_gain_mean': nan, 'conditional_positive_ratio': nan, 'h_anchor_loss': nan, 'future_var_loss': nan, 'future_var_cosine': nan, 'future_var_l2': nan, 'future_var_pred_norm': nan, 'future_var_target_norm': nan, 'gate/mean': nan, 'gate/std': nan, 'gate/positive_ratio': nan, 'gate/negative_ratio': nan, 'gate/abs_mean': nan, 'gate/near_zero_ratio': nan, 'stage': 0, 'epoch': 1}
A0 complementary_gate classification stage 0 epoch 2 {'loss': 0.12715347893536091, 'var_predictive_loss': nan, 'var_utility_loss': nan, 'var_conditional_gain_loss': nan, 'conditional_pair_MSE': nan, 'conditional_shuffle_MSE': nan, 'conditional_gain_mean': nan, 'conditional_positive_ratio': nan, 'h_anchor_loss': nan, 'future_var_loss': nan, 'future_var_cosine': nan, 'future_var_l2': nan, 'future_var_pred_norm': nan, 'future_var_target_norm': nan, 'gate/mean': nan, 'gate/std': nan, 'gate/positive_ratio': nan, 'gate/negative_ratio': nan, 'gate/abs_mean': nan, 'gate/near_zero_ratio': nan, 'stage': 0, 'epoch': 2}
A0 complementary_gate classification stage 1 epoch 3 {'loss': 0.1264758614823222, 'var_predictive_loss': nan, 'var_utility_loss': nan, 'var_conditional_gain_loss': nan, 'conditional_pair_MSE': nan, 'conditional_shuffle_MSE': nan, 'conditional_gain_mean': nan, 'conditional_positive_ratio': nan, 'h_anchor_loss': nan, 'future_var_loss': nan, 'future_var_cosine': nan, 'future_var_l2': nan, 'future_var_pred_norm': nan, 'future_var_target_norm': nan, 'gate/mean': nan, 'gate/std': nan, 'gate/positive_ratio': nan, 'gate/negative_ratio': nan, 'gate/abs_mean': nan, 'gate/near_zero_ratio': nan, 'stage': 1, 'epoch': 3}
A0 complementary_gate classification stage 1 epoch 4 {'loss': 0.1266263064928353, 'var_predictive_loss': nan, 'var_utility_loss': nan, 'var_conditional_gain_loss': nan, 'conditional_pair_MSE': nan, 'conditional_shuffle_MSE': nan, 'conditional_gain_mean': nan, 'conditional_positive_ratio': nan, 'h_anchor_loss': nan, 'future_var_loss': nan, 'future_var_cosine': nan, 'future_var_l2': nan, 'future_var_pred_norm': nan, 'future_var_target_norm': nan, 'gate/mean': nan, 'gate/std': nan, 'gate/positive_ratio': nan, 'gate/negative_ratio': nan, 'gate/abs_mean': nan, 'gate/near_zero_ratio': nan, 'stage': 1, 'epoch': 4}
A0 complementary_gate classification stage 2 epoch 5 {'loss': 0.12593545992858707, 'var_predictive_loss': nan, 'var_utility_loss': nan, 'var_conditional_gain_loss': nan, 'conditional_pair_MSE': nan, 'conditional_shuffle_MSE': nan, 'conditional_gain_mean': nan, 'conditional_positive_ratio': nan, 'h_anchor_loss': nan, 'future_var_loss': nan, 'future_var_cosine': nan, 'future_var_l2': nan, 'future_var_pred_norm': nan, 'future_var_target_norm': nan, 'gate/mean': nan, 'gate/std': nan, 'gate/positive_ratio': nan, 'gate/negative_ratio': nan, 'gate/abs_mean': nan, 'gate/near_zero_ratio': nan, 'stage': 2, 'epoch': 5}
A0 complementary_gate classification stage 2 epoch 6 {'loss': 0.1250223216135055, 'var_predictive_loss': nan, 'var_utility_loss': nan, 'var_conditional_gain_loss': nan, 'conditional_pair_MSE': nan, 'conditional_shuffle_MSE': nan, 'conditional_gain_mean': nan, 'conditional_positive_ratio': nan, 'h_anchor_loss': nan, 'future_var_loss': nan, 'future_var_cosine': nan, 'future_var_l2': nan, 'future_var_pred_norm': nan, 'future_var_target_norm': nan, 'gate/mean': nan, 'gate/std': nan, 'gate/positive_ratio': nan, 'gate/negative_ratio': nan, 'gate/abs_mean': nan, 'gate/near_zero_ratio': nan, 'stage': 2, 'epoch': 6}
A0 complementary_gate classification stage 3 epoch 7 {'loss': 0.12419367926195264, 'var_predictive_loss': nan, 'var_utility_loss': nan, 'var_conditional_gain_loss': nan, 'conditional_pair_MSE': nan, 'conditional_shuffle_MSE': nan, 'conditional_gain_mean': nan, 'conditional_positive_ratio': nan, 'h_anchor_loss': nan, 'future_var_loss': nan, 'future_var_cosine': nan, 'future_var_l2': nan, 'future_var_pred_norm': nan, 'future_var_target_norm': nan, 'gate/mean': nan, 'gate/std': nan, 'gate/positive_ratio': nan, 'gate/negative_ratio': nan, 'gate/abs_mean': nan, 'gate/near_zero_ratio': nan, 'stage': 3, 'epoch': 7}
A0 complementary_gate classification stage 3 epoch 8 {'loss': 0.1228811808861792, 'var_predictive_loss': nan, 'var_utility_loss': nan, 'var_conditional_gain_loss': nan, 'conditional_pair_MSE': nan, 'conditional_shuffle_MSE': nan, 'conditional_gain_mean': nan, 'conditional_positive_ratio': nan, 'h_anchor_loss': nan, 'future_var_loss': nan, 'future_var_cosine': nan, 'future_var_l2': nan, 'future_var_pred_norm': nan, 'future_var_target_norm': nan, 'gate/mean': nan, 'gate/std': nan, 'gate/positive_ratio': nan, 'gate/negative_ratio': nan, 'gate/abs_mean': nan, 'gate/near_zero_ratio': nan, 'stage': 3, 'epoch': 8}
A0 complementary_gate classification stage 4 epoch 9 {'loss': 0.1228623103350401, 'var_predictive_loss': nan, 'var_utility_loss': nan, 'var_conditional_gain_loss': nan, 'conditional_pair_MSE': nan, 'conditional_shuffle_MSE': nan, 'conditional_gain_mean': nan, 'conditional_positive_ratio': nan, 'h_anchor_loss': nan, 'future_var_loss': nan, 'future_var_cosine': nan, 'future_var_l2': nan, 'future_var_pred_norm': nan, 'future_var_target_norm': nan, 'gate/mean': nan, 'gate/std': nan, 'gate/positive_ratio': nan, 'gate/negative_ratio': nan, 'gate/abs_mean': nan, 'gate/near_zero_ratio': nan, 'stage': 4, 'epoch': 9}
A0 complementary_gate classification stage 4 epoch 10 {'loss': 0.12158217122778296, 'var_predictive_loss': nan, 'var_utility_loss': nan, 'var_conditional_gain_loss': nan, 'conditional_pair_MSE': nan, 'conditional_shuffle_MSE': nan, 'conditional_gain_mean': nan, 'conditional_positive_ratio': nan, 'h_anchor_loss': nan, 'future_var_loss': nan, 'future_var_cosine': nan, 'future_var_l2': nan, 'future_var_pred_norm': nan, 'future_var_target_norm': nan, 'gate/mean': nan, 'gate/std': nan, 'gate/positive_ratio': nan, 'gate/negative_ratio': nan, 'gate/abs_mean': nan, 'gate/near_zero_ratio': nan, 'stage': 4, 'epoch': 10}
A0 TEST 0.08971814066171646 0.20819610357284546
[ExchangeRate] reuse verified A_current
[ExchangeRate] reuse verified B_h_reference
[ExchangeRate] run C_gradient_isolated on GPU 3
shared_reference source=loaded path=results/predictive_env_reference_all_datasets_k3/ExchangeRate/shared_reference.pt sha256=40212dd36c474220870f14317a408b71880eb331f97f06677ce168d1b5eddfc5
A2 identity {'feature': 0.0}
A2 STAGE 0 EIIL {'update': 0, 'source_split': 'TRAIN only', 'mean_q_change': 0.19786420464515686, 'environment_mass': [0.33314642310142517, 0.3350594639778137, 0.3317941129207611], 'min_environment_mass': 0.3317941129207611, 'environment_risk': [0.09675198048353195, 0.09569305926561356, 0.1632814109325409], 'probe_gradients': [[0.01346655748784542, -0.10125650465488434], [0.018866097554564476, -0.08681824058294296], [0.27180567383766174, 0.16936039924621582]], 'gradient_disagreement': 0.08993872255086899, 'D_within_grad': 0.5422988533973694, 'D_between_grad': 0.5858322978019714, 'gradient_separation': 1.0802757740020752, 'random_partition_repeats': 100, 'conflict_ours': 0.08993872255086899, 'random_partition_conflict_mean': 3.356963861733675e-05, 'random_partition_conflict_std': 4.0841092413756996e-05, 'random_partition_z_score': 2201.340576171875, 'environment_similarity_correlation': 2.031147652660787e-05, 'hungarian_permutation': [0, 1, 2], 'alignment_overlap_before': 0.3333660066127777, 'alignment_overlap_after': 0.3333660066127777, 'environment_matching_requested': 'overlap', 'environment_matching_used': 'overlap', 'h_prediction_MSE': 0.11847126483917236, 'h_prediction_MAE': 0.22113128006458282, 'h_prediction_drift_from_pretrained': 3.85611368072694e-15, 'h_prediction_corr_with_pretrained': 0.9999999999999987, 'H_norm': 0.9428521990776062, 'H_norm_ratio_to_pretrained': 1.0, 'stage': 0, 'environment_prediction_source': 'H -> frozen pretrained forecast head', 'env_assignment_similarity_to_previous': 2.031147652660787e-05}
A2 complementary_gate classification stage 0 epoch 1 {'loss': 0.4820974422618747, 'var_predictive_loss': 0.17570131900720298, 'var_utility_loss': 0.0003538494991971675, 'var_conditional_gain_loss': 0.0013066234532743692, 'conditional_pair_MSE': 0.17570131887387105, 'conditional_shuffle_MSE': 0.1969939527945826, 'conditional_gain_mean': 0.02129263391307177, 'conditional_positive_ratio': 0.8171875, 'h_anchor_loss': nan, 'future_var_loss': nan, 'future_var_cosine': nan, 'future_var_l2': nan, 'future_var_pred_norm': nan, 'future_var_target_norm': nan, 'gate/mean': -0.0151632058268054, 'gate/std': 0.24922215159021854, 'gate/positive_ratio': 0.46854845285415647, 'gate/negative_ratio': 0.5314515471458435, 'gate/abs_mean': 0.17944871926059325, 'gate/near_zero_ratio': 0.45585463047027586, 'stage': 0, 'epoch': 1}
A2 complementary_gate classification stage 0 epoch 2 {'loss': 0.4737270837649703, 'var_predictive_loss': 0.14506753752939403, 'var_utility_loss': 0.00018621763711053064, 'var_conditional_gain_loss': 0.0022027943978173425, 'conditional_pair_MSE': 0.1450675369884266, 'conditional_shuffle_MSE': 0.18553160806186497, 'conditional_gain_mean': 0.040464070956113575, 'conditional_positive_ratio': 0.8111328125, 'h_anchor_loss': nan, 'future_var_loss': nan, 'future_var_cosine': nan, 'future_var_l2': nan, 'future_var_pred_norm': nan, 'future_var_target_norm': nan, 'gate/mean': -0.03346540139367183, 'gate/std': 0.2770528690628681, 'gate/positive_ratio': 0.43957529465357464, 'gate/negative_ratio': 0.5604247053464254, 'gate/abs_mean': 0.21909239006539186, 'gate/near_zero_ratio': 0.3107691486676534, 'stage': 0, 'epoch': 2}
A2 STAGE 1 EIIL {'update': 1, 'source_split': 'TRAIN only', 'mean_q_change': 0.1891692578792572, 'environment_mass': [0.3346078395843506, 0.3361421227455139, 0.3292500376701355], 'min_environment_mass': 0.3292500376701355, 'environment_risk': [0.09290222823619843, 0.08994289487600327, 0.17133042216300964], 'probe_gradients': [[0.021321209147572517, -0.1656525731086731], [0.031077438965439796, -0.14863047003746033], [0.2685350477695465, 0.30863499641418457]], 'gradient_disagreement': 0.18397538363933563, 'D_within_grad': 0.49048879742622375, 'D_between_grad': 0.6033037304878235, 'gradient_separation': 1.230005145072937, 'random_partition_repeats': 100, 'conflict_ours': 0.18397538363933563, 'random_partition_conflict_mean': 9.478940773988143e-05, 'random_partition_conflict_std': 0.00010913132427958772, 'random_partition_z_score': 1684.9478759765625, 'environment_similarity_correlation': 0.800012524421335, 'hungarian_permutation': [0, 1, 2], 'alignment_overlap_before': 0.43135419487953186, 'alignment_overlap_after': 0.43135419487953186, 'environment_matching_requested': 'overlap', 'environment_matching_used': 'overlap', 'h_prediction_MSE': 0.11772993206977844, 'h_prediction_MAE': 0.22129474580287933, 'h_prediction_drift_from_pretrained': 0.002333707408979535, 'h_prediction_corr_with_pretrained': 0.9987732961071294, 'H_norm': 0.9510879516601562, 'H_norm_ratio_to_pretrained': 1.0079480409622192, 'stage': 1, 'environment_prediction_source': 'H -> frozen pretrained forecast head', 'env_assignment_similarity_to_previous': 0.800012524421335}
A2 complementary_gate classification stage 1 epoch 3 {'loss': 0.4701004123315215, 'var_predictive_loss': 0.1402031337376684, 'var_utility_loss': 0.00013309730877608672, 'var_conditional_gain_loss': 0.00197959395009093, 'conditional_pair_MSE': 0.14020313268265455, 'conditional_shuffle_MSE': 0.18691214726186445, 'conditional_gain_mean': 0.04670901450972451, 'conditional_positive_ratio': 0.8236328125, 'h_anchor_loss': nan, 'future_var_loss': nan, 'future_var_cosine': nan, 'future_var_l2': nan, 'future_var_pred_norm': nan, 'future_var_target_norm': nan, 'gate/mean': -0.05295326871176561, 'gate/std': 0.2689736094604072, 'gate/positive_ratio': 0.4097033619880676, 'gate/negative_ratio': 0.5902966380119323, 'gate/abs_mean': 0.21565131694078446, 'gate/near_zero_ratio': 0.3107569416364034, 'stage': 1, 'epoch': 3}
A2 complementary_gate classification stage 1 epoch 4 {'loss': 0.4674019329249859, 'var_predictive_loss': 0.14065446122549474, 'var_utility_loss': 9.868762010682986e-05, 'var_conditional_gain_loss': 0.0020977909734938294, 'conditional_pair_MSE': 0.14065446130643977, 'conditional_shuffle_MSE': 0.19112248464789444, 'conditional_gain_mean': 0.05046802314536762, 'conditional_positive_ratio': 0.833203125, 'h_anchor_loss': nan, 'future_var_loss': nan, 'future_var_cosine': nan, 'future_var_l2': nan, 'future_var_pred_norm': nan, 'future_var_target_norm': nan, 'gate/mean': -0.07038884622355303, 'gate/std': 0.28081312253174945, 'gate/positive_ratio': 0.3877853671709696, 'gate/negative_ratio': 0.6122146328290303, 'gate/abs_mean': 0.2286373682320118, 'gate/near_zero_ratio': 0.2910940965016683, 'stage': 1, 'epoch': 4}
A2 STAGE 2 EIIL {'update': 2, 'source_split': 'TRAIN only', 'mean_q_change': 0.059335242956876755, 'environment_mass': [0.33685413002967834, 0.33444416522979736, 0.3287017047405243], 'min_environment_mass': 0.3287017047405243, 'environment_risk': [0.09176728129386902, 0.0825476199388504, 0.17232617735862732], 'probe_gradients': [[0.016475077718496323, -0.17201191186904907], [0.023667950183153152, -0.11065629869699478], [0.28233855962753296, 0.3120248317718506]], 'gradient_disagreement': 0.18478699028491974, 'D_within_grad': 0.4842337667942047, 'D_between_grad': 0.5983525514602661, 'gradient_separation': 1.2356687784194946, 'random_partition_repeats': 100, 'conflict_ours': 0.18478699028491974, 'random_partition_conflict_mean': 0.0001064276511897333, 'random_partition_conflict_std': 0.00011112658103229478, 'random_partition_z_score': 1661.8936767578125, 'environment_similarity_correlation': 0.9747549617846244, 'hungarian_permutation': [0, 1, 2], 'alignment_overlap_before': 0.5098215937614441, 'alignment_overlap_after': 0.5098215937614441, 'environment_matching_requested': 'overlap', 'environment_matching_used': 'overlap', 'h_prediction_MSE': 0.1151636615395546, 'h_prediction_MAE': 0.21881064772605896, 'h_prediction_drift_from_pretrained': 0.0035693079698830843, 'h_prediction_corr_with_pretrained': 0.9981551907717345, 'H_norm': 0.9469075202941895, 'H_norm_ratio_to_pretrained': 1.0043284893035889, 'stage': 2, 'environment_prediction_source': 'H -> frozen pretrained forecast head', 'env_assignment_similarity_to_previous': 0.9747549617846244}
A2 complementary_gate classification stage 2 epoch 5 {'loss': 0.4644530676305294, 'var_predictive_loss': 0.1380467103328556, 'var_utility_loss': 8.00944780280588e-05, 'var_conditional_gain_loss': 0.0021856556850252673, 'conditional_pair_MSE': 0.13804671016878273, 'conditional_shuffle_MSE': 0.19175835477581132, 'conditional_gain_mean': 0.0537116444487765, 'conditional_positive_ratio': 0.8337890625, 'h_anchor_loss': nan, 'future_var_loss': nan, 'future_var_cosine': nan, 'future_var_l2': nan, 'future_var_pred_norm': nan, 'future_var_target_norm': nan, 'gate/mean': -0.09011779548600315, 'gate/std': 0.30267811495073094, 'gate/positive_ratio': 0.37060509125391644, 'gate/negative_ratio': 0.6293949087460836, 'gate/abs_mean': 0.25168682138125104, 'gate/near_zero_ratio': 0.2617371201515198, 'stage': 2, 'epoch': 5}
A2 complementary_gate classification stage 2 epoch 6 {'loss': 0.46162289641797544, 'var_predictive_loss': 0.13645051596686245, 'var_utility_loss': 6.861746363711063e-05, 'var_conditional_gain_loss': 0.0019773046653426716, 'conditional_pair_MSE': 0.1364505154742801, 'conditional_shuffle_MSE': 0.1932518893192537, 'conditional_gain_mean': 0.056801373657253865, 'conditional_positive_ratio': 0.8453125, 'h_anchor_loss': nan, 'future_var_loss': nan, 'future_var_cosine': nan, 'future_var_l2': nan, 'future_var_pred_norm': nan, 'future_var_target_norm': nan, 'gate/mean': -0.11249246591081222, 'gate/std': 0.3249114427429246, 'gate/positive_ratio': 0.35350999037424724, 'gate/negative_ratio': 0.6464900096257528, 'gate/abs_mean': 0.27739263710876305, 'gate/near_zero_ratio': 0.22887428998947143, 'stage': 2, 'epoch': 6}
A2 complementary_gate classification stage 4 epoch 9 {'loss': 1.13223932419742, 'var_predictive_loss': 0.48251913475569375, 'var_utility_loss': 3.4833872280148844e-07, 'var_conditional_gain_loss': 0.002048389218547061, 'conditional_pair_MSE': 0.4825597989582238, 'conditional_shuffle_MSE': 0.7279567525348298, 'conditional_gain_mean': 0.24539695368187978, 'conditional_positive_ratio': 0.9297471114017877, 'h_anchor_loss': nan, 'future_var_loss': nan, 'future_var_cosine': nan, 'future_var_l2': nan, 'future_var_pred_norm': nan, 'future_var_target_norm': nan, 'gate/mean': -0.8791803983993373, 'gate/std': 0.30509582750319847, 'gate/positive_ratio': 0.03346246289967485, 'gate/negative_ratio': 0.9665375368891169, 'gate/abs_mean': 0.912520156583088, 'gate/near_zero_ratio': 0.009224820072918938, 'stage': 4, 'epoch': 9}
A2 STAGE 3 EIIL {'update': 3, 'source_split': 'TRAIN only', 'mean_q_change': 0.0842294916510582, 'environment_mass': [0.33341556787490845, 0.33764347434043884, 0.3289409279823303], 'min_environment_mass': 0.3289409279823303, 'environment_risk': [0.0995451882481575, 0.07982740551233292, 0.1686452180147171], 'probe_gradients': [[0.021706214174628258, -0.2162719964981079], [0.015081752091646194, -0.08669616281986237], [0.26368260383605957, 0.3070549964904785]], 'gradient_disagreement': 0.18869996070861816, 'D_within_grad': 0.4807256758213043, 'D_between_grad': 0.5997872352600098, 'gradient_separation': 1.2476705312728882, 'random_partition_repeats': 100, 'conflict_ours': 0.18869996070861816, 'random_partition_conflict_mean': 7.390906102955341e-05, 'random_partition_conflict_std': 6.651166768278927e-05, 'random_partition_z_score': 2835.984375, 'environment_similarity_correlation': 0.9558485144806199, 'hungarian_permutation': [0, 1, 2], 'alignment_overlap_before': 0.5127612352371216, 'alignment_overlap_after': 0.5127612352371216, 'environment_matching_requested': 'overlap', 'environment_matching_used': 'overlap', 'h_prediction_MSE': 0.11561742424964905, 'h_prediction_MAE': 0.22060631215572357, 'h_prediction_drift_from_pretrained': 0.004630621988326311, 'h_prediction_corr_with_pretrained': 0.9975536828790201, 'H_norm': 0.9728738069534302, 'H_norm_ratio_to_pretrained': 1.0320146083831787, 'stage': 3, 'environment_prediction_source': 'H -> frozen pretrained forecast head', 'env_assignment_similarity_to_previous': 0.9558485144806199}
A2 complementary_gate classification stage 3 epoch 7 {'loss': 0.4575567651540041, 'var_predictive_loss': 0.13480906449258329, 'var_utility_loss': 6.649412482602201e-05, 'var_conditional_gain_loss': 0.0019113753325655126, 'conditional_pair_MSE': 0.13480906393269834, 'conditional_shuffle_MSE': 0.19669068670336856, 'conditional_gain_mean': 0.0618816226373383, 'conditional_positive_ratio': 0.8509765625, 'h_anchor_loss': nan, 'future_var_loss': nan, 'future_var_cosine': nan, 'future_var_l2': nan, 'future_var_pred_norm': nan, 'future_var_target_norm': nan, 'gate/mean': -0.13675842254112164, 'gate/std': 0.3495648681663383, 'gate/positive_ratio': 0.3396321018536886, 'gate/negative_ratio': 0.6603678981463115, 'gate/abs_mean': 0.30528570575018726, 'gate/near_zero_ratio': 0.2045509656270345, 'stage': 3, 'epoch': 7}
A2 complementary_gate classification stage 3 epoch 8 {'loss': 0.4531995180994272, 'var_predictive_loss': 0.13410357246175408, 'var_utility_loss': 7.271877885841604e-05, 'var_conditional_gain_loss': 0.0020208188954711657, 'conditional_pair_MSE': 0.13410357153752556, 'conditional_shuffle_MSE': 0.2039625307170354, 'conditional_gain_mean': 0.06985895893612906, 'conditional_positive_ratio': 0.8509765625, 'h_anchor_loss': nan, 'future_var_loss': nan, 'future_var_cosine': nan, 'future_var_l2': nan, 'future_var_pred_norm': nan, 'future_var_target_norm': nan, 'gate/mean': -0.16204185529301565, 'gate/std': 0.37455564995591495, 'gate/positive_ratio': 0.32834017276763916, 'gate/negative_ratio': 0.6716598272323608, 'gate/abs_mean': 0.335910593966643, 'gate/near_zero_ratio': 0.17954819599787394, 'stage': 3, 'epoch': 8}
A2 STAGE 4 EIIL {'update': 4, 'source_split': 'TRAIN only', 'mean_q_change': 0.09484454244375229, 'environment_mass': [0.33532363176345825, 0.3346877694129944, 0.32998865842819214], 'min_environment_mass': 0.32998865842819214, 'environment_risk': [0.10492677986621857, 0.07351446896791458, 0.16872172057628632], 'probe_gradients': [[0.032921966165304184, -0.2572322487831116], [-0.005751257762312889, -0.026368629187345505], [0.2706659436225891, 0.2967574894428253]], 'gradient_disagreement': 0.19967913627624512, 'D_within_grad': 0.47159862518310547, 'D_between_grad': 0.6007624268531799, 'gradient_separation': 1.2738850116729736, 'random_partition_repeats': 100, 'conflict_ours': 0.19967913627624512, 'random_partition_conflict_mean': 0.00010809248487930745, 'random_partition_conflict_std': 8.774390153121203e-05, 'random_partition_z_score': 2274.471923828125, 'environment_similarity_correlation': 0.9665049354259537, 'hungarian_permutation': [0, 1, 2], 'alignment_overlap_before': 0.5302261710166931, 'alignment_overlap_after': 0.5302261710166931, 'environment_matching_requested': 'overlap', 'environment_matching_used': 'overlap', 'h_prediction_MSE': 0.11546507477760315, 'h_prediction_MAE': 0.2205023318529129, 'h_prediction_drift_from_pretrained': 0.005964891519397497, 'h_prediction_corr_with_pretrained': 0.9968531192618422, 'H_norm': 0.9852129220962524, 'H_norm_ratio_to_pretrained': 1.04526948928833, 'stage': 4, 'environment_prediction_source': 'H -> frozen pretrained forecast head', 'env_assignment_similarity_to_previous': 0.9665049354259537}
A2 complementary_gate classification stage 4 epoch 9 {'loss': 0.451055446267128, 'var_predictive_loss': 0.1322566855698824, 'var_utility_loss': 7.067405986163066e-05, 'var_conditional_gain_loss': 0.0022916359153896337, 'conditional_pair_MSE': 0.13225668553022843, 'conditional_shuffle_MSE': 0.2093162734830912, 'conditional_gain_mean': 0.07705958776768966, 'conditional_positive_ratio': 0.8576171875, 'h_anchor_loss': nan, 'future_var_loss': nan, 'future_var_cosine': nan, 'future_var_l2': nan, 'future_var_pred_norm': nan, 'future_var_target_norm': nan, 'gate/mean': -0.19210350438952445, 'gate/std': 0.40023952559029485, 'gate/positive_ratio': 0.3111203829447428, 'gate/negative_ratio': 0.6888796170552571, 'gate/abs_mean': 0.3709365755319595, 'gate/near_zero_ratio': 0.155108642578125, 'stage': 4, 'epoch': 9}
A2 complementary_gate classification stage 4 epoch 10 {'loss': 0.44717345852404833, 'var_predictive_loss': 0.13025834443978965, 'var_utility_loss': 7.91542894489794e-05, 'var_conditional_gain_loss': 0.0022711783429258505, 'conditional_pair_MSE': 0.13025834489817498, 'conditional_shuffle_MSE': 0.21022456482824053, 'conditional_gain_mean': 0.07996621960264746, 'conditional_positive_ratio': 0.8583984375, 'h_anchor_loss': nan, 'future_var_loss': nan, 'future_var_cosine': nan, 'future_var_l2': nan, 'future_var_pred_norm': nan, 'future_var_target_norm': nan, 'gate/mean': -0.21710445657372474, 'gate/std': 0.42117383944939596, 'gate/positive_ratio': 0.3001968065897624, 'gate/negative_ratio': 0.6998031934102377, 'gate/abs_mean': 0.40063193688790005, 'gate/near_zero_ratio': 0.13726906776428222, 'stage': 4, 'epoch': 10}
A2 TEST 0.09172679483890533 0.2099318951368332
[ExchangeRate] run D_isolated_rms on GPU 3
shared_reference source=loaded path=results/predictive_env_reference_all_datasets_k3/ExchangeRate/shared_reference.pt sha256=40212dd36c474220870f14317a408b71880eb331f97f06677ce168d1b5eddfc5
A2 identity {'feature': 0.0}
A2 STAGE 0 EIIL {'update': 0, 'source_split': 'TRAIN only', 'mean_q_change': 0.19786420464515686, 'environment_mass': [0.33314642310142517, 0.3350594639778137, 0.3317941129207611], 'min_environment_mass': 0.3317941129207611, 'environment_risk': [0.09675198048353195, 0.09569305926561356, 0.1632814109325409], 'probe_gradients': [[0.01346655748784542, -0.10125650465488434], [0.018866097554564476, -0.08681824058294296], [0.27180567383766174, 0.16936039924621582]], 'gradient_disagreement': 0.08993872255086899, 'D_within_grad': 0.5422988533973694, 'D_between_grad': 0.5858322978019714, 'gradient_separation': 1.0802757740020752, 'random_partition_repeats': 100, 'conflict_ours': 0.08993872255086899, 'random_partition_conflict_mean': 3.356963861733675e-05, 'random_partition_conflict_std': 4.0841092413756996e-05, 'random_partition_z_score': 2201.340576171875, 'environment_similarity_correlation': 2.031147652660787e-05, 'hungarian_permutation': [0, 1, 2], 'alignment_overlap_before': 0.3333660066127777, 'alignment_overlap_after': 0.3333660066127777, 'environment_matching_requested': 'overlap', 'environment_matching_used': 'overlap', 'h_prediction_MSE': 0.11847126483917236, 'h_prediction_MAE': 0.22113128006458282, 'h_prediction_drift_from_pretrained': 3.85611368072694e-15, 'h_prediction_corr_with_pretrained': 0.9999999999999987, 'H_norm': 0.9428521990776062, 'H_norm_ratio_to_pretrained': 1.0, 'stage': 0, 'environment_prediction_source': 'H -> frozen pretrained forecast head', 'env_assignment_similarity_to_previous': 2.031147652660787e-05}
A2 complementary_gate classification stage 0 epoch 1 {'loss': 0.4961022187024355, 'var_predictive_loss': 0.1768899695482105, 'var_utility_loss': 0.0025692700528452406, 'var_conditional_gain_loss': 0.0012945592872711132, 'conditional_pair_MSE': 0.17688996934775786, 'conditional_shuffle_MSE': 0.1979728426565998, 'conditional_gain_mean': 0.02108287325991114, 'conditional_positive_ratio': 0.8111328125, 'h_anchor_loss': nan, 'future_var_loss': nan, 'future_var_cosine': nan, 'future_var_l2': nan, 'future_var_pred_norm': nan, 'future_var_target_norm': nan, 'gate/mean': -0.02023852810380049, 'gate/std': 0.24652709583495042, 'gate/positive_ratio': 0.4616124709447225, 'gate/negative_ratio': 0.5383875290552775, 'gate/abs_mean': 0.17973662512376903, 'gate/near_zero_ratio': 0.44503732124964396, 'stage': 0, 'epoch': 1}
A2 complementary_gate classification stage 0 epoch 2 {'loss': 0.483994622528553, 'var_predictive_loss': 0.14536469439044594, 'var_utility_loss': 0.00255247726199741, 'var_conditional_gain_loss': 0.0022443966696300776, 'conditional_pair_MSE': 0.14536469467966526, 'conditional_shuffle_MSE': 0.1880382774361351, 'conditional_gain_mean': 0.04267358267588861, 'conditional_positive_ratio': 0.8142578125, 'h_anchor_loss': nan, 'future_var_loss': nan, 'future_var_cosine': nan, 'future_var_l2': nan, 'future_var_pred_norm': nan, 'future_var_target_norm': nan, 'gate/mean': -0.049323421763256194, 'gate/std': 0.2743090772565915, 'gate/positive_ratio': 0.41733156045277914, 'gate/negative_ratio': 0.5826684395472209, 'gate/abs_mean': 0.2188021805137396, 'gate/near_zero_ratio': 0.3122690558433533, 'stage': 0, 'epoch': 2}
A2 STAGE 1 EIIL {'update': 1, 'source_split': 'TRAIN only', 'mean_q_change': 0.19026127457618713, 'environment_mass': [0.3367576003074646, 0.3344477415084839, 0.3287946581840515], 'min_environment_mass': 0.3287946581840515, 'environment_risk': [0.09131358563899994, 0.09025787562131882, 0.17281509935855865], 'probe_gradients': [[0.026835957542061806, -0.1653062254190445], [0.04161988943815231, -0.1586350053548813], [0.2859557271003723, 0.3053094148635864]], 'gradient_disagreement': 0.1879432201385498, 'D_within_grad': 0.4937591254711151, 'D_between_grad': 0.6094433069229126, 'gradient_separation': 1.23429274559021, 'random_partition_repeats': 100, 'conflict_ours': 0.1879432201385498, 'random_partition_conflict_mean': 9.885949839372188e-05, 'random_partition_conflict_std': 0.0001103038594010286, 'random_partition_z_score': 1702.9718017578125, 'environment_similarity_correlation': 0.8082762628263949, 'hungarian_permutation': [0, 1, 2], 'alignment_overlap_before': 0.4324369430541992, 'alignment_overlap_after': 0.4324369430541992, 'environment_matching_requested': 'overlap', 'environment_matching_used': 'overlap', 'h_prediction_MSE': 0.11775775998830795, 'h_prediction_MAE': 0.22070130705833435, 'h_prediction_drift_from_pretrained': 0.0037350570783019066, 'h_prediction_corr_with_pretrained': 0.9980774726482818, 'H_norm': 0.9641258120536804, 'H_norm_ratio_to_pretrained': 1.0220253467559814, 'stage': 1, 'environment_prediction_source': 'H -> frozen pretrained forecast head', 'env_assignment_similarity_to_previous': 0.8082762628263949}
A2 complementary_gate classification stage 1 epoch 3 {'loss': 0.47883629091084, 'var_predictive_loss': 0.13959814594127237, 'var_utility_loss': 0.0023612945891727578, 'var_conditional_gain_loss': 0.002162122361551155, 'conditional_pair_MSE': 0.13959814579393423, 'conditional_shuffle_MSE': 0.19048682635839215, 'conditional_gain_mean': 0.05088868041293608, 'conditional_positive_ratio': 0.829296875, 'h_anchor_loss': nan, 'future_var_loss': nan, 'future_var_cosine': nan, 'future_var_l2': nan, 'future_var_pred_norm': nan, 'future_var_target_norm': nan, 'gate/mean': -0.0812635926840206, 'gate/std': 0.28167940256518326, 'gate/positive_ratio': 0.3750813881556193, 'gate/negative_ratio': 0.6249186118443807, 'gate/abs_mean': 0.23050247008601824, 'gate/near_zero_ratio': 0.29524434407552086, 'stage': 1, 'epoch': 3}
A2 complementary_gate classification stage 1 epoch 4 {'loss': 0.47524782344698907, 'var_predictive_loss': 0.13882270203903319, 'var_utility_loss': 0.0021901353189605287, 'var_conditional_gain_loss': 0.002242990358354291, 'conditional_pair_MSE': 0.13882270203030203, 'conditional_shuffle_MSE': 0.19676756822846073, 'conditional_gain_mean': 0.057944866038451434, 'conditional_positive_ratio': 0.8376953125, 'h_anchor_loss': nan, 'future_var_loss': nan, 'future_var_cosine': nan, 'future_var_l2': nan, 'future_var_pred_norm': nan, 'future_var_target_norm': nan, 'gate/mean': -0.11579072624444961, 'gate/std': 0.31287275163788686, 'gate/positive_ratio': 0.3431400696436564, 'gate/negative_ratio': 0.6568599303563436, 'gate/abs_mean': 0.2638962759325902, 'gate/near_zero_ratio': 0.259613839785258, 'stage': 1, 'epoch': 4}
A2 STAGE 2 EIIL {'update': 2, 'source_split': 'TRAIN only', 'mean_q_change': 0.037449683994054794, 'environment_mass': [0.3354654014110565, 0.3361113965511322, 0.3284232020378113], 'min_environment_mass': 0.3284232020378113, 'environment_risk': [0.0870278999209404, 0.08609338849782944, 0.17953501641750336], 'probe_gradients': [[0.001582073513418436, -0.13167670369148254], [0.023718245327472687, -0.12765173614025116], [0.3002195656299591, 0.329958438873291]], 'gradient_disagreement': 0.19621922075748444, 'D_within_grad': 0.48846328258514404, 'D_between_grad': 0.6080031394958496, 'gradient_separation': 1.2447264194488525, 'random_partition_repeats': 100, 'conflict_ours': 0.19621922075748444, 'random_partition_conflict_mean': 0.00010834004933713004, 'random_partition_conflict_std': 0.00011107610771432519, 'random_partition_z_score': 1765.5540771484375, 'environment_similarity_correlation': 0.9794756443479348, 'hungarian_permutation': [0, 1, 2], 'alignment_overlap_before': 0.5138239860534668, 'alignment_overlap_after': 0.5138239860534668, 'environment_matching_requested': 'overlap', 'environment_matching_used': 'overlap', 'h_prediction_MSE': 0.11709528416395187, 'h_prediction_MAE': 0.21990492939949036, 'h_prediction_drift_from_pretrained': 0.0033747702836990356, 'h_prediction_corr_with_pretrained': 0.9983303574197698, 'H_norm': 0.9377660751342773, 'H_norm_ratio_to_pretrained': 0.9946490526199341, 'stage': 2, 'environment_prediction_source': 'H -> frozen pretrained forecast head', 'env_assignment_similarity_to_previous': 0.9794756443479348}
A2 complementary_gate classification stage 2 epoch 5 {'loss': 0.4719847932457924, 'var_predictive_loss': 0.13748454307205976, 'var_utility_loss': 0.0021014217261836167, 'var_conditional_gain_loss': 0.0023351797197392445, 'conditional_pair_MSE': 0.13748454300239246, 'conditional_shuffle_MSE': 0.20011641738237812, 'conditional_gain_mean': 0.06263187409549573, 'conditional_positive_ratio': 0.8435546875, 'h_anchor_loss': nan, 'future_var_loss': nan, 'future_var_cosine': nan, 'future_var_l2': nan, 'future_var_pred_norm': nan, 'future_var_target_norm': nan, 'gate/mean': -0.1554463074232141, 'gate/std': 0.3462087451921608, 'gate/positive_ratio': 0.31476646264394126, 'gate/negative_ratio': 0.6852335373560587, 'gate/abs_mean': 0.3054186566422383, 'gate/near_zero_ratio': 0.21502325534820557, 'stage': 2, 'epoch': 5}
A2 complementary_gate classification stage 2 epoch 6 {'loss': 0.46926183085888623, 'var_predictive_loss': 0.13470574389211834, 'var_utility_loss': 0.0017763421710697003, 'var_conditional_gain_loss': 0.0019399068272832666, 'conditional_pair_MSE': 0.13470574345792558, 'conditional_shuffle_MSE': 0.2033563659455467, 'conditional_gain_mean': 0.06865062238521205, 'conditional_positive_ratio': 0.854296875, 'h_anchor_loss': nan, 'future_var_loss': nan, 'future_var_cosine': nan, 'future_var_l2': nan, 'future_var_pred_norm': nan, 'future_var_target_norm': nan, 'gate/mean': -0.19464815482497216, 'gate/std': 0.3754141358524323, 'gate/positive_ratio': 0.2928422808647156, 'gate/negative_ratio': 0.7071577151616414, 'gate/abs_mean': 0.34654178222020465, 'gate/near_zero_ratio': 0.18003428379694622, 'stage': 2, 'epoch': 6}
A2 STAGE 3 EIIL {'update': 3, 'source_split': 'TRAIN only', 'mean_q_change': 0.04157600924372673, 'environment_mass': [0.33649715781211853, 0.33516210317611694, 0.32834070920944214], 'min_environment_mass': 0.32834070920944214, 'environment_risk': [0.08989568054676056, 0.08546631038188934, 0.1799289584159851], 'probe_gradients': [[-0.00649233628064394, -0.14191174507141113], [0.027403023093938828, -0.11353611201047897], [0.2939642369747162, 0.33661380410194397]], 'gradient_disagreement': 0.19830156862735748, 'D_within_grad': 0.4877512454986572, 'D_between_grad': 0.6084232926368713, 'gradient_separation': 1.247404932975769, 'random_partition_repeats': 100, 'conflict_ours': 0.19830156862735748, 'random_partition_conflict_mean': 7.297403499251232e-05, 'random_partition_conflict_std': 7.245024607982486e-05, 'random_partition_z_score': 2736.065185546875, 'environment_similarity_correlation': 0.9844959152730205, 'hungarian_permutation': [0, 1, 2], 'alignment_overlap_before': 0.5170526504516602, 'alignment_overlap_after': 0.5170526504516602, 'environment_matching_requested': 'overlap', 'environment_matching_used': 'overlap', 'h_prediction_MSE': 0.1179727092385292, 'h_prediction_MAE': 0.2218458354473114, 'h_prediction_drift_from_pretrained': 0.0042267534881830215, 'h_prediction_corr_with_pretrained': 0.997896036666063, 'H_norm': 0.9873197674751282, 'H_norm_ratio_to_pretrained': 1.0473322868347168, 'stage': 3, 'environment_prediction_source': 'H -> frozen pretrained forecast head', 'env_assignment_similarity_to_previous': 0.9844959152730205}
A2 complementary_gate classification stage 3 epoch 7 {'loss': 0.4651524735614657, 'var_predictive_loss': 0.13208131114952265, 'var_utility_loss': 0.0018535975836130093, 'var_conditional_gain_loss': 0.00209562279524107, 'conditional_pair_MSE': 0.13208131071933166, 'conditional_shuffle_MSE': 0.20866657818805834, 'conditional_gain_mean': 0.07658526722098032, 'conditional_positive_ratio': 0.8619140625, 'h_anchor_loss': nan, 'future_var_loss': nan, 'future_var_cosine': nan, 'future_var_l2': nan, 'future_var_pred_norm': nan, 'future_var_target_norm': nan, 'gate/mean': -0.22879337978859743, 'gate/std': 0.4010670075011239, 'gate/positive_ratio': 0.2793966849644979, 'gate/negative_ratio': 0.7206033150355021, 'gate/abs_mean': 0.38348248079419134, 'gate/near_zero_ratio': 0.15659319559733073, 'stage': 3, 'epoch': 7}
A2 complementary_gate classification stage 4 epoch 10 {'loss': 1.1275877106314445, 'var_predictive_loss': 0.4769544641518967, 'var_utility_loss': 2.0863854028883307e-07, 'var_conditional_gain_loss': 0.001731090254532766, 'conditional_pair_MSE': 0.47693578116647517, 'conditional_shuffle_MSE': 0.7352510812985324, 'conditional_gain_mean': 0.2583153001149515, 'conditional_positive_ratio': 0.9322269457161544, 'h_anchor_loss': nan, 'future_var_loss': nan, 'future_var_cosine': nan, 'future_var_l2': nan, 'future_var_pred_norm': nan, 'future_var_target_norm': nan, 'gate/mean': -0.8836533394255747, 'gate/std': 0.30581477933985374, 'gate/positive_ratio': 0.033437298710139035, 'gate/negative_ratio': 0.966562701289861, 'gate/abs_mean': 0.9177201639836543, 'gate/near_zero_ratio': 0.008947566015437109, 'stage': 4, 'epoch': 10}
A2 complementary_gate classification stage 3 epoch 8 {'loss': 0.46151830162853, 'var_predictive_loss': 0.1324430495966226, 'var_utility_loss': 0.0017585755409527336, 'var_conditional_gain_loss': 0.002177140825006063, 'conditional_pair_MSE': 0.13244304936724802, 'conditional_shuffle_MSE': 0.21520598936585883, 'conditional_gain_mean': 0.08276293975995941, 'conditional_positive_ratio': 0.8587890625, 'h_anchor_loss': nan, 'future_var_loss': nan, 'future_var_cosine': nan, 'future_var_l2': nan, 'future_var_pred_norm': nan, 'future_var_target_norm': nan, 'gate/mean': -0.26137883923947813, 'gate/std': 0.42505907620242644, 'gate/positive_ratio': 0.2668270389238993, 'gate/negative_ratio': 0.7331729610761006, 'gate/abs_mean': 0.4194187807540099, 'gate/near_zero_ratio': 0.13873134851455687, 'stage': 3, 'epoch': 8}
A2 STAGE 4 EIIL {'update': 4, 'source_split': 'TRAIN only', 'mean_q_change': 0.03546937182545662, 'environment_mass': [0.3367215096950531, 0.33597567677497864, 0.32730284333229065], 'min_environment_mass': 0.32730284333229065, 'environment_risk': [0.09117069095373154, 0.08263800293207169, 0.1826028674840927], 'probe_gradients': [[-0.01231518853455782, -0.1499910056591034], [0.028304899111390114, -0.08928599953651428], [0.2925816476345062, 0.34482285380363464]], 'gradient_disagreement': 0.20047684013843536, 'D_within_grad': 0.4875299334526062, 'D_between_grad': 0.6099522113800049, 'gradient_separation': 1.2511072158813477, 'random_partition_repeats': 100, 'conflict_ours': 0.20047684013843536, 'random_partition_conflict_mean': 0.00010270918573951349, 'random_partition_conflict_std': 0.00010283815208822489, 'random_partition_z_score': 1948.4415283203125, 'environment_similarity_correlation': 0.9908248545681516, 'hungarian_permutation': [0, 1, 2], 'alignment_overlap_before': 0.5201174020767212, 'alignment_overlap_after': 0.5201174020767212, 'environment_matching_requested': 'overlap', 'environment_matching_used': 'overlap', 'h_prediction_MSE': 0.11822991818189621, 'h_prediction_MAE': 0.2221832275390625, 'h_prediction_drift_from_pretrained': 0.00510290777310729, 'h_prediction_corr_with_pretrained': 0.9974988236530596, 'H_norm': 0.9783737063407898, 'H_norm_ratio_to_pretrained': 1.0380140542984009, 'stage': 4, 'environment_prediction_source': 'H -> frozen pretrained forecast head', 'env_assignment_similarity_to_previous': 0.9908248545681516}
A2 complementary_gate classification stage 4 epoch 9 {'loss': 0.45938561353832486, 'var_predictive_loss': 0.13145625023171306, 'var_utility_loss': 0.0016805717550596455, 'var_conditional_gain_loss': 0.0023476351707358845, 'conditional_pair_MSE': 0.13145625077813747, 'conditional_shuffle_MSE': 0.2170524056567956, 'conditional_gain_mean': 0.08559615471785946, 'conditional_positive_ratio': 0.8650390625, 'h_anchor_loss': nan, 'future_var_loss': nan, 'future_var_cosine': nan, 'future_var_l2': nan, 'future_var_pred_norm': nan, 'future_var_target_norm': nan, 'gate/mean': -0.28972312894960245, 'gate/std': 0.4456800208955302, 'gate/positive_ratio': 0.2568388382593791, 'gate/negative_ratio': 0.743161157766978, 'gate/abs_mean': 0.4530062071979046, 'gate/near_zero_ratio': 0.1205687125523885, 'stage': 4, 'epoch': 9}
A2 complementary_gate classification stage 4 epoch 10 {'loss': 0.456792626529932, 'var_predictive_loss': 0.13004347747191786, 'var_utility_loss': 0.0016220113553572445, 'var_conditional_gain_loss': 0.002209949851385318, 'conditional_pair_MSE': 0.1300434771419532, 'conditional_shuffle_MSE': 0.2133184203530618, 'conditional_gain_mean': 0.08327494310033216, 'conditional_positive_ratio': 0.865234375, 'h_anchor_loss': nan, 'future_var_loss': nan, 'future_var_cosine': nan, 'future_var_l2': nan, 'future_var_pred_norm': nan, 'future_var_target_norm': nan, 'gate/mean': -0.31736536969741186, 'gate/std': 0.4580164918446777, 'gate/positive_ratio': 0.24647147258122762, 'gate/negative_ratio': 0.7535285274187724, 'gate/abs_mean': 0.4791686651607355, 'gate/near_zero_ratio': 0.10807066758473714, 'stage': 4, 'epoch': 10}
A2 TEST 0.09850089251995087 0.21828460693359375
[ExchangeRate] complete 2026-09-13T05:12:08+00:00
A2 TEST 0.1751224845647812 0.21546106040477753
[Weather] run D_isolated_rms on GPU 2
shared_reference source=loaded path=results/predictive_env_reference_all_datasets_k3/Weather/shared_reference.pt sha256=4752f5cae5e6d9bccf4f4227f668db382eb15f54d079a1c2b50ad1096bc97701
A2 identity {'feature': 0.0}
A2 STAGE 0 EIIL {'update': 0, 'source_split': 'TRAIN only', 'mean_q_change': 0.022532761096954346, 'environment_mass': [0.33344927430152893, 0.3334397077560425, 0.333111047744751], 'min_environment_mass': 0.333111047744751, 'environment_risk': [0.4680478572845459, 0.4942496120929718, 0.4802105724811554], 'probe_gradients': [[0.1242242306470871, -0.015695136040449142], [0.18076513707637787, -0.0039246478118002415], [0.15213482081890106, -0.0092593003064394]], 'gradient_disagreement': 0.0016679976833984256, 'D_within_grad': 0.4921436309814453, 'D_between_grad': 0.49280622601509094, 'gradient_separation': 1.0013463497161865, 'random_partition_repeats': 100, 'conflict_ours': 0.0016679976833984256, 'random_partition_conflict_mean': 6.027296706179186e-08, 'random_partition_conflict_std': 5.914187184430375e-08, 'random_partition_z_score': 28202.310546875, 'environment_similarity_correlation': -0.0005138556241910852, 'hungarian_permutation': [0, 1, 2], 'alignment_overlap_before': 0.3333389163017273, 'alignment_overlap_after': 0.3333389163017273, 'environment_matching_requested': 'overlap', 'environment_matching_used': 'overlap', 'h_prediction_MSE': 0.4808361530303955, 'h_prediction_MAE': 0.3472611904144287, 'h_prediction_drift_from_pretrained': 9.195068649905675e-15, 'h_prediction_corr_with_pretrained': 0.9999999999999536, 'H_norm': 0.8765455484390259, 'H_norm_ratio_to_pretrained': 1.0, 'stage': 0, 'environment_prediction_source': 'H -> frozen pretrained forecast head', 'env_assignment_similarity_to_previous': -0.0005138556241910852}
A0 complementary_gate classification stage 1 epoch 3 {'loss': 0.24928251450474165, 'var_predictive_loss': nan, 'var_utility_loss': nan, 'var_conditional_gain_loss': nan, 'conditional_pair_MSE': nan, 'conditional_shuffle_MSE': nan, 'conditional_gain_mean': nan, 'conditional_positive_ratio': nan, 'h_anchor_loss': nan, 'future_var_loss': nan, 'future_var_cosine': nan, 'future_var_l2': nan, 'future_var_pred_norm': nan, 'future_var_target_norm': nan, 'gate/mean': nan, 'gate/std': nan, 'gate/positive_ratio': nan, 'gate/negative_ratio': nan, 'gate/abs_mean': nan, 'gate/near_zero_ratio': nan, 'stage': 1, 'epoch': 3}
A2 complementary_gate classification stage 0 epoch 1 {'loss': 1.351011261954553, 'var_predictive_loss': 0.5767668211912215, 'var_utility_loss': 0.00023225781907246367, 'var_conditional_gain_loss': 0.003527560566877581, 'conditional_pair_MSE': 0.5767895425709441, 'conditional_shuffle_MSE': 0.7228669399188083, 'conditional_gain_mean': 0.14607739733862612, 'conditional_positive_ratio': 0.8816492260736865, 'h_anchor_loss': nan, 'future_var_loss': nan, 'future_var_cosine': nan, 'future_var_l2': nan, 'future_var_pred_norm': nan, 'future_var_target_norm': nan, 'gate/mean': -0.6472390646083271, 'gate/std': 0.4121842919281574, 'gate/positive_ratio': 0.10096836901589389, 'gate/negative_ratio': 0.8990316307728979, 'gate/abs_mean': 0.6742417789221764, 'gate/near_zero_ratio': 0.11668390552202448, 'stage': 0, 'epoch': 1}
A2 complementary_gate classification stage 0 epoch 2 {'loss': 1.4324186103647443, 'var_predictive_loss': 0.5980025391632718, 'var_utility_loss': 1.4771471965299002e-07, 'var_conditional_gain_loss': 0.003648343540581127, 'conditional_pair_MSE': 0.5980072362574416, 'conditional_shuffle_MSE': 0.7496658303253702, 'conditional_gain_mean': 0.1516585940331081, 'conditional_positive_ratio': 0.875272509265315, 'h_anchor_loss': nan, 'future_var_loss': nan, 'future_var_cosine': nan, 'future_var_l2': nan, 'future_var_pred_norm': nan, 'future_var_target_norm': nan, 'gate/mean': -0.9996398402301732, 'gate/std': 0.017134795649907542, 'gate/positive_ratio': 6.2121400012025e-05, 'gate/negative_ratio': 0.999937878599988, 'gate/abs_mean': 0.9996423801407586, 'gate/near_zero_ratio': 0.00022311273681271433, 'stage': 0, 'epoch': 2}
A2 STAGE 1 EIIL {'update': 1, 'source_split': 'TRAIN only', 'mean_q_change': 0.3757993280887604, 'environment_mass': [0.33465102314949036, 0.3273531496524811, 0.33799588680267334], 'min_environment_mass': 0.3273531496524811, 'environment_risk': [0.48451027274131775, 0.7090598940849304, 0.47073256969451904], 'probe_gradients': [[-0.044144343584775925, -0.18472127616405487], [0.522256076335907, 0.002197902649641037], [0.09427488595247269, -0.031521812081336975]], 'gradient_disagreement': 0.1942276954650879, 'D_within_grad': 0.5225092172622681, 'D_between_grad': 0.6289966702461243, 'gradient_separation': 1.2038002014160156, 'random_partition_repeats': 100, 'conflict_ours': 0.1942276954650879, 'random_partition_conflict_mean': 2.6422943847137503e-05, 'random_partition_conflict_std': 3.0395793146453798e-05, 'random_partition_z_score': 6389.083984375, 'environment_similarity_correlation': 0.44750479997796355, 'hungarian_permutation': [0, 1, 2], 'alignment_overlap_before': 0.34231463074684143, 'alignment_overlap_after': 0.34231463074684143, 'environment_matching_requested': 'overlap', 'environment_matching_used': 'overlap', 'h_prediction_MSE': 0.553360641002655, 'h_prediction_MAE': 0.3861176073551178, 'h_prediction_drift_from_pretrained': 0.10734517127275467, 'h_prediction_corr_with_pretrained': 0.9188088252290092, 'H_norm': 0.8621981143951416, 'H_norm_ratio_to_pretrained': 1.0059692859649658, 'stage': 1, 'environment_prediction_source': 'H -> frozen pretrained forecast head', 'env_assignment_similarity_to_previous': 0.44750479997796355}
A2 complementary_gate classification stage 1 epoch 3 {'loss': 1.4469643720566134, 'var_predictive_loss': 0.5873054651171619, 'var_utility_loss': 2.3468474412482287e-11, 'var_conditional_gain_loss': 0.004308806239942344, 'conditional_pair_MSE': 0.587340231101752, 'conditional_shuffle_MSE': 0.7545050706652263, 'conditional_gain_mean': 0.1671648395762655, 'conditional_positive_ratio': 0.8725474166121648, 'h_anchor_loss': nan, 'future_var_loss': nan, 'future_var_cosine': nan, 'future_var_l2': nan, 'future_var_pred_norm': nan, 'future_var_target_norm': nan, 'gate/mean': -0.9999831825472387, 'gate/std': 0.0027884214492258043, 'gate/positive_ratio': 1.807730966201065e-06, 'gate/negative_ratio': 0.9999981922690337, 'gate/abs_mean': 0.9999847098993222, 'gate/near_zero_ratio': 1.3612368357478518e-06, 'stage': 1, 'epoch': 3}
A2 complementary_gate classification stage 1 epoch 4 {'loss': 1.4329130054819346, 'var_predictive_loss': 0.5840106620579153, 'var_utility_loss': 1.659107903655902e-11, 'var_conditional_gain_loss': 0.004175662637222152, 'conditional_pair_MSE': 0.5840143133235024, 'conditional_shuffle_MSE': 0.7637797791758726, 'conditional_gain_mean': 0.1797654658628265, 'conditional_positive_ratio': 0.8754087638979725, 'h_anchor_loss': nan, 'future_var_loss': nan, 'future_var_cosine': nan, 'future_var_l2': nan, 'future_var_pred_norm': nan, 'future_var_target_norm': nan, 'gate/mean': -0.99996124027276, 'gate/std': 0.005323356391629053, 'gate/positive_ratio': 8.26542161833304e-06, 'gate/negative_ratio': 0.9999917345783816, 'gate/abs_mean': 0.9999732058111965, 'gate/near_zero_ratio': 5.318222424225123e-07, 'stage': 1, 'epoch': 4}
A2 STAGE 2 EIIL {'update': 2, 'source_split': 'TRAIN only', 'mean_q_change': 0.19007369875907898, 'environment_mass': [0.3358374238014221, 0.32532814145088196, 0.3388344645500183], 'min_environment_mass': 0.32532814145088196, 'environment_risk': [0.45685678720474243, 0.7099276781082153, 0.488941490650177], 'probe_gradients': [[-0.02744649164378643, -0.191318541765213], [0.5802708864212036, -0.05004715174436569], [0.037107858806848526, -0.05611341819167137]], 'gradient_disagreement': 0.2355961799621582, 'D_within_grad': 0.5065070986747742, 'D_between_grad': 0.6346697211265564, 'gradient_separation': 1.2530322074890137, 'random_partition_repeats': 100, 'conflict_ours': 0.2355961799621582, 'random_partition_conflict_mean': 2.5859138986561447e-05, 'random_partition_conflict_std': 2.6727573640528135e-05, 'random_partition_z_score': 8813.7568359375, 'environment_similarity_correlation': 0.7431792650033617, 'hungarian_permutation': [0, 1, 2], 'alignment_overlap_before': 0.5037562847137451, 'alignment_overlap_after': 0.5037562847137451, 'environment_matching_requested': 'overlap', 'environment_matching_used': 'overlap', 'h_prediction_MSE': 0.5500592589378357, 'h_prediction_MAE': 0.38149458169937134, 'h_prediction_drift_from_pretrained': 0.0822104662656784, 'h_prediction_corr_with_pretrained': 0.9390728775851784, 'H_norm': 0.8596042990684509, 'H_norm_ratio_to_pretrained': 0.9973428249359131, 'stage': 2, 'environment_prediction_source': 'H -> frozen pretrained forecast head', 'env_assignment_similarity_to_previous': 0.7431792650033617}
A0 complementary_gate classification stage 0 epoch 2 {'loss': 0.3660709638330343, 'var_predictive_loss': nan, 'var_utility_loss': nan, 'var_conditional_gain_loss': nan, 'conditional_pair_MSE': nan, 'conditional_shuffle_MSE': nan, 'conditional_gain_mean': nan, 'conditional_positive_ratio': nan, 'h_anchor_loss': nan, 'future_var_loss': nan, 'future_var_cosine': nan, 'future_var_l2': nan, 'future_var_pred_norm': nan, 'future_var_target_norm': nan, 'gate/mean': nan, 'gate/std': nan, 'gate/positive_ratio': nan, 'gate/negative_ratio': nan, 'gate/abs_mean': nan, 'gate/near_zero_ratio': nan, 'stage': 0, 'epoch': 2}
A2 complementary_gate classification stage 2 epoch 5 {'loss': 1.4251946490176781, 'var_predictive_loss': 0.5707429777100071, 'var_utility_loss': 1.2583128162658986e-11, 'var_conditional_gain_loss': 0.003972503650465001, 'conditional_pair_MSE': 0.5707900000284161, 'conditional_shuffle_MSE': 0.7677897699447302, 'conditional_gain_mean': 0.19699976989458934, 'conditional_positive_ratio': 0.8907237846086767, 'h_anchor_loss': nan, 'future_var_loss': nan, 'future_var_cosine': nan, 'future_var_l2': nan, 'future_var_pred_norm': nan, 'future_var_target_norm': nan, 'gate/mean': -0.999989354473199, 'gate/std': 0.0021112327406652433, 'gate/positive_ratio': 9.519153481327493e-07, 'gate/negative_ratio': 0.9999990480846519, 'gate/abs_mean': 0.9999908280199941, 'gate/near_zero_ratio': 3.463814446278475e-08, 'stage': 2, 'epoch': 5}
A2 complementary_gate classification stage 2 epoch 6 {'loss': 1.4138179302163612, 'var_predictive_loss': 0.55269660212184, 'var_utility_loss': 9.103235076352428e-12, 'var_conditional_gain_loss': 0.003015027399850423, 'conditional_pair_MSE': 0.5527105475459163, 'conditional_shuffle_MSE': 0.7864837160633265, 'conditional_gain_mean': 0.23377316845710877, 'conditional_positive_ratio': 0.9117887508175277, 'h_anchor_loss': nan, 'future_var_loss': nan, 'future_var_cosine': nan, 'future_var_l2': nan, 'future_var_pred_norm': nan, 'future_var_target_norm': nan, 'gate/mean': -1.0, 'gate/std': 0.0, 'gate/positive_ratio': 0.0, 'gate/negative_ratio': 1.0, 'gate/abs_mean': 1.0, 'gate/near_zero_ratio': 0.0, 'stage': 2, 'epoch': 6}
A2 STAGE 3 EIIL {'update': 3, 'source_split': 'TRAIN only', 'mean_q_change': 0.1451897770166397, 'environment_mass': [0.3380433917045593, 0.3247281610965729, 0.3372284471988678], 'min_environment_mass': 0.3247281610965729, 'environment_risk': [0.43004336953163147, 0.6921287178993225, 0.5157278776168823], 'probe_gradients': [[0.023016972467303276, -0.21505345404148102], [0.6437352299690247, -0.08505628257989883], [0.06027274951338768, -0.08806335180997849]], 'gradient_disagreement': 0.25338080525398254, 'D_within_grad': 0.4976087510585785, 'D_between_grad': 0.6376968622207642, 'gradient_separation': 1.2815226316452026, 'random_partition_repeats': 100, 'conflict_ours': 0.25338080525398254, 'random_partition_conflict_mean': 2.7998241421300918e-05, 'random_partition_conflict_std': 3.176038444507867e-05, 'random_partition_z_score': 7977.00732421875, 'environment_similarity_correlation': 0.7857115364190005, 'hungarian_permutation': [0, 1, 2], 'alignment_overlap_before': 0.5296869874000549, 'alignment_overlap_after': 0.5296869874000549, 'environment_matching_requested': 'overlap', 'environment_matching_used': 'overlap', 'h_prediction_MSE': 0.5440453886985779, 'h_prediction_MAE': 0.3802925944328308, 'h_prediction_drift_from_pretrained': 0.07320500165224075, 'h_prediction_corr_with_pretrained': 0.9488980242647546, 'H_norm': 0.8706863522529602, 'H_norm_ratio_to_pretrained': 1.0136280059814453, 'stage': 3, 'environment_prediction_source': 'H -> frozen pretrained forecast head', 'env_assignment_similarity_to_previous': 0.7857115364190005}
A0 complementary_gate classification stage 1 epoch 4 {'loss': 0.24747746481614954, 'var_predictive_loss': nan, 'var_utility_loss': nan, 'var_conditional_gain_loss': nan, 'conditional_pair_MSE': nan, 'conditional_shuffle_MSE': nan, 'conditional_gain_mean': nan, 'conditional_positive_ratio': nan, 'h_anchor_loss': nan, 'future_var_loss': nan, 'future_var_cosine': nan, 'future_var_l2': nan, 'future_var_pred_norm': nan, 'future_var_target_norm': nan, 'gate/mean': nan, 'gate/std': nan, 'gate/positive_ratio': nan, 'gate/negative_ratio': nan, 'gate/abs_mean': nan, 'gate/near_zero_ratio': nan, 'stage': 1, 'epoch': 4}
A2 complementary_gate classification stage 3 epoch 7 {'loss': 1.4134817433648246, 'var_predictive_loss': 0.5547199376648472, 'var_utility_loss': 8.055041679943707e-12, 'var_conditional_gain_loss': 0.0034646068414658595, 'conditional_pair_MSE': 0.5547714344193744, 'conditional_shuffle_MSE': 0.7808619387530469, 'conditional_gain_mean': 0.22609050434991532, 'conditional_positive_ratio': 0.8988990625681273, 'h_anchor_loss': nan, 'future_var_loss': nan, 'future_var_cosine': nan, 'future_var_l2': nan, 'future_var_pred_norm': nan, 'future_var_target_norm': nan, 'gate/mean': -0.999999893881081, 'gate/std': 0.00013835003352848888, 'gate/positive_ratio': 4.224163958876189e-10, 'gate/negative_ratio': 0.9999999995775836, 'gate/abs_mean': 0.9999998940394872, 'gate/near_zero_ratio': 2.1120819794380946e-10, 'stage': 3, 'epoch': 7}
A2 complementary_gate classification stage 3 epoch 8 {'loss': 1.4143632095121983, 'var_predictive_loss': 0.5604208686893258, 'var_utility_loss': 7.714776274368246e-12, 'var_conditional_gain_loss': 0.0034632391276839983, 'conditional_pair_MSE': 0.5603895977092572, 'conditional_shuffle_MSE': 0.7750562072847488, 'conditional_gain_mean': 0.21466660957264908, 'conditional_positive_ratio': 0.9026596904294746, 'h_anchor_loss': nan, 'future_var_loss': nan, 'future_var_cosine': nan, 'future_var_l2': nan, 'future_var_pred_norm': nan, 'future_var_target_norm': nan, 'gate/mean': -0.9999998403794044, 'gate/std': 0.0001288651200967103, 'gate/positive_ratio': 1.4784573856066662e-09, 'gate/negative_ratio': 0.9999999985215426, 'gate/abs_mean': 0.9999998407226177, 'gate/near_zero_ratio': 2.5344983753257133e-09, 'stage': 3, 'epoch': 8}
A2 STAGE 4 EIIL {'update': 4, 'source_split': 'TRAIN only', 'mean_q_change': 0.1349261999130249, 'environment_mass': [0.3400824964046478, 0.32161960005760193, 0.33829793334007263], 'min_environment_mass': 0.32161960005760193, 'environment_risk': [0.4101695418357849, 0.8138543963432312, 0.4342200756072998], 'probe_gradients': [[0.018130384385585785, -0.11786718666553497], [0.7212635278701782, 0.0668070837855339], [0.04662906378507614, -0.019444093108177185]], 'gradient_disagreement': 0.3338570296764374, 'D_within_grad': 0.48853278160095215, 'D_between_grad': 0.6525812149047852, 'gradient_separation': 1.3357982635498047, 'random_partition_repeats': 100, 'conflict_ours': 0.3338570296764374, 'random_partition_conflict_mean': 3.0220355256460607e-05, 'random_partition_conflict_std': 3.585803642636165e-05, 'random_partition_z_score': 9309.6787109375, 'environment_similarity_correlation': 0.8214851784489965, 'hungarian_permutation': [0, 1, 2], 'alignment_overlap_before': 0.5395176410675049, 'alignment_overlap_after': 0.5395176410675049, 'environment_matching_requested': 'overlap', 'environment_matching_used': 'overlap', 'h_prediction_MSE': 0.5481389760971069, 'h_prediction_MAE': 0.3800268769264221, 'h_prediction_drift_from_pretrained': 0.08441706001758575, 'h_prediction_corr_with_pretrained': 0.9389880502280901, 'H_norm': 0.8733172416687012, 'H_norm_ratio_to_pretrained': 1.021588683128357, 'stage': 4, 'environment_prediction_source': 'H -> frozen pretrained forecast head', 'env_assignment_similarity_to_previous': 0.8214851784489965}
A2 complementary_gate classification stage 4 epoch 9 {'loss': 1.419057869272016, 'var_predictive_loss': 0.5444351762351308, 'var_utility_loss': 7.856523149448079e-12, 'var_conditional_gain_loss': 0.0035012747414220114, 'conditional_pair_MSE': 0.5444722197445749, 'conditional_shuffle_MSE': 0.8000802920945679, 'conditional_gain_mean': 0.2556080723179133, 'conditional_positive_ratio': 0.9055755395683454, 'h_anchor_loss': nan, 'future_var_loss': nan, 'future_var_cosine': nan, 'future_var_l2': nan, 'future_var_pred_norm': nan, 'future_var_target_norm': nan, 'gate/mean': -0.9999813527714169, 'gate/std': 0.0031019105341215008, 'gate/positive_ratio': 2.6751630351562904e-06, 'gate/negative_ratio': 0.9999973248369648, 'gate/abs_mean': 0.9999848297863755, 'gate/near_zero_ratio': 2.6548870481536846e-07, 'stage': 4, 'epoch': 9}
A2 complementary_gate classification stage 4 epoch 10 {'loss': 1.40737534026634, 'var_predictive_loss': 0.5299172359985586, 'var_utility_loss': 5.872680022418891e-12, 'var_conditional_gain_loss': 0.002686576697420826, 'conditional_pair_MSE': 0.5298911407431545, 'conditional_shuffle_MSE': 0.8228227964956504, 'conditional_gain_mean': 0.2929316557698554, 'conditional_positive_ratio': 0.9222258556790931, 'h_anchor_loss': nan, 'future_var_loss': nan, 'future_var_cosine': nan, 'future_var_l2': nan, 'future_var_pred_norm': nan, 'future_var_target_norm': nan, 'gate/mean': -1.0, 'gate/std': 0.0, 'gate/positive_ratio': 0.0, 'gate/negative_ratio': 1.0, 'gate/abs_mean': 1.0, 'gate/near_zero_ratio': 0.0, 'stage': 4, 'epoch': 10}
A2 TEST 0.18678851425647736 0.2256671041250229
[Weather] complete 2026-09-13T05:30:43+00:00
[ETTm1] start 2026-09-13T05:30:43+00:00 GPU=2
43cb3aff3d6bab55dab11b8df89dc34b026cad2089306dd2f2e1b480e3c021c6  results/predictive_env_reference_all_datasets_k3/ETTm1/shared_reference.pt
[ETTm1] run A0_patchtst on GPU 2
shared_reference source=loaded path=results/predictive_env_reference_all_datasets_k3/ETTm1/shared_reference.pt sha256=43cb3aff3d6bab55dab11b8df89dc34b026cad2089306dd2f2e1b480e3c021c6
A0 identity {'feature': 0.0}
A0 complementary_gate classification stage 0 epoch 1 {'loss': 0.3054152069396751, 'var_predictive_loss': nan, 'var_utility_loss': nan, 'var_conditional_gain_loss': nan, 'conditional_pair_MSE': nan, 'conditional_shuffle_MSE': nan, 'conditional_gain_mean': nan, 'conditional_positive_ratio': nan, 'h_anchor_loss': nan, 'future_var_loss': nan, 'future_var_cosine': nan, 'future_var_l2': nan, 'future_var_pred_norm': nan, 'future_var_target_norm': nan, 'gate/mean': nan, 'gate/std': nan, 'gate/positive_ratio': nan, 'gate/negative_ratio': nan, 'gate/abs_mean': nan, 'gate/near_zero_ratio': nan, 'stage': 0, 'epoch': 1}
A0 complementary_gate classification stage 0 epoch 2 {'loss': 0.3002057827905167, 'var_predictive_loss': nan, 'var_utility_loss': nan, 'var_conditional_gain_loss': nan, 'conditional_pair_MSE': nan, 'conditional_shuffle_MSE': nan, 'conditional_gain_mean': nan, 'conditional_positive_ratio': nan, 'h_anchor_loss': nan, 'future_var_loss': nan, 'future_var_cosine': nan, 'future_var_l2': nan, 'future_var_pred_norm': nan, 'future_var_target_norm': nan, 'gate/mean': nan, 'gate/std': nan, 'gate/positive_ratio': nan, 'gate/negative_ratio': nan, 'gate/abs_mean': nan, 'gate/near_zero_ratio': nan, 'stage': 0, 'epoch': 2}
A0 complementary_gate classification stage 1 epoch 3 {'loss': 0.29433570233888406, 'var_predictive_loss': nan, 'var_utility_loss': nan, 'var_conditional_gain_loss': nan, 'conditional_pair_MSE': nan, 'conditional_shuffle_MSE': nan, 'conditional_gain_mean': nan, 'conditional_positive_ratio': nan, 'h_anchor_loss': nan, 'future_var_loss': nan, 'future_var_cosine': nan, 'future_var_l2': nan, 'future_var_pred_norm': nan, 'future_var_target_norm': nan, 'gate/mean': nan, 'gate/std': nan, 'gate/positive_ratio': nan, 'gate/negative_ratio': nan, 'gate/abs_mean': nan, 'gate/near_zero_ratio': nan, 'stage': 1, 'epoch': 3}
A0 complementary_gate classification stage 1 epoch 4 {'loss': 0.29258868753910067, 'var_predictive_loss': nan, 'var_utility_loss': nan, 'var_conditional_gain_loss': nan, 'conditional_pair_MSE': nan, 'conditional_shuffle_MSE': nan, 'conditional_gain_mean': nan, 'conditional_positive_ratio': nan, 'h_anchor_loss': nan, 'future_var_loss': nan, 'future_var_cosine': nan, 'future_var_l2': nan, 'future_var_pred_norm': nan, 'future_var_target_norm': nan, 'gate/mean': nan, 'gate/std': nan, 'gate/positive_ratio': nan, 'gate/negative_ratio': nan, 'gate/abs_mean': nan, 'gate/near_zero_ratio': nan, 'stage': 1, 'epoch': 4}
A0 complementary_gate classification stage 2 epoch 5 {'loss': 0.28885866982992303, 'var_predictive_loss': nan, 'var_utility_loss': nan, 'var_conditional_gain_loss': nan, 'conditional_pair_MSE': nan, 'conditional_shuffle_MSE': nan, 'conditional_gain_mean': nan, 'conditional_positive_ratio': nan, 'h_anchor_loss': nan, 'future_var_loss': nan, 'future_var_cosine': nan, 'future_var_l2': nan, 'future_var_pred_norm': nan, 'future_var_target_norm': nan, 'gate/mean': nan, 'gate/std': nan, 'gate/positive_ratio': nan, 'gate/negative_ratio': nan, 'gate/abs_mean': nan, 'gate/near_zero_ratio': nan, 'stage': 2, 'epoch': 5}
A0 complementary_gate classification stage 2 epoch 6 {'loss': 0.2858424545720566, 'var_predictive_loss': nan, 'var_utility_loss': nan, 'var_conditional_gain_loss': nan, 'conditional_pair_MSE': nan, 'conditional_shuffle_MSE': nan, 'conditional_gain_mean': nan, 'conditional_positive_ratio': nan, 'h_anchor_loss': nan, 'future_var_loss': nan, 'future_var_cosine': nan, 'future_var_l2': nan, 'future_var_pred_norm': nan, 'future_var_target_norm': nan, 'gate/mean': nan, 'gate/std': nan, 'gate/positive_ratio': nan, 'gate/negative_ratio': nan, 'gate/abs_mean': nan, 'gate/near_zero_ratio': nan, 'stage': 2, 'epoch': 6}
A0 complementary_gate classification stage 2 epoch 5 {'loss': 0.2459624773341119, 'var_predictive_loss': nan, 'var_utility_loss': nan, 'var_conditional_gain_loss': nan, 'conditional_pair_MSE': nan, 'conditional_shuffle_MSE': nan, 'conditional_gain_mean': nan, 'conditional_positive_ratio': nan, 'h_anchor_loss': nan, 'future_var_loss': nan, 'future_var_cosine': nan, 'future_var_l2': nan, 'future_var_pred_norm': nan, 'future_var_target_norm': nan, 'gate/mean': nan, 'gate/std': nan, 'gate/positive_ratio': nan, 'gate/negative_ratio': nan, 'gate/abs_mean': nan, 'gate/near_zero_ratio': nan, 'stage': 2, 'epoch': 5}
A0 complementary_gate classification stage 3 epoch 7 {'loss': 0.2831546619187954, 'var_predictive_loss': nan, 'var_utility_loss': nan, 'var_conditional_gain_loss': nan, 'conditional_pair_MSE': nan, 'conditional_shuffle_MSE': nan, 'conditional_gain_mean': nan, 'conditional_positive_ratio': nan, 'h_anchor_loss': nan, 'future_var_loss': nan, 'future_var_cosine': nan, 'future_var_l2': nan, 'future_var_pred_norm': nan, 'future_var_target_norm': nan, 'gate/mean': nan, 'gate/std': nan, 'gate/positive_ratio': nan, 'gate/negative_ratio': nan, 'gate/abs_mean': nan, 'gate/near_zero_ratio': nan, 'stage': 3, 'epoch': 7}
A0 complementary_gate classification stage 3 epoch 8 {'loss': 0.2797426321201546, 'var_predictive_loss': nan, 'var_utility_loss': nan, 'var_conditional_gain_loss': nan, 'conditional_pair_MSE': nan, 'conditional_shuffle_MSE': nan, 'conditional_gain_mean': nan, 'conditional_positive_ratio': nan, 'h_anchor_loss': nan, 'future_var_loss': nan, 'future_var_cosine': nan, 'future_var_l2': nan, 'future_var_pred_norm': nan, 'future_var_target_norm': nan, 'gate/mean': nan, 'gate/std': nan, 'gate/positive_ratio': nan, 'gate/negative_ratio': nan, 'gate/abs_mean': nan, 'gate/near_zero_ratio': nan, 'stage': 3, 'epoch': 8}
A0 complementary_gate classification stage 4 epoch 9 {'loss': 0.2775456962890403, 'var_predictive_loss': nan, 'var_utility_loss': nan, 'var_conditional_gain_loss': nan, 'conditional_pair_MSE': nan, 'conditional_shuffle_MSE': nan, 'conditional_gain_mean': nan, 'conditional_positive_ratio': nan, 'h_anchor_loss': nan, 'future_var_loss': nan, 'future_var_cosine': nan, 'future_var_l2': nan, 'future_var_pred_norm': nan, 'future_var_target_norm': nan, 'gate/mean': nan, 'gate/std': nan, 'gate/positive_ratio': nan, 'gate/negative_ratio': nan, 'gate/abs_mean': nan, 'gate/near_zero_ratio': nan, 'stage': 4, 'epoch': 9}
A0 complementary_gate classification stage 4 epoch 10 {'loss': 0.2747124079216358, 'var_predictive_loss': nan, 'var_utility_loss': nan, 'var_conditional_gain_loss': nan, 'conditional_pair_MSE': nan, 'conditional_shuffle_MSE': nan, 'conditional_gain_mean': nan, 'conditional_positive_ratio': nan, 'h_anchor_loss': nan, 'future_var_loss': nan, 'future_var_cosine': nan, 'future_var_l2': nan, 'future_var_pred_norm': nan, 'future_var_target_norm': nan, 'gate/mean': nan, 'gate/std': nan, 'gate/positive_ratio': nan, 'gate/negative_ratio': nan, 'gate/abs_mean': nan, 'gate/near_zero_ratio': nan, 'stage': 4, 'epoch': 10}
A0 TEST 0.33156806230545044 0.3709540367126465
[ETTm1] reuse verified A_current
[ETTm1] reuse verified B_h_reference
[ETTm1] run C_gradient_isolated on GPU 2
shared_reference source=loaded path=results/predictive_env_reference_all_datasets_k3/ETTm1/shared_reference.pt sha256=43cb3aff3d6bab55dab11b8df89dc34b026cad2089306dd2f2e1b480e3c021c6
A2 identity {'feature': 0.0}
A2 STAGE 0 EIIL {'update': 0, 'source_split': 'TRAIN only', 'mean_q_change': 0.0141957001760602, 'environment_mass': [0.3325883150100708, 0.33258792757987976, 0.3348237872123718], 'min_environment_mass': 0.33258792757987976, 'environment_risk': [0.2836299240589142, 0.28213226795196533, 0.28350120782852173], 'probe_gradients': [[0.06222163140773773, 0.007753003388643265], [0.05611005797982216, -0.01741194538772106], [0.061553824692964554, 0.008435492403805256]], 'gradient_disagreement': 0.00045642079203389585, 'D_within_grad': 0.5825759768486023, 'D_between_grad': 0.582791805267334, 'gradient_separation': 1.0003705024719238, 'random_partition_repeats': 100, 'conflict_ours': 0.00045642079203389585, 'random_partition_conflict_mean': 2.2078088690591358e-08, 'random_partition_conflict_std': 1.984403574795124e-08, 'random_partition_z_score': 22999.2890625, 'environment_similarity_correlation': 0.008105381777246344, 'hungarian_permutation': [0, 1, 2], 'alignment_overlap_before': 0.33333927392959595, 'alignment_overlap_after': 0.33333927392959595, 'environment_matching_requested': 'overlap', 'environment_matching_used': 'overlap', 'h_prediction_MSE': 0.28308871388435364, 'h_prediction_MAE': 0.36146676540374756, 'h_prediction_drift_from_pretrained': 1.0148735421922767e-14, 'h_prediction_corr_with_pretrained': 0.9999999999999911, 'H_norm': 0.9260377287864685, 'H_norm_ratio_to_pretrained': 1.0, 'stage': 0, 'environment_prediction_source': 'H -> frozen pretrained forecast head', 'env_assignment_similarity_to_previous': 0.008105381777246344}
A2 complementary_gate classification stage 0 epoch 1 {'loss': 0.8220714932264284, 'var_predictive_loss': 0.37000582808671995, 'var_utility_loss': 0.00031299012935812433, 'var_conditional_gain_loss': 0.0014805406798869614, 'conditional_pair_MSE': 0.37001711559873546, 'conditional_shuffle_MSE': 0.4414193129151081, 'conditional_gain_mean': 0.0714021973204916, 'conditional_positive_ratio': 0.8967935288640596, 'h_anchor_loss': nan, 'future_var_loss': nan, 'future_var_cosine': nan, 'future_var_l2': nan, 'future_var_pred_norm': nan, 'future_var_target_norm': nan, 'gate/mean': -0.06572872861884696, 'gate/std': 0.18765927988334047, 'gate/positive_ratio': 0.38120848084825887, 'gate/negative_ratio': 0.6187915191517411, 'gate/abs_mean': 0.1466298450150688, 'gate/near_zero_ratio': 0.4747929148823725, 'stage': 0, 'epoch': 1}
A2 complementary_gate classification stage 0 epoch 2 {'loss': 0.8062231932684433, 'var_predictive_loss': 0.3450940704900165, 'var_utility_loss': 9.057266165422503e-05, 'var_conditional_gain_loss': 0.0014827243211545619, 'conditional_pair_MSE': 0.3447990878184891, 'conditional_shuffle_MSE': 0.44925718825509153, 'conditional_gain_mean': 0.10445810044210342, 'conditional_positive_ratio': 0.9175686685288641, 'h_anchor_loss': nan, 'future_var_loss': nan, 'future_var_cosine': nan, 'future_var_l2': nan, 'future_var_pred_norm': nan, 'future_var_target_norm': nan, 'gate/mean': -0.3040407196480985, 'gate/std': 0.29478383371958816, 'gate/positive_ratio': 0.1549104831847706, 'gate/negative_ratio': 0.8450895168152294, 'gate/abs_mean': 0.35462144857834077, 'gate/near_zero_ratio': 0.15555635552382996, 'stage': 0, 'epoch': 2}
A2 STAGE 1 EIIL {'update': 1, 'source_split': 'TRAIN only', 'mean_q_change': 0.2693871557712555, 'environment_mass': [0.3318387567996979, 0.33259719610214233, 0.3355640470981598], 'min_environment_mass': 0.3318387567996979, 'environment_risk': [0.26036548614501953, 0.2927882671356201, 0.28362321853637695], 'probe_gradients': [[0.13501587510108948, 0.1156788021326065], [0.10436803102493286, -0.24989654123783112], [0.1786143034696579, 0.19516119360923767]], 'gradient_disagreement': 0.11546393483877182, 'D_within_grad': 0.5305344462394714, 'D_between_grad': 0.6055150032043457, 'gradient_separation': 1.1413302421569824, 'random_partition_repeats': 100, 'conflict_ours': 0.11546393483877182, 'random_partition_conflict_mean': 7.708455086685717e-06, 'random_partition_conflict_std': 8.241722753155045e-06, 'random_partition_z_score': 14008.7490234375, 'environment_similarity_correlation': 0.7720204956596364, 'hungarian_permutation': [2, 1, 0], 'alignment_overlap_before': 0.3384426534175873, 'alignment_overlap_after': 0.33847522735595703, 'environment_matching_requested': 'overlap', 'environment_matching_used': 'overlap', 'h_prediction_MSE': 0.2789537310600281, 'h_prediction_MAE': 0.3626377582550049, 'h_prediction_drift_from_pretrained': 0.029678622260689735, 'h_prediction_corr_with_pretrained': 0.9832616181307492, 'H_norm': 0.901393711566925, 'H_norm_ratio_to_pretrained': 0.9743932485580444, 'stage': 1, 'environment_prediction_source': 'H -> frozen pretrained forecast head', 'env_assignment_similarity_to_previous': 0.7720204956596364}
A2 complementary_gate classification stage 1 epoch 3 {'loss': 0.7876873825317205, 'var_predictive_loss': 0.3333477516645609, 'var_utility_loss': 5.623229323625077e-05, 'var_conditional_gain_loss': 0.001334443876050019, 'conditional_pair_MSE': 0.3332893319571562, 'conditional_shuffle_MSE': 0.46237301078541126, 'conditional_gain_mean': 0.12908367878739044, 'conditional_positive_ratio': 0.9299057262569832, 'h_anchor_loss': nan, 'future_var_loss': nan, 'future_var_cosine': nan, 'future_var_l2': nan, 'future_var_pred_norm': nan, 'future_var_target_norm': nan, 'gate/mean': -0.451555966099776, 'gate/std': 0.32824885294957057, 'gate/positive_ratio': 0.1029054332665338, 'gate/negative_ratio': 0.8970945667334662, 'gate/abs_mean': 0.4923211568603798, 'gate/near_zero_ratio': 0.08522369169588388, 'stage': 1, 'epoch': 3}
A2 complementary_gate classification stage 1 epoch 4 {'loss': 0.7733288647962171, 'var_predictive_loss': 0.32729778648808944, 'var_utility_loss': 3.71472636567866e-05, 'var_conditional_gain_loss': 0.0011835475523513438, 'conditional_pair_MSE': 0.3273302462330727, 'conditional_shuffle_MSE': 0.4670201273358299, 'conditional_gain_mean': 0.13968988109613162, 'conditional_positive_ratio': 0.9363943202979516, 'h_anchor_loss': nan, 'future_var_loss': nan, 'future_var_cosine': nan, 'future_var_l2': nan, 'future_var_pred_norm': nan, 'future_var_target_norm': nan, 'gate/mean': -0.5425193122699004, 'gate/std': 0.3445167546623759, 'gate/positive_ratio': 0.08452845941551357, 'gate/negative_ratio': 0.9154715405844864, 'gate/abs_mean': 0.5809554509214011, 'gate/near_zero_ratio': 0.061164236545530375, 'stage': 1, 'epoch': 4}
A2 STAGE 2 EIIL {'update': 2, 'source_split': 'TRAIN only', 'mean_q_change': 0.21287138760089874, 'environment_mass': [0.337622731924057, 0.3303602635860443, 0.3320169746875763], 'min_environment_mass': 0.3303602635860443, 'environment_risk': [0.23556621372699738, 0.32661116123199463, 0.2975854277610779], 'probe_gradients': [[0.059309251606464386, 0.05358454957604408], [0.16189466416835785, -0.3965458869934082], [0.22203314304351807, 0.22526319324970245]], 'gradient_disagreement': 0.2197856456041336, 'D_within_grad': 0.4782640337944031, 'D_between_grad': 0.6338120102882385, 'gradient_separation': 1.3252345323562622, 'random_partition_repeats': 100, 'conflict_ours': 0.2197856456041336, 'random_partition_conflict_mean': 1.820842589950189e-05, 'random_partition_conflict_std': 1.4339766494231299e-05, 'random_partition_z_score': 15325.7333984375, 'environment_similarity_correlation': 0.893998169878207, 'hungarian_permutation': [0, 1, 2], 'alignment_overlap_before': 0.481004536151886, 'alignment_overlap_after': 0.481004536151886, 'environment_matching_requested': 'overlap', 'environment_matching_used': 'overlap', 'h_prediction_MSE': 0.28623536229133606, 'h_prediction_MAE': 0.36882081627845764, 'h_prediction_drift_from_pretrained': 0.045743610709905624, 'h_prediction_corr_with_pretrained': 0.9736200582971768, 'H_norm': 0.9009919166564941, 'H_norm_ratio_to_pretrained': 0.974730372428894, 'stage': 2, 'environment_prediction_source': 'H -> frozen pretrained forecast head', 'env_assignment_similarity_to_previous': 0.893998169878207}
A0 complementary_gate classification stage 1 epoch 3 {'loss': 0.36188787190109567, 'var_predictive_loss': nan, 'var_utility_loss': nan, 'var_conditional_gain_loss': nan, 'conditional_pair_MSE': nan, 'conditional_shuffle_MSE': nan, 'conditional_gain_mean': nan, 'conditional_positive_ratio': nan, 'h_anchor_loss': nan, 'future_var_loss': nan, 'future_var_cosine': nan, 'future_var_l2': nan, 'future_var_pred_norm': nan, 'future_var_target_norm': nan, 'gate/mean': nan, 'gate/std': nan, 'gate/positive_ratio': nan, 'gate/negative_ratio': nan, 'gate/abs_mean': nan, 'gate/near_zero_ratio': nan, 'stage': 1, 'epoch': 3}
A2 complementary_gate classification stage 2 epoch 5 {'loss': 0.7564698136130045, 'var_predictive_loss': 0.3212241832184237, 'var_utility_loss': 2.678205521544103e-05, 'var_conditional_gain_loss': 0.001114088481279555, 'conditional_pair_MSE': 0.3209666197170693, 'conditional_shuffle_MSE': 0.4711977262317105, 'conditional_gain_mean': 0.1502311064851851, 'conditional_positive_ratio': 0.9398277467411545, 'h_anchor_loss': nan, 'future_var_loss': nan, 'future_var_cosine': nan, 'future_var_l2': nan, 'future_var_pred_norm': nan, 'future_var_target_norm': nan, 'gate/mean': -0.6045828578964497, 'gate/std': 0.3581899407008985, 'gate/positive_ratio': 0.07750437354476764, 'gate/negative_ratio': 0.9224956257787074, 'gate/abs_mean': 0.645780263812473, 'gate/near_zero_ratio': 0.04788712539024127, 'stage': 2, 'epoch': 5}
A2 complementary_gate classification stage 2 epoch 6 {'loss': 0.7459752117201339, 'var_predictive_loss': 0.3174731163507284, 'var_utility_loss': 1.988643263546184e-05, 'var_conditional_gain_loss': 0.0009909684222852344, 'conditional_pair_MSE': 0.31663144804278287, 'conditional_shuffle_MSE': 0.4750175462804335, 'conditional_gain_mean': 0.1583860982731091, 'conditional_positive_ratio': 0.9450651769087524, 'h_anchor_loss': nan, 'future_var_loss': nan, 'future_var_cosine': nan, 'future_var_l2': nan, 'future_var_pred_norm': nan, 'future_var_target_norm': nan, 'gate/mean': -0.6461983629498148, 'gate/std': 0.37221793632194333, 'gate/positive_ratio': 0.07642644256672854, 'gate/negative_ratio': 0.9235735574332715, 'gate/abs_mean': 0.6919945400171531, 'gate/near_zero_ratio': 0.04079953479325915, 'stage': 2, 'epoch': 6}
A2 STAGE 3 EIIL {'update': 3, 'source_split': 'TRAIN only', 'mean_q_change': 0.15054139494895935, 'environment_mass': [0.3366161286830902, 0.33173033595085144, 0.3316534757614136], 'min_environment_mass': 0.3316534757614136, 'environment_risk': [0.23156532645225525, 0.3145308792591095, 0.31569817662239075], 'probe_gradients': [[0.007970078848302364, 0.06315471231937408], [0.14959825575351715, -0.34278056025505066], [0.27668946981430054, 0.2955265939235687]], 'gradient_disagreement': 0.24487900733947754, 'D_within_grad': 0.46472659707069397, 'D_between_grad': 0.6372696161270142, 'gradient_separation': 1.3712785243988037, 'random_partition_repeats': 100, 'conflict_ours': 0.24487900733947754, 'random_partition_conflict_mean': 2.058475001831539e-05, 'random_partition_conflict_std': 1.5470681319129653e-05, 'random_partition_z_score': 15827.255859375, 'environment_similarity_correlation': 0.8871183645701033, 'hungarian_permutation': [0, 1, 2], 'alignment_overlap_before': 0.5788285732269287, 'alignment_overlap_after': 0.5788285732269287, 'environment_matching_requested': 'overlap', 'environment_matching_used': 'overlap', 'h_prediction_MSE': 0.2869904637336731, 'h_prediction_MAE': 0.3714669644832611, 'h_prediction_drift_from_pretrained': 0.05031346157193184, 'h_prediction_corr_with_pretrained': 0.9704558312410021, 'H_norm': 0.9010929465293884, 'H_norm_ratio_to_pretrained': 0.975213885307312, 'stage': 3, 'environment_prediction_source': 'H -> frozen pretrained forecast head', 'env_assignment_similarity_to_previous': 0.8871183645701033}
A2 complementary_gate classification stage 3 epoch 7 {'loss': 0.7362527264550675, 'var_predictive_loss': 0.313691080642301, 'var_utility_loss': 1.2462528518796695e-05, 'var_conditional_gain_loss': 0.0009553062977787199, 'conditional_pair_MSE': 0.31367209316812306, 'conditional_shuffle_MSE': 0.47774665657607246, 'conditional_gain_mean': 0.16407456340476534, 'conditional_positive_ratio': 0.9474220204841713, 'h_anchor_loss': nan, 'future_var_loss': nan, 'future_var_cosine': nan, 'future_var_l2': nan, 'future_var_pred_norm': nan, 'future_var_target_norm': nan, 'gate/mean': -0.6757885566788877, 'gate/std': 0.3798177228421082, 'gate/positive_ratio': 0.0751251446789327, 'gate/negative_ratio': 0.9248748553210673, 'gate/abs_mean': 0.7242287141013707, 'gate/near_zero_ratio': 0.036998453988808785, 'stage': 3, 'epoch': 7}
A2 complementary_gate classification stage 3 epoch 8 {'loss': 0.7225726921891057, 'var_predictive_loss': 0.3065376999627712, 'var_utility_loss': 9.610691926312473e-06, 'var_conditional_gain_loss': 0.0009029988823876954, 'conditional_pair_MSE': 0.3066908384430251, 'conditional_shuffle_MSE': 0.4743426790847857, 'conditional_gain_mean': 0.16765184060158705, 'conditional_positive_ratio': 0.9482658286778398, 'h_anchor_loss': nan, 'future_var_loss': nan, 'future_var_cosine': nan, 'future_var_l2': nan, 'future_var_pred_norm': nan, 'future_var_target_norm': nan, 'gate/mean': -0.6930904304020669, 'gate/std': 0.39071383296164247, 'gate/positive_ratio': 0.07663259191496109, 'gate/negative_ratio': 0.9233674074085139, 'gate/abs_mean': 0.7474378993360967, 'gate/near_zero_ratio': 0.03340799706901222, 'stage': 3, 'epoch': 8}
A2 STAGE 4 EIIL {'update': 4, 'source_split': 'TRAIN only', 'mean_q_change': 0.07780443131923676, 'environment_mass': [0.33777138590812683, 0.3312355577945709, 0.33099305629730225], 'min_environment_mass': 0.33099305629730225, 'environment_risk': [0.2347337007522583, 0.31473076343536377, 0.3256298005580902], 'probe_gradients': [[0.0003970949328504503, 0.07220911979675293], [0.15392504632472992, -0.3402763307094574], [0.3063715100288391, 0.30433905124664307]], 'gradient_disagreement': 0.2599962055683136, 'D_within_grad': 0.4636409878730774, 'D_between_grad': 0.6436129212379456, 'gradient_separation': 1.388170838356018, 'random_partition_repeats': 100, 'conflict_ours': 0.2599962055683136, 'random_partition_conflict_mean': 2.172756467189174e-05, 'random_partition_conflict_std': 1.7418216884834692e-05, 'random_partition_z_score': 14925.435546875, 'environment_similarity_correlation': 0.9581207268705523, 'hungarian_permutation': [0, 1, 2], 'alignment_overlap_before': 0.6184471249580383, 'alignment_overlap_after': 0.6184471249580383, 'environment_matching_requested': 'overlap', 'environment_matching_used': 'overlap', 'h_prediction_MSE': 0.2913176119327545, 'h_prediction_MAE': 0.3741513788700104, 'h_prediction_drift_from_pretrained': 0.05425864830613136, 'h_prediction_corr_with_pretrained': 0.9682625006283949, 'H_norm': 0.8985636830329895, 'H_norm_ratio_to_pretrained': 0.9725514650344849, 'stage': 4, 'environment_prediction_source': 'H -> frozen pretrained forecast head', 'env_assignment_similarity_to_previous': 0.9581207268705523}
A2 complementary_gate classification stage 4 epoch 9 {'loss': 0.7122327459690183, 'var_predictive_loss': 0.30346823976483456, 'var_utility_loss': 7.309843453725101e-06, 'var_conditional_gain_loss': 0.0008374799629731895, 'conditional_pair_MSE': 0.3033573855235344, 'conditional_shuffle_MSE': 0.47365464976729615, 'conditional_gain_mean': 0.17029726424856498, 'conditional_positive_ratio': 0.9529504189944135, 'h_anchor_loss': nan, 'future_var_loss': nan, 'future_var_cosine': nan, 'future_var_l2': nan, 'future_var_pred_norm': nan, 'future_var_target_norm': nan, 'gate/mean': -0.7078602939407719, 'gate/std': 0.39928141550069896, 'gate/positive_ratio': 0.07692455169556002, 'gate/negative_ratio': 0.92307544830444, 'gate/abs_mean': 0.7670813615719085, 'gate/near_zero_ratio': 0.030459097611756303, 'stage': 4, 'epoch': 9}
A2 complementary_gate classification stage 4 epoch 10 {'loss': 0.7023163241009379, 'var_predictive_loss': 0.29795160191003667, 'var_utility_loss': 6.401230086741508e-06, 'var_conditional_gain_loss': 0.0008222566668448876, 'conditional_pair_MSE': 0.2980288970066834, 'conditional_shuffle_MSE': 0.47303847783227043, 'conditional_gain_mean': 0.17500958082261978, 'conditional_positive_ratio': 0.9527467411545624, 'h_anchor_loss': nan, 'future_var_loss': nan, 'future_var_cosine': nan, 'future_var_l2': nan, 'future_var_pred_norm': nan, 'future_var_target_norm': nan, 'gate/mean': -0.7189025272398936, 'gate/std': 0.4095120684307168, 'gate/positive_ratio': 0.07911004477058506, 'gate/negative_ratio': 0.920889955229415, 'gate/abs_mean': 0.7836518158689505, 'gate/near_zero_ratio': 0.02846982452738071, 'stage': 4, 'epoch': 10}
A2 TEST 0.33356279134750366 0.36904123425483704
[ETTm1] run D_isolated_rms on GPU 2
shared_reference source=loaded path=results/predictive_env_reference_all_datasets_k3/ETTm1/shared_reference.pt sha256=43cb3aff3d6bab55dab11b8df89dc34b026cad2089306dd2f2e1b480e3c021c6
A2 identity {'feature': 0.0}
A0 complementary_gate classification stage 2 epoch 6 {'loss': 0.24452469575760968, 'var_predictive_loss': nan, 'var_utility_loss': nan, 'var_conditional_gain_loss': nan, 'conditional_pair_MSE': nan, 'conditional_shuffle_MSE': nan, 'conditional_gain_mean': nan, 'conditional_positive_ratio': nan, 'h_anchor_loss': nan, 'future_var_loss': nan, 'future_var_cosine': nan, 'future_var_l2': nan, 'future_var_pred_norm': nan, 'future_var_target_norm': nan, 'gate/mean': nan, 'gate/std': nan, 'gate/positive_ratio': nan, 'gate/negative_ratio': nan, 'gate/abs_mean': nan, 'gate/near_zero_ratio': nan, 'stage': 2, 'epoch': 6}
A2 STAGE 0 EIIL {'update': 0, 'source_split': 'TRAIN only', 'mean_q_change': 0.0141957001760602, 'environment_mass': [0.3325883150100708, 0.33258792757987976, 0.3348237872123718], 'min_environment_mass': 0.33258792757987976, 'environment_risk': [0.2836299240589142, 0.28213226795196533, 0.28350120782852173], 'probe_gradients': [[0.06222163140773773, 0.007753003388643265], [0.05611005797982216, -0.01741194538772106], [0.061553824692964554, 0.008435492403805256]], 'gradient_disagreement': 0.00045642079203389585, 'D_within_grad': 0.5825759768486023, 'D_between_grad': 0.582791805267334, 'gradient_separation': 1.0003705024719238, 'random_partition_repeats': 100, 'conflict_ours': 0.00045642079203389585, 'random_partition_conflict_mean': 2.2078088690591358e-08, 'random_partition_conflict_std': 1.984403574795124e-08, 'random_partition_z_score': 22999.2890625, 'environment_similarity_correlation': 0.008105381777246344, 'hungarian_permutation': [0, 1, 2], 'alignment_overlap_before': 0.33333927392959595, 'alignment_overlap_after': 0.33333927392959595, 'environment_matching_requested': 'overlap', 'environment_matching_used': 'overlap', 'h_prediction_MSE': 0.28308871388435364, 'h_prediction_MAE': 0.36146676540374756, 'h_prediction_drift_from_pretrained': 1.0148735421922767e-14, 'h_prediction_corr_with_pretrained': 0.9999999999999911, 'H_norm': 0.9260377287864685, 'H_norm_ratio_to_pretrained': 1.0, 'stage': 0, 'environment_prediction_source': 'H -> frozen pretrained forecast head', 'env_assignment_similarity_to_previous': 0.008105381777246344}
A2 complementary_gate classification stage 0 epoch 1 {'loss': 0.9023652823581252, 'var_predictive_loss': 0.37310925686082175, 'var_utility_loss': 0.0004336678953636375, 'var_conditional_gain_loss': 0.0015585199192205783, 'conditional_pair_MSE': 0.37312680525942926, 'conditional_shuffle_MSE': 0.4685543412320718, 'conditional_gain_mean': 0.09542753597388905, 'conditional_positive_ratio': 0.9046496741154563, 'h_anchor_loss': nan, 'future_var_loss': nan, 'future_var_cosine': nan, 'future_var_l2': nan, 'future_var_pred_norm': nan, 'future_var_target_norm': nan, 'gate/mean': -0.32373835173102566, 'gate/std': 0.3532314176380873, 'gate/positive_ratio': 0.20484432945720224, 'gate/negative_ratio': 0.7951556691897478, 'gate/abs_mean': 0.3703554018372579, 'gate/near_zero_ratio': 0.25966200301715003, 'stage': 0, 'epoch': 1}
A2 complementary_gate classification stage 0 epoch 2 {'loss': 1.0213075172623922, 'var_predictive_loss': 0.36440181432768354, 'var_utility_loss': 9.232224376983294e-06, 'var_conditional_gain_loss': 0.0018919828696674155, 'conditional_pair_MSE': 0.36414081322257835, 'conditional_shuffle_MSE': 0.542582222986884, 'conditional_gain_mean': 0.17844140974227451, 'conditional_positive_ratio': 0.9328445065176909, 'h_anchor_loss': nan, 'future_var_loss': nan, 'future_var_cosine': nan, 'future_var_l2': nan, 'future_var_pred_norm': nan, 'future_var_target_norm': nan, 'gate/mean': -0.9861646237884465, 'gate/std': 0.04827733125067356, 'gate/positive_ratio': 5.289681406728655e-05, 'gate/negative_ratio': 0.9999471031859327, 'gate/abs_mean': 0.9861674591047667, 'gate/near_zero_ratio': 0.0001426872430720375, 'stage': 0, 'epoch': 2}
A2 STAGE 1 EIIL {'update': 1, 'source_split': 'TRAIN only', 'mean_q_change': 0.35210078954696655, 'environment_mass': [0.33307644724845886, 0.3309117555618286, 0.3360117971897125], 'min_environment_mass': 0.3309117555618286, 'environment_risk': [0.3340075612068176, 0.35277804732322693, 0.3682541251182556], 'probe_gradients': [[0.05275001749396324, 0.198515847325325], [0.06423211097717285, -0.2805691659450531], [0.11259214580059052, 0.30246976017951965]], 'gradient_disagreement': 0.19543831050395966, 'D_within_grad': 0.5289953351020813, 'D_between_grad': 0.6535274386405945, 'gradient_separation': 1.2354124784469604, 'random_partition_repeats': 100, 'conflict_ours': 0.19543831050395966, 'random_partition_conflict_mean': 1.3212769772508182e-05, 'random_partition_conflict_std': 1.3153350664651953e-05, 'random_partition_z_score': 14857.4384765625, 'environment_similarity_correlation': 0.6512200492713797, 'hungarian_permutation': [2, 1, 0], 'alignment_overlap_before': 0.3391348123550415, 'alignment_overlap_after': 0.33916711807250977, 'environment_matching_requested': 'overlap', 'environment_matching_used': 'overlap', 'h_prediction_MSE': 0.3517262041568756, 'h_prediction_MAE': 0.41175079345703125, 'h_prediction_drift_from_pretrained': 0.0635002851486206, 'h_prediction_corr_with_pretrained': 0.9593416964828015, 'H_norm': 0.9010026454925537, 'H_norm_ratio_to_pretrained': 0.973794162273407, 'stage': 1, 'environment_prediction_source': 'H -> frozen pretrained forecast head', 'env_assignment_similarity_to_previous': 0.6512200492713797}
A2 complementary_gate classification stage 1 epoch 3 {'loss': 1.0132711233094682, 'var_predictive_loss': 0.3549222085365029, 'var_utility_loss': 3.5633854526593455e-08, 'var_conditional_gain_loss': 0.001609475595431725, 'conditional_pair_MSE': 0.35484199118584214, 'conditional_shuffle_MSE': 0.5502674649924267, 'conditional_gain_mean': 0.1954254737442851, 'conditional_positive_ratio': 0.9404387802607076, 'h_anchor_loss': nan, 'future_var_loss': nan, 'future_var_cosine': nan, 'future_var_l2': nan, 'future_var_pred_norm': nan, 'future_var_target_norm': nan, 'gate/mean': -0.9999713395253124, 'gate/std': 0.0036588156574714034, 'gate/positive_ratio': 1.0966470424621301e-06, 'gate/negative_ratio': 0.9999989033529575, 'gate/abs_mean': 0.9999714113215291, 'gate/near_zero_ratio': 4.500920896669064e-06, 'stage': 1, 'epoch': 3}
A2 complementary_gate classification stage 1 epoch 4 {'loss': 1.0038096592038177, 'var_predictive_loss': 0.34703829640565914, 'var_utility_loss': 3.641085330657805e-09, 'var_conditional_gain_loss': 0.0015746700020075135, 'conditional_pair_MSE': 0.3470303024956826, 'conditional_shuffle_MSE': 0.5569069982174973, 'conditional_gain_mean': 0.20987669572869777, 'conditional_positive_ratio': 0.9432320763500931, 'h_anchor_loss': nan, 'future_var_loss': nan, 'future_var_cosine': nan, 'future_var_l2': nan, 'future_var_pred_norm': nan, 'future_var_target_norm': nan, 'gate/mean': -0.9999878303298437, 'gate/std': 0.0017805341323684294, 'gate/positive_ratio': 1.819852278977872e-07, 'gate/negative_ratio': 0.9999998180147721, 'gate/abs_mean': 0.99998787371201, 'gate/near_zero_ratio': 4.1876898166814223e-07, 'stage': 1, 'epoch': 4}
A2 STAGE 2 EIIL {'update': 2, 'source_split': 'TRAIN only', 'mean_q_change': 0.18378770351409912, 'environment_mass': [0.33869850635528564, 0.33003494143486023, 0.3312665820121765], 'min_environment_mass': 0.33003494143486023, 'environment_risk': [0.27667009830474854, 0.3501865863800049, 0.33102667331695557], 'probe_gradients': [[-0.03543240949511528, 0.06372123211622238], [0.11203856021165848, -0.3940503001213074], [0.14173156023025513, 0.2824555039405823]], 'gradient_disagreement': 0.25635865330696106, 'D_within_grad': 0.46872013807296753, 'D_between_grad': 0.6439744234085083, 'gradient_separation': 1.3738995790481567, 'random_partition_repeats': 100, 'conflict_ours': 0.25635865330696106, 'random_partition_conflict_mean': 1.8762471881927922e-05, 'random_partition_conflict_std': 1.7420428775949404e-05, 'random_partition_z_score': 14714.900390625, 'environment_similarity_correlation': 0.9126064830955666, 'hungarian_permutation': [0, 1, 2], 'alignment_overlap_before': 0.5275425314903259, 'alignment_overlap_after': 0.5275425314903259, 'environment_matching_requested': 'overlap', 'environment_matching_used': 'overlap', 'h_prediction_MSE': 0.31893959641456604, 'h_prediction_MAE': 0.39187532663345337, 'h_prediction_drift_from_pretrained': 0.04257014021277428, 'h_prediction_corr_with_pretrained': 0.9724018980376015, 'H_norm': 0.9015198349952698, 'H_norm_ratio_to_pretrained': 0.975024938583374, 'stage': 2, 'environment_prediction_source': 'H -> frozen pretrained forecast head', 'env_assignment_similarity_to_previous': 0.9126064830955666}
A2 complementary_gate classification stage 2 epoch 5 {'loss': 0.99892671091612, 'var_predictive_loss': 0.34110617338224897, 'var_utility_loss': 4.495579650270435e-10, 'var_conditional_gain_loss': 0.0014431546459011768, 'conditional_pair_MSE': 0.3408693699498678, 'conditional_shuffle_MSE': 0.5630206604765087, 'conditional_gain_mean': 0.22215129046978818, 'conditional_positive_ratio': 0.948614990689013, 'h_anchor_loss': nan, 'future_var_loss': nan, 'future_var_cosine': nan, 'future_var_l2': nan, 'future_var_pred_norm': nan, 'future_var_target_norm': nan, 'gate/mean': -0.9999591263038585, 'gate/std': 0.005293175985664548, 'gate/positive_ratio': 7.27196734079299e-06, 'gate/negative_ratio': 0.9999927280326593, 'gate/abs_mean': 0.9999594801264392, 'gate/near_zero_ratio': 1.7184411798630826e-05, 'stage': 2, 'epoch': 5}
A2 complementary_gate classification stage 2 epoch 6 {'loss': 0.9976740930246752, 'var_predictive_loss': 0.34040477317433027, 'var_utility_loss': 2.6544459430409636e-11, 'var_conditional_gain_loss': 0.0015200421149500782, 'conditional_pair_MSE': 0.3395120579648485, 'conditional_shuffle_MSE': 0.565223080313817, 'conditional_gain_mean': 0.22571102228769868, 'conditional_positive_ratio': 0.9479457635009311, 'h_anchor_loss': nan, 'future_var_loss': nan, 'future_var_cosine': nan, 'future_var_l2': nan, 'future_var_pred_norm': nan, 'future_var_target_norm': nan, 'gate/mean': -0.9999657974324241, 'gate/std': 0.004528587938224726, 'gate/positive_ratio': 1.5363882994642181e-06, 'gate/negative_ratio': 0.9999984636117005, 'gate/abs_mean': 0.9999658943446319, 'gate/near_zero_ratio': 6.004159470605432e-06, 'stage': 2, 'epoch': 6}
A2 STAGE 3 EIIL {'update': 3, 'source_split': 'TRAIN only', 'mean_q_change': 0.1077813133597374, 'environment_mass': [0.3381502628326416, 0.330259770154953, 0.3315899968147278], 'min_environment_mass': 0.330259770154953, 'environment_risk': [0.2774389386177063, 0.3326460123062134, 0.34300029277801514], 'probe_gradients': [[-0.06167789176106453, 0.09473073482513428], [0.09642260521650314, -0.3390135169029236], [0.1968875378370285, 0.3566538691520691]], 'gradient_disagreement': 0.2808786630630493, 'D_within_grad': 0.4625166654586792, 'D_between_grad': 0.6536522507667542, 'gradient_separation': 1.413251280784607, 'random_partition_repeats': 100, 'conflict_ours': 0.2808786630630493, 'random_partition_conflict_mean': 2.362255509069655e-05, 'random_partition_conflict_std': 1.7296833902946673e-05, 'random_partition_z_score': 16237.3662109375, 'environment_similarity_correlation': 0.9427929331871442, 'hungarian_permutation': [0, 1, 2], 'alignment_overlap_before': 0.6094856858253479, 'alignment_overlap_after': 0.6094856858253479, 'environment_matching_requested': 'overlap', 'environment_matching_used': 'overlap', 'h_prediction_MSE': 0.31741106510162354, 'h_prediction_MAE': 0.39218568801879883, 'h_prediction_drift_from_pretrained': 0.043178852647542953, 'h_prediction_corr_with_pretrained': 0.9722671167394037, 'H_norm': 0.893911600112915, 'H_norm_ratio_to_pretrained': 0.9667853116989136, 'stage': 3, 'environment_prediction_source': 'H -> frozen pretrained forecast head', 'env_assignment_similarity_to_previous': 0.9427929331871442}
A2 complementary_gate classification stage 3 epoch 7 {'loss': 0.9965958432264106, 'var_predictive_loss': 0.339363453665445, 'var_utility_loss': 2.9362392276309034e-11, 'var_conditional_gain_loss': 0.001307395937060417, 'conditional_pair_MSE': 0.3393688580358964, 'conditional_shuffle_MSE': 0.5652128377360206, 'conditional_gain_mean': 0.22584397971424255, 'conditional_positive_ratio': 0.9513791899441341, 'h_anchor_loss': nan, 'future_var_loss': nan, 'future_var_cosine': nan, 'future_var_l2': nan, 'future_var_pred_norm': nan, 'future_var_target_norm': nan, 'gate/mean': -0.9999858104798585, 'gate/std': 0.0027183911568086127, 'gate/positive_ratio': 7.225287115049692e-07, 'gate/negative_ratio': 0.9999992774712885, 'gate/abs_mean': 0.9999858536928935, 'gate/near_zero_ratio': 2.712865293197497e-06, 'stage': 3, 'epoch': 7}
A2 complementary_gate classification stage 3 epoch 8 {'loss': 0.9941140389442444, 'var_predictive_loss': 0.3393284275226815, 'var_utility_loss': 1.974415918776106e-11, 'var_conditional_gain_loss': 0.0014505923432566823, 'conditional_pair_MSE': 0.3394567033891803, 'conditional_shuffle_MSE': 0.5627320203381665, 'conditional_gain_mean': 0.22327531696874103, 'conditional_positive_ratio': 0.948614990689013, 'h_anchor_loss': nan, 'future_var_loss': nan, 'future_var_cosine': nan, 'future_var_l2': nan, 'future_var_pred_norm': nan, 'future_var_target_norm': nan, 'gate/mean': -0.9999712202032136, 'gate/std': 0.003910490381812935, 'gate/positive_ratio': 4.958928328962008e-07, 'gate/negative_ratio': 0.9999995041071671, 'gate/abs_mean': 0.9999713906875163, 'gate/near_zero_ratio': 3.3481222783128206e-06, 'stage': 3, 'epoch': 8}
A2 STAGE 4 EIIL {'update': 4, 'source_split': 'TRAIN only', 'mean_q_change': 0.11088621616363525, 'environment_mass': [0.3390553593635559, 0.33000656962394714, 0.33093810081481934], 'min_environment_mass': 0.33000656962394714, 'environment_risk': [0.29879751801490784, 0.36272749304771423, 0.3725768029689789], 'probe_gradients': [[-0.03472748398780823, 0.05508166551589966], [0.1289740949869156, -0.36553776264190674], [0.17018677294254303, 0.36307215690612793]], 'gradient_disagreement': 0.2910459339618683, 'D_within_grad': 0.4645703434944153, 'D_between_grad': 0.6631115078926086, 'gradient_separation': 1.4273651838302612, 'random_partition_repeats': 100, 'conflict_ours': 0.2910459339618683, 'random_partition_conflict_mean': 2.363538442295976e-05, 'random_partition_conflict_std': 1.9612194591900334e-05, 'random_partition_z_score': 14838.8447265625, 'environment_similarity_correlation': 0.9353914248925763, 'hungarian_permutation': [0, 1, 2], 'alignment_overlap_before': 0.6241787075996399, 'alignment_overlap_after': 0.6241787075996399, 'environment_matching_requested': 'overlap', 'environment_matching_used': 'overlap', 'h_prediction_MSE': 0.3443112373352051, 'h_prediction_MAE': 0.4086892008781433, 'h_prediction_drift_from_pretrained': 0.06891532242298126, 'h_prediction_corr_with_pretrained': 0.9550708649408431, 'H_norm': 0.8947148323059082, 'H_norm_ratio_to_pretrained': 0.9676575660705566, 'stage': 4, 'environment_prediction_source': 'H -> frozen pretrained forecast head', 'env_assignment_similarity_to_previous': 0.9353914248925763}
A2 complementary_gate classification stage 4 epoch 9 {'loss': 0.9911741114217182, 'var_predictive_loss': 0.3377504911672237, 'var_utility_loss': 1.8340302839228984e-11, 'var_conditional_gain_loss': 0.0014386124889087973, 'conditional_pair_MSE': 0.3376324393455508, 'conditional_shuffle_MSE': 0.5662635257137838, 'conditional_gain_mean': 0.22863108643429922, 'conditional_positive_ratio': 0.9512046089385475, 'h_anchor_loss': nan, 'future_var_loss': nan, 'future_var_cosine': nan, 'future_var_l2': nan, 'future_var_pred_norm': nan, 'future_var_target_norm': nan, 'gate/mean': -0.9999554284181497, 'gate/std': 0.0042435979956123755, 'gate/positive_ratio': 7.861220625175788e-07, 'gate/negative_ratio': 0.9999992138779374, 'gate/abs_mean': 0.9999560366986999, 'gate/near_zero_ratio': 5.581331338872655e-07, 'stage': 4, 'epoch': 9}
A2 complementary_gate classification stage 4 epoch 10 {'loss': 0.9874243107507396, 'var_predictive_loss': 0.33432774194451265, 'var_utility_loss': 1.5911076342139654e-11, 'var_conditional_gain_loss': 0.0013383802212568806, 'conditional_pair_MSE': 0.33438192608347206, 'conditional_shuffle_MSE': 0.5681137700789914, 'conditional_gain_mean': 0.23373184401156175, 'conditional_positive_ratio': 0.953125, 'h_anchor_loss': nan, 'future_var_loss': nan, 'future_var_cosine': nan, 'future_var_l2': nan, 'future_var_pred_norm': nan, 'future_var_target_norm': nan, 'gate/mean': -0.9999383093755801, 'gate/std': 0.004646770852713083, 'gate/positive_ratio': 1.30704632081236e-06, 'gate/negative_ratio': 0.9999986929536792, 'gate/abs_mean': 0.9999394838229989, 'gate/near_zero_ratio': 6.859963609232572e-07, 'stage': 4, 'epoch': 10}
A2 TEST 0.32494401931762695 0.3639679253101349
[ETTm1] complete 2026-09-13T05:48:47+00:00
[ETTh2] start 2026-09-13T05:48:47+00:00 GPU=2
815813810a7ef4cf106f1d75e329a92e6ec408cf997189758d9e25645323aab7  results/predictive_env_reference_all_datasets_k3/ETTh2/shared_reference.pt
[ETTh2] run A0_patchtst on GPU 2
shared_reference source=loaded path=results/predictive_env_reference_all_datasets_k3/ETTh2/shared_reference.pt sha256=815813810a7ef4cf106f1d75e329a92e6ec408cf997189758d9e25645323aab7
A0 identity {'feature': 0.0}
A0 complementary_gate classification stage 0 epoch 1 {'loss': 0.3976508471201051, 'var_predictive_loss': nan, 'var_utility_loss': nan, 'var_conditional_gain_loss': nan, 'conditional_pair_MSE': nan, 'conditional_shuffle_MSE': nan, 'conditional_gain_mean': nan, 'conditional_positive_ratio': nan, 'h_anchor_loss': nan, 'future_var_loss': nan, 'future_var_cosine': nan, 'future_var_l2': nan, 'future_var_pred_norm': nan, 'future_var_target_norm': nan, 'gate/mean': nan, 'gate/std': nan, 'gate/positive_ratio': nan, 'gate/negative_ratio': nan, 'gate/abs_mean': nan, 'gate/near_zero_ratio': nan, 'stage': 0, 'epoch': 1}
A0 complementary_gate classification stage 0 epoch 2 {'loss': 0.3846509663563854, 'var_predictive_loss': nan, 'var_utility_loss': nan, 'var_conditional_gain_loss': nan, 'conditional_pair_MSE': nan, 'conditional_shuffle_MSE': nan, 'conditional_gain_mean': nan, 'conditional_positive_ratio': nan, 'h_anchor_loss': nan, 'future_var_loss': nan, 'future_var_cosine': nan, 'future_var_l2': nan, 'future_var_pred_norm': nan, 'future_var_target_norm': nan, 'gate/mean': nan, 'gate/std': nan, 'gate/positive_ratio': nan, 'gate/negative_ratio': nan, 'gate/abs_mean': nan, 'gate/near_zero_ratio': nan, 'stage': 0, 'epoch': 2}
A0 complementary_gate classification stage 1 epoch 3 {'loss': 0.38385741631939724, 'var_predictive_loss': nan, 'var_utility_loss': nan, 'var_conditional_gain_loss': nan, 'conditional_pair_MSE': nan, 'conditional_shuffle_MSE': nan, 'conditional_gain_mean': nan, 'conditional_positive_ratio': nan, 'h_anchor_loss': nan, 'future_var_loss': nan, 'future_var_cosine': nan, 'future_var_l2': nan, 'future_var_pred_norm': nan, 'future_var_target_norm': nan, 'gate/mean': nan, 'gate/std': nan, 'gate/positive_ratio': nan, 'gate/negative_ratio': nan, 'gate/abs_mean': nan, 'gate/near_zero_ratio': nan, 'stage': 1, 'epoch': 3}
A0 complementary_gate classification stage 1 epoch 4 {'loss': 0.38615614794335273, 'var_predictive_loss': nan, 'var_utility_loss': nan, 'var_conditional_gain_loss': nan, 'conditional_pair_MSE': nan, 'conditional_shuffle_MSE': nan, 'conditional_gain_mean': nan, 'conditional_positive_ratio': nan, 'h_anchor_loss': nan, 'future_var_loss': nan, 'future_var_cosine': nan, 'future_var_l2': nan, 'future_var_pred_norm': nan, 'future_var_target_norm': nan, 'gate/mean': nan, 'gate/std': nan, 'gate/positive_ratio': nan, 'gate/negative_ratio': nan, 'gate/abs_mean': nan, 'gate/near_zero_ratio': nan, 'stage': 1, 'epoch': 4}
A0 complementary_gate classification stage 2 epoch 5 {'loss': 0.3759054353776968, 'var_predictive_loss': nan, 'var_utility_loss': nan, 'var_conditional_gain_loss': nan, 'conditional_pair_MSE': nan, 'conditional_shuffle_MSE': nan, 'conditional_gain_mean': nan, 'conditional_positive_ratio': nan, 'h_anchor_loss': nan, 'future_var_loss': nan, 'future_var_cosine': nan, 'future_var_l2': nan, 'future_var_pred_norm': nan, 'future_var_target_norm': nan, 'gate/mean': nan, 'gate/std': nan, 'gate/positive_ratio': nan, 'gate/negative_ratio': nan, 'gate/abs_mean': nan, 'gate/near_zero_ratio': nan, 'stage': 2, 'epoch': 5}
A0 complementary_gate classification stage 2 epoch 6 {'loss': 0.36668516965407244, 'var_predictive_loss': nan, 'var_utility_loss': nan, 'var_conditional_gain_loss': nan, 'conditional_pair_MSE': nan, 'conditional_shuffle_MSE': nan, 'conditional_gain_mean': nan, 'conditional_positive_ratio': nan, 'h_anchor_loss': nan, 'future_var_loss': nan, 'future_var_cosine': nan, 'future_var_l2': nan, 'future_var_pred_norm': nan, 'future_var_target_norm': nan, 'gate/mean': nan, 'gate/std': nan, 'gate/positive_ratio': nan, 'gate/negative_ratio': nan, 'gate/abs_mean': nan, 'gate/near_zero_ratio': nan, 'stage': 2, 'epoch': 6}
A0 complementary_gate classification stage 3 epoch 7 {'loss': 0.3755532706683537, 'var_predictive_loss': nan, 'var_utility_loss': nan, 'var_conditional_gain_loss': nan, 'conditional_pair_MSE': nan, 'conditional_shuffle_MSE': nan, 'conditional_gain_mean': nan, 'conditional_positive_ratio': nan, 'h_anchor_loss': nan, 'future_var_loss': nan, 'future_var_cosine': nan, 'future_var_l2': nan, 'future_var_pred_norm': nan, 'future_var_target_norm': nan, 'gate/mean': nan, 'gate/std': nan, 'gate/positive_ratio': nan, 'gate/negative_ratio': nan, 'gate/abs_mean': nan, 'gate/near_zero_ratio': nan, 'stage': 3, 'epoch': 7}
A0 complementary_gate classification stage 3 epoch 8 {'loss': 0.3549414318125203, 'var_predictive_loss': nan, 'var_utility_loss': nan, 'var_conditional_gain_loss': nan, 'conditional_pair_MSE': nan, 'conditional_shuffle_MSE': nan, 'conditional_gain_mean': nan, 'conditional_positive_ratio': nan, 'h_anchor_loss': nan, 'future_var_loss': nan, 'future_var_cosine': nan, 'future_var_l2': nan, 'future_var_pred_norm': nan, 'future_var_target_norm': nan, 'gate/mean': nan, 'gate/std': nan, 'gate/positive_ratio': nan, 'gate/negative_ratio': nan, 'gate/abs_mean': nan, 'gate/near_zero_ratio': nan, 'stage': 3, 'epoch': 8}
A0 complementary_gate classification stage 4 epoch 9 {'loss': 0.3534554701368764, 'var_predictive_loss': nan, 'var_utility_loss': nan, 'var_conditional_gain_loss': nan, 'conditional_pair_MSE': nan, 'conditional_shuffle_MSE': nan, 'conditional_gain_mean': nan, 'conditional_positive_ratio': nan, 'h_anchor_loss': nan, 'future_var_loss': nan, 'future_var_cosine': nan, 'future_var_l2': nan, 'future_var_pred_norm': nan, 'future_var_target_norm': nan, 'gate/mean': nan, 'gate/std': nan, 'gate/positive_ratio': nan, 'gate/negative_ratio': nan, 'gate/abs_mean': nan, 'gate/near_zero_ratio': nan, 'stage': 4, 'epoch': 9}
A0 complementary_gate classification stage 4 epoch 10 {'loss': 0.34780912590476704, 'var_predictive_loss': nan, 'var_utility_loss': nan, 'var_conditional_gain_loss': nan, 'conditional_pair_MSE': nan, 'conditional_shuffle_MSE': nan, 'conditional_gain_mean': nan, 'conditional_positive_ratio': nan, 'h_anchor_loss': nan, 'future_var_loss': nan, 'future_var_cosine': nan, 'future_var_l2': nan, 'future_var_pred_norm': nan, 'future_var_target_norm': nan, 'gate/mean': nan, 'gate/std': nan, 'gate/positive_ratio': nan, 'gate/negative_ratio': nan, 'gate/abs_mean': nan, 'gate/near_zero_ratio': nan, 'stage': 4, 'epoch': 10}
A0 TEST 0.3002097010612488 0.34834763407707214
[ETTh2] reuse verified A_current
[ETTh2] reuse verified B_h_reference
[ETTh2] run C_gradient_isolated on GPU 2
shared_reference source=loaded path=results/predictive_env_reference_all_datasets_k3/ETTh2/shared_reference.pt sha256=815813810a7ef4cf106f1d75e329a92e6ec408cf997189758d9e25645323aab7
A2 identity {'feature': 0.0}
A2 STAGE 0 EIIL {'update': 0, 'source_split': 'TRAIN only', 'mean_q_change': 0.46405771374702454, 'environment_mass': [0.34019899368286133, 0.32062646746635437, 0.3391745388507843], 'min_environment_mass': 0.32062646746635437, 'environment_risk': [0.2721181809902191, 0.6255161166191101, 0.282127320766449], 'probe_gradients': [[-0.038485970348119736, 0.19317671656608582], [0.6466200947761536, 0.2658737599849701], [-0.005278739146888256, -0.16937485337257385]], 'gradient_disagreement': 0.4072049856185913, 'D_within_grad': 0.6743172407150269, 'D_between_grad': 0.8431142568588257, 'gradient_separation': 1.2503228187561035, 'random_partition_repeats': 100, 'conflict_ours': 0.4072049856185913, 'random_partition_conflict_mean': 0.0002630323579069227, 'random_partition_conflict_std': 0.00020428071729838848, 'random_partition_z_score': 1992.072265625, 'environment_similarity_correlation': 0.00184658222709927, 'hungarian_permutation': [0, 1, 2], 'alignment_overlap_before': 0.33336663246154785, 'alignment_overlap_after': 0.33336663246154785, 'environment_matching_requested': 'overlap', 'environment_matching_used': 'overlap', 'h_prediction_MSE': 0.3888217806816101, 'h_prediction_MAE': 0.3567899763584137, 'h_prediction_drift_from_pretrained': 1.1762303540289055e-14, 'h_prediction_corr_with_pretrained': 0.999999999999997, 'H_norm': 0.9890307784080505, 'H_norm_ratio_to_pretrained': 1.0, 'stage': 0, 'environment_prediction_source': 'H -> frozen pretrained forecast head', 'env_assignment_similarity_to_previous': 0.00184658222709927}
A2 complementary_gate classification stage 0 epoch 1 {'loss': 1.0173405822717918, 'var_predictive_loss': 0.49709981927331887, 'var_utility_loss': 0.0009477913928798066, 'var_conditional_gain_loss': 0.001614639164251981, 'conditional_pair_MSE': 0.4946621934235957, 'conditional_shuffle_MSE': 0.5111809678165821, 'conditional_gain_mean': 0.016518774392986386, 'conditional_positive_ratio': 0.7872869318181818, 'h_anchor_loss': nan, 'future_var_loss': nan, 'future_var_cosine': nan, 'future_var_l2': nan, 'future_var_pred_norm': nan, 'future_var_target_norm': nan, 'gate/mean': -0.017194443403271496, 'gate/std': 0.1697172135417492, 'gate/positive_ratio': 0.46172718647318084, 'gate/negative_ratio': 0.5382728135268192, 'gate/abs_mean': 0.12037357589201986, 'gate/near_zero_ratio': 0.5835597800960173, 'stage': 0, 'epoch': 1}
A2 complementary_gate classification stage 0 epoch 2 {'loss': 0.9755753517150879, 'var_predictive_loss': 0.4832511471127564, 'var_utility_loss': 0.0005253163118569954, 'var_conditional_gain_loss': 0.0012791706125647056, 'conditional_pair_MSE': 0.4839379702413377, 'conditional_shuffle_MSE': 0.506079884551141, 'conditional_gain_mean': 0.022141914309803255, 'conditional_positive_ratio': 0.8372395833333334, 'h_anchor_loss': nan, 'future_var_loss': nan, 'future_var_cosine': nan, 'future_var_l2': nan, 'future_var_pred_norm': nan, 'future_var_target_norm': nan, 'gate/mean': -0.07327626879686665, 'gate/std': 0.22920469812404068, 'gate/positive_ratio': 0.3688051915308377, 'gate/negative_ratio': 0.6311948084691623, 'gate/abs_mean': 0.1853542519444542, 'gate/near_zero_ratio': 0.37152671092644807, 'stage': 0, 'epoch': 2}
A2 STAGE 1 EIIL {'update': 1, 'source_split': 'TRAIN only', 'mean_q_change': 0.24850758910179138, 'environment_mass': [0.33612722158432007, 0.3264368176460266, 0.33743587136268616], 'min_environment_mass': 0.3264368176460266, 'environment_risk': [0.35516253113746643, 0.4733958840370178, 0.2621026933193207], 'probe_gradients': [[-0.03369763121008873, 0.3139333724975586], [0.5666590929031372, 0.06754232943058014], [-0.022749297320842743, -0.25072941184043884]], 'gradient_disagreement': 0.3962666094303131, 'D_within_grad': 0.610863208770752, 'D_between_grad': 0.7976799011230469, 'gradient_separation': 1.3058241605758667, 'random_partition_repeats': 100, 'conflict_ours': 0.3962666094303131, 'random_partition_conflict_mean': 0.00018023022857960314, 'random_partition_conflict_std': 0.00013282780128065497, 'random_partition_z_score': 2981.953857421875, 'environment_similarity_correlation': 0.6857908159111558, 'hungarian_permutation': [0, 1, 2], 'alignment_overlap_before': 0.5756043791770935, 'alignment_overlap_after': 0.5756043791770935, 'environment_matching_requested': 'overlap', 'environment_matching_used': 'overlap', 'h_prediction_MSE': 0.3623564839363098, 'h_prediction_MAE': 0.35248497128486633, 'h_prediction_drift_from_pretrained': 0.02408493310213089, 'h_prediction_corr_with_pretrained': 0.9855894935287471, 'H_norm': 0.9632295370101929, 'H_norm_ratio_to_pretrained': 0.974247395992279, 'stage': 1, 'environment_prediction_source': 'H -> frozen pretrained forecast head', 'env_assignment_similarity_to_previous': 0.6857908159111558}
A2 complementary_gate classification stage 1 epoch 3 {'loss': 0.9675037264823914, 'var_predictive_loss': 0.48601656016313804, 'var_utility_loss': 0.00032366805609407886, 'var_conditional_gain_loss': 0.001294053701161774, 'conditional_pair_MSE': 0.4761522463866806, 'conditional_shuffle_MSE': 0.5031450290142939, 'conditional_gain_mean': 0.026992782627613367, 'conditional_positive_ratio': 0.849905303030303, 'h_anchor_loss': nan, 'future_var_loss': nan, 'future_var_cosine': nan, 'future_var_l2': nan, 'future_var_pred_norm': nan, 'future_var_target_norm': nan, 'gate/mean': -0.14951540061795413, 'gate/std': 0.2806522568051762, 'gate/positive_ratio': 0.28931417967715256, 'gate/negative_ratio': 0.7106858148188853, 'gate/abs_mean': 0.2510288858892874, 'gate/near_zero_ratio': 0.2702658665799066, 'stage': 1, 'epoch': 3}
A2 complementary_gate classification stage 1 epoch 4 {'loss': 0.9370273835254166, 'var_predictive_loss': 0.47075256418507055, 'var_utility_loss': 0.00020325667093582626, 'var_conditional_gain_loss': 0.0012416941851067047, 'conditional_pair_MSE': 0.47019812933506205, 'conditional_shuffle_MSE': 0.5018887854115966, 'conditional_gain_mean': 0.03169065607653465, 'conditional_positive_ratio': 0.8596117424242424, 'h_anchor_loss': nan, 'future_var_loss': nan, 'future_var_cosine': nan, 'future_var_l2': nan, 'future_var_pred_norm': nan, 'future_var_target_norm': nan, 'gate/mean': -0.2593343227333951, 'gate/std': 0.3388684791992202, 'gate/positive_ratio': 0.21620494038284327, 'gate/negative_ratio': 0.7837950596171567, 'gate/abs_mean': 0.351211740229552, 'gate/near_zero_ratio': 0.174327656348631, 'stage': 1, 'epoch': 4}
A2 STAGE 2 EIIL {'update': 2, 'source_split': 'TRAIN only', 'mean_q_change': 0.10090214014053345, 'environment_mass': [0.336699903011322, 0.3251916766166687, 0.33810845017433167], 'min_environment_mass': 0.3251916766166687, 'environment_risk': [0.3665844798088074, 0.469217449426651, 0.23794929683208466], 'probe_gradients': [[-0.03745941072702408, 0.3098641633987427], [0.5843597054481506, 0.12231552600860596], [-0.025083152577280998, -0.23318374156951904]], 'gradient_disagreement': 0.4048960208892822, 'D_within_grad': 0.5986030697822571, 'D_between_grad': 0.789803683757782, 'gradient_separation': 1.3194113969802856, 'random_partition_repeats': 100, 'conflict_ours': 0.4048960208892822, 'random_partition_conflict_mean': 0.00019917506142519414, 'random_partition_conflict_std': 0.00015199044719338417, 'random_partition_z_score': 2662.646728515625, 'environment_similarity_correlation': 0.8996906396825795, 'hungarian_permutation': [0, 1, 2], 'alignment_overlap_before': 0.6568490862846375, 'alignment_overlap_after': 0.6568490862846375, 'environment_matching_requested': 'overlap', 'environment_matching_used': 'overlap', 'h_prediction_MSE': 0.35646727681159973, 'h_prediction_MAE': 0.35264524817466736, 'h_prediction_drift_from_pretrained': 0.036431439220905304, 'h_prediction_corr_with_pretrained': 0.9778595139203092, 'H_norm': 0.9625619053840637, 'H_norm_ratio_to_pretrained': 0.9738215804100037, 'stage': 2, 'environment_prediction_source': 'H -> frozen pretrained forecast head', 'env_assignment_similarity_to_previous': 0.8996906396825795}
A0 complementary_gate classification stage 3 epoch 7 {'loss': 0.24342702854427986, 'var_predictive_loss': nan, 'var_utility_loss': nan, 'var_conditional_gain_loss': nan, 'conditional_pair_MSE': nan, 'conditional_shuffle_MSE': nan, 'conditional_gain_mean': nan, 'conditional_positive_ratio': nan, 'h_anchor_loss': nan, 'future_var_loss': nan, 'future_var_cosine': nan, 'future_var_l2': nan, 'future_var_pred_norm': nan, 'future_var_target_norm': nan, 'gate/mean': nan, 'gate/std': nan, 'gate/positive_ratio': nan, 'gate/negative_ratio': nan, 'gate/abs_mean': nan, 'gate/near_zero_ratio': nan, 'stage': 3, 'epoch': 7}
A2 complementary_gate classification stage 2 epoch 5 {'loss': 0.9190417631617133, 'var_predictive_loss': 0.47125488570276297, 'var_utility_loss': 0.00017831958371833986, 'var_conditional_gain_loss': 0.0011370655345010825, 'conditional_pair_MSE': 0.47185419959229574, 'conditional_shuffle_MSE': 0.5043014659414907, 'conditional_gain_mean': 0.03244726634919502, 'conditional_positive_ratio': 0.8705018939393939, 'h_anchor_loss': nan, 'future_var_loss': nan, 'future_var_cosine': nan, 'future_var_l2': nan, 'future_var_pred_norm': nan, 'future_var_target_norm': nan, 'gate/mean': -0.3330259533657419, 'gate/std': 0.37236168452550455, 'gate/positive_ratio': 0.1841215992338837, 'gate/negative_ratio': 0.8158784007661163, 'gate/abs_mean': 0.4227575641251941, 'gate/near_zero_ratio': 0.12924017263155263, 'stage': 2, 'epoch': 5}
A2 complementary_gate classification stage 2 epoch 6 {'loss': 0.9006438192331566, 'var_predictive_loss': 0.46400707993867263, 'var_utility_loss': 0.00013059156656897855, 'var_conditional_gain_loss': 0.001169359205629338, 'conditional_pair_MSE': 0.46090256058916124, 'conditional_shuffle_MSE': 0.4979146406910855, 'conditional_gain_mean': 0.03701208010192424, 'conditional_positive_ratio': 0.8723958333333334, 'h_anchor_loss': nan, 'future_var_loss': nan, 'future_var_cosine': nan, 'future_var_l2': nan, 'future_var_pred_norm': nan, 'future_var_target_norm': nan, 'gate/mean': -0.38162002026302755, 'gate/std': 0.4022418710726427, 'gate/positive_ratio': 0.17438651847182535, 'gate/negative_ratio': 0.8256134815281746, 'gate/abs_mean': 0.47845733951359004, 'gate/near_zero_ratio': 0.10505182761925193, 'stage': 2, 'epoch': 6}
A2 STAGE 3 EIIL {'update': 3, 'source_split': 'TRAIN only', 'mean_q_change': 0.15769927203655243, 'environment_mass': [0.3352923095226288, 0.3257775902748108, 0.3389301300048828], 'min_environment_mass': 0.3257775902748108, 'environment_risk': [0.3659482002258301, 0.4517117738723755, 0.24872370064258575], 'probe_gradients': [[-0.0031627018470317125, 0.33475929498672485], [0.5814339518547058, -0.031457770615816116], [-0.0260213203728199, -0.21811328828334808]], 'gradient_disagreement': 0.3953002989292145, 'D_within_grad': 0.5959160327911377, 'D_between_grad': 0.7836611270904541, 'gradient_separation': 1.3150529861450195, 'random_partition_repeats': 100, 'conflict_ours': 0.3953002989292145, 'random_partition_conflict_mean': 0.00019005686044692993, 'random_partition_conflict_std': 0.0001300592120969668, 'random_partition_z_score': 3037.926025390625, 'environment_similarity_correlation': 0.8289549926789399, 'hungarian_permutation': [0, 1, 2], 'alignment_overlap_before': 0.6384706497192383, 'alignment_overlap_after': 0.6384706497192383, 'environment_matching_requested': 'overlap', 'environment_matching_used': 'overlap', 'h_prediction_MSE': 0.3541571795940399, 'h_prediction_MAE': 0.35271376371383667, 'h_prediction_drift_from_pretrained': 0.05048094317317009, 'h_prediction_corr_with_pretrained': 0.9701398950683677, 'H_norm': 0.9674587249755859, 'H_norm_ratio_to_pretrained': 0.9787188172340393, 'stage': 3, 'environment_prediction_source': 'H -> frozen pretrained forecast head', 'env_assignment_similarity_to_previous': 0.8289549926789399}
A2 complementary_gate classification stage 3 epoch 7 {'loss': 0.902127343416214, 'var_predictive_loss': 0.45363210436870466, 'var_utility_loss': 0.0001205117594028432, 'var_conditional_gain_loss': 0.0014266116874447714, 'conditional_pair_MSE': 0.45488942785375525, 'conditional_shuffle_MSE': 0.4957432894320157, 'conditional_gain_mean': 0.04085386157826041, 'conditional_positive_ratio': 0.8662405303030303, 'h_anchor_loss': nan, 'future_var_loss': nan, 'future_var_cosine': nan, 'future_var_l2': nan, 'future_var_pred_norm': nan, 'future_var_target_norm': nan, 'gate/mean': -0.4637595168048462, 'gate/std': 0.42396501734810155, 'gate/positive_ratio': 0.14929713082416066, 'gate/negative_ratio': 0.8507028691758394, 'gate/abs_mean': 0.5573427219463001, 'gate/near_zero_ratio': 0.07630832647759808, 'stage': 3, 'epoch': 7}
A2 complementary_gate classification stage 3 epoch 8 {'loss': 0.8658126482423746, 'var_predictive_loss': 0.4411035588889752, 'var_utility_loss': 8.937399549190645e-05, 'var_conditional_gain_loss': 0.0011064570342458671, 'conditional_pair_MSE': 0.4421396634358892, 'conditional_shuffle_MSE': 0.48871096005931386, 'conditional_gain_mean': 0.046571296623424685, 'conditional_positive_ratio': 0.8819839015151515, 'h_anchor_loss': nan, 'future_var_loss': nan, 'future_var_cosine': nan, 'future_var_l2': nan, 'future_var_pred_norm': nan, 'future_var_target_norm': nan, 'gate/mean': -0.47006551131861163, 'gate/std': 0.44090099778478864, 'gate/positive_ratio': 0.15512824022654836, 'gate/negative_ratio': 0.8448717597734516, 'gate/abs_mean': 0.5748099420122638, 'gate/near_zero_ratio': 0.07173431102194398, 'stage': 3, 'epoch': 8}
A2 STAGE 4 EIIL {'update': 4, 'source_split': 'TRAIN only', 'mean_q_change': 0.17836782336235046, 'environment_mass': [0.33788442611694336, 0.32373854517936707, 0.33837705850601196], 'min_environment_mass': 0.32373854517936707, 'environment_risk': [0.3665005564689636, 0.47983139753341675, 0.24430911242961884], 'probe_gradients': [[-0.042949747294187546, 0.3038126528263092], [0.6019430756568909, 0.17139236629009247], [-0.01914958842098713, -0.21052461862564087]], 'gradient_disagreement': 0.41004928946495056, 'D_within_grad': 0.6062264442443848, 'D_between_grad': 0.8014578223228455, 'gradient_separation': 1.3220436573028564, 'random_partition_repeats': 100, 'conflict_ours': 0.41004928946495056, 'random_partition_conflict_mean': 0.00022951448045205325, 'random_partition_conflict_std': 0.00016553395835217088, 'random_partition_z_score': 2475.744384765625, 'environment_similarity_correlation': 0.788558716181927, 'hungarian_permutation': [0, 1, 2], 'alignment_overlap_before': 0.6283340454101562, 'alignment_overlap_after': 0.6283340454101562, 'environment_matching_requested': 'overlap', 'environment_matching_used': 'overlap', 'h_prediction_MSE': 0.36184340715408325, 'h_prediction_MAE': 0.355428010225296, 'h_prediction_drift_from_pretrained': 0.04853246361017227, 'h_prediction_corr_with_pretrained': 0.9703140126048411, 'H_norm': 0.9621274471282959, 'H_norm_ratio_to_pretrained': 0.973761796951294, 'stage': 4, 'environment_prediction_source': 'H -> frozen pretrained forecast head', 'env_assignment_similarity_to_previous': 0.788558716181927}
A2 complementary_gate classification stage 4 epoch 9 {'loss': 0.859734996084897, 'var_predictive_loss': 0.43718590652042966, 'var_utility_loss': 9.21099822386717e-05, 'var_conditional_gain_loss': 0.0015833719649394466, 'conditional_pair_MSE': 0.43638384878630115, 'conditional_shuffle_MSE': 0.4852419043847035, 'conditional_gain_mean': 0.048858055612513315, 'conditional_positive_ratio': 0.8797348484848485, 'h_anchor_loss': nan, 'future_var_loss': nan, 'future_var_cosine': nan, 'future_var_l2': nan, 'future_var_pred_norm': nan, 'future_var_target_norm': nan, 'gate/mean': -0.48520158993738893, 'gate/std': 0.4589025177769801, 'gate/positive_ratio': 0.15752156661520242, 'gate/negative_ratio': 0.8424784333847976, 'gate/abs_mean': 0.5992435898079471, 'gate/near_zero_ratio': 0.06678372823601271, 'stage': 4, 'epoch': 9}
A2 complementary_gate classification stage 4 epoch 10 {'loss': 0.8477995285448038, 'var_predictive_loss': 0.4269383534507931, 'var_utility_loss': 7.665627826151289e-05, 'var_conditional_gain_loss': 0.0012514889839980187, 'conditional_pair_MSE': 0.4264035637646554, 'conditional_shuffle_MSE': 0.476581922163446, 'conditional_gain_mean': 0.05017835838467969, 'conditional_positive_ratio': 0.8861268939393939, 'h_anchor_loss': nan, 'future_var_loss': nan, 'future_var_cosine': nan, 'future_var_l2': nan, 'future_var_pred_norm': nan, 'future_var_target_norm': nan, 'gate/mean': -0.5012318159040754, 'gate/std': 0.47382006204897686, 'gate/positive_ratio': 0.15917529809018677, 'gate/negative_ratio': 0.8408247019098132, 'gate/abs_mean': 0.6227962941534156, 'gate/near_zero_ratio': 0.06183455996835354, 'stage': 4, 'epoch': 10}
A2 TEST 0.29936492443084717 0.3466804325580597
[ETTh2] run D_isolated_rms on GPU 2
shared_reference source=loaded path=results/predictive_env_reference_all_datasets_k3/ETTh2/shared_reference.pt sha256=815813810a7ef4cf106f1d75e329a92e6ec408cf997189758d9e25645323aab7
A2 identity {'feature': 0.0}
A2 STAGE 0 EIIL {'update': 0, 'source_split': 'TRAIN only', 'mean_q_change': 0.46405771374702454, 'environment_mass': [0.34019899368286133, 0.32062646746635437, 0.3391745388507843], 'min_environment_mass': 0.32062646746635437, 'environment_risk': [0.2721181809902191, 0.6255161166191101, 0.282127320766449], 'probe_gradients': [[-0.038485970348119736, 0.19317671656608582], [0.6466200947761536, 0.2658737599849701], [-0.005278739146888256, -0.16937485337257385]], 'gradient_disagreement': 0.4072049856185913, 'D_within_grad': 0.6743172407150269, 'D_between_grad': 0.8431142568588257, 'gradient_separation': 1.2503228187561035, 'random_partition_repeats': 100, 'conflict_ours': 0.4072049856185913, 'random_partition_conflict_mean': 0.0002630323579069227, 'random_partition_conflict_std': 0.00020428071729838848, 'random_partition_z_score': 1992.072265625, 'environment_similarity_correlation': 0.00184658222709927, 'hungarian_permutation': [0, 1, 2], 'alignment_overlap_before': 0.33336663246154785, 'alignment_overlap_after': 0.33336663246154785, 'environment_matching_requested': 'overlap', 'environment_matching_used': 'overlap', 'h_prediction_MSE': 0.3888217806816101, 'h_prediction_MAE': 0.3567899763584137, 'h_prediction_drift_from_pretrained': 1.1762303540289055e-14, 'h_prediction_corr_with_pretrained': 0.999999999999997, 'H_norm': 0.9890307784080505, 'H_norm_ratio_to_pretrained': 1.0, 'stage': 0, 'environment_prediction_source': 'H -> frozen pretrained forecast head', 'env_assignment_similarity_to_previous': 0.00184658222709927}
A2 complementary_gate classification stage 0 epoch 1 {'loss': 1.0496569032938976, 'var_predictive_loss': 0.49763192950554613, 'var_utility_loss': 0.0028968130157083134, 'var_conditional_gain_loss': 0.0015108353532427414, 'conditional_pair_MSE': 0.4951711869339995, 'conditional_shuffle_MSE': 0.5119133789487409, 'conditional_gain_mean': 0.016742192014741402, 'conditional_positive_ratio': 0.7884706439393939, 'h_anchor_loss': nan, 'future_var_loss': nan, 'future_var_cosine': nan, 'future_var_l2': nan, 'future_var_pred_norm': nan, 'future_var_target_norm': nan, 'gate/mean': -0.03511675100259109, 'gate/std': 0.16806387561202116, 'gate/positive_ratio': 0.42011229282646156, 'gate/negative_ratio': 0.5798877071735384, 'gate/abs_mean': 0.12108261023323523, 'gate/near_zero_ratio': 0.5814595672115678, 'stage': 0, 'epoch': 1}
A2 complementary_gate classification stage 0 epoch 2 {'loss': 1.0244600129577348, 'var_predictive_loss': 0.4840676598953751, 'var_utility_loss': 0.0011592491421154438, 'var_conditional_gain_loss': 0.0015348219943310444, 'conditional_pair_MSE': 0.4847664641115857, 'conditional_shuffle_MSE': 0.5085841397129557, 'conditional_gain_mean': 0.023817675601369985, 'conditional_positive_ratio': 0.8348721590909091, 'h_anchor_loss': nan, 'future_var_loss': nan, 'future_var_cosine': nan, 'future_var_l2': nan, 'future_var_pred_norm': nan, 'future_var_target_norm': nan, 'gate/mean': -0.18194945963146242, 'gate/std': 0.26531076448416113, 'gate/positive_ratio': 0.23596265090543259, 'gate/negative_ratio': 0.7640373490945674, 'gate/abs_mean': 0.254743569030103, 'gate/near_zero_ratio': 0.26519273807674476, 'stage': 0, 'epoch': 2}
A2 STAGE 1 EIIL {'update': 1, 'source_split': 'TRAIN only', 'mean_q_change': 0.20556806027889252, 'environment_mass': [0.3370954394340515, 0.32617512345314026, 0.3367294669151306], 'min_environment_mass': 0.32617512345314026, 'environment_risk': [0.33623185753822327, 0.4791124761104584, 0.29803574085235596], 'probe_gradients': [[-0.05887017771601677, 0.2879869043827057], [0.5549970865249634, 0.1703013777732849], [-0.007904048077762127, -0.27210310101509094]], 'gradient_disagreement': 0.4065202474594116, 'D_within_grad': 0.6227162480354309, 'D_between_grad': 0.807571530342102, 'gradient_separation': 1.2968531847000122, 'random_partition_repeats': 100, 'conflict_ours': 0.4065202474594116, 'random_partition_conflict_mean': 0.0001949457946466282, 'random_partition_conflict_std': 0.00014966844173613936, 'random_partition_z_score': 2714.836181640625, 'environment_similarity_correlation': 0.761078415604338, 'hungarian_permutation': [0, 1, 2], 'alignment_overlap_before': 0.5909851789474487, 'alignment_overlap_after': 0.5909851789474487, 'environment_matching_requested': 'overlap', 'environment_matching_used': 'overlap', 'h_prediction_MSE': 0.36997413635253906, 'h_prediction_MAE': 0.35205772519111633, 'h_prediction_drift_from_pretrained': 0.016827112063765526, 'h_prediction_corr_with_pretrained': 0.9897565304354753, 'H_norm': 0.9651277661323547, 'H_norm_ratio_to_pretrained': 0.9758110642433167, 'stage': 1, 'environment_prediction_source': 'H -> frozen pretrained forecast head', 'env_assignment_similarity_to_previous': 0.761078415604338}
A2 complementary_gate classification stage 1 epoch 3 {'loss': 1.0375067346500901, 'var_predictive_loss': 0.4891996321250808, 'var_utility_loss': 0.0005263066230636126, 'var_conditional_gain_loss': 0.001375122181012888, 'conditional_pair_MSE': 0.47938609698912565, 'conditional_shuffle_MSE': 0.511263844939866, 'conditional_gain_mean': 0.0318777479507403, 'conditional_positive_ratio': 0.8584280303030303, 'h_anchor_loss': nan, 'future_var_loss': nan, 'future_var_cosine': nan, 'future_var_l2': nan, 'future_var_pred_norm': nan, 'future_var_target_norm': nan, 'gate/mean': -0.41839482445930753, 'gate/std': 0.3015526350637914, 'gate/positive_ratio': 0.08872025647847168, 'gate/negative_ratio': 0.9112797435215283, 'gate/abs_mean': 0.4491182549288731, 'gate/near_zero_ratio': 0.09876987766937761, 'stage': 1, 'epoch': 3}
A2 complementary_gate classification stage 1 epoch 4 {'loss': 1.0542364981939207, 'var_predictive_loss': 0.4721944614401403, 'var_utility_loss': 0.00035051091811356115, 'var_conditional_gain_loss': 0.0020947387516075237, 'conditional_pair_MSE': 0.47163254743667715, 'conditional_shuffle_MSE': 0.519037796500153, 'conditional_gain_mean': 0.04740524906700364, 'conditional_positive_ratio': 0.8517992424242424, 'h_anchor_loss': nan, 'future_var_loss': nan, 'future_var_cosine': nan, 'future_var_l2': nan, 'future_var_pred_norm': nan, 'future_var_target_norm': nan, 'gate/mean': -0.7242617131244347, 'gate/std': 0.23621340099462254, 'gate/positive_ratio': 0.012229217721419553, 'gate/negative_ratio': 0.9877707822785804, 'gate/abs_mean': 0.7288202575659858, 'gate/near_zero_ratio': 0.014608335631787926, 'stage': 1, 'epoch': 4}
A2 STAGE 2 EIIL {'update': 2, 'source_split': 'TRAIN only', 'mean_q_change': 0.11590032279491425, 'environment_mass': [0.3406579792499542, 0.3206958472728729, 0.33864620327949524], 'min_environment_mass': 0.3206958472728729, 'environment_risk': [0.3098607361316681, 0.559066653251648, 0.274400532245636], 'probe_gradients': [[-0.07295135408639908, 0.25490349531173706], [0.6065599322319031, 0.2929431200027466], [-0.019461357966065407, -0.2361859232187271]], 'gradient_disagreement': 0.45969757437705994, 'D_within_grad': 0.6256175637245178, 'D_between_grad': 0.8338629007339478, 'gradient_separation': 1.332863688468933, 'random_partition_repeats': 100, 'conflict_ours': 0.45969757437705994, 'random_partition_conflict_mean': 0.0002479885006323457, 'random_partition_conflict_std': 0.00020951000624336302, 'random_partition_z_score': 2192.97216796875, 'environment_similarity_correlation': 0.9009282455964215, 'hungarian_permutation': [0, 1, 2], 'alignment_overlap_before': 0.6539166569709778, 'alignment_overlap_after': 0.6539166569709778, 'environment_matching_requested': 'overlap', 'environment_matching_used': 'overlap', 'h_prediction_MSE': 0.37777161598205566, 'h_prediction_MAE': 0.35526469349861145, 'h_prediction_drift_from_pretrained': 0.026301104575395584, 'h_prediction_corr_with_pretrained': 0.9837010110843902, 'H_norm': 0.95995032787323, 'H_norm_ratio_to_pretrained': 0.9707433581352234, 'stage': 2, 'environment_prediction_source': 'H -> frozen pretrained forecast head', 'env_assignment_similarity_to_previous': 0.9009282455964215}
A2 complementary_gate classification stage 2 epoch 5 {'loss': 1.0796322233272049, 'var_predictive_loss': 0.46977215454263505, 'var_utility_loss': 0.00022858472864686088, 'var_conditional_gain_loss': 0.0026795164290392263, 'conditional_pair_MSE': 0.47034446507380134, 'conditional_shuffle_MSE': 0.5308890076421173, 'conditional_gain_mean': 0.06054454255685083, 'conditional_positive_ratio': 0.8491950757575758, 'h_anchor_loss': nan, 'future_var_loss': nan, 'future_var_cosine': nan, 'future_var_l2': nan, 'future_var_pred_norm': nan, 'future_var_target_norm': nan, 'gate/mean': -0.9011709943187566, 'gate/std': 0.11777120718571094, 'gate/positive_ratio': 0.0006789770265500566, 'gate/negative_ratio': 0.9993210229734499, 'gate/abs_mean': 0.9014689083099473, 'gate/near_zero_ratio': 0.0007940401072400791, 'stage': 2, 'epoch': 5}
A2 complementary_gate classification stage 2 epoch 6 {'loss': 1.100908761429337, 'var_predictive_loss': 0.4775993271818701, 'var_utility_loss': 7.095213506099239e-05, 'var_conditional_gain_loss': 0.002286269757226392, 'conditional_pair_MSE': 0.47373779612693895, 'conditional_shuffle_MSE': 0.5343746435140598, 'conditional_gain_mean': 0.06063684737300994, 'conditional_positive_ratio': 0.86328125, 'h_anchor_loss': nan, 'future_var_loss': nan, 'future_var_cosine': nan, 'future_var_l2': nan, 'future_var_pred_norm': nan, 'future_var_target_norm': nan, 'gate/mean': -0.9817344215492438, 'gate/std': 0.03457634188401951, 'gate/positive_ratio': 1.2777448127138179e-05, 'gate/negative_ratio': 0.9999872225518729, 'gate/abs_mean': 0.9817365873583492, 'gate/near_zero_ratio': 3.100657076210766e-05, 'stage': 2, 'epoch': 6}
A2 STAGE 3 EIIL {'update': 3, 'source_split': 'TRAIN only', 'mean_q_change': 0.2614107131958008, 'environment_mass': [0.3364641070365906, 0.3250788748264313, 0.33845701813697815], 'min_environment_mass': 0.3250788748264313, 'environment_risk': [0.3550310432910919, 0.49466970562934875, 0.36504408717155457], 'probe_gradients': [[-0.030523566529154778, 0.30865123867988586], [0.6104997396469116, -0.028813323006033897], [0.029887069016695023, -0.3086021840572357]], 'gradient_disagreement': 0.44161245226860046, 'D_within_grad': 0.6591278314590454, 'D_between_grad': 0.8575136661529541, 'gradient_separation': 1.3009823560714722, 'random_partition_repeats': 100, 'conflict_ours': 0.44161245226860046, 'random_partition_conflict_mean': 0.00023475501802749932, 'random_partition_conflict_std': 0.00017345655942335725, 'random_partition_z_score': 2544.600830078125, 'environment_similarity_correlation': 0.6507029043171071, 'hungarian_permutation': [0, 1, 2], 'alignment_overlap_before': 0.6007521748542786, 'alignment_overlap_after': 0.6007521748542786, 'environment_matching_requested': 'overlap', 'environment_matching_used': 'overlap', 'h_prediction_MSE': 0.4038136899471283, 'h_prediction_MAE': 0.36749324202537537, 'h_prediction_drift_from_pretrained': 0.058495476841926575, 'h_prediction_corr_with_pretrained': 0.9655195973486445, 'H_norm': 0.962028980255127, 'H_norm_ratio_to_pretrained': 0.9729677438735962, 'stage': 3, 'environment_prediction_source': 'H -> frozen pretrained forecast head', 'env_assignment_similarity_to_previous': 0.6507029043171071}
A2 complementary_gate classification stage 3 epoch 7 {'loss': 1.1616168868991563, 'var_predictive_loss': 0.4846381938963566, 'var_utility_loss': 5.471937128931976e-05, 'var_conditional_gain_loss': 0.003436271949657098, 'conditional_pair_MSE': 0.4860255568862406, 'conditional_shuffle_MSE': 0.5302280712190126, 'conditional_gain_mean': 0.044202514332772065, 'conditional_positive_ratio': 0.8263494318181818, 'h_anchor_loss': nan, 'future_var_loss': nan, 'future_var_cosine': nan, 'future_var_l2': nan, 'future_var_pred_norm': nan, 'future_var_target_norm': nan, 'gate/mean': -0.9988712444219098, 'gate/std': 0.011198334504086348, 'gate/positive_ratio': 1.1145523350185145e-06, 'gate/negative_ratio': 0.999998885447665, 'gate/abs_mean': 0.998871345901212, 'gate/near_zero_ratio': 4.785695087894313e-06, 'stage': 3, 'epoch': 7}
A2 complementary_gate classification stage 3 epoch 8 {'loss': 1.1547621436838833, 'var_predictive_loss': 0.4797049228312834, 'var_utility_loss': 1.4512436031509604e-05, 'var_conditional_gain_loss': 0.003397811773042618, 'conditional_pair_MSE': 0.4808816808574854, 'conditional_shuffle_MSE': 0.5333776856467453, 'conditional_gain_mean': 0.05249600478925982, 'conditional_positive_ratio': 0.8295454545454546, 'h_anchor_loss': nan, 'future_var_loss': nan, 'future_var_cosine': nan, 'future_var_l2': nan, 'future_var_pred_norm': nan, 'future_var_target_norm': nan, 'gate/mean': -0.9978791634253834, 'gate/std': 0.03186619952742687, 'gate/positive_ratio': 0.00014053816949314936, 'gate/negative_ratio': 0.9998594618305069, 'gate/abs_mean': 0.9978900815662973, 'gate/near_zero_ratio': 0.0003329291663848638, 'stage': 3, 'epoch': 8}
A2 STAGE 4 EIIL {'update': 4, 'source_split': 'TRAIN only', 'mean_q_change': 0.08745632320642471, 'environment_mass': [0.3381633162498474, 0.32088160514831543, 0.34095504879951477], 'min_environment_mass': 0.32088160514831543, 'environment_risk': [0.37373146414756775, 0.5776876211166382, 0.3875252902507782], 'probe_gradients': [[-0.03869844973087311, 0.3170781433582306], [0.6995680332183838, 0.0022618796210736036], [0.05641600862145424, -0.30710873007774353]], 'gradient_disagreement': 0.5173857808113098, 'D_within_grad': 0.714478611946106, 'D_between_grad': 0.9370434284210205, 'gradient_separation': 1.3115066289901733, 'random_partition_repeats': 100, 'conflict_ours': 0.5173857808113098, 'random_partition_conflict_mean': 0.000333140604197979, 'random_partition_conflict_std': 0.00025493366410955787, 'random_partition_z_score': 2028.18505859375, 'environment_similarity_correlation': 0.9390262351803773, 'hungarian_permutation': [0, 1, 2], 'alignment_overlap_before': 0.6782976984977722, 'alignment_overlap_after': 0.6782976984977722, 'environment_matching_requested': 'overlap', 'environment_matching_used': 'overlap', 'h_prediction_MSE': 0.44388046860694885, 'h_prediction_MAE': 0.3796730041503906, 'h_prediction_drift_from_pretrained': 0.08193440735340118, 'h_prediction_corr_with_pretrained': 0.9504333800110307, 'H_norm': 0.951052188873291, 'H_norm_ratio_to_pretrained': 0.9626429080963135, 'stage': 4, 'environment_prediction_source': 'H -> frozen pretrained forecast head', 'env_assignment_similarity_to_previous': 0.9390262351803773}
A0 complementary_gate classification stage 1 epoch 4 {'loss': 0.3586135948266344, 'var_predictive_loss': nan, 'var_utility_loss': nan, 'var_conditional_gain_loss': nan, 'conditional_pair_MSE': nan, 'conditional_shuffle_MSE': nan, 'conditional_gain_mean': nan, 'conditional_positive_ratio': nan, 'h_anchor_loss': nan, 'future_var_loss': nan, 'future_var_cosine': nan, 'future_var_l2': nan, 'future_var_pred_norm': nan, 'future_var_target_norm': nan, 'gate/mean': nan, 'gate/std': nan, 'gate/positive_ratio': nan, 'gate/negative_ratio': nan, 'gate/abs_mean': nan, 'gate/near_zero_ratio': nan, 'stage': 1, 'epoch': 4}
A2 complementary_gate classification stage 4 epoch 9 {'loss': 1.1510819122476397, 'var_predictive_loss': 0.4822158789859628, 'var_utility_loss': 2.4429434912552853e-09, 'var_conditional_gain_loss': 0.0032016429318129226, 'conditional_pair_MSE': 0.48150169168983475, 'conditional_shuffle_MSE': 0.530202418339093, 'conditional_gain_mean': 0.048700726649258286, 'conditional_positive_ratio': 0.8191287878787878, 'h_anchor_loss': nan, 'future_var_loss': nan, 'future_var_cosine': nan, 'future_var_l2': nan, 'future_var_pred_norm': nan, 'future_var_target_norm': nan, 'gate/mean': -0.999990061908346, 'gate/std': 0.002127411128201781, 'gate/positive_ratio': 3.247337667461351e-07, 'gate/negative_ratio': 0.9999996752662332, 'gate/abs_mean': 0.9999900887401616, 'gate/near_zero_ratio': 1.3594786506151756e-06, 'stage': 4, 'epoch': 9}
A2 complementary_gate classification stage 4 epoch 10 {'loss': 1.1397973161823345, 'var_predictive_loss': 0.4807994936434728, 'var_utility_loss': 1.5516616183410779e-09, 'var_conditional_gain_loss': 0.003931896075796844, 'conditional_pair_MSE': 0.480359319847952, 'conditional_shuffle_MSE': 0.528234036099589, 'conditional_gain_mean': 0.047874716295733706, 'conditional_positive_ratio': 0.8122632575757576, 'h_anchor_loss': nan, 'future_var_loss': nan, 'future_var_cosine': nan, 'future_var_l2': nan, 'future_var_pred_norm': nan, 'future_var_target_norm': nan, 'gate/mean': -0.9999613604442313, 'gate/std': 0.004773568137605691, 'gate/positive_ratio': 2.5318225881902057e-06, 'gate/negative_ratio': 0.9999974681774119, 'gate/abs_mean': 0.999961746409577, 'gate/near_zero_ratio': 5.952535063321103e-06, 'stage': 4, 'epoch': 10}
A2 TEST 0.3077821731567383 0.3556900918483734
[ETTh2] complete 2026-09-13T05:53:29+00:00
A0 complementary_gate classification stage 3 epoch 8 {'loss': 0.24246896634285547, 'var_predictive_loss': nan, 'var_utility_loss': nan, 'var_conditional_gain_loss': nan, 'conditional_pair_MSE': nan, 'conditional_shuffle_MSE': nan, 'conditional_gain_mean': nan, 'conditional_positive_ratio': nan, 'h_anchor_loss': nan, 'future_var_loss': nan, 'future_var_cosine': nan, 'future_var_l2': nan, 'future_var_pred_norm': nan, 'future_var_target_norm': nan, 'gate/mean': nan, 'gate/std': nan, 'gate/positive_ratio': nan, 'gate/negative_ratio': nan, 'gate/abs_mean': nan, 'gate/near_zero_ratio': nan, 'stage': 3, 'epoch': 8}
A0 complementary_gate classification stage 4 epoch 9 {'loss': 0.2417331580972075, 'var_predictive_loss': nan, 'var_utility_loss': nan, 'var_conditional_gain_loss': nan, 'conditional_pair_MSE': nan, 'conditional_shuffle_MSE': nan, 'conditional_gain_mean': nan, 'conditional_positive_ratio': nan, 'h_anchor_loss': nan, 'future_var_loss': nan, 'future_var_cosine': nan, 'future_var_l2': nan, 'future_var_pred_norm': nan, 'future_var_target_norm': nan, 'gate/mean': nan, 'gate/std': nan, 'gate/positive_ratio': nan, 'gate/negative_ratio': nan, 'gate/abs_mean': nan, 'gate/near_zero_ratio': nan, 'stage': 4, 'epoch': 9}
A0 complementary_gate classification stage 2 epoch 5 {'loss': 0.3561756682824852, 'var_predictive_loss': nan, 'var_utility_loss': nan, 'var_conditional_gain_loss': nan, 'conditional_pair_MSE': nan, 'conditional_shuffle_MSE': nan, 'conditional_gain_mean': nan, 'conditional_positive_ratio': nan, 'h_anchor_loss': nan, 'future_var_loss': nan, 'future_var_cosine': nan, 'future_var_l2': nan, 'future_var_pred_norm': nan, 'future_var_target_norm': nan, 'gate/mean': nan, 'gate/std': nan, 'gate/positive_ratio': nan, 'gate/negative_ratio': nan, 'gate/abs_mean': nan, 'gate/near_zero_ratio': nan, 'stage': 2, 'epoch': 5}
A0 complementary_gate classification stage 4 epoch 10 {'loss': 0.24094435183087706, 'var_predictive_loss': nan, 'var_utility_loss': nan, 'var_conditional_gain_loss': nan, 'conditional_pair_MSE': nan, 'conditional_shuffle_MSE': nan, 'conditional_gain_mean': nan, 'conditional_positive_ratio': nan, 'h_anchor_loss': nan, 'future_var_loss': nan, 'future_var_cosine': nan, 'future_var_l2': nan, 'future_var_pred_norm': nan, 'future_var_target_norm': nan, 'gate/mean': nan, 'gate/std': nan, 'gate/positive_ratio': nan, 'gate/negative_ratio': nan, 'gate/abs_mean': nan, 'gate/near_zero_ratio': nan, 'stage': 4, 'epoch': 10}
A0 TEST 0.17501120269298553 0.2677246928215027
[Electricity] reuse verified A_current
[Electricity] reuse verified B_h_reference
[Electricity] run C_gradient_isolated on GPU 1
shared_reference source=loaded path=results/predictive_env_reference_all_datasets_k3/Electricity/shared_reference.pt sha256=90d283a82a16114d5dfa0181fe932d474f565b6f2e819bc0b1ca7c4d285d84f5
A2 identity {'feature': 0.0}
A0 complementary_gate classification stage 2 epoch 6 {'loss': 0.354050705882022, 'var_predictive_loss': nan, 'var_utility_loss': nan, 'var_conditional_gain_loss': nan, 'conditional_pair_MSE': nan, 'conditional_shuffle_MSE': nan, 'conditional_gain_mean': nan, 'conditional_positive_ratio': nan, 'h_anchor_loss': nan, 'future_var_loss': nan, 'future_var_cosine': nan, 'future_var_l2': nan, 'future_var_pred_norm': nan, 'future_var_target_norm': nan, 'gate/mean': nan, 'gate/std': nan, 'gate/positive_ratio': nan, 'gate/negative_ratio': nan, 'gate/abs_mean': nan, 'gate/near_zero_ratio': nan, 'stage': 2, 'epoch': 6}
A2 STAGE 0 EIIL {'update': 0, 'source_split': 'TRAIN only', 'mean_q_change': 0.003753482596948743, 'environment_mass': [0.33419689536094666, 0.33152416348457336, 0.33427900075912476], 'min_environment_mass': 0.33152416348457336, 'environment_risk': [0.19046533107757568, 0.1904667317867279, 0.19046437740325928], 'probe_gradients': [[-0.04293499141931534, 0.006216701585799456], [-0.04293226823210716, 0.006233322434127331], [-0.042924925684928894, 0.006238420028239489]], 'gradient_disagreement': 3.12192188767213e-10, 'D_within_grad': 0.24549420177936554, 'D_between_grad': 0.24549412727355957, 'gradient_separation': 0.9999997019767761, 'random_partition_repeats': 100, 'conflict_ours': 3.12192188767213e-10, 'random_partition_conflict_mean': 6.081386783041154e-11, 'random_partition_conflict_std': 6.263058127675691e-11, 'random_partition_z_score': 4.013667106628418, 'environment_similarity_correlation': 0.2848494883681109, 'hungarian_permutation': [0, 1, 2], 'alignment_overlap_before': 0.3333396315574646, 'alignment_overlap_after': 0.3333396315574646, 'environment_matching_requested': 'overlap', 'environment_matching_used': 'overlap', 'h_prediction_MSE': 0.19046546518802643, 'h_prediction_MAE': 0.285060852766037, 'h_prediction_drift_from_pretrained': 1.3024087864232318e-14, 'h_prediction_corr_with_pretrained': 0.9999999999999769, 'H_norm': 0.6387487649917603, 'H_norm_ratio_to_pretrained': 1.0, 'stage': 0, 'environment_prediction_source': 'H -> frozen pretrained forecast head', 'env_assignment_similarity_to_previous': 0.2848494883681109}
A2 complementary_gate classification stage 0 epoch 1 {'loss': 0.7235040022444579, 'var_predictive_loss': 0.6079189604290542, 'var_utility_loss': 3.509996859157613e-05, 'var_conditional_gain_loss': 0.0010477599423096549, 'conditional_pair_MSE': 0.6078353845785268, 'conditional_shuffle_MSE': 0.8942625777863383, 'conditional_gain_mean': 0.2864271932225327, 'conditional_positive_ratio': 0.9579034028540065, 'h_anchor_loss': nan, 'future_var_loss': nan, 'future_var_cosine': nan, 'future_var_l2': nan, 'future_var_pred_norm': nan, 'future_var_target_norm': nan, 'gate/mean': -0.24765285668491294, 'gate/std': 0.2824367307978121, 'gate/positive_ratio': 0.2106218051920015, 'gate/negative_ratio': 0.7893781943071065, 'gate/abs_mean': 0.2953011351199615, 'gate/near_zero_ratio': 0.2620585794242674, 'stage': 0, 'epoch': 1}
A0 complementary_gate classification stage 3 epoch 7 {'loss': 0.35209602277765994, 'var_predictive_loss': nan, 'var_utility_loss': nan, 'var_conditional_gain_loss': nan, 'conditional_pair_MSE': nan, 'conditional_shuffle_MSE': nan, 'conditional_gain_mean': nan, 'conditional_positive_ratio': nan, 'h_anchor_loss': nan, 'future_var_loss': nan, 'future_var_cosine': nan, 'future_var_l2': nan, 'future_var_pred_norm': nan, 'future_var_target_norm': nan, 'gate/mean': nan, 'gate/std': nan, 'gate/positive_ratio': nan, 'gate/negative_ratio': nan, 'gate/abs_mean': nan, 'gate/near_zero_ratio': nan, 'stage': 3, 'epoch': 7}
A2 complementary_gate classification stage 0 epoch 2 {'loss': 0.7117570860669528, 'var_predictive_loss': 0.4741247980687784, 'var_utility_loss': 1.523507431548011e-06, 'var_conditional_gain_loss': 0.0007716409837506082, 'conditional_pair_MSE': 0.47408014176133306, 'conditional_shuffle_MSE': 1.0660350869633626, 'conditional_gain_mean': 0.5919549451202448, 'conditional_positive_ratio': 0.9767288693743139, 'h_anchor_loss': nan, 'future_var_loss': nan, 'future_var_cosine': nan, 'future_var_l2': nan, 'future_var_pred_norm': nan, 'future_var_target_norm': nan, 'gate/mean': -0.5787012158487223, 'gate/std': 0.2934392236069713, 'gate/positive_ratio': 0.048994183456271184, 'gate/negative_ratio': 0.9510058163489375, 'gate/abs_mean': 0.5958898204135773, 'gate/near_zero_ratio': 0.04765600006047925, 'stage': 0, 'epoch': 2}
A2 STAGE 1 EIIL {'update': 1, 'source_split': 'TRAIN only', 'mean_q_change': 0.0013255872763693333, 'environment_mass': [0.33424875140190125, 0.33151137828826904, 0.33423981070518494], 'min_environment_mass': 0.33151137828826904, 'environment_risk': [0.19234326481819153, 0.19234289228916168, 0.19234183430671692], 'probe_gradients': [[0.09480512887239456, 0.0038967356085777283], [0.09480246901512146, 0.0038938303478062153], [0.09479660540819168, 0.0038832174614071846]], 'gradient_disagreement': 1.393068022048638e-10, 'D_within_grad': 0.24908547103405, 'D_between_grad': 0.24908554553985596, 'gradient_separation': 1.0000003576278687, 'random_partition_repeats': 100, 'conflict_ours': 1.393068022048638e-10, 'random_partition_conflict_mean': 2.7421706398633727e-13, 'random_partition_conflict_std': 3.2898651251139777e-13, 'random_partition_z_score': 139.0325927734375, 'environment_similarity_correlation': 0.9162698890771259, 'hungarian_permutation': [2, 1, 0], 'alignment_overlap_before': 0.3333383798599243, 'alignment_overlap_after': 0.3333383798599243, 'environment_matching_requested': 'overlap', 'environment_matching_used': 'overlap', 'h_prediction_MSE': 0.1923426389694214, 'h_prediction_MAE': 0.285287469625473, 'h_prediction_drift_from_pretrained': 0.021981678903102875, 'h_prediction_corr_with_pretrained': 0.9900825733890257, 'H_norm': 0.6201411485671997, 'H_norm_ratio_to_pretrained': 0.9709288477897644, 'stage': 1, 'environment_prediction_source': 'H -> frozen pretrained forecast head', 'env_assignment_similarity_to_previous': 0.9162698890771259}
A0 complementary_gate classification stage 3 epoch 8 {'loss': 0.3506401505299695, 'var_predictive_loss': nan, 'var_utility_loss': nan, 'var_conditional_gain_loss': nan, 'conditional_pair_MSE': nan, 'conditional_shuffle_MSE': nan, 'conditional_gain_mean': nan, 'conditional_positive_ratio': nan, 'h_anchor_loss': nan, 'future_var_loss': nan, 'future_var_cosine': nan, 'future_var_l2': nan, 'future_var_pred_norm': nan, 'future_var_target_norm': nan, 'gate/mean': nan, 'gate/std': nan, 'gate/positive_ratio': nan, 'gate/negative_ratio': nan, 'gate/abs_mean': nan, 'gate/near_zero_ratio': nan, 'stage': 3, 'epoch': 8}
A2 complementary_gate classification stage 1 epoch 3 {'loss': 0.7044511425772501, 'var_predictive_loss': 0.44533893810724146, 'var_utility_loss': 4.3577560768223644e-07, 'var_conditional_gain_loss': 0.0005284044143266395, 'conditional_pair_MSE': 0.4453231586599324, 'conditional_shuffle_MSE': 1.1308214550500513, 'conditional_gain_mean': 0.6854982964768106, 'conditional_positive_ratio': 0.9851262349066959, 'h_anchor_loss': nan, 'future_var_loss': nan, 'future_var_cosine': nan, 'future_var_l2': nan, 'future_var_pred_norm': nan, 'future_var_target_norm': nan, 'gate/mean': -0.6888303212773791, 'gate/std': 0.28603180596887323, 'gate/positive_ratio': 0.03373094076163923, 'gate/negative_ratio': 0.9662690590157421, 'gate/abs_mean': 0.701485499138043, 'gate/near_zero_ratio': 0.030073374184496248, 'stage': 1, 'epoch': 3}
A0 complementary_gate classification stage 4 epoch 9 {'loss': 0.3493963347475227, 'var_predictive_loss': nan, 'var_utility_loss': nan, 'var_conditional_gain_loss': nan, 'conditional_pair_MSE': nan, 'conditional_shuffle_MSE': nan, 'conditional_gain_mean': nan, 'conditional_positive_ratio': nan, 'h_anchor_loss': nan, 'future_var_loss': nan, 'future_var_cosine': nan, 'future_var_l2': nan, 'future_var_pred_norm': nan, 'future_var_target_norm': nan, 'gate/mean': nan, 'gate/std': nan, 'gate/positive_ratio': nan, 'gate/negative_ratio': nan, 'gate/abs_mean': nan, 'gate/near_zero_ratio': nan, 'stage': 4, 'epoch': 9}
A2 complementary_gate classification stage 1 epoch 4 {'loss': 0.6992427545278296, 'var_predictive_loss': 0.43061017415128955, 'var_utility_loss': 2.0425597401498016e-07, 'var_conditional_gain_loss': 0.0003335034660790545, 'conditional_pair_MSE': 0.43048904370905017, 'conditional_shuffle_MSE': 1.1900875256594134, 'conditional_gain_mean': 0.7595984818309578, 'conditional_positive_ratio': 0.9895170142700329, 'h_anchor_loss': nan, 'future_var_loss': nan, 'future_var_cosine': nan, 'future_var_l2': nan, 'future_var_pred_norm': nan, 'future_var_target_norm': nan, 'gate/mean': -0.7437957559974073, 'gate/std': 0.27572292747566174, 'gate/positive_ratio': 0.02720501787137086, 'gate/negative_ratio': 0.9727949818781831, 'gate/abs_mean': 0.7543073148085986, 'gate/near_zero_ratio': 0.023600251762366756, 'stage': 1, 'epoch': 4}
A2 STAGE 2 EIIL {'update': 2, 'source_split': 'TRAIN only', 'mean_q_change': 9.370112820761278e-05, 'environment_mass': [0.3342418074607849, 0.3315173089504242, 0.3342408239841461], 'min_environment_mass': 0.3315173089504242, 'environment_risk': [0.20430898666381836, 0.20430894196033478, 0.20430900156497955], 'probe_gradients': [[0.005467839539051056, -0.05609899014234543], [0.005467225797474384, -0.05610007792711258], [0.005463769659399986, -0.05610791593790054]], 'gradient_disagreement': 5.7057667618432006e-11, 'D_within_grad': 0.2529568374156952, 'D_between_grad': 0.252956748008728, 'gradient_separation': 0.9999996423721313, 'random_partition_repeats': 100, 'conflict_ours': 5.7057667618432006e-11, 'random_partition_conflict_mean': 5.787422068816682e-15, 'random_partition_conflict_std': 5.8864414909001305e-15, 'random_partition_z_score': 57.0518798828125, 'environment_similarity_correlation': 0.6293918270512663, 'hungarian_permutation': [0, 1, 2], 'alignment_overlap_before': 0.33333829045295715, 'alignment_overlap_after': 0.33333829045295715, 'environment_matching_requested': 'overlap', 'environment_matching_used': 'overlap', 'h_prediction_MSE': 0.20430894196033478, 'h_prediction_MAE': 0.29858121275901794, 'h_prediction_drift_from_pretrained': 0.025355327874422073, 'h_prediction_corr_with_pretrained': 0.9845849567947121, 'H_norm': 0.6165982484817505, 'H_norm_ratio_to_pretrained': 0.9653894305229187, 'stage': 2, 'environment_prediction_source': 'H -> frozen pretrained forecast head', 'env_assignment_similarity_to_previous': 0.6293918270512663}
A2 complementary_gate classification stage 2 epoch 5 {'loss': 0.6953075623779155, 'var_predictive_loss': 0.42223772259398024, 'var_utility_loss': 1.2045107505452606e-07, 'var_conditional_gain_loss': 0.00030006805085193704, 'conditional_pair_MSE': 0.4222310521231983, 'conditional_shuffle_MSE': 1.195294192430086, 'conditional_gain_mean': 0.7730631402430955, 'conditional_positive_ratio': 0.9905049396267838, 'h_anchor_loss': nan, 'future_var_loss': nan, 'future_var_cosine': nan, 'future_var_l2': nan, 'future_var_pred_norm': nan, 'future_var_target_norm': nan, 'gate/mean': -0.7778500063839682, 'gate/std': 0.26694502870046566, 'gate/positive_ratio': 0.02357889211536328, 'gate/negative_ratio': 0.9764211077733274, 'gate/abs_mean': 0.7872247103644745, 'gate/near_zero_ratio': 0.01985341104488153, 'stage': 2, 'epoch': 5}
A0 complementary_gate classification stage 4 epoch 10 {'loss': 0.34793686485418707, 'var_predictive_loss': nan, 'var_utility_loss': nan, 'var_conditional_gain_loss': nan, 'conditional_pair_MSE': nan, 'conditional_shuffle_MSE': nan, 'conditional_gain_mean': nan, 'conditional_positive_ratio': nan, 'h_anchor_loss': nan, 'future_var_loss': nan, 'future_var_cosine': nan, 'future_var_l2': nan, 'future_var_pred_norm': nan, 'future_var_target_norm': nan, 'gate/mean': nan, 'gate/std': nan, 'gate/positive_ratio': nan, 'gate/negative_ratio': nan, 'gate/abs_mean': nan, 'gate/near_zero_ratio': nan, 'stage': 4, 'epoch': 10}
A0 TEST 0.4896886646747589 0.3257748782634735
[Traffic] reuse verified A_current
[Traffic] reuse verified B_h_reference
[Traffic] run C_gradient_isolated on GPU 0
shared_reference source=loaded path=results/predictive_env_reference_all_datasets_k3/Traffic/shared_reference.pt sha256=5282efade28ebc38441c30eb23457a5266603248d59ad9368e078b7cc4639413
A2 complementary_gate classification stage 2 epoch 6 {'loss': 0.6918634108747695, 'var_predictive_loss': 0.4180317038998884, 'var_utility_loss': 9.53165700907155e-08, 'var_conditional_gain_loss': 0.0002959897518812236, 'conditional_pair_MSE': 0.41802926485955255, 'conditional_shuffle_MSE': 1.222735405876071, 'conditional_gain_mean': 0.8047061409052916, 'conditional_positive_ratio': 0.9911086717892426, 'h_anchor_loss': nan, 'future_var_loss': nan, 'future_var_cosine': nan, 'future_var_l2': nan, 'future_var_pred_norm': nan, 'future_var_target_norm': nan, 'gate/mean': -0.8000072536543434, 'gate/std': 0.2603676095601593, 'gate/positive_ratio': 0.021507547987194748, 'gate/negative_ratio': 0.9784924518180139, 'gate/abs_mean': 0.8089433136959354, 'gate/near_zero_ratio': 0.01725395226171249, 'stage': 2, 'epoch': 6}
A2 identity {'feature': 0.0}
A2 STAGE 3 EIIL {'update': 3, 'source_split': 'TRAIN only', 'mean_q_change': 1.5767409422551282e-05, 'environment_mass': [0.33424288034439087, 0.3315139412879944, 0.33424314856529236], 'min_environment_mass': 0.3315139412879944, 'environment_risk': [0.21107754111289978, 0.21107757091522217, 0.21107761561870575], 'probe_gradients': [[-0.035458896309137344, -0.01895490102469921], [-0.035456106066703796, -0.018948646262288094], [-0.035456154495477676, -0.018948795273900032]], 'gradient_disagreement': 3.0576596810050205e-11, 'D_within_grad': 0.25651416182518005, 'D_between_grad': 0.25651413202285767, 'gradient_separation': 0.9999998807907104, 'random_partition_repeats': 100, 'conflict_ours': 3.0576596810050205e-11, 'random_partition_conflict_mean': 2.10734216331992e-15, 'random_partition_conflict_std': 2.380414574086392e-15, 'random_partition_z_score': 30.574491500854492, 'environment_similarity_correlation': 0.2646803946088689, 'hungarian_permutation': [2, 1, 0], 'alignment_overlap_before': 0.33333832025527954, 'alignment_overlap_after': 0.33333835005760193, 'environment_matching_requested': 'overlap', 'environment_matching_used': 'overlap', 'h_prediction_MSE': 0.21107757091522217, 'h_prediction_MAE': 0.3077532947063446, 'h_prediction_drift_from_pretrained': 0.028096623718738556, 'h_prediction_corr_with_pretrained': 0.9815534196150085, 'H_norm': 0.6117388010025024, 'H_norm_ratio_to_pretrained': 0.9578707814216614, 'stage': 3, 'environment_prediction_source': 'H -> frozen pretrained forecast head', 'env_assignment_similarity_to_previous': 0.2646803946088689}
A2 STAGE 0 EIIL {'update': 0, 'source_split': 'TRAIN only', 'mean_q_change': 0.0026663171593099833, 'environment_mass': [0.3338172435760498, 0.333071768283844, 0.3331109881401062], 'min_environment_mass': 0.333071768283844, 'environment_risk': [0.31333696842193604, 0.313332200050354, 0.31333819031715393], 'probe_gradients': [[-0.02597889117896557, -0.01148335449397564], [-0.02596662938594818, -0.011460763402283192], [-0.025944020599126816, -0.011420738883316517]], 'gradient_disagreement': 2.6368336403237436e-09, 'D_within_grad': 0.281208336353302, 'D_between_grad': 0.281208336353302, 'gradient_separation': 1.0, 'random_partition_repeats': 100, 'conflict_ours': 2.6368336403237436e-09, 'random_partition_conflict_mean': 1.9830798114739423e-10, 'random_partition_conflict_std': 1.7658713380441782e-10, 'random_partition_z_score': 13.809191703796387, 'environment_similarity_correlation': 0.7514672714062035, 'hungarian_permutation': [0, 1, 2], 'alignment_overlap_before': 0.333342045545578, 'alignment_overlap_after': 0.333342045545578, 'environment_matching_requested': 'overlap', 'environment_matching_used': 'overlap', 'h_prediction_MSE': 0.31333574652671814, 'h_prediction_MAE': 0.30112963914871216, 'h_prediction_drift_from_pretrained': 2.073663201600847e-14, 'h_prediction_corr_with_pretrained': 0.9999999999998742, 'H_norm': 0.6241748332977295, 'H_norm_ratio_to_pretrained': 1.0, 'stage': 0, 'environment_prediction_source': 'H -> frozen pretrained forecast head', 'env_assignment_similarity_to_previous': 0.7514672714062035}
A2 complementary_gate classification stage 3 epoch 7 {'loss': 0.688915593201283, 'var_predictive_loss': 0.4100087776426896, 'var_utility_loss': 6.820101777488163e-08, 'var_conditional_gain_loss': 0.0002571872197312398, 'conditional_pair_MSE': 0.41002124375229215, 'conditional_shuffle_MSE': 1.2121208358232982, 'conditional_gain_mean': 0.8020995919180688, 'conditional_positive_ratio': 0.9921514818880351, 'h_anchor_loss': nan, 'future_var_loss': nan, 'future_var_cosine': nan, 'future_var_l2': nan, 'future_var_pred_norm': nan, 'future_var_target_norm': nan, 'gate/mean': -0.8162236078945722, 'gate/std': 0.25522168381570226, 'gate/positive_ratio': 0.020184838618782657, 'gate/negative_ratio': 0.9798151611585987, 'gate/abs_mean': 0.824981066115695, 'gate/near_zero_ratio': 0.015428498193269802, 'stage': 3, 'epoch': 7}
A2 complementary_gate classification stage 3 epoch 8 {'loss': 0.686645923200357, 'var_predictive_loss': 0.4084554239060923, 'var_utility_loss': 5.2078651518003704e-08, 'var_conditional_gain_loss': 0.00024201000430319625, 'conditional_pair_MSE': 0.4084596720079428, 'conditional_shuffle_MSE': 1.2189988277108295, 'conditional_gain_mean': 0.8105391550592416, 'conditional_positive_ratio': 0.9907793633369923, 'h_anchor_loss': nan, 'future_var_loss': nan, 'future_var_cosine': nan, 'future_var_l2': nan, 'future_var_pred_norm': nan, 'future_var_target_norm': nan, 'gate/mean': -0.8288012921449913, 'gate/std': 0.2503809844053272, 'gate/positive_ratio': 0.019121577147469943, 'gate/negative_ratio': 0.9808784227412207, 'gate/abs_mean': 0.8374744660349158, 'gate/near_zero_ratio': 0.013850228378058809, 'stage': 3, 'epoch': 8}
A2 complementary_gate classification stage 0 epoch 1 {'loss': 0.951099066038187, 'var_predictive_loss': 0.964713483077618, 'var_utility_loss': 5.4094155527104705e-05, 'var_conditional_gain_loss': 0.00032014911100613526, 'conditional_pair_MSE': 0.9647264052145454, 'conditional_shuffle_MSE': 1.0218823614408843, 'conditional_gain_mean': 0.05715595622633878, 'conditional_positive_ratio': 0.9702183984116479, 'h_anchor_loss': nan, 'future_var_loss': nan, 'future_var_cosine': nan, 'future_var_l2': nan, 'future_var_pred_norm': nan, 'future_var_target_norm': nan, 'gate/mean': -0.1561322555456601, 'gate/std': 0.23763827194152767, 'gate/positive_ratio': 0.288702708557966, 'gate/negative_ratio': 0.711297290614231, 'gate/abs_mean': 0.2107806309336238, 'gate/near_zero_ratio': 0.3826615979087985, 'stage': 0, 'epoch': 1}
A2 STAGE 4 EIIL {'update': 4, 'source_split': 'TRAIN only', 'mean_q_change': 3.3139274364657467e-06, 'environment_mass': [0.3342421054840088, 0.3315158188343048, 0.3342420756816864], 'min_environment_mass': 0.3315158188343048, 'environment_risk': [0.22278161346912384, 0.22278141975402832, 0.22278143465518951], 'probe_gradients': [[-0.04862223193049431, -0.03881300985813141], [-0.04862026125192642, -0.03880763426423073], [-0.04862062260508537, -0.038808587938547134]], 'gradient_disagreement': 1.8654650740801415e-11, 'D_within_grad': 0.2677452266216278, 'D_between_grad': 0.26774513721466064, 'gradient_separation': 0.9999996423721313, 'random_partition_repeats': 100, 'conflict_ours': 1.8654650740801415e-11, 'random_partition_conflict_mean': 1.6075103504857623e-15, 'random_partition_conflict_std': 1.2943461762598496e-15, 'random_partition_z_score': 18.65304183959961, 'environment_similarity_correlation': 0.32506195683858885, 'hungarian_permutation': [0, 1, 2], 'alignment_overlap_before': 0.33333826065063477, 'alignment_overlap_after': 0.33333826065063477, 'environment_matching_requested': 'overlap', 'environment_matching_used': 'overlap', 'h_prediction_MSE': 0.2227814644575119, 'h_prediction_MAE': 0.31880050897598267, 'h_prediction_drift_from_pretrained': 0.03567775338888168, 'h_prediction_corr_with_pretrained': 0.9766625458055479, 'H_norm': 0.6169643402099609, 'H_norm_ratio_to_pretrained': 0.965925931930542, 'stage': 4, 'environment_prediction_source': 'H -> frozen pretrained forecast head', 'env_assignment_similarity_to_previous': 0.32506195683858885}
A2 complementary_gate classification stage 4 epoch 9 {'loss': 0.6844287951516937, 'var_predictive_loss': 0.4025230582172249, 'var_utility_loss': 4.0730997258417164e-08, 'var_conditional_gain_loss': 0.00021269523776846843, 'conditional_pair_MSE': 0.40253169951484047, 'conditional_shuffle_MSE': 1.2206348057521423, 'conditional_gain_mean': 0.8181031063133616, 'conditional_positive_ratio': 0.992371020856202, 'h_anchor_loss': nan, 'future_var_loss': nan, 'future_var_cosine': nan, 'future_var_l2': nan, 'future_var_pred_norm': nan, 'future_var_target_norm': nan, 'gate/mean': -0.8385100655635837, 'gate/std': 0.24698946428195068, 'gate/positive_ratio': 0.018550349079974833, 'gate/negative_ratio': 0.9814496508087158, 'gate/abs_mean': 0.8472647434030252, 'gate/near_zero_ratio': 0.012760030968729354, 'stage': 4, 'epoch': 9}
A2 complementary_gate classification stage 0 epoch 2 {'loss': 0.9332415326751886, 'var_predictive_loss': 0.9288671371954547, 'var_utility_loss': 1.6522069792750543e-06, 'var_conditional_gain_loss': 0.00027378981601395094, 'conditional_pair_MSE': 0.9288296450858949, 'conditional_shuffle_MSE': 1.0141052215956128, 'conditional_gain_mean': 0.08527557650971776, 'conditional_positive_ratio': 0.9807246856386499, 'h_anchor_loss': nan, 'future_var_loss': nan, 'future_var_cosine': nan, 'future_var_l2': nan, 'future_var_pred_norm': nan, 'future_var_target_norm': nan, 'gate/mean': -0.4852750184888592, 'gate/std': 0.2789089383521691, 'gate/positive_ratio': 0.05731072205236862, 'gate/negative_ratio': 0.942689277604015, 'gate/abs_mean': 0.501905007405686, 'gate/near_zero_ratio': 0.06962944918883589, 'stage': 0, 'epoch': 2}
A2 STAGE 1 EIIL {'update': 1, 'source_split': 'TRAIN only', 'mean_q_change': 0.00265210447832942, 'environment_mass': [0.334377646446228, 0.33421996235847473, 0.33140242099761963], 'min_environment_mass': 0.33140242099761963, 'environment_risk': [0.32790952920913696, 0.3279110789299011, 0.3279080390930176], 'probe_gradients': [[0.32244768738746643, -0.11797456443309784], [0.3224738836288452, -0.11794467270374298], [0.32242852449417114, -0.11799664050340652]], 'gradient_disagreement': 2.3974768836865223e-09, 'D_within_grad': 0.29065608978271484, 'D_between_grad': 0.29065603017807007, 'gradient_separation': 0.9999998211860657, 'random_partition_repeats': 100, 'conflict_ours': 2.3974768836865223e-09, 'random_partition_conflict_mean': 7.216830757127146e-13, 'random_partition_conflict_std': 7.061659742201021e-13, 'random_partition_z_score': 2396.755126953125, 'environment_similarity_correlation': -0.18565209885107192, 'hungarian_permutation': [1, 2, 0], 'alignment_overlap_before': 0.333331823348999, 'alignment_overlap_after': 0.3333340883255005, 'environment_matching_requested': 'overlap', 'environment_matching_used': 'overlap', 'h_prediction_MSE': 0.32790952920913696, 'h_prediction_MAE': 0.3387014865875244, 'h_prediction_drift_from_pretrained': 0.06214899197220802, 'h_prediction_corr_with_pretrained': 0.9840147531525469, 'H_norm': 0.6000022292137146, 'H_norm_ratio_to_pretrained': 0.961201012134552, 'stage': 1, 'environment_prediction_source': 'H -> frozen pretrained forecast head', 'env_assignment_similarity_to_previous': -0.18565209885107192}
A2 complementary_gate classification stage 4 epoch 10 {'loss': 0.6825247140596371, 'var_predictive_loss': 0.3956170845727736, 'var_utility_loss': 3.3924468146001696e-08, 'var_conditional_gain_loss': 0.00022285507192465137, 'conditional_pair_MSE': 0.395612815520537, 'conditional_shuffle_MSE': 1.2144102230839815, 'conditional_gain_mean': 0.8187974076992071, 'conditional_positive_ratio': 0.9935784851811197, 'h_anchor_loss': nan, 'future_var_loss': nan, 'future_var_cosine': nan, 'future_var_l2': nan, 'future_var_pred_norm': nan, 'future_var_target_norm': nan, 'gate/mean': -0.8469674845495947, 'gate/std': 0.24399741455114618, 'gate/positive_ratio': 0.018099932868723585, 'gate/negative_ratio': 0.9819000670199671, 'gate/abs_mean': 0.8558761000078235, 'gate/near_zero_ratio': 0.011775971340545522, 'stage': 4, 'epoch': 10}
A2 TEST 0.17620548605918884 0.277798056602478
[Electricity] run D_isolated_rms on GPU 1
shared_reference source=loaded path=results/predictive_env_reference_all_datasets_k3/Electricity/shared_reference.pt sha256=90d283a82a16114d5dfa0181fe932d474f565b6f2e819bc0b1ca7c4d285d84f5
A2 identity {'feature': 0.0}
A2 STAGE 0 EIIL {'update': 0, 'source_split': 'TRAIN only', 'mean_q_change': 0.003753482596948743, 'environment_mass': [0.33419689536094666, 0.33152416348457336, 0.33427900075912476], 'min_environment_mass': 0.33152416348457336, 'environment_risk': [0.19046533107757568, 0.1904667317867279, 0.19046437740325928], 'probe_gradients': [[-0.04293499141931534, 0.006216701585799456], [-0.04293226823210716, 0.006233322434127331], [-0.042924925684928894, 0.006238420028239489]], 'gradient_disagreement': 3.12192188767213e-10, 'D_within_grad': 0.24549420177936554, 'D_between_grad': 0.24549412727355957, 'gradient_separation': 0.9999997019767761, 'random_partition_repeats': 100, 'conflict_ours': 3.12192188767213e-10, 'random_partition_conflict_mean': 6.081386783041154e-11, 'random_partition_conflict_std': 6.263058127675691e-11, 'random_partition_z_score': 4.013667106628418, 'environment_similarity_correlation': 0.2848494883681109, 'hungarian_permutation': [0, 1, 2], 'alignment_overlap_before': 0.3333396315574646, 'alignment_overlap_after': 0.3333396315574646, 'environment_matching_requested': 'overlap', 'environment_matching_used': 'overlap', 'h_prediction_MSE': 0.19046546518802643, 'h_prediction_MAE': 0.285060852766037, 'h_prediction_drift_from_pretrained': 1.3024087864232318e-14, 'h_prediction_corr_with_pretrained': 0.9999999999999769, 'H_norm': 0.6387487649917603, 'H_norm_ratio_to_pretrained': 1.0, 'stage': 0, 'environment_prediction_source': 'H -> frozen pretrained forecast head', 'env_assignment_similarity_to_previous': 0.2848494883681109}
A2 complementary_gate classification stage 1 epoch 3 {'loss': 0.9225685559490479, 'var_predictive_loss': 0.8808620844378365, 'var_utility_loss': 5.61986788520295e-07, 'var_conditional_gain_loss': 0.00043256204109330746, 'conditional_pair_MSE': 0.8808261416211458, 'conditional_shuffle_MSE': 1.0091670884015465, 'conditional_gain_mean': 0.1283409467804006, 'conditional_positive_ratio': 0.976257445400397, 'h_anchor_loss': nan, 'future_var_loss': nan, 'future_var_cosine': nan, 'future_var_l2': nan, 'future_var_pred_norm': nan, 'future_var_target_norm': nan, 'gate/mean': -0.6221132340917475, 'gate/std': 0.2760778795423471, 'gate/positive_ratio': 0.033755774309209466, 'gate/negative_ratio': 0.9662442253003174, 'gate/abs_mean': 0.6337094582610987, 'gate/near_zero_ratio': 0.03549550670981636, 'stage': 1, 'epoch': 3}
A2 complementary_gate classification stage 0 epoch 1 {'loss': 1.2515494420771227, 'var_predictive_loss': 0.7964212070100657, 'var_utility_loss': 9.836328760398545e-06, 'var_conditional_gain_loss': 0.0008329924944334313, 'conditional_pair_MSE': 0.7963034237697149, 'conditional_shuffle_MSE': 0.9107450050658635, 'conditional_gain_mean': 0.1144415813010558, 'conditional_positive_ratio': 0.9570801317233809, 'h_anchor_loss': nan, 'future_var_loss': nan, 'future_var_cosine': nan, 'future_var_l2': nan, 'future_var_pred_norm': nan, 'future_var_target_norm': nan, 'gate/mean': -0.7450745664204331, 'gate/std': 0.38280127853168233, 'gate/positive_ratio': 0.07129211582605652, 'gate/negative_ratio': 0.9287078837008789, 'gate/abs_mean': 0.7641076466635599, 'gate/near_zero_ratio': 0.08523217742336284, 'stage': 0, 'epoch': 1}
A2 complementary_gate classification stage 0 epoch 2 {'loss': 1.3951776963090352, 'var_predictive_loss': 0.6839353061748032, 'var_utility_loss': 0.0, 'var_conditional_gain_loss': 0.0014378939711301702, 'conditional_pair_MSE': 0.6839172816433576, 'conditional_shuffle_MSE': 1.037522064435626, 'conditional_gain_mean': 0.35360478270557655, 'conditional_positive_ratio': 0.9614709110867179, 'h_anchor_loss': nan, 'future_var_loss': nan, 'future_var_cosine': nan, 'future_var_l2': nan, 'future_var_pred_norm': nan, 'future_var_target_norm': nan, 'gate/mean': -0.9977206503752054, 'gate/std': 0.030197695334566968, 'gate/positive_ratio': 0.0002079402310998122, 'gate/negative_ratio': 0.9997920597689002, 'gate/abs_mean': 0.9978549480238631, 'gate/near_zero_ratio': 9.765818121676499e-05, 'stage': 0, 'epoch': 2}
A2 STAGE 1 EIIL {'update': 1, 'source_split': 'TRAIN only', 'mean_q_change': 0.0013254147488623857, 'environment_mass': [0.334248811006546, 0.33151140809059143, 0.3342398405075073], 'min_environment_mass': 0.33151140809059143, 'environment_risk': [0.8477907180786133, 0.8477907180786133, 0.8477885127067566], 'probe_gradients': [[0.2949386239051819, 0.057727258652448654], [0.29493704438209534, 0.05772504583001137], [0.29492998123168945, 0.05771303549408913]], 'gradient_disagreement': 1.595072546267673e-10, 'D_within_grad': 0.3187214136123657, 'D_between_grad': 0.3187214732170105, 'gradient_separation': 1.000000238418579, 'random_partition_repeats': 100, 'conflict_ours': 1.595072546267673e-10, 'random_partition_conflict_mean': 4.341890074473914e-13, 'random_partition_conflict_std': 3.6669940087913355e-13, 'random_partition_z_score': 159.07305908203125, 'environment_similarity_correlation': 0.9151881243597301, 'hungarian_permutation': [2, 1, 0], 'alignment_overlap_before': 0.3333383798599243, 'alignment_overlap_after': 0.3333384096622467, 'environment_matching_requested': 'overlap', 'environment_matching_used': 'overlap', 'h_prediction_MSE': 0.8477901220321655, 'h_prediction_MAE': 0.7451590895652771, 'h_prediction_drift_from_pretrained': 0.5970420241355896, 'h_prediction_corr_with_pretrained': 0.5236915345103753, 'H_norm': 0.5786311030387878, 'H_norm_ratio_to_pretrained': 0.9068900346755981, 'stage': 1, 'environment_prediction_source': 'H -> frozen pretrained forecast head', 'env_assignment_similarity_to_previous': 0.9151881243597301}
A2 complementary_gate classification stage 1 epoch 4 {'loss': 0.9145742319653702, 'var_predictive_loss': 0.8167868521412707, 'var_utility_loss': 3.0072826584448806e-07, 'var_conditional_gain_loss': 0.0007143389584014623, 'conditional_pair_MSE': 0.8167653916777167, 'conditional_shuffle_MSE': 1.0099119086910722, 'conditional_gain_mean': 0.19314651701335556, 'conditional_positive_ratio': 0.974602911978822, 'h_anchor_loss': nan, 'future_var_loss': nan, 'future_var_cosine': nan, 'future_var_l2': nan, 'future_var_pred_norm': nan, 'future_var_target_norm': nan, 'gate/mean': -0.693253180555899, 'gate/std': 0.268875117204449, 'gate/positive_ratio': 0.026635733679871355, 'gate/negative_ratio': 0.9733642659921312, 'gate/abs_mean': 0.7035177873433791, 'gate/near_zero_ratio': 0.02482973516138815, 'stage': 1, 'epoch': 4}
A2 STAGE 2 EIIL {'update': 2, 'source_split': 'TRAIN only', 'mean_q_change': 0.0001610236067790538, 'environment_mass': [0.33432096242904663, 0.3343243896961212, 0.33135467767715454], 'min_environment_mass': 0.33135467767715454, 'environment_risk': [0.32575711607933044, 0.32575780153274536, 0.325758695602417], 'probe_gradients': [[0.2166573405265808, -0.17117555439472198], [0.2166377156972885, -0.1712004542350769], [0.21661627292633057, -0.17122812569141388]], 'gradient_disagreement': 2.2269754929027386e-09, 'D_within_grad': 0.2851921319961548, 'D_between_grad': 0.28519207239151, 'gradient_separation': 0.9999997615814209, 'random_partition_repeats': 100, 'conflict_ours': 2.2269754929027386e-09, 'random_partition_conflict_mean': 2.1865620208547099e-13, 'random_partition_conflict_std': 2.840836290166071e-13, 'random_partition_z_score': 2226.7568359375, 'environment_similarity_correlation': 0.8249599000428556, 'hungarian_permutation': [1, 0, 2], 'alignment_overlap_before': 0.33333900570869446, 'alignment_overlap_after': 0.33333906531333923, 'environment_matching_requested': 'overlap', 'environment_matching_used': 'overlap', 'h_prediction_MSE': 0.32575786113739014, 'h_prediction_MAE': 0.3308817744255066, 'h_prediction_drift_from_pretrained': 0.05884011462330818, 'h_prediction_corr_with_pretrained': 0.9763086182135734, 'H_norm': 0.5951749086380005, 'H_norm_ratio_to_pretrained': 0.9535072445869446, 'stage': 2, 'environment_prediction_source': 'H -> frozen pretrained forecast head', 'env_assignment_similarity_to_previous': 0.8249599000428556}
A2 complementary_gate classification stage 1 epoch 3 {'loss': 1.387349904473148, 'var_predictive_loss': 0.6315715775364736, 'var_utility_loss': 0.0, 'var_conditional_gain_loss': 0.0013880355903136612, 'conditional_pair_MSE': 0.6315731678472916, 'conditional_shuffle_MSE': 1.0930071714435399, 'conditional_gain_mean': 0.4614340036355049, 'conditional_positive_ratio': 0.9671240395170143, 'h_anchor_loss': nan, 'future_var_loss': nan, 'future_var_cosine': nan, 'future_var_l2': nan, 'future_var_pred_norm': nan, 'future_var_target_norm': nan, 'gate/mean': -0.9987590941562359, 'gate/std': 0.02563044347426388, 'gate/positive_ratio': 0.00016432879286395607, 'gate/negative_ratio': 0.999835671207136, 'gate/abs_mean': 0.9988758584785014, 'gate/near_zero_ratio': 7.18517545615665e-05, 'stage': 1, 'epoch': 3}
A2 complementary_gate classification stage 1 epoch 4 {'loss': 1.3799257957432958, 'var_predictive_loss': 0.6519551702282008, 'var_utility_loss': 0.0, 'var_conditional_gain_loss': 0.0013965539315267661, 'conditional_pair_MSE': 0.6518658584480621, 'conditional_shuffle_MSE': 1.0868465106684866, 'conditional_gain_mean': 0.4349806523872652, 'conditional_positive_ratio': 0.9660812294182217, 'h_anchor_loss': nan, 'future_var_loss': nan, 'future_var_cosine': nan, 'future_var_l2': nan, 'future_var_pred_norm': nan, 'future_var_target_norm': nan, 'gate/mean': -0.9994037559481409, 'gate/std': 0.01774526369905466, 'gate/positive_ratio': 7.360877223507925e-05, 'gate/negative_ratio': 0.9999263912277649, 'gate/abs_mean': 0.999447890248011, 'gate/near_zero_ratio': 3.932076991052739e-05, 'stage': 1, 'epoch': 4}
A2 complementary_gate classification stage 2 epoch 5 {'loss': 0.9086449606937254, 'var_predictive_loss': 0.7661382877945012, 'var_utility_loss': 2.0108580572701188e-07, 'var_conditional_gain_loss': 0.0007726504836628407, 'conditional_pair_MSE': 0.7661331754022486, 'conditional_shuffle_MSE': 1.0178447422589354, 'conditional_gain_mean': 0.2517115668492906, 'conditional_positive_ratio': 0.9730311052283256, 'h_anchor_loss': nan, 'future_var_loss': nan, 'future_var_cosine': nan, 'future_var_l2': nan, 'future_var_pred_norm': nan, 'future_var_target_norm': nan, 'gate/mean': -0.7368594865964095, 'gate/std': 0.26288680459100905, 'gate/positive_ratio': 0.0236802137580735, 'gate/negative_ratio': 0.9763197858670722, 'gate/abs_mean': 0.7467386488331303, 'gate/near_zero_ratio': 0.020015212445329063, 'stage': 2, 'epoch': 5}
A2 STAGE 2 EIIL {'update': 2, 'source_split': 'TRAIN only', 'mean_q_change': 9.372444037580863e-05, 'environment_mass': [0.3342418074607849, 0.33151736855506897, 0.3342408239841461], 'min_environment_mass': 0.33151736855506897, 'environment_risk': [0.599651575088501, 0.5996513962745667, 0.5996493697166443], 'probe_gradients': [[-0.0021946465130895376, 0.07416553050279617], [-0.002195213455706835, 0.07416511327028275], [-0.0022022391203790903, 0.07415498793125153]], 'gradient_disagreement': 1.0705716174674862e-10, 'D_within_grad': 0.3252824544906616, 'D_between_grad': 0.32528236508369446, 'gradient_separation': 0.9999997019767761, 'random_partition_repeats': 100, 'conflict_ours': 1.0705716174674862e-10, 'random_partition_conflict_mean': 1.0524777392922208e-14, 'random_partition_conflict_std': 1.0905973559405691e-14, 'random_partition_z_score': 107.04663848876953, 'environment_similarity_correlation': 0.5649783916666731, 'hungarian_permutation': [0, 1, 2], 'alignment_overlap_before': 0.33333835005760193, 'alignment_overlap_after': 0.33333835005760193, 'environment_matching_requested': 'overlap', 'environment_matching_used': 'overlap', 'h_prediction_MSE': 0.5996508598327637, 'h_prediction_MAE': 0.6142507791519165, 'h_prediction_drift_from_pretrained': 0.35984018445014954, 'h_prediction_corr_with_pretrained': 0.7277347105162434, 'H_norm': 0.5971506834030151, 'H_norm_ratio_to_pretrained': 0.9359411001205444, 'stage': 2, 'environment_prediction_source': 'H -> frozen pretrained forecast head', 'env_assignment_similarity_to_previous': 0.5649783916666731}
A2 complementary_gate classification stage 2 epoch 5 {'loss': 1.3761357889560568, 'var_predictive_loss': 0.6374628020939438, 'var_utility_loss': 0.0, 'var_conditional_gain_loss': 0.0012520257224104931, 'conditional_pair_MSE': 0.6374680431185518, 'conditional_shuffle_MSE': 1.1146485830406718, 'conditional_gain_mean': 0.47718053971765856, 'conditional_positive_ratio': 0.9694840834248079, 'h_anchor_loss': nan, 'future_var_loss': nan, 'future_var_cosine': nan, 'future_var_l2': nan, 'future_var_pred_norm': nan, 'future_var_target_norm': nan, 'gate/mean': -0.9982675032835049, 'gate/std': 0.04899462281863543, 'gate/positive_ratio': 0.0007234696139420081, 'gate/negative_ratio': 0.999276530386058, 'gate/abs_mean': 0.9993060209634909, 'gate/near_zero_ratio': 7.50355073180484e-05, 'stage': 2, 'epoch': 5}
A2 complementary_gate classification stage 2 epoch 6 {'loss': 0.9037676781243387, 'var_predictive_loss': 0.7362093365419197, 'var_utility_loss': 1.8898002990844942e-07, 'var_conditional_gain_loss': 0.000783202889875258, 'conditional_pair_MSE': 0.7362046506462963, 'conditional_shuffle_MSE': 1.0189312742388186, 'conditional_gain_mean': 0.28272662359498774, 'conditional_positive_ratio': 0.9773328921244209, 'h_anchor_loss': nan, 'future_var_loss': nan, 'future_var_cosine': nan, 'future_var_l2': nan, 'future_var_pred_norm': nan, 'future_var_target_norm': nan, 'gate/mean': -0.7657422484612905, 'gate/std': 0.2583136299771458, 'gate/positive_ratio': 0.022095215192770506, 'gate/negative_ratio': 0.9779047845417078, 'gate/abs_mean': 0.7755185635145669, 'gate/near_zero_ratio': 0.017374417446321438, 'stage': 2, 'epoch': 6}
A2 complementary_gate classification stage 2 epoch 6 {'loss': 1.36280363722262, 'var_predictive_loss': 0.626981292152164, 'var_utility_loss': 0.0, 'var_conditional_gain_loss': 0.0011867996382922687, 'conditional_pair_MSE': 0.6269768081924395, 'conditional_shuffle_MSE': 1.1277551443071712, 'conditional_gain_mean': 0.5007783361310886, 'conditional_positive_ratio': 0.971953896816685, 'h_anchor_loss': nan, 'future_var_loss': nan, 'future_var_cosine': nan, 'future_var_l2': nan, 'future_var_pred_norm': nan, 'future_var_target_norm': nan, 'gate/mean': -0.9949119395492518, 'gate/std': 0.07860632790524645, 'gate/positive_ratio': 0.0019056360736481328, 'gate/negative_ratio': 0.9980943639263519, 'gate/abs_mean': 0.9974444969765458, 'gate/near_zero_ratio': 0.00024640475403830937, 'stage': 2, 'epoch': 6}
A2 STAGE 3 EIIL {'update': 3, 'source_split': 'TRAIN only', 'mean_q_change': 9.348514868179336e-05, 'environment_mass': [0.334306538105011, 0.3343064785003662, 0.3313869833946228], 'min_environment_mass': 0.3313869833946228, 'environment_risk': [0.33275967836380005, 0.3327594995498657, 0.3327597677707672], 'probe_gradients': [[0.20441219210624695, -0.13394781947135925], [0.20444801449775696, -0.13390260934829712], [0.2043723464012146, -0.13399818539619446]], 'gradient_disagreement': 7.4373489589163455e-09, 'D_within_grad': 0.3111896812915802, 'D_between_grad': 0.31118959188461304, 'gradient_separation': 0.9999997019767761, 'random_partition_repeats': 100, 'conflict_ours': 7.4373489589163455e-09, 'random_partition_conflict_mean': 5.969047413463546e-13, 'random_partition_conflict_std': 6.208047314062992e-13, 'random_partition_z_score': 7436.751953125, 'environment_similarity_correlation': 0.9578624684660757, 'hungarian_permutation': [1, 0, 2], 'alignment_overlap_before': 0.33333906531333923, 'alignment_overlap_after': 0.333339124917984, 'environment_matching_requested': 'overlap', 'environment_matching_used': 'overlap', 'h_prediction_MSE': 0.3327596187591553, 'h_prediction_MAE': 0.33585986495018005, 'h_prediction_drift_from_pretrained': 0.05960400402545929, 'h_prediction_corr_with_pretrained': 0.9724142719583108, 'H_norm': 0.6017253398895264, 'H_norm_ratio_to_pretrained': 0.9636611938476562, 'stage': 3, 'environment_prediction_source': 'H -> frozen pretrained forecast head', 'env_assignment_similarity_to_previous': 0.9578624684660757}
A2 STAGE 3 EIIL {'update': 3, 'source_split': 'TRAIN only', 'mean_q_change': 1.8902110241469927e-05, 'environment_mass': [0.33424296975135803, 0.3315138816833496, 0.33424314856529236], 'min_environment_mass': 0.3315138816833496, 'environment_risk': [0.6074012517929077, 0.6074000597000122, 0.6074002385139465], 'probe_gradients': [[-0.06326127797365189, 0.011078950017690659], [-0.06325829774141312, 0.011088456958532333], [-0.06325847655534744, 0.011087622493505478]], 'gradient_disagreement': 6.101726068852287e-11, 'D_within_grad': 0.2725071310997009, 'D_between_grad': 0.27250707149505615, 'gradient_separation': 0.9999997615814209, 'random_partition_repeats': 100, 'conflict_ours': 6.101726068852287e-11, 'random_partition_conflict_mean': 4.261272832804721e-15, 'random_partition_conflict_std': 4.56682599248308e-15, 'random_partition_z_score': 61.01300048828125, 'environment_similarity_correlation': 0.3794859334113444, 'hungarian_permutation': [2, 1, 0], 'alignment_overlap_before': 0.33333829045295715, 'alignment_overlap_after': 0.33333832025527954, 'environment_matching_requested': 'overlap', 'environment_matching_used': 'overlap', 'h_prediction_MSE': 0.6074004769325256, 'h_prediction_MAE': 0.6247410774230957, 'h_prediction_drift_from_pretrained': 0.3597220778465271, 'h_prediction_corr_with_pretrained': 0.7308993020441318, 'H_norm': 0.5842938423156738, 'H_norm_ratio_to_pretrained': 0.9154235124588013, 'stage': 3, 'environment_prediction_source': 'H -> frozen pretrained forecast head', 'env_assignment_similarity_to_previous': 0.3794859334113444}
A2 complementary_gate classification stage 3 epoch 7 {'loss': 1.3534570118907883, 'var_predictive_loss': 0.62266615073706, 'var_utility_loss': 0.0, 'var_conditional_gain_loss': 0.0011465499351367469, 'conditional_pair_MSE': 0.6226849930117604, 'conditional_shuffle_MSE': 1.1323475689350184, 'conditional_gain_mean': 0.5096625759805073, 'conditional_positive_ratio': 0.9704720087815587, 'h_anchor_loss': nan, 'future_var_loss': nan, 'future_var_cosine': nan, 'future_var_l2': nan, 'future_var_pred_norm': nan, 'future_var_target_norm': nan, 'gate/mean': -0.9936298525880671, 'gate/std': 0.08157627103120504, 'gate/positive_ratio': 0.0021105693111973887, 'gate/negative_ratio': 0.9978894306609752, 'gate/abs_mean': 0.996168980187325, 'gate/near_zero_ratio': 0.00032219056967962235, 'stage': 3, 'epoch': 7}
A2 complementary_gate classification stage 3 epoch 7 {'loss': 0.899586436776113, 'var_predictive_loss': 0.7138165172710214, 'var_utility_loss': 1.657795734925509e-07, 'var_conditional_gain_loss': 0.0007765919936563226, 'conditional_pair_MSE': 0.7138269571692225, 'conditional_shuffle_MSE': 1.0144600830343506, 'conditional_gain_mean': 0.30063312587005897, 'conditional_positive_ratio': 0.9770019854401059, 'h_anchor_loss': nan, 'future_var_loss': nan, 'future_var_cosine': nan, 'future_var_l2': nan, 'future_var_pred_norm': nan, 'future_var_target_norm': nan, 'gate/mean': -0.7872277573562244, 'gate/std': 0.2539390140984375, 'gate/positive_ratio': 0.020851967460999328, 'gate/negative_ratio': 0.9791480322734789, 'gate/abs_mean': 0.7968985909029623, 'gate/near_zero_ratio': 0.015547372910098821, 'stage': 3, 'epoch': 7}
A2 complementary_gate classification stage 3 epoch 8 {'loss': 1.3576466594745027, 'var_predictive_loss': 0.6024039254521361, 'var_utility_loss': 0.0, 'var_conditional_gain_loss': 0.001008159028515465, 'conditional_pair_MSE': 0.6024066182836874, 'conditional_shuffle_MSE': 1.141033329817126, 'conditional_gain_mean': 0.5386267114598324, 'conditional_positive_ratio': 0.9764544456641053, 'h_anchor_loss': nan, 'future_var_loss': nan, 'future_var_cosine': nan, 'future_var_l2': nan, 'future_var_pred_norm': nan, 'future_var_target_norm': nan, 'gate/mean': -0.9954310349280246, 'gate/std': 0.06777998276587424, 'gate/positive_ratio': 0.0014396835574504712, 'gate/negative_ratio': 0.9985603164425495, 'gate/abs_mean': 0.997170146312386, 'gate/near_zero_ratio': 0.00022393866453061047, 'stage': 3, 'epoch': 8}
A2 STAGE 4 EIIL {'update': 4, 'source_split': 'TRAIN only', 'mean_q_change': 1.356656775897136e-05, 'environment_mass': [0.3342420756816864, 0.33151593804359436, 0.334242045879364], 'min_environment_mass': 0.33151593804359436, 'environment_risk': [0.5442020893096924, 0.5442019701004028, 0.5442029237747192], 'probe_gradients': [[-0.08284240961074829, -0.010412539355456829], [-0.08284182846546173, -0.010410580784082413], [-0.0828445702791214, -0.010419663973152637]], 'gradient_disagreement': 4.987475363260607e-11, 'D_within_grad': 0.27942603826522827, 'D_between_grad': 0.2794259488582611, 'gradient_separation': 0.9999997019767761, 'random_partition_repeats': 100, 'conflict_ours': 4.987475363260607e-11, 'random_partition_conflict_mean': 3.992390694028316e-15, 'random_partition_conflict_std': 3.755677596039208e-15, 'random_partition_z_score': 49.87076187133789, 'environment_similarity_correlation': 0.5129893561368617, 'hungarian_permutation': [2, 1, 0], 'alignment_overlap_before': 0.33333829045295715, 'alignment_overlap_after': 0.33333829045295715, 'environment_matching_requested': 'overlap', 'environment_matching_used': 'overlap', 'h_prediction_MSE': 0.5442023277282715, 'h_prediction_MAE': 0.5787851810455322, 'h_prediction_drift_from_pretrained': 0.3043043315410614, 'h_prediction_corr_with_pretrained': 0.7797661185135771, 'H_norm': 0.5791671276092529, 'H_norm_ratio_to_pretrained': 0.9071305990219116, 'stage': 4, 'environment_prediction_source': 'H -> frozen pretrained forecast head', 'env_assignment_similarity_to_previous': 0.5129893561368617}
A2 complementary_gate classification stage 4 epoch 9 {'loss': 1.3604532977904638, 'var_predictive_loss': 0.5577950335849368, 'var_utility_loss': 0.0, 'var_conditional_gain_loss': 0.0009201309372774202, 'conditional_pair_MSE': 0.5577802114851127, 'conditional_shuffle_MSE': 1.2222351574887953, 'conditional_gain_mean': 0.6644549461329022, 'conditional_positive_ratio': 0.978430296377607, 'h_anchor_loss': nan, 'future_var_loss': nan, 'future_var_cosine': nan, 'future_var_l2': nan, 'future_var_pred_norm': nan, 'future_var_target_norm': nan, 'gate/mean': -0.9969496508696021, 'gate/std': 0.055296318165092076, 'gate/positive_ratio': 0.0009534663997205505, 'gate/negative_ratio': 0.9990465336002794, 'gate/abs_mean': 0.998096866994767, 'gate/near_zero_ratio': 0.00015456643646224446, 'stage': 4, 'epoch': 9}
A2 complementary_gate classification stage 3 epoch 8 {'loss': 0.8963003253029633, 'var_predictive_loss': 0.700157585525631, 'var_utility_loss': 1.4810616452732942e-07, 'var_conditional_gain_loss': 0.0007133228244527454, 'conditional_pair_MSE': 0.7001514139589512, 'conditional_shuffle_MSE': 1.0132687829106968, 'conditional_gain_mean': 0.3131173689357202, 'conditional_positive_ratio': 0.9794837855724685, 'h_anchor_loss': nan, 'future_var_loss': nan, 'future_var_cosine': nan, 'future_var_l2': nan, 'future_var_pred_norm': nan, 'future_var_target_norm': nan, 'gate/mean': -0.8029281477301097, 'gate/std': 0.2503961861495164, 'gate/positive_ratio': 0.02000052008147575, 'gate/negative_ratio': 0.9799994796842404, 'gate/abs_mean': 0.8125519293188589, 'gate/near_zero_ratio': 0.01428733841029676, 'stage': 3, 'epoch': 8}
A2 STAGE 4 EIIL {'update': 4, 'source_split': 'TRAIN only', 'mean_q_change': 0.00014224661572370678, 'environment_mass': [0.33431825041770935, 0.3343181908130646, 0.33136358857154846], 'min_environment_mass': 0.33136358857154846, 'environment_risk': [0.3353077173233032, 0.3353132903575897, 0.3353193402290344], 'probe_gradients': [[0.12250830233097076, -0.15242049098014832], [0.12244827300310135, -0.15250703692436218], [0.12238340824842453, -0.15260031819343567]], 'gradient_disagreement': 2.397963783096202e-08, 'D_within_grad': 0.318916916847229, 'D_between_grad': 0.3189167082309723, 'gradient_separation': 0.9999993443489075, 'random_partition_repeats': 100, 'conflict_ours': 2.397963783096202e-08, 'random_partition_conflict_mean': 2.487935205075509e-12, 'random_partition_conflict_std': 3.0370909780141897e-12, 'random_partition_z_score': 7894.77490234375, 'environment_similarity_correlation': 0.9865133401076519, 'hungarian_permutation': [1, 0, 2], 'alignment_overlap_before': 0.3333390951156616, 'alignment_overlap_after': 0.333339124917984, 'environment_matching_requested': 'overlap', 'environment_matching_used': 'overlap', 'h_prediction_MSE': 0.33531343936920166, 'h_prediction_MAE': 0.33245137333869934, 'h_prediction_drift_from_pretrained': 0.0584653839468956, 'h_prediction_corr_with_pretrained': 0.9663451804187239, 'H_norm': 0.5893660187721252, 'H_norm_ratio_to_pretrained': 0.944272518157959, 'stage': 4, 'environment_prediction_source': 'H -> frozen pretrained forecast head', 'env_assignment_similarity_to_previous': 0.9865133401076519}
A2 complementary_gate classification stage 4 epoch 10 {'loss': 1.3598517453963554, 'var_predictive_loss': 0.5602448388502407, 'var_utility_loss': 0.0, 'var_conditional_gain_loss': 0.0009224210363842391, 'conditional_pair_MSE': 0.560219795885777, 'conditional_shuffle_MSE': 1.2011254086321717, 'conditional_gain_mean': 0.6409056129704847, 'conditional_positive_ratio': 0.9799670691547749, 'h_anchor_loss': nan, 'future_var_loss': nan, 'future_var_cosine': nan, 'future_var_l2': nan, 'future_var_pred_norm': nan, 'future_var_target_norm': nan, 'gate/mean': -0.9968936975300872, 'gate/std': 0.05880876194965293, 'gate/positive_ratio': 0.001108180905410555, 'gate/negative_ratio': 0.9988918190945895, 'gate/abs_mean': 0.9982510680792449, 'gate/near_zero_ratio': 0.00016433739150920653, 'stage': 4, 'epoch': 10}
A2 TEST 0.2253999561071396 0.32515671849250793
[Electricity] complete 2026-09-13T10:53:57+00:00
A2 complementary_gate classification stage 4 epoch 9 {'loss': 0.8934289601541334, 'var_predictive_loss': 0.6844697268320766, 'var_utility_loss': 1.3316956926615341e-07, 'var_conditional_gain_loss': 0.0007065054544504709, 'conditional_pair_MSE': 0.6844481662024259, 'conditional_shuffle_MSE': 1.0094280469371222, 'conditional_gain_mean': 0.3249798807309981, 'conditional_positive_ratio': 0.9808074123097287, 'h_anchor_loss': nan, 'future_var_loss': nan, 'future_var_cosine': nan, 'future_var_l2': nan, 'future_var_pred_norm': nan, 'future_var_target_norm': nan, 'gate/mean': -0.815375703230369, 'gate/std': 0.24696176187220106, 'gate/positive_ratio': 0.019218913054708457, 'gate/negative_ratio': 0.9807810867266266, 'gate/abs_mean': 0.8249269782923742, 'gate/near_zero_ratio': 0.013278556207066498, 'stage': 4, 'epoch': 9}
A2 complementary_gate classification stage 4 epoch 10 {'loss': 0.8904761501044849, 'var_predictive_loss': 0.6703629812295029, 'var_utility_loss': 1.1357500932066488e-07, 'var_conditional_gain_loss': 0.0006224461106927406, 'conditional_pair_MSE': 0.6703691994037891, 'conditional_shuffle_MSE': 1.0064001213475657, 'conditional_gain_mean': 0.33603092193638034, 'conditional_positive_ratio': 0.9832064857710126, 'h_anchor_loss': nan, 'future_var_loss': nan, 'future_var_cosine': nan, 'future_var_l2': nan, 'future_var_pred_norm': nan, 'future_var_target_norm': nan, 'gate/mean': -0.8255521507156265, 'gate/std': 0.24467749245484474, 'gate/positive_ratio': 0.018796244692269325, 'gate/negative_ratio': 0.9812037550734468, 'gate/abs_mean': 0.8351844263289367, 'gate/near_zero_ratio': 0.012538252194525487, 'stage': 4, 'epoch': 10}
A2 TEST 0.48045188188552856 0.32029959559440613
[Traffic] run D_isolated_rms on GPU 0
shared_reference source=loaded path=results/predictive_env_reference_all_datasets_k3/Traffic/shared_reference.pt sha256=5282efade28ebc38441c30eb23457a5266603248d59ad9368e078b7cc4639413
A2 identity {'feature': 0.0}
A2 STAGE 0 EIIL {'update': 0, 'source_split': 'TRAIN only', 'mean_q_change': 0.0026663171593099833, 'environment_mass': [0.3338172435760498, 0.333071768283844, 0.3331109881401062], 'min_environment_mass': 0.333071768283844, 'environment_risk': [0.31333696842193604, 0.313332200050354, 0.31333819031715393], 'probe_gradients': [[-0.02597889117896557, -0.01148335449397564], [-0.02596662938594818, -0.011460763402283192], [-0.025944020599126816, -0.011420738883316517]], 'gradient_disagreement': 2.6368336403237436e-09, 'D_within_grad': 0.281208336353302, 'D_between_grad': 0.281208336353302, 'gradient_separation': 1.0, 'random_partition_repeats': 100, 'conflict_ours': 2.6368336403237436e-09, 'random_partition_conflict_mean': 1.9830798114739423e-10, 'random_partition_conflict_std': 1.7658713380441782e-10, 'random_partition_z_score': 13.809191703796387, 'environment_similarity_correlation': 0.7514672714062035, 'hungarian_permutation': [0, 1, 2], 'alignment_overlap_before': 0.333342045545578, 'alignment_overlap_after': 0.333342045545578, 'environment_matching_requested': 'overlap', 'environment_matching_used': 'overlap', 'h_prediction_MSE': 0.31333574652671814, 'h_prediction_MAE': 0.30112963914871216, 'h_prediction_drift_from_pretrained': 2.073663201600847e-14, 'h_prediction_corr_with_pretrained': 0.9999999999998742, 'H_norm': 0.6241748332977295, 'H_norm_ratio_to_pretrained': 1.0, 'stage': 0, 'environment_prediction_source': 'H -> frozen pretrained forecast head', 'env_assignment_similarity_to_previous': 0.7514672714062035}
A2 complementary_gate classification stage 0 epoch 1 {'loss': 1.519198776691585, 'var_predictive_loss': 0.9922195941185142, 'var_utility_loss': 2.5615478303735785e-05, 'var_conditional_gain_loss': 0.00038784137827761517, 'conditional_pair_MSE': 0.9922258691661292, 'conditional_shuffle_MSE': 1.0423702974190465, 'conditional_gain_mean': 0.05014442825291742, 'conditional_positive_ratio': 0.9616148246194574, 'h_anchor_loss': nan, 'future_var_loss': nan, 'future_var_cosine': nan, 'future_var_l2': nan, 'future_var_pred_norm': nan, 'future_var_target_norm': nan, 'gate/mean': -0.7711164807647388, 'gate/std': 0.3775495804376069, 'gate/positive_ratio': 0.06832043009988711, 'gate/negative_ratio': 0.9316795697439236, 'gate/abs_mean': 0.7871175920151102, 'gate/near_zero_ratio': 0.08532376021621163, 'stage': 0, 'epoch': 1}
A2 complementary_gate classification stage 0 epoch 2 {'loss': 1.6574109887169648, 'var_predictive_loss': 0.9863347921714594, 'var_utility_loss': 6.173987520711971e-14, 'var_conditional_gain_loss': 0.00016189890979615999, 'conditional_pair_MSE': 0.9862927437755621, 'conditional_shuffle_MSE': 1.0460429927722497, 'conditional_gain_mean': 0.0597502489966876, 'conditional_positive_ratio': 0.9800628722700199, 'h_anchor_loss': nan, 'future_var_loss': nan, 'future_var_cosine': nan, 'future_var_l2': nan, 'future_var_pred_norm': nan, 'future_var_target_norm': nan, 'gate/mean': -0.9996845570595919, 'gate/std': 0.00876669187017987, 'gate/positive_ratio': 1.1102213288390172e-05, 'gate/negative_ratio': 0.9999888977867116, 'gate/abs_mean': 0.9996887244934477, 'gate/near_zero_ratio': 8.920514936966596e-06, 'stage': 0, 'epoch': 2}
A2 STAGE 1 EIIL {'update': 1, 'source_split': 'TRAIN only', 'mean_q_change': 0.002653681207448244, 'environment_mass': [0.33437758684158325, 0.33421996235847473, 0.33140242099761963], 'min_environment_mass': 0.33140242099761963, 'environment_risk': [0.3759215176105499, 0.37590810656547546, 0.37593019008636475], 'probe_gradients': [[-0.028697924688458443, -0.04710593819618225], [-0.028659814968705177, -0.047032274305820465], [-0.028724966570734978, -0.04715684428811073]], 'gradient_disagreement': 9.987942028999441e-09, 'D_within_grad': 0.32472655177116394, 'D_between_grad': 0.32472655177116394, 'gradient_separation': 1.0, 'random_partition_repeats': 100, 'conflict_ours': 9.987942028999441e-09, 'random_partition_conflict_mean': 1.6811778748640482e-12, 'random_partition_conflict_std': 1.676056212221444e-12, 'random_partition_z_score': 5958.189453125, 'environment_similarity_correlation': -0.12437888695723405, 'hungarian_permutation': [1, 2, 0], 'alignment_overlap_before': 0.3333318531513214, 'alignment_overlap_after': 0.3333340585231781, 'environment_matching_requested': 'overlap', 'environment_matching_used': 'overlap', 'h_prediction_MSE': 0.3759198784828186, 'h_prediction_MAE': 0.364210307598114, 'h_prediction_drift_from_pretrained': 0.07640630006790161, 'h_prediction_corr_with_pretrained': 0.9407310940746423, 'H_norm': 0.6014647483825684, 'H_norm_ratio_to_pretrained': 0.9645007252693176, 'stage': 1, 'environment_prediction_source': 'H -> frozen pretrained forecast head', 'env_assignment_similarity_to_previous': -0.12437888695723405}
A2 complementary_gate classification stage 1 epoch 3 {'loss': 1.6493325461426287, 'var_predictive_loss': 0.9777940256818451, 'var_utility_loss': 1.6115347729189191e-13, 'var_conditional_gain_loss': 0.000178534293474542, 'conditional_pair_MSE': 0.9777473525583625, 'conditional_shuffle_MSE': 1.0462107893466595, 'conditional_gain_mean': 0.06846343678829687, 'conditional_positive_ratio': 0.9813037723362011, 'h_anchor_loss': nan, 'future_var_loss': nan, 'future_var_cosine': nan, 'future_var_l2': nan, 'future_var_pred_norm': nan, 'future_var_target_norm': nan, 'gate/mean': -0.9983887914800448, 'gate/std': 0.03231491647286934, 'gate/positive_ratio': 0.0002938453403194802, 'gate/negative_ratio': 0.9997061546440615, 'gate/abs_mean': 0.9986382973386677, 'gate/near_zero_ratio': 0.00010730645301584145, 'stage': 1, 'epoch': 3}
A2 complementary_gate classification stage 1 epoch 4 {'loss': 1.6302276361274561, 'var_predictive_loss': 0.9655921094224313, 'var_utility_loss': 8.202091531005805e-14, 'var_conditional_gain_loss': 0.00019434336782448501, 'conditional_pair_MSE': 0.9655433418777785, 'conditional_shuffle_MSE': 1.0507374276030466, 'conditional_gain_mean': 0.08519408572526818, 'conditional_positive_ratio': 0.9837028457974851, 'h_anchor_loss': nan, 'future_var_loss': nan, 'future_var_cosine': nan, 'future_var_l2': nan, 'future_var_pred_norm': nan, 'future_var_target_norm': nan, 'gate/mean': -0.9993904819336425, 'gate/std': 0.016398522648957196, 'gate/positive_ratio': 5.611028651348688e-05, 'gate/negative_ratio': 0.9999438897134865, 'gate/abs_mean': 0.9994202386885324, 'gate/near_zero_ratio': 3.412241633685894e-05, 'stage': 1, 'epoch': 4}
A2 STAGE 2 EIIL {'update': 2, 'source_split': 'TRAIN only', 'mean_q_change': 0.0002544427989050746, 'environment_mass': [0.33432096242904663, 0.3343244791030884, 0.331354558467865], 'min_environment_mass': 0.331354558467865, 'environment_risk': [0.4233746826648712, 0.42341238260269165, 0.42343705892562866], 'probe_gradients': [[-0.037097275257110596, -0.06035950779914856], [-0.037160374224185944, -0.06050385907292366], [-0.03720061480998993, -0.06059703603386879]], 'gradient_disagreement': 3.4072915156002637e-08, 'D_within_grad': 0.3203737139701843, 'D_between_grad': 0.3203737139701843, 'gradient_separation': 1.0, 'random_partition_repeats': 100, 'conflict_ours': 3.4072915156002637e-08, 'random_partition_conflict_mean': 2.6129118400192164e-12, 'random_partition_conflict_std': 3.1397790183768093e-12, 'random_partition_z_score': 10851.1787109375, 'environment_similarity_correlation': 0.9059948832557908, 'hungarian_permutation': [1, 0, 2], 'alignment_overlap_before': 0.33333906531333923, 'alignment_overlap_after': 0.333339124917984, 'environment_matching_requested': 'overlap', 'environment_matching_used': 'overlap', 'h_prediction_MSE': 0.42340800166130066, 'h_prediction_MAE': 0.4063279926776886, 'h_prediction_drift_from_pretrained': 0.11807811260223389, 'h_prediction_corr_with_pretrained': 0.9068165122472135, 'H_norm': 0.6058767437934875, 'H_norm_ratio_to_pretrained': 0.9718411564826965, 'stage': 2, 'environment_prediction_source': 'H -> frozen pretrained forecast head', 'env_assignment_similarity_to_previous': 0.9059948832557908}
A2 complementary_gate classification stage 2 epoch 5 {'loss': 1.6223601775883247, 'var_predictive_loss': 0.9585225675202678, 'var_utility_loss': 1.2796550878948022e-13, 'var_conditional_gain_loss': 0.00018485697648290133, 'conditional_pair_MSE': 0.9585194665295134, 'conditional_shuffle_MSE': 1.0522192152578218, 'conditional_gain_mean': 0.09369974872830844, 'conditional_positive_ratio': 0.9843646591661152, 'h_anchor_loss': nan, 'future_var_loss': nan, 'future_var_cosine': nan, 'future_var_l2': nan, 'future_var_pred_norm': nan, 'future_var_target_norm': nan, 'gate/mean': -0.9996985626436781, 'gate/std': 0.011254138319856326, 'gate/positive_ratio': 2.4865422890805924e-05, 'gate/negative_ratio': 0.9999751345771092, 'gate/abs_mean': 0.999710981032569, 'gate/near_zero_ratio': 1.6505549279729734e-05, 'stage': 2, 'epoch': 5}
A2 complementary_gate classification stage 2 epoch 6 {'loss': 1.6164320549558666, 'var_predictive_loss': 0.9477647162548661, 'var_utility_loss': 5.297003265145538e-14, 'var_conditional_gain_loss': 0.0002176222606536807, 'conditional_pair_MSE': 0.9477648750406121, 'conditional_shuffle_MSE': 1.0608558842652211, 'conditional_gain_mean': 0.11309100922460906, 'conditional_positive_ratio': 0.9853573792190602, 'h_anchor_loss': nan, 'future_var_loss': nan, 'future_var_cosine': nan, 'future_var_l2': nan, 'future_var_pred_norm': nan, 'future_var_target_norm': nan, 'gate/mean': -0.9997917393655795, 'gate/std': 0.009392225270695052, 'gate/positive_ratio': 1.6537802360603496e-05, 'gate/negative_ratio': 0.9999834621976394, 'gate/abs_mean': 0.9998000279231773, 'gate/near_zero_ratio': 1.1275208505706293e-05, 'stage': 2, 'epoch': 6}
A2 STAGE 3 EIIL {'update': 3, 'source_split': 'TRAIN only', 'mean_q_change': 0.00013373060210142285, 'environment_mass': [0.3343064486980438, 0.334306538105011, 0.3313870131969452], 'min_environment_mass': 0.3313870131969452, 'environment_risk': [0.3778502643108368, 0.37788423895835876, 0.3779069483280182], 'probe_gradients': [[-0.0014133219374343753, -0.022218437865376472], [-0.0015177121385931969, -0.022437842562794685], [-0.0015865693567320704, -0.02258288487792015]], 'gradient_disagreement': 8.25502084467189e-08, 'D_within_grad': 0.3086456060409546, 'D_between_grad': 0.3086456060409546, 'gradient_separation': 1.0, 'random_partition_repeats': 100, 'conflict_ours': 8.25502084467189e-08, 'random_partition_conflict_mean': 6.641518932037904e-12, 'random_partition_conflict_std': 8.565968247220557e-12, 'random_partition_z_score': 9636.2216796875, 'environment_similarity_correlation': 0.980576241948596, 'hungarian_permutation': [0, 1, 2], 'alignment_overlap_before': 0.3333391845226288, 'alignment_overlap_after': 0.3333391845226288, 'environment_matching_requested': 'overlap', 'environment_matching_used': 'overlap', 'h_prediction_MSE': 0.37788039445877075, 'h_prediction_MAE': 0.366902619600296, 'h_prediction_drift_from_pretrained': 0.08133577555418015, 'h_prediction_corr_with_pretrained': 0.9370416560626393, 'H_norm': 0.6005796194076538, 'H_norm_ratio_to_pretrained': 0.9629210233688354, 'stage': 3, 'environment_prediction_source': 'H -> frozen pretrained forecast head', 'env_assignment_similarity_to_previous': 0.980576241948596}
A2 complementary_gate classification stage 3 epoch 7 {'loss': 1.6105577237750006, 'var_predictive_loss': 0.9335397506913831, 'var_utility_loss': 2.198639326845106e-14, 'var_conditional_gain_loss': 0.0002801405212920206, 'conditional_pair_MSE': 0.9335424571829983, 'conditional_shuffle_MSE': 1.0694563703933233, 'conditional_gain_mean': 0.1359139132103251, 'conditional_positive_ratio': 0.9832892124420913, 'h_anchor_loss': nan, 'future_var_loss': nan, 'future_var_cosine': nan, 'future_var_l2': nan, 'future_var_pred_norm': nan, 'future_var_target_norm': nan, 'gate/mean': -0.9998965421907638, 'gate/std': 0.006633738724338558, 'gate/positive_ratio': 8.18259880821072e-06, 'gate/negative_ratio': 0.9999918174011918, 'gate/abs_mean': 0.999900763861338, 'gate/near_zero_ratio': 5.530973849402699e-06, 'stage': 3, 'epoch': 7}
A2 complementary_gate classification stage 3 epoch 8 {'loss': 1.606059463256839, 'var_predictive_loss': 0.9228656839791953, 'var_utility_loss': 2.3783238067355962e-14, 'var_conditional_gain_loss': 0.0003290557549695634, 'conditional_pair_MSE': 0.9228597975364984, 'conditional_shuffle_MSE': 1.0719157695513857, 'conditional_gain_mean': 0.1490559720148873, 'conditional_positive_ratio': 0.9817174056915949, 'h_anchor_loss': nan, 'future_var_loss': nan, 'future_var_cosine': nan, 'future_var_l2': nan, 'future_var_pred_norm': nan, 'future_var_target_norm': nan, 'gate/mean': -0.9999385488375777, 'gate/std': 0.005752409230137419, 'gate/positive_ratio': 7.90487869633839e-06, 'gate/negative_ratio': 0.9999920951213037, 'gate/abs_mean': 0.999942950641218, 'gate/near_zero_ratio': 4.7986649148519964e-06, 'stage': 3, 'epoch': 8}
A2 STAGE 4 EIIL {'update': 4, 'source_split': 'TRAIN only', 'mean_q_change': 0.00014066111180000007, 'environment_mass': [0.3343181908130646, 0.33431822061538696, 0.3313635587692261], 'min_environment_mass': 0.3313635587692261, 'environment_risk': [0.37031289935112, 0.3703559935092926, 0.37038910388946533], 'probe_gradients': [[-0.02804291434586048, -0.026130788028240204], [-0.02818443812429905, -0.026407696306705475], [-0.028291108086705208, -0.02661827765405178]], 'gradient_disagreement': 1.5055881874559418e-07, 'D_within_grad': 0.3016677498817444, 'D_between_grad': 0.3016676902770996, 'gradient_separation': 0.9999998211860657, 'random_partition_repeats': 100, 'conflict_ours': 1.5055881874559418e-07, 'random_partition_conflict_mean': 1.6571740507620447e-11, 'random_partition_conflict_std': 2.1407077499535632e-11, 'random_partition_z_score': 7032.35888671875, 'environment_similarity_correlation': 0.9857498540675188, 'hungarian_permutation': [0, 1, 2], 'alignment_overlap_before': 0.3333393931388855, 'alignment_overlap_after': 0.3333393931388855, 'environment_matching_requested': 'overlap', 'environment_matching_used': 'overlap', 'h_prediction_MSE': 0.370352566242218, 'h_prediction_MAE': 0.36194416880607605, 'h_prediction_drift_from_pretrained': 0.07676287740468979, 'h_prediction_corr_with_pretrained': 0.9402984846896353, 'H_norm': 0.6109643578529358, 'H_norm_ratio_to_pretrained': 0.9800602197647095, 'stage': 4, 'environment_prediction_source': 'H -> frozen pretrained forecast head', 'env_assignment_similarity_to_previous': 0.9857498540675188}
A2 complementary_gate classification stage 4 epoch 9 {'loss': 1.6019042847272875, 'var_predictive_loss': 0.9149804851158874, 'var_utility_loss': 4.3095884250248316e-14, 'var_conditional_gain_loss': 0.00038378633691884287, 'conditional_pair_MSE': 0.9149406658033122, 'conditional_shuffle_MSE': 1.0783448282291486, 'conditional_gain_mean': 0.1634041624258363, 'conditional_positive_ratio': 0.9813037723362011, 'h_anchor_loss': nan, 'future_var_loss': nan, 'future_var_cosine': nan, 'future_var_l2': nan, 'future_var_pred_norm': nan, 'future_var_target_norm': nan, 'gate/mean': -0.9999741051337385, 'gate/std': 0.003919171108048394, 'gate/positive_ratio': 4.1361257198960125e-06, 'gate/negative_ratio': 0.9999958638742801, 'gate/abs_mean': 0.9999767194294658, 'gate/near_zero_ratio': 2.0970281570329415e-06, 'stage': 4, 'epoch': 9}
A2 complementary_gate classification stage 4 epoch 10 {'loss': 1.5979119743168897, 'var_predictive_loss': 0.9058226383649386, 'var_utility_loss': 4.54379593096661e-14, 'var_conditional_gain_loss': 0.0003281695032301208, 'conditional_pair_MSE': 0.905811095458636, 'conditional_shuffle_MSE': 1.0835168248277915, 'conditional_gain_mean': 0.17770572936915546, 'conditional_positive_ratio': 0.9839510258107214, 'h_anchor_loss': nan, 'future_var_loss': nan, 'future_var_cosine': nan, 'future_var_l2': nan, 'future_var_pred_norm': nan, 'future_var_target_norm': nan, 'gate/mean': -0.9999709027229957, 'gate/std': 0.004286616002157721, 'gate/positive_ratio': 5.188872527185747e-06, 'gate/negative_ratio': 0.9999948111274728, 'gate/abs_mean': 0.9999738728178427, 'gate/near_zero_ratio': 2.7858696222995384e-06, 'stage': 4, 'epoch': 10}
A2 TEST 0.5177200436592102 0.3384149372577667
[Traffic] complete 2026-09-13T15:26:43+00:00
results/predictive_env_reference_all_datasets_k3/all_datasets_summary.txt
PredictiveEnvIV five-way multi-dataset comparison
fixed: dataset-specific shared reference, seed=2021, K=3, 10 optimization epochs
FPEM fixed: A2 classification complementary_gate direct_gated conditional_gain=0.2
A0 fixed: raw PatchTST path, fusion off, no environment/decomposition constraints

dataset variant MSE MAE inv_MSE inv_minus_full main_positive conditional_positive corr_conditional_main env_separation min_env_mass env_assignment_similarity fusion_rms_ratio g_mean var_acc inv_acc corr_var_env corr_inv_env delta_MSE_vs_A0 relative_MSE_improvement_vs_A0_percent delta_MAE_vs_A0 relative_MAE_improvement_vs_A0_percent reference_sha256
ETTh1 A0_patchtst 0.403670222 0.417974383 0.403670222 0.000000000 0.000000 0.000000 nan nan nan nan 1.000000 0.000000 nan nan nan nan +0.000000000 -0.000000 +0.000000000 -0.000000 cfc624bc956d6b28ad507cffe6ed782445df170f77a8a0145bdefa35dee90d82
ETTh1 A_current 0.393727660 0.408732593 0.390846163 -0.002881486 0.494794 0.629670 0.140585 1.290956 0.329672 0.936341 0.283868 0.009085 0.662564 0.405018 0.037634 0.028273 -0.009942561 +2.463041 -0.009241790 +2.211090 cfc624bc956d6b28ad507cffe6ed782445df170f77a8a0145bdefa35dee90d82
ETTh1 B_h_reference 0.394530773 0.409475833 0.391744137 -0.002786647 0.490844 0.653376 0.103159 1.315274 0.329941 0.931347 0.287796 0.009539 0.638182 0.406675 0.034560 0.029346 -0.009139448 +2.264088 -0.008498549 +2.033270 cfc624bc956d6b28ad507cffe6ed782445df170f77a8a0145bdefa35dee90d82
ETTh1 C_gradient_isolated 0.393298417 0.410082936 0.390645266 -0.002653145 0.468582 0.636494 0.088122 1.321957 0.329339 0.916403 0.283082 0.008083 0.555214 0.503255 0.024389 0.023110 -0.010371804 +2.569376 -0.007891446 +1.888022 cfc624bc956d6b28ad507cffe6ed782445df170f77a8a0145bdefa35dee90d82
ETTh1 D_isolated_rms 0.396427810 0.410457879 0.701436758 0.305008888 0.875763 0.732040 0.126224 1.369761 0.328840 0.985398 0.374321 0.000000 0.529293 0.361581 0.054991 0.007548 -0.007242411 +1.794141 -0.007516503 +1.798317 cfc624bc956d6b28ad507cffe6ed782445df170f77a8a0145bdefa35dee90d82
ETTh2 A0_patchtst 0.300209701 0.348347634 0.300209701 0.000000000 0.000000 0.000000 nan nan nan nan 1.000000 0.000000 nan nan nan nan +0.000000000 -0.000000 +0.000000000 -0.000000 815813810a7ef4cf106f1d75e329a92e6ec408cf997189758d9e25645323aab7
ETTh2 A_current 0.292246401 0.343381792 0.290549666 -0.001696750 0.345781 0.606322 0.015183 1.363938 0.328132 0.841276 0.351910 0.020635 0.618653 0.466919 0.019039 0.018038 -0.007963300 +2.652579 -0.004965842 +1.425542 815813810a7ef4cf106f1d75e329a92e6ec408cf997189758d9e25645323aab7
ETTh2 B_h_reference 0.295934707 0.345204622 0.293725967 -0.002208759 0.304488 0.607040 0.040875 1.300106 0.327347 0.862433 0.355740 0.019721 0.653450 0.512368 0.022952 0.017699 -0.004274994 +1.424003 -0.003143013 +0.902263 815813810a7ef4cf106f1d75e329a92e6ec408cf997189758d9e25645323aab7
ETTh2 C_gradient_isolated 0.299364924 0.346680433 0.297546506 -0.001818367 0.313824 0.599497 0.050377 1.322044 0.323739 0.788559 0.358070 0.014746 0.579832 0.561487 0.026374 0.020541 -0.000844777 +0.281396 -0.001667202 +0.478603 815813810a7ef4cf106f1d75e329a92e6ec408cf997189758d9e25645323aab7
ETTh2 D_isolated_rms 0.307782173 0.355690092 0.352602899 0.044820674 0.807540 0.560704 0.066054 1.311507 0.320882 0.939026 0.509571 0.000000 0.479347 0.379335 0.018106 0.005449 +0.007572472 -2.522394 +0.007342458 -2.107796 815813810a7ef4cf106f1d75e329a92e6ec408cf997189758d9e25645323aab7
ETTm1 A0_patchtst 0.331568062 0.370954037 0.331568062 0.000000000 0.000000 0.000000 nan nan nan nan 1.000000 0.000000 nan nan nan nan +0.000000000 -0.000000 +0.000000000 -0.000000 43cb3aff3d6bab55dab11b8df89dc34b026cad2089306dd2f2e1b480e3c021c6
ETTm1 A_current 0.335712582 0.370852262 0.334868252 -0.000844347 0.478512 0.555322 0.078211 1.265807 0.331519 0.893108 0.235465 0.001026 0.638250 0.441619 0.019727 0.010937 +0.004144520 -1.249976 -0.000101775 +0.027436 43cb3aff3d6bab55dab11b8df89dc34b026cad2089306dd2f2e1b480e3c021c6
ETTm1 B_h_reference 0.335524976 0.370572597 0.334767640 -0.000757314 0.481926 0.584646 0.058648 1.422517 0.330895 0.944677 0.237243 0.001311 0.706072 0.417440 0.054035 0.023139 +0.003956914 -1.193394 -0.000381440 +0.102827 43cb3aff3d6bab55dab11b8df89dc34b026cad2089306dd2f2e1b480e3c021c6
ETTm1 C_gradient_isolated 0.333562791 0.369041234 0.333171070 -0.000391722 0.552298 0.558561 0.051806 1.388171 0.330993 0.958121 0.245359 0.001115 0.597399 0.537810 0.037255 0.018658 +0.001994729 -0.601605 -0.001912802 +0.515644 43cb3aff3d6bab55dab11b8df89dc34b026cad2089306dd2f2e1b480e3c021c6
ETTm1 D_isolated_rms 0.324944019 0.363967925 0.694422066 0.369478077 0.921050 0.547707 0.084202 1.427365 0.330007 0.935391 0.286573 0.000000 0.515814 0.363031 0.018560 0.003942 -0.006624043 +1.997793 -0.006986111 +1.883282 43cb3aff3d6bab55dab11b8df89dc34b026cad2089306dd2f2e1b480e3c021c6
ETTm2 A0_patchtst 0.188434288 0.272525430 0.188434288 0.000000000 0.000000 0.000000 nan nan nan nan 1.000000 0.000000 nan nan nan nan +0.000000000 -0.000000 +0.000000000 -0.000000 06366ba2295a158261d1e926567f2bcf33e12c0f00158e63bb240bb9bc8ba4e2
ETTm2 A_current 0.190027118 0.272359520 0.188941985 -0.001085121 0.301094 0.526961 0.030225 1.160732 0.330270 0.911237 0.254349 0.004313 0.540836 0.437080 0.016265 0.003372 +0.001592830 -0.845297 -0.000165910 +0.060879 06366ba2295a158261d1e926567f2bcf33e12c0f00158e63bb240bb9bc8ba4e2
ETTm2 B_h_reference 0.189793050 0.271996170 0.188406527 -0.001386513 0.298556 0.536590 0.046836 1.182754 0.327594 0.959172 0.255127 0.004571 0.592569 0.439844 0.021915 0.004268 +0.001358762 -0.721080 -0.000529259 +0.194206 06366ba2295a158261d1e926567f2bcf33e12c0f00158e63bb240bb9bc8ba4e2
ETTm2 C_gradient_isolated 0.192384928 0.273533046 0.190173328 -0.002211604 0.302670 0.515756 0.061498 1.175629 0.327417 0.935000 0.272165 0.006517 0.494923 0.524950 0.015356 0.017532 +0.003950641 -2.096561 +0.001007617 -0.369733 06366ba2295a158261d1e926567f2bcf33e12c0f00158e63bb240bb9bc8ba4e2
ETTm2 D_isolated_rms 0.184932590 0.270929217 0.229126677 0.044194095 0.855755 0.562850 0.025173 1.224641 0.325030 0.950974 0.175037 0.000000 0.483284 0.391923 0.005406 0.013532 -0.003501698 +1.858313 -0.001596212 +0.585711 06366ba2295a158261d1e926567f2bcf33e12c0f00158e63bb240bb9bc8ba4e2
Electricity A0_patchtst 0.175011203 0.267724693 0.175011203 0.000000000 0.000000 0.000000 nan nan nan nan 1.000000 0.000000 nan nan nan nan +0.000000000 -0.000000 +0.000000000 -0.000000 90d283a82a16114d5dfa0181fe932d474f565b6f2e819bc0b1ca7c4d285d84f5
Electricity A_current 0.175661221 0.276675940 0.175694317 0.000033084 0.891384 0.969791 0.067943 1.000000 0.331516 0.032672 0.141859 0.000035 0.534383 0.510345 -0.004431 -0.002185 +0.000650018 -0.371415 +0.008951247 -3.343452 90d283a82a16114d5dfa0181fe932d474f565b6f2e819bc0b1ca7c4d285d84f5
Electricity B_h_reference 0.175563142 0.276480883 0.175593480 0.000030363 0.890223 0.996708 0.096614 1.000000 0.331516 0.213489 0.142020 0.000033 0.512705 0.502717 -0.010791 -0.010202 +0.000551939 -0.315374 +0.008756191 -3.270595 90d283a82a16114d5dfa0181fe932d474f565b6f2e819bc0b1ca7c4d285d84f5
Electricity C_gradient_isolated 0.176205486 0.277798057 0.176227778 0.000022291 0.931075 0.991092 0.203018 1.000000 0.331516 0.325062 0.137281 0.000023 0.477142 0.508534 -0.014299 -0.003720 +0.001194283 -0.682404 +0.010073364 -3.762583 90d283a82a16114d5dfa0181fe932d474f565b6f2e819bc0b1ca7c4d285d84f5
Electricity D_isolated_rms 0.225399956 0.325156718 0.822437286 0.597037315 1.000000 0.946747 0.072627 1.000000 0.331516 0.512989 0.857738 0.000000 0.523791 0.498216 0.017090 -0.000979 +0.050388753 -28.791730 +0.057432026 -21.451897 90d283a82a16114d5dfa0181fe932d474f565b6f2e819bc0b1ca7c4d285d84f5
ExchangeRate A0_patchtst 0.089718141 0.208196104 0.089718141 0.000000000 0.000000 0.000000 nan nan nan nan 1.000000 0.000000 nan nan nan nan +0.000000000 -0.000000 +0.000000000 -0.000000 40212dd36c474220870f14317a408b71880eb331f97f06677ce168d1b5eddfc5
ExchangeRate A_current 0.088852100 0.207313761 0.087774269 -0.001077828 0.361463 0.477496 0.052098 1.309757 0.330862 0.932367 0.512226 0.058188 0.533984 0.334180 0.004293 0.003078 -0.000866041 +0.965290 -0.000882342 +0.423804 40212dd36c474220870f14317a408b71880eb331f97f06677ce168d1b5eddfc5
ExchangeRate B_h_reference 0.090316504 0.208852455 0.089539580 -0.000776908 0.414909 0.483826 0.025151 1.390553 0.329115 0.927321 0.499787 0.054029 0.591602 0.305469 0.162974 0.151759 +0.000598364 -0.666937 +0.000656351 -0.315256 40212dd36c474220870f14317a408b71880eb331f97f06677ce168d1b5eddfc5
ExchangeRate C_gradient_isolated 0.091726795 0.209931895 0.090123966 -0.001602829 0.322785 0.485232 -0.011430 1.273885 0.329989 0.966505 0.476755 0.046368 0.525586 0.503320 0.030082 0.026796 +0.002008654 -2.238850 +0.001735792 -0.833729 40212dd36c474220870f14317a408b71880eb331f97f06677ce168d1b5eddfc5
ExchangeRate D_isolated_rms 0.098500893 0.218284607 0.084196001 -0.014304898 0.215190 0.493671 0.115435 1.251107 0.327303 0.990825 1.000000 0.170748 0.547656 0.507617 0.019687 0.020643 +0.008782752 -9.789271 +0.010088503 -4.845673 40212dd36c474220870f14317a408b71880eb331f97f06677ce168d1b5eddfc5
Weather A0_patchtst 0.177085429 0.217059031 0.177085429 0.000000000 0.000000 0.000000 nan nan nan nan 1.000000 0.000000 nan nan nan nan +0.000000000 -0.000000 +0.000000000 -0.000000 4752f5cae5e6d9bccf4f4227f668db382eb15f54d079a1c2b50ad1096bc97701
Weather A_current 0.174328670 0.214941353 0.174329013 0.000000341 0.528533 0.539353 0.040257 1.168667 0.328791 0.882152 0.161242 0.000188 0.469206 0.409363 0.011515 0.001548 -0.002756760 +1.556740 -0.002117679 +0.975623 4752f5cae5e6d9bccf4f4227f668db382eb15f54d079a1c2b50ad1096bc97701
Weather B_h_reference 0.173965722 0.215339050 0.173990250 0.000024530 0.565205 0.538874 0.079794 1.286665 0.325794 0.915939 0.158330 0.000319 0.543929 0.391214 0.012527 -0.000759 -0.003119707 +1.761696 -0.001719981 +0.792403 4752f5cae5e6d9bccf4f4227f668db382eb15f54d079a1c2b50ad1096bc97701
Weather C_gradient_isolated 0.175122485 0.215461060 0.175122604 0.000000113 0.554098 0.527863 0.058276 1.384869 0.321339 0.930139 0.169967 0.000030 0.451384 0.450594 0.016366 0.000443 -0.001962945 +1.108473 -0.001597971 +0.736192 4752f5cae5e6d9bccf4f4227f668db382eb15f54d079a1c2b50ad1096bc97701
Weather D_isolated_rms 0.186788514 0.225667104 0.214546889 0.027758384 0.789544 0.528342 0.079853 1.335798 0.321620 0.821485 0.068940 0.000000 0.464329 0.314939 0.004110 0.005024 +0.009703085 -5.479324 +0.008608073 -3.965775 4752f5cae5e6d9bccf4f4227f668db382eb15f54d079a1c2b50ad1096bc97701
Traffic A0_patchtst 0.489688665 0.325774878 0.489688665 0.000000000 0.000000 0.000000 nan nan nan nan 1.000000 0.000000 nan nan nan nan +0.000000000 -0.000000 +0.000000000 -0.000000 5282efade28ebc38441c30eb23457a5266603248d59ad9368e078b7cc4639413
Traffic A_current 0.480493516 0.319263846 0.480813324 0.000319854 0.704366 0.717468 0.058323 1.000000 0.331364 0.933705 0.142349 0.000173 0.531061 0.587476 -0.069618 -0.024353 -0.009195149 +1.877754 -0.006511033 +1.998629 5282efade28ebc38441c30eb23457a5266603248d59ad9368e078b7cc4639413
Traffic B_h_reference 0.480599701 0.319421291 0.480915964 0.000316269 0.711105 0.760258 0.103825 0.999999 0.331364 0.983685 0.142295 0.000171 0.540905 0.468277 -0.101163 -0.021170 -0.009088963 +1.856070 -0.006353587 +1.950300 5282efade28ebc38441c30eb23457a5266603248d59ad9368e078b7cc4639413
Traffic C_gradient_isolated 0.480451882 0.320299596 0.480784029 0.000332148 0.710519 0.691676 0.091869 0.999999 0.331364 0.986513 0.143306 0.000216 0.676979 0.517826 -0.103012 -0.026155 -0.009236783 +1.886256 -0.005475283 +1.680695 5282efade28ebc38441c30eb23457a5266603248d59ad9368e078b7cc4639413
Traffic D_isolated_rms 0.517720044 0.338414937 1.405316830 0.887596786 1.000000 0.767292 0.239326 1.000000 0.331364 0.985750 0.187065 0.000000 0.603689 0.480768 -0.190334 -0.139477 +0.028031379 -5.724327 +0.012640059 -3.879998 5282efade28ebc38441c30eb23457a5266603248d59ad9368e078b7cc4639413

overall_statistics_relative_to_A0
A_current MSE_wins=5/8 MAE_wins=7/8 mean_relative_MSE_improvement=+0.881089% median_relative_MSE_improvement=+1.261015% mean_relative_MAE_improvement=+0.472444% median_relative_MAE_improvement=+0.699713%
B_h_reference MSE_wins=4/8 MAE_wins=6/8 mean_relative_MSE_improvement=+0.551134% median_relative_MSE_improvement=+0.554315% mean_relative_MAE_improvement=+0.298677% median_relative_MAE_improvement=+0.493304%
C_gradient_isolated MSE_wins=4/8 MAE_wins=5/8 mean_relative_MSE_improvement=+0.028260% median_relative_MSE_improvement=-0.160105% mean_relative_MAE_improvement=+0.041639% median_relative_MAE_improvement=+0.497123%
D_isolated_rms MSE_wins=3/8 MAE_wins=3/8 mean_relative_MSE_improvement=-5.832100% median_relative_MSE_improvement=-4.000859% mean_relative_MAE_improvement=-3.997979% median_relative_MAE_improvement=-2.993897%

best_variant_per_dataset
ETTh1 C_gradient_isolated
ETTh2 A_current
ETTm1 D_isolated_rms
ETTm2 D_isolated_rms
Electricity A0_patchtst
ExchangeRate A_current
Weather B_h_reference
Traffic C_gradient_isolated

overall_best_variant_by_mean_relative_MSE: A_current
