sample,mae_with_control,mae_without_control,better
0,0.8480212092399597,0.8480212092399597,no_control
1,0.8470286726951599,0.8470286726951599,no_control
2,0.8529788851737976,0.8529788851737976,no_control
3,0.8574931621551514,0.8574931621551514,no_control
4,0.8608951568603516,0.8608951568603516,no_control
5,0.8651599287986755,0.8651599287986755,no_control
6,0.8670828938484192,0.8670828938484192,no_control
7,0.8638749122619629,0.8638749122619629,no_control
8,0.8657853603363037,0.8657853603363037,no_control
9,0.8596681952476501,0.8596681952476501,no_control
10,0.8431238532066345,0.8431238532066345,no_control
11,0.8271118402481079,0.8271118402481079,no_control
12,0.8073728084564209,0.8073728084564209,no_control
13,0.8111988306045532,0.8111988306045532,no_control
14,0.8084638714790344,0.8084638714790344,no_control
15,0.8028609752655029,0.8028609752655029,no_control
16,0.7991583943367004,0.7991583943367004,no_control
17,0.7968959212303162,0.7968959212303162,no_control
18,0.7978461384773254,0.7978461384773254,no_control
19,0.7955881953239441,0.7955881953239441,no_control
20,0.7945495247840881,0.7945495247840881,no_control
21,0.7920661568641663,0.7920661568641663,no_control
22,0.7956599593162537,0.7956599593162537,no_control
23,0.797200083732605,0.797200083732605,no_control
24,0.8003626465797424,0.8003626465797424,no_control
25,0.8078922033309937,0.8078922033309937,no_control
26,0.8096845746040344,0.8096845746040344,no_control
27,0.8095447421073914,0.8095447421073914,no_control
28,0.8050745129585266,0.8050745129585266,no_control
29,0.8031109571456909,0.8031109571456909,no_control
30,0.7981807589530945,0.7981807589530945,no_control
31,0.7968370318412781,0.7968370318412781,no_control
32,0.7910063862800598,0.7910063862800598,no_control
33,0.7829938530921936,0.7829938530921936,no_control
34,0.7729454040527344,0.7729454040527344,no_control
35,0.7656980156898499,0.7656980156898499,no_control
36,0.7534982562065125,0.7534982562065125,no_control
37,0.7331605553627014,0.7331605553627014,no_control
38,0.7188984155654907,0.7188984155654907,no_control
39,0.7127751111984253,0.7127751111984253,no_control
40,0.7023423910140991,0.7023423910140991,no_control
41,0.7045100331306458,0.7045100331306458,no_control
42,0.7048421502113342,0.7048421502113342,no_control
43,0.7039402723312378,0.7039402723312378,no_control
44,0.702339231967926,0.702339231967926,no_control
45,0.6991714239120483,0.6991714239120483,no_control
46,0.6970629692077637,0.6970629692077637,no_control
47,0.69590163230896,0.69590163230896,no_control
48,0.6979661583900452,0.6979661583900452,no_control
49,0.7064086198806763,0.7064086198806763,no_control
50,0.7082952857017517,0.7082952857017517,no_control
51,0.7105172872543335,0.7105172872543335,no_control
52,0.7138648629188538,0.7138648629188538,no_control
53,0.7175494432449341,0.7175494432449341,no_control
54,0.7208192944526672,0.7208192944526672,no_control
55,0.729504406452179,0.729504406452179,no_control
56,0.7315790057182312,0.7315790057182312,no_control
57,0.7387868762016296,0.7387868762016296,no_control
58,0.7544848918914795,0.7544848918914795,no_control
59,0.7702091932296753,0.7702091932296753,no_control
60,0.7876642346382141,0.7876642346382141,no_control
61,0.7959474921226501,0.7959474921226501,no_control
62,0.8116961121559143,0.8116961121559143,no_control
63,0.8180727362632751,0.8180727362632751,no_control
64,0.8205114006996155,0.8205114006996155,no_control
65,0.8194020986557007,0.8194020986557007,no_control
66,0.8179197907447815,0.8179197907447815,no_control
67,0.817941427230835,0.817941427230835,no_control
68,0.8178887367248535,0.8178887367248535,no_control
69,0.8188755512237549,0.8188755512237549,no_control
70,0.8189128637313843,0.8189128637313843,no_control
71,0.8233489394187927,0.8233489394187927,no_control
72,0.8212819695472717,0.8212819695472717,no_control
73,0.8204832673072815,0.8204832673072815,no_control
74,0.8188926577568054,0.8188926577568054,no_control
75,0.8201425075531006,0.8201425075531006,no_control
76,0.8251836895942688,0.8251836895942688,no_control
77,0.8258413076400757,0.8258413076400757,no_control
78,0.8282413482666016,0.8282413482666016,no_control
79,0.825863242149353,0.825863242149353,no_control
80,0.8313271999359131,0.8313271999359131,no_control
81,0.8353351354598999,0.8353351354598999,no_control
82,0.8326791524887085,0.8326791524887085,no_control
83,0.8192089796066284,0.8192089796066284,no_control
84,0.7974563241004944,0.7974563241004944,no_control
85,0.7912334203720093,0.7912334203720093,no_control
86,0.7833375334739685,0.7833375334739685,no_control
87,0.7953469753265381,0.7953469753265381,no_control
88,0.8014387488365173,0.8014387488365173,no_control
89,0.8026545643806458,0.8026545643806458,no_control
90,0.8035570979118347,0.8035570979118347,no_control
91,0.8047606945037842,0.8047606945037842,no_control
92,0.8080671429634094,0.8080671429634094,no_control
93,0.811797559261322,0.811797559261322,no_control
94,0.8142535090446472,0.8142535090446472,no_control
95,0.813307523727417,0.813307523727417,no_control
96,0.80878084897995,0.80878084897995,no_control
97,0.8007209300994873,0.8007209300994873,no_control
98,0.7956430315971375,0.7956430315971375,no_control
99,0.7960737347602844,0.7960737347602844,no_control
100,0.7910556197166443,0.7910556197166443,no_control
101,0.7838130593299866,0.7838130593299866,no_control
102,0.7850776314735413,0.7850776314735413,no_control
103,0.7816211581230164,0.7816211581230164,no_control
104,0.7859398126602173,0.7859398126602173,no_control
105,0.7867547869682312,0.7867547869682312,no_control
106,0.7878360748291016,0.7878360748291016,no_control
107,0.7880950570106506,0.7880950570106506,no_control
108,0.7819137573242188,0.7819137573242188,no_control
109,0.7776362299919128,0.7776362299919128,no_control
110,0.775332510471344,0.775332510471344,no_control
111,0.7758663892745972,0.7758663892745972,no_control
112,0.7754479646682739,0.7754479646682739,no_control
113,0.7774902582168579,0.7774902582168579,no_control
114,0.7784253358840942,0.7784253358840942,no_control
115,0.7791345119476318,0.7791345119476318,no_control
116,0.7787635326385498,0.7787635326385498,no_control
117,0.7786056399345398,0.7786056399345398,no_control
118,0.7791323065757751,0.7791323065757751,no_control
119,0.7767099142074585,0.7767099142074585,no_control
120,0.774904727935791,0.774904727935791,no_control
121,0.7714498043060303,0.7714498043060303,no_control
122,0.7720615267753601,0.7720615267753601,no_control
123,0.7719563841819763,0.7719563841819763,no_control
124,0.770236611366272,0.770236611366272,no_control
125,0.7691391706466675,0.7691391706466675,no_control
126,0.7728258967399597,0.7728258967399597,no_control
127,0.7775628566741943,0.7775628566741943,no_control
128,0.776742696762085,0.776742696762085,no_control
129,0.7761383056640625,0.7761383056640625,no_control
130,0.7744893431663513,0.7744893431663513,no_control
131,0.7750195264816284,0.7750195264816284,no_control
132,0.7792955040931702,0.7792955040931702,no_control
133,0.7755799293518066,0.7755799293518066,no_control
134,0.7663291096687317,0.7663291096687317,no_control
135,0.7566841840744019,0.7566841840744019,no_control
136,0.7499996423721313,0.7499996423721313,no_control
137,0.7539884448051453,0.7539884448051453,no_control
138,0.7636680603027344,0.7636680603027344,no_control
139,0.772993266582489,0.772993266582489,no_control
140,0.7823969721794128,0.7823969721794128,no_control
141,0.7917003035545349,0.7917003035545349,no_control
142,0.7993120551109314,0.7993120551109314,no_control
143,0.8091498017311096,0.8091498017311096,no_control
144,0.819297194480896,0.819297194480896,no_control
145,0.8258956670761108,0.8258956670761108,no_control
146,0.8329693078994751,0.8329693078994751,no_control
147,0.8324962854385376,0.8324962854385376,no_control
148,0.8373660445213318,0.8373660445213318,no_control
149,0.8420901894569397,0.8420901894569397,no_control
150,0.8420822024345398,0.8420822024345398,no_control
151,0.8465585708618164,0.8465585708618164,no_control
152,0.8456922173500061,0.8456922173500061,no_control
153,0.8436792492866516,0.8436792492866516,no_control
154,0.8424911499023438,0.8424911499023438,no_control
155,0.8400547504425049,0.8400547504425049,no_control
156,0.8465157747268677,0.8465157747268677,no_control
157,0.8475029468536377,0.8475029468536377,no_control
158,0.8432443737983704,0.8432443737983704,no_control
159,0.8365325927734375,0.8365325927734375,no_control
160,0.8376781344413757,0.8376781344413757,no_control
161,0.8383613228797913,0.8383613228797913,no_control
162,0.8366591930389404,0.8366591930389404,no_control
163,0.8358016610145569,0.8358016610145569,no_control
164,0.8344262838363647,0.8344262838363647,no_control
165,0.8345416784286499,0.8345416784286499,no_control
166,0.8277177214622498,0.8277177214622498,no_control
167,0.8224626183509827,0.8224626183509827,no_control
168,0.8158666491508484,0.8158666491508484,no_control
169,0.8098831176757812,0.8098831176757812,no_control
170,0.803528368473053,0.803528368473053,no_control
171,0.797536313533783,0.797536313533783,no_control
172,0.7886310815811157,0.7886310815811157,no_control
173,0.7818906903266907,0.7818906903266907,no_control
174,0.7716925740242004,0.7716925740242004,no_control
175,0.7607085704803467,0.7607085704803467,no_control
176,0.7534480094909668,0.7534480094909668,no_control
177,0.7529449462890625,0.7529449462890625,no_control
178,0.761353075504303,0.761353075504303,no_control
179,0.7820197939872742,0.7820197939872742,no_control
180,0.8056890368461609,0.8056890368461609,no_control
181,0.8280410766601562,0.8280410766601562,no_control
182,0.8502849340438843,0.8502849340438843,no_control
183,0.8676015138626099,0.8676015138626099,no_control
184,0.874927818775177,0.874927818775177,no_control
185,0.8684396743774414,0.8684396743774414,no_control
186,0.8552908301353455,0.8552908301353455,no_control
187,0.8418533205986023,0.8418533205986023,no_control
188,0.829375684261322,0.829375684261322,no_control
189,0.8182924389839172,0.8182924389839172,no_control
190,0.8100190162658691,0.8100190162658691,no_control
191,0.8017181158065796,0.8017181158065796,no_control
192,0.7988448739051819,0.7988448739051819,no_control
193,0.7957185506820679,0.7957185506820679,no_control
194,0.7957257032394409,0.7957257032394409,no_control
195,0.7941491603851318,0.7941491603851318,no_control
196,0.7941809296607971,0.7941809296607971,no_control
197,0.7949160933494568,0.7949160933494568,no_control
198,0.7909209728240967,0.7909209728240967,no_control
199,0.7873916625976562,0.7873916625976562,no_control
200,0.7883366942405701,0.7883366942405701,no_control
201,0.7849433422088623,0.7849433422088623,no_control
202,0.7788437604904175,0.7788437604904175,no_control
203,0.7679553627967834,0.7679553627967834,no_control
204,0.7541841864585876,0.7541841864585876,no_control
205,0.736496090888977,0.736496090888977,no_control
206,0.7214155793190002,0.7214155793190002,no_control
207,0.7083837985992432,0.7083837985992432,no_control
208,0.6993265151977539,0.6993265151977539,no_control
209,0.6945991516113281,0.6945991516113281,no_control
210,0.6980398297309875,0.6980398297309875,no_control
211,0.7000433802604675,0.7000433802604675,no_control
212,0.7030301690101624,0.7030301690101624,no_control
213,0.702833890914917,0.702833890914917,no_control
214,0.7083719372749329,0.7083719372749329,no_control
215,0.7127739191055298,0.7127739191055298,no_control
216,0.7171628475189209,0.7171628475189209,no_control
217,0.7184361815452576,0.7184361815452576,no_control
218,0.7215247750282288,0.7215247750282288,no_control
219,0.721723198890686,0.721723198890686,no_control
220,0.72388756275177,0.72388756275177,no_control
221,0.7239749431610107,0.7239749431610107,no_control
222,0.7263034582138062,0.7263034582138062,no_control
223,0.7300081849098206,0.7300081849098206,no_control
224,0.7345729470252991,0.7345729470252991,no_control
225,0.7384258508682251,0.7384258508682251,no_control
226,0.7368135452270508,0.7368135452270508,no_control
227,0.7305940985679626,0.7305940985679626,no_control
228,0.7245047688484192,0.7245047688484192,no_control
229,0.7187125086784363,0.7187125086784363,no_control
230,0.7121609449386597,0.7121609449386597,no_control
231,0.7060426473617554,0.7060426473617554,no_control
232,0.7037305235862732,0.7037305235862732,no_control
233,0.7074705362319946,0.7074705362319946,no_control
234,0.7109103202819824,0.7109103202819824,no_control
235,0.7135507464408875,0.7135507464408875,no_control
236,0.7142957448959351,0.7142957448959351,no_control
237,0.714691162109375,0.714691162109375,no_control
238,0.7163538336753845,0.7163538336753845,no_control
239,0.719589114189148,0.719589114189148,no_control
240,0.7177154421806335,0.7177154421806335,no_control
241,0.7199147939682007,0.7199147939682007,no_control
242,0.7195923924446106,0.7195923924446106,no_control
243,0.7180574536323547,0.7180574536323547,no_control
244,0.7145545482635498,0.7145545482635498,no_control
245,0.7168487906455994,0.7168487906455994,no_control
246,0.7225196361541748,0.7225196361541748,no_control
247,0.7253511548042297,0.7253511548042297,no_control
248,0.7275477647781372,0.7275477647781372,no_control
249,0.7363771796226501,0.7363771796226501,no_control
250,0.7472873330116272,0.7472873330116272,no_control
251,0.7664859294891357,0.7664859294891357,no_control
252,0.7883255481719971,0.7883255481719971,no_control
253,0.8119127154350281,0.8119127154350281,no_control
254,0.8345453143119812,0.8345453143119812,no_control
255,0.8557814955711365,0.8557814955711365,no_control
256,0.8674338459968567,0.8674338459968567,no_control
257,0.8737508058547974,0.8737508058547974,no_control
258,0.8755437731742859,0.8755437731742859,no_control
259,0.8768190741539001,0.8768190741539001,no_control
260,0.8770921230316162,0.8770921230316162,no_control
261,0.8793889284133911,0.8793889284133911,no_control
262,0.8777027130126953,0.8777027130126953,no_control
263,0.8806474208831787,0.8806474208831787,no_control
264,0.8847454786300659,0.8847454786300659,no_control
265,0.8879690170288086,0.8879690170288086,no_control
266,0.8935995697975159,0.8935995697975159,no_control
267,0.8995499610900879,0.8995499610900879,no_control
268,0.9031023383140564,0.9031023383140564,no_control
269,0.9124194979667664,0.9124194979667664,no_control
270,0.921535849571228,0.921535849571228,no_control
271,0.9259964227676392,0.9259964227676392,no_control
272,0.929205060005188,0.929205060005188,no_control
273,0.9277076721191406,0.9277076721191406,no_control
274,0.9323348999023438,0.9323348999023438,no_control
275,0.9305984973907471,0.9305984973907471,no_control
276,0.9406665563583374,0.9406665563583374,no_control
277,0.9507378339767456,0.9507378339767456,no_control
278,0.9542024731636047,0.9542024731636047,no_control
279,0.9620303511619568,0.9620303511619568,no_control
280,0.958021342754364,0.958021342754364,no_control
281,0.9510418176651001,0.9510418176651001,no_control
282,0.9520790576934814,0.9520790576934814,no_control
283,0.9577677845954895,0.9577677845954895,no_control
284,0.9652125835418701,0.9652125835418701,no_control
285,0.9720149636268616,0.9720149636268616,no_control
286,0.9718199372291565,0.9718199372291565,no_control
287,0.9681550860404968,0.9681550860404968,no_control
288,0.9664325714111328,0.9664325714111328,no_control
289,0.9646796584129333,0.9646796584129333,no_control
290,0.9617784023284912,0.9617784023284912,no_control
291,0.9645909070968628,0.9645909070968628,no_control
292,0.9661856293678284,0.9661856293678284,no_control
293,0.9651267528533936,0.9651267528533936,no_control
294,0.9653478264808655,0.9653478264808655,no_control
295,0.9637291431427002,0.9637291431427002,no_control
296,0.9600517749786377,0.9600517749786377,no_control
297,0.959966242313385,0.959966242313385,no_control
298,0.9376901984214783,0.9376901984214783,no_control
299,0.9067415595054626,0.9067415595054626,no_control
300,0.8723629713058472,0.8723629713058472,no_control
301,0.836458683013916,0.836458683013916,no_control
302,0.8071374297142029,0.8071374297142029,no_control
303,0.7857679128646851,0.7857679128646851,no_control
304,0.7782972455024719,0.7782972455024719,no_control
305,0.7724416255950928,0.7724416255950928,no_control
306,0.7684668898582458,0.7684668898582458,no_control
307,0.766380250453949,0.766380250453949,no_control
308,0.7666580080986023,0.7666580080986023,no_control
309,0.7660108208656311,0.7660108208656311,no_control
310,0.7628466486930847,0.7628466486930847,no_control
311,0.7581455111503601,0.7581455111503601,no_control
312,0.7573246955871582,0.7573246955871582,no_control
313,0.7564597725868225,0.7564597725868225,no_control
314,0.7513525485992432,0.7513525485992432,no_control
315,0.7488870620727539,0.7488870620727539,no_control
316,0.7468409538269043,0.7468409538269043,no_control
317,0.7396143078804016,0.7396143078804016,no_control
318,0.7276840806007385,0.7276840806007385,no_control
319,0.7197139263153076,0.7197139263153076,no_control
320,0.7124402523040771,0.7124402523040771,no_control
321,0.7054871916770935,0.7054871916770935,no_control
322,0.6958617568016052,0.6958617568016052,no_control
323,0.688137948513031,0.688137948513031,no_control
324,0.6678782105445862,0.6678782105445862,no_control
325,0.6497923135757446,0.6497923135757446,no_control
326,0.6424596309661865,0.6424596309661865,no_control
327,0.6300593018531799,0.6300593018531799,no_control
328,0.6283602714538574,0.6283602714538574,no_control
329,0.6318778395652771,0.6318778395652771,no_control
330,0.6290463805198669,0.6290463805198669,no_control
331,0.6229648590087891,0.6229648590087891,no_control
332,0.6173320412635803,0.6173320412635803,no_control
333,0.6109732985496521,0.6109732985496521,no_control
334,0.6081254482269287,0.6081254482269287,no_control
335,0.6118630170822144,0.6118630170822144,no_control
336,0.6190552115440369,0.6190552115440369,no_control
337,0.6205921173095703,0.6205921173095703,no_control
338,0.6262326240539551,0.6262326240539551,no_control
339,0.6300439238548279,0.6300439238548279,no_control
340,0.6312066912651062,0.6312066912651062,no_control
341,0.6323525905609131,0.6323525905609131,no_control
342,0.6327205300331116,0.6327205300331116,no_control
343,0.6315736770629883,0.6315736770629883,no_control
344,0.6334677934646606,0.6334677934646606,no_control
345,0.6297346949577332,0.6297346949577332,no_control
346,0.6418753862380981,0.6418753862380981,no_control
347,0.6606695055961609,0.6606695055961609,no_control
348,0.681826114654541,0.681826114654541,no_control
349,0.7031391859054565,0.7031391859054565,no_control
350,0.7176207900047302,0.7176207900047302,no_control
351,0.7280282378196716,0.7280282378196716,no_control
352,0.7304538488388062,0.7304538488388062,no_control
353,0.7309847474098206,0.7309847474098206,no_control
354,0.7303819060325623,0.7303819060325623,no_control
355,0.729810893535614,0.729810893535614,no_control
356,0.726367712020874,0.726367712020874,no_control
357,0.7249429821968079,0.7249429821968079,no_control
358,0.7255768775939941,0.7255768775939941,no_control
359,0.7304307818412781,0.7304307818412781,no_control
360,0.7308840751647949,0.7308840751647949,no_control
361,0.7344440221786499,0.7344440221786499,no_control
362,0.738151490688324,0.738151490688324,no_control
363,0.7376155853271484,0.7376155853271484,no_control
364,0.7393661737442017,0.7393661737442017,no_control
365,0.7400721907615662,0.7400721907615662,no_control
366,0.7460025548934937,0.7460025548934937,no_control
367,0.7489426732063293,0.7489426732063293,no_control
368,0.7510448694229126,0.7510448694229126,no_control
369,0.7491628527641296,0.7491628527641296,no_control
370,0.7370700240135193,0.7370700240135193,no_control
371,0.7274172902107239,0.7274172902107239,no_control
372,0.7199275493621826,0.7199275493621826,no_control
373,0.7241559624671936,0.7241559624671936,no_control
374,0.7122790217399597,0.7122790217399597,no_control
375,0.7028196454048157,0.7028196454048157,no_control
376,0.69590163230896,0.69590163230896,no_control
377,0.6947143077850342,0.6947143077850342,no_control
378,0.6962103247642517,0.6962103247642517,no_control
379,0.6972487568855286,0.6972487568855286,no_control
380,0.6962850689888,0.6962850689888,no_control
381,0.6986562013626099,0.6986562013626099,no_control
382,0.7003915905952454,0.7003915905952454,no_control
383,0.6985806822776794,0.6985806822776794,no_control
384,0.6969326734542847,0.6969326734542847,no_control
385,0.6993321180343628,0.6993321180343628,no_control
386,0.6952089071273804,0.6952089071273804,no_control
387,0.6932030320167542,0.6932030320167542,no_control
388,0.6919039487838745,0.6919039487838745,no_control
389,0.6909299492835999,0.6909299492835999,no_control
390,0.6936562061309814,0.6936562061309814,no_control
391,0.6963983178138733,0.6963983178138733,no_control
392,0.698727011680603,0.698727011680603,no_control
393,0.6970972418785095,0.6970972418785095,no_control
394,0.6930800676345825,0.6930800676345825,no_control
395,0.6919437050819397,0.6919437050819397,no_control
396,0.6886647343635559,0.6886647343635559,no_control
397,0.6762427687644958,0.6762427687644958,no_control
398,0.6687459945678711,0.6687459945678711,no_control
399,0.6543608903884888,0.6543608903884888,no_control
400,0.6431799530982971,0.6431799530982971,no_control
401,0.6405386924743652,0.6405386924743652,no_control
402,0.6416854858398438,0.6416854858398438,no_control
403,0.6429795622825623,0.6429795622825623,no_control
404,0.6441158056259155,0.6441158056259155,no_control
405,0.6423161625862122,0.6423161625862122,no_control
406,0.6462240815162659,0.6462240815162659,no_control
407,0.6482337713241577,0.6482337713241577,no_control
408,0.6468074321746826,0.6468074321746826,no_control
409,0.6458421945571899,0.6458421945571899,no_control
410,0.6446901559829712,0.6446901559829712,no_control
411,0.6498156785964966,0.6498156785964966,no_control
412,0.6511147618293762,0.6511147618293762,no_control
413,0.6518896222114563,0.6518896222114563,no_control
414,0.6519814729690552,0.6519814729690552,no_control
415,0.6550479531288147,0.6550479531288147,no_control
416,0.6556212902069092,0.6556212902069092,no_control
417,0.6595507264137268,0.6595507264137268,no_control
418,0.6661111116409302,0.6661111116409302,no_control
419,0.6729341149330139,0.6729341149330139,no_control
420,0.6774656176567078,0.6774656176567078,no_control
421,0.6673597693443298,0.6673597693443298,no_control
422,0.6673226952552795,0.6673226952552795,no_control
423,0.6685252785682678,0.6685252785682678,no_control
424,0.6680623888969421,0.6680623888969421,no_control
425,0.6660215258598328,0.6660215258598328,no_control
426,0.6661465764045715,0.6661465764045715,no_control
427,0.6658954620361328,0.6658954620361328,no_control
428,0.6667534112930298,0.6667534112930298,no_control
429,0.6640240550041199,0.6640240550041199,no_control
430,0.6635645031929016,0.6635645031929016,no_control
431,0.661745011806488,0.661745011806488,no_control
432,0.6570592522621155,0.6570592522621155,no_control
433,0.6548804044723511,0.6548804044723511,no_control
434,0.6559959053993225,0.6559959053993225,no_control
435,0.6553118228912354,0.6553118228912354,no_control
436,0.6589082479476929,0.6589082479476929,no_control
437,0.6555159687995911,0.6555159687995911,no_control
438,0.6486911177635193,0.6486911177635193,no_control
439,0.6425047516822815,0.6425047516822815,no_control
440,0.6367882490158081,0.6367882490158081,no_control
441,0.631890594959259,0.631890594959259,no_control
442,0.6273543834686279,0.6273543834686279,no_control
443,0.6134840250015259,0.6134840250015259,no_control
444,0.6008524298667908,0.6008524298667908,no_control
445,0.5912941098213196,0.5912941098213196,no_control
446,0.5792204737663269,0.5792204737663269,no_control
447,0.5741429328918457,0.5741429328918457,no_control
448,0.5712153315544128,0.5712153315544128,no_control
449,0.5728757381439209,0.5728757381439209,no_control
450,0.5729886889457703,0.5729886889457703,no_control
451,0.5713406801223755,0.5713406801223755,no_control
452,0.5736963152885437,0.5736963152885437,no_control
453,0.5784980058670044,0.5784980058670044,no_control
454,0.5792368054389954,0.5792368054389954,no_control
455,0.5777798891067505,0.5777798891067505,no_control
456,0.5821495056152344,0.5821495056152344,no_control
457,0.5859894752502441,0.5859894752502441,no_control
458,0.5870084166526794,0.5870084166526794,no_control
459,0.5856175422668457,0.5856175422668457,no_control
460,0.5879035592079163,0.5879035592079163,no_control
461,0.5935786962509155,0.5935786962509155,no_control
462,0.593654453754425,0.593654453754425,no_control
463,0.5963612794876099,0.5963612794876099,no_control
464,0.6048840880393982,0.6048840880393982,no_control
465,0.5996248126029968,0.5996248126029968,no_control
466,0.595659077167511,0.595659077167511,no_control
467,0.5875933766365051,0.5875933766365051,no_control
468,0.5796723365783691,0.5796723365783691,no_control
469,0.5749953389167786,0.5749953389167786,no_control
470,0.5713374614715576,0.5713374614715576,no_control
471,0.5702667236328125,0.5702667236328125,no_control
472,0.5715399980545044,0.5715399980545044,no_control
473,0.5701923966407776,0.5701923966407776,no_control
474,0.5714839100837708,0.5714839100837708,no_control
475,0.5747796893119812,0.5747796893119812,no_control
476,0.5830790996551514,0.5830790996551514,no_control
477,0.5886039733886719,0.5886039733886719,no_control
478,0.5909876823425293,0.5909876823425293,no_control
479,0.5934696197509766,0.5934696197509766,no_control
480,0.5995644330978394,0.5995644330978394,no_control
481,0.5998931527137756,0.5998931527137756,no_control
482,0.5960078835487366,0.5960078835487366,no_control
483,0.5954906940460205,0.5954906940460205,no_control
484,0.5921195149421692,0.5921195149421692,no_control
485,0.5960119366645813,0.5960119366645813,no_control
486,0.6003214120864868,0.6003214120864868,no_control
487,0.6008846163749695,0.6008846163749695,no_control
488,0.603338360786438,0.603338360786438,no_control
489,0.6010435223579407,0.6010435223579407,no_control
490,0.6002139449119568,0.6002139449119568,no_control
491,0.6053180694580078,0.6053180694580078,no_control
492,0.6121153235435486,0.6121153235435486,no_control
493,0.6273221373558044,0.6273221373558044,no_control
494,0.6442816853523254,0.6442816853523254,no_control
495,0.6544283032417297,0.6544283032417297,no_control
496,0.6621757745742798,0.6621757745742798,no_control
497,0.6655697226524353,0.6655697226524353,no_control
498,0.6667646169662476,0.6667646169662476,no_control
499,0.6677852869033813,0.6677852869033813,no_control
500,0.6674266457557678,0.6674266457557678,no_control
501,0.6662763357162476,0.6662763357162476,no_control
502,0.6615587472915649,0.6615587472915649,no_control
503,0.6576809287071228,0.6576809287071228,no_control
504,0.6513561010360718,0.6513561010360718,no_control
505,0.6447814702987671,0.6447814702987671,no_control
506,0.643162727355957,0.643162727355957,no_control
507,0.6372470259666443,0.6372470259666443,no_control
508,0.6352241039276123,0.6352241039276123,no_control
509,0.6315097212791443,0.6315097212791443,no_control
510,0.6321274042129517,0.6321274042129517,no_control
511,0.6369600296020508,0.6369600296020508,no_control
512,0.6335252523422241,0.6335252523422241,no_control
513,0.6377357244491577,0.6377357244491577,no_control
514,0.6348127126693726,0.6348127126693726,no_control
515,0.6356841325759888,0.6356841325759888,no_control
516,0.6313143968582153,0.6313143968582153,no_control
517,0.6242193579673767,0.6242193579673767,no_control
518,0.6199038624763489,0.6199038624763489,no_control
519,0.6168090105056763,0.6168090105056763,no_control
520,0.6152281761169434,0.6152281761169434,no_control
521,0.6136907339096069,0.6136907339096069,no_control
522,0.613700807094574,0.613700807094574,no_control
523,0.6092732548713684,0.6092732548713684,no_control
524,0.6026433110237122,0.6026433110237122,no_control
525,0.6002517342567444,0.6002517342567444,no_control
526,0.5986180901527405,0.5986180901527405,no_control
527,0.5985832810401917,0.5985832810401917,no_control
528,0.5922930240631104,0.5922930240631104,no_control
529,0.5894542336463928,0.5894542336463928,no_control
530,0.5898342728614807,0.5898342728614807,no_control
531,0.5898255109786987,0.5898255109786987,no_control
532,0.5868737697601318,0.5868737697601318,no_control
533,0.5840060114860535,0.5840060114860535,no_control
534,0.5823953151702881,0.5823953151702881,no_control
535,0.5850843191146851,0.5850843191146851,no_control
536,0.5838492512702942,0.5838492512702942,no_control
537,0.581059992313385,0.581059992313385,no_control
538,0.5736472606658936,0.5736472606658936,no_control
539,0.5599216818809509,0.5599216818809509,no_control
540,0.5455384850502014,0.5455384850502014,no_control
541,0.5320870876312256,0.5320870876312256,no_control
542,0.5138539671897888,0.5138539671897888,no_control
543,0.5055890083312988,0.5055890083312988,no_control
544,0.49530211091041565,0.49530211091041565,no_control
545,0.48996999859809875,0.48996999859809875,no_control
546,0.49058860540390015,0.49058860540390015,no_control
547,0.49185648560523987,0.49185648560523987,no_control
548,0.4927738904953003,0.4927738904953003,no_control
549,0.4949224293231964,0.4949224293231964,no_control
550,0.500158965587616,0.500158965587616,no_control
551,0.5013658404350281,0.5013658404350281,no_control
552,0.5049536824226379,0.5049536824226379,no_control
553,0.5056765675544739,0.5056765675544739,no_control
554,0.5088423490524292,0.5088423490524292,no_control
555,0.5115756392478943,0.5115756392478943,no_control
556,0.5131509900093079,0.5131509900093079,no_control
557,0.5106067061424255,0.5106067061424255,no_control
558,0.5083550810813904,0.5083550810813904,no_control
559,0.5024939775466919,0.5024939775466919,no_control
560,0.5022191405296326,0.5022191405296326,no_control
561,0.5036662817001343,0.5036662817001343,no_control
562,0.5045670866966248,0.5045670866966248,no_control
563,0.5070267915725708,0.5070267915725708,no_control
564,0.514283299446106,0.514283299446106,no_control
565,0.5232873558998108,0.5232873558998108,no_control
566,0.5329096913337708,0.5329096913337708,no_control
567,0.54222571849823,0.54222571849823,no_control
568,0.5505136251449585,0.5505136251449585,no_control
569,0.5565669536590576,0.5565669536590576,no_control
570,0.5590014457702637,0.5590014457702637,no_control
571,0.5649343132972717,0.5649343132972717,no_control
572,0.5706311464309692,0.5706311464309692,no_control
573,0.5756968855857849,0.5756968855857849,no_control
574,0.579792320728302,0.579792320728302,no_control
575,0.5832642316818237,0.5832642316818237,no_control
576,0.5816043019294739,0.5816043019294739,no_control
577,0.5792864561080933,0.5792864561080933,no_control
578,0.5781522393226624,0.5781522393226624,no_control
579,0.5734567046165466,0.5734567046165466,no_control
580,0.5728450417518616,0.5728450417518616,no_control
581,0.5730284452438354,0.5730284452438354,no_control
582,0.5744901299476624,0.5744901299476624,no_control
583,0.5759771466255188,0.5759771466255188,no_control
584,0.5812753438949585,0.5812753438949585,no_control
585,0.5895520448684692,0.5895520448684692,no_control
586,0.5983824133872986,0.5983824133872986,no_control
587,0.6136806011199951,0.6136806011199951,no_control
588,0.6248254776000977,0.6248254776000977,no_control
589,0.6307675242424011,0.6307675242424011,no_control
590,0.6424148082733154,0.6424148082733154,no_control
591,0.647108793258667,0.647108793258667,no_control
592,0.6515647768974304,0.6515647768974304,no_control
593,0.6533671617507935,0.6533671617507935,no_control
594,0.6526837348937988,0.6526837348937988,no_control
595,0.6516431570053101,0.6516431570053101,no_control
596,0.6517108678817749,0.6517108678817749,no_control
597,0.6506971120834351,0.6506971120834351,no_control
598,0.6504461169242859,0.6504461169242859,no_control
599,0.6556087136268616,0.6556087136268616,no_control
600,0.6597964763641357,0.6597964763641357,no_control
601,0.665104866027832,0.665104866027832,no_control
602,0.6649692058563232,0.6649692058563232,no_control
603,0.6688135266304016,0.6688135266304016,no_control
604,0.6709943413734436,0.6709943413734436,no_control
605,0.6759614944458008,0.6759614944458008,no_control
606,0.6802430748939514,0.6802430748939514,no_control
607,0.6836836934089661,0.6836836934089661,no_control
608,0.6904672980308533,0.6904672980308533,no_control
609,0.6962705850601196,0.6962705850601196,no_control
610,0.6963489055633545,0.6963489055633545,no_control
611,0.6981672644615173,0.6981672644615173,no_control
612,0.6967537999153137,0.6967537999153137,no_control
613,0.7052205204963684,0.7052205204963684,no_control
614,0.7002996206283569,0.7002996206283569,no_control
615,0.6953834295272827,0.6953834295272827,no_control
616,0.6942192316055298,0.6942192316055298,no_control
617,0.6909417510032654,0.6909417510032654,no_control
618,0.6911906599998474,0.6911906599998474,no_control
619,0.6930930614471436,0.6930930614471436,no_control
620,0.6956464648246765,0.6956464648246765,no_control
621,0.6978172063827515,0.6978172063827515,no_control
622,0.6993412375450134,0.6993412375450134,no_control
623,0.7029376029968262,0.7029376029968262,no_control
624,0.7122129201889038,0.7122129201889038,no_control
625,0.7240613102912903,0.7240613102912903,no_control
626,0.7373782992362976,0.7373782992362976,no_control
627,0.7484195232391357,0.7484195232391357,no_control
628,0.7594024538993835,0.7594024538993835,no_control
629,0.7661907076835632,0.7661907076835632,no_control
630,0.7750396728515625,0.7750396728515625,no_control
631,0.7803133130073547,0.7803133130073547,no_control
632,0.7901513576507568,0.7901513576507568,no_control
633,0.7906303405761719,0.7906303405761719,no_control
634,0.7871596813201904,0.7871596813201904,no_control
635,0.7760406732559204,0.7760406732559204,no_control
636,0.7695216536521912,0.7695216536521912,no_control
637,0.7637689709663391,0.7637689709663391,no_control
638,0.765201210975647,0.765201210975647,no_control
639,0.7612841725349426,0.7612841725349426,no_control
640,0.759941816329956,0.759941816329956,no_control
641,0.760246753692627,0.760246753692627,no_control
642,0.7613948583602905,0.7613948583602905,no_control
643,0.7674434185028076,0.7674434185028076,no_control
644,0.77390456199646,0.77390456199646,no_control
645,0.776644766330719,0.776644766330719,no_control
646,0.7746784687042236,0.7746784687042236,no_control
647,0.7676845788955688,0.7676845788955688,no_control
648,0.7596530914306641,0.7596530914306641,no_control
649,0.7545915246009827,0.7545915246009827,no_control
650,0.7515274286270142,0.7515274286270142,no_control
651,0.7475088834762573,0.7475088834762573,no_control
652,0.7474212050437927,0.7474212050437927,no_control
653,0.7472785115242004,0.7472785115242004,no_control
654,0.7471553683280945,0.7471553683280945,no_control
655,0.7406327724456787,0.7406327724456787,no_control
656,0.7287843227386475,0.7287843227386475,no_control
657,0.7186306715011597,0.7186306715011597,no_control
658,0.7272945046424866,0.7272945046424866,no_control
659,0.7403650283813477,0.7403650283813477,no_control
660,0.7496102452278137,0.7496102452278137,no_control
661,0.7540725469589233,0.7540725469589233,no_control
662,0.7697328329086304,0.7697328329086304,no_control
663,0.7745404839515686,0.7745404839515686,no_control
664,0.7785274386405945,0.7785274386405945,no_control
665,0.7820572853088379,0.7820572853088379,no_control
666,0.7781577706336975,0.7781577706336975,no_control
667,0.7739835381507874,0.7739835381507874,no_control
668,0.7704032063484192,0.7704032063484192,no_control
669,0.7688924670219421,0.7688924670219421,no_control
670,0.766685426235199,0.766685426235199,no_control
671,0.7642452120780945,0.7642452120780945,no_control
672,0.7597548961639404,0.7597548961639404,no_control
673,0.7521735429763794,0.7521735429763794,no_control
674,0.7426148653030396,0.7426148653030396,no_control
675,0.7354665398597717,0.7354665398597717,no_control
676,0.7264249324798584,0.7264249324798584,no_control
677,0.7204563021659851,0.7204563021659851,no_control
678,0.7075198292732239,0.7075198292732239,no_control
679,0.6977096199989319,0.6977096199989319,no_control
680,0.6834173798561096,0.6834173798561096,no_control
681,0.6765556335449219,0.6765556335449219,no_control
682,0.6844035387039185,0.6844035387039185,no_control
683,0.7001590728759766,0.7001590728759766,no_control
684,0.7192196846008301,0.7192196846008301,no_control
685,0.7374745011329651,0.7374745011329651,no_control
686,0.7476093173027039,0.7476093173027039,no_control
687,0.7647815346717834,0.7647815346717834,no_control
688,0.775794267654419,0.775794267654419,no_control
689,0.7784120440483093,0.7784120440483093,no_control
690,0.7780823707580566,0.7780823707580566,no_control
691,0.772287130355835,0.772287130355835,no_control
692,0.7648518085479736,0.7648518085479736,no_control
693,0.7651472687721252,0.7651472687721252,no_control
694,0.7663198113441467,0.7663198113441467,no_control
695,0.7727150917053223,0.7727150917053223,no_control
696,0.7794108986854553,0.7794108986854553,no_control
697,0.7845041155815125,0.7845041155815125,no_control
698,0.7934471368789673,0.7934471368789673,no_control
699,0.7996172308921814,0.7996172308921814,no_control
700,0.8037251234054565,0.8037251234054565,no_control
701,0.8081454634666443,0.8081454634666443,no_control
702,0.8166006207466125,0.8166006207466125,no_control
703,0.8297351598739624,0.8297351598739624,no_control
704,0.8398929238319397,0.8398929238319397,no_control
705,0.8433546423912048,0.8433546423912048,no_control
706,0.8466511964797974,0.8466511964797974,no_control
707,0.847510039806366,0.847510039806366,no_control
708,0.8565521240234375,0.8565521240234375,no_control
709,0.8578860759735107,0.8578860759735107,no_control
710,0.8600694537162781,0.8600694537162781,no_control
711,0.8594306707382202,0.8594306707382202,no_control
712,0.8551856875419617,0.8551856875419617,no_control
713,0.854668140411377,0.854668140411377,no_control
714,0.8567228317260742,0.8567228317260742,no_control
715,0.8561406135559082,0.8561406135559082,no_control
716,0.8560258150100708,0.8560258150100708,no_control
717,0.8553090691566467,0.8553090691566467,no_control
718,0.8533244729042053,0.8533244729042053,no_control
719,0.8542930483818054,0.8542930483818054,no_control
720,0.8599576950073242,0.8599576950073242,no_control
721,0.8710170984268188,0.8710170984268188,no_control
722,0.8792134523391724,0.8792134523391724,no_control
723,0.8886815905570984,0.8886815905570984,no_control
724,0.8976482152938843,0.8976482152938843,no_control
725,0.9095109701156616,0.9095109701156616,no_control
726,0.9212167859077454,0.9212167859077454,no_control
727,0.9283208847045898,0.9283208847045898,no_control
728,0.939063310623169,0.939063310623169,no_control
729,0.9420406818389893,0.9420406818389893,no_control
730,0.9416030049324036,0.9416030049324036,no_control
731,0.9352981448173523,0.9352981448173523,no_control
732,0.9321210980415344,0.9321210980415344,no_control
733,0.9237781763076782,0.9237781763076782,no_control
734,0.9176492691040039,0.9176492691040039,no_control
735,0.9135162234306335,0.9135162234306335,no_control
736,0.9036783576011658,0.9036783576011658,no_control
737,0.9001871943473816,0.9001871943473816,no_control
738,0.899168848991394,0.899168848991394,no_control
739,0.896977961063385,0.896977961063385,no_control
740,0.8951330780982971,0.8951330780982971,no_control
741,0.8890876173973083,0.8890876173973083,no_control
742,0.8907407522201538,0.8907407522201538,no_control
743,0.8891745209693909,0.8891745209693909,no_control
744,0.8888599276542664,0.8888599276542664,no_control
745,0.886779248714447,0.886779248714447,no_control
746,0.8799152374267578,0.8799152374267578,no_control
747,0.8742597699165344,0.8742597699165344,no_control
748,0.8698732256889343,0.8698732256889343,no_control
749,0.8652230501174927,0.8652230501174927,no_control
750,0.8616597652435303,0.8616597652435303,no_control
751,0.8571773171424866,0.8571773171424866,no_control
752,0.8573065400123596,0.8573065400123596,no_control
753,0.859534502029419,0.859534502029419,no_control
754,0.8609611988067627,0.8609611988067627,no_control
755,0.8622322082519531,0.8622322082519531,no_control
756,0.8626353740692139,0.8626353740692139,no_control
757,0.8663152456283569,0.8663152456283569,no_control
758,0.8710877895355225,0.8710877895355225,no_control
759,0.8793767690658569,0.8793767690658569,no_control
760,0.8858760595321655,0.8858760595321655,no_control
761,0.8817096948623657,0.8817096948623657,no_control
762,0.8813632726669312,0.8813632726669312,no_control
763,0.8805208206176758,0.8805208206176758,no_control
764,0.8761247396469116,0.8761247396469116,no_control
765,0.872164249420166,0.872164249420166,no_control
766,0.8711693286895752,0.8711693286895752,no_control
767,0.8701364398002625,0.8701364398002625,no_control
768,0.8659865856170654,0.8659865856170654,no_control
769,0.8534772992134094,0.8534772992134094,no_control
770,0.8459193110466003,0.8459193110466003,no_control
771,0.8333753347396851,0.8333753347396851,no_control
772,0.8296957612037659,0.8296957612037659,no_control
773,0.8218316435813904,0.8218316435813904,no_control
774,0.8169626593589783,0.8169626593589783,no_control
775,0.8181456923484802,0.8181456923484802,no_control
776,0.8114240765571594,0.8114240765571594,no_control
777,0.8119092583656311,0.8119092583656311,no_control
778,0.8151468634605408,0.8151468634605408,no_control
779,0.822772741317749,0.822772741317749,no_control
780,0.8287321925163269,0.8287321925163269,no_control
781,0.8498437404632568,0.8498437404632568,no_control
782,0.8563370704650879,0.8563370704650879,no_control
783,0.862196147441864,0.862196147441864,no_control
784,0.8719388246536255,0.8719388246536255,no_control
785,0.873077929019928,0.873077929019928,no_control
786,0.8714430928230286,0.8714430928230286,no_control
787,0.872370719909668,0.872370719909668,no_control
788,0.8738043904304504,0.8738043904304504,no_control
789,0.8749579787254333,0.8749579787254333,no_control
790,0.8705373406410217,0.8705373406410217,no_control
791,0.8649061322212219,0.8649061322212219,no_control
792,0.8593162298202515,0.8593162298202515,no_control
793,0.8562484383583069,0.8562484383583069,no_control
794,0.853240430355072,0.853240430355072,no_control
795,0.8517842888832092,0.8517842888832092,no_control
796,0.8438987731933594,0.8438987731933594,no_control
797,0.8417602181434631,0.8417602181434631,no_control
798,0.8344812989234924,0.8344812989234924,no_control
799,0.8319944739341736,0.8319944739341736,no_control
800,0.8290866017341614,0.8290866017341614,no_control
801,0.8239003419876099,0.8239003419876099,no_control
802,0.8107105493545532,0.8107105493545532,no_control
803,0.7948181629180908,0.7948181629180908,no_control
804,0.7771177887916565,0.7771177887916565,no_control
805,0.7562949657440186,0.7562949657440186,no_control
806,0.7344176769256592,0.7344176769256592,no_control
807,0.7203850150108337,0.7203850150108337,no_control
808,0.7151394486427307,0.7151394486427307,no_control
809,0.7127721905708313,0.7127721905708313,no_control
810,0.7101730108261108,0.7101730108261108,no_control
811,0.7079779505729675,0.7079779505729675,no_control
812,0.7102500796318054,0.7102500796318054,no_control
813,0.7102909088134766,0.7102909088134766,no_control
814,0.709002673625946,0.709002673625946,no_control
815,0.70584636926651,0.70584636926651,no_control
816,0.7031369805335999,0.7031369805335999,no_control
817,0.7023376226425171,0.7023376226425171,no_control
818,0.6986716389656067,0.6986716389656067,no_control
819,0.6999870538711548,0.6999870538711548,no_control
820,0.6984136700630188,0.6984136700630188,no_control
821,0.6984099745750427,0.6984099745750427,no_control
822,0.6999337673187256,0.6999337673187256,no_control
823,0.6996943354606628,0.6996943354606628,no_control
824,0.7007714509963989,0.7007714509963989,no_control
825,0.7026435136795044,0.7026435136795044,no_control
826,0.6972649097442627,0.6972649097442627,no_control
827,0.6838459372520447,0.6838459372520447,no_control
828,0.669003963470459,0.669003963470459,no_control
829,0.640761137008667,0.640761137008667,no_control
830,0.6288248896598816,0.6288248896598816,no_control
831,0.6096048355102539,0.6096048355102539,no_control
832,0.5969661474227905,0.5969661474227905,no_control
833,0.5947840809822083,0.5947840809822083,no_control
834,0.5963855981826782,0.5963855981826782,no_control
835,0.5978847742080688,0.5978847742080688,no_control
836,0.5988391637802124,0.5988391637802124,no_control
837,0.6002544164657593,0.6002544164657593,no_control
838,0.6021245718002319,0.6021245718002319,no_control
839,0.6066769957542419,0.6066769957542419,no_control
840,0.6116452813148499,0.6116452813148499,no_control
841,0.6161874532699585,0.6161874532699585,no_control
842,0.6176429986953735,0.6176429986953735,no_control
843,0.6212098598480225,0.6212098598480225,no_control
844,0.6294730305671692,0.6294730305671692,no_control
845,0.632083535194397,0.632083535194397,no_control
846,0.6354723572731018,0.6354723572731018,no_control
847,0.6312500238418579,0.6312500238418579,no_control
848,0.6254038214683533,0.6254038214683533,no_control
849,0.6291356682777405,0.6291356682777405,no_control
850,0.6306895613670349,0.6306895613670349,no_control
851,0.6296069025993347,0.6296069025993347,no_control
852,0.6274608373641968,0.6274608373641968,no_control
853,0.6252411603927612,0.6252411603927612,no_control
854,0.6251221895217896,0.6251221895217896,no_control
855,0.6216757893562317,0.6216757893562317,no_control
856,0.6147611737251282,0.6147611737251282,no_control
857,0.6161965727806091,0.6161965727806091,no_control
858,0.6218308210372925,0.6218308210372925,no_control
859,0.6259011626243591,0.6259011626243591,no_control
860,0.6298028230667114,0.6298028230667114,no_control
861,0.6337676644325256,0.6337676644325256,no_control
862,0.6384308338165283,0.6384308338165283,no_control
863,0.6423304677009583,0.6423304677009583,no_control
864,0.6474822163581848,0.6474822163581848,no_control
865,0.6544209718704224,0.6544209718704224,no_control
866,0.6609100103378296,0.6609100103378296,no_control
867,0.6679389476776123,0.6679389476776123,no_control
868,0.6737129092216492,0.6737129092216492,no_control
869,0.6755282878875732,0.6755282878875732,no_control
870,0.6719325184822083,0.6719325184822083,no_control
871,0.6675145626068115,0.6675145626068115,no_control
872,0.673485517501831,0.673485517501831,no_control
873,0.6735477447509766,0.6735477447509766,no_control
874,0.6754347681999207,0.6754347681999207,no_control
875,0.6712663173675537,0.6712663173675537,no_control
876,0.6662852168083191,0.6662852168083191,no_control
877,0.6818491816520691,0.6818491816520691,no_control
878,0.6864408254623413,0.6864408254623413,no_control
879,0.695955753326416,0.695955753326416,no_control
880,0.7018775343894958,0.7018775343894958,no_control
881,0.7130604982376099,0.7130604982376099,no_control
882,0.7241747975349426,0.7241747975349426,no_control
883,0.7332210540771484,0.7332210540771484,no_control
884,0.744234561920166,0.744234561920166,no_control
885,0.7543550729751587,0.7543550729751587,no_control
886,0.7622159719467163,0.7622159719467163,no_control
887,0.7716287970542908,0.7716287970542908,no_control
888,0.7823944091796875,0.7823944091796875,no_control
889,0.7920135259628296,0.7920135259628296,no_control
890,0.8057394623756409,0.8057394623756409,no_control
891,0.8176963329315186,0.8176963329315186,no_control
892,0.8263410329818726,0.8263410329818726,no_control
893,0.8346429467201233,0.8346429467201233,no_control
894,0.8428094983100891,0.8428094983100891,no_control
895,0.8544564247131348,0.8544564247131348,no_control
896,0.8667284846305847,0.8667284846305847,no_control
897,0.8715593218803406,0.8715593218803406,no_control
898,0.8769382238388062,0.8769382238388062,no_control
899,0.8742323517799377,0.8742323517799377,no_control
900,0.8734510540962219,0.8734510540962219,no_control
901,0.8710473775863647,0.8710473775863647,no_control
902,0.8731610774993896,0.8731610774993896,no_control
903,0.8853271007537842,0.8853271007537842,no_control
904,0.8935123682022095,0.8935123682022095,no_control
905,0.897771954536438,0.897771954536438,no_control
906,0.8997203707695007,0.8997203707695007,no_control
907,0.9004653096199036,0.9004653096199036,no_control
908,0.90179044008255,0.90179044008255,no_control
909,0.8993528485298157,0.8993528485298157,no_control
910,0.8972179889678955,0.8972179889678955,no_control
911,0.8974254131317139,0.8974254131317139,no_control
912,0.8942920565605164,0.8942920565605164,no_control
913,0.8909176588058472,0.8909176588058472,no_control
914,0.8870502710342407,0.8870502710342407,no_control
915,0.8863798975944519,0.8863798975944519,no_control
916,0.8793952465057373,0.8793952465057373,no_control
917,0.8745095729827881,0.8745095729827881,no_control
918,0.872658908367157,0.872658908367157,no_control
919,0.8759211897850037,0.8759211897850037,no_control
920,0.8681408166885376,0.8681408166885376,no_control
921,0.8673442602157593,0.8673442602157593,no_control
922,0.8549251556396484,0.8549251556396484,no_control
923,0.8544759750366211,0.8544759750366211,no_control
924,0.8671397566795349,0.8671397566795349,no_control
925,0.8667745590209961,0.8667745590209961,no_control
926,0.858062744140625,0.858062744140625,no_control
927,0.844835638999939,0.844835638999939,no_control
928,0.8383287191390991,0.8383287191390991,no_control
929,0.8271761536598206,0.8271761536598206,no_control
930,0.8157433271408081,0.8157433271408081,no_control
931,0.8084039092063904,0.8084039092063904,no_control
932,0.799608051776886,0.799608051776886,no_control
933,0.7910749316215515,0.7910749316215515,no_control
934,0.7851307392120361,0.7851307392120361,no_control
935,0.7748839855194092,0.7748839855194092,no_control
936,0.7653883099555969,0.7653883099555969,no_control
937,0.7534881234169006,0.7534881234169006,no_control
938,0.736298143863678,0.736298143863678,no_control
939,0.7183089852333069,0.7183089852333069,no_control
940,0.7059418559074402,0.7059418559074402,no_control
941,0.6956636309623718,0.6956636309623718,no_control
942,0.6886350512504578,0.6886350512504578,no_control
943,0.6803264021873474,0.6803264021873474,no_control
944,0.6735423803329468,0.6735423803329468,no_control
945,0.670185923576355,0.670185923576355,no_control
946,0.6691557765007019,0.6691557765007019,no_control
947,0.6753085851669312,0.6753085851669312,no_control
948,0.6748145818710327,0.6748145818710327,no_control
949,0.6800166368484497,0.6800166368484497,no_control
950,0.6802880764007568,0.6802880764007568,no_control
951,0.6728582978248596,0.6728582978248596,no_control
952,0.6687098145484924,0.6687098145484924,no_control
953,0.6667643189430237,0.6667643189430237,no_control
954,0.6623616814613342,0.6623616814613342,no_control
955,0.662888765335083,0.662888765335083,no_control
956,0.6605030298233032,0.6605030298233032,no_control
957,0.6596310138702393,0.6596310138702393,no_control
958,0.6584413647651672,0.6584413647651672,no_control
959,0.6595775485038757,0.6595775485038757,no_control
960,0.6579875349998474,0.6579875349998474,no_control
961,0.6586068272590637,0.6586068272590637,no_control
962,0.658694326877594,0.658694326877594,no_control
963,0.6541697382926941,0.6541697382926941,no_control
964,0.6550579071044922,0.6550579071044922,no_control
965,0.6551735401153564,0.6551735401153564,no_control
966,0.6574939489364624,0.6574939489364624,no_control
967,0.6555936932563782,0.6555936932563782,no_control
968,0.6570624709129333,0.6570624709129333,no_control
969,0.6541098952293396,0.6541098952293396,no_control
970,0.6649281978607178,0.6649281978607178,no_control
971,0.6777525544166565,0.6777525544166565,no_control
972,0.6782096028327942,0.6782096028327942,no_control
973,0.6793533563613892,0.6793533563613892,no_control
974,0.6920554041862488,0.6920554041862488,no_control
975,0.7059951424598694,0.7059951424598694,no_control
976,0.7142760753631592,0.7142760753631592,no_control
977,0.715468168258667,0.715468168258667,no_control
978,0.7143853902816772,0.7143853902816772,no_control
979,0.712908148765564,0.712908148765564,no_control
980,0.7103184461593628,0.7103184461593628,no_control
981,0.7057380676269531,0.7057380676269531,no_control
982,0.7047104835510254,0.7047104835510254,no_control
983,0.7043811678886414,0.7043811678886414,no_control
984,0.6979016661643982,0.6979016661643982,no_control
985,0.6946518421173096,0.6946518421173096,no_control
986,0.698758065700531,0.698758065700531,no_control
987,0.7009322643280029,0.7009322643280029,no_control
988,0.7045294642448425,0.7045294642448425,no_control
989,0.705462634563446,0.705462634563446,no_control
990,0.7043357491493225,0.7043357491493225,no_control
991,0.705989420413971,0.705989420413971,no_control
992,0.7075355052947998,0.7075355052947998,no_control
993,0.706093966960907,0.706093966960907,no_control
994,0.7079160809516907,0.7079160809516907,no_control
995,0.7137467265129089,0.7137467265129089,no_control
996,0.7107463479042053,0.7107463479042053,no_control
997,0.7068259716033936,0.7068259716033936,no_control
998,0.7045981884002686,0.7045981884002686,no_control
999,0.7103893160820007,0.7103893160820007,no_control
1000,0.7091208696365356,0.7091208696365356,no_control
1001,0.7079528570175171,0.7079528570175171,no_control
1002,0.7099871039390564,0.7099871039390564,no_control
1003,0.7110560536384583,0.7110560536384583,no_control
1004,0.7126776576042175,0.7126776576042175,no_control
1005,0.7135064601898193,0.7135064601898193,no_control
1006,0.7152296900749207,0.7152296900749207,no_control
1007,0.7171477675437927,0.7171477675437927,no_control
1008,0.7221961617469788,0.7221961617469788,no_control
1009,0.7217398285865784,0.7217398285865784,no_control
1010,0.7173438668251038,0.7173438668251038,no_control
1011,0.7185592651367188,0.7185592651367188,no_control
1012,0.716196596622467,0.716196596622467,no_control
1013,0.722090482711792,0.722090482711792,no_control
1014,0.7220739126205444,0.7220739126205444,no_control
1015,0.7219136953353882,0.7219136953353882,no_control
1016,0.7234833240509033,0.7234833240509033,no_control
1017,0.7290706038475037,0.7290706038475037,no_control
1018,0.7191079258918762,0.7191079258918762,no_control
1019,0.7055296897888184,0.7055296897888184,no_control
1020,0.6869697570800781,0.6869697570800781,no_control
1021,0.6617143154144287,0.6617143154144287,no_control
1022,0.6410114169120789,0.6410114169120789,no_control
1023,0.6298224925994873,0.6298224925994873,no_control
1024,0.6221157312393188,0.6221157312393188,no_control
1025,0.6226150989532471,0.6226150989532471,no_control
1026,0.629861056804657,0.629861056804657,no_control
1027,0.6306618452072144,0.6306618452072144,no_control
1028,0.6313525438308716,0.6313525438308716,no_control
1029,0.6362893581390381,0.6362893581390381,no_control
1030,0.63264000415802,0.63264000415802,no_control
1031,0.6324963569641113,0.6324963569641113,no_control
1032,0.6368046998977661,0.6368046998977661,no_control
1033,0.6391237378120422,0.6391237378120422,no_control
1034,0.6393846273422241,0.6393846273422241,no_control
1035,0.6387787461280823,0.6387787461280823,no_control
1036,0.6356105208396912,0.6356105208396912,no_control
1037,0.6353155970573425,0.6353155970573425,no_control
1038,0.6331426501274109,0.6331426501274109,no_control
1039,0.6331170797348022,0.6331170797348022,no_control
1040,0.6322968006134033,0.6322968006134033,no_control
1041,0.6314025521278381,0.6314025521278381,no_control
1042,0.6402227282524109,0.6402227282524109,no_control
1043,0.6515807509422302,0.6515807509422302,no_control
1044,0.6702442169189453,0.6702442169189453,no_control
1045,0.6838805079460144,0.6838805079460144,no_control
1046,0.6886341571807861,0.6886341571807861,no_control
1047,0.7008028030395508,0.7008028030395508,no_control
1048,0.7138528823852539,0.7138528823852539,no_control
1049,0.7254096269607544,0.7254096269607544,no_control
1050,0.7218387722969055,0.7218387722969055,no_control
1051,0.7166607975959778,0.7166607975959778,no_control
1052,0.714508056640625,0.714508056640625,no_control
1053,0.7156896591186523,0.7156896591186523,no_control
1054,0.7130981683731079,0.7130981683731079,no_control
1055,0.711984395980835,0.711984395980835,no_control
1056,0.709495484828949,0.709495484828949,no_control
1057,0.719139814376831,0.719139814376831,no_control
1058,0.7340039014816284,0.7340039014816284,no_control
1059,0.7455066442489624,0.7455066442489624,no_control
1060,0.7587043642997742,0.7587043642997742,no_control
1061,0.7656305432319641,0.7656305432319641,no_control
1062,0.7709272503852844,0.7709272503852844,no_control
1063,0.7770242094993591,0.7770242094993591,no_control
1064,0.7877496480941772,0.7877496480941772,no_control
1065,0.785881757736206,0.785881757736206,no_control
1066,0.7884668111801147,0.7884668111801147,no_control
1067,0.7976918816566467,0.7976918816566467,no_control
1068,0.8198698163032532,0.8198698163032532,no_control
1069,0.828568696975708,0.828568696975708,no_control
1070,0.8533759713172913,0.8533759713172913,no_control
1071,0.870607852935791,0.870607852935791,no_control
1072,0.8827018141746521,0.8827018141746521,no_control
1073,0.8833219408988953,0.8833219408988953,no_control
1074,0.8775039911270142,0.8775039911270142,no_control
1075,0.8783428072929382,0.8783428072929382,no_control
1076,0.880905270576477,0.880905270576477,no_control
1077,0.8805375099182129,0.8805375099182129,no_control
1078,0.8818343281745911,0.8818343281745911,no_control
1079,0.880692183971405,0.880692183971405,no_control
1080,0.876891016960144,0.876891016960144,no_control
1081,0.8757316470146179,0.8757316470146179,no_control
1082,0.8744088411331177,0.8744088411331177,no_control
1083,0.8769853115081787,0.8769853115081787,no_control
1084,0.880283534526825,0.880283534526825,no_control
1085,0.8788731098175049,0.8788731098175049,no_control
1086,0.8827729225158691,0.8827729225158691,no_control
1087,0.8843342065811157,0.8843342065811157,no_control
1088,0.8831058144569397,0.8831058144569397,no_control
1089,0.8831787109375,0.8831787109375,no_control
1090,0.8848947882652283,0.8848947882652283,no_control
1091,0.8773258924484253,0.8773258924484253,no_control
1092,0.8769299983978271,0.8769299983978271,no_control
1093,0.8826043605804443,0.8826043605804443,no_control
1094,0.8920705318450928,0.8920705318450928,no_control
1095,0.8864738941192627,0.8864738941192627,no_control
1096,0.8806455731391907,0.8806455731391907,no_control
1097,0.8703110218048096,0.8703110218048096,no_control
1098,0.8755676746368408,0.8755676746368408,no_control
1099,0.8754861354827881,0.8754861354827881,no_control
1100,0.8766112923622131,0.8766112923622131,no_control
1101,0.8776719570159912,0.8776719570159912,no_control
1102,0.8769561648368835,0.8769561648368835,no_control
1103,0.8778498768806458,0.8778498768806458,no_control
1104,0.8805732727050781,0.8805732727050781,no_control
1105,0.8894564509391785,0.8894564509391785,no_control
1106,0.896212637424469,0.896212637424469,no_control
1107,0.8991670608520508,0.8991670608520508,no_control
1108,0.9036356806755066,0.9036356806755066,no_control
1109,0.9083690047264099,0.9083690047264099,no_control
1110,0.9186534881591797,0.9186534881591797,no_control
1111,0.9326711297035217,0.9326711297035217,no_control
1112,0.9353358149528503,0.9353358149528503,no_control
1113,0.9409908056259155,0.9409908056259155,no_control
1114,0.9422993659973145,0.9422993659973145,no_control
1115,0.9452290534973145,0.9452290534973145,no_control
1116,0.9376059174537659,0.9376059174537659,no_control
1117,0.9474921822547913,0.9474921822547913,no_control
1118,0.9375476241111755,0.9375476241111755,no_control
1119,0.931520938873291,0.931520938873291,no_control
1120,0.9262457489967346,0.9262457489967346,no_control
1121,0.9237512946128845,0.9237512946128845,no_control
1122,0.9241927266120911,0.9241927266120911,no_control
1123,0.9233148694038391,0.9233148694038391,no_control
1124,0.9198583364486694,0.9198583364486694,no_control
1125,0.9157275557518005,0.9157275557518005,no_control
1126,0.913591206073761,0.913591206073761,no_control
1127,0.9164901971817017,0.9164901971817017,no_control
1128,0.9201892614364624,0.9201892614364624,no_control
1129,0.9298001527786255,0.9298001527786255,no_control
1130,0.9355331063270569,0.9355331063270569,no_control
1131,0.94186931848526,0.94186931848526,no_control
1132,0.9437949657440186,0.9437949657440186,no_control
1133,0.951947808265686,0.951947808265686,no_control
1134,0.9592245221138,0.9592245221138,no_control
1135,0.9656614065170288,0.9656614065170288,no_control
1136,0.9837072491645813,0.9837072491645813,no_control
1137,0.9972780346870422,0.9972780346870422,no_control
1138,0.9906509518623352,0.9906509518623352,no_control
1139,0.9884507656097412,0.9884507656097412,no_control
1140,0.989839494228363,0.989839494228363,no_control
1141,0.9890297651290894,0.9890297651290894,no_control
1142,0.9873920679092407,0.9873920679092407,no_control
1143,0.9734882116317749,0.9734882116317749,no_control
1144,0.9688199758529663,0.9688199758529663,no_control
1145,0.97027587890625,0.97027587890625,no_control
1146,0.9771053791046143,0.9771053791046143,no_control
1147,0.9833475947380066,0.9833475947380066,no_control
1148,0.9845010638237,0.9845010638237,no_control
1149,0.9837854504585266,0.9837854504585266,no_control
1150,0.9802590608596802,0.9802590608596802,no_control
1151,0.9792499542236328,0.9792499542236328,no_control
1152,0.9798557162284851,0.9798557162284851,no_control
1153,0.9641650915145874,0.9641650915145874,no_control
1154,0.9496846795082092,0.9496846795082092,no_control
1155,0.9354811310768127,0.9354811310768127,no_control
1156,0.9238218665122986,0.9238218665122986,no_control
1157,0.9108792543411255,0.9108792543411255,no_control
1158,0.8987621068954468,0.8987621068954468,no_control
1159,0.8819406032562256,0.8819406032562256,no_control
1160,0.8681811690330505,0.8681811690330505,no_control
1161,0.8636878132820129,0.8636878132820129,no_control
1162,0.863735020160675,0.863735020160675,no_control
1163,0.8516612648963928,0.8516612648963928,no_control
1164,0.8424872756004333,0.8424872756004333,no_control
1165,0.8290221095085144,0.8290221095085144,no_control
1166,0.819109320640564,0.819109320640564,no_control
1167,0.811642050743103,0.811642050743103,no_control
1168,0.8066875338554382,0.8066875338554382,no_control
1169,0.8057632446289062,0.8057632446289062,no_control
1170,0.8082202672958374,0.8082202672958374,no_control
1171,0.8104658722877502,0.8104658722877502,no_control
1172,0.8139646649360657,0.8139646649360657,no_control
1173,0.8181312084197998,0.8181312084197998,no_control
1174,0.8201947808265686,0.8201947808265686,no_control
1175,0.8199602961540222,0.8199602961540222,no_control
1176,0.8181236982345581,0.8181236982345581,no_control
1177,0.8146677613258362,0.8146677613258362,no_control
1178,0.8179798126220703,0.8179798126220703,no_control
1179,0.8170410394668579,0.8170410394668579,no_control
1180,0.8222234845161438,0.8222234845161438,no_control
1181,0.8262745141983032,0.8262745141983032,no_control
1182,0.8293778896331787,0.8293778896331787,no_control
1183,0.8318784236907959,0.8318784236907959,no_control
1184,0.8263129591941833,0.8263129591941833,no_control
1185,0.8209939002990723,0.8209939002990723,no_control
1186,0.8189613819122314,0.8189613819122314,no_control
1187,0.813385009765625,0.813385009765625,no_control
1188,0.8019282817840576,0.8019282817840576,no_control
1189,0.783898115158081,0.783898115158081,no_control
1190,0.7682233452796936,0.7682233452796936,no_control
1191,0.7609333992004395,0.7609333992004395,no_control
1192,0.7572581768035889,0.7572581768035889,no_control
1193,0.7596723437309265,0.7596723437309265,no_control
1194,0.7524052858352661,0.7524052858352661,no_control
1195,0.7507762908935547,0.7507762908935547,no_control
1196,0.7503859996795654,0.7503859996795654,no_control
1197,0.750917911529541,0.750917911529541,no_control
1198,0.7557974457740784,0.7557974457740784,no_control
1199,0.7538936138153076,0.7538936138153076,no_control
1200,0.7518357634544373,0.7518357634544373,no_control
1201,0.7472931742668152,0.7472931742668152,no_control
1202,0.7476747035980225,0.7476747035980225,no_control
1203,0.7498042583465576,0.7498042583465576,no_control
1204,0.7461556792259216,0.7461556792259216,no_control
1205,0.7460435628890991,0.7460435628890991,no_control
1206,0.743126630783081,0.743126630783081,no_control
1207,0.7412682175636292,0.7412682175636292,no_control
1208,0.7376119494438171,0.7376119494438171,no_control
1209,0.7362911105155945,0.7362911105155945,no_control
1210,0.728331983089447,0.728331983089447,no_control
1211,0.7239563465118408,0.7239563465118408,no_control
1212,0.7170936465263367,0.7170936465263367,no_control
1213,0.7107536792755127,0.7107536792755127,no_control
1214,0.7048168778419495,0.7048168778419495,no_control
1215,0.6997771859169006,0.6997771859169006,no_control
1216,0.6956157684326172,0.6956157684326172,no_control
1217,0.6994004249572754,0.6994004249572754,no_control
1218,0.7002700567245483,0.7002700567245483,no_control
1219,0.7028615474700928,0.7028615474700928,no_control
1220,0.7039124965667725,0.7039124965667725,no_control
1221,0.7049135565757751,0.7049135565757751,no_control
1222,0.7079851627349854,0.7079851627349854,no_control
1223,0.7085216641426086,0.7085216641426086,no_control
1224,0.7121120095252991,0.7121120095252991,no_control
1225,0.7050740718841553,0.7050740718841553,no_control
1226,0.6931235194206238,0.6931235194206238,no_control
1227,0.686924934387207,0.686924934387207,no_control
1228,0.6753614544868469,0.6753614544868469,no_control
1229,0.6670108437538147,0.6670108437538147,no_control
1230,0.6550843715667725,0.6550843715667725,no_control
1231,0.6453526020050049,0.6453526020050049,no_control
1232,0.6342331171035767,0.6342331171035767,no_control
1233,0.632438063621521,0.632438063621521,no_control
1234,0.6265779137611389,0.6265779137611389,no_control
1235,0.6214455962181091,0.6214455962181091,no_control
1236,0.6124331951141357,0.6124331951141357,no_control
1237,0.6119322180747986,0.6119322180747986,no_control
1238,0.6153069138526917,0.6153069138526917,no_control
1239,0.6166939735412598,0.6166939735412598,no_control
1240,0.6189868450164795,0.6189868450164795,no_control
1241,0.6150063872337341,0.6150063872337341,no_control
1242,0.6135827898979187,0.6135827898979187,no_control
1243,0.6133821606636047,0.6133821606636047,no_control
1244,0.6145230531692505,0.6145230531692505,no_control
1245,0.6143075227737427,0.6143075227737427,no_control
1246,0.6079951524734497,0.6079951524734497,no_control
1247,0.6075064539909363,0.6075064539909363,no_control
1248,0.60435551404953,0.60435551404953,no_control
1249,0.6134884357452393,0.6134884357452393,no_control
1250,0.6184514760971069,0.6184514760971069,no_control
1251,0.6239481568336487,0.6239481568336487,no_control
1252,0.6249446272850037,0.6249446272850037,no_control
1253,0.6323777437210083,0.6323777437210083,no_control
1254,0.6410089731216431,0.6410089731216431,no_control
1255,0.6487275958061218,0.6487275958061218,no_control
1256,0.6654856204986572,0.6654856204986572,no_control
1257,0.6648663282394409,0.6648663282394409,no_control
1258,0.6764031648635864,0.6764031648635864,no_control
1259,0.6933745741844177,0.6933745741844177,no_control
1260,0.7094718217849731,0.7094718217849731,no_control
1261,0.7301585674285889,0.7301585674285889,no_control
1262,0.7484592199325562,0.7484592199325562,no_control
1263,0.7677279114723206,0.7677279114723206,no_control
1264,0.7782407402992249,0.7782407402992249,no_control
1265,0.7759203314781189,0.7759203314781189,no_control
1266,0.774752676486969,0.774752676486969,no_control
1267,0.7724158763885498,0.7724158763885498,no_control
1268,0.772401750087738,0.772401750087738,no_control
1269,0.7721697688102722,0.7721697688102722,no_control
1270,0.7721380591392517,0.7721380591392517,no_control
1271,0.7731040120124817,0.7731040120124817,no_control
1272,0.7776098847389221,0.7776098847389221,no_control
1273,0.7873215675354004,0.7873215675354004,no_control
1274,0.7950168251991272,0.7950168251991272,no_control
1275,0.8018859624862671,0.8018859624862671,no_control
1276,0.8051601648330688,0.8051601648330688,no_control
1277,0.8038837313652039,0.8038837313652039,no_control
1278,0.808290958404541,0.808290958404541,no_control
1279,0.8073087334632874,0.8073087334632874,no_control
1280,0.810712456703186,0.810712456703186,no_control
1281,0.8112043738365173,0.8112043738365173,no_control
1282,0.8194634914398193,0.8194634914398193,no_control
1283,0.831840991973877,0.831840991973877,no_control
1284,0.856424868106842,0.856424868106842,no_control
1285,0.8752710223197937,0.8752710223197937,no_control
1286,0.8916767835617065,0.8916767835617065,no_control
1287,0.9083327651023865,0.9083327651023865,no_control
1288,0.9173972606658936,0.9173972606658936,no_control
1289,0.919768750667572,0.919768750667572,no_control
1290,0.920746386051178,0.920746386051178,no_control
1291,0.9196836352348328,0.9196836352348328,no_control
1292,0.9195554852485657,0.9195554852485657,no_control
1293,0.9225373268127441,0.9225373268127441,no_control
1294,0.9279701709747314,0.9279701709747314,no_control
1295,0.9360311031341553,0.9360311031341553,no_control
1296,0.944614052772522,0.944614052772522,no_control
1297,0.9434831142425537,0.9434831142425537,no_control
1298,0.938564658164978,0.938564658164978,no_control
1299,0.9405062794685364,0.9405062794685364,no_control
1300,0.9468780755996704,0.9468780755996704,no_control
1301,0.9443156123161316,0.9443156123161316,no_control
1302,0.9413972496986389,0.9413972496986389,no_control
1303,0.9450666308403015,0.9450666308403015,no_control
1304,0.943589985370636,0.943589985370636,no_control
1305,0.9507957100868225,0.9507957100868225,no_control
1306,0.9447370171546936,0.9447370171546936,no_control
1307,0.943294882774353,0.943294882774353,no_control
1308,0.9477915167808533,0.9477915167808533,no_control
1309,0.9461093544960022,0.9461093544960022,no_control
1310,0.9436095356941223,0.9436095356941223,no_control
1311,0.9377002120018005,0.9377002120018005,no_control
1312,0.9371660351753235,0.9371660351753235,no_control
1313,0.9399699568748474,0.9399699568748474,no_control
1314,0.937815248966217,0.937815248966217,no_control
1315,0.9402342438697815,0.9402342438697815,no_control
1316,0.9409281611442566,0.9409281611442566,no_control
1317,0.9421998858451843,0.9421998858451843,no_control
1318,0.9432757496833801,0.9432757496833801,no_control
1319,0.9470797181129456,0.9470797181129456,no_control
1320,0.9415799379348755,0.9415799379348755,no_control
1321,0.9447735548019409,0.9447735548019409,no_control
1322,0.9523748755455017,0.9523748755455017,no_control
1323,0.9541523456573486,0.9541523456573486,no_control
1324,0.96356201171875,0.96356201171875,no_control
1325,0.9739469885826111,0.9739469885826111,no_control
1326,0.9840973615646362,0.9840973615646362,no_control
1327,0.9978210926055908,0.9978210926055908,no_control
1328,1.0028380155563354,1.0028380155563354,no_control
1329,0.9921024441719055,0.9921024441719055,no_control
1330,0.9925488233566284,0.9925488233566284,no_control
1331,0.9946029782295227,0.9946029782295227,no_control
1332,0.9920600056648254,0.9920600056648254,no_control
1333,0.9957001209259033,0.9957001209259033,no_control
1334,1.0008512735366821,1.0008512735366821,no_control
1335,1.0075647830963135,1.0075647830963135,no_control
1336,1.0076992511749268,1.0076992511749268,no_control
1337,1.0132781267166138,1.0132781267166138,no_control
1338,1.0086288452148438,1.0086288452148438,no_control
1339,1.0057486295700073,1.0057486295700073,no_control
1340,1.0022879838943481,1.0022879838943481,no_control
1341,0.9962233901023865,0.9962233901023865,no_control
1342,0.9904937744140625,0.9904937744140625,no_control
1343,0.9784885048866272,0.9784885048866272,no_control
1344,0.9669917225837708,0.9669917225837708,no_control
1345,0.9565284252166748,0.9565284252166748,no_control
1346,0.9497361183166504,0.9497361183166504,no_control
1347,0.9370617866516113,0.9370617866516113,no_control
1348,0.9260337352752686,0.9260337352752686,no_control
1349,0.9146743416786194,0.9146743416786194,no_control
1350,0.9065423011779785,0.9065423011779785,no_control
1351,0.8917123675346375,0.8917123675346375,no_control
1352,0.8749250173568726,0.8749250173568726,no_control
1353,0.8653820753097534,0.8653820753097534,no_control
1354,0.8689805269241333,0.8689805269241333,no_control
1355,0.8691417574882507,0.8691417574882507,no_control
1356,0.867231547832489,0.867231547832489,no_control
1357,0.870903730392456,0.870903730392456,no_control
1358,0.8763535022735596,0.8763535022735596,no_control
1359,0.877629816532135,0.877629816532135,no_control
1360,0.880520224571228,0.880520224571228,no_control
1361,0.8798118233680725,0.8798118233680725,no_control
1362,0.8776258230209351,0.8776258230209351,no_control
1363,0.8725096583366394,0.8725096583366394,no_control
1364,0.8696510791778564,0.8696510791778564,no_control
1365,0.8683493733406067,0.8683493733406067,no_control
1366,0.8640965223312378,0.8640965223312378,no_control
1367,0.8571639657020569,0.8571639657020569,no_control
1368,0.8570153713226318,0.8570153713226318,no_control
1369,0.8441756963729858,0.8441756963729858,no_control
1370,0.8283277153968811,0.8283277153968811,no_control
1371,0.8172492980957031,0.8172492980957031,no_control
1372,0.8080544471740723,0.8080544471740723,no_control
1373,0.7983353137969971,0.7983353137969971,no_control
1374,0.7797433137893677,0.7797433137893677,no_control
1375,0.7647361755371094,0.7647361755371094,no_control
1376,0.7593786716461182,0.7593786716461182,no_control
1377,0.7603183388710022,0.7603183388710022,no_control
1378,0.7627164125442505,0.7627164125442505,no_control
1379,0.7631967663764954,0.7631967663764954,no_control
1380,0.7617579102516174,0.7617579102516174,no_control
1381,0.7631716132164001,0.7631716132164001,no_control
1382,0.7630001306533813,0.7630001306533813,no_control
1383,0.762819230556488,0.762819230556488,no_control
1384,0.7670929431915283,0.7670929431915283,no_control
1385,0.7615505456924438,0.7615505456924438,no_control
1386,0.7624111175537109,0.7624111175537109,no_control
1387,0.7625632882118225,0.7625632882118225,no_control
1388,0.7616937756538391,0.7616937756538391,no_control
1389,0.7601635456085205,0.7601635456085205,no_control
1390,0.7597333788871765,0.7597333788871765,no_control
1391,0.7616744041442871,0.7616744041442871,no_control
1392,0.7607401013374329,0.7607401013374329,no_control
1393,0.7564149498939514,0.7564149498939514,no_control
1394,0.7526629567146301,0.7526629567146301,no_control
1395,0.7482686042785645,0.7482686042785645,no_control
1396,0.745533287525177,0.745533287525177,no_control
1397,0.7435634136199951,0.7435634136199951,no_control
1398,0.740166425704956,0.740166425704956,no_control
1399,0.7380774617195129,0.7380774617195129,no_control
1400,0.7381431460380554,0.7381431460380554,no_control
1401,0.7423369884490967,0.7423369884490967,no_control
1402,0.7342501878738403,0.7342501878738403,no_control
1403,0.722534716129303,0.722534716129303,no_control
1404,0.7078820466995239,0.7078820466995239,no_control
1405,0.6898545026779175,0.6898545026779175,no_control
1406,0.6770600080490112,0.6770600080490112,no_control
1407,0.6638430953025818,0.6638430953025818,no_control
1408,0.6551057696342468,0.6551057696342468,no_control
1409,0.6538447737693787,0.6538447737693787,no_control
1410,0.6565781831741333,0.6565781831741333,no_control
1411,0.65659099817276,0.65659099817276,no_control
1412,0.6542540192604065,0.6542540192604065,no_control
1413,0.6498435139656067,0.6498435139656067,no_control
1414,0.647157609462738,0.647157609462738,no_control
1415,0.6413467526435852,0.6413467526435852,no_control
1416,0.6362693309783936,0.6362693309783936,no_control
1417,0.6345738172531128,0.6345738172531128,no_control
1418,0.6343153119087219,0.6343153119087219,no_control
1419,0.6370621919631958,0.6370621919631958,no_control
1420,0.6311959624290466,0.6311959624290466,no_control
1421,0.6253660321235657,0.6253660321235657,no_control
1422,0.6259816288948059,0.6259816288948059,no_control
1423,0.6237534284591675,0.6237534284591675,no_control
1424,0.6133846044540405,0.6133846044540405,no_control
1425,0.6151332855224609,0.6151332855224609,no_control
1426,0.6106023192405701,0.6106023192405701,no_control
1427,0.6133530735969543,0.6133530735969543,no_control
1428,0.6168133020401001,0.6168133020401001,no_control
1429,0.6109045743942261,0.6109045743942261,no_control
1430,0.6071051955223083,0.6071051955223083,no_control
1431,0.605455756187439,0.605455756187439,no_control
1432,0.6036795973777771,0.6036795973777771,no_control
1433,0.6061917543411255,0.6061917543411255,no_control
1434,0.6098630428314209,0.6098630428314209,no_control
1435,0.6122218370437622,0.6122218370437622,no_control
1436,0.6138256192207336,0.6138256192207336,no_control
1437,0.614441990852356,0.614441990852356,no_control
1438,0.6165819764137268,0.6165819764137268,no_control
1439,0.6243544816970825,0.6243544816970825,no_control
1440,0.6353968977928162,0.6353968977928162,no_control
1441,0.6563096046447754,0.6563096046447754,no_control
1442,0.6820988059043884,0.6820988059043884,no_control
1443,0.7071406245231628,0.7071406245231628,no_control
1444,0.727083146572113,0.727083146572113,no_control
1445,0.7490414977073669,0.7490414977073669,no_control
1446,0.773322343826294,0.773322343826294,no_control
1447,0.7973407506942749,0.7973407506942749,no_control
1448,0.8209859132766724,0.8209859132766724,no_control
1449,0.8181682825088501,0.8181682825088501,no_control
1450,0.8188087344169617,0.8188087344169617,no_control
1451,0.8265609741210938,0.8265609741210938,no_control
1452,0.8373133540153503,0.8373133540153503,no_control
1453,0.8533031344413757,0.8533031344413757,no_control
1454,0.8639193177223206,0.8639193177223206,no_control
1455,0.8760311007499695,0.8760311007499695,no_control
1456,0.8861627578735352,0.8861627578735352,no_control
1457,0.8888223171234131,0.8888223171234131,no_control
1458,0.887036919593811,0.887036919593811,no_control
1459,0.8867672681808472,0.8867672681808472,no_control
1460,0.8891072869300842,0.8891072869300842,no_control
1461,0.8908580541610718,0.8908580541610718,no_control
1462,0.8919590711593628,0.8919590711593628,no_control
1463,0.8994341492652893,0.8994341492652893,no_control
1464,0.9045470356941223,0.9045470356941223,no_control
1465,0.9113299250602722,0.9113299250602722,no_control
1466,0.9165874719619751,0.9165874719619751,no_control
1467,0.9193305969238281,0.9193305969238281,no_control
1468,0.9279601573944092,0.9279601573944092,no_control
1469,0.9380751252174377,0.9380751252174377,no_control
1470,0.9499171376228333,0.9499171376228333,no_control
1471,0.963011622428894,0.963011622428894,no_control
1472,0.9703271985054016,0.9703271985054016,no_control
1473,0.980774462223053,0.980774462223053,no_control
1474,0.9823174476623535,0.9823174476623535,no_control
1475,0.9792796969413757,0.9792796969413757,no_control
1476,0.9778326153755188,0.9778326153755188,no_control
1477,0.9777047634124756,0.9777047634124756,no_control
1478,0.9748150110244751,0.9748150110244751,no_control
1479,0.9749939441680908,0.9749939441680908,no_control
1480,0.9718869924545288,0.9718869924545288,no_control
1481,0.9742204546928406,0.9742204546928406,no_control
1482,0.9758141040802002,0.9758141040802002,no_control
1483,0.9755247235298157,0.9755247235298157,no_control
1484,0.9747658967971802,0.9747658967971802,no_control
1485,0.9756377339363098,0.9756377339363098,no_control
1486,0.978277325630188,0.978277325630188,no_control
1487,0.9714130163192749,0.9714130163192749,no_control
1488,0.9639101028442383,0.9639101028442383,no_control
1489,0.9612531661987305,0.9612531661987305,no_control
1490,0.9479348659515381,0.9479348659515381,no_control
1491,0.9427779316902161,0.9427779316902161,no_control
1492,0.9408950805664062,0.9408950805664062,no_control
1493,0.9340780377388,0.9340780377388,no_control
1494,0.9319145679473877,0.9319145679473877,no_control
1495,0.927787721157074,0.927787721157074,no_control
1496,0.9211497902870178,0.9211497902870178,no_control
1497,0.9365487098693848,0.9365487098693848,no_control
1498,0.9392169117927551,0.9392169117927551,no_control
1499,0.9400315284729004,0.9400315284729004,no_control
1500,0.9362269043922424,0.9362269043922424,no_control
1501,0.9246364831924438,0.9246364831924438,no_control
1502,0.9118230938911438,0.9118230938911438,no_control
1503,0.9003999829292297,0.9003999829292297,no_control
1504,0.8924710750579834,0.8924710750579834,no_control
1505,0.8977062106132507,0.8977062106132507,no_control
1506,0.9027971625328064,0.9027971625328064,no_control
1507,0.9055343270301819,0.9055343270301819,no_control
1508,0.9057890772819519,0.9057890772819519,no_control
1509,0.9057344198226929,0.9057344198226929,no_control
1510,0.9070761799812317,0.9070761799812317,no_control
1511,0.907260537147522,0.907260537147522,no_control
1512,0.907137930393219,0.907137930393219,no_control
1513,0.9089558124542236,0.9089558124542236,no_control
1514,0.9092011451721191,0.9092011451721191,no_control
1515,0.9094534516334534,0.9094534516334534,no_control
1516,0.9084517955780029,0.9084517955780029,no_control
1517,0.9044011831283569,0.9044011831283569,no_control
1518,0.8927882313728333,0.8927882313728333,no_control
1519,0.8803684115409851,0.8803684115409851,no_control
1520,0.8784086108207703,0.8784086108207703,no_control
1521,0.8721424341201782,0.8721424341201782,no_control
1522,0.8709624409675598,0.8709624409675598,no_control
1523,0.8565593957901001,0.8565593957901001,no_control
1524,0.8380924463272095,0.8380924463272095,no_control
1525,0.8199514150619507,0.8199514150619507,no_control
1526,0.8031513690948486,0.8031513690948486,no_control
1527,0.7879878878593445,0.7879878878593445,no_control
1528,0.7789452075958252,0.7789452075958252,no_control
1529,0.7753357887268066,0.7753357887268066,no_control
1530,0.7758075594902039,0.7758075594902039,no_control
1531,0.7757232189178467,0.7757232189178467,no_control
1532,0.7787161469459534,0.7787161469459534,no_control
1533,0.77910977602005,0.77910977602005,no_control
1534,0.7773728370666504,0.7773728370666504,no_control
1535,0.7757382988929749,0.7757382988929749,no_control
1536,0.7744858264923096,0.7744858264923096,no_control
1537,0.7577587366104126,0.7577587366104126,no_control
1538,0.7492624521255493,0.7492624521255493,no_control
1539,0.7302617430686951,0.7302617430686951,no_control
1540,0.7162034511566162,0.7162034511566162,no_control
1541,0.7028882503509521,0.7028882503509521,no_control
1542,0.6825153231620789,0.6825153231620789,no_control
1543,0.6627211570739746,0.6627211570739746,no_control
1544,0.6456028819084167,0.6456028819084167,no_control
1545,0.6347703337669373,0.6347703337669373,no_control
1546,0.6265372037887573,0.6265372037887573,no_control
1547,0.6138722896575928,0.6138722896575928,no_control
1548,0.6009347438812256,0.6009347438812256,no_control
1549,0.5913105607032776,0.5913105607032776,no_control
1550,0.5826811790466309,0.5826811790466309,no_control
1551,0.5780122876167297,0.5780122876167297,no_control
1552,0.5702323913574219,0.5702323913574219,no_control
1553,0.5634183287620544,0.5634183287620544,no_control
1554,0.5606932044029236,0.5606932044029236,no_control
1555,0.5624296069145203,0.5624296069145203,no_control
1556,0.5623722672462463,0.5623722672462463,no_control
1557,0.563831090927124,0.563831090927124,no_control
1558,0.5647028684616089,0.5647028684616089,no_control
1559,0.56110680103302,0.56110680103302,no_control
1560,0.5587804317474365,0.5587804317474365,no_control
1561,0.5570184588432312,0.5570184588432312,no_control
1562,0.5581890344619751,0.5581890344619751,no_control
1563,0.5574373006820679,0.5574373006820679,no_control
1564,0.5569779872894287,0.5569779872894287,no_control
1565,0.5610685348510742,0.5610685348510742,no_control
1566,0.5665645599365234,0.5665645599365234,no_control
1567,0.5718370676040649,0.5718370676040649,no_control
1568,0.5709637403488159,0.5709637403488159,no_control
1569,0.5712242722511292,0.5712242722511292,no_control
1570,0.5615123510360718,0.5615123510360718,no_control
1571,0.5558051466941833,0.5558051466941833,no_control
1572,0.5510451793670654,0.5510451793670654,no_control
1573,0.5503209233283997,0.5503209233283997,no_control
1574,0.5461859703063965,0.5461859703063965,no_control
1575,0.5415494441986084,0.5415494441986084,no_control
1576,0.5387855172157288,0.5387855172157288,no_control
1577,0.5378959774971008,0.5378959774971008,no_control
1578,0.5368605256080627,0.5368605256080627,no_control
1579,0.5377325415611267,0.5377325415611267,no_control
1580,0.5390862822532654,0.5390862822532654,no_control
1581,0.5409612059593201,0.5409612059593201,no_control
1582,0.545261025428772,0.545261025428772,no_control
1583,0.5498214364051819,0.5498214364051819,no_control
1584,0.5551313757896423,0.5551313757896423,no_control
1585,0.5614615678787231,0.5614615678787231,no_control
1586,0.5671494007110596,0.5671494007110596,no_control
1587,0.5776242613792419,0.5776242613792419,no_control
1588,0.5841251611709595,0.5841251611709595,no_control
1589,0.5940656661987305,0.5940656661987305,no_control
1590,0.6042052507400513,0.6042052507400513,no_control
1591,0.6158134937286377,0.6158134937286377,no_control
1592,0.6247380971908569,0.6247380971908569,no_control
1593,0.6243060827255249,0.6243060827255249,no_control
1594,0.6324538588523865,0.6324538588523865,no_control
1595,0.6373333930969238,0.6373333930969238,no_control
1596,0.6445162892341614,0.6445162892341614,no_control
1597,0.6518431901931763,0.6518431901931763,no_control
1598,0.6600419282913208,0.6600419282913208,no_control
1599,0.6693946123123169,0.6693946123123169,no_control
1600,0.6821436882019043,0.6821436882019043,no_control
1601,0.693440318107605,0.693440318107605,no_control
1602,0.7016356587409973,0.7016356587409973,no_control
1603,0.7074681520462036,0.7074681520462036,no_control
1604,0.7172157168388367,0.7172157168388367,no_control
1605,0.7279050350189209,0.7279050350189209,no_control
1606,0.7381502389907837,0.7381502389907837,no_control
1607,0.7503505349159241,0.7503505349159241,no_control
1608,0.7584857940673828,0.7584857940673828,no_control
1609,0.756221354007721,0.756221354007721,no_control
1610,0.7604936957359314,0.7604936957359314,no_control
1611,0.7658603191375732,0.7658603191375732,no_control
1612,0.7713013887405396,0.7713013887405396,no_control
1613,0.772649347782135,0.772649347782135,no_control
1614,0.7786142230033875,0.7786142230033875,no_control
1615,0.7778287529945374,0.7778287529945374,no_control
1616,0.7813426852226257,0.7813426852226257,no_control
1617,0.7760890126228333,0.7760890126228333,no_control
1618,0.78153395652771,0.78153395652771,no_control
1619,0.7921402454376221,0.7921402454376221,no_control
1620,0.8062493801116943,0.8062493801116943,no_control
1621,0.8151823878288269,0.8151823878288269,no_control
1622,0.8287283778190613,0.8287283778190613,no_control
1623,0.8413472771644592,0.8413472771644592,no_control
1624,0.8536199331283569,0.8536199331283569,no_control
1625,0.8574409484863281,0.8574409484863281,no_control
1626,0.8565133810043335,0.8565133810043335,no_control
1627,0.8559192419052124,0.8559192419052124,no_control
1628,0.8549692034721375,0.8549692034721375,no_control
1629,0.8544429540634155,0.8544429540634155,no_control
1630,0.8522945046424866,0.8522945046424866,no_control
1631,0.8533628582954407,0.8533628582954407,no_control
1632,0.8535112738609314,0.8535112738609314,no_control
1633,0.8539076447486877,0.8539076447486877,no_control
1634,0.8584672808647156,0.8584672808647156,no_control
1635,0.8698556423187256,0.8698556423187256,no_control
1636,0.8805158734321594,0.8805158734321594,no_control
1637,0.8852880597114563,0.8852880597114563,no_control
1638,0.8920511603355408,0.8920511603355408,no_control
1639,0.897678017616272,0.897678017616272,no_control
1640,0.9088018536567688,0.9088018536567688,no_control
1641,0.904362678527832,0.904362678527832,no_control
1642,0.8900117874145508,0.8900117874145508,no_control
1643,0.8772886395454407,0.8772886395454407,no_control
1644,0.8633089065551758,0.8633089065551758,no_control
1645,0.8502960205078125,0.8502960205078125,no_control
1646,0.8340665102005005,0.8340665102005005,no_control
1647,0.8212396502494812,0.8212396502494812,no_control
1648,0.8071580529212952,0.8071580529212952,no_control
1649,0.7925751209259033,0.7925751209259033,no_control
1650,0.7826685309410095,0.7826685309410095,no_control
1651,0.7728700041770935,0.7728700041770935,no_control
1652,0.7630436420440674,0.7630436420440674,no_control
1653,0.7517810463905334,0.7517810463905334,no_control
1654,0.7436078190803528,0.7436078190803528,no_control
1655,0.7363145351409912,0.7363145351409912,no_control
1656,0.7305806875228882,0.7305806875228882,no_control
1657,0.7323315143585205,0.7323315143585205,no_control
1658,0.7297368049621582,0.7297368049621582,no_control
1659,0.726127564907074,0.726127564907074,no_control
1660,0.7270107865333557,0.7270107865333557,no_control
1661,0.7259587645530701,0.7259587645530701,no_control
1662,0.7246261239051819,0.7246261239051819,no_control
1663,0.7264026403427124,0.7264026403427124,no_control
1664,0.7257041931152344,0.7257041931152344,no_control
1665,0.7306004762649536,0.7306004762649536,no_control
1666,0.7259080410003662,0.7259080410003662,no_control
1667,0.7131255269050598,0.7131255269050598,no_control
1668,0.6991665363311768,0.6991665363311768,no_control
1669,0.686098039150238,0.686098039150238,no_control
1670,0.6683301329612732,0.6683301329612732,no_control
1671,0.6522880792617798,0.6522880792617798,no_control
1672,0.640251100063324,0.640251100063324,no_control
1673,0.6398589015007019,0.6398589015007019,no_control
1674,0.6455681324005127,0.6455681324005127,no_control
1675,0.6505265235900879,0.6505265235900879,no_control
1676,0.6529605388641357,0.6529605388641357,no_control
1677,0.6561564803123474,0.6561564803123474,no_control
1678,0.6581729054450989,0.6581729054450989,no_control
1679,0.6574521660804749,0.6574521660804749,no_control
1680,0.6575106978416443,0.6575106978416443,no_control
1681,0.6521552801132202,0.6521552801132202,no_control
1682,0.6437958478927612,0.6437958478927612,no_control
1683,0.632429301738739,0.632429301738739,no_control
1684,0.6227232813835144,0.6227232813835144,no_control
1685,0.6189296245574951,0.6189296245574951,no_control
1686,0.6104060411453247,0.6104060411453247,no_control
1687,0.6021060943603516,0.6021060943603516,no_control
1688,0.5886613130569458,0.5886613130569458,no_control
1689,0.5945659279823303,0.5945659279823303,no_control
1690,0.6052371263504028,0.6052371263504028,no_control
1691,0.6110842823982239,0.6110842823982239,no_control
1692,0.6171354651451111,0.6171354651451111,no_control
1693,0.6151250600814819,0.6151250600814819,no_control
1694,0.6191478967666626,0.6191478967666626,no_control
1695,0.6237102150917053,0.6237102150917053,no_control
1696,0.6316778063774109,0.6316778063774109,no_control
1697,0.6411032676696777,0.6411032676696777,no_control
1698,0.6486896276473999,0.6486896276473999,no_control
1699,0.6551845669746399,0.6551845669746399,no_control
1700,0.6609249114990234,0.6609249114990234,no_control
1701,0.6665126085281372,0.6665126085281372,no_control
1702,0.6668791770935059,0.6668791770935059,no_control
1703,0.6650489568710327,0.6650489568710327,no_control
1704,0.6636027693748474,0.6636027693748474,no_control
1705,0.6598814725875854,0.6598814725875854,no_control
1706,0.6568477153778076,0.6568477153778076,no_control
1707,0.6556199789047241,0.6556199789047241,no_control
1708,0.6518190503120422,0.6518190503120422,no_control
1709,0.6496742963790894,0.6496742963790894,no_control
1710,0.6474179029464722,0.6474179029464722,no_control
1711,0.6470552086830139,0.6470552086830139,no_control
1712,0.6459504961967468,0.6459504961967468,no_control
1713,0.642695426940918,0.642695426940918,no_control
1714,0.6463874578475952,0.6463874578475952,no_control
1715,0.6491730213165283,0.6491730213165283,no_control
1716,0.6496795415878296,0.6496795415878296,no_control
1717,0.6487491130828857,0.6487491130828857,no_control
1718,0.6515920758247375,0.6515920758247375,no_control
1719,0.6545277833938599,0.6545277833938599,no_control
1720,0.6558078527450562,0.6558078527450562,no_control
1721,0.655314028263092,0.655314028263092,no_control
1722,0.6545068621635437,0.6545068621635437,no_control
1723,0.6542097926139832,0.6542097926139832,no_control
1724,0.6551414132118225,0.6551414132118225,no_control
1725,0.6547788977622986,0.6547788977622986,no_control
1726,0.6562992334365845,0.6562992334365845,no_control
1727,0.6560865640640259,0.6560865640640259,no_control
1728,0.6558102965354919,0.6558102965354919,no_control
1729,0.6599313616752625,0.6599313616752625,no_control
1730,0.6598684191703796,0.6598684191703796,no_control
1731,0.6584470272064209,0.6584470272064209,no_control
1732,0.658049464225769,0.658049464225769,no_control
1733,0.6563763618469238,0.6563763618469238,no_control
1734,0.6578279733657837,0.6578279733657837,no_control
1735,0.6584921479225159,0.6584921479225159,no_control
1736,0.656862199306488,0.656862199306488,no_control
1737,0.6539735198020935,0.6539735198020935,no_control
1738,0.6564149856567383,0.6564149856567383,no_control
1739,0.6648411154747009,0.6648411154747009,no_control
1740,0.6676031947135925,0.6676031947135925,no_control
1741,0.6757608652114868,0.6757608652114868,no_control
1742,0.6812092065811157,0.6812092065811157,no_control
1743,0.6855518817901611,0.6855518817901611,no_control
1744,0.6857207417488098,0.6857207417488098,no_control
1745,0.6897941827774048,0.6897941827774048,no_control
1746,0.6929118037223816,0.6929118037223816,no_control
1747,0.6956452131271362,0.6956452131271362,no_control
1748,0.6980276703834534,0.6980276703834534,no_control
1749,0.6993215680122375,0.6993215680122375,no_control
1750,0.7023022174835205,0.7023022174835205,no_control
1751,0.7047750353813171,0.7047750353813171,no_control
1752,0.7068374156951904,0.7068374156951904,no_control
1753,0.709050178527832,0.709050178527832,no_control
1754,0.713816225528717,0.713816225528717,no_control
1755,0.7191163897514343,0.7191163897514343,no_control
1756,0.7250980138778687,0.7250980138778687,no_control
1757,0.7296760082244873,0.7296760082244873,no_control
1758,0.7349191308021545,0.7349191308021545,no_control
1759,0.7360303997993469,0.7360303997993469,no_control
1760,0.7413991689682007,0.7413991689682007,no_control
1761,0.7423455715179443,0.7423455715179443,no_control
1762,0.7436431050300598,0.7436431050300598,no_control
1763,0.7448746562004089,0.7448746562004089,no_control
1764,0.7475262880325317,0.7475262880325317,no_control
1765,0.7466059327125549,0.7466059327125549,no_control
1766,0.7460466623306274,0.7460466623306274,no_control
1767,0.7483721375465393,0.7483721375465393,no_control
1768,0.7533639669418335,0.7533639669418335,no_control
1769,0.7560579180717468,0.7560579180717468,no_control
1770,0.759350061416626,0.759350061416626,no_control
1771,0.7596258521080017,0.7596258521080017,no_control
1772,0.7607244849205017,0.7607244849205017,no_control
1773,0.7620535492897034,0.7620535492897034,no_control
1774,0.7622904181480408,0.7622904181480408,no_control
1775,0.7645127773284912,0.7645127773284912,no_control
1776,0.7608182430267334,0.7608182430267334,no_control
1777,0.7617576122283936,0.7617576122283936,no_control
1778,0.7665111422538757,0.7665111422538757,no_control
1779,0.771518886089325,0.771518886089325,no_control
1780,0.776934802532196,0.776934802532196,no_control
1781,0.7837876677513123,0.7837876677513123,no_control
1782,0.790834903717041,0.790834903717041,no_control
1783,0.7974293231964111,0.7974293231964111,no_control
1784,0.8061913847923279,0.8061913847923279,no_control
1785,0.8068439960479736,0.8068439960479736,no_control
1786,0.7986332178115845,0.7986332178115845,no_control
1787,0.7909916639328003,0.7909916639328003,no_control
1788,0.7940082550048828,0.7940082550048828,no_control
1789,0.8032052516937256,0.8032052516937256,no_control
1790,0.8164030909538269,0.8164030909538269,no_control
1791,0.8240683674812317,0.8240683674812317,no_control
1792,0.8326389789581299,0.8326389789581299,no_control
1793,0.8232728838920593,0.8232728838920593,no_control
1794,0.8180379271507263,0.8180379271507263,no_control
1795,0.8157737255096436,0.8157737255096436,no_control
1796,0.8172838091850281,0.8172838091850281,no_control
1797,0.8197575807571411,0.8197575807571411,no_control
1798,0.8248220086097717,0.8248220086097717,no_control
1799,0.8336281776428223,0.8336281776428223,no_control
1800,0.8423775434494019,0.8423775434494019,no_control
1801,0.8585196137428284,0.8585196137428284,no_control
1802,0.867607831954956,0.867607831954956,no_control
1803,0.8755128383636475,0.8755128383636475,no_control
1804,0.8813273310661316,0.8813273310661316,no_control
1805,0.8898898959159851,0.8898898959159851,no_control
1806,0.9039377570152283,0.9039377570152283,no_control
1807,0.9219735860824585,0.9219735860824585,no_control
1808,0.9394938349723816,0.9394938349723816,no_control
1809,0.95267653465271,0.95267653465271,no_control
1810,0.9590737819671631,0.9590737819671631,no_control
1811,0.9796353578567505,0.9796353578567505,no_control
1812,1.0051853656768799,1.0051853656768799,no_control
1813,1.0388507843017578,1.0388507843017578,no_control
1814,1.0746136903762817,1.0746136903762817,no_control
1815,1.0965030193328857,1.0965030193328857,no_control
1816,1.110138177871704,1.110138177871704,no_control
1817,1.0996211767196655,1.0996211767196655,no_control
1818,1.0919911861419678,1.0919911861419678,no_control
1819,1.0880930423736572,1.0880930423736572,no_control
1820,1.0876610279083252,1.0876610279083252,no_control
1821,1.0862700939178467,1.0862700939178467,no_control
1822,1.085758090019226,1.085758090019226,no_control
1823,1.0818127393722534,1.0818127393722534,no_control
1824,1.0832394361495972,1.0832394361495972,no_control
1825,1.0862064361572266,1.0862064361572266,no_control
1826,1.0909388065338135,1.0909388065338135,no_control
1827,1.0931549072265625,1.0931549072265625,no_control
1828,1.0914031267166138,1.0914031267166138,no_control
1829,1.0888396501541138,1.0888396501541138,no_control
1830,1.085440993309021,1.085440993309021,no_control
1831,1.0815716981887817,1.0815716981887817,no_control
1832,1.083267092704773,1.083267092704773,no_control
1833,1.08657968044281,1.08657968044281,no_control
1834,1.0997366905212402,1.0997366905212402,no_control
1835,1.1249682903289795,1.1249682903289795,no_control
1836,1.1506413221359253,1.1506413221359253,no_control
1837,1.1728243827819824,1.1728243827819824,no_control
1838,1.1801810264587402,1.1801810264587402,no_control
1839,1.1861183643341064,1.1861183643341064,no_control
1840,1.1863493919372559,1.1863493919372559,no_control
1841,1.1837632656097412,1.1837632656097412,no_control
1842,1.1822782754898071,1.1822782754898071,no_control
1843,1.1797391176223755,1.1797391176223755,no_control
1844,1.1757954359054565,1.1757954359054565,no_control
1845,1.172895908355713,1.172895908355713,no_control
1846,1.1680941581726074,1.1680941581726074,no_control
1847,1.1626273393630981,1.1626273393630981,no_control
1848,1.158066987991333,1.158066987991333,no_control
1849,1.1495416164398193,1.1495416164398193,no_control
1850,1.1466903686523438,1.1466903686523438,no_control
1851,1.143822431564331,1.143822431564331,no_control
1852,1.1441916227340698,1.1441916227340698,no_control
1853,1.1432472467422485,1.1432472467422485,no_control
1854,1.1436736583709717,1.1436736583709717,no_control
1855,1.1457576751708984,1.1457576751708984,no_control
1856,1.150902271270752,1.150902271270752,no_control
1857,1.1461551189422607,1.1461551189422607,no_control
1858,1.142425775527954,1.142425775527954,no_control
1859,1.1431834697723389,1.1431834697723389,no_control
1860,1.143039345741272,1.143039345741272,no_control
1861,1.1419670581817627,1.1419670581817627,no_control
1862,1.1386457681655884,1.1386457681655884,no_control
1863,1.1393282413482666,1.1393282413482666,no_control
1864,1.1408778429031372,1.1408778429031372,no_control
1865,1.144263505935669,1.144263505935669,no_control
1866,1.1487826108932495,1.1487826108932495,no_control
1867,1.154154658317566,1.154154658317566,no_control
1868,1.1573295593261719,1.1573295593261719,no_control
1869,1.163100004196167,1.163100004196167,no_control
1870,1.1686742305755615,1.1686742305755615,no_control
1871,1.1764622926712036,1.1764622926712036,no_control
1872,1.1798139810562134,1.1798139810562134,no_control
1873,1.179517149925232,1.179517149925232,no_control
1874,1.177390217781067,1.177390217781067,no_control
1875,1.1749361753463745,1.1749361753463745,no_control
1876,1.1757830381393433,1.1757830381393433,no_control
1877,1.175363302230835,1.175363302230835,no_control
1878,1.1793760061264038,1.1793760061264038,no_control
1879,1.18118417263031,1.18118417263031,no_control
1880,1.1798937320709229,1.1798937320709229,no_control
1881,1.1742026805877686,1.1742026805877686,no_control
1882,1.1702659130096436,1.1702659130096436,no_control
1883,1.1635044813156128,1.1635044813156128,no_control
1884,1.152340054512024,1.152340054512024,no_control
1885,1.1380784511566162,1.1380784511566162,no_control
1886,1.140472650527954,1.140472650527954,no_control
1887,1.1448981761932373,1.1448981761932373,no_control
1888,1.152571201324463,1.152571201324463,no_control
1889,1.1521046161651611,1.1521046161651611,no_control
1890,1.159913420677185,1.159913420677185,no_control
1891,1.163964033126831,1.163964033126831,no_control
1892,1.164443850517273,1.164443850517273,no_control
1893,1.1626635789871216,1.1626635789871216,no_control
1894,1.1623175144195557,1.1623175144195557,no_control
1895,1.1621888875961304,1.1621888875961304,no_control
1896,1.1638579368591309,1.1638579368591309,no_control
1897,1.1592142581939697,1.1592142581939697,no_control
1898,1.1496024131774902,1.1496024131774902,no_control
1899,1.138936996459961,1.138936996459961,no_control
1900,1.1254302263259888,1.1254302263259888,no_control
1901,1.1131389141082764,1.1131389141082764,no_control
1902,1.0978317260742188,1.0978317260742188,no_control
1903,1.0775725841522217,1.0775725841522217,no_control
1904,1.0574822425842285,1.0574822425842285,no_control
1905,1.0493412017822266,1.0493412017822266,no_control
1906,1.0417289733886719,1.0417289733886719,no_control
1907,1.023219347000122,1.023219347000122,no_control
1908,0.9951403737068176,0.9951403737068176,no_control
1909,0.9691111445426941,0.9691111445426941,no_control
1910,0.9440366625785828,0.9440366625785828,no_control
1911,0.922426700592041,0.922426700592041,no_control
1912,0.9016348719596863,0.9016348719596863,no_control
1913,0.9031068086624146,0.9031068086624146,no_control
1914,0.9019942879676819,0.9019942879676819,no_control
1915,0.9055652618408203,0.9055652618408203,no_control
1916,0.9032142162322998,0.9032142162322998,no_control
1917,0.8997859358787537,0.8997859358787537,no_control
1918,0.8952509760856628,0.8952509760856628,no_control
1919,0.8914709091186523,0.8914709091186523,no_control
1920,0.8878686428070068,0.8878686428070068,no_control
1921,0.8953529000282288,0.8953529000282288,no_control
1922,0.9019152522087097,0.9019152522087097,no_control
1923,0.9084739089012146,0.9084739089012146,no_control
1924,0.9112512469291687,0.9112512469291687,no_control
1925,0.9143626689910889,0.9143626689910889,no_control
1926,0.912097156047821,0.912097156047821,no_control
1927,0.9163963794708252,0.9163963794708252,no_control
1928,0.9200634956359863,0.9200634956359863,no_control
1929,0.9246814250946045,0.9246814250946045,no_control
1930,0.9167991280555725,0.9167991280555725,no_control
1931,0.9006398916244507,0.9006398916244507,no_control
1932,0.8871791362762451,0.8871791362762451,no_control
1933,0.8705469965934753,0.8705469965934753,no_control
1934,0.8546390533447266,0.8546390533447266,no_control
1935,0.8495451807975769,0.8495451807975769,no_control
1936,0.8478328585624695,0.8478328585624695,no_control
1937,0.850785493850708,0.850785493850708,no_control
1938,0.8433932662010193,0.8433932662010193,no_control
1939,0.840192973613739,0.840192973613739,no_control
1940,0.8420125246047974,0.8420125246047974,no_control
1941,0.8449445366859436,0.8449445366859436,no_control
1942,0.841593325138092,0.841593325138092,no_control
1943,0.8371338844299316,0.8371338844299316,no_control
1944,0.8304622173309326,0.8304622173309326,no_control
1945,0.8228315711021423,0.8228315711021423,no_control
1946,0.8159164190292358,0.8159164190292358,no_control
1947,0.8146084547042847,0.8146084547042847,no_control
1948,0.8153451681137085,0.8153451681137085,no_control
1949,0.8165299892425537,0.8165299892425537,no_control
1950,0.8140205144882202,0.8140205144882202,no_control
1951,0.8145422339439392,0.8145422339439392,no_control
1952,0.8131082653999329,0.8131082653999329,no_control
1953,0.8131614923477173,0.8131614923477173,no_control
1954,0.8242412805557251,0.8242412805557251,no_control
1955,0.8358270525932312,0.8358270525932312,no_control
1956,0.8531381487846375,0.8531381487846375,no_control
1957,0.8673255443572998,0.8673255443572998,no_control
1958,0.8803389668464661,0.8803389668464661,no_control
1959,0.8913136720657349,0.8913136720657349,no_control
1960,0.9024028778076172,0.9024028778076172,no_control
1961,0.8991816639900208,0.8991816639900208,no_control
1962,0.8934304714202881,0.8934304714202881,no_control
1963,0.8791540265083313,0.8791540265083313,no_control
1964,0.874148964881897,0.874148964881897,no_control
1965,0.8675804138183594,0.8675804138183594,no_control
1966,0.8626420497894287,0.8626420497894287,no_control
1967,0.8577736616134644,0.8577736616134644,no_control
1968,0.8620113134384155,0.8620113134384155,no_control
1969,0.8475381731987,0.8475381731987,no_control
1970,0.8354548811912537,0.8354548811912537,no_control
1971,0.8264614343643188,0.8264614343643188,no_control
1972,0.8184619545936584,0.8184619545936584,no_control
1973,0.8118538856506348,0.8118538856506348,no_control
1974,0.8064109683036804,0.8064109683036804,no_control
1975,0.8005799651145935,0.8005799651145935,no_control
1976,0.7902347445487976,0.7902347445487976,no_control
1977,0.7908427715301514,0.7908427715301514,no_control
1978,0.7865439057350159,0.7865439057350159,no_control
1979,0.7806100249290466,0.7806100249290466,no_control
1980,0.7703085541725159,0.7703085541725159,no_control
1981,0.7631651759147644,0.7631651759147644,no_control
1982,0.7522193789482117,0.7522193789482117,no_control
1983,0.73380446434021,0.73380446434021,no_control
1984,0.7155706286430359,0.7155706286430359,no_control
1985,0.7126979231834412,0.7126979231834412,no_control
1986,0.7132248878479004,0.7132248878479004,no_control
1987,0.7104535698890686,0.7104535698890686,no_control
1988,0.7041342854499817,0.7041342854499817,no_control
1989,0.7000629305839539,0.7000629305839539,no_control
1990,0.7006697058677673,0.7006697058677673,no_control
1991,0.7021299004554749,0.7021299004554749,no_control
1992,0.704603910446167,0.704603910446167,no_control
1993,0.7186986804008484,0.7186986804008484,no_control
1994,0.7365821003913879,0.7365821003913879,no_control
1995,0.7468065023422241,0.7468065023422241,no_control
1996,0.75709468126297,0.75709468126297,no_control
1997,0.7667908668518066,0.7667908668518066,no_control
1998,0.7806602120399475,0.7806602120399475,no_control
1999,0.7949107885360718,0.7949107885360718,no_control
2000,0.8103979229927063,0.8103979229927063,no_control
2001,0.814910352230072,0.814910352230072,no_control
2002,0.8031770586967468,0.8031770586967468,no_control
2003,0.7874190211296082,0.7874190211296082,no_control
2004,0.7700555324554443,0.7700555324554443,no_control
2005,0.7573546767234802,0.7573546767234802,no_control
2006,0.7433333992958069,0.7433333992958069,no_control
2007,0.7305607795715332,0.7305607795715332,no_control
2008,0.7226206660270691,0.7226206660270691,no_control
2009,0.7281073927879333,0.7281073927879333,no_control
2010,0.7359029650688171,0.7359029650688171,no_control
2011,0.7373543977737427,0.7373543977737427,no_control
2012,0.7380905151367188,0.7380905151367188,no_control
2013,0.7409160137176514,0.7409160137176514,no_control
2014,0.7441700100898743,0.7441700100898743,no_control
2015,0.7463052272796631,0.7463052272796631,no_control
2016,0.7415002584457397,0.7415002584457397,no_control
2017,0.7367297410964966,0.7367297410964966,no_control
2018,0.7311217784881592,0.7311217784881592,no_control
2019,0.7237363457679749,0.7237363457679749,no_control
2020,0.716378390789032,0.716378390789032,no_control
2021,0.709743082523346,0.709743082523346,no_control
2022,0.7048512697219849,0.7048512697219849,no_control
2023,0.6941869854927063,0.6941869854927063,no_control
2024,0.6930912733078003,0.6930912733078003,no_control
2025,0.6867028474807739,0.6867028474807739,no_control
2026,0.6861550807952881,0.6861550807952881,no_control
2027,0.6837772727012634,0.6837772727012634,no_control
2028,0.685043454170227,0.685043454170227,no_control
2029,0.6845492124557495,0.6845492124557495,no_control
2030,0.6907903552055359,0.6907903552055359,no_control
2031,0.6881486177444458,0.6881486177444458,no_control
2032,0.6863435506820679,0.6863435506820679,no_control
2033,0.6868358850479126,0.6868358850479126,no_control
2034,0.681810200214386,0.681810200214386,no_control
2035,0.6803893446922302,0.6803893446922302,no_control
2036,0.6793117523193359,0.6793117523193359,no_control
2037,0.6784449815750122,0.6784449815750122,no_control
2038,0.6791027784347534,0.6791027784347534,no_control
2039,0.6805102825164795,0.6805102825164795,no_control
2040,0.6876162886619568,0.6876162886619568,no_control
2041,0.6851238012313843,0.6851238012313843,no_control
2042,0.6758846640586853,0.6758846640586853,no_control
2043,0.6727275252342224,0.6727275252342224,no_control
2044,0.6677852869033813,0.6677852869033813,no_control
2045,0.6633673906326294,0.6633673906326294,no_control
2046,0.658582329750061,0.658582329750061,no_control
2047,0.6537088751792908,0.6537088751792908,no_control
2048,0.651363730430603,0.651363730430603,no_control
2049,0.6621901988983154,0.6621901988983154,no_control
2050,0.6668840050697327,0.6668840050697327,no_control
2051,0.6692906618118286,0.6692906618118286,no_control
2052,0.6662245392799377,0.6662245392799377,no_control
2053,0.6558676958084106,0.6558676958084106,no_control
2054,0.6518926024436951,0.6518926024436951,no_control
2055,0.6501681804656982,0.6501681804656982,no_control
2056,0.6476047039031982,0.6476047039031982,no_control
2057,0.6440633535385132,0.6440633535385132,no_control
2058,0.6410325765609741,0.6410325765609741,no_control
2059,0.6426786184310913,0.6426786184310913,no_control
2060,0.6413803100585938,0.6413803100585938,no_control
2061,0.6394347548484802,0.6394347548484802,no_control
2062,0.6397991180419922,0.6397991180419922,no_control
2063,0.6387972831726074,0.6387972831726074,no_control
2064,0.6367143988609314,0.6367143988609314,no_control
2065,0.6472159028053284,0.6472159028053284,no_control
2066,0.6551695466041565,0.6551695466041565,no_control
2067,0.6612045764923096,0.6612045764923096,no_control
2068,0.6696025729179382,0.6696025729179382,no_control
2069,0.6772103309631348,0.6772103309631348,no_control
2070,0.6861521005630493,0.6861521005630493,no_control
2071,0.7011001110076904,0.7011001110076904,no_control
2072,0.7117352485656738,0.7117352485656738,no_control
2073,0.7157805562019348,0.7157805562019348,no_control
2074,0.7137853503227234,0.7137853503227234,no_control
2075,0.712969958782196,0.712969958782196,no_control
2076,0.7112360596656799,0.7112360596656799,no_control
2077,0.7051368355751038,0.7051368355751038,no_control
2078,0.6928448677062988,0.6928448677062988,no_control
2079,0.6900944113731384,0.6900944113731384,no_control
2080,0.6888957619667053,0.6888957619667053,no_control
2081,0.6898152828216553,0.6898152828216553,no_control
2082,0.6935376524925232,0.6935376524925232,no_control
2083,0.6942260265350342,0.6942260265350342,no_control
2084,0.6976075768470764,0.6976075768470764,no_control
2085,0.6979624032974243,0.6979624032974243,no_control
2086,0.6980450749397278,0.6980450749397278,no_control
2087,0.6943860650062561,0.6943860650062561,no_control
2088,0.6865643262863159,0.6865643262863159,no_control
2089,0.6809200048446655,0.6809200048446655,no_control
2090,0.6800830364227295,0.6800830364227295,no_control
2091,0.6772280931472778,0.6772280931472778,no_control
2092,0.6742202043533325,0.6742202043533325,no_control
2093,0.6733079552650452,0.6733079552650452,no_control
2094,0.6665740013122559,0.6665740013122559,no_control
2095,0.6563943028450012,0.6563943028450012,no_control
2096,0.6454436779022217,0.6454436779022217,no_control
2097,0.6328445672988892,0.6328445672988892,no_control
2098,0.6239308714866638,0.6239308714866638,no_control
2099,0.6173388361930847,0.6173388361930847,no_control
2100,0.6173902153968811,0.6173902153968811,no_control
2101,0.6157933473587036,0.6157933473587036,no_control
2102,0.6146240234375,0.6146240234375,no_control
2103,0.6137641668319702,0.6137641668319702,no_control
2104,0.612033486366272,0.612033486366272,no_control
2105,0.611880898475647,0.611880898475647,no_control
2106,0.6142669320106506,0.6142669320106506,no_control
2107,0.6186746954917908,0.6186746954917908,no_control
2108,0.6208837032318115,0.6208837032318115,no_control
2109,0.6229053735733032,0.6229053735733032,no_control
2110,0.6244021058082581,0.6244021058082581,no_control
2111,0.6253395080566406,0.6253395080566406,no_control
2112,0.6305345892906189,0.6305345892906189,no_control
2113,0.6290271878242493,0.6290271878242493,no_control
2114,0.6255835890769958,0.6255835890769958,no_control
2115,0.624851644039154,0.624851644039154,no_control
2116,0.6263499855995178,0.6263499855995178,no_control
2117,0.6252562403678894,0.6252562403678894,no_control
2118,0.6194854974746704,0.6194854974746704,no_control
2119,0.6163834929466248,0.6163834929466248,no_control
2120,0.6140483617782593,0.6140483617782593,no_control
2121,0.6182579398155212,0.6182579398155212,no_control
2122,0.6211734414100647,0.6211734414100647,no_control
2123,0.6253189444541931,0.6253189444541931,no_control
2124,0.6251415014266968,0.6251415014266968,no_control
2125,0.629395067691803,0.629395067691803,no_control
2126,0.6434682011604309,0.6434682011604309,no_control
2127,0.6577830910682678,0.6577830910682678,no_control
2128,0.6690966486930847,0.6690966486930847,no_control
2129,0.6763730645179749,0.6763730645179749,no_control
2130,0.6728583574295044,0.6728583574295044,no_control
2131,0.6741191148757935,0.6741191148757935,no_control
2132,0.674713134765625,0.674713134765625,no_control
2133,0.6776107549667358,0.6776107549667358,no_control
2134,0.6810612082481384,0.6810612082481384,no_control
2135,0.6842641234397888,0.6842641234397888,no_control
2136,0.6801766753196716,0.6801766753196716,no_control
2137,0.6752452850341797,0.6752452850341797,no_control
2138,0.6725460290908813,0.6725460290908813,no_control
2139,0.6722311973571777,0.6722311973571777,no_control
2140,0.6732045412063599,0.6732045412063599,no_control
2141,0.671413779258728,0.671413779258728,no_control
2142,0.6719667911529541,0.6719667911529541,no_control
2143,0.6765096187591553,0.6765096187591553,no_control
2144,0.6809565424919128,0.6809565424919128,no_control
2145,0.6870542168617249,0.6870542168617249,no_control
2146,0.6931805610656738,0.6931805610656738,no_control
2147,0.6999005079269409,0.6999005079269409,no_control
2148,0.7054248452186584,0.7054248452186584,no_control
2149,0.7109458446502686,0.7109458446502686,no_control
2150,0.709590494632721,0.709590494632721,no_control
2151,0.7088202238082886,0.7088202238082886,no_control
2152,0.7104783654212952,0.7104783654212952,no_control
2153,0.7136566042900085,0.7136566042900085,no_control
2154,0.7220486998558044,0.7220486998558044,no_control
2155,0.724929928779602,0.724929928779602,no_control
2156,0.7288636565208435,0.7288636565208435,no_control
2157,0.7317789196968079,0.7317789196968079,no_control
2158,0.7317237854003906,0.7317237854003906,no_control
2159,0.7318996787071228,0.7318996787071228,no_control
2160,0.7282811403274536,0.7282811403274536,no_control
2161,0.7275397777557373,0.7275397777557373,no_control
2162,0.7311083674430847,0.7311083674430847,no_control
2163,0.7349525690078735,0.7349525690078735,no_control
2164,0.7350721955299377,0.7350721955299377,no_control
2165,0.7361916899681091,0.7361916899681091,no_control
2166,0.7399978041648865,0.7399978041648865,no_control
2167,0.7415106892585754,0.7415106892585754,no_control
2168,0.7457169890403748,0.7457169890403748,no_control
2169,0.7421697974205017,0.7421697974205017,no_control
2170,0.7461302876472473,0.7461302876472473,no_control
2171,0.7421863079071045,0.7421863079071045,no_control
2172,0.7466344833374023,0.7466344833374023,no_control
2173,0.7475461363792419,0.7475461363792419,no_control
2174,0.7410500645637512,0.7410500645637512,no_control
2175,0.7320767641067505,0.7320767641067505,no_control
2176,0.7297075390815735,0.7297075390815735,no_control
2177,0.7319032549858093,0.7319032549858093,no_control
2178,0.7416631579399109,0.7416631579399109,no_control
2179,0.7511420845985413,0.7511420845985413,no_control
2180,0.7600420117378235,0.7600420117378235,no_control
2181,0.767670214176178,0.767670214176178,no_control
2182,0.7742553353309631,0.7742553353309631,no_control
2183,0.7826074957847595,0.7826074957847595,no_control
2184,0.7960960865020752,0.7960960865020752,no_control
2185,0.8120853900909424,0.8120853900909424,no_control
2186,0.8250707983970642,0.8250707983970642,no_control
2187,0.8322516083717346,0.8322516083717346,no_control
2188,0.8419041633605957,0.8419041633605957,no_control
2189,0.8543568849563599,0.8543568849563599,no_control
2190,0.8677698969841003,0.8677698969841003,no_control
2191,0.8788699507713318,0.8788699507713318,no_control
2192,0.8877103924751282,0.8877103924751282,no_control
2193,0.8876229524612427,0.8876229524612427,no_control
2194,0.8911373019218445,0.8911373019218445,no_control
2195,0.8887786865234375,0.8887786865234375,no_control
2196,0.89013671875,0.89013671875,no_control
2197,0.8934875130653381,0.8934875130653381,no_control
2198,0.901220440864563,0.901220440864563,no_control
2199,0.9045829176902771,0.9045829176902771,no_control
2200,0.909968376159668,0.909968376159668,no_control
2201,0.915607213973999,0.915607213973999,no_control
2202,0.9128552675247192,0.9128552675247192,no_control
2203,0.9137449860572815,0.9137449860572815,no_control
2204,0.9181472659111023,0.9181472659111023,no_control
2205,0.92157381772995,0.92157381772995,no_control
2206,0.9228719472885132,0.9228719472885132,no_control
2207,0.9292798638343811,0.9292798638343811,no_control
2208,0.9296402931213379,0.9296402931213379,no_control
2209,0.9263489246368408,0.9263489246368408,no_control
2210,0.9196354150772095,0.9196354150772095,no_control
2211,0.9125713109970093,0.9125713109970093,no_control
2212,0.9068847298622131,0.9068847298622131,no_control
2213,0.9026960134506226,0.9026960134506226,no_control
2214,0.9007154107093811,0.9007154107093811,no_control
2215,0.8968741297721863,0.8968741297721863,no_control
2216,0.8847629427909851,0.8847629427909851,no_control
2217,0.8812879323959351,0.8812879323959351,no_control
2218,0.8772443532943726,0.8772443532943726,no_control
2219,0.8765480518341064,0.8765480518341064,no_control
2220,0.8730416297912598,0.8730416297912598,no_control
2221,0.8703063130378723,0.8703063130378723,no_control
2222,0.8664619326591492,0.8664619326591492,no_control
2223,0.8631919622421265,0.8631919622421265,no_control
2224,0.8552825450897217,0.8552825450897217,no_control
2225,0.8518785238265991,0.8518785238265991,no_control
2226,0.8496211767196655,0.8496211767196655,no_control
2227,0.8466090559959412,0.8466090559959412,no_control
2228,0.8453736305236816,0.8453736305236816,no_control
2229,0.8441190719604492,0.8441190719604492,no_control
2230,0.8419004082679749,0.8419004082679749,no_control
2231,0.8376357555389404,0.8376357555389404,no_control
2232,0.8311545848846436,0.8311545848846436,no_control
2233,0.8184037804603577,0.8184037804603577,no_control
2234,0.8058708906173706,0.8058708906173706,no_control
2235,0.7981942892074585,0.7981942892074585,no_control
2236,0.7902143001556396,0.7902143001556396,no_control
2237,0.7794980406761169,0.7794980406761169,no_control
2238,0.7706104516983032,0.7706104516983032,no_control
2239,0.7645225524902344,0.7645225524902344,no_control
2240,0.7539040446281433,0.7539040446281433,no_control
2241,0.7523293495178223,0.7523293495178223,no_control
2242,0.7528343796730042,0.7528343796730042,no_control
2243,0.7552220225334167,0.7552220225334167,no_control
2244,0.757108211517334,0.757108211517334,no_control
2245,0.757699191570282,0.757699191570282,no_control
2246,0.7579272985458374,0.7579272985458374,no_control
2247,0.7584288120269775,0.7584288120269775,no_control
2248,0.7563233971595764,0.7563233971595764,no_control
2249,0.7537940740585327,0.7537940740585327,no_control
2250,0.7533326148986816,0.7533326148986816,no_control
2251,0.7524153590202332,0.7524153590202332,no_control
2252,0.7499492168426514,0.7499492168426514,no_control
2253,0.7490677833557129,0.7490677833557129,no_control
2254,0.7503221035003662,0.7503221035003662,no_control
2255,0.7483768463134766,0.7483768463134766,no_control
2256,0.7493076324462891,0.7493076324462891,no_control
2257,0.7485652565956116,0.7485652565956116,no_control
2258,0.7490934729576111,0.7490934729576111,no_control
2259,0.7486581206321716,0.7486581206321716,no_control
2260,0.7497409582138062,0.7497409582138062,no_control
2261,0.7523321509361267,0.7523321509361267,no_control
2262,0.7523845434188843,0.7523845434188843,no_control
2263,0.7524782419204712,0.7524782419204712,no_control
2264,0.7526642084121704,0.7526642084121704,no_control
2265,0.7524994611740112,0.7524994611740112,no_control
2266,0.7523567080497742,0.7523567080497742,no_control
2267,0.7539922595024109,0.7539922595024109,no_control
2268,0.7558400630950928,0.7558400630950928,no_control
2269,0.7578854560852051,0.7578854560852051,no_control
2270,0.7599204182624817,0.7599204182624817,no_control
2271,0.7635616064071655,0.7635616064071655,no_control
2272,0.7687320709228516,0.7687320709228516,no_control
2273,0.7729488611221313,0.7729488611221313,no_control
2274,0.7750964760780334,0.7750964760780334,no_control
2275,0.777191698551178,0.777191698551178,no_control
2276,0.7779037952423096,0.7779037952423096,no_control
2277,0.7793713808059692,0.7793713808059692,no_control
2278,0.7793977856636047,0.7793977856636047,no_control
2279,0.779323160648346,0.779323160648346,no_control
2280,0.7774901986122131,0.7774901986122131,no_control
2281,0.7765038013458252,0.7765038013458252,no_control
2282,0.7765612006187439,0.7765612006187439,no_control
2283,0.7749808430671692,0.7749808430671692,no_control
2284,0.7722789645195007,0.7722789645195007,no_control
2285,0.7707405090332031,0.7707405090332031,no_control
2286,0.7687469124794006,0.7687469124794006,no_control
2287,0.7673837542533875,0.7673837542533875,no_control
2288,0.7647883892059326,0.7647883892059326,no_control
2289,0.7615426778793335,0.7615426778793335,no_control
2290,0.7587552070617676,0.7587552070617676,no_control
2291,0.7550153136253357,0.7550153136253357,no_control
2292,0.750961184501648,0.750961184501648,no_control
2293,0.7455260157585144,0.7455260157585144,no_control
2294,0.7401710748672485,0.7401710748672485,no_control
2295,0.734559953212738,0.734559953212738,no_control
2296,0.7282782793045044,0.7282782793045044,no_control
2297,0.7240043878555298,0.7240043878555298,no_control
2298,0.7200271487236023,0.7200271487236023,no_control
2299,0.7191653847694397,0.7191653847694397,no_control
2300,0.7219232320785522,0.7219232320785522,no_control
2301,0.7254489660263062,0.7254489660263062,no_control
2302,0.7244775295257568,0.7244775295257568,no_control
2303,0.7272281050682068,0.7272281050682068,no_control
2304,0.7276884913444519,0.7276884913444519,no_control
2305,0.7306651473045349,0.7306651473045349,no_control
2306,0.732975959777832,0.732975959777832,no_control
2307,0.7358088493347168,0.7358088493347168,no_control
2308,0.7377210259437561,0.7377210259437561,no_control
2309,0.7381250262260437,0.7381250262260437,no_control
2310,0.7416936755180359,0.7416936755180359,no_control
2311,0.7401483058929443,0.7401483058929443,no_control
2312,0.7441222071647644,0.7441222071647644,no_control
2313,0.7517063617706299,0.7517063617706299,no_control
2314,0.7511011958122253,0.7511011958122253,no_control
2315,0.7468932271003723,0.7468932271003723,no_control
2316,0.7404366135597229,0.7404366135597229,no_control
2317,0.7401775121688843,0.7401775121688843,no_control
2318,0.7436193227767944,0.7436193227767944,no_control
2319,0.7473104000091553,0.7473104000091553,no_control
2320,0.7478864192962646,0.7478864192962646,no_control
2321,0.7428168654441833,0.7428168654441833,no_control
2322,0.7391288876533508,0.7391288876533508,no_control
2323,0.7381435036659241,0.7381435036659241,no_control
2324,0.7406995296478271,0.7406995296478271,no_control
2325,0.7420707941055298,0.7420707941055298,no_control
2326,0.7449410557746887,0.7449410557746887,no_control
2327,0.749110996723175,0.749110996723175,no_control
2328,0.7535032033920288,0.7535032033920288,no_control
2329,0.7598114013671875,0.7598114013671875,no_control
2330,0.7644973397254944,0.7644973397254944,no_control
2331,0.7713766694068909,0.7713766694068909,no_control
2332,0.7778342962265015,0.7778342962265015,no_control
2333,0.7851981520652771,0.7851981520652771,no_control
2334,0.7927260994911194,0.7927260994911194,no_control
2335,0.8015991449356079,0.8015991449356079,no_control
2336,0.810914933681488,0.810914933681488,no_control
2337,0.8127501606941223,0.8127501606941223,no_control
2338,0.816402792930603,0.816402792930603,no_control
2339,0.8201853632926941,0.8201853632926941,no_control
2340,0.8195214867591858,0.8195214867591858,no_control
2341,0.8248029351234436,0.8248029351234436,no_control
2342,0.8338057994842529,0.8338057994842529,no_control
2343,0.8422176837921143,0.8422176837921143,no_control
2344,0.8512622714042664,0.8512622714042664,no_control
2345,0.8569905757904053,0.8569905757904053,no_control
2346,0.8589759469032288,0.8589759469032288,no_control
2347,0.8586195111274719,0.8586195111274719,no_control
2348,0.8555073738098145,0.8555073738098145,no_control
2349,0.8537693023681641,0.8537693023681641,no_control
2350,0.8545557856559753,0.8545557856559753,no_control
2351,0.8557543158531189,0.8557543158531189,no_control
2352,0.8579981923103333,0.8579981923103333,no_control
2353,0.8639096021652222,0.8639096021652222,no_control
2354,0.8693606853485107,0.8693606853485107,no_control
2355,0.8726031184196472,0.8726031184196472,no_control
2356,0.8749077320098877,0.8749077320098877,no_control
2357,0.8739696741104126,0.8739696741104126,no_control
2358,0.8657994270324707,0.8657994270324707,no_control
2359,0.8684024214744568,0.8684024214744568,no_control
2360,0.8704025149345398,0.8704025149345398,no_control
2361,0.8677905797958374,0.8677905797958374,no_control
2362,0.8644335865974426,0.8644335865974426,no_control
2363,0.8739631175994873,0.8739631175994873,no_control
2364,0.8771587014198303,0.8771587014198303,no_control
2365,0.892247200012207,0.892247200012207,no_control
2366,0.8958526253700256,0.8958526253700256,no_control
2367,0.9071919918060303,0.9071919918060303,no_control
2368,0.9092498421669006,0.9092498421669006,no_control
2369,0.913977861404419,0.913977861404419,no_control
2370,0.9142943024635315,0.9142943024635315,no_control
2371,0.9130870699882507,0.9130870699882507,no_control
2372,0.9124957919120789,0.9124957919120789,no_control
2373,0.9124091267585754,0.9124091267585754,no_control
2374,0.9127480983734131,0.9127480983734131,no_control
2375,0.9143168330192566,0.9143168330192566,no_control
2376,0.9130190014839172,0.9130190014839172,no_control
2377,0.9096852540969849,0.9096852540969849,no_control
2378,0.9035066366195679,0.9035066366195679,no_control
2379,0.8998674154281616,0.8998674154281616,no_control
2380,0.8972821831703186,0.8972821831703186,no_control
2381,0.8911937475204468,0.8911937475204468,no_control
2382,0.8837151527404785,0.8837151527404785,no_control
2383,0.8746554255485535,0.8746554255485535,no_control
2384,0.8714703321456909,0.8714703321456909,no_control
2385,0.870137095451355,0.870137095451355,no_control
2386,0.8675888776779175,0.8675888776779175,no_control
2387,0.871422529220581,0.871422529220581,no_control
2388,0.8798181414604187,0.8798181414604187,no_control
2389,0.888475775718689,0.888475775718689,no_control
2390,0.892112135887146,0.892112135887146,no_control
2391,0.8931323885917664,0.8931323885917664,no_control
2392,0.8903411030769348,0.8903411030769348,no_control
2393,0.8863687515258789,0.8863687515258789,no_control
2394,0.8831020593643188,0.8831020593643188,no_control
2395,0.8848540782928467,0.8848540782928467,no_control
2396,0.8892644643783569,0.8892644643783569,no_control
2397,0.892247200012207,0.892247200012207,no_control
2398,0.8950028419494629,0.8950028419494629,no_control
2399,0.8952525854110718,0.8952525854110718,no_control
2400,0.8973745107650757,0.8973745107650757,no_control
2401,0.8939359784126282,0.8939359784126282,no_control
2402,0.8878992199897766,0.8878992199897766,no_control
2403,0.8856356739997864,0.8856356739997864,no_control
2404,0.8837423920631409,0.8837423920631409,no_control
2405,0.8843280673027039,0.8843280673027039,no_control
2406,0.8898428082466125,0.8898428082466125,no_control
2407,0.8883746862411499,0.8883746862411499,no_control
2408,0.8896581530570984,0.8896581530570984,no_control
2409,0.8906589150428772,0.8906589150428772,no_control
2410,0.8964616656303406,0.8964616656303406,no_control
2411,0.9055598974227905,0.9055598974227905,no_control
2412,0.9247407913208008,0.9247407913208008,no_control
2413,0.9277281165122986,0.9277281165122986,no_control
2414,0.927215576171875,0.927215576171875,no_control
2415,0.9252597689628601,0.9252597689628601,no_control
2416,0.928730845451355,0.928730845451355,no_control
2417,0.9286572933197021,0.9286572933197021,no_control
2418,0.9332651495933533,0.9332651495933533,no_control
2419,0.9380224347114563,0.9380224347114563,no_control
2420,0.9385313391685486,0.9385313391685486,no_control
2421,0.9424445629119873,0.9424445629119873,no_control
2422,0.9431394338607788,0.9431394338607788,no_control
2423,0.9421802759170532,0.9421802759170532,no_control
2424,0.9424929022789001,0.9424929022789001,no_control
2425,0.9416184425354004,0.9416184425354004,no_control
2426,0.9418761730194092,0.9418761730194092,no_control
2427,0.9358222484588623,0.9358222484588623,no_control
2428,0.9324317574501038,0.9324317574501038,no_control
2429,0.9305681586265564,0.9305681586265564,no_control
2430,0.9284772872924805,0.9284772872924805,no_control
2431,0.9290473461151123,0.9290473461151123,no_control
2432,0.9289453029632568,0.9289453029632568,no_control
2433,0.9271228313446045,0.9271228313446045,no_control
2434,0.9309476613998413,0.9309476613998413,no_control
2435,0.9360880255699158,0.9360880255699158,no_control
2436,0.9401950836181641,0.9401950836181641,no_control
2437,0.9434936046600342,0.9434936046600342,no_control
2438,0.9611787796020508,0.9611787796020508,no_control
2439,0.9734451770782471,0.9734451770782471,no_control
2440,0.974795401096344,0.974795401096344,no_control
2441,0.9758670330047607,0.9758670330047607,no_control
2442,0.9773372411727905,0.9773372411727905,no_control
2443,0.9781327247619629,0.9781327247619629,no_control
2444,0.9823732376098633,0.9823732376098633,no_control
2445,0.9877813458442688,0.9877813458442688,no_control
2446,0.9911419153213501,0.9911419153213501,no_control
2447,0.9942283630371094,0.9942283630371094,no_control
2448,0.9984508752822876,0.9984508752822876,no_control
2449,0.9998136162757874,0.9998136162757874,no_control
2450,1.0033676624298096,1.0033676624298096,no_control
2451,1.0019428730010986,1.0019428730010986,no_control
2452,0.9983681440353394,0.9983681440353394,no_control
2453,0.9975553154945374,0.9975553154945374,no_control
2454,0.9959867596626282,0.9959867596626282,no_control
2455,0.9975316524505615,0.9975316524505615,no_control
2456,0.9971464276313782,0.9971464276313782,no_control
2457,0.9920539855957031,0.9920539855957031,no_control
2458,0.9932220578193665,0.9932220578193665,no_control
2459,0.9946937561035156,0.9946937561035156,no_control
2460,0.9992538690567017,0.9992538690567017,no_control
2461,1.0057073831558228,1.0057073831558228,no_control
2462,1.0242371559143066,1.0242371559143066,no_control
2463,1.0325783491134644,1.0325783491134644,no_control
2464,1.039850115776062,1.039850115776062,no_control
2465,1.044024109840393,1.044024109840393,no_control
2466,1.0370992422103882,1.0370992422103882,no_control
2467,1.0303059816360474,1.0303059816360474,no_control
2468,1.026788353919983,1.026788353919983,no_control
2469,1.026172161102295,1.026172161102295,no_control
2470,1.0279849767684937,1.0279849767684937,no_control
2471,1.0335402488708496,1.0335402488708496,no_control
2472,1.0397827625274658,1.0397827625274658,no_control
2473,1.045379877090454,1.045379877090454,no_control
2474,1.0517029762268066,1.0517029762268066,no_control
2475,1.0599281787872314,1.0599281787872314,no_control
2476,1.063433289527893,1.063433289527893,no_control
2477,1.0669760704040527,1.0669760704040527,no_control
2478,1.0687081813812256,1.0687081813812256,no_control
2479,1.0699152946472168,1.0699152946472168,no_control
2480,1.0735143423080444,1.0735143423080444,no_control
2481,1.0772104263305664,1.0772104263305664,no_control
2482,1.0755873918533325,1.0755873918533325,no_control
2483,1.0744929313659668,1.0744929313659668,no_control
2484,1.0808289051055908,1.0808289051055908,no_control
2485,1.0885752439498901,1.0885752439498901,no_control
2486,1.0841262340545654,1.0841262340545654,no_control
2487,1.08408522605896,1.08408522605896,no_control
2488,1.0907231569290161,1.0907231569290161,no_control
2489,1.0921320915222168,1.0921320915222168,no_control
2490,1.0881602764129639,1.0881602764129639,no_control
2491,1.0830985307693481,1.0830985307693481,no_control
2492,1.0804438591003418,1.0804438591003418,no_control
2493,1.0782761573791504,1.0782761573791504,no_control
2494,1.072870135307312,1.072870135307312,no_control
2495,1.0736138820648193,1.0736138820648193,no_control
2496,1.070453405380249,1.070453405380249,no_control
2497,1.0676140785217285,1.0676140785217285,no_control
2498,1.0634621381759644,1.0634621381759644,no_control
2499,1.0623373985290527,1.0623373985290527,no_control
2500,1.0622793436050415,1.0622793436050415,no_control
2501,1.0584368705749512,1.0584368705749512,no_control
2502,1.0561869144439697,1.0561869144439697,no_control
2503,1.0521280765533447,1.0521280765533447,no_control
2504,1.0460871458053589,1.0460871458053589,no_control
2505,1.0425150394439697,1.0425150394439697,no_control
2506,1.0381168127059937,1.0381168127059937,no_control
2507,1.0262651443481445,1.0262651443481445,no_control
2508,1.0161142349243164,1.0161142349243164,no_control
2509,1.0136921405792236,1.0136921405792236,no_control
2510,1.003859043121338,1.003859043121338,no_control
2511,0.9927504658699036,0.9927504658699036,no_control
2512,0.9843540191650391,0.9843540191650391,no_control
2513,0.9777132868766785,0.9777132868766785,no_control
2514,0.9753133058547974,0.9753133058547974,no_control
2515,0.9720731377601624,0.9720731377601624,no_control
2516,0.9689231514930725,0.9689231514930725,no_control
2517,0.9627872705459595,0.9627872705459595,no_control
2518,0.9601847529411316,0.9601847529411316,no_control
2519,0.9572562575340271,0.9572562575340271,no_control
2520,0.9477531909942627,0.9477531909942627,no_control
2521,0.9401190876960754,0.9401190876960754,no_control
2522,0.9317107796669006,0.9317107796669006,no_control
2523,0.9241651296615601,0.9241651296615601,no_control
2524,0.9181799292564392,0.9181799292564392,no_control
2525,0.9132469892501831,0.9132469892501831,no_control
2526,0.911787748336792,0.911787748336792,no_control
2527,0.9100872278213501,0.9100872278213501,no_control
2528,0.904856264591217,0.904856264591217,no_control
2529,0.9029160737991333,0.9029160737991333,no_control
2530,0.9038942456245422,0.9038942456245422,no_control
2531,0.8995274305343628,0.8995274305343628,no_control
2532,0.8951816558837891,0.8951816558837891,no_control
2533,0.893311083316803,0.893311083316803,no_control
2534,0.8916547298431396,0.8916547298431396,no_control
2535,0.8931493759155273,0.8931493759155273,no_control
2536,0.8959428668022156,0.8959428668022156,no_control
2537,0.8956705927848816,0.8956705927848816,no_control
2538,0.8962164521217346,0.8962164521217346,no_control
2539,0.8954207897186279,0.8954207897186279,no_control
2540,0.8909510970115662,0.8909510970115662,no_control
2541,0.8934195637702942,0.8934195637702942,no_control
2542,0.8933199048042297,0.8933199048042297,no_control
2543,0.8885159492492676,0.8885159492492676,no_control
2544,0.8791184425354004,0.8791184425354004,no_control
2545,0.8704738020896912,0.8704738020896912,no_control
2546,0.8647410869598389,0.8647410869598389,no_control
2547,0.8586546778678894,0.8586546778678894,no_control
2548,0.8542476892471313,0.8542476892471313,no_control
2549,0.8493844866752625,0.8493844866752625,no_control
2550,0.845939040184021,0.845939040184021,no_control
2551,0.8439381122589111,0.8439381122589111,no_control
2552,0.8387662768363953,0.8387662768363953,no_control
2553,0.8384650349617004,0.8384650349617004,no_control
2554,0.8360194563865662,0.8360194563865662,no_control
2555,0.829730749130249,0.829730749130249,no_control
2556,0.8234195113182068,0.8234195113182068,no_control
2557,0.801723062992096,0.801723062992096,no_control
2558,0.7934911251068115,0.7934911251068115,no_control
2559,0.7887340188026428,0.7887340188026428,no_control
2560,0.7845597267150879,0.7845597267150879,no_control
2561,0.7812861800193787,0.7812861800193787,no_control
2562,0.7825416326522827,0.7825416326522827,no_control
2563,0.7827693819999695,0.7827693819999695,no_control
2564,0.7816563844680786,0.7816563844680786,no_control
2565,0.7787201404571533,0.7787201404571533,no_control
2566,0.774773120880127,0.774773120880127,no_control
2567,0.7696627974510193,0.7696627974510193,no_control
2568,0.7666558027267456,0.7666558027267456,no_control
2569,0.7646634578704834,0.7646634578704834,no_control
2570,0.7630246877670288,0.7630246877670288,no_control
2571,0.7614118456840515,0.7614118456840515,no_control
2572,0.760182797908783,0.760182797908783,no_control
2573,0.7593353986740112,0.7593353986740112,no_control
2574,0.7591866850852966,0.7591866850852966,no_control
2575,0.75871741771698,0.75871741771698,no_control
2576,0.7572808265686035,0.7572808265686035,no_control
2577,0.7592820525169373,0.7592820525169373,no_control
2578,0.7537742257118225,0.7537742257118225,no_control
2579,0.7441869378089905,0.7441869378089905,no_control
2580,0.7267249226570129,0.7267249226570129,no_control
2581,0.7045400142669678,0.7045400142669678,no_control
2582,0.6856699585914612,0.6856699585914612,no_control
2583,0.6697635650634766,0.6697635650634766,no_control
2584,0.6611167788505554,0.6611167788505554,no_control
2585,0.6558904051780701,0.6558904051780701,no_control
2586,0.6561543941497803,0.6561543941497803,no_control
2587,0.655338704586029,0.655338704586029,no_control
2588,0.6540423631668091,0.6540423631668091,no_control
2589,0.6487313508987427,0.6487313508987427,no_control
2590,0.6582069993019104,0.6582069993019104,no_control
2591,0.6635461449623108,0.6635461449623108,no_control
2592,0.6661888957023621,0.6661888957023621,no_control
2593,0.6683608293533325,0.6683608293533325,no_control
2594,0.6707707643508911,0.6707707643508911,no_control
2595,0.6711374521255493,0.6711374521255493,no_control
2596,0.6719958782196045,0.6719958782196045,no_control
2597,0.6731921434402466,0.6731921434402466,no_control
2598,0.6744378805160522,0.6744378805160522,no_control
2599,0.6743713021278381,0.6743713021278381,no_control
2600,0.677378237247467,0.677378237247467,no_control
2601,0.6741573810577393,0.6741573810577393,no_control
2602,0.6734035015106201,0.6734035015106201,no_control
2603,0.6826151013374329,0.6826151013374329,no_control
2604,0.689190685749054,0.689190685749054,no_control
2605,0.7078578472137451,0.7078578472137451,no_control
2606,0.7226865291595459,0.7226865291595459,no_control
2607,0.736233651638031,0.736233651638031,no_control
2608,0.7484260201454163,0.7484260201454163,no_control
2609,0.7562604546546936,0.7562604546546936,no_control
2610,0.7536739110946655,0.7536739110946655,no_control
2611,0.7530717849731445,0.7530717849731445,no_control
2612,0.7493382692337036,0.7493382692337036,no_control
2613,0.7497507333755493,0.7497507333755493,no_control
2614,0.7532777190208435,0.7532777190208435,no_control
2615,0.7515544891357422,0.7515544891357422,no_control
2616,0.7503167986869812,0.7503167986869812,no_control
2617,0.7483134269714355,0.7483134269714355,no_control
2618,0.747356116771698,0.747356116771698,no_control
2619,0.747521162033081,0.747521162033081,no_control
2620,0.7479900121688843,0.7479900121688843,no_control
2621,0.7470980286598206,0.7470980286598206,no_control
2622,0.7470189332962036,0.7470189332962036,no_control
2623,0.7480318546295166,0.7480318546295166,no_control
2624,0.7464276552200317,0.7464276552200317,no_control
2625,0.7362163066864014,0.7362163066864014,no_control
2626,0.7424398064613342,0.7424398064613342,no_control
2627,0.759355902671814,0.759355902671814,no_control
2628,0.7816621661186218,0.7816621661186218,no_control
2629,0.8083438277244568,0.8083438277244568,no_control
2630,0.8349189758300781,0.8349189758300781,no_control
2631,0.8584514260292053,0.8584514260292053,no_control
2632,0.8727952241897583,0.8727952241897583,no_control
2633,0.8858210444450378,0.8858210444450378,no_control
2634,0.8829509615898132,0.8829509615898132,no_control
2635,0.880885124206543,0.880885124206543,no_control
2636,0.8768599629402161,0.8768599629402161,no_control
2637,0.8732814192771912,0.8732814192771912,no_control
2638,0.8639652729034424,0.8639652729034424,no_control
2639,0.8549039363861084,0.8549039363861084,no_control
2640,0.8472986817359924,0.8472986817359924,no_control
2641,0.8421869874000549,0.8421869874000549,no_control
2642,0.8379372358322144,0.8379372358322144,no_control
2643,0.8358690142631531,0.8358690142631531,no_control
2644,0.8346957564353943,0.8346957564353943,no_control
2645,0.8345189690589905,0.8345189690589905,no_control
2646,0.8347340822219849,0.8347340822219849,no_control
2647,0.8345335125923157,0.8345335125923157,no_control
2648,0.8312548995018005,0.8312548995018005,no_control
2649,0.8278182148933411,0.8278182148933411,no_control
2650,0.8332604765892029,0.8332604765892029,no_control
2651,0.8384206891059875,0.8384206891059875,no_control
2652,0.842085599899292,0.842085599899292,no_control
2653,0.8464303016662598,0.8464303016662598,no_control
2654,0.8502194881439209,0.8502194881439209,no_control
2655,0.8535499572753906,0.8535499572753906,no_control
2656,0.8568033576011658,0.8568033576011658,no_control
2657,0.8585298657417297,0.8585298657417297,no_control
2658,0.8541389107704163,0.8541389107704163,no_control
2659,0.8497154116630554,0.8497154116630554,no_control
2660,0.8453086018562317,0.8453086018562317,no_control
2661,0.8397083282470703,0.8397083282470703,no_control
2662,0.836182177066803,0.836182177066803,no_control
2663,0.8320425152778625,0.8320425152778625,no_control
2664,0.8262803554534912,0.8262803554534912,no_control
2665,0.8217551708221436,0.8217551708221436,no_control
2666,0.8180411458015442,0.8180411458015442,no_control
2667,0.8164892792701721,0.8164892792701721,no_control
2668,0.8134840130805969,0.8134840130805969,no_control
2669,0.8119357824325562,0.8119357824325562,no_control
2670,0.8108529448509216,0.8108529448509216,no_control
2671,0.8071911334991455,0.8071911334991455,no_control
2672,0.8028234243392944,0.8028234243392944,no_control
2673,0.8003718852996826,0.8003718852996826,no_control
2674,0.7971113324165344,0.7971113324165344,no_control
2675,0.7902096509933472,0.7902096509933472,no_control
2676,0.7771424651145935,0.7771424651145935,no_control
2677,0.7648547887802124,0.7648547887802124,no_control
2678,0.7479819655418396,0.7479819655418396,no_control
2679,0.7213683724403381,0.7213683724403381,no_control
2680,0.7005115747451782,0.7005115747451782,no_control
2681,0.6894389986991882,0.6894389986991882,no_control
2682,0.6905292272567749,0.6905292272567749,no_control
2683,0.689842164516449,0.689842164516449,no_control
2684,0.6875075697898865,0.6875075697898865,no_control
2685,0.6804415583610535,0.6804415583610535,no_control
2686,0.6726648211479187,0.6726648211479187,no_control
2687,0.6651567220687866,0.6651567220687866,no_control
2688,0.6600081920623779,0.6600081920623779,no_control
2689,0.6581317186355591,0.6581317186355591,no_control
2690,0.6572142243385315,0.6572142243385315,no_control
2691,0.6574110388755798,0.6574110388755798,no_control
2692,0.6576806306838989,0.6576806306838989,no_control
2693,0.6579958200454712,0.6579958200454712,no_control
2694,0.6577271223068237,0.6577271223068237,no_control
2695,0.6577187776565552,0.6577187776565552,no_control
2696,0.656534731388092,0.656534731388092,no_control
2697,0.6628995537757874,0.6628995537757874,no_control
2698,0.6563656330108643,0.6563656330108643,no_control
2699,0.6408954858779907,0.6408954858779907,no_control
2700,0.6229956746101379,0.6229956746101379,no_control
2701,0.6005793213844299,0.6005793213844299,no_control
2702,0.5782959461212158,0.5782959461212158,no_control
2703,0.561173677444458,0.561173677444458,no_control
2704,0.5552995204925537,0.5552995204925537,no_control
2705,0.5584850311279297,0.5584850311279297,no_control
2706,0.5711913704872131,0.5711913704872131,no_control
2707,0.5828038454055786,0.5828038454055786,no_control
2708,0.5931985378265381,0.5931985378265381,no_control
2709,0.6008992791175842,0.6008992791175842,no_control
2710,0.6068071722984314,0.6068071722984314,no_control
2711,0.6131929755210876,0.6131929755210876,no_control
2712,0.6219565272331238,0.6219565272331238,no_control
2713,0.6307036876678467,0.6307036876678467,no_control
2714,0.6347728371620178,0.6347728371620178,no_control
2715,0.6363380551338196,0.6363380551338196,no_control
2716,0.6380559206008911,0.6380559206008911,no_control
2717,0.6392661333084106,0.6392661333084106,no_control
2718,0.641169548034668,0.641169548034668,no_control
2719,0.6445699334144592,0.6445699334144592,no_control
2720,0.6468707919120789,0.6468707919120789,no_control
2721,0.6544128060340881,0.6544128060340881,no_control
2722,0.6548532843589783,0.6548532843589783,no_control
2723,0.6472058892250061,0.6472058892250061,no_control
2724,0.641649603843689,0.641649603843689,no_control
2725,0.6316581964492798,0.6316581964492798,no_control
2726,0.6285799741744995,0.6285799741744995,no_control
2727,0.632254958152771,0.632254958152771,no_control
2728,0.6338063478469849,0.6338063478469849,no_control
2729,0.633310079574585,0.633310079574585,no_control
2730,0.6325039267539978,0.6325039267539978,no_control
2731,0.6350522637367249,0.6350522637367249,no_control
2732,0.6387401223182678,0.6387401223182678,no_control
2733,0.6452443599700928,0.6452443599700928,no_control
2734,0.652576744556427,0.652576744556427,no_control
2735,0.6608191728591919,0.6608191728591919,no_control
2736,0.6674426794052124,0.6674426794052124,no_control
2737,0.6735256314277649,0.6735256314277649,no_control
2738,0.6764031648635864,0.6764031648635864,no_control
2739,0.6779918074607849,0.6779918074607849,no_control
2740,0.6789855360984802,0.6789855360984802,no_control
2741,0.6806501746177673,0.6806501746177673,no_control
2742,0.6829261183738708,0.6829261183738708,no_control
2743,0.6847096681594849,0.6847096681594849,no_control
2744,0.6893603205680847,0.6893603205680847,no_control
2745,0.6901042461395264,0.6901042461395264,no_control
2746,0.6860301494598389,0.6860301494598389,no_control
2747,0.6914807558059692,0.6914807558059692,no_control
2748,0.7014491558074951,0.7014491558074951,no_control
2749,0.7150777578353882,0.7150777578353882,no_control
2750,0.72685307264328,0.72685307264328,no_control
2751,0.7335674166679382,0.7335674166679382,no_control
2752,0.7316642999649048,0.7316642999649048,no_control
2753,0.7239450216293335,0.7239450216293335,no_control
2754,0.7102696299552917,0.7102696299552917,no_control
2755,0.6983906030654907,0.6983906030654907,no_control
2756,0.6888606548309326,0.6888606548309326,no_control
2757,0.6821449398994446,0.6821449398994446,no_control
2758,0.6761753559112549,0.6761753559112549,no_control
2759,0.6704336404800415,0.6704336404800415,no_control
2760,0.6642387509346008,0.6642387509346008,no_control
2761,0.6593155860900879,0.6593155860900879,no_control
2762,0.6576071977615356,0.6576071977615356,no_control
2763,0.6583589911460876,0.6583589911460876,no_control
2764,0.6591304540634155,0.6591304540634155,no_control
2765,0.6600308418273926,0.6600308418273926,no_control
2766,0.6603943705558777,0.6603943705558777,no_control
2767,0.6596379280090332,0.6596379280090332,no_control
2768,0.6570597887039185,0.6570597887039185,no_control
2769,0.6562898755073547,0.6562898755073547,no_control
2770,0.6557856202125549,0.6557856202125549,no_control
2771,0.654992401599884,0.654992401599884,no_control
2772,0.6548959612846375,0.6548959612846375,no_control
2773,0.6558771729469299,0.6558771729469299,no_control
2774,0.6576173901557922,0.6576173901557922,no_control
2775,0.6652300953865051,0.6652300953865051,no_control
2776,0.674382209777832,0.674382209777832,no_control
2777,0.6806968450546265,0.6806968450546265,no_control
2778,0.6864238381385803,0.6864238381385803,no_control
2779,0.6926799416542053,0.6926799416542053,no_control
2780,0.6959214806556702,0.6959214806556702,no_control
2781,0.6990615129470825,0.6990615129470825,no_control
2782,0.7003076076507568,0.7003076076507568,no_control
2783,0.7008470296859741,0.7008470296859741,no_control
2784,0.7011706829071045,0.7011706829071045,no_control
2785,0.7014291286468506,0.7014291286468506,no_control
2786,0.7022634148597717,0.7022634148597717,no_control
2787,0.7030918002128601,0.7030918002128601,no_control
2788,0.703477144241333,0.703477144241333,no_control
2789,0.703950822353363,0.703950822353363,no_control
2790,0.7046415209770203,0.7046415209770203,no_control
2791,0.705199122428894,0.705199122428894,no_control
2792,0.7016091346740723,0.7016091346740723,no_control
2793,0.6990053653717041,0.6990053653717041,no_control
2794,0.6996766328811646,0.6996766328811646,no_control
2795,0.6884645223617554,0.6884645223617554,no_control
2796,0.6714397668838501,0.6714397668838501,no_control
2797,0.6525138020515442,0.6525138020515442,no_control
2798,0.6323384642601013,0.6323384642601013,no_control
2799,0.6160231232643127,0.6160231232643127,no_control
2800,0.6085563898086548,0.6085563898086548,no_control
2801,0.6082062721252441,0.6082062721252441,no_control
2802,0.6168559789657593,0.6168559789657593,no_control
2803,0.6246477961540222,0.6246477961540222,no_control
2804,0.6314057111740112,0.6314057111740112,no_control
2805,0.6354726552963257,0.6354726552963257,no_control
2806,0.6382254958152771,0.6382254958152771,no_control
2807,0.6409896016120911,0.6409896016120911,no_control
2808,0.6430504322052002,0.6430504322052002,no_control
2809,0.6427263021469116,0.6427263021469116,no_control
2810,0.6416568756103516,0.6416568756103516,no_control
2811,0.6408758759498596,0.6408758759498596,no_control
2812,0.6399494409561157,0.6399494409561157,no_control
2813,0.6396403908729553,0.6396403908729553,no_control
2814,0.6391686797142029,0.6391686797142029,no_control
2815,0.6384202837944031,0.6384202837944031,no_control
2816,0.6388648152351379,0.6388648152351379,no_control
2817,0.6394733786582947,0.6394733786582947,no_control
2818,0.640587568283081,0.640587568283081,no_control
2819,0.6443676948547363,0.6443676948547363,no_control
2820,0.6482771039009094,0.6482771039009094,no_control
2821,0.6510868668556213,0.6510868668556213,no_control
2822,0.6543731093406677,0.6543731093406677,no_control
2823,0.6544371843338013,0.6544371843338013,no_control
2824,0.6535201668739319,0.6535201668739319,no_control
2825,0.6584567427635193,0.6584567427635193,no_control
2826,0.66092449426651,0.66092449426651,no_control
2827,0.6605708599090576,0.6605708599090576,no_control
2828,0.6627100706100464,0.6627100706100464,no_control
2829,0.6656166315078735,0.6656166315078735,no_control
2830,0.6689953207969666,0.6689953207969666,no_control
2831,0.6722480654716492,0.6722480654716492,no_control
2832,0.6762403249740601,0.6762403249740601,no_control
