sample,mae_full,mae_inv_only,better_full_or_inv,mae_compare,better_full_or_compare
0,0.38026297092437744,0.3983110785484314,full,0.4108674228191376,full
1,0.3922109603881836,0.40527579188346863,full,0.4132038354873657,full
2,0.3939723074436188,0.4177654981613159,full,0.4320542514324188,full
3,0.3950609564781189,0.4190271496772766,full,0.43024691939353943,full
4,0.3927042782306671,0.404448002576828,full,0.41970008611679077,full
5,0.4014349579811096,0.4181479513645172,full,0.42999809980392456,full
6,0.4006090760231018,0.4138600528240204,full,0.43554866313934326,full
7,0.40366390347480774,0.43683910369873047,full,0.4050154983997345,full
8,0.4180960953235626,0.4598996043205261,full,0.4218490719795227,full
9,0.39357104897499084,0.44850367307662964,full,0.3758700489997864,compare
10,0.34677034616470337,0.42205286026000977,full,0.34243044257164,compare
11,0.305782675743103,0.377573162317276,full,0.32784855365753174,full
12,0.33629339933395386,0.35552066564559937,full,0.32926884293556213,compare
13,0.35563355684280396,0.3524380922317505,inv_only,0.3461276888847351,compare
14,0.38919731974601746,0.3599776029586792,inv_only,0.35198912024497986,compare
15,0.3645934760570526,0.3509291410446167,inv_only,0.3368050754070282,compare
16,0.3572746217250824,0.3396487534046173,inv_only,0.328152060508728,compare
17,0.3488391041755676,0.3398176431655884,inv_only,0.3274422883987427,compare
18,0.3313102126121521,0.33508047461509705,full,0.33192282915115356,full
19,0.33254295587539673,0.32629287242889404,inv_only,0.3171153664588928,compare
20,0.3345452547073364,0.329876571893692,inv_only,0.3124808669090271,compare
21,0.3357744812965393,0.3330831527709961,inv_only,0.3209393322467804,compare
22,0.3480789065361023,0.3391548991203308,inv_only,0.3139301538467407,compare
23,0.3442486822605133,0.32271045446395874,inv_only,0.30757975578308105,compare
24,0.3674984872341156,0.3361521363258362,inv_only,0.3204191029071808,compare
25,0.3651914894580841,0.3380860686302185,inv_only,0.31903818249702454,compare
26,0.3492545783519745,0.33568891882896423,inv_only,0.3227652609348297,compare
27,0.3626578748226166,0.34890061616897583,inv_only,0.3354581594467163,compare
28,0.34077757596969604,0.3395926356315613,inv_only,0.3292708098888397,compare
29,0.3809904456138611,0.3478443920612335,inv_only,0.334489107131958,compare
30,0.3635285794734955,0.3483603298664093,inv_only,0.3367118537425995,compare
31,0.35585924983024597,0.35200735926628113,inv_only,0.34448161721229553,compare
32,0.3847614526748657,0.356762558221817,inv_only,0.33775630593299866,compare
33,0.3665253818035126,0.35153672099113464,inv_only,0.33081838488578796,compare
34,0.3477024435997009,0.3475516140460968,inv_only,0.36618688702583313,full
35,0.3292883038520813,0.33680811524391174,full,0.3356183171272278,full
36,0.33672937750816345,0.3350377678871155,inv_only,0.3690289556980133,full
37,0.35649609565734863,0.3430059254169464,inv_only,0.39614301919937134,full
38,0.3630146384239197,0.3463208079338074,inv_only,0.4374527931213379,full
39,0.31376102566719055,0.3193766474723816,full,0.31157147884368896,compare
40,0.2996111214160919,0.31116747856140137,full,0.2985484004020691,compare
41,0.30325934290885925,0.2896842658519745,inv_only,0.2848990261554718,compare
42,0.31246572732925415,0.29149582982063293,inv_only,0.2968701422214508,compare
43,0.29119420051574707,0.29152506589889526,full,0.3167828321456909,full
44,0.2959286570549011,0.29975590109825134,full,0.2973281443119049,full
45,0.29252326488494873,0.3095226287841797,full,0.29448726773262024,full
46,0.28286606073379517,0.3173535168170929,full,0.2906496524810791,full
47,0.28554895520210266,0.30272918939590454,full,0.28444704413414,compare
48,0.28394508361816406,0.2992633581161499,full,0.27811628580093384,compare
49,0.26653143763542175,0.3044889271259308,full,0.2855071425437927,full
50,0.26528072357177734,0.303824782371521,full,0.28191572427749634,full
51,0.25287508964538574,0.3029278516769409,full,0.2909002900123596,full
52,0.2739219665527344,0.3100964426994324,full,0.3060377836227417,full
53,0.2865307331085205,0.3005501627922058,full,0.2953280806541443,full
54,0.27363306283950806,0.30534109473228455,full,0.2788057029247284,full
55,0.27149713039398193,0.3142433166503906,full,0.28490665555000305,full
56,0.2662486135959625,0.316852331161499,full,0.2665881812572479,full
57,0.24784129858016968,0.30117788910865784,full,0.261761337518692,full
58,0.262412428855896,0.2931032180786133,full,0.2862100303173065,full
59,0.2726905643939972,0.29769235849380493,full,0.29388362169265747,full
60,0.3044285476207733,0.306129515171051,full,0.31467053294181824,full
61,0.28119057416915894,0.30163896083831787,full,0.2759303152561188,compare
62,0.29167717695236206,0.3199996054172516,full,0.2944120764732361,full
63,0.31067025661468506,0.3307447135448456,full,0.31999534368515015,full
64,0.30944952368736267,0.3315632939338684,full,0.30705639719963074,compare
65,0.31877201795578003,0.3197411298751831,full,0.2929653525352478,compare
66,0.30205073952674866,0.32859477400779724,full,0.3077230155467987,full
67,0.30208852887153625,0.3180927038192749,full,0.3082582950592041,full
68,0.3050418496131897,0.32116958498954773,full,0.3162805140018463,full
69,0.30722588300704956,0.32724663615226746,full,0.3342674672603607,full
70,0.29864537715911865,0.31274059414863586,full,0.3308873772621155,full
71,0.3129873275756836,0.325179785490036,full,0.3261561691761017,full
72,0.31765440106391907,0.3391975462436676,full,0.3300841748714447,full
73,0.3162056803703308,0.34517401456832886,full,0.33594441413879395,full
74,0.3143156170845032,0.34885653853416443,full,0.32875630259513855,full
75,0.3052271008491516,0.35276472568511963,full,0.3323790431022644,full
76,0.30654093623161316,0.34513595700263977,full,0.327327162027359,full
77,0.3138260245323181,0.33660033345222473,full,0.33076176047325134,full
78,0.3035528063774109,0.3356587290763855,full,0.3269716501235962,full
79,0.3092662990093231,0.33688387274742126,full,0.32221314311027527,full
80,0.29132014513015747,0.34165871143341064,full,0.3195367157459259,full
81,0.3011474311351776,0.35738617181777954,full,0.3118579685688019,full
82,0.29123175144195557,0.3618730306625366,full,0.2811051905155182,compare
83,0.3120271563529968,0.3661777973175049,full,0.30114424228668213,compare
84,0.3291187882423401,0.37802132964134216,full,0.3188432455062866,compare
85,0.34630072116851807,0.37472039461135864,full,0.34343385696411133,compare
86,0.3206769526004791,0.3719402551651001,full,0.33751633763313293,full
87,0.4092121124267578,0.3515247702598572,inv_only,0.34763437509536743,compare
88,0.32366743683815,0.34728536009788513,full,0.32845911383628845,full
89,0.3197381794452667,0.3549576699733734,full,0.324081152677536,full
90,0.3618227243423462,0.35355812311172485,inv_only,0.3251095712184906,compare
91,0.35048726201057434,0.3476392924785614,inv_only,0.343540221452713,compare
92,0.34522324800491333,0.3420960307121277,inv_only,0.3409006893634796,compare
93,0.3363012969493866,0.34757229685783386,full,0.34256720542907715,full
94,0.3351110816001892,0.3547345697879791,full,0.32807838916778564,compare
95,0.33049115538597107,0.3572245240211487,full,0.3211975693702698,compare
96,0.35352638363838196,0.3652908504009247,full,0.3328043520450592,compare
97,0.339262992143631,0.35764673352241516,full,0.34110209345817566,full
98,0.3654381334781647,0.36446768045425415,inv_only,0.34907129406929016,compare
99,0.3978717625141144,0.3717781603336334,inv_only,0.34962138533592224,compare
100,0.3817167282104492,0.37899595499038696,inv_only,0.3466896414756775,compare
101,0.37399888038635254,0.37910860776901245,full,0.3473845422267914,compare
102,0.4061656892299652,0.36985257267951965,inv_only,0.35108697414398193,compare
103,0.3914520740509033,0.38596203923225403,inv_only,0.3612598478794098,compare
104,0.38168394565582275,0.3891248404979706,full,0.3702474534511566,compare
105,0.3592729866504669,0.36640527844429016,full,0.34365636110305786,compare
106,0.32889384031295776,0.3547305762767792,full,0.3270692825317383,compare
107,0.33907124400138855,0.3554554879665375,full,0.32425788044929504,compare
108,0.32069072127342224,0.34215492010116577,full,0.32792696356773376,full
109,0.3423399031162262,0.34595394134521484,full,0.35103553533554077,full
110,0.336745947599411,0.35976701974868774,full,0.3544542193412781,full
111,0.37713947892189026,0.3702281713485718,inv_only,0.3546045422554016,compare
112,0.34378352761268616,0.3627673089504242,full,0.3417263329029083,compare
113,0.3395299017429352,0.3601486384868622,full,0.3383048474788666,compare
114,0.3329773545265198,0.35522475838661194,full,0.335079163312912,full
115,0.33677956461906433,0.35894301533699036,full,0.33118313550949097,compare
116,0.3555743098258972,0.354398250579834,inv_only,0.32730647921562195,compare
117,0.35924893617630005,0.3531852662563324,inv_only,0.3393748104572296,compare
118,0.40222060680389404,0.3545733690261841,inv_only,0.33724284172058105,compare
119,0.38149380683898926,0.34304356575012207,inv_only,0.3405992388725281,compare
120,0.34175488352775574,0.3263135254383087,inv_only,0.3376886248588562,compare
121,0.35963571071624756,0.3270184397697449,inv_only,0.334898442029953,compare
122,0.4094802737236023,0.3122047781944275,inv_only,0.3246716558933258,compare
123,0.3796412944793701,0.3322693705558777,inv_only,0.33327341079711914,compare
124,0.3640214800834656,0.3407718241214752,inv_only,0.3358025848865509,compare
125,0.37326183915138245,0.33543136715888977,inv_only,0.3334418535232544,compare
126,0.32353442907333374,0.3339433968067169,full,0.33353129029273987,full
127,0.31881406903266907,0.33626049757003784,full,0.33312565088272095,full
128,0.34217211604118347,0.3506203293800354,full,0.3368023931980133,compare
129,0.36261558532714844,0.3563726246356964,inv_only,0.33662500977516174,compare
130,0.36590200662612915,0.35052546858787537,inv_only,0.3381640613079071,compare
131,0.40850621461868286,0.34516018629074097,inv_only,0.3725777268409729,compare
132,0.3735924959182739,0.3422301709651947,inv_only,0.37542271614074707,full
133,0.3925172686576843,0.35978296399116516,inv_only,0.37775352597236633,compare
134,0.3576762080192566,0.3870525062084198,full,0.36760175228118896,full
135,0.3629402816295624,0.3868286609649658,full,0.37841683626174927,full
136,0.38595250248908997,0.3956209421157837,full,0.39390650391578674,full
137,0.39350518584251404,0.4050064980983734,full,0.4069851040840149,full
138,0.40601298213005066,0.41012153029441833,full,0.4327786862850189,full
139,0.42093485593795776,0.42392781376838684,full,0.4482463300228119,full
140,0.42298221588134766,0.43486055731773376,full,0.45228269696235657,full
141,0.43088605999946594,0.45300066471099854,full,0.4493717551231384,full
142,0.4487360119819641,0.46986499428749084,full,0.43938392400741577,compare
143,0.44133296608924866,0.4687441885471344,full,0.43922823667526245,compare
144,0.43581855297088623,0.4672878384590149,full,0.44103023409843445,full
145,0.4195845425128937,0.46527472138404846,full,0.44649043679237366,full
146,0.4242933392524719,0.47753384709358215,full,0.4481218457221985,full
147,0.42575427889823914,0.48650678992271423,full,0.43313339352607727,full
148,0.43887776136398315,0.49795740842819214,full,0.45642298460006714,full
149,0.46181485056877136,0.48971232771873474,full,0.4571521580219269,compare
150,0.43162965774536133,0.48321712017059326,full,0.43986576795578003,full
151,0.43849074840545654,0.4973532557487488,full,0.45380133390426636,full
152,0.4399681091308594,0.4972245395183563,full,0.4489845633506775,full
153,0.4396195411682129,0.4951958656311035,full,0.42663857340812683,compare
154,0.40814468264579773,0.45861682295799255,full,0.4148156940937042,full
155,0.4050807058811188,0.44689977169036865,full,0.4065759778022766,full
156,0.4060077667236328,0.44940313696861267,full,0.4112282693386078,full
157,0.4169897437095642,0.455676406621933,full,0.41348111629486084,compare
158,0.4336540102958679,0.46400707960128784,full,0.42181453108787537,compare
159,0.4541139304637909,0.4659821391105652,full,0.4292636215686798,compare
160,0.4524514973163605,0.4695385694503784,full,0.4194391369819641,compare
161,0.455710232257843,0.47505977749824524,full,0.4145441949367523,compare
162,0.44155433773994446,0.475406289100647,full,0.42815664410591125,compare
163,0.4599904716014862,0.47143039107322693,full,0.42581042647361755,compare
164,0.44901785254478455,0.4655887186527252,full,0.4218231439590454,compare
165,0.431863933801651,0.4548090100288391,full,0.4314112067222595,compare
166,0.42738834023475647,0.44395312666893005,full,0.42257291078567505,compare
167,0.42970284819602966,0.4504657983779907,full,0.42900151014328003,compare
168,0.44097471237182617,0.4659925401210785,full,0.4484122097492218,full
169,0.4523894190788269,0.47355860471725464,full,0.44707953929901123,compare
170,0.44556865096092224,0.4869203269481659,full,0.44325974583625793,compare
171,0.45818957686424255,0.4753436744213104,full,0.44360941648483276,compare
172,0.45176687836647034,0.45931485295295715,full,0.4339936673641205,compare
173,0.4433215856552124,0.46591833233833313,full,0.4360572397708893,compare
174,0.44704321026802063,0.4690227508544922,full,0.4535910487174988,full
175,0.48132359981536865,0.48423758149147034,full,0.47819021344184875,compare
176,0.4768871068954468,0.48345106840133667,full,0.4687700867652893,compare
177,0.44224634766578674,0.46956899762153625,full,0.4419431686401367,compare
178,0.4287974536418915,0.4496101140975952,full,0.4189404249191284,compare
179,0.43046993017196655,0.44643765687942505,full,0.4122103750705719,compare
180,0.44093063473701477,0.4732407331466675,full,0.4187614321708679,compare
181,0.48207688331604004,0.4855133891105652,full,0.42666929960250854,compare
182,0.4907069206237793,0.4978327751159668,full,0.4454125463962555,compare
183,0.5059729218482971,0.49234336614608765,inv_only,0.45427390933036804,compare
184,0.48480698466300964,0.4908325970172882,full,0.45922043919563293,compare
185,0.50519198179245,0.4674259424209595,inv_only,0.45205843448638916,compare
186,0.4876076579093933,0.448489248752594,inv_only,0.4787276089191437,compare
187,0.48748743534088135,0.4390489161014557,inv_only,0.5008851885795593,full
188,0.4386226236820221,0.43609312176704407,inv_only,0.5029379725456238,full
189,0.43255069851875305,0.4488671123981476,full,0.4746028482913971,full
190,0.43229255080223083,0.4477137625217438,full,0.45879754424095154,full
191,0.43663984537124634,0.4457811713218689,full,0.45637771487236023,full
192,0.4606635868549347,0.45219531655311584,inv_only,0.449404776096344,compare
193,0.450114905834198,0.43624886870384216,inv_only,0.4509018063545227,full
194,0.4422440528869629,0.4406770169734955,inv_only,0.45880353450775146,full
195,0.4273267090320587,0.4278327524662018,full,0.4592536687850952,full
196,0.4380386173725128,0.4253423511981964,inv_only,0.4514795243740082,full
197,0.4279460906982422,0.42355021834373474,inv_only,0.4458501935005188,full
198,0.4494536221027374,0.42529726028442383,inv_only,0.44461745023727417,compare
199,0.4451570212841034,0.44045594334602356,inv_only,0.45240920782089233,full
200,0.4611639976501465,0.43062448501586914,inv_only,0.4601437747478485,compare
201,0.4221787452697754,0.41854745149612427,inv_only,0.37987297773361206,compare
202,0.36945125460624695,0.39090242981910706,full,0.31397315859794617,compare
203,0.35007885098457336,0.38053303956985474,full,0.30828753113746643,compare
204,0.33946293592453003,0.37426355481147766,full,0.3543401062488556,full
205,0.3641218841075897,0.3743504285812378,full,0.351236492395401,compare
206,0.36308449506759644,0.36546850204467773,full,0.34893885254859924,compare
207,0.36287739872932434,0.36888936161994934,full,0.35267168283462524,compare
208,0.35674312710762024,0.351913720369339,inv_only,0.34971389174461365,compare
209,0.34642061591148376,0.33407333493232727,inv_only,0.3488160967826843,full
210,0.33670860528945923,0.32072165608406067,inv_only,0.35214880108833313,full
211,0.3348782956600189,0.3154134750366211,inv_only,0.3576551079750061,full
212,0.3468509614467621,0.33308646082878113,inv_only,0.33941957354545593,compare
213,0.321235716342926,0.333553671836853,full,0.3170972466468811,compare
214,0.3223994970321655,0.33753374218940735,full,0.31754255294799805,compare
215,0.3302209973335266,0.3399600684642792,full,0.32668977975845337,compare
216,0.33287444710731506,0.3374984860420227,full,0.3178099989891052,compare
217,0.3306991457939148,0.34329548478126526,full,0.32203882932662964,compare
218,0.3358337879180908,0.34971702098846436,full,0.3236396312713623,compare
219,0.34383973479270935,0.3562236726284027,full,0.3270922005176544,compare
220,0.3327406942844391,0.3532235622406006,full,0.34071099758148193,full
221,0.3299770951271057,0.35058915615081787,full,0.34704717993736267,full
222,0.3428070843219757,0.35255205631256104,full,0.33174771070480347,compare
223,0.3348287343978882,0.35230886936187744,full,0.3481777608394623,full
224,0.33901533484458923,0.3609611690044403,full,0.3576013445854187,full
225,0.33976486325263977,0.3645026683807373,full,0.32513540983200073,compare
226,0.3216705322265625,0.3620074987411499,full,0.31582438945770264,compare
227,0.3276957869529724,0.3455161452293396,full,0.31283169984817505,compare
228,0.3426915407180786,0.342192143201828,inv_only,0.331730455160141,compare
229,0.3385017514228821,0.3589975833892822,full,0.3366151452064514,compare
230,0.37254345417022705,0.3615110516548157,inv_only,0.3672393560409546,compare
231,0.41270551085472107,0.38590049743652344,inv_only,0.3645956516265869,compare
232,0.3817918598651886,0.3899914026260376,full,0.3628215491771698,compare
233,0.35865193605422974,0.37564119696617126,full,0.3533969521522522,compare
234,0.34642037749290466,0.3718409836292267,full,0.3681876063346863,full
235,0.37837111949920654,0.3770090341567993,inv_only,0.37020382285118103,compare
236,0.38466137647628784,0.37565386295318604,inv_only,0.37600743770599365,compare
237,0.36644113063812256,0.39420169591903687,full,0.3570632338523865,compare
238,0.3750261664390564,0.38773614168167114,full,0.35633668303489685,compare
239,0.3703983426094055,0.38528555631637573,full,0.3597553074359894,compare
240,0.38357698917388916,0.37441834807395935,inv_only,0.3789724111557007,compare
241,0.4000161588191986,0.382783979177475,inv_only,0.402300626039505,full
242,0.3851621747016907,0.3725162446498871,inv_only,0.3893015682697296,full
243,0.3744858205318451,0.3715478777885437,inv_only,0.3991161584854126,full
244,0.37679895758628845,0.37851569056510925,full,0.4152979254722595,full
245,0.3856680691242218,0.38628843426704407,full,0.4183841943740845,full
246,0.39610177278518677,0.3722769618034363,inv_only,0.39012232422828674,compare
247,0.3910726308822632,0.381006121635437,inv_only,0.38482385873794556,compare
248,0.3626365661621094,0.3772554099559784,full,0.3700634837150574,full
249,0.37369000911712646,0.38369837403297424,full,0.38520848751068115,full
250,0.4136137366294861,0.3987196981906891,inv_only,0.39713242650032043,compare
251,0.39347466826438904,0.4054796099662781,full,0.39460551738739014,full
252,0.3964449167251587,0.43139299750328064,full,0.395907461643219,compare
253,0.4193399250507355,0.44301837682724,full,0.4250449240207672,full
254,0.4377974569797516,0.4406009614467621,full,0.4483596384525299,full
255,0.4481737017631531,0.4486467242240906,full,0.441251277923584,compare
256,0.4555908441543579,0.4532277286052704,inv_only,0.4418071508407593,compare
257,0.44019222259521484,0.43717384338378906,inv_only,0.43993982672691345,compare
258,0.43524226546287537,0.43629273772239685,full,0.4543817639350891,full
259,0.4523351788520813,0.4382769465446472,inv_only,0.4561735987663269,full
260,0.44992151856422424,0.4493623971939087,inv_only,0.4554683268070221,full
261,0.443987637758255,0.4544605016708374,full,0.4547903537750244,full
262,0.4520435333251953,0.42496463656425476,inv_only,0.4492243826389313,compare
263,0.42277413606643677,0.4197225272655487,inv_only,0.42745763063430786,full
264,0.4197787046432495,0.4340829849243164,full,0.434343159198761,full
265,0.4340977966785431,0.435702919960022,full,0.41433990001678467,compare
266,0.4220741093158722,0.4457721710205078,full,0.41064372658729553,compare
267,0.42777925729751587,0.45442432165145874,full,0.4108608365058899,compare
268,0.4232805073261261,0.4559839367866516,full,0.4160066843032837,compare
269,0.426551878452301,0.44931256771087646,full,0.4357229173183441,full
270,0.43297624588012695,0.452395498752594,full,0.44062379002571106,full
271,0.43704187870025635,0.4699628949165344,full,0.42664802074432373,compare
272,0.4166264235973358,0.47334998846054077,full,0.40588879585266113,compare
273,0.3801054358482361,0.4824111759662628,full,0.38595589995384216,full
274,0.38800767064094543,0.4812856912612915,full,0.380548894405365,compare
275,0.33829694986343384,0.4548792243003845,full,0.369235634803772,full
276,0.3505972921848297,0.44924601912498474,full,0.3575665354728699,full
277,0.3591685891151428,0.42153313755989075,full,0.3671402633190155,full
278,0.356980562210083,0.39539361000061035,full,0.3599933981895447,full
279,0.3637774884700775,0.36153438687324524,inv_only,0.362592875957489,compare
280,0.345474511384964,0.3394817113876343,inv_only,0.3563104271888733,full
281,0.3572283685207367,0.3441501259803772,inv_only,0.3581756353378296,full
282,0.38797634840011597,0.34743982553482056,inv_only,0.35437220335006714,compare
283,0.34978359937667847,0.34688371419906616,inv_only,0.3549249470233917,full
284,0.37609729170799255,0.34623101353645325,inv_only,0.3697962462902069,compare
285,0.4040471017360687,0.3616831600666046,inv_only,0.3751605749130249,compare
286,0.35379236936569214,0.36384010314941406,full,0.35897204279899597,full
287,0.3519037961959839,0.3566790521144867,full,0.3476480543613434,compare
288,0.35622209310531616,0.38573339581489563,full,0.36206749081611633,full
289,0.3411245048046112,0.37606650590896606,full,0.3416668176651001,full
290,0.3439417779445648,0.3839693069458008,full,0.3431885838508606,compare
291,0.33549726009368896,0.39107367396354675,full,0.3301053047180176,compare
292,0.3464448153972626,0.38470906019210815,full,0.34395143389701843,compare
293,0.3480130136013031,0.3914020359516144,full,0.3380177319049835,compare
294,0.3320596218109131,0.3851770758628845,full,0.33902814984321594,full
295,0.3466843366622925,0.39238476753234863,full,0.352888286113739,full
296,0.35554665327072144,0.39252108335494995,full,0.34755417704582214,compare
297,0.350041002035141,0.3897562026977539,full,0.33698493242263794,compare
298,0.33139562606811523,0.393314927816391,full,0.3202655613422394,compare
299,0.344814658164978,0.40128880739212036,full,0.34504246711730957,full
300,0.3611622750759125,0.4134231507778168,full,0.37934955954551697,full
301,0.38875317573547363,0.43051284551620483,full,0.4246588349342346,full
302,0.4007036089897156,0.43637189269065857,full,0.42969590425491333,full
303,0.4204639196395874,0.44750526547431946,full,0.42519411444664,full
304,0.3852618634700775,0.42647790908813477,full,0.3980526626110077,full
305,0.3756161034107208,0.41988492012023926,full,0.3746727705001831,compare
306,0.382048100233078,0.4112173020839691,full,0.3574141263961792,compare
307,0.370278000831604,0.40374094247817993,full,0.3649493157863617,compare
308,0.3731030225753784,0.4170670211315155,full,0.40457791090011597,full
309,0.39324334263801575,0.41735050082206726,full,0.39356932044029236,full
310,0.40009182691574097,0.4182567596435547,full,0.3922707736492157,compare
311,0.4095515310764313,0.41784587502479553,full,0.3827531039714813,compare
312,0.3748391270637512,0.40402090549468994,full,0.38789984583854675,full
313,0.36955180764198303,0.4120399057865143,full,0.37708157300949097,full
314,0.3772222399711609,0.4230840802192688,full,0.36346614360809326,compare
315,0.37006697058677673,0.41698846220970154,full,0.3570270538330078,compare
316,0.35735687613487244,0.3973393142223358,full,0.3430347144603729,compare
317,0.36685362458229065,0.3936408460140228,full,0.3555160462856293,compare
318,0.37796974182128906,0.3997369706630707,full,0.37376341223716736,compare
319,0.40231406688690186,0.41618746519088745,full,0.3675791919231415,compare
320,0.39114370942115784,0.41332685947418213,full,0.36367329955101013,compare
321,0.41136759519577026,0.4228565990924835,full,0.37177857756614685,compare
322,0.42756903171539307,0.42119672894477844,inv_only,0.3830161392688751,compare
323,0.3983616530895233,0.4308395981788635,full,0.370656281709671,compare
324,0.38595759868621826,0.41234689950942993,full,0.40261971950531006,full
325,0.4042874276638031,0.4286603033542633,full,0.425240695476532,full
326,0.39081668853759766,0.42319244146347046,full,0.39709559082984924,full
327,0.39927810430526733,0.4208240211009979,full,0.39436736702919006,compare
328,0.37065568566322327,0.39538219571113586,full,0.3652697503566742,compare
329,0.3807089328765869,0.388246089220047,full,0.3501209020614624,compare
330,0.39678600430488586,0.3851727247238159,inv_only,0.3456859290599823,compare
331,0.37044623494148254,0.3705921173095703,full,0.3410778045654297,compare
332,0.3656194508075714,0.35842636227607727,inv_only,0.3571539521217346,compare
333,0.37821164727211,0.35546502470970154,inv_only,0.3651542365550995,compare
334,0.3490774631500244,0.36667683720588684,full,0.3522983491420746,full
335,0.33564502000808716,0.3663056492805481,full,0.3598514497280121,full
336,0.3406693637371063,0.353437215089798,full,0.3563418388366699,full
337,0.3160233795642853,0.3500613868236542,full,0.33509060740470886,full
338,0.32977914810180664,0.36771470308303833,full,0.33603355288505554,full
339,0.33942553400993347,0.3742796778678894,full,0.3494764268398285,full
340,0.35494524240493774,0.37997210025787354,full,0.3458828628063202,compare
341,0.3673880398273468,0.37807920575141907,full,0.35764703154563904,compare
342,0.3687373697757721,0.3748250901699066,full,0.3548327386379242,compare
343,0.352234810590744,0.3711383044719696,full,0.3655073642730713,full
344,0.3354533016681671,0.35517632961273193,full,0.3448307514190674,full
345,0.3504316806793213,0.3543774485588074,full,0.37756264209747314,full
346,0.32449108362197876,0.34302452206611633,full,0.3701822757720947,full
347,0.3360360860824585,0.33444803953170776,inv_only,0.3623645603656769,full
348,0.32544761896133423,0.3436069190502167,full,0.3375519812107086,full
349,0.33791056275367737,0.3551817834377289,full,0.3407789170742035,full
350,0.34284883737564087,0.3496134579181671,full,0.3584297299385071,full
351,0.3623732328414917,0.34312430024147034,inv_only,0.3592882752418518,compare
352,0.3622976839542389,0.32717087864875793,inv_only,0.362261563539505,compare
353,0.3568596839904785,0.3320038318634033,inv_only,0.3693293333053589,full
354,0.3444282114505768,0.32999157905578613,inv_only,0.3386590778827667,compare
355,0.3413315415382385,0.32726752758026123,inv_only,0.34169653058052063,full
356,0.34125465154647827,0.32993245124816895,inv_only,0.3432570993900299,full
357,0.3331209421157837,0.3478487730026245,full,0.3507940173149109,full
358,0.3387000262737274,0.3455512821674347,full,0.36645811796188354,full
359,0.3428218364715576,0.3349961042404175,inv_only,0.37320366501808167,full
360,0.33822983503341675,0.3556467890739441,full,0.3757206201553345,full
361,0.341671347618103,0.3617778718471527,full,0.3716135621070862,full
362,0.3382526636123657,0.36842238903045654,full,0.3606795370578766,full
363,0.33179977536201477,0.3673644959926605,full,0.3504891097545624,full
364,0.3319142162799835,0.36928966641426086,full,0.35674723982810974,full
365,0.3415846526622772,0.35725677013397217,full,0.33269232511520386,compare
366,0.3244325518608093,0.3433220684528351,full,0.32767537236213684,full
367,0.3076625466346741,0.3436124920845032,full,0.3366733491420746,full
368,0.3681281507015228,0.3360673487186432,inv_only,0.3435697853565216,compare
369,0.3200429379940033,0.3088065981864929,inv_only,0.36265185475349426,full
370,0.3070306181907654,0.2952626943588257,inv_only,0.3521684408187866,full
371,0.29946792125701904,0.2997260093688965,full,0.32959580421447754,full
372,0.2987014651298523,0.3221244812011719,full,0.3362545669078827,full
373,0.31847649812698364,0.33265817165374756,full,0.3401816189289093,full
374,0.3136705160140991,0.33485499024391174,full,0.332757830619812,full
375,0.33810001611709595,0.3441798985004425,full,0.3457237184047699,full
376,0.3339392840862274,0.3422505259513855,full,0.3329559564590454,compare
377,0.32690930366516113,0.3480631113052368,full,0.34044119715690613,full
378,0.3507575988769531,0.3478016257286072,inv_only,0.3419819474220276,compare
379,0.3564033508300781,0.35567107796669006,inv_only,0.3363153040409088,compare
380,0.3441679775714874,0.3620309829711914,full,0.34130361676216125,compare
381,0.3433772921562195,0.35612228512763977,full,0.35002729296684265,full
382,0.33982884883880615,0.3567414879798889,full,0.343224436044693,full
383,0.347237765789032,0.33975693583488464,inv_only,0.3361673951148987,compare
384,0.3481760621070862,0.34504109621047974,inv_only,0.34047871828079224,compare
385,0.3362473249435425,0.33743998408317566,full,0.3329804241657257,compare
386,0.3416701853275299,0.3378397226333618,inv_only,0.33801180124282837,compare
387,0.33075642585754395,0.342446506023407,full,0.33093202114105225,full
388,0.32289475202560425,0.3435564637184143,full,0.3253420293331146,full
389,0.32879769802093506,0.33858516812324524,full,0.3206234872341156,compare
390,0.3564400374889374,0.35356059670448303,inv_only,0.3262927830219269,compare
391,0.3359109163284302,0.3564951717853546,full,0.3193082809448242,compare
392,0.3326394259929657,0.35838088393211365,full,0.33269423246383667,full
393,0.3383851647377014,0.36429089307785034,full,0.31342875957489014,compare
394,0.330649733543396,0.3464469611644745,full,0.3027830719947815,compare
395,0.32783809304237366,0.3466302752494812,full,0.31012779474258423,compare
396,0.31502142548561096,0.34752336144447327,full,0.3099249303340912,compare
397,0.3758414089679718,0.3628256618976593,inv_only,0.3028554618358612,compare
398,0.3079226016998291,0.35798579454421997,full,0.2888142764568329,compare
399,0.3134647011756897,0.3520636558532715,full,0.30104923248291016,compare
400,0.33435162901878357,0.3474370837211609,full,0.3030102550983429,compare
401,0.3146722912788391,0.3494338393211365,full,0.29782867431640625,compare
402,0.31522196531295776,0.35306990146636963,full,0.31740596890449524,full
403,0.31567949056625366,0.3631138503551483,full,0.3108665943145752,compare
404,0.3205336928367615,0.3589705228805542,full,0.3146199882030487,compare
405,0.3255796730518341,0.3522712290287018,full,0.3119700849056244,compare
406,0.3336159884929657,0.34687966108322144,full,0.31072357296943665,compare
407,0.33871370553970337,0.33621031045913696,inv_only,0.3230137228965759,compare
408,0.3190250098705292,0.3350887894630432,full,0.3271930515766144,full
409,0.31930607557296753,0.3393426537513733,full,0.3331417739391327,full
410,0.31921231746673584,0.35316333174705505,full,0.3516697585582733,full
411,0.3120104968547821,0.34815511107444763,full,0.3510209023952484,full
412,0.3431689143180847,0.3431328535079956,inv_only,0.34540730714797974,full
413,0.36283278465270996,0.3472599387168884,inv_only,0.33851468563079834,compare
414,0.3472403585910797,0.36993208527565,full,0.3226153552532196,compare
415,0.33536502718925476,0.3673591911792755,full,0.31066545844078064,compare
416,0.3253803849220276,0.3750949800014496,full,0.2927568554878235,compare
417,0.31086617708206177,0.3659873902797699,full,0.28650298714637756,compare
418,0.28845950961112976,0.32797670364379883,full,0.2649424076080322,compare
419,0.28962913155555725,0.32723984122276306,full,0.281434565782547,compare
420,0.29165780544281006,0.3316137194633484,full,0.28948158025741577,compare
421,0.30662110447883606,0.32090306282043457,full,0.3173966109752655,full
422,0.32039204239845276,0.3046587109565735,inv_only,0.2855386734008789,compare
423,0.2950287461280823,0.2831401824951172,inv_only,0.26861631870269775,compare
424,0.29965823888778687,0.27865538001060486,inv_only,0.2691791355609894,compare
425,0.32767191529273987,0.28955838084220886,inv_only,0.2664886713027954,compare
426,0.31989777088165283,0.2970276474952698,inv_only,0.2634047269821167,compare
427,0.31504371762275696,0.28919047117233276,inv_only,0.25672775506973267,compare
428,0.30591025948524475,0.29177311062812805,inv_only,0.2565170228481293,compare
429,0.2916405498981476,0.301059752702713,full,0.2555604875087738,compare
430,0.27324971556663513,0.30522677302360535,full,0.26343441009521484,compare
431,0.26585862040519714,0.30025047063827515,full,0.2540226876735687,compare
432,0.2995920181274414,0.28711459040641785,inv_only,0.24330230057239532,compare
433,0.26665353775024414,0.2815617024898529,full,0.25398117303848267,compare
434,0.29331281781196594,0.2877705991268158,inv_only,0.25240084528923035,compare
435,0.24897651374340057,0.28499943017959595,full,0.24002602696418762,compare
436,0.23353588581085205,0.272062748670578,full,0.24218405783176422,full
437,0.25702205300331116,0.2669459283351898,full,0.24284015595912933,compare
438,0.23230689764022827,0.27207881212234497,full,0.229088693857193,compare
439,0.23935768008232117,0.26285406947135925,full,0.2302374243736267,compare
440,0.22390910983085632,0.24996067583560944,full,0.22707690298557281,full
441,0.24654334783554077,0.25043752789497375,full,0.22135353088378906,compare
442,0.2365325391292572,0.2502801716327667,full,0.234201118350029,compare
443,0.27772003412246704,0.26836755871772766,inv_only,0.26619723439216614,compare
444,0.26720696687698364,0.28633859753608704,full,0.2840552031993866,full
445,0.26639920473098755,0.29688560962677,full,0.2711779475212097,full
446,0.27269914746284485,0.32210132479667664,full,0.28462016582489014,full
447,0.28097081184387207,0.3137400448322296,full,0.2936490476131439,full
448,0.27791455388069153,0.31869256496429443,full,0.3241172134876251,full
449,0.3159750699996948,0.3373843729496002,full,0.33481892943382263,full
450,0.3079322576522827,0.3371391296386719,full,0.3347545266151428,full
451,0.31478187441825867,0.3258723020553589,full,0.3148624897003174,full
452,0.3124944269657135,0.3297949433326721,full,0.3132930099964142,full
453,0.3031689524650574,0.34300631284713745,full,0.31286004185676575,full
454,0.33272817730903625,0.37038305401802063,full,0.3060455024242401,compare
455,0.3049106299877167,0.3497784435749054,full,0.30987128615379333,full
456,0.27284640073776245,0.33704060316085815,full,0.30361631512641907,full
457,0.2831322252750397,0.33205679059028625,full,0.30178189277648926,full
458,0.3048490881919861,0.33132290840148926,full,0.29132503271102905,compare
459,0.30725133419036865,0.33136218786239624,full,0.30464988946914673,compare
460,0.32775914669036865,0.3322363495826721,full,0.31625181436538696,compare
461,0.3354516625404358,0.3512197732925415,full,0.3301805555820465,compare
462,0.3085482120513916,0.3500528037548065,full,0.32064828276634216,full
463,0.33281469345092773,0.3500228226184845,full,0.31769368052482605,compare
464,0.3331071436405182,0.3533724546432495,full,0.3230694532394409,compare
465,0.3013855814933777,0.34022262692451477,full,0.31234875321388245,full
466,0.27249181270599365,0.31153473258018494,full,0.268664687871933,compare
467,0.2790711522102356,0.31978699564933777,full,0.2815777659416199,full
468,0.2774958908557892,0.31846195459365845,full,0.2872201204299927,full
469,0.2676209509372711,0.3123234510421753,full,0.2829846739768982,full
470,0.26737308502197266,0.3088942766189575,full,0.2749795913696289,full
471,0.26422420144081116,0.30908507108688354,full,0.2806199789047241,full
472,0.28265005350112915,0.3201529085636139,full,0.29055124521255493,full
473,0.2776406705379486,0.32550573348999023,full,0.2851980924606323,full
474,0.2656230628490448,0.32388290762901306,full,0.29480767250061035,full
475,0.2865196764469147,0.31148090958595276,full,0.28715628385543823,full
476,0.2905566394329071,0.3281857371330261,full,0.2980865240097046,full
477,0.31154337525367737,0.33074575662612915,full,0.2954457700252533,compare
478,0.33581647276878357,0.34145843982696533,full,0.3203718066215515,compare
479,0.3111182153224945,0.34534385800361633,full,0.3248243033885956,full
480,0.3171391189098358,0.3288009464740753,full,0.3069518506526947,compare
481,0.30705538392066956,0.3274942934513092,full,0.3059638440608978,compare
482,0.3062173128128052,0.3241925537586212,full,0.2950431704521179,compare
483,0.27972471714019775,0.3185300827026367,full,0.28746771812438965,full
484,0.29103800654411316,0.3214341104030609,full,0.30115532875061035,full
485,0.29230478405952454,0.3259449005126953,full,0.31549227237701416,full
486,0.3091011643409729,0.3396837115287781,full,0.3083765506744385,compare
487,0.3147944211959839,0.3388948440551758,full,0.29489946365356445,compare
488,0.30162012577056885,0.3491641581058502,full,0.2958734333515167,compare
489,0.27905184030532837,0.34198853373527527,full,0.2724018692970276,compare
490,0.23934774100780487,0.3090478777885437,full,0.23696504533290863,compare
491,0.2256939858198166,0.2935083210468292,full,0.23238874971866608,full
492,0.23439562320709229,0.2881045937538147,full,0.23452502489089966,full
493,0.2943935990333557,0.27718284726142883,inv_only,0.22796694934368134,compare
494,0.2620432376861572,0.27440306544303894,full,0.23847326636314392,compare
495,0.2550128996372223,0.2649344503879547,full,0.23996812105178833,compare
496,0.25576573610305786,0.26472169160842896,full,0.24296340346336365,compare
497,0.2668088674545288,0.27330541610717773,full,0.2538807690143585,compare
498,0.262360543012619,0.2624574601650238,full,0.2503969967365265,compare
499,0.2528793513774872,0.2691495418548584,full,0.2583167850971222,full
500,0.2489006072282791,0.26229608058929443,full,0.2583487927913666,full
501,0.2677679657936096,0.2689327895641327,full,0.2687351107597351,full
502,0.24799737334251404,0.26166751980781555,full,0.25388655066490173,full
503,0.25305235385894775,0.25832757353782654,full,0.2491782158613205,compare
504,0.2506154775619507,0.26507365703582764,full,0.24455608427524567,compare
505,0.24501308798789978,0.25934886932373047,full,0.25059065222740173,full
506,0.24444648623466492,0.25756052136421204,full,0.2599901854991913,full
507,0.24129261076450348,0.2603886127471924,full,0.2615518271923065,full
508,0.2529323399066925,0.26029327511787415,full,0.2667260468006134,full
509,0.24970464408397675,0.2571116089820862,full,0.2614462375640869,full
510,0.24446092545986176,0.23804950714111328,inv_only,0.2602331042289734,full
511,0.24438458681106567,0.2464168667793274,full,0.2583991587162018,full
512,0.2537216544151306,0.25644761323928833,full,0.27313753962516785,full
513,0.250503808259964,0.25306278467178345,full,0.27031412720680237,full
514,0.2506979703903198,0.2537078559398651,full,0.2595888674259186,full
515,0.2602714002132416,0.25137096643447876,inv_only,0.2837851643562317,full
516,0.2722489535808563,0.26461732387542725,inv_only,0.2854185998439789,full
517,0.27364444732666016,0.27503806352615356,full,0.2832898795604706,full
518,0.27710968255996704,0.28171107172966003,full,0.28113099932670593,full
519,0.26645734906196594,0.27495628595352173,full,0.2662111520767212,compare
520,0.26580455899238586,0.27155667543411255,full,0.27589333057403564,full
521,0.270780473947525,0.2816918194293976,full,0.2794312536716461,full
522,0.2768765389919281,0.27590543031692505,inv_only,0.2747820317745209,compare
523,0.27664026618003845,0.27061617374420166,inv_only,0.2723276913166046,compare
524,0.28043434023857117,0.2692386507987976,inv_only,0.2871224582195282,full
525,0.2694648206233978,0.272950142621994,full,0.2834099531173706,full
526,0.2800539433956146,0.2759854793548584,inv_only,0.29276081919670105,full
527,0.2870369553565979,0.2765856385231018,inv_only,0.29884302616119385,full
528,0.29539620876312256,0.2793908715248108,inv_only,0.32003146409988403,full
529,0.2942214012145996,0.2834379971027374,inv_only,0.29523104429244995,full
530,0.2784056067466736,0.27766188979148865,inv_only,0.27391868829727173,compare
531,0.28949737548828125,0.28450989723205566,inv_only,0.2750169336795807,compare
532,0.29035240411758423,0.2827829122543335,inv_only,0.28468531370162964,compare
533,0.3051320016384125,0.2816188931465149,inv_only,0.3001933693885803,compare
534,0.3036283850669861,0.2916366457939148,inv_only,0.29463064670562744,compare
535,0.28455057740211487,0.28919151425361633,full,0.28695350885391235,full
536,0.27378106117248535,0.2821606397628784,full,0.28600525856018066,full
537,0.2821120023727417,0.28504085540771484,full,0.298821359872818,full
538,0.2747659683227539,0.2936062216758728,full,0.2733970880508423,compare
539,0.2829328179359436,0.2873602509498596,full,0.2805289030075073,compare
540,0.2840515375137329,0.2918558120727539,full,0.30020472407341003,full
541,0.33650854229927063,0.3185332715511322,inv_only,0.3508514165878296,full
542,0.3585699200630188,0.3444925546646118,inv_only,0.3610411286354065,full
543,0.357267826795578,0.34372296929359436,inv_only,0.33670148253440857,compare
544,0.36917823553085327,0.3606785833835602,inv_only,0.3397851884365082,compare
545,0.36281758546829224,0.3592042624950409,inv_only,0.3252102732658386,compare
546,0.36607086658477783,0.3553815484046936,inv_only,0.3367687165737152,compare
547,0.31365638971328735,0.3513159453868866,full,0.33556339144706726,full
548,0.32513099908828735,0.33545076847076416,full,0.3039196729660034,compare
549,0.3277966380119324,0.35318323969841003,full,0.3047119975090027,compare
550,0.3462417423725128,0.3461935222148895,inv_only,0.31254127621650696,compare
551,0.3149450123310089,0.33084139227867126,full,0.31575506925582886,full
552,0.3286477029323578,0.32884588837623596,full,0.31767556071281433,compare
553,0.3460748493671417,0.3302615284919739,inv_only,0.3384760916233063,compare
554,0.33222734928131104,0.32359278202056885,inv_only,0.3415520191192627,full
555,0.332093209028244,0.3227502405643463,inv_only,0.34987112879753113,full
556,0.3303205370903015,0.3231732249259949,inv_only,0.34227627515792847,full
557,0.3174801170825958,0.330191433429718,full,0.3416800796985626,full
558,0.31202539801597595,0.32238253951072693,full,0.3340529501438141,full
559,0.3009006381034851,0.31727561354637146,full,0.33415359258651733,full
560,0.2957304120063782,0.3195842504501343,full,0.2904220223426819,compare
561,0.29796844720840454,0.30369022488594055,full,0.2801972031593323,compare
562,0.27093881368637085,0.28940561413764954,full,0.2502777874469757,compare
563,0.2722971737384796,0.27310603857040405,full,0.24324633181095123,compare
564,0.2343290001153946,0.2482888251543045,full,0.23738278448581696,full
565,0.22981347143650055,0.24376066029071808,full,0.23640656471252441,full
566,0.2302751988172531,0.2448195070028305,full,0.2586052417755127,full
567,0.23438677191734314,0.2520574927330017,full,0.25735825300216675,full
568,0.26350638270378113,0.254431813955307,inv_only,0.27910536527633667,full
569,0.2662789821624756,0.2540243864059448,inv_only,0.2642081081867218,compare
570,0.2686891257762909,0.2506425678730011,inv_only,0.26868394017219543,compare
571,0.25880151987075806,0.25103190541267395,inv_only,0.2765057384967804,full
572,0.27088451385498047,0.2630760371685028,inv_only,0.2814093828201294,full
573,0.2715618908405304,0.2688148319721222,inv_only,0.28462550044059753,full
574,0.27754098176956177,0.2655543088912964,inv_only,0.2838042974472046,full
575,0.2771131992340088,0.2632215619087219,inv_only,0.2904326021671295,full
576,0.2770628035068512,0.2715917229652405,inv_only,0.2877739369869232,full
577,0.29150334000587463,0.27456942200660706,inv_only,0.2844346761703491,compare
578,0.2811872065067291,0.2753812372684479,inv_only,0.2881632447242737,full
579,0.2984778881072998,0.2910163104534149,inv_only,0.3015393018722534,full
580,0.30061209201812744,0.2963469922542572,inv_only,0.2997700273990631,compare
581,0.33731958270072937,0.3019426465034485,inv_only,0.31364184617996216,compare
582,0.3822605609893799,0.30264294147491455,inv_only,0.3267977237701416,compare
583,0.33279740810394287,0.2917199730873108,inv_only,0.31081560254096985,compare
584,0.32064977288246155,0.2941316068172455,inv_only,0.31686386466026306,compare
585,0.3184972107410431,0.2951801121234894,inv_only,0.31170517206192017,compare
586,0.31547603011131287,0.3039723336696625,inv_only,0.31629136204719543,full
587,0.3276303708553314,0.30258166790008545,inv_only,0.33234283328056335,full
588,0.3331493139266968,0.31608057022094727,inv_only,0.34605976939201355,full
589,0.31994056701660156,0.3120013475418091,inv_only,0.3125927746295929,compare
590,0.33386656641960144,0.3154957592487335,inv_only,0.32014837861061096,compare
591,0.3192519247531891,0.3215779960155487,full,0.32306215167045593,full
592,0.3127047121524811,0.3077349364757538,inv_only,0.3155819773674011,full
593,0.3055230379104614,0.3066557049751282,full,0.3122519254684448,full
594,0.2981470823287964,0.3067161440849304,full,0.31014108657836914,full
595,0.2981177866458893,0.30697914958000183,full,0.3054669201374054,full
596,0.3006540834903717,0.31585004925727844,full,0.3066362142562866,full
597,0.2987036108970642,0.3165804445743561,full,0.32119056582450867,full
598,0.3010801076889038,0.3110855221748352,full,0.3202017545700073,full
599,0.28722015023231506,0.2852696180343628,inv_only,0.29332560300827026,full
600,0.2705014646053314,0.27940404415130615,full,0.27526500821113586,full
601,0.2544006109237671,0.2729173004627228,full,0.26043418049812317,full
602,0.26558545231819153,0.2585277557373047,inv_only,0.26243773102760315,compare
603,0.25980842113494873,0.26601749658584595,full,0.26087403297424316,full
604,0.2731868028640747,0.2799665033817291,full,0.2668691873550415,compare
605,0.2684658467769623,0.2750418484210968,full,0.2732880115509033,full
606,0.2648618817329407,0.276094913482666,full,0.2641358971595764,compare
607,0.27466893196105957,0.2676209807395935,inv_only,0.26116853952407837,compare
608,0.273487389087677,0.27203842997550964,inv_only,0.2703285217285156,compare
609,0.28155145049095154,0.28304532170295715,full,0.2965398132801056,full
610,0.2786558270454407,0.2911844849586487,full,0.28132349252700806,full
611,0.2592438757419586,0.2880050539970398,full,0.266252338886261,full
612,0.27125680446624756,0.28916653990745544,full,0.28298336267471313,full
613,0.27887988090515137,0.2964971363544464,full,0.2991810441017151,full
614,0.28591421246528625,0.2985798716545105,full,0.2862194776535034,full
615,0.29682713747024536,0.3031908869743347,full,0.2866993248462677,compare
616,0.2848718762397766,0.2957504987716675,full,0.28682735562324524,full
617,0.2885398268699646,0.2921532690525055,full,0.2878666818141937,compare
618,0.2966170907020569,0.2838360667228699,inv_only,0.2929786741733551,compare
619,0.3059050738811493,0.2927374541759491,inv_only,0.30465367436408997,compare
620,0.3061230778694153,0.3140595257282257,full,0.309778094291687,full
621,0.3141481876373291,0.3272489011287689,full,0.3165217936038971,full
622,0.30956366658210754,0.32925164699554443,full,0.30468857288360596,compare
623,0.30715301632881165,0.32699793577194214,full,0.3088304400444031,full
624,0.32126492261886597,0.33855950832366943,full,0.3200547993183136,compare
625,0.33905228972435,0.34573933482170105,full,0.33784282207489014,compare
626,0.34796977043151855,0.35912731289863586,full,0.34999561309814453,full
627,0.33323562145233154,0.3577626943588257,full,0.35545966029167175,full
628,0.32810863852500916,0.368158221244812,full,0.34778568148612976,full
629,0.3168718218803406,0.36706116795539856,full,0.3352353274822235,full
630,0.3329172134399414,0.3844574987888336,full,0.3226660490036011,compare
631,0.36372777819633484,0.37965115904808044,full,0.32928645610809326,compare
632,0.3631584942340851,0.39568936824798584,full,0.343308687210083,compare
633,0.3466580808162689,0.38993072509765625,full,0.31453737616539,compare
634,0.33865419030189514,0.36951568722724915,full,0.30426251888275146,compare
635,0.3250901699066162,0.3688508868217468,full,0.33321040868759155,full
636,0.2968113124370575,0.34308797121047974,full,0.29684004187583923,full
637,0.30636101961135864,0.339340478181839,full,0.31453198194503784,full
638,0.3228394687175751,0.3467246890068054,full,0.32270348072052,compare
639,0.2921653389930725,0.32036739587783813,full,0.28061068058013916,compare
640,0.29468560218811035,0.3105400800704956,full,0.2885991930961609,compare
641,0.289104700088501,0.30889585614204407,full,0.28189578652381897,compare
642,0.3054676055908203,0.31648775935173035,full,0.29850196838378906,compare
643,0.3162480294704437,0.3218214213848114,full,0.2997176945209503,compare
644,0.2927061915397644,0.327694296836853,full,0.2941032350063324,full
645,0.3096953332424164,0.3181987404823303,full,0.29414841532707214,compare
646,0.3008447289466858,0.3168608844280243,full,0.2851041555404663,compare
647,0.2706416845321655,0.3049267530441284,full,0.2787989675998688,full
648,0.25943586230278015,0.2890205979347229,full,0.2676886320114136,full
649,0.2765442728996277,0.29457929730415344,full,0.25249478220939636,compare
650,0.2791706919670105,0.30329546332359314,full,0.2624700367450714,compare
651,0.2719650864601135,0.29350078105926514,full,0.25194042921066284,compare
652,0.27747026085853577,0.2822260558605194,full,0.2552660405635834,compare
653,0.25958383083343506,0.27534759044647217,full,0.25733962655067444,compare
654,0.2628873586654663,0.2830497920513153,full,0.2507157027721405,compare
655,0.27406957745552063,0.29313787817955017,full,0.266216516494751,compare
656,0.26493605971336365,0.28968775272369385,full,0.24388818442821503,compare
657,0.2669207453727722,0.29365843534469604,full,0.24557718634605408,compare
658,0.26708343625068665,0.29961803555488586,full,0.27975794672966003,full
659,0.28557273745536804,0.32029208540916443,full,0.3048224151134491,full
660,0.29261139035224915,0.3376893699169159,full,0.3078368306159973,full
661,0.3395847678184509,0.35369089245796204,full,0.35673120617866516,full
662,0.31331050395965576,0.359230101108551,full,0.30899643898010254,compare
663,0.33893120288848877,0.3581086993217468,full,0.32333484292030334,compare
664,0.34597378969192505,0.36738958954811096,full,0.33741191029548645,compare
665,0.35251036286354065,0.3647406995296478,full,0.3318333327770233,compare
666,0.35020947456359863,0.36508452892303467,full,0.33350324630737305,compare
667,0.3366057276725769,0.35502079129219055,full,0.32093101739883423,compare
668,0.3253817856311798,0.34051015973091125,full,0.3189108967781067,compare
669,0.33148691058158875,0.3424496352672577,full,0.31972503662109375,compare
670,0.34675294160842896,0.33549490571022034,inv_only,0.3162696063518524,compare
671,0.35724937915802,0.3357970118522644,inv_only,0.3241828680038452,compare
672,0.31476590037345886,0.32846421003341675,full,0.30985599756240845,compare
673,0.2996416985988617,0.31501662731170654,full,0.2947602868080139,compare
674,0.2972741425037384,0.3073572814464569,full,0.2893742620944977,compare
675,0.3042949438095093,0.3099386394023895,full,0.2894265353679657,compare
676,0.29288288950920105,0.3076479732990265,full,0.2928200364112854,compare
677,0.30298352241516113,0.31461936235427856,full,0.2913423478603363,compare
678,0.30497902631759644,0.3128056228160858,full,0.3002364933490753,compare
679,0.30312442779541016,0.3187079131603241,full,0.31095173954963684,full
680,0.3181731402873993,0.30072686076164246,inv_only,0.32330605387687683,full
681,0.3749805688858032,0.29094624519348145,inv_only,0.3301771879196167,compare
682,0.36990925669670105,0.31840306520462036,inv_only,0.3495774269104004,compare
683,0.3828035593032837,0.3292217254638672,inv_only,0.35109183192253113,compare
684,0.434666246175766,0.33333346247673035,inv_only,0.34698671102523804,compare
685,0.399994820356369,0.36010217666625977,inv_only,0.3797590434551239,compare
686,0.41657301783561707,0.3634931147098541,inv_only,0.39286506175994873,compare
687,0.3924714922904968,0.3812376856803894,inv_only,0.41153135895729065,full
688,0.38914772868156433,0.3806988596916199,inv_only,0.41309937834739685,full
689,0.3762126863002777,0.3730235695838928,inv_only,0.42015284299850464,full
690,0.3748941123485565,0.36895444989204407,inv_only,0.4087934195995331,full
691,0.3919716775417328,0.37081584334373474,inv_only,0.40153083205223083,full
692,0.3981848359107971,0.36366477608680725,inv_only,0.40447136759757996,full
693,0.3787989318370819,0.3723423182964325,inv_only,0.3964169919490814,full
694,0.3945505619049072,0.37466946244239807,inv_only,0.37794190645217896,compare
695,0.3690265417098999,0.36439821124076843,inv_only,0.37013331055641174,full
696,0.36703357100486755,0.37656810879707336,full,0.3856275677680969,full
697,0.38534364104270935,0.3710215389728546,inv_only,0.40114253759384155,full
698,0.4104432761669159,0.3756832778453827,inv_only,0.40387168526649475,compare
699,0.3861711323261261,0.38539034128189087,inv_only,0.40846580266952515,full
700,0.420871376991272,0.3918955624103546,inv_only,0.40905579924583435,compare
701,0.4337194561958313,0.3977111577987671,inv_only,0.4166286587715149,compare
702,0.43750953674316406,0.40061262249946594,inv_only,0.4169648587703705,compare
703,0.4230188727378845,0.4094683825969696,inv_only,0.41992825269699097,compare
704,0.44460660219192505,0.4028973877429962,inv_only,0.426267147064209,compare
705,0.4013369381427765,0.4012085795402527,inv_only,0.4119865894317627,full
706,0.37855803966522217,0.4011557996273041,full,0.3591637909412384,compare
707,0.35772189497947693,0.38315102458000183,full,0.3668619990348816,full
708,0.36730536818504333,0.3876599371433258,full,0.373543918132782,full
709,0.369808167219162,0.38946017622947693,full,0.3861631751060486,full
710,0.4028777778148651,0.3903011679649353,inv_only,0.4564313590526581,full
711,0.44697681069374084,0.39326226711273193,inv_only,0.4346264600753784,compare
712,0.4731215536594391,0.4235459268093109,inv_only,0.5125558972358704,full
713,0.4504666328430176,0.44083255529403687,inv_only,0.5139626860618591,full
714,0.42985907196998596,0.42170417308807373,inv_only,0.43493208289146423,full
715,0.41533163189888,0.40153804421424866,inv_only,0.4061520993709564,compare
716,0.41499483585357666,0.40415096282958984,inv_only,0.40289679169654846,compare
717,0.3954216241836548,0.39609527587890625,full,0.39398789405822754,compare
718,0.3767107129096985,0.3868604004383087,full,0.3751109540462494,compare
719,0.35683009028434753,0.37762653827667236,full,0.3458249270915985,compare
720,0.3898368775844574,0.40933987498283386,full,0.3708682358264923,compare
721,0.3895621597766876,0.4166778326034546,full,0.3775678277015686,compare
722,0.3825199604034424,0.4178507626056671,full,0.3930785059928894,full
723,0.38850653171539307,0.4281015992164612,full,0.40365901589393616,full
724,0.39696162939071655,0.4120861291885376,full,0.41412124037742615,full
725,0.41237637400627136,0.42767253518104553,full,0.4370551109313965,full
726,0.41005152463912964,0.4412144720554352,full,0.4256332516670227,full
727,0.425782710313797,0.44362276792526245,full,0.42486345767974854,compare
728,0.42370593547821045,0.43422073125839233,full,0.4394941031932831,full
729,0.41188734769821167,0.4434846341609955,full,0.44388699531555176,full
730,0.3932357132434845,0.45230385661125183,full,0.42326778173446655,full
731,0.3527431786060333,0.42278021574020386,full,0.38424795866012573,full
732,0.35081321001052856,0.4061092734336853,full,0.3502815365791321,compare
733,0.35455724596977234,0.3801768720149994,full,0.3402184844017029,compare
734,0.36620962619781494,0.3737800419330597,full,0.3451341986656189,compare
735,0.37040790915489197,0.36010804772377014,inv_only,0.3410857021808624,compare
736,0.33269646763801575,0.34688103199005127,full,0.3249829113483429,compare
737,0.32761362195014954,0.33788999915122986,full,0.31562915444374084,compare
738,0.3377766013145447,0.3377969264984131,full,0.3401380777359009,full
739,0.3412826657295227,0.34965479373931885,full,0.33513733744621277,compare
740,0.36204344034194946,0.3352424204349518,inv_only,0.33829766511917114,compare
741,0.3234732151031494,0.3515082001686096,full,0.32302820682525635,compare
742,0.34066832065582275,0.34264877438545227,full,0.35135677456855774,full
743,0.35846155881881714,0.344054639339447,inv_only,0.32518699765205383,compare
744,0.3187725841999054,0.35436609387397766,full,0.3168227970600128,compare
745,0.30601242184638977,0.34978610277175903,full,0.29722312092781067,compare
746,0.3082246780395508,0.3463060259819031,full,0.2768852114677429,compare
747,0.2953173816204071,0.3397866189479828,full,0.2679678797721863,compare
748,0.3012441098690033,0.31463944911956787,full,0.26380953192710876,compare
749,0.2798060178756714,0.3172488510608673,full,0.2739621698856354,compare
750,0.28651878237724304,0.32342302799224854,full,0.2687630355358124,compare
751,0.29139694571495056,0.32195526361465454,full,0.2630520164966583,compare
752,0.27869507670402527,0.2954975366592407,full,0.2589971721172333,compare
753,0.2819114923477173,0.30724385380744934,full,0.2698102593421936,compare
754,0.305590957403183,0.32257115840911865,full,0.2961648404598236,compare
755,0.28119543194770813,0.3196476697921753,full,0.3003314733505249,full
756,0.28954750299453735,0.3240356147289276,full,0.29315048456192017,full
757,0.28983017802238464,0.3176279664039612,full,0.30718889832496643,full
758,0.29382622241973877,0.3200036883354187,full,0.3242475688457489,full
759,0.3037458658218384,0.3266649544239044,full,0.2918405830860138,compare
760,0.31525206565856934,0.3320041298866272,full,0.293152391910553,compare
761,0.2991539537906647,0.3324337601661682,full,0.32643336057662964,full
762,0.29842129349708557,0.3231636881828308,full,0.31205984950065613,full
763,0.30138397216796875,0.3254534602165222,full,0.3038742244243622,full
764,0.3083573281764984,0.3282492458820343,full,0.3132008910179138,full
765,0.3116546869277954,0.3395324945449829,full,0.31934356689453125,full
766,0.2989325225353241,0.33068275451660156,full,0.3084716498851776,full
767,0.2858331501483917,0.29449698328971863,full,0.29761815071105957,full
768,0.28276175260543823,0.3068150579929352,full,0.29290571808815,full
769,0.28686225414276123,0.29298990964889526,full,0.26374372839927673,compare
770,0.28506383299827576,0.3020990788936615,full,0.2643715739250183,compare
771,0.28336864709854126,0.32145240902900696,full,0.26763349771499634,compare
772,0.28996381163597107,0.30388543009757996,full,0.2809452414512634,compare
773,0.3177542984485626,0.31001073122024536,inv_only,0.2812076210975647,compare
774,0.29721954464912415,0.3183966279029846,full,0.301178902387619,full
775,0.30276229977607727,0.3155120611190796,full,0.30585771799087524,full
776,0.28327280282974243,0.28979671001434326,full,0.2974741756916046,full
777,0.2779175639152527,0.27985796332359314,full,0.28793996572494507,full
778,0.316601037979126,0.30658453702926636,inv_only,0.2815447747707367,compare
779,0.29512685537338257,0.3037138283252716,full,0.2845543622970581,compare
780,0.2751196622848511,0.30001580715179443,full,0.2795843780040741,full
781,0.3177472949028015,0.3131585121154785,inv_only,0.3109366297721863,compare
782,0.297188401222229,0.3115714490413666,full,0.3095798194408417,full
783,0.31699278950691223,0.29309284687042236,inv_only,0.31288641691207886,compare
784,0.34121865034103394,0.2874120771884918,inv_only,0.295288622379303,compare
785,0.3530089259147644,0.290915310382843,inv_only,0.2980380952358246,compare
786,0.30225470662117004,0.2901425361633301,inv_only,0.29311496019363403,compare
787,0.3065984547138214,0.29290762543678284,inv_only,0.29172083735466003,compare
788,0.3270926773548126,0.30661970376968384,inv_only,0.28811147809028625,compare
789,0.3449515104293823,0.2883703112602234,inv_only,0.29514461755752563,compare
790,0.30956733226776123,0.29620444774627686,inv_only,0.2909564971923828,compare
791,0.3050778806209564,0.27461642026901245,inv_only,0.29340803623199463,compare
792,0.3581547141075134,0.2898988127708435,inv_only,0.297013521194458,compare
793,0.3427703082561493,0.29356706142425537,inv_only,0.2951642870903015,compare
794,0.34571176767349243,0.2980540990829468,inv_only,0.30648282170295715,compare
795,0.3434087634086609,0.32173243165016174,inv_only,0.303282231092453,compare
796,0.35293692350387573,0.31616681814193726,inv_only,0.31418928503990173,compare
797,0.3696596920490265,0.31183087825775146,inv_only,0.31137940287590027,compare
798,0.4310227036476135,0.3063148260116577,inv_only,0.2988090217113495,compare
799,0.36483266949653625,0.3011077344417572,inv_only,0.31708499789237976,compare
800,0.37765952944755554,0.28640016913414,inv_only,0.3221915066242218,compare
801,0.42791739106178284,0.2858801484107971,inv_only,0.33924177289009094,compare
802,0.3342251479625702,0.3030688166618347,inv_only,0.29382801055908203,compare
803,0.3238350749015808,0.305640310049057,inv_only,0.31326863169670105,compare
804,0.36871352791786194,0.32825398445129395,inv_only,0.348001092672348,compare
805,0.3601686954498291,0.3311910331249237,inv_only,0.34288257360458374,compare
806,0.3549511730670929,0.3357202708721161,inv_only,0.3367530107498169,compare
807,0.3678778409957886,0.32065242528915405,inv_only,0.35274738073349,compare
808,0.3343731760978699,0.3152645230293274,inv_only,0.33942097425460815,full
809,0.33149418234825134,0.31398123502731323,inv_only,0.3322111964225769,full
810,0.30952349305152893,0.31205856800079346,full,0.3382352590560913,full
811,0.30226409435272217,0.3130866289138794,full,0.3289332091808319,full
812,0.3143872916698456,0.32351213693618774,full,0.3024764358997345,compare
813,0.30247294902801514,0.33075785636901855,full,0.31210044026374817,full
814,0.2992649972438812,0.3270690143108368,full,0.3127552270889282,full
815,0.3047763705253601,0.3136432468891144,full,0.3206975758075714,full
816,0.3010301887989044,0.3047901391983032,full,0.3254225552082062,full
817,0.2986479103565216,0.29486969113349915,inv_only,0.30116891860961914,full
818,0.3236997723579407,0.3026767075061798,inv_only,0.3212437629699707,compare
819,0.34227457642555237,0.3238562047481537,inv_only,0.3263900876045227,compare
820,0.3528572618961334,0.32391348481178284,inv_only,0.3306778073310852,compare
821,0.3579294979572296,0.33214762806892395,inv_only,0.35087013244628906,compare
822,0.33237189054489136,0.33167538046836853,inv_only,0.3500104546546936,full
823,0.336114764213562,0.3366888761520386,full,0.3484145998954773,full
824,0.3509365916252136,0.3316745460033417,inv_only,0.3414324223995209,compare
825,0.39342498779296875,0.3389621675014496,inv_only,0.3581799268722534,compare
826,0.4112100303173065,0.3673340082168579,inv_only,0.36062753200531006,compare
827,0.3959687650203705,0.37150079011917114,inv_only,0.35628455877304077,compare
828,0.39401042461395264,0.3664803206920624,inv_only,0.37246984243392944,compare
829,0.45591601729393005,0.3880767524242401,inv_only,0.4542287588119507,compare
830,0.37450164556503296,0.3852706849575043,full,0.4038941264152527,full
831,0.3763114809989929,0.40546831488609314,full,0.39145591855049133,full
832,0.3692106306552887,0.4049356281757355,full,0.39282718300819397,full
833,0.36753034591674805,0.4034564793109894,full,0.40273135900497437,full
834,0.36949557065963745,0.41088196635246277,full,0.38268399238586426,full
835,0.374120831489563,0.40851783752441406,full,0.3658469617366791,compare
836,0.3750968277454376,0.41068127751350403,full,0.37004485726356506,compare
837,0.3697242736816406,0.3961286246776581,full,0.365893691778183,compare
838,0.38542547821998596,0.4108656048774719,full,0.37434980273246765,compare
839,0.3791276514530182,0.41242989897727966,full,0.3863913416862488,full
840,0.3728741705417633,0.3791024088859558,full,0.36893773078918457,compare
841,0.3469584584236145,0.3568502366542816,full,0.3563121557235718,full
842,0.34262511134147644,0.34450340270996094,full,0.35167062282562256,full
843,0.3462958037853241,0.35777807235717773,full,0.34222036600112915,compare
844,0.3502911329269409,0.3624988794326782,full,0.34651046991348267,compare
845,0.371815949678421,0.36230990290641785,inv_only,0.3594406247138977,compare
846,0.3749455213546753,0.3752287030220032,full,0.3568095862865448,compare
847,0.39902788400650024,0.3900531232357025,inv_only,0.3761267364025116,compare
848,0.4105225205421448,0.3927958309650421,inv_only,0.3918212354183197,compare
849,0.40277227759361267,0.3963265120983124,inv_only,0.3662436306476593,compare
850,0.3274495303630829,0.37288856506347656,full,0.3111896216869354,compare
851,0.3366502523422241,0.36934852600097656,full,0.32110166549682617,compare
852,0.3155709207057953,0.34834906458854675,full,0.3300336003303528,full
853,0.30771687626838684,0.34930723905563354,full,0.32206884026527405,full
854,0.32082363963127136,0.33138298988342285,full,0.3076701760292053,compare
855,0.3267504572868347,0.3245253264904022,inv_only,0.3230673670768738,compare
856,0.3332221508026123,0.34115198254585266,full,0.3123922348022461,compare
857,0.3961459696292877,0.3535827398300171,inv_only,0.31914353370666504,compare
858,0.40167826414108276,0.3747830092906952,inv_only,0.34125620126724243,compare
859,0.36396172642707825,0.37606939673423767,full,0.3392763137817383,compare
860,0.3311915397644043,0.377655953168869,full,0.33506324887275696,full
861,0.34068170189857483,0.3708128333091736,full,0.33614519238471985,compare
862,0.35151880979537964,0.38602331280708313,full,0.34161409735679626,compare
863,0.37041574716567993,0.3956562280654907,full,0.34997400641441345,compare
864,0.35809388756752014,0.3868798315525055,full,0.36565887928009033,full
865,0.35560598969459534,0.37894830107688904,full,0.34909167885780334,compare
866,0.3689314126968384,0.37385350465774536,full,0.34770551323890686,compare
867,0.36468425393104553,0.383050799369812,full,0.3542289733886719,compare
868,0.36856403946876526,0.3909907042980194,full,0.3508032560348511,compare
869,0.37809881567955017,0.37960442900657654,full,0.34145161509513855,compare
870,0.38370269536972046,0.37687185406684875,inv_only,0.34901219606399536,compare
871,0.3796977400779724,0.38585203886032104,full,0.3494124114513397,compare
872,0.3881837725639343,0.38088440895080566,inv_only,0.347286194562912,compare
873,0.3460511267185211,0.36998748779296875,full,0.3173174560070038,compare
874,0.3265751600265503,0.3313570022583008,full,0.31450217962265015,compare
875,0.32777753472328186,0.3433218002319336,full,0.31496140360832214,compare
876,0.32143691182136536,0.3474244773387909,full,0.3284711539745331,full
877,0.3207765221595764,0.34771212935447693,full,0.3167240619659424,compare
878,0.3252616226673126,0.3475731611251831,full,0.3122001588344574,compare
879,0.30979716777801514,0.3275635838508606,full,0.30849093198776245,compare
880,0.32117611169815063,0.3225798010826111,full,0.3204438090324402,compare
881,0.3372148275375366,0.33790284395217896,full,0.3332103192806244,compare
882,0.35488361120224,0.35452020168304443,inv_only,0.3407853841781616,compare
883,0.3630342185497284,0.3534773588180542,inv_only,0.33266976475715637,compare
884,0.3737925589084625,0.3702508807182312,inv_only,0.34107112884521484,compare
885,0.3774149417877197,0.37523066997528076,inv_only,0.35567939281463623,compare
886,0.3853822946548462,0.3905825912952423,full,0.36433184146881104,compare
887,0.3866897523403168,0.3847549259662628,inv_only,0.3605189323425293,compare
888,0.3767377734184265,0.38025641441345215,full,0.3669416308403015,compare
889,0.3715618848800659,0.3864017426967621,full,0.3663778007030487,compare
890,0.38806045055389404,0.40277642011642456,full,0.3719087541103363,compare
891,0.4030204713344574,0.41424378752708435,full,0.3863272964954376,compare
892,0.40151727199554443,0.41150203347206116,full,0.39728057384490967,compare
893,0.43484973907470703,0.41909486055374146,inv_only,0.4130254089832306,compare
894,0.41738641262054443,0.42247676849365234,full,0.4292083978652954,full
895,0.43780818581581116,0.43250158429145813,inv_only,0.4283238351345062,compare
896,0.42129436135292053,0.4541279077529907,full,0.4464111328125,full
897,0.43934160470962524,0.45559290051460266,full,0.401095449924469,compare
898,0.3910004496574402,0.44721153378486633,full,0.36917752027511597,compare
899,0.39929625391960144,0.43101948499679565,full,0.3691544234752655,compare
900,0.38580086827278137,0.43219393491744995,full,0.37584200501441956,compare
901,0.38558757305145264,0.4351085424423218,full,0.3856241703033447,full
902,0.40334412455558777,0.4395287036895752,full,0.3792283236980438,compare
903,0.41893360018730164,0.4284244775772095,full,0.39257895946502686,compare
904,0.41643279790878296,0.4271695017814636,full,0.4186417758464813,full
905,0.41464492678642273,0.4335680603981018,full,0.40607166290283203,compare
906,0.42507073283195496,0.4338165521621704,full,0.40687552094459534,compare
907,0.4157164394855499,0.4198929965496063,full,0.40194734930992126,compare
908,0.41990697383880615,0.42116960883140564,full,0.4027060568332672,compare
909,0.4242282807826996,0.4193428158760071,inv_only,0.4074958562850952,compare
910,0.406220942735672,0.41306042671203613,full,0.39506831765174866,compare
911,0.38517144322395325,0.4117061197757721,full,0.3910408020019531,full
912,0.41519737243652344,0.4161040186882019,full,0.39946338534355164,compare
913,0.4030994176864624,0.4148752689361572,full,0.40608543157577515,full
914,0.4040485620498657,0.42094576358795166,full,0.40301650762557983,compare
915,0.41517266631126404,0.416267991065979,full,0.4004209637641907,compare
916,0.39572036266326904,0.4265173077583313,full,0.3999655544757843,full
917,0.4204801023006439,0.43011075258255005,full,0.39882510900497437,compare
918,0.40346965193748474,0.43609559535980225,full,0.3990187346935272,compare
919,0.43319812417030334,0.4348982870578766,full,0.40594393014907837,compare
920,0.39446258544921875,0.41901570558547974,full,0.39146459102630615,compare
921,0.402195543050766,0.4133070111274719,full,0.3829512298107147,compare
922,0.41526976227760315,0.43234890699386597,full,0.4426015317440033,full
923,0.42703694105148315,0.41647204756736755,inv_only,0.4373413026332855,full
924,0.4324752390384674,0.42501646280288696,inv_only,0.438737154006958,full
925,0.5226214528083801,0.5241213440895081,full,0.5674352049827576,full
926,0.4667057394981384,0.4969198703765869,full,0.4797673225402832,full
927,0.46249961853027344,0.498487263917923,full,0.4334199130535126,compare
928,0.4175909757614136,0.46361279487609863,full,0.3961229920387268,compare
929,0.373310923576355,0.4281648099422455,full,0.36603039503097534,compare
930,0.36393603682518005,0.40676772594451904,full,0.3563767373561859,compare
931,0.35496336221694946,0.39251193404197693,full,0.3490297198295593,compare
932,0.34540870785713196,0.36529600620269775,full,0.343067467212677,compare
933,0.3412278890609741,0.3625757098197937,full,0.347641259431839,full
934,0.3522016406059265,0.3651944100856781,full,0.34923794865608215,compare
935,0.3480829894542694,0.3562050759792328,full,0.33904701471328735,compare
936,0.3310869634151459,0.3401225507259369,full,0.32319992780685425,compare
937,0.3332107365131378,0.32943522930145264,inv_only,0.31234315037727356,compare
938,0.2983691394329071,0.3189274072647095,full,0.33523625135421753,full
939,0.2884099781513214,0.29775694012641907,full,0.34184619784355164,full
940,0.31701457500457764,0.3143976926803589,inv_only,0.3258008062839508,full
941,0.3182162940502167,0.3244054913520813,full,0.31589725613594055,compare
942,0.3428320586681366,0.31330975890159607,inv_only,0.32322216033935547,compare
943,0.34295159578323364,0.3146704435348511,inv_only,0.33409786224365234,compare
944,0.32727307081222534,0.31339460611343384,inv_only,0.3196454644203186,compare
945,0.34950587153434753,0.3141584098339081,inv_only,0.3312080204486847,compare
946,0.348958820104599,0.3139156401157379,inv_only,0.3797411620616913,full
947,0.32117462158203125,0.31852367520332336,inv_only,0.3425590395927429,full
948,0.29200127720832825,0.2947402596473694,full,0.30964890122413635,full
949,0.3022197186946869,0.30096635222435,inv_only,0.30521953105926514,full
950,0.3310895562171936,0.31279078125953674,inv_only,0.33507677912712097,full
951,0.314789354801178,0.30254366993904114,inv_only,0.3789670765399933,full
952,0.3245989680290222,0.3097469210624695,inv_only,0.4093399941921234,full
953,0.33179813623428345,0.32473093271255493,inv_only,0.40542811155319214,full
954,0.31993257999420166,0.31891152262687683,inv_only,0.3859269320964813,full
955,0.32400262355804443,0.30275610089302063,inv_only,0.3379383087158203,full
956,0.3007628321647644,0.2880614995956421,inv_only,0.3158874213695526,full
957,0.2924692630767822,0.29110464453697205,inv_only,0.2937036156654358,full
958,0.2735716700553894,0.2812368869781494,full,0.30240076780319214,full
959,0.2999112904071808,0.2761244475841522,inv_only,0.29829394817352295,compare
960,0.277013897895813,0.286591500043869,full,0.27641111612319946,compare
961,0.2932726740837097,0.2778167426586151,inv_only,0.29848113656044006,full
962,0.2904597222805023,0.2866560220718384,inv_only,0.2960146963596344,full
963,0.29706913232803345,0.29310110211372375,inv_only,0.3023719787597656,full
964,0.31542137265205383,0.3094159662723541,inv_only,0.31216275691986084,compare
965,0.31913426518440247,0.3145957589149475,inv_only,0.3271109461784363,full
966,0.3073912560939789,0.3068714141845703,inv_only,0.3078833818435669,full
967,0.3203110992908478,0.3136621117591858,inv_only,0.32468557357788086,full
968,0.33471959829330444,0.3140369653701782,inv_only,0.35846248269081116,full
969,0.336047500371933,0.31287139654159546,inv_only,0.3671780824661255,full
970,0.34181031584739685,0.3163987994194031,inv_only,0.33463674783706665,compare
971,0.3262171149253845,0.31210896372795105,inv_only,0.3186558783054352,compare
972,0.28567755222320557,0.27481260895729065,inv_only,0.2903423011302948,full
973,0.353019118309021,0.28288590908050537,inv_only,0.2959291338920593,compare
974,0.32606106996536255,0.29762962460517883,inv_only,0.3186149597167969,compare
975,0.32511699199676514,0.2876630127429962,inv_only,0.3288745582103729,full
976,0.3897661864757538,0.3008737564086914,inv_only,0.34522324800491333,compare
977,0.2961796820163727,0.2876754701137543,inv_only,0.32394492626190186,full
978,0.3040298819541931,0.29236045479774475,inv_only,0.289480596780777,compare
979,0.3295585513114929,0.2939177453517914,inv_only,0.2898227572441101,compare
980,0.28614500164985657,0.2950481176376343,full,0.3011806309223175,full
981,0.29192715883255005,0.3082776665687561,full,0.32667359709739685,full
982,0.2887721657752991,0.2923415005207062,full,0.30832862854003906,full
983,0.293817400932312,0.27609172463417053,inv_only,0.3043603003025055,full
984,0.2876002788543701,0.28681036829948425,inv_only,0.2990369200706482,full
985,0.2938464879989624,0.273857444524765,inv_only,0.2916010320186615,compare
986,0.2644231915473938,0.2682093679904938,full,0.28010082244873047,full
987,0.2729980945587158,0.27023011445999146,inv_only,0.27993667125701904,full
988,0.30255141854286194,0.28269898891448975,inv_only,0.28811660408973694,compare
989,0.296352356672287,0.2746173143386841,inv_only,0.3008652627468109,full
990,0.2951488196849823,0.27080294489860535,inv_only,0.3117152750492096,full
991,0.284906268119812,0.28453701734542847,inv_only,0.3149385154247284,full
992,0.3062654733657837,0.29343289136886597,inv_only,0.3187275826931,full
993,0.32141998410224915,0.31591561436653137,inv_only,0.30909016728401184,compare
994,0.378167986869812,0.3361606299877167,inv_only,0.29974687099456787,compare
995,0.3455890417098999,0.3313383162021637,inv_only,0.2980985641479492,compare
996,0.3619109094142914,0.3251053988933563,inv_only,0.3561871349811554,compare
997,0.35679665207862854,0.3138270676136017,inv_only,0.35592401027679443,compare
998,0.3142431378364563,0.3063497841358185,inv_only,0.33165624737739563,full
999,0.3356941044330597,0.32110562920570374,inv_only,0.30727580189704895,compare
1000,0.30991458892822266,0.3133097290992737,full,0.2981937825679779,compare
1001,0.3165455460548401,0.30720797181129456,inv_only,0.30383628606796265,compare
1002,0.29801568388938904,0.2814345955848694,inv_only,0.309081494808197,full
1003,0.2867369055747986,0.28314658999443054,inv_only,0.3056733310222626,full
1004,0.30792081356048584,0.28222835063934326,inv_only,0.3109433054924011,full
1005,0.3210192322731018,0.28442689776420593,inv_only,0.3225157558917999,full
1006,0.2624925374984741,0.26906999945640564,full,0.29239681363105774,full
1007,0.2632502317428589,0.26070672273635864,inv_only,0.2790732681751251,full
1008,0.2651542127132416,0.2823551297187805,full,0.26216983795166016,compare
1009,0.26684439182281494,0.2872603237628937,full,0.2556263506412506,compare
1010,0.2752958834171295,0.2844616174697876,full,0.26429855823516846,compare
1011,0.2869721055030823,0.3019685745239258,full,0.2798123061656952,compare
1012,0.3025658428668976,0.30066829919815063,inv_only,0.2905117869377136,compare
1013,0.3015761971473694,0.2852492928504944,inv_only,0.2870437502861023,compare
1014,0.29060009121894836,0.28862395882606506,inv_only,0.2820507287979126,compare
1015,0.27929258346557617,0.2918145954608917,full,0.28906142711639404,full
1016,0.27115222811698914,0.2958499789237976,full,0.285976380109787,full
1017,0.2827095091342926,0.2939918041229248,full,0.2753673195838928,compare
1018,0.2591083347797394,0.277614563703537,full,0.2537437975406647,compare
1019,0.25399383902549744,0.27742284536361694,full,0.2582608759403229,full
1020,0.2465532422065735,0.28304004669189453,full,0.2596587836742401,full
1021,0.2738380432128906,0.3134594261646271,full,0.30291104316711426,full
1022,0.2961587607860565,0.3170490860939026,full,0.3212111294269562,full
1023,0.31852397322654724,0.31794512271881104,inv_only,0.2849982678890228,compare
1024,0.3142719864845276,0.3182137906551361,full,0.28215762972831726,compare
1025,0.27764350175857544,0.3143860697746277,full,0.28480690717697144,full
1026,0.2766828238964081,0.315040647983551,full,0.2890724837779999,full
1027,0.2722604274749756,0.307057648897171,full,0.27308040857315063,full
1028,0.2606120705604553,0.2872674763202667,full,0.25217491388320923,compare
1029,0.2740092873573303,0.2971724271774292,full,0.2687176465988159,compare
1030,0.2740478813648224,0.302284300327301,full,0.2672620713710785,compare
1031,0.2769908905029297,0.30438104271888733,full,0.2808336019515991,full
1032,0.26620984077453613,0.28657761216163635,full,0.29193446040153503,full
1033,0.2777985632419586,0.28379353880882263,full,0.31157320737838745,full
1034,0.28642433881759644,0.29223477840423584,full,0.2874816656112671,full
1035,0.2761751413345337,0.2868284285068512,full,0.27875152230262756,full
1036,0.2777043282985687,0.2930537164211273,full,0.27958226203918457,full
1037,0.2750307619571686,0.2779756188392639,full,0.266133576631546,compare
1038,0.2903403639793396,0.2887096405029297,inv_only,0.2697448432445526,compare
1039,0.2762623429298401,0.28444400429725647,full,0.27317026257514954,compare
1040,0.2808024287223816,0.28252020478248596,full,0.28207066655158997,full
1041,0.27934905886650085,0.28548258543014526,full,0.2837027609348297,full
1042,0.28909048438072205,0.2988077998161316,full,0.32530367374420166,full
1043,0.3465685546398163,0.3055197596549988,inv_only,0.35748299956321716,full
1044,0.2889225482940674,0.31177040934562683,full,0.276261568069458,compare
1045,0.30022287368774414,0.31819236278533936,full,0.2873047888278961,compare
1046,0.2835944890975952,0.3106335699558258,full,0.2877770662307739,full
1047,0.3207615911960602,0.31956028938293457,inv_only,0.3077850937843323,compare
1048,0.34877803921699524,0.325208842754364,inv_only,0.3169103264808655,compare
1049,0.33546513319015503,0.3333992660045624,inv_only,0.31298643350601196,compare
1050,0.3313656151294708,0.34019914269447327,full,0.3175510764122009,compare
1051,0.3396605849266052,0.3389011323451996,inv_only,0.31952965259552,compare
1052,0.3401966094970703,0.34978726506233215,full,0.3245277404785156,compare
1053,0.3229720890522003,0.3432391583919525,full,0.3159823715686798,compare
1054,0.32785382866859436,0.34560659527778625,full,0.32075759768486023,compare
1055,0.33493590354919434,0.33783766627311707,full,0.31887707114219666,compare
1056,0.31642746925354004,0.3341105282306671,full,0.3287534713745117,full
1057,0.33417457342147827,0.35392406582832336,full,0.33904072642326355,full
1058,0.3351660370826721,0.35464367270469666,full,0.3457329273223877,full
1059,0.34934937953948975,0.3675379455089569,full,0.3518424332141876,full
1060,0.3441300690174103,0.37513723969459534,full,0.3541991114616394,full
1061,0.36716869473457336,0.37961605191230774,full,0.36447131633758545,compare
1062,0.3810262382030487,0.38908660411834717,full,0.37585997581481934,compare
1063,0.3927568793296814,0.3929436206817627,full,0.3819921612739563,compare
1064,0.3897272050380707,0.39393290877342224,full,0.38198888301849365,compare
1065,0.3795519173145294,0.39160582423210144,full,0.3607270121574402,compare
1066,0.36692312359809875,0.38416972756385803,full,0.3693370521068573,full
1067,0.38662829995155334,0.3866732120513916,full,0.37625157833099365,compare
1068,0.39877545833587646,0.4010079801082611,full,0.3871029019355774,compare
1069,0.39754486083984375,0.40159934759140015,full,0.3932250738143921,compare
1070,0.4209795892238617,0.42175397276878357,full,0.41186797618865967,compare
1071,0.4248751699924469,0.4114546477794647,inv_only,0.40535324811935425,compare
1072,0.4109240174293518,0.40485668182373047,inv_only,0.40678098797798157,compare
1073,0.42039811611175537,0.40942591428756714,inv_only,0.41402071714401245,compare
1074,0.41728511452674866,0.4014681577682495,inv_only,0.40217265486717224,compare
1075,0.4011048972606659,0.3972051739692688,inv_only,0.4020195007324219,full
1076,0.416109174489975,0.40363240242004395,inv_only,0.4099101126194,compare
1077,0.4234766364097595,0.4204637408256531,inv_only,0.4285320043563843,full
1078,0.4309798777103424,0.43811535835266113,full,0.4322277307510376,full
1079,0.4255821704864502,0.4251907169818878,inv_only,0.42469632625579834,compare
1080,0.43267497420310974,0.4325961172580719,inv_only,0.42967909574508667,compare
1081,0.4366160035133362,0.4363696873188019,inv_only,0.44249027967453003,full
1082,0.46441414952278137,0.42467236518859863,inv_only,0.4456118643283844,compare
1083,0.4567597806453705,0.43655142188072205,inv_only,0.4363448917865753,compare
1084,0.4332803189754486,0.43011748790740967,inv_only,0.42664241790771484,compare
1085,0.4361545145511627,0.4285217225551605,inv_only,0.42443835735321045,compare
1086,0.4225754737854004,0.4362526834011078,full,0.4327329099178314,full
1087,0.40728560090065,0.4224589169025421,full,0.4076116383075714,full
1088,0.43605488538742065,0.41995304822921753,inv_only,0.41670912504196167,compare
1089,0.42186468839645386,0.42263469099998474,full,0.4298035800457001,full
1090,0.3757471740245819,0.40923556685447693,full,0.37188687920570374,compare
1091,0.3464060425758362,0.39456304907798767,full,0.36002132296562195,full
1092,0.35516995191574097,0.37000948190689087,full,0.3879301846027374,full
1093,0.34563714265823364,0.37173694372177124,full,0.3579302132129669,full
1094,0.3616527318954468,0.39188429713249207,full,0.37464722990989685,full
1095,0.3430895507335663,0.36423811316490173,full,0.35242322087287903,full
1096,0.3457942306995392,0.35065582394599915,full,0.3562934100627899,full
1097,0.33960139751434326,0.33965641260147095,full,0.3723059892654419,full
1098,0.33336713910102844,0.32082441449165344,inv_only,0.3616289496421814,full
1099,0.33958834409713745,0.33237189054489136,inv_only,0.3700612783432007,full
1100,0.3628399670124054,0.3500553369522095,inv_only,0.36425673961639404,full
1101,0.35004398226737976,0.3665672242641449,full,0.3447986841201782,compare
1102,0.32469919323921204,0.3665468096733093,full,0.33083680272102356,full
1103,0.3206460177898407,0.346757709980011,full,0.3179778754711151,compare
1104,0.33202898502349854,0.3454797863960266,full,0.3298678994178772,compare
1105,0.30206096172332764,0.3376845419406891,full,0.30218812823295593,full
1106,0.3192729651927948,0.3411204516887665,full,0.30946940183639526,compare
1107,0.32787826657295227,0.3431392014026642,full,0.3097977340221405,compare
1108,0.3293229937553406,0.346299946308136,full,0.31466102600097656,compare
1109,0.34828755259513855,0.35949623584747314,full,0.3162124752998352,compare
1110,0.36979711055755615,0.37269720435142517,full,0.34337931871414185,compare
1111,0.3848549723625183,0.3819517493247986,inv_only,0.37373989820480347,compare
1112,0.37027037143707275,0.3790889084339142,full,0.37722229957580566,full
1113,0.376725971698761,0.39669787883758545,full,0.39452171325683594,full
1114,0.3800048828125,0.38575294613838196,full,0.3864995837211609,full
1115,0.35752740502357483,0.3863893449306488,full,0.37622004747390747,full
1116,0.3510321378707886,0.39379948377609253,full,0.36069029569625854,full
1117,0.4406655728816986,0.41785523295402527,inv_only,0.39919912815093994,compare
1118,0.37204521894454956,0.41037166118621826,full,0.3725779056549072,full
1119,0.35624194145202637,0.3961668908596039,full,0.34494808316230774,compare
1120,0.37511521577835083,0.3857801556587219,full,0.36541274189949036,compare
1121,0.3587920069694519,0.3721557557582855,full,0.36108583211898804,full
1122,0.3917161822319031,0.3816351294517517,inv_only,0.3797135651111603,compare
1123,0.3739900588989258,0.3936174511909485,full,0.3767993748188019,full
1124,0.37345343828201294,0.3756727874279022,full,0.36702850461006165,compare
1125,0.3715570271015167,0.3748292922973633,full,0.3721179664134979,full
1126,0.3670027256011963,0.37847745418548584,full,0.3785425126552582,full
1127,0.37512072920799255,0.3750774562358856,inv_only,0.3742196559906006,compare
1128,0.40315911173820496,0.38841018080711365,inv_only,0.3865208923816681,compare
1129,0.4190497398376465,0.4001873731613159,inv_only,0.3762207329273224,compare
1130,0.41311702132225037,0.40331926941871643,inv_only,0.3732415437698364,compare
1131,0.434571236371994,0.4174000024795532,inv_only,0.3914736807346344,compare
1132,0.40258243680000305,0.4154414236545563,full,0.38881975412368774,compare
1133,0.38582339882850647,0.41410911083221436,full,0.3923270106315613,full
1134,0.3942224383354187,0.41865700483322144,full,0.3849545419216156,compare
1135,0.39139702916145325,0.43237486481666565,full,0.3814585506916046,compare
1136,0.4039578139781952,0.4328097105026245,full,0.397905170917511,compare
1137,0.403778076171875,0.4351193308830261,full,0.4047243893146515,full
1138,0.41166436672210693,0.45383545756340027,full,0.38699424266815186,compare
1139,0.434696763753891,0.4820369482040405,full,0.4061688184738159,compare
1140,0.4542953372001648,0.49013155698776245,full,0.4262522757053375,compare
1141,0.4468117356300354,0.471682071685791,full,0.4126715064048767,compare
1142,0.4254278540611267,0.4538302719593048,full,0.402389258146286,compare
1143,0.4214246869087219,0.4502864181995392,full,0.4039359390735626,compare
1144,0.4191886782646179,0.43334415555000305,full,0.4050176739692688,compare
1145,0.4263194799423218,0.43008577823638916,full,0.4081611633300781,compare
1146,0.43636929988861084,0.44010093808174133,full,0.42826753854751587,compare
1147,0.4439098834991455,0.44157102704048157,inv_only,0.43344858288764954,compare
1148,0.4268217980861664,0.45004981756210327,full,0.4358847439289093,full
1149,0.4414234161376953,0.4599972367286682,full,0.45508918166160583,full
1150,0.41944319009780884,0.4594570994377136,full,0.44044631719589233,full
1151,0.4184785783290863,0.45815250277519226,full,0.4092031419277191,compare
1152,0.41555142402648926,0.4643957018852234,full,0.4082143008708954,compare
1153,0.4573851227760315,0.4596683382987976,full,0.38760870695114136,compare
1154,0.44859206676483154,0.4339350759983063,inv_only,0.3721165060997009,compare
1155,0.4199516773223877,0.4394698441028595,full,0.3844590485095978,compare
1156,0.41873228549957275,0.42756330966949463,full,0.38286319375038147,compare
1157,0.43199071288108826,0.4123798608779907,inv_only,0.39202621579170227,compare
1158,0.4073012173175812,0.41677021980285645,full,0.4000357389450073,compare
1159,0.4444486200809479,0.41070181131362915,inv_only,0.4221864938735962,compare
1160,0.48945358395576477,0.400162935256958,inv_only,0.42291104793548584,compare
1161,0.4627417325973511,0.43790295720100403,inv_only,0.4034084677696228,compare
1162,0.4121749997138977,0.4469420611858368,full,0.36856311559677124,compare
1163,0.4370984137058258,0.4558645486831665,full,0.3878016769886017,compare
1164,0.4370371103286743,0.4316084682941437,inv_only,0.41073110699653625,compare
1165,0.39440423250198364,0.4315441846847534,full,0.4075969457626343,full
1166,0.41210365295410156,0.4470607340335846,full,0.4225834012031555,full
1167,0.4353497326374054,0.4597019553184509,full,0.4435069262981415,full
1168,0.4669239819049835,0.4950774610042572,full,0.4647420644760132,compare
1169,0.4810098111629486,0.5211749076843262,full,0.4718833863735199,compare
1170,0.49877431988716125,0.5350269079208374,full,0.4776209890842438,compare
1171,0.46876853704452515,0.5086551904678345,full,0.4670272767543793,compare
1172,0.4684840142726898,0.5194783210754395,full,0.45294150710105896,compare
1173,0.45946821570396423,0.521185040473938,full,0.4610017240047455,full
1174,0.459968626499176,0.5277531147003174,full,0.46628063917160034,full
1175,0.45421695709228516,0.5161370038986206,full,0.48119285702705383,full
1176,0.46198463439941406,0.5084993243217468,full,0.47227418422698975,full
1177,0.4263087809085846,0.4782050848007202,full,0.4401751160621643,full
1178,0.425160676240921,0.4621325135231018,full,0.4338146448135376,full
1179,0.4291047751903534,0.4617079496383667,full,0.4457464814186096,full
1180,0.4562299847602844,0.4590628445148468,full,0.4362955093383789,compare
1181,0.4470505714416504,0.45452532172203064,full,0.4350263476371765,compare
1182,0.42227309942245483,0.45881330966949463,full,0.42199382185935974,compare
1183,0.436487078666687,0.47713518142700195,full,0.4245477020740509,compare
1184,0.41947075724601746,0.458279013633728,full,0.41872701048851013,compare
1185,0.3904142379760742,0.44164204597473145,full,0.3940376043319702,full
1186,0.3943403959274292,0.41236522793769836,full,0.38372543454170227,compare
1187,0.3997574746608734,0.4345633387565613,full,0.3902251124382019,compare
1188,0.40931883454322815,0.45400285720825195,full,0.4143888056278229,full
1189,0.43518194556236267,0.4653664231300354,full,0.43276700377464294,compare
1190,0.43417930603027344,0.49052876234054565,full,0.44765836000442505,full
1191,0.4198057949542999,0.46567046642303467,full,0.45343536138534546,full
1192,0.47434499859809875,0.4845814108848572,full,0.4752727746963501,full
1193,0.4577348828315735,0.4954565167427063,full,0.5005996227264404,full
1194,0.45652416348457336,0.5014224648475647,full,0.48610252141952515,full
1195,0.42582449316978455,0.4913981854915619,full,0.4543631076812744,full
1196,0.43719738721847534,0.49104663729667664,full,0.44830453395843506,full
1197,0.456224262714386,0.48886021971702576,full,0.451907217502594,compare
1198,0.46067601442337036,0.5106578469276428,full,0.4562212824821472,compare
1199,0.4827788174152374,0.5115901827812195,full,0.46114224195480347,compare
1200,0.45985540747642517,0.4972539246082306,full,0.46279963850975037,full
1201,0.43724337220191956,0.4678516089916229,full,0.4471934139728546,full
1202,0.41709402203559875,0.46438777446746826,full,0.4299442768096924,full
1203,0.4315274655818939,0.46396732330322266,full,0.4415147602558136,full
1204,0.43171700835227966,0.46000954508781433,full,0.43243932723999023,full
1205,0.4591682553291321,0.4711079001426697,full,0.4409276843070984,compare
1206,0.4705168604850769,0.4710797369480133,full,0.4296375513076782,compare
1207,0.48317751288414,0.4604792892932892,inv_only,0.4327891170978546,compare
1208,0.4793429374694824,0.4659006893634796,inv_only,0.4671257734298706,compare
1209,0.44304975867271423,0.4577465057373047,full,0.4394758939743042,compare
1210,0.4200684726238251,0.43655309081077576,full,0.42520833015441895,full
1211,0.3799092471599579,0.4220370948314667,full,0.39136964082717896,full
1212,0.36653685569763184,0.3967456817626953,full,0.3787987530231476,full
1213,0.3475680649280548,0.3962171673774719,full,0.37455281615257263,full
1214,0.3433869779109955,0.38314855098724365,full,0.38208672404289246,full
1215,0.355124294757843,0.3896855413913727,full,0.3801495432853699,full
1216,0.3759819269180298,0.41428235173225403,full,0.3894241154193878,full
1217,0.4156912863254547,0.42814114689826965,full,0.3983113169670105,compare
1218,0.42005935311317444,0.4333581030368805,full,0.39628827571868896,compare
1219,0.3831345736980438,0.4175228476524353,full,0.3838871121406555,full
1220,0.4015279710292816,0.4354221820831299,full,0.3959459066390991,compare
1221,0.4010502099990845,0.4351212680339813,full,0.3981775939464569,compare
1222,0.40468570590019226,0.43713679909706116,full,0.4149644672870636,full
1223,0.4275801479816437,0.42702993750572205,inv_only,0.40525174140930176,compare
1224,0.3941379487514496,0.4183679521083832,full,0.39202287793159485,compare
1225,0.3867725133895874,0.4137852191925049,full,0.38616377115249634,compare
1226,0.387832909822464,0.3964179754257202,full,0.3752174973487854,compare
1227,0.37748876214027405,0.388020783662796,full,0.37531426548957825,compare
1228,0.39462971687316895,0.3924396336078644,inv_only,0.3808344006538391,compare
1229,0.414690762758255,0.3966483175754547,inv_only,0.4036846160888672,compare
1230,0.4605204463005066,0.40795567631721497,inv_only,0.43821680545806885,compare
1231,0.4519173800945282,0.40450456738471985,inv_only,0.44373196363449097,compare
1232,0.4441409111022949,0.4077662527561188,inv_only,0.4436790943145752,compare
1233,0.42505592107772827,0.413156121969223,inv_only,0.38234788179397583,compare
1234,0.39541882276535034,0.3964677155017853,full,0.3688652217388153,compare
1235,0.3651809096336365,0.39145252108573914,full,0.377071350812912,full
1236,0.3272570073604584,0.37464097142219543,full,0.3599455654621124,full
1237,0.3121245205402374,0.35350072383880615,full,0.3394462466239929,full
1238,0.3057985305786133,0.33442795276641846,full,0.33523109555244446,full
1239,0.30373141169548035,0.3267175555229187,full,0.33321693539619446,full
1240,0.31468209624290466,0.33327773213386536,full,0.33821412920951843,full
1241,0.33579468727111816,0.333968847990036,inv_only,0.3698468506336212,full
1242,0.3415921926498413,0.3417913317680359,full,0.34943798184394836,full
1243,0.34465721249580383,0.37023085355758667,full,0.3370610773563385,compare
1244,0.34051060676574707,0.36345627903938293,full,0.3317083716392517,compare
1245,0.3244624435901642,0.3548894226551056,full,0.32739612460136414,full
1246,0.3140972852706909,0.3396615982055664,full,0.3170134425163269,full
1247,0.3411083221435547,0.35480427742004395,full,0.3105742633342743,compare
1248,0.3197413682937622,0.3264433741569519,full,0.3031928539276123,compare
1249,0.30846044421195984,0.321950227022171,full,0.3039959669113159,compare
1250,0.31514492630958557,0.3227800130844116,full,0.3038451075553894,compare
1251,0.3242783844470978,0.31975120306015015,inv_only,0.31721624732017517,compare
1252,0.3317264914512634,0.32611754536628723,inv_only,0.32293879985809326,compare
1253,0.33458325266838074,0.32646915316581726,inv_only,0.32377079129219055,compare
1254,0.34273961186408997,0.33226272463798523,inv_only,0.3534741699695587,full
1255,0.3439842760562897,0.3333692252635956,inv_only,0.37385985255241394,full
1256,0.33349186182022095,0.3337933421134949,full,0.3775315582752228,full
1257,0.3351941406726837,0.3366583585739136,full,0.34557947516441345,full
1258,0.3215252757072449,0.35970771312713623,full,0.3512253165245056,full
1259,0.34068965911865234,0.36764827370643616,full,0.3478284180164337,full
1260,0.341056764125824,0.37696734070777893,full,0.33872002363204956,compare
1261,0.3433094024658203,0.38019174337387085,full,0.3467170298099518,full
1262,0.3536168932914734,0.382148802280426,full,0.35944756865501404,full
1263,0.3592032194137573,0.3685695230960846,full,0.377293199300766,full
1264,0.3706848919391632,0.37815701961517334,full,0.3902922570705414,full
1265,0.3747798800468445,0.385133296251297,full,0.3867782950401306,full
1266,0.37254631519317627,0.38177618384361267,full,0.3831460177898407,full
1267,0.3724505603313446,0.38301658630371094,full,0.3897149860858917,full
1268,0.38328006863594055,0.3956804871559143,full,0.3974114954471588,full
1269,0.385389506816864,0.397185742855072,full,0.4093122184276581,full
1270,0.39555567502975464,0.4039812684059143,full,0.4139777719974518,full
1271,0.39152392745018005,0.3987526595592499,full,0.40575024485588074,full
1272,0.39902061223983765,0.40565183758735657,full,0.38889312744140625,compare
1273,0.39420583844184875,0.40425586700439453,full,0.3851834237575531,compare
1274,0.38521677255630493,0.4013095200061798,full,0.37882548570632935,compare
1275,0.39030739665031433,0.40390801429748535,full,0.38211387395858765,compare
1276,0.38463371992111206,0.40702903270721436,full,0.38564446568489075,full
1277,0.38738006353378296,0.40122804045677185,full,0.3781212568283081,compare
1278,0.3828637897968292,0.39699962735176086,full,0.376230388879776,compare
1279,0.3853730857372284,0.39815840125083923,full,0.38344964385032654,compare
1280,0.39148643612861633,0.401732861995697,full,0.3937559723854065,full
1281,0.3901295065879822,0.41026571393013,full,0.40336892008781433,full
1282,0.40766552090644836,0.41871553659439087,full,0.42461803555488586,full
1283,0.4203401505947113,0.4310472309589386,full,0.4375899136066437,full
1284,0.4509797990322113,0.4526270925998688,full,0.4540036618709564,full
1285,0.47862952947616577,0.4876973032951355,full,0.48331841826438904,full
1286,0.5041196346282959,0.5156853795051575,full,0.5062478184700012,full
1287,0.5200859904289246,0.5222159028053284,full,0.513139545917511,compare
1288,0.5110970139503479,0.5222461819648743,full,0.5193166136741638,full
1289,0.5098117589950562,0.5173783898353577,full,0.5247233510017395,full
1290,0.5131896734237671,0.5174093842506409,full,0.5211388468742371,full
1291,0.5079253315925598,0.5151196718215942,full,0.5114818811416626,full
1292,0.5128109455108643,0.5138125419616699,full,0.5127533674240112,compare
1293,0.5139816999435425,0.5163918733596802,full,0.5194703340530396,full
1294,0.5144732594490051,0.5215058922767639,full,0.5205200910568237,full
1295,0.5223627686500549,0.5280560851097107,full,0.5250968337059021,full
1296,0.5314920544624329,0.5429867506027222,full,0.538206160068512,full
1297,0.5103463530540466,0.544433057308197,full,0.5408831834793091,full
1298,0.5227959156036377,0.549781858921051,full,0.5274032950401306,full
1299,0.5167092680931091,0.559176504611969,full,0.5221534967422485,full
1300,0.5240709185600281,0.5532378554344177,full,0.5308002233505249,full
1301,0.5441615581512451,0.555734395980835,full,0.5337362885475159,compare
1302,0.5485541820526123,0.5601601004600525,full,0.5388761162757874,compare
1303,0.5522417426109314,0.561157763004303,full,0.5512896776199341,compare
1304,0.5752081274986267,0.5660439729690552,inv_only,0.5645356774330139,compare
1305,0.579016387462616,0.5730495452880859,inv_only,0.569185197353363,compare
1306,0.5223618745803833,0.5891327261924744,full,0.5355623364448547,full
1307,0.5069763660430908,0.5890407562255859,full,0.5426400899887085,full
1308,0.5338568687438965,0.5838896632194519,full,0.55987149477005,full
1309,0.5790607929229736,0.5990567803382874,full,0.5887534022331238,full
1310,0.6057088375091553,0.6123259663581848,full,0.5792562365531921,compare
1311,0.6328258514404297,0.6363269090652466,full,0.6064651012420654,compare
1312,0.6095235347747803,0.6127572655677795,full,0.5709141492843628,compare
1313,0.522405207157135,0.5500125288963318,full,0.48294124007225037,compare
1314,0.4981037378311157,0.5257352590560913,full,0.46307572722435,compare
1315,0.47061440348625183,0.4990461468696594,full,0.4497816860675812,compare
1316,0.4546760320663452,0.478930801153183,full,0.4549325406551361,full
1317,0.44287919998168945,0.45675018429756165,full,0.4439407289028168,full
1318,0.42717939615249634,0.44628095626831055,full,0.44856417179107666,full
1319,0.4495980441570282,0.44861429929733276,inv_only,0.4515354037284851,full
1320,0.432079553604126,0.4551718533039093,full,0.43347546458244324,full
1321,0.43014827370643616,0.45322856307029724,full,0.43684977293014526,full
1322,0.4531440734863281,0.46235594153404236,full,0.4364187717437744,compare
1323,0.4405987560749054,0.4654969274997711,full,0.4222186803817749,compare
1324,0.4449666440486908,0.46469226479530334,full,0.42573630809783936,compare
1325,0.46349287033081055,0.4864126145839691,full,0.4464799463748932,compare
1326,0.4966881275177002,0.5112230181694031,full,0.45663902163505554,compare
1327,0.4944625198841095,0.5105264782905579,full,0.4637887179851532,compare
1328,0.46700677275657654,0.5040661096572876,full,0.45287054777145386,compare
1329,0.4618571996688843,0.5041643977165222,full,0.43852269649505615,compare
1330,0.4234897494316101,0.5172341465950012,full,0.44762125611305237,full
1331,0.422214150428772,0.5074395537376404,full,0.47904956340789795,full
1332,0.46809014678001404,0.5027991533279419,full,0.44951340556144714,compare
1333,0.4569021463394165,0.4986707270145416,full,0.46188464760780334,full
1334,0.44015640020370483,0.489029198884964,full,0.45234522223472595,full
1335,0.4579445719718933,0.47148942947387695,full,0.4551498293876648,compare
1336,0.44077247381210327,0.45602962374687195,full,0.45058169960975647,full
1337,0.4416508972644806,0.4641820788383484,full,0.435070276260376,compare
1338,0.4542297124862671,0.47519344091415405,full,0.44447898864746094,compare
1339,0.4704628884792328,0.4913919270038605,full,0.444049209356308,compare
1340,0.45969510078430176,0.48483017086982727,full,0.44527876377105713,compare
1341,0.45360010862350464,0.4720200300216675,full,0.43466854095458984,compare
1342,0.44125330448150635,0.45820844173431396,full,0.4380016326904297,compare
1343,0.4265514314174652,0.4369613230228424,full,0.42500028014183044,compare
1344,0.41823115944862366,0.4341961741447449,full,0.3999645709991455,compare
1345,0.42499351501464844,0.43882811069488525,full,0.38133352994918823,compare
1346,0.44632694125175476,0.4462992548942566,inv_only,0.40565255284309387,compare
1347,0.43257805705070496,0.4463793933391571,full,0.4196043610572815,compare
1348,0.4001023471355438,0.43032339215278625,full,0.4090219736099243,full
1349,0.417007714509964,0.4439722001552582,full,0.42244720458984375,full
1350,0.41033828258514404,0.437857985496521,full,0.4323485791683197,full
1351,0.4062083661556244,0.4429904520511627,full,0.455843985080719,full
1352,0.45156121253967285,0.45200175046920776,full,0.45401450991630554,full
1353,0.4739268124103546,0.4809778332710266,full,0.42326819896698,compare
1354,0.4636971652507782,0.48678484559059143,full,0.40044382214546204,compare
1355,0.48635774850845337,0.47435998916625977,inv_only,0.41023436188697815,compare
1356,0.4324999749660492,0.4621730148792267,full,0.42442426085472107,compare
1357,0.417525976896286,0.4359210729598999,full,0.4141309857368469,compare
1358,0.4076867997646332,0.41430002450942993,full,0.4177139401435852,full
1359,0.4083610773086548,0.4069269895553589,inv_only,0.42196768522262573,full
1360,0.3980503976345062,0.39047572016716003,inv_only,0.4131656885147095,full
1361,0.41276416182518005,0.3800945580005646,inv_only,0.3960392475128174,compare
1362,0.3695988357067108,0.37242135405540466,full,0.385116845369339,full
1363,0.3630698323249817,0.38130661845207214,full,0.3829347491264343,full
1364,0.36440417170524597,0.3809564709663391,full,0.3938657343387604,full
1365,0.34028851985931396,0.3743148148059845,full,0.39353957772254944,full
1366,0.3484170734882355,0.37385717034339905,full,0.37760818004608154,full
1367,0.37044256925582886,0.3538479208946228,inv_only,0.37442266941070557,full
1368,0.3752479553222656,0.3716355860233307,inv_only,0.3754561245441437,full
1369,0.3835558295249939,0.3645215332508087,inv_only,0.3852598965167999,full
1370,0.3552161157131195,0.3682941794395447,full,0.3737928569316864,full
1371,0.3826620876789093,0.39992207288742065,full,0.36528003215789795,compare
1372,0.39630618691444397,0.400442898273468,full,0.38380181789398193,compare
1373,0.45981281995773315,0.39658525586128235,inv_only,0.4019865393638611,compare
1374,0.44994887709617615,0.4048125147819519,inv_only,0.4289042353630066,compare
1375,0.423768550157547,0.4051148295402527,inv_only,0.4430198669433594,full
1376,0.4366703927516937,0.40673360228538513,inv_only,0.4115011990070343,compare
1377,0.42915064096450806,0.41654592752456665,inv_only,0.38105833530426025,compare
1378,0.44244375824928284,0.44193214178085327,inv_only,0.3607776463031769,compare
1379,0.4247235357761383,0.40541568398475647,inv_only,0.35602742433547974,compare
1380,0.40243685245513916,0.3646593689918518,inv_only,0.3438212275505066,compare
1381,0.36365678906440735,0.3319978713989258,inv_only,0.33530545234680176,compare
1382,0.34665629267692566,0.328220933675766,inv_only,0.34685057401657104,full
1383,0.36633461713790894,0.3230193555355072,inv_only,0.3567265570163727,compare
1384,0.36530566215515137,0.3100258708000183,inv_only,0.35150641202926636,compare
1385,0.33417361974716187,0.3085692822933197,inv_only,0.35489100217819214,full
1386,0.34811660647392273,0.2988516092300415,inv_only,0.3320804238319397,compare
1387,0.3100174069404602,0.3008890748023987,inv_only,0.3199383616447449,full
1388,0.3645564615726471,0.3041452467441559,inv_only,0.32036182284355164,compare
1389,0.3581763803958893,0.31131523847579956,inv_only,0.324789434671402,compare
1390,0.35090798139572144,0.3153931796550751,inv_only,0.3333996832370758,compare
1391,0.3294616937637329,0.3113386929035187,inv_only,0.31477072834968567,compare
1392,0.35602664947509766,0.32401615381240845,inv_only,0.3150060474872589,compare
1393,0.3480581045150757,0.3230760991573334,inv_only,0.29527518153190613,compare
1394,0.31676188111305237,0.32621389627456665,full,0.3078586459159851,compare
1395,0.3294212222099304,0.3502183258533478,full,0.3158913850784302,compare
1396,0.35802486538887024,0.3589309751987457,full,0.33282390236854553,compare
1397,0.33978036046028137,0.33999398350715637,full,0.33033186197280884,compare
1398,0.30455347895622253,0.32912421226501465,full,0.3338789641857147,full
1399,0.31044432520866394,0.321609765291214,full,0.36037376523017883,full
1400,0.3874833285808563,0.30726295709609985,inv_only,0.34744614362716675,compare
1401,0.3441692292690277,0.3101138770580292,inv_only,0.3723433315753937,full
1402,0.4313003122806549,0.3313159644603729,inv_only,0.3908076584339142,compare
1403,0.4602751135826111,0.3449269235134125,inv_only,0.39110755920410156,compare
1404,0.40463611483573914,0.36955389380455017,inv_only,0.39519309997558594,compare
1405,0.3988312780857086,0.38706162571907043,inv_only,0.40785425901412964,full
1406,0.41779932379722595,0.3951359689235687,inv_only,0.39229461550712585,compare
1407,0.4111681580543518,0.3873100280761719,inv_only,0.38084593415260315,compare
1408,0.42428189516067505,0.3906635046005249,inv_only,0.37659168243408203,compare
1409,0.42147207260131836,0.4012482464313507,inv_only,0.40640848875045776,compare
1410,0.43463507294654846,0.4075143039226532,inv_only,0.42232319712638855,compare
1411,0.41833171248435974,0.39830830693244934,inv_only,0.4090554416179657,compare
1412,0.42671963572502136,0.39779001474380493,inv_only,0.40675458312034607,compare
1413,0.43959492444992065,0.4042563736438751,inv_only,0.41828683018684387,compare
1414,0.4154066741466522,0.4164837598800659,full,0.4259979724884033,full
1415,0.4584202766418457,0.4293126165866852,inv_only,0.4242551624774933,compare
1416,0.4572210907936096,0.42772579193115234,inv_only,0.4425903558731079,compare
1417,0.41444674134254456,0.39264753460884094,inv_only,0.39253339171409607,compare
1418,0.413714736700058,0.3743276596069336,inv_only,0.3982613980770111,compare
1419,0.4250495135784149,0.3864872455596924,inv_only,0.39841362833976746,compare
1420,0.42012089490890503,0.38673391938209534,inv_only,0.41215625405311584,compare
1421,0.46679800748825073,0.3970889151096344,inv_only,0.42261892557144165,compare
1422,0.4056898057460785,0.39595314860343933,inv_only,0.4170414209365845,full
1423,0.46536242961883545,0.3933221697807312,inv_only,0.41957664489746094,compare
1424,0.47215452790260315,0.3785587549209595,inv_only,0.44500455260276794,compare
1425,0.4078982174396515,0.3573462665081024,inv_only,0.41706258058547974,full
1426,0.430948942899704,0.3764532804489136,inv_only,0.3984164893627167,compare
1427,0.39589011669158936,0.377017617225647,inv_only,0.3727676570415497,compare
1428,0.3961219787597656,0.37790724635124207,inv_only,0.3662622272968292,compare
1429,0.37588265538215637,0.3950091004371643,full,0.37105634808540344,compare
1430,0.38395828008651733,0.39517584443092346,full,0.388347864151001,full
1431,0.3779948353767395,0.39800336956977844,full,0.36742183566093445,compare
1432,0.38809630274772644,0.39165833592414856,full,0.3665090501308441,compare
1433,0.3837345838546753,0.40465018153190613,full,0.3988027572631836,full
1434,0.38189834356307983,0.39590582251548767,full,0.39584922790527344,full
1435,0.383009135723114,0.3964039981365204,full,0.3870357275009155,full
1436,0.3714928925037384,0.403513640165329,full,0.3674594759941101,compare
1437,0.3706871271133423,0.4024703800678253,full,0.3511088192462921,compare
1438,0.37674635648727417,0.4154183566570282,full,0.3517845571041107,compare
1439,0.4015250504016876,0.402499794960022,full,0.3767167925834656,compare
1440,0.3663761615753174,0.3793737292289734,full,0.37329787015914917,full
1441,0.35575079917907715,0.36758190393447876,full,0.36685827374458313,full
1442,0.348535418510437,0.3775923252105713,full,0.3617691695690155,full
1443,0.38759422302246094,0.39288467168807983,full,0.3750235140323639,compare
1444,0.3613964021205902,0.3954564034938812,full,0.37468221783638,full
1445,0.3681439161300659,0.3930082321166992,full,0.37759900093078613,full
1446,0.40060925483703613,0.41348332166671753,full,0.3904423415660858,compare
1447,0.40917813777923584,0.42836499214172363,full,0.41267862915992737,full
1448,0.4395902454853058,0.45763880014419556,full,0.4258323013782501,compare
1449,0.4049324691295624,0.44383522868156433,full,0.38711488246917725,compare
1450,0.41107887029647827,0.4129349887371063,full,0.3747748136520386,compare
1451,0.40996837615966797,0.40815412998199463,inv_only,0.38873904943466187,compare
1452,0.4161663055419922,0.4112672507762909,inv_only,0.39721381664276123,compare
1453,0.41320157051086426,0.4273597300052643,full,0.40069812536239624,compare
1454,0.4198003113269806,0.429151713848114,full,0.4046259820461273,compare
1455,0.4292965829372406,0.40889278054237366,inv_only,0.40037837624549866,compare
1456,0.38554057478904724,0.38759535551071167,full,0.39580008387565613,full
1457,0.3842255771160126,0.3770519495010376,inv_only,0.39126670360565186,full
1458,0.3753960430622101,0.37110501527786255,inv_only,0.38460367918014526,full
1459,0.3749940097332001,0.3753696382045746,full,0.39035317301750183,full
1460,0.3877163529396057,0.3807264268398285,inv_only,0.40029391646385193,full
1461,0.3954019248485565,0.38992810249328613,inv_only,0.4026140570640564,full
1462,0.3948601484298706,0.39346903562545776,inv_only,0.3877878785133362,compare
1463,0.3651396334171295,0.3689933717250824,full,0.362388014793396,compare
1464,0.37976595759391785,0.38492879271507263,full,0.36903005838394165,compare
1465,0.39795517921447754,0.4033961594104767,full,0.38489797711372375,compare
1466,0.3756100833415985,0.40588730573654175,full,0.3884422183036804,full
1467,0.3924950361251831,0.424599289894104,full,0.3898894190788269,compare
1468,0.37913796305656433,0.4107333719730377,full,0.3808891773223877,full
1469,0.3877418339252472,0.40477845072746277,full,0.3917362689971924,full
1470,0.3935277760028839,0.4221738278865814,full,0.37623515725135803,compare
1471,0.39452922344207764,0.4387931823730469,full,0.38614127039909363,compare
1472,0.4020339548587799,0.4440051019191742,full,0.4076994061470032,full
1473,0.43189793825149536,0.4527500867843628,full,0.4083181321620941,compare
1474,0.4407065808773041,0.45943301916122437,full,0.42398518323898315,compare
1475,0.39063337445259094,0.44970250129699707,full,0.38063257932662964,compare
1476,0.4055381119251251,0.440487265586853,full,0.37954843044281006,compare
1477,0.4046332538127899,0.4471229016780853,full,0.40939605236053467,full
1478,0.42661046981811523,0.45044028759002686,full,0.39827582240104675,compare
1479,0.4227176904678345,0.44351816177368164,full,0.3934970200061798,compare
1480,0.40436285734176636,0.42721402645111084,full,0.3893497586250305,compare
1481,0.39917197823524475,0.4210764765739441,full,0.3837391138076782,compare
1482,0.3972136378288269,0.41258877515792847,full,0.3905027508735657,compare
1483,0.38440951704978943,0.4028792679309845,full,0.39666831493377686,full
1484,0.395715594291687,0.4053361713886261,full,0.4033952057361603,full
1485,0.4019269645214081,0.4046694040298462,full,0.4122128188610077,full
1486,0.41257742047309875,0.4077395498752594,inv_only,0.42538443207740784,full
1487,0.401591956615448,0.3910415768623352,inv_only,0.3726322650909424,compare
1488,0.39146727323532104,0.39305198192596436,full,0.35480785369873047,compare
1489,0.3535033166408539,0.4015999436378479,full,0.32808616757392883,compare
1490,0.34687110781669617,0.3693803548812866,full,0.32425254583358765,compare
1491,0.3375251889228821,0.3687132000923157,full,0.3169000744819641,compare
1492,0.3509828448295593,0.35840949416160583,full,0.3083445429801941,compare
1493,0.351930171251297,0.34171971678733826,inv_only,0.31300851702690125,compare
1494,0.37334275245666504,0.35668882727622986,inv_only,0.3045909106731415,compare
1495,0.3499833345413208,0.3416043817996979,inv_only,0.3170320391654968,compare
1496,0.3191494643688202,0.32963454723358154,full,0.3202705979347229,full
1497,0.3365989029407501,0.3319821357727051,inv_only,0.31263330578804016,compare
1498,0.3404962420463562,0.3252304196357727,inv_only,0.31677910685539246,compare
1499,0.3192903995513916,0.3488079011440277,full,0.3613441288471222,full
1500,0.34937018156051636,0.36596229672431946,full,0.3884541690349579,full
1501,0.33085909485816956,0.39111337065696716,full,0.3444533050060272,full
1502,0.33424270153045654,0.40202200412750244,full,0.33155909180641174,compare
1503,0.35862261056900024,0.39385923743247986,full,0.3318966031074524,compare
1504,0.38129085302352905,0.3816024363040924,full,0.3541487455368042,compare
1505,0.3738890588283539,0.3932531476020813,full,0.36439022421836853,compare
1506,0.3780719041824341,0.39340659976005554,full,0.36283016204833984,compare
1507,0.37147802114486694,0.39954376220703125,full,0.3574260175228119,compare
1508,0.37650859355926514,0.40316617488861084,full,0.3671220541000366,compare
1509,0.3972221612930298,0.41487187147140503,full,0.4046614170074463,full
1510,0.37387964129447937,0.4028218686580658,full,0.3842695951461792,full
1511,0.3693777918815613,0.37511393427848816,full,0.3498844802379608,compare
1512,0.34590744972229004,0.35482609272003174,full,0.33686161041259766,compare
1513,0.31587573885917664,0.3482910394668579,full,0.34955212473869324,full
1514,0.3504297733306885,0.34492939710617065,inv_only,0.35991862416267395,full
1515,0.34760478138923645,0.343696653842926,inv_only,0.36684921383857727,full
1516,0.3416067957878113,0.3495892286300659,full,0.33919158577919006,compare
1517,0.331922709941864,0.34844493865966797,full,0.3177770972251892,compare
1518,0.3298513889312744,0.36884036660194397,full,0.315765917301178,compare
1519,0.33878132700920105,0.37867337465286255,full,0.3216024935245514,compare
1520,0.34606584906578064,0.38536617159843445,full,0.35015493631362915,full
1521,0.33478105068206787,0.37364956736564636,full,0.34768837690353394,full
1522,0.3511539399623871,0.3607492446899414,full,0.34475526213645935,compare
1523,0.35683655738830566,0.37114331126213074,full,0.34551915526390076,compare
1524,0.37588831782341003,0.3769403100013733,full,0.36835184693336487,compare
1525,0.36811885237693787,0.3923713266849518,full,0.4012444019317627,full
1526,0.38295719027519226,0.4148094654083252,full,0.42171797156333923,full
1527,0.4117572009563446,0.4351731240749359,full,0.4170999228954315,full
1528,0.3981357514858246,0.42363348603248596,full,0.4142046570777893,full
1529,0.39245977997779846,0.42277106642723083,full,0.4124244451522827,full
1530,0.3738323450088501,0.42272359132766724,full,0.3978104293346405,full
1531,0.39393624663352966,0.4181629419326782,full,0.3839279115200043,compare
1532,0.3954406976699829,0.4141450822353363,full,0.3782781958580017,compare
1533,0.39343804121017456,0.4351438879966736,full,0.39113399386405945,compare
1534,0.411332905292511,0.4521578550338745,full,0.38587674498558044,compare
1535,0.40724310278892517,0.4695173501968384,full,0.39508765935897827,compare
1536,0.40188321471214294,0.44254541397094727,full,0.3916550576686859,compare
1537,0.35125064849853516,0.41387704014778137,full,0.35602033138275146,full
1538,0.35663333535194397,0.4088400900363922,full,0.35682275891304016,full
1539,0.3513144552707672,0.4053722620010376,full,0.3580608069896698,full
1540,0.353115439414978,0.3933570981025696,full,0.3624233901500702,full
1541,0.36883437633514404,0.3892401456832886,full,0.3695785403251648,full
1542,0.3791670501232147,0.3830624222755432,full,0.3802570104598999,full
1543,0.38828369975090027,0.3801119327545166,inv_only,0.3846491873264313,compare
1544,0.4597555994987488,0.36785638332366943,inv_only,0.38405337929725647,compare
1545,0.3993875980377197,0.3517471253871918,inv_only,0.381884902715683,compare
1546,0.42864036560058594,0.3489193618297577,inv_only,0.41703224182128906,compare
1547,0.46570760011672974,0.3750222325325012,inv_only,0.44844961166381836,compare
1548,0.4353027045726776,0.3985016345977783,inv_only,0.43754833936691284,full
1549,0.4063488841056824,0.4074654281139374,full,0.4121932089328766,full
1550,0.412144273519516,0.42452695965766907,full,0.4348328113555908,full
1551,0.4234488308429718,0.4340377748012543,full,0.45467495918273926,full
1552,0.440768301486969,0.4572756588459015,full,0.48122361302375793,full
1553,0.4739144742488861,0.4726569950580597,inv_only,0.4896771311759949,full
1554,0.4876863360404968,0.48646801710128784,inv_only,0.4770631492137909,compare
1555,0.4541156589984894,0.47716760635375977,full,0.46637335419654846,full
1556,0.45655474066734314,0.4761399030685425,full,0.4581736624240875,full
1557,0.45293986797332764,0.4725833237171173,full,0.4484853744506836,compare
1558,0.4527282416820526,0.48632973432540894,full,0.4575956463813782,full
1559,0.44197481870651245,0.48421144485473633,full,0.4606517553329468,full
1560,0.4336735010147095,0.45396360754966736,full,0.43505460023880005,full
1561,0.42488929629325867,0.43907633423805237,full,0.4233264625072479,compare
1562,0.4187392294406891,0.4257494807243347,full,0.41400283575057983,compare
1563,0.41715213656425476,0.42486000061035156,full,0.4200891852378845,full
1564,0.4137706458568573,0.42584913969039917,full,0.41774600744247437,full
1565,0.40616127848625183,0.4306497275829315,full,0.4345454275608063,full
1566,0.42196229100227356,0.4315047562122345,full,0.4243810772895813,full
1567,0.4337805509567261,0.4319082200527191,inv_only,0.4225875437259674,compare
1568,0.4300222396850586,0.4307281970977783,full,0.4407331049442291,full
1569,0.45102423429489136,0.432169646024704,inv_only,0.4345951974391937,compare
1570,0.3985603451728821,0.42844659090042114,full,0.40148770809173584,full
1571,0.3675788640975952,0.40904557704925537,full,0.36311596632003784,compare
1572,0.3517201542854309,0.3978302478790283,full,0.3614325523376465,full
1573,0.3919467031955719,0.399527907371521,full,0.38224053382873535,compare
1574,0.363120973110199,0.393358051776886,full,0.39951688051223755,full
1575,0.33937719464302063,0.36672675609588623,full,0.38367190957069397,full
1576,0.3509379029273987,0.3776257038116455,full,0.36834049224853516,full
1577,0.3582097887992859,0.38713037967681885,full,0.37129971385002136,full
1578,0.39287346601486206,0.39896324276924133,full,0.3808610141277313,compare
1579,0.39992159605026245,0.4047991633415222,full,0.3960605561733246,compare
1580,0.4146876037120819,0.4073680639266968,inv_only,0.3985464870929718,compare
1581,0.38651368021965027,0.40195637941360474,full,0.38559797406196594,compare
1582,0.3861568570137024,0.41762402653694153,full,0.38909268379211426,full
1583,0.4065840542316437,0.43099260330200195,full,0.3861505389213562,compare
1584,0.3983113467693329,0.41570591926574707,full,0.37919554114341736,compare
1585,0.36350521445274353,0.39952772855758667,full,0.3673843741416931,full
1586,0.3716673254966736,0.38679319620132446,full,0.36750444769859314,compare
1587,0.37539923191070557,0.37716740369796753,full,0.3493383824825287,compare
1588,0.35214465856552124,0.36974087357521057,full,0.34918734431266785,compare
1589,0.3749229311943054,0.3628312945365906,inv_only,0.3573874533176422,compare
1590,0.36755475401878357,0.370307981967926,full,0.37697088718414307,full
1591,0.3803214728832245,0.3618104159832001,inv_only,0.3832082450389862,full
1592,0.3357338607311249,0.37577658891677856,full,0.38708987832069397,full
1593,0.34328392148017883,0.39283284544944763,full,0.37335339188575745,full
1594,0.3292563259601593,0.383024662733078,full,0.3425128757953644,full
1595,0.36827901005744934,0.3903091549873352,full,0.36599576473236084,compare
1596,0.3652600646018982,0.39351505041122437,full,0.36617323756217957,full
1597,0.34768399596214294,0.39606282114982605,full,0.3679589629173279,full
1598,0.3685287535190582,0.3962235152721405,full,0.37551507353782654,full
1599,0.36511269211769104,0.38630345463752747,full,0.3771290183067322,full
1600,0.3698655962944031,0.38841167092323303,full,0.38169702887535095,full
1601,0.4031929671764374,0.407443106174469,full,0.3956482410430908,compare
1602,0.4446699023246765,0.42866045236587524,inv_only,0.41264480352401733,compare
1603,0.4293612539768219,0.4369456171989441,full,0.43630626797676086,full
1604,0.4298461377620697,0.4453853368759155,full,0.4370598793029785,full
1605,0.43231409788131714,0.44739869236946106,full,0.4494377374649048,full
1606,0.4573110342025757,0.4560561180114746,inv_only,0.45191821455955505,compare
1607,0.45813125371932983,0.4633024036884308,full,0.4563779830932617,compare
1608,0.46450743079185486,0.4660811722278595,full,0.4779556095600128,full
1609,0.4620378613471985,0.46509602665901184,full,0.47869473695755005,full
1610,0.4709886908531189,0.4731478989124298,full,0.47248804569244385,full
1611,0.4824807047843933,0.47845450043678284,inv_only,0.4701536297798157,compare
1612,0.466279536485672,0.4745550751686096,full,0.4423845410346985,compare
1613,0.46842730045318604,0.4695279002189636,full,0.4347834885120392,compare
1614,0.4559192657470703,0.4646674692630768,full,0.4462372958660126,compare
1615,0.4819170832633972,0.4774601459503174,inv_only,0.45459380745887756,compare
1616,0.4806848466396332,0.4952791929244995,full,0.4597454071044922,compare
1617,0.4839839041233063,0.5040875673294067,full,0.43267640471458435,compare
1618,0.47668159008026123,0.4994153678417206,full,0.4483032822608948,compare
1619,0.435332715511322,0.4874301254749298,full,0.4469813406467438,full
1620,0.44546669721603394,0.48507601022720337,full,0.4465470314025879,full
1621,0.4733250141143799,0.4999072849750519,full,0.4554286301136017,compare
1622,0.47342175245285034,0.5067573189735413,full,0.4497641623020172,compare
1623,0.4890252649784088,0.5022475719451904,full,0.4481905996799469,compare
1624,0.4862135946750641,0.4974227249622345,full,0.4829476773738861,compare
1625,0.47832417488098145,0.4962840974330902,full,0.4869789481163025,full
1626,0.4790440499782562,0.4964979290962219,full,0.47637176513671875,compare
1627,0.4818335175514221,0.49177655577659607,full,0.4705740809440613,compare
1628,0.48163288831710815,0.49643635749816895,full,0.4684760868549347,compare
1629,0.48885706067085266,0.506675124168396,full,0.4752112925052643,compare
1630,0.5028674006462097,0.512448251247406,full,0.4839673936367035,compare
1631,0.49139949679374695,0.5045812129974365,full,0.4884359836578369,compare
1632,0.48645642399787903,0.4931129217147827,full,0.478410005569458,compare
1633,0.4666488468647003,0.4836384057998657,full,0.4605344533920288,compare
1634,0.46886536478996277,0.4779942035675049,full,0.47296252846717834,full
1635,0.47606420516967773,0.4825819134712219,full,0.46584177017211914,compare
1636,0.4763718545436859,0.4923788011074066,full,0.47417324781417847,compare
1637,0.48826563358306885,0.49900391697883606,full,0.4821324646472931,compare
1638,0.4976489841938019,0.5148707032203674,full,0.49944043159484863,full
1639,0.5079009532928467,0.5305173993110657,full,0.506854236125946,compare
1640,0.5167499780654907,0.5404151678085327,full,0.5185487270355225,full
1641,0.5252594947814941,0.5363372564315796,full,0.5121177434921265,compare
1642,0.5015937089920044,0.5158942937850952,full,0.4853178858757019,compare
1643,0.4803229868412018,0.5114718675613403,full,0.4777278006076813,compare
1644,0.48807618021965027,0.511464536190033,full,0.47151175141334534,compare
1645,0.49619388580322266,0.5139481425285339,full,0.468726247549057,compare
1646,0.4919877052307129,0.5139024257659912,full,0.4667450189590454,compare
1647,0.49855178594589233,0.5086464285850525,full,0.46267518401145935,compare
1648,0.4990554749965668,0.5024523138999939,full,0.4645557999610901,compare
1649,0.4962295591831207,0.49934661388397217,full,0.4768540561199188,compare
1650,0.492631196975708,0.49100735783576965,inv_only,0.4742552638053894,compare
1651,0.4884268641471863,0.4826599955558777,inv_only,0.4694499969482422,compare
1652,0.4882585406303406,0.47952988743782043,inv_only,0.44587427377700806,compare
1653,0.4879859685897827,0.4821748733520508,inv_only,0.4480964243412018,compare
1654,0.49190187454223633,0.4839836359024048,inv_only,0.4697459936141968,compare
1655,0.5043184757232666,0.4911267161369324,inv_only,0.4784131944179535,compare
1656,0.5228071808815002,0.5097441077232361,inv_only,0.49697884917259216,compare
1657,0.511553168296814,0.5037177205085754,inv_only,0.49192193150520325,compare
1658,0.5273417830467224,0.5120550990104675,inv_only,0.5148637890815735,compare
1659,0.5488143563270569,0.524523913860321,inv_only,0.5231407880783081,compare
1660,0.5540751814842224,0.5281001329421997,inv_only,0.5284720063209534,compare
1661,0.5393891334533691,0.5170939564704895,inv_only,0.5235200524330139,compare
1662,0.5570140480995178,0.5195613503456116,inv_only,0.5324456691741943,compare
1663,0.5048251152038574,0.5118098855018616,full,0.4749341905117035,compare
1664,0.5060105919837952,0.5129552483558655,full,0.4641609191894531,compare
1665,0.4642200171947479,0.4771713614463806,full,0.4234488308429718,compare
1666,0.42681387066841125,0.46223005652427673,full,0.4057857096195221,compare
1667,0.4207046627998352,0.4685174822807312,full,0.45757439732551575,full
1668,0.4671088755130768,0.49500465393066406,full,0.51310133934021,full
1669,0.5143020153045654,0.5271720290184021,full,0.5654045939445496,full
1670,0.5804712772369385,0.5774810314178467,inv_only,0.6197953820228577,full
1671,0.6259152889251709,0.6229583024978638,inv_only,0.6694027781486511,full
1672,0.6489281058311462,0.6526178121566772,full,0.6707090139389038,full
1673,0.5763905644416809,0.618901789188385,full,0.579576849937439,full
1674,0.5543766021728516,0.5844752788543701,full,0.5308560132980347,compare
1675,0.528400182723999,0.5767576098442078,full,0.5232853293418884,compare
1676,0.5135924220085144,0.5619928240776062,full,0.5159989595413208,full
1677,0.5311673283576965,0.54453045129776,full,0.5330285429954529,full
1678,0.5121154189109802,0.5135043263435364,full,0.4947260022163391,compare
1679,0.49715346097946167,0.4760362505912781,inv_only,0.49285581707954407,compare
1680,0.48021018505096436,0.46246638894081116,inv_only,0.4829840064048767,full
1681,0.45154762268066406,0.45811375975608826,full,0.5016483068466187,full
1682,0.4952559769153595,0.4725662171840668,inv_only,0.5614434480667114,full
1683,0.5006734132766724,0.46648693084716797,inv_only,0.5723264813423157,full
1684,0.49012094736099243,0.45186007022857666,inv_only,0.5659957528114319,full
1685,0.4851503372192383,0.4483986794948578,inv_only,0.564707338809967,full
1686,0.5007041096687317,0.4628518521785736,inv_only,0.6005818843841553,full
1687,0.49966153502464294,0.47677186131477356,inv_only,0.5961992740631104,full
1688,0.5252357125282288,0.4864029884338379,inv_only,0.5830377340316772,full
1689,0.4911956489086151,0.48944759368896484,inv_only,0.5218774676322937,full
1690,0.4668391942977905,0.4812173843383789,full,0.453274130821228,compare
1691,0.44992488622665405,0.4548192024230957,full,0.4352805018424988,compare
1692,0.41634610295295715,0.4317939579486847,full,0.4059021770954132,compare
1693,0.3820989727973938,0.40574949979782104,full,0.3830348551273346,full
1694,0.3783995509147644,0.38345301151275635,full,0.3954416513442993,full
1695,0.3792177140712738,0.37818238139152527,inv_only,0.40798690915107727,full
1696,0.38594409823417664,0.3952086865901947,full,0.4168584942817688,full
1697,0.3889882266521454,0.4005546569824219,full,0.41471537947654724,full
1698,0.409393310546875,0.4175306260585785,full,0.411922425031662,full
1699,0.42182105779647827,0.41837844252586365,inv_only,0.4065741300582886,compare
1700,0.410806804895401,0.4185866415500641,full,0.40795227885246277,compare
1701,0.4099454879760742,0.4120399057865143,full,0.39439764618873596,compare
1702,0.3970303237438202,0.4082256555557251,full,0.39080238342285156,compare
1703,0.4192790985107422,0.4139235019683838,inv_only,0.4100605249404907,compare
1704,0.4230627417564392,0.418887734413147,inv_only,0.4280766546726227,full
1705,0.4194035530090332,0.42153340578079224,full,0.4519209861755371,full
1706,0.42219436168670654,0.41515833139419556,inv_only,0.4393294155597687,full
1707,0.4152393341064453,0.3967180848121643,inv_only,0.4348515272140503,full
1708,0.4278823435306549,0.3966609537601471,inv_only,0.4503721594810486,full
1709,0.45043691992759705,0.40995970368385315,inv_only,0.4548131823539734,full
1710,0.4450888931751251,0.4257676303386688,inv_only,0.4380621314048767,compare
1711,0.43070459365844727,0.40877386927604675,inv_only,0.42156782746315,compare
1712,0.42115893959999084,0.4057968258857727,inv_only,0.39892861247062683,compare
1713,0.3738209903240204,0.3700258433818817,inv_only,0.35042789578437805,compare
1714,0.3651922047138214,0.3550328016281128,inv_only,0.34033745527267456,compare
1715,0.37226706743240356,0.34713342785835266,inv_only,0.3548111617565155,compare
1716,0.3518540859222412,0.3415369689464569,inv_only,0.352647602558136,full
1717,0.34260624647140503,0.34759289026260376,full,0.3511274456977844,full
1718,0.3402458131313324,0.34128299355506897,full,0.3546452224254608,full
1719,0.34280771017074585,0.3378124237060547,inv_only,0.35540375113487244,full
1720,0.34072038531303406,0.3406560719013214,inv_only,0.3510214686393738,full
1721,0.34397363662719727,0.34495389461517334,full,0.36140134930610657,full
1722,0.344478577375412,0.34103479981422424,inv_only,0.3750983774662018,full
1723,0.33964359760284424,0.344102144241333,full,0.3677339255809784,full
1724,0.35360100865364075,0.34510695934295654,inv_only,0.36720648407936096,full
1725,0.3470107913017273,0.3459474444389343,inv_only,0.3626546263694763,full
1726,0.38005369901657104,0.36940258741378784,inv_only,0.3840636909008026,full
1727,0.3785801827907562,0.3704388439655304,inv_only,0.38575658202171326,full
1728,0.3785896897315979,0.37251633405685425,inv_only,0.3875073194503784,full
1729,0.332902193069458,0.33341526985168457,full,0.3771512508392334,full
1730,0.3345688581466675,0.33181220293045044,inv_only,0.3781009316444397,full
1731,0.3409479856491089,0.33522123098373413,inv_only,0.3902060389518738,full
1732,0.35514381527900696,0.34377095103263855,inv_only,0.39213046431541443,full
1733,0.3752911388874054,0.3591088056564331,inv_only,0.39649245142936707,full
1734,0.3821960687637329,0.36415746808052063,inv_only,0.39182382822036743,full
1735,0.4090629518032074,0.3659030795097351,inv_only,0.39923951029777527,compare
1736,0.37653207778930664,0.35898473858833313,inv_only,0.3757074773311615,compare
1737,0.3728053867816925,0.3321380615234375,inv_only,0.33892250061035156,compare
1738,0.3454643487930298,0.3179575800895691,inv_only,0.35898035764694214,full
1739,0.3489709198474884,0.3287471532821655,inv_only,0.35170137882232666,full
1740,0.34672194719314575,0.3285366892814636,inv_only,0.3327435255050659,compare
1741,0.3278869390487671,0.3328365385532379,full,0.3420298993587494,full
1742,0.3250669836997986,0.3351952135562897,full,0.3464183807373047,full
1743,0.3387562334537506,0.3461875915527344,full,0.3612963557243347,full
1744,0.34393110871315,0.3527684807777405,full,0.3713735044002533,full
1745,0.3626996874809265,0.3751833736896515,full,0.36418381333351135,full
1746,0.36872196197509766,0.39118272066116333,full,0.353213369846344,compare
1747,0.38288670778274536,0.40397173166275024,full,0.3730774521827698,compare
1748,0.3899989426136017,0.40401560068130493,full,0.3775918483734131,compare
1749,0.3775482475757599,0.39095696806907654,full,0.36897966265678406,compare
1750,0.37118834257125854,0.39291006326675415,full,0.3617889881134033,compare
1751,0.3696834444999695,0.3937707841396332,full,0.3637409806251526,compare
1752,0.3526502549648285,0.37577134370803833,full,0.35963812470436096,full
1753,0.3456811308860779,0.365082710981369,full,0.34652188420295715,full
1754,0.34195441007614136,0.3511003255844116,full,0.3420555591583252,full
1755,0.3401263356208801,0.3407385051250458,full,0.33611437678337097,compare
1756,0.3163299262523651,0.32464599609375,full,0.3286905884742737,full
1757,0.3046353757381439,0.3187486231327057,full,0.32596349716186523,full
1758,0.29772427678108215,0.31132134795188904,full,0.3288741707801819,full
1759,0.30541327595710754,0.3151342272758484,full,0.3428179621696472,full
1760,0.3173423707485199,0.3317115902900696,full,0.3605499267578125,full
1761,0.31332093477249146,0.34876424074172974,full,0.304200142621994,compare
1762,0.28280168771743774,0.3392990529537201,full,0.2827656865119934,compare
1763,0.31262481212615967,0.3397899866104126,full,0.28089359402656555,compare
1764,0.2982620596885681,0.3387542963027954,full,0.282412052154541,compare
1765,0.3128824234008789,0.3520399034023285,full,0.297195702791214,compare
1766,0.316545307636261,0.34994733333587646,full,0.3004789650440216,compare
1767,0.2974849045276642,0.3331247568130493,full,0.2963150441646576,compare
1768,0.29281795024871826,0.31964007019996643,full,0.3010694682598114,full
1769,0.29367679357528687,0.3100401759147644,full,0.29880890250205994,full
1770,0.284800261259079,0.2992249131202698,full,0.30903133749961853,full
1771,0.27632027864456177,0.2833479940891266,full,0.3114132881164551,full
1772,0.28019288182258606,0.28104716539382935,full,0.30468085408210754,full
1773,0.2936258912086487,0.2916918992996216,inv_only,0.3119318187236786,full
1774,0.2985316216945648,0.30061468482017517,full,0.3293769061565399,full
1775,0.3071213364601135,0.3031075894832611,inv_only,0.31630653142929077,full
1776,0.29005056619644165,0.29239514470100403,full,0.31559139490127563,full
1777,0.2751953601837158,0.28928306698799133,full,0.3084023892879486,full
1778,0.28901445865631104,0.2963882386684418,full,0.3029974699020386,full
1779,0.2889100909233093,0.29151371121406555,full,0.3065820038318634,full
1780,0.2963980436325073,0.2899838387966156,inv_only,0.30367523431777954,full
1781,0.29325050115585327,0.2862718105316162,inv_only,0.30763953924179077,full
1782,0.29507002234458923,0.2841642200946808,inv_only,0.30723807215690613,full
1783,0.29263001680374146,0.2842290699481964,inv_only,0.28999897837638855,compare
1784,0.278516560792923,0.29698100686073303,full,0.28042271733283997,full
1785,0.27293792366981506,0.29994839429855347,full,0.2609010934829712,compare
1786,0.3121369183063507,0.3111805319786072,inv_only,0.3292959928512573,full
1787,0.3606371283531189,0.33704036474227905,inv_only,0.4014471173286438,full
1788,0.2950143814086914,0.3360079824924469,full,0.324125736951828,full
1789,0.35916611552238464,0.3705483675003052,full,0.3793288767337799,full
1790,0.28785449266433716,0.3599809408187866,full,0.30726706981658936,full
1791,0.28877708315849304,0.3457903563976288,full,0.30179327726364136,full
1792,0.313804030418396,0.3444395959377289,full,0.30705276131629944,compare
1793,0.316599041223526,0.3409724533557892,full,0.3031329810619354,compare
1794,0.3123789429664612,0.32370802760124207,full,0.3007534444332123,compare
1795,0.3011218309402466,0.3043913245201111,full,0.31666937470436096,full
1796,0.3038148581981659,0.3106936514377594,full,0.3240223824977875,full
1797,0.30631521344184875,0.31462362408638,full,0.32296934723854065,full
1798,0.31443479657173157,0.3226909935474396,full,0.32619011402130127,full
1799,0.30834415555000305,0.3228963315486908,full,0.34203848242759705,full
1800,0.3166051506996155,0.3326374888420105,full,0.35216009616851807,full
1801,0.33818501234054565,0.35250210762023926,full,0.362692266702652,full
1802,0.32664182782173157,0.3577795922756195,full,0.35346075892448425,full
1803,0.3512609601020813,0.3767411708831787,full,0.36502569913864136,full
1804,0.3713931739330292,0.38368698954582214,full,0.3725191354751587,full
1805,0.38769233226776123,0.39456671476364136,full,0.3875245749950409,compare
1806,0.3986682891845703,0.4137495160102844,full,0.40522798895835876,full
1807,0.40768060088157654,0.43004655838012695,full,0.4188653826713562,full
1808,0.41299980878829956,0.44214531779289246,full,0.42812657356262207,full
1809,0.4098133444786072,0.44916999340057373,full,0.4329598844051361,full
1810,0.42392948269844055,0.46257245540618896,full,0.43310344219207764,full
1811,0.45014750957489014,0.4864063262939453,full,0.46468591690063477,full
1812,0.4987204372882843,0.523686945438385,full,0.505128026008606,full
1813,0.5478338003158569,0.5658776760101318,full,0.554174542427063,full
1814,0.5987511873245239,0.6047028303146362,full,0.6009610891342163,full
1815,0.6097916960716248,0.6425682306289673,full,0.6280310153961182,full
1816,0.6388093829154968,0.6622615456581116,full,0.6507403254508972,full
1817,0.6519204378128052,0.6667643785476685,full,0.6526925563812256,full
1818,0.661016047000885,0.6675798892974854,full,0.6485093832015991,compare
1819,0.657467246055603,0.6632459163665771,full,0.6540642976760864,compare
1820,0.6601466536521912,0.6586148738861084,inv_only,0.6568187475204468,compare
1821,0.6874679923057556,0.6573447585105896,inv_only,0.660982072353363,compare
1822,0.6685018539428711,0.6593837141990662,inv_only,0.655399739742279,compare
1823,0.6530808806419373,0.6520850658416748,inv_only,0.646964430809021,compare
1824,0.6556813716888428,0.6630677580833435,full,0.6475141048431396,compare
1825,0.6670135259628296,0.6715722680091858,full,0.652593195438385,compare
1826,0.6736629009246826,0.6752226948738098,full,0.6502400636672974,compare
1827,0.6754403114318848,0.6740207076072693,inv_only,0.6551609039306641,compare
1828,0.6628759503364563,0.6688938736915588,full,0.6571420431137085,compare
1829,0.6541593074798584,0.6665157079696655,full,0.65459805727005,full
1830,0.6468134522438049,0.6616069078445435,full,0.6445965766906738,compare
1831,0.6473272442817688,0.6657330393791199,full,0.6394910216331482,compare
1832,0.6621939539909363,0.6733707785606384,full,0.6580438613891602,compare
1833,0.6622549891471863,0.6799026131629944,full,0.6569240093231201,compare
1834,0.6542909145355225,0.6995318531990051,full,0.6349255442619324,compare
1835,0.6797160506248474,0.7314537167549133,full,0.6815869808197021,full
1836,0.669107973575592,0.7248609066009521,full,0.7026957869529724,full
1837,0.6971625685691833,0.7281661629676819,full,0.7109031081199646,full
1838,0.7236625552177429,0.7296809554100037,full,0.7358468770980835,full
1839,0.7598878741264343,0.7619146704673767,full,0.7933745980262756,full
1840,0.7828897833824158,0.7709263563156128,inv_only,0.7795034050941467,compare
1841,0.7069716453552246,0.7416459918022156,full,0.6902779340744019,compare
1842,0.7027833461761475,0.7273505926132202,full,0.6742783784866333,compare
1843,0.6868308186531067,0.7101648449897766,full,0.6705825924873352,compare
1844,0.683759868144989,0.6983850002288818,full,0.6507097482681274,compare
1845,0.6713542342185974,0.6908172965049744,full,0.6495798230171204,compare
1846,0.6672508716583252,0.6724317073822021,full,0.6315966248512268,compare
1847,0.650336742401123,0.6576920747756958,full,0.6231151223182678,compare
1848,0.6346486806869507,0.6531152129173279,full,0.6062446236610413,compare
1849,0.6182080507278442,0.6456407308578491,full,0.5821210145950317,compare
1850,0.6167434453964233,0.642702579498291,full,0.5737634301185608,compare
1851,0.611284077167511,0.6447637677192688,full,0.5871978998184204,compare
1852,0.6161351799964905,0.6381028890609741,full,0.5979607105255127,compare
1853,0.6181094646453857,0.629005491733551,full,0.6059619188308716,compare
1854,0.6150712966918945,0.6211393475532532,full,0.6028381586074829,compare
1855,0.6217566132545471,0.6195730566978455,inv_only,0.616074800491333,compare
1856,0.631005048751831,0.6286038756370544,inv_only,0.6373351216316223,full
1857,0.6312039494514465,0.6416505575180054,full,0.6608012914657593,full
1858,0.5812849402427673,0.6512038111686707,full,0.5554068684577942,compare
1859,0.5551124215126038,0.6344354152679443,full,0.5088476538658142,compare
1860,0.5681027173995972,0.5941066741943359,full,0.5501376390457153,compare
1861,0.5437170267105103,0.5612280964851379,full,0.587295413017273,full
1862,0.5663872957229614,0.552092432975769,inv_only,0.5693459510803223,full
1863,0.5845290422439575,0.5500221848487854,inv_only,0.5489335060119629,compare
1864,0.5827739238739014,0.5506435036659241,inv_only,0.5196161270141602,compare
1865,0.5147688984870911,0.5095011591911316,inv_only,0.47043702006340027,compare
1866,0.5334022641181946,0.49372828006744385,inv_only,0.4768926203250885,compare
1867,0.5197403430938721,0.49061354994773865,inv_only,0.47656750679016113,compare
1868,0.5092211365699768,0.49651455879211426,inv_only,0.4862753748893738,compare
1869,0.49346479773521423,0.49421975016593933,full,0.48915478587150574,compare
1870,0.4938308298587799,0.4966152012348175,full,0.48533934354782104,compare
1871,0.5106866955757141,0.48912525177001953,inv_only,0.4811044931411743,compare
1872,0.5478909611701965,0.5096439719200134,inv_only,0.4977700412273407,compare
1873,0.5449392199516296,0.5479326844215393,full,0.5125114917755127,compare
1874,0.5395212173461914,0.5371551513671875,inv_only,0.49006444215774536,compare
1875,0.5263600945472717,0.5532616376876831,full,0.4960109293460846,compare
1876,0.5452925562858582,0.5510595440864563,full,0.5132580399513245,compare
1877,0.5358763933181763,0.5447645783424377,full,0.5164437294006348,compare
1878,0.539970874786377,0.5496402382850647,full,0.493823379278183,compare
1879,0.5658849477767944,0.5536658763885498,inv_only,0.47684162855148315,compare
1880,0.5334068536758423,0.53606116771698,full,0.4876537322998047,compare
1881,0.5040162205696106,0.5296294093132019,full,0.5125419497489929,full
1882,0.5260453224182129,0.5484209060668945,full,0.4752863943576813,compare
1883,0.4800093472003937,0.5320125222206116,full,0.4750804007053375,compare
1884,0.49216926097869873,0.5233625173568726,full,0.46305882930755615,compare
1885,0.5007181763648987,0.5131977200508118,full,0.4750427007675171,compare
1886,0.4706461429595947,0.5014124512672424,full,0.45758920907974243,compare
1887,0.4589121639728546,0.46678057312965393,full,0.4579562246799469,compare
1888,0.45069149136543274,0.4380015432834625,inv_only,0.46664130687713623,full
1889,0.44366177916526794,0.45647549629211426,full,0.44450220465660095,full
1890,0.46689507365226746,0.4911350607872009,full,0.45247429609298706,compare
1891,0.46979641914367676,0.5074288845062256,full,0.45802316069602966,compare
1892,0.4710780680179596,0.5072879195213318,full,0.46358972787857056,compare
1893,0.4695730209350586,0.5138146877288818,full,0.48324063420295715,full
1894,0.4870688319206238,0.5352370738983154,full,0.5093099474906921,full
1895,0.4736557900905609,0.5142641067504883,full,0.4916098117828369,full
1896,0.4880053400993347,0.5322462320327759,full,0.4866769015789032,compare
1897,0.4863452911376953,0.5351384878158569,full,0.48739394545555115,full
1898,0.4923866093158722,0.5436971187591553,full,0.47438886761665344,compare
1899,0.4970771372318268,0.563257098197937,full,0.48194605112075806,compare
1900,0.496829092502594,0.5345885157585144,full,0.4746979773044586,compare
1901,0.49710872769355774,0.53098064661026,full,0.4653263986110687,compare
1902,0.5104884505271912,0.5291333794593811,full,0.48262202739715576,compare
1903,0.4969894289970398,0.5199998021125793,full,0.486507385969162,compare
1904,0.4924617111682892,0.5022580623626709,full,0.48689746856689453,compare
1905,0.4731512665748596,0.5051992535591125,full,0.4933397173881531,full
1906,0.5061533451080322,0.5203911066055298,full,0.47605597972869873,compare
1907,0.5125477910041809,0.5355402827262878,full,0.4646965265274048,compare
1908,0.4933227002620697,0.5340061187744141,full,0.4863385856151581,compare
1909,0.5093796849250793,0.5337198376655579,full,0.5278530716896057,full
1910,0.5053868293762207,0.49340665340423584,inv_only,0.5201787352561951,full
1911,0.5092802047729492,0.47186556458473206,inv_only,0.5034953355789185,compare
1912,0.5234964489936829,0.47254952788352966,inv_only,0.4942183792591095,compare
1913,0.5461744666099548,0.49977466464042664,inv_only,0.48949509859085083,compare
1914,0.523044228553772,0.5081355571746826,inv_only,0.507953405380249,compare
1915,0.5990654230117798,0.5107204914093018,inv_only,0.5283015370368958,compare
1916,0.5479419827461243,0.5020555257797241,inv_only,0.5237303972244263,compare
1917,0.5386798977851868,0.5122604370117188,inv_only,0.5096673369407654,compare
1918,0.5521289110183716,0.5141997933387756,inv_only,0.5384970903396606,compare
1919,0.5430314540863037,0.5010486841201782,inv_only,0.5326955914497375,compare
1920,0.6025729775428772,0.5183940529823303,inv_only,0.5337871313095093,compare
1921,0.5411663055419922,0.5279098749160767,inv_only,0.511798083782196,compare
1922,0.5272955894470215,0.5250391364097595,inv_only,0.4952143728733063,compare
1923,0.5134431719779968,0.5183501839637756,full,0.5078542232513428,compare
1924,0.5574948787689209,0.5350052118301392,inv_only,0.518706202507019,compare
1925,0.5345734357833862,0.5222223997116089,inv_only,0.5146628618240356,compare
1926,0.5542674660682678,0.5264622569084167,inv_only,0.5313472151756287,compare
1927,0.5543431639671326,0.5295271277427673,inv_only,0.5386189222335815,compare
1928,0.541466474533081,0.5139880776405334,inv_only,0.5325300693511963,compare
1929,0.5159931182861328,0.48735520243644714,inv_only,0.5159981846809387,full
1930,0.5014544725418091,0.47999754548072815,inv_only,0.4974844753742218,compare
1931,0.5303215980529785,0.5088453888893127,inv_only,0.5172966718673706,compare
1932,0.5163112878799438,0.5302594304084778,full,0.4899405539035797,compare
1933,0.5202151536941528,0.5577483773231506,full,0.47900235652923584,compare
1934,0.557318925857544,0.5890713930130005,full,0.5018573999404907,compare
1935,0.543857753276825,0.5889162421226501,full,0.5038570761680603,compare
1936,0.5737316608428955,0.5971813797950745,full,0.5283121466636658,compare
1937,0.5722085237503052,0.5918719172477722,full,0.5335814952850342,compare
1938,0.5878145098686218,0.5970136523246765,full,0.552979052066803,compare
1939,0.597163736820221,0.6115363240242004,full,0.554953932762146,compare
1940,0.6472368240356445,0.6499533653259277,full,0.5512056946754456,compare
1941,0.6206983923912048,0.6418553590774536,full,0.5044997334480286,compare
1942,0.6237642765045166,0.6492220759391785,full,0.5173807144165039,compare
1943,0.6131650805473328,0.638596773147583,full,0.5496005415916443,compare
1944,0.6343224048614502,0.5963851809501648,inv_only,0.5497302412986755,compare
1945,0.5653836727142334,0.5880358815193176,full,0.5346089601516724,compare
1946,0.5925136208534241,0.5994433760643005,full,0.5653835535049438,compare
1947,0.591636598110199,0.5995356440544128,full,0.5455684065818787,compare
1948,0.6002637147903442,0.5876781344413757,inv_only,0.5181721448898315,compare
1949,0.6098120808601379,0.5703976154327393,inv_only,0.5204921364784241,compare
1950,0.6252418160438538,0.5721961855888367,inv_only,0.5389251708984375,compare
1951,0.648551881313324,0.568084180355072,inv_only,0.5547633767127991,compare
1952,0.6114799976348877,0.5700448155403137,inv_only,0.5921696424484253,compare
1953,0.5730138421058655,0.5790911912918091,full,0.5356475114822388,compare
1954,0.5119903087615967,0.5573379397392273,full,0.4817861020565033,compare
1955,0.4818524420261383,0.5237149000167847,full,0.4505695104598999,compare
1956,0.45128360390663147,0.4901484549045563,full,0.43337854743003845,compare
1957,0.4635370373725891,0.5005897283554077,full,0.4556370675563812,compare
1958,0.4663867950439453,0.4939321279525757,full,0.46258047223091125,compare
1959,0.4596673846244812,0.4834502041339874,full,0.44501426815986633,compare
1960,0.46226102113723755,0.4869207739830017,full,0.47139036655426025,full
1961,0.4515007734298706,0.4737721085548401,full,0.4346087872982025,compare
1962,0.4672238528728485,0.4602057635784149,inv_only,0.41864079236984253,compare
1963,0.4239729046821594,0.4304022789001465,full,0.41344621777534485,compare
1964,0.41453826427459717,0.42338135838508606,full,0.41519954800605774,full
1965,0.4025198817253113,0.41417694091796875,full,0.40958431363105774,full
1966,0.4099143445491791,0.4368424415588379,full,0.4156697690486908,full
1967,0.42692530155181885,0.4383126199245453,full,0.4199499487876892,compare
1968,0.4285050332546234,0.4306463599205017,full,0.4190208911895752,compare
1969,0.45361649990081787,0.4346320927143097,inv_only,0.41575708985328674,compare
1970,0.43270939588546753,0.41221684217453003,inv_only,0.4045674502849579,compare
1971,0.42044785618782043,0.40898892283439636,inv_only,0.38395586609840393,compare
1972,0.4112027585506439,0.39990970492362976,inv_only,0.37909603118896484,compare
1973,0.40362805128097534,0.41285741329193115,full,0.38620835542678833,compare
1974,0.44546619057655334,0.41677233576774597,inv_only,0.41456618905067444,compare
1975,0.42360642552375793,0.4263690710067749,full,0.4518117606639862,full
1976,0.41762903332710266,0.43195265531539917,full,0.4425406754016876,full
1977,0.43122756481170654,0.4439072608947754,full,0.43806177377700806,full
1978,0.4332874119281769,0.45454561710357666,full,0.449295312166214,full
1979,0.42034822702407837,0.4336024820804596,full,0.47939157485961914,full
1980,0.47701480984687805,0.41635555028915405,inv_only,0.43133631348609924,compare
1981,0.4729393720626831,0.43483221530914307,inv_only,0.4395963251590729,compare
1982,0.4380924701690674,0.44389045238494873,full,0.4433729946613312,full
1983,0.4408521354198456,0.4365402162075043,inv_only,0.43557512760162354,compare
1984,0.4373873770236969,0.4275088310241699,inv_only,0.43887031078338623,full
1985,0.4492334723472595,0.4287312924861908,inv_only,0.4441947042942047,compare
1986,0.4482162296772003,0.43436795473098755,inv_only,0.47910282015800476,full
1987,0.4459074139595032,0.4252869486808777,inv_only,0.46302878856658936,full
1988,0.4540104866027832,0.4320976734161377,inv_only,0.4734046757221222,full
1989,0.457229346036911,0.4423069953918457,inv_only,0.4678693115711212,full
1990,0.45684152841567993,0.4497718811035156,inv_only,0.4521791338920593,compare
1991,0.4932902157306671,0.4439508318901062,inv_only,0.4270985424518585,compare
1992,0.461147665977478,0.45044592022895813,inv_only,0.4209263324737549,compare
1993,0.42879629135131836,0.44363629817962646,full,0.42004746198654175,compare
1994,0.4612988233566284,0.4263632297515869,inv_only,0.42465436458587646,compare
1995,0.45591118931770325,0.4385495185852051,inv_only,0.4279451072216034,compare
1996,0.44976580142974854,0.43811243772506714,inv_only,0.4424554407596588,compare
1997,0.4822506308555603,0.4426116645336151,inv_only,0.45054545998573303,compare
1998,0.4954983592033386,0.4435725510120392,inv_only,0.4398472309112549,compare
1999,0.46969345211982727,0.43759047985076904,inv_only,0.43379539251327515,compare
2000,0.45368823409080505,0.4491845667362213,inv_only,0.4470706284046173,compare
2001,0.4574367105960846,0.44555747509002686,inv_only,0.4477395713329315,compare
2002,0.4457232356071472,0.45814695954322815,full,0.44489219784736633,compare
2003,0.4420662820339203,0.4694862365722656,full,0.43116480112075806,compare
2004,0.4370720386505127,0.4717409610748291,full,0.43750855326652527,full
2005,0.4422948956489563,0.47873321175575256,full,0.43333885073661804,compare
2006,0.5109493732452393,0.4898446500301361,inv_only,0.4365217983722687,compare
2007,0.45477476716041565,0.5002855658531189,full,0.43463289737701416,compare
2008,0.4711039960384369,0.48924729228019714,full,0.4323311746120453,compare
2009,0.45497018098831177,0.48011377453804016,full,0.444344162940979,compare
2010,0.4569321572780609,0.47801482677459717,full,0.44676536321640015,compare
2011,0.44824138283729553,0.4717673361301422,full,0.4468429386615753,compare
2012,0.4274340271949768,0.4706513285636902,full,0.4493173062801361,full
2013,0.4445148706436157,0.47477588057518005,full,0.4614461362361908,full
2014,0.44231489300727844,0.4995914399623871,full,0.4552784860134125,full
2015,0.446872353553772,0.48779910802841187,full,0.4669700860977173,full
2016,0.4456956684589386,0.4668518900871277,full,0.47061920166015625,full
2017,0.423471063375473,0.4573078751564026,full,0.4535897672176361,full
2018,0.423740953207016,0.45404353737831116,full,0.4607982635498047,full
2019,0.4116414785385132,0.43879032135009766,full,0.4682212173938751,full
2020,0.40839794278144836,0.433040589094162,full,0.46595537662506104,full
2021,0.4330645501613617,0.45283541083335876,full,0.4481964707374573,full
2022,0.4572354257106781,0.4681616723537445,full,0.4274713099002838,compare
2023,0.4440152049064636,0.4679759442806244,full,0.4176473319530487,compare
2024,0.4442858099937439,0.47356897592544556,full,0.4390435516834259,compare
2025,0.4355337917804718,0.4774136543273926,full,0.41878029704093933,compare
2026,0.40453094244003296,0.4527120590209961,full,0.36735597252845764,compare
2027,0.3814663290977478,0.4172014594078064,full,0.32473278045654297,compare
2028,0.3337695300579071,0.3849112391471863,full,0.3177913427352905,compare
2029,0.3140428364276886,0.3587062656879425,full,0.29121023416519165,compare
2030,0.306148499250412,0.33431223034858704,full,0.30059611797332764,compare
2031,0.31719452142715454,0.3330477178096771,full,0.3204641044139862,full
2032,0.3330482244491577,0.3568117022514343,full,0.33754050731658936,full
2033,0.32845866680145264,0.3739241659641266,full,0.3199921250343323,compare
2034,0.336574912071228,0.3613525331020355,full,0.29524266719818115,compare
2035,0.31398701667785645,0.34240609407424927,full,0.28619539737701416,compare
2036,0.28416308760643005,0.3352247476577759,full,0.26873430609703064,compare
2037,0.28644388914108276,0.3317413926124573,full,0.272884339094162,compare
2038,0.29064232110977173,0.3304833173751831,full,0.2793157696723938,compare
2039,0.2978454828262329,0.3386562764644623,full,0.28807055950164795,compare
2040,0.2968969941139221,0.33942872285842896,full,0.3044866919517517,full
2041,0.28454458713531494,0.3227927088737488,full,0.3022879362106323,full
2042,0.28120899200439453,0.31228187680244446,full,0.2878401577472687,full
2043,0.28471142053604126,0.2891845703125,full,0.27221110463142395,compare
2044,0.2851221561431885,0.2901780605316162,full,0.27524036169052124,compare
2045,0.29658132791519165,0.28229567408561707,inv_only,0.2689529359340668,compare
2046,0.297036737203598,0.2824486494064331,inv_only,0.2754715085029602,compare
2047,0.2883976995944977,0.2824709713459015,inv_only,0.2834772765636444,compare
2048,0.2919928729534149,0.2779560983181,inv_only,0.2929295301437378,full
2049,0.30027684569358826,0.28851965069770813,inv_only,0.3127857446670532,full
2050,0.3091511130332947,0.29402491450309753,inv_only,0.2991879880428314,compare
2051,0.30960720777511597,0.3047187626361847,inv_only,0.32030197978019714,full
2052,0.3053187429904938,0.3021787405014038,inv_only,0.3156329095363617,full
2053,0.29081717133522034,0.310578852891922,full,0.2988039255142212,full
2054,0.3056235909461975,0.3202454149723053,full,0.31449732184410095,full
2055,0.2995864450931549,0.30539700388908386,full,0.3179686665534973,full
2056,0.31250083446502686,0.3012154996395111,inv_only,0.31292226910591125,full
2057,0.31093719601631165,0.3085651099681854,inv_only,0.3379872441291809,full
2058,0.32752856612205505,0.3133149743080139,inv_only,0.3444664180278778,full
2059,0.30700165033340454,0.3224126696586609,full,0.3164777457714081,full
2060,0.30877217650413513,0.3312673270702362,full,0.30760547518730164,compare
2061,0.3226936459541321,0.34084734320640564,full,0.31086868047714233,compare
2062,0.3462195098400116,0.33613863587379456,inv_only,0.3010700047016144,compare
2063,0.33014193177223206,0.33751237392425537,full,0.3029831647872925,compare
2064,0.3460289537906647,0.3441760838031769,inv_only,0.30710548162460327,compare
2065,0.3232298493385315,0.3368573486804962,full,0.2989143133163452,compare
2066,0.3196532130241394,0.32780733704566956,full,0.31170719861984253,compare
2067,0.3283071517944336,0.32602596282958984,inv_only,0.3168533742427826,compare
2068,0.3367175757884979,0.33775728940963745,full,0.3239125907421112,compare
2069,0.3538917303085327,0.34400859475135803,inv_only,0.33176887035369873,compare
2070,0.39311182498931885,0.3656861186027527,inv_only,0.3465975821018219,compare
2071,0.385997474193573,0.3612596094608307,inv_only,0.34665459394454956,compare
2072,0.3548528850078583,0.36909130215644836,full,0.36833760142326355,full
2073,0.34680190682411194,0.36803096532821655,full,0.3511427342891693,full
2074,0.32923635840415955,0.3562901020050049,full,0.3264767527580261,compare
2075,0.34588170051574707,0.35465049743652344,full,0.3298359811306,compare
2076,0.3191397488117218,0.34988459944725037,full,0.32515236735343933,full
2077,0.3291667401790619,0.3532356023788452,full,0.309222012758255,compare
2078,0.33484509587287903,0.35627931356430054,full,0.3258518874645233,compare
2079,0.32331520318984985,0.32895082235336304,full,0.3320420980453491,full
2080,0.30979278683662415,0.32120102643966675,full,0.32886070013046265,full
2081,0.38024136424064636,0.3377951383590698,inv_only,0.32972878217697144,compare
2082,0.3801755905151367,0.3381888270378113,inv_only,0.33032992482185364,compare
2083,0.36879441142082214,0.34690016508102417,inv_only,0.334336519241333,compare
2084,0.38797053694725037,0.35728317499160767,inv_only,0.35387808084487915,compare
2085,0.381450891494751,0.366405189037323,inv_only,0.36947301030158997,compare
2086,0.37713539600372314,0.3762478530406952,inv_only,0.3706889748573303,compare
2087,0.415030300617218,0.38058146834373474,inv_only,0.3500345051288605,compare
2088,0.3686961233615875,0.36282816529273987,inv_only,0.31926682591438293,compare
2089,0.3338216245174408,0.34855329990386963,full,0.3234141170978546,compare
2090,0.30060675740242004,0.32636260986328125,full,0.3257960379123688,full
2091,0.2908472716808319,0.31772375106811523,full,0.3128201961517334,full
2092,0.29908689856529236,0.3251824975013733,full,0.3240985572338104,full
2093,0.3094402849674225,0.32720863819122314,full,0.3240267038345337,full
2094,0.3148108124732971,0.3346366286277771,full,0.32568836212158203,full
2095,0.3176070749759674,0.33705440163612366,full,0.32961323857307434,full
2096,0.30244478583335876,0.3441275656223297,full,0.3327539265155792,full
2097,0.31648752093315125,0.35050687193870544,full,0.3222410976886749,full
2098,0.3045431077480316,0.34071001410484314,full,0.33076855540275574,full
2099,0.30451780557632446,0.32085636258125305,full,0.3165220618247986,full
2100,0.30656659603118896,0.3130268454551697,full,0.29265934228897095,compare
2101,0.2734007239341736,0.30225762724876404,full,0.26151546835899353,compare
2102,0.2882654666900635,0.2901553511619568,full,0.27277979254722595,compare
2103,0.2717101275920868,0.2861052453517914,full,0.26464203000068665,compare
2104,0.26428791880607605,0.2696266174316406,full,0.2616746127605438,compare
2105,0.25950467586517334,0.268466055393219,full,0.26382705569267273,full
2106,0.2681867182254791,0.2729802429676056,full,0.2695792317390442,full
2107,0.2714309096336365,0.2802565395832062,full,0.2748488783836365,full
2108,0.2703520953655243,0.2819298505783081,full,0.2814449667930603,full
2109,0.28020158410072327,0.28934723138809204,full,0.2768493890762329,compare
2110,0.29456639289855957,0.3014637529850006,full,0.27454400062561035,compare
2111,0.2741115689277649,0.2965227961540222,full,0.27416834235191345,full
2112,0.2801402807235718,0.30228301882743835,full,0.2886398136615753,full
2113,0.2669357359409332,0.3006192445755005,full,0.2775271236896515,full
2114,0.27418428659439087,0.2983175814151764,full,0.2699477970600128,compare
2115,0.27061501145362854,0.3032319247722626,full,0.2783086895942688,full
2116,0.27391213178634644,0.29344847798347473,full,0.28295981884002686,full
2117,0.290316104888916,0.2924424409866333,full,0.28333580493927,compare
2118,0.2918328046798706,0.2953987121582031,full,0.29006248712539673,compare
2119,0.3062398135662079,0.30158156156539917,inv_only,0.3086860775947571,full
2120,0.31752264499664307,0.3197609782218933,full,0.31166326999664307,compare
2121,0.3205054998397827,0.31934455037117004,inv_only,0.3162219524383545,compare
2122,0.3223632276058197,0.32227301597595215,inv_only,0.3227241337299347,full
2123,0.32646188139915466,0.31497853994369507,inv_only,0.3529503643512726,full
2124,0.3525224030017853,0.32441607117652893,inv_only,0.3427419364452362,compare
2125,0.3206248879432678,0.337740421295166,full,0.3138663172721863,compare
2126,0.3263818919658661,0.34985679388046265,full,0.32848599553108215,full
2127,0.34831711649894714,0.36200305819511414,full,0.3397906422615051,compare
2128,0.34371450543403625,0.35942569375038147,full,0.34013631939888,compare
2129,0.35606083273887634,0.3688642084598541,full,0.3595583140850067,full
2130,0.3756781816482544,0.3728008270263672,inv_only,0.3697649836540222,compare
2131,0.36315736174583435,0.36835527420043945,full,0.3648059070110321,full
2132,0.3745177090167999,0.37276455760002136,inv_only,0.3737592399120331,compare
2133,0.3704870939254761,0.37595829367637634,full,0.36815011501312256,compare
2134,0.38260024785995483,0.39032959938049316,full,0.37819212675094604,compare
2135,0.3833591938018799,0.3918948471546173,full,0.37392911314964294,compare
2136,0.3653513789176941,0.37234172224998474,full,0.359684556722641,compare
2137,0.34096500277519226,0.3622432053089142,full,0.3407020568847656,compare
2138,0.3292893171310425,0.34670618176460266,full,0.33519890904426575,full
2139,0.3246570825576782,0.3246835470199585,full,0.32662156224250793,full
2140,0.30996960401535034,0.3144339323043823,full,0.3377831280231476,full
2141,0.30856069922447205,0.30956634879112244,full,0.3283485174179077,full
2142,0.3196606934070587,0.31509995460510254,inv_only,0.32240790128707886,full
2143,0.3326806128025055,0.30818721652030945,inv_only,0.3203471601009369,compare
2144,0.32805848121643066,0.320378839969635,inv_only,0.3180139362812042,compare
2145,0.323559045791626,0.332584023475647,full,0.3236289620399475,full
2146,0.3110448718070984,0.316756933927536,full,0.3206159174442291,full
2147,0.3201324939727783,0.319707453250885,inv_only,0.32823318243026733,full
2148,0.32489678263664246,0.32788822054862976,full,0.33516719937324524,full
2149,0.3168928921222687,0.32414746284484863,full,0.3336660861968994,full
2150,0.3224527835845947,0.32600662112236023,full,0.3359755277633667,full
2151,0.3230840563774109,0.33047664165496826,full,0.3348293900489807,full
2152,0.3260264992713928,0.33639705181121826,full,0.3173010051250458,compare
2153,0.33132094144821167,0.3434780240058899,full,0.3238040804862976,compare
2154,0.33590561151504517,0.3431866466999054,full,0.33761143684387207,full
2155,0.34693440794944763,0.3487749695777893,full,0.3640405535697937,full
2156,0.34538742899894714,0.3507773280143738,full,0.36760401725769043,full
2157,0.34229591488838196,0.3543131351470947,full,0.36650702357292175,full
2158,0.3388640284538269,0.3502969443798065,full,0.3522314429283142,full
2159,0.34155136346817017,0.3431468904018402,full,0.34575530886650085,full
2160,0.32581764459609985,0.3246062695980072,inv_only,0.3398468792438507,full
2161,0.3282708525657654,0.326645165681839,inv_only,0.335476279258728,full
2162,0.3402610123157501,0.3351760506629944,inv_only,0.3494001030921936,full
2163,0.33876651525497437,0.3512466549873352,full,0.3550040125846863,full
2164,0.35862359404563904,0.370927631855011,full,0.37118104100227356,full
2165,0.38896140456199646,0.386735737323761,inv_only,0.37602829933166504,compare
2166,0.4032364785671234,0.38763341307640076,inv_only,0.3760102689266205,compare
2167,0.382522314786911,0.37769943475723267,inv_only,0.3809334933757782,compare
2168,0.3772842288017273,0.3735034167766571,inv_only,0.3815963566303253,full
2169,0.371391624212265,0.3562392294406891,inv_only,0.3814709186553955,full
2170,0.360679030418396,0.35654115676879883,inv_only,0.3588196635246277,compare
2171,0.355547696352005,0.35618606209754944,full,0.36762282252311707,full
2172,0.37432271242141724,0.3616068661212921,inv_only,0.38294556736946106,full
2173,0.37072989344596863,0.37791895866394043,full,0.38118308782577515,full
2174,0.4123769998550415,0.40266746282577515,inv_only,0.3943214416503906,compare
2175,0.4248289465904236,0.43194830417633057,full,0.4258063733577728,full
2176,0.45840373635292053,0.45964449644088745,full,0.4606008529663086,full
2177,0.4460807144641876,0.44582313299179077,inv_only,0.4111747741699219,compare
2178,0.4462442994117737,0.43481311202049255,inv_only,0.4246569275856018,compare
2179,0.4451867640018463,0.43947505950927734,inv_only,0.43566077947616577,compare
2180,0.44586068391799927,0.4539042115211487,full,0.4523612856864929,full
2181,0.47174277901649475,0.465853214263916,inv_only,0.45991817116737366,compare
2182,0.4699770212173462,0.48066312074661255,full,0.46137121319770813,compare
2183,0.49385443329811096,0.4901336431503296,inv_only,0.4597412347793579,compare
2184,0.4741765856742859,0.48902058601379395,full,0.47670266032218933,full
2185,0.49103251099586487,0.5048279762268066,full,0.49945005774497986,full
2186,0.47230467200279236,0.5058218836784363,full,0.5193881988525391,full
2187,0.46881330013275146,0.49985119700431824,full,0.4916992783546448,full
2188,0.5197274684906006,0.5027997493743896,inv_only,0.4811159372329712,compare
2189,0.5018256306648254,0.5160836577415466,full,0.4879741370677948,compare
2190,0.526728630065918,0.5183050036430359,inv_only,0.49058905243873596,compare
2191,0.5150590538978577,0.5199425220489502,full,0.51587975025177,full
2192,0.49369704723358154,0.5305545926094055,full,0.509813129901886,full
2193,0.5054293870925903,0.5312870740890503,full,0.5131300091743469,full
2194,0.5078455805778503,0.5209797620773315,full,0.480753093957901,compare
2195,0.46049612760543823,0.49506470561027527,full,0.44252270460128784,compare
2196,0.4545605182647705,0.4959526062011719,full,0.4494422674179077,compare
2197,0.4857397675514221,0.4994813799858093,full,0.4841375946998596,compare
2198,0.475085586309433,0.5040873885154724,full,0.4750760793685913,compare
2199,0.44290730357170105,0.5019007325172424,full,0.48232969641685486,full
2200,0.46480152010917664,0.4994540512561798,full,0.4915708899497986,full
2201,0.4913632571697235,0.514419674873352,full,0.5056605935096741,full
2202,0.47479456663131714,0.5089744925498962,full,0.5113105177879333,full
2203,0.48148858547210693,0.5085933208465576,full,0.5080468654632568,full
2204,0.4463995695114136,0.507925271987915,full,0.5021644830703735,full
2205,0.4501863718032837,0.5096241235733032,full,0.4936085641384125,full
2206,0.49577268958091736,0.5014879107475281,full,0.4757206439971924,compare
2207,0.49272873997688293,0.5063114166259766,full,0.4793884754180908,compare
2208,0.5110412836074829,0.5006148219108582,inv_only,0.49387434124946594,compare
2209,0.46683067083358765,0.4795753061771393,full,0.47691985964775085,full
2210,0.43916499614715576,0.46507519483566284,full,0.456234335899353,full
2211,0.4255307614803314,0.45509257912635803,full,0.4461611807346344,full
2212,0.4348387122154236,0.4465581476688385,full,0.4415956437587738,full
2213,0.4476473331451416,0.4564652442932129,full,0.45158278942108154,full
2214,0.46091127395629883,0.4600510597229004,inv_only,0.47996294498443604,full
2215,0.4523301124572754,0.4693968594074249,full,0.4942900538444519,full
2216,0.47310593724250793,0.4881495535373688,full,0.4958728849887848,full
2217,0.4648265838623047,0.4758373200893402,full,0.47448787093162537,full
2218,0.4492879807949066,0.45469197630882263,full,0.4311408996582031,compare
2219,0.4547448456287384,0.4509947597980499,inv_only,0.44837284088134766,compare
2220,0.43847811222076416,0.4701894223690033,full,0.44471871852874756,full
2221,0.4160728454589844,0.4776732325553894,full,0.449372261762619,full
2222,0.4202077090740204,0.4638099670410156,full,0.4452243149280548,full
2223,0.43901070952415466,0.4619891941547394,full,0.44201087951660156,full
2224,0.4373668432235718,0.4539187252521515,full,0.4306679368019104,compare
2225,0.43629446625709534,0.4454759359359741,full,0.443221777677536,full
2226,0.43292000889778137,0.4318005442619324,inv_only,0.4440682828426361,full
2227,0.43106257915496826,0.4282226264476776,inv_only,0.4353717565536499,full
2228,0.4381392300128937,0.4410911798477173,full,0.4416526257991791,full
2229,0.4470067024230957,0.4435800015926361,inv_only,0.4498666524887085,full
2230,0.4408271610736847,0.4388931095600128,inv_only,0.4426805078983307,full
2231,0.4315410554409027,0.4249717593193054,inv_only,0.4269115924835205,compare
2232,0.41404280066490173,0.41528788208961487,full,0.4153461456298828,full
2233,0.40832576155662537,0.41023650765419006,full,0.4091632664203644,full
2234,0.413682222366333,0.40323323011398315,inv_only,0.4065420925617218,compare
2235,0.4082605838775635,0.39963120222091675,inv_only,0.4039388597011566,compare
2236,0.40855854749679565,0.3988901972770691,inv_only,0.39921489357948303,compare
2237,0.4080471694469452,0.39695948362350464,inv_only,0.4109165668487549,full
2238,0.4173576235771179,0.4041929244995117,inv_only,0.445661336183548,full
2239,0.4460746645927429,0.4236412048339844,inv_only,0.4768074154853821,full
2240,0.4662030041217804,0.4271257221698761,inv_only,0.4716721475124359,full
2241,0.4159359335899353,0.41337940096855164,inv_only,0.44528689980506897,full
2242,0.4122922122478485,0.41422781348228455,full,0.4254235029220581,full
2243,0.4406577944755554,0.41671282052993774,inv_only,0.4218529760837555,compare
2244,0.41247791051864624,0.40690895915031433,inv_only,0.41304662823677063,full
2245,0.4089227616786957,0.3999106287956238,inv_only,0.40256965160369873,compare
2246,0.3969724476337433,0.40600454807281494,full,0.4202972650527954,full
2247,0.3923874795436859,0.4070594608783722,full,0.43996676802635193,full
2248,0.4201471209526062,0.4127889573574066,inv_only,0.46210601925849915,full
2249,0.423097163438797,0.4232759177684784,full,0.5018987059593201,full
2250,0.4380112588405609,0.4270426630973816,inv_only,0.4983856678009033,full
2251,0.44608572125434875,0.42444467544555664,inv_only,0.4768710136413574,full
2252,0.45256805419921875,0.4221396744251251,inv_only,0.46453821659088135,full
2253,0.4328869879245758,0.41290634870529175,inv_only,0.4302138388156891,compare
2254,0.4025503098964691,0.40152835845947266,inv_only,0.39711835980415344,compare
2255,0.3640888035297394,0.38017022609710693,full,0.36861324310302734,full
2256,0.37563687562942505,0.3671565353870392,inv_only,0.37554705142974854,compare
2257,0.34465134143829346,0.3459942042827606,full,0.35916051268577576,full
2258,0.3293977379798889,0.34596994519233704,full,0.3412981927394867,full
2259,0.33447808027267456,0.34020906686782837,full,0.3222920596599579,compare
2260,0.3418673574924469,0.3355424106121063,inv_only,0.3315923511981964,compare
2261,0.3401634693145752,0.32773324847221375,inv_only,0.34901025891304016,full
2262,0.33871981501579285,0.3215872049331665,inv_only,0.35989630222320557,full
2263,0.3464817404747009,0.31962457299232483,inv_only,0.3752066195011139,full
2264,0.35087698698043823,0.33204349875450134,inv_only,0.379684716463089,full
2265,0.31540077924728394,0.32598260045051575,full,0.3078600764274597,compare
2266,0.2881184220314026,0.3211977481842041,full,0.2732083797454834,compare
2267,0.2664797902107239,0.30567920207977295,full,0.2938691973686218,full
2268,0.2816290557384491,0.32194745540618896,full,0.29401129484176636,full
2269,0.3001856207847595,0.35138481855392456,full,0.29706695675849915,compare
2270,0.28531619906425476,0.33006295561790466,full,0.29099521040916443,full
2271,0.2663903534412384,0.29787272214889526,full,0.3121591806411743,full
2272,0.2997150421142578,0.28895410895347595,inv_only,0.3176383674144745,full
2273,0.28543534874916077,0.2863597571849823,full,0.2959495484828949,full
2274,0.3078252673149109,0.2854360342025757,inv_only,0.3036801517009735,compare
2275,0.2814949154853821,0.29337987303733826,full,0.2969276010990143,full
2276,0.294059157371521,0.29534780979156494,full,0.3044120669364929,full
2277,0.2784788906574249,0.2821074426174164,full,0.304943710565567,full
2278,0.29069262742996216,0.26987940073013306,inv_only,0.3135502338409424,full
2279,0.30095750093460083,0.26871973276138306,inv_only,0.31843870878219604,full
2280,0.26230812072753906,0.2539299726486206,inv_only,0.30069291591644287,full
2281,0.248061865568161,0.25365179777145386,full,0.27172285318374634,full
2282,0.28468945622444153,0.27986177802085876,inv_only,0.2766241431236267,compare
2283,0.28061017394065857,0.27945393323898315,inv_only,0.2754019498825073,compare
2284,0.2926197946071625,0.28074899315834045,inv_only,0.27948805689811707,compare
2285,0.2843168079853058,0.2818742096424103,inv_only,0.28362777829170227,compare
2286,0.30091726779937744,0.2980281114578247,inv_only,0.31390827894210815,full
2287,0.30466601252555847,0.3057420551776886,full,0.3176324665546417,full
2288,0.287171334028244,0.3091617822647095,full,0.28549864888191223,compare
2289,0.25420835614204407,0.2876794636249542,full,0.2625960111618042,full
2290,0.24263304471969604,0.2710456848144531,full,0.22366896271705627,compare
2291,0.2545810341835022,0.26775985956192017,full,0.2313855141401291,compare
2292,0.26488256454467773,0.2773421108722687,full,0.2607297897338867,compare
2293,0.3134557902812958,0.29196467995643616,inv_only,0.2587222754955292,compare
2294,0.2848447263240814,0.2928474545478821,full,0.27177923917770386,compare
2295,0.2861631512641907,0.2926715314388275,full,0.2974386215209961,full
2296,0.2772158980369568,0.2845692038536072,full,0.29033565521240234,full
2297,0.2701827883720398,0.2919226288795471,full,0.28590548038482666,full
2298,0.2801501154899597,0.2947933077812195,full,0.267550528049469,compare
2299,0.29733580350875854,0.29896050691604614,full,0.2819928228855133,compare
2300,0.3121598958969116,0.2929728031158447,inv_only,0.2922072112560272,compare
2301,0.31088197231292725,0.29303792119026184,inv_only,0.3123534023761749,full
2302,0.27678382396698,0.28412818908691406,full,0.29891830682754517,full
2303,0.27343469858169556,0.2898520827293396,full,0.312762975692749,full
2304,0.27604925632476807,0.28701892495155334,full,0.30332139134407043,full
2305,0.2652183175086975,0.2895367443561554,full,0.27681872248649597,full
2306,0.25309133529663086,0.2875320017337799,full,0.2690182328224182,full
2307,0.26281216740608215,0.29083094000816345,full,0.2693328857421875,full
2308,0.272781103849411,0.286844938993454,full,0.2608448565006256,compare
2309,0.2519446313381195,0.2713189721107483,full,0.25106966495513916,compare
2310,0.24699713289737701,0.26643338799476624,full,0.26717156171798706,full
2311,0.23757417500019073,0.25173860788345337,full,0.2638409435749054,full
2312,0.24367675185203552,0.2563513517379761,full,0.2727532684803009,full
2313,0.23877103626728058,0.2563217878341675,full,0.2697264850139618,full
2314,0.23582276701927185,0.2496374249458313,full,0.2597494423389435,full
2315,0.25209909677505493,0.25566351413726807,full,0.2580983638763428,full
2316,0.25563904643058777,0.2551279664039612,inv_only,0.26508358120918274,full
2317,0.2541763186454773,0.26797372102737427,full,0.2675839066505432,full
2318,0.28019946813583374,0.28708162903785706,full,0.29932090640068054,full
2319,0.3033381998538971,0.3122839629650116,full,0.3208439350128174,full
2320,0.3128660023212433,0.31958726048469543,full,0.319632887840271,full
2321,0.31678763031959534,0.32446229457855225,full,0.3145636320114136,compare
2322,0.3222081661224365,0.33275240659713745,full,0.325120747089386,full
2323,0.3235027492046356,0.32923150062561035,full,0.3399849832057953,full
2324,0.3318682312965393,0.33403080701828003,full,0.35341426730155945,full
2325,0.3298652470111847,0.33570635318756104,full,0.3514801263809204,full
2326,0.3279227316379547,0.34348082542419434,full,0.3445631265640259,full
2327,0.3424370586872101,0.343195378780365,full,0.3379940688610077,compare
2328,0.34145355224609375,0.35812681913375854,full,0.34179025888442993,full
2329,0.3401355445384979,0.3622848391532898,full,0.3455665409564972,full
2330,0.3448035418987274,0.36693140864372253,full,0.35033947229385376,full
2331,0.3494463562965393,0.36787545680999756,full,0.3490615785121918,compare
2332,0.3552791476249695,0.3678445518016815,full,0.3557642698287964,full
2333,0.35273241996765137,0.36354395747184753,full,0.3597661554813385,full
2334,0.3561919331550598,0.3597378432750702,full,0.3620454668998718,full
2335,0.3529927134513855,0.3572837710380554,full,0.3573444187641144,full
2336,0.3589598834514618,0.3746534287929535,full,0.3668757677078247,full
2337,0.37268978357315063,0.3753483295440674,full,0.3845176696777344,full
2338,0.3779354393482208,0.3774448037147522,inv_only,0.3850025534629822,full
2339,0.37610965967178345,0.3888804316520691,full,0.38243603706359863,full
2340,0.3726392984390259,0.3939346671104431,full,0.3840762674808502,full
2341,0.37410250306129456,0.39668673276901245,full,0.39182037115097046,full
2342,0.37609365582466125,0.39769867062568665,full,0.3995603919029236,full
2343,0.4100314676761627,0.4142545163631439,full,0.4184257388114929,full
2344,0.41517505049705505,0.4230683743953705,full,0.4354209005832672,full
2345,0.4151962101459503,0.43133294582366943,full,0.4354136288166046,full
2346,0.41290509700775146,0.4285828769207001,full,0.4250749349594116,full
2347,0.42946934700012207,0.42958733439445496,full,0.43286779522895813,full
2348,0.42892929911613464,0.4349692165851593,full,0.4423796534538269,full
2349,0.4360334873199463,0.4433102607727051,full,0.45122402906417847,full
2350,0.4351308047771454,0.4476863443851471,full,0.44039925932884216,full
2351,0.44423043727874756,0.45666295289993286,full,0.4449711740016937,full
2352,0.4455322027206421,0.46482449769973755,full,0.44606637954711914,full
2353,0.44118931889533997,0.4660869836807251,full,0.44032832980155945,compare
2354,0.4530232846736908,0.46813535690307617,full,0.4361112713813782,compare
2355,0.45442995429039,0.4684950113296509,full,0.4419875144958496,compare
2356,0.4568501114845276,0.47399187088012695,full,0.45672300457954407,compare
2357,0.4638957977294922,0.4783073663711548,full,0.4605962634086609,compare
2358,0.46105146408081055,0.4692387580871582,full,0.4593210220336914,compare
2359,0.4661189615726471,0.47456514835357666,full,0.4614150822162628,compare
2360,0.46572941541671753,0.47293537855148315,full,0.45391029119491577,compare
2361,0.46118801832199097,0.46516454219818115,full,0.45611828565597534,compare
2362,0.44961538910865784,0.46956172585487366,full,0.445890337228775,compare
2363,0.4460945725440979,0.48815029859542847,full,0.45573580265045166,full
2364,0.458516001701355,0.4944055378437042,full,0.4835999011993408,full
2365,0.49799850583076477,0.5196248292922974,full,0.5399842262268066,full
2366,0.5524562001228333,0.5565326809883118,full,0.587855875492096,full
2367,0.6251006722450256,0.6248135566711426,inv_only,0.6591651439666748,full
2368,0.6540232300758362,0.6546033620834351,full,0.6673763990402222,full
2369,0.6147779226303101,0.6270738840103149,full,0.5858667492866516,compare
2370,0.5761665105819702,0.5949756503105164,full,0.5469515919685364,compare
2371,0.5472366809844971,0.5643900036811829,full,0.5205787420272827,compare
2372,0.5130900144577026,0.5283626317977905,full,0.4900309443473816,compare
2373,0.5138183832168579,0.5199867486953735,full,0.4882328510284424,compare
2374,0.5158641934394836,0.5189480185508728,full,0.5020642876625061,compare
2375,0.5241594910621643,0.5145874619483948,inv_only,0.5075726509094238,compare
2376,0.5066543221473694,0.5089241862297058,full,0.5058068037033081,compare
2377,0.4999065399169922,0.5042951703071594,full,0.497347354888916,compare
2378,0.4913780689239502,0.4959965646266937,full,0.48039141297340393,compare
2379,0.4711240231990814,0.4800328016281128,full,0.46015435457229614,compare
2380,0.4723912179470062,0.48969095945358276,full,0.45520514249801636,compare
2381,0.4655130207538605,0.48577213287353516,full,0.4453774094581604,compare
2382,0.4467402398586273,0.4687677323818207,full,0.43314531445503235,compare
2383,0.4401894211769104,0.4443984031677246,full,0.406615674495697,compare
2384,0.42400825023651123,0.44250771403312683,full,0.40270116925239563,compare
2385,0.43097054958343506,0.45094117522239685,full,0.40750840306282043,compare
2386,0.4370967447757721,0.45305413007736206,full,0.4138137698173523,compare
2387,0.44911521673202515,0.45802736282348633,full,0.4240707755088806,compare
2388,0.4685693681240082,0.46896740794181824,full,0.4266587197780609,compare
2389,0.4798777401447296,0.4857633709907532,full,0.4442692697048187,compare
2390,0.48161208629608154,0.4872368574142456,full,0.4439047873020172,compare
2391,0.4923539459705353,0.4915409982204437,inv_only,0.456314355134964,compare
2392,0.5039933323860168,0.49692508578300476,inv_only,0.47141167521476746,compare
2393,0.5222852826118469,0.5153107643127441,inv_only,0.48314714431762695,compare
2394,0.5006523132324219,0.5130832195281982,full,0.4912457764148712,compare
2395,0.5114983916282654,0.5099464058876038,inv_only,0.48735034465789795,compare
2396,0.5169301629066467,0.5125324726104736,inv_only,0.48275572061538696,compare
2397,0.5342804193496704,0.5241516828536987,inv_only,0.4780169129371643,compare
2398,0.5624161958694458,0.543890118598938,inv_only,0.46385183930397034,compare
2399,0.5649332404136658,0.5576388835906982,inv_only,0.46652159094810486,compare
2400,0.6020232439041138,0.5576775670051575,inv_only,0.47000980377197266,compare
2401,0.5034343004226685,0.5342773199081421,full,0.4655481278896332,compare
2402,0.47738540172576904,0.5084899663925171,full,0.46983203291893005,compare
2403,0.4746513366699219,0.48421475291252136,full,0.4542434513568878,compare
2404,0.48342111706733704,0.47535255551338196,inv_only,0.44877925515174866,compare
2405,0.4519389867782593,0.46328264474868774,full,0.4424280524253845,compare
2406,0.46572330594062805,0.4514283239841461,inv_only,0.4414989948272705,compare
2407,0.45476460456848145,0.4469507336616516,inv_only,0.4413158893585205,compare
2408,0.4834960699081421,0.4595594108104706,inv_only,0.4483511745929718,compare
2409,0.4432375431060791,0.4568897485733032,full,0.46259790658950806,full
2410,0.4247194528579712,0.4525934159755707,full,0.41729336977005005,compare
2411,0.4245017468929291,0.44841325283050537,full,0.3946916162967682,compare
2412,0.4274236559867859,0.45373353362083435,full,0.4063517451286316,compare
2413,0.4216695725917816,0.44729864597320557,full,0.4134792685508728,compare
2414,0.40285664796829224,0.42491450905799866,full,0.37942269444465637,compare
2415,0.410765141248703,0.42683666944503784,full,0.4046013355255127,compare
2416,0.3995460867881775,0.41215017437934875,full,0.37975481152534485,compare
2417,0.37989556789398193,0.40587207674980164,full,0.38153332471847534,full
2418,0.3680886924266815,0.389205664396286,full,0.35067617893218994,compare
2419,0.35950544476509094,0.39027249813079834,full,0.3606354594230652,full
2420,0.36607852578163147,0.3720722198486328,full,0.37089046835899353,full
2421,0.37756267189979553,0.37867721915245056,full,0.3787258267402649,full
2422,0.36889371275901794,0.3747541308403015,full,0.3783160150051117,full
2423,0.37477463483810425,0.3812863230705261,full,0.37416061758995056,compare
2424,0.3693343997001648,0.38015323877334595,full,0.3528271019458771,compare
2425,0.3542890250682831,0.3794555068016052,full,0.3431357443332672,compare
2426,0.36161351203918457,0.39616239070892334,full,0.35270029306411743,compare
2427,0.3741610646247864,0.4145473837852478,full,0.35581398010253906,compare
2428,0.36654844880104065,0.4130544662475586,full,0.34566637873649597,compare
2429,0.36538946628570557,0.4022457003593445,full,0.3418312668800354,compare
2430,0.36734336614608765,0.4021511971950531,full,0.34508854150772095,compare
2431,0.3692719042301178,0.40356311202049255,full,0.34643590450286865,compare
2432,0.3690539002418518,0.37786978483200073,full,0.3422809839248657,compare
2433,0.35150429606437683,0.36480075120925903,full,0.3298105001449585,compare
2434,0.32514598965644836,0.36390233039855957,full,0.31008464097976685,compare
2435,0.31765928864479065,0.3604665994644165,full,0.34986963868141174,full
2436,0.3297140896320343,0.35614773631095886,full,0.3629451096057892,full
2437,0.3338977098464966,0.33535754680633545,full,0.3644571602344513,full
2438,0.32562124729156494,0.3357551395893097,full,0.3477266728878021,full
2439,0.3430766463279724,0.3489324748516083,full,0.35261717438697815,full
2440,0.35699260234832764,0.3551018238067627,inv_only,0.35487884283065796,compare
2441,0.34437650442123413,0.3581402599811554,full,0.34681954979896545,full
2442,0.3590424358844757,0.37887001037597656,full,0.3732489347457886,full
2443,0.35442671179771423,0.3806397616863251,full,0.34772565960884094,compare
2444,0.3614256978034973,0.37776896357536316,full,0.3521636724472046,compare
2445,0.3699481189250946,0.39403262734413147,full,0.36801877617836,compare
2446,0.370027095079422,0.4033217132091522,full,0.3732490539550781,full
2447,0.37557676434516907,0.39365023374557495,full,0.3798826336860657,full
2448,0.3812469244003296,0.39022529125213623,full,0.3619130849838257,compare
2449,0.37134504318237305,0.3885902166366577,full,0.3624284565448761,compare
2450,0.36053353548049927,0.39402249455451965,full,0.3708494007587433,full
2451,0.36610814929008484,0.3892565369606018,full,0.3777773678302765,full
2452,0.3635115325450897,0.38702601194381714,full,0.396745502948761,full
2453,0.3642074465751648,0.396260142326355,full,0.3904551565647125,full
2454,0.40276527404785156,0.39380601048469543,inv_only,0.36347976326942444,compare
2455,0.3600715398788452,0.4016460180282593,full,0.3675316870212555,full
2456,0.36245086789131165,0.4080882966518402,full,0.3701055347919464,full
2457,0.36189618706703186,0.41109558939933777,full,0.38439151644706726,full
2458,0.37220123410224915,0.40930184721946716,full,0.3640722632408142,compare
2459,0.44186773896217346,0.39273861050605774,inv_only,0.34841230511665344,compare
2460,0.3437163829803467,0.3710709810256958,full,0.35405853390693665,full
2461,0.37008917331695557,0.3820421099662781,full,0.3624718487262726,compare
2462,0.37016934156417847,0.3897451162338257,full,0.3840085566043854,full
2463,0.4011843204498291,0.3882070481777191,inv_only,0.39887991547584534,compare
2464,0.401277631521225,0.391305536031723,inv_only,0.4112859070301056,full
2465,0.40866702795028687,0.3957942724227905,inv_only,0.4055672287940979,compare
2466,0.4132518470287323,0.4016322195529938,inv_only,0.39526912569999695,compare
2467,0.42526349425315857,0.40836209058761597,inv_only,0.4133789539337158,compare
2468,0.44480451941490173,0.40730541944503784,inv_only,0.42160457372665405,compare
2469,0.44127681851387024,0.42319124937057495,inv_only,0.4312680661678314,compare
2470,0.4152086079120636,0.42269542813301086,full,0.4328988790512085,full
2471,0.4294756054878235,0.43394553661346436,full,0.44633662700653076,full
2472,0.45819157361984253,0.4573284983634949,inv_only,0.448687344789505,compare
2473,0.45393112301826477,0.47291457653045654,full,0.4560912847518921,full
2474,0.4447380304336548,0.47534698247909546,full,0.45943784713745117,full
2475,0.43942952156066895,0.48025545477867126,full,0.44123151898384094,full
2476,0.4453050494194031,0.4940513074398041,full,0.44416746497154236,compare
2477,0.45314016938209534,0.4851658344268799,full,0.4341474771499634,compare
2478,0.44072017073631287,0.4843141436576843,full,0.44091978669166565,full
2479,0.45207661390304565,0.49510183930397034,full,0.45184534788131714,compare
2480,0.4314098358154297,0.49605298042297363,full,0.43771445751190186,full
2481,0.43102192878723145,0.4967624247074127,full,0.4267827868461609,compare
2482,0.3868444561958313,0.520545482635498,full,0.4261101484298706,full
2483,0.371776282787323,0.4987611770629883,full,0.40426260232925415,full
2484,0.3957262933254242,0.48232796788215637,full,0.4024374783039093,full
2485,0.4046073853969574,0.4564763009548187,full,0.4170610010623932,full
2486,0.37277951836586,0.40306445956230164,full,0.3787781596183777,full
2487,0.3818138837814331,0.37958458065986633,inv_only,0.37169602513313293,compare
2488,0.3736085593700409,0.36638838052749634,inv_only,0.3698827624320984,compare
2489,0.37416547536849976,0.3593405783176422,inv_only,0.36703377962112427,compare
2490,0.38219529390335083,0.363313764333725,inv_only,0.3678916394710541,compare
2491,0.3584676682949066,0.36730557680130005,full,0.3646933436393738,full
2492,0.353130042552948,0.3540392816066742,full,0.37874558568000793,full
2493,0.40758687257766724,0.35186469554901123,inv_only,0.35996291041374207,compare
2494,0.3473186492919922,0.3548029661178589,full,0.37034010887145996,full
2495,0.4049983322620392,0.3504406213760376,inv_only,0.36572256684303284,compare
2496,0.3507779538631439,0.35327598452568054,full,0.3554157018661499,full
2497,0.35448676347732544,0.3703131377696991,full,0.3586271107196808,full
2498,0.3618328869342804,0.37486180663108826,full,0.3617614209651947,compare
2499,0.3798535466194153,0.3759940564632416,inv_only,0.34189823269844055,compare
2500,0.36122778058052063,0.3857995867729187,full,0.3484516739845276,compare
2501,0.3789207339286804,0.3811626434326172,full,0.3388187289237976,compare
2502,0.3677264451980591,0.37135574221611023,full,0.35710009932518005,compare
2503,0.3515109717845917,0.37433651089668274,full,0.37691083550453186,full
2504,0.34364256262779236,0.36431652307510376,full,0.38017556071281433,full
2505,0.3459886610507965,0.365183562040329,full,0.378716379404068,full
2506,0.3640105128288269,0.3729792535305023,full,0.35271328687667847,compare
2507,0.3322201371192932,0.3678433299064636,full,0.30854442715644836,compare
2508,0.42831575870513916,0.33293482661247253,inv_only,0.28140923380851746,compare
2509,0.3121507465839386,0.31324243545532227,full,0.27403414249420166,compare
2510,0.2684299349784851,0.27313849329948425,full,0.3037351965904236,full
2511,0.30898740887641907,0.2792070806026459,inv_only,0.2784193158149719,compare
2512,0.33801355957984924,0.27064236998558044,inv_only,0.267364501953125,compare
2513,0.35051095485687256,0.28268614411354065,inv_only,0.268010675907135,compare
2514,0.3306223154067993,0.2824362516403198,inv_only,0.27163589000701904,compare
2515,0.2935185134410858,0.2839905619621277,inv_only,0.2695419490337372,compare
2516,0.3310513496398926,0.28325724601745605,inv_only,0.2769726812839508,compare
2517,0.28354042768478394,0.2890218496322632,full,0.2684198021888733,compare
2518,0.3098934590816498,0.28874289989471436,inv_only,0.26305606961250305,compare
2519,0.3106360137462616,0.2730958163738251,inv_only,0.2781790792942047,compare
2520,0.297710120677948,0.2716032564640045,inv_only,0.28102239966392517,compare
2521,0.36046794056892395,0.27461370825767517,inv_only,0.2855338156223297,compare
2522,0.30690810084342957,0.2862180471420288,inv_only,0.2897580862045288,compare
2523,0.3042517602443695,0.2985885441303253,inv_only,0.29448315501213074,compare
2524,0.32954728603363037,0.31532829999923706,inv_only,0.3047742545604706,compare
2525,0.3339462876319885,0.31583136320114136,inv_only,0.2965562045574188,compare
2526,0.35180506110191345,0.3077341914176941,inv_only,0.30547046661376953,compare
2527,0.3143177628517151,0.29593685269355774,inv_only,0.30792832374572754,compare
2528,0.31032252311706543,0.28188037872314453,inv_only,0.2943139374256134,compare
2529,0.2992005944252014,0.27667948603630066,inv_only,0.28284117579460144,compare
2530,0.3016962707042694,0.28520461916923523,inv_only,0.2986920177936554,compare
2531,0.3197227120399475,0.284640371799469,inv_only,0.279257208108902,compare
2532,0.3089244067668915,0.2667085528373718,inv_only,0.2949426472187042,compare
2533,0.2927650213241577,0.26965242624282837,inv_only,0.34325727820396423,full
2534,0.31438690423965454,0.2906985282897949,inv_only,0.31653743982315063,full
2535,0.2736284136772156,0.2846658229827881,full,0.30459365248680115,full
2536,0.31714126467704773,0.2819244861602783,inv_only,0.2978510558605194,compare
2537,0.278440922498703,0.2936815619468689,full,0.28134745359420776,full
2538,0.26292768120765686,0.2873605489730835,full,0.2913286089897156,full
2539,0.2992554306983948,0.2971499264240265,inv_only,0.29689982533454895,compare
2540,0.3132990300655365,0.2855162024497986,inv_only,0.30261626839637756,compare
2541,0.3401738703250885,0.2921852469444275,inv_only,0.31399011611938477,compare
2542,0.32035669684410095,0.28114932775497437,inv_only,0.29443565011024475,compare
2543,0.30625447630882263,0.29238030314445496,inv_only,0.33524373173713684,full
2544,0.4130920171737671,0.3030379116535187,inv_only,0.3556341528892517,compare
2545,0.3398899435997009,0.31801339983940125,inv_only,0.34517425298690796,full
2546,0.32545068860054016,0.3254046142101288,inv_only,0.3245059847831726,compare
2547,0.3317529559135437,0.3428456783294678,full,0.3400542140007019,full
2548,0.357342392206192,0.3590840995311737,full,0.3433140814304352,compare
2549,0.3382538855075836,0.36669284105300903,full,0.32598385214805603,compare
2550,0.34740975499153137,0.3552252948284149,full,0.3504854440689087,full
2551,0.3785717785358429,0.35943862795829773,inv_only,0.37825897336006165,compare
2552,0.3667156398296356,0.3304820954799652,inv_only,0.3821547031402588,full
2553,0.3651983141899109,0.32218071818351746,inv_only,0.3806324303150177,full
2554,0.3775406777858734,0.34128648042678833,inv_only,0.37867867946624756,full
2555,0.4262242317199707,0.3551597595214844,inv_only,0.42148223519325256,compare
2556,0.4039570093154907,0.35389238595962524,inv_only,0.41461655497550964,full
2557,0.3870050311088562,0.35769543051719666,inv_only,0.4091565012931824,full
2558,0.40624773502349854,0.39023736119270325,inv_only,0.4077134430408478,full
2559,0.3929605185985565,0.3888971209526062,inv_only,0.41147786378860474,full
2560,0.40691131353378296,0.4057762026786804,inv_only,0.4040573239326477,compare
2561,0.3701929748058319,0.40500518679618835,full,0.37656641006469727,full
2562,0.402814656496048,0.39177700877189636,inv_only,0.3984220325946808,compare
2563,0.4060972332954407,0.3888886868953705,inv_only,0.3910400867462158,compare
2564,0.3839535117149353,0.3825409710407257,inv_only,0.3695778548717499,compare
2565,0.38501250743865967,0.3840639889240265,inv_only,0.37656334042549133,compare
2566,0.39217913150787354,0.3853529095649719,inv_only,0.38789984583854675,compare
2567,0.4368188977241516,0.4159812033176422,inv_only,0.4096076786518097,compare
2568,0.38860848546028137,0.39822229743003845,full,0.3827531933784485,compare
2569,0.4040938913822174,0.3887925446033478,inv_only,0.3863290250301361,compare
2570,0.37904244661331177,0.38415011763572693,full,0.37000522017478943,compare
2571,0.3592061996459961,0.37473446130752563,full,0.3542230427265167,compare
2572,0.35159894824028015,0.3630548119544983,full,0.35952115058898926,full
2573,0.3725738525390625,0.3636776804924011,inv_only,0.3629622459411621,compare
2574,0.3680250942707062,0.3555811941623688,inv_only,0.38874080777168274,full
2575,0.3742230236530304,0.35267773270606995,inv_only,0.38817960023880005,full
2576,0.37570518255233765,0.3384246528148651,inv_only,0.38313615322113037,full
2577,0.4181117117404938,0.3590368926525116,inv_only,0.41394615173339844,compare
2578,0.39644160866737366,0.3661802113056183,inv_only,0.3835821747779846,compare
2579,0.4320945739746094,0.3918581008911133,inv_only,0.3838566541671753,compare
2580,0.40117350220680237,0.40166765451431274,full,0.3777843415737152,compare
2581,0.40448176860809326,0.4137575030326843,full,0.3926197290420532,compare
2582,0.4267253875732422,0.4352424740791321,full,0.42455801367759705,compare
2583,0.4125341773033142,0.4371890127658844,full,0.4447651505470276,full
2584,0.45129823684692383,0.45857638120651245,full,0.4364490509033203,compare
2585,0.4126405417919159,0.45965322852134705,full,0.40417173504829407,compare
2586,0.40819719433784485,0.4590214490890503,full,0.41260847449302673,full
2587,0.4370609521865845,0.45852068066596985,full,0.3994928300380707,compare
2588,0.4234458804130554,0.4479008615016937,full,0.41898593306541443,compare
2589,0.45142754912376404,0.4561725854873657,full,0.4651985168457031,full
2590,0.42034557461738586,0.4468056857585907,full,0.45222118496894836,full
2591,0.4151819348335266,0.47921568155288696,full,0.44480475783348083,full
2592,0.4013582170009613,0.45320066809654236,full,0.4088280200958252,full
2593,0.3673824071884155,0.4278346598148346,full,0.36569085717201233,compare
2594,0.3632901608943939,0.4131383001804352,full,0.3570781350135803,compare
2595,0.3533022999763489,0.3855680227279663,full,0.35113203525543213,compare
2596,0.3708198666572571,0.3890157639980316,full,0.3647289574146271,compare
2597,0.3758127987384796,0.4046870768070221,full,0.3718447685241699,compare
2598,0.3875453770160675,0.4083080291748047,full,0.3722829520702362,compare
2599,0.37696340680122375,0.39505672454833984,full,0.3609977066516876,compare
2600,0.39007434248924255,0.41078802943229675,full,0.36433646082878113,compare
2601,0.3712889552116394,0.40422114729881287,full,0.3611091077327728,compare
2602,0.32454726099967957,0.3656251132488251,full,0.3385564386844635,full
2603,0.31012850999832153,0.3539079427719116,full,0.3238605856895447,full
2604,0.3303278088569641,0.3579164445400238,full,0.34423866868019104,full
2605,0.330074667930603,0.34964999556541443,full,0.3201456069946289,compare
2606,0.39559754729270935,0.3513742983341217,inv_only,0.35366830229759216,compare
2607,0.37081092596054077,0.3360533118247986,inv_only,0.3504277765750885,compare
2608,0.3747631013393402,0.3401469886302948,inv_only,0.33412158489227295,compare
2609,0.35020583868026733,0.35116806626319885,full,0.32084351778030396,compare
2610,0.3549680709838867,0.3612799346446991,full,0.32096126675605774,compare
2611,0.4044330418109894,0.36693355441093445,inv_only,0.3351065516471863,compare
2612,0.3949994742870331,0.3682485520839691,inv_only,0.3552572727203369,compare
2613,0.3828199505805969,0.367687463760376,inv_only,0.36948248744010925,compare
2614,0.3757898211479187,0.3602258563041687,inv_only,0.3473133444786072,compare
2615,0.3621860444545746,0.3647165894508362,full,0.3298271894454956,compare
2616,0.3646203279495239,0.3583787679672241,inv_only,0.32795339822769165,compare
2617,0.34707894921302795,0.3490014970302582,full,0.3296968936920166,compare
2618,0.3478134572505951,0.36743876338005066,full,0.34480297565460205,compare
2619,0.374917596578598,0.36089566349983215,inv_only,0.3441254794597626,compare
2620,0.39088213443756104,0.37590235471725464,inv_only,0.3554108440876007,compare
2621,0.39786189794540405,0.37045302987098694,inv_only,0.3563597500324249,compare
2622,0.479156494140625,0.3665856420993805,inv_only,0.35121995210647583,compare
2623,0.4162694811820984,0.35865092277526855,inv_only,0.36168304085731506,compare
2624,0.4087402820587158,0.3552611768245697,inv_only,0.3714377284049988,compare
2625,0.3687390685081482,0.36299198865890503,inv_only,0.3701264262199402,full
2626,0.37646350264549255,0.37423795461654663,inv_only,0.3761121928691864,compare
2627,0.47704389691352844,0.3763812184333801,inv_only,0.38073861598968506,compare
2628,0.48068511486053467,0.37951669096946716,inv_only,0.3992190659046173,compare
2629,0.4104211926460266,0.3890247941017151,inv_only,0.40190374851226807,compare
2630,0.442368745803833,0.4049234986305237,inv_only,0.4177494943141937,compare
2631,0.43330058455467224,0.412016361951828,inv_only,0.42792049050331116,compare
2632,0.45614102482795715,0.43240711092948914,inv_only,0.44682493805885315,compare
2633,0.41603729128837585,0.4325704276561737,full,0.44997289776802063,full
2634,0.45847928524017334,0.43330737948417664,inv_only,0.44969168305397034,compare
2635,0.49580883979797363,0.4253685474395752,inv_only,0.46373575925827026,compare
2636,0.46924370527267456,0.4328112006187439,inv_only,0.454211562871933,compare
2637,0.48715582489967346,0.4299621284008026,inv_only,0.4448965787887573,compare
2638,0.4802737534046173,0.4190554618835449,inv_only,0.46966245770454407,compare
2639,0.4895608127117157,0.42044249176979065,inv_only,0.47646814584732056,compare
2640,0.4832891821861267,0.4227050244808197,inv_only,0.46742284297943115,compare
2641,0.4340764880180359,0.432710736989975,inv_only,0.4587003290653229,full
2642,0.49214836955070496,0.46396201848983765,inv_only,0.4583592414855957,compare
2643,0.5127814412117004,0.4629109799861908,inv_only,0.4615366458892822,compare
2644,0.4327636957168579,0.45717141032218933,full,0.4507502615451813,full
2645,0.4725484549999237,0.4301026165485382,inv_only,0.4328390955924988,compare
2646,0.44931840896606445,0.41438350081443787,inv_only,0.45649147033691406,full
2647,0.45024627447128296,0.41199439764022827,inv_only,0.44853055477142334,compare
2648,0.4920142889022827,0.4197046160697937,inv_only,0.4506382942199707,compare
2649,0.4109738767147064,0.4107295572757721,inv_only,0.44158491492271423,full
2650,0.4068118929862976,0.40795227885246277,full,0.41068750619888306,full
2651,0.40329426527023315,0.388227641582489,inv_only,0.36290979385375977,compare
2652,0.37577489018440247,0.3722553253173828,inv_only,0.33455437421798706,compare
2653,0.3785874545574188,0.34326839447021484,inv_only,0.3215795159339905,compare
2654,0.30712273716926575,0.31903934478759766,full,0.3018897771835327,compare
2655,0.3589114546775818,0.32129648327827454,inv_only,0.3375718891620636,compare
2656,0.36322924494743347,0.3566693961620331,inv_only,0.3792339563369751,full
2657,0.3870426416397095,0.37407124042510986,inv_only,0.36798277497291565,compare
2658,0.36312559247016907,0.37743130326271057,full,0.3579764664173126,compare
2659,0.37475860118865967,0.3814648687839508,full,0.36781612038612366,compare
2660,0.3870142996311188,0.3975522816181183,full,0.3934272527694702,full
2661,0.4042307734489441,0.4108164608478546,full,0.3959130048751831,compare
2662,0.38305747509002686,0.39414888620376587,full,0.39328134059906006,full
2663,0.35941046476364136,0.39616695046424866,full,0.3742831349372864,full
2664,0.4256829023361206,0.4275449216365814,full,0.37235066294670105,compare
2665,0.39051905274391174,0.4170363247394562,full,0.3769497573375702,compare
2666,0.40607574582099915,0.4111033082008362,full,0.3862239420413971,compare
2667,0.41402891278266907,0.4046942889690399,inv_only,0.40990152955055237,compare
2668,0.38726261258125305,0.3965626657009125,full,0.384920209646225,compare
2669,0.40142518281936646,0.38985952734947205,inv_only,0.3876802325248718,compare
2670,0.395292192697525,0.3798873722553253,inv_only,0.38831499218940735,compare
2671,0.39366215467453003,0.37783125042915344,inv_only,0.4210606515407562,full
2672,0.4197491407394409,0.3829115629196167,inv_only,0.4489686191082001,full
2673,0.3807450234889984,0.37741100788116455,inv_only,0.42243194580078125,full
2674,0.3545088469982147,0.3748604953289032,full,0.3433173894882202,compare
2675,0.36214447021484375,0.3787185847759247,full,0.32170554995536804,compare
2676,0.3327804207801819,0.3463970422744751,full,0.31489139795303345,compare
2677,0.3240699768066406,0.3189491629600525,inv_only,0.3193686306476593,compare
2678,0.33476993441581726,0.3217102587223053,inv_only,0.33951908349990845,full
2679,0.3483538329601288,0.3308851718902588,inv_only,0.37483713030815125,full
2680,0.380313515663147,0.36258062720298767,inv_only,0.3823069632053375,full
2681,0.3780158758163452,0.3710992932319641,inv_only,0.36040571331977844,compare
2682,0.37665772438049316,0.3827095031738281,full,0.39699405431747437,full
2683,0.3992861807346344,0.39892804622650146,inv_only,0.4104619324207306,full
2684,0.39352157711982727,0.3948357105255127,full,0.39862215518951416,full
2685,0.39225298166275024,0.37738344073295593,inv_only,0.35705727338790894,compare
2686,0.3705611824989319,0.3567211925983429,inv_only,0.3557887375354767,compare
2687,0.3612729012966156,0.37409454584121704,full,0.3547689914703369,compare
2688,0.38750767707824707,0.39285093545913696,full,0.34869715571403503,compare
2689,0.3763675391674042,0.38911113142967224,full,0.345897912979126,compare
2690,0.36662280559539795,0.38378846645355225,full,0.34152963757514954,compare
2691,0.3808475434780121,0.39635154604911804,full,0.3599632978439331,compare
2692,0.366085410118103,0.381828635931015,full,0.3503348231315613,compare
2693,0.38042646646499634,0.35827669501304626,inv_only,0.3453231155872345,compare
2694,0.3499944806098938,0.33577364683151245,inv_only,0.35268911719322205,full
2695,0.37437495589256287,0.34606418013572693,inv_only,0.3771074414253235,full
2696,0.3800903558731079,0.3501684069633484,inv_only,0.3966704308986664,full
2697,0.35660895705223083,0.3480842709541321,inv_only,0.37562620639801025,full
2698,0.339182049036026,0.35242632031440735,full,0.3330652415752411,compare
2699,0.34075120091438293,0.3572506606578827,full,0.31246283650398254,compare
2700,0.35096102952957153,0.35447239875793457,full,0.3362515866756439,compare
2701,0.3506881594657898,0.3664606809616089,full,0.3763338625431061,full
2702,0.3854175806045532,0.408277302980423,full,0.4002295434474945,full
2703,0.41892969608306885,0.43550020456314087,full,0.413064181804657,compare
2704,0.42082273960113525,0.4538658857345581,full,0.4009363055229187,compare
2705,0.4132513701915741,0.46530723571777344,full,0.4177399277687073,full
2706,0.43588292598724365,0.4639569818973541,full,0.4492136240005493,full
2707,0.4508928656578064,0.46622908115386963,full,0.44366201758384705,compare
2708,0.4373207986354828,0.4687584638595581,full,0.44029077887535095,full
2709,0.4290311932563782,0.4708441495895386,full,0.42408570647239685,compare
2710,0.42973437905311584,0.4891078770160675,full,0.4333897531032562,full
2711,0.44928818941116333,0.49036481976509094,full,0.4454493820667267,compare
2712,0.47198283672332764,0.4824577569961548,full,0.45317959785461426,compare
2713,0.4567732810974121,0.4581121802330017,full,0.4331994354724884,compare
2714,0.4530978500843048,0.46299299597740173,full,0.4454518258571625,compare
2715,0.46250930428504944,0.47117647528648376,full,0.4531787633895874,compare
2716,0.4426634609699249,0.45777615904808044,full,0.4338945150375366,compare
2717,0.48504894971847534,0.467193067073822,inv_only,0.42643794417381287,compare
2718,0.4511505365371704,0.4722706079483032,full,0.4351295232772827,compare
2719,0.45606550574302673,0.4686352014541626,full,0.4473153054714203,compare
2720,0.44673892855644226,0.4556907117366791,full,0.4504821002483368,full
2721,0.4350969195365906,0.4548114538192749,full,0.44852665066719055,full
2722,0.42565396428108215,0.44791504740715027,full,0.45467567443847656,full
2723,0.44529035687446594,0.4513949453830719,full,0.46990522742271423,full
2724,0.46929052472114563,0.47308114171028137,full,0.4340023994445801,compare
2725,0.48990491032600403,0.49740591645240784,full,0.4550624191761017,compare
2726,0.4675748944282532,0.4951417148113251,full,0.46896302700042725,full
2727,0.44027575850486755,0.48012644052505493,full,0.4717433750629425,full
2728,0.42107951641082764,0.4853411614894867,full,0.47123855352401733,full
2729,0.4471139907836914,0.5069087743759155,full,0.455917626619339,full
2730,0.46844834089279175,0.5213904976844788,full,0.476289302110672,full
2731,0.5081551671028137,0.5229173302650452,full,0.4582706689834595,compare
2732,0.4678608179092407,0.5395306944847107,full,0.4674423038959503,compare
2733,0.47348344326019287,0.5713700652122498,full,0.49522361159324646,full
2734,0.4638281762599945,0.581236720085144,full,0.5116711258888245,full
2735,0.5297842621803284,0.5853555202484131,full,0.5068643093109131,compare
2736,0.515478789806366,0.5720586180686951,full,0.49445149302482605,compare
2737,0.4772035479545593,0.5417680144309998,full,0.4846893548965454,full
2738,0.5022509694099426,0.5324337482452393,full,0.4702380895614624,compare
2739,0.5557209253311157,0.5279762148857117,inv_only,0.4682195484638214,compare
2740,0.5168196558952332,0.5418693423271179,full,0.4746174216270447,compare
2741,0.5156036615371704,0.5455466508865356,full,0.4849840998649597,compare
2742,0.5296773314476013,0.5438891649246216,full,0.46960145235061646,compare
2743,0.5270787477493286,0.525335967540741,inv_only,0.4613133370876312,compare
2744,0.47793126106262207,0.5289649367332458,full,0.4579578638076782,compare
2745,0.44831839203834534,0.5294107794761658,full,0.4163201153278351,compare
2746,0.3967075049877167,0.5094776153564453,full,0.3906067907810211,compare
2747,0.35964611172676086,0.4875234365463257,full,0.3558093011379242,compare
2748,0.3116967976093292,0.45386427640914917,full,0.3245500326156616,full
2749,0.2988361716270447,0.41760608553886414,full,0.31991201639175415,full
2750,0.30352360010147095,0.3954184949398041,full,0.32092350721359253,full
2751,0.34689614176750183,0.3904944062232971,full,0.3295378088951111,compare
2752,0.333351194858551,0.3789490759372711,full,0.3306296169757843,compare
2753,0.3424760401248932,0.3814205527305603,full,0.32972609996795654,compare
2754,0.37237298488616943,0.37873727083206177,full,0.3278607130050659,compare
2755,0.35891515016555786,0.36959195137023926,full,0.3331167995929718,compare
2756,0.36422431468963623,0.3880960941314697,full,0.3428291082382202,compare
2757,0.37176513671875,0.37872201204299927,full,0.35060784220695496,compare
2758,0.34304550290107727,0.3586626350879669,full,0.34108540415763855,compare
2759,0.3366883099079132,0.3407479524612427,full,0.34246864914894104,full
2760,0.33008459210395813,0.3331599533557892,full,0.3353992700576782,full
2761,0.310861736536026,0.31035542488098145,inv_only,0.34382733702659607,full
2762,0.3010522425174713,0.32241904735565186,full,0.32530906796455383,full
2763,0.3058418035507202,0.3326151669025421,full,0.31949764490127563,full
2764,0.31238505244255066,0.3414682149887085,full,0.3176130950450897,full
2765,0.34441936016082764,0.3401656150817871,inv_only,0.3167700171470642,compare
2766,0.32687410712242126,0.35442665219306946,full,0.32166358828544617,compare
2767,0.34576740860939026,0.3508584797382355,full,0.32767704129219055,compare
2768,0.34062105417251587,0.3519447147846222,full,0.31377312541007996,compare
2769,0.3078993558883667,0.3701407313346863,full,0.32370659708976746,full
2770,0.3140927851200104,0.37297433614730835,full,0.34323084354400635,full
2771,0.323489248752594,0.35916000604629517,full,0.33680859208106995,full
2772,0.3064880073070526,0.3355737030506134,full,0.3418324291706085,full
2773,0.3059680461883545,0.3243200182914734,full,0.3264913260936737,full
2774,0.3208531141281128,0.3307184875011444,full,0.3548679053783417,full
2775,0.36586302518844604,0.3398417830467224,inv_only,0.3659183084964752,full
2776,0.34501492977142334,0.3521944284439087,full,0.3502048850059509,full
2777,0.36258235573768616,0.35960128903388977,inv_only,0.34969809651374817,compare
2778,0.37526094913482666,0.3602299392223358,inv_only,0.3475062847137451,compare
2779,0.3768703043460846,0.3561677932739258,inv_only,0.3528698682785034,compare
2780,0.3975902795791626,0.3620040714740753,inv_only,0.3632214069366455,compare
2781,0.38918864727020264,0.36969420313835144,inv_only,0.3740188479423523,compare
2782,0.3901216983795166,0.3755115270614624,inv_only,0.37737295031547546,compare
2783,0.37700575590133667,0.373929500579834,inv_only,0.38523420691490173,full
2784,0.38975152373313904,0.37163054943084717,inv_only,0.39841240644454956,full
2785,0.38414496183395386,0.3753822147846222,inv_only,0.40131860971450806,full
2786,0.382736474275589,0.37417030334472656,inv_only,0.3874616324901581,full
2787,0.41114944219589233,0.3752988576889038,inv_only,0.3774709105491638,compare
2788,0.4039097726345062,0.37907472252845764,inv_only,0.38493746519088745,compare
2789,0.3866922855377197,0.3828543722629547,inv_only,0.3930996060371399,full
2790,0.4565379321575165,0.38068607449531555,inv_only,0.39985084533691406,compare
2791,0.4185022711753845,0.38212430477142334,inv_only,0.3928188979625702,compare
2792,0.42533814907073975,0.3739027976989746,inv_only,0.38132864236831665,compare
2793,0.41364535689353943,0.3628672659397125,inv_only,0.3953218460083008,compare
2794,0.3783027231693268,0.37452754378318787,inv_only,0.3766182065010071,compare
2795,0.3983713984489441,0.4005438983440399,full,0.43314090371131897,full
2796,0.42986857891082764,0.442257285118103,full,0.49886372685432434,full
2797,0.5558053255081177,0.5165532231330872,inv_only,0.5876320600509644,full
2798,0.6398405432701111,0.6002150774002075,inv_only,0.645149827003479,full
2799,0.6848158240318298,0.6414923071861267,inv_only,0.5998837947845459,compare
2800,0.7144759297370911,0.6738336086273193,inv_only,0.579111635684967,compare
2801,0.6954222321510315,0.6618466973304749,inv_only,0.6250998973846436,compare
2802,0.6611970067024231,0.6435393691062927,inv_only,0.6181209087371826,compare
2803,0.5864524841308594,0.5779386758804321,inv_only,0.5704741477966309,compare
2804,0.5188359022140503,0.5117957592010498,inv_only,0.515472412109375,compare
2805,0.5166638493537903,0.4761708080768585,inv_only,0.47570833563804626,compare
2806,0.4806101322174072,0.44229239225387573,inv_only,0.4466123580932617,compare
2807,0.4533677101135254,0.4505750238895416,inv_only,0.45039212703704834,compare
2808,0.49410393834114075,0.4612092673778534,inv_only,0.4652242660522461,compare
2809,0.5002341866493225,0.4505613148212433,inv_only,0.457818865776062,compare
2810,0.4195634424686432,0.41170379519462585,inv_only,0.4483840763568878,full
2811,0.39493489265441895,0.4221797287464142,full,0.4402494430541992,full
2812,0.4275059103965759,0.43187469244003296,full,0.44676560163497925,full
2813,0.4102931320667267,0.4432653784751892,full,0.44982537627220154,full
2814,0.42630818486213684,0.4530535340309143,full,0.44156575202941895,full
2815,0.44143787026405334,0.44204121828079224,full,0.4124848544597626,compare
2816,0.4286794662475586,0.4336295425891876,full,0.39828282594680786,compare
2817,0.386593222618103,0.41789329051971436,full,0.3533635437488556,compare
2818,0.3508346676826477,0.37412190437316895,full,0.3109876215457916,compare
2819,0.3170856833457947,0.3304351270198822,full,0.2860929071903229,compare
2820,0.2659298777580261,0.2943819761276245,full,0.28999263048171997,full
2821,0.25168436765670776,0.2799553871154785,full,0.27987927198410034,full
2822,0.2364386022090912,0.26529401540756226,full,0.2703932821750641,full
2823,0.2509968876838684,0.2654794454574585,full,0.2941277027130127,full
2824,0.287326842546463,0.28655996918678284,inv_only,0.2886374294757843,full
2825,0.2811509668827057,0.3014548122882843,full,0.28005263209342957,compare
2826,0.28721755743026733,0.30303025245666504,full,0.266386479139328,compare
2827,0.29845693707466125,0.2970477044582367,inv_only,0.2582378089427948,compare
2828,0.3492588400840759,0.2941829562187195,inv_only,0.2584691643714905,compare
2829,0.3220099210739136,0.294365257024765,inv_only,0.27683472633361816,compare
2830,0.3241797089576721,0.3083232641220093,inv_only,0.2806774973869324,compare
2831,0.27880600094795227,0.3214053809642792,full,0.29083502292633057,full
2832,0.27345848083496094,0.3169347643852234,full,0.29593807458877563,full
