sample,mae_with_control,mae_without_control,better
0,0.845952033996582,0.845952033996582,no_control
1,0.8449571132659912,0.8449571132659912,no_control
2,0.850895881652832,0.850895881652832,no_control
3,0.8554149866104126,0.8554149866104126,no_control
4,0.8588171601295471,0.8588171601295471,no_control
5,0.8631419539451599,0.8631419539451599,no_control
6,0.8650639057159424,0.8650639057159424,no_control
7,0.8618826270103455,0.8618826270103455,no_control
8,0.8638989925384521,0.8638989925384521,no_control
9,0.857807457447052,0.857807457447052,no_control
10,0.8412492871284485,0.8412492871284485,no_control
11,0.825208306312561,0.825208306312561,no_control
12,0.8054137825965881,0.8054137825965881,no_control
13,0.8092202544212341,0.8092202544212341,no_control
14,0.8064605593681335,0.8064605593681335,no_control
15,0.8008183240890503,0.8008183240890503,no_control
16,0.7971066236495972,0.7971066236495972,no_control
17,0.7948562502861023,0.7948562502861023,no_control
18,0.7958373427391052,0.7958373427391052,no_control
19,0.7936127185821533,0.7936127185821533,no_control
20,0.7926208972930908,0.7926208972930908,no_control
21,0.7900334596633911,0.7900334596633911,no_control
22,0.7935705780982971,0.7935705780982971,no_control
23,0.7950995564460754,0.7950995564460754,no_control
24,0.7982653975486755,0.7982653975486755,no_control
25,0.8057894110679626,0.8057894110679626,no_control
26,0.8075777888298035,0.8075777888298035,no_control
27,0.8074408173561096,0.8074408173561096,no_control
28,0.802962064743042,0.802962064743042,no_control
29,0.8009719848632812,0.8009719848632812,no_control
30,0.7960374355316162,0.7960374355316162,no_control
31,0.7946574687957764,0.7946574687957764,no_control
32,0.7888198494911194,0.7888198494911194,no_control
33,0.7808011770248413,0.7808011770248413,no_control
34,0.7707453370094299,0.7707453370094299,no_control
35,0.7634891271591187,0.7634891271591187,no_control
36,0.7512673735618591,0.7512673735618591,no_control
37,0.7309069037437439,0.7309069037437439,no_control
38,0.7166194319725037,0.7166194319725037,no_control
39,0.7105159163475037,0.7105159163475037,no_control
40,0.7000667452812195,0.7000667452812195,no_control
41,0.7021729946136475,0.7021729946136475,no_control
42,0.7025054693222046,0.7025054693222046,no_control
43,0.701604425907135,0.701604425907135,no_control
44,0.7000693082809448,0.7000693082809448,no_control
45,0.6969670057296753,0.6969670057296753,no_control
46,0.6949607729911804,0.6949607729911804,no_control
47,0.6938497424125671,0.6938497424125671,no_control
48,0.6959178447723389,0.6959178447723389,no_control
49,0.7043639421463013,0.7043639421463013,no_control
50,0.7062668204307556,0.7062668204307556,no_control
51,0.7085210084915161,0.7085210084915161,no_control
52,0.7118876576423645,0.7118876576423645,no_control
53,0.715513288974762,0.715513288974762,no_control
54,0.7188195586204529,0.7188195586204529,no_control
55,0.7274987697601318,0.7274987697601318,no_control
56,0.7295907735824585,0.7295907735824585,no_control
57,0.7368045449256897,0.7368045449256897,no_control
58,0.752498984336853,0.752498984336853,no_control
59,0.7682580351829529,0.7682580351829529,no_control
60,0.785763144493103,0.785763144493103,no_control
61,0.7940548658370972,0.7940548658370972,no_control
62,0.8098239302635193,0.8098239302635193,no_control
63,0.8161990642547607,0.8161990642547607,no_control
64,0.818637490272522,0.818637490272522,no_control
65,0.8175275325775146,0.8175275325775146,no_control
66,0.8160299062728882,0.8160299062728882,no_control
67,0.8160513043403625,0.8160513043403625,no_control
68,0.8160002827644348,0.8160002827644348,no_control
69,0.8170398473739624,0.8170398473739624,no_control
70,0.8171285390853882,0.8171285390853882,no_control
71,0.8215652704238892,0.8215652704238892,no_control
72,0.8194996118545532,0.8194996118545532,no_control
73,0.8187033534049988,0.8187033534049988,no_control
74,0.8171294927597046,0.8171294927597046,no_control
75,0.8184165358543396,0.8184165358543396,no_control
76,0.8234848976135254,0.8234848976135254,no_control
77,0.8241248726844788,0.8241248726844788,no_control
78,0.8265108466148376,0.8265108466148376,no_control
79,0.8241575360298157,0.8241575360298157,no_control
80,0.8296167254447937,0.8296167254447937,no_control
81,0.8336185216903687,0.8336185216903687,no_control
82,0.8309343457221985,0.8309343457221985,no_control
83,0.8174431324005127,0.8174431324005127,no_control
84,0.7956698536872864,0.7956698536872864,no_control
85,0.7894460558891296,0.7894460558891296,no_control
86,0.7815402150154114,0.7815402150154114,no_control
87,0.7935758233070374,0.7935758233070374,no_control
88,0.79966139793396,0.79966139793396,no_control
89,0.800879716873169,0.800879716873169,no_control
90,0.8017345070838928,0.8017345070838928,no_control
91,0.8028821349143982,0.8028821349143982,no_control
92,0.8060899376869202,0.8060899376869202,no_control
93,0.8097390532493591,0.8097390532493591,no_control
94,0.8121013641357422,0.8121013641357422,no_control
95,0.8110598921775818,0.8110598921775818,no_control
96,0.806532621383667,0.806532621383667,no_control
97,0.7984517812728882,0.7984517812728882,no_control
98,0.7933884859085083,0.7933884859085083,no_control
99,0.7938159704208374,0.7938159704208374,no_control
100,0.7887945771217346,0.7887945771217346,no_control
101,0.7815486788749695,0.7815486788749695,no_control
102,0.7828032970428467,0.7828032970428467,no_control
103,0.7793444991111755,0.7793444991111755,no_control
104,0.7836629152297974,0.7836629152297974,no_control
105,0.7844597101211548,0.7844597101211548,no_control
106,0.7855255603790283,0.7855255603790283,no_control
107,0.7857649922370911,0.7857649922370911,no_control
108,0.7795659899711609,0.7795659899711609,no_control
109,0.7752403020858765,0.7752403020858765,no_control
110,0.7729053497314453,0.7729053497314453,no_control
111,0.7734389901161194,0.7734389901161194,no_control
112,0.7730220556259155,0.7730220556259155,no_control
113,0.7750661373138428,0.7750661373138428,no_control
114,0.7759547829627991,0.7759547829627991,no_control
115,0.7766647338867188,0.7766647338867188,no_control
116,0.7762478590011597,0.7762478590011597,no_control
117,0.7760536670684814,0.7760536670684814,no_control
118,0.7765790224075317,0.7765790224075317,no_control
119,0.7741544842720032,0.7741544842720032,no_control
120,0.7723492383956909,0.7723492383956909,no_control
121,0.7688887715339661,0.7688887715339661,no_control
122,0.769500732421875,0.769500732421875,no_control
123,0.7693948149681091,0.7693948149681091,no_control
124,0.7676752209663391,0.7676752209663391,no_control
125,0.7665784358978271,0.7665784358978271,no_control
126,0.7702676653862,0.7702676653862,no_control
127,0.7750070095062256,0.7750070095062256,no_control
128,0.774206280708313,0.774206280708313,no_control
129,0.7737252712249756,0.7737252712249756,no_control
130,0.772234320640564,0.772234320640564,no_control
131,0.7729562520980835,0.7729562520980835,no_control
132,0.7773707509040833,0.7773707509040833,no_control
133,0.7737933993339539,0.7737933993339539,no_control
134,0.7646768093109131,0.7646768093109131,no_control
135,0.7551387548446655,0.7551387548446655,no_control
136,0.7485622763633728,0.7485622763633728,no_control
137,0.7526508569717407,0.7526508569717407,no_control
138,0.7623836994171143,0.7623836994171143,no_control
139,0.7717117071151733,0.7717117071151733,no_control
140,0.7811686396598816,0.7811686396598816,no_control
141,0.7904922366142273,0.7904922366142273,no_control
142,0.7981296181678772,0.7981296181678772,no_control
143,0.8080564141273499,0.8080564141273499,no_control
144,0.8181913495063782,0.8181913495063782,no_control
145,0.8247912526130676,0.8247912526130676,no_control
146,0.8318641185760498,0.8318641185760498,no_control
147,0.8313902020454407,0.8313902020454407,no_control
148,0.8362603783607483,0.8362603783607483,no_control
149,0.8409858345985413,0.8409858345985413,no_control
150,0.840976893901825,0.840976893901825,no_control
151,0.8454450368881226,0.8454450368881226,no_control
152,0.8445963263511658,0.8445963263511658,no_control
153,0.8425849080085754,0.8425849080085754,no_control
154,0.8413494825363159,0.8413494825363159,no_control
155,0.8388980627059937,0.8388980627059937,no_control
156,0.8453495502471924,0.8453495502471924,no_control
157,0.8463512063026428,0.8463512063026428,no_control
158,0.8420960903167725,0.8420960903167725,no_control
159,0.8353909254074097,0.8353909254074097,no_control
160,0.8365344405174255,0.8365344405174255,no_control
161,0.8371877074241638,0.8371877074241638,no_control
162,0.835481584072113,0.835481584072113,no_control
163,0.8346194624900818,0.8346194624900818,no_control
164,0.8332721590995789,0.8332721590995789,no_control
165,0.833365797996521,0.833365797996521,no_control
166,0.8264650702476501,0.8264650702476501,no_control
167,0.8211961388587952,0.8211961388587952,no_control
168,0.8146423101425171,0.8146423101425171,no_control
169,0.8086473345756531,0.8086473345756531,no_control
170,0.8022786974906921,0.8022786974906921,no_control
171,0.7962837219238281,0.7962837219238281,no_control
172,0.7873947620391846,0.7873947620391846,no_control
173,0.7806581258773804,0.7806581258773804,no_control
174,0.7704582214355469,0.7704582214355469,no_control
175,0.7594850063323975,0.7594850063323975,no_control
176,0.7521941065788269,0.7521941065788269,no_control
177,0.7516016960144043,0.7516016960144043,no_control
178,0.7599207758903503,0.7599207758903503,no_control
179,0.7804742455482483,0.7804742455482483,no_control
180,0.8040516376495361,0.8040516376495361,no_control
181,0.8263319134712219,0.8263319134712219,no_control
182,0.8485015034675598,0.8485015034675598,no_control
183,0.8656839728355408,0.8656839728355408,no_control
184,0.8728774785995483,0.8728774785995483,no_control
185,0.8663420081138611,0.8663420081138611,no_control
186,0.853154718875885,0.853154718875885,no_control
187,0.8397272229194641,0.8397272229194641,no_control
188,0.8272141814231873,0.8272141814231873,no_control
189,0.8160749077796936,0.8160749077796936,no_control
190,0.8077279925346375,0.8077279925346375,no_control
191,0.7993859052658081,0.7993859052658081,no_control
192,0.7965086102485657,0.7965086102485657,no_control
193,0.7934502959251404,0.7934502959251404,no_control
194,0.7934412360191345,0.7934412360191345,no_control
195,0.7918527722358704,0.7918527722358704,no_control
196,0.7918779253959656,0.7918779253959656,no_control
197,0.7926248908042908,0.7926248908042908,no_control
198,0.7885956764221191,0.7885956764221191,no_control
199,0.7850766181945801,0.7850766181945801,no_control
200,0.7860001921653748,0.7860001921653748,no_control
201,0.7825788855552673,0.7825788855552673,no_control
202,0.7764579653739929,0.7764579653739929,no_control
203,0.7655781507492065,0.7655781507492065,no_control
204,0.7517892718315125,0.7517892718315125,no_control
205,0.7341062426567078,0.7341062426567078,no_control
206,0.7190407514572144,0.7190407514572144,no_control
207,0.706024169921875,0.706024169921875,no_control
208,0.6969520449638367,0.6969520449638367,no_control
209,0.6922874450683594,0.6922874450683594,no_control
210,0.695767879486084,0.695767879486084,no_control
211,0.6978200674057007,0.6978200674057007,no_control
212,0.7008254528045654,0.7008254528045654,no_control
213,0.7006426453590393,0.7006426453590393,no_control
214,0.7061308026313782,0.7061308026313782,no_control
215,0.710589587688446,0.710589587688446,no_control
216,0.7150147557258606,0.7150147557258606,no_control
217,0.7163097262382507,0.7163097262382507,no_control
218,0.7194092273712158,0.7194092273712158,no_control
219,0.7195618152618408,0.7195618152618408,no_control
220,0.7216938138008118,0.7216938138008118,no_control
221,0.7217569351196289,0.7217569351196289,no_control
222,0.7240281105041504,0.7240281105041504,no_control
223,0.7277243137359619,0.7277243137359619,no_control
224,0.7323039174079895,0.7323039174079895,no_control
225,0.736175000667572,0.736175000667572,no_control
226,0.7345289587974548,0.7345289587974548,no_control
227,0.728256344795227,0.728256344795227,no_control
228,0.7221119999885559,0.7221119999885559,no_control
229,0.71626877784729,0.71626877784729,no_control
230,0.7096731066703796,0.7096731066703796,no_control
231,0.7035343647003174,0.7035343647003174,no_control
232,0.7012332677841187,0.7012332677841187,no_control
233,0.7049566507339478,0.7049566507339478,no_control
234,0.708352267742157,0.708352267742157,no_control
235,0.7110029458999634,0.7110029458999634,no_control
236,0.7118679285049438,0.7118679285049438,no_control
237,0.7122833132743835,0.7122833132743835,no_control
238,0.7139862775802612,0.7139862775802612,no_control
239,0.7172219753265381,0.7172219753265381,no_control
240,0.7153207063674927,0.7153207063674927,no_control
241,0.7175000905990601,0.7175000905990601,no_control
242,0.7171217203140259,0.7171217203140259,no_control
243,0.7155736684799194,0.7155736684799194,no_control
244,0.7120996117591858,0.7120996117591858,no_control
245,0.7144508361816406,0.7144508361816406,no_control
246,0.7201127409934998,0.7201127409934998,no_control
247,0.7229361534118652,0.7229361534118652,no_control
248,0.7251331806182861,0.7251331806182861,no_control
249,0.7339611053466797,0.7339611053466797,no_control
250,0.744888424873352,0.744888424873352,no_control
251,0.7641142010688782,0.7641142010688782,no_control
252,0.7859755158424377,0.7859755158424377,no_control
253,0.8095957636833191,0.8095957636833191,no_control
254,0.8322627544403076,0.8322627544403076,no_control
255,0.8535419702529907,0.8535419702529907,no_control
256,0.8652169704437256,0.8652169704437256,no_control
257,0.8714606761932373,0.8714606761932373,no_control
258,0.8732544183731079,0.8732544183731079,no_control
259,0.8744803071022034,0.8744803071022034,no_control
260,0.8748418092727661,0.8748418092727661,no_control
261,0.8771840333938599,0.8771840333938599,no_control
262,0.8755978345870972,0.8755978345870972,no_control
263,0.8786038160324097,0.8786038160324097,no_control
264,0.8827162384986877,0.8827162384986877,no_control
265,0.8859707117080688,0.8859707117080688,no_control
266,0.8916164636611938,0.8916164636611938,no_control
267,0.897618293762207,0.897618293762207,no_control
268,0.9011641144752502,0.9011641144752502,no_control
269,0.9104844331741333,0.9104844331741333,no_control
270,0.9196128845214844,0.9196128845214844,no_control
271,0.9240491986274719,0.9240491986274719,no_control
272,0.9272618889808655,0.9272618889808655,no_control
273,0.9258096218109131,0.9258096218109131,no_control
274,0.9304155111312866,0.9304155111312866,no_control
275,0.9286094307899475,0.9286094307899475,no_control
276,0.9386721253395081,0.9386721253395081,no_control
277,0.9486730694770813,0.9486730694770813,no_control
278,0.9521279335021973,0.9521279335021973,no_control
279,0.9599456787109375,0.9599456787109375,no_control
280,0.9558679461479187,0.9558679461479187,no_control
281,0.9489287734031677,0.9489287734031677,no_control
282,0.9500423669815063,0.9500423669815063,no_control
283,0.9557522535324097,0.9557522535324097,no_control
284,0.9632018208503723,0.9632018208503723,no_control
285,0.9699805974960327,0.9699805974960327,no_control
286,0.9698269367218018,0.9698269367218018,no_control
287,0.9661245942115784,0.9661245942115784,no_control
288,0.9643771052360535,0.9643771052360535,no_control
289,0.9626080989837646,0.9626080989837646,no_control
290,0.9596943855285645,0.9596943855285645,no_control
291,0.9624868035316467,0.9624868035316467,no_control
292,0.964087724685669,0.964087724685669,no_control
293,0.9630246758460999,0.9630246758460999,no_control
294,0.963253378868103,0.963253378868103,no_control
295,0.961661696434021,0.961661696434021,no_control
296,0.9579795002937317,0.9579795002937317,no_control
297,0.9578912258148193,0.9578912258148193,no_control
298,0.9356637597084045,0.9356637597084045,no_control
299,0.9047995209693909,0.9047995209693909,no_control
300,0.8704043030738831,0.8704043030738831,no_control
301,0.8344743847846985,0.8344743847846985,no_control
302,0.8051353693008423,0.8051353693008423,no_control
303,0.7837731838226318,0.7837731838226318,no_control
304,0.7762990593910217,0.7762990593910217,no_control
305,0.7705065608024597,0.7705065608024597,no_control
306,0.766528308391571,0.766528308391571,no_control
307,0.764497697353363,0.764497697353363,no_control
308,0.764824628829956,0.764824628829956,no_control
309,0.7642303109169006,0.7642303109169006,no_control
310,0.7611052989959717,0.7611052989959717,no_control
311,0.7563855648040771,0.7563855648040771,no_control
312,0.7555806040763855,0.7555806040763855,no_control
313,0.7547256946563721,0.7547256946563721,no_control
314,0.7496433854103088,0.7496433854103088,no_control
315,0.7472514510154724,0.7472514510154724,no_control
316,0.7452039122581482,0.7452039122581482,no_control
317,0.7379734516143799,0.7379734516143799,no_control
318,0.7260390520095825,0.7260390520095825,no_control
319,0.7180667519569397,0.7180667519569397,no_control
320,0.7108102440834045,0.7108102440834045,no_control
321,0.7038766741752625,0.7038766741752625,no_control
322,0.6942712068557739,0.6942712068557739,no_control
323,0.6865729689598083,0.6865729689598083,no_control
324,0.6663970947265625,0.6663970947265625,no_control
325,0.6483656764030457,0.6483656764030457,no_control
326,0.6410658359527588,0.6410658359527588,no_control
327,0.6286807060241699,0.6286807060241699,no_control
328,0.6270560026168823,0.6270560026168823,no_control
329,0.6306031346321106,0.6306031346321106,no_control
330,0.6277258992195129,0.6277258992195129,no_control
331,0.6216432452201843,0.6216432452201843,no_control
332,0.6160080432891846,0.6160080432891846,no_control
333,0.6096607446670532,0.6096607446670532,no_control
334,0.6068383455276489,0.6068383455276489,no_control
335,0.6105754375457764,0.6105754375457764,no_control
336,0.6177630424499512,0.6177630424499512,no_control
337,0.6193051934242249,0.6193051934242249,no_control
338,0.624935507774353,0.624935507774353,no_control
339,0.628746509552002,0.628746509552002,no_control
340,0.6299029588699341,0.6299029588699341,no_control
341,0.6310485005378723,0.6310485005378723,no_control
342,0.6314214468002319,0.6314214468002319,no_control
343,0.6302739977836609,0.6302739977836609,no_control
344,0.6321684122085571,0.6321684122085571,no_control
345,0.6284451484680176,0.6284451484680176,no_control
346,0.6405577063560486,0.6405577063560486,no_control
347,0.6592622399330139,0.6592622399330139,no_control
348,0.6804572939872742,0.6804572939872742,no_control
349,0.7018412947654724,0.7018412947654724,no_control
350,0.7163621187210083,0.7163621187210083,no_control
351,0.7267900109291077,0.7267900109291077,no_control
352,0.7291646599769592,0.7291646599769592,no_control
353,0.7296625971794128,0.7296625971794128,no_control
354,0.7289716601371765,0.7289716601371765,no_control
355,0.7283431887626648,0.7283431887626648,no_control
356,0.7249165773391724,0.7249165773391724,no_control
357,0.7235162258148193,0.7235162258148193,no_control
358,0.7241579294204712,0.7241579294204712,no_control
359,0.7290593385696411,0.7290593385696411,no_control
360,0.7295329570770264,0.7295329570770264,no_control
361,0.7330921292304993,0.7330921292304993,no_control
362,0.7367255687713623,0.7367255687713623,no_control
363,0.7361146807670593,0.7361146807670593,no_control
364,0.7378649115562439,0.7378649115562439,no_control
365,0.7385702729225159,0.7385702729225159,no_control
366,0.7445016503334045,0.7445016503334045,no_control
367,0.7474429607391357,0.7474429607391357,no_control
368,0.7495271563529968,0.7495271563529968,no_control
369,0.747677206993103,0.747677206993103,no_control
370,0.7355741262435913,0.7355741262435913,no_control
371,0.7258815765380859,0.7258815765380859,no_control
372,0.7184051275253296,0.7184051275253296,no_control
373,0.7226504683494568,0.7226504683494568,no_control
374,0.7108439803123474,0.7108439803123474,no_control
375,0.7014029622077942,0.7014029622077942,no_control
376,0.6945337653160095,0.6945337653160095,no_control
377,0.6932728290557861,0.6932728290557861,no_control
378,0.6947648525238037,0.6947648525238037,no_control
379,0.695753812789917,0.695753812789917,no_control
380,0.6947429180145264,0.6947429180145264,no_control
381,0.697097659111023,0.697097659111023,no_control
382,0.6988157629966736,0.6988157629966736,no_control
383,0.697005033493042,0.697005033493042,no_control
384,0.6953538656234741,0.6953538656234741,no_control
385,0.6977535486221313,0.6977535486221313,no_control
386,0.6936274766921997,0.6936274766921997,no_control
387,0.6915997862815857,0.6915997862815857,no_control
388,0.6902996301651001,0.6902996301651001,no_control
389,0.6893262267112732,0.6893262267112732,no_control
390,0.6920436024665833,0.6920436024665833,no_control
391,0.6947963833808899,0.6947963833808899,no_control
392,0.6971297860145569,0.6971297860145569,no_control
393,0.6954993605613708,0.6954993605613708,no_control
394,0.6914101839065552,0.6914101839065552,no_control
395,0.690252423286438,0.690252423286438,no_control
396,0.686957061290741,0.686957061290741,no_control
397,0.6745279431343079,0.6745279431343079,no_control
398,0.66708904504776,0.66708904504776,no_control
399,0.6526746153831482,0.6526746153831482,no_control
400,0.6415163278579712,0.6415163278579712,no_control
401,0.6389081478118896,0.6389081478118896,no_control
402,0.6401129961013794,0.6401129961013794,no_control
403,0.6414002776145935,0.6414002776145935,no_control
404,0.642482340335846,0.642482340335846,no_control
405,0.6406362056732178,0.6406362056732178,no_control
406,0.6444979906082153,0.6444979906082153,no_control
407,0.6464908123016357,0.6464908123016357,no_control
408,0.6450642943382263,0.6450642943382263,no_control
409,0.6440963745117188,0.6440963745117188,no_control
410,0.6429443955421448,0.6429443955421448,no_control
411,0.6480716466903687,0.6480716466903687,no_control
412,0.6493707299232483,0.6493707299232483,no_control
413,0.6501455903053284,0.6501455903053284,no_control
414,0.650236964225769,0.650236964225769,no_control
415,0.6532889604568481,0.6532889604568481,no_control
416,0.6538651585578918,0.6538651585578918,no_control
417,0.657848596572876,0.657848596572876,no_control
418,0.6644284725189209,0.6644284725189209,no_control
419,0.6712674498558044,0.6712674498558044,no_control
420,0.6757901310920715,0.6757901310920715,no_control
421,0.665667712688446,0.665667712688446,no_control
422,0.6656167507171631,0.6656167507171631,no_control
423,0.666846513748169,0.666846513748169,no_control
424,0.6664031147956848,0.6664031147956848,no_control
425,0.6643598079681396,0.6643598079681396,no_control
426,0.6644783020019531,0.6644783020019531,no_control
427,0.664237380027771,0.664237380027771,no_control
428,0.6650986075401306,0.6650986075401306,no_control
429,0.6623712182044983,0.6623712182044983,no_control
430,0.6618699431419373,0.6618699431419373,no_control
431,0.660034716129303,0.660034716129303,no_control
432,0.655344545841217,0.655344545841217,no_control
433,0.6531616449356079,0.6531616449356079,no_control
434,0.6542758941650391,0.6542758941650391,no_control
435,0.6535896062850952,0.6535896062850952,no_control
436,0.6571860909461975,0.6571860909461975,no_control
437,0.6537940502166748,0.6537940502166748,no_control
438,0.6469804048538208,0.6469804048538208,no_control
439,0.6407922506332397,0.6407922506332397,no_control
440,0.6350728273391724,0.6350728273391724,no_control
441,0.6302793622016907,0.6302793622016907,no_control
442,0.625806450843811,0.625806450843811,no_control
443,0.6119977235794067,0.6119977235794067,no_control
444,0.5992925763130188,0.5992925763130188,no_control
445,0.5897235870361328,0.5897235870361328,no_control
446,0.5775781273841858,0.5775781273841858,no_control
447,0.5724877715110779,0.5724877715110779,no_control
448,0.5695685744285583,0.5695685744285583,no_control
449,0.5712640285491943,0.5712640285491943,no_control
450,0.5713251233100891,0.5713251233100891,no_control
451,0.5696842670440674,0.5696842670440674,no_control
452,0.5720410346984863,0.5720410346984863,no_control
453,0.5768366456031799,0.5768366456031799,no_control
454,0.5775732398033142,0.5775732398033142,no_control
455,0.5761132836341858,0.5761132836341858,no_control
456,0.5804991126060486,0.5804991126060486,no_control
457,0.5843362212181091,0.5843362212181091,no_control
458,0.5853530168533325,0.5853530168533325,no_control
459,0.5839694738388062,0.5839694738388062,no_control
460,0.5862650871276855,0.5862650871276855,no_control
461,0.591941773891449,0.591941773891449,no_control
462,0.5920149683952332,0.5920149683952332,no_control
463,0.594719648361206,0.594719648361206,no_control
464,0.6032414436340332,0.6032414436340332,no_control
465,0.5979794859886169,0.5979794859886169,no_control
466,0.5940253138542175,0.5940253138542175,no_control
467,0.5859678387641907,0.5859678387641907,no_control
468,0.5780595541000366,0.5780595541000366,no_control
469,0.573427140712738,0.573427140712738,no_control
470,0.5698142647743225,0.5698142647743225,no_control
471,0.5687578320503235,0.5687578320503235,no_control
472,0.5700202584266663,0.5700202584266663,no_control
473,0.5687382221221924,0.5687382221221924,no_control
474,0.5700644850730896,0.5700644850730896,no_control
475,0.5733892321586609,0.5733892321586609,no_control
476,0.5816898345947266,0.5816898345947266,no_control
477,0.587221622467041,0.587221622467041,no_control
478,0.5896599292755127,0.5896599292755127,no_control
479,0.5921432971954346,0.5921432971954346,no_control
480,0.5982312560081482,0.5982312560081482,no_control
481,0.5985661745071411,0.5985661745071411,no_control
482,0.5946798920631409,0.5946798920631409,no_control
483,0.594170331954956,0.594170331954956,no_control
484,0.5907973647117615,0.5907973647117615,no_control
485,0.5946924090385437,0.5946924090385437,no_control
486,0.5989917516708374,0.5989917516708374,no_control
487,0.5995522141456604,0.5995522141456604,no_control
488,0.6020057201385498,0.6020057201385498,no_control
489,0.599703311920166,0.599703311920166,no_control
490,0.5988739728927612,0.5988739728927612,no_control
491,0.6039168238639832,0.6039168238639832,no_control
492,0.6107907891273499,0.6107907891273499,no_control
493,0.6260392665863037,0.6260392665863037,no_control
494,0.6431085467338562,0.6431085467338562,no_control
495,0.653282880783081,0.653282880783081,no_control
496,0.661104142665863,0.661104142665863,no_control
497,0.6645402312278748,0.6645402312278748,no_control
498,0.665704607963562,0.665704607963562,no_control
499,0.6666949987411499,0.6666949987411499,no_control
500,0.6663617491722107,0.6663617491722107,no_control
501,0.66517174243927,0.66517174243927,no_control
502,0.660442054271698,0.660442054271698,no_control
503,0.6565476655960083,0.6565476655960083,no_control
504,0.6502269506454468,0.6502269506454468,no_control
505,0.6436465978622437,0.6436465978622437,no_control
506,0.642026960849762,0.642026960849762,no_control
507,0.6361068487167358,0.6361068487167358,no_control
508,0.634081244468689,0.634081244468689,no_control
509,0.6303551197052002,0.6303551197052002,no_control
510,0.6309576630592346,0.6309576630592346,no_control
511,0.6357648372650146,0.6357648372650146,no_control
512,0.6323645114898682,0.6323645114898682,no_control
513,0.6366572380065918,0.6366572380065918,no_control
514,0.6337428689002991,0.6337428689002991,no_control
515,0.6346726417541504,0.6346726417541504,no_control
516,0.6303304433822632,0.6303304433822632,no_control
517,0.6232446432113647,0.6232446432113647,no_control
518,0.6188910603523254,0.6188910603523254,no_control
519,0.6158286929130554,0.6158286929130554,no_control
520,0.6142507195472717,0.6142507195472717,no_control
521,0.612725019454956,0.612725019454956,no_control
522,0.6127415895462036,0.6127415895462036,no_control
523,0.6083394289016724,0.6083394289016724,no_control
524,0.6016882061958313,0.6016882061958313,no_control
525,0.5993074774742126,0.5993074774742126,no_control
526,0.59760582447052,0.59760582447052,no_control
527,0.5975422263145447,0.5975422263145447,no_control
528,0.5912606716156006,0.5912606716156006,no_control
529,0.5884302854537964,0.5884302854537964,no_control
530,0.5888038873672485,0.5888038873672485,no_control
531,0.5887933373451233,0.5887933373451233,no_control
532,0.585846483707428,0.585846483707428,no_control
533,0.5829855799674988,0.5829855799674988,no_control
534,0.5813712477684021,0.5813712477684021,no_control
535,0.5840491652488708,0.5840491652488708,no_control
536,0.5828158259391785,0.5828158259391785,no_control
537,0.5800985097885132,0.5800985097885132,no_control
538,0.5726718306541443,0.5726718306541443,no_control
539,0.55897057056427,0.55897057056427,no_control
540,0.5446177124977112,0.5446177124977112,no_control
541,0.5311324596405029,0.5311324596405029,no_control
542,0.5129441618919373,0.5129441618919373,no_control
543,0.5046432018280029,0.5046432018280029,no_control
544,0.49432259798049927,0.49432259798049927,no_control
545,0.48903024196624756,0.48903024196624756,no_control
546,0.48964011669158936,0.48964011669158936,no_control
547,0.4909111261367798,0.4909111261367798,no_control
548,0.49182838201522827,0.49182838201522827,no_control
549,0.49398982524871826,0.49398982524871826,no_control
550,0.4992027282714844,0.4992027282714844,no_control
551,0.5004346966743469,0.5004346966743469,no_control
552,0.5040293335914612,0.5040293335914612,no_control
553,0.5047532320022583,0.5047532320022583,no_control
554,0.5079188346862793,0.5079188346862793,no_control
555,0.5106552839279175,0.5106552839279175,no_control
556,0.5122299790382385,0.5122299790382385,no_control
557,0.5096843838691711,0.5096843838691711,no_control
558,0.5074315667152405,0.5074315667152405,no_control
559,0.5015731453895569,0.5015731453895569,no_control
560,0.5012789368629456,0.5012789368629456,no_control
561,0.5027109384536743,0.5027109384536743,no_control
562,0.5036002397537231,0.5036002397537231,no_control
563,0.5060675144195557,0.5060675144195557,no_control
564,0.5133193731307983,0.5133193731307983,no_control
565,0.5223318338394165,0.5223318338394165,no_control
566,0.5319594144821167,0.5319594144821167,no_control
567,0.5412736535072327,0.5412736535072327,no_control
568,0.5495564937591553,0.5495564937591553,no_control
569,0.5556196570396423,0.5556196570396423,no_control
570,0.5580249428749084,0.5580249428749084,no_control
571,0.563957691192627,0.563957691192627,no_control
572,0.5696219205856323,0.5696219205856323,no_control
573,0.5746490955352783,0.5746490955352783,no_control
574,0.5787103176116943,0.5787103176116943,no_control
575,0.5821893811225891,0.5821893811225891,no_control
576,0.5805367231369019,0.5805367231369019,no_control
577,0.5782380700111389,0.5782380700111389,no_control
578,0.5771254301071167,0.5771254301071167,no_control
579,0.5724000334739685,0.5724000334739685,no_control
580,0.5717318654060364,0.5717318654060364,no_control
581,0.5718791484832764,0.5718791484832764,no_control
582,0.5733515620231628,0.5733515620231628,no_control
583,0.5748245120048523,0.5748245120048523,no_control
584,0.5801212787628174,0.5801212787628174,no_control
585,0.5883970856666565,0.5883970856666565,no_control
586,0.5972281098365784,0.5972281098365784,no_control
587,0.6124627590179443,0.6124627590179443,no_control
588,0.6236086487770081,0.6236086487770081,no_control
589,0.6295491456985474,0.6295491456985474,no_control
590,0.6411579847335815,0.6411579847335815,no_control
591,0.6458434462547302,0.6458434462547302,no_control
592,0.6502933502197266,0.6502933502197266,no_control
593,0.6519913077354431,0.6519913077354431,no_control
594,0.651299238204956,0.651299238204956,no_control
595,0.6502465605735779,0.6502465605735779,no_control
596,0.6503541469573975,0.6503541469573975,no_control
597,0.6494140028953552,0.6494140028953552,no_control
598,0.649237871170044,0.649237871170044,no_control
599,0.6544154286384583,0.6544154286384583,no_control
600,0.6585907936096191,0.6585907936096191,no_control
601,0.6639047861099243,0.6639047861099243,no_control
602,0.6637661457061768,0.6637661457061768,no_control
603,0.6676005721092224,0.6676005721092224,no_control
604,0.6697803735733032,0.6697803735733032,no_control
605,0.6747515797615051,0.6747515797615051,no_control
606,0.6790320873260498,0.6790320873260498,no_control
607,0.6824397444725037,0.6824397444725037,no_control
608,0.6891738176345825,0.6891738176345825,no_control
609,0.6949891448020935,0.6949891448020935,no_control
610,0.6950836181640625,0.6950836181640625,no_control
611,0.696827232837677,0.696827232837677,no_control
612,0.6954094767570496,0.6954094767570496,no_control
613,0.7038386464118958,0.7038386464118958,no_control
614,0.6989036798477173,0.6989036798477173,no_control
615,0.6939527988433838,0.6939527988433838,no_control
616,0.6928096413612366,0.6928096413612366,no_control
617,0.6895252466201782,0.6895252466201782,no_control
618,0.6897187829017639,0.6897187829017639,no_control
619,0.6915643215179443,0.6915643215179443,no_control
620,0.6940804719924927,0.6940804719924927,no_control
621,0.6962386965751648,0.6962386965751648,no_control
622,0.6977943181991577,0.6977943181991577,no_control
623,0.701414942741394,0.701414942741394,no_control
624,0.7107089161872864,0.7107089161872864,no_control
625,0.7225297689437866,0.7225297689437866,no_control
626,0.7358328700065613,0.7358328700065613,no_control
627,0.7468757033348083,0.7468757033348083,no_control
628,0.7578712105751038,0.7578712105751038,no_control
629,0.7646593451499939,0.7646593451499939,no_control
630,0.7735063433647156,0.7735063433647156,no_control
631,0.7787755727767944,0.7787755727767944,no_control
632,0.7886089086532593,0.7886089086532593,no_control
633,0.7890812158584595,0.7890812158584595,no_control
634,0.7856089472770691,0.7856089472770691,no_control
635,0.7744965553283691,0.7744965553283691,no_control
636,0.7680068612098694,0.7680068612098694,no_control
637,0.7622567415237427,0.7622567415237427,no_control
638,0.7637079358100891,0.7637079358100891,no_control
639,0.759792149066925,0.759792149066925,no_control
640,0.7584515810012817,0.7584515810012817,no_control
641,0.7588204741477966,0.7588204741477966,no_control
642,0.759972095489502,0.759972095489502,no_control
643,0.7660197615623474,0.7660197615623474,no_control
644,0.7724773287773132,0.7724773287773132,no_control
645,0.7752106189727783,0.7752106189727783,no_control
646,0.7732101678848267,0.7732101678848267,no_control
647,0.7661697268486023,0.7661697268486023,no_control
648,0.7580991387367249,0.7580991387367249,no_control
649,0.7530223727226257,0.7530223727226257,no_control
650,0.7499538064002991,0.7499538064002991,no_control
651,0.7459372878074646,0.7459372878074646,no_control
652,0.7458436489105225,0.7458436489105225,no_control
653,0.7456881999969482,0.7456881999969482,no_control
654,0.7455618381500244,0.7455618381500244,no_control
655,0.7390422224998474,0.7390422224998474,no_control
656,0.727184534072876,0.727184534072876,no_control
657,0.7169578075408936,0.7169578075408936,no_control
658,0.7256337404251099,0.7256337404251099,no_control
659,0.7386943697929382,0.7386943697929382,no_control
660,0.7479414343833923,0.7479414343833923,no_control
661,0.7524396181106567,0.7524396181106567,no_control
662,0.7681553363800049,0.7681553363800049,no_control
663,0.7730473875999451,0.7730473875999451,no_control
664,0.7771259546279907,0.7771259546279907,no_control
665,0.7807102203369141,0.7807102203369141,no_control
666,0.7768504023551941,0.7768504023551941,no_control
667,0.7726986408233643,0.7726986408233643,no_control
668,0.76915043592453,0.76915043592453,no_control
669,0.7676867842674255,0.7676867842674255,no_control
670,0.7654958367347717,0.7654958367347717,no_control
671,0.7629725933074951,0.7629725933074951,no_control
672,0.7584618926048279,0.7584618926048279,no_control
673,0.7508670687675476,0.7508670687675476,no_control
674,0.7412953972816467,0.7412953972816467,no_control
675,0.7341420650482178,0.7341420650482178,no_control
676,0.7250940203666687,0.7250940203666687,no_control
677,0.7191212177276611,0.7191212177276611,no_control
678,0.7061766982078552,0.7061766982078552,no_control
679,0.6963471174240112,0.6963471174240112,no_control
680,0.6820228099822998,0.6820228099822998,no_control
681,0.6751540899276733,0.6751540899276733,no_control
682,0.6829978227615356,0.6829978227615356,no_control
683,0.6987498998641968,0.6987498998641968,no_control
684,0.7178052663803101,0.7178052663803101,no_control
685,0.736009955406189,0.736009955406189,no_control
686,0.7461293935775757,0.7461293935775757,no_control
687,0.7633004188537598,0.7633004188537598,no_control
688,0.7743112444877625,0.7743112444877625,no_control
689,0.7769279479980469,0.7769279479980469,no_control
690,0.7765905261039734,0.7765905261039734,no_control
691,0.7707971334457397,0.7707971334457397,no_control
692,0.7633557915687561,0.7633557915687561,no_control
693,0.7637025117874146,0.7637025117874146,no_control
694,0.764899492263794,0.764899492263794,no_control
695,0.771331787109375,0.771331787109375,no_control
696,0.778020441532135,0.778020441532135,no_control
697,0.7831170558929443,0.7831170558929443,no_control
698,0.7920629382133484,0.7920629382133484,no_control
699,0.7982333302497864,0.7982333302497864,no_control
700,0.8023403882980347,0.8023403882980347,no_control
701,0.8067451119422913,0.8067451119422913,no_control
702,0.8152066469192505,0.8152066469192505,no_control
703,0.8283219933509827,0.8283219933509827,no_control
704,0.8384827375411987,0.8384827375411987,no_control
705,0.8420248627662659,0.8420248627662659,no_control
706,0.8453047871589661,0.8453047871589661,no_control
707,0.8461469411849976,0.8461469411849976,no_control
708,0.8551678657531738,0.8551678657531738,no_control
709,0.8564185500144958,0.8564185500144958,no_control
710,0.8584970831871033,0.8584970831871033,no_control
711,0.857761025428772,0.857761025428772,no_control
712,0.8534026741981506,0.8534026741981506,no_control
713,0.8527727127075195,0.8527727127075195,no_control
714,0.8547208905220032,0.8547208905220032,no_control
715,0.8540985584259033,0.8540985584259033,no_control
716,0.8539438247680664,0.8539438247680664,no_control
717,0.8532344698905945,0.8532344698905945,no_control
718,0.8512957692146301,0.8512957692146301,no_control
719,0.8523498177528381,0.8523498177528381,no_control
720,0.8579997420310974,0.8579997420310974,no_control
721,0.8690393567085266,0.8690393567085266,no_control
722,0.8772456645965576,0.8772456645965576,no_control
723,0.8867185711860657,0.8867185711860657,no_control
724,0.8956825137138367,0.8956825137138367,no_control
725,0.907531201839447,0.907531201839447,no_control
726,0.9192174673080444,0.9192174673080444,no_control
727,0.9263074398040771,0.9263074398040771,no_control
728,0.9370443224906921,0.9370443224906921,no_control
729,0.9400424361228943,0.9400424361228943,no_control
730,0.9396350383758545,0.9396350383758545,no_control
731,0.9332980513572693,0.9332980513572693,no_control
732,0.9300729036331177,0.9300729036331177,no_control
733,0.9217355847358704,0.9217355847358704,no_control
734,0.9155597686767578,0.9155597686767578,no_control
735,0.9114120006561279,0.9114120006561279,no_control
736,0.9015852808952332,0.9015852808952332,no_control
737,0.8980929255485535,0.8980929255485535,no_control
738,0.8970643877983093,0.8970643877983093,no_control
739,0.8948568105697632,0.8948568105697632,no_control
740,0.8930074572563171,0.8930074572563171,no_control
741,0.8869176506996155,0.8869176506996155,no_control
742,0.8885945081710815,0.8885945081710815,no_control
743,0.8870397210121155,0.8870397210121155,no_control
744,0.8867417573928833,0.8867417573928833,no_control
745,0.8846753835678101,0.8846753835678101,no_control
746,0.8778011202812195,0.8778011202812195,no_control
747,0.8721413612365723,0.8721413612365723,no_control
748,0.8677487969398499,0.8677487969398499,no_control
749,0.8631268739700317,0.8631268739700317,no_control
750,0.8595560193061829,0.8595560193061829,no_control
751,0.8550690412521362,0.8550690412521362,no_control
752,0.8551982045173645,0.8551982045173645,no_control
753,0.8574317693710327,0.8574317693710327,no_control
754,0.8588414788246155,0.8588414788246155,no_control
755,0.8600696325302124,0.8600696325302124,no_control
756,0.8604371547698975,0.8604371547698975,no_control
757,0.8641143441200256,0.8641143441200256,no_control
758,0.8688428401947021,0.8688428401947021,no_control
759,0.8771195411682129,0.8771195411682129,no_control
760,0.8835998177528381,0.8835998177528381,no_control
761,0.8794221878051758,0.8794221878051758,no_control
762,0.8790769577026367,0.8790769577026367,no_control
763,0.8782367706298828,0.8782367706298828,no_control
764,0.873900830745697,0.873900830745697,no_control
765,0.8699023127555847,0.8699023127555847,no_control
766,0.8688797950744629,0.8688797950744629,no_control
767,0.8678298592567444,0.8678298592567444,no_control
768,0.8636777997016907,0.8636777997016907,no_control
769,0.8511788845062256,0.8511788845062256,no_control
770,0.8436190485954285,0.8436190485954285,no_control
771,0.8310882449150085,0.8310882449150085,no_control
772,0.8274258375167847,0.8274258375167847,no_control
773,0.8195729851722717,0.8195729851722717,no_control
774,0.8147215247154236,0.8147215247154236,no_control
775,0.8159089684486389,0.8159089684486389,no_control
776,0.8091908693313599,0.8091908693313599,no_control
777,0.8096358180046082,0.8096358180046082,no_control
778,0.8128673434257507,0.8128673434257507,no_control
779,0.8204920887947083,0.8204920887947083,no_control
780,0.8264279961585999,0.8264279961585999,no_control
781,0.8474644422531128,0.8474644422531128,no_control
782,0.8539729714393616,0.8539729714393616,no_control
783,0.8598474860191345,0.8598474860191345,no_control
784,0.8695809841156006,0.8695809841156006,no_control
785,0.8707165718078613,0.8707165718078613,no_control
786,0.8690870404243469,0.8690870404243469,no_control
787,0.8700911998748779,0.8700911998748779,no_control
788,0.8715918660163879,0.8715918660163879,no_control
789,0.8727075457572937,0.8727075457572937,no_control
790,0.8682953119277954,0.8682953119277954,no_control
791,0.8626805543899536,0.8626805543899536,no_control
792,0.8570865392684937,0.8570865392684937,no_control
793,0.8540149331092834,0.8540149331092834,no_control
794,0.8510037660598755,0.8510037660598755,no_control
795,0.8495465517044067,0.8495465517044067,no_control
796,0.8416593074798584,0.8416593074798584,no_control
797,0.8395189642906189,0.8395189642906189,no_control
798,0.832253634929657,0.832253634929657,no_control
799,0.8297715187072754,0.8297715187072754,no_control
800,0.826857328414917,0.826857328414917,no_control
801,0.821674644947052,0.821674644947052,no_control
802,0.808576762676239,0.808576762676239,no_control
803,0.7926886677742004,0.7926886677742004,no_control
804,0.774973452091217,0.774973452091217,no_control
805,0.7541468739509583,0.7541468739509583,no_control
806,0.7322092056274414,0.7322092056274414,no_control
807,0.7181188464164734,0.7181188464164734,no_control
808,0.712887167930603,0.712887167930603,no_control
809,0.7104965448379517,0.7104965448379517,no_control
810,0.7079135775566101,0.7079135775566101,no_control
811,0.7058157324790955,0.7058157324790955,no_control
812,0.7080358266830444,0.7080358266830444,no_control
813,0.7080842852592468,0.7080842852592468,no_control
814,0.7068080306053162,0.7068080306053162,no_control
815,0.7036689519882202,0.7036689519882202,no_control
816,0.7009500861167908,0.7009500861167908,no_control
817,0.7001540064811707,0.7001540064811707,no_control
818,0.6964841485023499,0.6964841485023499,no_control
819,0.6978062391281128,0.6978062391281128,no_control
820,0.6962155699729919,0.6962155699729919,no_control
821,0.696203351020813,0.696203351020813,no_control
822,0.697740912437439,0.697740912437439,no_control
823,0.6974913477897644,0.6974913477897644,no_control
824,0.6985669732093811,0.6985669732093811,no_control
825,0.7005423903465271,0.7005423903465271,no_control
826,0.6952739953994751,0.6952739953994751,no_control
827,0.6818484663963318,0.6818484663963318,no_control
828,0.6670131087303162,0.6670131087303162,no_control
829,0.6387718915939331,0.6387718915939331,no_control
830,0.6268392205238342,0.6268392205238342,no_control
831,0.6076161861419678,0.6076161861419678,no_control
832,0.59498131275177,0.59498131275177,no_control
833,0.5929132103919983,0.5929132103919983,no_control
834,0.5945165157318115,0.5945165157318115,no_control
835,0.596049427986145,0.596049427986145,no_control
836,0.5970616340637207,0.5970616340637207,no_control
837,0.5985395312309265,0.5985395312309265,no_control
838,0.6003408432006836,0.6003408432006836,no_control
839,0.6048954725265503,0.6048954725265503,no_control
840,0.6098743677139282,0.6098743677139282,no_control
841,0.6144170165061951,0.6144170165061951,no_control
842,0.6158875226974487,0.6158875226974487,no_control
843,0.6194754838943481,0.6194754838943481,no_control
844,0.6277909874916077,0.6277909874916077,no_control
845,0.6304234862327576,0.6304234862327576,no_control
846,0.6338227987289429,0.6338227987289429,no_control
847,0.6296243667602539,0.6296243667602539,no_control
848,0.6237791180610657,0.6237791180610657,no_control
849,0.6275129914283752,0.6275129914283752,no_control
850,0.6290555596351624,0.6290555596351624,no_control
851,0.6281333565711975,0.6281333565711975,no_control
852,0.6260925531387329,0.6260925531387329,no_control
853,0.6239476799964905,0.6239476799964905,no_control
854,0.6238154768943787,0.6238154768943787,no_control
855,0.6203502416610718,0.6203502416610718,no_control
856,0.6134320497512817,0.6134320497512817,no_control
857,0.6149544715881348,0.6149544715881348,no_control
858,0.6205912828445435,0.6205912828445435,no_control
859,0.6245706677436829,0.6245706677436829,no_control
860,0.6284940838813782,0.6284940838813782,no_control
861,0.6324863433837891,0.6324863433837891,no_control
862,0.6371636986732483,0.6371636986732483,no_control
863,0.6410468816757202,0.6410468816757202,no_control
864,0.6462012529373169,0.6462012529373169,no_control
865,0.6531349420547485,0.6531349420547485,no_control
866,0.659630537033081,0.659630537033081,no_control
867,0.6666828393936157,0.6666828393936157,no_control
868,0.6724720597267151,0.6724720597267151,no_control
869,0.6743226647377014,0.6743226647377014,no_control
870,0.6707261800765991,0.6707261800765991,no_control
871,0.6663233041763306,0.6663233041763306,no_control
872,0.6722984313964844,0.6722984313964844,no_control
873,0.6723600029945374,0.6723600029945374,no_control
874,0.6741231679916382,0.6741231679916382,no_control
875,0.67002272605896,0.67002272605896,no_control
876,0.6651332378387451,0.6651332378387451,no_control
877,0.6806401610374451,0.6806401610374451,no_control
878,0.6852256059646606,0.6852256059646606,no_control
879,0.694756031036377,0.694756031036377,no_control
880,0.7006710767745972,0.7006710767745972,no_control
881,0.7118446230888367,0.7118446230888367,no_control
882,0.7228920459747314,0.7228920459747314,no_control
883,0.7318720817565918,0.7318720817565918,no_control
884,0.7428295612335205,0.7428295612335205,no_control
885,0.7529404163360596,0.7529404163360596,no_control
886,0.7608088850975037,0.7608088850975037,no_control
887,0.770195484161377,0.770195484161377,no_control
888,0.78094083070755,0.78094083070755,no_control
889,0.7905557155609131,0.7905557155609131,no_control
890,0.8042945861816406,0.8042945861816406,no_control
891,0.8162470459938049,0.8162470459938049,no_control
892,0.8248813152313232,0.8248813152313232,no_control
893,0.8331820368766785,0.8331820368766785,no_control
894,0.8413507342338562,0.8413507342338562,no_control
895,0.8529835939407349,0.8529835939407349,no_control
896,0.8652596473693848,0.8652596473693848,no_control
897,0.870090663433075,0.870090663433075,no_control
898,0.8754794001579285,0.8754794001579285,no_control
899,0.8727929592132568,0.8727929592132568,no_control
900,0.8719933032989502,0.8719933032989502,no_control
901,0.8696392774581909,0.8696392774581909,no_control
902,0.871802568435669,0.871802568435669,no_control
903,0.8840054273605347,0.8840054273605347,no_control
904,0.8921946883201599,0.8921946883201599,no_control
905,0.8964530825614929,0.8964530825614929,no_control
906,0.8983993530273438,0.8983993530273438,no_control
907,0.8991900086402893,0.8991900086402893,no_control
908,0.9005195498466492,0.9005195498466492,no_control
909,0.8981202840805054,0.8981202840805054,no_control
910,0.895982027053833,0.895982027053833,no_control
911,0.8961890935897827,0.8961890935897827,no_control
912,0.893069326877594,0.893069326877594,no_control
913,0.8896927833557129,0.8896927833557129,no_control
914,0.8858250379562378,0.8858250379562378,no_control
915,0.8851514458656311,0.8851514458656311,no_control
916,0.8781638741493225,0.8781638741493225,no_control
917,0.8732782006263733,0.8732782006263733,no_control
918,0.8714437484741211,0.8714437484741211,no_control
919,0.8747075796127319,0.8747075796127319,no_control
920,0.8669235706329346,0.8669235706329346,no_control
921,0.866126298904419,0.866126298904419,no_control
922,0.8537094593048096,0.8537094593048096,no_control
923,0.853168785572052,0.853168785572052,no_control
924,0.8657950758934021,0.8657950758934021,no_control
925,0.8654631972312927,0.8654631972312927,no_control
926,0.8567880988121033,0.8567880988121033,no_control
927,0.8435859680175781,0.8435859680175781,no_control
928,0.8371491432189941,0.8371491432189941,no_control
929,0.8259426355361938,0.8259426355361938,no_control
930,0.8145076632499695,0.8145076632499695,no_control
931,0.8072055578231812,0.8072055578231812,no_control
932,0.798424482345581,0.798424482345581,no_control
933,0.7898913025856018,0.7898913025856018,no_control
934,0.7839075922966003,0.7839075922966003,no_control
935,0.7736785411834717,0.7736785411834717,no_control
936,0.7641648650169373,0.7641648650169373,no_control
937,0.7522767782211304,0.7522767782211304,no_control
938,0.7350562810897827,0.7350562810897827,no_control
939,0.7170363068580627,0.7170363068580627,no_control
940,0.7046621441841125,0.7046621441841125,no_control
941,0.6943790316581726,0.6943790316581726,no_control
942,0.687343955039978,0.687343955039978,no_control
943,0.6790463924407959,0.6790463924407959,no_control
944,0.672264039516449,0.672264039516449,no_control
945,0.6689124703407288,0.6689124703407288,no_control
946,0.6677974462509155,0.6677974462509155,no_control
947,0.6738530397415161,0.6738530397415161,no_control
948,0.6733640432357788,0.6733640432357788,no_control
949,0.6786141991615295,0.6786141991615295,no_control
950,0.6788802146911621,0.6788802146911621,no_control
951,0.6714388132095337,0.6714388132095337,no_control
952,0.6673195362091064,0.6673195362091064,no_control
953,0.6653429865837097,0.6653429865837097,no_control
954,0.6609753966331482,0.6609753966331482,no_control
955,0.6614590883255005,0.6614590883255005,no_control
956,0.6591050028800964,0.6591050028800964,no_control
957,0.658253014087677,0.658253014087677,no_control
958,0.6571452617645264,0.6571452617645264,no_control
959,0.6583414673805237,0.6583414673805237,no_control
960,0.6567963361740112,0.6567963361740112,no_control
961,0.6574037075042725,0.6574037075042725,no_control
962,0.6574845910072327,0.6574845910072327,no_control
963,0.6529576778411865,0.6529576778411865,no_control
964,0.6538349986076355,0.6538349986076355,no_control
965,0.6539512276649475,0.6539512276649475,no_control
966,0.656274139881134,0.656274139881134,no_control
967,0.6543660759925842,0.6543660759925842,no_control
968,0.6558356881141663,0.6558356881141663,no_control
969,0.6528007984161377,0.6528007984161377,no_control
970,0.6636232733726501,0.6636232733726501,no_control
971,0.6764040589332581,0.6764040589332581,no_control
972,0.676729679107666,0.676729679107666,no_control
973,0.6778333783149719,0.6778333783149719,no_control
974,0.6905314922332764,0.6905314922332764,no_control
975,0.704452395439148,0.704452395439148,no_control
976,0.7126781344413757,0.7126781344413757,no_control
977,0.7139698266983032,0.7139698266983032,no_control
978,0.7128848433494568,0.7128848433494568,no_control
979,0.7114260792732239,0.7114260792732239,no_control
980,0.7089388370513916,0.7089388370513916,no_control
981,0.7044481635093689,0.7044481635093689,no_control
982,0.7034730315208435,0.7034730315208435,no_control
983,0.7031823396682739,0.7031823396682739,no_control
984,0.696738600730896,0.696738600730896,no_control
985,0.6933727264404297,0.6933727264404297,no_control
986,0.6974246501922607,0.6974246501922607,no_control
987,0.6995889544487,0.6995889544487,no_control
988,0.703195333480835,0.703195333480835,no_control
989,0.7041295170783997,0.7041295170783997,no_control
990,0.7030199766159058,0.7030199766159058,no_control
991,0.7047183513641357,0.7047183513641357,no_control
992,0.7063454985618591,0.7063454985618591,no_control
993,0.7049134969711304,0.7049134969711304,no_control
994,0.7067331671714783,0.7067331671714783,no_control
995,0.7124261260032654,0.7124261260032654,no_control
996,0.709399402141571,0.709399402141571,no_control
997,0.7055790424346924,0.7055790424346924,no_control
998,0.7033431529998779,0.7033431529998779,no_control
999,0.7091614007949829,0.7091614007949829,no_control
1000,0.7078567147254944,0.7078567147254944,no_control
1001,0.7066888809204102,0.7066888809204102,no_control
1002,0.7087174654006958,0.7087174654006958,no_control
1003,0.7097920179367065,0.7097920179367065,no_control
1004,0.7114225029945374,0.7114225029945374,no_control
1005,0.7123591899871826,0.7123591899871826,no_control
1006,0.7140356302261353,0.7140356302261353,no_control
1007,0.7158974409103394,0.7158974409103394,no_control
1008,0.7209650874137878,0.7209650874137878,no_control
1009,0.72057044506073,0.72057044506073,no_control
1010,0.7162372469902039,0.7162372469902039,no_control
1011,0.7175155282020569,0.7175155282020569,no_control
1012,0.7152164578437805,0.7152164578437805,no_control
1013,0.7211730480194092,0.7211730480194092,no_control
1014,0.7211561799049377,0.7211561799049377,no_control
1015,0.7209956645965576,0.7209956645965576,no_control
1016,0.7225669622421265,0.7225669622421265,no_control
1017,0.7282407283782959,0.7282407283782959,no_control
1018,0.7183614373207092,0.7183614373207092,no_control
1019,0.704774022102356,0.704774022102356,no_control
1020,0.68620365858078,0.68620365858078,no_control
1021,0.6610025763511658,0.6610025763511658,no_control
1022,0.6402936577796936,0.6402936577796936,no_control
1023,0.6290667653083801,0.6290667653083801,no_control
1024,0.6212430000305176,0.6212430000305176,no_control
1025,0.6214310526847839,0.6214310526847839,no_control
1026,0.6285015940666199,0.6285015940666199,no_control
1027,0.6293052434921265,0.6293052434921265,no_control
1028,0.6299271583557129,0.6299271583557129,no_control
1029,0.6348049640655518,0.6348049640655518,no_control
1030,0.631165623664856,0.631165623664856,no_control
1031,0.6310547590255737,0.6310547590255737,no_control
1032,0.6354527473449707,0.6354527473449707,no_control
1033,0.6377834677696228,0.6377834677696228,no_control
1034,0.6379895210266113,0.6379895210266113,no_control
1035,0.6373229622840881,0.6373229622840881,no_control
1036,0.634158194065094,0.634158194065094,no_control
1037,0.6338695287704468,0.6338695287704468,no_control
1038,0.6317771673202515,0.6317771673202515,no_control
1039,0.6317554116249084,0.6317554116249084,no_control
1040,0.6309390068054199,0.6309390068054199,no_control
1041,0.630045473575592,0.630045473575592,no_control
1042,0.6389099359512329,0.6389099359512329,no_control
1043,0.6502088904380798,0.6502088904380798,no_control
1044,0.6688439846038818,0.6688439846038818,no_control
1045,0.6824760437011719,0.6824760437011719,no_control
1046,0.6873279213905334,0.6873279213905334,no_control
1047,0.6994948983192444,0.6994948983192444,no_control
1048,0.712499737739563,0.712499737739563,no_control
1049,0.7240622043609619,0.7240622043609619,no_control
1050,0.7206021547317505,0.7206021547317505,no_control
1051,0.7155115008354187,0.7155115008354187,no_control
1052,0.7134090065956116,0.7134090065956116,no_control
1053,0.7144851088523865,0.7144851088523865,no_control
1054,0.7119687795639038,0.7119687795639038,no_control
1055,0.7108563184738159,0.7108563184738159,no_control
1056,0.7083597183227539,0.7083597183227539,no_control
1057,0.717984676361084,0.717984676361084,no_control
1058,0.7328101992607117,0.7328101992607117,no_control
1059,0.7442276477813721,0.7442276477813721,no_control
1060,0.7574278712272644,0.7574278712272644,no_control
1061,0.7642951607704163,0.7642951607704163,no_control
1062,0.7696112990379333,0.7696112990379333,no_control
1063,0.7757144570350647,0.7757144570350647,no_control
1064,0.7864530682563782,0.7864530682563782,no_control
1065,0.7845945954322815,0.7845945954322815,no_control
1066,0.787096381187439,0.787096381187439,no_control
1067,0.7963391542434692,0.7963391542434692,no_control
1068,0.8184438347816467,0.8184438347816467,no_control
1069,0.8272714018821716,0.8272714018821716,no_control
1070,0.8521724939346313,0.8521724939346313,no_control
1071,0.8694047927856445,0.8694047927856445,no_control
1072,0.8814632296562195,0.8814632296562195,no_control
1073,0.8821497559547424,0.8821497559547424,no_control
1074,0.8763335347175598,0.8763335347175598,no_control
1075,0.8771304488182068,0.8771304488182068,no_control
1076,0.8797008395195007,0.8797008395195007,no_control
1077,0.8793402314186096,0.8793402314186096,no_control
1078,0.8806493282318115,0.8806493282318115,no_control
1079,0.8794829845428467,0.8794829845428467,no_control
1080,0.8756222724914551,0.8756222724914551,no_control
1081,0.8744485378265381,0.8744485378265381,no_control
1082,0.8731198906898499,0.8731198906898499,no_control
1083,0.875684916973114,0.875684916973114,no_control
1084,0.878984272480011,0.878984272480011,no_control
1085,0.877556562423706,0.877556562423706,no_control
1086,0.8813483715057373,0.8813483715057373,no_control
1087,0.8828993439674377,0.8828993439674377,no_control
1088,0.8816566467285156,0.8816566467285156,no_control
1089,0.8816950917243958,0.8816950917243958,no_control
1090,0.8833560943603516,0.8833560943603516,no_control
1091,0.8757580518722534,0.8757580518722534,no_control
1092,0.8752864003181458,0.8752864003181458,no_control
1093,0.8809087872505188,0.8809087872505188,no_control
1094,0.8903078436851501,0.8903078436851501,no_control
1095,0.8846929669380188,0.8846929669380188,no_control
1096,0.8788536787033081,0.8788536787033081,no_control
1097,0.8684595227241516,0.8684595227241516,no_control
1098,0.8736083507537842,0.8736083507537842,no_control
1099,0.8734207153320312,0.8734207153320312,no_control
1100,0.874483048915863,0.874483048915863,no_control
1101,0.8755434155464172,0.8755434155464172,no_control
1102,0.8748248219490051,0.8748248219490051,no_control
1103,0.8757168054580688,0.8757168054580688,no_control
1104,0.8784397840499878,0.8784397840499878,no_control
1105,0.8873342275619507,0.8873342275619507,no_control
1106,0.8940791487693787,0.8940791487693787,no_control
1107,0.8970198035240173,0.8970198035240173,no_control
1108,0.9014949202537537,0.9014949202537537,no_control
1109,0.9062452912330627,0.9062452912330627,no_control
1110,0.9165281057357788,0.9165281057357788,no_control
1111,0.930533766746521,0.930533766746521,no_control
1112,0.9331943988800049,0.9331943988800049,no_control
1113,0.9388463497161865,0.9388463497161865,no_control
1114,0.94016033411026,0.94016033411026,no_control
1115,0.9430903792381287,0.9430903792381287,no_control
1116,0.9354563355445862,0.9354563355445862,no_control
1117,0.9453074932098389,0.9453074932098389,no_control
1118,0.9353680610656738,0.9353680610656738,no_control
1119,0.9293313026428223,0.9293313026428223,no_control
1120,0.9240543246269226,0.9240543246269226,no_control
1121,0.9216032028198242,0.9216032028198242,no_control
1122,0.9221298098564148,0.9221298098564148,no_control
1123,0.921314537525177,0.921314537525177,no_control
1124,0.9179720282554626,0.9179720282554626,no_control
1125,0.9139875173568726,0.9139875173568726,no_control
1126,0.9118520617485046,0.9118520617485046,no_control
1127,0.9148792028427124,0.9148792028427124,no_control
1128,0.918663740158081,0.918663740158081,no_control
1129,0.9282751679420471,0.9282751679420471,no_control
1130,0.933992862701416,0.933992862701416,no_control
1131,0.940312385559082,0.940312385559082,no_control
1132,0.9422218799591064,0.9422218799591064,no_control
1133,0.9503733515739441,0.9503733515739441,no_control
1134,0.9576488137245178,0.9576488137245178,no_control
1135,0.964087724685669,0.964087724685669,no_control
1136,0.9821270704269409,0.9821270704269409,no_control
1137,0.9956986904144287,0.9956986904144287,no_control
1138,0.9890868067741394,0.9890868067741394,no_control
1139,0.9869259595870972,0.9869259595870972,no_control
1140,0.9882857799530029,0.9882857799530029,no_control
1141,0.9874485731124878,0.9874485731124878,no_control
1142,0.9858084321022034,0.9858084321022034,no_control
1143,0.9719029664993286,0.9719029664993286,no_control
1144,0.9672208428382874,0.9672208428382874,no_control
1145,0.9687723517417908,0.9687723517417908,no_control
1146,0.9756011962890625,0.9756011962890625,no_control
1147,0.9818465113639832,0.9818465113639832,no_control
1148,0.983050525188446,0.983050525188446,no_control
1149,0.9823842644691467,0.9823842644691467,no_control
1150,0.9788486361503601,0.9788486361503601,no_control
1151,0.9778569936752319,0.9778569936752319,no_control
1152,0.978481113910675,0.978481113910675,no_control
1153,0.9627938270568848,0.9627938270568848,no_control
1154,0.9483684301376343,0.9483684301376343,no_control
1155,0.9342809319496155,0.9342809319496155,no_control
1156,0.9227010607719421,0.9227010607719421,no_control
1157,0.9097235798835754,0.9097235798835754,no_control
1158,0.8976168036460876,0.8976168036460876,no_control
1159,0.8809407949447632,0.8809407949447632,no_control
1160,0.8672656416893005,0.8672656416893005,no_control
1161,0.8627542853355408,0.8627542853355408,no_control
1162,0.8628095984458923,0.8628095984458923,no_control
1163,0.8506486415863037,0.8506486415863037,no_control
1164,0.8414559960365295,0.8414559960365295,no_control
1165,0.8280109167098999,0.8280109167098999,no_control
1166,0.8181073665618896,0.8181073665618896,no_control
1167,0.8106233477592468,0.8106233477592468,no_control
1168,0.805568516254425,0.805568516254425,no_control
1169,0.8046905994415283,0.8046905994415283,no_control
1170,0.8072062134742737,0.8072062134742737,no_control
1171,0.8094480037689209,0.8094480037689209,no_control
1172,0.8128582239151001,0.8128582239151001,no_control
1173,0.8169297575950623,0.8169297575950623,no_control
1174,0.8190338611602783,0.8190338611602783,no_control
1175,0.8187992572784424,0.8187992572784424,no_control
1176,0.8168856501579285,0.8168856501579285,no_control
1177,0.8134366273880005,0.8134366273880005,no_control
1178,0.8167638182640076,0.8167638182640076,no_control
1179,0.8158506155014038,0.8158506155014038,no_control
1180,0.8210480213165283,0.8210480213165283,no_control
1181,0.8251034021377563,0.8251034021377563,no_control
1182,0.828203558921814,0.828203558921814,no_control
1183,0.8307004570960999,0.8307004570960999,no_control
1184,0.8251472115516663,0.8251472115516663,no_control
1185,0.8198603987693787,0.8198603987693787,no_control
1186,0.8179318904876709,0.8179318904876709,no_control
1187,0.8125027418136597,0.8125027418136597,no_control
1188,0.8012252449989319,0.8012252449989319,no_control
1189,0.7832795977592468,0.7832795977592468,no_control
1190,0.767703115940094,0.767703115940094,no_control
1191,0.7605236172676086,0.7605236172676086,no_control
1192,0.7569507360458374,0.7569507360458374,no_control
1193,0.7593532204627991,0.7593532204627991,no_control
1194,0.752119779586792,0.752119779586792,no_control
1195,0.7504919767379761,0.7504919767379761,no_control
1196,0.7501714825630188,0.7501714825630188,no_control
1197,0.750582218170166,0.750582218170166,no_control
1198,0.7553626894950867,0.7553626894950867,no_control
1199,0.7535325288772583,0.7535325288772583,no_control
1200,0.7515549659729004,0.7515549659729004,no_control
1201,0.7470782995223999,0.7470782995223999,no_control
1202,0.7474300861358643,0.7474300861358643,no_control
1203,0.7494454979896545,0.7494454979896545,no_control
1204,0.7457119822502136,0.7457119822502136,no_control
1205,0.7456263899803162,0.7456263899803162,no_control
1206,0.7427176237106323,0.7427176237106323,no_control
1207,0.7408598065376282,0.7408598065376282,no_control
1208,0.7372162938117981,0.7372162938117981,no_control
1209,0.7358978390693665,0.7358978390693665,no_control
1210,0.728009819984436,0.728009819984436,no_control
1211,0.7236719727516174,0.7236719727516174,no_control
1212,0.7168776988983154,0.7168776988983154,no_control
1213,0.7106310725212097,0.7106310725212097,no_control
1214,0.7047675848007202,0.7047675848007202,no_control
1215,0.6998103857040405,0.6998103857040405,no_control
1216,0.6956648230552673,0.6956648230552673,no_control
1217,0.69950932264328,0.69950932264328,no_control
1218,0.7003021836280823,0.7003021836280823,no_control
1219,0.7028906345367432,0.7028906345367432,no_control
1220,0.7040132284164429,0.7040132284164429,no_control
1221,0.7050406336784363,0.7050406336784363,no_control
1222,0.7080875635147095,0.7080875635147095,no_control
1223,0.7086360454559326,0.7086360454559326,no_control
1224,0.7123132348060608,0.7123132348060608,no_control
1225,0.7053514719009399,0.7053514719009399,no_control
1226,0.6934773921966553,0.6934773921966553,no_control
1227,0.6872987151145935,0.6872987151145935,no_control
1228,0.6757552027702332,0.6757552027702332,no_control
1229,0.6674060821533203,0.6674060821533203,no_control
1230,0.6554882526397705,0.6554882526397705,no_control
1231,0.6458014249801636,0.6458014249801636,no_control
1232,0.6347855925559998,0.6347855925559998,no_control
1233,0.6330176591873169,0.6330176591873169,no_control
1234,0.6271557211875916,0.6271557211875916,no_control
1235,0.621931254863739,0.621931254863739,no_control
1236,0.6126618385314941,0.6126618385314941,no_control
1237,0.6120630502700806,0.6120630502700806,no_control
1238,0.6154218316078186,0.6154218316078186,no_control
1239,0.6167794466018677,0.6167794466018677,no_control
1240,0.6189814805984497,0.6189814805984497,no_control
1241,0.6149991750717163,0.6149991750717163,no_control
1242,0.6136372089385986,0.6136372089385986,no_control
1243,0.6133775115013123,0.6133775115013123,no_control
1244,0.6145208477973938,0.6145208477973938,no_control
1245,0.6143531203269958,0.6143531203269958,no_control
1246,0.6080195903778076,0.6080195903778076,no_control
1247,0.6074769496917725,0.6074769496917725,no_control
1248,0.6042413115501404,0.6042413115501404,no_control
1249,0.6132121682167053,0.6132121682167053,no_control
1250,0.6181415915489197,0.6181415915489197,no_control
1251,0.6236955523490906,0.6236955523490906,no_control
1252,0.6247388124465942,0.6247388124465942,no_control
1253,0.6322042346000671,0.6322042346000671,no_control
1254,0.6407978534698486,0.6407978534698486,no_control
1255,0.6484754085540771,0.6484754085540771,no_control
1256,0.6652303338050842,0.6652303338050842,no_control
1257,0.6646300554275513,0.6646300554275513,no_control
1258,0.6760544776916504,0.6760544776916504,no_control
1259,0.6929504871368408,0.6929504871368408,no_control
1260,0.7090230584144592,0.7090230584144592,no_control
1261,0.7296130061149597,0.7296130061149597,no_control
1262,0.7478055953979492,0.7478055953979492,no_control
1263,0.7669841647148132,0.7669841647148132,no_control
1264,0.7774379253387451,0.7774379253387451,no_control
1265,0.7750476598739624,0.7750476598739624,no_control
1266,0.7738286852836609,0.7738286852836609,no_control
1267,0.7715526819229126,0.7715526819229126,no_control
1268,0.7714927196502686,0.7714927196502686,no_control
1269,0.7712964415550232,0.7712964415550232,no_control
1270,0.7712663412094116,0.7712663412094116,no_control
1271,0.7721401453018188,0.7721401453018188,no_control
1272,0.776642382144928,0.776642382144928,no_control
1273,0.7862969636917114,0.7862969636917114,no_control
1274,0.7939945459365845,0.7939945459365845,no_control
1275,0.800902247428894,0.800902247428894,no_control
1276,0.8042159676551819,0.8042159676551819,no_control
1277,0.8029500246047974,0.8029500246047974,no_control
1278,0.8073473572731018,0.8073473572731018,no_control
1279,0.8063706755638123,0.8063706755638123,no_control
1280,0.8098182082176208,0.8098182082176208,no_control
1281,0.8103198409080505,0.8103198409080505,no_control
1282,0.8184768557548523,0.8184768557548523,no_control
1283,0.8307934999465942,0.8307934999465942,no_control
1284,0.8553405404090881,0.8553405404090881,no_control
1285,0.874179482460022,0.874179482460022,no_control
1286,0.8906075954437256,0.8906075954437256,no_control
1287,0.9072904586791992,0.9072904586791992,no_control
1288,0.9164405465126038,0.9164405465126038,no_control
1289,0.9187197089195251,0.9187197089195251,no_control
1290,0.9196107387542725,0.9196107387542725,no_control
1291,0.9185718297958374,0.9185718297958374,no_control
1292,0.9185184240341187,0.9185184240341187,no_control
1293,0.9214557409286499,0.9214557409286499,no_control
1294,0.9269164204597473,0.9269164204597473,no_control
1295,0.9349334239959717,0.9349334239959717,no_control
1296,0.9434954524040222,0.9434954524040222,no_control
1297,0.9423773884773254,0.9423773884773254,no_control
1298,0.9374850988388062,0.9374850988388062,no_control
1299,0.9394397139549255,0.9394397139549255,no_control
1300,0.9458789825439453,0.9458789825439453,no_control
1301,0.9433246850967407,0.9433246850967407,no_control
1302,0.940399706363678,0.940399706363678,no_control
1303,0.9440559148788452,0.9440559148788452,no_control
1304,0.9426244497299194,0.9426244497299194,no_control
1305,0.9498670697212219,0.9498670697212219,no_control
1306,0.9438016414642334,0.9438016414642334,no_control
1307,0.9423418641090393,0.9423418641090393,no_control
1308,0.9467639327049255,0.9467639327049255,no_control
1309,0.9449682831764221,0.9449682831764221,no_control
1310,0.9424611330032349,0.9424611330032349,no_control
1311,0.9365819692611694,0.9365819692611694,no_control
1312,0.9360325336456299,0.9360325336456299,no_control
1313,0.9389570355415344,0.9389570355415344,no_control
1314,0.9368738532066345,0.9368738532066345,no_control
1315,0.93919438123703,0.93919438123703,no_control
1316,0.939883291721344,0.939883291721344,no_control
1317,0.9411405920982361,0.9411405920982361,no_control
1318,0.9422160983085632,0.9422160983085632,no_control
1319,0.9460209608078003,0.9460209608078003,no_control
1320,0.9404376149177551,0.9404376149177551,no_control
1321,0.9435473084449768,0.9435473084449768,no_control
1322,0.9510686993598938,0.9510686993598938,no_control
1323,0.9527639150619507,0.9527639150619507,no_control
1324,0.9621618390083313,0.9621618390083313,no_control
1325,0.9725358486175537,0.9725358486175537,no_control
1326,0.9826916456222534,0.9826916456222534,no_control
1327,0.9964231252670288,0.9964231252670288,no_control
1328,1.0014359951019287,1.0014359951019287,no_control
1329,0.9907050728797913,0.9907050728797913,no_control
1330,0.9911108613014221,0.9911108613014221,no_control
1331,0.9931463003158569,0.9931463003158569,no_control
1332,0.9904952645301819,0.9904952645301819,no_control
1333,0.9939479827880859,0.9939479827880859,no_control
1334,0.9991239309310913,0.9991239309310913,no_control
1335,1.0058846473693848,1.0058846473693848,no_control
1336,1.006070852279663,1.006070852279663,no_control
1337,1.0117911100387573,1.0117911100387573,no_control
1338,1.0072649717330933,1.0072649717330933,no_control
1339,1.0045151710510254,1.0045151710510254,no_control
1340,1.001173496246338,1.001173496246338,no_control
1341,0.9951577186584473,0.9951577186584473,no_control
1342,0.9894345998764038,0.9894345998764038,no_control
1343,0.9774868488311768,0.9774868488311768,no_control
1344,0.9660247564315796,0.9660247564315796,no_control
1345,0.9555988311767578,0.9555988311767578,no_control
1346,0.9488384127616882,0.9488384127616882,no_control
1347,0.9362049102783203,0.9362049102783203,no_control
1348,0.9251520037651062,0.9251520037651062,no_control
1349,0.9138815999031067,0.9138815999031067,no_control
1350,0.9058189392089844,0.9058189392089844,no_control
1351,0.8909863233566284,0.8909863233566284,no_control
1352,0.8741014003753662,0.8741014003753662,no_control
1353,0.8645418286323547,0.8645418286323547,no_control
1354,0.8681673407554626,0.8681673407554626,no_control
1355,0.8683305382728577,0.8683305382728577,no_control
1356,0.8663366436958313,0.8663366436958313,no_control
1357,0.8698707222938538,0.8698707222938538,no_control
1358,0.8753088116645813,0.8753088116645813,no_control
1359,0.8765147924423218,0.8765147924423218,no_control
1360,0.8794553279876709,0.8794553279876709,no_control
1361,0.8786717653274536,0.8786717653274536,no_control
1362,0.8765408992767334,0.8765408992767334,no_control
1363,0.8714786767959595,0.8714786767959595,no_control
1364,0.8686196804046631,0.8686196804046631,no_control
1365,0.8673052191734314,0.8673052191734314,no_control
1366,0.8630315661430359,0.8630315661430359,no_control
1367,0.8560929298400879,0.8560929298400879,no_control
1368,0.8559443354606628,0.8559443354606628,no_control
1369,0.8432032465934753,0.8432032465934753,no_control
1370,0.8274892568588257,0.8274892568588257,no_control
1371,0.816581666469574,0.816581666469574,no_control
1372,0.8074058294296265,0.8074058294296265,no_control
1373,0.7976663708686829,0.7976663708686829,no_control
1374,0.7790449261665344,0.7790449261665344,no_control
1375,0.7640344500541687,0.7640344500541687,no_control
1376,0.7586740851402283,0.7586740851402283,no_control
1377,0.7595658898353577,0.7595658898353577,no_control
1378,0.7620362639427185,0.7620362639427185,no_control
1379,0.7626465559005737,0.7626465559005737,no_control
1380,0.7612136602401733,0.7612136602401733,no_control
1381,0.7624266743659973,0.7624266743659973,no_control
1382,0.7621747255325317,0.7621747255325317,no_control
1383,0.7619803547859192,0.7619803547859192,no_control
1384,0.7662030458450317,0.7662030458450317,no_control
1385,0.7605262398719788,0.7605262398719788,no_control
1386,0.7612925171852112,0.7612925171852112,no_control
1387,0.7614381313323975,0.7614381313323975,no_control
1388,0.7605604529380798,0.7605604529380798,no_control
1389,0.7591117024421692,0.7591117024421692,no_control
1390,0.7588137984275818,0.7588137984275818,no_control
1391,0.7608598470687866,0.7608598470687866,no_control
1392,0.7600306868553162,0.7600306868553162,no_control
1393,0.7556871771812439,0.7556871771812439,no_control
1394,0.7518811225891113,0.7518811225891113,no_control
1395,0.747538149356842,0.747538149356842,no_control
1396,0.7448041439056396,0.7448041439056396,no_control
1397,0.7428367137908936,0.7428367137908936,no_control
1398,0.7393488883972168,0.7393488883972168,no_control
1399,0.7371953129768372,0.7371953129768372,no_control
1400,0.7370647192001343,0.7370647192001343,no_control
1401,0.7412481307983398,0.7412481307983398,no_control
1402,0.7333114147186279,0.7333114147186279,no_control
1403,0.7216047048568726,0.7216047048568726,no_control
1404,0.7070188522338867,0.7070188522338867,no_control
1405,0.6890848278999329,0.6890848278999329,no_control
1406,0.6762433648109436,0.6762433648109436,no_control
1407,0.6629375219345093,0.6629375219345093,no_control
1408,0.6541615724563599,0.6541615724563599,no_control
1409,0.6529554128646851,0.6529554128646851,no_control
1410,0.6556615829467773,0.6556615829467773,no_control
1411,0.6556513905525208,0.6556513905525208,no_control
1412,0.6533204913139343,0.6533204913139343,no_control
1413,0.6489851474761963,0.6489851474761963,no_control
1414,0.6463079452514648,0.6463079452514648,no_control
1415,0.640525758266449,0.640525758266449,no_control
1416,0.635460376739502,0.635460376739502,no_control
1417,0.6337547302246094,0.6337547302246094,no_control
1418,0.63349848985672,0.63349848985672,no_control
1419,0.6362479329109192,0.6362479329109192,no_control
1420,0.6303818225860596,0.6303818225860596,no_control
1421,0.6245518922805786,0.6245518922805786,no_control
1422,0.6251695156097412,0.6251695156097412,no_control
1423,0.6229619383811951,0.6229619383811951,no_control
1424,0.6126710176467896,0.6126710176467896,no_control
1425,0.6144216656684875,0.6144216656684875,no_control
1426,0.6098212003707886,0.6098212003707886,no_control
1427,0.6125543713569641,0.6125543713569641,no_control
1428,0.615932822227478,0.615932822227478,no_control
1429,0.6099807024002075,0.6099807024002075,no_control
1430,0.6061514019966125,0.6061514019966125,no_control
1431,0.6043843626976013,0.6043843626976013,no_control
1432,0.6024636626243591,0.6024636626243591,no_control
1433,0.604871928691864,0.604871928691864,no_control
1434,0.6085107326507568,0.6085107326507568,no_control
1435,0.6107258796691895,0.6107258796691895,no_control
1436,0.6122544407844543,0.6122544407844543,no_control
1437,0.6129483580589294,0.6129483580589294,no_control
1438,0.6151037812232971,0.6151037812232971,no_control
1439,0.6226969957351685,0.6226969957351685,no_control
1440,0.6337352991104126,0.6337352991104126,no_control
1441,0.6546207666397095,0.6546207666397095,no_control
1442,0.6803470253944397,0.6803470253944397,no_control
1443,0.7052986025810242,0.7052986025810242,no_control
1444,0.725251317024231,0.725251317024231,no_control
1445,0.7471894025802612,0.7471894025802612,no_control
1446,0.7714585661888123,0.7714585661888123,no_control
1447,0.7954890727996826,0.7954890727996826,no_control
1448,0.8190979957580566,0.8190979957580566,no_control
1449,0.8162600994110107,0.8162600994110107,no_control
1450,0.816866397857666,0.816866397857666,no_control
1451,0.8246570825576782,0.8246570825576782,no_control
1452,0.8354477882385254,0.8354477882385254,no_control
1453,0.8514618873596191,0.8514618873596191,no_control
1454,0.8621045351028442,0.8621045351028442,no_control
1455,0.8742311000823975,0.8742311000823975,no_control
1456,0.8843477368354797,0.8843477368354797,no_control
1457,0.8869434595108032,0.8869434595108032,no_control
1458,0.885225236415863,0.885225236415863,no_control
1459,0.8850045800209045,0.8850045800209045,no_control
1460,0.8873242139816284,0.8873242139816284,no_control
1461,0.889135479927063,0.889135479927063,no_control
1462,0.8902494311332703,0.8902494311332703,no_control
1463,0.8977289199829102,0.8977289199829102,no_control
1464,0.902835488319397,0.902835488319397,no_control
1465,0.9096314907073975,0.9096314907073975,no_control
1466,0.9149035811424255,0.9149035811424255,no_control
1467,0.9176264405250549,0.9176264405250549,no_control
1468,0.9262282848358154,0.9262282848358154,no_control
1469,0.936342179775238,0.936342179775238,no_control
1470,0.9480905532836914,0.9480905532836914,no_control
1471,0.9612036347389221,0.9612036347389221,no_control
1472,0.9685332775115967,0.9685332775115967,no_control
1473,0.9789787530899048,0.9789787530899048,no_control
1474,0.9805290699005127,0.9805290699005127,no_control
1475,0.9774953722953796,0.9774953722953796,no_control
1476,0.9760570526123047,0.9760570526123047,no_control
1477,0.9759652614593506,0.9759652614593506,no_control
1478,0.9730964303016663,0.9730964303016663,no_control
1479,0.9733222126960754,0.9733222126960754,no_control
1480,0.9702333211898804,0.9702333211898804,no_control
1481,0.9725268483161926,0.9725268483161926,no_control
1482,0.9740655422210693,0.9740655422210693,no_control
1483,0.9737750887870789,0.9737750887870789,no_control
1484,0.9729716777801514,0.9729716777801514,no_control
1485,0.9738451838493347,0.9738451838493347,no_control
1486,0.9764852523803711,0.9764852523803711,no_control
1487,0.9696349501609802,0.9696349501609802,no_control
1488,0.9621416926383972,0.9621416926383972,no_control
1489,0.959475040435791,0.959475040435791,no_control
1490,0.9461497664451599,0.9461497664451599,no_control
1491,0.9409769177436829,0.9409769177436829,no_control
1492,0.9390814900398254,0.9390814900398254,no_control
1493,0.9322505593299866,0.9322505593299866,no_control
1494,0.9300878643989563,0.9300878643989563,no_control
1495,0.9260358810424805,0.9260358810424805,no_control
1496,0.9196194410324097,0.9196194410324097,no_control
1497,0.9350184798240662,0.9350184798240662,no_control
1498,0.9376468062400818,0.9376468062400818,no_control
1499,0.9383628368377686,0.9383628368377686,no_control
1500,0.934444010257721,0.934444010257721,no_control
1501,0.9228976964950562,0.9228976964950562,no_control
1502,0.9101852178573608,0.9101852178573608,no_control
1503,0.8988218307495117,0.8988218307495117,no_control
1504,0.8909311890602112,0.8909311890602112,no_control
1505,0.8961763978004456,0.8961763978004456,no_control
1506,0.9011949300765991,0.9011949300765991,no_control
1507,0.9038030505180359,0.9038030505180359,no_control
1508,0.9039575457572937,0.9039575457572937,no_control
1509,0.9037722945213318,0.9037722945213318,no_control
1510,0.905095636844635,0.905095636844635,no_control
1511,0.9053481221199036,0.9053481221199036,no_control
1512,0.9052941799163818,0.9052941799163818,no_control
1513,0.9071786403656006,0.9071786403656006,no_control
1514,0.9074909090995789,0.9074909090995789,no_control
1515,0.907809317111969,0.907809317111969,no_control
1516,0.9068079590797424,0.9068079590797424,no_control
1517,0.9027565717697144,0.9027565717697144,no_control
1518,0.8911373019218445,0.8911373019218445,no_control
1519,0.8787516951560974,0.8787516951560974,no_control
1520,0.8767571449279785,0.8767571449279785,no_control
1521,0.870553731918335,0.870553731918335,no_control
1522,0.8695406317710876,0.8695406317710876,no_control
1523,0.8552405834197998,0.8552405834197998,no_control
1524,0.8368854522705078,0.8368854522705078,no_control
1525,0.8187990784645081,0.8187990784645081,no_control
1526,0.8020341396331787,0.8020341396331787,no_control
1527,0.7870014905929565,0.7870014905929565,no_control
1528,0.778049647808075,0.778049647808075,no_control
1529,0.7745575904846191,0.7745575904846191,no_control
1530,0.7750533223152161,0.7750533223152161,no_control
1531,0.7749890089035034,0.7749890089035034,no_control
1532,0.7779287695884705,0.7779287695884705,no_control
1533,0.7782845497131348,0.7782845497131348,no_control
1534,0.7765392065048218,0.7765392065048218,no_control
1535,0.7749096155166626,0.7749096155166626,no_control
1536,0.7736571431159973,0.7736571431159973,no_control
1537,0.7569475173950195,0.7569475173950195,no_control
1538,0.7484785914421082,0.7484785914421082,no_control
1539,0.7295572757720947,0.7295572757720947,no_control
1540,0.7155799269676208,0.7155799269676208,no_control
1541,0.7023112773895264,0.7023112773895264,no_control
1542,0.68201744556427,0.68201744556427,no_control
1543,0.6623109579086304,0.6623109579086304,no_control
1544,0.6451890468597412,0.6451890468597412,no_control
1545,0.6343788504600525,0.6343788504600525,no_control
1546,0.6262226104736328,0.6262226104736328,no_control
1547,0.613567054271698,0.613567054271698,no_control
1548,0.6006671786308289,0.6006671786308289,no_control
1549,0.5910421013832092,0.5910421013832092,no_control
1550,0.5823605060577393,0.5823605060577393,no_control
1551,0.5777462124824524,0.5777462124824524,no_control
1552,0.5700754523277283,0.5700754523277283,no_control
1553,0.563361644744873,0.563361644744873,no_control
1554,0.5606973767280579,0.5606973767280579,no_control
1555,0.5624857544898987,0.5624857544898987,no_control
1556,0.5624894499778748,0.5624894499778748,no_control
1557,0.5640725493431091,0.5640725493431091,no_control
1558,0.565005362033844,0.565005362033844,no_control
1559,0.561418354511261,0.561418354511261,no_control
1560,0.5590922236442566,0.5590922236442566,no_control
1561,0.5573309063911438,0.5573309063911438,no_control
1562,0.558501660823822,0.558501660823822,no_control
1563,0.5577499866485596,0.5577499866485596,no_control
1564,0.5573698282241821,0.5573698282241821,no_control
1565,0.5615441799163818,0.5615441799163818,no_control
1566,0.5670421719551086,0.5670421719551086,no_control
1567,0.5724062323570251,0.5724062323570251,no_control
1568,0.5716134905815125,0.5716134905815125,no_control
1569,0.5718956589698792,0.5718956589698792,no_control
1570,0.5621958374977112,0.5621958374977112,no_control
1571,0.5564835071563721,0.5564835071563721,no_control
1572,0.5518170595169067,0.5518170595169067,no_control
1573,0.5512344241142273,0.5512344241142273,no_control
1574,0.5470795631408691,0.5470795631408691,no_control
1575,0.5422857999801636,0.5422857999801636,no_control
1576,0.5395471453666687,0.5395471453666687,no_control
1577,0.538770854473114,0.538770854473114,no_control
1578,0.5377808809280396,0.5377808809280396,no_control
1579,0.5387306213378906,0.5387306213378906,no_control
1580,0.5402340292930603,0.5402340292930603,no_control
1581,0.5422337055206299,0.5422337055206299,no_control
1582,0.5465717911720276,0.5465717911720276,no_control
1583,0.5510483980178833,0.5510483980178833,no_control
1584,0.5563091039657593,0.5563091039657593,no_control
1585,0.5624621510505676,0.5624621510505676,no_control
1586,0.5680361390113831,0.5680361390113831,no_control
1587,0.5785558819770813,0.5785558819770813,no_control
1588,0.5849781036376953,0.5849781036376953,no_control
1589,0.594826340675354,0.594826340675354,no_control
1590,0.6048911809921265,0.6048911809921265,no_control
1591,0.6163924932479858,0.6163924932479858,no_control
1592,0.6253103017807007,0.6253103017807007,no_control
1593,0.6248793005943298,0.6248793005943298,no_control
1594,0.6330299377441406,0.6330299377441406,no_control
1595,0.6380578279495239,0.6380578279495239,no_control
1596,0.6452828645706177,0.6452828645706177,no_control
1597,0.6525554656982422,0.6525554656982422,no_control
1598,0.6607646942138672,0.6607646942138672,no_control
1599,0.6702253222465515,0.6702253222465515,no_control
1600,0.6829642653465271,0.6829642653465271,no_control
1601,0.6942111253738403,0.6942111253738403,no_control
1602,0.7023576498031616,0.7023576498031616,no_control
1603,0.708148181438446,0.708148181438446,no_control
1604,0.7177876234054565,0.7177876234054565,no_control
1605,0.7283689379692078,0.7283689379692078,no_control
1606,0.7385291457176208,0.7385291457176208,no_control
1607,0.7506484985351562,0.7506484985351562,no_control
1608,0.7587100863456726,0.7587100863456726,no_control
1609,0.7563673853874207,0.7563673853874207,no_control
1610,0.7605646252632141,0.7605646252632141,no_control
1611,0.7658562660217285,0.7658562660217285,no_control
1612,0.7712084650993347,0.7712084650993347,no_control
1613,0.7724723815917969,0.7724723815917969,no_control
1614,0.7783839106559753,0.7783839106559753,no_control
1615,0.7775989770889282,0.7775989770889282,no_control
1616,0.7811133861541748,0.7811133861541748,no_control
1617,0.7758696675300598,0.7758696675300598,no_control
1618,0.7812354564666748,0.7812354564666748,no_control
1619,0.7918381690979004,0.7918381690979004,no_control
1620,0.8059127330780029,0.8059127330780029,no_control
1621,0.8148109912872314,0.8148109912872314,no_control
1622,0.8283787965774536,0.8283787965774536,no_control
1623,0.8410623073577881,0.8410623073577881,no_control
1624,0.8533366322517395,0.8533366322517395,no_control
1625,0.8570753931999207,0.8570753931999207,no_control
1626,0.8561649322509766,0.8561649322509766,no_control
1627,0.8555240035057068,0.8555240035057068,no_control
1628,0.8545703291893005,0.8545703291893005,no_control
1629,0.8540443181991577,0.8540443181991577,no_control
1630,0.851851224899292,0.851851224899292,no_control
1631,0.8529142737388611,0.8529142737388611,no_control
1632,0.8530575037002563,0.8530575037002563,no_control
1633,0.853472113609314,0.853472113609314,no_control
1634,0.8580295443534851,0.8580295443534851,no_control
1635,0.8694249391555786,0.8694249391555786,no_control
1636,0.8800864815711975,0.8800864815711975,no_control
1637,0.8848590850830078,0.8848590850830078,no_control
1638,0.8916251063346863,0.8916251063346863,no_control
1639,0.8972547650337219,0.8972547650337219,no_control
1640,0.9083825349807739,0.9083825349807739,no_control
1641,0.9039492011070251,0.9039492011070251,no_control
1642,0.8895977735519409,0.8895977735519409,no_control
1643,0.8768436908721924,0.8768436908721924,no_control
1644,0.8627870082855225,0.8627870082855225,no_control
1645,0.8497877717018127,0.8497877717018127,no_control
1646,0.8338258266448975,0.8338258266448975,no_control
1647,0.8213096261024475,0.8213096261024475,no_control
1648,0.8072333931922913,0.8072333931922913,no_control
1649,0.7926934957504272,0.7926934957504272,no_control
1650,0.782829999923706,0.782829999923706,no_control
1651,0.7730655074119568,0.7730655074119568,no_control
1652,0.7632395625114441,0.7632395625114441,no_control
1653,0.7519911527633667,0.7519911527633667,no_control
1654,0.743850827217102,0.743850827217102,no_control
1655,0.7365762591362,0.7365762591362,no_control
1656,0.7308313250541687,0.7308313250541687,no_control
1657,0.7326473593711853,0.7326473593711853,no_control
1658,0.7300341725349426,0.7300341725349426,no_control
1659,0.7265117168426514,0.7265117168426514,no_control
1660,0.7273621559143066,0.7273621559143066,no_control
1661,0.726344645023346,0.726344645023346,no_control
1662,0.7250804305076599,0.7250804305076599,no_control
1663,0.7268574237823486,0.7268574237823486,no_control
1664,0.7261734008789062,0.7261734008789062,no_control
1665,0.731121838092804,0.731121838092804,no_control
1666,0.7266218066215515,0.7266218066215515,no_control
1667,0.713890016078949,0.713890016078949,no_control
1668,0.7000727653503418,0.7000727653503418,no_control
1669,0.6870859265327454,0.6870859265327454,no_control
1670,0.669498860836029,0.669498860836029,no_control
1671,0.6536436676979065,0.6536436676979065,no_control
1672,0.6417447924613953,0.6417447924613953,no_control
1673,0.6414609551429749,0.6414609551429749,no_control
1674,0.6471652984619141,0.6471652984619141,no_control
1675,0.65216463804245,0.65216463804245,no_control
1676,0.6545817852020264,0.6545817852020264,no_control
1677,0.6577706933021545,0.6577706933021545,no_control
1678,0.6597933173179626,0.6597933173179626,no_control
1679,0.6591240763664246,0.6591240763664246,no_control
1680,0.6591848731040955,0.6591848731040955,no_control
1681,0.6539233326911926,0.6539233326911926,no_control
1682,0.6457341313362122,0.6457341313362122,no_control
1683,0.6344743371009827,0.6344743371009827,no_control
1684,0.6247901320457458,0.6247901320457458,no_control
1685,0.6210573315620422,0.6210573315620422,no_control
1686,0.6125944256782532,0.6125944256782532,no_control
1687,0.6043964624404907,0.6043964624404907,no_control
1688,0.5910104513168335,0.5910104513168335,no_control
1689,0.5969851613044739,0.5969851613044739,no_control
1690,0.6077817678451538,0.6077817678451538,no_control
1691,0.613774836063385,0.613774836063385,no_control
1692,0.6199744343757629,0.6199744343757629,no_control
1693,0.6180360913276672,0.6180360913276672,no_control
1694,0.6221973299980164,0.6221973299980164,no_control
1695,0.6267868280410767,0.6267868280410767,no_control
1696,0.6347729563713074,0.6347729563713074,no_control
1697,0.6441389918327332,0.6441389918327332,no_control
1698,0.6517231464385986,0.6517231464385986,no_control
1699,0.658210039138794,0.658210039138794,no_control
1700,0.6639536023139954,0.6639536023139954,no_control
1701,0.6695430874824524,0.6695430874824524,no_control
1702,0.6699525117874146,0.6699525117874146,no_control
1703,0.6680907607078552,0.6680907607078552,no_control
1704,0.6666913628578186,0.6666913628578186,no_control
1705,0.6630080938339233,0.6630080938339233,no_control
1706,0.6599990725517273,0.6599990725517273,no_control
1707,0.6588046550750732,0.6588046550750732,no_control
1708,0.6550121903419495,0.6550121903419495,no_control
1709,0.6528574228286743,0.6528574228286743,no_control
1710,0.6506561636924744,0.6506561636924744,no_control
1711,0.6503459811210632,0.6503459811210632,no_control
1712,0.6492961049079895,0.6492961049079895,no_control
1713,0.6460427641868591,0.6460427641868591,no_control
1714,0.6496240496635437,0.6496240496635437,no_control
1715,0.6524665355682373,0.6524665355682373,no_control
1716,0.6529779434204102,0.6529779434204102,no_control
1717,0.6519851088523865,0.6519851088523865,no_control
1718,0.6546359062194824,0.6546359062194824,no_control
1719,0.6574086546897888,0.6574086546897888,no_control
1720,0.6585903167724609,0.6585903167724609,no_control
1721,0.6579935550689697,0.6579935550689697,no_control
1722,0.6571853160858154,0.6571853160858154,no_control
1723,0.6567861437797546,0.6567861437797546,no_control
1724,0.6577223539352417,0.6577223539352417,no_control
1725,0.6573695540428162,0.6573695540428162,no_control
1726,0.6589256525039673,0.6589256525039673,no_control
1727,0.6586641073226929,0.6586641073226929,no_control
1728,0.6583924889564514,0.6583924889564514,no_control
1729,0.6625369191169739,0.6625369191169739,no_control
1730,0.662484884262085,0.662484884262085,no_control
1731,0.660996675491333,0.660996675491333,no_control
1732,0.660565197467804,0.660565197467804,no_control
1733,0.6589240431785583,0.6589240431785583,no_control
1734,0.6603507995605469,0.6603507995605469,no_control
1735,0.6609441637992859,0.6609441637992859,no_control
1736,0.65931236743927,0.65931236743927,no_control
1737,0.6564252972602844,0.6564252972602844,no_control
1738,0.658713698387146,0.658713698387146,no_control
1739,0.6670266389846802,0.6670266389846802,no_control
1740,0.6695221662521362,0.6695221662521362,no_control
1741,0.6772690415382385,0.6772690415382385,no_control
1742,0.6826172471046448,0.6826172471046448,no_control
1743,0.686894953250885,0.686894953250885,no_control
1744,0.6870533227920532,0.6870533227920532,no_control
1745,0.6911264657974243,0.6911264657974243,no_control
1746,0.6942371726036072,0.6942371726036072,no_control
1747,0.6969634890556335,0.6969634890556335,no_control
1748,0.6992248296737671,0.6992248296737671,no_control
1749,0.7003745436668396,0.7003745436668396,no_control
1750,0.7032758593559265,0.7032758593559265,no_control
1751,0.7057304382324219,0.7057304382324219,no_control
1752,0.7077520489692688,0.7077520489692688,no_control
1753,0.7099905014038086,0.7099905014038086,no_control
1754,0.7147901654243469,0.7147901654243469,no_control
1755,0.7200412750244141,0.7200412750244141,no_control
1756,0.7259183526039124,0.7259183526039124,no_control
1757,0.7304914593696594,0.7304914593696594,no_control
1758,0.7357245683670044,0.7357245683670044,no_control
1759,0.7367438673973083,0.7367438673973083,no_control
1760,0.7420507073402405,0.7420507073402405,no_control
1761,0.7429978847503662,0.7429978847503662,no_control
1762,0.744303286075592,0.744303286075592,no_control
1763,0.7455410957336426,0.7455410957336426,no_control
1764,0.7481938600540161,0.7481938600540161,no_control
1765,0.74737548828125,0.74737548828125,no_control
1766,0.7468443512916565,0.7468443512916565,no_control
1767,0.7491238713264465,0.7491238713264465,no_control
1768,0.7541474103927612,0.7541474103927612,no_control
1769,0.7568775415420532,0.7568775415420532,no_control
1770,0.7601743340492249,0.7601743340492249,no_control
1771,0.760456383228302,0.760456383228302,no_control
1772,0.7615270018577576,0.7615270018577576,no_control
1773,0.76279616355896,0.76279616355896,no_control
1774,0.76299649477005,0.76299649477005,no_control
1775,0.765213131904602,0.765213131904602,no_control
1776,0.7615270018577576,0.7615270018577576,no_control
1777,0.762416660785675,0.762416660785675,no_control
1778,0.7671334743499756,0.7671334743499756,no_control
1779,0.7721197009086609,0.7721197009086609,no_control
1780,0.7775301337242126,0.7775301337242126,no_control
1781,0.7843733429908752,0.7843733429908752,no_control
1782,0.7913740277290344,0.7913740277290344,no_control
1783,0.7979426980018616,0.7979426980018616,no_control
1784,0.8067535161972046,0.8067535161972046,no_control
1785,0.807407557964325,0.807407557964325,no_control
1786,0.7992404103279114,0.7992404103279114,no_control
1787,0.7915952205657959,0.7915952205657959,no_control
1788,0.7946224212646484,0.7946224212646484,no_control
1789,0.8038219213485718,0.8038219213485718,no_control
1790,0.8169426918029785,0.8169426918029785,no_control
1791,0.8245301842689514,0.8245301842689514,no_control
1792,0.832976222038269,0.832976222038269,no_control
1793,0.8236291408538818,0.8236291408538818,no_control
1794,0.8184056878089905,0.8184056878089905,no_control
1795,0.8162072896957397,0.8162072896957397,no_control
1796,0.8177692294120789,0.8177692294120789,no_control
1797,0.82025146484375,0.82025146484375,no_control
1798,0.8252662420272827,0.8252662420272827,no_control
1799,0.8340497612953186,0.8340497612953186,no_control
1800,0.8427992463111877,0.8427992463111877,no_control
1801,0.8588659167289734,0.8588659167289734,no_control
1802,0.867879331111908,0.867879331111908,no_control
1803,0.8757092952728271,0.8757092952728271,no_control
1804,0.8814489245414734,0.8814489245414734,no_control
1805,0.8899363875389099,0.8899363875389099,no_control
1806,0.9039093255996704,0.9039093255996704,no_control
1807,0.9218726754188538,0.9218726754188538,no_control
1808,0.9393972158432007,0.9393972158432007,no_control
1809,0.9525734186172485,0.9525734186172485,no_control
1810,0.9589130878448486,0.9589130878448486,no_control
1811,0.9794066548347473,0.9794066548347473,no_control
1812,1.0048877000808716,1.0048877000808716,no_control
1813,1.0384337902069092,1.0384337902069092,no_control
1814,1.074142336845398,1.074142336845398,no_control
1815,1.0959469079971313,1.0959469079971313,no_control
1816,1.1096299886703491,1.1096299886703491,no_control
1817,1.0992008447647095,1.0992008447647095,no_control
1818,1.0916345119476318,1.0916345119476318,no_control
1819,1.087802767753601,1.087802767753601,no_control
1820,1.087385892868042,1.087385892868042,no_control
1821,1.0860040187835693,1.0860040187835693,no_control
1822,1.0854922533035278,1.0854922533035278,no_control
1823,1.0815982818603516,1.0815982818603516,no_control
1824,1.0830410718917847,1.0830410718917847,no_control
1825,1.086008071899414,1.086008071899414,no_control
1826,1.0907405614852905,1.0907405614852905,no_control
1827,1.0929570198059082,1.0929570198059082,no_control
1828,1.091205358505249,1.091205358505249,no_control
1829,1.0886417627334595,1.0886417627334595,no_control
1830,1.0852431058883667,1.0852431058883667,no_control
1831,1.0813578367233276,1.0813578367233276,no_control
1832,1.0830539464950562,1.0830539464950562,no_control
1833,1.0863699913024902,1.0863699913024902,no_control
1834,1.0994727611541748,1.0994727611541748,no_control
1835,1.1246004104614258,1.1246004104614258,no_control
1836,1.1502726078033447,1.1502726078033447,no_control
1837,1.1724294424057007,1.1724294424057007,no_control
1838,1.179757833480835,1.179757833480835,no_control
1839,1.1855740547180176,1.1855740547180176,no_control
1840,1.1858097314834595,1.1858097314834595,no_control
1841,1.1831755638122559,1.1831755638122559,no_control
1842,1.1817370653152466,1.1817370653152466,no_control
1843,1.1791974306106567,1.1791974306106567,no_control
1844,1.1752526760101318,1.1752526760101318,no_control
1845,1.1723346710205078,1.1723346710205078,no_control
1846,1.1674681901931763,1.1674681901931763,no_control
1847,1.1619843244552612,1.1619843244552612,no_control
1848,1.1575303077697754,1.1575303077697754,no_control
1849,1.149071216583252,1.149071216583252,no_control
1850,1.1462252140045166,1.1462252140045166,no_control
1851,1.143354892730713,1.143354892730713,no_control
1852,1.143781304359436,1.143781304359436,no_control
1853,1.1428351402282715,1.1428351402282715,no_control
1854,1.1432673931121826,1.1432673931121826,no_control
1855,1.145451307296753,1.145451307296753,no_control
1856,1.1506041288375854,1.1506041288375854,no_control
1857,1.1459342241287231,1.1459342241287231,no_control
1858,1.1422295570373535,1.1422295570373535,no_control
1859,1.1429349184036255,1.1429349184036255,no_control
1860,1.1427842378616333,1.1427842378616333,no_control
1861,1.1415941715240479,1.1415941715240479,no_control
1862,1.1382052898406982,1.1382052898406982,no_control
1863,1.1388241052627563,1.1388241052627563,no_control
1864,1.140347957611084,1.140347957611084,no_control
1865,1.1436684131622314,1.1436684131622314,no_control
1866,1.1481764316558838,1.1481764316558838,no_control
1867,1.1533986330032349,1.1533986330032349,no_control
1868,1.156494379043579,1.156494379043579,no_control
1869,1.1621206998825073,1.1621206998825073,no_control
1870,1.167551875114441,1.167551875114441,no_control
1871,1.1752063035964966,1.1752063035964966,no_control
1872,1.1784604787826538,1.1784604787826538,no_control
1873,1.1781421899795532,1.1781421899795532,no_control
1874,1.1760132312774658,1.1760132312774658,no_control
1875,1.173557996749878,1.173557996749878,no_control
1876,1.174404501914978,1.174404501914978,no_control
1877,1.173984169960022,1.173984169960022,no_control
1878,1.1779965162277222,1.1779965162277222,no_control
1879,1.179816484451294,1.179816484451294,no_control
1880,1.1785478591918945,1.1785478591918945,no_control
1881,1.172869086265564,1.172869086265564,no_control
1882,1.1689296960830688,1.1689296960830688,no_control
1883,1.1621447801589966,1.1621447801589966,no_control
1884,1.1509270668029785,1.1509270668029785,no_control
1885,1.1367487907409668,1.1367487907409668,no_control
1886,1.139072299003601,1.139072299003601,no_control
1887,1.143466830253601,1.143466830253601,no_control
1888,1.1511026620864868,1.1511026620864868,no_control
1889,1.1506056785583496,1.1506056785583496,no_control
1890,1.158389925956726,1.158389925956726,no_control
1891,1.1624525785446167,1.1624525785446167,no_control
1892,1.1629197597503662,1.1629197597503662,no_control
1893,1.1610945463180542,1.1610945463180542,no_control
1894,1.1610040664672852,1.1610040664672852,no_control
1895,1.1609125137329102,1.1609125137329102,no_control
1896,1.1625808477401733,1.1625808477401733,no_control
1897,1.1580408811569214,1.1580408811569214,no_control
1898,1.1484930515289307,1.1484930515289307,no_control
1899,1.1379725933074951,1.1379725933074951,no_control
1900,1.124618411064148,1.124618411064148,no_control
1901,1.112438440322876,1.112438440322876,no_control
1902,1.0972468852996826,1.0972468852996826,no_control
1903,1.0770926475524902,1.0770926475524902,no_control
1904,1.0570855140686035,1.0570855140686035,no_control
1905,1.0489641427993774,1.0489641427993774,no_control
1906,1.041331171989441,1.041331171989441,no_control
1907,1.0228925943374634,1.0228925943374634,no_control
1908,0.9949747920036316,0.9949747920036316,no_control
1909,0.9691110253334045,0.9691110253334045,no_control
1910,0.9441146850585938,0.9441146850585938,no_control
1911,0.9225843548774719,0.9225843548774719,no_control
1912,0.9017932415008545,0.9017932415008545,no_control
1913,0.9034156799316406,0.9034156799316406,no_control
1914,0.9023818373680115,0.9023818373680115,no_control
1915,0.9059526324272156,0.9059526324272156,no_control
1916,0.9036180377006531,0.9036180377006531,no_control
1917,0.9002084732055664,0.9002084732055664,no_control
1918,0.8957414627075195,0.8957414627075195,no_control
1919,0.8919616341590881,0.8919616341590881,no_control
1920,0.8884533643722534,0.8884533643722534,no_control
1921,0.895844042301178,0.895844042301178,no_control
1922,0.9022884368896484,0.9022884368896484,no_control
1923,0.9087286591529846,0.9087286591529846,no_control
1924,0.9113878011703491,0.9113878011703491,no_control
1925,0.9143808484077454,0.9143808484077454,no_control
1926,0.9119969606399536,0.9119969606399536,no_control
1927,0.9161896705627441,0.9161896705627441,no_control
1928,0.9197628498077393,0.9197628498077393,no_control
1929,0.9243810176849365,0.9243810176849365,no_control
1930,0.9164979457855225,0.9164979457855225,no_control
1931,0.9003366827964783,0.9003366827964783,no_control
1932,0.8868741989135742,0.8868741989135742,no_control
1933,0.8701079487800598,0.8701079487800598,no_control
1934,0.8541986346244812,0.8541986346244812,no_control
1935,0.8490787744522095,0.8490787744522095,no_control
1936,0.8473657369613647,0.8473657369613647,no_control
1937,0.8502377271652222,0.8502377271652222,no_control
1938,0.8427461385726929,0.8427461385726929,no_control
1939,0.8394634127616882,0.8394634127616882,no_control
1940,0.8411084413528442,0.8411084413528442,no_control
1941,0.8439452052116394,0.8439452052116394,no_control
1942,0.8404984474182129,0.8404984474182129,no_control
1943,0.8359661102294922,0.8359661102294922,no_control
1944,0.8291970491409302,0.8291970491409302,no_control
1945,0.8214254975318909,0.8214254975318909,no_control
1946,0.8144090175628662,0.8144090175628662,no_control
1947,0.813092827796936,0.813092827796936,no_control
1948,0.8137368559837341,0.8137368559837341,no_control
1949,0.8147542476654053,0.8147542476654053,no_control
1950,0.8120917677879333,0.8120917677879333,no_control
1951,0.8123577833175659,0.8123577833175659,no_control
1952,0.8108185529708862,0.8108185529708862,no_control
1953,0.8108455538749695,0.8108455538749695,no_control
1954,0.821845293045044,0.821845293045044,no_control
1955,0.8333672881126404,0.8333672881126404,no_control
1956,0.8506274819374084,0.8506274819374084,no_control
1957,0.8648029565811157,0.8648029565811157,no_control
1958,0.8778268694877625,0.8778268694877625,no_control
1959,0.8887878060340881,0.8887878060340881,no_control
1960,0.8999418020248413,0.8999418020248413,no_control
1961,0.8967097401618958,0.8967097401618958,no_control
1962,0.8909503817558289,0.8909503817558289,no_control
1963,0.8766933679580688,0.8766933679580688,no_control
1964,0.8716872334480286,0.8716872334480286,no_control
1965,0.8651162385940552,0.8651162385940552,no_control
1966,0.8601765632629395,0.8601765632629395,no_control
1967,0.8554057478904724,0.8554057478904724,no_control
1968,0.8596851229667664,0.8596851229667664,no_control
1969,0.8453727960586548,0.8453727960586548,no_control
1970,0.833389401435852,0.833389401435852,no_control
1971,0.8244602084159851,0.8244602084159851,no_control
1972,0.8164798617362976,0.8164798617362976,no_control
1973,0.8099792003631592,0.8099792003631592,no_control
1974,0.8045561909675598,0.8045561909675598,no_control
1975,0.7987312078475952,0.7987312078475952,no_control
1976,0.7883806824684143,0.7883806824684143,no_control
1977,0.7889893054962158,0.7889893054962158,no_control
1978,0.7847627401351929,0.7847627401351929,no_control
1979,0.7790053486824036,0.7790053486824036,no_control
1980,0.7688573598861694,0.7688573598861694,no_control
1981,0.7618288397789001,0.7618288397789001,no_control
1982,0.7510726451873779,0.7510726451873779,no_control
1983,0.7326658368110657,0.7326658368110657,no_control
1984,0.7145074009895325,0.7145074009895325,no_control
1985,0.7117199897766113,0.7117199897766113,no_control
1986,0.7122743725776672,0.7122743725776672,no_control
1987,0.7095889449119568,0.7095889449119568,no_control
1988,0.7033611536026001,0.7033611536026001,no_control
1989,0.6993594169616699,0.6993594169616699,no_control
1990,0.6999667882919312,0.6999667882919312,no_control
1991,0.7013454437255859,0.7013454437255859,no_control
1992,0.7037990093231201,0.7037990093231201,no_control
1993,0.7178506255149841,0.7178506255149841,no_control
1994,0.7355913519859314,0.7355913519859314,no_control
1995,0.7457180023193359,0.7457180023193359,no_control
1996,0.7559002041816711,0.7559002041816711,no_control
1997,0.7655332088470459,0.7655332088470459,no_control
1998,0.779171884059906,0.779171884059906,no_control
1999,0.7934932708740234,0.7934932708740234,no_control
2000,0.8090282678604126,0.8090282678604126,no_control
2001,0.8135448098182678,0.8135448098182678,no_control
2002,0.8019209504127502,0.8019209504127502,no_control
2003,0.7861693501472473,0.7861693501472473,no_control
2004,0.7688885927200317,0.7688885927200317,no_control
2005,0.7561973333358765,0.7561973333358765,no_control
2006,0.742040753364563,0.742040753364563,no_control
2007,0.7292676568031311,0.7292676568031311,no_control
2008,0.7212987542152405,0.7212987542152405,no_control
2009,0.726691484451294,0.726691484451294,no_control
2010,0.73443204164505,0.73443204164505,no_control
2011,0.7359099984169006,0.7359099984169006,no_control
2012,0.7367128133773804,0.7367128133773804,no_control
2013,0.7396055459976196,0.7396055459976196,no_control
2014,0.7428458333015442,0.7428458333015442,no_control
2015,0.7449101805686951,0.7449101805686951,no_control
2016,0.7400112152099609,0.7400112152099609,no_control
2017,0.735243558883667,0.735243558883667,no_control
2018,0.7297101616859436,0.7297101616859436,no_control
2019,0.7224156856536865,0.7224156856536865,no_control
2020,0.7151318788528442,0.7151318788528442,no_control
2021,0.7085702419281006,0.7085702419281006,no_control
2022,0.7037543058395386,0.7037543058395386,no_control
2023,0.693087637424469,0.693087637424469,no_control
2024,0.6920700073242188,0.6920700073242188,no_control
2025,0.6856698989868164,0.6856698989868164,no_control
2026,0.6851386427879333,0.6851386427879333,no_control
2027,0.6826767921447754,0.6826767921447754,no_control
2028,0.6838594079017639,0.6838594079017639,no_control
2029,0.6834331154823303,0.6834331154823303,no_control
2030,0.6897138953208923,0.6897138953208923,no_control
2031,0.6870914697647095,0.6870914697647095,no_control
2032,0.6852595210075378,0.6852595210075378,no_control
2033,0.685738742351532,0.685738742351532,no_control
2034,0.6809095740318298,0.6809095740318298,no_control
2035,0.6794564723968506,0.6794564723968506,no_control
2036,0.6783773303031921,0.6783773303031921,no_control
2037,0.677523136138916,0.677523136138916,no_control
2038,0.6782363057136536,0.6782363057136536,no_control
2039,0.6797317266464233,0.6797317266464233,no_control
2040,0.6868404150009155,0.6868404150009155,no_control
2041,0.6843529343605042,0.6843529343605042,no_control
2042,0.675112247467041,0.675112247467041,no_control
2043,0.6719534993171692,0.6719534993171692,no_control
2044,0.6671304702758789,0.6671304702758789,no_control
2045,0.6628543138504028,0.6628543138504028,no_control
2046,0.6581531763076782,0.6581531763076782,no_control
2047,0.6532781720161438,0.6532781720161438,no_control
2048,0.6509309411048889,0.6509309411048889,no_control
2049,0.66175776720047,0.66175776720047,no_control
2050,0.666460394859314,0.666460394859314,no_control
2051,0.668961763381958,0.668961763381958,no_control
2052,0.6659771203994751,0.6659771203994751,no_control
2053,0.6556807160377502,0.6556807160377502,no_control
2054,0.6517599821090698,0.6517599821090698,no_control
2055,0.6500508785247803,0.6500508785247803,no_control
2056,0.6474866271018982,0.6474866271018982,no_control
2057,0.6440014243125916,0.6440014243125916,no_control
2058,0.6409577131271362,0.6409577131271362,no_control
2059,0.6426677107810974,0.6426677107810974,no_control
2060,0.6413553357124329,0.6413553357124329,no_control
2061,0.6394593715667725,0.6394593715667725,no_control
2062,0.6398335695266724,0.6398335695266724,no_control
2063,0.6388195753097534,0.6388195753097534,no_control
2064,0.6367759108543396,0.6367759108543396,no_control
2065,0.6472281813621521,0.6472281813621521,no_control
2066,0.6550956964492798,0.6550956964492798,no_control
2067,0.6610894203186035,0.6610894203186035,no_control
2068,0.6694086194038391,0.6694086194038391,no_control
2069,0.6769235134124756,0.6769235134124756,no_control
2070,0.6857732534408569,0.6857732534408569,no_control
2071,0.7006379961967468,0.7006379961967468,no_control
2072,0.7111864686012268,0.7111864686012268,no_control
2073,0.7152327299118042,0.7152327299118042,no_control
2074,0.7132897973060608,0.7132897973060608,no_control
2075,0.7125188708305359,0.7125188708305359,no_control
2076,0.7107871770858765,0.7107871770858765,no_control
2077,0.7046912312507629,0.7046912312507629,no_control
2078,0.6924026012420654,0.6924026012420654,no_control
2079,0.6896309852600098,0.6896309852600098,no_control
2080,0.6883690357208252,0.6883690357208252,no_control
2081,0.6892579793930054,0.6892579793930054,no_control
2082,0.6929879784584045,0.6929879784584045,no_control
2083,0.6936875581741333,0.6936875581741333,no_control
2084,0.6970764398574829,0.6970764398574829,no_control
2085,0.6973701119422913,0.6973701119422913,no_control
2086,0.6973872780799866,0.6973872780799866,no_control
2087,0.6936523914337158,0.6936523914337158,no_control
2088,0.6859171390533447,0.6859171390533447,no_control
2089,0.6802943348884583,0.6802943348884583,no_control
2090,0.6795274615287781,0.6795274615287781,no_control
2091,0.676753580570221,0.676753580570221,no_control
2092,0.673821210861206,0.673821210861206,no_control
2093,0.6729848980903625,0.6729848980903625,no_control
2094,0.6663158535957336,0.6663158535957336,no_control
2095,0.6561805009841919,0.6561805009841919,no_control
2096,0.6452979445457458,0.6452979445457458,no_control
2097,0.6327992081642151,0.6327992081642151,no_control
2098,0.6238977313041687,0.6238977313041687,no_control
2099,0.6172228455543518,0.6172228455543518,no_control
2100,0.6172271370887756,0.6172271370887756,no_control
2101,0.6156222820281982,0.6156222820281982,no_control
2102,0.6145943403244019,0.6145943403244019,no_control
2103,0.6138249635696411,0.6138249635696411,no_control
2104,0.6121024489402771,0.6121024489402771,no_control
2105,0.6120412945747375,0.6120412945747375,no_control
2106,0.6145213842391968,0.6145213842391968,no_control
2107,0.6188746690750122,0.6188746690750122,no_control
2108,0.6210838556289673,0.6210838556289673,no_control
2109,0.6231054067611694,0.6231054067611694,no_control
2110,0.624588131904602,0.624588131904602,no_control
2111,0.6255943775177002,0.6255943775177002,no_control
2112,0.6307885050773621,0.6307885050773621,no_control
2113,0.6293504238128662,0.6293504238128662,no_control
2114,0.6259760856628418,0.6259760856628418,no_control
2115,0.6253127455711365,0.6253127455711365,no_control
2116,0.6268803477287292,0.6268803477287292,no_control
2117,0.6258561015129089,0.6258561015129089,no_control
2118,0.6201558113098145,0.6201558113098145,no_control
2119,0.6171107888221741,0.6171107888221741,no_control
2120,0.6148364543914795,0.6148364543914795,no_control
2121,0.619045615196228,0.619045615196228,no_control
2122,0.6219613552093506,0.6219613552093506,no_control
2123,0.6260675191879272,0.6260675191879272,no_control
2124,0.625891387462616,0.625891387462616,no_control
2125,0.630144476890564,0.630144476890564,no_control
2126,0.6442170739173889,0.6442170739173889,no_control
2127,0.6585246324539185,0.6585246324539185,no_control
2128,0.6698294878005981,0.6698294878005981,no_control
2129,0.6771235466003418,0.6771235466003418,no_control
2130,0.6736295223236084,0.6736295223236084,no_control
2131,0.6749300360679626,0.6749300360679626,no_control
2132,0.6755796074867249,0.6755796074867249,no_control
2133,0.6784766912460327,0.6784766912460327,no_control
2134,0.6819825172424316,0.6819825172424316,no_control
2135,0.6851996779441833,0.6851996779441833,no_control
2136,0.6811589598655701,0.6811589598655701,no_control
2137,0.6762239336967468,0.6762239336967468,no_control
2138,0.6735205054283142,0.6735205054283142,no_control
2139,0.6732033491134644,0.6732033491134644,no_control
2140,0.674173891544342,0.674173891544342,no_control
2141,0.6723813414573669,0.6723813414573669,no_control
2142,0.6729037761688232,0.6729037761688232,no_control
2143,0.6774281859397888,0.6774281859397888,no_control
2144,0.6818398833274841,0.6818398833274841,no_control
2145,0.6879384517669678,0.6879384517669678,no_control
2146,0.6941421031951904,0.6941421031951904,no_control
2147,0.7009404897689819,0.7009404897689819,no_control
2148,0.7064678072929382,0.7064678072929382,no_control
2149,0.7120159864425659,0.7120159864425659,no_control
2150,0.7106691002845764,0.7106691002845764,no_control
2151,0.7099665999412537,0.7099665999412537,no_control
2152,0.7116428017616272,0.7116428017616272,no_control
2153,0.7147616744041443,0.7147616744041443,no_control
2154,0.7230601906776428,0.7230601906776428,no_control
2155,0.7258975505828857,0.7258975505828857,no_control
2156,0.7297788262367249,0.7297788262367249,no_control
2157,0.7326945662498474,0.7326945662498474,no_control
2158,0.7326398491859436,0.7326398491859436,no_control
2159,0.7328127026557922,0.7328127026557922,no_control
2160,0.7291871309280396,0.7291871309280396,no_control
2161,0.7283771634101868,0.7283771634101868,no_control
2162,0.7318806052207947,0.7318806052207947,no_control
2163,0.735660195350647,0.735660195350647,no_control
2164,0.7357084155082703,0.7357084155082703,no_control
2165,0.7367583513259888,0.7367583513259888,no_control
2166,0.7404958605766296,0.7404958605766296,no_control
2167,0.7419490814208984,0.7419490814208984,no_control
2168,0.7460859417915344,0.7460859417915344,no_control
2169,0.7425370812416077,0.7425370812416077,no_control
2170,0.7465282082557678,0.7465282082557678,no_control
2171,0.7426546812057495,0.7426546812057495,no_control
2172,0.7471728920936584,0.7471728920936584,no_control
2173,0.7481142282485962,0.7481142282485962,no_control
2174,0.7416505217552185,0.7416505217552185,no_control
2175,0.7328324913978577,0.7328324913978577,no_control
2176,0.730521559715271,0.730521559715271,no_control
2177,0.7327147126197815,0.7327147126197815,no_control
2178,0.7423903346061707,0.7423903346061707,no_control
2179,0.7517580389976501,0.7517580389976501,no_control
2180,0.7605542540550232,0.7605542540550232,no_control
2181,0.7680802941322327,0.7680802941322327,no_control
2182,0.7746039032936096,0.7746039032936096,no_control
2183,0.7828450202941895,0.7828450202941895,no_control
2184,0.7962705492973328,0.7962705492973328,no_control
2185,0.8121892213821411,0.8121892213821411,no_control
2186,0.8250829577445984,0.8250829577445984,no_control
2187,0.8321811556816101,0.8321811556816101,no_control
2188,0.8417937755584717,0.8417937755584717,no_control
2189,0.8541968464851379,0.8541968464851379,no_control
2190,0.867549479007721,0.867549479007721,no_control
2191,0.878573477268219,0.878573477268219,no_control
2192,0.8873369097709656,0.8873369097709656,no_control
2193,0.8872386813163757,0.8872386813163757,no_control
2194,0.890746533870697,0.890746533870697,no_control
2195,0.8883952498435974,0.8883952498435974,no_control
2196,0.8898547887802124,0.8898547887802124,no_control
2197,0.8933007717132568,0.8933007717132568,no_control
2198,0.9010829925537109,0.9010829925537109,no_control
2199,0.9044966101646423,0.9044966101646423,no_control
2200,0.9098818898200989,0.9098818898200989,no_control
2201,0.9155254364013672,0.9155254364013672,no_control
2202,0.9127748012542725,0.9127748012542725,no_control
2203,0.91367107629776,0.91367107629776,no_control
2204,0.9181220531463623,0.9181220531463623,no_control
2205,0.9215009808540344,0.9215009808540344,no_control
2206,0.9227991104125977,0.9227991104125977,no_control
2207,0.9292068481445312,0.9292068481445312,no_control
2208,0.9295888543128967,0.9295888543128967,no_control
2209,0.9264166951179504,0.9264166951179504,no_control
2210,0.919775128364563,0.919775128364563,no_control
2211,0.9128245711326599,0.9128245711326599,no_control
2212,0.9072107672691345,0.9072107672691345,no_control
2213,0.903136670589447,0.903136670589447,no_control
2214,0.901278018951416,0.901278018951416,no_control
2215,0.8974717855453491,0.8974717855453491,no_control
2216,0.885463535785675,0.885463535785675,no_control
2217,0.8820515871047974,0.8820515871047974,no_control
2218,0.8780808448791504,0.8780808448791504,no_control
2219,0.8774517774581909,0.8774517774581909,no_control
2220,0.8740570545196533,0.8740570545196533,no_control
2221,0.8714927434921265,0.8714927434921265,no_control
2222,0.8678123950958252,0.8678123950958252,no_control
2223,0.8646338582038879,0.8646338582038879,no_control
2224,0.8567383289337158,0.8567383289337158,no_control
2225,0.8534524440765381,0.8534524440765381,no_control
2226,0.8512546420097351,0.8512546420097351,no_control
2227,0.8483718633651733,0.8483718633651733,no_control
2228,0.8472667336463928,0.8472667336463928,no_control
2229,0.8461495637893677,0.8461495637893677,no_control
2230,0.8440045118331909,0.8440045118331909,no_control
2231,0.839813232421875,0.839813232421875,no_control
2232,0.8334007263183594,0.8334007263183594,no_control
2233,0.8207823634147644,0.8207823634147644,no_control
2234,0.8084310293197632,0.8084310293197632,no_control
2235,0.8009034991264343,0.8009034991264343,no_control
2236,0.7930200099945068,0.7930200099945068,no_control
2237,0.7824010252952576,0.7824010252952576,no_control
2238,0.7736285328865051,0.7736285328865051,no_control
2239,0.7676906585693359,0.7676906585693359,no_control
2240,0.7572067975997925,0.7572067975997925,no_control
2241,0.7557074427604675,0.7557074427604675,no_control
2242,0.7563873529434204,0.7563873529434204,no_control
2243,0.7589284181594849,0.7589284181594849,no_control
2244,0.7608895897865295,0.7608895897865295,no_control
2245,0.7615315914154053,0.7615315914154053,no_control
2246,0.7617726922035217,0.7617726922035217,no_control
2247,0.7622940540313721,0.7622940540313721,no_control
2248,0.7603369355201721,0.7603369355201721,no_control
2249,0.7579484581947327,0.7579484581947327,no_control
2250,0.7575145363807678,0.7575145363807678,no_control
2251,0.756615936756134,0.756615936756134,no_control
2252,0.7541770935058594,0.7541770935058594,no_control
2253,0.7533276677131653,0.7533276677131653,no_control
2254,0.7545900940895081,0.7545900940895081,no_control
2255,0.7526546120643616,0.7526546120643616,no_control
2256,0.7535814046859741,0.7535814046859741,no_control
2257,0.75284343957901,0.75284343957901,no_control
2258,0.753318190574646,0.753318190574646,no_control
2259,0.7528123259544373,0.7528123259544373,no_control
2260,0.7537790536880493,0.7537790536880493,no_control
2261,0.7561933994293213,0.7561933994293213,no_control
2262,0.7560751438140869,0.7560751438140869,no_control
2263,0.7562124133110046,0.7562124133110046,no_control
2264,0.7565000057220459,0.7565000057220459,no_control
2265,0.7564234137535095,0.7564234137535095,no_control
2266,0.7562218308448792,0.7562218308448792,no_control
2267,0.7578064799308777,0.7578064799308777,no_control
2268,0.759606122970581,0.759606122970581,no_control
2269,0.7616400718688965,0.7616400718688965,no_control
2270,0.7636377215385437,0.7636377215385437,no_control
2271,0.7671903371810913,0.7671903371810913,no_control
2272,0.7723785042762756,0.7723785042762756,no_control
2273,0.776671826839447,0.776671826839447,no_control
2274,0.7789984345436096,0.7789984345436096,no_control
2275,0.7811080813407898,0.7811080813407898,no_control
2276,0.781836211681366,0.781836211681366,no_control
2277,0.78331458568573,0.78331458568573,no_control
2278,0.7833473682403564,0.7833473682403564,no_control
2279,0.7832794189453125,0.7832794189453125,no_control
2280,0.7814018726348877,0.7814018726348877,no_control
2281,0.7804725170135498,0.7804725170135498,no_control
2282,0.7805850505828857,0.7805850505828857,no_control
2283,0.7790071368217468,0.7790071368217468,no_control
2284,0.7763684988021851,0.7763684988021851,no_control
2285,0.7748666405677795,0.7748666405677795,no_control
2286,0.7728908061981201,0.7728908061981201,no_control
2287,0.7713799476623535,0.7713799476623535,no_control
2288,0.7688347101211548,0.7688347101211548,no_control
2289,0.7656828761100769,0.7656828761100769,no_control
2290,0.7629420161247253,0.7629420161247253,no_control
2291,0.7592131495475769,0.7592131495475769,no_control
2292,0.7551650404930115,0.7551650404930115,no_control
2293,0.7497924566268921,0.7497924566268921,no_control
2294,0.744403064250946,0.744403064250946,no_control
2295,0.738753080368042,0.738753080368042,no_control
2296,0.7324958443641663,0.7324958443641663,no_control
2297,0.7282865047454834,0.7282865047454834,no_control
2298,0.7243858575820923,0.7243858575820923,no_control
2299,0.723612368106842,0.723612368106842,no_control
2300,0.7264275550842285,0.7264275550842285,no_control
2301,0.7299473285675049,0.7299473285675049,no_control
2302,0.7289859652519226,0.7289859652519226,no_control
2303,0.7317278981208801,0.7317278981208801,no_control
2304,0.7321448922157288,0.7321448922157288,no_control
2305,0.7349751591682434,0.7349751591682434,no_control
2306,0.7372162342071533,0.7372162342071533,no_control
2307,0.7400151491165161,0.7400151491165161,no_control
2308,0.7419363260269165,0.7419363260269165,no_control
2309,0.7423131465911865,0.7423131465911865,no_control
2310,0.7458142638206482,0.7458142638206482,no_control
2311,0.744300365447998,0.744300365447998,no_control
2312,0.7480657696723938,0.7480657696723938,no_control
2313,0.755584180355072,0.755584180355072,no_control
2314,0.7550292611122131,0.7550292611122131,no_control
2315,0.7507880330085754,0.7507880330085754,no_control
2316,0.7442927360534668,0.7442927360534668,no_control
2317,0.7439330220222473,0.7439330220222473,no_control
2318,0.7473157644271851,0.7473157644271851,no_control
2319,0.7509586215019226,0.7509586215019226,no_control
2320,0.7514832615852356,0.7514832615852356,no_control
2321,0.7463050484657288,0.7463050484657288,no_control
2322,0.7424547076225281,0.7424547076225281,no_control
2323,0.7412768602371216,0.7412768602371216,no_control
2324,0.7435972094535828,0.7435972094535828,no_control
2325,0.7448021173477173,0.7448021173477173,no_control
2326,0.7476617693901062,0.7476617693901062,no_control
2327,0.7517455220222473,0.7517455220222473,no_control
2328,0.7561033964157104,0.7561033964157104,no_control
2329,0.762349009513855,0.762349009513855,no_control
2330,0.7668332457542419,0.7668332457542419,no_control
2331,0.773658037185669,0.773658037185669,no_control
2332,0.7800412774085999,0.7800412774085999,no_control
2333,0.7872583270072937,0.7872583270072937,no_control
2334,0.7947562336921692,0.7947562336921692,no_control
2335,0.8035416603088379,0.8035416603088379,no_control
2336,0.8128254413604736,0.8128254413604736,no_control
2337,0.8146551251411438,0.8146551251411438,no_control
2338,0.8182545900344849,0.8182545900344849,no_control
2339,0.8220330476760864,0.8220330476760864,no_control
2340,0.8213657140731812,0.8213657140731812,no_control
2341,0.8266183137893677,0.8266183137893677,no_control
2342,0.8355273604393005,0.8355273604393005,no_control
2343,0.8440130352973938,0.8440130352973938,no_control
2344,0.8530919551849365,0.8530919551849365,no_control
2345,0.8588778376579285,0.8588778376579285,no_control
2346,0.8609136343002319,0.8609136343002319,no_control
2347,0.8605427742004395,0.8605427742004395,no_control
2348,0.8574230074882507,0.8574230074882507,no_control
2349,0.8556786775588989,0.8556786775588989,no_control
2350,0.8564660549163818,0.8564660549163818,no_control
2351,0.8576655983924866,0.8576655983924866,no_control
2352,0.8599355816841125,0.8599355816841125,no_control
2353,0.8658965826034546,0.8658965826034546,no_control
2354,0.8713670372962952,0.8713670372962952,no_control
2355,0.8746145367622375,0.8746145367622375,no_control
2356,0.8769022822380066,0.8769022822380066,no_control
2357,0.8759475946426392,0.8759475946426392,no_control
2358,0.8677617311477661,0.8677617311477661,no_control
2359,0.8703001141548157,0.8703001141548157,no_control
2360,0.8723015785217285,0.8723015785217285,no_control
2361,0.86969393491745,0.86969393491745,no_control
2362,0.8662052154541016,0.8662052154541016,no_control
2363,0.8755760192871094,0.8755760192871094,no_control
2364,0.8786056041717529,0.8786056041717529,no_control
2365,0.8935725092887878,0.8935725092887878,no_control
2366,0.897067666053772,0.897067666053772,no_control
2367,0.9083364605903625,0.9083364605903625,no_control
2368,0.9102416634559631,0.9102416634559631,no_control
2369,0.914827823638916,0.914827823638916,no_control
2370,0.9150987267494202,0.9150987267494202,no_control
2371,0.9138895869255066,0.9138895869255066,no_control
2372,0.9133645296096802,0.9133645296096802,no_control
2373,0.9133310317993164,0.9133310317993164,no_control
2374,0.9135573506355286,0.9135573506355286,no_control
2375,0.9151182174682617,0.9151182174682617,no_control
2376,0.9138208031654358,0.9138208031654358,no_control
2377,0.9104881286621094,0.9104881286621094,no_control
2378,0.904327929019928,0.904327929019928,no_control
2379,0.9007072448730469,0.9007072448730469,no_control
2380,0.8981398940086365,0.8981398940086365,no_control
2381,0.8920519948005676,0.8920519948005676,no_control
2382,0.884608268737793,0.884608268737793,no_control
2383,0.875664472579956,0.875664472579956,no_control
2384,0.872521162033081,0.872521162033081,no_control
2385,0.871155321598053,0.871155321598053,no_control
2386,0.8685224652290344,0.8685224652290344,no_control
2387,0.8723016381263733,0.8723016381263733,no_control
2388,0.880553662776947,0.880553662776947,no_control
2389,0.8890962600708008,0.8890962600708008,no_control
2390,0.8926863074302673,0.8926863074302673,no_control
2391,0.8936111927032471,0.8936111927032471,no_control
2392,0.8906770348548889,0.8906770348548889,no_control
2393,0.8866016268730164,0.8866016268730164,no_control
2394,0.8832808136940002,0.8832808136940002,no_control
2395,0.8849242329597473,0.8849242329597473,no_control
2396,0.8893056511878967,0.8893056511878967,no_control
2397,0.8922900557518005,0.8922900557518005,no_control
2398,0.8951372504234314,0.8951372504234314,no_control
2399,0.89549720287323,0.89549720287323,no_control
2400,0.8976662158966064,0.8976662158966064,no_control
2401,0.8942288160324097,0.8942288160324097,no_control
2402,0.8882442712783813,0.8882442712783813,no_control
2403,0.8860116004943848,0.8860116004943848,no_control
2404,0.8841838836669922,0.8841838836669922,no_control
2405,0.884865939617157,0.884865939617157,no_control
2406,0.8903392553329468,0.8903392553329468,no_control
2407,0.8888976573944092,0.8888976573944092,no_control
2408,0.8901817798614502,0.8901817798614502,no_control
2409,0.8911912441253662,0.8911912441253662,no_control
2410,0.8969299793243408,0.8969299793243408,no_control
2411,0.9060298800468445,0.9060298800468445,no_control
2412,0.9252752065658569,0.9252752065658569,no_control
2413,0.9282890558242798,0.9282890558242798,no_control
2414,0.9277138710021973,0.9277138710021973,no_control
2415,0.9254721999168396,0.9254721999168396,no_control
2416,0.9289994835853577,0.9289994835853577,no_control
2417,0.9288772344589233,0.9288772344589233,no_control
2418,0.9334177374839783,0.9334177374839783,no_control
2419,0.938174843788147,0.938174843788147,no_control
2420,0.9387301802635193,0.9387301802635193,no_control
2421,0.9428178071975708,0.9428178071975708,no_control
2422,0.9436296820640564,0.9436296820640564,no_control
2423,0.9426712989807129,0.9426712989807129,no_control
2424,0.9429924488067627,0.9429924488067627,no_control
2425,0.9421180486679077,0.9421180486679077,no_control
2426,0.9423753619194031,0.9423753619194031,no_control
2427,0.9363434314727783,0.9363434314727783,no_control
2428,0.9329667091369629,0.9329667091369629,no_control
2429,0.9311825037002563,0.9311825037002563,no_control
2430,0.9291300177574158,0.9291300177574158,no_control
2431,0.9297899007797241,0.9297899007797241,no_control
2432,0.929690420627594,0.929690420627594,no_control
2433,0.9278678297996521,0.9278678297996521,no_control
2434,0.9316849708557129,0.9316849708557129,no_control
2435,0.9367107152938843,0.9367107152938843,no_control
2436,0.9407183527946472,0.9407183527946472,no_control
2437,0.943947970867157,0.943947970867157,no_control
2438,0.9615769386291504,0.9615769386291504,no_control
2439,0.9738450050354004,0.9738450050354004,no_control
2440,0.9751666784286499,0.9751666784286499,no_control
2441,0.9761213064193726,0.9761213064193726,no_control
2442,0.977579653263092,0.977579653263092,no_control
2443,0.9783865809440613,0.9783865809440613,no_control
2444,0.9826266169548035,0.9826266169548035,no_control
2445,0.9880260229110718,0.9880260229110718,no_control
2446,0.9914512038230896,0.9914512038230896,no_control
2447,0.9945777058601379,0.9945777058601379,no_control
2448,0.9988196492195129,0.9988196492195129,no_control
2449,1.0002044439315796,1.0002044439315796,no_control
2450,1.003781795501709,1.003781795501709,no_control
2451,1.0023390054702759,1.0023390054702759,no_control
2452,0.9987462759017944,0.9987462759017944,no_control
2453,0.9978448748588562,0.9978448748588562,no_control
2454,0.9962944984436035,0.9962944984436035,no_control
2455,0.997839629650116,0.997839629650116,no_control
2456,0.9974550008773804,0.9974550008773804,no_control
2457,0.9922919869422913,0.9922919869422913,no_control
2458,0.9934602379798889,0.9934602379798889,no_control
2459,0.994942843914032,0.994942843914032,no_control
2460,0.9994338154792786,0.9994338154792786,no_control
2461,1.0058095455169678,1.0058095455169678,no_control
2462,1.024335265159607,1.024335265159607,no_control
2463,1.0326781272888184,1.0326781272888184,no_control
2464,1.0398881435394287,1.0398881435394287,no_control
2465,1.0440621376037598,1.0440621376037598,no_control
2466,1.0371371507644653,1.0371371507644653,no_control
2467,1.03035306930542,1.03035306930542,no_control
2468,1.0268354415893555,1.0268354415893555,no_control
2469,1.0261518955230713,1.0261518955230713,no_control
2470,1.0279030799865723,1.0279030799865723,no_control
2471,1.0334583520889282,1.0334583520889282,no_control
2472,1.0397008657455444,1.0397008657455444,no_control
2473,1.0452980995178223,1.0452980995178223,no_control
2474,1.0516210794448853,1.0516210794448853,no_control
2475,1.0598465204238892,1.0598465204238892,no_control
2476,1.0633454322814941,1.0633454322814941,no_control
2477,1.0669045448303223,1.0669045448303223,no_control
2478,1.0686558485031128,1.0686558485031128,no_control
2479,1.0698013305664062,1.0698013305664062,no_control
2480,1.0734002590179443,1.0734002590179443,no_control
2481,1.0770964622497559,1.0770964622497559,no_control
2482,1.0754293203353882,1.0754293203353882,no_control
2483,1.0743366479873657,1.0743366479873657,no_control
2484,1.0803431272506714,1.0803431272506714,no_control
2485,1.0880155563354492,1.0880155563354492,no_control
2486,1.0833983421325684,1.0833983421325684,no_control
2487,1.0834158658981323,1.0834158658981323,no_control
2488,1.0900274515151978,1.0900274515151978,no_control
2489,1.0914400815963745,1.0914400815963745,no_control
2490,1.0876208543777466,1.0876208543777466,no_control
2491,1.0826994180679321,1.0826994180679321,no_control
2492,1.0801440477371216,1.0801440477371216,no_control
2493,1.0780532360076904,1.0780532360076904,no_control
2494,1.0726560354232788,1.0726560354232788,no_control
2495,1.07344388961792,1.07344388961792,no_control
2496,1.0703139305114746,1.0703139305114746,no_control
2497,1.0674972534179688,1.0674972534179688,no_control
2498,1.0633388757705688,1.0633388757705688,no_control
2499,1.0622316598892212,1.0622316598892212,no_control
2500,1.062188982963562,1.062188982963562,no_control
2501,1.0584585666656494,1.0584585666656494,no_control
2502,1.056226134300232,1.056226134300232,no_control
2503,1.0521761178970337,1.0521761178970337,no_control
2504,1.0461397171020508,1.0461397171020508,no_control
2505,1.0426462888717651,1.0426462888717651,no_control
2506,1.0383867025375366,1.0383867025375366,no_control
2507,1.026585578918457,1.026585578918457,no_control
2508,1.0163941383361816,1.0163941383361816,no_control
2509,1.0139485597610474,1.0139485597610474,no_control
2510,1.0041190385818481,1.0041190385818481,no_control
2511,0.9930712580680847,0.9930712580680847,no_control
2512,0.9846725463867188,0.9846725463867188,no_control
2513,0.978151798248291,0.978151798248291,no_control
2514,0.9759089350700378,0.9759089350700378,no_control
2515,0.9727928638458252,0.9727928638458252,no_control
2516,0.969716489315033,0.969716489315033,no_control
2517,0.9637579321861267,0.9637579321861267,no_control
2518,0.9613128304481506,0.9613128304481506,no_control
2519,0.9585227966308594,0.9585227966308594,no_control
2520,0.9490228295326233,0.9490228295326233,no_control
2521,0.9414126873016357,0.9414126873016357,no_control
2522,0.9330289363861084,0.9330289363861084,no_control
2523,0.9255487322807312,0.9255487322807312,no_control
2524,0.91962069272995,0.91962069272995,no_control
2525,0.9146881103515625,0.9146881103515625,no_control
2526,0.9132998585700989,0.9132998585700989,no_control
2527,0.9116708636283875,0.9116708636283875,no_control
2528,0.9064520001411438,0.9064520001411438,no_control
2529,0.9045127630233765,0.9045127630233765,no_control
2530,0.9055628180503845,0.9055628180503845,no_control
2531,0.9012683033943176,0.9012683033943176,no_control
2532,0.8970133662223816,0.8970133662223816,no_control
2533,0.895146906375885,0.895146906375885,no_control
2534,0.8935878276824951,0.8935878276824951,no_control
2535,0.8950437903404236,0.8950437903404236,no_control
2536,0.8978745937347412,0.8978745937347412,no_control
2537,0.897585391998291,0.897585391998291,no_control
2538,0.8981196284294128,0.8981196284294128,no_control
2539,0.8973730206489563,0.8973730206489563,no_control
2540,0.8929354548454285,0.8929354548454285,no_control
2541,0.8954373598098755,0.8954373598098755,no_control
2542,0.895330011844635,0.895330011844635,no_control
2543,0.8905613422393799,0.8905613422393799,no_control
2544,0.8811761736869812,0.8811761736869812,no_control
2545,0.8725219368934631,0.8725219368934631,no_control
2546,0.8668403029441833,0.8668403029441833,no_control
2547,0.8608254194259644,0.8608254194259644,no_control
2548,0.8564725518226624,0.8564725518226624,no_control
2549,0.8516778945922852,0.8516778945922852,no_control
2550,0.8482835292816162,0.8482835292816162,no_control
2551,0.846362829208374,0.846362829208374,no_control
2552,0.841159999370575,0.841159999370575,no_control
2553,0.8408686518669128,0.8408686518669128,no_control
2554,0.8385257124900818,0.8385257124900818,no_control
2555,0.8323020339012146,0.8323020339012146,no_control
2556,0.8260818123817444,0.8260818123817444,no_control
2557,0.8045371174812317,0.8045371174812317,no_control
2558,0.7964761853218079,0.7964761853218079,no_control
2559,0.7918286919593811,0.7918286919593811,no_control
2560,0.7875685095787048,0.7875685095787048,no_control
2561,0.7844050526618958,0.7844050526618958,no_control
2562,0.7855787873268127,0.7855787873268127,no_control
2563,0.7857353091239929,0.7857353091239929,no_control
2564,0.7845281958580017,0.7845281958580017,no_control
2565,0.7815676331520081,0.7815676331520081,no_control
2566,0.7776817083358765,0.7776817083358765,no_control
2567,0.772588312625885,0.772588312625885,no_control
2568,0.7695874571800232,0.7695874571800232,no_control
2569,0.7675730586051941,0.7675730586051941,no_control
2570,0.7659260034561157,0.7659260034561157,no_control
2571,0.7642616033554077,0.7642616033554077,no_control
2572,0.7629689574241638,0.7629689574241638,no_control
2573,0.7621107697486877,0.7621107697486877,no_control
2574,0.7619396448135376,0.7619396448135376,no_control
2575,0.7614907622337341,0.7614907622337341,no_control
2576,0.76004558801651,0.76004558801651,no_control
2577,0.7620752453804016,0.7620752453804016,no_control
2578,0.7566111087799072,0.7566111087799072,no_control
2579,0.7470662593841553,0.7470662593841553,no_control
2580,0.7297871112823486,0.7297871112823486,no_control
2581,0.7076215744018555,0.7076215744018555,no_control
2582,0.6887300610542297,0.6887300610542297,no_control
2583,0.6728708744049072,0.6728708744049072,no_control
2584,0.6642296314239502,0.6642296314239502,no_control
2585,0.658933162689209,0.658933162689209,no_control
2586,0.6590310335159302,0.6590310335159302,no_control
2587,0.6581370234489441,0.6581370234489441,no_control
2588,0.6568323969841003,0.6568323969841003,no_control
2589,0.6515193581581116,0.6515193581581116,no_control
2590,0.6609792113304138,0.6609792113304138,no_control
2591,0.6662366390228271,0.6662366390228271,no_control
2592,0.6687821745872498,0.6687821745872498,no_control
2593,0.6707620024681091,0.6707620024681091,no_control
2594,0.6731652617454529,0.6731652617454529,no_control
2595,0.6734664440155029,0.6734664440155029,no_control
2596,0.6743816137313843,0.6743816137313843,no_control
2597,0.6756408214569092,0.6756408214569092,no_control
2598,0.6767898201942444,0.6767898201942444,no_control
2599,0.6765967011451721,0.6765967011451721,no_control
2600,0.6795969605445862,0.6795969605445862,no_control
2601,0.6763347387313843,0.6763347387313843,no_control
2602,0.6755012273788452,0.6755012273788452,no_control
2603,0.6846692562103271,0.6846692562103271,no_control
2604,0.6912556290626526,0.6912556290626526,no_control
2605,0.7100870013237,0.7100870013237,no_control
2606,0.7248747944831848,0.7248747944831848,no_control
2607,0.7384616732597351,0.7384616732597351,no_control
2608,0.7507800459861755,0.7507800459861755,no_control
2609,0.7585011720657349,0.7585011720657349,no_control
2610,0.7559781670570374,0.7559781670570374,no_control
2611,0.7554363012313843,0.7554363012313843,no_control
2612,0.7517670392990112,0.7517670392990112,no_control
2613,0.7521206736564636,0.7521206736564636,no_control
2614,0.7555816173553467,0.7555816173553467,no_control
2615,0.7538129687309265,0.7538129687309265,no_control
2616,0.7525275945663452,0.7525275945663452,no_control
2617,0.7505035400390625,0.7505035400390625,no_control
2618,0.7495477795600891,0.7495477795600891,no_control
2619,0.7496770024299622,0.7496770024299622,no_control
2620,0.7501494884490967,0.7501494884490967,no_control
2621,0.7493157982826233,0.7493157982826233,no_control
2622,0.7492967247962952,0.7492967247962952,no_control
2623,0.7503515481948853,0.7503515481948853,no_control
2624,0.748753011226654,0.748753011226654,no_control
2625,0.7384878993034363,0.7384878993034363,no_control
2626,0.7446883916854858,0.7446883916854858,no_control
2627,0.7615618705749512,0.7615618705749512,no_control
2628,0.7837485671043396,0.7837485671043396,no_control
2629,0.8104389905929565,0.8104389905929565,no_control
2630,0.8370000720024109,0.8370000720024109,no_control
2631,0.8604825735092163,0.8604825735092163,no_control
2632,0.8748383522033691,0.8748383522033691,no_control
2633,0.8879014253616333,0.8879014253616333,no_control
2634,0.8850886821746826,0.8850886821746826,no_control
2635,0.8830595016479492,0.8830595016479492,no_control
2636,0.8790021538734436,0.8790021538734436,no_control
2637,0.8754205703735352,0.8754205703735352,no_control
2638,0.866173505783081,0.866173505783081,no_control
2639,0.8571166396141052,0.8571166396141052,no_control
2640,0.8494669795036316,0.8494669795036316,no_control
2641,0.8443965315818787,0.8443965315818787,no_control
2642,0.8401927351951599,0.8401927351951599,no_control
2643,0.8381742238998413,0.8381742238998413,no_control
2644,0.8369461297988892,0.8369461297988892,no_control
2645,0.8367140889167786,0.8367140889167786,no_control
2646,0.836883008480072,0.836883008480072,no_control
2647,0.8366971611976624,0.8366971611976624,no_control
2648,0.8334721922874451,0.8334721922874451,no_control
2649,0.8299722075462341,0.8299722075462341,no_control
2650,0.8354339599609375,0.8354339599609375,no_control
2651,0.8406214118003845,0.8406214118003845,no_control
2652,0.8442763686180115,0.8442763686180115,no_control
2653,0.8485679626464844,0.8485679626464844,no_control
2654,0.8523410558700562,0.8523410558700562,no_control
2655,0.855562150478363,0.855562150478363,no_control
2656,0.8587935566902161,0.8587935566902161,no_control
2657,0.8605764508247375,0.8605764508247375,no_control
2658,0.8561505079269409,0.8561505079269409,no_control
2659,0.8517417311668396,0.8517417311668396,no_control
2660,0.8474059700965881,0.8474059700965881,no_control
2661,0.841802716255188,0.841802716255188,no_control
2662,0.8382730484008789,0.8382730484008789,no_control
2663,0.8341260552406311,0.8341260552406311,no_control
2664,0.8284074068069458,0.8284074068069458,no_control
2665,0.8239299654960632,0.8239299654960632,no_control
2666,0.8202710747718811,0.8202710747718811,no_control
2667,0.8186876177787781,0.8186876177787781,no_control
2668,0.8156402111053467,0.8156402111053467,no_control
2669,0.8140433430671692,0.8140433430671692,no_control
2670,0.8129088878631592,0.8129088878631592,no_control
2671,0.8092460632324219,0.8092460632324219,no_control
2672,0.8049328327178955,0.8049328327178955,no_control
2673,0.802462100982666,0.802462100982666,no_control
2674,0.7992330193519592,0.7992330193519592,no_control
2675,0.7924282550811768,0.7924282550811768,no_control
2676,0.7795048952102661,0.7795048952102661,no_control
2677,0.7673110365867615,0.7673110365867615,no_control
2678,0.7505038976669312,0.7505038976669312,no_control
2679,0.7239514589309692,0.7239514589309692,no_control
2680,0.7031866908073425,0.7031866908073425,no_control
2681,0.692267656326294,0.692267656326294,no_control
2682,0.6933475136756897,0.6933475136756897,no_control
2683,0.6926572322845459,0.6926572322845459,no_control
2684,0.6903157830238342,0.6903157830238342,no_control
2685,0.6832370162010193,0.6832370162010193,no_control
2686,0.6754592061042786,0.6754592061042786,no_control
2687,0.6679456830024719,0.6679456830024719,no_control
2688,0.6628416776657104,0.6628416776657104,no_control
2689,0.6609815359115601,0.6609815359115601,no_control
2690,0.6600698828697205,0.6600698828697205,no_control
2691,0.660210371017456,0.660210371017456,no_control
2692,0.6604257225990295,0.6604257225990295,no_control
2693,0.660685122013092,0.660685122013092,no_control
2694,0.66038978099823,0.66038978099823,no_control
2695,0.6603379249572754,0.6603379249572754,no_control
2696,0.6591670513153076,0.6591670513153076,no_control
2697,0.665574848651886,0.665574848651886,no_control
2698,0.65908282995224,0.65908282995224,no_control
2699,0.6437655091285706,0.6437655091285706,no_control
2700,0.6260280013084412,0.6260280013084412,no_control
2701,0.603744626045227,0.603744626045227,no_control
2702,0.5816958546638489,0.5816958546638489,no_control
2703,0.5648030042648315,0.5648030042648315,no_control
2704,0.5589277744293213,0.5589277744293213,no_control
2705,0.5621458888053894,0.5621458888053894,no_control
2706,0.5747612118721008,0.5747612118721008,no_control
2707,0.5863044261932373,0.5863044261932373,no_control
2708,0.5965331792831421,0.5965331792831421,no_control
2709,0.6041297912597656,0.6041297912597656,no_control
2710,0.6099635362625122,0.6099635362625122,no_control
2711,0.6163212060928345,0.6163212060928345,no_control
2712,0.6249595284461975,0.6249595284461975,no_control
2713,0.6334779858589172,0.6334779858589172,no_control
2714,0.6373128890991211,0.6373128890991211,no_control
2715,0.6388280987739563,0.6388280987739563,no_control
2716,0.6405535936355591,0.6405535936355591,no_control
2717,0.6417620778083801,0.6417620778083801,no_control
2718,0.6436166167259216,0.6436166167259216,no_control
2719,0.6469563841819763,0.6469563841819763,no_control
2720,0.6493124961853027,0.6493124961853027,no_control
2721,0.6568624377250671,0.6568624377250671,no_control
2722,0.6572412252426147,0.6572412252426147,no_control
2723,0.6493849754333496,0.6493849754333496,no_control
2724,0.6439597010612488,0.6439597010612488,no_control
2725,0.6340298652648926,0.6340298652648926,no_control
2726,0.6307923197746277,0.6307923197746277,no_control
2727,0.6342714428901672,0.6342714428901672,no_control
2728,0.6357980370521545,0.6357980370521545,no_control
2729,0.6354396343231201,0.6354396343231201,no_control
2730,0.6346086859703064,0.6346086859703064,no_control
2731,0.637138843536377,0.637138843536377,no_control
2732,0.6407188177108765,0.6407188177108765,no_control
2733,0.6468573808670044,0.6468573808670044,no_control
2734,0.6537275314331055,0.6537275314331055,no_control
2735,0.661957323551178,0.661957323551178,no_control
2736,0.6685954332351685,0.6685954332351685,no_control
2737,0.6746346950531006,0.6746346950531006,no_control
2738,0.6775079369544983,0.6775079369544983,no_control
2739,0.6790949106216431,0.6790949106216431,no_control
2740,0.6800874471664429,0.6800874471664429,no_control
2741,0.6817525029182434,0.6817525029182434,no_control
2742,0.6838089227676392,0.6838089227676392,no_control
2743,0.68523108959198,0.68523108959198,no_control
2744,0.6895197033882141,0.6895197033882141,no_control
2745,0.6902639269828796,0.6902639269828796,no_control
2746,0.6864961981773376,0.6864961981773376,no_control
2747,0.692351758480072,0.692351758480072,no_control
2748,0.7022940516471863,0.7022940516471863,no_control
2749,0.7158227562904358,0.7158227562904358,no_control
2750,0.727651059627533,0.727651059627533,no_control
2751,0.7351533770561218,0.7351533770561218,no_control
2752,0.7333669662475586,0.7333669662475586,no_control
2753,0.7257024645805359,0.7257024645805359,no_control
2754,0.7120654582977295,0.7120654582977295,no_control
2755,0.7003640532493591,0.7003640532493591,no_control
2756,0.6910247802734375,0.6910247802734375,no_control
2757,0.6844466924667358,0.6844466924667358,no_control
2758,0.6785887479782104,0.6785887479782104,no_control
2759,0.6729544997215271,0.6729544997215271,no_control
2760,0.6667914986610413,0.6667914986610413,no_control
2761,0.6618714928627014,0.6618714928627014,no_control
2762,0.6601811647415161,0.6601811647415161,no_control
2763,0.6609504818916321,0.6609504818916321,no_control
2764,0.6617208123207092,0.6617208123207092,no_control
2765,0.662620484828949,0.662620484828949,no_control
2766,0.6629832983016968,0.6629832983016968,no_control
2767,0.6622442603111267,0.6622442603111267,no_control
2768,0.6596631407737732,0.6596631407737732,no_control
2769,0.6588987112045288,0.6588987112045288,no_control
2770,0.658437192440033,0.658437192440033,no_control
2771,0.657654345035553,0.657654345035553,no_control
2772,0.6576815843582153,0.6576815843582153,no_control
2773,0.658713698387146,0.658713698387146,no_control
2774,0.6605515480041504,0.6605515480041504,no_control
2775,0.6681602001190186,0.6681602001190186,no_control
2776,0.6772560477256775,0.6772560477256775,no_control
2777,0.6835082173347473,0.6835082173347473,no_control
2778,0.6891981959342957,0.6891981959342957,no_control
2779,0.6954591274261475,0.6954591274261475,no_control
2780,0.6987078785896301,0.6987078785896301,no_control
2781,0.7017786502838135,0.7017786502838135,no_control
2782,0.7030155062675476,0.7030155062675476,no_control
2783,0.7035539150238037,0.7035539150238037,no_control
2784,0.703877329826355,0.703877329826355,no_control
2785,0.7041347026824951,0.7041347026824951,no_control
2786,0.7049620151519775,0.7049620151519775,no_control
2787,0.7057766914367676,0.7057766914367676,no_control
2788,0.7061520218849182,0.7061520218849182,no_control
2789,0.7066251635551453,0.7066251635551453,no_control
2790,0.7073153853416443,0.7073153853416443,no_control
2791,0.707872748374939,0.707872748374939,no_control
2792,0.7042922973632812,0.7042922973632812,no_control
2793,0.7017230987548828,0.7017230987548828,no_control
2794,0.7024282813072205,0.7024282813072205,no_control
2795,0.6912977695465088,0.6912977695465088,no_control
2796,0.6744159460067749,0.6744159460067749,no_control
2797,0.6554827094078064,0.6554827094078064,no_control
2798,0.6353021264076233,0.6353021264076233,no_control
2799,0.6189855337142944,0.6189855337142944,no_control
2800,0.6114941239356995,0.6114941239356995,no_control
2801,0.6111482977867126,0.6111482977867126,no_control
2802,0.6197707056999207,0.6197707056999207,no_control
2803,0.6275197267532349,0.6275197267532349,no_control
2804,0.634280264377594,0.634280264377594,no_control
2805,0.6383500695228577,0.6383500695228577,no_control
2806,0.6411048769950867,0.6411048769950867,no_control
2807,0.6438721418380737,0.6438721418380737,no_control
2808,0.64593905210495,0.64593905210495,no_control
2809,0.645616888999939,0.645616888999939,no_control
2810,0.6445554494857788,0.6445554494857788,no_control
2811,0.6437798738479614,0.6437798738479614,no_control
2812,0.6428548693656921,0.6428548693656921,no_control
2813,0.6425788402557373,0.6425788402557373,no_control
2814,0.6421563625335693,0.6421563625335693,no_control
2815,0.6414104700088501,0.6414104700088501,no_control
2816,0.6418537497520447,0.6418537497520447,no_control
2817,0.6424695253372192,0.6424695253372192,no_control
2818,0.6435319185256958,0.6435319185256958,no_control
2819,0.6472532153129578,0.6472532153129578,no_control
2820,0.6513593792915344,0.6513593792915344,no_control
2821,0.6542648077011108,0.6542648077011108,no_control
2822,0.6574933528900146,0.6574933528900146,no_control
2823,0.6575238108634949,0.6575238108634949,no_control
2824,0.6566342711448669,0.6566342711448669,no_control
2825,0.6616011261940002,0.6616011261940002,no_control
2826,0.6640858054161072,0.6640858054161072,no_control
2827,0.6637980937957764,0.6637980937957764,no_control
2828,0.6659499406814575,0.6659499406814575,no_control
2829,0.6688603162765503,0.6688603162765503,no_control
2830,0.6722451448440552,0.6722451448440552,no_control
2831,0.6755014061927795,0.6755014061927795,no_control
2832,0.6794970631599426,0.6794970631599426,no_control
