sample	stable_mse	final_mse	gain	mapping_gate	shape_gate	scale_gate	shift_gate	pattern_entropy
0	0.9184149504	0.9184149504	0	0	0	0.9528099895	0.8295659423	4.120981693
1	0.8915223479	0.8915223479	0	0	0	0.9574803114	0.8420750499	4.12088871
2	0.891402483	0.891402483	0	0	0	0.962422967	0.8526854515	4.121146679
3	0.9023571014	0.9023571014	0	0	0	0.9637714624	0.8559635878	4.12142849
4	0.9274106026	0.9274106026	0	0	0	0.9636145234	0.8556877971	4.121555805
5	0.940246582	0.940246582	0	0	0	0.9620375633	0.8506897688	4.121243477
6	0.9108096361	0.9108096361	0	0	0	0.9593514204	0.8444103003	4.120920181
7	0.9354948997	0.9354948997	0	0	0	0.9530256987	0.8303477168	4.120828629
8	0.9408771992	0.9408771992	0	0	0	0.9584169984	0.8418520689	4.121006012
9	0.9043927789	0.9043927789	0	0	0	0.9593015313	0.8457097411	4.120798588
10	0.9050465822	0.9050465822	0	0	0	0.960850656	0.8483771086	4.121011734
11	0.9120557904	0.9120557904	0	0	0	0.9651510119	0.859608233	4.121183872
12	0.9155871272	0.9155871272	0	0	0	0.9635150433	0.8554387093	4.121172428
13	0.9517344236	0.9517344236	0	0	0	0.9617030025	0.8512096405	4.121143341
14	0.9645569324	0.9645569324	0	0	0	0.9572317004	0.8410639167	4.120858669
15	0.9616212249	0.9616212249	0	0	0	0.9525702596	0.8292015791	4.12079525
16	0.9569277167	0.9569277167	0	0	0	0.954256773	0.8362833858	4.120964527
17	0.9477957487	0.9477957487	0	0	0	0.9562357664	0.8423517942	4.120790482
18	0.984992981	0.984992981	0	0	0	0.9601974487	0.848739624	4.121024609
19	0.9845860004	0.9845860004	0	0	0	0.964425683	0.8589323759	4.121268272
20	0.9870173335	0.9870173335	0	0	0	0.9610808492	0.8523012996	4.12131691
21	1.015378714	1.015378714	0	0	0	0.9629412293	0.8552104235	4.121212482
22	0.9916694164	0.9916694164	0	0	0	0.9559597969	0.83803159	4.120900154
23	1.005464077	1.005464077	0	0	0	0.9533578753	0.8319845796	4.120834827
24	0.9672676921	0.9672676921	0	0	0	0.9530322552	0.8321686983	4.12088871
25	0.953756988	0.953756988	0	0	0	0.9573095441	0.8428493738	4.120779514
26	0.9835435748	0.9835435748	0	0	0	0.960108161	0.8468735218	4.121002674
27	0.9610168934	0.9610168934	0	0	0	0.9639084935	0.8566852808	4.121224403
28	1.002621055	1.002621055	0	0	0	0.9646738768	0.8593996763	4.121317863
29	1.007981539	1.007981539	0	0	0	0.9624417424	0.852887392	4.121178627
30	0.9854340553	0.9854340553	0	0	0	0.9593209624	0.8444664478	4.120945454
31	0.9805861115	0.9805861115	0	0	0	0.9518619776	0.8280099034	4.120925903
32	0.9993280768	0.9993280768	0	0	0	0.9565374255	0.837334156	4.120962143
33	0.9877142906	0.9877142906	0	0	0	0.9567345381	0.8376005292	4.120909691
34	0.9763575792	0.9763575792	0	0	0	0.958093524	0.8408263922	4.1210289
35	0.9433562756	0.9433562756	0	0	0	0.9627871513	0.8542947173	4.121109962
36	0.9199550152	0.9199550152	0	0	0	0.9632955194	0.85596627	4.121148109
37	0.8742318153	0.8742318153	0	0	0	0.9603253603	0.8476042747	4.1210742
38	0.8045803905	0.8045803905	0	0	0	0.9530050159	0.8268374205	4.120865345
39	0.810487926	0.810487926	0	0	0	0.9516483545	0.8278980255	4.120863914
40	0.8472813368	0.8472813368	0	0	0	0.9516575933	0.8295340538	4.120903492
41	0.8176814318	0.8176814318	0	0	0	0.9533801079	0.835231781	4.12079525
42	0.8033427	0.8033427	0	0	0	0.9567539692	0.8398777843	4.120956421
43	0.7994731069	0.7994731069	0	0	0	0.9626005292	0.8547873497	4.121189594
44	0.7956414819	0.7956414819	0	0	0	0.9633981586	0.8578696251	4.121295452
45	0.8179985881	0.8179985881	0	0	0	0.9627950788	0.8548458815	4.121219158
46	0.81539464	0.81539464	0	0	0	0.9541479945	0.832390666	4.120876312
47	0.8112260103	0.8112260103	0	0	0	0.9533320069	0.8311190009	4.12084198
48	0.7888731956	0.7888731956	0	0	0	0.9508055449	0.827481389	4.12087822
49	0.7725481391	0.7725481391	0	0	0	0.953912437	0.8353103399	4.120739937
50	0.76369977	0.76369977	0	0	0	0.9574741125	0.8413435817	4.120954514
51	0.7662693262	0.7662693262	0	0	0	0.963783145	0.857591629	4.121225834
52	0.7619427443	0.7619427443	0	0	0	0.9627694488	0.8557335734	4.12127161
53	0.7608839869	0.7608839869	0	0	0	0.960960567	0.8505698442	4.121109486
54	0.7555874586	0.7555874586	0	0	0	0.9542509913	0.8330023885	4.120890617
55	0.7611278296	0.7611278296	0	0	0	0.9525558949	0.8298066258	4.12082243
56	0.7608844042	0.7608844042	0	0	0	0.9526474476	0.831109345	4.120835304
57	0.7681816816	0.7681816816	0	0	0	0.9556921721	0.8386855125	4.120760441
58	0.7839211226	0.7839211226	0	0	0	0.9597457647	0.846517086	4.120926857
59	0.7960909009	0.7960909009	0	0	0	0.9629346132	0.8562629223	4.12102747
60	0.8114409447	0.8114409447	0	0	0	0.9628941417	0.8569146395	4.121097565
61	0.8244510889	0.8244510889	0	0	0	0.960254848	0.8503113985	4.121014595
62	0.8461759686	0.8461759686	0	0	0	0.9493510127	0.8247253895	4.120855331
63	0.8629826307	0.8629826307	0	0	0	0.9471120238	0.8200803399	4.120824337
64	0.8660035729	0.8660035729	0	0	0	0.9491401911	0.8247390985	4.120914936
65	0.866021812	0.866021812	0	0	0	0.9493521452	0.8268654346	4.120729923
66	0.8712378144	0.8712378144	0	0	0	0.9544051886	0.8353866339	4.120913029
67	0.8638289571	0.8638289571	0	0	0	0.9590227008	0.8469267488	4.121135712
68	0.8636181951	0.8636181951	0	0	0	0.9598525167	0.8498963118	4.121245384
69	0.8761310577	0.8761310577	0	0	0	0.9590903521	0.8463087678	4.121198654
70	0.8839409351	0.8839409351	0	0	0	0.9515256286	0.8272007704	4.120876312
71	0.878033936	0.878033936	0	0	0	0.948993504	0.8213840723	4.120825768
72	0.8574532866	0.8574532866	0	0	0	0.9479597807	0.82178545	4.120856285
73	0.8524752855	0.8524752855	0	0	0	0.9480036497	0.8222758174	4.120779514
74	0.8485062122	0.8485062122	0	0	0	0.9544068575	0.8354473114	4.120936871
75	0.8421456218	0.8421456218	0	0	0	0.9592212439	0.8486667871	4.121162415
76	0.8430846334	0.8430846334	0	0	0	0.9551684856	0.8419260383	4.121165276
77	0.841118753	0.841118753	0	0	0	0.9574881196	0.8451142311	4.121037483
78	0.8433458209	0.8433458209	0	0	0	0.9527256489	0.832873404	4.120862007
79	0.8510506153	0.8510506153	0	0	0	0.9508950114	0.8271633387	4.120645046
80	0.8577738404	0.8577738404	0	0	0	0.9501450658	0.8270326257	4.120554447
81	0.8651012182	0.8651012182	0	0	0	0.9480727911	0.8247082233	4.120617867
82	0.8551318049	0.8551318049	0	0	0	0.952955544	0.8361925483	4.120802402
83	0.8523489833	0.8523489833	0	0	0	0.9542680383	0.8402705193	4.120836258
84	0.8346117735	0.8346117735	0	0	0	0.954482913	0.8415663838	4.120924473
85	0.8291684389	0.8291684389	0	0	0	0.9513261914	0.8343939185	4.120944023
86	0.8106129766	0.8106129766	0	0	0	0.941123426	0.815135777	4.120782852
87	0.8192234039	0.8192234039	0	0	0	0.9363244176	0.8090670705	4.120774746
88	0.8508405089	0.8508405089	0	0	0	0.9403357506	0.8130574822	4.120716572
89	0.8186368346	0.8186368346	0	0	0	0.9393541217	0.812330544	4.120693207
90	0.8188809752	0.8188809752	0	0	0	0.9498509169	0.8326417804	4.120789051
91	0.8108492494	0.8108492494	0	0	0	0.9526588917	0.8406359553	4.121062756
92	0.8125180006	0.8125180006	0	0	0	0.9502450228	0.8353403807	4.121064186
93	0.8197641969	0.8197641969	0	0	0	0.9525519609	0.8384251595	4.121061325
94	0.8111544847	0.8111544847	0	0	0	0.9427098036	0.8161643147	4.120842457
95	0.8252958655	0.8252958655	0	0	0	0.9451848865	0.8205326796	4.120854378
96	0.8222717047	0.8222717047	0	0	0	0.9439153075	0.8178285956	4.120743275
97	0.8006494641	0.8006494641	0	0	0	0.9450678825	0.8200434446	4.120615482
98	0.8032490611	0.8032490611	0	0	0	0.9531699419	0.8361265063	4.120848179
99	0.8032285571	0.8032285571	0	0	0	0.9553861022	0.8419858217	4.121161461
100	0.8045790792	0.8045790792	0	0	0	0.9547202587	0.8408702612	4.12115097
101	0.7985952497	0.7985952497	0	0	0	0.9548384547	0.8399013281	4.121012688
102	0.8019852638	0.8019852638	0	0	0	0.9494237304	0.8267278075	4.120830059
103	0.7974726558	0.7974726558	0	0	0	0.9471426606	0.8215373755	4.120758533
104	0.8022487164	0.8022487164	0	0	0	0.9468173981	0.8210641742	4.120679379
105	0.7911148071	0.7911148071	0	0	0	0.9479666948	0.8229231834	4.120672703
106	0.7970827222	0.7970827222	0	0	0	0.9541202784	0.8364325762	4.120941639
107	0.8150792718	0.8150792718	0	0	0	0.9561502337	0.8423461914	4.121004581
108	0.811904192	0.811904192	0	0	0	0.9543035626	0.8386377692	4.120958805
109	0.8085379004	0.8085379004	0	0	0	0.952804029	0.8337789178	4.120983601
110	0.7857055664	0.7857055664	0	0	0	0.9421896935	0.8077366352	4.120779991
111	0.7819573283	0.7819573283	0	0	0	0.9395300746	0.8033151031	4.120830059
112	0.8124204278	0.8124204278	0	0	0	0.9433816075	0.8144072294	4.120820522
113	0.778398335	0.778398335	0	0	0	0.9443713427	0.8210759163	4.12065506
114	0.7740270495	0.7740270495	0	0	0	0.9512894154	0.8343071938	4.120836735
115	0.7751376629	0.7751376629	0	0	0	0.9515011311	0.8373749256	4.120993614
116	0.7711757421	0.7711757421	0	0	0	0.9526696801	0.8391273022	4.121046543
117	0.7766996026	0.7766996026	0	0	0	0.9543011785	0.8392139673	4.121069908
118	0.7692196369	0.7692196369	0	0	0	0.9462811351	0.8193131685	4.120792389
119	0.7580099702	0.7580099702	0	0	0	0.9462321401	0.8182042241	4.120756626
120	0.7584496737	0.7584496737	0	0	0	0.9476870298	0.8233720064	4.12074995
121	0.7499426603	0.7499426603	0	0	0	0.9484398365	0.8246719837	4.120590687
122	0.7463737726	0.7463737726	0	0	0	0.9550825953	0.839071095	4.120891571
123	0.7410140038	0.7410140038	0	0	0	0.9566730261	0.844060719	4.121103764
124	0.7397696972	0.7397696972	0	0	0	0.9553747773	0.8406379223	4.121132851
125	0.7410445213	0.7410445213	0	0	0	0.9582864642	0.8442254663	4.121055603
126	0.7300859094	0.7300859094	0	0	0	0.9536682963	0.8322313428	4.120858192
127	0.7229755521	0.7229755521	0	0	0	0.9519434571	0.8274484277	4.120856762
128	0.7305019498	0.7305019498	0	0	0	0.951867044	0.8280577064	4.120671749
129	0.7190836668	0.7190836668	0	0	0	0.9552159309	0.8341809511	4.120555401
130	0.7422035336	0.7422035336	0	0	0	0.9569311738	0.8377243876	4.120938301
131	0.7733154297	0.7733154297	0	0	0	0.9598469734	0.8458657265	4.121006012
132	0.8198866248	0.8198866248	0	0	0	0.9589688182	0.8451054096	4.120957375
133	0.8794733882	0.8794733882	0	0	0	0.9604258537	0.848064065	4.121085167
134	0.8781449199	0.8781449199	0	0	0	0.9570350647	0.8397478461	4.120894432
135	0.8869249225	0.8869249225	0	0	0	0.953822732	0.8329367042	4.120884895
136	0.8825238347	0.8825238347	0	0	0	0.9552322626	0.8371425867	4.12082243
137	0.8933657408	0.8933657408	0	0	0	0.9532162547	0.8349784613	4.120679379
138	0.9111563563	0.9111563563	0	0	0	0.9585463405	0.8453927636	4.120861053
139	0.905023396	0.905023396	0	0	0	0.9588725567	0.846364975	4.120839596
140	0.8989266753	0.8989266753	0	0	0	0.9600758553	0.8498936892	4.121095181
141	0.9198176861	0.9198176861	0	0	0	0.9613369703	0.8512257934	4.121238708
142	0.9146479368	0.9146479368	0	0	0	0.9595537782	0.846252799	4.120910645
143	0.9114847779	0.9114847779	0	0	0	0.9562262297	0.8386077881	4.12077713
144	0.9029965997	0.9029965997	0	0	0	0.9579939246	0.8432077765	4.120762348
145	0.9193636775	0.9193636775	0	0	0	0.9576292634	0.8446722627	4.120671749
146	0.9353249669	0.9353249669	0	0	0	0.9595230818	0.8470599055	4.120936394
147	0.9144247174	0.9144247174	0	0	0	0.9617491961	0.8534737825	4.121079445
148	0.9179148674	0.9179148674	0	0	0	0.9616078734	0.8538924456	4.12116909
149	0.9358230829	0.9358230829	0	0	0	0.9598881602	0.8478178382	4.121189117
150	0.9213525653	0.9213525653	0	0	0	0.9612309337	0.8511616588	4.120910645
151	0.9281979799	0.9281979799	0	0	0	0.9525490999	0.8310717344	4.120845795
152	0.9273367524	0.9273367524	0	0	0	0.953148067	0.8322336078	4.120752335
153	0.935880363	0.935880363	0	0	0	0.9569714665	0.8421008587	4.120726109
154	0.9300287962	0.9300287962	0	0	0	0.9574337006	0.8429324031	4.120902061
155	0.9020344615	0.9020344615	0	0	0	0.9587917328	0.8470976949	4.120871544
156	0.8985130787	0.8985130787	0	0	0	0.9587621093	0.848136723	4.120870113
157	0.9009987712	0.9009987712	0	0	0	0.9597915411	0.847756803	4.12104845
158	0.8486964703	0.8486964703	0	0	0	0.9542555213	0.8320487738	4.120898247
159	0.8175423145	0.8175423145	0	0	0	0.9503397346	0.823551178	4.120830536
160	0.8197796941	0.8197796941	0	0	0	0.9520990252	0.8313590288	4.120886326
161	0.809330523	0.809330523	0	0	0	0.9527202845	0.8361964226	4.120728493
162	0.826300025	0.826300025	0	0	0	0.956710279	0.842054069	4.120894432
163	0.8085055351	0.8085055351	0	0	0	0.9590148926	0.8489943147	4.120936871
164	0.8125601411	0.8125601411	0	0	0	0.96007967	0.8519765139	4.12101078
165	0.8211888075	0.8211888075	0	0	0	0.9594086409	0.8480784297	4.121193409
166	0.8266011477	0.8266011477	0	0	0	0.9553335905	0.8367785215	4.120884895
167	0.8208696246	0.8208696246	0	0	0	0.9518960118	0.82774055	4.120814323
168	0.8014042974	0.8014042974	0	0	0	0.9535265565	0.8343587518	4.12086916
169	0.7988597155	0.7988597155	0	0	0	0.9536275268	0.8366495967	4.120796204
170	0.7974849939	0.7974849939	0	0	0	0.9569408894	0.8416272998	4.12098074
171	0.7947877049	0.7947877049	0	0	0	0.9601089954	0.8499987721	4.121034622
172	0.7888050079	0.7888050079	0	0	0	0.9615190625	0.8543416262	4.121129513
173	0.7915340662	0.7915340662	0	0	0	0.9600511193	0.848544538	4.121179581
174	0.7921209931	0.7921209931	0	0	0	0.9565968513	0.8386105895	4.120984554
175	0.7737898827	0.7737898827	0	0	0	0.9555586576	0.8352444172	4.12102747
176	0.7749834657	0.7749834657	0	0	0	0.9494032264	0.8198183179	4.121490479
177	0.7739121318	0.7739121318	0	0	0	0.9537140131	0.8306756616	4.121545315
178	0.7736039162	0.7736039162	0	0	0	0.9546015859	0.8319228292	4.121837616
179	0.8011438251	0.8011438251	0	0	0	0.9587596655	0.8441001177	4.12216711
180	0.8317304254	0.8317304254	0	0	0	0.9603354335	0.8491450548	4.122489452
181	0.8817859888	0.8817859888	0	0	0	0.9581754804	0.8427470922	4.122671127
182	0.9165911078	0.9165911078	0	0	0	0.9557625055	0.8359666467	4.122435093
183	0.9312101007	0.9312101007	0	0	0	0.9521623254	0.8266738653	4.122935295
184	0.9346141815	0.9346141815	0	0	0	0.9341851473	0.7907848358	4.123758793
185	0.9426457286	0.9426457286	0	0	0	0.9386437535	0.7988527417	4.123682499
186	0.9599103332	0.9599103332	0	0	0	0.9371250868	0.7967863679	4.124155998
187	0.9753016233	0.9753016233	0	0	0	0.9399350286	0.8044463396	4.12432909
188	0.9688380957	0.9688380957	0	0	0	0.9404425025	0.806613028	4.124394417
189	0.9830644727	0.9830644727	0	0	0	0.9366778135	0.7983372211	4.124437332
190	0.9617801905	0.9617801905	0	0	0	0.9328348041	0.7915731072	4.124443054
191	0.9456152916	0.9456152916	0	0	0	0.9221470356	0.7703357935	4.124378204
192	0.9324170947	0.9324170947	0	0	0	0.8902069926	0.7217940092	4.124648094
193	0.939787209	0.939787209	0	0	0	0.9501689672	0.8205943108	4.122359276
194	0.9610306621	0.9610306621	0	0	0	0.9505127668	0.8210924268	4.122932434
195	0.9952786565	0.9952786565	0	0	0	0.9520783424	0.8264827728	4.123604774
196	0.9692837	0.9692837	0	0	0	0.952301681	0.8300670385	4.123598099
197	0.9918639064	0.9918639064	0	0	0	0.949901402	0.823998332	4.123654842
198	0.9876292944	0.9876292944	0	0	0	0.9481102228	0.8194120526	4.123699188
199	0.9493864179	0.9493864179	0	0	0	0.9404075146	0.8014493585	4.123514652
200	0.9645345807	0.9645345807	0	0	0	0.9237126708	0.7695475817	4.12431097
201	0.9393445253	0.9393445253	0	0	0	0.9494484663	0.8189732432	4.122764111
202	0.9005090594	0.9005090594	0	0	0	0.9481948018	0.8177555799	4.122790337
203	0.9229966998	0.9229966998	0	0	0	0.9525184631	0.8284536004	4.12267828
204	0.9256817102	0.9256817102	0	0	0	0.9529368281	0.8320022821	4.122807026
205	0.9537431002	0.9537431002	0	0	0	0.9485220909	0.8212317228	4.123267651
206	0.9632775187	0.9632775187	0	0	0	0.9350408912	0.7964423299	4.12334013
207	0.9586693645	0.9586693645	0	0	0	0.9269914031	0.7818269134	4.12343359
208	0.9500892162	0.9500892162	0	0	0	0.9160503149	0.7619299889	4.123940468
209	0.953610003	0.953610003	0	0	0	0.9354712367	0.8003951311	4.122437954
210	0.9612425566	0.9612425566	0	0	0	0.9414027333	0.812053144	4.12272501
211	0.975014627	0.975014627	0	0	0	0.9455947876	0.8218288422	4.122917652
212	0.9855143428	0.9855143428	0	0	0	0.9477723241	0.826862514	4.123126984
213	1.008212328	1.008212328	0	0	0	0.9395459294	0.8101133704	4.123447418
214	0.9927856922	0.9927856922	0	0	0	0.9364148378	0.8024351001	4.123307705
215	0.9768179059	0.9768179059	0	0	0	0.9333752394	0.794171989	4.123446941
216	0.9925641418	0.9925641418	0	0	0	0.9188622832	0.7682165504	4.124053478
217	0.9622121453	0.9622121453	0	0	0	0.9411475658	0.8112014532	4.122510433
218	0.9647565484	0.9647565484	0	0	0	0.9438523054	0.8154052496	4.123054504
219	0.9803163409	0.9803163409	0	0	0	0.9421599507	0.813241601	4.122692108
220	0.9993197322	0.9993197322	0	0	0	0.9416201711	0.8123645782	4.123278141
221	1.020942092	1.020942092	0	0	0	0.9386014342	0.80724895	4.123311996
222	1.018512964	1.018512964	0	0	0	0.9371140599	0.8030135036	4.12332058
223	1.015672088	1.015672088	0	0	0	0.9315223694	0.7895979285	4.123538494
224	1.033720016	1.033720016	0	0	0	0.9207609892	0.7694250941	4.124171734
225	1.006085515	1.006085515	0	0	0	0.9404319525	0.8058866858	4.122727871
226	0.997235775	0.997235775	0	0	0	0.9437741637	0.813886106	4.122905731
227	0.9731245637	0.9731245637	0	0	0	0.9435223341	0.8131271601	4.122610569
228	0.9658504725	0.9658504725	0	0	0	0.9419679046	0.8114250898	4.122509956
229	0.9887388945	0.9887388945	0	0	0	0.936340034	0.8018049598	4.122702599
230	0.9657389522	0.9657389522	0	0	0	0.9344094396	0.7979360223	4.122503281
231	0.9685356617	0.9685356617	0	0	0	0.9272947907	0.7859202623	4.123033047
232	0.9830281138	0.9830281138	0	0	0	0.9116879702	0.7582933903	4.123761654
233	0.9687994123	0.9687994123	0	0	0	0.9306800365	0.797020793	4.122104168
234	0.9680073857	0.9680073857	0	0	0	0.9405459166	0.8142877221	4.122708797
235	0.9581545591	0.9581545591	0	0	0	0.9385415316	0.8139020801	4.122666836
236	0.9744566083	0.9744566083	0	0	0	0.9368504882	0.813198626	4.122828484
237	0.9803552032	0.9803552032	0	0	0	0.9329776764	0.8055138588	4.122992516
238	0.9924603701	0.9924603701	0	0	0	0.9359452128	0.8055505157	4.122550011
239	0.9670081139	0.9670081139	0	0	0	0.9371029139	0.8041071892	4.123029232
240	0.9833493233	0.9833493233	0	0	0	0.9199716449	0.772423625	4.123867035
241	0.9992797375	0.9992797375	0	0	0	0.9406195879	0.8131186962	4.122417927
242	0.9677167535	0.9677167535	0	0	0	0.9433916211	0.8161967993	4.122898102
243	0.9608710408	0.9608710408	0	0	0	0.9440623522	0.818748951	4.122916698
244	0.9696893096	0.9696893096	0	0	0	0.9399927258	0.8135769367	4.122720718
245	0.972658813	0.972658813	0	0	0	0.9399760962	0.8105889559	4.12322855
246	0.965567112	0.965567112	0	0	0	0.9397713542	0.8060996532	4.123369217
247	0.9613154531	0.9613154531	0	0	0	0.9380448461	0.7994138002	4.123241901
248	0.9851680994	0.9851680994	0	0	0	0.9218810201	0.7704294324	4.124196529
249	0.9745850563	0.9745850563	0	0	0	0.9415467381	0.8080672026	4.122938156
250	0.965821743	0.965821743	0	0	0	0.9414497614	0.8083158135	4.123296261
251	0.958209455	0.958209455	0	0	0	0.941349864	0.8092675805	4.123094082
252	0.9491844177	0.9491844177	0	0	0	0.9399144053	0.8097115755	4.122954369
253	0.9599006176	0.9599006176	0	0	0	0.937902987	0.8048870564	4.123114109
254	0.9397177696	0.9397177696	0	0	0	0.9314637184	0.7882180214	4.122955322
255	0.9289603233	0.9289603233	0	0	0	0.9296606779	0.7821574211	4.123346329
256	0.9539316893	0.9539316893	0	0	0	0.9090947509	0.748516202	4.124320984
257	0.9378353357	0.9378353357	0	0	0	0.9356869459	0.7963315248	4.122900009
258	0.9360269904	0.9360269904	0	0	0	0.93800807	0.8021932244	4.1236763
259	0.9425649047	0.9425649047	0	0	0	0.9382767677	0.8031714559	4.12342453
260	0.9469021559	0.9469021559	0	0	0	0.9408347607	0.8083072901	4.123448372
261	0.9555006623	0.9555006623	0	0	0	0.9367632866	0.7989058495	4.12360096
262	0.9407938719	0.9407938719	0	0	0	0.9329889417	0.7877168059	4.12303257
263	0.9362226129	0.9362226129	0	0	0	0.9332335591	0.7872739434	4.123578548
264	0.9497259259	0.9497259259	0	0	0	0.9252082109	0.77678442	4.124326229
265	0.9379358888	0.9379358888	0	0	0	0.949501574	0.8228715062	4.122955799
266	0.9432142973	0.9432142973	0	0	0	0.9521198273	0.8291696906	4.12336874
267	0.9480990171	0.9480990171	0	0	0	0.9542765617	0.8350579143	4.123601913
268	0.9568966627	0.9568966627	0	0	0	0.9548707604	0.83617419	4.123370647
269	0.9715152979	0.9715152979	0	0	0	0.952878654	0.8308376074	4.123364449
270	0.9665192962	0.9665192962	0	0	0	0.9506877661	0.8237158656	4.122884274
271	0.9677857757	0.9677857757	0	0	0	0.9487859607	0.8185116053	4.122635841
272	0.9588562846	0.9588562846	0	0	0	0.9537789226	0.8287705779	4.122411251
273	0.9595578313	0.9595578313	0	0	0	0.9616600871	0.8497217298	4.121548176
274	0.957164228	0.957164228	0	0	0	0.96173352	0.8509776592	4.121847153
275	0.9482725859	0.9482725859	0	0	0	0.960385263	0.8495664001	4.121582508
276	0.9308003187	0.9308003187	0	0	0	0.9603746533	0.8510731459	4.121374607
277	0.9375172853	0.9375172853	0	0	0	0.95856148	0.843685329	4.121208191
278	0.9206959009	0.9206959009	0	0	0	0.9556796551	0.8356444836	4.121069908
279	0.9112696052	0.9112696052	0	0	0	0.9508044124	0.8235380054	4.120985985
280	0.9175787568	0.9175787568	0	0	0	0.9519930482	0.8303043842	4.120969772
281	0.8835329413	0.8835329413	0	0	0	0.9520111084	0.8308318853	4.12095356
282	0.8626646399	0.8626646399	0	0	0	0.9583485723	0.8449700475	4.121165752
283	0.8709082603	0.8709082603	0	0	0	0.9602581263	0.8509429693	4.121157169
284	0.8703824878	0.8703824878	0	0	0	0.9597320557	0.8503180742	4.121225357
285	0.8761107922	0.8761107922	0	0	0	0.9590697289	0.846929729	4.121191502
286	0.8601079583	0.8601079583	0	0	0	0.9528083801	0.8336774111	4.12091589
287	0.853389442	0.853389442	0	0	0	0.9512228966	0.8290751576	4.12092495
288	0.8716187477	0.8716187477	0	0	0	0.953019917	0.8341656923	4.120980263
289	0.8609348536	0.8609348536	0	0	0	0.9522461891	0.8326376081	4.12091732
290	0.8603170514	0.8603170514	0	0	0	0.9594786763	0.8479107618	4.12117672
291	0.8725571632	0.8725571632	0	0	0	0.9615414739	0.8544768095	4.121186733
292	0.8872290254	0.8872290254	0	0	0	0.9614982605	0.8549749255	4.121249199
293	0.8758950233	0.8758950233	0	0	0	0.9598827362	0.8496118188	4.121182442
294	0.87240237	0.87240237	0	0	0	0.9514676332	0.8312478662	4.120980263
295	0.8643298149	0.8643298149	0	0	0	0.9509748816	0.8277369738	4.120938778
296	0.8724139333	0.8724139333	0	0	0	0.950850606	0.8280832171	4.120924473
297	0.8722795844	0.8722795844	0	0	0	0.9523296356	0.8307754993	4.120938778
298	0.8732018471	0.8732018471	0	0	0	0.9550881982	0.8355156183	4.121195316
299	0.886435926	0.886435926	0	0	0	0.9566372633	0.8393304944	4.121126652
300	0.8702679873	0.8702679873	0	0	0	0.9526050091	0.8292900324	4.121038914
301	0.8425456285	0.8425456285	0	0	0	0.9503030181	0.8221900463	4.121124268
302	0.8315317035	0.8315317035	0	0	0	0.9358397722	0.7903168797	4.120918751
303	0.8337560296	0.8337560296	0	0	0	0.9371332526	0.7916277647	4.120920658
304	0.8789491057	0.8789491057	0	0	0	0.9458829761	0.8134314418	4.12100172
305	0.8185135126	0.8185135126	0	0	0	0.9474147558	0.8221527934	4.120929718
306	0.8057140112	0.8057140112	0	0	0	0.9540242553	0.8346948028	4.121120453
307	0.8198100328	0.8198100328	0	0	0	0.958560288	0.8473103046	4.121124744
308	0.8402642608	0.8402642608	0	0	0	0.9590246081	0.8485700488	4.121157169
309	0.8434809446	0.8434809446	0	0	0	0.956854403	0.8407589197	4.121210098
310	0.8398510814	0.8398510814	0	0	0	0.9506813288	0.8266934156	4.120970726
311	0.8214918971	0.8214918971	0	0	0	0.9503033757	0.8263726234	4.120909214
312	0.8717209697	0.8717209697	0	0	0	0.9497902989	0.8256527781	4.120899677
313	0.8349409699	0.8349409699	0	0	0	0.9509062767	0.8289476037	4.12090683
314	0.8080848455	0.8080848455	0	0	0	0.9551916718	0.8376473188	4.121088505
315	0.8124638796	0.8124638796	0	0	0	0.9573738575	0.8445875049	4.121108055
316	0.8274978399	0.8274978399	0	0	0	0.9584332705	0.8470935822	4.121193409
317	0.8403332829	0.8403332829	0	0	0	0.9573523998	0.842764914	4.121143341
318	0.8235720396	0.8235720396	0	0	0	0.9489914179	0.8221459985	4.120966434
319	0.7961522341	0.7961522341	0	0	0	0.9440113306	0.8100431561	4.120942116
320	0.8044287562	0.8044287562	0	0	0	0.9443998933	0.8129705787	4.120898247
321	0.7989984155	0.7989984155	0	0	0	0.9490475655	0.8240132332	4.120934963
322	0.7820590734	0.7820590734	0	0	0	0.9537507892	0.8346167207	4.121096611
323	0.7927055359	0.7927055359	0	0	0	0.9555369616	0.8398813605	4.121016502
324	0.8043153882	0.8043153882	0	0	0	0.9536643028	0.8334650993	4.12100029
325	0.7705157995	0.7705157995	0	0	0	0.9511069059	0.8261445165	4.121094227
326	0.7508372664	0.7508372664	0	0	0	0.9403796196	0.8011074066	4.120916843
327	0.7199545503	0.7199545503	0	0	0	0.9364939928	0.7936676741	4.120916367
328	0.7341946363	0.7341946363	0	0	0	0.9411537647	0.8097052574	4.120945454
329	0.6952311993	0.6952311993	0	0	0	0.9421442747	0.8175542951	4.120919228
330	0.669983089	0.669983089	0	0	0	0.9501768947	0.8329457045	4.121097565
331	0.6935375333	0.6935375333	0	0	0	0.9530249834	0.8404036164	4.121085167
332	0.7423989177	0.7423989177	0	0	0	0.9541586637	0.8406241536	4.121191502
333	0.738176167	0.738176167	0	0	0	0.9505089521	0.8317298889	4.12116003
334	0.6928629279	0.6928629279	0	0	0	0.9447308779	0.8166689873	4.120942116
335	0.6888055205	0.6888055205	0	0	0	0.943333149	0.8140997291	4.120874882
336	0.7205076218	0.7205076218	0	0	0	0.9417570233	0.8145003319	4.120858192
337	0.6808335185	0.6808335185	0	0	0	0.9399261475	0.8137581348	4.120830536
338	0.6573339701	0.6573339701	0	0	0	0.9507860541	0.8333625793	4.121103287
339	0.6754748821	0.6754748821	0	0	0	0.9531702995	0.8396145701	4.121187687
340	0.6988968849	0.6988968849	0	0	0	0.9521499872	0.8379384279	4.121211529
341	0.6916693449	0.6916693449	0	0	0	0.9503514171	0.8331154585	4.121131897
342	0.6811432838	0.6811432838	0	0	0	0.9425142407	0.8137720823	4.120911598
343	0.6742290854	0.6742290854	0	0	0	0.9423940778	0.8115267754	4.120871544
344	0.712288022	0.712288022	0	0	0	0.9420897961	0.8131731153	4.120863914
345	0.6851683855	0.6851683855	0	0	0	0.9384463429	0.8095933199	4.120751858
346	0.6620637178	0.6620637178	0	0	0	0.9453741908	0.8207823634	4.120947838
347	0.6734368801	0.6734368801	0	0	0	0.945050478	0.8231298327	4.120928764
348	0.7355539203	0.7355539203	0	0	0	0.9500796199	0.8344907165	4.120991707
349	0.7369191051	0.7369191051	0	0	0	0.9508897066	0.8365156054	4.121143341
350	0.7327700853	0.7327700853	0	0	0	0.9445311427	0.8208447695	4.120890617
351	0.7335829735	0.7335829735	0	0	0	0.9421086907	0.8153234124	4.120826244
352	0.7575796247	0.7575796247	0	0	0	0.9397662282	0.8142859936	4.120814323
353	0.7205174565	0.7205174565	0	0	0	0.9291274548	0.7992755175	4.120764732
354	0.7080626488	0.7080626488	0	0	0	0.9397692084	0.8177552819	4.120931149
355	0.7008499503	0.7008499503	0	0	0	0.9416760802	0.8234036565	4.120975971
356	0.7342583537	0.7342583537	0	0	0	0.9449070692	0.8302119374	4.12105751
357	0.7422655821	0.7422655821	0	0	0	0.9426971674	0.8253635168	4.121175766
358	0.727180779	0.727180779	0	0	0	0.9364658594	0.8109455109	4.120893002
359	0.735024333	0.735024333	0	0	0	0.9412893653	0.816462934	4.120786667
360	0.7570933104	0.7570933104	0	0	0	0.9364807606	0.8096015453	4.120802879
361	0.7146965861	0.7146965861	0	0	0	0.9359818697	0.8098481297	4.120794296
362	0.6846150756	0.6846150756	0	0	0	0.9402748942	0.8185353279	4.120945454
363	0.6802951694	0.6802951694	0	0	0	0.9467579126	0.8307818174	4.121105194
364	0.7135157585	0.7135157585	0	0	0	0.9453185797	0.8287035823	4.121144295
365	0.7014764547	0.7014764547	0	0	0	0.9457073212	0.8293455243	4.121064186
366	0.6962747574	0.6962747574	0	0	0	0.9469079375	0.8258178234	4.120984554
367	0.6930140853	0.6930140853	0	0	0	0.9471912384	0.8243685365	4.120954037
368	0.702213645	0.702213645	0	0	0	0.9412434101	0.8145597577	4.120803833
369	0.706761837	0.706761837	0	0	0	0.9409915209	0.8181897998	4.120818615
370	0.6780349016	0.6780349016	0	0	0	0.9493147731	0.8310812116	4.121049404
371	0.6698645949	0.6698645949	0	0	0	0.9525124431	0.8391792774	4.121035099
372	0.6666228771	0.6666228771	0	0	0	0.952904284	0.8416926861	4.121011734
373	0.6498352289	0.6498352289	0	0	0	0.9497030973	0.8362088799	4.12105608
374	0.626761198	0.626761198	0	0	0	0.9471527338	0.8272383809	4.120884418
375	0.6122150421	0.6122150421	0	0	0	0.947699666	0.826939106	4.120844364
376	0.6164883375	0.6164883375	0	0	0	0.9450250268	0.8238655925	4.120859623
377	0.6084485054	0.6084485054	0	0	0	0.9430068135	0.8206904531	4.120856285
378	0.605855763	0.605855763	0	0	0	0.9482374787	0.8306007385	4.120996952
379	0.5980086327	0.5980086327	0	0	0	0.9528945684	0.8411207795	4.120985031
380	0.5987344384	0.5987344384	0	0	0	0.9549739361	0.84435606	4.121123314
381	0.5912357569	0.5912357569	0	0	0	0.9533821344	0.8401569128	4.121248722
382	0.5934727788	0.5934727788	0	0	0	0.9479914904	0.824001193	4.120925426
383	0.5898131132	0.5898131132	0	0	0	0.9501125813	0.8268648982	4.120741844
384	0.596699059	0.596699059	0	0	0	0.9492485523	0.8265479207	4.120839596
385	0.5867122412	0.5867122412	0	0	0	0.9496062398	0.8283566833	4.120800018
386	0.5864387155	0.5864387155	0	0	0	0.9558312297	0.8406840563	4.120954037
387	0.5830909014	0.5830909014	0	0	0	0.9576271772	0.8454630971	4.121166229
388	0.5907410979	0.5907410979	0	0	0	0.9598910809	0.8509122729	4.121315956
389	0.5813721418	0.5813721418	0	0	0	0.9592385888	0.847845614	4.121309757
390	0.5833169222	0.5833169222	0	0	0	0.9573825598	0.8401281238	4.120925903
391	0.5772830248	0.5772830248	0	0	0	0.956697464	0.8365801573	4.120911121
392	0.5808403492	0.5808403492	0	0	0	0.9527908564	0.8295906782	4.120845795
393	0.5786987543	0.5786987543	0	0	0	0.9561328888	0.8394223452	4.120958805
394	0.5822453499	0.5822453499	0	0	0	0.957452476	0.843777895	4.120987415
395	0.5763584971	0.5763584971	0	0	0	0.9593927264	0.8499888182	4.12102747
396	0.5390188098	0.5390188098	0	0	0	0.9596630931	0.8509703279	4.121049881
397	0.4806149304	0.4806149304	0	0	0	0.9587594271	0.8466073871	4.121108055
398	0.4430797696	0.4430797696	0	0	0	0.9547265172	0.8343597651	4.120889664
399	0.4263950884	0.4263950884	0	0	0	0.9542945027	0.8329573274	4.120901585
400	0.4584266245	0.4584266245	0	0	0	0.9551558495	0.8378611207	4.120913029
401	0.409715116	0.409715116	0	0	0	0.9522337914	0.8320609331	4.120842457
402	0.4229027331	0.4229027331	0	0	0	0.9557938576	0.8395163417	4.120949268
403	0.4118201733	0.4118201733	0	0	0	0.9596707225	0.849488914	4.121030807
404	0.4037312865	0.4037312865	0	0	0	0.9613065124	0.8530910015	4.121188641
405	0.3876503408	0.3876503408	0	0	0	0.9609308839	0.850315094	4.121211529
406	0.3758861125	0.3758861125	0	0	0	0.9563180804	0.8369029164	4.12080574
407	0.385373354	0.385373354	0	0	0	0.9574961066	0.8395559192	4.120823383
408	0.392983079	0.392983079	0	0	0	0.9583805799	0.8437824249	4.120907307
409	0.4000073373	0.4000073373	0	0	0	0.9575696588	0.8420250416	4.120785713
410	0.4199372232	0.4199372232	0	0	0	0.9609860182	0.8501864672	4.12096262
411	0.4216872156	0.4216872156	0	0	0	0.9633487463	0.8570492268	4.121201038
412	0.4216088355	0.4216088355	0	0	0	0.9623265266	0.8550293446	4.121335506
413	0.3994056284	0.3994056284	0	0	0	0.9632199407	0.8555088043	4.121350765
414	0.3975792825	0.3975792825	0	0	0	0.9593486786	0.8437461853	4.120872974
415	0.4103778601	0.4103778601	0	0	0	0.9569582939	0.8373960853	4.120924473
416	0.4099186361	0.4099186361	0	0	0	0.9559196234	0.8372864723	4.120821953
417	0.407977879	0.407977879	0	0	0	0.9593147039	0.8452911377	4.120922565
418	0.4278181195	0.4278181195	0	0	0	0.9633564949	0.8556786776	4.121058464
419	0.432289809	0.432289809	0	0	0	0.9645785093	0.8602369428	4.121091843
420	0.4339743555	0.4339743555	0	0	0	0.9640029073	0.8586956263	4.121125221
421	0.4167443216	0.4167443216	0	0	0	0.9622051716	0.8536813855	4.121242523
422	0.372272253	0.372272253	0	0	0	0.9567790031	0.8379844427	4.120966434
423	0.3768543899	0.3768543899	0	0	0	0.9565941095	0.8358271718	4.120983124
424	0.3850853443	0.3850853443	0	0	0	0.9564912915	0.8379538655	4.120968342
425	0.3998690248	0.3998690248	0	0	0	0.9526578188	0.8294075727	4.120894909
426	0.3992988169	0.3992988169	0	0	0	0.9597766399	0.8458739519	4.121080399
427	0.3933904767	0.3933904767	0	0	0	0.9637917876	0.8578269482	4.121101856
428	0.3923517466	0.3923517466	0	0	0	0.9643670917	0.8584980965	4.121434689
429	0.3829986453	0.3829986453	0	0	0	0.9637112617	0.8550823927	4.121524811
430	0.3785623014	0.3785623014	0	0	0	0.9581904411	0.8394343257	4.120980263
431	0.3730159998	0.3730159998	0	0	0	0.9553275108	0.8319516778	4.120959759
432	0.382183075	0.382183075	0	0	0	0.957651794	0.8406180143	4.121060371
433	0.3906798661	0.3906798661	0	0	0	0.9554516077	0.834980011	4.120990276
434	0.4000152349	0.4000152349	0	0	0	0.9616553783	0.8507579565	4.121237278
435	0.3751142621	0.3751142621	0	0	0	0.9636105895	0.85645473	4.121455193
436	0.378878653	0.378878653	0	0	0	0.9635157585	0.8558569551	4.121533394
437	0.3879297674	0.3879297674	0	0	0	0.9613713026	0.8488978148	4.121315002
438	0.3781093955	0.3781093955	0	0	0	0.9583450556	0.8383967876	4.120778561
439	0.3802123666	0.3802123666	0	0	0	0.9544696808	0.829169333	4.120999336
440	0.3690550923	0.3690550923	0	0	0	0.9527087212	0.8268461823	4.120918751
441	0.3857787848	0.3857787848	0	0	0	0.9546442628	0.8310546875	4.120951176
442	0.3939205408	0.3939205408	0	0	0	0.9588175416	0.842232585	4.121189594
443	0.4199516773	0.4199516773	0	0	0	0.9609656334	0.8490725756	4.121155262
444	0.4107432663	0.4107432663	0	0	0	0.9592821002	0.843988061	4.121143341
445	0.400587678	0.400587678	0	0	0	0.9578465819	0.8387123942	4.121121883
446	0.3945668042	0.3945668042	0	0	0	0.9531546831	0.8271538615	4.120863914
447	0.4001886249	0.4001886249	0	0	0	0.9458964467	0.8098807335	4.120958805
448	0.4017246366	0.4017246366	0	0	0	0.9511582255	0.8221715093	4.12099123
449	0.4153306186	0.4153306186	0	0	0	0.9480205774	0.8169838786	4.121013165
450	0.416643858	0.416643858	0	0	0	0.9558290839	0.83393085	4.121161938
451	0.3909188211	0.3909188211	0	0	0	0.961075902	0.8489127159	4.121277809
452	0.3997977078	0.3997977078	0	0	0	0.9613988996	0.848198235	4.121391296
453	0.4018622041	0.4018622041	0	0	0	0.9575248957	0.8375042677	4.121379375
454	0.4034113288	0.4034113288	0	0	0	0.949191153	0.8151813745	4.120756149
455	0.406093508	0.406093508	0	0	0	0.9444146752	0.8042578101	4.120830059
456	0.3920250833	0.3920250833	0	0	0	0.9490370154	0.8166375756	4.121038437
457	0.3997629583	0.3997629583	0	0	0	0.9507635832	0.8216466308	4.12098217
458	0.4048905075	0.4048905075	0	0	0	0.9537860155	0.8283247948	4.121172428
459	0.4027962983	0.4027962983	0	0	0	0.9596270323	0.8435121179	4.121335506
460	0.4002818167	0.4002818167	0	0	0	0.9588952661	0.8406975865	4.121582985
461	0.4112629592	0.4112629592	0	0	0	0.9564665556	0.8343681097	4.121477127
462	0.4174767137	0.4174767137	0	0	0	0.9537476301	0.8266095519	4.120882988
463	0.421781987	0.421781987	0	0	0	0.9495585561	0.817185998	4.121033192
464	0.398730278	0.398730278	0	0	0	0.9509648085	0.8223060369	4.121001244
465	0.3933569491	0.3933569491	0	0	0	0.9542030096	0.8290176392	4.12100172
466	0.3978346884	0.3978346884	0	0	0	0.9563456774	0.8347279429	4.121190071
467	0.4168089926	0.4168089926	0	0	0	0.9591657519	0.8423751593	4.121325016
468	0.4141631424	0.4141631424	0	0	0	0.9561963081	0.8337729573	4.121253967
469	0.4029565454	0.4029565454	0	0	0	0.95283252	0.8249440789	4.121254444
470	0.4026803076	0.4026803076	0	0	0	0.9517869353	0.8234865069	4.120938778
471	0.3987467587	0.3987467587	0	0	0	0.9475598931	0.8139064312	4.121001244
472	0.3911664486	0.3911664486	0	0	0	0.9482352734	0.8170677423	4.121087551
473	0.376758486	0.376758486	0	0	0	0.9489035606	0.8204625249	4.121012688
474	0.3749867082	0.3749867082	0	0	0	0.9534971118	0.8290949464	4.121313095
475	0.3701750636	0.3701750636	0	0	0	0.9578219652	0.8417769074	4.121585369
476	0.3671814501	0.3671814501	0	0	0	0.9544479847	0.8342404366	4.121637821
477	0.3665724397	0.3665724397	0	0	0	0.9482981563	0.8191275597	4.121426105
478	0.3978495896	0.3978495896	0	0	0	0.9470992088	0.8133241534	4.120967388
479	0.3848204017	0.3848204017	0	0	0	0.9471612573	0.8133900166	4.121040821
480	0.3738372624	0.3738372624	0	0	0	0.9493014216	0.819617033	4.121138573
481	0.3653876781	0.3653876781	0	0	0	0.9480007887	0.8178280592	4.121100426
482	0.3664217591	0.3664217591	0	0	0	0.9516202807	0.8259699941	4.121256351
483	0.3646885455	0.3646885455	0	0	0	0.9564419985	0.8376555443	4.121564865
484	0.3543173969	0.3543173969	0	0	0	0.9554209113	0.8332739472	4.121776581
485	0.3666283488	0.3666283488	0	0	0	0.9567132592	0.8348040581	4.121537209
486	0.367099762	0.367099762	0	0	0	0.9542182088	0.8293128014	4.121022701
487	0.3650940061	0.3650940061	0	0	0	0.9481123686	0.8162321448	4.121045589
488	0.3355664313	0.3355664313	0	0	0	0.9448148608	0.8109158874	4.121080875
489	0.3315003216	0.3315003216	0	0	0	0.9517019391	0.8279249072	4.121221066
490	0.3343125284	0.3343125284	0	0	0	0.9539400935	0.831997633	4.121520042
491	0.3497884274	0.3497884274	0	0	0	0.9584593177	0.8448002934	4.12179184
492	0.3494445384	0.3494445384	0	0	0	0.9549173713	0.8380476832	4.121889591
493	0.3400349021	0.3400349021	0	0	0	0.9525450468	0.8287565112	4.121632576
494	0.3774546087	0.3774546087	0	0	0	0.9534322023	0.8279871345	4.121303082
495	0.3648869693	0.3648869693	0	0	0	0.9481468201	0.8170686364	4.121278286
496	0.3413292468	0.3413292468	0	0	0	0.9477059245	0.8173531294	4.121413231
497	0.3335233033	0.3335233033	0	0	0	0.9511781335	0.8251121044	4.121554852
498	0.3375607133	0.3375607133	0	0	0	0.9501191974	0.8252979517	4.121994495
499	0.3456030488	0.3456030488	0	0	0	0.9541601539	0.8366057277	4.122733116
500	0.3577496707	0.3577496707	0	0	0	0.9502121806	0.8317858577	4.122701168
501	0.3609746993	0.3609746993	0	0	0	0.9469417334	0.8219031096	4.122324944
502	0.4012718201	0.4012718201	0	0	0	0.9470809102	0.8171549439	4.121384621
503	0.3912685513	0.3912685513	0	0	0	0.9451441169	0.8131561279	4.121306419
504	0.3504531384	0.3504531384	0	0	0	0.9456270933	0.8140286803	4.121587276
505	0.3334108889	0.3334108889	0	0	0	0.9462774992	0.813787818	4.121479034
506	0.3340958953	0.3340958953	0	0	0	0.9506539106	0.8242405653	4.12190485
507	0.3407486081	0.3407486081	0	0	0	0.9550358057	0.8347662091	4.122596264
508	0.355387181	0.355387181	0	0	0	0.9511137605	0.8289008141	4.122876167
509	0.3432007432	0.3432007432	0	0	0	0.9457736015	0.8162363768	4.122081757
510	0.3624021709	0.3624021709	0	0	0	0.9534518719	0.8294523954	4.121828079
511	0.3576612473	0.3576612473	0	0	0	0.9474544525	0.815395236	4.121377468
512	0.3330054879	0.3330054879	0	0	0	0.946614325	0.8126769066	4.121449947
513	0.3324503005	0.3324503005	0	0	0	0.9501236677	0.8257064819	4.121714115
514	0.3295963109	0.3295963109	0	0	0	0.9540630579	0.8344061971	4.121997356
515	0.3535968661	0.3535968661	0	0	0	0.9572396278	0.8429937959	4.122398376
516	0.3606902659	0.3606902659	0	0	0	0.9554547668	0.8406621218	4.122342587
517	0.3679505289	0.3679505289	0	0	0	0.9518452883	0.8313447833	4.122077465
518	0.4126300216	0.4126300216	0	0	0	0.9530146718	0.830172956	4.121660233
519	0.4083271027	0.4083271027	0	0	0	0.9492449164	0.8213594556	4.121366024
520	0.3871024847	0.3871024847	0	0	0	0.9420001507	0.809658885	4.121509075
521	0.3685748875	0.3685748875	0	0	0	0.9452072978	0.8164509535	4.12173605
522	0.3739899993	0.3739899993	0	0	0	0.9527943134	0.8306196332	4.121905327
523	0.3889549375	0.3889549375	0	0	0	0.9571709633	0.842386961	4.122552872
524	0.407189548	0.407189548	0	0	0	0.9534686208	0.8334963918	4.122708797
525	0.4272647202	0.4272647202	0	0	0	0.9491353035	0.8255974054	4.122375965
526	0.457452774	0.457452774	0	0	0	0.948351264	0.819250226	4.121892452
527	0.4204399586	0.4204399586	0	0	0	0.9522034526	0.8272174597	4.121479988
528	0.3989401758	0.3989401758	0	0	0	0.9420963526	0.8099236488	4.121593475
529	0.3864242435	0.3864242435	0	0	0	0.9456083179	0.8185703754	4.121788979
530	0.3632914126	0.3632914126	0	0	0	0.9527247548	0.8332947493	4.122513294
531	0.3766370416	0.3766370416	0	0	0	0.9542297125	0.8372738957	4.122732639
532	0.3969182372	0.3969182372	0	0	0	0.9525405169	0.8340483904	4.122972012
533	0.4305713177	0.4305713177	0	0	0	0.9499669075	0.8277714252	4.122437
534	0.4268054962	0.4268054962	0	0	0	0.954009831	0.8313641548	4.122020721
535	0.3874977529	0.3874977529	0	0	0	0.9540038109	0.8309350014	4.121850491
536	0.3629296422	0.3629296422	0	0	0	0.9490706921	0.8201326728	4.121716976
537	0.3743788302	0.3743788302	0	0	0	0.956281364	0.8387956023	4.122202396
538	0.3868561685	0.3868561685	0	0	0	0.9594390392	0.8441659808	4.121984959
539	0.3938576877	0.3938576877	0	0	0	0.9620970488	0.8527103662	4.122411251
540	0.3968617022	0.3968617022	0	0	0	0.960103333	0.8482539654	4.122505665
541	0.4184398651	0.4184398651	0	0	0	0.9593997002	0.8440486193	4.122144699
542	0.4127222598	0.4127222598	0	0	0	0.9571926594	0.8378649354	4.121739864
543	0.3761449456	0.3761449456	0	0	0	0.9533298016	0.8258321881	4.121459007
544	0.3664858341	0.3664858341	0	0	0	0.9489169121	0.8204583526	4.121646881
545	0.324172616	0.324172616	0	0	0	0.9542959332	0.8332949281	4.121689796
546	0.3339862227	0.3339862227	0	0	0	0.9561139345	0.8370106816	4.121919155
547	0.3318526745	0.3318526745	0	0	0	0.9621927142	0.8528744578	4.122434616
548	0.3161543906	0.3161543906	0	0	0	0.9613035321	0.8510768414	4.122820854
549	0.3207746148	0.3207746148	0	0	0	0.9603766203	0.8468062282	4.122649193
550	0.311321795	0.311321795	0	0	0	0.9612314105	0.846694231	4.12189579
551	0.2976962328	0.2976962328	0	0	0	0.9606333971	0.8452364802	4.121516228
552	0.2775273025	0.2775273025	0	0	0	0.9595598578	0.8441758752	4.121669292
553	0.2762447	0.2762447	0	0	0	0.9614922404	0.8491742015	4.121807575
554	0.2709267139	0.2709267139	0	0	0	0.963149488	0.8518191576	4.121825218
555	0.2782497406	0.2782497406	0	0	0	0.9666392803	0.8621893525	4.122424126
556	0.2783295214	0.2783295214	0	0	0	0.9654684663	0.8588067293	4.12267828
557	0.2821282744	0.2821282744	0	0	0	0.9640242457	0.8536064625	4.122393131
558	0.2824448347	0.2824448347	0	0	0	0.9648684263	0.8554599285	4.122003078
559	0.2860621512	0.2860621512	0	0	0	0.9623152614	0.8475730419	4.121371269
560	0.2660002112	0.2660002112	0	0	0	0.9603441954	0.8442515135	4.121571541
561	0.2609823942	0.2609823942	0	0	0	0.9643553495	0.8556634188	4.121978283
562	0.2749314606	0.2749314606	0	0	0	0.96491611	0.8568669558	4.121817112
563	0.2813346386	0.2813346386	0	0	0	0.9680587053	0.8657807112	4.122130871
564	0.2849546075	0.2849546075	0	0	0	0.967037499	0.8628895879	4.122516155
565	0.3039825559	0.3039825559	0	0	0	0.9663239717	0.8604188561	4.122445107
566	0.3212813437	0.3212813437	0	0	0	0.9666588902	0.8608142138	4.122221947
567	0.3121946752	0.3121946752	0	0	0	0.9641205072	0.8533932567	4.121993065
568	0.3029233813	0.3029233813	0	0	0	0.9642923474	0.854686439	4.122017384
569	0.2951019704	0.2951019704	0	0	0	0.9629423022	0.852391839	4.122211933
570	0.3065840304	0.3065840304	0	0	0	0.9636034966	0.8527514338	4.121963978
571	0.2928737402	0.2928737402	0	0	0	0.9677129388	0.8656798005	4.122704506
572	0.2963508666	0.2963508666	0	0	0	0.9672168493	0.863924861	4.12299633
573	0.3061882257	0.3061882257	0	0	0	0.9654537439	0.8589631915	4.123000622
574	0.2952231467	0.2952231467	0	0	0	0.9641494751	0.8566026092	4.122776508
575	0.2959732711	0.2959732711	0	0	0	0.9612391591	0.8481913209	4.122312069
576	0.3027752638	0.3027752638	0	0	0	0.9624224901	0.8515285254	4.122190952
577	0.3087075651	0.3087075651	0	0	0	0.9614573121	0.8496710658	4.121993065
578	0.3220841587	0.3220841587	0	0	0	0.9629511237	0.8521624804	4.122394562
579	0.3221925497	0.3221925497	0	0	0	0.9641895294	0.8558415771	4.12274313
580	0.3400992751	0.3400992751	0	0	0	0.9654527307	0.8605922461	4.123143196
581	0.3538271189	0.3538271189	0	0	0	0.9650790095	0.8582907915	4.122774601
582	0.3448291421	0.3448291421	0	0	0	0.964563489	0.857406497	4.122283459
583	0.346827656	0.346827656	0	0	0	0.9616391063	0.8482407928	4.121809006
584	0.3681415915	0.3681415915	0	0	0	0.9617594481	0.8499464989	4.122011185
585	0.3609936833	0.3609936833	0	0	0	0.9632509351	0.8538983464	4.122426987
586	0.3753528297	0.3753528297	0	0	0	0.9612816572	0.848072052	4.122049809
587	0.3712429702	0.3712429702	0	0	0	0.9641885161	0.8570591211	4.122169018
588	0.374597013	0.374597013	0	0	0	0.9645952582	0.8592777252	4.122998714
589	0.3780380487	0.3780380487	0	0	0	0.9647673368	0.8579995036	4.122733116
590	0.3799122274	0.3799122274	0	0	0	0.9618415833	0.8509386182	4.122163296
591	0.383756727	0.383756727	0	0	0	0.9593613744	0.8433483839	4.121787548
592	0.3815399408	0.3815399408	0	0	0	0.9590715766	0.8426222801	4.121896267
593	0.3833116889	0.3833116889	0	0	0	0.9581602812	0.8411940336	4.122083187
594	0.3864820004	0.3864820004	0	0	0	0.958633244	0.8414752483	4.122057438
595	0.3790253997	0.3790253997	0	0	0	0.9631661773	0.8567040563	4.122496605
596	0.3960820138	0.3960820138	0	0	0	0.9615684748	0.8529487848	4.123204708
597	0.4073753357	0.4073753357	0	0	0	0.96078372	0.8505349159	4.122870922
598	0.4004371762	0.4004371762	0	0	0	0.961997509	0.8545549512	4.122407913
599	0.4047929645	0.4047929645	0	0	0	0.9639871716	0.8559744954	4.121631622
600	0.4121018946	0.4121018946	0	0	0	0.9634779692	0.8565030098	4.122005463
601	0.4100834131	0.4100834131	0	0	0	0.9630282521	0.8557831049	4.121958733
602	0.394282937	0.394282937	0	0	0	0.9608752131	0.848323822	4.121922016
603	0.3905985653	0.3905985653	0	0	0	0.9630843401	0.8576160669	4.122702122
604	0.3952718973	0.3952718973	0	0	0	0.96157372	0.8529410362	4.12273407
605	0.3965244293	0.3965244293	0	0	0	0.9643260241	0.8601117134	4.122806072
606	0.3964762986	0.3964762986	0	0	0	0.9643136859	0.8607770801	4.122152328
607	0.403641969	0.403641969	0	0	0	0.962222755	0.8529009819	4.121500969
608	0.3961023092	0.3961023092	0	0	0	0.9606249928	0.8480430841	4.121651649
609	0.3937282562	0.3937282562	0	0	0	0.9629099965	0.8543738127	4.122035027
610	0.4156919122	0.4156919122	0	0	0	0.963545382	0.8559579253	4.122162819
611	0.4675729275	0.4675729275	0	0	0	0.9674113393	0.8693209291	4.122113705
612	0.4604720175	0.4604720175	0	0	0	0.9664599299	0.8669893146	4.122465134
613	0.4887263477	0.4887263477	0	0	0	0.9657866359	0.8633242249	4.122194767
614	0.5126414299	0.5126414299	0	0	0	0.9650051594	0.8629488945	4.121742249
615	0.5341757536	0.5341757536	0	0	0	0.9626877308	0.855687201	4.121372223
616	0.5526658297	0.5526658297	0	0	0	0.9637016058	0.8577836156	4.121673584
617	0.5387333632	0.5387333632	0	0	0	0.9618517756	0.8531141877	4.121812344
618	0.5372667313	0.5372667313	0	0	0	0.9608408809	0.8500771523	4.121724606
619	0.5409944654	0.5409944654	0	0	0	0.9638239741	0.860804975	4.122109413
620	0.5456805229	0.5456805229	0	0	0	0.9654040337	0.8631973267	4.122616768
621	0.5430699587	0.5430699587	0	0	0	0.9650895	0.8612824678	4.122519493
622	0.5510271788	0.5510271788	0	0	0	0.9622970819	0.8553165197	4.121951103
623	0.577406466	0.577406466	0	0	0	0.9624860883	0.8549332619	4.121409893
624	0.5718812346	0.5718812346	0	0	0	0.9627042413	0.856423676	4.121661663
625	0.5490826368	0.5490826368	0	0	0	0.9624654055	0.8559505939	4.121700764
626	0.5353044271	0.5353044271	0	0	0	0.9602768421	0.8495492339	4.121850014
627	0.5708375573	0.5708375573	0	0	0	0.9625487328	0.8577763438	4.122324467
628	0.5546250939	0.5546250939	0	0	0	0.96248734	0.8577573895	4.122826576
629	0.5442156196	0.5442156196	0	0	0	0.9624782801	0.8555096984	4.122247696
630	0.5247934461	0.5247934461	0	0	0	0.9610692859	0.851657331	4.121864319
631	0.5433763266	0.5433763266	0	0	0	0.9589720368	0.8460674286	4.121549129
632	0.5509783626	0.5509783626	0	0	0	0.955406487	0.8375182152	4.121572018
633	0.5170592666	0.5170592666	0	0	0	0.9588609338	0.8448733091	4.121782303
634	0.5208092928	0.5208092928	0	0	0	0.9566893578	0.8393596411	4.121851444
635	0.6092686653	0.6092686653	0	0	0	0.9602146149	0.8499247432	4.121916294
636	0.5784558654	0.5784558654	0	0	0	0.9542263746	0.8348953724	4.122180462
637	0.6452488899	0.6452488899	0	0	0	0.959648788	0.8477803469	4.122171402
638	0.6532114148	0.6532114148	0	0	0	0.9589793086	0.8465062976	4.122133732
639	0.6916559339	0.6916559339	0	0	0	0.9600237608	0.8488722444	4.121687412
640	0.7143349648	0.7143349648	0	0	0	0.9600195289	0.8505852222	4.121635914
641	0.6814263463	0.6814263463	0	0	0	0.9597462416	0.8504114747	4.121896267
642	0.6814933419	0.6814933419	0	0	0	0.9581701159	0.8459342122	4.122069359
643	0.667771101	0.667771101	0	0	0	0.9629445672	0.8598230481	4.122120857
644	0.6723663807	0.6723663807	0	0	0	0.9606000185	0.8543231487	4.122849464
645	0.6836463809	0.6836463809	0	0	0	0.9596951008	0.8506793976	4.123042107
646	0.6945844293	0.6945844293	0	0	0	0.9586831927	0.8481165767	4.122580051
647	0.7001858354	0.7001858354	0	0	0	0.9580217004	0.8449062109	4.121616364
648	0.6925240755	0.6925240755	0	0	0	0.9559556842	0.8413446546	4.121958256
649	0.68383497	0.68383497	0	0	0	0.9579854608	0.8458383679	4.122238159
650	0.702963531	0.702963531	0	0	0	0.9558284283	0.8386839628	4.122353554
651	0.6775684357	0.6775684357	0	0	0	0.9531627893	0.8361214995	4.122643471
652	0.6910903454	0.6910903454	0	0	0	0.9532288909	0.8364874721	4.1229949
653	0.7182436585	0.7182436585	0	0	0	0.9562468529	0.8408770561	4.123107433
654	0.736933589	0.736933589	0	0	0	0.9552492499	0.8399530053	4.122677803
655	0.7355086803	0.7355086803	0	0	0	0.9556260109	0.8395165205	4.121899605
656	0.7272456884	0.7272456884	0	0	0	0.9514718652	0.8262853026	4.12164402
657	0.7022359967	0.7022359967	0	0	0	0.954554677	0.8346091509	4.122106075
658	0.7286778688	0.7286778688	0	0	0	0.9550132751	0.837905705	4.122119427
659	0.7499901652	0.7499901652	0	0	0	0.9589552879	0.850230813	4.122159481
660	0.7698594332	0.7698594332	0	0	0	0.955799818	0.8437418938	4.122488499
661	0.8143952489	0.8143952489	0	0	0	0.9536087513	0.8370666504	4.122271061
662	0.822974503	0.822974503	0	0	0	0.9508877993	0.8309451342	4.12174511
663	0.8243412971	0.8243412971	0	0	0	0.9507118464	0.8305813074	4.121402264
664	0.8327540159	0.8327540159	0	0	0	0.9530422688	0.8338810802	4.121642113
665	0.8258247375	0.8258247375	0	0	0	0.9477448463	0.8228425384	4.121572018
666	0.828063488	0.828063488	0	0	0	0.948528111	0.8260945082	4.121790886
667	0.8190196753	0.8190196753	0	0	0	0.9548192024	0.8414847851	4.122161865
668	0.8296766877	0.8296766877	0	0	0	0.9508084655	0.8325012922	4.122722626
669	0.85620296	0.85620296	0	0	0	0.9507212043	0.8300544024	4.122368336
670	0.8547385335	0.8547385335	0	0	0	0.9415253997	0.811603725	4.121763706
671	0.8654081225	0.8654081225	0	0	0	0.9435762763	0.8121231794	4.121691227
672	0.8301646709	0.8301646709	0	0	0	0.9472180605	0.821888864	4.121781826
673	0.8493214846	0.8493214846	0	0	0	0.9457099438	0.8170619011	4.12177372
674	0.8558576703	0.8558576703	0	0	0	0.9380486608	0.8003094196	4.121869564
675	0.8607359529	0.8607359529	0	0	0	0.9474499822	0.8207714558	4.122371197
676	0.8629503846	0.8629503846	0	0	0	0.9442390203	0.8168843389	4.1226964
677	0.8680939674	0.8680939674	0	0	0	0.9463492632	0.8216167688	4.122624874
678	0.8616242409	0.8616242409	0	0	0	0.9373298883	0.7991580963	4.121810913
679	0.8880220056	0.8880220056	0	0	0	0.943295598	0.809802115	4.121603966
680	0.8588668108	0.8588668108	0	0	0	0.9427654743	0.8041844368	4.121537209
681	0.8562178612	0.8562178612	0	0	0	0.9437083006	0.8082804084	4.121724606
682	0.9056122303	0.9056122303	0	0	0	0.9466204047	0.8150469661	4.121972084
683	0.8982619047	0.8982619047	0	0	0	0.9504216313	0.8268254399	4.121877193
684	0.9595494866	0.9595494866	0	0	0	0.9516018629	0.8297957182	4.122189999
685	0.9496333003	0.9496333003	0	0	0	0.9501488209	0.8294177055	4.122246265
686	0.9259850383	0.9259850383	0	0	0	0.9455792308	0.8176696301	4.121516228
687	1.001652837	1.001652837	0	0	0	0.945456624	0.8153688312	4.12142849
688	0.95928967	0.95928967	0	0	0	0.9501469135	0.8256871104	4.121396065
689	0.95394063	0.95394063	0	0	0	0.9480763674	0.8237131238	4.121562004
690	0.9534207582	0.9534207582	0	0	0	0.9458497167	0.8200368285	4.121674538
691	0.9570662975	0.9570662975	0	0	0	0.9500433803	0.8298928142	4.121859074
692	0.9782021046	0.9782021046	0	0	0	0.9437614679	0.8196768761	4.122200966
693	0.9787375927	0.9787375927	0	0	0	0.9443690777	0.8241496086	4.12270546
694	0.97499156	0.97499156	0	0	0	0.9327071309	0.8019194603	4.121891499
695	0.9656183124	0.9656183124	0	0	0	0.9326726794	0.8022086024	4.121585846
696	0.949600935	0.949600935	0	0	0	0.9361154437	0.8074989319	4.121603012
697	0.9599477053	0.9599477053	0	0	0	0.9346404076	0.8034757972	4.121620655
698	0.9520910978	0.9520910978	0	0	0	0.9390314221	0.8112904429	4.121927738
699	0.9288722277	0.9288722277	0	0	0	0.9402205944	0.8185514808	4.122327805
700	0.9322112799	0.9322112799	0	0	0	0.9332571626	0.8066014647	4.122432709
701	0.9522247314	0.9522247314	0	0	0	0.9401445985	0.8165638447	4.12258482
702	0.9922065735	0.9922065735	0	0	0	0.9418881536	0.8160589933	4.121822357
703	0.9442918897	0.9442918897	0	0	0	0.9435470104	0.8190662861	4.121730804
704	0.9315581322	0.9315581322	0	0	0	0.9436536431	0.8169233203	4.121754646
705	0.9558665752	0.9558665752	0	0	0	0.9460698962	0.8237141371	4.121809006
706	0.9304792285	0.9304792285	0	0	0	0.9470057487	0.8283904791	4.121651649
707	0.9193011522	0.9193011522	0	0	0	0.9508503675	0.8397133946	4.121765137
708	0.9242423773	0.9242423773	0	0	0	0.9416791797	0.8251992464	4.1218009
709	0.9578175545	0.9578175545	0	0	0	0.9453324676	0.8295322657	4.121857643
710	0.9582226276	0.9582226276	0	0	0	0.9346948266	0.8164353371	4.121366978
711	0.9710901976	0.9710901976	0	0	0	0.9309450984	0.8042550683	4.121311665
712	1.029173613	1.029173613	0	0	0	0.9346810579	0.8134836555	4.121444702
713	0.9826691151	0.9826691151	0	0	0	0.9352487922	0.8168005347	4.121540546
714	0.9480369091	0.9480369091	0	0	0	0.9382525086	0.8243943453	4.121707916
715	0.965356946	0.965356946	0	0	0	0.9341463447	0.8276619911	4.121979713
716	0.9627218843	0.9627218843	0	0	0	0.9315348864	0.8256102204	4.122175694
717	0.9732006788	0.9732006788	0	0	0	0.9406727552	0.8338519335	4.122307777
718	0.9461967945	0.9461967945	0	0	0	0.9406639934	0.8284069896	4.121470928
719	0.9310061336	0.9310061336	0	0	0	0.9384970665	0.8195710778	4.121295929
720	0.9229901433	0.9229901433	0	0	0	0.9400253296	0.8233525157	4.121477604
721	0.9265271425	0.9265271425	0	0	0	0.9435287714	0.8262216449	4.121634483
722	0.9330689311	0.9330689311	0	0	0	0.9480358958	0.8346668482	4.12169981
723	0.9415822625	0.9415822625	0	0	0	0.9479697943	0.8397345543	4.122318268
724	0.9416137934	0.9416137934	0	0	0	0.9465040565	0.8368126154	4.122589588
725	0.9553969502	0.9553969502	0	0	0	0.9509041309	0.8414580822	4.122338772
726	0.9233781695	0.9233781695	0	0	0	0.9494145513	0.8369659185	4.12143755
727	0.9498503804	0.9498503804	0	0	0	0.9473273158	0.8257680535	4.121313572
728	0.94815135	0.94815135	0	0	0	0.9508444667	0.8323690295	4.121458054
729	0.9594575763	0.9594575763	0	0	0	0.9525720477	0.8385968208	4.12155056
730	0.9573527575	0.9573527575	0	0	0	0.9536448717	0.841352582	4.121485233
731	0.9441356659	0.9441356659	0	0	0	0.9562445283	0.85048002	4.121730804
732	0.9241765141	0.9241765141	0	0	0	0.9530445337	0.8458960652	4.121654987
733	0.9663340449	0.9663340449	0	0	0	0.9554127455	0.8484516144	4.121648312
734	0.9231645465	0.9231645465	0	0	0	0.9502248168	0.8375138044	4.121111393
735	0.9076874852	0.9076874852	0	0	0	0.9442707896	0.8228302002	4.121161461
736	0.9104777575	0.9104777575	0	0	0	0.9492908716	0.8314787745	4.121334076
737	0.9180913568	0.9180913568	0	0	0	0.9463631511	0.8270827532	4.121274948
738	0.9239685535	0.9239685535	0	0	0	0.9483271837	0.8316178918	4.121445179
739	0.9131855965	0.9131855965	0	0	0	0.9511044025	0.8398007751	4.121715069
740	0.9230724573	0.9230724573	0	0	0	0.9533850551	0.8442417979	4.121808529
741	0.9359642863	0.9359642863	0	0	0	0.9544883966	0.8452906013	4.121813297
742	0.9432650208	0.9432650208	0	0	0	0.9511837959	0.8367642164	4.121183872
743	0.9235744476	0.9235744476	0	0	0	0.9507812262	0.8334757686	4.121124268
744	0.900041461	0.900041461	0	0	0	0.950306654	0.8318141103	4.121283531
745	0.9102720618	0.9102720618	0	0	0	0.9473055005	0.8250552416	4.121237755
746	0.9063513875	0.9063513875	0	0	0	0.9521096349	0.8320868611	4.121429443
747	0.9097710848	0.9097710848	0	0	0	0.9530035853	0.8370295763	4.121822357
748	0.8854964972	0.8854964972	0	0	0	0.9520641565	0.8353699446	4.121828556
749	0.9101878405	0.9101878405	0	0	0	0.9562712908	0.8422794342	4.121832371
750	0.9178621173	0.9178621173	0	0	0	0.9539772272	0.8343377709	4.121246815
751	0.8864969611	0.8864969611	0	0	0	0.9491481781	0.8227875233	4.121225834
752	0.8610310555	0.8610310555	0	0	0	0.9462781549	0.8176544905	4.121216774
753	0.8840739131	0.8840739131	0	0	0	0.9510558248	0.8295879364	4.121349335
754	0.893674016	0.893674016	0	0	0	0.9571369886	0.8427374959	4.121477127
755	0.8729726076	0.8729726076	0	0	0	0.9557417035	0.841756165	4.121554375
756	0.8232118487	0.8232118487	0	0	0	0.9548963904	0.8412803411	4.121407986
757	0.8069847822	0.8069847822	0	0	0	0.9523954988	0.8374848962	4.121449471
758	0.7973051667	0.7973051667	0	0	0	0.9477638006	0.8276671171	4.121124744
759	0.782851994	0.782851994	0	0	0	0.9411113262	0.812823534	4.121078968
760	0.7688494325	0.7688494325	0	0	0	0.9391995668	0.8112078309	4.121159554
761	0.7731971741	0.7731971741	0	0	0	0.9358841777	0.8053868413	4.121211529
762	0.7562613487	0.7562613487	0	0	0	0.9436497688	0.8204060793	4.121363163
763	0.7813914418	0.7813914418	0	0	0	0.9453534484	0.8259533644	4.121624947
764	0.7577923536	0.7577923536	0	0	0	0.9446263313	0.8261299133	4.121555805
765	0.769474864	0.769474864	0	0	0	0.9478398561	0.8288447857	4.121758938
766	0.785720706	0.785720706	0	0	0	0.9466096163	0.823015511	4.1211133
767	0.7611173987	0.7611173987	0	0	0	0.9458716512	0.8205170631	4.121033669
768	0.7569292188	0.7569292188	0	0	0	0.943476975	0.8152474761	4.121182919
769	0.7627761364	0.7627761364	0	0	0	0.9388902783	0.804166615	4.121218681
770	0.7309725285	0.7309725285	0	0	0	0.9443603754	0.8160269856	4.121379852
771	0.7706834674	0.7706834674	0	0	0	0.945160985	0.8198975325	4.12166357
772	0.7365167737	0.7365167737	0	0	0	0.9485319257	0.8265978694	4.121716976
773	0.7434082031	0.7434082031	0	0	0	0.948485136	0.8233601451	4.121666908
774	0.7379606962	0.7379606962	0	0	0	0.9469743371	0.8192567229	4.121081829
775	0.7357415557	0.7357415557	0	0	0	0.9482073784	0.8202384114	4.121050358
776	0.7176641226	0.7176641226	0	0	0	0.9408831596	0.804320097	4.121137619
777	0.7155765295	0.7155765295	0	0	0	0.9441523552	0.8130713105	4.121293545
778	0.7472946048	0.7472946048	0	0	0	0.9474108815	0.8224709034	4.121299744
779	0.7537768483	0.7537768483	0	0	0	0.9493021369	0.8271730542	4.121510983
780	0.6800172329	0.6800172329	0	0	0	0.9525975585	0.8343485594	4.121401787
781	0.6917275786	0.6917275786	0	0	0	0.9514684081	0.8295264244	4.121382713
782	0.6767455339	0.6767455339	0	0	0	0.9459534883	0.8188223839	4.121034145
783	0.6515309215	0.6515309215	0	0	0	0.9409971833	0.8070193529	4.121003151
784	0.6333332062	0.6333332062	0	0	0	0.9392743707	0.804535985	4.121077061
785	0.6292306185	0.6292306185	0	0	0	0.9403734803	0.8083683848	4.121217251
786	0.6210980415	0.6210980415	0	0	0	0.9473295808	0.8213757277	4.121339321
787	0.6206266284	0.6206266284	0	0	0	0.9486543536	0.8258732557	4.121543884
788	0.6136446595	0.6136446595	0	0	0	0.9515550733	0.8301708698	4.121607304
789	0.6474077106	0.6474077106	0	0	0	0.9494304657	0.8248642683	4.121509552
790	0.6353983283	0.6353983283	0	0	0	0.946845293	0.8186684847	4.121029377
791	0.6392547488	0.6392547488	0	0	0	0.9427424073	0.8097699285	4.120976925
792	0.6161087751	0.6161087751	0	0	0	0.9402773976	0.8041395545	4.121096134
793	0.6329354644	0.6329354644	0	0	0	0.9454687834	0.8158730865	4.121172428
794	0.614921391	0.614921391	0	0	0	0.9500797987	0.8252367377	4.121340752
795	0.634845376	0.634845376	0	0	0	0.9501401782	0.8301054835	4.121478558
796	0.6220242977	0.6220242977	0	0	0	0.9548147321	0.8354055285	4.12163496
797	0.6183182001	0.6183182001	0	0	0	0.9478667378	0.8226290941	4.121483326
798	0.6429688334	0.6429688334	0	0	0	0.9431301355	0.8103772998	4.121013165
799	0.6501629353	0.6501629353	0	0	0	0.9432739019	0.8088739514	4.12100172
800	0.6450875998	0.6450875998	0	0	0	0.9412103295	0.8037372828	4.121102333
801	0.6797723174	0.6797723174	0	0	0	0.9495554566	0.8221409321	4.121296883
802	0.6631304622	0.6631304622	0	0	0	0.9522868395	0.8302397728	4.121349335
803	0.6899036169	0.6899036169	0	0	0	0.9522476196	0.8327291608	4.121358395
804	0.6060957909	0.6060957909	0	0	0	0.9556490779	0.8388703465	4.121466637
805	0.5888677239	0.5888677239	0	0	0	0.9508589506	0.8299330473	4.121357441
806	0.5470399857	0.5470399857	0	0	0	0.9364224672	0.8082635999	4.121003151
807	0.5955594182	0.5955594182	0	0	0	0.9302772284	0.7956454754	4.120979786
808	0.6279955506	0.6279955506	0	0	0	0.9329832792	0.7996557355	4.121064186
809	0.5823383927	0.5823383927	0	0	0	0.937435329	0.8052933216	4.121175289
810	0.5058398247	0.5058398247	0	0	0	0.9437066913	0.8176673651	4.12136364
811	0.4925180674	0.4925180674	0	0	0	0.9509839416	0.8339566588	4.121454239
812	0.4566086233	0.4566086233	0	0	0	0.9519531727	0.8344607353	4.121537685
813	0.505515039	0.505515039	0	0	0	0.9516459107	0.8300454021	4.121486187
814	0.4912453592	0.4912453592	0	0	0	0.9473363757	0.8212842345	4.121096134
815	0.5193772316	0.5193772316	0	0	0	0.9486928582	0.8238627911	4.120953083
816	0.511444211	0.511444211	0	0	0	0.9470505714	0.8181823492	4.12102747
817	0.516992867	0.516992867	0	0	0	0.9522382617	0.8306289911	4.121143341
818	0.5279197693	0.5279197693	0	0	0	0.9568259716	0.8419712782	4.121274471
819	0.5456894636	0.5456894636	0	0	0	0.9601535797	0.8515236378	4.121474743
820	0.5304823518	0.5304823518	0	0	0	0.9589295387	0.8461768031	4.121515274
821	0.5514399409	0.5514399409	0	0	0	0.9573369026	0.8400233388	4.121443272
822	0.502938509	0.502938509	0	0	0	0.952934742	0.8307476044	4.121088505
823	0.520688653	0.520688653	0	0	0	0.9457022548	0.8158080578	4.120985985
824	0.5310867429	0.5310867429	0	0	0	0.9486385584	0.820628047	4.121062279
825	0.5577531457	0.5577531457	0	0	0	0.9569178224	0.8404952288	4.121222019
826	0.5523082018	0.5523082018	0	0	0	0.9551271796	0.8365560174	4.121307373
827	0.5856021643	0.5856021643	0	0	0	0.9584358931	0.8464867473	4.121346474
828	0.560174644	0.560174644	0	0	0	0.9587563276	0.8458383679	4.12134409
829	0.5432723165	0.5432723165	0	0	0	0.9564694166	0.8371931911	4.121347427
830	0.5049381256	0.5049381256	0	0	0	0.9533610344	0.8324347734	4.121053219
831	0.5096676946	0.5096676946	0	0	0	0.94983989	0.8235062361	4.120965004
832	0.5424185991	0.5424185991	0	0	0	0.9506986737	0.8267687559	4.1210289
833	0.4803671241	0.4803671241	0	0	0	0.9539524913	0.8347190022	4.121132374
834	0.4336990118	0.4336990118	0	0	0	0.9536740184	0.8348631859	4.121233463
835	0.4492599964	0.4492599964	0	0	0	0.9577621222	0.8453744054	4.121414185
836	0.4348244071	0.4348244071	0	0	0	0.9592801929	0.8481524587	4.121564865
837	0.4966102839	0.4966102839	0	0	0	0.9568642378	0.8388024569	4.12157011
838	0.456309557	0.456309557	0	0	0	0.9512534142	0.8264832497	4.121133804
839	0.4754334986	0.4754334986	0	0	0	0.9489662647	0.8218801618	4.120992661
840	0.5002490282	0.5002490282	0	0	0	0.9500216246	0.8246293664	4.121032715
841	0.4760784507	0.4760784507	0	0	0	0.9514260888	0.8294270039	4.121122837
842	0.471454978	0.471454978	0	0	0	0.9540839195	0.8356782794	4.121205807
843	0.4902587235	0.4902587235	0	0	0	0.9561718702	0.842250526	4.121364117
844	0.5068105459	0.5068105459	0	0	0	0.958121717	0.8466016054	4.121689796
845	0.5364145637	0.5364145637	0	0	0	0.9564453959	0.8389937282	4.12148428
846	0.5334906578	0.5334906578	0	0	0	0.9522284269	0.8304861784	4.121079445
847	0.560900569	0.560900569	0	0	0	0.9457126856	0.8166900873	4.120958805
848	0.5682634115	0.5682634115	0	0	0	0.9449237585	0.8159529567	4.120975018
849	0.5547538996	0.5547538996	0	0	0	0.9536424279	0.8336979151	4.121249199
850	0.520288229	0.520288229	0	0	0	0.9591277242	0.8453480005	4.121311188
851	0.537121594	0.537121594	0	0	0	0.961589098	0.853066206	4.121359825
852	0.5398324132	0.5398324132	0	0	0	0.959751606	0.8485356569	4.121473789
853	0.548245132	0.548245132	0	0	0	0.9580072761	0.8415275812	4.121498108
854	0.5213906765	0.5213906765	0	0	0	0.9557182789	0.8369242549	4.121218681
855	0.5955722928	0.5955722928	0	0	0	0.952480495	0.8307197094	4.121091843
856	0.6190537214	0.6190537214	0	0	0	0.9513599873	0.8291686773	4.121085167
857	0.6003581882	0.6003581882	0	0	0	0.9490555525	0.8250345588	4.121186733
858	0.541669488	0.541669488	0	0	0	0.9502967596	0.8284949064	4.121291161
859	0.5375023484	0.5375023484	0	0	0	0.9538434148	0.8387213349	4.121378422
860	0.5536828637	0.5536828637	0	0	0	0.9537816048	0.8391274214	4.121664047
861	0.5386119485	0.5386119485	0	0	0	0.9535605311	0.8347761035	4.121801853
862	0.568197906	0.568197906	0	0	0	0.9526792169	0.8327072859	4.121268749
863	0.6117650867	0.6117650867	0	0	0	0.9492980242	0.8258989453	4.121126652
864	0.6366735101	0.6366735101	0	0	0	0.950056076	0.8277215362	4.121056557
865	0.5963429809	0.5963429809	0	0	0	0.9495776892	0.8279566765	4.121179581
866	0.5614686608	0.5614686608	0	0	0	0.9541674852	0.835457921	4.121306419
867	0.5824545622	0.5824545622	0	0	0	0.9499108195	0.8328126073	4.121393204
868	0.5843901038	0.5843901038	0	0	0	0.9533249736	0.8374220729	4.121635914
869	0.5711224079	0.5711224079	0	0	0	0.9570195079	0.840388	4.121529579
870	0.571408987	0.571408987	0	0	0	0.9555485845	0.8376251459	4.12116909
871	0.5875040889	0.5875040889	0	0	0	0.9502474666	0.8253145814	4.121036053
872	0.5808656216	0.5808656216	0	0	0	0.9497131109	0.8254717588	4.120995998
873	0.5728830695	0.5728830695	0	0	0	0.9556452632	0.8385434151	4.121163368
874	0.5181856751	0.5181856751	0	0	0	0.9594144225	0.8455517292	4.121196747
875	0.5312325358	0.5312325358	0	0	0	0.960218966	0.8507248759	4.121305943
876	0.5930674076	0.5930674076	0	0	0	0.9625202417	0.8549557924	4.121492863
877	0.6258909106	0.6258909106	0	0	0	0.9608971477	0.8509431481	4.12154007
878	0.6418423653	0.6418423653	0	0	0	0.9597072601	0.8475657701	4.121224403
879	0.6189360023	0.6189360023	0	0	0	0.9545106292	0.8359590173	4.121170998
880	0.6670787334	0.6670787334	0	0	0	0.9570250511	0.8414705396	4.121125221
881	0.6100574732	0.6100574732	0	0	0	0.9534528852	0.8338387609	4.121240616
882	0.5950792432	0.5950792432	0	0	0	0.9576775432	0.8418221474	4.121325016
883	0.5863494873	0.5863494873	0	0	0	0.9595608711	0.8479661345	4.121515751
884	0.6108458042	0.6108458042	0	0	0	0.9596226215	0.8490483165	4.121592045
885	0.6145510077	0.6145510077	0	0	0	0.9600226283	0.8484393358	4.12202692
886	0.6271317005	0.6271317005	0	0	0	0.9559516907	0.8395439386	4.121416569
887	0.651951313	0.651951313	0	0	0	0.9569094777	0.8414820433	4.121218204
888	0.6661285162	0.6661285162	0	0	0	0.9545062184	0.8359408379	4.121140957
889	0.6332064867	0.6332064867	0	0	0	0.9534445405	0.8336831331	4.121218204
890	0.5947482586	0.5947482586	0	0	0	0.9545336366	0.8349875212	4.121285439
891	0.5821425319	0.5821425319	0	0	0	0.9556148052	0.8384037018	4.121531487
892	0.6089687347	0.6089687347	0	0	0	0.958799243	0.845728755	4.121648788
893	0.5609314442	0.5609314442	0	0	0	0.9596028328	0.8485067487	4.121848106
894	0.5807097554	0.5807097554	0	0	0	0.9571291804	0.8428367376	4.12136507
895	0.6051062346	0.6051062346	0	0	0	0.9566622376	0.8417254686	4.121355057
896	0.6141352654	0.6141352654	0	0	0	0.9569632411	0.8422122002	4.121177197
897	0.5420643091	0.5420643091	0	0	0	0.9552714825	0.838285923	4.121259212
898	0.5389832258	0.5389832258	0	0	0	0.9584535956	0.8453535438	4.121517181
899	0.5536310077	0.5536310077	0	0	0	0.9602199793	0.8504584432	4.121729374
900	0.5770875812	0.5770875812	0	0	0	0.9633690119	0.8589007854	4.122075558
901	0.5920088887	0.5920088887	0	0	0	0.9622418284	0.8559772968	4.122309208
902	0.6097963452	0.6097963452	0	0	0	0.9607315063	0.8534371257	4.121913433
903	0.6032599211	0.6032599211	0	0	0	0.9579843879	0.8461877704	4.121850014
904	0.6174410582	0.6174410582	0	0	0	0.9584404826	0.8476250768	4.121625423
905	0.5864254236	0.5864254236	0	0	0	0.957025826	0.8440440893	4.121841908
906	0.5652842522	0.5652842522	0	0	0	0.955964148	0.8401986361	4.121797562
907	0.5699583888	0.5699583888	0	0	0	0.9578658342	0.8466800451	4.12216568
908	0.5959233046	0.5959233046	0	0	0	0.9612256885	0.8549620509	4.122690678
909	0.6115483046	0.6115483046	0	0	0	0.9604406953	0.8527545929	4.123124599
910	0.5844259858	0.5844259858	0	0	0	0.9604772925	0.8553489447	4.122259617
911	0.5950416327	0.5950416327	0	0	0	0.9582025409	0.8489937782	4.121868134
912	0.6044581532	0.6044581532	0	0	0	0.958355844	0.8487322927	4.121706486
913	0.5607275963	0.5607275963	0	0	0	0.9569683075	0.8428221941	4.121872902
914	0.5615501404	0.5615501404	0	0	0	0.9564824104	0.8401095867	4.122216225
915	0.5706202388	0.5706202388	0	0	0	0.9578902125	0.8441798687	4.122499943
916	0.5888383985	0.5888383985	0	0	0	0.9608572721	0.8508758545	4.122879982
917	0.5562016368	0.5562016368	0	0	0	0.9588678479	0.84646523	4.123146057
918	0.5661296248	0.5661296248	0	0	0	0.9600991607	0.8513354063	4.122881889
919	0.5490084291	0.5490084291	0	0	0	0.9567987323	0.8436661959	4.122354031
920	0.5382760763	0.5382760763	0	0	0	0.9555393457	0.8367282152	4.121744633
921	0.5329624414	0.5329624414	0	0	0	0.9563115239	0.8386060596	4.122406006
922	0.5901658535	0.5901658535	0	0	0	0.9551459551	0.8351943493	4.122200966
923	0.5948784351	0.5948784351	0	0	0	0.9594120979	0.8499830961	4.122457981
924	0.6072911024	0.6072911024	0	0	0	0.9624167681	0.8587519526	4.123023033
925	0.7083187103	0.7083187103	0	0	0	0.9602134228	0.852989912	4.122848034
926	0.6500003338	0.6500003338	0	0	0	0.9585559368	0.8486901522	4.122364521
927	0.6312614679	0.6312614679	0	0	0	0.9570291638	0.8430876136	4.121978283
928	0.639652133	0.639652133	0	0	0	0.9587189555	0.8486096263	4.121863365
929	0.6278487444	0.6278487444	0	0	0	0.9594544172	0.8504069448	4.122132778
930	0.6265432239	0.6265432239	0	0	0	0.9579514861	0.8471520543	4.122328758
931	0.6135092378	0.6135092378	0	0	0	0.9587852955	0.8492863178	4.12260294
932	0.6052951813	0.6052951813	0	0	0	0.9597274065	0.8515231609	4.123279095
933	0.622439146	0.622439146	0	0	0	0.9591705799	0.8500244617	4.123360157
934	0.6331607103	0.6331607103	0	0	0	0.9578005672	0.8470665216	4.122776031
935	0.6214889288	0.6214889288	0	0	0	0.9592247009	0.8474065065	4.122540951
936	0.5859639645	0.5859639645	0	0	0	0.9575610161	0.8438930511	4.1226511
937	0.5804531574	0.5804531574	0	0	0	0.9541825652	0.8339489698	4.122777462
938	0.6170349717	0.6170349717	0	0	0	0.9522282481	0.8296173811	4.122995853
939	0.5794939995	0.5794939995	0	0	0	0.9505988359	0.825448513	4.123240471
940	0.6126743555	0.6126743555	0	0	0	0.9533507228	0.8308648467	4.123548508
941	0.5828290582	0.5828290582	0	0	0	0.9540749788	0.8354853392	4.123441219
942	0.5787463188	0.5787463188	0	0	0	0.9526734948	0.8336930275	4.123106003
943	0.5702736378	0.5702736378	0	0	0	0.9540890455	0.8340036273	4.122847557
944	0.543877542	0.543877542	0	0	0	0.9544854164	0.8357046843	4.122707367
945	0.5478524566	0.5478524566	0	0	0	0.9529932141	0.831214726	4.123099327
946	0.6110628843	0.6110628843	0	0	0	0.9547921419	0.8363966346	4.123262882
947	0.5902632475	0.5902632475	0	0	0	0.954668045	0.8383315802	4.123421192
948	0.5977653265	0.5977653265	0	0	0	0.9554354548	0.8382717371	4.123521328
949	0.5738421679	0.5738421679	0	0	0	0.9540829659	0.8374869227	4.123490334
950	0.5679821372	0.5679821372	0	0	0	0.9516015649	0.8330498934	4.122829914
951	0.5801703334	0.5801703334	0	0	0	0.9471019506	0.821988225	4.122321129
952	0.5751180053	0.5751180053	0	0	0	0.9487980604	0.8281555176	4.122858524
953	0.6258531809	0.6258531809	0	0	0	0.9487261176	0.8310505748	4.122714996
954	0.6120542288	0.6120542288	0	0	0	0.9505396485	0.8369486928	4.123115063
955	0.5754570961	0.5754570961	0	0	0	0.9506686926	0.8375152349	4.123291969
956	0.6467711329	0.6467711329	0	0	0	0.9510951042	0.8348520398	4.123528004
957	0.6290833354	0.6290833354	0	0	0	0.9532042146	0.8407507539	4.123487473
958	0.611042738	0.611042738	0	0	0	0.9527831078	0.8416355848	4.123048782
959	0.589381814	0.589381814	0	0	0	0.950804472	0.8354471326	4.122893333
960	0.596785605	0.596785605	0	0	0	0.9505049586	0.8375539184	4.123181343
961	0.5825806856	0.5825806856	0	0	0	0.9487535357	0.8321940899	4.122920513
962	0.6011039019	0.6011039019	0	0	0	0.9492737055	0.8362716436	4.123389244
963	0.60598737	0.60598737	0	0	0	0.9476439357	0.8349251747	4.123404503
964	0.618923068	0.618923068	0	0	0	0.9470157623	0.8335080743	4.123700619
965	0.5864949822	0.5864949822	0	0	0	0.9480148554	0.8338768482	4.123666286
966	0.5914952159	0.5914952159	0	0	0	0.9474658966	0.8331112862	4.123476028
967	0.5753600001	0.5753600001	0	0	0	0.949421227	0.8339580297	4.122583389
968	0.5777005553	0.5777005553	0	0	0	0.9471001625	0.831977725	4.122636318
969	0.5977649689	0.5977649689	0	0	0	0.9490481019	0.8359305859	4.122941017
970	0.5977557302	0.5977557302	0	0	0	0.9507861137	0.8408317566	4.123219967
971	0.5504648089	0.5504648089	0	0	0	0.9476129413	0.8396420479	4.123357296
972	0.5635401607	0.5635401607	0	0	0	0.9430106282	0.8370394707	4.12330389
973	0.5179935694	0.5179935694	0	0	0	0.9415183067	0.8306093812	4.123209476
974	0.497169584	0.497169584	0	0	0	0.9385951161	0.8271210194	4.122375011
975	0.498488009	0.498488009	0	0	0	0.9368051887	0.8220669627	4.122014523
976	0.5195749402	0.5195749402	0	0	0	0.9367240667	0.8262376189	4.122647285
977	0.4978947043	0.4978947043	0	0	0	0.9337929487	0.8230895996	4.122263432
978	0.5193918347	0.5193918347	0	0	0	0.9379717708	0.8288677931	4.122712135
979	0.4886125922	0.4886125922	0	0	0	0.9404755831	0.8319322467	4.123243332
980	0.5255215764	0.5255215764	0	0	0	0.9420176744	0.8352052569	4.123414516
981	0.4918627143	0.4918627143	0	0	0	0.9379234314	0.8263859749	4.123433113
982	0.5155100822	0.5155100822	0	0	0	0.9337638021	0.8189287782	4.122964859
983	0.4995156229	0.4995156229	0	0	0	0.9367852807	0.8235409856	4.122130871
984	0.4627477527	0.4627477527	0	0	0	0.9441069365	0.8341995478	4.122774601
985	0.4425843656	0.4425843656	0	0	0	0.9458873272	0.8374179006	4.122402668
986	0.4744401574	0.4744401574	0	0	0	0.946226418	0.8415036201	4.123010635
987	0.4854111075	0.4854111075	0	0	0	0.9425801039	0.8357669115	4.123264313
988	0.5114849806	0.5114849806	0	0	0	0.9463133812	0.8423829675	4.123363018
989	0.4671589136	0.4671589136	0	0	0	0.9481588006	0.8429045081	4.123276711
990	0.4989260733	0.4989260733	0	0	0	0.9438214898	0.8323714137	4.122243881
991	0.4685637653	0.4685637653	0	0	0	0.9440476298	0.8338859081	4.122490883
992	0.4567569494	0.4567569494	0	0	0	0.9485003352	0.8386849761	4.122241974
993	0.4789550006	0.4789550006	0	0	0	0.9541409016	0.8483153582	4.122279644
994	0.4882370532	0.4882370532	0	0	0	0.9556064606	0.8503601551	4.122613907
995	0.5196527839	0.5196527839	0	0	0	0.952436626	0.8463670611	4.122895718
996	0.5848290324	0.5848290324	0	0	0	0.9541296363	0.8513029814	4.122983932
997	0.5558043718	0.5558043718	0	0	0	0.9519491792	0.8453944325	4.122839451
998	0.5899220705	0.5899220705	0	0	0	0.9493338466	0.8389354944	4.121877193
999	0.5714377165	0.5714377165	0	0	0	0.9508738518	0.8401617408	4.121769905
1000	0.5940292478	0.5940292478	0	0	0	0.9519590735	0.8439574242	4.122261047
1001	0.6168593168	0.6168593168	0	0	0	0.9524756074	0.84287709	4.121788502
1002	0.6087548137	0.6087548137	0	0	0	0.9543442726	0.8466916084	4.122088909
1003	0.6118008494	0.6118008494	0	0	0	0.9571346045	0.8523650169	4.122589588
1004	0.6081756353	0.6081756353	0	0	0	0.9585057497	0.8555857539	4.122981071
1005	0.6119832397	0.6119832397	0	0	0	0.9526537061	0.842900157	4.122866631
1006	0.6150281429	0.6150281429	0	0	0	0.9544631243	0.8414412141	4.121977806
1007	0.6007485986	0.6007485986	0	0	0	0.9576857686	0.8488510847	4.121727943
1008	0.5977498293	0.5977498293	0	0	0	0.9613550901	0.8574053645	4.122326851
1009	0.6251809001	0.6251809001	0	0	0	0.9609947205	0.8555907011	4.121698856
1010	0.6284732223	0.6284732223	0	0	0	0.9627279639	0.8598076105	4.122299194
1011	0.6426165104	0.6426165104	0	0	0	0.9636124372	0.8627022505	4.122861862
1012	0.6619337797	0.6619337797	0	0	0	0.9635335803	0.8633070588	4.122916222
1013	0.664766252	0.664766252	0	0	0	0.9621844292	0.8594620824	4.122815609
1014	0.6773766279	0.6773766279	0	0	0	0.9608207941	0.8529307246	4.121932983
1015	0.7017321587	0.7017321587	0	0	0	0.9638579488	0.860588789	4.122117996
1016	0.6975838542	0.6975838542	0	0	0	0.96182096	0.8529378176	4.121816158
1017	0.6944212317	0.6944212317	0	0	0	0.9628726244	0.8574459553	4.122056007
1018	0.7207987905	0.7207987905	0	0	0	0.9663503766	0.8664870262	4.122079849
1019	0.7041706443	0.7041706443	0	0	0	0.9648050666	0.8641918898	4.122339725
1020	0.703430891	0.703430891	0	0	0	0.9643408656	0.8637539744	4.12227869
1021	0.6747878194	0.6747878194	0	0	0	0.9602895379	0.8516821265	4.122477055
1022	0.6931468248	0.6931468248	0	0	0	0.9599983692	0.8490137458	4.12168026
1023	0.6997936964	0.6997936964	0	0	0	0.9589876533	0.8469437361	4.121550083
1024	0.7045559287	0.7045559287	0	0	0	0.9597143531	0.8490883708	4.12193203
1025	0.7041908503	0.7041908503	0	0	0	0.9603486657	0.8524497151	4.121498108
1026	0.7248641253	0.7248641253	0	0	0	0.963416934	0.8598504663	4.121886253
1027	0.701816082	0.701816082	0	0	0	0.9620243311	0.8584710956	4.122395992
1028	0.6965441704	0.6965441704	0	0	0	0.9625195861	0.8591622114	4.122464657
1029	0.6970150471	0.6970150471	0	0	0	0.9600191712	0.8518023491	4.12254715
1030	0.6705898643	0.6705898643	0	0	0	0.9618043303	0.8537791967	4.121558189
1031	0.6823554039	0.6823554039	0	0	0	0.9608718157	0.8517294526	4.121451378
1032	0.670437932	0.670437932	0	0	0	0.9620770216	0.8539444208	4.121751308
1033	0.7138159871	0.7138159871	0	0	0	0.963373363	0.8583440185	4.121543884
1034	0.717787683	0.717787683	0	0	0	0.9637256861	0.8584079742	4.121646881
1035	0.6855297089	0.6855297089	0	0	0	0.9630346894	0.8585705757	4.122008324
1036	0.6918901801	0.6918901801	0	0	0	0.9616985321	0.8543579578	4.121994972
1037	0.6968121529	0.6968121529	0	0	0	0.962916255	0.8580961823	4.122367382
1038	0.6725840569	0.6725840569	0	0	0	0.9624422193	0.8547699451	4.121550083
1039	0.6820130348	0.6820130348	0	0	0	0.961280942	0.8530987501	4.121435165
1040	0.6503804922	0.6503804922	0	0	0	0.9604958296	0.8493282795	4.12149334
1041	0.6840770841	0.6840770841	0	0	0	0.9625684619	0.85523808	4.12168169
1042	0.7025756836	0.7025756836	0	0	0	0.9619703889	0.854778409	4.121613979
1043	0.7022002339	0.7022002339	0	0	0	0.9626359344	0.8576083183	4.121710777
1044	0.6888874769	0.6888874769	0	0	0	0.9616040587	0.8557855487	4.121520519
1045	0.7274625897	0.7274625897	0	0	0	0.9610884786	0.8539375067	4.121682167
1046	0.7243452072	0.7243452072	0	0	0	0.959118247	0.8472824097	4.121272087
1047	0.7426370382	0.7426370382	0	0	0	0.9567278028	0.8427212238	4.121250153
1048	0.7509501576	0.7509501576	0	0	0	0.9578695893	0.8445571661	4.121361732
1049	0.7635428905	0.7635428905	0	0	0	0.9588803053	0.8488967419	4.121232033
1050	0.7688297033	0.7688297033	0	0	0	0.9579237103	0.8458142281	4.1213727
1051	0.7520054579	0.7520054579	0	0	0	0.9608505964	0.8524384499	4.121744156
1052	0.7498300672	0.7498300672	0	0	0	0.957988441	0.8466941118	4.121804714
1053	0.7610165477	0.7610165477	0	0	0	0.9580459595	0.8459630013	4.121775627
1054	0.7170398235	0.7170398235	0	0	0	0.9582743049	0.8439131975	4.121277332
1055	0.7202678919	0.7202678919	0	0	0	0.9550859332	0.8371989727	4.121143818
1056	0.7195570469	0.7195570469	0	0	0	0.9567319155	0.840262115	4.121341228
1057	0.7639689445	0.7639689445	0	0	0	0.9552286863	0.8384515643	4.121328831
1058	0.7985618114	0.7985618114	0	0	0	0.9593194127	0.8494529724	4.121608257
1059	0.8115181923	0.8115181923	0	0	0	0.9615160823	0.8559085131	4.12173748
1060	0.7946990132	0.7946990132	0	0	0	0.9593337178	0.8518036604	4.122197628
1061	0.83346349	0.83346349	0	0	0	0.9562953115	0.8402484655	4.121678829
1062	0.8048688173	0.8048688173	0	0	0	0.9600068331	0.8488709331	4.121334553
1063	0.8192874193	0.8192874193	0	0	0	0.9555235505	0.837477088	4.121273041
1064	0.8230056763	0.8230056763	0	0	0	0.9535527229	0.8321734071	4.121218204
1065	0.865228653	0.865228653	0	0	0	0.9557689428	0.8397101164	4.12142992
1066	0.8786568642	0.8786568642	0	0	0	0.9583632946	0.8467066884	4.121588707
1067	0.8858573437	0.8858573437	0	0	0	0.9613580108	0.855201602	4.121811867
1068	0.8997508287	0.8997508287	0	0	0	0.9595248103	0.851787746	4.121979713
1069	0.9567758441	0.9567758441	0	0	0	0.9588178992	0.8488564491	4.122049809
1070	0.9617115259	0.9617115259	0	0	0	0.9617956281	0.8552924395	4.121793747
1071	0.9605881572	0.9605881572	0	0	0	0.9571493864	0.8440588713	4.121469021
1072	0.9783058167	0.9783058167	0	0	0	0.959076941	0.8486831188	4.121633053
1073	1.013488173	1.013488173	0	0	0	0.9577641487	0.8481608033	4.12177515
1074	1.049105048	1.049105048	0	0	0	0.9592793584	0.8485181928	4.121683598
1075	1.027105808	1.027105808	0	0	0	0.9613035321	0.8550070524	4.121897697
1076	1.030536294	1.030536294	0	0	0	0.9598547816	0.8533421755	4.122531891
1077	1.043590784	1.043590784	0	0	0	0.9592145085	0.8496986628	4.122592449
1078	1.004351616	1.004351616	0	0	0	0.9590828419	0.8497258425	4.122108936
1079	1.013549566	1.013549566	0	0	0	0.9573600292	0.8444238305	4.121553898
1080	0.9854743481	0.9854743481	0	0	0	0.959692359	0.8478738666	4.121438026
1081	1.025447369	1.025447369	0	0	0	0.9600406885	0.8494229317	4.121851444
1082	1.072734475	1.072734475	0	0	0	0.9577329755	0.8432156444	4.1218009
1083	1.059782028	1.059782028	0	0	0	0.9608353376	0.8541709185	4.122148037
1084	1.040659428	1.040659428	0	0	0	0.9599127173	0.8517329693	4.122405529
1085	1.092477918	1.092477918	0	0	0	0.9625519514	0.856513679	4.122550011
1086	1.103111506	1.103111506	0	0	0	0.9626298547	0.8569515944	4.122158527
1087	1.060769439	1.060769439	0	0	0	0.9611847401	0.8531303406	4.121581078
1088	1.035317302	1.035317302	0	0	0	0.9603510499	0.8486756086	4.121376514
1089	1.087407947	1.087407947	0	0	0	0.9635187984	0.8577905297	4.121956348
1090	1.08723104	1.08723104	0	0	0	0.9614585042	0.8547424078	4.121527195
1091	1.088825464	1.088825464	0	0	0	0.9638795257	0.8633677959	4.12152195
1092	1.051886082	1.051886082	0	0	0	0.9650273919	0.8665490746	4.121753693
1093	1.068118334	1.068118334	0	0	0	0.9635739326	0.8599413037	4.121612072
1094	1.045480132	1.045480132	0	0	0	0.9624533653	0.8578409553	4.121453285
1095	0.9725061059	0.9725061059	0	0	0	0.9588376284	0.8458210826	4.121189117
1096	0.9663442969	0.9663442969	0	0	0	0.9585072398	0.8440266848	4.121228695
1097	0.9947521687	0.9947521687	0	0	0	0.9576117992	0.841463387	4.121581078
1098	1.029883027	1.029883027	0	0	0	0.9612774849	0.8566686511	4.121597767
1099	1.02178514	1.02178514	0	0	0	0.9638124108	0.8649235964	4.121696949
1100	1.042639971	1.042639971	0	0	0	0.9654623866	0.8674779534	4.122076988
1101	1.018386483	1.018386483	0	0	0	0.962659359	0.8569412231	4.121849537
1102	1.029096603	1.029096603	0	0	0	0.9628407359	0.8571768403	4.121467113
1103	0.9872401953	0.9872401953	0	0	0	0.9593720436	0.847990334	4.121218204
1104	0.9704982042	0.9704982042	0	0	0	0.9622769356	0.854044497	4.121241093
1105	0.9931157231	0.9931157231	0	0	0	0.9591920972	0.8449184895	4.121560574
1106	0.9826171398	0.9826171398	0	0	0	0.9576342702	0.8410053253	4.121695995
1107	0.9860022664	0.9860022664	0	0	0	0.9559483528	0.8375940919	4.121715546
1108	0.9937544465	0.9937544465	0	0	0	0.9541717768	0.8317369819	4.122104645
1109	1.005944371	1.005944371	0	0	0	0.9460776448	0.8151320219	4.122271061
1110	0.975343883	0.975343883	0	0	0	0.9493368268	0.8212646246	4.121711731
1111	0.9721051455	0.9721051455	0	0	0	0.945345819	0.8128256202	4.12154007
1112	0.943803668	0.943803668	0	0	0	0.9424681664	0.8042749763	4.121294022
1113	0.9648217559	0.9648217559	0	0	0	0.9582992792	0.8410403132	4.121980667
1114	0.9474801421	0.9474801421	0	0	0	0.9567841291	0.8389087915	4.121629715
1115	0.9920184016	0.9920184016	0	0	0	0.9593241811	0.8470721245	4.121619225
1116	0.9649636149	0.9649636149	0	0	0	0.9581193328	0.843437016	4.121842384
1117	0.9424641728	0.9424641728	0	0	0	0.9589663148	0.8445779681	4.121551514
1118	0.8853929639	0.8853929639	0	0	0	0.9574312568	0.8416945934	4.121409416
1119	0.8413293958	0.8413293958	0	0	0	0.9526209831	0.8295594454	4.121218681
1120	0.8925123811	0.8925123811	0	0	0	0.9553208351	0.8365979195	4.121141434
1121	0.8414800763	0.8414800763	0	0	0	0.9560066462	0.84041816	4.121556759
1122	0.8027396202	0.8027396202	0	0	0	0.9531542659	0.8339514732	4.121579647
1123	0.8394196033	0.8394196033	0	0	0	0.9577017426	0.8458624482	4.121761799
1124	0.8253128529	0.8253128529	0	0	0	0.9556147456	0.8389940858	4.122162819
1125	0.82104671	0.82104671	0	0	0	0.9552439451	0.8340212703	4.121850967
1126	0.8094024658	0.8094024658	0	0	0	0.9548330903	0.8356621265	4.121650696
1127	0.8440491557	0.8440491557	0	0	0	0.9556010365	0.8367180824	4.121341705
1128	0.8381599188	0.8381599188	0	0	0	0.9569365382	0.8395444155	4.121209145
1129	0.838209033	0.838209033	0	0	0	0.9598972797	0.8487259746	4.121670723
1130	0.8234162331	0.8234162331	0	0	0	0.9580953717	0.8425521851	4.121627331
1131	0.8706908226	0.8706908226	0	0	0	0.9611994624	0.8525356054	4.121754646
1132	0.8215714693	0.8215714693	0	0	0	0.9593327641	0.8449774981	4.122103214
1133	0.8296365142	0.8296365142	0	0	0	0.9593797326	0.8441794515	4.121967316
1134	0.8312336206	0.8312336206	0	0	0	0.9593136907	0.842972517	4.121498585
1135	0.8400686383	0.8400686383	0	0	0	0.9591107368	0.8434140086	4.121303082
1136	0.8743113279	0.8743113279	0	0	0	0.9579303265	0.8406103253	4.121182442
1137	0.8595021367	0.8595021367	0	0	0	0.9615954161	0.8530492187	4.121747971
1138	0.8760666847	0.8760666847	0	0	0	0.9587006569	0.8443057537	4.121486664
1139	0.9188159704	0.9188159704	0	0	0	0.9614753723	0.8535200953	4.121579647
1140	0.9013408422	0.9013408422	0	0	0	0.9621317983	0.8546320796	4.121941566
1141	0.8671177626	0.8671177626	0	0	0	0.9587776661	0.84399575	4.121562481
1142	0.8427535295	0.8427535295	0	0	0	0.9580739141	0.842640996	4.121286869
1143	0.8230409026	0.8230409026	0	0	0	0.9548181891	0.8345879912	4.121152401
1144	0.8988387585	0.8988387585	0	0	0	0.9542648792	0.8338624239	4.121118546
1145	0.8385512829	0.8385512829	0	0	0	0.9582051635	0.8443594575	4.12147522
1146	0.7765411139	0.7765411139	0	0	0	0.9552941322	0.8372899294	4.121573925
1147	0.8155228496	0.8155228496	0	0	0	0.959196806	0.8518096209	4.121653557
1148	0.7599270344	0.7599270344	0	0	0	0.9591847658	0.8481920958	4.121964455
1149	0.7502516508	0.7502516508	0	0	0	0.9566813707	0.8397859931	4.121819973
1150	0.7762805223	0.7762805223	0	0	0	0.9583006501	0.842754662	4.121451378
1151	0.80233711	0.80233711	0	0	0	0.9565985799	0.8408510089	4.121277809
1152	0.8062416315	0.8062416315	0	0	0	0.9544758797	0.8362005949	4.12114954
1153	0.7770226002	0.7770226002	0	0	0	0.9518068433	0.8258599639	4.121390343
1154	0.7346385121	0.7346385121	0	0	0	0.9478937984	0.8151377439	4.121551991
1155	0.7473490834	0.7473490834	0	0	0	0.9496045113	0.8200114369	4.121743202
1156	0.7021019459	0.7021019459	0	0	0	0.9495759606	0.8203178644	4.122117996
1157	0.6866652369	0.6866652369	0	0	0	0.9476857185	0.8139554262	4.121742249
1158	0.6906175613	0.6906175613	0	0	0	0.9458113909	0.8092796803	4.121386528
1159	0.7094317079	0.7094317079	0	0	0	0.9396558404	0.7948490381	4.121263981
1160	0.7148687243	0.7148687243	0	0	0	0.9360562563	0.78666085	4.121164799
1161	0.690808177	0.690808177	0	0	0	0.9470680952	0.8146722913	4.121537685
1162	0.6838070154	0.6838070154	0	0	0	0.9416918755	0.807446003	4.121492386
1163	0.7450655699	0.7450655699	0	0	0	0.94214046	0.811162591	4.121471882
1164	0.7010666132	0.7010666132	0	0	0	0.9459779859	0.8243339062	4.121578693
1165	0.6537416577	0.6537416577	0	0	0	0.9465552568	0.8220418096	4.121329308
1166	0.6434473991	0.6434473991	0	0	0	0.9403859973	0.8131958246	4.121114254
1167	0.7213387489	0.7213387489	0	0	0	0.9357209802	0.8060162067	4.121070862
1168	0.7545115352	0.7545115352	0	0	0	0.9328228235	0.799477458	4.121053219
1169	0.6498484612	0.6498484612	0	0	0	0.9357722998	0.8060318828	4.121254921
1170	0.5712643266	0.5712643266	0	0	0	0.9361743927	0.8039385676	4.12133503
1171	0.5843819976	0.5843819976	0	0	0	0.9412056208	0.8155335188	4.121447563
1172	0.5497325063	0.5497325063	0	0	0	0.942961812	0.8225744367	4.121701241
1173	0.5103376508	0.5103376508	0	0	0	0.9449114203	0.8218747973	4.121477604
1174	0.5265350342	0.5265350342	0	0	0	0.9456815124	0.8231387138	4.121203899
1175	0.6028418541	0.6028418541	0	0	0	0.9430198669	0.8204135895	4.121122837
1176	0.6429110765	0.6429110765	0	0	0	0.940212965	0.8130696416	4.121031761
1177	0.6078218818	0.6078218818	0	0	0	0.9433722496	0.8224282265	4.121111393
1178	0.5510938764	0.5510938764	0	0	0	0.947884798	0.8273988366	4.121250153
1179	0.5611005425	0.5611005425	0	0	0	0.9522729516	0.8367766142	4.121385098
1180	0.5331297517	0.5331297517	0	0	0	0.9538421631	0.839928925	4.121709347
1181	0.5028557777	0.5028557777	0	0	0	0.955319643	0.8399782777	4.121539116
1182	0.5333453417	0.5333453417	0	0	0	0.9543969035	0.8355255127	4.121136189
1183	0.5912078619	0.5912078619	0	0	0	0.9510603547	0.8280203938	4.121076107
1184	0.5928519964	0.5928519964	0	0	0	0.9431672692	0.8105444908	4.120968819
1185	0.525899291	0.525899291	0	0	0	0.9488595128	0.8249997497	4.121166229
1186	0.4819692075	0.4819692075	0	0	0	0.9538737535	0.8349330425	4.121320248
1187	0.5338559151	0.5338559151	0	0	0	0.9568645954	0.8435394764	4.12133646
1188	0.5149350166	0.5149350166	0	0	0	0.9569769502	0.8445490003	4.121459961
1189	0.4857030511	0.4857030511	0	0	0	0.9565625191	0.8423913121	4.121381283
1190	0.4748946726	0.4748946726	0	0	0	0.9553098083	0.837916851	4.121115685
1191	0.4827685058	0.4827685058	0	0	0	0.9506602287	0.827085793	4.121096611
1192	0.5722362995	0.5722362995	0	0	0	0.9517673254	0.8295919299	4.121082306
1193	0.496212244	0.496212244	0	0	0	0.9524561763	0.832757771	4.121219635
1194	0.4085339904	0.4085339904	0	0	0	0.9512509108	0.829087317	4.121356964
1195	0.4355059564	0.4355059564	0	0	0	0.9566264153	0.8427148461	4.121537685
1196	0.4330050945	0.4330050945	0	0	0	0.9577738643	0.845918119	4.121689796
1197	0.3888115585	0.3888115585	0	0	0	0.9564744234	0.8410127759	4.121881962
1198	0.3941036463	0.3941036463	0	0	0	0.9549351931	0.8362745643	4.121247292
1199	0.4673157632	0.4673157632	0	0	0	0.95238024	0.8314718604	4.121174335
1200	0.4720265567	0.4720265567	0	0	0	0.9528281689	0.8311163783	4.121172428
1201	0.4569780231	0.4569780231	0	0	0	0.9523922801	0.8322270513	4.121165752
1202	0.3962222636	0.3962222636	0	0	0	0.9552106261	0.8386563063	4.121342659
1203	0.4120370746	0.4120370746	0	0	0	0.9591107368	0.8487645388	4.121573448
1204	0.3685173392	0.3685173392	0	0	0	0.9579981565	0.8455728889	4.121762753
1205	0.3698979616	0.3698979616	0	0	0	0.9572820067	0.8426722288	4.121767521
1206	0.3902369142	0.3902369142	0	0	0	0.9559310675	0.8379320502	4.121283531
1207	0.43235901	0.43235901	0	0	0	0.9527167082	0.8305885792	4.121191025
1208	0.4456084967	0.4456084967	0	0	0	0.9509084821	0.8269032836	4.121141434
1209	0.450561434	0.450561434	0	0	0	0.9578729272	0.8454915881	4.121287346
1210	0.3817801774	0.3817801774	0	0	0	0.9550555348	0.8377588391	4.12142849
1211	0.4019650817	0.4019650817	0	0	0	0.9601626396	0.8506964445	4.121537209
1212	0.4261801541	0.4261801541	0	0	0	0.9616516829	0.8555418849	4.121762753
1213	0.4845047593	0.4845047593	0	0	0	0.9594939351	0.8491590619	4.121948719
1214	0.5299859643	0.5299859643	0	0	0	0.9594206214	0.8474974036	4.121527672
1215	0.5766617656	0.5766617656	0	0	0	0.9560582042	0.8395159841	4.121444225
1216	0.6035815477	0.6035815477	0	0	0	0.9548512697	0.8375882506	4.121431828
1217	0.6078438759	0.6078438759	0	0	0	0.9564015269	0.842517674	4.121509075
1218	0.5538861156	0.5538861156	0	0	0	0.9553050995	0.8395169377	4.121614456
1219	0.5441899896	0.5441899896	0	0	0	0.9597653151	0.8506655097	4.121818066
1220	0.5508007407	0.5508007407	0	0	0	0.9596621394	0.853286922	4.122268677
1221	0.552084446	0.552084446	0	0	0	0.9583783746	0.8485117555	4.12248373
1222	0.5801059008	0.5801059008	0	0	0	0.9590899944	0.8481042981	4.12176609
1223	0.6176012754	0.6176012754	0	0	0	0.9589255452	0.8479237556	4.121502876
1224	0.6138343811	0.6138343811	0	0	0	0.9569839239	0.8454480767	4.121751308
1225	0.6107967496	0.6107967496	0	0	0	0.9563382268	0.8440482616	4.121266842
1226	0.5671858788	0.5671858788	0	0	0	0.957262516	0.8429598808	4.121558189
1227	0.5755218863	0.5755218863	0	0	0	0.9595354199	0.848931551	4.121806145
1228	0.5648404956	0.5648404956	0	0	0	0.9602198601	0.8517138958	4.122259617
1229	0.5774543285	0.5774543285	0	0	0	0.9606231451	0.8523415923	4.122331142
1230	0.6023476124	0.6023476124	0	0	0	0.9582646489	0.8434392214	4.121429443
1231	0.5925327539	0.5925327539	0	0	0	0.9555880427	0.8377888799	4.121442795
1232	0.5768063068	0.5768063068	0	0	0	0.9527020454	0.8304799199	4.121373177
1233	0.5450698733	0.5450698733	0	0	0	0.9544599652	0.8370006084	4.121460438
1234	0.5380825996	0.5380825996	0	0	0	0.9588326216	0.84571594	4.121949196
1235	0.5623927116	0.5623927116	0	0	0	0.9612877965	0.8526347876	4.122175694
1236	0.5930899382	0.5930899382	0	0	0	0.9619358778	0.856246233	4.122681141
1237	0.6508223414	0.6508223414	0	0	0	0.9618013501	0.8565734029	4.12289381
1238	0.6899264455	0.6899264455	0	0	0	0.9615613818	0.854912281	4.12225008
1239	0.7415879369	0.7415879369	0	0	0	0.9607747197	0.8522021174	4.122364998
1240	0.7409821749	0.7409821749	0	0	0	0.9599707723	0.8511879444	4.122828007
1241	0.7443429232	0.7443429232	0	0	0	0.9611500502	0.8530840278	4.122433186
1242	0.7470178008	0.7470178008	0	0	0	0.9574628472	0.8425216675	4.122529984
1243	0.7382028103	0.7382028103	0	0	0	0.9588439465	0.8475718498	4.123085022
1244	0.7399304509	0.7399304509	0	0	0	0.9586523175	0.8482539058	4.123341084
1245	0.7396427989	0.7396427989	0	0	0	0.9549392462	0.839987874	4.123404026
1246	0.7582932711	0.7582932711	0	0	0	0.9559912086	0.8434973359	4.123036385
1247	0.7495928407	0.7495928407	0	0	0	0.9566955566	0.8439053297	4.122391701
1248	0.7300696373	0.7300696373	0	0	0	0.9570687413	0.8464635015	4.122943878
1249	0.741024375	0.741024375	0	0	0	0.95817101	0.8500170708	4.122452736
1250	0.7494003773	0.7494003773	0	0	0	0.9556882977	0.8411663771	4.122776031
1251	0.7657074928	0.7657074928	0	0	0	0.9570756555	0.8458456993	4.123063564
1252	0.7599285841	0.7599285841	0	0	0	0.9575739503	0.8464798927	4.123200417
1253	0.7926136851	0.7926136851	0	0	0	0.9561160803	0.8438486457	4.123351097
1254	0.7903149724	0.7903149724	0	0	0	0.9585371614	0.8480367064	4.122505665
1255	0.8066123128	0.8066123128	0	0	0	0.9588263631	0.8484970927	4.122544289
1256	0.7784619927	0.7784619927	0	0	0	0.9551462531	0.8435047865	4.122979164
1257	0.7737994194	0.7737994194	0	0	0	0.95787251	0.8507316113	4.123036385
1258	0.806329608	0.806329608	0	0	0	0.9558119178	0.8440653682	4.123208046
1259	0.8437050581	0.8437050581	0	0	0	0.9592363238	0.8522564173	4.123226643
1260	0.859574616	0.859574616	0	0	0	0.9596658349	0.8532338142	4.12332058
1261	0.9273681641	0.9273681641	0	0	0	0.9603185058	0.8550567627	4.123453617
1262	0.9446484447	0.9446484447	0	0	0	0.9614385962	0.8579549193	4.123221874
1263	1.019814134	1.019814134	0	0	0	0.96131742	0.8566892743	4.123395443
1264	0.998344779	0.998344779	0	0	0	0.9599416852	0.8547500372	4.123496532
1265	0.9885042906	0.9885042906	0	0	0	0.9586493969	0.8524780273	4.12337923
1266	1.051158428	1.051158428	0	0	0	0.9581326842	0.8474282026	4.123412132
1267	1.042641759	1.042641759	0	0	0	0.9583417177	0.8502828479	4.123436451
1268	1.039875388	1.039875388	0	0	0	0.9569223523	0.8479302526	4.123525143
1269	1.020836473	1.020836473	0	0	0	0.9540138245	0.840519309	4.123595238
1270	1.031517029	1.031517029	0	0	0	0.9548957348	0.8453427553	4.123506546
1271	1.128271937	1.128271937	0	0	0	0.9595541358	0.8534542322	4.123534679
1272	1.020150185	1.020150185	0	0	0	0.9546465278	0.8443414569	4.123559952
1273	1.008469343	1.008469343	0	0	0	0.9535856843	0.842790246	4.123438835
1274	1.096593142	1.096593142	0	0	0	0.9551443458	0.8418913484	4.123506069
1275	1.086962938	1.086962938	0	0	0	0.9520384669	0.8388411403	4.123503685
1276	1.087323666	1.087323666	0	0	0	0.9510256648	0.837043941	4.123583317
1277	1.065989852	1.065989852	0	0	0	0.9481317401	0.8320723772	4.123554707
1278	1.083792567	1.083792567	0	0	0	0.9513779879	0.8394106627	4.123513699
1279	1.147850633	1.147850633	0	0	0	0.9496831298	0.8350946307	4.123578072
1280	1.104445338	1.104445338	0	0	0	0.9505717158	0.8378247619	4.123607635
1281	1.062904119	1.062904119	0	0	0	0.9473065734	0.8301428556	4.12348938
1282	1.106572151	1.106572151	0	0	0	0.9466818571	0.8276936412	4.123518944
1283	1.155241609	1.155241609	0	0	0	0.9507937431	0.8358132243	4.123580456
1284	1.176615357	1.176615357	0	0	0	0.946374774	0.8323600292	4.123558998
1285	1.19311595	1.19311595	0	0	0	0.9453695416	0.829328537	4.123609066
1286	1.182805061	1.182805061	0	0	0	0.943004787	0.8283259273	4.12356472
1287	1.340169668	1.340169668	0	0	0	0.9494615197	0.8342494965	4.123599052
1288	1.281849504	1.281849504	0	0	0	0.9444564581	0.8289177418	4.123539925
1289	1.282467246	1.282467246	0	0	0	0.9438732862	0.8282912374	4.123538494
1290	1.339585662	1.339585662	0	0	0	0.9402556419	0.821662724	4.123523712
1291	1.346654296	1.346654296	0	0	0	0.9453610182	0.8306349516	4.12357378
1292	1.358214021	1.358214021	0	0	0	0.943403542	0.8277657628	4.123620033
1293	1.315036774	1.315036774	0	0	0	0.9369990826	0.8176649809	4.123588085
1294	1.289302588	1.289302588	0	0	0	0.9342767	0.8162184358	4.123606682
1295	1.323495865	1.323495865	0	0	0	0.9387460351	0.817292273	4.123681545
1296	1.30203259	1.30203259	0	0	0	0.9403797984	0.8200936913	4.123617172
1297	1.268302679	1.268302679	0	0	0	0.9449657202	0.8284244537	4.123485565
1298	1.318386674	1.318386674	0	0	0	0.942869544	0.8228899837	4.123528957
1299	1.298328042	1.298328042	0	0	0	0.9438409209	0.8238428235	4.123538971
1300	1.289367676	1.289367676	0	0	0	0.9428881407	0.8248297572	4.123612881
1301	1.300120473	1.300120473	0	0	0	0.9448177814	0.8251540065	4.123558998
1302	1.258086443	1.258086443	0	0	0	0.9420925975	0.818954587	4.123576164
1303	1.309542656	1.309542656	0	0	0	0.9393686652	0.8085585237	4.123596668
1304	1.271374226	1.271374226	0	0	0	0.9406085014	0.8088824153	4.123578548
1305	1.2445575	1.2445575	0	0	0	0.9483178258	0.829819262	4.123582363
1306	1.102398038	1.102398038	0	0	0	0.9494963288	0.8356564641	4.123538017
1307	1.10996902	1.10996902	0	0	0	0.9459840655	0.8303425312	4.123429775
1308	1.098537683	1.098537683	0	0	0	0.9430276752	0.8280344605	4.12341547
1309	1.12639761	1.12639761	0	0	0	0.945612669	0.832226336	4.123532772
1310	1.110923767	1.110923767	0	0	0	0.9418064952	0.8282079101	4.123328209
1311	1.075802326	1.075802326	0	0	0	0.9393006563	0.8207378387	4.123409748
1312	1.091387987	1.091387987	0	0	0	0.940985918	0.8267952204	4.123479366
1313	1.045692444	1.045692444	0	0	0	0.94338274	0.8304018974	4.123384953
1314	1.062528729	1.062528729	0	0	0	0.9458684325	0.833018899	4.123449326
1315	1.07653296	1.07653296	0	0	0	0.9453177452	0.8357618451	4.123447418
1316	1.075291753	1.075291753	0	0	0	0.9457990527	0.8336079717	4.123505592
1317	1.074718475	1.074718475	0	0	0	0.9429061413	0.8284446001	4.123532772
1318	1.065170288	1.065170288	0	0	0	0.9448351264	0.8328970671	4.123377323
1319	1.070364833	1.070364833	0	0	0	0.9451961517	0.8316196203	4.123459816
1320	1.046305656	1.046305656	0	0	0	0.9423171282	0.8266582489	4.123560429
1321	1.049118042	1.049118042	0	0	0	0.9412198663	0.8201864958	4.12349844
1322	1.077618003	1.077618003	0	0	0	0.9445382357	0.8227908611	4.123523712
1323	1.119671822	1.119671822	0	0	0	0.9502188563	0.8331281543	4.123531342
1324	1.124662638	1.124662638	0	0	0	0.9524073601	0.8396965861	4.12353754
1325	1.08503747	1.08503747	0	0	0	0.9476681948	0.834051609	4.12349844
1326	1.050580382	1.050580382	0	0	0	0.9522103071	0.8424512744	4.123354435
1327	1.083649158	1.083649158	0	0	0	0.9501694441	0.8354176283	4.123597622
1328	1.046332955	1.046332955	0	0	0	0.9520716071	0.8421171904	4.123450279
1329	1.066327095	1.066327095	0	0	0	0.9531392455	0.8428712487	4.123467922
1330	1.041171432	1.041171432	0	0	0	0.9520890117	0.8386854529	4.123384476
1331	1.09192729	1.09192729	0	0	0	0.9554956555	0.8467322588	4.123208046
1332	1.042453885	1.042453885	0	0	0	0.9491561651	0.8377172351	4.122961998
1333	1.080203295	1.080203295	0	0	0	0.9520381093	0.8407648802	4.123002052
1334	1.062425852	1.062425852	0	0	0	0.9478043318	0.8353968859	4.122221947
1335	1.075653672	1.075653672	0	0	0	0.9436097145	0.8241146803	4.122125626
1336	1.074722886	1.074722886	0	0	0	0.943947196	0.826467514	4.122109413
1337	1.05303371	1.05303371	0	0	0	0.949202776	0.8351485133	4.122001648
1338	1.043014765	1.043014765	0	0	0	0.9479219317	0.8317186236	4.122313023
1339	1.068509579	1.068509579	0	0	0	0.9527327418	0.8443155885	4.122710228
1340	1.053828597	1.053828597	0	0	0	0.9462226629	0.8334574699	4.122866154
1341	1.062679887	1.062679887	0	0	0	0.9480850697	0.8351034522	4.122949123
1342	1.045814037	1.045814037	0	0	0	0.9414997101	0.8246283531	4.122376442
1343	1.05129981	1.05129981	0	0	0	0.9480834007	0.8304985762	4.122173786
1344	1.042306781	1.042306781	0	0	0	0.9498975873	0.8348805308	4.122403622
1345	1.046671391	1.046671391	0	0	0	0.9527880549	0.8383223414	4.122388363
1346	1.064404368	1.064404368	0	0	0	0.9531782269	0.8394295573	4.122829437
1347	1.065932751	1.065932751	0	0	0	0.9519779682	0.8388569355	4.122876167
1348	1.047736168	1.047736168	0	0	0	0.9456961751	0.8284506798	4.123082161
1349	1.043408751	1.043408751	0	0	0	0.9489446282	0.8310391307	4.123065472
1350	1.039147496	1.039147496	0	0	0	0.9562233686	0.844001472	4.122517586
1351	1.055264115	1.055264115	0	0	0	0.9544430971	0.8346920013	4.121990204
1352	0.992366612	0.992366612	0	0	0	0.9463301301	0.8228932619	4.121860027
1353	1.008504868	1.008504868	0	0	0	0.9521194696	0.8373030424	4.122488499
1354	0.9663578272	0.9663578272	0	0	0	0.9497671723	0.8340407014	4.122187138
1355	0.9603779912	0.9603779912	0	0	0	0.9539599419	0.8420442939	4.122345448
1356	0.9335105419	0.9335105419	0	0	0	0.9486984015	0.8346526027	4.122313976
1357	0.9029801488	0.9029801488	0	0	0	0.9513459802	0.838898778	4.122357845
1358	0.8824258447	0.8824258447	0	0	0	0.9511574507	0.8372961879	4.121551991
1359	0.8756112456	0.8756112456	0	0	0	0.9469743371	0.8260753155	4.121439457
1360	0.8672119975	0.8672119975	0	0	0	0.9468024969	0.8290875554	4.121387482
1361	0.8472711444	0.8472711444	0	0	0	0.9473943114	0.8346233368	4.121385098
1362	0.8440038562	0.8440038562	0	0	0	0.9491306543	0.8349491954	4.121628761
1363	0.8641265035	0.8641265035	0	0	0	0.954475224	0.8484905958	4.121940136
1364	0.8830334544	0.8830334544	0	0	0	0.9543524384	0.8474650383	4.122196674
1365	0.8842624426	0.8842624426	0	0	0	0.953497231	0.8434628248	4.122356415
1366	0.8793745637	0.8793745637	0	0	0	0.9537625313	0.8435761333	4.121757984
1367	0.9153424501	0.9153424501	0	0	0	0.9554978609	0.8424643278	4.121432781
1368	0.8741881847	0.8741881847	0	0	0	0.9536521435	0.8405669928	4.121474266
1369	0.8942444921	0.8942444921	0	0	0	0.9549432397	0.8437885046	4.121510506
1370	0.9279426336	0.9279426336	0	0	0	0.9586601257	0.8469370008	4.121753693
1371	0.9353701472	0.9353701472	0	0	0	0.9599404335	0.8518558741	4.122193336
1372	0.939771831	0.939771831	0	0	0	0.9586201906	0.8487545252	4.122454643
1373	0.89297086	0.89297086	0	0	0	0.9538245201	0.8388446569	4.122575283
1374	0.8923296332	0.8923296332	0	0	0	0.9539390802	0.8346303105	4.121485233
1375	0.8708466887	0.8708466887	0	0	0	0.9493073821	0.8214433789	4.12152195
1376	0.8237511516	0.8237511516	0	0	0	0.9452856779	0.813406527	4.121405125
1377	0.8266134858	0.8266134858	0	0	0	0.9543387294	0.8413814306	4.121455193
1378	0.8634575605	0.8634575605	0	0	0	0.9583696723	0.8461744189	4.12174511
1379	0.8547743559	0.8547743559	0	0	0	0.9599761963	0.8520457149	4.121912956
1380	0.8361034393	0.8361034393	0	0	0	0.9572490454	0.8482313752	4.121750355
1381	0.7552771568	0.7552771568	0	0	0	0.9576896429	0.84737432	4.121677399
1382	0.7301002741	0.7301002741	0	0	0	0.9552653432	0.8423418403	4.121284962
1383	0.7060366273	0.7060366273	0	0	0	0.9508729577	0.8332940936	4.121216774
1384	0.7278506756	0.7278506756	0	0	0	0.9510149956	0.832188189	4.121191978
1385	0.7001700401	0.7001700401	0	0	0	0.9513093233	0.8363642693	4.121241093
1386	0.7006691694	0.7006691694	0	0	0	0.9529396296	0.8376574516	4.121462345
1387	0.6903193593	0.6903193593	0	0	0	0.9520961046	0.8386676311	4.121715546
1388	0.7017816901	0.7017816901	0	0	0	0.9512053132	0.8384506702	4.121804714
1389	0.690707624	0.690707624	0	0	0	0.9503961205	0.8326090574	4.121808529
1390	0.7026885152	0.7026885152	0	0	0	0.951728344	0.8329635859	4.12139225
1391	0.7067101002	0.7067101002	0	0	0	0.9482529163	0.8273817897	4.12118721
1392	0.7066069245	0.7066069245	0	0	0	0.9499390721	0.8294689655	4.121192455
1393	0.7189203501	0.7189203501	0	0	0	0.9507145882	0.8338321447	4.121209145
1394	0.7439675331	0.7439675331	0	0	0	0.9549489617	0.8410565257	4.121436119
1395	0.7395335436	0.7395335436	0	0	0	0.954683423	0.8422706127	4.121815681
1396	0.7284439802	0.7284439802	0	0	0	0.951361239	0.8391678929	4.121993542
1397	0.7815448046	0.7815448046	0	0	0	0.9572146535	0.8450860381	4.121961594
1398	0.7835412025	0.7835412025	0	0	0	0.9566450715	0.8419243097	4.121564388
1399	0.8158057332	0.8158057332	0	0	0	0.9529028535	0.8340674043	4.121219635
1400	0.8299697638	0.8299697638	0	0	0	0.9538596869	0.8349716663	4.121125221
1401	0.8375608325	0.8375608325	0	0	0	0.9572547078	0.845566988	4.121346951
1402	0.8358872533	0.8358872533	0	0	0	0.9575544	0.8451231718	4.121479988
1403	0.812251389	0.812251389	0	0	0	0.9550219774	0.842849195	4.121575356
1404	0.7977808714	0.7977808714	0	0	0	0.9521837831	0.8407170177	4.121569633
1405	0.8098348975	0.8098348975	0	0	0	0.9530991912	0.8369842768	4.12166214
1406	0.7835882902	0.7835882902	0	0	0	0.9419634938	0.819865346	4.121294498
1407	0.8050629497	0.8050629497	0	0	0	0.9260676503	0.8002005816	4.121135712
1408	0.8065972328	0.8065972328	0	0	0	0.9325264692	0.8081649542	4.121115685
1409	0.7877587676	0.7877587676	0	0	0	0.9327948689	0.8106215596	4.121218204
1410	0.7688046694	0.7688046694	0	0	0	0.9400407672	0.8196263313	4.121476173
1411	0.7705277205	0.7705277205	0	0	0	0.9395668507	0.8212714195	4.121685028
1412	0.7837546468	0.7837546468	0	0	0	0.9463483095	0.8320010304	4.121823788
1413	0.7831290364	0.7831290364	0	0	0	0.9453172088	0.8248788118	4.121744633
1414	0.8013629913	0.8013629913	0	0	0	0.9506456256	0.8300911188	4.121428013
1415	0.7904305458	0.7904305458	0	0	0	0.9463416338	0.826007545	4.121111393
1416	0.7923638225	0.7923638225	0	0	0	0.9479997754	0.8265800476	4.121107578
1417	0.7880710363	0.7880710363	0	0	0	0.9489766955	0.8313050866	4.121253014
1418	0.7919179201	0.7919179201	0	0	0	0.9533653259	0.8401678801	4.12141037
1419	0.7792776823	0.7792776823	0	0	0	0.9499705434	0.8368955255	4.121805668
1420	0.792071104	0.792071104	0	0	0	0.9510378838	0.8381714821	4.121921539
1421	0.805110395	0.805110395	0	0	0	0.9527372718	0.8357878923	4.121850491
1422	0.8365357518	0.8365357518	0	0	0	0.9596734047	0.8479026556	4.121677876
1423	0.8152645826	0.8152645826	0	0	0	0.9519866705	0.8355671167	4.121191978
1424	0.8116845489	0.8116845489	0	0	0	0.9493145943	0.8279986382	4.121056557
1425	0.8105262518	0.8105262518	0	0	0	0.953286469	0.8404940367	4.121305466
1426	0.8264498711	0.8264498711	0	0	0	0.9561921358	0.8449890614	4.121408939
1427	0.793151319	0.793151319	0	0	0	0.950684309	0.8376961946	4.121558189
1428	0.7697299719	0.7697299719	0	0	0	0.9414388537	0.8293987513	4.12155962
1429	0.7611652017	0.7611652017	0	0	0	0.9405918121	0.8229248524	4.121492386
1430	0.7569558024	0.7569558024	0	0	0	0.9345611334	0.8151359558	4.121221066
1431	0.7832407355	0.7832407355	0	0	0	0.9282346368	0.8075346947	4.121099472
1432	0.744135499	0.744135499	0	0	0	0.9383177757	0.817222476	4.121064663
1433	0.7110932469	0.7110932469	0	0	0	0.9385322332	0.8181271553	4.121201515
1434	0.7098701	0.7098701	0	0	0	0.9426032305	0.8255410194	4.121359825
1435	0.698451519	0.698451519	0	0	0	0.9392991662	0.8238360882	4.121596813
1436	0.7057027221	0.7057027221	0	0	0	0.9408583641	0.826292336	4.121761799
1437	0.6999969482	0.6999969482	0	0	0	0.9387577772	0.8190588951	4.121675968
1438	0.6999230385	0.6999230385	0	0	0	0.943136394	0.8215340376	4.121321678
1439	0.7211875916	0.7211875916	0	0	0	0.9451415539	0.8267643452	4.121128559
1440	0.7064025402	0.7064025402	0	0	0	0.9458258748	0.8271562457	4.121053219
1441	0.7209311128	0.7209311128	0	0	0	0.948281765	0.8334437013	4.121237278
1442	0.7365861535	0.7365861535	0	0	0	0.9528633356	0.841593504	4.121400356
1443	0.7383674383	0.7383674383	0	0	0	0.9431241155	0.8295562267	4.121698856
1444	0.7513798475	0.7513798475	0	0	0	0.9497701526	0.8392546773	4.121848106
1445	0.7477132082	0.7477132082	0	0	0	0.9452575445	0.8304821253	4.121845245
1446	0.7612527013	0.7612527013	0	0	0	0.9488146901	0.8312058449	4.121336937
1447	0.8227829933	0.8227829933	0	0	0	0.9447094798	0.8242868781	4.121044636
1448	0.8069621325	0.8069621325	0	0	0	0.9469224215	0.825103581	4.120975494
1449	0.8228487968	0.8228487968	0	0	0	0.9493896961	0.8313410878	4.121117592
1450	0.8198879957	0.8198879957	0	0	0	0.9519144893	0.8382914662	4.121313095
1451	0.8097287416	0.8097287416	0	0	0	0.9471898079	0.8320955634	4.121514797
1452	0.8231337667	0.8231337667	0	0	0	0.9450516701	0.8311989903	4.121593475
1453	0.8256962299	0.8256962299	0	0	0	0.9439700246	0.826703012	4.121512413
1454	0.8151831627	0.8151831627	0	0	0	0.9455730915	0.8237051964	4.121204853
1455	0.8490409851	0.8490409851	0	0	0	0.94452703	0.8244885206	4.121191978
1456	0.8289673924	0.8289673924	0	0	0	0.9499317408	0.8327823877	4.121172428
1457	0.8350275755	0.8350275755	0	0	0	0.9506856799	0.8364045024	4.121287823
1458	0.8222198486	0.8222198486	0	0	0	0.9509780407	0.835550189	4.121395111
1459	0.8016255498	0.8016255498	0	0	0	0.9502265453	0.8373291492	4.12169981
1460	0.8303376436	0.8303376436	0	0	0	0.9493634105	0.8356978297	4.121813774
1461	0.8054417968	0.8054417968	0	0	0	0.9492317438	0.8314560652	4.121906281
1462	0.8208497167	0.8208497167	0	0	0	0.951616466	0.8312206268	4.121474266
1463	0.8616995215	0.8616995215	0	0	0	0.9526848793	0.8352856636	4.121181488
1464	0.8347237706	0.8347237706	0	0	0	0.9537502527	0.836922586	4.121164799
1465	0.867928803	0.867928803	0	0	0	0.9568573236	0.8458377123	4.121260643
1466	0.8635253906	0.8635253906	0	0	0	0.9584453106	0.8474374413	4.12142086
1467	0.8702723384	0.8702723384	0	0	0	0.9565571547	0.8469649553	4.121755123
1468	0.8909762502	0.8909762502	0	0	0	0.9592066407	0.8531360626	4.12198782
1469	0.8570820093	0.8570820093	0	0	0	0.955666244	0.8444252014	4.121752262
1470	0.8866542578	0.8866542578	0	0	0	0.9596264362	0.8483160138	4.121434689
1471	0.9153057337	0.9153057337	0	0	0	0.9556488991	0.8408710957	4.121080875
1472	0.8777804375	0.8777804375	0	0	0	0.9586423039	0.8475438356	4.121092796
1473	0.865029633	0.865029633	0	0	0	0.9623526335	0.8582184911	4.121470451
1474	0.8969166875	0.8969166875	0	0	0	0.9632956386	0.8589991331	4.121415138
1475	0.9075500965	0.9075500965	0	0	0	0.9636430144	0.862958014	4.121465206
1476	0.8846144676	0.8846144676	0	0	0	0.9630625844	0.8625363708	4.121535301
1477	0.8536000848	0.8536000848	0	0	0	0.9618424177	0.8558480144	4.121504307
1478	0.8118687868	0.8118687868	0	0	0	0.9605187178	0.849778235	4.12126255
1479	0.8517158031	0.8517158031	0	0	0	0.9591248035	0.8485274315	4.121146679
1480	0.8411195874	0.8411195874	0	0	0	0.9607197642	0.8527979255	4.121185303
1481	0.8389250636	0.8389250636	0	0	0	0.9615263939	0.8564665914	4.121332645
1482	0.819919765	0.819919765	0	0	0	0.9615651369	0.8564848304	4.121384144
1483	0.7984743714	0.7984743714	0	0	0	0.9623954296	0.8613638878	4.121672153
1484	0.807094276	0.807094276	0	0	0	0.9627839327	0.8622977734	4.121875763
1485	0.7681839466	0.7681839466	0	0	0	0.9600074291	0.8527838588	4.121866703
1486	0.8280370831	0.8280370831	0	0	0	0.960156858	0.8522820473	4.121376991
1487	0.7987836003	0.7987836003	0	0	0	0.9592564106	0.8501621485	4.12111187
1488	0.7907040715	0.7907040715	0	0	0	0.9588371515	0.8468889594	4.121134281
1489	0.7783218622	0.7783218622	0	0	0	0.9571300745	0.8420745134	4.121219635
1490	0.7415139675	0.7415139675	0	0	0	0.9565116167	0.8382439613	4.121364117
1491	0.7178506255	0.7178506255	0	0	0	0.9551309943	0.837397337	4.12169981
1492	0.7094322443	0.7094322443	0	0	0	0.9562506676	0.8413663507	4.121842861
1493	0.6898058057	0.6898058057	0	0	0	0.9522057772	0.8278222084	4.121897221
1494	0.6801336408	0.6801336408	0	0	0	0.9453385472	0.8070873022	4.121390343
1495	0.6832147241	0.6832147241	0	0	0	0.9391692877	0.793115437	4.121149063
1496	0.6636004448	0.6636004448	0	0	0	0.9365814924	0.7868187428	4.121152401
1497	0.6611291766	0.6611291766	0	0	0	0.9540537	0.8328229189	4.121572018
1498	0.700009644	0.700009644	0	0	0	0.9569722414	0.8404990435	4.121417046
1499	0.7102467418	0.7102467418	0	0	0	0.9558463097	0.8413046598	4.121485233
1500	0.6892237663	0.6892237663	0	0	0	0.9551060796	0.8398234248	4.121533394
1501	0.6430007219	0.6430007219	0	0	0	0.9554415345	0.837590158	4.121584415
1502	0.5849006176	0.5849006176	0	0	0	0.9497654438	0.8224636912	4.121276855
1503	0.6036029458	0.6036029458	0	0	0	0.9453629255	0.8133783937	4.121130943
1504	0.6622431874	0.6622431874	0	0	0	0.9465254545	0.8141064644	4.121136665
1505	0.6125522256	0.6125522256	0	0	0	0.9504685402	0.8268902898	4.121346951
1506	0.5869879127	0.5869879127	0	0	0	0.9518342614	0.8321390748	4.121433735
1507	0.5625978708	0.5625978708	0	0	0	0.9536023736	0.8375691772	4.121630669
1508	0.5558506846	0.5558506846	0	0	0	0.9540404081	0.8373955488	4.121845245
1509	0.5380633473	0.5380633473	0	0	0	0.9541474581	0.8350846171	4.121948719
1510	0.5258139372	0.5258139372	0	0	0	0.9526782036	0.8297685981	4.121384144
1511	0.5794634223	0.5794634223	0	0	0	0.9526408911	0.8307555914	4.121157169
1512	0.5815345049	0.5815345049	0	0	0	0.9525494576	0.8280174732	4.121180534
1513	0.5991121531	0.5991121531	0	0	0	0.9554028511	0.8370685577	4.121283531
1514	0.5646693707	0.5646693707	0	0	0	0.952784121	0.8338284492	4.121452808
1515	0.5597208142	0.5597208142	0	0	0	0.9527677894	0.8344376087	4.121731281
1516	0.5524562597	0.5524562597	0	0	0	0.9538988471	0.8341231346	4.121857643
1517	0.5389341116	0.5389341116	0	0	0	0.9547663927	0.834187448	4.121890545
1518	0.5327714086	0.5327714086	0	0	0	0.948653996	0.8169881701	4.12139225
1519	0.5531178713	0.5531178713	0	0	0	0.9448989034	0.8086129427	4.121176243
1520	0.5395882726	0.5395882726	0	0	0	0.9510523677	0.8235598803	4.121295452
1521	0.5238128901	0.5238128901	0	0	0	0.9523313642	0.8262223005	4.12127924
1522	0.5174617767	0.5174617767	0	0	0	0.9547268152	0.835055232	4.121558666
1523	0.5528360605	0.5528360605	0	0	0	0.9564990997	0.8385742903	4.121597767
1524	0.5405507088	0.5405507088	0	0	0	0.9518110156	0.8289683461	4.121642113
1525	0.5360851884	0.5360851884	0	0	0	0.9543027282	0.8349042535	4.121767521
1526	0.4985438883	0.4985438883	0	0	0	0.9535506964	0.8311020732	4.121393681
1527	0.5079097748	0.5079097748	0	0	0	0.9495341778	0.8229611516	4.121236801
1528	0.5187574625	0.5187574625	0	0	0	0.9527241588	0.829020083	4.121243954
1529	0.4953770041	0.4953770041	0	0	0	0.9542803764	0.8368116021	4.121316433
1530	0.4653950334	0.4653950334	0	0	0	0.9527126551	0.8355996013	4.12152195
1531	0.4365375638	0.4365375638	0	0	0	0.9534339905	0.8387036324	4.121816635
1532	0.4117926955	0.4117926955	0	0	0	0.9528298974	0.8393784761	4.122118473
1533	0.423856914	0.423856914	0	0	0	0.9568133354	0.8434836268	4.122279167
1534	0.4482895136	0.4482895136	0	0	0	0.9578370452	0.8466588855	4.121749401
1535	0.4698199332	0.4698199332	0	0	0	0.9539712071	0.8361068964	4.121271133
1536	0.482599318	0.482599318	0	0	0	0.9536494017	0.8344452977	4.12122345
1537	0.4803377688	0.4803377688	0	0	0	0.9552220106	0.8384385109	4.121165752
1538	0.454354614	0.454354614	0	0	0	0.9582500458	0.8454020619	4.121477604
1539	0.419849813	0.419849813	0	0	0	0.9579635859	0.84320122	4.121687889
1540	0.4131684899	0.4131684899	0	0	0	0.9588176012	0.8470406532	4.122073174
1541	0.4281129837	0.4281129837	0	0	0	0.957000196	0.8399819732	4.122234344
1542	0.4547046125	0.4547046125	0	0	0	0.9524613619	0.8263449669	4.121497154
1543	0.4784888327	0.4784888327	0	0	0	0.9452103972	0.8107953072	4.12121439
1544	0.4869210422	0.4869210422	0	0	0	0.9425621033	0.8020241261	4.121187687
1545	0.47835958	0.47835958	0	0	0	0.9464635253	0.8105402589	4.121214867
1546	0.4667309821	0.4667309821	0	0	0	0.9536784291	0.8301485777	4.121424198
1547	0.4598108828	0.4598108828	0	0	0	0.9579247236	0.8410929441	4.121588707
1548	0.4669413865	0.4669413865	0	0	0	0.9575379491	0.8434437513	4.121711731
1549	0.461633414	0.461633414	0	0	0	0.9580098987	0.844157815	4.121814251
1550	0.4981815815	0.4981815815	0	0	0	0.9584002495	0.8451282978	4.121484756
1551	0.5185677409	0.5185677409	0	0	0	0.952552259	0.8305007219	4.12122488
1552	0.5804845095	0.5804845095	0	0	0	0.9540603161	0.8323101997	4.121249199
1553	0.5675619841	0.5675619841	0	0	0	0.9522135854	0.8290512562	4.121231556
1554	0.4917795658	0.4917795658	0	0	0	0.9515515566	0.8273988366	4.121396542
1555	0.4630072117	0.4630072117	0	0	0	0.9564913511	0.840380013	4.121697426
1556	0.4303866327	0.4303866327	0	0	0	0.957798481	0.8466624022	4.121974945
1557	0.4331347644	0.4331347644	0	0	0	0.9566402435	0.8429305553	4.122262478
1558	0.45399189	0.45399189	0	0	0	0.955483377	0.8396672606	4.121621609
1559	0.5113894939	0.5113894939	0	0	0	0.9534901977	0.8359486461	4.121295452
1560	0.5327348113	0.5327348113	0	0	0	0.9524799585	0.8320480585	4.121270657
1561	0.516824007	0.516824007	0	0	0	0.9526370168	0.8335536122	4.121257782
1562	0.4435226321	0.4435226321	0	0	0	0.9522326589	0.8332425952	4.121477127
1563	0.4337593317	0.4337593317	0	0	0	0.9550356269	0.8400507569	4.121740341
1564	0.417607367	0.417607367	0	0	0	0.9564600587	0.8465389013	4.122116089
1565	0.420173645	0.420173645	0	0	0	0.9557396173	0.8431433439	4.122217655
1566	0.4520590305	0.4520590305	0	0	0	0.9575354457	0.8470195532	4.121772289
1567	0.5288453102	0.5288453102	0	0	0	0.9516653419	0.8324475288	4.121317387
1568	0.5090292096	0.5090292096	0	0	0	0.950835824	0.8288220167	4.121219635
1569	0.4840971231	0.4840971231	0	0	0	0.9513043761	0.8306906819	4.12128973
1570	0.3830469251	0.3830469251	0	0	0	0.9524484277	0.8335677385	4.121591091
1571	0.4337027967	0.4337027967	0	0	0	0.9586099982	0.8481479883	4.121888638
1572	0.4077737927	0.4077737927	0	0	0	0.9572356939	0.8492322564	4.122339249
1573	0.4521196485	0.4521196485	0	0	0	0.9586443305	0.8489249945	4.122707367
1574	0.4811537266	0.4811537266	0	0	0	0.9587914348	0.8485585451	4.121962547
1575	0.5317413211	0.5317413211	0	0	0	0.9561486244	0.8421210051	4.121747971
1576	0.5448934436	0.5448934436	0	0	0	0.9534624815	0.8363713026	4.12173605
1577	0.5128561258	0.5128561258	0	0	0	0.9524565339	0.8361409307	4.121746063
1578	0.4745732844	0.4745732844	0	0	0	0.9498133659	0.8289202452	4.122028351
1579	0.4863615632	0.4863615632	0	0	0	0.954885304	0.84296453	4.122439861
1580	0.4814019501	0.4814019501	0	0	0	0.9568146467	0.8474365473	4.123038292
1581	0.4764670432	0.4764670432	0	0	0	0.9493923187	0.829634726	4.123378754
1582	0.494160831	0.494160831	0	0	0	0.95183599	0.8348107338	4.12255621
1583	0.5315953493	0.5315953493	0	0	0	0.9480356574	0.8274367452	4.122196674
1584	0.5457722545	0.5457722545	0	0	0	0.9469441175	0.8226675987	4.121789455
1585	0.5404407978	0.5404407978	0	0	0	0.9449483156	0.8226608038	4.121669292
1586	0.4929424524	0.4929424524	0	0	0	0.9418889284	0.8138995171	4.122211456
1587	0.5384876728	0.5384876728	0	0	0	0.9458172917	0.8272578716	4.122804642
1588	0.5325295925	0.5325295925	0	0	0	0.9475055933	0.8319462538	4.123023033
1589	0.5198286772	0.5198286772	0	0	0	0.945310235	0.8270540833	4.123286724
1590	0.5646721721	0.5646721721	0	0	0	0.9463533759	0.8307472467	4.122422218
1591	0.6019200087	0.6019200087	0	0	0	0.9430462718	0.8230611682	4.121965885
1592	0.5804314017	0.5804314017	0	0	0	0.9424783587	0.8186913729	4.121819496
1593	0.5745899677	0.5745899677	0	0	0	0.935319066	0.8115234375	4.121608734
1594	0.5254967213	0.5254967213	0	0	0	0.9396927953	0.8157585859	4.122817039
1595	0.5557310581	0.5557310581	0	0	0	0.9380637407	0.8222606182	4.12278986
1596	0.5512511134	0.5512511134	0	0	0	0.9379017353	0.8275281191	4.123217106
1597	0.5321383476	0.5321383476	0	0	0	0.9413793683	0.8250466585	4.123404026
1598	0.5500617027	0.5500617027	0	0	0	0.943765521	0.831474781	4.123093605
1599	0.5843160748	0.5843160748	0	0	0	0.9379605651	0.8256114721	4.122719288
1600	0.6013047099	0.6013047099	0	0	0	0.9333978295	0.8180051446	4.122734547
1601	0.6077179909	0.6077179909	0	0	0	0.9332395196	0.8196948171	4.122797012
1602	0.5629668236	0.5629668236	0	0	0	0.9264883399	0.8049917817	4.123090267
1603	0.5589693785	0.5589693785	0	0	0	0.9376205206	0.8242724538	4.123351097
1604	0.5587199926	0.5587199926	0	0	0	0.9355062842	0.8238263726	4.123435974
1605	0.5410372615	0.5410372615	0	0	0	0.9288644195	0.8101955652	4.123558044
1606	0.5776218176	0.5776218176	0	0	0	0.9376846552	0.8276100159	4.123457432
1607	0.6039202809	0.6039202809	0	0	0	0.9395426512	0.8301548958	4.12294817
1608	0.6073457599	0.6073457599	0	0	0	0.9307768941	0.8185265064	4.122927189
1609	0.6228170991	0.6228170991	0	0	0	0.9301216602	0.8170558214	4.122837543
1610	0.5662684441	0.5662684441	0	0	0	0.9270474315	0.8050793409	4.123205185
1611	0.5867911577	0.5867911577	0	0	0	0.932667315	0.8156561852	4.123408318
1612	0.5590834618	0.5590834618	0	0	0	0.9403346181	0.8253262043	4.123410702
1613	0.5204085112	0.5204085112	0	0	0	0.9376891851	0.8168064356	4.123455048
1614	0.5255138874	0.5255138874	0	0	0	0.9498006701	0.8394179344	4.123294353
1615	0.5503998995	0.5503998995	0	0	0	0.9478341937	0.8341799378	4.122905254
1616	0.5289105177	0.5289105177	0	0	0	0.9477180243	0.8334875703	4.123324394
1617	0.5277865529	0.5277865529	0	0	0	0.9480093718	0.8326204419	4.122675896
1618	0.5074878335	0.5074878335	0	0	0	0.9487351179	0.8291866779	4.123431683
1619	0.5204539299	0.5204539299	0	0	0	0.9520827532	0.8395457268	4.123383045
1620	0.5233114958	0.5233114958	0	0	0	0.9506354332	0.8405441046	4.123422146
1621	0.5253103971	0.5253103971	0	0	0	0.9513563514	0.8388581276	4.123498917
1622	0.5177508593	0.5177508593	0	0	0	0.9561330676	0.8506374359	4.123297215
1623	0.5350800753	0.5350800753	0	0	0	0.9505454302	0.8398455381	4.123279572
1624	0.5294134021	0.5294134021	0	0	0	0.9519684911	0.8393589854	4.123309135
1625	0.5361636877	0.5361636877	0	0	0	0.9498847723	0.8376860023	4.123340607
1626	0.5022341609	0.5022341609	0	0	0	0.9463579059	0.826541543	4.123431683
1627	0.5096974969	0.5096974969	0	0	0	0.9475770593	0.833386302	4.123475552
1628	0.5120209455	0.5120209455	0	0	0	0.9459676147	0.8313858509	4.123521328
1629	0.5068657994	0.5068657994	0	0	0	0.9415419698	0.8198238611	4.123579979
1630	0.5365290046	0.5365290046	0	0	0	0.9468227625	0.8351367712	4.123448849
1631	0.5443693995	0.5443693995	0	0	0	0.946059823	0.8310400844	4.123381615
1632	0.5207162499	0.5207162499	0	0	0	0.9450398684	0.8268916011	4.123455048
1633	0.516210258	0.516210258	0	0	0	0.9481110573	0.83304739	4.123355865
1634	0.4901944101	0.4901944101	0	0	0	0.9432683587	0.8190640807	4.123512745
1635	0.4937545359	0.4937545359	0	0	0	0.946152091	0.8267399073	4.123554707
1636	0.4998329282	0.4998329282	0	0	0	0.9434038997	0.8218380809	4.123547077
1637	0.4917525351	0.4917525351	0	0	0	0.9409244061	0.8154932857	4.123592377
1638	0.475110203	0.475110203	0	0	0	0.9463652372	0.8256188631	4.123454571
1639	0.4947469234	0.4947469234	0	0	0	0.9438683391	0.8175784349	4.123515606
1640	0.491217941	0.491217941	0	0	0	0.9359982014	0.7970305085	4.123925209
1641	0.4925581515	0.4925581515	0	0	0	0.9369376898	0.7994944453	4.123915195
1642	0.4857389927	0.4857389927	0	0	0	0.931014657	0.7853066325	4.124019623
1643	0.4814702868	0.4814702868	0	0	0	0.9344670177	0.7925912142	4.124102592
1644	0.4798235595	0.4798235595	0	0	0	0.9302272797	0.7836171985	4.124072552
1645	0.4720093012	0.4720093012	0	0	0	0.9238879085	0.7691991925	4.124063015
1646	0.4552233219	0.4552233219	0	0	0	0.9264191985	0.7728583813	4.124033451
1647	0.4629641473	0.4629641473	0	0	0	0.9244369268	0.7668923736	4.123999119
1648	0.460873425	0.460873425	0	0	0	0.901180923	0.7294477224	4.124424934
1649	0.4591079056	0.4591079056	0	0	0	0.9005519152	0.7299998403	4.124428272
1650	0.4557716846	0.4557716846	0	0	0	0.8947404027	0.7211828828	4.12449789
1651	0.4526352286	0.4526352286	0	0	0	0.8984863758	0.7263706326	4.124565601
1652	0.4511761963	0.4511761963	0	0	0	0.8867214918	0.7087346911	4.124564648
1653	0.444051981	0.444051981	0	0	0	0.8795915246	0.6971518397	4.124550819
1654	0.4379956424	0.4379956424	0	0	0	0.8802046776	0.6958066225	4.124520779
1655	0.4446130395	0.4446130395	0	0	0	0.8668782115	0.6766809821	4.12452364
1656	0.4473598003	0.4473598003	0	0	0	0.8326184154	0.6373230815	4.124750614
1657	0.4402638972	0.4402638972	0	0	0	0.9003132582	0.7305377126	4.124023914
1658	0.440181464	0.440181464	0	0	0	0.9122260809	0.7443652153	4.1241889
1659	0.4511750042	0.4511750042	0	0	0	0.9067054987	0.7344284654	4.124166965
1660	0.4384914637	0.4384914637	0	0	0	0.8967003822	0.7178766131	4.124256134
1661	0.4560628533	0.4560628533	0	0	0	0.9016878009	0.725456655	4.1241436
1662	0.4380091727	0.4380091727	0	0	0	0.9041635394	0.7297586799	4.124187946
1663	0.4280678034	0.4280678034	0	0	0	0.910486877	0.7418512702	4.124059677
1664	0.4152438343	0.4152438343	0	0	0	0.8808188438	0.6989876628	4.124513149
1665	0.4179015458	0.4179015458	0	0	0	0.9188207984	0.7581410408	4.124125004
1666	0.4287377298	0.4287377298	0	0	0	0.9362486005	0.7952631712	4.124164581
1667	0.4854027033	0.4854027033	0	0	0	0.9428632855	0.8106485009	4.124254704
1668	0.5265485048	0.5265485048	0	0	0	0.9371718168	0.8005608916	4.124184608
1669	0.5136922002	0.5136922002	0	0	0	0.9387412071	0.8039807081	4.124181271
1670	0.5800331831	0.5800331831	0	0	0	0.9364507794	0.7994576693	4.124111176
1671	0.51385355	0.51385355	0	0	0	0.9337757826	0.7933294177	4.124011993
1672	0.4947403371	0.4947403371	0	0	0	0.9192584157	0.7661682367	4.124547482
1673	0.4137279093	0.4137279093	0	0	0	0.9402529597	0.8071887493	4.124129295
1674	0.3559696078	0.3559696078	0	0	0	0.9437606335	0.8147934675	4.124205112
1675	0.342199862	0.342199862	0	0	0	0.9474544525	0.8222717047	4.124285221
1676	0.3293231428	0.3293231428	0	0	0	0.9420788884	0.8126174212	4.124293804
1677	0.3272284865	0.3272284865	0	0	0	0.9425064325	0.8127096891	4.124167919
1678	0.3436769843	0.3436769843	0	0	0	0.9459164739	0.8189811707	4.124201298
1679	0.3604573607	0.3604573607	0	0	0	0.9455792308	0.8174433708	4.124181271
1680	0.3862844706	0.3862844706	0	0	0	0.9258048534	0.7795731425	4.12466383
1681	0.35186553	0.35186553	0	0	0	0.9472091198	0.8210006952	4.124279499
1682	0.3288711309	0.3288711309	0	0	0	0.9435681105	0.8103694916	4.124097347
1683	0.2993246317	0.2993246317	0	0	0	0.9373101592	0.7963660359	4.124210358
1684	0.2821733952	0.2821733952	0	0	0	0.9307209253	0.7830378413	4.124245644
1685	0.2874695063	0.2874695063	0	0	0	0.9357615113	0.7931626439	4.124156952
1686	0.3027476668	0.3027476668	0	0	0	0.9302458167	0.7829695344	4.124224186
1687	0.3053864241	0.3053864241	0	0	0	0.9253293276	0.7736649513	4.124105453
1688	0.3170863092	0.3170863092	0	0	0	0.8965196013	0.7308407426	4.12455368
1689	0.2660295963	0.2660295963	0	0	0	0.937956214	0.7994648218	4.124131203
1690	0.2618067861	0.2618067861	0	0	0	0.9423389435	0.8085061908	4.124190331
1691	0.2495137453	0.2495137453	0	0	0	0.9431633949	0.8090128899	4.124147892
1692	0.2555162609	0.2555162609	0	0	0	0.9382333159	0.799200058	4.124088764
1693	0.2701702118	0.2701702118	0	0	0	0.9390286207	0.8042801619	4.124001026
1694	0.2799806595	0.2799806595	0	0	0	0.9417052269	0.8068588972	4.124123573
1695	0.3020275533	0.3020275533	0	0	0	0.939576745	0.8034489155	4.124034405
1696	0.3461306095	0.3461306095	0	0	0	0.9169496894	0.7606769204	4.12443018
1697	0.3216353953	0.3216353953	0	0	0	0.934099555	0.7930511236	4.124050617
1698	0.3276606202	0.3276606202	0	0	0	0.9318457842	0.7920393944	4.123981476
1699	0.2457167357	0.2457167357	0	0	0	0.9427515864	0.8089538813	4.124209881
1700	0.252278924	0.252278924	0	0	0	0.9364497662	0.7964243889	4.124163151
1701	0.2592054904	0.2592054904	0	0	0	0.9401649237	0.8055321574	4.124000549
1702	0.271089226	0.271089226	0	0	0	0.943197906	0.810644865	4.124063969
1703	0.2947599292	0.2947599292	0	0	0	0.9410744905	0.8079950213	4.12404108
1704	0.3277370036	0.3277370036	0	0	0	0.9232484698	0.7734810114	4.12452364
1705	0.3063284159	0.3063284159	0	0	0	0.9413602948	0.8078613281	4.12406683
1706	0.2868149877	0.2868149877	0	0	0	0.9473344684	0.8199957609	4.124056339
1707	0.2885231376	0.2885231376	0	0	0	0.9461859465	0.8174074292	4.12417078
1708	0.2794761062	0.2794761062	0	0	0	0.9384346008	0.8015452623	4.124173641
1709	0.3059839904	0.3059839904	0	0	0	0.9439128637	0.8151456714	4.123964787
1710	0.3050334454	0.3050334454	0	0	0	0.9472799897	0.8204249144	4.124027252
1711	0.3097370565	0.3097370565	0	0	0	0.9414960146	0.8085620403	4.124074459
1712	0.3395134509	0.3395134509	0	0	0	0.9228073359	0.7740181684	4.124524117
1713	0.3264861703	0.3264861703	0	0	0	0.9464756846	0.8183816075	4.124098778
1714	0.305005163	0.305005163	0	0	0	0.945602119	0.8171919584	4.124112606
1715	0.2537145317	0.2537145317	0	0	0	0.9515517354	0.8282443285	4.12405777
1716	0.2760771215	0.2760771215	0	0	0	0.9468836784	0.8187131286	4.12412405
1717	0.3094262779	0.3094262779	0	0	0	0.9465956688	0.8205423951	4.123986244
1718	0.3062389493	0.3062389493	0	0	0	0.9497420192	0.8252621889	4.124091148
1719	0.3228165209	0.3228165209	0	0	0	0.9445053339	0.8143622875	4.124115944
1720	0.3533220887	0.3533220887	0	0	0	0.9286692739	0.7835526466	4.124600887
1721	0.3301444352	0.3301444352	0	0	0	0.9430444837	0.8108879328	4.124164581
1722	0.3021095097	0.3021095097	0	0	0	0.9458888769	0.8167260289	4.124157429
1723	0.2749317586	0.2749317586	0	0	0	0.9481395483	0.8200969696	4.124187469
1724	0.3053794503	0.3053794503	0	0	0	0.9401906133	0.8045139313	4.124217987
1725	0.3167750835	0.3167750835	0	0	0	0.9404692054	0.8067335486	4.124036312
1726	0.30173406	0.30173406	0	0	0	0.9489712715	0.823340714	4.124018192
1727	0.342331022	0.342331022	0	0	0	0.939560771	0.8047148585	4.124215126
1728	0.3761708438	0.3761708438	0	0	0	0.9246855974	0.7764053345	4.124627113
1729	0.3509674966	0.3509674966	0	0	0	0.9389074445	0.8028980494	4.124139309
1730	0.3319517672	0.3319517672	0	0	0	0.9426912665	0.8098017573	4.124181271
1731	0.3058131039	0.3058131039	0	0	0	0.9459372163	0.8152172565	4.124201298
1732	0.3295162618	0.3295162618	0	0	0	0.9391018748	0.8023658991	4.124132156
1733	0.3302258551	0.3302258551	0	0	0	0.944082737	0.814680934	4.12403965
1734	0.3336307108	0.3336307108	0	0	0	0.9470597506	0.8210314512	4.124001026
1735	0.3631960154	0.3631960154	0	0	0	0.9455391169	0.8182352781	4.124168873
1736	0.3569621444	0.3569621444	0	0	0	0.9477469921	0.8224751353	4.124213696
1737	0.2969829142	0.2969829142	0	0	0	0.9561517835	0.8402215242	4.123632431
1738	0.2762014866	0.2762014866	0	0	0	0.9546071887	0.8360049725	4.123615742
1739	0.2728307843	0.2728307843	0	0	0	0.9559540749	0.8388692141	4.123558998
1740	0.2965133488	0.2965133488	0	0	0	0.9531669617	0.8334271312	4.123566151
1741	0.3307615817	0.3307615817	0	0	0	0.9555084705	0.8422712684	4.123523712
1742	0.3697067499	0.3697067499	0	0	0	0.9602910876	0.8538508415	4.123402596
1743	0.4037016034	0.4037016034	0	0	0	0.9580544233	0.8478636742	4.123486042
1744	0.4177789092	0.4177789092	0	0	0	0.9579812288	0.8467704058	4.123663425
1745	0.4099804163	0.4099804163	0	0	0	0.9584378004	0.8470592499	4.123604298
1746	0.4260974228	0.4260974228	0	0	0	0.9525523186	0.8314765692	4.123458862
1747	0.4300035834	0.4300035834	0	0	0	0.9561972618	0.8392084837	4.123406887
1748	0.4356155396	0.4356155396	0	0	0	0.9523898363	0.8322256207	4.123617649
1749	0.433016181	0.433016181	0	0	0	0.9545186162	0.8392637968	4.123609066
1750	0.4270786941	0.4270786941	0	0	0	0.9586577415	0.8512625694	4.123497009
1751	0.4362262189	0.4362262189	0	0	0	0.9580955505	0.8494170904	4.12353611
1752	0.4527797103	0.4527797103	0	0	0	0.958333075	0.8498920202	4.123562336
1753	0.4583077133	0.4583077133	0	0	0	0.9578222632	0.8490694761	4.123534203
1754	0.4763026536	0.4763026536	0	0	0	0.9543886781	0.8392222524	4.12344408
1755	0.4893951416	0.4893951416	0	0	0	0.9563723207	0.8441254497	4.123348236
1756	0.4956400692	0.4956400692	0	0	0	0.9534775019	0.8362724781	4.1235466
1757	0.5134563446	0.5134563446	0	0	0	0.9542964697	0.8406609893	4.123547554
1758	0.5147287846	0.5147287846	0	0	0	0.9575497508	0.8478597999	4.123475552
1759	0.5404632092	0.5404632092	0	0	0	0.9562228322	0.8443490863	4.123391151
1760	0.5568739772	0.5568739772	0	0	0	0.9558310509	0.8420578837	4.123935699
1761	0.5387763977	0.5387763977	0	0	0	0.9571269155	0.8444250226	4.123719215
1762	0.5612958074	0.5612958074	0	0	0	0.9511988759	0.8301868439	4.123328209
1763	0.6089287996	0.6089287996	0	0	0	0.9551619291	0.8407158852	4.123370171
1764	0.6964213252	0.6964213252	0	0	0	0.9517772198	0.8332394958	4.123355389
1765	0.7919764519	0.7919764519	0	0	0	0.9535194635	0.839912951	4.12326622
1766	0.8498687744	0.8498687744	0	0	0	0.9552971125	0.8436263204	4.123064041
1767	0.9010990858	0.9010990858	0	0	0	0.9515037537	0.8330998421	4.123155117
1768	0.9484277368	0.9484277368	0	0	0	0.9504309893	0.8306570649	4.123554707
1769	0.911336422	0.911336422	0	0	0	0.9493975043	0.8285343647	4.123366833
1770	0.9340556264	0.9340556264	0	0	0	0.9466491938	0.82212919	4.123409748
1771	0.9262612462	0.9262612462	0	0	0	0.9465297461	0.8224747777	4.123270035
1772	0.9733697772	0.9733697772	0	0	0	0.9409723878	0.8112957478	4.123470306
1773	0.9613654017	0.9613654017	0	0	0	0.9402216673	0.810151875	4.12351799
1774	1.013929963	1.013929963	0	0	0	0.9468542933	0.8249712586	4.123383522
1775	0.9658591747	0.9658591747	0	0	0	0.9438759089	0.815474987	4.123246193
1776	0.926414609	0.926414609	0	0	0	0.9430530071	0.8134484291	4.123612404
1777	0.9319058657	0.9319058657	0	0	0	0.9429858327	0.8166543841	4.123537064
1778	1.00561595	1.00561595	0	0	0	0.9426761866	0.8159578443	4.123496056
1779	0.9923716784	0.9923716784	0	0	0	0.9442306757	0.819411695	4.123504162
1780	1.035371065	1.035371065	0	0	0	0.93835783	0.8076022863	4.123472691
1781	1.048559666	1.048559666	0	0	0	0.9415220618	0.8121058941	4.123534679
1782	1.017645121	1.017645121	0	0	0	0.944413662	0.8186933398	4.123459816
1783	1.020799994	1.020799994	0	0	0	0.9439683557	0.814740777	4.123028278
1784	0.9860525727	0.9860525727	0	0	0	0.9464362264	0.8223522902	4.123269558
1785	0.9413249493	0.9413249493	0	0	0	0.9450690746	0.820156455	4.123125076
1786	0.9098395109	0.9098395109	0	0	0	0.9482262135	0.829313457	4.123127937
1787	0.9990790486	0.9990790486	0	0	0	0.9468357563	0.8288931847	4.122961998
1788	1.013030171	1.013030171	0	0	0	0.9420825243	0.8174878359	4.122946739
1789	1.08434999	1.08434999	0	0	0	0.945294857	0.8261544108	4.123322487
1790	1.183540821	1.183540821	0	0	0	0.9482912421	0.8301776648	4.122882843
1791	1.234627843	1.234627843	0	0	0	0.9448701739	0.8194288611	4.122806549
1792	1.262198806	1.262198806	0	0	0	0.9488019347	0.8347969055	4.123281002
1793	1.196263313	1.196263313	0	0	0	0.9460818768	0.827278018	4.122997284
1794	1.257504582	1.257504582	0	0	0	0.9501681328	0.8337000012	4.123330116
1795	1.207033277	1.207033277	0	0	0	0.9509186745	0.8365537524	4.123147011
1796	1.258008361	1.258008361	0	0	0	0.9473446608	0.8295107484	4.123133183
1797	1.261893988	1.261893988	0	0	0	0.9430364966	0.8187470436	4.1230793
1798	1.29663837	1.29663837	0	0	0	0.9506353736	0.8374283314	4.122984886
1799	1.267858505	1.267858505	0	0	0	0.9494185448	0.8332505822	4.122976303
1800	1.223442793	1.223442793	0	0	0	0.9500439763	0.8373097777	4.123395443
1801	1.23448348	1.23448348	0	0	0	0.9484575987	0.8361960053	4.123350143
1802	1.293465257	1.293465257	0	0	0	0.9483129382	0.8349919915	4.123101711
1803	1.277042627	1.277042627	0	0	0	0.9445409179	0.8275205493	4.12348938
1804	1.346032143	1.346032143	0	0	0	0.940739572	0.8175688386	4.123413086
1805	1.337561607	1.337561607	0	0	0	0.940149188	0.8177371025	4.123498917
1806	1.324403286	1.324403286	0	0	0	0.9434159398	0.8264046907	4.123053074
1807	1.400280237	1.400280237	0	0	0	0.940764308	0.8200054169	4.123047829
1808	1.339587331	1.339587331	0	0	0	0.9495590925	0.8366553187	4.123304367
1809	1.32171762	1.32171762	0	0	0	0.9495692253	0.8421009779	4.12341404
1810	1.374529362	1.374529362	0	0	0	0.9461138844	0.8306895494	4.123233318
1811	1.376594186	1.376594186	0	0	0	0.9435563684	0.8260552287	4.123122215
1812	1.50775075	1.50775075	0	0	0	0.9441395998	0.8255461454	4.123152256
1813	1.608848929	1.608848929	0	0	0	0.943687737	0.8248804808	4.123448849
1814	1.638093829	1.638093829	0	0	0	0.945445478	0.8270010352	4.123229504
1815	1.734131932	1.734131932	0	0	0	0.9458687305	0.8246490955	4.12293911
1816	1.737586021	1.737586021	0	0	0	0.9472765326	0.829957664	4.123508453
1817	1.704027772	1.704027772	0	0	0	0.9447347522	0.8288246393	4.123511791
1818	1.777662158	1.777662158	0	0	0	0.9472140074	0.8324357867	4.123520851
1819	1.732314825	1.732314825	0	0	0	0.9486096501	0.8369222283	4.123389244
1820	1.796003461	1.796003461	0	0	0	0.9443942308	0.8283148408	4.123128414
1821	1.783824921	1.783824921	0	0	0	0.9405218959	0.8152453899	4.123342991
1822	1.809147477	1.809147477	0	0	0	0.9466568232	0.8278121948	4.123332977
1823	1.833987474	1.833987474	0	0	0	0.9488169551	0.8280156255	4.123245716
1824	1.758815527	1.758815527	0	0	0	0.9473996758	0.8278050423	4.12338829
1825	1.73766768	1.73766768	0	0	0	0.9454508424	0.8269266486	4.123447418
1826	1.871778965	1.871778965	0	0	0	0.9464028478	0.8295768499	4.123375416
1827	1.767503977	1.767503977	0	0	0	0.9419299364	0.8212637305	4.123373508
1828	1.838419795	1.838419795	0	0	0	0.9430507421	0.8221110106	4.123160362
1829	1.814947248	1.814947248	0	0	0	0.93936795	0.8090839386	4.123476505
1830	1.83581686	1.83581686	0	0	0	0.9435995221	0.8159755468	4.123491764
1831	1.924929976	1.924929976	0	0	0	0.9433516264	0.8114878535	4.123076916
1832	1.790974617	1.790974617	0	0	0	0.9444954395	0.8152675629	4.123455524
1833	1.762551069	1.762551069	0	0	0	0.9423795342	0.8181454539	4.123401642
1834	1.731141925	1.731141925	0	0	0	0.9508638978	0.8391496539	4.123296261
1835	1.609072328	1.609072328	0	0	0	0.9496400952	0.8386287689	4.123216629
1836	1.592335343	1.592335343	0	0	0	0.949031353	0.838880837	4.123038292
1837	1.647433281	1.647433281	0	0	0	0.9472182393	0.8325394988	4.123368263
1838	1.702503562	1.702503562	0	0	0	0.9484025836	0.8333259821	4.123060226
1839	1.75740993	1.75740993	0	0	0	0.9516804814	0.8393310308	4.123066425
1840	1.715586305	1.715586305	0	0	0	0.9535706043	0.8427782655	4.123151302
1841	1.756970167	1.756970167	0	0	0	0.9568987489	0.8543170094	4.123253822
1842	1.832668543	1.832668543	0	0	0	0.9594388604	0.8578528166	4.123206139
1843	1.806019783	1.806019783	0	0	0	0.9589124322	0.8568665385	4.123155594
1844	1.882677317	1.882677317	0	0	0	0.9599813819	0.8581893444	4.123019695
1845	1.854158282	1.854158282	0	0	0	0.960297823	0.8559983373	4.123177052
1846	1.789479613	1.789479613	0	0	0	0.9607397914	0.8591669202	4.123147488
1847	1.81746161	1.81746161	0	0	0	0.9623503089	0.8646420836	4.123056889
1848	1.797950983	1.797950983	0	0	0	0.963285923	0.8640483022	4.123168945
1849	1.782664537	1.782664537	0	0	0	0.9612272978	0.8590872884	4.123004436
1850	1.801761985	1.801761985	0	0	0	0.9597898126	0.8554434776	4.12304163
1851	1.762621164	1.762621164	0	0	0	0.9581243396	0.852032423	4.122844696
1852	1.77536869	1.77536869	0	0	0	0.9573839307	0.8502783775	4.12305975
1853	1.799237013	1.799237013	0	0	0	0.9569514394	0.8472283483	4.123219013
1854	1.74074626	1.74074626	0	0	0	0.9577402472	0.8480706811	4.122978687
1855	1.721022487	1.721022487	0	0	0	0.9550105333	0.8416933417	4.123066425
1856	1.661087751	1.661087751	0	0	0	0.9541436434	0.8398991823	4.12322998
1857	1.644917488	1.644917488	0	0	0	0.9515169859	0.8365371227	4.123389244
1858	1.587294221	1.587294221	0	0	0	0.9528224468	0.8357964754	4.123151302
1859	1.524416208	1.524416208	0	0	0	0.9384641051	0.805011034	4.123182774
1860	1.502839446	1.502839446	0	0	0	0.9071875215	0.7610048056	4.123027802
1861	1.474122524	1.474122524	0	0	0	0.9184660912	0.7738986015	4.123315334
1862	1.394888639	1.394888639	0	0	0	0.9019604921	0.7532898784	4.122652054
1863	1.330859542	1.330859542	0	0	0	0.9089620709	0.7602059245	4.12243557
1864	1.295357347	1.295357347	0	0	0	0.9269991517	0.7860173583	4.122615814
1865	1.247416496	1.247416496	0	0	0	0.948772788	0.8361649513	4.122473717
1866	1.239113688	1.239113688	0	0	0	0.9460024238	0.8287835717	4.122701168
1867	1.235935926	1.235935926	0	0	0	0.9451080561	0.8281322718	4.122832298
1868	1.254171729	1.254171729	0	0	0	0.9479336739	0.8324053884	4.123088837
1869	1.24798131	1.24798131	0	0	0	0.9464880824	0.8316659331	4.12319994
1870	1.247581124	1.247581124	0	0	0	0.9456889629	0.82985425	4.12293911
1871	1.248578906	1.248578906	0	0	0	0.93501091	0.8145830035	4.122635365
1872	1.235563517	1.235563517	0	0	0	0.9427660704	0.8241716027	4.122673988
1873	1.252428293	1.252428293	0	0	0	0.9450437427	0.8325448632	4.122588158
1874	1.275500178	1.275500178	0	0	0	0.9471407533	0.830757618	4.12288475
1875	1.265696406	1.265696406	0	0	0	0.9448326826	0.8288378119	4.122975826
1876	1.299529791	1.299529791	0	0	0	0.9458993077	0.831446588	4.123234749
1877	1.29902339	1.29902339	0	0	0	0.9508063793	0.8387954235	4.123309612
1878	1.284102798	1.284102798	0	0	0	0.9461185932	0.831504941	4.123019218
1879	1.289208412	1.289208412	0	0	0	0.9410339594	0.8227875829	4.122693539
1880	1.277371764	1.277371764	0	0	0	0.9402765632	0.8195737004	4.122241974
1881	1.303160667	1.303160667	0	0	0	0.9452682734	0.8296340108	4.122668743
1882	1.291752219	1.291752219	0	0	0	0.9467029572	0.8264335394	4.122731209
1883	1.267047048	1.267047048	0	0	0	0.9391362071	0.8152515888	4.122591019
1884	1.223882437	1.223882437	0	0	0	0.9332591295	0.8064290881	4.122634888
1885	1.179919958	1.179919958	0	0	0	0.9366290569	0.8082743883	4.123041153
1886	1.171066165	1.171066165	0	0	0	0.9414707422	0.8193475604	4.122479439
1887	1.190980315	1.190980315	0	0	0	0.9397029877	0.8171498179	4.122148991
1888	1.200430274	1.200430274	0	0	0	0.9392710328	0.8223897219	4.122166157
1889	1.123232484	1.123232484	0	0	0	0.9385764003	0.8245936036	4.121709347
1890	1.100868583	1.100868583	0	0	0	0.9478794932	0.8367640376	4.122054577
1891	1.084400535	1.084400535	0	0	0	0.9449805021	0.8348064423	4.122115135
1892	1.06916666	1.06916666	0	0	0	0.9468274117	0.8412060738	4.122806072
1893	1.06125021	1.06125021	0	0	0	0.9431851506	0.8299425244	4.12259531
1894	1.057993054	1.057993054	0	0	0	0.9457168579	0.8328932524	4.122193336
1895	1.063281059	1.063281059	0	0	0	0.9407483935	0.8241260052	4.121953487
1896	1.068507791	1.068507791	0	0	0	0.9428116083	0.8294743299	4.121897221
1897	1.063223958	1.063223958	0	0	0	0.9427346587	0.8316304088	4.121735573
1898	1.037078381	1.037078381	0	0	0	0.9452851415	0.8324040174	4.121856213
1899	1.040551305	1.040551305	0	0	0	0.9490337372	0.8378511071	4.122014523
1900	1.017952561	1.017952561	0	0	0	0.9391961694	0.8291558027	4.122625828
1901	1.009787202	1.009787202	0	0	0	0.940700531	0.8272457123	4.122936249
1902	1.003710389	1.003710389	0	0	0	0.9372225404	0.8167696595	4.122095108
1903	0.9899763465	0.9899763465	0	0	0	0.9276894927	0.7959470153	4.121725082
1904	0.9650873542	0.9650873542	0	0	0	0.9328900576	0.8007212877	4.121751308
1905	0.9560302496	0.9560302496	0	0	0	0.9336634278	0.8132641912	4.121910095
1906	0.9465780854	0.9465780854	0	0	0	0.9370389581	0.8183162212	4.12190485
1907	0.9563964009	0.9563964009	0	0	0	0.9367175102	0.8199204803	4.121968746
1908	0.9605728388	0.9605728388	0	0	0	0.9292078614	0.8098170161	4.122150421
1909	0.9546976686	0.9546976686	0	0	0	0.932121098	0.8095400929	4.122175217
1910	0.964627564	0.964627564	0	0	0	0.930691123	0.8030719757	4.121828079
1911	0.9769960046	0.9769960046	0	0	0	0.9239789844	0.7869540453	4.121585846
1912	1.035022378	1.035022378	0	0	0	0.9347509742	0.804084301	4.121376514
1913	0.9706686735	0.9706686735	0	0	0	0.9318327904	0.8087938428	4.121317387
1914	0.9198938012	0.9198938012	0	0	0	0.9400439262	0.8210690022	4.121498585
1915	0.9083397388	0.9083397388	0	0	0	0.9397956133	0.8224790692	4.121473789
1916	0.9162920117	0.9162920117	0	0	0	0.942645669	0.8293425441	4.122033596
1917	0.9221406579	0.9221406579	0	0	0	0.9412836432	0.8214361072	4.122183323
1918	0.9325693846	0.9325693846	0	0	0	0.9418385625	0.8190857768	4.121695042
1919	0.957342267	0.957342267	0	0	0	0.9440826178	0.8208021522	4.121401787
1920	0.9780772924	0.9780772924	0	0	0	0.9459320903	0.8238168359	4.121367931
1921	0.9628828764	0.9628828764	0	0	0	0.9465890527	0.8286684155	4.121359825
1922	0.9397476912	0.9397476912	0	0	0	0.9502981901	0.8397949934	4.121746063
1923	0.9192503691	0.9192503691	0	0	0	0.9534423351	0.8461238146	4.122029781
1924	0.910353899	0.910353899	0	0	0	0.9497112036	0.8447967768	4.12228775
1925	0.9292227626	0.9292227626	0	0	0	0.9497590065	0.8390768766	4.122447968
1926	0.9854841828	0.9854841828	0	0	0	0.94944942	0.8359977007	4.121605873
1927	0.9700388908	0.9700388908	0	0	0	0.9500445127	0.8331207037	4.121471405
1928	1.045849085	1.045849085	0	0	0	0.9528337121	0.8358362317	4.12125349
1929	0.9881040454	0.9881040454	0	0	0	0.9523593187	0.8404684663	4.121413708
1930	0.9753152728	0.9753152728	0	0	0	0.954975605	0.8445814252	4.121510029
1931	0.949409008	0.949409008	0	0	0	0.9542804956	0.8467556834	4.121493816
1932	0.8814060688	0.8814060688	0	0	0	0.9478631616	0.8413252831	4.121656418
1933	0.8361896276	0.8361896276	0	0	0	0.9448472857	0.8309280872	4.121741295
1934	0.839823246	0.839823246	0	0	0	0.9433232546	0.8262672424	4.12142849
1935	0.8405330181	0.8405330181	0	0	0	0.939712882	0.8196229339	4.121283531
1936	0.9127767682	0.9127767682	0	0	0	0.9476980567	0.8327492476	4.121180534
1937	0.778095603	0.778095603	0	0	0	0.9421395659	0.826362133	4.121245861
1938	0.8364616632	0.8364616632	0	0	0	0.9499400854	0.8428716063	4.121436596
1939	0.7843648195	0.7843648195	0	0	0	0.9529630542	0.8469179273	4.121514797
1940	0.7279196382	0.7279196382	0	0	0	0.9527236223	0.8480414152	4.121803284
1941	0.7259292603	0.7259292603	0	0	0	0.9543276429	0.8443245888	4.1219244
1942	0.7409497499	0.7409497499	0	0	0	0.9536408186	0.8416081667	4.121509552
1943	0.7942319512	0.7942319512	0	0	0	0.9527650476	0.8386737108	4.121184826
1944	0.8244065642	0.8244065642	0	0	0	0.9559370875	0.8457925916	4.121089935
1945	0.8514230847	0.8514230847	0	0	0	0.9567052722	0.8483732343	4.12121582
1946	0.8469531536	0.8469531536	0	0	0	0.9615269899	0.8589323759	4.121564388
1947	0.8724481463	0.8724481463	0	0	0	0.9619343281	0.8591105342	4.121761322
1948	0.7865352631	0.7865352631	0	0	0	0.9582720995	0.8555258512	4.122130394
1949	0.831381321	0.831381321	0	0	0	0.9583409429	0.8502402306	4.122248173
1950	0.8769024611	0.8769024611	0	0	0	0.9560822248	0.8455987573	4.121397495
1951	0.8834521174	0.8834521174	0	0	0	0.9529073834	0.8369622231	4.121086597
1952	0.9130521417	0.9130521417	0	0	0	0.9587317109	0.8488152623	4.121061325
1953	0.9027199745	0.9027199745	0	0	0	0.9617365003	0.8577298522	4.121070862
1954	0.8275996447	0.8275996447	0	0	0	0.9602625966	0.8553496003	4.121331692
1955	0.864738822	0.864738822	0	0	0	0.9611791968	0.856670022	4.121139526
1956	0.8313983679	0.8313983679	0	0	0	0.9610660076	0.8591982722	4.121649742
1957	0.8293693066	0.8293693066	0	0	0	0.959444344	0.8526408672	4.121764183
1958	0.8117541075	0.8117541075	0	0	0	0.9569795728	0.8457194567	4.121123314
1959	0.8445323706	0.8445323706	0	0	0	0.9551987648	0.8412508965	4.120942593
1960	0.8127470613	0.8127470613	0	0	0	0.9608469605	0.8548409343	4.121193886
1961	0.8162258863	0.8162258863	0	0	0	0.9596380591	0.8524303436	4.121085167
1962	0.7873316407	0.7873316407	0	0	0	0.959236145	0.8525607586	4.121435642
1963	0.8053521514	0.8053521514	0	0	0	0.9625893831	0.8598750234	4.121330261
1964	0.7861431837	0.7861431837	0	0	0	0.9619861841	0.8613874316	4.121973515
1965	0.753228426	0.753228426	0	0	0	0.95742625	0.8487247229	4.121865749
1966	0.7620665431	0.7620665431	0	0	0	0.9586700201	0.8503931761	4.121524811
1967	0.7448277473	0.7448277473	0	0	0	0.9543070793	0.8420782685	4.121034145
1968	0.7477073669	0.7477073669	0	0	0	0.960290432	0.855057478	4.121219158
1969	0.7535706758	0.7535706758	0	0	0	0.9595992565	0.8506444097	4.121082306
1970	0.669339776	0.669339776	0	0	0	0.9581590295	0.8505176306	4.121388912
1971	0.679171145	0.679171145	0	0	0	0.9609286189	0.8558481336	4.121632099
1972	0.639316678	0.639316678	0	0	0	0.9593180418	0.8561521173	4.122199059
1973	0.6339400411	0.6339400411	0	0	0	0.9573959112	0.8483689427	4.122425079
1974	0.6561980844	0.6561980844	0	0	0	0.957108438	0.8449937701	4.121769905
1975	0.6554484367	0.6554484367	0	0	0	0.9516518116	0.8308548927	4.121309757
1976	0.6411924958	0.6411924958	0	0	0	0.9551997185	0.8361646533	4.121324062
1977	0.5839572549	0.5839572549	0	0	0	0.9567036629	0.8459355235	4.121658802
1978	0.6269189119	0.6269189119	0	0	0	0.9603018761	0.8540796638	4.121904373
1979	0.5702006817	0.5702006817	0	0	0	0.9574728608	0.8508139253	4.122010708
1980	0.5475553274	0.5475553274	0	0	0	0.9535092115	0.8466641307	4.122363567
1981	0.5277189016	0.5277189016	0	0	0	0.9467440844	0.8319069147	4.122419834
1982	0.5280354023	0.5280354023	0	0	0	0.9451444745	0.8297554851	4.121911049
1983	0.532060504	0.532060504	0	0	0	0.9385524988	0.8160174489	4.121448517
1984	0.5419970155	0.5419970155	0	0	0	0.937487185	0.8169074059	4.121578693
1985	0.514505744	0.514505744	0	0	0	0.9346689582	0.8139001131	4.121613026
1986	0.5189961195	0.5189961195	0	0	0	0.925852716	0.8068185449	4.121799469
1987	0.4990762174	0.4990762174	0	0	0	0.9374847412	0.8202751875	4.122114182
1988	0.4911179245	0.4911179245	0	0	0	0.9375693798	0.8229407072	4.122552872
1989	0.4831842184	0.4831842184	0	0	0	0.940092206	0.8189234734	4.122643471
1990	0.4889305532	0.4889305532	0	0	0	0.9358253479	0.8150938749	4.122083187
1991	0.5015440583	0.5015440583	0	0	0	0.934430182	0.8091252446	4.121748924
1992	0.5100859404	0.5100859404	0	0	0	0.9371140003	0.813888073	4.121765137
1993	0.5167673826	0.5167673826	0	0	0	0.9357901216	0.8163866997	4.12203598
1994	0.5262122154	0.5262122154	0	0	0	0.936314106	0.8178694844	4.122517109
1995	0.5376240611	0.5376240611	0	0	0	0.9349102974	0.8172895312	4.122537136
1996	0.5189902782	0.5189902782	0	0	0	0.9369719625	0.8212727308	4.122714996
1997	0.5285225511	0.5285225511	0	0	0	0.9366588593	0.8151745796	4.122661591
1998	0.5423992872	0.5423992872	0	0	0	0.9345774055	0.8145343065	4.122501373
1999	0.544957459	0.544957459	0	0	0	0.937514782	0.8116506934	4.121789932
2000	0.534620285	0.534620285	0	0	0	0.942620337	0.8189511895	4.12162447
2001	0.5467578173	0.5467578173	0	0	0	0.9433736205	0.8261885047	4.122032166
2002	0.5744116306	0.5744116306	0	0	0	0.9432938695	0.8240677118	4.121822834
2003	0.6259524822	0.6259524822	0	0	0	0.9394782186	0.8204966784	4.121860027
2004	0.5996704102	0.5996704102	0	0	0	0.9369271398	0.8228197694	4.122070789
2005	0.5743556619	0.5743556619	0	0	0	0.9336493611	0.8146461248	4.122352123
2006	0.5454469323	0.5454469323	0	0	0	0.9300370812	0.8086697459	4.121788979
2007	0.5422250628	0.5422250628	0	0	0	0.9266721606	0.8018785119	4.121500969
2008	0.5223326683	0.5223326683	0	0	0	0.9346561432	0.8168432117	4.121823788
2009	0.5109806061	0.5109806061	0	0	0	0.9333222508	0.8162285089	4.121779442
2010	0.4750002921	0.4750002921	0	0	0	0.9351236224	0.8197583556	4.121783257
2011	0.4897503257	0.4897503257	0	0	0	0.9327211976	0.8183894157	4.121993065
2012	0.4406846762	0.4406846762	0	0	0	0.9324503541	0.8202900887	4.122366905
2013	0.4187521338	0.4187521338	0	0	0	0.9328918457	0.8140126467	4.122550488
2014	0.4337471426	0.4337471426	0	0	0	0.9324849248	0.8097469807	4.12176466
2015	0.4871855378	0.4871855378	0	0	0	0.9290625453	0.8055307269	4.121459961
2016	0.4516687989	0.4516687989	0	0	0	0.934986949	0.8132924438	4.121520042
2017	0.4846817255	0.4846817255	0	0	0	0.9332096577	0.817296505	4.121694088
2018	0.4681068659	0.4681068659	0	0	0	0.9334713817	0.8158841729	4.12158823
2019	0.4911955297	0.4911955297	0	0	0	0.9316157103	0.8122105598	4.121850491
2020	0.4378631115	0.4378631115	0	0	0	0.9322291017	0.8155377507	4.122263432
2021	0.4159006476	0.4159006476	0	0	0	0.9315423369	0.8121894002	4.12272501
2022	0.4638648331	0.4638648331	0	0	0	0.9287116528	0.804664433	4.12233448
2023	0.4572558105	0.4572558105	0	0	0	0.9328442812	0.8034474254	4.121393204
2024	0.4055558145	0.4055558145	0	0	0	0.9380763769	0.8173968792	4.122038364
2025	0.4114335775	0.4114335775	0	0	0	0.9405368567	0.8209058046	4.121528625
2026	0.4167712033	0.4167712033	0	0	0	0.9438401461	0.8282181025	4.12212038
2027	0.4237779081	0.4237779081	0	0	0	0.9483918548	0.833014071	4.122311115
2028	0.3720207214	0.3720207214	0	0	0	0.9449703693	0.8312327266	4.122948647
2029	0.3691706359	0.3691706359	0	0	0	0.9431705475	0.8236125112	4.123017311
2030	0.3736705184	0.3736705184	0	0	0	0.9463256598	0.8257904053	4.122490883
2031	0.3938308358	0.3938308358	0	0	0	0.944429934	0.8202530146	4.122516155
2032	0.3460775912	0.3460775912	0	0	0	0.9437699318	0.8239388466	4.122659683
2033	0.3389897048	0.3389897048	0	0	0	0.9435077906	0.8272547722	4.122904301
2034	0.351319313	0.351319313	0	0	0	0.9472228289	0.8321223259	4.122352123
2035	0.3433245122	0.3433245122	0	0	0	0.9499943852	0.8359012604	4.122942448
2036	0.3210882545	0.3210882545	0	0	0	0.9477369189	0.8336591125	4.123354435
2037	0.3158002496	0.3158002496	0	0	0	0.9445601106	0.8248275518	4.123360634
2038	0.3148506582	0.3148506582	0	0	0	0.9446932673	0.8233467937	4.12314558
2039	0.3445560932	0.3445560932	0	0	0	0.9458771944	0.8266790509	4.122527122
2040	0.3316738904	0.3316738904	0	0	0	0.9496259093	0.8348546028	4.122498512
2041	0.3292547166	0.3292547166	0	0	0	0.9513388872	0.8390898705	4.122648239
2042	0.314483881	0.314483881	0	0	0	0.950607121	0.8355933428	4.122513771
2043	0.3162562251	0.3162562251	0	0	0	0.9536377192	0.8421677351	4.122928619
2044	0.2936326861	0.2936326861	0	0	0	0.9515663981	0.8411998749	4.123225689
2045	0.3168050647	0.3168050647	0	0	0	0.9491518736	0.8352406025	4.123290062
2046	0.323562026	0.323562026	0	0	0	0.9464900494	0.8254894018	4.122818947
2047	0.329836458	0.329836458	0	0	0	0.9428119659	0.8167359233	4.122488976
2048	0.2975857258	0.2975857258	0	0	0	0.9439132214	0.8178288341	4.122315407
2049	0.2973432541	0.2973432541	0	0	0	0.9500751495	0.8351197839	4.123054981
2050	0.2721218467	0.2721218467	0	0	0	0.9520289302	0.8406137824	4.122852802
2051	0.2954653203	0.2954653203	0	0	0	0.9540019035	0.8437775373	4.122951031
2052	0.2777008414	0.2777008414	0	0	0	0.9532160759	0.8439965844	4.123276711
2053	0.3234802485	0.3234802485	0	0	0	0.9555232525	0.848302722	4.123326778
2054	0.3118083477	0.3118083477	0	0	0	0.9551266432	0.8425849676	4.123003483
2055	0.3348945379	0.3348945379	0	0	0	0.9540521502	0.8391404748	4.122810841
2056	0.3206023276	0.3206023276	0	0	0	0.9532729387	0.8417627215	4.122915745
2057	0.3059201837	0.3059201837	0	0	0	0.9484724998	0.8325805664	4.122880936
2058	0.2837265134	0.2837265134	0	0	0	0.9550000429	0.8424860835	4.122628212
2059	0.3002357781	0.3002357781	0	0	0	0.960924983	0.8537689447	4.122842312
2060	0.2777051926	0.2777051926	0	0	0	0.9596155882	0.8530216217	4.123222351
2061	0.2936123908	0.2936123908	0	0	0	0.9550009966	0.8410632014	4.123406887
2062	0.3201946616	0.3201946616	0	0	0	0.9534423351	0.8385157585	4.123102665
2063	0.3628345132	0.3628345132	0	0	0	0.9553259015	0.8403259516	4.122680664
2064	0.3173654974	0.3173654974	0	0	0	0.9576256871	0.8445518017	4.122890949
2065	0.3283815384	0.3283815384	0	0	0	0.9589869976	0.848813653	4.122867584
2066	0.3065750897	0.3065750897	0	0	0	0.960909605	0.8528601527	4.122812748
2067	0.3446458578	0.3446458578	0	0	0	0.9641135931	0.8597797155	4.123027802
2068	0.3481347561	0.3481347561	0	0	0	0.96409899	0.8605653048	4.123253345
2069	0.3707224131	0.3707224131	0	0	0	0.9640240669	0.8593375087	4.123326778
2070	0.3684443533	0.3684443533	0	0	0	0.9639502168	0.8580710888	4.123278141
2071	0.4029154181	0.4029154181	0	0	0	0.9623482823	0.8541939259	4.123000145
2072	0.3224737048	0.3224737048	0	0	0	0.9632854462	0.8566764593	4.122727394
2073	0.3360965252	0.3360965252	0	0	0	0.964081347	0.8591672778	4.122748375
2074	0.3261711597	0.3261711597	0	0	0	0.9647899866	0.8599258661	4.122881413
2075	0.369618088	0.369618088	0	0	0	0.9671624303	0.8664403558	4.123088837
2076	0.3779742122	0.3779742122	0	0	0	0.9676520824	0.8683140278	4.123346806
2077	0.3797779977	0.3797779977	0	0	0	0.9657670259	0.8623580933	4.123516083
2078	0.4088380039	0.4088380039	0	0	0	0.963765204	0.8554894328	4.12315464
2079	0.4164960384	0.4164960384	0	0	0	0.9608802795	0.8489796519	4.122704983
2080	0.3635342121	0.3635342121	0	0	0	0.9634776115	0.8564981818	4.123159885
2081	0.378082186	0.378082186	0	0	0	0.9622360468	0.8548590541	4.123028278
2082	0.3892101943	0.3892101943	0	0	0	0.9649068713	0.8606501818	4.122945309
2083	0.3805497587	0.3805497587	0	0	0	0.9667805433	0.8656945229	4.12308836
2084	0.4258124828	0.4258124828	0	0	0	0.9676021338	0.8684021831	4.12341547
2085	0.4006713629	0.4006713629	0	0	0	0.9654794335	0.8621810079	4.12346077
2086	0.4208265841	0.4208265841	0	0	0	0.9645991325	0.8604380488	4.123318195
2087	0.4082426727	0.4082426727	0	0	0	0.9621238708	0.8548917174	4.122932911
2088	0.3675052524	0.3675052524	0	0	0	0.9617993236	0.8542705774	4.122975826
2089	0.3535848856	0.3535848856	0	0	0	0.9607579112	0.8518233299	4.122998714
2090	0.3544643819	0.3544643819	0	0	0	0.9616523981	0.8537308574	4.123178959
2091	0.3748693764	0.3748693764	0	0	0	0.9626916051	0.8551362157	4.123317719
2092	0.3779049516	0.3779049516	0	0	0	0.9616006017	0.8519120812	4.123473167
2093	0.3440300524	0.3440300524	0	0	0	0.9605386853	0.849406898	4.123416901
2094	0.342359364	0.342359364	0	0	0	0.958969593	0.8451412916	4.123387337
2095	0.3465487957	0.3465487957	0	0	0	0.9539043903	0.8327708244	4.123288631
2096	0.3029327989	0.3029327989	0	0	0	0.9518684149	0.8281777501	4.122984886
2097	0.2928812504	0.2928812504	0	0	0	0.9461497068	0.8131013513	4.123113632
2098	0.3027961254	0.3027961254	0	0	0	0.9567217231	0.8378436565	4.123373985
2099	0.3241913617	0.3241913617	0	0	0	0.9622209668	0.8518368602	4.123496532
2100	0.341499567	0.341499567	0	0	0	0.9627116323	0.8551292419	4.1235466
2101	0.3201100528	0.3201100528	0	0	0	0.9585153461	0.8479050994	4.123462677
2102	0.3117692769	0.3117692769	0	0	0	0.9582266808	0.8469392657	4.123379707
2103	0.3346663117	0.3346663117	0	0	0	0.955916822	0.8390470147	4.123452187
2104	0.3028319776	0.3028319776	0	0	0	0.9534209371	0.838367939	4.123424053
2105	0.3200030029	0.3200030029	0	0	0	0.950262785	0.8325839043	4.123456478
2106	0.3052025735	0.3052025735	0	0	0	0.948918283	0.8308241963	4.123384953
2107	0.306337893	0.306337893	0	0	0	0.9595467448	0.8509140015	4.123495102
2108	0.329567641	0.329567641	0	0	0	0.958655417	0.8465938568	4.12355566
2109	0.316943258	0.316943258	0	0	0	0.9560691118	0.8413564563	4.123549938
2110	0.3507274985	0.3507274985	0	0	0	0.9569875002	0.8464645147	4.123506069
2111	0.3563578725	0.3563578725	0	0	0	0.9575586915	0.8444657922	4.123448849
2112	0.3163520396	0.3163520396	0	0	0	0.9567055702	0.8487292528	4.12346077
2113	0.3131474555	0.3131474555	0	0	0	0.9579970241	0.8499613404	4.123450756
2114	0.3189590871	0.3189590871	0	0	0	0.9502907991	0.8346480131	4.123439789
2115	0.3140914738	0.3140914738	0	0	0	0.9557141066	0.846265316	4.123508453
2116	0.3311160505	0.3311160505	0	0	0	0.9575587511	0.8475558758	4.123561382
2117	0.3367438912	0.3367438912	0	0	0	0.9577846527	0.8457708955	4.123551369
2118	0.3459893763	0.3459893763	0	0	0	0.9520014524	0.8386341929	4.123447895
2119	0.3625012636	0.3625012636	0	0	0	0.9500330091	0.8314942718	4.12353754
2120	0.325714618	0.325714618	0	0	0	0.9546523094	0.8414646983	4.123573303
2121	0.3274923563	0.3274923563	0	0	0	0.9554802775	0.8442828059	4.123429298
2122	0.3351373076	0.3351373076	0	0	0	0.9525033832	0.839134872	4.123516083
2123	0.3435929716	0.3435929716	0	0	0	0.9613668323	0.8595761657	4.123548031
2124	0.364454031	0.364454031	0	0	0	0.9650338292	0.864802599	4.123609066
2125	0.3597027063	0.3597027063	0	0	0	0.9615805745	0.8560785651	4.123524189
2126	0.3589553237	0.3589553237	0	0	0	0.9611164331	0.8557572365	4.123471737
2127	0.3733713925	0.3733713925	0	0	0	0.9581847191	0.8458888531	4.123534203
2128	0.3543427885	0.3543427885	0	0	0	0.9629013538	0.8570215106	4.123572826
2129	0.3603336811	0.3603336811	0	0	0	0.9604329467	0.8531131744	4.123517036
2130	0.3485614359	0.3485614359	0	0	0	0.9565325975	0.841537118	4.123570919
2131	0.3331495225	0.3331495225	0	0	0	0.9623129964	0.8583430052	4.123565197
2132	0.3601637483	0.3601637483	0	0	0	0.9621712565	0.8539928198	4.123580456
2133	0.371904552	0.371904552	0	0	0	0.9580073357	0.8446421623	4.12355566
2134	0.3930024207	0.3930024207	0	0	0	0.9588813782	0.8480822444	4.123505116
2135	0.4123693109	0.4123693109	0	0	0	0.9567647576	0.8407322168	4.123553753
2136	0.3818946183	0.3818946183	0	0	0	0.9610084295	0.8520915508	4.123590469
2137	0.4007190168	0.4007190168	0	0	0	0.9586449862	0.8457338214	4.123637199
2138	0.4033567011	0.4033567011	0	0	0	0.9535066485	0.8353691101	4.123587608
2139	0.4236207306	0.4236207306	0	0	0	0.9555671215	0.8442083001	4.123630524
2140	0.4262093902	0.4262093902	0	0	0	0.9556930065	0.8407496214	4.123728752
2141	0.4353705943	0.4353705943	0	0	0	0.9564267397	0.8396170735	4.12366724
2142	0.4233491421	0.4233491421	0	0	0	0.9582195282	0.8441286683	4.123632908
2143	0.4446001649	0.4446001649	0	0	0	0.9606576562	0.8492059112	4.123683929
2144	0.4142552316	0.4142552316	0	0	0	0.9663242102	0.8651437163	4.123600006
2145	0.4168765247	0.4168765247	0	0	0	0.9633011818	0.8576778173	4.123531342
2146	0.4396311045	0.4396311045	0	0	0	0.9580440521	0.8469385505	4.123588085
2147	0.4219267666	0.4219267666	0	0	0	0.9640228748	0.8639951348	4.12366581
2148	0.4164092541	0.4164092541	0	0	0	0.9614035487	0.8562712073	4.123717785
2149	0.429610014	0.429610014	0	0	0	0.9593812227	0.848569572	4.123765469
2150	0.4284647107	0.4284647107	0	0	0	0.9597582221	0.851041913	4.123484135
2151	0.4246657193	0.4246657193	0	0	0	0.9611734748	0.8497673273	4.123682022
2152	0.4364455938	0.4364455938	0	0	0	0.9636027813	0.859605968	4.123664856
2153	0.466275543	0.466275543	0	0	0	0.9620540142	0.8554491997	4.123651981
2154	0.4769432843	0.4769432843	0	0	0	0.9640768766	0.8585638404	4.12371397
2155	0.4367431998	0.4367431998	0	0	0	0.9678257704	0.8702667952	4.123621464
2156	0.4483830631	0.4483830631	0	0	0	0.9635866284	0.8583346605	4.123650551
2157	0.4409728348	0.4409728348	0	0	0	0.958278656	0.8454558849	4.123557568
2158	0.4800044596	0.4800044596	0	0	0	0.9625128508	0.8584201336	4.123517513
2159	0.4877901971	0.4877901971	0	0	0	0.9616142511	0.8536061645	4.123608589
2160	0.4891674519	0.4891674519	0	0	0	0.9657729268	0.8660618663	4.123598576
2161	0.5351413488	0.5351413488	0	0	0	0.9614207745	0.855061233	4.123504162
2162	0.4990991056	0.4990991056	0	0	0	0.9622411132	0.855047524	4.123540401
2163	0.5108445883	0.5108445883	0	0	0	0.9648009539	0.8632724285	4.123610497
2164	0.5362784863	0.5362784863	0	0	0	0.9626093507	0.855268836	4.123644352
2165	0.5071690679	0.5071690679	0	0	0	0.9613263011	0.8520410657	4.12354517
2166	0.477712363	0.477712363	0	0	0	0.9635344744	0.8590811491	4.12348175
2167	0.4863885343	0.4863885343	0	0	0	0.9644472003	0.8587493896	4.123536587
2168	0.4609561265	0.4609561265	0	0	0	0.9665929079	0.8641709089	4.123576641
2169	0.4534067512	0.4534067512	0	0	0	0.9642032385	0.8584693074	4.123481274
2170	0.4636844397	0.4636844397	0	0	0	0.9646834135	0.8627027869	4.123526573
2171	0.449232012	0.449232012	0	0	0	0.9677779675	0.8724209666	4.123465538
2172	0.4296236634	0.4296236634	0	0	0	0.9653416872	0.8645564318	4.123494148
2173	0.4480400085	0.4480400085	0	0	0	0.9632344842	0.8580573201	4.123499393
2174	0.5683671832	0.5683671832	0	0	0	0.9659106135	0.8662168384	4.123486519
2175	0.5606947541	0.5606947541	0	0	0	0.9634767175	0.8585362434	4.123486996
2176	0.5648519397	0.5648519397	0	0	0	0.9644560814	0.8613358736	4.123429298
2177	0.5772373676	0.5772373676	0	0	0	0.9641510248	0.8630159497	4.123484135
2178	0.5015111566	0.5015111566	0	0	0	0.9645134807	0.8624974489	4.123428345
2179	0.4379057288	0.4379057288	0	0	0	0.9685759544	0.8740780354	4.123421192
2180	0.4068566263	0.4068566263	0	0	0	0.9663668275	0.8677880168	4.123457909
2181	0.4336744845	0.4336744845	0	0	0	0.9632046223	0.8574311137	4.123549938
2182	0.4550605118	0.4550605118	0	0	0	0.9662326574	0.8652411103	4.123548508
2183	0.4830205142	0.4830205142	0	0	0	0.9637047648	0.8581473827	4.123549938
2184	0.4795878232	0.4795878232	0	0	0	0.9663536549	0.8648686409	4.123538017
2185	0.5408770442	0.5408770442	0	0	0	0.9673611522	0.8690285683	4.123469353
2186	0.505918026	0.505918026	0	0	0	0.9666717052	0.8642899394	4.123613358
2187	0.4886985421	0.4886985421	0	0	0	0.9676488042	0.8677427173	4.12356329
2188	0.4598968625	0.4598968625	0	0	0	0.9657708406	0.8629525304	4.12353754
2189	0.469620645	0.469620645	0	0	0	0.9621956348	0.853310287	4.123458385
2190	0.4590931833	0.4590931833	0	0	0	0.965765357	0.8619355559	4.123468876
2191	0.4859309494	0.4859309494	0	0	0	0.9634909034	0.8574090004	4.123538971
2192	0.488098681	0.488098681	0	0	0	0.9661617279	0.8646818995	4.123402596
2193	0.4869487286	0.4869487286	0	0	0	0.9654409289	0.8621767759	4.123334408
2194	0.4548926055	0.4548926055	0	0	0	0.9653810859	0.8604367375	4.123548031
2195	0.4173024595	0.4173024595	0	0	0	0.9675306678	0.8667029142	4.123315334
2196	0.4343495071	0.4343495071	0	0	0	0.9656733274	0.8622561693	4.123453617
2197	0.4590376914	0.4590376914	0	0	0	0.9640669823	0.8580507636	4.123353004
2198	0.4225413799	0.4225413799	0	0	0	0.9669066072	0.8647816181	4.123399734
2199	0.437762022	0.437762022	0	0	0	0.9639077783	0.8568354249	4.123479366
2200	0.3969715238	0.3969715238	0	0	0	0.9670194983	0.8655198216	4.123474121
2201	0.4500052631	0.4500052631	0	0	0	0.9665416479	0.8664597869	4.123445511
2202	0.4010125101	0.4010125101	0	0	0	0.9669588804	0.8637481928	4.123434067
2203	0.3453526795	0.3453526795	0	0	0	0.968177259	0.867346704	4.123467445
2204	0.3752862811	0.3752862811	0	0	0	0.9643548131	0.8577830195	4.12353754
2205	0.3432196975	0.3432196975	0	0	0	0.9610255361	0.8483592272	4.123568058
2206	0.3521812558	0.3521812558	0	0	0	0.9623274207	0.852001369	4.123532772
2207	0.3980652988	0.3980652988	0	0	0	0.959721148	0.8459937572	4.12358427
2208	0.3996163309	0.3996163309	0	0	0	0.9620131254	0.8528898954	4.123502731
2209	0.3832656443	0.3832656443	0	0	0	0.9647113085	0.8610539436	4.123587608
2210	0.338318646	0.338318646	0	0	0	0.964342773	0.8571616411	4.12364912
2211	0.316824764	0.316824764	0	0	0	0.965139091	0.8599255085	4.123485565
2212	0.3511059284	0.3511059284	0	0	0	0.9623550177	0.8538141847	4.123528481
2213	0.3390319347	0.3390319347	0	0	0	0.9612019658	0.849691689	4.123490334
2214	0.3332102597	0.3332102597	0	0	0	0.9614130855	0.8504111767	4.123517513
2215	0.3500549197	0.3500549197	0	0	0	0.9568320513	0.8388803601	4.123579979
2216	0.3361261189	0.3361261189	0	0	0	0.9568986297	0.839132607	4.123303413
2217	0.3494575918	0.3494575918	0	0	0	0.9643369317	0.8606908917	4.123484135
2218	0.3323273063	0.3323273063	0	0	0	0.9632544518	0.8559910059	4.123568535
2219	0.318992883	0.318992883	0	0	0	0.9644725323	0.860834837	4.123541832
2220	0.3120034635	0.3120034635	0	0	0	0.9635125399	0.8575888276	4.123506069
2221	0.3120326996	0.3120326996	0	0	0	0.9602404237	0.8473471403	4.12356329
2222	0.310159266	0.310159266	0	0	0	0.9604009986	0.8474236727	4.123405457
2223	0.3049898446	0.3049898446	0	0	0	0.9601789117	0.8472792506	4.12358284
2224	0.300434202	0.300434202	0	0	0	0.9608447552	0.8494701385	4.123470306
2225	0.3316825628	0.3316825628	0	0	0	0.9631125927	0.8575191498	4.123644352
2226	0.301813364	0.301813364	0	0	0	0.9611308575	0.8503342867	4.12356472
2227	0.2828845382	0.2828845382	0	0	0	0.9626657367	0.8549048901	4.123560905
2228	0.2803309858	0.2803309858	0	0	0	0.9585570097	0.8438340425	4.123496056
2229	0.2828867733	0.2828867733	0	0	0	0.9548615813	0.8323702216	4.123307228
2230	0.281655252	0.281655252	0	0	0	0.9581423402	0.8421816826	4.12355423
2231	0.2960442007	0.2960442007	0	0	0	0.9590612054	0.8446237445	4.12356329
2232	0.2956865728	0.2956865728	0	0	0	0.9604594707	0.8492604494	4.123580933
2233	0.2950578928	0.2950578928	0	0	0	0.9589838982	0.8455064893	4.123342991
2234	0.2929846346	0.2929846346	0	0	0	0.9582522511	0.8407497406	4.123411179
2235	0.3065882325	0.3065882325	0	0	0	0.9601072669	0.8478485942	4.123552322
2236	0.2922702134	0.2922702134	0	0	0	0.9573135376	0.8402505517	4.123642921
2237	0.3000592589	0.3000592589	0	0	0	0.955571115	0.834780395	4.123553753
2238	0.3343020976	0.3343020976	0	0	0	0.9560471773	0.8362444639	4.123486042
2239	0.324831605	0.324831605	0	0	0	0.9555197358	0.8361319304	4.123671532
2240	0.3362455368	0.3362455368	0	0	0	0.9563750029	0.8378748298	4.123713017
2241	0.3002286255	0.3002286255	0	0	0	0.9590264559	0.8466703296	4.123668671
2242	0.2988956571	0.2988956571	0	0	0	0.9566842914	0.8392007947	4.12366581
2243	0.3033572733	0.3033572733	0	0	0	0.9598523378	0.8488498926	4.123655796
2244	0.2971237004	0.2971237004	0	0	0	0.9580603838	0.8429829478	4.123687744
2245	0.2818775177	0.2818775177	0	0	0	0.9540643096	0.8328316212	4.123753548
2246	0.2877423465	0.2877423465	0	0	0	0.9564070702	0.838704586	4.123703957
2247	0.3053280413	0.3053280413	0	0	0	0.955861032	0.837264657	4.12362051
2248	0.302678436	0.302678436	0	0	0	0.957337141	0.8399233222	4.123615742
2249	0.2634588778	0.2634588778	0	0	0	0.9579811096	0.8439440131	4.123705864
2250	0.2817844748	0.2817844748	0	0	0	0.9560552239	0.8371778131	4.12362051
2251	0.3278872967	0.3278872967	0	0	0	0.9560067058	0.8367248774	4.123862267
2252	0.3104460239	0.3104460239	0	0	0	0.9512101412	0.8252039552	4.12379694
2253	0.3095314205	0.3095314205	0	0	0	0.9506011009	0.8232523799	4.123945236
2254	0.2791795731	0.2791795731	0	0	0	0.9547427297	0.8342411518	4.123731136
2255	0.2628640532	0.2628640532	0	0	0	0.9583615661	0.8450495601	4.123752117
2256	0.2594451606	0.2594451606	0	0	0	0.9573839903	0.8427294493	4.123704433
2257	0.2339127213	0.2339127213	0	0	0	0.9548917413	0.8395269513	4.123791218
2258	0.2292104065	0.2292104065	0	0	0	0.9575563073	0.8447855115	4.123760223
2259	0.2278798819	0.2278798819	0	0	0	0.9565907717	0.843121767	4.123802662
2260	0.2432856262	0.2432856262	0	0	0	0.9558849335	0.8406156898	4.123791218
2261	0.2477811128	0.2477811128	0	0	0	0.9551083446	0.8378872871	4.123911381
2262	0.232913658	0.232913658	0	0	0	0.9537398815	0.8348733187	4.123790741
2263	0.2358531505	0.2358531505	0	0	0	0.9538068175	0.8345332146	4.123774052
2264	0.2365781218	0.2365781218	0	0	0	0.9535706043	0.8336443901	4.123806477
2265	0.2297583073	0.2297583073	0	0	0	0.9543553591	0.83684659	4.123839378
2266	0.2286459804	0.2286459804	0	0	0	0.9538669586	0.8341876268	4.123823166
2267	0.2278476506	0.2278476506	0	0	0	0.9548106194	0.8378477693	4.123736382
2268	0.2371171117	0.2371171117	0	0	0	0.9552031159	0.839384973	4.123856068
2269	0.2488245666	0.2488245666	0	0	0	0.953917563	0.8352633715	4.123826504
2270	0.2735971212	0.2735971212	0	0	0	0.9571585655	0.8423984051	4.123731136
2271	0.2910280526	0.2910280526	0	0	0	0.9572840929	0.8426998854	4.123722553
2272	0.286216408	0.286216408	0	0	0	0.9568992853	0.8421517611	4.123675346
2273	0.2800191045	0.2800191045	0	0	0	0.9522014856	0.8326481581	4.12377739
2274	0.2837947905	0.2837947905	0	0	0	0.9562883973	0.8421479464	4.123664379
2275	0.2873610854	0.2873610854	0	0	0	0.9564766884	0.8428311944	4.123761654
2276	0.2953493893	0.2953493893	0	0	0	0.9540276527	0.8371752501	4.123672009
2277	0.2979527116	0.2979527116	0	0	0	0.9523009062	0.8325537443	4.123731613
2278	0.3154451251	0.3154451251	0	0	0	0.9529703259	0.8323842287	4.123842716
2279	0.322247088	0.322247088	0	0	0	0.9533173442	0.8334780931	4.123875618
2280	0.3091579676	0.3091579676	0	0	0	0.9495335817	0.8258894086	4.123814106
2281	0.3079014421	0.3079014421	0	0	0	0.9469038844	0.8222744465	4.123788834
2282	0.31430915	0.31430915	0	0	0	0.9505437016	0.8304901123	4.123783112
2283	0.3155113459	0.3155113459	0	0	0	0.9490991235	0.8271617889	4.123828411
2284	0.3288776875	0.3288776875	0	0	0	0.9505770802	0.8300092816	4.12383461
2285	0.3320776522	0.3320776522	0	0	0	0.9497159123	0.8280562162	4.123884678
2286	0.3316815794	0.3316815794	0	0	0	0.950093329	0.8274672627	4.123878479
2287	0.3287884593	0.3287884593	0	0	0	0.9488987923	0.8253015876	4.123895168
2288	0.3380014896	0.3380014896	0	0	0	0.9512373805	0.8296250105	4.123783588
2289	0.333722651	0.333722651	0	0	0	0.9514600039	0.8306366205	4.123786449
2290	0.3464516103	0.3464516103	0	0	0	0.9507052898	0.827955246	4.123779774
2291	0.3473314941	0.3473314941	0	0	0	0.9523384571	0.831443131	4.123734474
2292	0.3444189429	0.3444189429	0	0	0	0.9521881342	0.8317988515	4.123709202
2293	0.3504709601	0.3504709601	0	0	0	0.9487346411	0.8230861425	4.123736382
2294	0.3762548864	0.3762548864	0	0	0	0.9469045997	0.8171036243	4.123758793
2295	0.3714215159	0.3714215159	0	0	0	0.9469670653	0.8182700872	4.123753071
2296	0.3478442132	0.3478442132	0	0	0	0.9452142119	0.815379262	4.12363863
2297	0.3540043831	0.3540043831	0	0	0	0.9451504946	0.8154055476	4.123681068
2298	0.3480056524	0.3480056524	0	0	0	0.9450033307	0.8145763874	4.123699188
2299	0.3640243411	0.3640243411	0	0	0	0.9473044276	0.8188256025	4.123688221
2300	0.3562875092	0.3562875092	0	0	0	0.9441726208	0.8123829365	4.123704433
2301	0.3463307023	0.3463307023	0	0	0	0.9392053485	0.8021130562	4.123732567
2302	0.358332932	0.358332932	0	0	0	0.9442908168	0.8118280768	4.123720169
2303	0.3547521532	0.3547521532	0	0	0	0.9444282055	0.8131214976	4.123743534
2304	0.3503366113	0.3503366113	0	0	0	0.9437651634	0.8129776716	4.123726845
2305	0.3420600295	0.3420600295	0	0	0	0.9414102435	0.8095382452	4.123710155
2306	0.3711761832	0.3711761832	0	0	0	0.9453639984	0.8170252442	4.123777866
2307	0.3569583297	0.3569583297	0	0	0	0.9462807775	0.8191254139	4.123763084
2308	0.3699762821	0.3699762821	0	0	0	0.9469785094	0.821370244	4.123774052
2309	0.376858592	0.376858592	0	0	0	0.9453135133	0.8176391125	4.12372303
2310	0.3668619096	0.3668619096	0	0	0	0.9483588338	0.8223347664	4.123747349
2311	0.3792134821	0.3792134821	0	0	0	0.9473503828	0.8222299218	4.123763561
2312	0.3768584132	0.3768584132	0	0	0	0.9474208355	0.8234162331	4.123716831
2313	0.3670068979	0.3670068979	0	0	0	0.9493257403	0.8275283575	4.123746872
2314	0.3588659465	0.3588659465	0	0	0	0.9517844915	0.8335366249	4.123775482
2315	0.3669205904	0.3669205904	0	0	0	0.9505830407	0.8304196596	4.123685837
2316	0.350371331	0.350371331	0	0	0	0.947614789	0.8257682323	4.123656273
2317	0.4234883487	0.4234883487	0	0	0	0.9461267591	0.8202483654	4.12369442
2318	0.4284411967	0.4284411967	0	0	0	0.9453118443	0.8169555664	4.12368679
2319	0.4814254344	0.4814254344	0	0	0	0.9457603693	0.8187203407	4.123806
2320	0.4762887359	0.4762887359	0	0	0	0.9451915026	0.818642199	4.123552799
2321	0.4774106443	0.4774106443	0	0	0	0.9424583912	0.8151491284	4.12364769
2322	0.4509066939	0.4509066939	0	0	0	0.9405758381	0.812308073	4.123652935
2323	0.4414542019	0.4414542019	0	0	0	0.9390650392	0.8097607493	4.123706341
2324	0.4570093751	0.4570093751	0	0	0	0.9389532208	0.8084011078	4.123668671
2325	0.4806668758	0.4806668758	0	0	0	0.9364590645	0.8004791737	4.123813152
2326	0.4925454557	0.4925454557	0	0	0	0.9362307191	0.7973197103	4.12374258
2327	0.485910356	0.485910356	0	0	0	0.9362798333	0.7996832728	4.123726368
2328	0.4791085422	0.4791085422	0	0	0	0.939871192	0.8090080023	4.123711109
2329	0.4845935702	0.4845935702	0	0	0	0.9384014606	0.8089318275	4.123693943
2330	0.4632982016	0.4632982016	0	0	0	0.9387219548	0.8117718697	4.12365675
2331	0.4556977451	0.4556977451	0	0	0	0.9357174635	0.8066415191	4.123648643
2332	0.4684176743	0.4684176743	0	0	0	0.93540591	0.8053292036	4.123623371
2333	0.484860599	0.484860599	0	0	0	0.9363387823	0.8057341576	4.123667717
2334	0.468038559	0.468038559	0	0	0	0.9379982948	0.8075758815	4.123599529
2335	0.4981433451	0.4981433451	0	0	0	0.936067462	0.8084236979	4.123684883
2336	0.4739025235	0.4739025235	0	0	0	0.9392486811	0.8137860894	4.123287201
2337	0.4566222727	0.4566222727	0	0	0	0.9408347607	0.8200137019	4.123206615
2338	0.4644389451	0.4644389451	0	0	0	0.9371323586	0.8149338961	4.123309612
2339	0.4907743037	0.4907743037	0	0	0	0.9388349652	0.8152148724	4.123270988
2340	0.5169965625	0.5169965625	0	0	0	0.9382549524	0.8124221563	4.123015404
2341	0.5888144374	0.5888144374	0	0	0	0.9390420318	0.8110870123	4.123091698
2342	0.5887631178	0.5887631178	0	0	0	0.9381414056	0.8121440411	4.122907162
2343	0.5914958119	0.5914958119	0	0	0	0.9368903041	0.813374579	4.123027325
2344	0.6190878749	0.6190878749	0	0	0	0.9358177185	0.8123663068	4.122792244
2345	0.6241278648	0.6241278648	0	0	0	0.9381983876	0.8189101219	4.122850418
2346	0.6260691881	0.6260691881	0	0	0	0.9383560419	0.8195275068	4.12318182
2347	0.6309472919	0.6309472919	0	0	0	0.9373400807	0.8167725801	4.123174191
2348	0.6301014423	0.6301014423	0	0	0	0.9404807091	0.8218307495	4.123255253
2349	0.6309728026	0.6309728026	0	0	0	0.9387226105	0.8145807385	4.123096466
2350	0.6325310469	0.6325310469	0	0	0	0.9384989738	0.8122612834	4.123085499
2351	0.6283938289	0.6283938289	0	0	0	0.9333676696	0.8070395589	4.123159885
2352	0.6352372766	0.6352372766	0	0	0	0.9368950129	0.816611886	4.122947693
2353	0.6367279291	0.6367279291	0	0	0	0.9341097474	0.810095489	4.122866154
2354	0.6353738904	0.6353738904	0	0	0	0.939694643	0.8168231249	4.123158455
2355	0.6351006627	0.6351006627	0	0	0	0.9310203791	0.7981421947	4.123099327
2356	0.6469362378	0.6469362378	0	0	0	0.9368044734	0.8087631464	4.123070717
2357	0.6365701556	0.6365701556	0	0	0	0.9349089861	0.8030102849	4.123081207
2358	0.682961762	0.682961762	0	0	0	0.9357162714	0.7990705371	4.123006821
2359	0.6464575529	0.6464575529	0	0	0	0.9351938963	0.8043554425	4.123240948
2360	0.6421807408	0.6421807408	0	0	0	0.9379526973	0.8095179796	4.122951508
2361	0.6373131871	0.6373131871	0	0	0	0.9335561395	0.7977443933	4.122838497
2362	0.6341196895	0.6341196895	0	0	0	0.9383658171	0.8139708638	4.123004436
2363	0.6398257017	0.6398257017	0	0	0	0.9351853728	0.809512198	4.12293148
2364	0.7017754912	0.7017754912	0	0	0	0.9344227314	0.8118286133	4.123028278
2365	0.7251449823	0.7251449823	0	0	0	0.9328290224	0.8093341589	4.122999191
2366	0.7243980169	0.7243980169	0	0	0	0.9325448275	0.8079154491	4.122857571
2367	0.7530742884	0.7530742884	0	0	0	0.9239870906	0.7967104316	4.122926712
2368	0.749483645	0.749483645	0	0	0	0.9332156181	0.8159424067	4.123000145
2369	0.7687469721	0.7687469721	0	0	0	0.9304381609	0.8116186261	4.122840405
2370	0.7297669649	0.7297669649	0	0	0	0.9363843799	0.8156592846	4.12280798
2371	0.7085338831	0.7085338831	0	0	0	0.9357035756	0.8148427606	4.122789383
2372	0.723731041	0.723731041	0	0	0	0.935553968	0.8142854571	4.122997284
2373	0.7179217339	0.7179217339	0	0	0	0.9270895123	0.7966305614	4.122920036
2374	0.7370167971	0.7370167971	0	0	0	0.9311854243	0.8042309284	4.123014927
2375	0.7244253755	0.7244253755	0	0	0	0.9329471588	0.8100086451	4.122923851
2376	0.7198744416	0.7198744416	0	0	0	0.9345576763	0.8162341118	4.122821808
2377	0.7275069356	0.7275069356	0	0	0	0.9356718659	0.8136287928	4.122776508
2378	0.7137858868	0.7137858868	0	0	0	0.9379995465	0.8149422407	4.122824192
2379	0.7324981689	0.7324981689	0	0	0	0.9327732921	0.8037225604	4.122813702
2380	0.7310676575	0.7310676575	0	0	0	0.9268564582	0.7937895656	4.122959137
2381	0.727517426	0.727517426	0	0	0	0.9235892296	0.7846419215	4.123055458
2382	0.7315046787	0.7315046787	0	0	0	0.9212943316	0.7768660188	4.12304306
2383	0.734649837	0.734649837	0	0	0	0.9139964581	0.7659367323	4.123278618
2384	0.7332434654	0.7332434654	0	0	0	0.9066833258	0.7505704165	4.124044895
2385	0.7426689863	0.7426689863	0	0	0	0.9046023488	0.7486413121	4.124084949
2386	0.7515473366	0.7515473366	0	0	0	0.9085734487	0.751691401	4.124090195
2387	0.7892669439	0.7892669439	0	0	0	0.9063944221	0.7484163642	4.124097347
2388	0.83904773	0.83904773	0	0	0	0.8996194005	0.7378001213	4.124114513
2389	0.8742608428	0.8742608428	0	0	0	0.8907683492	0.7224000096	4.124114037
2390	0.955919385	0.955919385	0	0	0	0.892891407	0.7231798172	4.124073029
2391	1.006702185	1.006702185	0	0	0	0.8870728016	0.7185469866	4.124123573
2392	1.013062835	1.013062835	0	0	0	0.8700105548	0.6927882433	4.124568939
2393	1.023612261	1.023612261	0	0	0	0.8639000654	0.6862597466	4.124576569
2394	1.025067449	1.025067449	0	0	0	0.8671811223	0.6875278354	4.124563217
2395	1.044195414	1.044195414	0	0	0	0.8648196459	0.6839225292	4.124547482
2396	1.062328577	1.062328577	0	0	0	0.8607554436	0.6792342663	4.124559402
2397	1.056859851	1.056859851	0	0	0	0.8530488014	0.6681629419	4.124546528
2398	1.082946301	1.082946301	0	0	0	0.8532093763	0.6663781404	4.124498844
2399	1.085429907	1.085429907	0	0	0	0.8508872986	0.666113019	4.124533176
2400	1.098202944	1.098202944	0	0	0	0.8160861135	0.6265305877	4.124760628
2401	1.091099739	1.091099739	0	0	0	0.8899925947	0.7235012054	4.123881817
2402	1.117105484	1.117105484	0	0	0	0.886444211	0.7153506279	4.123914719
2403	1.161523223	1.161523223	0	0	0	0.8802269697	0.7030503154	4.123867035
2404	1.127123833	1.127123833	0	0	0	0.8742615581	0.6986382604	4.123986244
2405	1.090624452	1.090624452	0	0	0	0.8760234118	0.6992012858	4.124005318
2406	1.097947955	1.097947955	0	0	0	0.8991208673	0.7314643264	4.124007702
2407	1.116502523	1.116502523	0	0	0	0.8941990733	0.7245089412	4.124106407
2408	1.089931726	1.089931726	0	0	0	0.866273582	0.6853356361	4.124571323
2409	1.090664387	1.090664387	0	0	0	0.8962005377	0.7278465033	4.124006748
2410	1.038251281	1.038251281	0	0	0	0.9037573934	0.7447727919	4.123915672
2411	0.9960856438	0.9960856438	0	0	0	0.9004405737	0.7432126999	4.123862267
2412	1.111490846	1.111490846	0	0	0	0.8954521418	0.7377865911	4.123922825
2413	1.102783442	1.102783442	0	0	0	0.8868861198	0.7233692408	4.123919487
2414	1.124195457	1.124195457	0	0	0	0.8891739845	0.7220042944	4.123924732
2415	1.183734298	1.183734298	0	0	0	0.8691373467	0.7006505728	4.123886108
2416	1.196355343	1.196355343	0	0	0	0.8661897779	0.6895243526	4.124465942
2417	1.165711164	1.165711164	0	0	0	0.8962648511	0.7387949228	4.124039173
2418	1.191765904	1.191765904	0	0	0	0.9074789882	0.7559729218	4.123943329
2419	1.20913291	1.20913291	0	0	0	0.9015875459	0.7483288646	4.123860836
2420	1.222253442	1.222253442	0	0	0	0.9079742432	0.7576286793	4.123998165
2421	1.187602997	1.187602997	0	0	0	0.9010583162	0.7417395711	4.12394619
2422	1.203278899	1.203278899	0	0	0	0.9031011462	0.7426187396	4.123968124
2423	1.185594082	1.185594082	0	0	0	0.9004062414	0.7398035526	4.123995781
2424	1.229660988	1.229660988	0	0	0	0.8726603389	0.6983152628	4.124493122
2425	1.195408225	1.195408225	0	0	0	0.9033532143	0.7458179593	4.124186516
2426	1.240038872	1.240038872	0	0	0	0.9083521962	0.7593935132	4.124027729
2427	1.27295506	1.27295506	0	0	0	0.9097492695	0.7644759417	4.123963356
2428	1.283257246	1.283257246	0	0	0	0.90691185	0.75839746	4.124062538
2429	1.225722551	1.225722551	0	0	0	0.9017310143	0.7452151775	4.123969555
2430	1.221739411	1.221739411	0	0	0	0.9101833105	0.7542341352	4.124025345
2431	1.221845508	1.221845508	0	0	0	0.9052307606	0.7464987636	4.124027252
2432	1.240039825	1.240039825	0	0	0	0.8822697401	0.7118958831	4.124539375
2433	1.19796586	1.19796586	0	0	0	0.9073628783	0.7507799864	4.124106407
2434	1.2256248	1.2256248	0	0	0	0.9116576314	0.7666228414	4.124028206
2435	1.182804108	1.182804108	0	0	0	0.918682754	0.776254952	4.124110699
2436	1.193268895	1.193268895	0	0	0	0.915237546	0.7730472088	4.124074459
2437	1.212271929	1.212271929	0	0	0	0.9134310484	0.7651389837	4.124116898
2438	1.196068525	1.196068525	0	0	0	0.9189983606	0.7710101604	4.124080658
2439	1.238303304	1.238303304	0	0	0	0.9172240496	0.765829742	4.124089718
2440	1.29024148	1.29024148	0	0	0	0.8907796144	0.7273600101	4.124514103
2441	1.273620367	1.273620367	0	0	0	0.915782094	0.7677986622	4.124165535
2442	1.299617052	1.299617052	0	0	0	0.9189622998	0.7743650079	4.124077797
2443	1.275666595	1.275666595	0	0	0	0.924621284	0.7814621925	4.124051094
2444	1.29020834	1.29020834	0	0	0	0.9319283366	0.7954751253	4.12409687
2445	1.290872097	1.290872097	0	0	0	0.9245150685	0.7778658271	4.123906136
2446	1.257914901	1.257914901	0	0	0	0.9280267358	0.7829491496	4.123972416
2447	1.272072196	1.272072196	0	0	0	0.9276841283	0.7813910246	4.123953819
2448	1.317738891	1.317738891	0	0	0	0.9036348462	0.7427790165	4.124556541
2449	1.305169582	1.305169582	0	0	0	0.927944541	0.782308042	4.124142647
2450	1.374040127	1.374040127	0	0	0	0.9356438518	0.7967345715	4.124064922
2451	1.363772392	1.363772392	0	0	0	0.9390454292	0.8046385646	4.124051094
2452	1.363117576	1.363117576	0	0	0	0.9378458858	0.8026725054	4.124055862
2453	1.32395196	1.32395196	0	0	0	0.9326384664	0.7914269567	4.123913765
2454	1.311336756	1.311336756	0	0	0	0.938031137	0.797886014	4.124009132
2455	1.352368474	1.352368474	0	0	0	0.9375401735	0.7976592183	4.124062061
2456	1.348529339	1.348529339	0	0	0	0.9173613191	0.7639744282	4.124594212
2457	1.357395768	1.357395768	0	0	0	0.9370627403	0.7966431975	4.124234676
2458	1.344786644	1.344786644	0	0	0	0.9395338893	0.8053075075	4.124063969
2459	1.277023315	1.277023315	0	0	0	0.9416840076	0.8095248938	4.123978615
2460	1.25434804	1.25434804	0	0	0	0.940096736	0.8071290255	4.124003887
2461	1.28011632	1.28011632	0	0	0	0.9351015687	0.7967246771	4.123981476
2462	1.286983967	1.286983967	0	0	0	0.9384299517	0.8023594618	4.12395525
2463	1.278470039	1.278470039	0	0	0	0.9335361719	0.7913018465	4.123898983
2464	1.323394537	1.323394537	0	0	0	0.9154545069	0.7639196515	4.124454498
2465	1.291425824	1.291425824	0	0	0	0.936401248	0.7992619276	4.124029636
2466	1.340970159	1.340970159	0	0	0	0.9360876679	0.8003035188	4.123979092
2467	1.309163451	1.309163451	0	0	0	0.935613513	0.8006787896	4.124042988
2468	1.306106329	1.306106329	0	0	0	0.9356425405	0.7997692823	4.124005318
2469	1.306750059	1.306750059	0	0	0	0.9311000109	0.7901772261	4.123903275
2470	1.31916368	1.31916368	0	0	0	0.9328767657	0.7918302417	4.123980045
2471	1.29638803	1.29638803	0	0	0	0.9299030304	0.7846452594	4.123959064
2472	1.330799341	1.330799341	0	0	0	0.9141436815	0.7610368133	4.124491215
2473	1.30784893	1.30784893	0	0	0	0.9384905696	0.8023449779	4.12400341
2474	1.354362845	1.354362845	0	0	0	0.9398323298	0.8070214391	4.124044895
2475	1.320783854	1.320783854	0	0	0	0.9382869005	0.805069983	4.123970985
2476	1.314005494	1.314005494	0	0	0	0.9429377317	0.8146879077	4.123948574
2477	1.332349062	1.332349062	0	0	0	0.9389144182	0.8057457805	4.123874664
2478	1.321063757	1.321063757	0	0	0	0.943199873	0.8116153479	4.123888016
2479	1.336874127	1.336874127	0	0	0	0.94497329	0.8149201274	4.123971462
2480	1.303647161	1.303647161	0	0	0	0.947121501	0.8202567101	4.123967648
2481	1.277911425	1.277911425	0	0	0	0.9535601735	0.834477663	4.123279572
2482	1.235064149	1.235064149	0	0	0	0.9521822929	0.834636569	4.122933388
2483	1.20400095	1.20400095	0	0	0	0.9537706971	0.8386322856	4.122775555
2484	1.189301968	1.189301968	0	0	0	0.9529640675	0.8396679163	4.122770786
2485	1.210624456	1.210624456	0	0	0	0.9526467919	0.835672915	4.121982574
2486	1.221086621	1.221086621	0	0	0	0.9513322115	0.8263109326	4.121986866
2487	1.195902109	1.195902109	0	0	0	0.950368166	0.8270900249	4.121804237
2488	1.202652216	1.202652216	0	0	0	0.9540140033	0.8384094238	4.121669769
2489	1.202195764	1.202195764	0	0	0	0.9535905719	0.8407393098	4.122878075
2490	1.216375589	1.216375589	0	0	0	0.9547945857	0.84133178	4.122342587
2491	1.217784405	1.217784405	0	0	0	0.9578572512	0.8480488658	4.12235117
2492	1.208204746	1.208204746	0	0	0	0.9582963586	0.8501160741	4.122646809
2493	1.214609742	1.214609742	0	0	0	0.9551469088	0.8388882875	4.122021675
2494	1.223985553	1.223985553	0	0	0	0.9572282434	0.8411365747	4.122062683
2495	1.195865631	1.195865631	0	0	0	0.9527234435	0.8316418529	4.121716976
2496	1.198592782	1.198592782	0	0	0	0.9534105659	0.8332536817	4.122217178
2497	1.172310114	1.172310114	0	0	0	0.9494616389	0.8284938335	4.123044014
2498	1.186384082	1.186384082	0	0	0	0.9504452944	0.8307875395	4.122866154
2499	1.185369372	1.185369372	0	0	0	0.9546191692	0.8404700756	4.123010635
2500	1.16142869	1.16142869	0	0	0	0.9537023902	0.8423064351	4.122861385
2501	1.171075702	1.171075702	0	0	0	0.9540814161	0.8377648592	4.12211895
2502	1.193131089	1.193131089	0	0	0	0.9567439556	0.8415619135	4.122251034
2503	1.20140326	1.20140326	0	0	0	0.9546151161	0.8328661323	4.121936321
2504	1.214475513	1.214475513	0	0	0	0.95653373	0.8393014073	4.122240543
2505	1.200297475	1.200297475	0	0	0	0.953164041	0.8364040852	4.123152733
2506	1.161402345	1.161402345	0	0	0	0.9539897442	0.8388262391	4.122696877
2507	1.128261685	1.128261685	0	0	0	0.9572640657	0.846047163	4.12246418
2508	1.092971087	1.092971087	0	0	0	0.951631248	0.8367512822	4.122280598
2509	1.063264251	1.063264251	0	0	0	0.9517912269	0.833825767	4.121921062
2510	1.046963096	1.046963096	0	0	0	0.9520298839	0.8300389051	4.121489048
2511	0.976272583	0.976272583	0	0	0	0.9464022517	0.8184167743	4.121344566
2512	0.9600909352	0.9600909352	0	0	0	0.9502440691	0.8277584314	4.121608734
2513	0.9328055382	0.9328055382	0	0	0	0.9482851624	0.8292241096	4.122835159
2514	0.9237536192	0.9237536192	0	0	0	0.9489272237	0.8322842121	4.122459412
2515	0.9254587889	0.9254587889	0	0	0	0.9492260814	0.8328959942	4.122345924
2516	0.9225131273	0.9225131273	0	0	0	0.9477166533	0.832005918	4.122476578
2517	0.9437772036	0.9437772036	0	0	0	0.944656074	0.8206556439	4.121889591
2518	0.9320789576	0.9320789576	0	0	0	0.9449648857	0.8168698549	4.121778011
2519	0.9314972162	0.9314972162	0	0	0	0.9460462928	0.8182193041	4.121497154
2520	0.9466147423	0.9466147423	0	0	0	0.9508627057	0.8277196288	4.121919632
2521	0.9129683375	0.9129683375	0	0	0	0.9462316632	0.822840929	4.12278986
2522	0.9005635381	0.9005635381	0	0	0	0.9479550719	0.8290278912	4.122618198
2523	0.9024245739	0.9024245739	0	0	0	0.9512039423	0.8384205103	4.122983456
2524	0.9054463506	0.9054463506	0	0	0	0.9494873285	0.834965229	4.122689724
2525	0.8969888091	0.8969888091	0	0	0	0.9454900026	0.8278977275	4.122411251
2526	0.9037920833	0.9037920833	0	0	0	0.9501442909	0.8348282576	4.12196207
2527	0.892570138	0.892570138	0	0	0	0.9493467212	0.8324233294	4.121816635
2528	0.9489071965	0.9489071965	0	0	0	0.9575878382	0.8453816772	4.121873379
2529	0.9578288198	0.9578288198	0	0	0	0.9558212757	0.8456528783	4.122785091
2530	0.9248331785	0.9248331785	0	0	0	0.9561129808	0.8456518054	4.122227192
2531	0.8927103877	0.8927103877	0	0	0	0.9555627108	0.8454888463	4.122117043
2532	0.8961027265	0.8961027265	0	0	0	0.9550839663	0.8469779491	4.121836662
2533	0.8743534088	0.8743534088	0	0	0	0.9551018476	0.8449137807	4.121807575
2534	0.8192676306	0.8192676306	0	0	0	0.9519039392	0.8345552087	4.121370316
2535	0.7503670454	0.7503670454	0	0	0	0.9500578046	0.8341273069	4.121531963
2536	0.7640368342	0.7640368342	0	0	0	0.9525945783	0.8396202922	4.121369839
2537	0.7263715863	0.7263715863	0	0	0	0.9512072206	0.8416484594	4.122605324
2538	0.7451672554	0.7451672554	0	0	0	0.9528085589	0.8421492577	4.122200966
2539	0.7390862703	0.7390862703	0	0	0	0.9536177516	0.8442900777	4.122179508
2540	0.7245895863	0.7245895863	0	0	0	0.9520719647	0.8444315791	4.122321129
2541	0.7680246234	0.7680246234	0	0	0	0.9538548589	0.8422967196	4.12196207
2542	0.7417958379	0.7417958379	0	0	0	0.9522997737	0.8363234997	4.121742249
2543	0.7635343671	0.7635343671	0	0	0	0.9515096545	0.8365645409	4.121468067
2544	0.7880905867	0.7880905867	0	0	0	0.9541375041	0.8395956755	4.121860981
2545	0.7496613264	0.7496613264	0	0	0	0.9530051947	0.8415074944	4.122811317
2546	0.7429665327	0.7429665327	0	0	0	0.9542979002	0.8449838758	4.122526169
2547	0.739826858	0.739826858	0	0	0	0.95638901	0.8507624865	4.122774124
2548	0.7187004685	0.7187004685	0	0	0	0.9524620771	0.8457991481	4.122573853
2549	0.7784881592	0.7784881592	0	0	0	0.9562450647	0.8475808501	4.122315884
2550	0.7588080168	0.7588080168	0	0	0	0.956168294	0.8443437219	4.121991634
2551	0.7491778135	0.7491778135	0	0	0	0.9552174807	0.8435083032	4.121746063
2552	0.7880665064	0.7880665064	0	0	0	0.9586516619	0.8508991003	4.121897697
2553	0.7528040409	0.7528040409	0	0	0	0.9546138048	0.8463179469	4.122989655
2554	0.7290358543	0.7290358543	0	0	0	0.9534766674	0.8432044983	4.122262478
2555	0.7452103496	0.7452103496	0	0	0	0.9556981325	0.847851634	4.122316837
2556	0.7501955628	0.7501955628	0	0	0	0.9533533454	0.8462822437	4.122062683
2557	0.8018041253	0.8018041253	0	0	0	0.9538069963	0.8417309523	4.121849537
2558	0.7940413952	0.7940413952	0	0	0	0.9517842531	0.8333399892	4.121452808
2559	0.7818011045	0.7818011045	0	0	0	0.9491368532	0.8298946619	4.121433258
2560	0.8154993653	0.8154993653	0	0	0	0.9520685077	0.8371080756	4.121938229
2561	0.798584342	0.798584342	0	0	0	0.9472347498	0.8312709332	4.122797012
2562	0.7786249518	0.7786249518	0	0	0	0.9470677376	0.8321176171	4.122090816
2563	0.7697316408	0.7697316408	0	0	0	0.9502353668	0.837749362	4.122217178
2564	0.7627577186	0.7627577186	0	0	0	0.947724402	0.8387055993	4.122237206
2565	0.8046481013	0.8046481013	0	0	0	0.9476446509	0.8329880238	4.122160912
2566	0.7857900262	0.7857900262	0	0	0	0.9485645294	0.8272197247	4.121695042
2567	0.8056685328	0.8056685328	0	0	0	0.9490234852	0.830365479	4.121417999
2568	0.8526334167	0.8526334167	0	0	0	0.9572329521	0.8466156721	4.122067928
2569	0.819257617	0.819257617	0	0	0	0.9557282329	0.8466895223	4.122683048
2570	0.8072594404	0.8072594404	0	0	0	0.9575904012	0.8502315283	4.122241974
2571	0.746443212	0.746443212	0	0	0	0.953549087	0.8444857001	4.122227669
2572	0.7408869863	0.7408869863	0	0	0	0.9532091022	0.848733604	4.122423649
2573	0.7771412134	0.7771412134	0	0	0	0.9562821388	0.8483824134	4.122412682
2574	0.7755150795	0.7755150795	0	0	0	0.954690814	0.8386800885	4.121494293
2575	0.7769057751	0.7769057751	0	0	0	0.9536389112	0.8403477669	4.121683121
2576	0.8335745931	0.8335745931	0	0	0	0.9583643079	0.8492411375	4.121987343
2577	0.843305707	0.843305707	0	0	0	0.9570139647	0.8494425416	4.122428417
2578	0.8340655565	0.8340655565	0	0	0	0.958240509	0.8490430713	4.122173309
2579	0.8287995458	0.8287995458	0	0	0	0.9578241706	0.8462207317	4.121900082
2580	0.8409796953	0.8409796953	0	0	0	0.95831424	0.8518338799	4.121952534
2581	0.8807603717	0.8807603717	0	0	0	0.9558544159	0.8438299298	4.121902466
2582	0.8872154951	0.8872154951	0	0	0	0.9537079334	0.8346783519	4.121382236
2583	0.9016548991	0.9016548991	0	0	0	0.9526467323	0.8371561766	4.121650696
2584	0.9298799634	0.9298799634	0	0	0	0.956225276	0.844329536	4.121881962
2585	0.918448925	0.918448925	0	0	0	0.9546782374	0.8450106382	4.122640133
2586	0.9150089025	0.9150089025	0	0	0	0.9549816847	0.844161272	4.122117043
2587	0.9214354157	0.9214354157	0	0	0	0.9578467011	0.8480476141	4.121927738
2588	0.8967127204	0.8967127204	0	0	0	0.9587082863	0.8520331383	4.122014523
2589	0.9430128932	0.9430128932	0	0	0	0.9568349123	0.8439505696	4.122190952
2590	0.920057416	0.920057416	0	0	0	0.9542158842	0.8362888098	4.121509552
2591	0.9440153837	0.9440153837	0	0	0	0.9553137422	0.842230022	4.121341705
2592	1.007246614	1.007246614	0	0	0	0.9598318934	0.8519777656	4.122111797
2593	0.9443059564	0.9443059564	0	0	0	0.9574247003	0.8489197493	4.122629642
2594	0.926905334	0.926905334	0	0	0	0.9588392377	0.8512791395	4.122115135
2595	0.8759148121	0.8759148121	0	0	0	0.9567448497	0.8473532796	4.122074604
2596	0.8692026734	0.8692026734	0	0	0	0.9589468837	0.853692472	4.122309208
2597	0.8684262037	0.8684262037	0	0	0	0.9550577998	0.8447024226	4.122281075
2598	0.8707159162	0.8707159162	0	0	0	0.9520154595	0.8343564272	4.121430397
2599	0.8884879351	0.8884879351	0	0	0	0.9550713897	0.8437697291	4.12153244
2600	0.9322466254	0.9322466254	0	0	0	0.9590535164	0.8529654145	4.121908188
2601	0.9326130152	0.9326130152	0	0	0	0.9586080909	0.8520453572	4.121989727
2602	0.9210166931	0.9210166931	0	0	0	0.9578464031	0.8513184786	4.122119904
2603	0.9416154027	0.9416154027	0	0	0	0.9582676888	0.8504642248	4.12217617
2604	0.9393239021	0.9393239021	0	0	0	0.9562677741	0.8491976857	4.121831894
2605	0.9967894554	0.9967894554	0	0	0	0.950035274	0.8371787071	4.122154236
2606	1.047949076	1.047949076	0	0	0	0.9473767281	0.8282315135	4.121616364
2607	1.106750846	1.106750846	0	0	0	0.9475954771	0.8324375153	4.121778488
2608	1.154722452	1.154722452	0	0	0	0.9504227638	0.8376574516	4.122030258
2609	1.160882711	1.160882711	0	0	0	0.9492350221	0.8378327489	4.122391701
2610	1.18071723	1.18071723	0	0	0	0.9484024048	0.8366485834	4.122094154
2611	1.149675131	1.149675131	0	0	0	0.949213326	0.8371139765	4.122041702
2612	1.137868762	1.137868762	0	0	0	0.9515510798	0.8414016962	4.122099876
2613	1.148685098	1.148685098	0	0	0	0.9434508085	0.8290462494	4.121999264
2614	1.16596055	1.16596055	0	0	0	0.9380786419	0.81654948	4.121606827
2615	1.176060319	1.176060319	0	0	0	0.9451290965	0.8321294188	4.12144804
2616	1.18956089	1.18956089	0	0	0	0.9457144141	0.8353816271	4.122295856
2617	1.160207987	1.160207987	0	0	0	0.9414898753	0.8299641609	4.122617722
2618	1.148814321	1.148814321	0	0	0	0.9361924529	0.823076129	4.122363567
2619	1.125195265	1.125195265	0	0	0	0.9362199903	0.822815299	4.122193336
2620	1.125340581	1.125340581	0	0	0	0.9430632591	0.8364197612	4.122559547
2621	1.123723388	1.123723388	0	0	0	0.9446169734	0.833589077	4.121870518
2622	1.145551443	1.145551443	0	0	0	0.9393889308	0.8219287395	4.121478081
2623	1.148829103	1.148829103	0	0	0	0.9500821233	0.8417838812	4.121668816
2624	1.18621707	1.18621707	0	0	0	0.9557594061	0.8515280485	4.122288704
2625	1.211407542	1.211407542	0	0	0	0.9529978633	0.8437832594	4.122423649
2626	1.231792688	1.231792688	0	0	0	0.9539635181	0.8451382518	4.122433662
2627	1.252444863	1.252444863	0	0	0	0.9567965269	0.8490773439	4.122339725
2628	1.232004404	1.232004404	0	0	0	0.958783567	0.8567546606	4.122641563
2629	1.245080829	1.245080829	0	0	0	0.9553910494	0.8503760099	4.122481346
2630	1.324431896	1.324431896	0	0	0	0.950623095	0.8374020457	4.121851444
2631	1.323986411	1.323986411	0	0	0	0.9543238878	0.8462679982	4.122001648
2632	1.317023158	1.317023158	0	0	0	0.956353128	0.8503490686	4.123079777
2633	1.311983109	1.311983109	0	0	0	0.954482913	0.8457343578	4.123123169
2634	1.346616149	1.346616149	0	0	0	0.9555461407	0.8485472798	4.12277317
2635	1.332532883	1.332532883	0	0	0	0.9562815428	0.8490977287	4.122593403
2636	1.300517321	1.300517321	0	0	0	0.9585309029	0.8569025397	4.12291193
2637	1.297271132	1.297271132	0	0	0	0.9580376148	0.8541350365	4.122133732
2638	1.326887965	1.326887965	0	0	0	0.9484063983	0.8287537694	4.122053146
2639	1.364694953	1.364694953	0	0	0	0.9550952911	0.841683805	4.122032166
2640	1.418090463	1.418090463	0	0	0	0.962721169	0.8610111475	4.122969151
2641	1.345297694	1.345297694	0	0	0	0.9603829384	0.856724143	4.12305975
2642	1.321126461	1.321126461	0	0	0	0.9585306048	0.8531501293	4.12280941
2643	1.307842493	1.307842493	0	0	0	0.960352838	0.8585298657	4.122977257
2644	1.2412709	1.2412709	0	0	0	0.9615957141	0.8653991222	4.123095036
2645	1.244667292	1.244667292	0	0	0	0.9615804553	0.8637728095	4.122786522
2646	1.302629948	1.302629948	0	0	0	0.9575363398	0.8528844118	4.122278214
2647	1.355080366	1.355080366	0	0	0	0.9613900781	0.8600396514	4.12232542
2648	1.371965289	1.371965289	0	0	0	0.9631533027	0.8667286634	4.123014927
2649	1.344524741	1.344524741	0	0	0	0.9608015418	0.8616763353	4.123301506
2650	1.275328636	1.275328636	0	0	0	0.9607615471	0.8580424786	4.122900963
2651	1.213149071	1.213149071	0	0	0	0.9647475481	0.8669735193	4.122877121
2652	1.085098028	1.085098028	0	0	0	0.9613415003	0.8650048375	4.122695923
2653	1.068821788	1.068821788	0	0	0	0.9612461329	0.8636285067	4.122464657
2654	1.042108297	1.042108297	0	0	0	0.9578293562	0.8542169929	4.122374535
2655	1.023554087	1.023554087	0	0	0	0.9576243162	0.8533547521	4.122116566
2656	1.005184412	1.005184412	0	0	0	0.9608393312	0.8599095345	4.122817039
2657	0.9596077204	0.9596077204	0	0	0	0.9597340822	0.8593675494	4.123251915
2658	1.008643508	1.008643508	0	0	0	0.9613568187	0.8596209288	4.12292099
2659	1.037803888	1.037803888	0	0	0	0.9637839794	0.8657090068	4.123023033
2660	0.9887415767	0.9887415767	0	0	0	0.9597498775	0.8634449244	4.122799397
2661	1.077014327	1.077014327	0	0	0	0.9630724788	0.8668462038	4.122532845
2662	1.057728648	1.057728648	0	0	0	0.9561799169	0.8513020277	4.122493744
2663	1.066230536	1.066230536	0	0	0	0.9582185149	0.8573701978	4.122015476
2664	1.071563125	1.071563125	0	0	0	0.9621657133	0.8667532802	4.122943878
2665	1.061100721	1.061100721	0	0	0	0.9615365863	0.8632687926	4.123307228
2666	1.060977936	1.060977936	0	0	0	0.9605967999	0.8602105379	4.123041153
2667	1.064468384	1.064468384	0	0	0	0.9617724419	0.8638802767	4.123235226
2668	1.015164733	1.015164733	0	0	0	0.9593857527	0.8621131182	4.123033047
2669	1.062346339	1.062346339	0	0	0	0.9621465802	0.8668521047	4.122638226
2670	1.063278556	1.063278556	0	0	0	0.9590443969	0.8582562208	4.122405529
2671	1.082902431	1.082902431	0	0	0	0.9617789388	0.8635956049	4.122364044
2672	1.106335282	1.106335282	0	0	0	0.9660594463	0.8726614118	4.122439384
2673	1.10989666	1.10989666	0	0	0	0.9647321105	0.8685200214	4.123381138
2674	1.056156874	1.056156874	0	0	0	0.9641035199	0.8667837977	4.122704983
2675	1.110709071	1.110709071	0	0	0	0.9666080475	0.8731399775	4.122577667
2676	0.9935807586	0.9935807586	0	0	0	0.9635224938	0.8675435185	4.122110367
2677	1.019845128	1.019845128	0	0	0	0.9648193121	0.8693077564	4.121769428
2678	0.9596111774	0.9596111774	0	0	0	0.9611714482	0.8590259552	4.12191534
2679	0.8669258952	0.8669258952	0	0	0	0.9600640535	0.8579396605	4.121809483
2680	0.8488608599	0.8488608599	0	0	0	0.9628275037	0.8636713624	4.122575283
2681	0.8035594225	0.8035594225	0	0	0	0.9617621303	0.8620610237	4.123224735
2682	0.800257206	0.800257206	0	0	0	0.9637546539	0.8660883307	4.122930527
2683	0.8100783825	0.8100783825	0	0	0	0.9632746577	0.8667550087	4.122774601
2684	0.7538018227	0.7538018227	0	0	0	0.9615916014	0.8659813404	4.122402191
2685	0.8092266917	0.8092266917	0	0	0	0.9631172419	0.8674765229	4.121932983
2686	0.7871170044	0.7871170044	0	0	0	0.9594160914	0.8560646772	4.122119904
2687	0.7694013715	0.7694013715	0	0	0	0.9598734975	0.8577357531	4.121996403
2688	0.7660201192	0.7660201192	0	0	0	0.9620907903	0.8625283837	4.122647762
2689	0.767598033	0.767598033	0	0	0	0.9617947936	0.8626868129	4.123334408
2690	0.7362439632	0.7362439632	0	0	0	0.96103549	0.8602208495	4.122922421
2691	0.7805609703	0.7805609703	0	0	0	0.9632601142	0.866048336	4.122914314
2692	0.7607104182	0.7607104182	0	0	0	0.963078618	0.8662901521	4.122665405
2693	0.7547815442	0.7547815442	0	0	0	0.9617546797	0.8640385866	4.122443676
2694	0.7537921667	0.7537921667	0	0	0	0.9594550133	0.8555472493	4.122298717
2695	0.7505815625	0.7505815625	0	0	0	0.9579856396	0.8516556025	4.12187767
2696	0.7729216218	0.7729216218	0	0	0	0.9648125172	0.8669646382	4.122056484
2697	0.7517741919	0.7517741919	0	0	0	0.962880969	0.8631961346	4.123409271
2698	0.7226473093	0.7226473093	0	0	0	0.9596238136	0.8553884625	4.122775078
2699	0.8229260445	0.8229260445	0	0	0	0.9605212212	0.859351933	4.122192383
2700	0.7782133818	0.7782133818	0	0	0	0.9543534517	0.851516068	4.121961594
2701	0.8060011268	0.8060011268	0	0	0	0.9553239942	0.8519333601	4.121743202
2702	0.8005157709	0.8005157709	0	0	0	0.9514992237	0.842115283	4.121872902
2703	0.7901349664	0.7901349664	0	0	0	0.9481201172	0.8363265991	4.121710777
2704	0.7809695005	0.7809695005	0	0	0	0.9494713545	0.8412325978	4.122402191
2705	0.7475031018	0.7475031018	0	0	0	0.9474936724	0.8378252983	4.123098373
2706	0.7154278159	0.7154278159	0	0	0	0.951548636	0.8445270061	4.122496605
2707	0.7521384954	0.7521384954	0	0	0	0.9486241341	0.8420777321	4.122312069
2708	0.7287160158	0.7287160158	0	0	0	0.9449816346	0.8374724388	4.121959686
2709	0.7622317076	0.7622317076	0	0	0	0.9434042573	0.8343107104	4.121870995
2710	0.7392415404	0.7392415404	0	0	0	0.9370474815	0.8235647082	4.121790886
2711	0.7448635697	0.7448635697	0	0	0	0.9342219234	0.8181601167	4.121556759
2712	0.7480311394	0.7480311394	0	0	0	0.932570219	0.8200055957	4.121963024
2713	0.7816032171	0.7816032171	0	0	0	0.9331559539	0.8217666149	4.123003483
2714	0.7517609596	0.7517609596	0	0	0	0.9336394072	0.8223904371	4.122580528
2715	0.7638260126	0.7638260126	0	0	0	0.938459754	0.8272334337	4.122381687
2716	0.7650130391	0.7650130391	0	0	0	0.9227517247	0.8094846606	4.121957779
2717	0.7856688499	0.7856688499	0	0	0	0.9212446809	0.8081129193	4.12187624
2718	0.7753866911	0.7753866911	0	0	0	0.9218969941	0.80432266	4.121685505
2719	0.7827929258	0.7827929258	0	0	0	0.9235857129	0.8045440912	4.121547222
2720	0.7508630157	0.7508630157	0	0	0	0.9312683344	0.8177182078	4.121502876
2721	0.7985323668	0.7985323668	0	0	0	0.9263660908	0.8166769147	4.122081757
2722	0.7822711468	0.7822711468	0	0	0	0.9220300317	0.807505846	4.122187614
2723	0.8066553473	0.8066553473	0	0	0	0.922470808	0.8080642223	4.121865273
2724	0.7710713744	0.7710713744	0	0	0	0.9175158143	0.800252378	4.121520042
2725	0.7685650587	0.7685650587	0	0	0	0.9172295332	0.8012596369	4.121426105
2726	0.7294993401	0.7294993401	0	0	0	0.9109299779	0.7860663533	4.121333122
2727	0.7509542108	0.7509542108	0	0	0	0.9126160741	0.7869744897	4.12127161
2728	0.7401309609	0.7401309609	0	0	0	0.9181801677	0.7983906865	4.121634483
2729	0.7639694214	0.7639694214	0	0	0	0.9215855598	0.805886507	4.122271538
2730	0.7349944115	0.7349944115	0	0	0	0.9194079041	0.8036126494	4.122004509
2731	0.741838038	0.741838038	0	0	0	0.9243479371	0.8097416162	4.121845245
2732	0.7554380894	0.7554380894	0	0	0	0.9180218577	0.8005469441	4.121507168
2733	0.7856718898	0.7856718898	0	0	0	0.9147921801	0.7969872355	4.121508121
2734	0.7674875855	0.7674875855	0	0	0	0.9141775966	0.7927894592	4.121268272
2735	0.7707833648	0.7707833648	0	0	0	0.9174950719	0.7957425714	4.121324062
2736	0.7725280523	0.7725280523	0	0	0	0.9256389141	0.8089432716	4.121801853
2737	0.8276016712	0.8276016712	0	0	0	0.9229462743	0.8085272908	4.122373104
2738	0.7621029615	0.7621029615	0	0	0	0.9308816791	0.8193562031	4.122067451
2739	0.77270329	0.77270329	0	0	0	0.9370262623	0.8264310956	4.121849537
2740	0.7457496524	0.7457496524	0	0	0	0.9325128198	0.8139753938	4.121547222
2741	0.7661398053	0.7661398053	0	0	0	0.9321091175	0.8123942614	4.121406555
2742	0.7751024365	0.7751024365	0	0	0	0.931959033	0.8101915717	4.121295452
2743	0.7904763222	0.7904763222	0	0	0	0.9342831373	0.8126120567	4.121220112
2744	0.7740035057	0.7740035057	0	0	0	0.9405106902	0.8241972327	4.121091366
2745	0.7499122024	0.7499122024	0	0	0	0.9454531074	0.833497107	4.121655464
2746	0.6811748743	0.6811748743	0	0	0	0.9440104961	0.8335313201	4.121767998
2747	0.7021852136	0.7021852136	0	0	0	0.9460902214	0.8385553956	4.121706486
2748	0.6801692843	0.6801692843	0	0	0	0.9439021349	0.8310778737	4.121393204
2749	0.7042172551	0.7042172551	0	0	0	0.9412685633	0.8257151246	4.121171951
2750	0.6948928833	0.6948928833	0	0	0	0.9409095049	0.8246273994	4.121134281
2751	0.6883179545	0.6883179545	0	0	0	0.9437898993	0.8297871351	4.121339321
2752	0.691028893	0.691028893	0	0	0	0.9472460747	0.8351974487	4.121507168
2753	0.6922883391	0.6922883391	0	0	0	0.9468861818	0.8328751326	4.122356415
2754	0.640630126	0.640630126	0	0	0	0.9459459186	0.8306846619	4.12229681
2755	0.6589707136	0.6589707136	0	0	0	0.9493508339	0.836651206	4.122056007
2756	0.6609476209	0.6609476209	0	0	0	0.9466927648	0.8291560411	4.121446133
2757	0.6921464205	0.6921464205	0	0	0	0.9419836998	0.8213967085	4.121290207
2758	0.6780012846	0.6780012846	0	0	0	0.9407439232	0.8165037036	4.121182919
2759	0.6697704792	0.6697704792	0	0	0	0.9426733851	0.8190026283	4.121356964
2760	0.6605331898	0.6605331898	0	0	0	0.9445647001	0.8230320811	4.12179327
2761	0.6653120518	0.6653120518	0	0	0	0.9488255382	0.8329755664	4.12268734
2762	0.6023502946	0.6023502946	0	0	0	0.9495854378	0.8395531178	4.122593403
2763	0.6199182868	0.6199182868	0	0	0	0.9512386322	0.8438462019	4.122294426
2764	0.6418529153	0.6418529153	0	0	0	0.9464554787	0.8339724541	4.121824741
2765	0.6849689484	0.6849689484	0	0	0	0.9444203377	0.8284465075	4.121610165
2766	0.677885592	0.677885592	0	0	0	0.943821311	0.8248159289	4.121638298
2767	0.6878885627	0.6878885627	0	0	0	0.9426606297	0.8228592873	4.121603966
2768	0.663085103	0.663085103	0	0	0	0.9448606372	0.8262265325	4.121515751
2769	0.6255898476	0.6255898476	0	0	0	0.9515542388	0.8371094465	4.122140408
2770	0.5757118464	0.5757118464	0	0	0	0.9511751533	0.8399274945	4.122620106
2771	0.5940903425	0.5940903425	0	0	0	0.952971518	0.8445961475	4.122640133
2772	0.5983681679	0.5983681679	0	0	0	0.9489251375	0.8367656469	4.121908665
2773	0.6349785924	0.6349785924	0	0	0	0.946608603	0.8315552473	4.121780396
2774	0.6385927796	0.6385927796	0	0	0	0.9465252757	0.8291096687	4.121952057
2775	0.6243517995	0.6243517995	0	0	0	0.9482161999	0.8320450783	4.122375011
2776	0.6114412546	0.6114412546	0	0	0	0.9489302635	0.8332349062	4.12280798
2777	0.6035369039	0.6035369039	0	0	0	0.9502946734	0.8347486854	4.123393059
2778	0.5814666152	0.5814666152	0	0	0	0.9536067247	0.8425960541	4.123209476
2779	0.5940762162	0.5940762162	0	0	0	0.9544417858	0.8462160826	4.122795582
2780	0.6219626665	0.6219626665	0	0	0	0.9554957151	0.8457368016	4.122241974
2781	0.6563833952	0.6563833952	0	0	0	0.9528219104	0.8393201232	4.121970177
2782	0.6593143344	0.6593143344	0	0	0	0.9508937001	0.8327060938	4.121946335
2783	0.6515215635	0.6515215635	0	0	0	0.953093648	0.8378642201	4.122107983
2784	0.6429314613	0.6429314613	0	0	0	0.9523066282	0.8389208913	4.122747421
