sample	stable_mse	final_mse	gain	mapping_gate	shape_gate	scale_gate	shift_gate	pattern_entropy
0	1.169139266	1.169139266	0	0	0.1214156523	0.1212902591	0.1213571206	0
1	1.070756793	1.070756793	0	0	0.1213599518	0.1212128922	0.1213166341	0
2	1.038920879	1.038920879	0	0	0.1213794127	0.1213651299	0.1212195382	0
3	1.172994614	1.172994614	0	0	0.1215656996	0.1214421913	0.1215268299	0
4	1.414013147	1.414013147	0	0	0.1215503961	0.1213731244	0.1215488687	0
5	1.53758812	1.53758812	0	0	0.1213964745	0.1213677004	0.1212303042	0
6	1.676209688	1.676209688	0	0	0.1215296015	0.1215926632	0.1212751046	0
7	2.115700722	2.115700722	0	0	0.12145596	0.1214266196	0.1213598102	0
8	2.467650175	2.467650175	0	0	0.1214080527	0.1213146076	0.1212983876	0
9	2.714031696	2.714031696	0	0	0.1213464513	0.1213245243	0.1211810783	0
10	2.802915335	2.802915335	0	0	0.1214314774	0.1214331314	0.1212478206	0
11	2.682617188	2.682617188	0	0	0.1214192733	0.1214069948	0.1212778091	0
12	2.408931732	2.408931732	0	0	0.121400699	0.1213361993	0.1212775558	0
13	2.180864811	2.180864811	0	0	0.1213291511	0.1213414893	0.1211311668	0
14	1.92043221	1.92043221	0	0	0.1214037538	0.1214393824	0.1212087125	0
15	1.45103097	1.45103097	0	0	0.1213844419	0.1214234456	0.1212420091	0
16	1.302548528	1.302548528	0	0	0.1214252636	0.1213406846	0.121318616	0
17	1.331725836	1.331725836	0	0	0.1213363484	0.1213071495	0.1212004647	0
18	1.546521068	1.546521068	0	0	0.1213987023	0.1213447228	0.1212974638	0
19	1.728189707	1.728189707	0	0	0.1214069277	0.121352993	0.121296905	0
20	1.941908479	1.941908479	0	0	0.1214177012	0.1213393658	0.1213110536	0
21	2.106360674	2.106360674	0	0	0.121405378	0.1213379428	0.1213008687	0
22	2.191366911	2.191366911	0	0	0.1214248016	0.1214155778	0.1212922111	0
23	2.265130997	2.265130997	0	0	0.1214449257	0.1213890389	0.1213505045	0
24	2.320090771	2.320090771	0	0	0.1213282421	0.121201694	0.1212691218	0
25	2.202909231	2.202909231	0	0	0.1213517934	0.1212707236	0.1212383434	0
26	2.085109949	2.085109949	0	0	0.1214004233	0.1212759167	0.1213444099	0
27	2.026495457	2.026495457	0	0	0.1214618534	0.1212858409	0.1214163229	0
28	2.22483325	2.22483325	0	0	0.1214398891	0.1213023067	0.1213928536	0
29	2.47486496	2.47486496	0	0	0.1215377077	0.1213836297	0.1214761883	0
30	2.895730734	2.895730734	0	0	0.1213727742	0.1212789342	0.1213025376	0
31	2.902919054	2.902919054	0	0	0.1214748248	0.1213173494	0.1214314029	0
32	3.224560976	3.224560976	0	0	0.1214628965	0.1212980673	0.1213991567	0
33	3.479023457	3.479023457	0	0	0.1214067191	0.1212856397	0.1212947443	0
34	3.586775064	3.586775064	0	0	0.1213901043	0.1213160232	0.1212591901	0
35	3.489872456	3.489872456	0	0	0.1214285567	0.1212832555	0.1213125512	0
36	3.029842138	3.029842138	0	0	0.121394448	0.1213159934	0.121247448	0
37	2.314633608	2.314633608	0	0	0.1213916019	0.1212985888	0.1212476715	0
38	1.413218617	1.413218617	0	0	0.1213719696	0.121318154	0.1212165877	0
39	1.280596852	1.280596852	0	0	0.1213889048	0.1213242784	0.1213019639	0
40	0.9059427381	0.9059427381	0	0	0.1213822886	0.1213584915	0.1212301999	0
41	0.9684801698	0.9684801698	0	0	0.1213192269	0.1212780848	0.1212032959	0
42	1.121028781	1.121028781	0	0	0.1213571802	0.1213261113	0.1212647557	0
43	1.253080726	1.253080726	0	0	0.1213871986	0.1213367581	0.1212852672	0
44	1.386209249	1.386209249	0	0	0.1214589328	0.1214000657	0.1213420108	0
45	1.488639593	1.488639593	0	0	0.1214354858	0.1213710234	0.1213384047	0
46	1.452349544	1.452349544	0	0	0.1214445755	0.1213840917	0.1213347241	0
47	1.373170853	1.373170853	0	0	0.121407032	0.1214251667	0.1212443262	0
48	1.345678329	1.345678329	0	0	0.1214027479	0.1212839112	0.1213403717	0
49	1.255809784	1.255809784	0	0	0.1212613583	0.1211888865	0.121172525	0
50	1.126420498	1.126420498	0	0	0.121356599	0.1212886944	0.1212625876	0
51	1.007512927	1.007512927	0	0	0.121459797	0.1213530749	0.1213794723	0
52	0.8887571692	0.8887571692	0	0	0.1214685291	0.1213537827	0.12138284	0
53	1.023530841	1.023530841	0	0	0.1214783862	0.1214021295	0.1213777885	0
54	0.9974646568	0.9974646568	0	0	0.1214488298	0.1214548871	0.1212920174	0
55	1.077861905	1.077861905	0	0	0.1214348152	0.1214829683	0.1212684363	0
56	1.142243624	1.142243624	0	0	0.1214468554	0.1213965788	0.1213467941	0
57	1.27282393	1.27282393	0	0	0.1213738248	0.1213172525	0.1212580875	0
58	1.599433661	1.599433661	0	0	0.1213931292	0.1213638037	0.1212685108	0
59	1.846643686	1.846643686	0	0	0.1214544028	0.1213735268	0.1213349178	0
60	2.162470579	2.162470579	0	0	0.1213966012	0.1212999895	0.1212698743	0
61	1.769632339	1.769632339	0	0	0.121347256	0.1213066652	0.1211774349	0
62	1.597439528	1.597439528	0	0	0.1213826388	0.1213828996	0.1212177351	0
63	1.302256942	1.302256942	0	0	0.1213795617	0.1213805303	0.1212439463	0
64	1.331214547	1.331214547	0	0	0.1213355511	0.1213313341	0.1212017015	0
65	1.555782914	1.555782914	0	0	0.121365495	0.1213681772	0.121234335	0
66	1.812507629	1.812507629	0	0	0.1213183179	0.1213008538	0.1212192178	0
67	2.01331687	2.01331687	0	0	0.1213857532	0.1213524342	0.1212551221	0
68	2.129498005	2.129498005	0	0	0.1214080602	0.1213921383	0.1212774143	0
69	2.225255966	2.225255966	0	0	0.1214313656	0.1213981435	0.1213038787	0
70	2.144685507	2.144685507	0	0	0.1213852614	0.1214004382	0.1212194711	0
71	2.112047911	2.112047911	0	0	0.12144766	0.1213852838	0.1213417724	0
72	2.026390791	2.026390791	0	0	0.121315293	0.1212373823	0.1212318093	0
73	1.805213928	1.805213928	0	0	0.1213417873	0.1212196946	0.1212884933	0
74	1.570909142	1.570909142	0	0	0.1214112416	0.1213031784	0.1213527769	0
75	1.423036575	1.423036575	0	0	0.1214701161	0.1212888956	0.1214443073	0
76	1.367685318	1.367685318	0	0	0.1214356422	0.1213259324	0.121370025	0
77	1.147642851	1.147642851	0	0	0.1214644089	0.1214027852	0.1213563085	0
78	1.210775971	1.210775971	0	0	0.1214028448	0.1213781983	0.1212544218	0
79	1.19655776	1.19655776	0	0	0.1214405075	0.121334739	0.1213758364	0
80	1.408141255	1.408141255	0	0	0.121389769	0.121239081	0.1213386133	0
81	1.647683859	1.647683859	0	0	0.1213738173	0.1212538704	0.121314384	0
82	1.825542212	1.825542212	0	0	0.1214590445	0.1213706881	0.1213563606	0
83	1.830856442	1.830856442	0	0	0.1214200482	0.1213374287	0.1213113591	0
84	1.659449935	1.659449935	0	0	0.1214004159	0.1213380769	0.1212604418	0
85	1.509182692	1.509182692	0	0	0.1213731393	0.1213497892	0.1212109178	0
86	1.109406829	1.109406829	0	0	0.1214521602	0.1213680133	0.1213229448	0
87	1.145753026	1.145753026	0	0	0.1213798076	0.1212957874	0.1213200092	0
88	1.113700986	1.113700986	0	0	0.1214346811	0.1213246658	0.1213545129	0
89	1.322410583	1.322410583	0	0	0.1213642731	0.1213002577	0.121250391	0
90	1.510664821	1.510664821	0	0	0.1214131117	0.121338591	0.1213246658	0
91	1.668205261	1.668205261	0	0	0.1213627085	0.121336408	0.1212354824	0
92	1.79520607	1.79520607	0	0	0.1213603094	0.1213460341	0.1212364584	0
93	1.89313972	1.89313972	0	0	0.121400848	0.1214188263	0.1212555841	0
94	1.837282419	1.837282419	0	0	0.1214791536	0.121486254	0.1213362888	0
95	1.836776733	1.836776733	0	0	0.121434167	0.1213753298	0.1213464588	0
96	1.774095774	1.774095774	0	0	0.1213968396	0.1212855354	0.1213365868	0
97	1.611097097	1.611097097	0	0	0.1213824823	0.1212820187	0.1213080212	0
98	1.471269846	1.471269846	0	0	0.1214071587	0.1212583408	0.1213604361	0
99	1.508751988	1.508751988	0	0	0.1214618012	0.1213053614	0.1214104369	0
100	1.613663793	1.613663793	0	0	0.1214466169	0.1213011667	0.1213930249	0
101	1.932374358	1.932374358	0	0	0.1214439869	0.1214053035	0.1213332936	0
102	2.344645023	2.344645023	0	0	0.1214532852	0.1214269549	0.1213145927	0
103	2.709536791	2.709536791	0	0	0.1215029433	0.1214548275	0.121422641	0
104	3.045036316	3.045036316	0	0	0.1214893684	0.121375598	0.1214339882	0
105	3.305083036	3.305083036	0	0	0.1214069799	0.1213478968	0.1212847456	0
106	3.485717773	3.485717773	0	0	0.1214882135	0.1213724464	0.1213729829	0
107	3.431187153	3.431187153	0	0	0.1214366332	0.1213462129	0.1213160083	0
108	3.198695898	3.198695898	0	0	0.1213854179	0.121340692	0.1212258562	0
109	2.550821066	2.550821066	0	0	0.1213427186	0.1213814467	0.1211393923	0
110	1.88915813	1.88915813	0	0	0.12142355	0.1214288697	0.1212780699	0
111	1.504659891	1.504659891	0	0	0.1213973016	0.1213643104	0.1213046387	0
112	1.366040945	1.366040945	0	0	0.1213304475	0.121295318	0.1212214306	0
113	1.547138453	1.547138453	0	0	0.1213625222	0.1213289499	0.1212503985	0
114	1.77073729	1.77073729	0	0	0.1214318871	0.121338591	0.1213657334	0
115	1.964689493	1.964689493	0	0	0.1213911995	0.1213337183	0.1212887913	0
116	2.145524263	2.145524263	0	0	0.1213913783	0.1213392466	0.1212763339	0
117	2.289690733	2.289690733	0	0	0.1214169487	0.1213668361	0.1213204414	0
118	2.295550823	2.295550823	0	0	0.1213974133	0.1213358641	0.1213243753	0
119	2.260248899	2.260248899	0	0	0.1213756278	0.1212764606	0.1213131696	0
120	2.281434536	2.281434536	0	0	0.121250689	0.1211608052	0.1211730242	0
121	2.184800863	2.184800863	0	0	0.1213710979	0.1212638468	0.1213107109	0
122	1.977093101	1.977093101	0	0	0.1214387864	0.1212483495	0.1214222088	0
123	1.758247375	1.758247375	0	0	0.1214811429	0.1212819219	0.1214622632	0
124	1.538932681	1.538932681	0	0	0.12149138	0.1213147566	0.121461533	0
125	1.279903769	1.279903769	0	0	0.1214965507	0.1213493198	0.1214593276	0
126	1.106517434	1.106517434	0	0	0.1213900223	0.1212781221	0.1213021651	0
127	0.9934284091	0.9934284091	0	0	0.1213982627	0.1213158816	0.1212866455	0
128	0.9223357439	0.9223357439	0	0	0.1214540154	0.1212687641	0.1214356422	0
129	0.8110536933	0.8110536933	0	0	0.1214449853	0.121302858	0.1213704199	0
130	0.8395949602	0.8395949602	0	0	0.1213863119	0.1212961823	0.1212743968	0
131	1.099644303	1.099644303	0	0	0.1214819103	0.1213391423	0.1214058399	0
132	1.448228002	1.448228002	0	0	0.1214505881	0.1213556454	0.1213677302	0
133	1.517883539	1.517883539	0	0	0.121479705	0.1214365438	0.1213265881	0
134	1.442502141	1.442502141	0	0	0.1214450076	0.1214030236	0.1212906837	0
135	1.223606706	1.223606706	0	0	0.1214012355	0.1214023456	0.1212433577	0
136	0.9423866272	0.9423866272	0	0	0.1213561445	0.1213804111	0.1211823076	0
137	0.9424623847	0.9424623847	0	0	0.1213960871	0.1213356256	0.1212848201	0
138	1.068384409	1.068384409	0	0	0.1213342994	0.1212576553	0.1212524399	0
139	1.257779717	1.257779717	0	0	0.1213832647	0.1212942228	0.1213188916	0
140	1.353617549	1.353617549	0	0	0.1214583293	0.1213951856	0.1213581786	0
141	1.377614141	1.377614141	0	0	0.1214422584	0.1213706061	0.1213416383	0
142	1.419959784	1.419959784	0	0	0.1214726418	0.1214688495	0.1213065982	0
143	1.437547326	1.437547326	0	0	0.1214782521	0.1215353087	0.121263817	0
144	1.523993373	1.523993373	0	0	0.1214190647	0.1213587075	0.1212965623	0
145	1.51636374	1.51636374	0	0	0.1213795692	0.1212466508	0.1213139221	0
146	1.506638408	1.506638408	0	0	0.1213335469	0.1212091967	0.1212681532	0
147	1.566564918	1.566564918	0	0	0.1214544401	0.1212737709	0.1214332655	0
148	1.513581157	1.513581157	0	0	0.1214478165	0.121264264	0.1214033961	0
149	1.742818236	1.742818236	0	0	0.1214750409	0.1214106455	0.121365644	0
150	2.10490942	2.10490942	0	0	0.1215730533	0.1215113252	0.1214705855	0
151	2.456498623	2.456498623	0	0	0.1213768646	0.1214410439	0.1211806685	0
152	2.683084249	2.683084249	0	0	0.1214264631	0.121393159	0.1212842092	0
153	2.873197556	2.873197556	0	0	0.1214296818	0.1213102341	0.1213108525	0
154	2.92561841	2.92561841	0	0	0.1213464364	0.1212660074	0.1211898252	0
155	2.830216646	2.830216646	0	0	0.121350579	0.1212670133	0.1211954206	0
156	2.89212203	2.89212203	0	0	0.1213686615	0.1213140637	0.1212246418	0
157	2.444558859	2.444558859	0	0	0.1213965341	0.1213630289	0.1212367639	0
158	1.897254348	1.897254348	0	0	0.1213780493	0.1213449985	0.1212168708	0
159	1.442481995	1.442481995	0	0	0.1213470921	0.1213315949	0.1212040856	0
160	1.313876033	1.313876033	0	0	0.1213861033	0.1213793159	0.1212345883	0
161	1.394952059	1.394952059	0	0	0.1213826165	0.1213800907	0.1212272123	0
162	1.594783187	1.594783187	0	0	0.1213873401	0.1213217899	0.121277079	0
163	1.776990891	1.776990891	0	0	0.1214052513	0.1213542148	0.1212541237	0
164	1.911253929	1.911253929	0	0	0.1213752702	0.1213904843	0.1212121621	0
165	1.985614777	1.985614777	0	0	0.121474348	0.1214176267	0.1213523	0
166	2.0378654	2.0378654	0	0	0.1213865057	0.1213063374	0.1212975234	0
167	2.078658819	2.078658819	0	0	0.1213466302	0.1212574244	0.1212498397	0
168	2.105579853	2.105579853	0	0	0.1212617159	0.1212315112	0.1211397126	0
169	2.105050802	2.105050802	0	0	0.1213577837	0.1212600991	0.1212774068	0
170	2.104789972	2.104789972	0	0	0.1214101091	0.1212708578	0.1213263422	0
171	2.104359865	2.104359865	0	0	0.1214432046	0.1212980375	0.1213729903	0
172	2.104250431	2.104250431	0	0	0.121503517	0.1213942394	0.1214056537	0
173	2.104106188	2.104106188	0	0	0.1215223521	0.1213913709	0.1214450076	0
174	2.104633093	2.104633093	0	0	0.1214290708	0.1213158369	0.1213333085	0
175	2.104110479	2.104110479	0	0	0.1215051264	0.1213848367	0.1214238927	0
176	2.103627682	2.103627682	0	0	0.1217087656	0.1215057001	0.1216590852	0
177	2.103326559	2.103326559	0	0	0.121774666	0.1215026155	0.1217560917	0
178	2.103149414	2.103149414	0	0	0.1218073294	0.1214873195	0.1218019351	0
179	2.103032112	2.103032112	0	0	0.121795848	0.1214815304	0.1217813641	0
180	2.103052378	2.103052378	0	0	0.121823296	0.1215363815	0.1218055338	0
181	2.102763414	2.102763414	0	0	0.1218822673	0.1215603873	0.121875599	0
182	2.103011847	2.103011847	0	0	0.1218082234	0.1214835048	0.1218090728	0
183	2.102629423	2.102629423	0	0	0.1218484789	0.1215253025	0.1218503192	0
184	2.102498293	2.102498293	0	0	0.1219575182	0.1215678677	0.1219784394	0
185	2.165246487	2.165246487	0	0	0.1219902784	0.121521607	0.1220349073	0
186	2.204625607	2.204625607	0	0	0.1219820306	0.121430628	0.1220508963	0
187	2.178803921	2.178803921	0	0	0.1219932586	0.1214626431	0.1220398918	0
188	2.14417243	2.14417243	0	0	0.1220058054	0.1215229183	0.1220490858	0
189	2.063623667	2.063623667	0	0	0.1220169589	0.1214938015	0.1220849827	0
190	1.987184286	1.987184286	0	0	0.1220334098	0.1214904413	0.1221001297	0
191	1.965278983	1.965278983	0	0	0.1220527291	0.1214975491	0.1221194267	0
192	1.899791956	1.899791956	0	0	0.1221048236	0.1214794293	0.1221989766	0
193	1.741768718	1.741768718	0	0	0.1218784899	0.1213375479	0.1219806746	0
194	1.575722337	1.575722337	0	0	0.1218669936	0.1212630495	0.1219699159	0
195	1.529579997	1.529579997	0	0	0.1218578592	0.1213906854	0.1219063774	0
196	1.592587471	1.592587471	0	0	0.1219226569	0.121455662	0.1219774261	0
197	1.805898428	1.805898428	0	0	0.1218639985	0.1215252057	0.1218883321	0
198	2.026440382	2.026440382	0	0	0.1218717769	0.1215752363	0.1218603402	0
199	2.223226786	2.223226786	0	0	0.1219275743	0.1215509027	0.1219444647	0
200	2.530773163	2.530773163	0	0	0.1220530123	0.1215825155	0.1221483499	0
201	2.815024853	2.815024853	0	0	0.1218599603	0.1214199588	0.1219611689	0
202	2.940427542	2.940427542	0	0	0.1218119115	0.12140356	0.121883966	0
203	2.908069134	2.908069134	0	0	0.1218326762	0.1215020865	0.1218529791	0
204	2.661957502	2.661957502	0	0	0.121780172	0.12152832	0.1217647642	0
205	2.165601015	2.165601015	0	0	0.1217778772	0.1215407401	0.1217492893	0
206	1.64915812	1.64915812	0	0	0.1217826754	0.1215296388	0.1217741817	0
207	1.292459249	1.292459249	0	0	0.1217642054	0.1215542555	0.1217586324	0
208	1.009607315	1.009607315	0	0	0.1218493953	0.1215696707	0.1218783408	0
209	0.9770956039	0.9770956039	0	0	0.1216620803	0.1214200333	0.1216967627	0
210	1.063034892	1.063034892	0	0	0.1215413585	0.1214085966	0.1215196401	0
211	1.17409575	1.17409575	0	0	0.1216541454	0.1215334609	0.1215598509	0
212	1.214619279	1.214619279	0	0	0.1215522513	0.1214522123	0.1214861646	0
213	1.250540018	1.250540018	0	0	0.1215680763	0.1214116141	0.1215486974	0
214	1.238560557	1.238560557	0	0	0.1215683967	0.1214146614	0.1215354353	0
215	1.21711266	1.21711266	0	0	0.1215528101	0.1214633659	0.1215032712	0
216	1.229538202	1.229538202	0	0	0.1215642691	0.1214656085	0.1214642674	0
217	1.152108073	1.152108073	0	0	0.1214731485	0.1213792935	0.1214310303	0
218	1.118851781	1.118851781	0	0	0.121440962	0.1213254184	0.1213802546	0
219	1.341094732	1.341094732	0	0	0.1214753762	0.1214055195	0.1213889048	0
220	1.665949941	1.665949941	0	0	0.1215380952	0.121424064	0.1214649305	0
221	1.969185233	1.969185233	0	0	0.1215129867	0.1214300245	0.1214319244	0
222	2.347089529	2.347089529	0	0	0.121548973	0.1214740649	0.1214466915	0
223	2.685317278	2.685317278	0	0	0.1213831827	0.1214461476	0.1211987212	0
224	2.981435537	2.981435537	0	0	0.1214932054	0.1214156896	0.1214006469	0
225	3.215991974	3.215991974	0	0	0.1213597432	0.1212956384	0.1212382168	0
226	3.354078054	3.354078054	0	0	0.1213962212	0.1213411316	0.1212469935	0
227	3.179610014	3.179610014	0	0	0.1214343309	0.1214054003	0.121256493	0
228	2.778283358	2.778283358	0	0	0.1214076057	0.1213506684	0.1212561652	0
229	2.317220449	2.317220449	0	0	0.1213810816	0.1213586703	0.1212010905	0
230	1.733904243	1.733904243	0	0	0.1213944182	0.1214029342	0.121222131	0
231	1.32868588	1.32868588	0	0	0.1213709116	0.1214029938	0.1212081835	0
232	1.160996675	1.160996675	0	0	0.1213549972	0.1213382632	0.1212329641	0
233	1.247362375	1.247362375	0	0	0.1213272959	0.1213286743	0.1211950555	0
234	1.515483975	1.515483975	0	0	0.1213598847	0.1213367358	0.121238485	0
235	1.683515906	1.683515906	0	0	0.1213728115	0.1213947609	0.1212081164	0
236	1.849386811	1.849386811	0	0	0.1213755235	0.121388711	0.1212264448	0
237	1.933925867	1.933925867	0	0	0.1214099154	0.1214028075	0.1212597415	0
238	1.839104295	1.839104295	0	0	0.1214079931	0.1213705093	0.1213146225	0
239	1.838437796	1.838437796	0	0	0.1214128733	0.1213614717	0.1213272661	0
240	1.842266083	1.842266083	0	0	0.1213069409	0.1212118194	0.1212423518	0
241	1.707555771	1.707555771	0	0	0.1213250235	0.1212405786	0.1212366	0
242	1.489802599	1.489802599	0	0	0.1214227825	0.1212987974	0.1213674024	0
243	1.278624654	1.278624654	0	0	0.1214601994	0.1212790832	0.1214241609	0
244	1.072625279	1.072625279	0	0	0.1214083284	0.1212880611	0.121366784	0
245	0.8897663951	0.8897663951	0	0	0.1215126589	0.1213487536	0.1214440241	0
246	0.7715943456	0.7715943456	0	0	0.1214351505	0.1214521304	0.1212712675	0
247	0.7592634559	0.7592634559	0	0	0.1215467453	0.1214856729	0.1214699224	0
248	0.9369476438	0.9369476438	0	0	0.1213940829	0.1212559417	0.1213596463	0
249	1.21898067	1.21898067	0	0	0.1213489398	0.1212802529	0.1212251037	0
250	1.540492892	1.540492892	0	0	0.1214559004	0.1213724464	0.1213326454	0
251	1.700558066	1.700558066	0	0	0.1214318126	0.1213449687	0.1212901697	0
252	1.708887696	1.708887696	0	0	0.121414423	0.1213458255	0.121288158	0
253	1.555077314	1.555077314	0	0	0.1215398982	0.1215179786	0.1213498935	0
254	1.360419989	1.360419989	0	0	0.121444568	0.1215267107	0.1212059185	0
255	1.192985892	1.192985892	0	0	0.121450536	0.1214599758	0.1213035583	0
256	1.128196955	1.128196955	0	0	0.1213640422	0.1213171631	0.1212745905	0
257	1.150236726	1.150236726	0	0	0.1213923469	0.1213388443	0.1212765798	0
258	1.261725545	1.261725545	0	0	0.1214507967	0.1213380247	0.1214048788	0
259	1.324436784	1.324436784	0	0	0.1214013249	0.1213270947	0.1212792397	0
260	1.357623219	1.357623219	0	0	0.121443741	0.1214163825	0.1212949008	0
261	1.37623024	1.37623024	0	0	0.121543169	0.1215164512	0.1214123964	0
262	1.361787796	1.361787796	0	0	0.1214681789	0.1214931607	0.1212944239	0
263	1.315445185	1.315445185	0	0	0.1214728206	0.1214390025	0.1213365197	0
264	1.375788331	1.375788331	0	0	0.121416755	0.1213263124	0.1213506833	0
265	1.322390914	1.322390914	0	0	0.1214594617	0.121333167	0.1213871837	0
266	1.226472259	1.226472259	0	0	0.1214695349	0.1213325858	0.1214280874	0
267	1.207586408	1.207586408	0	0	0.1214825958	0.1212758794	0.1214405894	0
268	1.251779437	1.251779437	0	0	0.1214778498	0.121391356	0.1213716939	0
269	1.384427428	1.384427428	0	0	0.1215401366	0.121468462	0.1214463189	0
270	1.544058561	1.544058561	0	0	0.1214781478	0.1215000823	0.1212541461	0
271	1.774746895	1.774746895	0	0	0.1214296743	0.1214426383	0.1212342381	0
272	2.098062992	2.098062992	0	0	0.1214330867	0.121317409	0.1213802025	0
273	2.385874033	2.385874033	0	0	0.1215114444	0.1213609204	0.1213997453	0
274	2.652629852	2.652629852	0	0	0.1214145347	0.1213655472	0.1212479472	0
275	2.73837781	2.73837781	0	0	0.1214332804	0.121366024	0.1212637797	0
276	2.653659821	2.653659821	0	0	0.1214324832	0.1214407459	0.1212146133	0
277	2.281005383	2.281005383	0	0	0.1213714927	0.1213812903	0.1211725995	0
278	1.893939257	1.893939257	0	0	0.1214644089	0.1214534417	0.1212487668	0
279	1.586037517	1.586037517	0	0	0.1214161441	0.1214705855	0.1212238744	0
280	1.341460824	1.341460824	0	0	0.1214176267	0.1214797348	0.1212231368	0
281	1.421725869	1.421725869	0	0	0.1214488	0.1214095131	0.1213236377	0
282	1.644805551	1.644805551	0	0	0.1214265823	0.1213411763	0.1213120073	0
283	1.743329406	1.743329406	0	0	0.1213272735	0.1212954	0.1211770251	0
284	1.781082392	1.781082392	0	0	0.1214162633	0.1214454398	0.1212097555	0
285	1.836903453	1.836903453	0	0	0.1214508414	0.1214615852	0.1213107705	0
286	1.854346037	1.854346037	0	0	0.1214321479	0.1213856712	0.1213179901	0
287	1.863579512	1.863579512	0	0	0.1213914156	0.1213899627	0.121229969	0
288	1.910266638	1.910266638	0	0	0.1213806868	0.1213759705	0.1212274283	0
289	1.856027365	1.856027365	0	0	0.1214370281	0.1212968081	0.1213899329	0
290	1.816120982	1.816120982	0	0	0.1213783026	0.1212403774	0.1213008836	0
291	1.996193051	1.996193051	0	0	0.1213790998	0.1212816685	0.121266	0
292	2.288325787	2.288325787	0	0	0.1215381101	0.1214439794	0.121409677	0
293	2.642080069	2.642080069	0	0	0.1215392724	0.1214661375	0.121435456	0
294	3.048068523	3.048068523	0	0	0.1213970855	0.1214089394	0.1212213188	0
295	3.441060305	3.441060305	0	0	0.1214501783	0.1214528233	0.1212657318	0
296	3.766919613	3.766919613	0	0	0.1214846894	0.1213298291	0.1214114428	0
297	3.999048471	3.999048471	0	0	0.1213764027	0.1212411895	0.1212773398	0
298	4.175516605	4.175516605	0	0	0.1213777885	0.1212942153	0.1212239265	0
299	3.988470793	3.988470793	0	0	0.1213231459	0.1212630048	0.1211346835	0
300	3.576150417	3.576150417	0	0	0.1213485077	0.1213052794	0.1211671978	0
301	2.916592836	2.916592836	0	0	0.121408999	0.1213905662	0.1211974621	0
302	2.272528172	2.272528172	0	0	0.1213479191	0.121318154	0.1211592704	0
303	1.766382217	1.766382217	0	0	0.1213410869	0.1212905571	0.1212045997	0
304	1.529755354	1.529755354	0	0	0.1213382632	0.1213196516	0.1211958155	0
305	1.528954148	1.528954148	0	0	0.1213660613	0.1212448627	0.121296294	0
306	1.707761168	1.707761168	0	0	0.1213245243	0.1212030426	0.1212451234	0
307	1.849956274	1.849956274	0	0	0.1213267371	0.1212569997	0.1211779788	0
308	1.915096283	1.915096283	0	0	0.1213531569	0.1213671491	0.121182695	0
309	2.057795763	2.057795763	0	0	0.1214530244	0.1213953868	0.1213395223	0
310	2.180532455	2.180532455	0	0	0.1213767901	0.1212983727	0.121264495	0
311	2.199201345	2.199201345	0	0	0.1213310584	0.1212404743	0.1212412193	0
312	2.255059958	2.255059958	0	0	0.1213127598	0.1212182716	0.1212316677	0
313	2.117109299	2.117109299	0	0	0.1213717014	0.1211842522	0.1213389635	0
314	1.911874533	1.911874533	0	0	0.1213951036	0.1212128326	0.1213558912	0
315	1.68172574	1.68172574	0	0	0.1214152202	0.1212519407	0.1213586405	0
316	1.826299071	1.826299071	0	0	0.121376954	0.1212912276	0.1213004589	0
317	1.976581335	1.976581335	0	0	0.1215527654	0.1213681325	0.1215244904	0
318	2.003208399	2.003208399	0	0	0.1214021444	0.1212785915	0.1213205606	0
319	2.249125242	2.249125242	0	0	0.1212967187	0.1212232262	0.1212136075	0
320	2.439310789	2.439310789	0	0	0.1214721873	0.1212899834	0.1214316413	0
321	2.670377493	2.670377493	0	0	0.1213806868	0.1212152392	0.1212936789	0
322	2.785521984	2.785521984	0	0	0.1213328317	0.121249266	0.1211885363	0
323	2.991888046	2.991888046	0	0	0.1214073077	0.1212836877	0.1213005334	0
324	2.641410589	2.641410589	0	0	0.1213369593	0.1212563515	0.121197544	0
325	2.060856581	2.060856581	0	0	0.1213678345	0.1212712675	0.1212409064	0
326	1.689996123	1.689996123	0	0	0.1213410571	0.1212594956	0.1212072745	0
327	1.243360758	1.243360758	0	0	0.1213125437	0.1212629452	0.1211741343	0
328	1.22385025	1.22385025	0	0	0.1213037148	0.1212943867	0.1211937889	0
329	1.379337072	1.379337072	0	0	0.1213246584	0.1213024184	0.1212146878	0
330	1.552977324	1.552977324	0	0	0.1213164553	0.1212306768	0.1212491319	0
331	1.671594858	1.671594858	0	0	0.1213652343	0.1212568954	0.1212956533	0
332	1.756216645	1.756216645	0	0	0.1213788167	0.1213099435	0.1212798581	0
333	1.845863938	1.845863938	0	0	0.1213875785	0.1212717295	0.1213289127	0
334	1.861123204	1.861123204	0	0	0.1213822886	0.1213417053	0.121266298	0
335	1.89222014	1.89222014	0	0	0.1214224845	0.1213402897	0.1213423386	0
336	1.919727087	1.919727087	0	0	0.1213357896	0.121266596	0.1212673634	0
337	1.870224595	1.870224595	0	0	0.121278055	0.1211835742	0.12122228	0
338	1.760894179	1.760894179	0	0	0.1214064136	0.1212524027	0.1213687286	0
339	1.687311411	1.687311411	0	0	0.1214822978	0.1212945208	0.1214797124	0
340	1.581096411	1.581096411	0	0	0.1215103045	0.1213331744	0.1214755028	0
341	1.395730019	1.395730019	0	0	0.1214877516	0.1213459522	0.1214403585	0
342	1.195168614	1.195168614	0	0	0.1214343831	0.1213555932	0.1213333756	0
343	1.087583423	1.087583423	0	0	0.1214613542	0.1214032397	0.121378012	0
344	0.9981290102	0.9981290102	0	0	0.1214715391	0.1213127524	0.1214345843	0
345	0.6970444918	0.6970444918	0	0	0.1213105544	0.1212468967	0.1212059706	0
346	0.735727489	0.735727489	0	0	0.1214115173	0.1213166267	0.1213126555	0
347	0.9146860838	0.9146860838	0	0	0.1214662939	0.1213293076	0.1214265153	0
348	1.163393021	1.163393021	0	0	0.1215174794	0.1213156953	0.1214777082	0
349	1.376261592	1.376261592	0	0	0.1214255318	0.1213589087	0.1212785244	0
350	1.452890992	1.452890992	0	0	0.1214180142	0.1214391515	0.1212226972	0
351	1.442217708	1.442217708	0	0	0.1214711592	0.1214432046	0.1213547364	0
352	1.278752446	1.278752446	0	0	0.1213861555	0.121377103	0.1212481037	0
353	1.353947759	1.353947759	0	0	0.1213051677	0.1212807372	0.1212012321	0
354	1.472532868	1.472532868	0	0	0.1214055493	0.1213049814	0.1213620827	0
355	1.561988473	1.561988473	0	0	0.1213912293	0.1212977692	0.1213483587	0
356	1.599131227	1.599131227	0	0	0.1215319261	0.1213725656	0.1214997247	0
357	1.619576812	1.619576812	0	0	0.1214391068	0.1213752404	0.121323213	0
358	1.546776414	1.546776414	0	0	0.1214145571	0.121372737	0.1213101894	0
359	1.457227349	1.457227349	0	0	0.1214431003	0.1213863939	0.121322751	0
360	1.447030902	1.447030902	0	0	0.1213781387	0.1212544441	0.1213340238	0
361	1.374233842	1.374233842	0	0	0.1213749424	0.1212294251	0.1213308126	0
362	1.174594522	1.174594522	0	0	0.1213781014	0.1212562844	0.1213326454	0
363	0.9532479048	0.9532479048	0	0	0.1214368269	0.1212620065	0.1213918105	0
364	0.78625983	0.78625983	0	0	0.121461235	0.1213004589	0.1214322075	0
365	0.6499302983	0.6499302983	0	0	0.1215139478	0.1214182749	0.1214262173	0
366	0.6210192442	0.6210192442	0	0	0.1214706302	0.1214857474	0.1212754771	0
367	0.6339114904	0.6339114904	0	0	0.1215740591	0.1215559095	0.1214290485	0
368	0.795291543	0.795291543	0	0	0.1215146929	0.1213964149	0.1214836016	0
369	1.098986745	1.098986745	0	0	0.1214004233	0.1212444454	0.121336408	0
370	1.439356923	1.439356923	0	0	0.1214227229	0.1214215755	0.1212412715	0
371	1.686528206	1.686528206	0	0	0.1214328408	0.1214172468	0.1212699562	0
372	1.808762431	1.808762431	0	0	0.1214373559	0.1214449629	0.1212663502	0
373	1.70451057	1.70451057	0	0	0.1214173809	0.121486105	0.1211758479	0
374	1.395191193	1.395191193	0	0	0.1214767769	0.1215635017	0.1212228611	0
375	1.263979793	1.263979793	0	0	0.121397838	0.1214875132	0.1212103739	0
376	1.414972067	1.414972067	0	0	0.1213975623	0.1213460714	0.1213265881	0
377	1.572110534	1.572110534	0	0	0.1213706657	0.1212900728	0.1212843657	0
378	1.841748953	1.841748953	0	0	0.1213876456	0.1213119552	0.1213070005	0
379	2.060302019	2.060302019	0	0	0.1214064434	0.1214160547	0.1212328672	0
380	2.143686771	2.143686771	0	0	0.1214032024	0.1214670911	0.1211930364	0
381	2.173310041	2.173310041	0	0	0.12141148	0.1214540228	0.1212122664	0
382	2.154324532	2.154324532	0	0	0.1214599386	0.1215624362	0.1212035194	0
383	2.083540678	2.083540678	0	0	0.121430397	0.121422708	0.1213257909	0
384	2.04006052	2.04006052	0	0	0.1213452891	0.12124075	0.121281907	0
385	1.821811676	1.821811676	0	0	0.1213733777	0.1212338358	0.1213211045	0
386	1.52825141	1.52825141	0	0	0.1214495525	0.1212654486	0.1214179844	0
387	1.337731004	1.337731004	0	0	0.1213845611	0.1212025136	0.1213655546	0
388	1.237404108	1.237404108	0	0	0.1214100718	0.1213445812	0.1212798506	0
389	1.197703719	1.197703719	0	0	0.1214963868	0.1215135604	0.1212953478	0
390	1.254215956	1.254215956	0	0	0.1215348095	0.1216138229	0.1213411838	0
391	1.464097977	1.464097977	0	0	0.1214308068	0.121503219	0.1212359667	0
392	1.815299153	1.815299153	0	0	0.1214833036	0.1213986203	0.1213938817	0
393	2.182102203	2.182102203	0	0	0.1214925125	0.1214261577	0.121344097	0
394	2.510028839	2.510028839	0	0	0.1213959008	0.121389322	0.1212001964	0
395	2.647527933	2.647527933	0	0	0.1214481667	0.1214361191	0.1212681532	0
396	2.560379267	2.560379267	0	0	0.1213889718	0.1214136481	0.1211548448	0
397	2.260646582	2.260646582	0	0	0.1213717535	0.1214698181	0.121096693	0
398	1.890736818	1.890736818	0	0	0.1214136109	0.1214985698	0.1211805716	0
399	1.55155921	1.55155921	0	0	0.1214293465	0.1214599982	0.1212693676	0
400	1.374358416	1.374358416	0	0	0.1213918328	0.1214165613	0.1212254763	0
401	1.51925087	1.51925087	0	0	0.121399641	0.1213959306	0.1212363243	0
402	1.738974214	1.738974214	0	0	0.1213675663	0.1213577539	0.1212341338	0
403	1.845789552	1.845789552	0	0	0.121333845	0.1213025227	0.1211948171	0
404	1.891337037	1.891337037	0	0	0.1213607565	0.1213944033	0.1211532578	0
405	1.869070292	1.869070292	0	0	0.1214463562	0.1214473099	0.1212976649	0
406	1.83696723	1.83696723	0	0	0.1214687824	0.1214854568	0.1213053614	0
407	1.729509354	1.729509354	0	0	0.1213559359	0.1213705689	0.1212016493	0
408	1.686511993	1.686511993	0	0	0.1213741973	0.1213349104	0.121252045	0
409	1.58981061	1.58981061	0	0	0.1213740036	0.1212615371	0.1213258356	0
410	1.443763971	1.443763971	0	0	0.1213599667	0.1211808771	0.1213299483	0
411	1.264804006	1.264804006	0	0	0.1214757338	0.1213226393	0.121400401	0
412	1.035949588	1.035949588	0	0	0.1214737073	0.1214103103	0.1213586852	0
413	0.9199838042	0.9199838042	0	0	0.1215072721	0.1214941964	0.1213648319	0
414	0.6465748549	0.6465748549	0	0	0.1214822009	0.1215547472	0.121265173	0
415	0.5508779287	0.5508779287	0	0	0.1214391738	0.1215090305	0.1212097034	0
416	0.6328721642	0.6328721642	0	0	0.1213916391	0.1213703901	0.121288754	0
417	0.8544097543	0.8544097543	0	0	0.1214667782	0.1213141307	0.1213954315	0
418	1.208236694	1.208236694	0	0	0.1213966012	0.1213219166	0.1212618276	0
419	1.577700257	1.577700257	0	0	0.1214934587	0.121438399	0.121335879	0
420	1.746499777	1.746499777	0	0	0.121404171	0.1214589849	0.1211799607	0
421	1.260801911	1.260801911	0	0	0.1214013696	0.1214848831	0.1211369187	0
422	1.183822751	1.183822751	0	0	0.121414423	0.1215275452	0.1211460978	0
423	1.210127473	1.210127473	0	0	0.1214012727	0.1214509085	0.1212396771	0
424	1.378273606	1.378273606	0	0	0.1213499308	0.1213011295	0.1212455481	0
425	1.58499825	1.58499825	0	0	0.1213903055	0.1212024689	0.1213376746	0
426	1.747566819	1.747566819	0	0	0.1213217378	0.1211486459	0.1212555617	0
427	1.910007119	1.910007119	0	0	0.121393308	0.1212833747	0.1213099211	0
428	1.975754738	1.975754738	0	0	0.121425204	0.1214055419	0.1212596521	0
429	2.015996456	2.015996456	0	0	0.121410571	0.1213800088	0.1212836504	0
430	2.080162525	2.080162525	0	0	0.1214564592	0.1214569584	0.1212825179	0
431	2.098536968	2.098536968	0	0	0.1213863939	0.1213704869	0.1212657019	0
432	2.144038439	2.144038439	0	0	0.1213558838	0.1212012544	0.121320419	0
433	2.056735992	2.056735992	0	0	0.1213556081	0.1211309209	0.1213236079	0
434	1.850767136	1.850767136	0	0	0.1214484721	0.1212246567	0.1214048639	0
435	1.666707993	1.666707993	0	0	0.1214455962	0.1212811098	0.1213949099	0
436	1.473976851	1.473976851	0	0	0.1214479804	0.121341072	0.1213381141	0
437	1.157832265	1.157832265	0	0	0.1214607507	0.1214544997	0.1212778538	0
438	0.9447180629	0.9447180629	0	0	0.1215508655	0.1215022132	0.1214497462	0
439	0.8832427859	0.8832427859	0	0	0.1213936284	0.1213213354	0.1213037595	0
440	1.056586385	1.056586385	0	0	0.1214263588	0.1212579161	0.1214063987	0
441	1.377620101	1.377620101	0	0	0.1214307174	0.1212475821	0.1213726997	0
442	1.729141235	1.729141235	0	0	0.1214075834	0.1213331223	0.1212624386	0
443	1.731668472	1.731668472	0	0	0.1214223355	0.1213327721	0.1212912574	0
444	1.532889366	1.532889366	0	0	0.1214150712	0.1213940978	0.1212087497	0
445	1.455824018	1.455824018	0	0	0.1214254946	0.1214662045	0.1212006137	0
446	1.282300949	1.282300949	0	0	0.1214047596	0.1214755923	0.1212130561	0
447	1.374021888	1.374021888	0	0	0.1214556545	0.1214266345	0.1213399097	0
448	1.468744874	1.468744874	0	0	0.1214129254	0.1212909371	0.1213649139	0
449	1.640761256	1.640761256	0	0	0.121392183	0.121271953	0.1213117838	0
450	1.806433439	1.806433439	0	0	0.1214188561	0.1213018075	0.1213508248	0
451	1.999556303	1.999556303	0	0	0.1214192957	0.1212762073	0.1213660464	0
452	2.062231302	2.062231302	0	0	0.1213508025	0.1212942451	0.1212159172	0
453	2.020078897	2.020078897	0	0	0.1214127541	0.1214142367	0.1212353334	0
454	1.969280601	1.969280601	0	0	0.1215400323	0.1214024797	0.1214876249	0
455	1.893368483	1.893368483	0	0	0.1213994771	0.1212735549	0.1213379428	0
456	1.856567025	1.856567025	0	0	0.1213391423	0.1211446598	0.1213103384	0
457	1.791585088	1.791585088	0	0	0.1214443594	0.1211937144	0.1214340106	0
458	1.683606267	1.683606267	0	0	0.1214304119	0.1212189868	0.1213996783	0
459	1.470731974	1.470731974	0	0	0.1213549301	0.121194236	0.121310249	0
460	1.268752098	1.268752098	0	0	0.1214410514	0.1213311106	0.1213222891	0
461	1.020934105	1.020934105	0	0	0.1214999184	0.1214747801	0.1213203147	0
462	0.7919248939	0.7919248939	0	0	0.1215941533	0.1214994416	0.1215037704	0
463	0.6426276565	0.6426276565	0	0	0.1214962825	0.1214668378	0.1213566512	0
464	0.641782105	0.641782105	0	0	0.1214754507	0.1214063615	0.121366635	0
465	0.8086355925	0.8086355925	0	0	0.1215387434	0.1213520244	0.1214949042	0
466	1.071591973	1.071591973	0	0	0.1214486435	0.1212493703	0.1214098483	0
467	1.219261885	1.219261885	0	0	0.1213584542	0.1212555245	0.1212412268	0
468	1.300455332	1.300455332	0	0	0.121417053	0.1213695183	0.1212668493	0
469	1.271119833	1.271119833	0	0	0.1214492097	0.1215237752	0.1212142184	0
470	1.248910904	1.248910904	0	0	0.1214409918	0.1214798689	0.1212729588	0
471	1.178481102	1.178481102	0	0	0.1214822158	0.1214901134	0.1213263944	0
472	1.234245181	1.234245181	0	0	0.1214291304	0.121402964	0.1213130429	0
473	1.422371149	1.422371149	0	0	0.1215298027	0.1213349774	0.121534653	0
474	1.634206891	1.634206891	0	0	0.1213980988	0.1211783215	0.1213866398	0
475	1.827630997	1.827630997	0	0	0.1213741153	0.1212123558	0.1213294417	0
476	1.98723197	1.98723197	0	0	0.1215139255	0.1213865951	0.121440649	0
477	1.975779653	1.975779653	0	0	0.1214504912	0.1214538217	0.1213154793	0
478	1.919762969	1.919762969	0	0	0.1214834973	0.1214279607	0.1213570461	0
479	1.804213166	1.804213166	0	0	0.1214840189	0.1213908046	0.1214168817	0
480	1.74374795	1.74374795	0	0	0.1214558557	0.1213729233	0.1213748977	0
481	1.669233561	1.669233561	0	0	0.121494174	0.1212311313	0.1215239689	0
482	1.612148643	1.612148643	0	0	0.1214363575	0.1211589947	0.1214584261	0
483	1.573622942	1.573622942	0	0	0.1214372739	0.1212262362	0.1213987246	0
484	1.465329766	1.465329766	0	0	0.1214921921	0.1213382855	0.1214206815	0
485	1.329836488	1.329836488	0	0	0.1214408353	0.1213619858	0.121331282	0
486	1.181406856	1.181406856	0	0	0.1215414405	0.1215610877	0.1213511378	0
487	1.063683271	1.063683271	0	0	0.1215172559	0.1215722486	0.1213681549	0
488	1.035226107	1.035226107	0	0	0.1214622408	0.1214297563	0.1213781312	0
489	1.03830421	1.03830421	0	0	0.1214754507	0.1212490126	0.1214891747	0
490	1.084288239	1.084288239	0	0	0.1214631647	0.1212187186	0.1214776114	0
491	1.151104808	1.151104808	0	0	0.1214677244	0.1212354451	0.1214713901	0
492	1.19801116	1.19801116	0	0	0.1214258149	0.1212483197	0.1213686988	0
493	1.265806794	1.265806794	0	0	0.1214383245	0.121367082	0.1212891266	0
494	1.37691474	1.37691474	0	0	0.1214936972	0.1215203404	0.1212998629	0
495	1.485303879	1.485303879	0	0	0.1214979216	0.1215283349	0.1213546544	0
496	1.657109976	1.657109976	0	0	0.1214794144	0.1214179397	0.1213820726	0
497	1.962424159	1.962424159	0	0	0.1214950234	0.1213031337	0.1214670911	0
498	2.166969538	2.166969538	0	0	0.121461466	0.1212107167	0.1214965805	0
499	2.346814394	2.346814394	0	0	0.1215404421	0.1212831587	0.1215430275	0
500	2.440732241	2.440732241	0	0	0.1214574203	0.1212302297	0.1214341894	0
501	2.540088177	2.540088177	0	0	0.121508427	0.1213208437	0.1214559898	0
502	2.479739428	2.479739428	0	0	0.12150646	0.1213714853	0.1214626431	0
503	2.433774948	2.433774948	0	0	0.1215266585	0.1213490814	0.1215165779	0
504	2.522700787	2.522700787	0	0	0.1215257868	0.1213615611	0.121465154	0
505	2.303626776	2.303626776	0	0	0.1214534193	0.1212848574	0.1214029863	0
506	2.008990049	2.008990049	0	0	0.1214687228	0.1212569624	0.1214625165	0
507	1.755533218	1.755533218	0	0	0.1215080842	0.1212592199	0.1215125844	0
508	1.471138835	1.471138835	0	0	0.1214801446	0.1212318689	0.121457383	0
509	1.130743623	1.130743623	0	0	0.121481061	0.1213093996	0.121453166	0
510	0.8618477583	0.8618477583	0	0	0.1216193214	0.1215168238	0.121523641	0
511	0.6972111464	0.6972111464	0	0	0.1216070205	0.1214721054	0.121584408	0
512	0.6493685842	0.6493685842	0	0	0.1215828136	0.1213118657	0.1215822324	0
513	0.729881227	0.729881227	0	0	0.1213965267	0.1212837249	0.1213259324	0
514	0.8775964379	0.8775964379	0	0	0.1214619204	0.1213544756	0.1213801354	0
515	1.125611424	1.125611424	0	0	0.1215811521	0.1214311793	0.1215542108	0
516	1.360836625	1.360836625	0	0	0.1214963272	0.1213400215	0.1214358062	0
517	1.497422934	1.497422934	0	0	0.1214718595	0.1214124039	0.1213473529	0
518	1.545185089	1.545185089	0	0	0.1216271073	0.1215794161	0.1215365082	0
519	1.55499351	1.55499351	0	0	0.1215073988	0.1214534566	0.1214191839	0
520	1.72338903	1.72338903	0	0	0.1215239763	0.1213487163	0.1214835122	0
521	1.894181371	1.894181371	0	0	0.1214297041	0.1212693378	0.1213656291	0
522	1.925741196	1.925741196	0	0	0.1214542314	0.1213286147	0.1214160696	0
523	1.963933945	1.963933945	0	0	0.1215402335	0.1213913113	0.1215124279	0
524	1.94921267	1.94921267	0	0	0.1214669421	0.121296905	0.1214226708	0
525	1.932536244	1.932536244	0	0	0.1214183941	0.1213004217	0.1213583499	0
526	1.907473207	1.907473207	0	0	0.121454604	0.1213809028	0.1213745996	0
527	1.807718515	1.807718515	0	0	0.1215017959	0.1213613078	0.1214435101	0
528	1.799696565	1.799696565	0	0	0.1214232221	0.1211742312	0.1214557812	0
529	1.740920782	1.740920782	0	0	0.1213995293	0.1211564094	0.1214148775	0
530	1.523520231	1.523520231	0	0	0.1214116365	0.1212584451	0.1213524193	0
531	1.243762732	1.243762732	0	0	0.1215637475	0.1212973818	0.1215813011	0
532	1.002356648	1.002356648	0	0	0.1214513332	0.1212038472	0.1214563772	0
533	0.8432589769	0.8432589769	0	0	0.1214146391	0.1213420853	0.1213050261	0
534	0.7541704178	0.7541704178	0	0	0.1216562986	0.1215669289	0.1215484664	0
535	0.7212147117	0.7212147117	0	0	0.1214462072	0.1213742569	0.1213580966	0
536	0.8500363231	0.8500363231	0	0	0.121470131	0.1212236509	0.1215157136	0
537	1.163629889	1.163629889	0	0	0.1214419454	0.121256575	0.1213992462	0
538	1.561811447	1.561811447	0	0	0.1213987619	0.1213722453	0.1212171391	0
539	1.808930516	1.808930516	0	0	0.121483624	0.1214325055	0.1213687137	0
540	1.927218199	1.927218199	0	0	0.1215334609	0.1214377731	0.1214277297	0
541	1.688188791	1.688188791	0	0	0.1213739067	0.1213890985	0.1211514249	0
542	1.481068969	1.481068969	0	0	0.1214555353	0.1214188561	0.121351175	0
543	1.339702487	1.339702487	0	0	0.121464476	0.121424146	0.1213524118	0
544	1.229046583	1.229046583	0	0	0.1213918105	0.121260941	0.121353507	0
545	1.305099845	1.305099845	0	0	0.1214160845	0.1212409809	0.1213732511	0
546	1.480667949	1.480667949	0	0	0.1213920712	0.1213822141	0.1212304384	0
547	1.594081283	1.594081283	0	0	0.1214965731	0.1214299127	0.121416308	0
548	1.762372375	1.762372375	0	0	0.1214511916	0.1214279979	0.1213266179	0
549	1.899213195	1.899213195	0	0	0.1214631125	0.1214131638	0.1213174537	0
550	2.017412424	2.017412424	0	0	0.1215042844	0.1214878559	0.1214164421	0
551	2.182143688	2.182143688	0	0	0.1214515343	0.121398665	0.1213571578	0
552	2.319555521	2.319555521	0	0	0.1214165688	0.1212887168	0.1213374138	0
553	2.318719864	2.318719864	0	0	0.1214757487	0.1212669089	0.1214601174	0
554	2.088547468	2.088547468	0	0	0.1214392334	0.1213435754	0.1213556007	0
555	1.841314554	1.841314554	0	0	0.1214585975	0.1213484854	0.1214031726	0
556	1.602524996	1.602524996	0	0	0.1215118319	0.1213592887	0.1214897707	0
557	1.336512208	1.336512208	0	0	0.1214797497	0.1213246584	0.121418424	0
558	1.129464746	1.129464746	0	0	0.1213961467	0.1213518456	0.1213164702	0
559	0.9311217666	0.9311217666	0	0	0.121545963	0.1214286238	0.1214926615	0
560	0.9021993279	0.9021993279	0	0	0.1214980632	0.121348843	0.1214327663	0
561	0.9435247779	0.9435247779	0	0	0.1214452162	0.1212726235	0.1214069948	0
562	1.045432925	1.045432925	0	0	0.1214936823	0.1214228123	0.1213512346	0
563	1.094944596	1.094944596	0	0	0.1214009598	0.1214009374	0.1212496981	0
564	1.196427703	1.196427703	0	0	0.1214849949	0.1214629188	0.1213655844	0
565	1.288230658	1.288230658	0	0	0.1214719564	0.1214654818	0.1212992519	0
566	1.267173171	1.267173171	0	0	0.1214855537	0.1213878021	0.1213736385	0
567	1.170920968	1.170920968	0	0	0.1214391738	0.1213745102	0.1213320494	0
568	1.213329911	1.213329911	0	0	0.121555157	0.121467486	0.1214312911	0
569	1.340613484	1.340613484	0	0	0.1215464324	0.1213828996	0.1214786619	0
570	1.443076491	1.443076491	0	0	0.1213749796	0.1213013455	0.1213030741	0
571	1.597259521	1.597259521	0	0	0.1214679852	0.1213391498	0.1213765889	0
572	1.669754267	1.669754267	0	0	0.1214137822	0.1213290542	0.1213458404	0
573	1.737531781	1.737531781	0	0	0.1215199903	0.1213656291	0.1214691028	0
574	1.770448089	1.770448089	0	0	0.1214705855	0.1214431748	0.1212868318	0
575	1.740106344	1.740106344	0	0	0.1215309948	0.1215081066	0.1213926226	0
576	1.730689406	1.730689406	0	0	0.1215025261	0.1213417649	0.1214485541	0
577	1.669938207	1.669938207	0	0	0.1213248298	0.121143803	0.1212825924	0
578	1.568502426	1.568502426	0	0	0.1213873774	0.1212090105	0.1213271096	0
579	1.489032745	1.489032745	0	0	0.1214695647	0.1212440208	0.1214421839	0
580	1.415809631	1.415809631	0	0	0.1214848831	0.121246323	0.12148498	0
581	1.214199305	1.214199305	0	0	0.1215105131	0.1213867739	0.1214246899	0
582	1.057564497	1.057564497	0	0	0.121621266	0.1215441152	0.1214926094	0
583	0.9312680364	0.9312680364	0	0	0.1214200854	0.121437721	0.121266067	0
584	0.8850582838	0.8850582838	0	0	0.1215346605	0.1213437989	0.1215012893	0
585	0.882877171	0.882877171	0	0	0.1215081736	0.1213347688	0.1214097738	0
586	0.9347313046	0.9347313046	0	0	0.1214294061	0.1213597581	0.1213280037	0
587	1.049958587	1.049958587	0	0	0.1216049716	0.1214368567	0.1215680912	0
588	1.128959179	1.128959179	0	0	0.1215000674	0.1213741452	0.1214116216	0
589	1.070735693	1.070735693	0	0	0.1214412823	0.1214133948	0.1212468296	0
590	1.031425357	1.031425357	0	0	0.1215921566	0.1216540486	0.1214132831	0
591	1.026501536	1.026501536	0	0	0.1215374619	0.1215535998	0.1213885322	0
592	1.161835313	1.161835313	0	0	0.1214695126	0.1214179993	0.1213637218	0
593	1.331231713	1.331231713	0	0	0.1215227991	0.121352829	0.1214182451	0
594	1.611597657	1.611597657	0	0	0.1214435175	0.1214695498	0.1212743521	0
595	1.799515605	1.799515605	0	0	0.1216111407	0.1214534417	0.1215804964	0
596	1.990433335	1.990433335	0	0	0.1215025857	0.1214289442	0.1213650852	0
597	2.038638353	2.038638353	0	0	0.1214736924	0.1214693561	0.1212726682	0
598	2.02324152	2.02324152	0	0	0.1215734705	0.1216776296	0.1213540956	0
599	2.037919521	2.037919521	0	0	0.1215672642	0.1215584353	0.1214285716	0
600	2.113064289	2.113064289	0	0	0.1214305311	0.1212768927	0.1213641092	0
601	2.129313231	2.129313231	0	0	0.1214328036	0.121229589	0.1213885173	0
602	1.970660925	1.970660925	0	0	0.1215047687	0.1213948801	0.1214154735	0
603	1.743723035	1.743723035	0	0	0.1214752048	0.1213215515	0.1214490458	0
604	1.46730864	1.46730864	0	0	0.1215105206	0.1213900596	0.1214245036	0
605	1.143092155	1.143092155	0	0	0.1215060353	0.1215150952	0.1212898716	0
606	0.8727380037	0.8727380037	0	0	0.1215329692	0.1215441078	0.1214154214	0
607	0.6525660753	0.6525660753	0	0	0.1215623021	0.1214260831	0.1215149537	0
608	0.5871448517	0.5871448517	0	0	0.1214943603	0.1213823408	0.1213904545	0
609	0.6929218173	0.6929218173	0	0	0.1214128509	0.1212757826	0.1213510036	0
610	0.9850939512	0.9850939512	0	0	0.1214804277	0.1213749275	0.1213611737	0
611	1.240656734	1.240656734	0	0	0.1214043126	0.1213020608	0.1212920398	0
612	1.442844272	1.442844272	0	0	0.1214605793	0.1214565262	0.1212691739	0
613	1.60607338	1.60607338	0	0	0.1214559898	0.1215880364	0.1211438626	0
614	1.571018457	1.571018457	0	0	0.1215099543	0.1216717809	0.121245645	0
615	1.456772089	1.456772089	0	0	0.1214915439	0.1215087175	0.121340774	0
616	1.357759237	1.357759237	0	0	0.12144728	0.1214216948	0.1212914363	0
617	1.403023839	1.403023839	0	0	0.1213704944	0.1212629154	0.1212718934	0
618	1.465113044	1.465113044	0	0	0.121328935	0.1212744862	0.1211956739	0
619	1.521782517	1.521782517	0	0	0.121380724	0.1213120669	0.1212429479	0
620	1.554561615	1.554561615	0	0	0.1213581935	0.121379897	0.1211602688	0
621	1.587255239	1.587255239	0	0	0.1213660017	0.1214456707	0.1211177781	0
622	1.621046424	1.621046424	0	0	0.1214428172	0.1214987859	0.1212257668	0
623	1.6514256	1.6514256	0	0	0.121447362	0.12141148	0.1213142946	0
624	1.801635146	1.801635146	0	0	0.1214140803	0.1213148832	0.1213069111	0
625	1.938022852	1.938022852	0	0	0.1213275939	0.1212201267	0.1212264821	0
626	1.95494628	1.95494628	0	0	0.1213294342	0.1212368682	0.1212111712	0
627	1.866084218	1.866084218	0	0	0.1213856339	0.1212208867	0.1213253364	0
628	1.791863799	1.791863799	0	0	0.1214264482	0.1213077679	0.1213226169	0
629	1.553554296	1.553554296	0	0	0.1214081198	0.1213460416	0.1212725118	0
630	1.308270335	1.308270335	0	0	0.1215043515	0.1214716062	0.1213378832	0
631	1.145202041	1.145202041	0	0	0.1213855371	0.1213622764	0.1212337837	0
632	1.089940786	1.089940786	0	0	0.1214192063	0.1212414876	0.1213710457	0
633	1.173500657	1.173500657	0	0	0.1213675737	0.121159181	0.1213184595	0
634	1.343635798	1.343635798	0	0	0.121341072	0.1212627888	0.1211894602	0
635	1.4356848	1.4356848	0	0	0.1214358136	0.1213713288	0.1212535277	0
636	1.634467244	1.634467244	0	0	0.1214575693	0.1213522553	0.121336855	0
637	1.63176477	1.63176477	0	0	0.1212996617	0.121300213	0.1210833862	0
638	1.568825006	1.568825006	0	0	0.1214305311	0.121503152	0.1211892888	0
639	1.63953948	1.63953948	0	0	0.1214927509	0.1215013936	0.1213033199	0
640	1.759817123	1.759817123	0	0	0.1213993058	0.1213912889	0.1212540269	0
641	1.938749552	1.938749552	0	0	0.1214397475	0.1212940589	0.121359691	0
642	2.127291203	2.127291203	0	0	0.1214318648	0.1213328838	0.1213081926	0
643	2.318993807	2.318993807	0	0	0.1214002892	0.1212608218	0.1213328391	0
644	2.448004246	2.448004246	0	0	0.1214756593	0.1213306189	0.1214011684	0
645	2.476720095	2.476720095	0	0	0.1213964745	0.1213533357	0.1212514043	0
646	2.465036154	2.465036154	0	0	0.1214270443	0.121358268	0.1213177443	0
647	2.439703465	2.439703465	0	0	0.1214422509	0.1213379577	0.1213623956	0
648	2.582525015	2.582525015	0	0	0.1213646382	0.1211903766	0.1213229373	0
649	2.658268452	2.658268452	0	0	0.1213903427	0.1211394295	0.1213669553	0
650	2.436501741	2.436501741	0	0	0.1214049309	0.1211851388	0.1213574931	0
651	2.153710127	2.153710127	0	0	0.1213584915	0.1211527437	0.1213504598	0
652	1.866214514	1.866214514	0	0	0.1214715242	0.1212307736	0.1214544848	0
653	1.601693273	1.601693273	0	0	0.1214585379	0.1213537976	0.1213465109	0
654	1.281544685	1.281544685	0	0	0.1215793267	0.1214919016	0.1214647964	0
655	1.070410013	1.070410013	0	0	0.1215599701	0.1214353368	0.1214992628	0
656	0.9897722006	0.9897722006	0	0	0.1214774773	0.1212280318	0.1214703843	0
657	1.120570302	1.120570302	0	0	0.1214675084	0.1211585626	0.1214802042	0
658	1.399644852	1.399644852	0	0	0.1214405671	0.1212913468	0.1213622689	0
659	1.721605062	1.721605062	0	0	0.1214223877	0.1213002577	0.1213256568	0
660	2.002231836	2.002231836	0	0	0.121549435	0.1214257553	0.121463351	0
661	1.715085268	1.715085268	0	0	0.1214016005	0.1214227006	0.1211694032	0
662	1.817442179	1.817442179	0	0	0.1214841455	0.1214849278	0.1213001981	0
663	1.83039093	1.83039093	0	0	0.121443212	0.1213635206	0.1213767976	0
664	1.860426545	1.860426545	0	0	0.1213935688	0.1211837158	0.121349141	0
665	2.112317324	2.112317324	0	0	0.121453993	0.1212000474	0.1214514822	0
666	2.446239471	2.446239471	0	0	0.1213112399	0.121154055	0.121283114	0
667	2.651038885	2.651038885	0	0	0.1214081198	0.1212254837	0.1213494986	0
668	2.788176298	2.788176298	0	0	0.1214739904	0.1213793531	0.1213751435	0
669	2.831145048	2.831145048	0	0	0.1214155778	0.1213091761	0.1212983206	0
670	2.964693308	2.964693308	0	0	0.1215032861	0.1214049235	0.121420078	0
671	2.951921701	2.951921701	0	0	0.121531263	0.1213323697	0.1214938834	0
672	3.114059925	3.114059925	0	0	0.1213895828	0.1211371496	0.121376507	0
673	3.023770094	3.023770094	0	0	0.1214109808	0.1211140677	0.121432282	0
674	2.774888277	2.774888277	0	0	0.121347867	0.1210809499	0.1213580519	0
675	2.50463748	2.50463748	0	0	0.121383734	0.1211119518	0.1213585883	0
676	2.217779636	2.217779636	0	0	0.1214686558	0.1211732179	0.1214640737	0
677	1.832614899	1.832614899	0	0	0.1214476377	0.1212934628	0.1213560551	0
678	1.418969393	1.418969393	0	0	0.1215531603	0.1214860305	0.1214646026	0
679	1.161362529	1.161362529	0	0	0.1215534806	0.1214467213	0.1214547902	0
680	0.9947752357	0.9947752357	0	0	0.1214396954	0.1212064996	0.121418424	0
681	1.024228811	1.024228811	0	0	0.1214234233	0.1211338043	0.121432893	0
682	1.204730749	1.204730749	0	0	0.1213798597	0.1212194785	0.1213086173	0
683	1.542571187	1.542571187	0	0	0.1214200482	0.1212460026	0.1213341504	0
684	1.877398133	1.877398133	0	0	0.1215001866	0.1213697046	0.1213857904	0
685	1.98849082	1.98849082	0	0	0.1214137152	0.1213797927	0.1212363094	0
686	1.779681206	1.779681206	0	0	0.1214838773	0.1215328127	0.1212812811	0
687	1.705950022	1.705950022	0	0	0.1215064004	0.1214704514	0.1214037016	0
688	1.669791102	1.669791102	0	0	0.1215049699	0.1213693544	0.1214242354	0
689	1.731060266	1.731060266	0	0	0.1213601157	0.1211376935	0.1213492081	0
690	1.844246149	1.844246149	0	0	0.1213715076	0.1211279407	0.121363759	0
691	1.923929811	1.923929811	0	0	0.121424444	0.1211878434	0.1214011386	0
692	2.05516386	2.05516386	0	0	0.1214058325	0.121215798	0.1213826463	0
693	2.168560266	2.168560266	0	0	0.1213884503	0.1212706119	0.1213065386	0
694	2.22322011	2.22322011	0	0	0.1215104908	0.1214031428	0.1214002445	0
695	2.153283834	2.153283834	0	0	0.1215518042	0.1214684844	0.1214683652	0
696	2.09595561	2.09595561	0	0	0.1215014309	0.121317409	0.1214527711	0
697	1.974929571	1.974929571	0	0	0.1213940829	0.1211668253	0.1213895008	0
698	1.689159393	1.689159393	0	0	0.1214161515	0.1211605445	0.1214144602	0
699	1.481791615	1.481791615	0	0	0.1214315668	0.1211312339	0.1214417741	0
700	1.200391889	1.200391889	0	0	0.1214183569	0.1211183816	0.1214441583	0
701	1.042284966	1.042284966	0	0	0.121370472	0.1211855635	0.1213210747	0
702	0.9390095472	0.9390095472	0	0	0.1215546578	0.1214129999	0.1214855388	0
703	0.8773883581	0.8773883581	0	0	0.1215041876	0.1214908585	0.1213606596	0
704	1.087525964	1.087525964	0	0	0.1215626672	0.1214812323	0.1214845404	0
705	1.416200995	1.416200995	0	0	0.1214968562	0.1213768125	0.1213967428	0
706	1.740179896	1.740179896	0	0	0.1214272305	0.1214011163	0.1212616786	0
707	1.950768828	1.950768828	0	0	0.1215111539	0.1213076636	0.1214348152	0
708	2.110355377	2.110355377	0	0	0.1214224324	0.1213012561	0.1213368624	0
709	1.929249048	1.929249048	0	0	0.1213634163	0.1213679761	0.1211569309	0
710	1.576470017	1.576470017	0	0	0.121438913	0.121525526	0.1211926267	0
711	1.537970185	1.537970185	0	0	0.1214166954	0.1215472221	0.121201463	0
712	1.470478654	1.470478654	0	0	0.1214061454	0.1214446574	0.121237658	0
713	1.522529006	1.522529006	0	0	0.1213829666	0.1214547753	0.1212035492	0
714	1.688060522	1.688060522	0	0	0.1214129552	0.1214339957	0.1212719008	0
715	1.8064183	1.8064183	0	0	0.1214690879	0.1214077696	0.1213846058	0
716	1.849380732	1.849380732	0	0	0.121409364	0.1213512495	0.1212972775	0
717	1.854127049	1.854127049	0	0	0.1213767976	0.1213513017	0.1212203726	0
718	1.79253006	1.79253006	0	0	0.1214354113	0.1214174181	0.1212958097	0
719	1.703957915	1.703957915	0	0	0.1213979051	0.1214251518	0.1212651059	0
720	1.706961989	1.706961989	0	0	0.1213634387	0.1213057712	0.1212491989	0
721	1.670861602	1.670861602	0	0	0.1212946847	0.1212250665	0.1212063581	0
722	1.518708348	1.518708348	0	0	0.1213978082	0.1213132516	0.1213002652	0
723	1.402948618	1.402948618	0	0	0.1214449182	0.1213485375	0.1213550195	0
724	1.381147146	1.381147146	0	0	0.1214710996	0.121371679	0.1213598326	0
725	1.395376444	1.395376444	0	0	0.1214742661	0.1214331463	0.1213119626	0
726	1.401081324	1.401081324	0	0	0.1214876845	0.121525228	0.1212889999	0
727	1.504696608	1.504696608	0	0	0.1214005202	0.1215321273	0.121133022	0
728	1.747525573	1.747525573	0	0	0.1214213371	0.121432893	0.1212666854	0
729	2.239320517	2.239320517	0	0	0.1214593723	0.1213801131	0.1213512421	0
730	2.575989962	2.575989962	0	0	0.1213655695	0.1213875562	0.1211486682	0
731	2.806544781	2.806544781	0	0	0.1214737818	0.1214453727	0.1212876961	0
732	2.792734623	2.792734623	0	0	0.1213646978	0.1213676408	0.1211732551	0
733	2.527032852	2.527032852	0	0	0.1213406995	0.1214407459	0.1210396066	0
734	2.170251846	2.170251846	0	0	0.1214113384	0.1214715689	0.1211823151	0
735	1.857287049	1.857287049	0	0	0.1213867664	0.1214670911	0.1211650595	0
736	1.777523637	1.777523637	0	0	0.1213465706	0.1214012355	0.121161513	0
737	2.02583766	2.02583766	0	0	0.1214195415	0.1213490218	0.1213126555	0
738	2.443691969	2.443691969	0	0	0.1214110851	0.121379301	0.1212579086	0
739	2.762797832	2.762797832	0	0	0.1214144155	0.1213372275	0.1212917343	0
740	3.067689896	3.067689896	0	0	0.1214447841	0.1213745624	0.1212983727	0
741	3.233762503	3.233762503	0	0	0.121381104	0.1213515326	0.1212269887	0
742	3.394518614	3.394518614	0	0	0.1214479581	0.1213952079	0.1213072687	0
743	3.442899227	3.442899227	0	0	0.1214421913	0.12135645	0.1213287041	0
744	3.455523252	3.455523252	0	0	0.1214080453	0.1212672144	0.1213502884	0
745	3.28099823	3.28099823	0	0	0.1213398203	0.1211700216	0.1213259175	0
746	2.782950163	2.782950163	0	0	0.121423997	0.1212560609	0.121354498	0
747	2.375511646	2.375511646	0	0	0.1214187071	0.1212692708	0.1213618293	0
748	2.007956743	2.007956743	0	0	0.1214650497	0.1212661266	0.1214331463	0
749	1.636328936	1.636328936	0	0	0.1214187145	0.1212479398	0.1213461012	0
750	1.443566442	1.443566442	0	0	0.1214607283	0.1213280112	0.1213993505	0
751	1.300678015	1.300678015	0	0	0.1215655953	0.1214025393	0.1214830503	0
752	1.447457433	1.447457433	0	0	0.1214269251	0.1212764233	0.121368967	0
753	1.941299319	1.941299319	0	0	0.1214687303	0.1212580055	0.1214261875	0
754	2.273109913	2.273109913	0	0	0.1214336604	0.1214108393	0.1212076172	0
755	2.404949665	2.404949665	0	0	0.121497497	0.1214885041	0.1213028803	0
756	2.355972052	2.355972052	0	0	0.121523343	0.1214137226	0.1213967577	0
757	2.238041878	2.238041878	0	0	0.1213905737	0.1213546991	0.1211903766	0
758	1.794261694	1.794261694	0	0	0.1214375868	0.1214230284	0.1212479323	0
759	1.761875033	1.761875033	0	0	0.121425882	0.1213380918	0.1213279217	0
760	1.869334102	1.869334102	0	0	0.1214402542	0.1213603094	0.121368371	0
761	2.283306837	2.283306837	0	0	0.1214182228	0.1212691739	0.1213523746	0
762	2.707564116	2.707564116	0	0	0.1212830618	0.1212302074	0.121156767	0
763	3.040477514	3.040477514	0	0	0.1213763878	0.1213331819	0.1212413833	0
764	3.226257801	3.226257801	0	0	0.1214851215	0.121376656	0.1214098707	0
765	3.45072484	3.45072484	0	0	0.1214048192	0.1212912947	0.1213253066	0
766	3.51769805	3.51769805	0	0	0.1214153096	0.1213048697	0.1213173196	0
767	3.375571012	3.375571012	0	0	0.1214370281	0.121294871	0.1213873997	0
768	3.372350931	3.372350931	0	0	0.1214235649	0.1211904287	0.1214381009	0
769	3.067734957	3.067734957	0	0	0.1213835701	0.1210799143	0.1213983297	0
770	2.589837551	2.589837551	0	0	0.1213275939	0.1211035252	0.121283412	0
771	2.089291096	2.089291096	0	0	0.1213993505	0.1211665049	0.1213981062	0
772	1.742494702	1.742494702	0	0	0.1215076521	0.1212413833	0.1215242669	0
773	1.312703252	1.312703252	0	0	0.1213918254	0.1212042049	0.1213420853	0
774	1.022137284	1.022137284	0	0	0.1215014011	0.1213560104	0.1214203686	0
775	0.9175685048	0.9175685048	0	0	0.1214891449	0.1214376241	0.1213728338	0
776	0.9608473182	0.9608473182	0	0	0.1215532497	0.1213069707	0.1215768307	0
777	1.324721456	1.324721456	0	0	0.1214994192	0.1212064177	0.1214908436	0
778	1.679518342	1.679518342	0	0	0.1213544831	0.1212718561	0.1212179586	0
779	1.968798518	1.968798518	0	0	0.1214787737	0.1214131936	0.1213267818	0
780	1.926576495	1.926576495	0	0	0.1214417294	0.1213938445	0.1213213429	0
781	1.882087111	1.882087111	0	0	0.12137568	0.1213613302	0.1211904287	0
782	1.756923795	1.756923795	0	0	0.1214250699	0.1214512214	0.1212259158	0
783	1.552662492	1.552662492	0	0	0.1213969216	0.1214506999	0.1212309822	0
784	1.712200761	1.712200761	0	0	0.1214767173	0.1213732809	0.12143673	0
785	1.952098131	1.952098131	0	0	0.1214505434	0.1212240085	0.12144804	0
786	2.216444254	2.216444254	0	0	0.1213168353	0.1211953312	0.1212529093	0
787	2.394321918	2.394321918	0	0	0.121456109	0.1213267073	0.1213842183	0
788	2.57997632	2.57997632	0	0	0.1214162782	0.121370174	0.1213045865	0
789	2.66789031	2.66789031	0	0	0.1214636713	0.1213180199	0.1213990822	0
790	2.794794559	2.794794559	0	0	0.1214612126	0.1213298663	0.1213912889	0
791	2.808050394	2.808050394	0	0	0.121395953	0.1212642267	0.1213482246	0
792	2.882841349	2.882841349	0	0	0.1214299724	0.1211924329	0.1214563772	0
793	2.845835447	2.845835447	0	0	0.1214321032	0.1211277694	0.1214742064	0
794	2.486134052	2.486134052	0	0	0.1213882193	0.1211721823	0.1213569418	0
795	2.17308569	2.17308569	0	0	0.1214856431	0.1212962791	0.1214615554	0
796	1.857746243	1.857746243	0	0	0.1215296015	0.1213328168	0.1214860454	0
797	1.637365103	1.637365103	0	0	0.1214807481	0.1213294938	0.1214371696	0
798	1.448680639	1.448680639	0	0	0.1215169281	0.1213723794	0.1214499325	0
799	1.392978668	1.392978668	0	0	0.1214758158	0.1213111058	0.1214122698	0
800	1.535485983	1.535485983	0	0	0.121509552	0.1212759539	0.121552065	0
801	1.987084627	1.987084627	0	0	0.1215098724	0.1211704537	0.1215480343	0
802	2.40514493	2.40514493	0	0	0.1213884279	0.1213417873	0.1211931854	0
803	2.653501034	2.653501034	0	0	0.1214435175	0.1214205176	0.1212768927	0
804	2.635231256	2.635231256	0	0	0.121509552	0.1215125397	0.1213070154	0
805	2.258380651	2.258380651	0	0	0.1213971525	0.1214300469	0.121194087	0
806	1.784745097	1.784745097	0	0	0.1214897484	0.1214371696	0.1213534549	0
807	1.493483663	1.493483663	0	0	0.1213878393	0.1213252097	0.1212862805	0
808	1.42749083	1.42749083	0	0	0.1214396432	0.1212816462	0.1214190871	0
809	1.577519536	1.577519536	0	0	0.121405229	0.1211722046	0.1214100942	0
810	1.795530915	1.795530915	0	0	0.1213769242	0.121241577	0.1213015988	0
811	1.905994296	1.905994296	0	0	0.1213964596	0.121346049	0.1212593839	0
812	2.066481113	2.066481113	0	0	0.1214474961	0.1214624122	0.1212797984	0
813	2.206843615	2.206843615	0	0	0.1214680076	0.1214718297	0.1212947741	0
814	2.249459743	2.249459743	0	0	0.1214808747	0.1214417368	0.1213504449	0
815	2.290740967	2.290740967	0	0	0.1214575842	0.1213310286	0.1213870794	0
816	2.323112249	2.323112249	0	0	0.12139415	0.1211599708	0.1213950589	0
817	2.301052332	2.301052332	0	0	0.1213423088	0.1210907772	0.1213460788	0
818	2.064878702	2.064878702	0	0	0.1214325652	0.1211677343	0.1214153618	0
819	1.823982477	1.823982477	0	0	0.121432595	0.1212516874	0.1213790327	0
820	1.628280282	1.628280282	0	0	0.1214507669	0.1213395149	0.121363543	0
821	1.724588394	1.724588394	0	0	0.1215239689	0.1214736849	0.1213703603	0
822	1.600530863	1.600530863	0	0	0.121383898	0.1214647666	0.1211836264	0
823	1.598104715	1.598104715	0	0	0.1215154007	0.121380128	0.1214537993	0
824	1.737784266	1.737784266	0	0	0.1214125678	0.1212194115	0.1213809773	0
825	2.103594065	2.103594065	0	0	0.1214069054	0.1212171316	0.12134967	0
826	2.483781099	2.483781099	0	0	0.1214348674	0.1213264912	0.1212809458	0
827	2.684397221	2.684397221	0	0	0.1213532314	0.121364221	0.1211347654	0
828	2.631998777	2.631998777	0	0	0.1213408262	0.121331647	0.1211548299	0
829	2.154888153	2.154888153	0	0	0.1214044616	0.1214012355	0.1211898923	0
830	1.807864904	1.807864904	0	0	0.1213358045	0.1214337125	0.1210798025	0
831	1.494336486	1.494336486	0	0	0.1214009374	0.1213709265	0.1212523729	0
832	1.378447771	1.378447771	0	0	0.1214378849	0.1213518754	0.1213422194	0
833	1.551054239	1.551054239	0	0	0.1213278249	0.1212476343	0.1212254837	0
834	1.785246491	1.785246491	0	0	0.1213950589	0.1212686673	0.1213040501	0
835	1.984993696	1.984993696	0	0	0.1213591695	0.1213426962	0.1211828068	0
836	2.049973011	2.049973011	0	0	0.121337153	0.1213131398	0.1211908832	0
837	2.125316143	2.125316143	0	0	0.1214312986	0.121396549	0.1212968081	0
838	2.192907333	2.192907333	0	0	0.1214334294	0.121433273	0.121265471	0
839	2.27724123	2.27724123	0	0	0.1214183643	0.1213622168	0.1213013753	0
840	2.420792341	2.420792341	0	0	0.1213661209	0.1212454438	0.1213068813	0
841	2.388855696	2.388855696	0	0	0.1213184595	0.1211860627	0.1212540343	0
842	2.227571249	2.227571249	0	0	0.1213907674	0.1212450489	0.1213726848	0
843	2.051404715	2.051404715	0	0	0.1214734465	0.1213362813	0.1214308739	0
844	1.835080981	1.835080981	0	0	0.1214889139	0.1213421822	0.12143372	0
845	1.52508986	1.52508986	0	0	0.1214662418	0.121298857	0.1214255616	0
846	1.22915554	1.22915554	0	0	0.1215083003	0.1214168072	0.1214078814	0
847	1.008599401	1.008599401	0	0	0.1214207411	0.1213517711	0.1213402972	0
848	0.8119630814	0.8119630814	0	0	0.1214811355	0.1212280467	0.1214965507	0
849	0.7492951155	0.7492951155	0	0	0.1213605776	0.1211443022	0.121333465	0
850	0.8262342811	0.8262342811	0	0	0.1214147061	0.1212956235	0.121344924	0
851	0.9139283895	0.9139283895	0	0	0.1215467602	0.1214408875	0.1214515716	0
852	0.997358799	0.997358799	0	0	0.1214723513	0.1214180067	0.1213503331	0
853	1.042733073	1.042733073	0	0	0.1214458868	0.1213738248	0.1212986112	0
854	1.09156239	1.09156239	0	0	0.1214551106	0.1214377061	0.1212965623	0
855	1.151209474	1.151209474	0	0	0.1215129048	0.1214388758	0.1214426756	0
856	1.190779924	1.190779924	0	0	0.1214877367	0.1213843003	0.1214116812	0
857	1.347410083	1.347410083	0	0	0.1214763522	0.1213585213	0.1214051917	0
858	1.529230475	1.529230475	0	0	0.1213798001	0.1212605461	0.1213347465	0
859	1.698173285	1.698173285	0	0	0.12137229	0.1212974638	0.1212961227	0
860	1.851376653	1.851376653	0	0	0.1214900985	0.1214428917	0.1213643774	0
861	1.997964621	1.997964621	0	0	0.121492587	0.1214590073	0.1213663444	0
862	2.124937296	2.124937296	0	0	0.1214664429	0.1214627773	0.1213292629	0
863	2.222453594	2.222453594	0	0	0.1215080023	0.1213879585	0.1214559898	0
864	2.361602306	2.361602306	0	0	0.1214328259	0.1212376505	0.1214174107	0
865	2.422806978	2.422806978	0	0	0.1213739738	0.1211419627	0.121373944	0
866	2.475383997	2.475383997	0	0	0.1213929504	0.1211812943	0.1213743538	0
867	2.293671131	2.293671131	0	0	0.1214121655	0.1211812869	0.1214303449	0
868	2.048043013	2.048043013	0	0	0.1214717552	0.1212936267	0.1214190796	0
869	1.682851791	1.682851791	0	0	0.1215588972	0.1214529425	0.1214386895	0
870	1.327248335	1.327248335	0	0	0.1215220317	0.121418044	0.1214528456	0
871	1.10340476	1.10340476	0	0	0.1214923784	0.1212855354	0.1214952022	0
872	0.986705482	0.986705482	0	0	0.1214629784	0.1212242022	0.1214753836	0
873	1.054722071	1.054722071	0	0	0.1215247959	0.121245645	0.1215299591	0
874	1.212334991	1.212334991	0	0	0.121527493	0.1213177666	0.1215181872	0
875	1.371885538	1.371885538	0	0	0.1214065179	0.1213018298	0.1212874576	0
876	1.490923524	1.490923524	0	0	0.1215149686	0.1214502901	0.1213499084	0
877	1.499724388	1.499724388	0	0	0.121453464	0.1214942262	0.1212442145	0
878	1.336816669	1.336816669	0	0	0.1214931831	0.1215527207	0.1212826371	0
879	1.412541032	1.412541032	0	0	0.1214476004	0.1214638203	0.1213154346	0
880	1.6173805	1.6173805	0	0	0.1215255409	0.1214596704	0.1214140877	0
881	1.912734985	1.912734985	0	0	0.1214419082	0.1212548688	0.1214145422	0
882	2.174418688	2.174418688	0	0	0.1214613318	0.1212517396	0.1214326844	0
883	2.409017086	2.409017086	0	0	0.1214478463	0.1213220134	0.1213531643	0
884	2.606552601	2.606552601	0	0	0.1215217486	0.1214665323	0.1213912442	0
885	2.70200491	2.70200491	0	0	0.1214551404	0.1214601472	0.1212690398	0
886	2.713636875	2.713636875	0	0	0.1215310544	0.1215351894	0.1213298216	0
887	2.597480297	2.597480297	0	0	0.1214814633	0.1213549599	0.1214105636	0
888	2.496644258	2.496644258	0	0	0.1214628071	0.1212164834	0.1214436069	0
889	2.454450846	2.454450846	0	0	0.1214240715	0.1211443692	0.1214344054	0
890	2.308716536	2.308716536	0	0	0.1214066595	0.1210979074	0.1214141473	0
891	2.217030048	2.217030048	0	0	0.1214079335	0.1211837009	0.1213708296	0
892	2.095859051	2.095859051	0	0	0.1214605048	0.1212766841	0.1213958338	0
893	1.866795659	1.866795659	0	0	0.1214546487	0.1213670895	0.1213266999	0
894	1.657667756	1.657667756	0	0	0.1216389388	0.121581845	0.1215001941	0
895	1.495286345	1.495286345	0	0	0.1215518564	0.1215383559	0.1214234233	0
896	1.364524841	1.364524841	0	0	0.1215611547	0.1214489415	0.1214860305	0
897	1.335753798	1.335753798	0	0	0.1215520576	0.1212835982	0.1215471625	0
898	1.450050235	1.450050235	0	0	0.1215120181	0.1213047057	0.1214687005	0
899	1.552792788	1.552792788	0	0	0.1214948222	0.1212966666	0.1214325503	0
900	1.67346108	1.67346108	0	0	0.1214796156	0.1213358119	0.1213892475	0
901	1.743145823	1.743145823	0	0	0.1213863492	0.1213704199	0.1211876795	0
902	1.74765408	1.74765408	0	0	0.1215762645	0.1215999946	0.1213808283	0
903	1.75470984	1.75470984	0	0	0.1214275211	0.1214698404	0.1212790236	0
904	1.844432235	1.844432235	0	0	0.1213453859	0.1213272363	0.1212140843	0
905	1.986808538	1.986808538	0	0	0.1215769202	0.1213343516	0.1215584651	0
906	2.125028849	2.125028849	0	0	0.1214392856	0.121200867	0.1214331537	0
907	2.276750565	2.276750565	0	0	0.1214655265	0.1212034374	0.1214416847	0
908	2.473260164	2.473260164	0	0	0.1214833856	0.1212760732	0.1214182749	0
909	2.551234484	2.551234484	0	0	0.1214091107	0.1213029176	0.1212939695	0
910	2.517461538	2.517461538	0	0	0.1215324402	0.1214654967	0.1213976294	0
911	2.431297541	2.431297541	0	0	0.1214834079	0.1214003935	0.121366784	0
912	2.535938978	2.535938978	0	0	0.1214256734	0.1212433651	0.1213778704	0
913	2.513425112	2.513425112	0	0	0.1214425713	0.1211806163	0.121424146	0
914	2.307897806	2.307897806	0	0	0.1214438453	0.1212036833	0.1214163303	0
915	1.999550939	1.999550939	0	0	0.1214945838	0.1211902648	0.1214995235	0
916	1.662894845	1.662894845	0	0	0.1214565039	0.1211659461	0.1214412674	0
917	1.549184084	1.549184084	0	0	0.1213708296	0.1212034449	0.1212736145	0
918	1.283176661	1.283176661	0	0	0.1215155125	0.1214450374	0.1213664263	0
919	1.124090552	1.124090552	0	0	0.121570535	0.1214924976	0.1214866266	0
920	1.130805612	1.130805612	0	0	0.121536769	0.1213061213	0.1215404794	0
921	1.564477086	1.564477086	0	0	0.1213979274	0.1211789101	0.1213896945	0
922	2.081879854	2.081879854	0	0	0.1214545593	0.1213324293	0.1213541478	0
923	2.755355597	2.755355597	0	0	0.1214953288	0.1214636117	0.1213376448	0
924	3.363309383	3.363309383	0	0	0.1214933172	0.1214284822	0.1213679388	0
925	3.171092272	3.171092272	0	0	0.1215232462	0.1214219108	0.1213677153	0
926	3.109838724	3.109838724	0	0	0.1214775965	0.1215061769	0.1212786436	0
927	3.107322216	3.107322216	0	0	0.1214801073	0.1214105934	0.1214116663	0
928	3.340364695	3.340364695	0	0	0.1214777231	0.1212563366	0.1214664578	0
929	3.642745972	3.642745972	0	0	0.1212993339	0.121014908	0.1213349104	0
930	3.997028112	3.997028112	0	0	0.1213566288	0.1211352423	0.1213373691	0
931	4.325739861	4.325739861	0	0	0.1214095727	0.1212901622	0.1213154048	0
932	4.483115673	4.483115673	0	0	0.1214849129	0.1212839261	0.1214440912	0
933	4.540235996	4.540235996	0	0	0.1214118227	0.1212268099	0.121387817	0
934	4.548461437	4.548461437	0	0	0.1214141026	0.1213661507	0.1212598085	0
935	4.41467762	4.41467762	0	0	0.1214924008	0.1213359907	0.1214459911	0
936	4.279861927	4.279861927	0	0	0.1214257553	0.1210537404	0.1214840263	0
937	4.032847881	4.032847881	0	0	0.1212691441	0.1209615991	0.1212878451	0
938	3.720602274	3.720602274	0	0	0.1213638112	0.1210661903	0.1213542446	0
939	3.325357676	3.325357676	0	0	0.1214410886	0.1211783513	0.1214175448	0
940	2.968961	2.968961	0	0	0.121427536	0.1211346313	0.1214277297	0
941	2.47070384	2.47070384	0	0	0.1214244217	0.1212221161	0.1213791892	0
942	2.115080118	2.115080118	0	0	0.1215698868	0.1214515641	0.1214939877	0
943	1.889893174	1.889893174	0	0	0.1215375066	0.1213968918	0.1214933172	0
944	1.668725014	1.668725014	0	0	0.121523343	0.1212266833	0.1215525642	0
945	1.705972672	1.705972672	0	0	0.1214763597	0.1211262196	0.1214988306	0
946	1.92782867	1.92782867	0	0	0.1214575991	0.1211522743	0.1214485914	0
947	2.084148169	2.084148169	0	0	0.1214935631	0.1212511882	0.1214672104	0
948	2.249985695	2.249985695	0	0	0.1214655042	0.1212532073	0.1214244813	0
949	2.277000427	2.277000427	0	0	0.1214043945	0.1212343723	0.1213297844	0
950	2.115364075	2.115364075	0	0	0.1214841679	0.1213589758	0.1213978902	0
951	1.866696477	1.866696477	0	0	0.1215728596	0.1214058325	0.1215395257	0
952	1.749644518	1.749644518	0	0	0.1214593872	0.1212665662	0.1214436665	0
953	1.846474528	1.846474528	0	0	0.1214767918	0.1211421639	0.1215075776	0
954	1.911034584	1.911034584	0	0	0.1214501932	0.1211478636	0.1214576811	0
955	2.04123497	2.04123497	0	0	0.1214278415	0.1211882308	0.1214097366	0
956	2.070864201	2.070864201	0	0	0.1214880422	0.1212480217	0.1214675158	0
957	2.066367865	2.066367865	0	0	0.1214402467	0.121298328	0.1213803366	0
958	2.014359713	2.014359713	0	0	0.121565707	0.1214480922	0.1214633957	0
959	2.016661406	2.016661406	0	0	0.1216011569	0.1213765591	0.121580027	0
960	2.087936401	2.087936401	0	0	0.1214516535	0.1212350503	0.121442683	0
961	2.150200844	2.150200844	0	0	0.1214782447	0.1212071925	0.1214785576	0
962	2.033813715	2.033813715	0	0	0.121496655	0.1212391257	0.1214724034	0
963	1.803077698	1.803077698	0	0	0.1214503273	0.1211806312	0.1214645356	0
964	1.654303908	1.654303908	0	0	0.1214995235	0.121245265	0.1214781404	0
965	1.462652087	1.462652087	0	0	0.1214683577	0.1214206368	0.1213186309	0
966	1.127589583	1.127589583	0	0	0.1216415167	0.1215039417	0.1215329319	0
967	1.01861012	1.01861012	0	0	0.1215116307	0.1214103028	0.1214414462	0
968	1.088506818	1.088506818	0	0	0.12146952	0.1212880835	0.121430181	0
969	1.264825821	1.264825821	0	0	0.1214414462	0.1211834401	0.1214472279	0
970	1.678418279	1.678418279	0	0	0.1214165017	0.1212339252	0.1213487536	0
971	2.069043636	2.069043636	0	0	0.121448651	0.1213470772	0.1213292405	0
972	1.96690166	1.96690166	0	0	0.1215392575	0.1213902459	0.1214439645	0
973	1.520356417	1.520356417	0	0	0.1214154735	0.1214275211	0.1211942211	0
974	1.392044306	1.392044306	0	0	0.1214662343	0.1215097457	0.1212520376	0
975	1.526610494	1.526610494	0	0	0.1214898974	0.1214440912	0.121406354	0
976	1.802226067	1.802226067	0	0	0.1213586107	0.1212375984	0.1212996468	0
977	2.024636507	2.024636507	0	0	0.1214525551	0.1213185638	0.1213840395	0
978	2.172271967	2.172271967	0	0	0.1215235591	0.1213693619	0.1214646921	0
979	2.249845982	2.249845982	0	0	0.1214612797	0.1213321462	0.1213722154	0
980	2.315531492	2.315531492	0	0	0.1214225143	0.1213338375	0.1213085428	0
981	2.341686964	2.341686964	0	0	0.1215187237	0.1214641705	0.1213443652	0
982	2.372689962	2.372689962	0	0	0.1214116141	0.1214315891	0.1212487221	0
983	2.332911015	2.332911015	0	0	0.1214355454	0.1213003248	0.1214113981	0
984	2.365825176	2.365825176	0	0	0.1213911325	0.1212137341	0.1213299111	0
985	2.387418032	2.387418032	0	0	0.1214522943	0.1213040799	0.1213693395	0
986	2.297066212	2.297066212	0	0	0.1214393377	0.1212323382	0.1214069054	0
987	2.043450832	2.043450832	0	0	0.1213935167	0.1212180704	0.1213436127	0
988	1.770942092	1.770942092	0	0	0.121371761	0.1212084666	0.1213019118	0
989	1.433708906	1.433708906	0	0	0.1214702055	0.12138886	0.1213247776	0
990	1.125454068	1.125454068	0	0	0.1214733943	0.1214618161	0.1213469952	0
991	0.8994990587	0.8994990587	0	0	0.121478416	0.121309258	0.1214696914	0
992	0.7855558395	0.7855558395	0	0	0.1214156002	0.1211972609	0.121359311	0
993	0.9229828119	0.9229828119	0	0	0.1214604229	0.1211764291	0.121425882	0
994	1.162774205	1.162774205	0	0	0.1214419082	0.1212630123	0.1213709116	0
995	1.421565652	1.421565652	0	0	0.1214082167	0.1213115007	0.1212747023	0
996	1.750607491	1.750607491	0	0	0.121420376	0.12135005	0.1212643981	0
997	1.892042756	1.892042756	0	0	0.1214194372	0.1214389279	0.1211953834	0
998	1.767009974	1.767009974	0	0	0.1214599609	0.1215449721	0.1212415472	0
999	1.59809649	1.59809649	0	0	0.1214802116	0.1214372292	0.1213830858	0
1000	1.535253286	1.535253286	0	0	0.1214292422	0.1213768125	0.1213105321	0
1001	1.629844546	1.629844546	0	0	0.1214171723	0.12123245	0.1213637367	0
1002	1.721481085	1.721481085	0	0	0.1214009896	0.1211897805	0.1213750243	0
1003	1.799394488	1.799394488	0	0	0.121381633	0.121197708	0.1213173866	0
1004	1.930991292	1.930991292	0	0	0.1214128062	0.1212850288	0.1213047579	0
1005	2.030711174	2.030711174	0	0	0.1213635802	0.1213399991	0.1212576479	0
1006	2.096728802	2.096728802	0	0	0.1215037629	0.1215314418	0.1212802008	0
1007	2.086061478	2.086061478	0	0	0.1215273738	0.1215838566	0.1213191301	0
1008	2.152926207	2.152926207	0	0	0.1214677095	0.1213522553	0.12138886	0
1009	2.113677263	2.113677263	0	0	0.1213525534	0.1211549118	0.1213172004	0
1010	1.910728693	1.910728693	0	0	0.1213687435	0.1211628541	0.121322535	0
1011	1.696094632	1.696094632	0	0	0.1214149594	0.1211766228	0.1213904992	0
1012	1.483026505	1.483026505	0	0	0.1214688271	0.1211686209	0.1214810386	0
1013	1.352357268	1.352357268	0	0	0.1213040873	0.12114764	0.1212619096	0
1014	1.209661245	1.209661245	0	0	0.1214689836	0.1214305982	0.1213061959	0
1015	1.137913227	1.137913227	0	0	0.121485129	0.1215140298	0.1212970614	0
1016	1.263714671	1.263714671	0	0	0.1214628965	0.1213722304	0.1213860363	0
1017	1.612506986	1.612506986	0	0	0.1214478388	0.1212322637	0.1213862225	0
1018	1.974160314	1.974160314	0	0	0.1214205697	0.1213323548	0.1212287694	0
1019	2.237707615	2.237707615	0	0	0.1214719862	0.1214179844	0.1213009953	0
1020	2.388299704	2.388299704	0	0	0.1214261428	0.1213326529	0.1213127598	0
1021	2.170367479	2.170367479	0	0	0.1213161796	0.1212783828	0.1211293414	0
1022	1.986426711	1.986426711	0	0	0.1214222312	0.1214600354	0.121171169	0
1023	1.903326631	1.903326631	0	0	0.1214593127	0.1215345189	0.1212500557	0
1024	1.848749995	1.848749995	0	0	0.1214000508	0.1214361563	0.1212528273	0
1025	1.964406729	1.964406729	0	0	0.1214195266	0.1213779598	0.1212727576	0
1026	2.17930603	2.17930603	0	0	0.1213877872	0.1214137599	0.1211807281	0
1027	2.33320117	2.33320117	0	0	0.1214421242	0.1214424968	0.1212837547	0
1028	2.526074171	2.526074171	0	0	0.121369943	0.1213184446	0.1212720275	0
1029	2.619497061	2.619497061	0	0	0.1213262528	0.1212658212	0.1211870909	0
1030	2.682915926	2.682915926	0	0	0.1214424223	0.121319294	0.1213609204	0
1031	2.69125247	2.69125247	0	0	0.1214385107	0.1213558316	0.1213479415	0
1032	2.751711607	2.751711607	0	0	0.1213702336	0.1212603897	0.1212728247	0
1033	2.705102682	2.705102682	0	0	0.1213506386	0.1212014109	0.121246703	0
1034	2.36746335	2.36746335	0	0	0.1214067712	0.1213042736	0.1213066429	0
1035	2.032293558	2.032293558	0	0	0.1214007586	0.1212706715	0.1213576868	0
1036	1.646167517	1.646167517	0	0	0.1214553714	0.1212849542	0.1214013696	0
1037	1.304434896	1.304434896	0	0	0.1214144006	0.1212721542	0.1213166192	0
1038	1.087233663	1.087233663	0	0	0.1214752346	0.1213537827	0.1214106679	0
1039	0.9953703284	0.9953703284	0	0	0.1214963347	0.1213739514	0.1214258149	0
1040	0.9874252677	0.9874252677	0	0	0.1215035319	0.1213889495	0.1213912889	0
1041	1.235732436	1.235732436	0	0	0.1214965656	0.1212942526	0.1214278191	0
1042	1.47289443	1.47289443	0	0	0.1214416474	0.1214265749	0.1212369129	0
1043	1.519636154	1.519636154	0	0	0.1214389727	0.1214488745	0.1212402582	0
1044	1.86500442	1.86500442	0	0	0.1214714795	0.1214597672	0.1213384196	0
1045	2.075456142	2.075456142	0	0	0.1213703156	0.1214301363	0.1211229637	0
1046	2.190891743	2.190891743	0	0	0.1214281172	0.1214358658	0.1212596372	0
1047	1.990446091	1.990446091	0	0	0.1214111373	0.1213742644	0.1212857589	0
1048	2.043577909	2.043577909	0	0	0.1214139313	0.1213582531	0.1212948635	0
1049	2.12086463	2.12086463	0	0	0.1214322969	0.1212105751	0.1213979721	0
1050	2.072945118	2.072945118	0	0	0.1213212684	0.1212170795	0.1212191805	0
1051	2.078545332	2.078545332	0	0	0.1213479191	0.121266298	0.1212437823	0
1052	2.080928564	2.080928564	0	0	0.1214533001	0.1214155927	0.1213270873	0
1053	2.165330887	2.165330887	0	0	0.1214008331	0.1213667989	0.1212362573	0
1054	2.201143503	2.201143503	0	0	0.1214612275	0.121312879	0.1214136109	0
1055	2.20438838	2.20438838	0	0	0.1214711145	0.1212959141	0.1214261428	0
1056	2.302291393	2.302291393	0	0	0.1213880926	0.1212524176	0.1213022396	0
1057	2.425464869	2.425464869	0	0	0.1213781238	0.1211382523	0.1213695481	0
1058	2.41131258	2.41131258	0	0	0.1213303059	0.1212367266	0.1212202385	0
1059	2.265499353	2.265499353	0	0	0.1214803904	0.1213296801	0.1214239225	0
1060	2.115920782	2.115920782	0	0	0.1215731651	0.1214130968	0.1215070412	0
1061	1.852976441	1.852976441	0	0	0.1214033887	0.1213462949	0.1212871298	0
1062	1.6742028	1.6742028	0	0	0.121566467	0.1214491203	0.1214602366	0
1063	1.51969409	1.51969409	0	0	0.121401377	0.1213068888	0.1213475466	0
1064	1.327973604	1.327973604	0	0	0.1214550361	0.1212152317	0.1214318275	0
1065	1.248523474	1.248523474	0	0	0.1213836521	0.1210762635	0.1214285418	0
1066	1.394309998	1.394309998	0	0	0.1213736162	0.1212951466	0.1212452799	0
1067	1.484363794	1.484363794	0	0	0.1214258894	0.1213592365	0.1213094816	0
1068	1.582411647	1.582411647	0	0	0.1215396747	0.1214597151	0.1214560941	0
1069	1.682739496	1.682739496	0	0	0.1213977709	0.121391125	0.1212110519	0
1070	1.724787354	1.724787354	0	0	0.1215729192	0.1215377375	0.1213908643	0
1071	1.748336434	1.748336434	0	0	0.1214359179	0.1213590577	0.1213492081	0
1072	1.827830553	1.827830553	0	0	0.1214989349	0.1214173287	0.1213544384	0
1073	1.97490859	1.97490859	0	0	0.1215635911	0.1213439032	0.1215340942	0
1074	2.17633462	2.17633462	0	0	0.1214286909	0.121222496	0.121395804	0
1075	2.249084949	2.249084949	0	0	0.1213630587	0.1212609932	0.1212568358	0
1076	2.350530863	2.350530863	0	0	0.1215530485	0.1214750037	0.1214206442	0
1077	2.425440311	2.425440311	0	0	0.1215601712	0.1214836687	0.1214311048	0
1078	2.428992987	2.428992987	0	0	0.1215208098	0.1214590073	0.1213966981	0
1079	2.400760651	2.400760651	0	0	0.1215064451	0.1213809997	0.1214105412	0
1080	2.417114735	2.417114735	0	0	0.1215059161	0.1213352308	0.1214236096	0
1081	2.37739563	2.37739563	0	0	0.1214163452	0.1211983338	0.1214091778	0
1082	2.124471426	2.124471426	0	0	0.1214073077	0.121171698	0.1213954017	0
1083	1.939326406	1.939326406	0	0	0.1213939786	0.1212048009	0.1213177592	0
1084	1.744190097	1.744190097	0	0	0.12153586	0.1213383898	0.1214859933	0
1085	1.460345864	1.460345864	0	0	0.1216265634	0.1214086264	0.1215791032	0
1086	1.237086296	1.237086296	0	0	0.1215718463	0.1215892658	0.1213643402	0
1087	1.435968995	1.435968995	0	0	0.1215955839	0.1215201691	0.121484302	0
1088	1.862793326	1.862793326	0	0	0.1216198057	0.1214582846	0.1215653941	0
1089	2.648321152	2.648321152	0	0	0.1214779839	0.1212505773	0.1214502901	0
1090	2.98869586	2.98869586	0	0	0.1214205623	0.1212760583	0.1213162616	0
1091	2.958446026	2.958446026	0	0	0.1214402989	0.1214216277	0.1212663651	0
1092	2.763192415	2.763192415	0	0	0.1214822605	0.1215035468	0.1212957948	0
1093	2.587384701	2.587384701	0	0	0.1215008423	0.1215493903	0.1212888286	0
1094	2.356232882	2.356232882	0	0	0.121531032	0.1215563864	0.1213071123	0
1095	2.008699417	2.008699417	0	0	0.1214171723	0.1213357076	0.121332638	0
1096	1.853436112	1.853436112	0	0	0.1214564443	0.1213291734	0.1213952526	0
1097	2.070770502	2.070770502	0	0	0.1213909313	0.1211535558	0.1213763356	0
1098	2.39168191	2.39168191	0	0	0.1213282943	0.1211693436	0.1212603375	0
1099	2.74418664	2.74418664	0	0	0.1214073226	0.1214216426	0.1212064624	0
1100	3.114406586	3.114406586	0	0	0.1214641929	0.1214476675	0.1213119701	0
1101	3.444030762	3.444030762	0	0	0.1213799566	0.1214478835	0.1211775318	0
1102	3.570138216	3.570138216	0	0	0.1214463711	0.1214351878	0.1212483644	0
1103	3.644057751	3.644057751	0	0	0.1214721873	0.1213845164	0.1213997081	0
1104	3.947502851	3.947502851	0	0	0.1213462502	0.1211297885	0.1213173494	0
1105	3.756643057	3.756643057	0	0	0.1212768629	0.1210330576	0.1212520003	0
1106	3.304847002	3.304847002	0	0	0.1213788018	0.1211812869	0.1213219166	0
1107	2.80175662	2.80175662	0	0	0.1213627979	0.1212268844	0.1213013455	0
1108	2.459424496	2.459424496	0	0	0.121419929	0.1212165728	0.1213920712	0
1109	1.876282811	1.876282811	0	0	0.1213346571	0.1212284938	0.1212331057	0
1110	1.725808144	1.725808144	0	0	0.121449627	0.1213798448	0.1213104054	0
1111	1.550832748	1.550832748	0	0	0.1215232536	0.1214514375	0.1213965639	0
1112	1.397474885	1.397474885	0	0	0.1213766336	0.1211203113	0.121366553	0
1113	1.748728633	1.748728633	0	0	0.1214162782	0.1211961135	0.1213393882	0
1114	2.23820138	2.23820138	0	0	0.1213793233	0.1213108823	0.1212310567	0
1115	2.586067915	2.586067915	0	0	0.1214655787	0.1213642284	0.1213041469	0
1116	2.549873829	2.549873829	0	0	0.1213626042	0.1212168559	0.121247001	0
1117	2.830101728	2.830101728	0	0	0.1213288307	0.1213731393	0.1210796684	0
1118	2.316623688	2.316623688	0	0	0.121447511	0.1214771122	0.1212527603	0
1119	1.891859293	1.891859293	0	0	0.1215004101	0.1214475781	0.1213666946	0
1120	1.654623866	1.654623866	0	0	0.1213462576	0.1212632209	0.1212476343	0
1121	1.786903501	1.786903501	0	0	0.1214422733	0.1212687865	0.1213849336	0
1122	1.945099473	1.945099473	0	0	0.1213679761	0.121274218	0.1212814003	0
1123	2.077982903	2.077982903	0	0	0.1214355975	0.1213496402	0.1212978736	0
1124	2.27243185	2.27243185	0	0	0.1213827506	0.1212033182	0.1213247404	0
1125	2.342184067	2.342184067	0	0	0.1212724671	0.1212188154	0.1211321801	0
1126	2.438327312	2.438327312	0	0	0.1214463115	0.1214095727	0.1213121638	0
1127	2.460643053	2.460643053	0	0	0.1214917451	0.1214536652	0.1213714704	0
1128	2.47445631	2.47445631	0	0	0.1214414686	0.121277459	0.1214033216	0
1129	2.402149916	2.402149916	0	0	0.1213895604	0.1212591305	0.1213154197	0
1130	2.143015623	2.143015623	0	0	0.1213921085	0.1212788969	0.1213166192	0
1131	1.840722442	1.840722442	0	0	0.1214594096	0.121272482	0.1214116439	0
1132	1.539620757	1.539620757	0	0	0.121397391	0.1211299151	0.1214025989	0
1133	1.352416873	1.352416873	0	0	0.1213401183	0.1212292984	0.1212398782	0
1134	1.204894781	1.204894781	0	0	0.1215652972	0.1214752942	0.1214678884	0
1135	1.181037903	1.181037903	0	0	0.1215940714	0.1214655861	0.1215027198	0
1136	1.300932884	1.300932884	0	0	0.1214082018	0.1213572249	0.1212777719	0
1137	1.694524527	1.694524527	0	0	0.1214685068	0.1213222295	0.1213982627	0
1138	2.118247986	2.118247986	0	0	0.1214618683	0.1214099526	0.1213005707	0
1139	2.540030241	2.540030241	0	0	0.1213946939	0.1213494018	0.1212158203	0
1140	2.748507738	2.748507738	0	0	0.1214623973	0.121387966	0.121319972	0
1141	2.506482363	2.506482363	0	0	0.1214026958	0.1214743629	0.1211409122	0
1142	2.158710241	2.158710241	0	0	0.1214495525	0.12148536	0.1212513819	0
1143	1.964072824	1.964072824	0	0	0.1214328632	0.1213431507	0.1213203073	0
1144	1.944135904	1.944135904	0	0	0.1213561445	0.1213011965	0.1212050766	0
1145	2.577281475	2.577281475	0	0	0.1214124113	0.1212465316	0.1213600114	0
1146	3.14193368	3.14193368	0	0	0.121425055	0.1212806702	0.1213582084	0
1147	3.648607254	3.648607254	0	0	0.1213466451	0.1213123426	0.1211790666	0
1148	4.193244457	4.193244457	0	0	0.1214703694	0.121412389	0.1213325188	0
1149	4.666558743	4.666558743	0	0	0.1213698983	0.1214070693	0.1211806685	0
1150	5.017925739	5.017925739	0	0	0.1214456409	0.1213998571	0.1213130578	0
1151	5.377925396	5.377925396	0	0	0.1214899644	0.1213082597	0.1214453503	0
1152	5.709215641	5.709215641	0	0	0.1213892177	0.1211953014	0.1213419288	0
1153	5.403761864	5.403761864	0	0	0.1213312745	0.1210514084	0.121361509	0
1154	4.688413143	4.688413143	0	0	0.1213790849	0.1211017147	0.121398218	0
1155	3.993644476	3.993644476	0	0	0.1212922931	0.121070452	0.1212620735	0
1156	3.23166275	3.23166275	0	0	0.1214783117	0.1212214753	0.1214842349	0
1157	2.525647402	2.525647402	0	0	0.1213777289	0.1212431341	0.1213563085	0
1158	1.894722581	1.894722581	0	0	0.121459052	0.1212583929	0.121448338	0
1159	1.42315805	1.42315805	0	0	0.1215324029	0.121248804	0.1215271354	0
1160	1.176766157	1.176766157	0	0	0.1214028969	0.1211435124	0.1213867813	0
1161	1.442334056	1.442334056	0	0	0.1214826256	0.1211639419	0.1215166375	0
1162	1.872986674	1.872986674	0	0	0.1213634461	0.1211944968	0.1212944835	0
1163	2.148725748	2.148725748	0	0	0.1214168221	0.1212951615	0.1212788001	0
1164	2.238184452	2.238184452	0	0	0.1214508787	0.1213620752	0.1213376448	0
1165	2.008598804	2.008598804	0	0	0.1214257553	0.121449165	0.1212425753	0
1166	1.800553441	1.800553441	0	0	0.1214511395	0.1213839278	0.1213249415	0
1167	1.560121298	1.560121298	0	0	0.1214796975	0.12136852	0.1213996038	0
1168	1.499578357	1.499578357	0	0	0.1213992387	0.1212982535	0.1213195845	0
1169	1.869993329	1.869993329	0	0	0.1213998199	0.12123207	0.1213660762	0
1170	2.233078241	2.233078241	0	0	0.1213495731	0.1212386712	0.121278584	0
1171	2.585149765	2.585149765	0	0	0.121448271	0.1213501543	0.1213436872	0
1172	2.863050699	2.863050699	0	0	0.1213970706	0.1213432476	0.121303536	0
1173	3.09942627	3.09942627	0	0	0.1213780865	0.1213348359	0.1212750077	0
1174	3.309582233	3.309582233	0	0	0.1214401796	0.1213649139	0.121347107	0
1175	3.43494916	3.43494916	0	0	0.1214796156	0.1213565469	0.1214100048	0
1176	3.901192904	3.901192904	0	0	0.121402964	0.1212455854	0.121352911	0
1177	4.064461708	4.064461708	0	0	0.1213935092	0.1211057231	0.1214250252	0
1178	3.806421041	3.806421041	0	0	0.1213332564	0.1210811138	0.1213326827	0
1179	3.359363794	3.359363794	0	0	0.1213914901	0.1211408749	0.1213723421	0
1180	2.927030087	2.927030087	0	0	0.121414341	0.121152319	0.121415861	0
1181	2.437885761	2.437885761	0	0	0.1214318275	0.1212777421	0.1213819236	0
1182	1.936487556	1.936487556	0	0	0.1215185672	0.1213706806	0.1214629263	0
1183	1.600511551	1.600511551	0	0	0.1214395389	0.1213886365	0.1213055998	0
1184	1.34011066	1.34011066	0	0	0.1214478686	0.1212352142	0.1214443222	0
1185	1.61842978	1.61842978	0	0	0.1214267164	0.1211173981	0.1214609221	0
1186	2.238363981	2.238363981	0	0	0.1212715507	0.1211404949	0.1211874336	0
1187	2.537801027	2.537801027	0	0	0.1213947982	0.1213100702	0.1212542206	0
1188	2.65039897	2.65039897	0	0	0.1214551479	0.1213886812	0.1213176697	0
1189	2.327545881	2.327545881	0	0	0.1213498488	0.1214321256	0.1211065128	0
1190	1.983032107	1.983032107	0	0	0.1213939413	0.1214374155	0.121194914	0
1191	1.922222972	1.922222972	0	0	0.1213916987	0.1213490143	0.1212866902	0
1192	1.898379445	1.898379445	0	0	0.1214639023	0.1213200316	0.1213956326	0
1193	2.163382769	2.163382769	0	0	0.1214317456	0.121175155	0.1214345843	0
1194	2.363993168	2.363993168	0	0	0.1213868931	0.1211688519	0.121358715	0
1195	2.50908494	2.50908494	0	0	0.121338211	0.1212773174	0.1211870983	0
1196	2.7307055	2.7307055	0	0	0.1214209348	0.1213628054	0.1212844104	0
1197	2.892421246	2.892421246	0	0	0.121383287	0.121388711	0.1211972833	0
1198	3.019756794	3.019756794	0	0	0.1214220524	0.1214014664	0.1212899834	0
1199	3.120212317	3.120212317	0	0	0.1214511171	0.121384047	0.1213474125	0
1200	3.223041534	3.223041534	0	0	0.1214292049	0.1212261915	0.1213714033	0
1201	3.188375711	3.188375711	0	0	0.1213670298	0.1210818738	0.1213714033	0
1202	3.089043856	3.089043856	0	0	0.1213386804	0.1210730821	0.1213324443	0
1203	2.917326212	2.917326212	0	0	0.121351622	0.1211967096	0.1212699339	0
1204	2.733670473	2.733670473	0	0	0.1214793921	0.1212989911	0.1214204952	0
1205	2.347581863	2.347581863	0	0	0.1214201227	0.1213492155	0.1213173494	0
1206	2.057314873	2.057314873	0	0	0.1214869469	0.1214148179	0.1213600636	0
1207	1.828859568	1.828859568	0	0	0.121492289	0.1212989911	0.1214428023	0
1208	1.656266928	1.656266928	0	0	0.1214322671	0.1211531386	0.121412985	0
1209	1.579078913	1.579078913	0	0	0.12146274	0.1211834997	0.1214505807	0
1210	1.551447749	1.551447749	0	0	0.1214474812	0.121254161	0.1213865057	0
1211	1.646372557	1.646372557	0	0	0.121408619	0.1212697476	0.1212991551	0
1212	1.729805827	1.729805827	0	0	0.1214984655	0.1213524863	0.1214196533	0
1213	1.7171067	1.7171067	0	0	0.1214259937	0.1214034557	0.1212625057	0
1214	1.71412158	1.71412158	0	0	0.1214868501	0.1214874759	0.1213230044	0
1215	1.706254959	1.706254959	0	0	0.1214719862	0.1213757172	0.1213822365	0
1216	1.708431005	1.708431005	0	0	0.1213905886	0.1213766932	0.1212323532	0
1217	1.999812245	1.999812245	0	0	0.1215347201	0.1213550568	0.1214589104	0
1218	2.423661947	2.423661947	0	0	0.1214135662	0.1212395206	0.1213781089	0
1219	2.729426861	2.729426861	0	0	0.1214726344	0.1212798879	0.121406503	0
1220	3.108994722	3.108994722	0	0	0.1214927658	0.1213596463	0.1214244515	0
1221	3.457530499	3.457530499	0	0	0.121377863	0.1213119701	0.1212591901	0
1222	3.81275034	3.81275034	0	0	0.1215476543	0.1214991435	0.1213881373	0
1223	3.992552519	3.992552519	0	0	0.1214463785	0.1213659272	0.1213188544	0
1224	4.264130592	4.264130592	0	0	0.1214335561	0.1213550642	0.1212986782	0
1225	4.261916161	4.261916161	0	0	0.1214450449	0.1212028787	0.1214361563	0
1226	4.028737068	4.028737068	0	0	0.1213744134	0.1210906357	0.1213729754	0
1227	3.823634624	3.823634624	0	0	0.1213345081	0.1210564002	0.1213367507	0
1228	3.586206198	3.586206198	0	0	0.1214299276	0.1210648343	0.1214671284	0
1229	3.23364687	3.23364687	0	0	0.1214008927	0.121147342	0.1213953346	0
1230	2.882281065	2.882281065	0	0	0.1215175986	0.1213149875	0.1214844212	0
1231	2.535933018	2.535933018	0	0	0.1214607283	0.1212867573	0.1213866025	0
1232	2.183849812	2.183849812	0	0	0.1214186028	0.1212440059	0.1213728562	0
1233	2.073144197	2.073144197	0	0	0.1214974597	0.1211650744	0.12152116	0
1234	2.065988779	2.065988779	0	0	0.121438846	0.1211812049	0.1214106157	0
1235	2.023824692	2.023824692	0	0	0.1214980856	0.1212012693	0.1214760542	0
1236	1.940825462	1.940825462	0	0	0.1215671524	0.1212935075	0.121552363	0
1237	1.851200938	1.851200938	0	0	0.1214442998	0.1213200465	0.1213453785	0
1238	1.69646132	1.69646132	0	0	0.1216372177	0.1214880347	0.1215517074	0
1239	1.629332185	1.629332185	0	0	0.121490255	0.1213719174	0.1213856265	0
1240	1.671598673	1.671598673	0	0	0.1215471774	0.1214236245	0.1214238554	0
1241	1.798888564	1.798888564	0	0	0.1216200069	0.1213493198	0.1215966865	0
1242	2.037688017	2.037688017	0	0	0.1214319691	0.1212092191	0.1213808507	0
1243	2.25279808	2.25279808	0	0	0.1214708835	0.1213002354	0.1213634759	0
1244	2.449475765	2.449475765	0	0	0.1214696839	0.1212994382	0.1213803738	0
1245	2.643946409	2.643946409	0	0	0.1214710549	0.121361576	0.1213724464	0
1246	2.737533569	2.737533569	0	0	0.1215064004	0.1214721277	0.1213565916	0
1247	2.823216677	2.823216677	0	0	0.1215628758	0.1215321496	0.1214532927	0
1248	2.841915131	2.841915131	0	0	0.1215527728	0.121336773	0.1215120926	0
1249	2.85398531	2.85398531	0	0	0.121472165	0.1211714372	0.1214861423	0
1250	2.725952625	2.725952625	0	0	0.1214969382	0.1211880893	0.1215047389	0
1251	2.590858698	2.590858698	0	0	0.1214581206	0.1212288067	0.121441856	0
1252	2.484543324	2.484543324	0	0	0.1214584559	0.1212092564	0.1214411706	0
1253	2.282984257	2.282984257	0	0	0.1214264184	0.1212220415	0.1214004084	0
1254	2.133024693	2.133024693	0	0	0.1215467826	0.1213694215	0.1214967966	0
1255	2.013710976	2.013710976	0	0	0.1215333417	0.121380493	0.1214842349	0
1256	1.912982941	1.912982941	0	0	0.1215340048	0.1213015914	0.1215223223	0
1257	1.86467576	1.86467576	0	0	0.1215485483	0.1212610528	0.1215794832	0
1258	1.855273128	1.855273128	0	0	0.1215131804	0.1212592572	0.1215084046	0
1259	1.871502638	1.871502638	0	0	0.121493116	0.1213316247	0.121443741	0
1260	1.839177012	1.839177012	0	0	0.1215194017	0.1213492528	0.121460855	0
1261	1.766192198	1.766192198	0	0	0.1214493364	0.1213640794	0.1213373616	0
1262	1.65218246	1.65218246	0	0	0.1215459853	0.121461682	0.1214387938	0
1263	1.614764929	1.614764929	0	0	0.1215479374	0.1214543432	0.1214661151	0
1264	1.658082128	1.658082128	0	0	0.121502094	0.1214261055	0.1213954315	0
1265	1.786974669	1.786974669	0	0	0.1216231212	0.1214615032	0.1215656176	0
1266	1.936174989	1.936174989	0	0	0.1215595156	0.1213895902	0.121497035	0
1267	2.100673437	2.100673437	0	0	0.1214997098	0.1213835329	0.1214052811	0
1268	2.242742538	2.242742538	0	0	0.1214858219	0.1213515848	0.1213935837	0
1269	2.449947596	2.449947596	0	0	0.1214541867	0.12143372	0.1212740093	0
1270	2.572472095	2.572472095	0	0	0.121550642	0.1215335801	0.1213738993	0
1271	2.658049822	2.658049822	0	0	0.1215359494	0.1214936152	0.1214063987	0
1272	2.793986797	2.793986797	0	0	0.1214283854	0.12132819	0.121323891	0
1273	2.943163395	2.943163395	0	0	0.1215017438	0.1213182956	0.121444568	0
1274	2.865819693	2.865819693	0	0	0.1214634553	0.1212501377	0.1214126721	0
1275	2.741920471	2.741920471	0	0	0.1214651465	0.1212395057	0.1214633957	0
1276	2.548964977	2.548964977	0	0	0.1214424446	0.1211832687	0.1214386299	0
1277	2.206521511	2.206521511	0	0	0.1214356795	0.1212552041	0.1213772297	0
1278	1.865882039	1.865882039	0	0	0.1215273738	0.1213339791	0.1214781851	0
1279	1.677763104	1.677763104	0	0	0.1214669868	0.1213521212	0.1214096919	0
1280	1.609758377	1.609758377	0	0	0.1215539947	0.1212922186	0.1215278506	0
1281	1.582654595	1.582654595	0	0	0.1215137765	0.121223025	0.1215236187	0
1282	1.70371902	1.70371902	0	0	0.1214233413	0.1212333441	0.1213858947	0
1283	1.88049376	1.88049376	0	0	0.1214840412	0.1213323325	0.1214074641	0
1284	2.069329262	2.069329262	0	0	0.1215027571	0.1213683262	0.1214394495	0
1285	2.118743896	2.118743896	0	0	0.1214587539	0.1214712933	0.1212364286	0
1286	2.030886173	2.030886173	0	0	0.1215341017	0.1215312555	0.1213600487	0
1287	1.975322127	1.975322127	0	0	0.1215424761	0.1214877367	0.1214377284	0
1288	1.939428926	1.939428926	0	0	0.1214969382	0.1213023663	0.1214525849	0
1289	2.21191144	2.21191144	0	0	0.1214971766	0.1212588102	0.1214642525	0
1290	2.483926535	2.483926535	0	0	0.121422112	0.1211626604	0.1214166656	0
1291	2.699813366	2.699813366	0	0	0.1215222403	0.1212741286	0.1214836463	0
1292	2.805427551	2.805427551	0	0	0.1214063913	0.1212808937	0.1213310212	0
1293	3.079123974	3.079123974	0	0	0.1214911118	0.1214462742	0.1213074699	0
1294	3.307577372	3.307577372	0	0	0.1215392128	0.1215321571	0.121369943	0
1295	3.456520081	3.456520081	0	0	0.1215437055	0.1214763969	0.1214147955	0
1296	3.813860655	3.813860655	0	0	0.121471718	0.1212182492	0.1214280203	0
1297	3.66774106	3.66774106	0	0	0.1214086562	0.1210930124	0.1214194894	0
1298	3.347214222	3.347214222	0	0	0.1213641539	0.1210200638	0.1214094236	0
1299	2.994080782	2.994080782	0	0	0.1214045435	0.121047616	0.121426627	0
1300	2.655807018	2.655807018	0	0	0.1213645563	0.1210932732	0.1213429347	0
1301	2.349877596	2.349877596	0	0	0.121450603	0.1212585345	0.121397011	0
1302	2.056468725	2.056468725	0	0	0.1215504929	0.1214088053	0.1214559078	0
1303	1.967251897	1.967251897	0	0	0.1214890853	0.1214251146	0.1213750616	0
1304	1.863259912	1.863259912	0	0	0.1215529293	0.1212208048	0.1215712503	0
1305	2.283860445	2.283860445	0	0	0.1214164644	0.1211820394	0.1213911101	0
1306	2.747005224	2.747005224	0	0	0.1214212254	0.1212496758	0.1213346943	0
1307	3.066431522	3.066431522	0	0	0.1215208247	0.1213120744	0.1214516163	0
1308	3.194907904	3.194907904	0	0	0.1214432567	0.1213287786	0.1213434488	0
1309	2.929436922	2.929436922	0	0	0.1215563044	0.1215400845	0.1213563085	0
1310	2.633000612	2.633000612	0	0	0.1216299757	0.1215733886	0.1214731708	0
1311	2.299274921	2.299274921	0	0	0.1214617491	0.1213915795	0.1213621944	0
1312	2.266533136	2.266533136	0	0	0.1214377061	0.1213675737	0.1213309243	0
1313	2.606220961	2.606220961	0	0	0.1214812323	0.1213758066	0.1213906184	0
1314	2.879276276	2.879276276	0	0	0.1214815453	0.1213241294	0.121409215	0
1315	3.106181622	3.106181622	0	0	0.121441789	0.1213243455	0.1213481054	0
1316	3.200391769	3.200391769	0	0	0.1214499995	0.1213692427	0.1213051081	0
1317	3.23835063	3.23835063	0	0	0.1214115769	0.1213667169	0.1212933585	0
1318	3.319740772	3.319740772	0	0	0.1214574054	0.1213822886	0.121364519	0
1319	3.238018036	3.238018036	0	0	0.121570684	0.1214600131	0.1214851812	0
1320	3.289668798	3.289668798	0	0	0.1213677898	0.1212544441	0.1213015839	0
1321	3.271890879	3.271890879	0	0	0.1213741973	0.1212032661	0.1213201061	0
1322	2.924855471	2.924855471	0	0	0.1214465275	0.1212362871	0.1214101389	0
1323	2.529417276	2.529417276	0	0	0.1214794964	0.1212783977	0.1214469075	0
1324	2.281929016	2.281929016	0	0	0.1214298457	0.1212682277	0.1213753596	0
1325	2.023628235	2.023628235	0	0	0.1214670539	0.1213879585	0.12135683	0
1326	1.797607183	1.797607183	0	0	0.1215593666	0.1214107275	0.1214801744	0
1327	1.650338292	1.650338292	0	0	0.1214392707	0.121306017	0.1213378236	0
1328	1.675889373	1.675889373	0	0	0.1214530841	0.1212990806	0.1214078143	0
1329	2.065193653	2.065193653	0	0	0.12151853	0.1211820394	0.1215415597	0
1330	2.622915983	2.622915983	0	0	0.1214189157	0.1212909594	0.1212918833	0
1331	2.959028006	2.959028006	0	0	0.1213393062	0.1212721691	0.1211403534	0
1332	3.139814377	3.139814377	0	0	0.1214219853	0.1213333458	0.1212883666	0
1333	3.047285318	3.047285318	0	0	0.1213605925	0.1214425191	0.1210828647	0
1334	2.786332846	2.786332846	0	0	0.1213881522	0.1214164346	0.1211737022	0
1335	2.626913786	2.626913786	0	0	0.1214769483	0.121441327	0.1213315949	0
1336	2.613175154	2.613175154	0	0	0.1213741452	0.1213633493	0.1212455705	0
1337	2.935263872	2.935263872	0	0	0.1214399859	0.1212150902	0.12142203	0
1338	3.076975107	3.076975107	0	0	0.1213858798	0.1212760061	0.1212903708	0
1339	3.309206724	3.309206724	0	0	0.1213791594	0.121269159	0.1212595627	0
1340	3.45532155	3.45532155	0	0	0.1214165837	0.1213110462	0.121330224	0
1341	3.583553791	3.583553791	0	0	0.1213079095	0.1212699041	0.1211767644	0
1342	3.651966572	3.651966572	0	0	0.1214113086	0.1213419661	0.1212900057	0
1343	3.827973604	3.827973604	0	0	0.1214638129	0.1212930754	0.1214368418	0
1344	4.062664986	4.062664986	0	0	0.1214132383	0.1211722642	0.1214036942	0
1345	4.035233974	4.035233974	0	0	0.1214241609	0.1211201474	0.1214465052	0
1346	3.651574373	3.651574373	0	0	0.1213878468	0.1211499795	0.1213541701	0
1347	3.183383942	3.183383942	0	0	0.1214476824	0.1212569997	0.1213971972	0
1348	2.789735079	2.789735079	0	0	0.1214431673	0.1212099195	0.1214166656	0
1349	2.316192627	2.316192627	0	0	0.1213380918	0.1212237254	0.1212620959	0
1350	1.887670517	1.887670517	0	0	0.1215691343	0.1213995069	0.1214784235	0
1351	1.505125284	1.505125284	0	0	0.1214668974	0.1213103011	0.1214635521	0
1352	1.334641337	1.334641337	0	0	0.1214351505	0.1211328954	0.1214462742	0
1353	1.565012693	1.565012693	0	0	0.1213972643	0.1211532429	0.121367313	0
1354	2.015352726	2.015352726	0	0	0.1213641167	0.1212368459	0.1212441102	0
1355	2.401117802	2.401117802	0	0	0.1214735359	0.1214020327	0.121299468	0
1356	2.588419199	2.588419199	0	0	0.1214483976	0.1212989315	0.1213504449	0
1357	2.534605503	2.534605503	0	0	0.1213603467	0.1213554665	0.1211406365	0
1358	2.339083433	2.339083433	0	0	0.1214600131	0.1214706302	0.1212559864	0
1359	2.254591465	2.254591465	0	0	0.1214342564	0.1214111224	0.1213180423	0
1360	2.233939409	2.233939409	0	0	0.1213983446	0.1212823763	0.1213225275	0
1361	2.64556241	2.64556241	0	0	0.1214215159	0.1212844104	0.1213568524	0
1362	3.132849455	3.132849455	0	0	0.1213716865	0.1212805659	0.1213074401	0
1363	3.437339306	3.437339306	0	0	0.1214464158	0.1212644652	0.1213954687	0
1364	3.772098064	3.772098064	0	0	0.1213381365	0.1212102324	0.1212673709	0
1365	4.049719334	4.049719334	0	0	0.1214011386	0.1212960929	0.1213051304	0
1366	4.38603878	4.38603878	0	0	0.1214476079	0.1213711649	0.1213323474	0
1367	4.584456921	4.584456921	0	0	0.1214361787	0.121259734	0.1213994548	0
1368	4.738835812	4.738835812	0	0	0.121332787	0.1211431995	0.1212917045	0
1369	4.343738556	4.343738556	0	0	0.1214119866	0.1211429313	0.1214384064	0
1370	3.737014771	3.737014771	0	0	0.1214283854	0.1211047247	0.1214530841	0
1371	3.169891119	3.169891119	0	0	0.1213332266	0.1210394502	0.1213404909	0
1372	2.623354197	2.623354197	0	0	0.1213822514	0.1210461706	0.1214004681	0
1373	2.114082098	2.114082098	0	0	0.1214281693	0.1212218776	0.1213913187	0
1374	1.740570784	1.740570784	0	0	0.1214118451	0.1212622672	0.1213727817	0
1375	1.46482873	1.46482873	0	0	0.1214534044	0.1212485433	0.1214049906	0
1376	1.354846597	1.354846597	0	0	0.1213398725	0.1211328283	0.1213243082	0
1377	1.700445771	1.700445771	0	0	0.1214325204	0.1212621778	0.1213983521	0
1378	2.141147375	2.141147375	0	0	0.1214835122	0.1213768348	0.121344164	0
1379	2.464921951	2.464921951	0	0	0.1214443371	0.1213989407	0.1212537736	0
1380	2.621309757	2.621309757	0	0	0.1214197725	0.1213765815	0.121247232	0
1381	2.541913986	2.541913986	0	0	0.1214055866	0.1214538813	0.1211685911	0
1382	2.200994015	2.200994015	0	0	0.1214578971	0.1214107797	0.1213161126	0
1383	1.840784073	1.840784073	0	0	0.1213691607	0.1213089079	0.1212553754	0
1384	1.688090682	1.688090682	0	0	0.1214289814	0.1214602515	0.121257998	0
1385	1.751049757	1.751049757	0	0	0.1214015707	0.1214001179	0.1212701574	0
1386	1.853844285	1.853844285	0	0	0.1213783696	0.1213678345	0.1212703362	0
1387	1.954580545	1.954580545	0	0	0.1213875785	0.1213255748	0.1212414652	0
1388	1.998404741	1.998404741	0	0	0.1212983876	0.1213130578	0.1211471558	0
1389	2.014572144	2.014572144	0	0	0.1213977262	0.1213389412	0.1212854311	0
1390	1.998575091	1.998575091	0	0	0.1213852763	0.1213028431	0.1213061363	0
1391	1.984441519	1.984441519	0	0	0.1214394569	0.1212859675	0.1213971898	0
1392	2.001054764	2.001054764	0	0	0.1214067116	0.1213117391	0.1213320419	0
1393	2.008354425	2.008354425	0	0	0.1213587299	0.1212334633	0.1213054433	0
1394	1.871134996	1.871134996	0	0	0.1214101911	0.1212781817	0.1213470548	0
1395	1.701201081	1.701201081	0	0	0.1214518398	0.1213050932	0.1213889197	0
1396	1.581376433	1.581376433	0	0	0.1214607581	0.1212907881	0.1214273721	0
1397	1.435669184	1.435669184	0	0	0.1214545518	0.1213643327	0.1213475019	0
1398	1.313762903	1.313762903	0	0	0.1215155199	0.1214785203	0.1213505045	0
1399	1.215324998	1.215324998	0	0	0.1214042529	0.1214081571	0.1212377697	0
1400	1.265907288	1.265907288	0	0	0.1214320809	0.1213995963	0.1213013902	0
1401	1.587601781	1.587601781	0	0	0.1214789301	0.1213596016	0.1214068905	0
1402	2.013457537	2.013457537	0	0	0.1214224845	0.1213587373	0.1212718263	0
1403	2.318068266	2.318068266	0	0	0.1213865429	0.1213272139	0.1212349385	0
1404	2.479325771	2.479325771	0	0	0.1213935018	0.1213740483	0.1212155223	0
1405	2.414245129	2.414245129	0	0	0.1213327646	0.1214065552	0.1210776642	0
1406	2.180722713	2.180722713	0	0	0.1213846356	0.1214658991	0.1211320609	0
1407	2.013448715	2.013448715	0	0	0.1213498265	0.1214082837	0.1211402863	0
1408	1.988408804	1.988408804	0	0	0.1213410497	0.1214352325	0.1211177632	0
1409	2.127258778	2.127258778	0	0	0.1213712841	0.1212852672	0.1212928295	0
1410	2.236151218	2.236151218	0	0	0.121408768	0.1213534102	0.1212864369	0
1411	2.271704197	2.271704197	0	0	0.121397078	0.121311374	0.1212817058	0
1412	2.371683598	2.371683598	0	0	0.1214181632	0.1213466674	0.1212856174	0
1413	2.461651564	2.461651564	0	0	0.1213257238	0.1213133186	0.1211956516	0
1414	2.435138464	2.435138464	0	0	0.1214752719	0.1214122623	0.1213350818	0
1415	2.424303055	2.424303055	0	0	0.1214461252	0.1213640198	0.1213552505	0
1416	2.576719999	2.576719999	0	0	0.1214182302	0.1212526634	0.1213683411	0
1417	2.503891468	2.503891468	0	0	0.1213882044	0.1212195829	0.1213428751	0
1418	2.21007967	2.21007967	0	0	0.1214587912	0.1212822795	0.1214103103	0
1419	1.912132978	1.912132978	0	0	0.1214850768	0.1212990358	0.1214312389	0
1420	1.606265426	1.606265426	0	0	0.121465303	0.1213167235	0.1214006096	0
1421	1.37611711	1.37611711	0	0	0.1214539483	0.1213354394	0.1213749796	0
1422	1.276136994	1.276136994	0	0	0.1214332357	0.1213833317	0.1212638542	0
1423	1.229124665	1.229124665	0	0	0.1215362474	0.1214282438	0.1214471012	0
1424	1.281513572	1.281513572	0	0	0.1215111688	0.1212997064	0.1214823201	0
1425	1.666023254	1.666023254	0	0	0.1213933825	0.1212504134	0.1213250756	0
1426	2.15945673	2.15945673	0	0	0.1214302704	0.1213816032	0.121255137	0
1427	2.455163717	2.455163717	0	0	0.1215028018	0.1214812919	0.1213173643	0
1428	2.560169458	2.560169458	0	0	0.1214132831	0.1214416698	0.1212198362	0
1429	2.417738676	2.417738676	0	0	0.1213717833	0.1214259118	0.1211229712	0
1430	2.075958014	2.075958014	0	0	0.1214463115	0.1214829534	0.1212131307	0
1431	1.681957126	1.681957126	0	0	0.1213647276	0.1213822439	0.121195063	0
1432	1.427158594	1.427158594	0	0	0.1214029044	0.1213675067	0.1212679073	0
1433	1.430857778	1.430857778	0	0	0.1214103177	0.121351108	0.1212844625	0
1434	1.44594276	1.44594276	0	0	0.1213869452	0.1213947758	0.1212175936	0
1435	1.434640884	1.434640884	0	0	0.1214198917	0.1214402765	0.121238336	0
1436	1.428407669	1.428407669	0	0	0.1213384271	0.121370323	0.1211521253	0
1437	1.425166845	1.425166845	0	0	0.1213733479	0.121384792	0.1212236881	0
1438	1.400362015	1.400362015	0	0	0.1214538887	0.121493049	0.1212470904	0
1439	1.413314581	1.413314581	0	0	0.121446535	0.1214632541	0.1212840006	0
1440	1.506728172	1.506728172	0	0	0.1214343682	0.1213024184	0.1213679761	0
1441	1.73625946	1.73625946	0	0	0.1213245615	0.1212139949	0.1212245375	0
1442	1.848317862	1.848317862	0	0	0.1214749068	0.121391587	0.1213440821	0
1443	1.810913086	1.810913086	0	0	0.1215190291	0.1214333773	0.1214281172	0
1444	1.743423462	1.743423462	0	0	0.1214969829	0.1214611679	0.1213394254	0
1445	1.545385122	1.545385122	0	0	0.1214562133	0.1214761287	0.1212490946	0
1446	1.352398634	1.352398634	0	0	0.1214639321	0.121559456	0.1212136596	0
1447	1.134558082	1.134558082	0	0	0.121397011	0.1214570552	0.1212172359	0
1448	0.9994544983	0.9994544983	0	0	0.1213987097	0.1212449595	0.1213388965	0
1449	0.9736831784	0.9736831784	0	0	0.1213932112	0.1211914644	0.121365115	0
1450	1.158927798	1.158927798	0	0	0.1214136556	0.1212319359	0.1213526353	0
1451	1.360584855	1.360584855	0	0	0.121441111	0.1213685349	0.1212959439	0
1452	1.528140306	1.528140306	0	0	0.1214930862	0.121428594	0.1213593483	0
1453	1.633104086	1.633104086	0	0	0.1214013174	0.121423468	0.1211827919	0
1454	1.578715563	1.578715563	0	0	0.1214177459	0.1214750186	0.1211889014	0
1455	1.547860742	1.547860742	0	0	0.12144804	0.1215064749	0.1212232187	0
1456	1.542218328	1.542218328	0	0	0.1214781851	0.1214844659	0.1212940216	0
1457	1.600425363	1.600425363	0	0	0.1215034351	0.1213333458	0.1214318275	0
1458	1.703818202	1.703818202	0	0	0.1215151697	0.1213137656	0.1214707121	0
1459	1.833511949	1.833511949	0	0	0.1215085536	0.1213273928	0.1214308664	0
1460	1.894691706	1.894691706	0	0	0.1214353591	0.121333912	0.121339187	0
1461	1.946344614	1.946344614	0	0	0.1214478165	0.1213480011	0.1213515252	0
1462	1.966115236	1.966115236	0	0	0.1214650795	0.1215019301	0.1212346107	0
1463	1.974405289	1.974405289	0	0	0.1214538068	0.1215240732	0.1212148219	0
1464	1.998337746	1.998337746	0	0	0.1214677468	0.1213830337	0.1213668957	0
1465	2.018102646	2.018102646	0	0	0.1214072555	0.1212440059	0.1213576123	0
1466	1.859382391	1.859382391	0	0	0.1214565039	0.121228084	0.1214337572	0
1467	1.724723816	1.724723816	0	0	0.1214486212	0.1211851239	0.1214453802	0
1468	1.614088893	1.614088893	0	0	0.1214095354	0.121193625	0.1213728562	0
1469	1.413999796	1.413999796	0	0	0.1214713305	0.1213730052	0.1213695034	0
1470	1.299875021	1.299875021	0	0	0.1215524003	0.1215439662	0.1213592142	0
1471	1.203117251	1.203117251	0	0	0.1214635745	0.1215458065	0.1212612912	0
1472	1.214301229	1.214301229	0	0	0.1215470284	0.1215170994	0.1213823929	0
1473	1.433580041	1.433580041	0	0	0.1214488968	0.1213047653	0.121382013	0
1474	1.801990747	1.801990747	0	0	0.1214838699	0.1212873608	0.1214015335	0
1475	1.986952424	1.986952424	0	0	0.121445775	0.1213321537	0.1213271469	0
1476	2.119273186	2.119273186	0	0	0.1214937344	0.1213602424	0.1214039326	0
1477	2.220042706	2.220042706	0	0	0.1213679761	0.1213587373	0.1211906299	0
1478	1.986437559	1.986437559	0	0	0.1215378419	0.1214798614	0.1213596836	0
1479	1.800488353	1.800488353	0	0	0.1214267462	0.1214901283	0.1212073341	0
1480	1.813854814	1.813854814	0	0	0.1214382276	0.1215381995	0.1212013811	0
1481	2.257426977	2.257426977	0	0	0.1214389578	0.1214572638	0.1212557405	0
1482	2.840029478	2.840029478	0	0	0.1214299351	0.121391654	0.121300675	0
1483	3.367141724	3.367141724	0	0	0.1214447394	0.1213411167	0.1213666722	0
1484	3.752847195	3.752847195	0	0	0.12138623	0.1212929338	0.1213025451	0
1485	4.095319271	4.095319271	0	0	0.1213543564	0.1213220209	0.1212248877	0
1486	4.359843731	4.359843731	0	0	0.1214605793	0.1214264855	0.1213200241	0
1487	4.600097656	4.600097656	0	0	0.1214632317	0.1214445084	0.1213143468	0
1488	4.877026081	4.877026081	0	0	0.1213422567	0.121286653	0.1212069243	0
1489	4.547573566	4.547573566	0	0	0.1213605627	0.1211927012	0.1213185936	0
1490	3.887225866	3.887225866	0	0	0.1214278862	0.1211838722	0.1214083955	0
1491	3.228065968	3.228065968	0	0	0.1213349625	0.1210807711	0.1213518009	0
1492	2.652737379	2.652737379	0	0	0.1213389859	0.1210677102	0.1213810071	0
1493	2.175992727	2.175992727	0	0	0.1213771924	0.1212109774	0.1213380322	0
1494	1.752593279	1.752593279	0	0	0.1214146242	0.1212096661	0.1214068457	0
1495	1.454683185	1.454683185	0	0	0.1214343682	0.1213091984	0.121366702	0
1496	1.358569026	1.358569026	0	0	0.1214377731	0.1212035418	0.121405758	0
1497	1.783838511	1.783838511	0	0	0.1214545295	0.1212446764	0.121423021	0
1498	2.261317253	2.261317253	0	0	0.1214633808	0.1213255748	0.1213333979	0
1499	2.483714581	2.483714581	0	0	0.1214242131	0.1213720217	0.1212696508	0
1500	2.489740849	2.489740849	0	0	0.1214169934	0.1213789731	0.1212946251	0
1501	2.197576523	2.197576523	0	0	0.1214343831	0.12143296	0.1212538034	0
1502	1.943962336	1.943962336	0	0	0.1214444786	0.121366635	0.1213476658	0
1503	1.793485641	1.793485641	0	0	0.1213593706	0.1212244034	0.1212995052	0
1504	1.729534149	1.729534149	0	0	0.1213890165	0.1212233678	0.1213218495	0
1505	1.937587976	1.937587976	0	0	0.1213842109	0.1212456375	0.1213147789	0
1506	2.126015186	2.126015186	0	0	0.1213563308	0.1212946102	0.1212483421	0
1507	2.257123232	2.257123232	0	0	0.1213688403	0.121339187	0.1212209389	0
1508	2.395601034	2.395601034	0	0	0.1213586181	0.1213467643	0.1212336421	0
1509	2.537498713	2.537498713	0	0	0.1214122251	0.1213999316	0.1212843731	0
1510	2.716769934	2.716769934	0	0	0.1214198098	0.1213485077	0.1213532835	0
1511	2.89816618	2.89816618	0	0	0.1214262769	0.1212447062	0.1213961467	0
1512	2.919334412	2.919334412	0	0	0.1214262173	0.1212304607	0.1213939637	0
1513	3.069559336	3.069559336	0	0	0.121403262	0.1211969405	0.1213688478	0
1514	2.872189999	2.872189999	0	0	0.1213625222	0.1212117895	0.1213122234	0
1515	2.605346918	2.605346918	0	0	0.1214347407	0.121290423	0.121357508	0
1516	2.338963032	2.338963032	0	0	0.1214897633	0.1213403344	0.1214463189	0
1517	1.971524954	1.971524954	0	0	0.1214625835	0.121366322	0.121389389	0
1518	1.637081504	1.637081504	0	0	0.1214896291	0.121361874	0.1214384362	0
1519	1.375652552	1.375652552	0	0	0.1214439645	0.1212561131	0.1214140058	0
1520	1.281854868	1.281854868	0	0	0.1214224771	0.1212389618	0.1213545948	0
1521	1.430235744	1.430235744	0	0	0.121471867	0.1212037951	0.1214783117	0
1522	1.837234139	1.837234139	0	0	0.1213660762	0.1212303191	0.121278055	0
1523	2.170122862	2.170122862	0	0	0.1214280576	0.12138246	0.1212467775	0
1524	2.365686655	2.365686655	0	0	0.12150307	0.1213770658	0.1213848665	0
1525	2.262616634	2.262616634	0	0	0.1213103384	0.1213960499	0.1210760623	0
1526	1.967409372	1.967409372	0	0	0.1214378104	0.1214436963	0.1212411448	0
1527	1.683468699	1.683468699	0	0	0.1215317771	0.1214975268	0.121380128	0
1528	1.582224846	1.582224846	0	0	0.1214037165	0.1214270517	0.1212440506	0
1529	1.973869681	1.973869681	0	0	0.1214951202	0.1212830991	0.1214780658	0
1530	2.270553827	2.270553827	0	0	0.1214061603	0.1212598681	0.1213529706	0
1531	2.712852478	2.712852478	0	0	0.1213975921	0.1212790534	0.1213082746	0
1532	3.139358759	3.139358759	0	0	0.1214260682	0.1213306785	0.1213353723	0
1533	3.438321829	3.438321829	0	0	0.1213666722	0.1213960722	0.1211804599	0
1534	3.807785511	3.807785511	0	0	0.1214336753	0.1214582771	0.1212231293	0
1535	4.10997057	4.10997057	0	0	0.1214700118	0.1215146631	0.1213001385	0
1536	4.408014774	4.408014774	0	0	0.1213525161	0.1212878004	0.1212472543	0
1537	4.585791588	4.585791588	0	0	0.1213996038	0.1210858375	0.1214347407	0
1538	4.288689137	4.288689137	0	0	0.121335946	0.1210274622	0.1213536114	0
1539	3.911224842	3.911224842	0	0	0.1214098185	0.1211408377	0.121418424	0
1540	3.414234638	3.414234638	0	0	0.1214396134	0.1210938245	0.1214730367	0
1541	2.794973373	2.794973373	0	0	0.121285677	0.1211594865	0.1212058291	0
1542	2.168278456	2.168278456	0	0	0.1214463115	0.1212833747	0.1213872284	0
1543	1.743293405	1.743293405	0	0	0.1214917228	0.1213316694	0.1214487776	0
1544	1.513388634	1.513388634	0	0	0.1213823333	0.1212060973	0.1213618889	0
1545	1.438492656	1.438492656	0	0	0.1214979365	0.1211869568	0.1214925721	0
1546	1.718173027	1.718173027	0	0	0.1213690713	0.1211531535	0.1213074401	0
1547	1.918159246	1.918159246	0	0	0.121453844	0.1212785617	0.1213523597	0
1548	2.033279896	2.033279896	0	0	0.1214458793	0.1212650985	0.1213551238	0
1549	2.006549597	2.006549597	0	0	0.1213389635	0.1213619187	0.1211298928	0
1550	1.909124732	1.909124732	0	0	0.1215066165	0.1214813143	0.1213455349	0
1551	1.868254304	1.868254304	0	0	0.1214679554	0.1213953942	0.121389851	0
1552	1.8608886	1.8608886	0	0	0.1213696077	0.1212552339	0.1212956235	0
1553	1.991996527	1.991996527	0	0	0.1214183122	0.1211677939	0.1213858128	0
1554	2.07519412	2.07519412	0	0	0.1213165	0.1210722104	0.1213155314	0
1555	2.213240147	2.213240147	0	0	0.1213715076	0.1211421639	0.1213361621	0
1556	2.33317399	2.33317399	0	0	0.1213576943	0.1211603805	0.1213230491	0
1557	2.399806499	2.399806499	0	0	0.1213935167	0.1213324219	0.1212492734	0
1558	2.355527639	2.355527639	0	0	0.1214132085	0.1213284358	0.1213485077	0
1559	2.28244257	2.28244257	0	0	0.1214723587	0.121320948	0.1214079857	0
1560	2.228199482	2.228199482	0	0	0.1213494614	0.1212037951	0.1213074252	0
1561	2.271589279	2.271589279	0	0	0.121427469	0.1211343855	0.1214660332	0
1562	2.296707869	2.296707869	0	0	0.1213390455	0.1211025268	0.1213384047	0
1563	2.270647526	2.270647526	0	0	0.121434249	0.1211916953	0.1214151978	0
1564	2.283073425	2.283073425	0	0	0.1214069799	0.12112993	0.121433869	0
1565	2.153263092	2.153263092	0	0	0.1213667616	0.1212291196	0.1213106364	0
1566	2.058162451	2.058162451	0	0	0.121517472	0.1213892624	0.1214421615	0
1567	1.983281493	1.983281493	0	0	0.1215303987	0.1214484423	0.1214593425	0
1568	1.875863433	1.875863433	0	0	0.1214547157	0.1213555858	0.1213812009	0
1569	1.773218751	1.773218751	0	0	0.1214579493	0.1212480217	0.1214500219	0
1570	1.794870138	1.794870138	0	0	0.1214295775	0.121129401	0.1214549392	0
1571	1.815907359	1.815907359	0	0	0.1213979498	0.1211489215	0.121377565	0
1572	1.825080276	1.825080276	0	0	0.1213964	0.1211435124	0.1213903353	0
1573	1.763951898	1.763951898	0	0	0.121399723	0.1213191375	0.1212742701	0
1574	1.685159922	1.685159922	0	0	0.1214737296	0.1214593127	0.1213431731	0
1575	1.609061241	1.609061241	0	0	0.1214958802	0.1214334145	0.121408768	0
1576	1.606079102	1.606079102	0	0	0.1213735268	0.1213163584	0.1212810203	0
1577	1.699432731	1.699432731	0	0	0.1215552762	0.1213227957	0.1215588227	0
1578	1.811895728	1.811895728	0	0	0.1215330735	0.1212240532	0.1215602681	0
1579	1.847766042	1.847766042	0	0	0.1214882135	0.1211860329	0.1214792803	0
1580	1.952872872	1.952872872	0	0	0.1214771047	0.1212787852	0.1214072183	0
1581	2.003346682	2.003346682	0	0	0.1214301437	0.121324122	0.1213091463	0
1582	2.042990208	2.042990208	0	0	0.1215093583	0.1215145588	0.1213329285	0
1583	2.073643923	2.073643923	0	0	0.1215980425	0.1215560809	0.1214964986	0
1584	2.14074564	2.14074564	0	0	0.1214118078	0.1213292331	0.1213331968	0
1585	2.332355738	2.332355738	0	0	0.1214938164	0.1212627292	0.1215135381	0
1586	2.308743715	2.308743715	0	0	0.1215193942	0.1212801784	0.1215116605	0
1587	2.266402483	2.266402483	0	0	0.121376276	0.1211509556	0.1213567853	0
1588	2.160417795	2.160417795	0	0	0.1214661673	0.1212345362	0.1214622632	0
1589	1.940470099	1.940470099	0	0	0.1214586422	0.1212986037	0.1214166284	0
1590	1.708430648	1.708430648	0	0	0.1214947924	0.1214528158	0.1213661358	0
1591	1.550071478	1.550071478	0	0	0.1215986386	0.1214714795	0.1215554848	0
1592	1.434839249	1.434839249	0	0	0.1214666292	0.1213316247	0.1214372665	0
1593	1.374840498	1.374840498	0	0	0.1214726567	0.1211209223	0.1215762272	0
1594	1.452422261	1.452422261	0	0	0.1214460358	0.1211687848	0.121457085	0
1595	1.548743963	1.548743963	0	0	0.1214184314	0.1212287918	0.1213972047	0
1596	1.606703043	1.606703043	0	0	0.1216079518	0.1213877425	0.1215961352	0
1597	1.584426999	1.584426999	0	0	0.1214691848	0.1214165166	0.1213345677	0
1598	1.487464309	1.487464309	0	0	0.1216282398	0.121558249	0.1214692444	0
1599	1.440396428	1.440396428	0	0	0.1215280443	0.1214843839	0.1214579865	0
1600	1.484199524	1.484199524	0	0	0.1214698404	0.1213897318	0.1213866249	0
1601	1.686405182	1.686405182	0	0	0.1215777621	0.1213413626	0.1215867028	0
1602	1.87515986	1.87515986	0	0	0.1215057969	0.1212289333	0.1215352342	0
1603	2.026300907	2.026300907	0	0	0.1214961484	0.1213201284	0.1214435101	0
1604	2.165122509	2.165122509	0	0	0.1215169355	0.1213762537	0.1214560643	0
1605	2.351593733	2.351593733	0	0	0.1214871928	0.1214747056	0.1212963536	0
1606	2.432563543	2.432563543	0	0	0.1215940788	0.1216483489	0.1213499829	0
1607	2.473673582	2.473673582	0	0	0.1215556413	0.1216156706	0.1214015409	0
1608	2.460926771	2.460926771	0	0	0.1214245334	0.1212845072	0.1213666648	0
1609	2.567896128	2.567896128	0	0	0.1214181781	0.1211536005	0.1214340478	0
1610	2.45914197	2.45914197	0	0	0.1214416549	0.1211831197	0.1214608774	0
1611	2.315087795	2.315087795	0	0	0.1214808151	0.1212760881	0.1214491501	0
1612	2.198590279	2.198590279	0	0	0.1214576215	0.1212568283	0.121387668	0
1613	1.909067512	1.909067512	0	0	0.1214804798	0.1213873103	0.1213318184	0
1614	1.703703642	1.703703642	0	0	0.1215479895	0.1214947924	0.1214008108	0
1615	1.539274216	1.539274216	0	0	0.1215494126	0.1215560213	0.1214237213	0
1616	1.457944632	1.457944632	0	0	0.1215347275	0.1213643774	0.1214702129	0
1617	1.451437116	1.451437116	0	0	0.1215140074	0.1212346181	0.1215587854	0
1618	1.553309202	1.553309202	0	0	0.1214325801	0.1212347299	0.121404402	0
1619	1.669671416	1.669671416	0	0	0.1214948669	0.1213542745	0.1214160249	0
1620	1.790740728	1.790740728	0	0	0.1215702519	0.1213805228	0.1215280443	0
1621	1.773185968	1.773185968	0	0	0.1214639321	0.1214675307	0.1212269738	0
1622	1.711070776	1.711070776	0	0	0.1215982065	0.1216025129	0.1213819459	0
1623	1.690541029	1.690541029	0	0	0.121501036	0.1215049699	0.1213642135	0
1624	1.760316014	1.760316014	0	0	0.121362105	0.1213387325	0.121220246	0
1625	2.034457922	2.034457922	0	0	0.1215674505	0.1213508174	0.1215253025	0
1626	2.33788991	2.33788991	0	0	0.1214254275	0.1212111712	0.1214010939	0
1627	2.65802598	2.65802598	0	0	0.1214305907	0.1212735549	0.1213613898	0
1628	2.96635747	2.96635747	0	0	0.1215425059	0.1213926598	0.1214481816	0
1629	3.233551502	3.233551502	0	0	0.1214125082	0.1213863939	0.1212147996	0
1630	3.405694962	3.405694962	0	0	0.1215000823	0.1215491667	0.12125884	0
1631	3.513152361	3.513152361	0	0	0.1215203032	0.1215201765	0.1213565245	0
1632	3.557115316	3.557115316	0	0	0.1213397011	0.1212377325	0.121221073	0
1633	3.556078196	3.556078196	0	0	0.1213786453	0.1210880652	0.121385701	0
1634	3.556295872	3.556295872	0	0	0.1213816032	0.1211027429	0.1213809922	0
1635	3.55636549	3.55636549	0	0	0.1213928014	0.1211411282	0.1213667542	0
1636	3.556000948	3.556000948	0	0	0.1214155927	0.1211004183	0.1214271411	0
1637	3.55637598	3.55637598	0	0	0.1213788316	0.1212096736	0.1212729588	0
1638	3.555830479	3.555830479	0	0	0.1214689985	0.1213749647	0.1213486791	0
1639	3.555239439	3.555239439	0	0	0.1215983555	0.1214955598	0.1215197816	0
1640	3.55439949	3.55439949	0	0	0.1217795834	0.1214901358	0.1217541248	0
1641	3.554210424	3.554210424	0	0	0.1217538267	0.1213380769	0.1217885613	0
1642	3.554149151	3.554149151	0	0	0.1217893213	0.1213122606	0.1218420193	0
1643	3.554733038	3.554733038	0	0	0.1217377931	0.1213111877	0.1217512488	0
1644	3.554722071	3.554722071	0	0	0.1217123643	0.1212640032	0.1217556819	0
1645	3.554658651	3.554658651	0	0	0.1217605993	0.1213852689	0.1217433587	0
1646	3.554356337	3.554356337	0	0	0.1218005568	0.1214820966	0.1217796579	0
1647	3.553865671	3.553865671	0	0	0.1218557358	0.121451214	0.1218771562	0
1648	3.55303359	3.55303359	0	0	0.1220941991	0.1215897277	0.1221147552	0
1649	3.475845337	3.475845337	0	0	0.122028254	0.121487163	0.1220806241	0
1650	3.546077728	3.546077728	0	0	0.1220095754	0.1213889495	0.122095041	0
1651	3.60106349	3.60106349	0	0	0.1220278814	0.1214139238	0.1220749766	0
1652	3.618608236	3.618608236	0	0	0.1218974963	0.1212845072	0.1219583899	0
1653	3.595309019	3.595309019	0	0	0.1218983978	0.1212996468	0.1219588742	0
1654	3.555921555	3.555921555	0	0	0.1219532937	0.1213863865	0.1219927669	0
1655	3.313967466	3.313967466	0	0	0.1220343262	0.1214292198	0.1220719963	0
1656	3.10209775	3.10209775	0	0	0.1221198589	0.1213832572	0.1222014502	0
1657	2.920015574	2.920015574	0	0	0.1218967363	0.1213774607	0.1219373122	0
1658	2.491431475	2.491431475	0	0	0.1219301075	0.1213401929	0.1219870374	0
1659	2.033943176	2.033943176	0	0	0.1218457669	0.1212342009	0.121933341	0
1660	1.653158784	1.653158784	0	0	0.1218041331	0.1212463006	0.1218558773	0
1661	1.278340459	1.278340459	0	0	0.1217659861	0.1212091893	0.1218112931	0
1662	1.01663959	1.01663959	0	0	0.1217763275	0.1213489324	0.1218111515	0
1663	0.8635035753	0.8635035753	0	0	0.1217328161	0.1214516386	0.1216947883	0
1664	0.8797488809	0.8797488809	0	0	0.1220779568	0.1216393039	0.1221211478	0
1665	1.125535607	1.125535607	0	0	0.1219484434	0.1216044948	0.1219687462	0
1666	1.589734197	1.589734197	0	0	0.1219262555	0.1216335148	0.1219300479	0
1667	1.938618541	1.938618541	0	0	0.1219308823	0.12160106	0.121949479	0
1668	2.097965002	2.097965002	0	0	0.121967718	0.1216592044	0.1219753698	0
1669	2.170831919	2.170831919	0	0	0.1218510941	0.1216381118	0.1218026057	0
1670	2.053478241	2.053478241	0	0	0.1218748093	0.1217555329	0.1217818707	0
1671	1.883939624	1.883939624	0	0	0.1218571141	0.1217305809	0.1217658743	0
1672	1.807430983	1.807430983	0	0	0.1218721941	0.1217595562	0.1217930466	0
1673	2.038788795	2.038788795	0	0	0.1217471212	0.1216296032	0.1216597036	0
1674	2.40974474	2.40974474	0	0	0.1216257885	0.1215186119	0.1215230674	0
1675	2.965392351	2.965392351	0	0	0.1216045171	0.1214888021	0.1215269566	0
1676	3.495398283	3.495398283	0	0	0.1216414645	0.1216056868	0.1214930415	0
1677	3.813546419	3.813546419	0	0	0.1215388104	0.1215306297	0.1213894859	0
1678	4.067837238	4.067837238	0	0	0.1215917319	0.1215415224	0.1214685291	0
1679	4.217205048	4.217205048	0	0	0.1214592233	0.1214363202	0.1212875992	0
1680	4.447710991	4.447710991	0	0	0.1215761825	0.1215199232	0.1214487329	0
1681	4.222808838	4.222808838	0	0	0.1214848161	0.1213184372	0.1214614287	0
1682	3.792260408	3.792260408	0	0	0.1214145869	0.1211968511	0.121395722	0
1683	3.309856892	3.309856892	0	0	0.1214320138	0.1211970076	0.121439375	0
1684	2.851229429	2.851229429	0	0	0.1214688644	0.1212137118	0.121477209	0
1685	2.344140768	2.344140768	0	0	0.121310547	0.1211420372	0.1212647185	0
1686	1.921471357	1.921471357	0	0	0.1214437336	0.1212937608	0.1213883683	0
1687	1.582081079	1.582081079	0	0	0.1215356961	0.1214168817	0.1214789525	0
1688	1.262393951	1.262393951	0	0	0.1215049401	0.1213835329	0.1214356348	0
1689	1.249121904	1.249121904	0	0	0.1214393824	0.1213093996	0.121366851	0
1690	1.334492326	1.334492326	0	0	0.1214515343	0.1213502139	0.1213566512	0
1691	1.437484145	1.437484145	0	0	0.1215109378	0.1213367581	0.1214709505	0
1692	1.521993518	1.521993518	0	0	0.1215022802	0.1213027835	0.1214802489	0
1693	1.532908201	1.532908201	0	0	0.1214042529	0.121353671	0.1212416664	0
1694	1.588039517	1.588039517	0	0	0.1215399876	0.1214770824	0.1214165092	0
1695	1.609418273	1.609418273	0	0	0.1214534268	0.1213434786	0.1214024946	0
1696	1.650964022	1.650964022	0	0	0.1214606836	0.1213947982	0.1213429347	0
1697	1.769093394	1.769093394	0	0	0.1216022596	0.1214089915	0.1215390936	0
1698	1.931344748	1.931344748	0	0	0.1213905737	0.1212211996	0.1213799864	0
1699	2.030759096	2.030759096	0	0	0.1214966625	0.1212669834	0.1214627102	0
1700	2.180349827	2.180349827	0	0	0.1214997992	0.12131387	0.1214280277	0
1701	2.246689796	2.246689796	0	0	0.1214921102	0.1213938668	0.12137229	0
1702	2.276615381	2.276615381	0	0	0.1215248629	0.1213913485	0.121446237	0
1703	2.270964384	2.270964384	0	0	0.1214778796	0.1212914512	0.1214138642	0
1704	2.265634775	2.265634775	0	0	0.1214475632	0.1213008612	0.1213548854	0
1705	2.424581766	2.424581766	0	0	0.1214955002	0.1213120297	0.1214409322	0
1706	2.389378786	2.389378786	0	0	0.121494174	0.121298179	0.1214513108	0
1707	2.354644775	2.354644775	0	0	0.1214737222	0.1212460399	0.1214287356	0
1708	2.326730251	2.326730251	0	0	0.1215131432	0.1212883368	0.1214536428	0
1709	2.148854971	2.148854971	0	0	0.1215129644	0.1214291379	0.1213874072	0
1710	2.029138327	2.029138327	0	0	0.1215735003	0.1215360165	0.1214525923	0
1711	1.929309607	1.929309607	0	0	0.1215843111	0.12143749	0.1215084419	0
1712	1.880731225	1.880731225	0	0	0.1214605346	0.121393837	0.1213356629	0
1713	1.885570765	1.885570765	0	0	0.1214948073	0.1212559417	0.121480085	0
1714	2.004286289	2.004286289	0	0	0.1214253753	0.1212894917	0.1213381961	0
1715	2.125297308	2.125297308	0	0	0.121418789	0.1212780327	0.1213413626	0
1716	2.172903538	2.172903538	0	0	0.1216120049	0.121376805	0.121536687	0
1717	2.150831223	2.150831223	0	0	0.1213823408	0.1214267015	0.1211508512	0
1718	2.177680731	2.177680731	0	0	0.1215638965	0.121574223	0.1213696152	0
1719	2.148090839	2.148090839	0	0	0.1215473786	0.1215278432	0.1213964	0
1720	2.218405724	2.218405724	0	0	0.1215055138	0.1214959696	0.1213039085	0
1721	2.220044851	2.220044851	0	0	0.121579513	0.1213295236	0.1215223894	0
1722	2.251223087	2.251223087	0	0	0.1214895174	0.1212683395	0.1214334294	0
1723	2.368818998	2.368818998	0	0	0.1214432046	0.1213106066	0.1213054657	0
1724	2.485056639	2.485056639	0	0	0.1215393171	0.1213973612	0.1214282662	0
1725	2.60219717	2.60219717	0	0	0.121456109	0.1214606017	0.1212080866	0
1726	2.602637768	2.602637768	0	0	0.1215653419	0.1215049252	0.1214057952	0
1727	2.597967625	2.597967625	0	0	0.1215453297	0.1215263456	0.1213734299	0
1728	2.640495777	2.640495777	0	0	0.1214549616	0.1213760749	0.1213085428	0
1729	2.797659397	2.797659397	0	0	0.1215130463	0.1212536022	0.1214409024	0
1730	2.908715487	2.908715487	0	0	0.12147706	0.1213714331	0.1213383079	0
1731	2.933490276	2.933490276	0	0	0.1214362159	0.1212565303	0.1213431731	0
1732	2.962158918	2.962158918	0	0	0.1214782074	0.1213114634	0.1213861853	0
1733	2.843906403	2.843906403	0	0	0.1214285046	0.1213670149	0.1212462261	0
1734	2.755710602	2.755710602	0	0	0.1215991601	0.1215604916	0.1214123294	0
1735	2.687626362	2.687626362	0	0	0.1215426549	0.1215138584	0.1214154884	0
1736	2.678982973	2.678982973	0	0	0.1215593293	0.1214322895	0.1214363948	0
1737	2.695452929	2.695452929	0	0	0.1215052754	0.1213381365	0.1214428395	0
1738	2.764433622	2.764433622	0	0	0.1214781031	0.1212872416	0.1214130521	0
1739	2.855975866	2.855975866	0	0	0.1214268208	0.121184729	0.1213649288	0
1740	2.874330759	2.874330759	0	0	0.1214154139	0.1211997494	0.1213704571	0
1741	2.805638075	2.805638075	0	0	0.1214269921	0.1213718206	0.1212554425	0
1742	2.626955271	2.626955271	0	0	0.1215638742	0.1215753928	0.1213488206	0
1743	2.425259829	2.425259829	0	0	0.1215271503	0.1214684919	0.1214076281	0
1744	2.257600069	2.257600069	0	0	0.1216130629	0.1214839965	0.1214778274	0
1745	2.125835657	2.125835657	0	0	0.121501267	0.1212751791	0.1214717478	0
1746	2.061917067	2.061917067	0	0	0.1215377375	0.1212198287	0.1214981601	0
1747	2.048912048	2.048912048	0	0	0.1215003729	0.1212062463	0.1214534119	0
1748	2.093407154	2.093407154	0	0	0.1214909554	0.1213287637	0.1213861182	0
1749	2.118610382	2.118610382	0	0	0.1214246154	0.1214317903	0.1211944595	0
1750	2.092038393	2.092038393	0	0	0.1215477437	0.1216422394	0.1212547645	0
1751	2.037927151	2.037927151	0	0	0.1215338632	0.1215945855	0.1213462874	0
1752	1.977024317	1.977024317	0	0	0.1215583757	0.1214626655	0.1214501634	0
1753	2.055751324	2.055751324	0	0	0.121502988	0.1213579848	0.12142656	0
1754	2.137050867	2.137050867	0	0	0.1215810701	0.1213452891	0.1215151921	0
1755	2.207618237	2.207618237	0	0	0.1215183735	0.1212736368	0.1214654669	0
1756	2.31106925	2.31106925	0	0	0.1213991493	0.1211921424	0.1213349104	0
1757	2.265916109	2.265916109	0	0	0.1214095727	0.1213332042	0.121241875	0
1758	2.200396299	2.200396299	0	0	0.1215347275	0.1215857938	0.1213095337	0
1759	2.137992382	2.137992382	0	0	0.1215821356	0.1216623262	0.1213873103	0
1760	2.048387289	2.048387289	0	0	0.1215804666	0.1215876192	0.1214148626	0
1761	2.034744263	2.034744263	0	0	0.1214951947	0.1213507056	0.1214357018	0
1762	2.143117428	2.143117428	0	0	0.1215144023	0.1212915033	0.1214978322	0
1763	2.297432423	2.297432423	0	0	0.121421501	0.1211863533	0.1213992164	0
1764	2.362403154	2.362403154	0	0	0.1213893145	0.1211458519	0.1213660017	0
1765	2.373874664	2.373874664	0	0	0.1213453859	0.1212761849	0.121206589	0
1766	2.273511648	2.273511648	0	0	0.1215113625	0.1215379983	0.1213090792	0
1767	2.213571787	2.213571787	0	0	0.1215571612	0.1215647385	0.1214368567	0
1768	2.257291794	2.257291794	0	0	0.1214110926	0.1214708909	0.1212150231	0
1769	2.272763968	2.272763968	0	0	0.1215260476	0.1214087456	0.1214541569	0
1770	2.22290349	2.22290349	0	0	0.1215952486	0.1213204116	0.1216044873	0
1771	2.251157999	2.251157999	0	0	0.1214739531	0.1212048158	0.1214476302	0
1772	2.359411716	2.359411716	0	0	0.1214079261	0.1211724877	0.1213460118	0
1773	2.439090252	2.439090252	0	0	0.1213743761	0.1213280112	0.1211889535	0
1774	2.452461958	2.452461958	0	0	0.1214844063	0.1215173155	0.1212470755	0
1775	2.451682568	2.451682568	0	0	0.1215359494	0.1215510294	0.1213956252	0
1776	2.456298351	2.456298351	0	0	0.1214407533	0.1213896126	0.1213132963	0
1777	2.518560648	2.518560648	0	0	0.1214197055	0.1212778687	0.1213569045	0
1778	2.458348751	2.458348751	0	0	0.1215127856	0.121324636	0.1214402467	0
1779	2.291410208	2.291410208	0	0	0.1214893684	0.1212629154	0.1214125678	0
1780	2.224509954	2.224509954	0	0	0.1213333681	0.121135287	0.1212733462	0
1781	2.050089121	2.050089121	0	0	0.1213959903	0.12131349	0.121243678	0
1782	2.126212597	2.126212597	0	0	0.1215526015	0.1214849874	0.1213957667	0
1783	2.289936066	2.289936066	0	0	0.1216269508	0.121486865	0.1215629652	0
1784	2.482820749	2.482820749	0	0	0.1214781851	0.1213377118	0.1213988736	0
1785	2.79989934	2.79989934	0	0	0.1215416938	0.1213753372	0.1214552373	0
1786	3.043229342	3.043229342	0	0	0.1214834377	0.1213707775	0.1213851497	0
1787	3.152944803	3.152944803	0	0	0.1215045378	0.1213513464	0.121413216	0
1788	3.192824125	3.192824125	0	0	0.1214360148	0.1212558374	0.1213986203	0
1789	3.055005312	3.055005312	0	0	0.121428594	0.1213290542	0.1212946698	0
1790	2.859489441	2.859489441	0	0	0.1215471849	0.1213821322	0.1214880124	0
1791	2.626483917	2.626483917	0	0	0.1215898842	0.1213088632	0.1215844974	0
1792	2.4395082	2.4395082	0	0	0.1213551834	0.1212565973	0.1212426275	0
1793	2.278393507	2.278393507	0	0	0.121558629	0.121381484	0.1214592382	0
1794	2.238320112	2.238320112	0	0	0.1215361953	0.1213794872	0.1214282513	0
1795	2.25378418	2.25378418	0	0	0.121490173	0.1213171929	0.1214129999	0
1796	2.374512911	2.374512911	0	0	0.1214761585	0.1212655678	0.1214046851	0
1797	2.444014311	2.444014311	0	0	0.1214003712	0.1213391423	0.121253714	0
1798	2.489529848	2.489529848	0	0	0.1215695664	0.1215070263	0.1214015037	0
1799	2.460828543	2.460828543	0	0	0.1215725094	0.1215182915	0.1214314699	0
1800	2.427196741	2.427196741	0	0	0.1215105057	0.1213895306	0.1214100048	0
1801	2.475116491	2.475116491	0	0	0.1214867383	0.1213463768	0.1214026287	0
1802	2.546084166	2.546084166	0	0	0.1215302497	0.1214043349	0.1214241013	0
1803	2.58917284	2.58917284	0	0	0.1214654371	0.1212632656	0.1213903055	0
1804	2.717479706	2.717479706	0	0	0.1214491948	0.1212036833	0.1214191914	0
1805	2.642512798	2.642512798	0	0	0.1214236766	0.1212493777	0.1213288754	0
1806	2.614316225	2.614316225	0	0	0.1214785948	0.1213826537	0.1213824525	0
1807	2.662394285	2.662394285	0	0	0.1215846539	0.1214779839	0.1215129122	0
1808	2.697618484	2.697618484	0	0	0.121516943	0.1214912981	0.1213007048	0
1809	2.764491558	2.764491558	0	0	0.121548824	0.1213652268	0.1214840412	0
1810	2.889704466	2.889704466	0	0	0.1215005741	0.1212828606	0.121431984	0
1811	3.013492584	3.013492584	0	0	0.1213747337	0.1211273298	0.1213171855	0
1812	3.021745443	3.021745443	0	0	0.1214781851	0.1211746708	0.1214794591	0
1813	3.016579151	3.016579151	0	0	0.1214058921	0.1212498173	0.1212925091	0
1814	2.918268204	2.918268204	0	0	0.1214724258	0.1213976368	0.1213301942	0
1815	2.827538013	2.827538013	0	0	0.1216197163	0.1214794144	0.1215579882	0
1816	2.725831747	2.725831747	0	0	0.121420972	0.1213865951	0.1212498099	0
1817	2.641341686	2.641341686	0	0	0.1214930341	0.1213112921	0.1214129105	0
1818	2.563942432	2.563942432	0	0	0.1215664968	0.1212502345	0.1215354949	0
1819	2.5137465	2.5137465	0	0	0.1214331016	0.121156238	0.1213799044	0
1820	2.581795931	2.581795931	0	0	0.1213828549	0.1211465225	0.1213271692	0
1821	2.68433404	2.68433404	0	0	0.1214091852	0.1213183776	0.1212480292	0
1822	2.773248196	2.773248196	0	0	0.1215000898	0.1214362308	0.1213420853	0
1823	2.832096577	2.832096577	0	0	0.1215749756	0.121399574	0.121506162	0
1824	2.933711529	2.933711529	0	0	0.1214410514	0.1213857383	0.1212874502	0
1825	2.978734732	2.978734732	0	0	0.1215455383	0.1213427708	0.1214687377	0
1826	2.784260988	2.784260988	0	0	0.1216118559	0.1213353351	0.1215606257	0
1827	2.479951382	2.479951382	0	0	0.1214600205	0.1212458462	0.121388264	0
1828	2.153728008	2.153728008	0	0	0.1214375496	0.1212198585	0.1213917509	0
1829	1.835259318	1.835259318	0	0	0.1214248613	0.1212604716	0.1213426143	0
1830	1.599072576	1.599072576	0	0	0.12144804	0.1213029623	0.1213475019	0
1831	1.413674235	1.413674235	0	0	0.1215660796	0.1212767586	0.121541433	0
1832	1.349268794	1.349268794	0	0	0.1215118319	0.1213316247	0.1214251891	0
1833	1.578847885	1.578847885	0	0	0.1215209737	0.1213214621	0.121483624	0
1834	2.122517347	2.122517347	0	0	0.1215052456	0.1214014441	0.1213838682	0
1835	2.775905848	2.775905848	0	0	0.1214606017	0.1213476434	0.1213388219	0
1836	3.35702467	3.35702467	0	0	0.1215701699	0.1214071736	0.1215252057	0
1837	3.507987976	3.507987976	0	0	0.121495977	0.1214777082	0.1213391647	0
1838	3.432626247	3.432626247	0	0	0.1215933189	0.1215073913	0.1214325577	0
1839	3.220309734	3.220309734	0	0	0.1215089932	0.121403113	0.121409364	0
1840	3.107824564	3.107824564	0	0	0.121486865	0.1214423403	0.1213424206	0
1841	3.458338976	3.458338976	0	0	0.1214450449	0.1213126108	0.1213664263	0
1842	3.732055664	3.732055664	0	0	0.1214459017	0.1213811189	0.1213210076	0
1843	3.979422331	3.979422331	0	0	0.1214910522	0.1214238182	0.1213433892	0
1844	4.176583767	4.176583767	0	0	0.1214814112	0.1214224324	0.1213606372	0
1845	4.34623003	4.34623003	0	0	0.1214029714	0.121329546	0.121282883	0
1846	4.577916622	4.577916622	0	0	0.1214339137	0.1213709712	0.1212899461	0
1847	4.803670406	4.803670406	0	0	0.1214390621	0.1213648766	0.1213163957	0
1848	5.014487267	5.014487267	0	0	0.121449098	0.1213393286	0.1213281378	0
1849	5.068558693	5.068558693	0	0	0.1213344336	0.1210980192	0.1213247627	0
1850	4.6483531	4.6483531	0	0	0.1213281378	0.1211130023	0.1213042811	0
1851	4.369579792	4.369579792	0	0	0.1213700175	0.121154435	0.1213271469	0
1852	4.323650837	4.323650837	0	0	0.1214378923	0.1211491898	0.1214388534	0
1853	4.295659065	4.295659065	0	0	0.1213388517	0.1211561561	0.1212881804	0
1854	4.367557049	4.367557049	0	0	0.1214549467	0.1213026419	0.1213978305	0
1855	4.333229542	4.333229542	0	0	0.1214483827	0.1212828681	0.1213819459	0
1856	4.280567646	4.280567646	0	0	0.1214112267	0.1211724356	0.1213692427	0
1857	4.348725796	4.348725796	0	0	0.121425733	0.121105127	0.1214274094	0
1858	4.758613586	4.758613586	0	0	0.1213088855	0.1211223602	0.1212197542	0
1859	4.863426208	4.863426208	0	0	0.1213379577	0.1212149635	0.1211835593	0
1860	4.681629658	4.681629658	0	0	0.1214198917	0.1212816313	0.1212963909	0
1861	4.155879974	4.155879974	0	0	0.1213331595	0.1212801114	0.1211460158	0
1862	3.47468257	3.47468257	0	0	0.1213594824	0.1212813333	0.1212226301	0
1863	2.819787264	2.819787264	0	0	0.1213460937	0.121245876	0.1212342232	0
1864	2.385141373	2.385141373	0	0	0.1213572174	0.1212737933	0.1212376505	0
1865	2.484493971	2.484493971	0	0	0.1214015558	0.1211768985	0.1213999391	0
1866	2.595056772	2.595056772	0	0	0.1213374585	0.1211812645	0.1212943941	0
1867	2.684067488	2.684067488	0	0	0.1213252023	0.1211839169	0.1212375909	0
1868	2.724955082	2.724955082	0	0	0.1213784143	0.1212490276	0.1212929338	0
1869	2.794359446	2.794359446	0	0	0.1213115454	0.1211906001	0.1212461963	0
1870	2.851142883	2.851142883	0	0	0.1213270649	0.1211749315	0.1212772056	0
1871	2.869076967	2.869076967	0	0	0.1213744283	0.1212379932	0.1213244796	0
1872	2.997436047	2.997436047	0	0	0.1213984489	0.1212425902	0.1213401556	0
1873	3.083693743	3.083693743	0	0	0.1213719621	0.1211619005	0.1213626415	0
1874	2.889603138	2.889603138	0	0	0.1213910058	0.1212162003	0.121340178	0
1875	2.882058859	2.882058859	0	0	0.1213998869	0.1212159619	0.1213235036	0
1876	2.987601757	2.987601757	0	0	0.1214401573	0.1212444231	0.1213995665	0
1877	3.209989071	3.209989071	0	0	0.1214501485	0.1212921515	0.1213926896	0
1878	3.116275787	3.116275787	0	0	0.1214890555	0.1213330179	0.1214339286	0
1879	3.030366421	3.030366421	0	0	0.1214108542	0.1213832498	0.1212838739	0
1880	2.982553959	2.982553959	0	0	0.1214394718	0.121299684	0.1213844344	0
1881	3.259398699	3.259398699	0	0	0.1214077696	0.1211727113	0.121380806	0
1882	3.727371216	3.727371216	0	0	0.1213832647	0.1212734804	0.1212496907	0
1883	3.894352436	3.894352436	0	0	0.1213404611	0.1212432906	0.1211699471	0
1884	3.891727924	3.891727924	0	0	0.1213405877	0.1212695017	0.1211928129	0
1885	3.518057108	3.518057108	0	0	0.121314846	0.121256128	0.1211388037	0
1886	3.207832575	3.207832575	0	0	0.1212806329	0.1212874278	0.1210786179	0
1887	2.808880568	2.808880568	0	0	0.1213329881	0.1213766187	0.1211338565	0
1888	2.57200861	2.57200861	0	0	0.1213446185	0.1214017048	0.121140711	0
1889	2.817724228	2.817724228	0	0	0.1214065552	0.1213228032	0.1213060468	0
1890	3.140037537	3.140037537	0	0	0.1213506609	0.121291101	0.1212281957	0
1891	3.457591772	3.457591772	0	0	0.1213548034	0.121271126	0.121244207	0
1892	3.81004405	3.81004405	0	0	0.1213579178	0.1212796494	0.121242784	0
1893	4.099483013	4.099483013	0	0	0.1212855726	0.1212324277	0.1211860999	0
1894	4.520270348	4.520270348	0	0	0.1213325486	0.1212449819	0.1212378368	0
1895	4.963162422	4.963162422	0	0	0.1213419288	0.1212795377	0.1212355047	0
1896	5.484577656	5.484577656	0	0	0.1213598922	0.1212273836	0.1212840602	0
1897	5.436942577	5.436942577	0	0	0.1214042157	0.1211771145	0.1213748232	0
1898	4.874460697	4.874460697	0	0	0.1213689893	0.121131368	0.1213500425	0
1899	4.503991127	4.503991127	0	0	0.1213782504	0.1211217642	0.1213557273	0
1900	4.3426404	4.3426404	0	0	0.1213793978	0.1210890785	0.1214064285	0
1901	4.146943569	4.146943569	0	0	0.1212832704	0.1210314557	0.1212624311	0
1902	3.994013309	3.994013309	0	0	0.121259287	0.1210736707	0.1212405041	0
1903	3.894477129	3.894477129	0	0	0.1214092895	0.1211312339	0.1214402094	0
1904	3.742788792	3.742788792	0	0	0.1213822812	0.1211533993	0.1213599592	0
1905	4.042443752	4.042443752	0	0	0.1214613989	0.1211852878	0.1214469448	0
1906	4.55569315	4.55569315	0	0	0.121337451	0.1212586313	0.1211928055	0
1907	4.781397343	4.781397343	0	0	0.1214202866	0.1212389097	0.1213214323	0
1908	4.72087431	4.72087431	0	0	0.1213747039	0.1211965233	0.1213061661	0
1909	4.460658073	4.460658073	0	0	0.121344462	0.1212174892	0.1212080568	0
1910	4.062201023	4.062201023	0	0	0.1213250682	0.1211687475	0.121226348	0
1911	3.610355139	3.610355139	0	0	0.121330753	0.1211805418	0.1212544367	0
1912	3.311678171	3.311678171	0	0	0.1213336661	0.1212069467	0.1212406084	0
1913	3.431053638	3.431053638	0	0	0.1213400811	0.1211643741	0.1213091984	0
1914	3.410572052	3.410572052	0	0	0.1213367954	0.1212226301	0.1212623641	0
1915	3.269203663	3.269203663	0	0	0.1213925406	0.1212169528	0.1213510707	0
1916	3.16467452	3.16467452	0	0	0.1214005575	0.1212307587	0.1213639379	0
1917	3.031222582	3.031222582	0	0	0.1213427931	0.1211913899	0.1212776378	0
1918	3.035394669	3.035394669	0	0	0.1214169115	0.1211314723	0.1214097589	0
1919	3.009265423	3.009265423	0	0	0.1213501841	0.1211078092	0.1213381365	0
1920	3.113808155	3.113808155	0	0	0.1213731766	0.1211293116	0.1213507205	0
1921	3.072506666	3.072506666	0	0	0.1213543862	0.1210941523	0.1213715822	0
1922	2.754441977	2.754441977	0	0	0.121429719	0.121239163	0.121379599	0
1923	2.507902861	2.507902861	0	0	0.1214604005	0.1212726012	0.1214025542	0
1924	2.222242117	2.222242117	0	0	0.1215240285	0.1213023886	0.1215147451	0
1925	1.996073008	1.996073008	0	0	0.1214960739	0.1213999018	0.1213994548	0
1926	1.847448468	1.847448468	0	0	0.1215347424	0.1213594303	0.1214676052	0
1927	1.845484018	1.845484018	0	0	0.121445775	0.1212769896	0.1213700622	0
1928	1.993164182	1.993164182	0	0	0.1213315204	0.1211309806	0.121300742	0
1929	2.434469461	2.434469461	0	0	0.1214496717	0.1212419942	0.1214113384	0
1930	2.916006804	2.916006804	0	0	0.1213991418	0.121403493	0.1212069243	0
1931	3.184539318	3.184539318	0	0	0.1214541718	0.1213607937	0.1213047281	0
1932	3.357247591	3.357247591	0	0	0.1213680878	0.1213155165	0.1212491617	0
1933	3.195166111	3.195166111	0	0	0.121319823	0.1213678643	0.1210774034	0
1934	2.891452312	2.891452312	0	0	0.1214687005	0.1213996783	0.1213036701	0
1935	2.559357882	2.559357882	0	0	0.1213899255	0.1213485152	0.1212290153	0
1936	2.475824833	2.475824833	0	0	0.1213377193	0.1213034242	0.1211897507	0
1937	2.74316287	2.74316287	0	0	0.1213753149	0.1212251335	0.1213172674	0
1938	2.682070017	2.682070017	0	0	0.1213373169	0.1214016452	0.1210800335	0
1939	2.624098063	2.624098063	0	0	0.1214115992	0.1214562058	0.1212283969	0
1940	2.580987215	2.580987215	0	0	0.1214344949	0.1214556471	0.1213016957	0
1941	2.535243273	2.535243273	0	0	0.1212431714	0.121289216	0.1210423037	0
1942	2.544965744	2.544965744	0	0	0.1214540452	0.1213952675	0.1213173345	0
1943	2.539496183	2.539496183	0	0	0.1214454621	0.1214030981	0.1213457212	0
1944	2.628501654	2.628501654	0	0	0.1213889644	0.121200189	0.1213339195	0
1945	2.690960407	2.690960407	0	0	0.1213453636	0.1211873963	0.1212779805	0
1946	2.539039612	2.539039612	0	0	0.1214244887	0.1213756427	0.1211986393	0
1947	2.27189374	2.27189374	0	0	0.1214378029	0.1213782504	0.1212707907	0
1948	1.98609817	1.98609817	0	0	0.1214200705	0.1213883534	0.1212977096	0
1949	1.645099282	1.645099282	0	0	0.1213374585	0.1214102432	0.1210390255	0
1950	1.335088491	1.335088491	0	0	0.1215199754	0.1215238795	0.1213449389	0
1951	1.130075455	1.130075455	0	0	0.1213450581	0.1213302165	0.1212178916	0
1952	1.088270903	1.088270903	0	0	0.1213052794	0.1211623326	0.1212252229	0
1953	1.320248723	1.320248723	0	0	0.1213550493	0.1211406589	0.1212805659	0
1954	1.705209017	1.705209017	0	0	0.121322684	0.1213474348	0.1210851297	0
1955	2.254543543	2.254543543	0	0	0.121390745	0.1214503422	0.1211650968	0
1956	2.672570944	2.672570944	0	0	0.1214190871	0.1214519516	0.121232532	0
1957	2.888273001	2.888273001	0	0	0.1213281751	0.1214541048	0.1209943667	0
1958	2.865660906	2.865660906	0	0	0.121385999	0.1215240434	0.1211221367	0
1959	2.852105618	2.852105618	0	0	0.1213830709	0.121435605	0.1212012842	0
1960	2.859197617	2.859197617	0	0	0.1213851497	0.1212222353	0.1212914214	0
1961	3.164198399	3.164198399	0	0	0.1213345751	0.1211276427	0.1212932393	0
1962	3.498741627	3.498741627	0	0	0.1213866472	0.1212870851	0.1212821826	0
1963	3.68205905	3.68205905	0	0	0.121400319	0.1212529764	0.1213361472	0
1964	3.882189512	3.882189512	0	0	0.1213950291	0.1212194189	0.1213251874	0
1965	4.033885479	4.033885479	0	0	0.1213060692	0.1212555766	0.1211607978	0
1966	4.102511406	4.102511406	0	0	0.1214607731	0.1214233562	0.12131989	0
1967	4.157893181	4.157893181	0	0	0.1214097664	0.1213466153	0.1213248298	0
1968	4.27660799	4.27660799	0	0	0.1214593276	0.121224165	0.1214010566	0
1969	4.072797298	4.072797298	0	0	0.1213651374	0.1211010218	0.1213629246	0
1970	3.639640331	3.639640331	0	0	0.1214298233	0.1210779026	0.1214768812	0
1971	3.197388411	3.197388411	0	0	0.1212855205	0.1209834442	0.1212970018	0
1972	2.787185192	2.787185192	0	0	0.1214050576	0.1210198402	0.121444352	0
1973	2.322542429	2.322542429	0	0	0.1213929281	0.1211620346	0.1213558391	0
1974	1.895303726	1.895303726	0	0	0.1215036288	0.1213923246	0.1214135736	0
1975	1.538502693	1.538502693	0	0	0.1215114966	0.1214086488	0.1214201376	0
1976	1.238999963	1.238999963	0	0	0.1215237752	0.1213472933	0.1214635745	0
1977	1.293493032	1.293493032	0	0	0.1214658394	0.1212102324	0.1214799881	0
1978	1.593612909	1.593612909	0	0	0.1214349344	0.1211882457	0.1213930771	0
1979	2.00230217	2.00230217	0	0	0.1214755997	0.1212293282	0.1214612871	0
1980	2.451439381	2.451439381	0	0	0.1214611158	0.1211840734	0.1214523911	0
1981	2.838148355	2.838148355	0	0	0.1214068308	0.1213083193	0.1212773845	0
1982	2.914288759	2.914288759	0	0	0.1215379909	0.1214569658	0.1213966608	0
1983	2.654616117	2.654616117	0	0	0.1214864403	0.1213369519	0.121423617	0
1984	2.370087147	2.370087147	0	0	0.1214493662	0.1213091016	0.1214214787	0
1985	2.281564236	2.281564236	0	0	0.1215159968	0.121261254	0.1215172485	0
1986	2.140649796	2.140649796	0	0	0.1214037091	0.1211137921	0.1214422062	0
1987	2.071169376	2.071169376	0	0	0.1215091795	0.121234335	0.1215137094	0
1988	2.076216221	2.076216221	0	0	0.1214603037	0.1211385801	0.1214800701	0
1989	2.086968422	2.086968422	0	0	0.1214337498	0.1212700158	0.1213452145	0
1990	2.117910385	2.117910385	0	0	0.1214354038	0.1213239506	0.1213472486	0
1991	2.143570423	2.143570423	0	0	0.1216062084	0.1214343682	0.1215630621	0
1992	2.23808217	2.23808217	0	0	0.1215092763	0.121295318	0.1215060577	0
1993	2.32678771	2.32678771	0	0	0.1214166656	0.1212736368	0.1213532686	0
1994	2.197510004	2.197510004	0	0	0.1215210631	0.1214138493	0.1214340553	0
1995	2.014345646	2.014345646	0	0	0.1216358989	0.1213964596	0.1216278151	0
1996	1.85313797	1.85313797	0	0	0.1214957312	0.1211832836	0.1215419993	0
1997	1.728907585	1.728907585	0	0	0.1214310899	0.1212545112	0.1213600263	0
1998	1.61784935	1.61784935	0	0	0.1215576455	0.1214709133	0.1214256957	0
1999	1.57365334	1.57365334	0	0	0.1215976626	0.1214018315	0.1215785667	0
2000	1.608980894	1.608980894	0	0	0.1215149313	0.1212972552	0.1214952916	0
2001	1.905367494	1.905367494	0	0	0.121541135	0.1213850826	0.1214568987	0
2002	2.347593307	2.347593307	0	0	0.1215245724	0.1214575768	0.1213814169	0
2003	2.722799301	2.722799301	0	0	0.1215031892	0.1213899106	0.1213624626	0
2004	2.987746	2.987746	0	0	0.1214062348	0.12124037	0.1213446334	0
2005	2.900861025	2.900861025	0	0	0.1213980466	0.1213554516	0.121205844	0
2006	2.609796047	2.609796047	0	0	0.1214523241	0.1214942932	0.1212309822	0
2007	2.319139481	2.319139481	0	0	0.1215738207	0.1215345114	0.1214259863	0
2008	2.268861532	2.268861532	0	0	0.1214437708	0.1214388236	0.1212625355	0
2009	2.41010046	2.41010046	0	0	0.1215078607	0.1215070263	0.1213304326	0
2010	2.562556982	2.562556982	0	0	0.1214988306	0.1214727834	0.1213835478	0
2011	2.747371197	2.747371197	0	0	0.1214324757	0.1213244051	0.1213522479	0
2012	2.899687052	2.899687052	0	0	0.1214055419	0.1212164983	0.1213727593	0
2013	3.021255493	3.021255493	0	0	0.1213155538	0.1212497279	0.1211929098	0
2014	3.04989028	3.04989028	0	0	0.1214783639	0.1214561462	0.1213188395	0
2015	3.102927446	3.102927446	0	0	0.1214667484	0.1213869229	0.1213798374	0
2016	3.02419281	3.02419281	0	0	0.1214248464	0.1212703735	0.1213416457	0
2017	3.074558496	3.074558496	0	0	0.1214279085	0.121316731	0.1213337332	0
2018	2.841375113	2.841375113	0	0	0.1214470193	0.1213538572	0.1213795617	0
2019	2.622589111	2.622589111	0	0	0.1214261875	0.1211995333	0.1214271858	0
2020	2.424876451	2.424876451	0	0	0.1213747486	0.1211271361	0.12140733	0
2021	2.100825548	2.100825548	0	0	0.1214243025	0.1212814972	0.1213503107	0
2022	1.907322764	1.907322764	0	0	0.1215059906	0.1214090586	0.1214087829	0
2023	1.731991768	1.731991768	0	0	0.1215521842	0.1213899329	0.1215173826	0
2024	1.676118493	1.676118493	0	0	0.1215163544	0.1213616207	0.1214079782	0
2025	1.621988297	1.621988297	0	0	0.121512115	0.1213574782	0.1214540377	0
2026	1.778977275	1.778977275	0	0	0.1214842424	0.1213389039	0.1214027479	0
2027	1.931863189	1.931863189	0	0	0.1215116158	0.1213472709	0.1214412451	0
2028	2.043513775	2.043513775	0	0	0.1215076968	0.1213433594	0.1214621887	0
2029	2.100635767	2.100635767	0	0	0.121429719	0.1214170307	0.1212533638	0
2030	2.110087395	2.110087395	0	0	0.1215403602	0.1214876771	0.1213862821	0
2031	2.106338501	2.106338501	0	0	0.1215051189	0.1213716418	0.1214180812	0
2032	2.213529587	2.213529587	0	0	0.1214142591	0.1212550178	0.1213547587	0
2033	2.505636454	2.505636454	0	0	0.1215630323	0.1213404462	0.1214957759	0
2034	2.839540243	2.839540243	0	0	0.1214835867	0.1212869361	0.1214558855	0
2035	3.084039688	3.084039688	0	0	0.1215360835	0.1212917045	0.1214852706	0
2036	3.350453615	3.350453615	0	0	0.121472232	0.1213186011	0.1214206964	0
2037	3.550741434	3.550741434	0	0	0.1215182915	0.1213533431	0.1214547157	0
2038	3.774774075	3.774774075	0	0	0.1215840206	0.1214495525	0.1214917898	0
2039	3.936401844	3.936401844	0	0	0.1215233728	0.1213117465	0.1214810461	0
2040	4.153839588	4.153839588	0	0	0.121513702	0.1212590337	0.1214660332	0
2041	3.996008635	3.996008635	0	0	0.1214813367	0.1211099997	0.1215157434	0
2042	3.689020872	3.689020872	0	0	0.1214460209	0.1211191937	0.1214577705	0
2043	3.319635153	3.319635153	0	0	0.121396482	0.121046029	0.1214175448	0
2044	3.008069277	3.008069277	0	0	0.1214981303	0.1211435944	0.1215400621	0
2045	2.484259367	2.484259367	0	0	0.1215175167	0.1212362126	0.1215222478	0
2046	1.971109152	1.971109152	0	0	0.1214859635	0.1213173494	0.1214577034	0
2047	1.588259578	1.588259578	0	0	0.1216291636	0.1213571951	0.1216084138	0
2048	1.214928627	1.214928627	0	0	0.1214896962	0.1211892217	0.1214956269	0
2049	1.192066431	1.192066431	0	0	0.1215169802	0.1211464927	0.1215369701	0
2050	1.417589784	1.417589784	0	0	0.1214418858	0.1211519912	0.1214420125	0
2051	1.661861539	1.661861539	0	0	0.1215232387	0.1212634593	0.1215009764	0
2052	1.94118309	1.94118309	0	0	0.1215647608	0.1213178486	0.1215732619	0
2053	2.071143627	2.071143627	0	0	0.1214811057	0.1213969663	0.1213444248	0
2054	2.067352772	2.067352772	0	0	0.1215709373	0.1215017512	0.1214422807	0
2055	2.119321108	2.119321108	0	0	0.1215439439	0.1213630885	0.1215252131	0
2056	2.149653196	2.149653196	0	0	0.1215812117	0.1214488223	0.1214836314	0
2057	2.123486042	2.123486042	0	0	0.1215196103	0.1212115288	0.1215336993	0
2058	2.139650822	2.139650822	0	0	0.121444717	0.1210710555	0.1214917302	0
2059	2.180861712	2.180861712	0	0	0.121374175	0.1211345866	0.1213505715	0
2060	2.16612196	2.16612196	0	0	0.1214894801	0.1212581322	0.1214593723	0
2061	2.157651186	2.157651186	0	0	0.1214961931	0.1213670596	0.1214112714	0
2062	2.139579296	2.139579296	0	0	0.1215067357	0.1214294359	0.1213943884	0
2063	2.060201406	2.060201406	0	0	0.1215882152	0.1214259714	0.1215420142	0
2064	2.091026306	2.091026306	0	0	0.121459052	0.1212219447	0.1214359924	0
2065	2.194352865	2.194352865	0	0	0.1214261577	0.1211761683	0.1214199215	0
2066	2.161589146	2.161589146	0	0	0.1215745583	0.1212580204	0.1215822846	0
2067	2.047662258	2.047662258	0	0	0.1214560121	0.1212020665	0.1214165911	0
2068	2.017331362	2.017331362	0	0	0.1214597002	0.121257104	0.1214086935	0
2069	1.840181947	1.840181947	0	0	0.1216357946	0.1215337738	0.1215023175	0
2070	1.654732585	1.654732585	0	0	0.1216741949	0.1215832829	0.1215641871	0
2071	1.537489176	1.537489176	0	0	0.1215597019	0.1214509532	0.1214824244	0
2072	1.500172615	1.500172615	0	0	0.1215358227	0.1213866621	0.1214742064	0
2073	1.589769244	1.589769244	0	0	0.1215782091	0.1213376969	0.1215727776	0
2074	1.791942239	1.791942239	0	0	0.1214774922	0.121320121	0.1214207485	0
2075	2.011035442	2.011035442	0	0	0.1214827299	0.1212912798	0.1213936657	0
2076	2.226924181	2.226924181	0	0	0.121494472	0.1213285103	0.1214337572	0
2077	2.335471392	2.335471392	0	0	0.1215036437	0.1214633957	0.1213229373	0
2078	2.170042276	2.170042276	0	0	0.1214986369	0.1215256825	0.1213014275	0
2079	2.165013552	2.165013552	0	0	0.1215796247	0.1214975491	0.121496968	0
2080	2.409416914	2.409416914	0	0	0.1213877797	0.1213153973	0.1212760359	0
2081	2.678376913	2.678376913	0	0	0.1215202808	0.1213340089	0.1214712784	0
2082	2.835528851	2.835528851	0	0	0.1215749159	0.1213375479	0.1215521768	0
2083	3.01748395	3.01748395	0	0	0.1215901524	0.1213153601	0.121581018	0
2084	3.202027559	3.202027559	0	0	0.1214527413	0.1213024184	0.1213612482	0
2085	3.330260038	3.330260038	0	0	0.1214770675	0.1214248911	0.1212999821	0
2086	3.425599337	3.425599337	0	0	0.1215713844	0.121533893	0.1214025021	0
2087	3.473288298	3.473288298	0	0	0.1214880794	0.1214055493	0.1214050576	0
2088	3.626934528	3.626934528	0	0	0.1213632599	0.1211135238	0.1213773116	0
2089	3.916292667	3.916292667	0	0	0.1214409247	0.1211696714	0.1214596406	0
2090	3.874833345	3.874833345	0	0	0.1215075627	0.1211929694	0.1215247363	0
2091	3.793497324	3.793497324	0	0	0.1215260625	0.1211426705	0.1215861663	0
2092	3.546679974	3.546679974	0	0	0.1214278266	0.1211094707	0.1214292496	0
2093	3.173677206	3.173677206	0	0	0.1213713288	0.1212275028	0.1212718561	0
2094	2.878895998	2.878895998	0	0	0.1216450334	0.121518068	0.1215403751	0
2095	2.473347902	2.473347902	0	0	0.121606119	0.121409066	0.1215976626	0
2096	2.061987162	2.061987162	0	0	0.1214713082	0.1210489646	0.1215566546	0
2097	1.686358809	1.686358809	0	0	0.1213767007	0.1209445745	0.1214711294	0
2098	1.710644841	1.710644841	0	0	0.1214829236	0.1211224422	0.1215082034	0
2099	1.768767715	1.768767715	0	0	0.121566847	0.1211420149	0.1216146722	0
2100	1.85318625	1.85318625	0	0	0.121449925	0.1212132499	0.1214021444	0
2101	1.914143443	1.914143443	0	0	0.1214555278	0.1213865653	0.121287778	0
2102	1.874103785	1.874103785	0	0	0.1217238754	0.1215915009	0.1216660887	0
2103	1.881531596	1.881531596	0	0	0.1214841604	0.1213371977	0.1214525849	0
2104	1.931722641	1.931722641	0	0	0.1214527413	0.1211507842	0.1214922294	0
2105	2.173307419	2.173307419	0	0	0.121592097	0.1212738305	0.1216216087	0
2106	2.435932159	2.435932159	0	0	0.1214087084	0.1210943013	0.1214629561	0
2107	2.675278425	2.675278425	0	0	0.1215288863	0.1211722046	0.1215280518	0
2108	2.914538145	2.914538145	0	0	0.1214032546	0.1212196574	0.1213271171	0
2109	3.129864454	3.129864454	0	0	0.1214201823	0.1213138774	0.1213182881	0
2110	3.270674229	3.270674229	0	0	0.1216271892	0.1215880141	0.1215168089	0
2111	3.402856112	3.402856112	0	0	0.1216518283	0.1214744449	0.1216368601	0
2112	3.590518713	3.590518713	0	0	0.1214778796	0.1211946458	0.1215170771	0
2113	3.555887461	3.555887461	0	0	0.1214958504	0.1211322173	0.1215602309	0
2114	3.264028072	3.264028072	0	0	0.1214463934	0.1210870892	0.121502094	0
2115	2.892817974	2.892817974	0	0	0.1213624328	0.1210065559	0.1214075461	0
2116	2.550234079	2.550234079	0	0	0.121372655	0.1210335866	0.1214012578	0
2117	2.181515455	2.181515455	0	0	0.121475257	0.1212543175	0.1214219481	0
2118	1.883033633	1.883033633	0	0	0.1215782091	0.1213742271	0.1215752959	0
2119	1.620535135	1.620535135	0	0	0.1216551661	0.1214790344	0.1216073483	0
2120	1.410400629	1.410400629	0	0	0.121628888	0.1213807687	0.121607624	0
2121	1.489422917	1.489422917	0	0	0.1215936989	0.1212558299	0.1216284037	0
2122	1.754965782	1.754965782	0	0	0.1214608327	0.1212448478	0.1213965565	0
2123	1.965175748	1.965175748	0	0	0.1214752719	0.1213838533	0.1213495061	0
2124	2.133474112	2.133474112	0	0	0.1216076687	0.1214734688	0.1215229258	0
2125	2.239838839	2.239838839	0	0	0.1215232089	0.1215025261	0.1213764027	0
2126	2.296660662	2.296660662	0	0	0.1215733215	0.1214802414	0.1214781031	0
2127	2.262984514	2.262984514	0	0	0.1215541512	0.1213977784	0.1215094253	0
2128	2.311881542	2.311881542	0	0	0.1215471849	0.1214385107	0.121473588	0
2129	2.448064566	2.448064566	0	0	0.1215327531	0.1212484837	0.1215506941	0
2130	2.531897783	2.531897783	0	0	0.1215369925	0.1212931648	0.1214943007	0
2131	2.597638369	2.597638369	0	0	0.1214851663	0.1212552041	0.1214469597	0
2132	2.623218536	2.623218536	0	0	0.1215235814	0.121264115	0.121513471	0
2133	2.690011978	2.690011978	0	0	0.1215029731	0.1213944554	0.1214126945	0
2134	2.713598967	2.713598967	0	0	0.1215792745	0.1214419007	0.1214953512	0
2135	2.633809566	2.633809566	0	0	0.1216310486	0.1214484572	0.1216013804	0
2136	2.643716574	2.643716574	0	0	0.1214778423	0.1212879196	0.1214400455	0
2137	2.714412689	2.714412689	0	0	0.1214774325	0.1212145016	0.1214691475	0
2138	2.554471493	2.554471493	0	0	0.121432431	0.1211898476	0.1214403436	0
2139	2.390558004	2.390558004	0	0	0.1215106323	0.1212414876	0.1214812398	0
2140	2.294608593	2.294608593	0	0	0.121541366	0.1212817207	0.1215226203	0
2141	2.124642611	2.124642611	0	0	0.1215343624	0.1213788316	0.1214856878	0
2142	2.099888325	2.099888325	0	0	0.1216894388	0.1216007024	0.1215686351	0
2143	2.121551991	2.121551991	0	0	0.1215477362	0.1215099692	0.1214110702	0
2144	2.11129427	2.11129427	0	0	0.1215833351	0.1213868782	0.1215409711	0
2145	2.150831461	2.150831461	0	0	0.1215505973	0.1212102547	0.1215913668	0
2146	2.272454977	2.272454977	0	0	0.1214055419	0.1212579012	0.1213442683	0
2147	2.423640728	2.423640728	0	0	0.1215603352	0.1214054748	0.121479623	0
2148	2.467834234	2.467834234	0	0	0.1215736046	0.1213383153	0.1215665489	0
2149	2.447749853	2.447749853	0	0	0.1214095578	0.1213013753	0.1213043556	0
2150	2.34779501	2.34779501	0	0	0.1216237918	0.1214898378	0.1215378717	0
2151	2.23734498	2.23734498	0	0	0.1215301156	0.1213703826	0.1214656457	0
2152	2.273597956	2.273597956	0	0	0.1214995459	0.1213184744	0.1214458495	0
2153	2.305915356	2.305915356	0	0	0.121670112	0.1213418767	0.1216565743	0
2154	2.310489416	2.310489416	0	0	0.1215211153	0.1213341504	0.1214540228	0
2155	2.304229736	2.304229736	0	0	0.1215835586	0.1213784292	0.1215540394	0
2156	2.375090361	2.375090361	0	0	0.121556282	0.1213749498	0.1214944199	0
2157	2.423261404	2.423261404	0	0	0.1214242056	0.1213074178	0.1213185787	0
2158	2.412118196	2.412118196	0	0	0.1216115952	0.1214749813	0.1215306148	0
2159	2.506769419	2.506769419	0	0	0.1215751097	0.1214890406	0.1214825585	0
2160	2.697128296	2.697128296	0	0	0.1214983389	0.1212977991	0.1214400381	0
2161	2.934889078	2.934889078	0	0	0.1214847192	0.1212487966	0.1214431971	0
2162	2.830146313	2.830146313	0	0	0.1214251518	0.1212715656	0.1213478222	0
2163	2.677185059	2.677185059	0	0	0.1215777025	0.1213417426	0.1215464026	0
2164	2.515681744	2.515681744	0	0	0.1214932874	0.1212927774	0.1214358956	0
2165	2.224142075	2.224142075	0	0	0.1214544177	0.1213508099	0.1213341877	0
2166	1.910480499	1.910480499	0	0	0.1215906143	0.121533744	0.1214688048	0
2167	1.619492173	1.619492173	0	0	0.1215798855	0.1214249656	0.121544078	0
2168	1.340892792	1.340892792	0	0	0.1214571521	0.1211819276	0.1214367524	0
2169	1.145994186	1.145994186	0	0	0.1214363724	0.1211308688	0.1214437708	0
2170	1.217151523	1.217151523	0	0	0.1213650182	0.1212224588	0.1212657765	0
2171	1.415493727	1.415493727	0	0	0.1215009242	0.1213534698	0.1214302853	0
2172	1.75453186	1.75453186	0	0	0.1214894429	0.1213221624	0.1214496866	0
2173	2.097239733	2.097239733	0	0	0.1214593798	0.1214296892	0.12128333	0
2174	2.115224838	2.115224838	0	0	0.1216020957	0.1215995401	0.1214238554	0
2175	2.007548094	2.007548094	0	0	0.1215249822	0.1214072257	0.1214549541	0
2176	1.921465874	1.921465874	0	0	0.1215365455	0.1213891953	0.1214664429	0
2177	1.948444247	1.948444247	0	0	0.1214517727	0.12140017	0.1213081479	0
2178	2.027077913	2.027077913	0	0	0.1215209216	0.12139678	0.1214326024	0
2179	2.158271313	2.158271313	0	0	0.1214957088	0.121373944	0.1214114502	0
2180	2.285511017	2.285511017	0	0	0.1213795319	0.1212590337	0.1213000864	0
2181	2.401495218	2.401495218	0	0	0.1214109138	0.1213377789	0.1212644577	0
2182	2.444848299	2.444848299	0	0	0.1214899793	0.121520482	0.1213014796	0
2183	2.498723507	2.498723507	0	0	0.1215123609	0.1214932799	0.1213825941	0
2184	2.695915699	2.695915699	0	0	0.12142355	0.1213024408	0.1213269681	0
2185	2.967370987	2.967370987	0	0	0.1213744655	0.1212874874	0.1212864444	0
2186	3.031451702	3.031451702	0	0	0.1214502379	0.1213460937	0.121335648	0
2187	3.115446568	3.115446568	0	0	0.1214686111	0.1213070303	0.1214032397	0
2188	3.125509501	3.125509501	0	0	0.1213843897	0.1211562827	0.1213263646	0
2189	2.915943146	2.915943146	0	0	0.1214354262	0.1213074178	0.121346958	0
2190	2.776129961	2.776129961	0	0	0.1215420514	0.1214970425	0.1213781461	0
2191	2.660282135	2.660282135	0	0	0.1215478852	0.121484302	0.1214152947	0
2192	2.589436054	2.589436054	0	0	0.1214791909	0.1212851331	0.1214449555	0
2193	2.569014311	2.569014311	0	0	0.1214111373	0.1212244034	0.1213803813	0
2194	2.877725363	2.877725363	0	0	0.1214036271	0.1211963072	0.121364519	0
2195	3.107357025	3.107357025	0	0	0.1214758754	0.1212347671	0.121455498	0
2196	3.25410223	3.25410223	0	0	0.1214214042	0.1211628765	0.1214044243	0
2197	3.271125078	3.271125078	0	0	0.121361874	0.1213206202	0.1211966276	0
2198	3.170951366	3.170951366	0	0	0.1215761304	0.1215487197	0.1213899329	0
2199	2.945197821	2.945197821	0	0	0.1215163469	0.1214526147	0.1213717908	0
2200	2.775685072	2.775685072	0	0	0.1215203926	0.1213079169	0.1214767694	0
2201	2.789813995	2.789813995	0	0	0.1215875596	0.1212769374	0.1215624437	0
2202	2.846853256	2.846853256	0	0	0.1215412617	0.1211994365	0.121547997	0
2203	3.002257586	3.002257586	0	0	0.1214319021	0.1210770831	0.1214477494	0
2204	3.159341574	3.159341574	0	0	0.1214360371	0.1211681813	0.1213936806	0
2205	3.349933624	3.349933624	0	0	0.1214826554	0.1213383302	0.1213535145	0
2206	3.477815866	3.477815866	0	0	0.1215874925	0.1215332747	0.1214314327	0
2207	3.605045319	3.605045319	0	0	0.121561937	0.1215326935	0.1213716194	0
2208	3.888053656	3.888053656	0	0	0.1216057092	0.1214596182	0.1215159819	0
2209	3.860921621	3.860921621	0	0	0.1215425059	0.1212213412	0.1215419769	0
2210	3.765022516	3.765022516	0	0	0.121493049	0.1211471036	0.1214991584	0
2211	3.584074736	3.584074736	0	0	0.121428892	0.1210178584	0.1214532778	0
2212	3.560394764	3.560394764	0	0	0.1212987453	0.1209385321	0.121314846	0
2213	3.486165762	3.486165762	0	0	0.1213960722	0.1211558208	0.1213406399	0
2214	3.39442873	3.39442873	0	0	0.1215339527	0.1213818714	0.1214331239	0
2215	3.281665325	3.281665325	0	0	0.1216108724	0.1215391085	0.1214915738	0
2216	3.14225173	3.14225173	0	0	0.1216511279	0.1214706153	0.1215847358	0
2217	3.202425003	3.202425003	0	0	0.1215531677	0.1212813854	0.1215497479	0
2218	3.379386425	3.379386425	0	0	0.1215335801	0.1211852431	0.1215278506	0
2219	3.631996155	3.631996155	0	0	0.1214507595	0.1211052015	0.1214443967	0
2220	3.837078333	3.837078333	0	0	0.1214236617	0.1210700125	0.121442914	0
2221	3.968014956	3.968014956	0	0	0.1214626282	0.1212077886	0.1214035898	0
2222	3.928253889	3.928253889	0	0	0.1215365008	0.1213807538	0.1214440838	0
2223	3.917239904	3.917239904	0	0	0.1216460019	0.1214707047	0.1215842515	0
2224	3.960018873	3.960018873	0	0	0.1216543317	0.1214697585	0.1215842292	0
2225	4.145252228	4.145252228	0	0	0.1215597242	0.1212871894	0.1215412766	0
2226	4.279788971	4.279788971	0	0	0.121579349	0.1212697476	0.1215529293	0
2227	4.303416729	4.303416729	0	0	0.1216234565	0.1212637052	0.121621564	0
2228	4.411833763	4.411833763	0	0	0.121451363	0.1211437434	0.1214313582	0
2229	4.584569454	4.584569454	0	0	0.1213384718	0.1210397258	0.1213223264	0
2230	4.6929636	4.6929636	0	0	0.1214522719	0.1212738603	0.1213518009	0
2231	4.725845337	4.725845337	0	0	0.1217179373	0.1215002388	0.1216811687	0
2232	4.828563213	4.828563213	0	0	0.1215738878	0.1213258505	0.1215510517	0
2233	4.69286871	4.69286871	0	0	0.1214575991	0.1211607009	0.1214515343	0
2234	4.496195316	4.496195316	0	0	0.121557653	0.1211604029	0.1215555817	0
2235	4.279085636	4.279085636	0	0	0.1215279847	0.1211234555	0.1215677038	0
2236	4.176594257	4.176594257	0	0	0.1214309856	0.1209979579	0.1214732677	0
2237	3.989955902	3.989955902	0	0	0.1213323325	0.1209798977	0.1213548556	0
2238	3.883063793	3.883063793	0	0	0.1214517578	0.1211823821	0.1214167401	0
2239	3.790039062	3.790039062	0	0	0.1216773018	0.1214143112	0.1216218397	0
2240	3.736017466	3.736017466	0	0	0.1216380447	0.1211969182	0.1216586009	0
2241	3.853921413	3.853921413	0	0	0.1214891225	0.1211573407	0.1214904785	0
2242	4.024864674	4.024864674	0	0	0.1216524392	0.1213754565	0.1215968803	0
2243	4.195969105	4.195969105	0	0	0.1216137186	0.1213655397	0.1215722188	0
2244	4.278467655	4.278467655	0	0	0.1215768829	0.1212056652	0.1215780154	0
2245	4.258919239	4.258919239	0	0	0.1214552447	0.1211845428	0.1214251369	0
2246	4.045071602	4.045071602	0	0	0.1216030568	0.1214334145	0.1214818954	0
2247	3.713400126	3.713400126	0	0	0.1216302961	0.1213351339	0.1215999871	0
2248	3.38968277	3.38968277	0	0	0.1215795055	0.1211913824	0.1215770394	0
2249	3.028920412	3.028920412	0	0	0.1214752048	0.1210985929	0.1214810163	0
2250	2.674677134	2.674677134	0	0	0.121561572	0.1212029532	0.1215529442	0
2251	2.371016979	2.371016979	0	0	0.1215924993	0.121244289	0.1215717569	0
2252	2.181356668	2.181356668	0	0	0.1214889884	0.1211440191	0.1214652136	0
2253	2.064072132	2.064072132	0	0	0.1213863045	0.1211654693	0.121300377	0
2254	2.00557971	2.00557971	0	0	0.1214577034	0.1213968396	0.1212906614	0
2255	1.915906191	1.915906191	0	0	0.1215977669	0.1215845719	0.1214330345	0
2256	1.898523688	1.898523688	0	0	0.1216820478	0.1215107664	0.1216261908	0
2257	2.014703751	2.014703751	0	0	0.121560432	0.121371612	0.1214973778	0
2258	2.133080721	2.133080721	0	0	0.1216137633	0.1215033606	0.1215114668	0
2259	2.249448061	2.249448061	0	0	0.1216937229	0.1215228289	0.1216144785	0
2260	2.434506655	2.434506655	0	0	0.1216001436	0.1213741973	0.1215265393	0
2261	2.503990173	2.503990173	0	0	0.1215634197	0.1214081869	0.1214601472	0
2262	2.605973959	2.605973959	0	0	0.1216374114	0.1216619238	0.1213981062	0
2263	2.650226831	2.650226831	0	0	0.1215731055	0.1216537356	0.1213880703	0
2264	2.643480062	2.643480062	0	0	0.1216307729	0.1216095835	0.1215186715	0
2265	2.622764587	2.622764587	0	0	0.121531114	0.1213652343	0.1214857623	0
2266	2.804247379	2.804247379	0	0	0.1215503886	0.1214338765	0.121439673	0
2267	3.006368876	3.006368876	0	0	0.1215607002	0.1213902384	0.121504955	0
2268	3.203112364	3.203112364	0	0	0.1216044798	0.1213131696	0.1215459704	0
2269	3.308902025	3.308902025	0	0	0.1214162782	0.1212777421	0.1213086694	0
2270	3.383177042	3.383177042	0	0	0.1215755939	0.1215326414	0.121427007	0
2271	3.379131079	3.379131079	0	0	0.121528022	0.1214961782	0.121411331	0
2272	3.272683382	3.272683382	0	0	0.1215690374	0.1214661151	0.1214821786	0
2273	3.096981049	3.096981049	0	0	0.1215693578	0.1213894561	0.1215150729	0
2274	2.850952625	2.850952625	0	0	0.1215214357	0.1213567778	0.1214662716	0
2275	2.590638399	2.590638399	0	0	0.1215447336	0.1213121787	0.1214913204	0
2276	2.420129538	2.420129538	0	0	0.1215096638	0.1213279739	0.1213976666	0
2277	2.297399282	2.297399282	0	0	0.12142203	0.1212654635	0.1213187724	0
2278	2.230378866	2.230378866	0	0	0.1214463711	0.1213820502	0.1213270202	0
2279	2.169455051	2.169455051	0	0	0.1214748397	0.1213533953	0.1213784069	0
2280	2.231197357	2.231197357	0	0	0.1215261966	0.1214772016	0.1213674918	0
2281	2.442345142	2.442345142	0	0	0.1215309724	0.1213982627	0.1214425936	0
2282	2.636029959	2.636029959	0	0	0.1215756461	0.1214640662	0.1214653179	0
2283	2.864147663	2.864147663	0	0	0.1215305477	0.121416606	0.1214064956	0
2284	3.161143064	3.161143064	0	0	0.1216521338	0.1215085387	0.1215234175	0
2285	3.355597734	3.355597734	0	0	0.1216092706	0.1214772835	0.1214841679	0
2286	3.504516363	3.504516363	0	0	0.1214889884	0.121416308	0.1213926896	0
2287	3.599149942	3.599149942	0	0	0.1215189621	0.1214302853	0.1213798374	0
2288	3.623330355	3.623330355	0	0	0.1214615554	0.1213710234	0.1213354915	0
2289	3.637096882	3.637096882	0	0	0.121501945	0.1212769076	0.1214586943	0
2290	3.724308729	3.724308729	0	0	0.121534951	0.1213167161	0.1214717478	0
2291	3.807017803	3.807017803	0	0	0.1215169951	0.1212946251	0.1214564368	0
2292	3.818292856	3.818292856	0	0	0.1215721741	0.1213637069	0.1214801669	0
2293	3.786697388	3.786697388	0	0	0.121421583	0.1212565675	0.1213529557	0
2294	3.6162498	3.6162498	0	0	0.1214758307	0.1212844253	0.1213949844	0
2295	3.375535488	3.375535488	0	0	0.1214612573	0.1212254092	0.1214048713	0
2296	3.107432127	3.107432127	0	0	0.1215413287	0.1214169264	0.1214435324	0
2297	2.790281534	2.790281534	0	0	0.1216091737	0.1214064434	0.1215379909	0
2298	2.461428404	2.461428404	0	0	0.1216484681	0.12134891	0.1215999573	0
2299	2.165679932	2.165679932	0	0	0.1215568185	0.1212543473	0.1215343624	0
2300	1.945912719	1.945912719	0	0	0.1215885058	0.1213435158	0.1214974299	0
2301	1.783460855	1.783460855	0	0	0.1213904992	0.1211978421	0.1212878451	0
2302	1.703787088	1.703787088	0	0	0.1214895621	0.1214228421	0.1213008314	0
2303	1.659988642	1.659988642	0	0	0.1215768084	0.1215661615	0.1214041188	0
2304	1.679156184	1.679156184	0	0	0.1215901151	0.121557124	0.1214200631	0
2305	1.821808934	1.821808934	0	0	0.1215069145	0.121484749	0.1213421673	0
2306	2.020865917	2.020865917	0	0	0.1216593012	0.1215940118	0.1214898825	0
2307	2.255285978	2.255285978	0	0	0.1215967014	0.1214893013	0.1214901209	0
2308	2.572903872	2.572903872	0	0	0.1216285974	0.1214835495	0.1215013787	0
2309	2.729993582	2.729993582	0	0	0.1214883849	0.1214428321	0.121296525	0
2310	2.858569622	2.858569622	0	0	0.1216272712	0.121697478	0.1213831529	0
2311	2.949197292	2.949197292	0	0	0.1216073781	0.1216841415	0.121397689	0
2312	3.007474184	3.007474184	0	0	0.1215456352	0.1215392351	0.1213864833	0
2313	3.039645672	3.039645672	0	0	0.121557638	0.1214146465	0.1214655563	0
2314	3.127453089	3.127453089	0	0	0.1215338185	0.1213950291	0.1214374304	0
2315	3.238263845	3.238263845	0	0	0.1215486079	0.1213433892	0.1214914843	0
2316	3.354630709	3.354630709	0	0	0.1215154454	0.1213057712	0.1214567423	0
2317	3.422221661	3.422221661	0	0	0.1214002892	0.1212422326	0.1212642044	0
2318	3.375501871	3.375501871	0	0	0.1214409843	0.1213904247	0.1213014051	0
2319	3.21772933	3.21772933	0	0	0.1215922683	0.1214423999	0.1215039417	0
2320	3.073347807	3.073347807	0	0	0.1214611754	0.1214367673	0.1213046387	0
2321	2.856035471	2.856035471	0	0	0.1215902045	0.1214697734	0.1214740127	0
2322	2.641259909	2.641259909	0	0	0.1215422377	0.1213991642	0.1214665771	0
2323	2.390738249	2.390738249	0	0	0.1215889007	0.121329926	0.1215553954	0
2324	2.197140455	2.197140455	0	0	0.1215080246	0.1213575155	0.1213876531	0
2325	2.062070131	2.062070131	0	0	0.1214879677	0.1213729829	0.1213181391	0
2326	1.996726036	1.996726036	0	0	0.121476166	0.1214680523	0.1212845072	0
2327	1.898912191	1.898912191	0	0	0.1215590611	0.1215521917	0.1213734671	0
2328	1.906923413	1.906923413	0	0	0.1215303466	0.12151061	0.1213430017	0
2329	2.090142965	2.090142965	0	0	0.1215140373	0.1214687675	0.1213476136	0
2330	2.242183685	2.242183685	0	0	0.1215527803	0.1214818954	0.1214233115	0
2331	2.382214308	2.382214308	0	0	0.1215673313	0.1213933155	0.1214874834	0
2332	2.6434834	2.6434834	0	0	0.1215561032	0.1214276925	0.121447742	0
2333	2.732880116	2.732880116	0	0	0.1215638071	0.1214663833	0.1214123592	0
2334	2.689415455	2.689415455	0	0	0.1214946359	0.1215218082	0.1212946773	0
2335	2.558598757	2.558598757	0	0	0.1214959994	0.121464625	0.1213456318	0
2336	2.451118946	2.451118946	0	0	0.1215308979	0.1214665994	0.1213820353	0
2337	2.430624485	2.430624485	0	0	0.1214837804	0.1212844849	0.1214457154	0
2338	2.547991037	2.547991037	0	0	0.1215057001	0.121318683	0.1214443445	0
2339	2.769330263	2.769330263	0	0	0.1215552762	0.1212596893	0.121522665	0
2340	3.072252512	3.072252512	0	0	0.1215137765	0.1212640852	0.1214772239	0
2341	3.370827436	3.370827436	0	0	0.1213728189	0.1212300658	0.1212935373	0
2342	3.489352942	3.489352942	0	0	0.1213832721	0.1213861555	0.1211726293	0
2343	3.505016565	3.505016565	0	0	0.1215689853	0.1215012744	0.1214532778	0
2344	3.456069946	3.456069946	0	0	0.121581614	0.1214911267	0.1214916259	0
2345	3.369259357	3.369259357	0	0	0.1214898154	0.1213371977	0.1214376464	0
2346	3.202354908	3.202354908	0	0	0.1215827242	0.1213548779	0.1215502769	0
2347	3.026246786	3.026246786	0	0	0.1216083393	0.1213243827	0.1215844527	0
2348	2.823098898	2.823098898	0	0	0.1215373948	0.1213022098	0.121466279	0
2349	2.687039614	2.687039614	0	0	0.1214177981	0.1213125512	0.1212846562	0
2350	2.650641203	2.650641203	0	0	0.121407032	0.1213570088	0.1212401763	0
2351	2.542053223	2.542053223	0	0	0.1215848997	0.1215228811	0.1214516759	0
2352	2.566740036	2.566740036	0	0	0.1216032729	0.1214711741	0.1215219647	0
2353	2.776768208	2.776768208	0	0	0.1214483157	0.1212560907	0.1214062795	0
2354	2.807011843	2.807011843	0	0	0.1215779781	0.1214064956	0.121490851	0
2355	2.751740694	2.751740694	0	0	0.1215435863	0.121322073	0.1214758009	0
2356	2.640647173	2.640647173	0	0	0.1215634122	0.121300295	0.1214955226	0
2357	2.375019312	2.375019312	0	0	0.1214034632	0.1212622598	0.121310018	0
2358	2.035505772	2.035505772	0	0	0.1215280741	0.1214265823	0.1213812083	0
2359	1.665780663	1.665780663	0	0	0.1215503886	0.1215472594	0.1213888749	0
2360	1.347188711	1.347188711	0	0	0.121650748	0.1214406565	0.1216177121	0
2361	1.237701178	1.237701178	0	0	0.1215099469	0.121202372	0.1215143353	0
2362	1.497737885	1.497737885	0	0	0.1214251965	0.1212859377	0.1213496402	0
2363	2.025543928	2.025543928	0	0	0.1215627119	0.1213946268	0.1214754656	0
2364	2.794520617	2.794520617	0	0	0.1215153113	0.1213505492	0.1214326248	0
2365	3.455686808	3.455686808	0	0	0.1214458421	0.1213455349	0.1213199273	0
2366	3.748106003	3.748106003	0	0	0.1215528622	0.1214969531	0.1213928014	0
2367	3.778598309	3.778598309	0	0	0.1215147227	0.1215427741	0.1213508025	0
2368	3.77146697	3.77146697	0	0	0.1215841249	0.1215003282	0.1214878559	0
2369	3.748107433	3.748107433	0	0	0.121562846	0.1213738695	0.1215252429	0
2370	3.651416302	3.651416302	0	0	0.1214835495	0.1213348135	0.1214203984	0
2371	3.515170336	3.515170336	0	0	0.1215313748	0.1213434264	0.1214677021	0
2372	3.349325418	3.349325418	0	0	0.1214463562	0.1212975904	0.1213689372	0
2373	3.260001659	3.260001659	0	0	0.1213658676	0.1211784407	0.1213166267	0
2374	3.234439611	3.234439611	0	0	0.1214309931	0.1213103905	0.1213395	0
2375	3.249026775	3.249026775	0	0	0.1215439886	0.1214899644	0.1213979796	0
2376	3.264483213	3.264483213	0	0	0.1214949489	0.1213540286	0.121422708	0
2377	3.264546633	3.264546633	0	0	0.1214645728	0.1212901548	0.1213890463	0
2378	3.264664173	3.264664173	0	0	0.1215086952	0.121381782	0.1213907599	0
2379	3.264361858	3.264361858	0	0	0.1215245053	0.1213119179	0.1214630604	0
2380	3.264490366	3.264490366	0	0	0.1214900389	0.1212496907	0.1214451641	0
2381	3.265038729	3.265038729	0	0	0.1214229986	0.1212095767	0.1213551387	0
2382	3.264558554	3.264558554	0	0	0.1215249896	0.1214036122	0.121427156	0
2383	3.2639575	3.2639575	0	0	0.1216533557	0.1215487346	0.1215534881	0
2384	3.26329565	3.26329565	0	0	0.1218262762	0.1215616241	0.1217735037	0
2385	3.263313293	3.263313293	0	0	0.1217864752	0.1214787215	0.1217410043	0
2386	3.26324296	3.26324296	0	0	0.1218497232	0.1215668246	0.1217920557	0
2387	3.263361454	3.263361454	0	0	0.1218155622	0.1214817017	0.1217864007	0
2388	3.263624907	3.263624907	0	0	0.1217509434	0.1213797405	0.1217338294	0
2389	3.263846159	3.263846159	0	0	0.1217408404	0.1213979498	0.1217013225	0
2390	3.263701916	3.263701916	0	0	0.1217538193	0.1214552671	0.1217053086	0
2391	3.263246775	3.263246775	0	0	0.1218450889	0.121491611	0.1218231916	0
2392	3.262785196	3.262785196	0	0	0.1220017448	0.1215166375	0.1220091954	0
2393	3.418062449	3.418062449	0	0	0.1220080033	0.1215228811	0.1220009252	0
2394	3.568583012	3.568583012	0	0	0.1220500618	0.1215762049	0.1220463365	0
2395	3.679108381	3.679108381	0	0	0.1220132038	0.1214831918	0.1220193878	0
2396	3.712548018	3.712548018	0	0	0.1219336614	0.1213952824	0.1219377369	0
2397	3.660060883	3.660060883	0	0	0.1218976602	0.121387057	0.1219065115	0
2398	3.432409048	3.432409048	0	0	0.1219072863	0.1214150712	0.1219133213	0
2399	3.264679432	3.264679432	0	0	0.1218912229	0.121367611	0.1219107434	0
2400	3.216525793	3.216525793	0	0	0.1219245791	0.1213056669	0.1219787747	0
2401	3.212321997	3.212321997	0	0	0.1217309237	0.1212174371	0.1217830554	0
2402	2.924835205	2.924835205	0	0	0.1217311099	0.1212098449	0.121782124	0
2403	2.540152788	2.540152788	0	0	0.1216742918	0.1212135181	0.1216987893	0
2404	2.23958993	2.23958993	0	0	0.1217276454	0.1212796941	0.1217428967	0
2405	1.984630346	1.984630346	0	0	0.121683225	0.1213808581	0.1216541082	0
2406	1.70978415	1.70978415	0	0	0.1217310503	0.121512495	0.1216527298	0
2407	1.50475502	1.50475502	0	0	0.1219379753	0.121657066	0.1218617707	0
2408	1.450888872	1.450888872	0	0	0.1220050231	0.1215104833	0.1220452338	0
2409	1.539963841	1.539963841	0	0	0.1217399016	0.121239081	0.1218127385	0
2410	1.987975955	1.987975955	0	0	0.1217052788	0.121295847	0.121751003	0
2411	2.471786737	2.471786737	0	0	0.1217863187	0.1214382872	0.1218089685	0
2412	3.31714797	3.31714797	0	0	0.1218051836	0.1214646474	0.1218490824	0
2413	3.615341425	3.615341425	0	0	0.1217328981	0.121614553	0.121645093	0
2414	4.015492916	4.015492916	0	0	0.1217815652	0.1216359064	0.1217213273	0
2415	3.952715158	3.952715158	0	0	0.1219009608	0.1216981784	0.1218635663	0
2416	4.049144745	4.049144745	0	0	0.1217601225	0.1214915067	0.121750772	0
2417	3.945556164	3.945556164	0	0	0.1216715947	0.1213338822	0.1216791943	0
2418	3.736922741	3.736922741	0	0	0.1215704679	0.1213878915	0.1215467304	0
2419	3.516060591	3.516060591	0	0	0.1215687916	0.1213897094	0.1215212196	0
2420	3.275864363	3.275864363	0	0	0.121491529	0.1212516502	0.1214965358	0
2421	3.052404165	3.052404165	0	0	0.1214152426	0.1211982742	0.121374324	0
2422	2.866132498	2.866132498	0	0	0.1213954464	0.1212630123	0.1213224754	0
2423	2.711317062	2.711317062	0	0	0.1216188073	0.1214018092	0.1216288283	0
2424	2.713098288	2.713098288	0	0	0.121491082	0.1213066056	0.121434167	0
2425	2.762588978	2.762588978	0	0	0.1215176731	0.1212864965	0.1214741319	0
2426	2.491611958	2.491611958	0	0	0.1215950251	0.1214825884	0.1214959994	0
2427	2.12682271	2.12682271	0	0	0.1215716004	0.1213922724	0.1215244085	0
2428	1.819968581	1.819968581	0	0	0.1215004772	0.1212405041	0.1214890257	0
2429	1.572132707	1.572132707	0	0	0.1213970259	0.1212722585	0.121286355	0
2430	1.313726306	1.313726306	0	0	0.1214955673	0.1214062646	0.1213729233	0
2431	1.168545604	1.168545604	0	0	0.1215220243	0.121408008	0.1214662045	0
2432	1.229621172	1.229621172	0	0	0.1215050742	0.1212884039	0.1214465052	0
2433	1.545691848	1.545691848	0	0	0.1214357242	0.1212809309	0.1213487014	0
2434	2.089186192	2.089186192	0	0	0.1214251742	0.121441178	0.1212415174	0
2435	2.63801384	2.63801384	0	0	0.1214663982	0.1214995533	0.1212618724	0
2436	3.1645751	3.1645751	0	0	0.1215331331	0.1213817596	0.1214442402	0
2437	3.362378836	3.362378836	0	0	0.1213382557	0.1213470623	0.121131666	0
2438	3.6421628	3.6421628	0	0	0.1214451268	0.1215034053	0.1211968213	0
2439	3.758127451	3.758127451	0	0	0.1215626821	0.1215190738	0.1214198917	0
2440	3.883525848	3.883525848	0	0	0.1214216352	0.1212896928	0.1213464066	0
2441	3.959528208	3.959528208	0	0	0.1214254275	0.1212978214	0.1213201657	0
2442	3.909820318	3.909820318	0	0	0.1214289591	0.1214448437	0.1212548167	0
2443	3.795744181	3.795744181	0	0	0.1215132847	0.1214021444	0.1214232594	0
2444	3.587247133	3.587247133	0	0	0.1214108989	0.1212790832	0.1213301495	0
2445	3.418307781	3.418307781	0	0	0.1213554218	0.1212917641	0.121228829	0
2446	3.289059162	3.289059162	0	0	0.1214554906	0.1213659719	0.121355094	0
2447	3.177199125	3.177199125	0	0	0.1215081587	0.1213354021	0.121443972	0
2448	3.251409292	3.251409292	0	0	0.1214183047	0.1211897209	0.121391654	0
2449	3.383069992	3.383069992	0	0	0.1214650795	0.1212382689	0.1214482561	0
2450	3.190263033	3.190263033	0	0	0.1215017959	0.1214174628	0.1213954687	0
2451	2.923838854	2.923838854	0	0	0.1215952486	0.1214481369	0.1214893237	0
2452	2.668038845	2.668038845	0	0	0.1215568408	0.1213662699	0.12147405	0
2453	2.345852375	2.345852375	0	0	0.1214708239	0.1214051098	0.1213416606	0
2454	1.979452729	1.979452729	0	0	0.1215874702	0.1215497255	0.1214258671	0
2455	1.781594634	1.781594634	0	0	0.1215397269	0.1214723364	0.1214308813	0
2456	1.731414557	1.731414557	0	0	0.1215452105	0.1212894842	0.1215292141	0
2457	1.996578455	1.996578455	0	0	0.1214707568	0.1211503372	0.1214793101	0
2458	2.638837576	2.638837576	0	0	0.1214001328	0.1213325933	0.121242173	0
2459	3.20473814	3.20473814	0	0	0.1214557216	0.1213533133	0.1213144213	0
2460	3.653642893	3.653642893	0	0	0.1214284152	0.1213315576	0.1212634891	0
2461	4.102359772	4.102359772	0	0	0.1213758811	0.1213558391	0.1211739928	0
2462	4.487154961	4.487154961	0	0	0.1214813367	0.1214835495	0.1212850586	0
2463	4.495221138	4.495221138	0	0	0.1214921847	0.1214615703	0.1213547811	0
2464	4.447532177	4.447532177	0	0	0.1214362383	0.1212892458	0.1213641688	0
2465	4.276159763	4.276159763	0	0	0.1215166524	0.1213017479	0.1214815453	0
2466	3.97476697	3.97476697	0	0	0.1214134172	0.1211982518	0.1213790327	0
2467	3.562820911	3.562820911	0	0	0.1213684082	0.1211167052	0.1213253215	0
2468	3.196903229	3.196903229	0	0	0.121381864	0.1211739928	0.1213012859	0
2469	2.85891366	2.85891366	0	0	0.1214005426	0.1212243959	0.1213222891	0
2470	2.626435041	2.626435041	0	0	0.1213456243	0.1211905256	0.1212694272	0
2471	2.461720228	2.461720228	0	0	0.1214619875	0.121336326	0.1213613376	0
2472	2.479483366	2.479483366	0	0	0.1215196177	0.1213063821	0.1214473099	0
2473	2.552723408	2.552723408	0	0	0.1214760616	0.1213029698	0.1214159504	0
2474	2.346034527	2.346034527	0	0	0.1215170696	0.1213814765	0.1213858202	0
2475	2.137222052	2.137222052	0	0	0.1214703247	0.1213223785	0.1213731542	0
2476	1.908303142	1.908303142	0	0	0.1215107217	0.1212909222	0.1214405298	0
2477	1.710943341	1.710943341	0	0	0.1214021072	0.1212772876	0.121298261	0
2478	1.787322164	1.787322164	0	0	0.1214382499	0.1213849708	0.1212979183	0
2479	1.762044787	1.762044787	0	0	0.1214844957	0.1214543581	0.1213071942	0
2480	1.818310618	1.818310618	0	0	0.1215691194	0.121438019	0.1214964837	0
2481	2.152460337	2.152460337	0	0	0.121458225	0.1213160381	0.1213622764	0
2482	2.761791945	2.761791945	0	0	0.1213424653	0.121298112	0.1211815253	0
2483	3.350429773	3.350429773	0	0	0.1214395165	0.1213549003	0.1212907508	0
2484	4.082796574	4.082796574	0	0	0.1214315742	0.1213062629	0.1213157326	0
2485	4.630568027	4.630568027	0	0	0.1213304773	0.1212834567	0.1211678311	0
2486	4.64117527	4.64117527	0	0	0.1213659421	0.1213207468	0.1211969033	0
2487	4.609160423	4.609160423	0	0	0.1214409992	0.121439293	0.1212457344	0
2488	4.866308689	4.866308689	0	0	0.1214450374	0.1213650107	0.121351555	0
2489	4.939902782	4.939902782	0	0	0.121405609	0.1212680712	0.1213145629	0
2490	4.860129356	4.860129356	0	0	0.1213676408	0.12129388	0.1212683171	0
2491	4.688796043	4.688796043	0	0	0.1214648932	0.1213632673	0.1213557944	0
2492	4.31774044	4.31774044	0	0	0.1214680299	0.1213295534	0.1213844642	0
2493	4.037192822	4.037192822	0	0	0.1213578656	0.1211607903	0.1213036776	0
2494	3.72085166	3.72085166	0	0	0.1213687584	0.1211788803	0.1213230565	0
2495	3.547302008	3.547302008	0	0	0.1214102879	0.121255286	0.121334292	0
2496	3.50369072	3.50369072	0	0	0.1213567033	0.1211313233	0.1213182807	0
2497	3.441214323	3.441214323	0	0	0.1214199662	0.1212038547	0.1213964969	0
2498	3.061258793	3.061258793	0	0	0.1214571819	0.1213431805	0.1213573292	0
2499	2.700662374	2.700662374	0	0	0.1215456873	0.1213836521	0.1214608178	0
2500	2.475106001	2.475106001	0	0	0.1215326414	0.121385254	0.1214516833	0
2501	2.254811525	2.254811525	0	0	0.1214700118	0.1212964207	0.1214062423	0
2502	2.134619474	2.134619474	0	0	0.121497497	0.1213634163	0.1214120537	0
2503	2.044218779	2.044218779	0	0	0.121534653	0.1214355752	0.1214390174	0
2504	2.074183464	2.074183464	0	0	0.1215093583	0.1212432012	0.1214856729	0
2505	2.389093637	2.389093637	0	0	0.1213984564	0.121205382	0.1213675663	0
2506	3.023136616	3.023136616	0	0	0.1213886216	0.121310465	0.1212166548	0
2507	3.514821768	3.514821768	0	0	0.1214504838	0.1214004308	0.1212669984	0
2508	4.06579113	4.06579113	0	0	0.121469751	0.1213655472	0.1213638335	0
2509	4.485318661	4.485318661	0	0	0.1213732585	0.1213481501	0.1211629733	0
2510	4.638813019	4.638813019	0	0	0.1213822737	0.1213250607	0.121209994	0
2511	4.710996151	4.710996151	0	0	0.1214471385	0.1213776022	0.1213090569	0
2512	4.754734516	4.754734516	0	0	0.1213592291	0.1212977171	0.1212401465	0
2513	4.772133827	4.772133827	0	0	0.1214771271	0.1212981418	0.1214426756	0
2514	4.777667999	4.777667999	0	0	0.1214062795	0.1212952062	0.1213202998	0
2515	4.592915058	4.592915058	0	0	0.1214126796	0.1213116869	0.1213030145	0
2516	4.264668941	4.264668941	0	0	0.1214560866	0.1212934181	0.1214056015	0
2517	3.832041502	3.832041502	0	0	0.121380277	0.1212253347	0.1212994084	0
2518	3.425070047	3.425070047	0	0	0.121346198	0.1212071106	0.1212742329	0
2519	3.097627878	3.097627878	0	0	0.1214750335	0.1212681606	0.1214385107	0
2520	3.005796194	3.005796194	0	0	0.1213957593	0.1211535707	0.1213594899	0
2521	2.995027065	2.995027065	0	0	0.1214131638	0.1211804524	0.1214123294	0
2522	2.698898077	2.698898077	0	0	0.1214511991	0.1213217005	0.1213638708	0
2523	2.361872435	2.361872435	0	0	0.1215059757	0.1213926151	0.1213852316	0
2524	2.144274473	2.144274473	0	0	0.1215064973	0.1213587001	0.1214324832	0
2525	1.959836006	1.959836006	0	0	0.1215230227	0.1214276925	0.1214155927	0
2526	1.785021901	1.785021901	0	0	0.1214559823	0.1214215085	0.1213024631	0
2527	1.640225053	1.640225053	0	0	0.1215366796	0.1214716211	0.1214335486	0
2528	1.592054605	1.592054605	0	0	0.1215013713	0.1213177964	0.121418871	0
2529	1.796660066	1.796660066	0	0	0.1214110032	0.1212488785	0.1213521361	0
2530	2.347443104	2.347443104	0	0	0.1213860065	0.1213266477	0.1212359145	0
2531	2.918783903	2.918783903	0	0	0.1214070842	0.1214219928	0.1212055534	0
2532	3.562441111	3.562441111	0	0	0.1214721873	0.1214285269	0.1213068515	0
2533	4.010182381	4.010182381	0	0	0.1213361695	0.1213607043	0.1211231798	0
2534	4.205168247	4.205168247	0	0	0.1213883162	0.1214520335	0.1211381331	0
2535	4.305849075	4.305849075	0	0	0.1214779988	0.1214446574	0.1213268861	0
2536	4.408323765	4.408323765	0	0	0.1214422956	0.1214210391	0.1212729067	0
2537	4.425039768	4.425039768	0	0	0.1214905307	0.121397309	0.1213699728	0
2538	4.301218987	4.301218987	0	0	0.1213946119	0.1213813275	0.121236071	0
2539	4.113721371	4.113721371	0	0	0.1214232966	0.1213742569	0.1212652773	0
2540	3.738533258	3.738533258	0	0	0.1213580966	0.1212386042	0.1212552711	0
2541	3.40599227	3.40599227	0	0	0.1213056594	0.121178396	0.1212238669	0
2542	3.146355867	3.146355867	0	0	0.1213732436	0.1212934703	0.1212517023	0
2543	2.904846191	2.904846191	0	0	0.121451661	0.1213014126	0.1213772669	0
2544	2.809202194	2.809202194	0	0	0.1214182526	0.121254757	0.1213285327	0
2545	2.768717051	2.768717051	0	0	0.1214074939	0.12125545	0.1213057786	0
2546	2.526008844	2.526008844	0	0	0.1215188578	0.1214360818	0.1213781461	0
2547	2.256984472	2.256984472	0	0	0.1215321347	0.1214227453	0.1214021444	0
2548	1.992194891	1.992194891	0	0	0.121424377	0.1213146821	0.1212931201	0
2549	1.8264817	1.8264817	0	0	0.1214222461	0.1213713959	0.1212533936	0
2550	1.548197031	1.548197031	0	0	0.1214460656	0.1214373931	0.1212762743	0
2551	1.296447992	1.296447992	0	0	0.1214810982	0.1214096695	0.1213921458	0
2552	1.207609415	1.207609415	0	0	0.1214736104	0.1213342026	0.1213697717	0
2553	1.368881345	1.368881345	0	0	0.1213997975	0.1213098541	0.1212752089	0
2554	1.827197433	1.827197433	0	0	0.1214253902	0.121446535	0.1212059259	0
2555	2.438869476	2.438869476	0	0	0.1214522868	0.1214575693	0.1212698072	0
2556	3.00404954	3.00404954	0	0	0.1214241758	0.12137454	0.1212523431	0
2557	3.187903881	3.187903881	0	0	0.1213037893	0.1213240474	0.12108282	0
2558	3.443315029	3.443315029	0	0	0.1214432716	0.1214349046	0.1212422177	0
2559	3.691708803	3.691708803	0	0	0.1213935986	0.1213898808	0.1212372929	0
2560	3.722279787	3.722279787	0	0	0.121451892	0.1213591769	0.1213278845	0
2561	3.66773057	3.66773057	0	0	0.1214425191	0.1213813648	0.1212869659	0
2562	3.472727537	3.472727537	0	0	0.1214206442	0.1214167401	0.1212650687	0
2563	3.173619986	3.173619986	0	0	0.1214751154	0.1213933975	0.1213563532	0
2564	2.782958984	2.782958984	0	0	0.121389553	0.1212815568	0.1212945804	0
2565	2.42574501	2.42574501	0	0	0.1213648245	0.1212387905	0.1212939471	0
2566	2.144027233	2.144027233	0	0	0.1214122623	0.121328935	0.1212976128	0
2567	1.983780622	1.983780622	0	0	0.1214137822	0.1212327033	0.1213543266	0
2568	2.056067705	2.056067705	0	0	0.1214043424	0.1212137938	0.1213210002	0
2569	2.244447231	2.244447231	0	0	0.1214726567	0.1213652939	0.1213426068	0
2570	2.117166996	2.117166996	0	0	0.1215642542	0.1215301007	0.1213978156	0
2571	1.897988439	1.897988439	0	0	0.1215048879	0.1215063259	0.1213408262	0
2572	1.747508764	1.747508764	0	0	0.1215180606	0.1214722395	0.1213636175	0
2573	1.607848883	1.607848883	0	0	0.1214658618	0.1214674115	0.1212838367	0
2574	1.456065893	1.456065893	0	0	0.1214472204	0.1214286238	0.121316947	0
2575	1.348112822	1.348112822	0	0	0.1214944348	0.121411629	0.1214000508	0
2576	1.327061415	1.327061415	0	0	0.121468164	0.1213357672	0.1213508099	0
2577	1.510540605	1.510540605	0	0	0.1214345545	0.1213218197	0.1213231459	0
2578	1.983029008	1.983029008	0	0	0.1214030758	0.1214407161	0.1211483106	0
2579	2.636833429	2.636833429	0	0	0.1214461699	0.1215589866	0.1211703867	0
2580	3.194356441	3.194356441	0	0	0.1215612292	0.1215711981	0.1213681027	0
2581	3.716911316	3.716911316	0	0	0.1213160381	0.1214094311	0.121058628	0
2582	3.906492472	3.906492472	0	0	0.1214145273	0.1214966998	0.1211550385	0
2583	3.874236822	3.874236822	0	0	0.1214668974	0.1214992255	0.1212549955	0
2584	3.696361065	3.696361065	0	0	0.1214694977	0.1214560941	0.1212823987	0
2585	3.542195082	3.542195082	0	0	0.1214580014	0.1214436293	0.1212543622	0
2586	3.267892122	3.267892122	0	0	0.1214774847	0.1215239093	0.1212498099	0
2587	2.88995409	2.88995409	0	0	0.121442996	0.1215053946	0.1212060302	0
2588	2.466829538	2.466829538	0	0	0.1214023158	0.1213986054	0.1212554052	0
2589	2.009629726	2.009629726	0	0	0.121371828	0.1213321909	0.1212351099	0
2590	1.732462168	1.732462168	0	0	0.1213248372	0.1212594584	0.121223025	0
2591	1.556341887	1.556341887	0	0	0.1214720756	0.1213624477	0.1213797405	0
2592	1.596027136	1.596027136	0	0	0.1214667708	0.1213290319	0.1213564202	0
2593	1.781242967	1.781242967	0	0	0.1214787588	0.1214393899	0.1212882921	0
2594	1.91118753	1.91118753	0	0	0.1215665713	0.1216007918	0.121310778	0
2595	1.91843605	1.91843605	0	0	0.1215253621	0.1216212511	0.1212376878	0
2596	1.796186447	1.796186447	0	0	0.1214967743	0.1215102151	0.1213119626	0
2597	1.628063202	1.628063202	0	0	0.1214134097	0.1213864461	0.121240221	0
2598	1.359065771	1.359065771	0	0	0.1213593483	0.1214221567	0.1211483106	0
2599	1.072239876	1.072239876	0	0	0.1214653477	0.1215450093	0.1212506071	0
2600	0.8842779994	0.8842779994	0	0	0.1214851812	0.1214162037	0.1213730648	0
2601	0.941527009	0.941527009	0	0	0.1213958263	0.1213224158	0.1212713048	0
2602	1.315321207	1.315321207	0	0	0.1213952824	0.1213509962	0.1212487146	0
2603	1.762512326	1.762512326	0	0	0.1214871332	0.1214946583	0.1212650388	0
2604	2.276945591	2.276945591	0	0	0.1214478537	0.121434629	0.1212741137	0
2605	2.902030945	2.902030945	0	0	0.1214523837	0.1213990077	0.1213051081	0
2606	3.150254011	3.150254011	0	0	0.1213773936	0.1214748546	0.1210774779	0
2607	3.268327475	3.268327475	0	0	0.1214394495	0.1215494499	0.1211561412	0
2608	3.268748522	3.268748522	0	0	0.1214739233	0.1214694232	0.1213188991	0
2609	3.17002821	3.17002821	0	0	0.1214405373	0.121374689	0.1212787703	0
2610	2.926143646	2.926143646	0	0	0.1214415878	0.1212907881	0.1213792935	0
2611	2.622126102	2.622126102	0	0	0.1215174422	0.1213759556	0.1214296371	0
2612	2.275496244	2.275496244	0	0	0.1214522943	0.1213244051	0.1213824525	0
2613	1.97716713	1.97716713	0	0	0.1214462742	0.1212851852	0.1213984266	0
2614	1.788094878	1.788094878	0	0	0.1213618889	0.1213280633	0.1211800426	0
2615	1.686085463	1.686085463	0	0	0.1214731783	0.121414341	0.1213372126	0
2616	1.786810756	1.786810756	0	0	0.1214483604	0.1213237122	0.1213861853	0
2617	2.092901707	2.092901707	0	0	0.1214691252	0.121375002	0.1213497519	0
2618	2.208418369	2.208418369	0	0	0.1214980334	0.1213995963	0.1213753968	0
2619	2.230173349	2.230173349	0	0	0.121515803	0.1214510873	0.1214214787	0
2620	2.237651587	2.237651587	0	0	0.1215669289	0.1214259192	0.1214883924	0
2621	2.122357368	2.122357368	0	0	0.1215160042	0.1214224771	0.1214028597	0
2622	1.920501351	1.920501351	0	0	0.1214936972	0.1215090081	0.1212783903	0
2623	1.63536191	1.63536191	0	0	0.1215504408	0.121571362	0.121359095	0
2624	1.363397837	1.363397837	0	0	0.1215097755	0.1213804334	0.1214636117	0
2625	1.209587693	1.209587693	0	0	0.1214621589	0.121279791	0.1214053854	0
2626	1.349802017	1.349802017	0	0	0.1214037761	0.1212927774	0.1212863103	0
2627	1.613334417	1.613334417	0	0	0.1215888932	0.1214857027	0.1214726344	0
2628	2.097962856	2.097962856	0	0	0.121613875	0.1214545816	0.1215509921	0
2629	2.742966175	2.742966175	0	0	0.1214643046	0.1214114651	0.1213086173	0
2630	3.54025507	3.54025507	0	0	0.1214642674	0.1214936823	0.1212032661	0
2631	4.031731606	4.031731606	0	0	0.1215308756	0.1216044873	0.1212894917	0
2632	4.136410236	4.136410236	0	0	0.121495828	0.1215203777	0.121323213	0
2633	4.058661938	4.058661938	0	0	0.1216065735	0.1215417832	0.1214740649	0
2634	3.837829828	3.837829828	0	0	0.1214962974	0.1213883907	0.1214018241	0
2635	3.476602316	3.476602316	0	0	0.1215290278	0.1214011982	0.1214478016	0
2636	3.002624989	3.002624989	0	0	0.1216001436	0.1213934422	0.1215409189	0
2637	2.533240795	2.533240795	0	0	0.1214410886	0.1212627664	0.1214015856	0
2638	2.101183653	2.101183653	0	0	0.121414125	0.1212559417	0.1213659272	0
2639	1.835986257	1.835986257	0	0	0.1214591637	0.1213284135	0.1213278621	0
2640	1.867824316	1.867824316	0	0	0.1214917526	0.1213637441	0.12138208	0
2641	1.906019211	1.906019211	0	0	0.121587202	0.1214543432	0.1214883775	0
2642	1.755172133	1.755172133	0	0	0.121485658	0.1214609966	0.1213298514	0
2643	1.549669027	1.549669027	0	0	0.1215463802	0.1215378568	0.1213314459	0
2644	1.347882867	1.347882867	0	0	0.1216635108	0.121587418	0.1215212196	0
2645	1.194969177	1.194969177	0	0	0.1215664074	0.1214189157	0.121507667	0
2646	1.07792747	1.07792747	0	0	0.1214780435	0.1213645861	0.1214000732	0
2647	0.9808043242	0.9808043242	0	0	0.1214612946	0.121441111	0.1212436631	0
2648	0.9981076121	0.9981076121	0	0	0.1215408519	0.1214360371	0.1214146689	0
2649	1.254016161	1.254016161	0	0	0.1214839146	0.1213335469	0.1214006469	0
2650	1.75138855	1.75138855	0	0	0.1213994995	0.1213787571	0.1212139577	0
2651	2.257180691	2.257180691	0	0	0.1215029135	0.1215554029	0.1212262437	0
2652	2.775760889	2.775760889	0	0	0.1215264723	0.121600613	0.1213082597	0
2653	3.160440683	3.160440683	0	0	0.1215865836	0.1215910688	0.1213982254	0
2654	3.285650492	3.285650492	0	0	0.1214883924	0.1215171367	0.121249713	0
2655	3.232542038	3.232542038	0	0	0.1214392334	0.1215372756	0.1211442724	0
2656	3.09436059	3.09436059	0	0	0.1214986369	0.121617198	0.1211951375	0
2657	2.906834841	2.906834841	0	0	0.1215074211	0.121528089	0.1213117018	0
2658	2.677352428	2.677352428	0	0	0.1214823872	0.1214698404	0.1213007197	0
2659	2.364961386	2.364961386	0	0	0.1214290112	0.121511817	0.1211796999	0
2660	2.013957739	2.013957739	0	0	0.1213996261	0.1214985028	0.1211944446	0
2661	1.676176071	1.676176071	0	0	0.121437557	0.121412158	0.1212935671	0
2662	1.455899954	1.455899954	0	0	0.1214045659	0.1213229746	0.1212736741	0
2663	1.376304626	1.376304626	0	0	0.1214781404	0.121399112	0.1213400885	0
2664	1.507647634	1.507647634	0	0	0.1215145662	0.1214788705	0.1213477924	0
2665	1.540246725	1.540246725	0	0	0.1215429455	0.121496968	0.1213846207	0
2666	1.445762992	1.445762992	0	0	0.1215537116	0.1215922758	0.1212965101	0
2667	1.377389908	1.377389908	0	0	0.1214501932	0.1215912178	0.1211401597	0
2668	1.387227774	1.387227774	0	0	0.1214360818	0.1215497404	0.1211714298	0
2669	1.455016494	1.455016494	0	0	0.1214012355	0.1215040088	0.1211456507	0
2670	1.586106181	1.586106181	0	0	0.1214109585	0.1214904785	0.1211655587	0
2671	1.793494582	1.793494582	0	0	0.1214688197	0.1215467304	0.1212287918	0
2672	2.089725018	2.089725018	0	0	0.1214734986	0.1214428619	0.1213275045	0
2673	2.457498312	2.457498312	0	0	0.1214331463	0.1214434952	0.1212049127	0
2674	2.924552441	2.924552441	0	0	0.1214352921	0.1215657815	0.121108748	0
2675	3.304762125	3.304762125	0	0	0.1214847043	0.1215896234	0.1211853176	0
2676	3.633612394	3.633612394	0	0	0.1214224324	0.1215283796	0.1211502478	0
2677	3.874245405	3.874245405	0	0	0.1213703379	0.1214568838	0.1210827455	0
2678	3.931616068	3.931616068	0	0	0.1213184744	0.1214410886	0.1210087016	0
2679	3.682482481	3.682482481	0	0	0.1214011908	0.12145257	0.1211837903	0
2680	3.279759884	3.279759884	0	0	0.1213636547	0.1214244291	0.1211028472	0
2681	2.883406401	2.883406401	0	0	0.1214086935	0.1215082482	0.1210964844	0
2682	2.591178656	2.591178656	0	0	0.121405758	0.1215350255	0.1210926771	0
2683	2.231230497	2.231230497	0	0	0.1214019209	0.1215233803	0.1211164519	0
2684	1.838017583	1.838017583	0	0	0.1213669255	0.1214387268	0.1211629659	0
2685	1.476346254	1.476346254	0	0	0.1213382408	0.1213040277	0.1212036237	0
2686	1.220044494	1.220044494	0	0	0.1213323325	0.12128333	0.1212138161	0
2687	1.122914672	1.122914672	0	0	0.1214083657	0.1213371605	0.1213070005	0
2688	1.237146258	1.237146258	0	0	0.1214373037	0.1213756204	0.1213036925	0
2689	1.284799814	1.284799814	0	0	0.1215418726	0.1215632781	0.1212831885	0
2690	1.204043508	1.204043508	0	0	0.1215142757	0.1216456443	0.1211461648	0
2691	1.143466949	1.143466949	0	0	0.1214384437	0.1216007844	0.1211117879	0
2692	1.11900866	1.11900866	0	0	0.1214471012	0.1215554699	0.1211684123	0
2693	1.174957275	1.174957275	0	0	0.121408172	0.1214709952	0.1211939827	0
2694	1.286615372	1.286615372	0	0	0.121466808	0.1215361506	0.1212401837	0
2695	1.460352778	1.460352778	0	0	0.1214398742	0.1215101406	0.121235542	0
2696	1.715374827	1.715374827	0	0	0.1214045957	0.1214141473	0.1212351546	0
2697	2.092608213	2.092608213	0	0	0.1214067936	0.1214091107	0.1211892441	0
2698	2.529160023	2.529160023	0	0	0.1214323565	0.1215618923	0.1210937873	0
2699	2.840070248	2.840070248	0	0	0.121396482	0.1215636358	0.121091947	0
2700	3.146843433	3.146843433	0	0	0.121424064	0.1215287074	0.1211553812	0
2701	3.293625593	3.293625593	0	0	0.1213541254	0.1214597374	0.1210695431	0
2702	3.220916986	3.220916986	0	0	0.121379666	0.1214488968	0.1211072803	0
2703	2.948295116	2.948295116	0	0	0.1213391572	0.121449329	0.1210730076	0
2704	2.608651876	2.608651876	0	0	0.1213919297	0.1214789078	0.1211320162	0
2705	2.283969879	2.283969879	0	0	0.1214344725	0.12152531	0.1211595312	0
2706	2.033387899	2.033387899	0	0	0.1214458793	0.121546641	0.1211701483	0
2707	1.740386248	1.740386248	0	0	0.1213235185	0.121469669	0.1210653707	0
2708	1.41530931	1.41530931	0	0	0.1213640571	0.1214477494	0.1211533919	0
2709	1.131032705	1.131032705	0	0	0.1213421449	0.1213563681	0.1211637929	0
2710	0.9459930062	0.9459930062	0	0	0.1213802695	0.1213406399	0.1212561801	0
2711	0.8849419355	0.8849419355	0	0	0.121397011	0.1213842705	0.1212489754	0
2712	1.010690331	1.010690331	0	0	0.1213988885	0.1214232519	0.1212248653	0
2713	1.154708266	1.154708266	0	0	0.1215506196	0.1215877384	0.1213018671	0
2714	1.108778	1.108778	0	0	0.1214743927	0.1216254383	0.1211504117	0
2715	1.01411593	1.01411593	0	0	0.1214561388	0.1216119304	0.1211288422	0
2716	0.8732651472	0.8732651472	0	0	0.1214020699	0.1215329319	0.1211323217	0
2717	0.7709460258	0.7709460258	0	0	0.1214308068	0.1215307042	0.1211731285	0
2718	0.589697659	0.589697659	0	0	0.1214073226	0.1215207353	0.1211478114	0
2719	0.6062707901	0.6062707901	0	0	0.121464543	0.1215270385	0.1212518588	0
2720	0.8854476213	0.8854476213	0	0	0.1214079708	0.1214516759	0.1212079003	0
2721	1.402654052	1.402654052	0	0	0.1214203686	0.121423617	0.1212631017	0
2722	1.834830999	1.834830999	0	0	0.1214948669	0.1216361672	0.1211564913	0
2723	2.040008783	2.040008783	0	0	0.1214440018	0.1216238812	0.121129863	0
2724	2.301136017	2.301136017	0	0	0.1214854568	0.1215952188	0.1212171689	0
2725	2.252160788	2.252160788	0	0	0.1213566735	0.1215110272	0.1210402697	0
2726	2.273977757	2.273977757	0	0	0.1214093938	0.1215116307	0.1211255416	0
2727	2.339350462	2.339350462	0	0	0.1214254051	0.121514298	0.1212082952	0
2728	2.249910831	2.249910831	0	0	0.1214381978	0.1214212552	0.1212717444	0
2729	2.058022022	2.058022022	0	0	0.121420987	0.1214084998	0.1212653592	0
2730	1.787705541	1.787705541	0	0	0.1214825511	0.1214290261	0.1213649735	0
2731	1.503860712	1.503860712	0	0	0.1214247495	0.1214861646	0.1212001294	0
2732	1.228763819	1.228763819	0	0	0.1214277372	0.1214581355	0.1212770715	0
2733	1.021494508	1.021494508	0	0	0.1213984638	0.1214327216	0.1212279052	0
2734	0.9032930136	0.9032930136	0	0	0.1213850603	0.1213690564	0.1212306246	0
2735	0.8890936971	0.8890936971	0	0	0.1215270683	0.1214703396	0.1213921234	0
2736	1.041413426	1.041413426	0	0	0.121511206	0.1215187311	0.1213500649	0
2737	1.363700867	1.363700867	0	0	0.1215479523	0.1215313226	0.1213678569	0
2738	1.590373039	1.590373039	0	0	0.1215529442	0.1216339096	0.1212564185	0
2739	1.747145295	1.747145295	0	0	0.121536538	0.121661149	0.1212163419	0
2740	1.888696671	1.888696671	0	0	0.1214476898	0.1215630323	0.1212004572	0
2741	1.942705154	1.942705154	0	0	0.1214392781	0.1215477139	0.1211683825	0
2742	1.963395	1.963395	0	0	0.1214475036	0.1215724871	0.1211794764	0
2743	1.97192347	1.97192347	0	0	0.1214988306	0.1216195747	0.1212608889	0
2744	2.08943367	2.08943367	0	0	0.1214003786	0.1214246377	0.1212698296	0
2745	2.246484756	2.246484756	0	0	0.121515885	0.1214492545	0.1214108616	0
2746	2.452842236	2.452842236	0	0	0.1214588434	0.1214355007	0.1213143542	0
2747	2.724291086	2.724291086	0	0	0.1215335131	0.1215206385	0.1213488653	0
2748	3.102334261	3.102334261	0	0	0.121542491	0.1214847937	0.1214157492	0
2749	3.464201689	3.464201689	0	0	0.121431224	0.1214705929	0.1212229729	0
2750	3.761906862	3.761906862	0	0	0.1214479059	0.1214884892	0.1212179437	0
2751	3.89612627	3.89612627	0	0	0.1214361712	0.1214497238	0.1212710664	0
2752	3.857543945	3.857543945	0	0	0.1214007661	0.1212431937	0.1213628575	0
2753	3.664387226	3.664387226	0	0	0.1214448884	0.1211814433	0.1214437708	0
2754	3.299234152	3.299234152	0	0	0.1215215474	0.1212984845	0.1214494929	0
2755	2.842531204	2.842531204	0	0	0.1215378866	0.1213668138	0.1214242652	0
2756	2.334188461	2.334188461	0	0	0.1215395406	0.1213886514	0.1214688495	0
2757	1.874463201	1.874463201	0	0	0.1213824227	0.1212410256	0.1213153973	0
2758	1.509414077	1.509414077	0	0	0.121449545	0.1212833077	0.1213791743	0
2759	1.306455374	1.306455374	0	0	0.1215206906	0.1213808805	0.1214275584	0
2760	1.308068991	1.308068991	0	0	0.1215420365	0.1213850528	0.1214652807	0
2761	1.495635986	1.495635986	0	0	0.1215722635	0.1214252487	0.1214708462	0
2762	1.619691253	1.619691253	0	0	0.1215668097	0.1215352267	0.1213561743	0
2763	1.627067566	1.627067566	0	0	0.1215679049	0.1215757057	0.1213442162	0
2764	1.629395366	1.629395366	0	0	0.1215514466	0.12155056	0.1213893965	0
2765	1.507794499	1.507794499	0	0	0.1215507388	0.1215070114	0.1213879511	0
2766	1.313663244	1.313663244	0	0	0.1215367839	0.1215260103	0.1213801578	0
2767	1.133062959	1.133062959	0	0	0.1215421036	0.1215721443	0.1213912517	0
2768	1.021770835	1.021770835	0	0	0.1214978471	0.1213445514	0.1214352846	0
2769	1.006683707	1.006683707	0	0	0.1213731095	0.1211721376	0.1213257909	0
2770	1.149468064	1.149468064	0	0	0.1214326844	0.1212998778	0.1213087663	0
2771	1.421558619	1.421558619	0	0	0.1215012223	0.121490851	0.1212972552	0
2772	1.887512207	1.887512207	0	0	0.1216126829	0.1214846745	0.1215604544	0
2773	2.329931974	2.329931974	0	0	0.1215259209	0.1214760616	0.1213782653	0
2774	2.67224741	2.67224741	0	0	0.1215051487	0.1215643361	0.1212726906	0
2775	2.87935853	2.87935853	0	0	0.1215512156	0.1216058582	0.1213824376	0
2776	2.878699541	2.878699541	0	0	0.1215358526	0.1215165332	0.1213916093	0
2777	2.713699579	2.713699579	0	0	0.1214859411	0.1213790774	0.1213980243	0
2778	2.418046474	2.418046474	0	0	0.1215663478	0.1214199513	0.1214826033	0
2779	2.07239151	2.07239151	0	0	0.1214787737	0.1213924214	0.1213611588	0
2780	1.686549306	1.686549306	0	0	0.1215675026	0.1214088202	0.1214983985	0
2781	1.354668498	1.354668498	0	0	0.1215170845	0.1213749498	0.1214308888	0
2782	1.117571115	1.117571115	0	0	0.1215139851	0.1214170828	0.121410571	0
2783	1.011404634	1.011404634	0	0	0.1215102747	0.1214487106	0.1214025468	0
2784	1.14979744	1.14979744	0	0	0.1214894727	0.1214712262	0.1213251501	0
2785	1.460321784	1.460321784	0	0	0.1214856878	0.1214993075	0.1212681532	0
2786	1.474795938	1.474795938	0	0	0.1215242669	0.1215728149	0.1212921739	0
2787	1.452025771	1.452025771	0	0	0.1214998811	0.121565856	0.1212719232	0
2788	1.466916323	1.466916323	0	0	0.1215296984	0.121516034	0.1213816777	0
2789	1.500439286	1.500439286	0	0	0.1214986518	0.1215140671	0.1213037893	0
2790	1.52455771	1.52455771	0	0	0.121515274	0.1215588003	0.1213095188	0
2791	1.5259794	1.5259794	0	0	0.1215328947	0.1216332093	0.1212901399	0
2792	1.660632133	1.660632133	0	0	0.1214646623	0.121451892	0.1212809607	0
2793	2.008969784	2.008969784	0	0	0.1214061454	0.1213378087	0.121280551	0
2794	2.507055521	2.507055521	0	0	0.1215108708	0.1215378046	0.121256493	0
2795	2.842249393	2.842249393	0	0	0.12154603	0.1216322333	0.1212780401	0
2796	3.079632998	3.079632998	0	0	0.1215708181	0.1216097549	0.1213740483	0
2797	3.195052862	3.195052862	0	0	0.1214068905	0.1215102077	0.1211606711	0
2798	3.133053303	3.133053303	0	0	0.1214802489	0.121546492	0.121219635	0
2799	2.982743502	2.982743502	0	0	0.1214396432	0.1215701178	0.1211624965	0
2800	2.780546904	2.780546904	0	0	0.1214461774	0.1215239018	0.1212101206	0
2801	2.523988724	2.523988724	0	0	0.1214567423	0.1215182617	0.1212025359	0
2802	2.265444517	2.265444517	0	0	0.1214957312	0.1215775758	0.1212045625	0
2803	1.982168436	1.982168436	0	0	0.1214321703	0.1215457395	0.1211626604	0
2804	1.661922455	1.661922455	0	0	0.1214162931	0.1214800552	0.1212369874	0
2805	1.366814733	1.366814733	0	0	0.1214177236	0.1214031428	0.1212630793	0
2806	1.149323344	1.149323344	0	0	0.1214873269	0.1214227676	0.1213495359	0
2807	1.053417206	1.053417206	0	0	0.1214901432	0.1214806512	0.1213145778	0
2808	1.100277305	1.100277305	0	0	0.1214826331	0.1214951351	0.1212792769	0
2809	1.334610343	1.334610343	0	0	0.1215051636	0.1215655282	0.1212257147	0
2810	1.496137619	1.496137619	0	0	0.121494472	0.1216566637	0.1210930198	0
2811	1.52646935	1.52646935	0	0	0.1214464754	0.121635139	0.1210803017	0
2812	1.540564179	1.540564179	0	0	0.1214238033	0.1215616092	0.1211595163	0
2813	1.527762055	1.527762055	0	0	0.1214222386	0.1215143353	0.1211654618	0
2814	1.487730622	1.487730622	0	0	0.1214263961	0.1215482727	0.1211548522	0
2815	1.503184557	1.503184557	0	0	0.1214170828	0.1215990558	0.1211055294	0
2816	1.61899972	1.61899972	0	0	0.1214026734	0.1214471608	0.1212266311	0
2817	1.75563705	1.75563705	0	0	0.1213726625	0.1213716045	0.121197395	0
2818	2.000492334	2.000492334	0	0	0.1214306504	0.1214670613	0.121193774	0
2819	2.318994761	2.318994761	0	0	0.1214507967	0.121580109	0.1211201772	0
2820	2.704504728	2.704504728	0	0	0.1215765923	0.1216068715	0.121395573	0
2821	3.083293915	3.083293915	0	0	0.1214838028	0.1215457991	0.1212466583	0
2822	3.321430683	3.321430683	0	0	0.1213313118	0.121457696	0.1210225597	0
2823	3.395155191	3.395155191	0	0	0.121409215	0.1214661524	0.1211812049	0
2824	3.293596983	3.293596983	0	0	0.1213635877	0.1212696284	0.1212678552	0
2825	3.038208008	3.038208008	0	0	0.1213692427	0.1211408153	0.1213282719	0
2826	2.660092592	2.660092592	0	0	0.1214841455	0.1213314608	0.1213613823	0
2827	2.234949827	2.234949827	0	0	0.121466361	0.1213732958	0.1213375777	0
2828	1.812106848	1.812106848	0	0	0.1214342937	0.1213911101	0.1213166863	0
2829	1.452105403	1.452105403	0	0	0.1214089021	0.121322915	0.1212976053	0
2830	1.219077826	1.219077826	0	0	0.1213858053	0.1212643161	0.1212641522	0
2831	1.103286028	1.103286028	0	0	0.1215171441	0.1214197502	0.1213833019	0
2832	1.131923318	1.131923318	0	0	0.1215519458	0.1214857548	0.1213904619	0
2833	1.335300684	1.335300684	0	0	0.1215074658	0.1214633733	0.1213283017	0
2834	1.574761271	1.574761271	0	0	0.1215118244	0.1215245798	0.1212502718	0
2835	1.721784949	1.721784949	0	0	0.1214574054	0.1215281337	0.121201776	0
2836	1.851125717	1.851125717	0	0	0.1214952618	0.1215142086	0.1213365123	0
2837	1.947066903	1.947066903	0	0	0.1215496808	0.1214950904	0.1213979721	0
2838	1.989929199	1.989929199	0	0	0.1214698926	0.121522598	0.1212405637	0
2839	1.956428409	1.956428409	0	0	0.121532023	0.1216541603	0.1212900504	0
2840	1.961546659	1.961546659	0	0	0.1214459911	0.1214777753	0.1212383136	0
2841	2.048086643	2.048086643	0	0	0.1213908941	0.1212949082	0.121288456	0
2842	2.201159	2.201159	0	0	0.1214299351	0.1213208586	0.1212986261	0
2843	2.367675304	2.367675304	0	0	0.1214267612	0.1213433295	0.1212859899	0
2844	2.676538229	2.676538229	0	0	0.1215599999	0.1214513257	0.1214635596	0
2845	3.033871889	3.033871889	0	0	0.121507667	0.1213728115	0.1214224175	0
2846	3.30185318	3.30185318	0	0	0.1213812679	0.1213447377	0.1211930364	0
2847	3.415061951	3.415061951	0	0	0.1214326695	0.1214395165	0.1212166473	0
2848	3.338932753	3.338932753	0	0	0.1214954779	0.121343255	0.1214202046	0
2849	3.095926523	3.095926523	0	0	0.1214416698	0.1211929843	0.1214203984	0
2850	2.717481375	2.717481375	0	0	0.1214523315	0.1212423965	0.1213715896	0
2851	2.301822186	2.301822186	0	0	0.1214803904	0.1213195771	0.1213505045	0
2852	1.855963111	1.855963111	0	0	0.1215111688	0.1213526502	0.1214521304	0
2853	1.465667129	1.465667129	0	0	0.1215307489	0.1213600188	0.1214663014	0
2854	1.18530488	1.18530488	0	0	0.1214074492	0.1212794185	0.1213216856	0
2855	1.045797229	1.045797229	0	0	0.1215580106	0.1214348599	0.1214433908	0
2856	1.088026404	1.088026404	0	0	0.1215522289	0.1214994788	0.121419169	0
2857	1.329652071	1.329652071	0	0	0.1214762107	0.1214363202	0.1213196665	0
2858	1.555248141	1.555248141	0	0	0.121472992	0.1215031818	0.1212464944	0
2859	1.716669083	1.716669083	0	0	0.1214631796	0.1215451211	0.121176064	0
2860	1.899619341	1.899619341	0	0	0.1215038076	0.1215428114	0.1213084906	0
2861	2.00600934	2.00600934	0	0	0.121556513	0.1215305552	0.1214039996	0
2862	2.068178654	2.068178654	0	0	0.1214776114	0.1215131283	0.1212780252	0
2863	2.074402332	2.074402332	0	0	0.1215527654	0.1216397211	0.1213356629	0
2864	2.115011454	2.115011454	0	0	0.1214688048	0.1214637607	0.1213259101	0
2865	2.268645287	2.268645287	0	0	0.1213716641	0.1212071031	0.1213094592	0
2866	2.469530106	2.469530106	0	0	0.1213919967	0.1212791875	0.121282205	0
2867	2.708194256	2.708194256	0	0	0.1215275005	0.1214644387	0.1213504821	0
2868	3.077598572	3.077598572	0	0	0.1216021404	0.1214639619	0.1215102896	0
2869	3.490424395	3.490424395	0	0	0.1214949265	0.121390827	0.1213853732	0
2870	3.791505575	3.791505575	0	0	0.1214304492	0.1213936061	0.1212567016	0
2871	3.915557384	3.915557384	0	0	0.1215350032	0.1215014532	0.121363163	0
2872	3.861946106	3.861946106	0	0	0.1213935614	0.1212548763	0.1213479862	0
