sample	stable_mse	final_mse	gain	mapping_gate	shape_gate	scale_gate	shift_gate	pattern_entropy
0	1.235894203	1.235894203	0	0	0	0	0	4.116794586
1	1.244757771	1.244757771	0	0	0	0	0	4.114434242
2	1.240901947	1.240901947	0	0	0	0	0	4.116797924
3	1.244262218	1.244262218	0	0	0	0	0	4.116798878
4	1.247002959	1.247002959	0	0	0	0	0	4.116801739
5	1.250319362	1.250319362	0	0	0	0	0	4.116797924
6	1.251747847	1.251747847	0	0	0	0	0	4.116800308
7	1.252283931	1.252283931	0	0	0	0	0	4.116802216
8	1.249117851	1.249117851	0	0	0	0	0	4.116801739
9	1.245812416	1.245812416	0	0	0	0	0	4.116795063
10	1.241892338	1.241892338	0	0	0	0	0	4.116800785
11	1.243923783	1.243923783	0	0	0	0	0	4.116802216
12	1.245136619	1.245136619	0	0	0	0	0	4.11680603
13	1.279226422	1.279226422	0	0	0	0	0	4.116800308
14	1.315003753	1.315003753	0	0	0	0	0	4.116799831
15	1.316084743	1.316084743	0	0	0	0	0	4.116802216
16	1.313758612	1.313758612	0	0	0	0	0	4.116801262
17	1.31598413	1.31598413	0	0	0	0	0	4.11473608
18	1.309438944	1.309438944	0	0	0	0	0	4.116799355
19	1.308884263	1.308884263	0	0	0	0	0	4.116800785
20	1.30840826	1.30840826	0	0	0	0	0	4.116805077
21	1.308719635	1.308719635	0	0	0	0	0	4.116799831
22	1.310388684	1.310388684	0	0	0	0	0	4.116798401
23	1.310951233	1.310951233	0	0	0	0	0	4.11674881
24	1.308921576	1.308921576	0	0	0	0	0	4.116799355
25	1.317929029	1.317929029	0	0	0	0	0	4.114638329
26	1.312966943	1.312966943	0	0	0	0	0	4.116586685
27	1.312971115	1.312971115	0	0	0	0	0	4.116797924
28	1.313712835	1.313712835	0	0	0	0	0	4.116797924
29	1.314352632	1.314352632	0	0	0	0	0	4.116798401
30	1.31312108	1.31312108	0	0	0	0	0	4.116799831
31	1.309895992	1.309895992	0	0	0	0	0	4.116816044
32	1.306511641	1.306511641	0	0	0	0	0	4.1168046
33	1.300030231	1.300030231	0	0	0	0	0	4.116806984
34	1.276437879	1.276437879	0	0	0	0	0	4.11673975
35	1.232809901	1.232809901	0	0	0	0	0	4.116801262
36	1.163738966	1.163738966	0	0	0	0	0	4.116803169
37	1.102940083	1.102940083	0	0	0	0	0	4.116799355
38	1.044903517	1.044903517	0	0	0	0	0	4.116800785
39	1.056569934	1.056569934	0	0	0	0	0	4.116808891
40	1.049820542	1.049820542	0	0	0	0	0	4.11680603
41	1.0583781	1.0583781	0	0	0	0	0	4.114589214
42	1.053532958	1.053532958	0	0	0	0	0	4.116799831
43	1.054523706	1.054523706	0	0	0	0	0	4.116797924
44	1.055959105	1.055959105	0	0	0	0	0	4.116803169
45	1.057733178	1.057733178	0	0	0	0	0	4.116799355
46	1.059146881	1.059146881	0	0	0	0	0	4.116800308
47	1.05871892	1.05871892	0	0	0	0	0	4.116818905
48	1.05697	1.05697	0	0	0	0	0	4.116802692
49	1.057959199	1.057959199	0	0	0	0	0	4.116191387
50	1.053262591	1.053262591	0	0	0	0	0	4.116802216
51	1.055049658	1.055049658	0	0	0	0	0	4.116797447
52	1.054910779	1.054910779	0	0	0	0	0	4.116798401
53	1.05435586	1.05435586	0	0	0	0	0	4.11679697
54	1.05664587	1.05664587	0	0	0	0	0	4.116799355
55	1.057525754	1.057525754	0	0	0	0	0	4.116808414
56	1.05822432	1.05822432	0	0	0	0	0	4.116800785
57	1.062579632	1.062579632	0	0	0	0	0	4.116804123
58	1.088446259	1.088446259	0	0	0	0	0	4.114506245
59	1.118397474	1.118397474	0	0	0	0	0	4.116155148
60	1.138381362	1.138381362	0	0	0	0	0	4.114660263
61	1.146857858	1.146857858	0	0	0	0	0	4.116798401
62	1.184333205	1.184333205	0	0	0	0	0	4.116799355
63	1.202960372	1.202960372	0	0	0	0	0	4.116806984
64	1.206611514	1.206611514	0	0	0	0	0	4.116798401
65	1.211911917	1.211911917	0	0	0	0	0	4.114542484
66	1.20770359	1.20770359	0	0	0	0	0	4.116364479
67	1.20645237	1.20645237	0	0	0	0	0	4.116797924
68	1.207166076	1.207166076	0	0	0	0	0	4.11679697
69	1.208485603	1.208485603	0	0	0	0	0	4.116798401
70	1.208233595	1.208233595	0	0	0	0	0	4.116801262
71	1.208268881	1.208268881	0	0	0	0	0	4.116810322
72	1.202663183	1.202663183	0	0	0	0	0	4.114951134
73	1.196586013	1.196586013	0	0	0	0	0	4.116800785
74	1.194655418	1.194655418	0	0	0	0	0	4.116802216
75	1.194540977	1.194540977	0	0	0	0	0	4.116797924
76	1.195150256	1.195150256	0	0	0	0	0	4.116797447
77	1.19378221	1.19378221	0	0	0	0	0	4.116800785
78	1.19794333	1.19794333	0	0	0	0	0	4.116801262
79	1.198180556	1.198180556	0	0	0	0	0	4.116803169
80	1.19905889	1.19905889	0	0	0	0	0	4.114377022
81	1.196921706	1.196921706	0	0	0	0	0	4.116771698
82	1.184071898	1.184071898	0	0	0	0	0	4.114452839
83	1.157721162	1.157721162	0	0	0	0	0	4.115656376
84	1.121455908	1.121455908	0	0	0	0	0	4.116793156
85	1.098376632	1.098376632	0	0	0	0	0	4.116798401
86	1.062121272	1.062121272	0	0	0	0	0	4.116801739
87	1.059102416	1.059102416	0	0	0	0	0	4.1168046
88	1.049632192	1.049632192	0	0	0	0	0	4.116769791
89	1.052699089	1.052699089	0	0	0	0	0	4.114840031
90	1.056527972	1.056527972	0	0	0	0	0	4.114437103
91	1.054680705	1.054680705	0	0	0	0	0	4.11679697
92	1.059332371	1.059332371	0	0	0	0	0	4.116798878
93	1.064815283	1.064815283	0	0	0	0	0	4.116800308
94	1.069942117	1.069942117	0	0	0	0	0	4.116801262
95	1.07394433	1.07394433	0	0	0	0	0	4.116799355
96	1.076169372	1.076169372	0	0	0	0	0	4.114436626
97	1.073839664	1.073839664	0	0	0	0	0	4.116788387
98	1.078590035	1.078590035	0	0	0	0	0	4.115901947
99	1.074673653	1.074673653	0	0	0	0	0	4.11679697
100	1.074662924	1.074662924	0	0	0	0	0	4.11679697
101	1.074400187	1.074400187	0	0	0	0	0	4.116798401
102	1.075615287	1.075615287	0	0	0	0	0	4.116799355
103	1.07524991	1.07524991	0	0	0	0	0	4.116799355
104	1.075252295	1.075252295	0	0	0	0	0	4.11460638
105	1.072313547	1.072313547	0	0	0	0	0	4.116800308
106	1.071515441	1.071515441	0	0	0	0	0	4.116800785
107	1.065653563	1.065653563	0	0	0	0	0	4.116768837
108	1.06434238	1.06434238	0	0	0	0	0	4.115078449
109	1.05439806	1.05439806	0	0	0	0	0	4.116797447
110	1.04295671	1.04295671	0	0	0	0	0	4.116799355
111	1.034975171	1.034975171	0	0	0	0	0	4.116799355
112	1.03562367	1.03562367	0	0	0	0	0	4.116797447
113	1.042316079	1.042316079	0	0	0	0	0	4.114887238
114	1.038499832	1.038499832	0	0	0	0	0	4.116292477
115	1.035410047	1.035410047	0	0	0	0	0	4.116797447
116	1.034827948	1.034827948	0	0	0	0	0	4.116724491
117	1.035038233	1.035038233	0	0	0	0	0	4.116799355
118	1.033447862	1.033447862	0	0	0	0	0	4.116800785
119	1.031361103	1.031361103	0	0	0	0	0	4.116584301
120	1.027644873	1.027644873	0	0	0	0	0	4.114302158
121	1.021860719	1.021860719	0	0	0	0	0	4.116609097
122	1.019833922	1.019833922	0	0	0	0	0	4.11641264
123	1.014003754	1.014003754	0	0	0	0	0	4.116797447
124	1.009322405	1.009322405	0	0	0	0	0	4.116797924
125	1.006523371	1.006523371	0	0	0	0	0	4.116799355
126	1.005377054	1.005377054	0	0	0	0	0	4.116801262
127	1.002971172	1.002971172	0	0	0	0	0	4.116800785
128	0.9987985492	0.9987985492	0	0	0	0	0	4.114593029
129	0.998354435	0.998354435	0	0	0	0	0	4.115550518
130	1.017426252	1.017426252	0	0	0	0	0	4.116800785
131	1.067665219	1.067665219	0	0	0	0	0	4.115597725
132	1.131908774	1.131908774	0	0	0	0	0	4.114367008
133	1.178901434	1.178901434	0	0	0	0	0	4.116798401
134	1.219491243	1.219491243	0	0	0	0	0	4.116797924
135	1.240128398	1.240128398	0	0	0	0	0	4.116796017
136	1.239350557	1.239350557	0	0	0	0	0	4.116285801
137	1.237539887	1.237539887	0	0	0	0	0	4.116676331
138	1.234359264	1.234359264	0	0	0	0	0	4.116802216
139	1.23253417	1.23253417	0	0	0	0	0	4.116796017
140	1.231294155	1.231294155	0	0	0	0	0	4.116798878
141	1.23000896	1.23000896	0	0	0	0	0	4.116797447
142	1.229214549	1.229214549	0	0	0	0	0	4.116799355
143	1.227567911	1.227567911	0	0	0	0	0	4.114738464
144	1.227782369	1.227782369	0	0	0	0	0	4.114398003
145	1.228971958	1.228971958	0	0	0	0	0	4.116801262
146	1.232876301	1.232876301	0	0	0	0	0	4.116803169
147	1.23098588	1.23098588	0	0	0	0	0	4.11679697
148	1.232193947	1.232193947	0	0	0	0	0	4.116797924
149	1.23430717	1.23430717	0	0	0	0	0	4.116797447
150	1.233417511	1.233417511	0	0	0	0	0	4.116800308
151	1.23227334	1.23227334	0	0	0	0	0	4.116803169
152	1.229398489	1.229398489	0	0	0	0	0	4.116616249
153	1.223166227	1.223166227	0	0	0	0	0	4.116808891
154	1.207708955	1.207708955	0	0	0	0	0	4.11680603
155	1.185238838	1.185238838	0	0	0	0	0	4.116800308
156	1.180540919	1.180540919	0	0	0	0	0	4.114707947
157	1.147722721	1.147722721	0	0	0	0	0	4.116800308
158	1.108951449	1.108951449	0	0	0	0	0	4.116800308
159	1.071671605	1.071671605	0	0	0	0	0	4.116802692
160	1.056958318	1.056958318	0	0	0	0	0	4.116808414
161	1.054606438	1.054606438	0	0	0	0	0	4.115918636
162	1.051528335	1.051528335	0	0	0	0	0	4.1168046
163	1.051853776	1.051853776	0	0	0	0	0	4.116798878
164	1.052793384	1.052793384	0	0	0	0	0	4.116801262
165	1.053229332	1.053229332	0	0	0	0	0	4.116799355
166	1.054675221	1.054675221	0	0	0	0	0	4.116802692
167	1.054672837	1.054672837	0	0	0	0	0	4.116808891
168	1.052873015	1.052873015	0	0	0	0	0	4.115411758
169	1.048780918	1.048780918	0	0	0	0	0	4.116802216
170	1.046752214	1.046752214	0	0	0	0	0	4.1168046
171	1.045075655	1.045075655	0	0	0	0	0	4.116799355
172	1.043665528	1.043665528	0	0	0	0	0	4.116801262
173	1.041922927	1.041922927	0	0	0	0	0	4.116800785
174	1.040070176	1.040070176	0	0	0	0	0	4.116805077
175	1.037345529	1.037345529	0	0	0	0	0	4.116808414
176	1.034528255	1.034528255	0	0	0	0	0	4.11681366
177	1.040954351	1.040954351	0	0	0	0	0	4.116811275
178	1.06464994	1.06464994	0	0	0	0	0	4.11681366
179	1.105549812	1.105549812	0	0	0	0	0	4.116812706
180	1.153943896	1.153943896	0	0	0	0	0	4.116810799
181	1.213231087	1.213231087	0	0	0	0	0	4.116808891
182	1.267658591	1.267658591	0	0	0	0	0	4.116809368
183	1.305998564	1.305998564	0	0	0	0	0	4.116836071
184	1.326624393	1.326624393	0	0	0	0	0	4.116824627
185	1.329149485	1.329149485	0	0	0	0	0	4.116817951
186	1.324877858	1.324877858	0	0	0	0	0	4.116818428
187	1.321854353	1.321854353	0	0	0	0	0	4.116816044
188	1.31953609	1.31953609	0	0	0	0	0	4.116814613
189	1.316901207	1.316901207	0	0	0	0	0	4.116819382
190	1.314204097	1.314204097	0	0	0	0	0	4.116834164
191	1.311597586	1.311597586	0	0	0	0	0	4.116947174
192	1.307816625	1.307816625	0	0	0	0	0	4.116863251
193	1.305531263	1.305531263	0	0	0	0	0	4.116815567
194	1.305651903	1.305651903	0	0	0	0	0	4.116816044
195	1.305738211	1.305738211	0	0	0	0	0	4.116809845
196	1.3064363	1.3064363	0	0	0	0	0	4.11680603
197	1.310110092	1.310110092	0	0	0	0	0	4.116812229
198	1.311797738	1.311797738	0	0	0	0	0	4.116818905
199	1.310363173	1.310363173	0	0	0	0	0	4.116840363
200	1.309418321	1.309418321	0	0	0	0	0	4.116863251
201	1.312619567	1.312619567	0	0	0	0	0	4.116820335
202	1.316497087	1.316497087	0	0	0	0	0	4.116814613
203	1.335134625	1.335134625	0	0	0	0	0	4.116803646
204	1.354556799	1.354556799	0	0	0	0	0	4.1168046
205	1.3732692	1.3732692	0	0	0	0	0	4.11681509
206	1.392135262	1.392135262	0	0	0	0	0	4.116818428
207	1.408270597	1.408270597	0	0	0	0	0	4.116839886
208	1.412085891	1.412085891	0	0	0	0	0	4.116867065
209	1.410730958	1.410730958	0	0	0	0	0	4.116816998
210	1.412860632	1.412860632	0	0	0	0	0	4.116808891
211	1.414755344	1.414755344	0	0	0	0	0	4.116803169
212	1.416797519	1.416797519	0	0	0	0	0	4.116807461
213	1.419300199	1.419300199	0	0	0	0	0	4.116818428
214	1.420717478	1.420717478	0	0	0	0	0	4.116818905
215	1.421427727	1.421427727	0	0	0	0	0	4.116827488
216	1.422143817	1.422143817	0	0	0	0	0	4.116832256
217	1.422204375	1.422204375	0	0	0	0	0	4.116815567
218	1.426048517	1.426048517	0	0	0	0	0	4.116816998
219	1.429928184	1.429928184	0	0	0	0	0	4.116808891
220	1.433021784	1.433021784	0	0	0	0	0	4.116810322
221	1.439388275	1.439388275	0	0	0	0	0	4.116827965
222	1.444283485	1.444283485	0	0	0	0	0	4.116819859
223	1.445355535	1.445355535	0	0	0	0	0	4.116836071
224	1.445647597	1.445647597	0	0	0	0	0	4.116915226
225	1.443446159	1.443446159	0	0	0	0	0	4.116819859
226	1.44235909	1.44235909	0	0	0	0	0	4.116813183
227	1.413549185	1.413549185	0	0	0	0	0	4.116805077
228	1.409890175	1.409890175	0	0	0	0	0	4.116807938
229	1.417168617	1.417168617	0	0	0	0	0	4.116831303
230	1.397096038	1.397096038	0	0	0	0	0	4.116827965
231	1.393868923	1.393868923	0	0	0	0	0	4.116827011
232	1.37643683	1.37643683	0	0	0	0	0	4.116860867
233	1.371206045	1.371206045	0	0	0	0	0	4.116812229
234	1.372284889	1.372284889	0	0	0	0	0	4.116810322
235	1.376461983	1.376461983	0	0	0	0	0	4.116808414
236	1.380651951	1.380651951	0	0	0	0	0	4.116819382
237	1.384554029	1.384554029	0	0	0	0	0	4.116835594
238	1.385071158	1.385071158	0	0	0	0	0	4.116837025
239	1.384557962	1.384557962	0	0	0	0	0	4.116828918
240	1.38068068	1.38068068	0	0	0	0	0	4.116827965
241	1.3788414	1.3788414	0	0	0	0	0	4.116808414
242	1.375769019	1.375769019	0	0	0	0	0	4.116816998
243	1.377360225	1.377360225	0	0	0	0	0	4.116808414
244	1.377854705	1.377854705	0	0	0	0	0	4.116805077
245	1.380691886	1.380691886	0	0	0	0	0	4.116819382
246	1.382906914	1.382906914	0	0	0	0	0	4.116818905
247	1.382695317	1.382695317	0	0	0	0	0	4.116841316
248	1.379738212	1.379738212	0	0	0	0	0	4.116866112
249	1.38900435	1.38900435	0	0	0	0	0	4.116814613
250	1.376899838	1.376899838	0	0	0	0	0	4.116815567
251	1.357617855	1.357617855	0	0	0	0	0	4.11681366
252	1.335753322	1.335753322	0	0	0	0	0	4.116811275
253	1.314585924	1.314585924	0	0	0	0	0	4.116817474
254	1.300356269	1.300356269	0	0	0	0	0	4.116835594
255	1.297064424	1.297064424	0	0	0	0	0	4.116819859
256	1.309461355	1.309461355	0	0	0	0	0	4.116834641
257	1.309926867	1.309926867	0	0	0	0	0	4.116811752
258	1.307650447	1.307650447	0	0	0	0	0	4.116817474
259	1.307265997	1.307265997	0	0	0	0	0	4.116812229
260	1.308409333	1.308409333	0	0	0	0	0	4.116805077
261	1.310213447	1.310213447	0	0	0	0	0	4.1168046
262	1.308885217	1.308885217	0	0	0	0	0	4.11681509
263	1.3072052	1.3072052	0	0	0	0	0	4.116818428
264	1.3071208	1.3071208	0	0	0	0	0	4.116826057
265	1.30709374	1.30709374	0	0	0	0	0	4.116808414
266	1.308060765	1.308060765	0	0	0	0	0	4.116810799
267	1.311208248	1.311208248	0	0	0	0	0	4.116805553
268	1.312566996	1.312566996	0	0	0	0	0	4.116803646
269	1.31507659	1.31507659	0	0	0	0	0	4.116803646
270	1.314355731	1.314355731	0	0	0	0	0	4.116817474
271	1.312129259	1.312129259	0	0	0	0	0	4.116816521
272	1.30832994	1.30832994	0	0	0	0	0	4.116811752
273	1.297863007	1.297863007	0	0	0	0	0	4.116808414
274	1.281135321	1.281135321	0	0	0	0	0	4.116808414
275	1.259551525	1.259551525	0	0	0	0	0	4.116803646
276	1.238384604	1.238384604	0	0	0	0	0	4.11680603
277	1.212642908	1.212642908	0	0	0	0	0	4.116803169
278	1.196437597	1.196437597	0	0	0	0	0	4.116806984
279	1.181075454	1.181075454	0	0	0	0	0	4.116813183
280	1.163017511	1.163017511	0	0	0	0	0	4.116814613
281	1.158210993	1.158210993	0	0	0	0	0	4.116806984
282	1.1573174	1.1573174	0	0	0	0	0	4.116803646
283	1.156936407	1.156936407	0	0	0	0	0	4.116801739
284	1.156875491	1.156875491	0	0	0	0	0	4.116803646
285	1.157150269	1.157150269	0	0	0	0	0	4.116801739
286	1.156965494	1.156965494	0	0	0	0	0	4.116806984
287	1.156116366	1.156116366	0	0	0	0	0	4.116829872
288	1.158013463	1.158013463	0	0	0	0	0	4.116801262
289	1.156520128	1.156520128	0	0	0	0	0	4.116805077
290	1.157842159	1.157842159	0	0	0	0	0	4.116806984
291	1.161637664	1.161637664	0	0	0	0	0	4.116801262
292	1.163522243	1.163522243	0	0	0	0	0	4.116803646
293	1.16513586	1.16513586	0	0	0	0	0	4.116802216
294	1.165475726	1.165475726	0	0	0	0	0	4.116809368
295	1.163878798	1.163878798	0	0	0	0	0	4.116832733
296	1.160339952	1.160339952	0	0	0	0	0	4.116823673
297	1.155290842	1.155290842	0	0	0	0	0	4.116813183
298	1.150203586	1.150203586	0	0	0	0	0	4.116810322
299	1.134377122	1.134377122	0	0	0	0	0	4.1168046
300	1.116626143	1.116626143	0	0	0	0	0	4.116808891
301	1.096056581	1.096056581	0	0	0	0	0	4.116805077
302	1.077054739	1.077054739	0	0	0	0	0	4.116814613
303	1.066023827	1.066023827	0	0	0	0	0	4.116844177
304	1.061851144	1.061851144	0	0	0	0	0	4.116828918
305	1.057304978	1.057304978	0	0	0	0	0	4.116808414
306	1.053182006	1.053182006	0	0	0	0	0	4.116809845
307	1.051633954	1.051633954	0	0	0	0	0	4.1168046
308	1.05100441	1.05100441	0	0	0	0	0	4.116809845
309	1.050462484	1.050462484	0	0	0	0	0	4.116807461
310	1.050138235	1.050138235	0	0	0	0	0	4.116825581
311	1.04976666	1.04976666	0	0	0	0	0	4.116916656
312	1.048036814	1.048036814	0	0	0	0	0	4.115201473
313	1.048739791	1.048739791	0	0	0	0	0	4.116811752
314	1.048468471	1.048468471	0	0	0	0	0	4.116814613
315	1.04752779	1.04752779	0	0	0	0	0	4.116802216
316	1.049117088	1.049117088	0	0	0	0	0	4.116805077
317	1.047416329	1.047416329	0	0	0	0	0	4.116805077
318	1.044973969	1.044973969	0	0	0	0	0	4.116809368
319	1.042174578	1.042174578	0	0	0	0	0	4.116834164
320	1.03646338	1.03646338	0	0	0	0	0	4.116832256
321	1.028092027	1.028092027	0	0	0	0	0	4.116821289
322	1.001326561	1.001326561	0	0	0	0	0	4.116822243
323	0.9818831682	0.9818831682	0	0	0	0	0	4.116803646
324	0.9323997498	0.9323997498	0	0	0	0	0	4.116807461
325	0.9148555994	0.9148555994	0	0	0	0	0	4.116805077
326	0.8848114014	0.8848114014	0	0	0	0	0	4.116811275
327	0.8477526307	0.8477526307	0	0	0	0	0	4.116825581
328	0.8404814601	0.8404814601	0	0	0	0	0	4.116818905
329	0.8404973149	0.8404973149	0	0	0	0	0	4.116810799
330	0.838660121	0.838660121	0	0	0	0	0	4.11680603
331	0.8364328742	0.8364328742	0	0	0	0	0	4.116807938
332	0.8345222473	0.8345222473	0	0	0	0	0	4.116806984
333	0.833977282	0.833977282	0	0	0	0	0	4.116805553
334	0.8342772126	0.8342772126	0	0	0	0	0	4.116822243
335	0.8342139125	0.8342139125	0	0	0	0	0	4.116864681
336	0.8351765871	0.8351765871	0	0	0	0	0	4.114693642
337	0.8367569447	0.8367569447	0	0	0	0	0	4.116821766
338	0.8375122547	0.8375122547	0	0	0	0	0	4.116818905
339	0.8400956392	0.8400956392	0	0	0	0	0	4.116803646
340	0.8415161371	0.8415161371	0	0	0	0	0	4.116806984
341	0.843747437	0.843747437	0	0	0	0	0	4.116809845
342	0.8477038145	0.8477038145	0	0	0	0	0	4.116812706
343	0.8486782908	0.8486782908	0	0	0	0	0	4.1168437
344	0.8487004638	0.8487004638	0	0	0	0	0	4.114886761
345	0.8376237154	0.8376237154	0	0	0	0	0	4.116821766
346	0.8436671495	0.8436671495	0	0	0	0	0	4.116817474
347	0.8743522167	0.8743522167	0	0	0	0	0	4.116809845
348	0.9123209715	0.9123209715	0	0	0	0	0	4.116805077
349	0.929233849	0.929233849	0	0	0	0	0	4.116814613
350	0.9451243877	0.9451243877	0	0	0	0	0	4.11683321
351	0.9406098723	0.9406098723	0	0	0	0	0	4.116877556
352	0.920769453	0.920769453	0	0	0	0	0	4.116820335
353	0.9188104272	0.9188104272	0	0	0	0	0	4.11588335
354	0.9194719195	0.9194719195	0	0	0	0	0	4.114812374
355	0.9186087847	0.9186087847	0	0	0	0	0	4.116802692
356	0.9196269512	0.9196269512	0	0	0	0	0	4.116805077
357	0.920620501	0.920620501	0	0	0	0	0	4.116811275
358	0.9220061302	0.9220061302	0	0	0	0	0	4.116832733
359	0.9227133393	0.9227133393	0	0	0	0	0	4.116865635
360	0.9189585447	0.9189585447	0	0	0	0	0	4.11447382
361	0.9193848372	0.9193848372	0	0	0	0	0	4.116777897
362	0.9196397662	0.9196397662	0	0	0	0	0	4.116815567
363	0.9229413867	0.9229413867	0	0	0	0	0	4.116805077
364	0.9263066053	0.9263066053	0	0	0	0	0	4.116803646
365	0.9284733534	0.9284733534	0	0	0	0	0	4.116808414
366	0.9305500984	0.9305500984	0	0	0	0	0	4.11680603
367	0.9297481775	0.9297481775	0	0	0	0	0	4.116817951
368	0.9264921546	0.9264921546	0	0	0	0	0	4.114371777
369	0.9248517156	0.9248517156	0	0	0	0	0	4.116813183
370	0.9164601564	0.9164601564	0	0	0	0	0	4.116811275
371	0.9066325426	0.9066325426	0	0	0	0	0	4.116793633
372	0.8918862343	0.8918862343	0	0	0	0	0	4.116805077
373	0.8736152649	0.8736152649	0	0	0	0	0	4.116801739
374	0.8440132141	0.8440132141	0	0	0	0	0	4.116805077
375	0.8255240321	0.8255240321	0	0	0	0	0	4.11681509
376	0.8165305853	0.8165305853	0	0	0	0	0	4.116806984
377	0.8119477034	0.8119477034	0	0	0	0	0	4.116784573
378	0.8112155199	0.8112155199	0	0	0	0	0	4.116802692
379	0.8127679229	0.8127679229	0	0	0	0	0	4.116807461
380	0.8145880103	0.8145880103	0	0	0	0	0	4.11680603
381	0.8165048957	0.8165048957	0	0	0	0	0	4.1168046
382	0.8171969652	0.8171969652	0	0	0	0	0	4.116805077
383	0.8144974709	0.8144974709	0	0	0	0	0	4.116816998
384	0.8076512218	0.8076512218	0	0	0	0	0	4.114398003
385	0.8064748645	0.8064748645	0	0	0	0	0	4.116806984
386	0.8038998842	0.8038998842	0	0	0	0	0	4.116803169
387	0.8044480085	0.8044480085	0	0	0	0	0	4.116802216
388	0.8085936308	0.8085936308	0	0	0	0	0	4.116805077
389	0.8083919287	0.8083919287	0	0	0	0	0	4.116805077
390	0.807477057	0.807477057	0	0	0	0	0	4.116803169
391	0.8036851287	0.8036851287	0	0	0	0	0	4.116815567
392	0.7971600294	0.7971600294	0	0	0	0	0	4.114411354
393	0.7868252993	0.7868252993	0	0	0	0	0	4.116811275
394	0.7613006234	0.7613006234	0	0	0	0	0	4.11625433
395	0.720779717	0.720779717	0	0	0	0	0	4.116803169
396	0.6728028655	0.6728028655	0	0	0	0	0	4.1168046
397	0.6177667975	0.6177667975	0	0	0	0	0	4.116801262
398	0.5666499138	0.5666499138	0	0	0	0	0	4.116802216
399	0.5264398456	0.5264398456	0	0	0	0	0	4.116812706
400	0.5017082691	0.5017082691	0	0	0	0	0	4.11680603
401	0.497115463	0.497115463	0	0	0	0	0	4.116803169
402	0.4969605803	0.4969605803	0	0	0	0	0	4.116799355
403	0.4985252917	0.4985252917	0	0	0	0	0	4.116801739
404	0.5006278753	0.5006278753	0	0	0	0	0	4.1168046
405	0.5031326413	0.5031326413	0	0	0	0	0	4.116803646
406	0.5043486357	0.5043486357	0	0	0	0	0	4.116800785
407	0.5036939979	0.5036939979	0	0	0	0	0	4.116170406
408	0.5024912953	0.5024912953	0	0	0	0	0	4.11433363
409	0.5063243508	0.5063243508	0	0	0	0	0	4.116802216
410	0.5063663721	0.5063663721	0	0	0	0	0	4.116799355
411	0.5119612813	0.5119612813	0	0	0	0	0	4.116801262
412	0.5161917806	0.5161917806	0	0	0	0	0	4.116801739
413	0.522541225	0.522541225	0	0	0	0	0	4.116803646
414	0.5231568217	0.5231568217	0	0	0	0	0	4.116799831
415	0.5243781805	0.5243781805	0	0	0	0	0	4.116808891
416	0.5280770063	0.5280770063	0	0	0	0	0	4.114477158
417	0.5256508589	0.5256508589	0	0	0	0	0	4.116806984
418	0.5283232331	0.5283232331	0	0	0	0	0	4.114841938
419	0.5273062587	0.5273062587	0	0	0	0	0	4.116014957
420	0.5253058672	0.5253058672	0	0	0	0	0	4.115330219
421	0.4902220368	0.4902220368	0	0	0	0	0	4.116800785
422	0.4900425375	0.4900425375	0	0	0	0	0	4.116804123
423	0.4921301305	0.4921301305	0	0	0	0	0	4.116801739
424	0.4918987751	0.4918987751	0	0	0	0	0	4.115462303
425	0.489554137	0.489554137	0	0	0	0	0	4.11680603
426	0.4899945557	0.4899945557	0	0	0	0	0	4.116802216
427	0.4927260876	0.4927260876	0	0	0	0	0	4.116802216
428	0.4990754426	0.4990754426	0	0	0	0	0	4.1168046
429	0.503277421	0.503277421	0	0	0	0	0	4.116801739
430	0.5049740076	0.5049740076	0	0	0	0	0	4.116801262
431	0.5044344664	0.5044344664	0	0	0	0	0	4.116808414
432	0.5032940507	0.5032940507	0	0	0	0	0	4.114310741
433	0.5004221797	0.5004221797	0	0	0	0	0	4.115489006
434	0.4987509549	0.4987509549	0	0	0	0	0	4.116639137
435	0.499632895	0.499632895	0	0	0	0	0	4.116803169
436	0.5013785362	0.5013785362	0	0	0	0	0	4.116801739
437	0.5022428036	0.5022428036	0	0	0	0	0	4.116806984
438	0.5000277162	0.5000277162	0	0	0	0	0	4.116808414
439	0.495687753	0.495687753	0	0	0	0	0	4.116812706
440	0.4904803634	0.4904803634	0	0	0	0	0	4.114324093
441	0.4846846163	0.4846846163	0	0	0	0	0	4.116798878
442	0.4827771783	0.4827771783	0	0	0	0	0	4.11659956
443	0.4722496569	0.4722496569	0	0	0	0	0	4.116550446
444	0.4592584074	0.4592584074	0	0	0	0	0	4.116799355
445	0.4814896882	0.4814896882	0	0	0	0	0	4.116803169
446	0.4907473028	0.4907473028	0	0	0	0	0	4.116804123
447	0.5041977763	0.5041977763	0	0	0	0	0	4.116823673
448	0.5119425654	0.5119425654	0	0	0	0	0	4.116499901
449	0.5112500787	0.5112500787	0	0	0	0	0	4.116808891
450	0.5108675361	0.5108675361	0	0	0	0	0	4.116802216
451	0.512057364	0.512057364	0	0	0	0	0	4.116801739
452	0.5135120153	0.5135120153	0	0	0	0	0	4.116807461
453	0.5148363113	0.5148363113	0	0	0	0	0	4.11680603
454	0.513079524	0.513079524	0	0	0	0	0	4.116814137
455	0.5113488436	0.5113488436	0	0	0	0	0	4.116891384
456	0.5084552169	0.5084552169	0	0	0	0	0	4.114400387
457	0.5057549477	0.5057549477	0	0	0	0	0	4.116816998
458	0.5055327415	0.5055327415	0	0	0	0	0	4.116808891
459	0.5028681755	0.5028681755	0	0	0	0	0	4.116803646
460	0.5046322346	0.5046322346	0	0	0	0	0	4.116806984
461	0.5075898767	0.5075898767	0	0	0	0	0	4.116811752
462	0.5091791749	0.5091791749	0	0	0	0	0	4.116816044
463	0.5137656331	0.5137656331	0	0	0	0	0	4.11684227
464	0.5146307945	0.5146307945	0	0	0	0	0	4.114379406
465	0.5128509402	0.5128509402	0	0	0	0	0	4.116822243
466	0.5108162165	0.5108162165	0	0	0	0	0	4.116807938
467	0.5055110455	0.5055110455	0	0	0	0	0	4.11680603
468	0.496609956	0.496609956	0	0	0	0	0	4.11576128
469	0.4877352118	0.4877352118	0	0	0	0	0	4.116813183
470	0.4836173654	0.4836173654	0	0	0	0	0	4.116809845
471	0.4797884226	0.4797884226	0	0	0	0	0	4.116818905
472	0.4787084162	0.4787084162	0	0	0	0	0	4.116807938
473	0.4777242541	0.4777242541	0	0	0	0	0	4.116809845
474	0.4792684019	0.4792684019	0	0	0	0	0	4.116805553
475	0.480979383	0.480979383	0	0	0	0	0	4.116802216
476	0.4827231765	0.4827231765	0	0	0	0	0	4.116808414
477	0.4853034317	0.4853034317	0	0	0	0	0	4.116814613
478	0.4859258235	0.4859258235	0	0	0	0	0	4.116817474
479	0.4873593152	0.4873593152	0	0	0	0	0	4.116831303
480	0.4852654934	0.4852654934	0	0	0	0	0	4.114406109
481	0.4825556576	0.4825556576	0	0	0	0	0	4.116814613
482	0.4805539846	0.4805539846	0	0	0	0	0	4.116810799
483	0.4816157818	0.4816157818	0	0	0	0	0	4.116803169
484	0.4789425135	0.4789425135	0	0	0	0	0	4.116806984
485	0.4801513255	0.4801513255	0	0	0	0	0	4.116808891
486	0.481266886	0.481266886	0	0	0	0	0	4.116810322
487	0.4828756452	0.4828756452	0	0	0	0	0	4.116816521
488	0.4822896421	0.4822896421	0	0	0	0	0	4.114681244
489	0.4813756347	0.4813756347	0	0	0	0	0	4.116817474
490	0.4803035855	0.4803035855	0	0	0	0	0	4.116807461
491	0.4805390537	0.4805390537	0	0	0	0	0	4.1168046
492	0.4793603122	0.4793603122	0	0	0	0	0	4.116763592
493	0.4837925732	0.4837925732	0	0	0	0	0	4.1168046
494	0.4849700034	0.4849700034	0	0	0	0	0	4.116812706
495	0.4875122607	0.4875122607	0	0	0	0	0	4.11680603
496	0.4859035909	0.4859035909	0	0	0	0	0	4.116819382
497	0.4844457209	0.4844457209	0	0	0	0	0	4.116810322
498	0.4855312109	0.4855312109	0	0	0	0	0	4.116811275
499	0.4883287847	0.4883287847	0	0	0	0	0	4.116805077
500	0.4902565479	0.4902565479	0	0	0	0	0	4.116803646
501	0.4918707311	0.4918707311	0	0	0	0	0	4.116806984
502	0.4938261509	0.4938261509	0	0	0	0	0	4.116811752
503	0.4948039353	0.4948039353	0	0	0	0	0	4.116810322
504	0.4926752746	0.4926752746	0	0	0	0	0	4.11473465
505	0.4865225852	0.4865225852	0	0	0	0	0	4.116819859
506	0.4892264903	0.4892264903	0	0	0	0	0	4.116811752
507	0.4886333048	0.4886333048	0	0	0	0	0	4.116809845
508	0.4900700748	0.4900700748	0	0	0	0	0	4.116812706
509	0.4880174994	0.4880174994	0	0	0	0	0	4.116808414
510	0.4889648855	0.4889648855	0	0	0	0	0	4.116818905
511	0.4894379675	0.4894379675	0	0	0	0	0	4.116814613
512	0.4839829803	0.4839829803	0	0	0	0	0	4.116688251
513	0.4862462878	0.4862462878	0	0	0	0	0	4.116814613
514	0.4845953584	0.4845953584	0	0	0	0	0	4.116810322
515	0.4915689826	0.4915689826	0	0	0	0	0	4.1168046
516	0.498142153	0.498142153	0	0	0	0	0	4.116802216
517	0.5016191602	0.5016191602	0	0	0	0	0	4.116803169
518	0.5128558278	0.5128558278	0	0	0	0	0	4.116811752
519	0.5226785541	0.5226785541	0	0	0	0	0	4.116803646
520	0.5305969119	0.5305969119	0	0	0	0	0	4.116813183
521	0.531993866	0.531993866	0	0	0	0	0	4.116813183
522	0.5334568024	0.5334568024	0	0	0	0	0	4.116807938
523	0.5361052752	0.5361052752	0	0	0	0	0	4.116803646
524	0.535748601	0.535748601	0	0	0	0	0	4.116805077
525	0.5377265215	0.5377265215	0	0	0	0	0	4.116803169
526	0.5397841334	0.5397841334	0	0	0	0	0	4.116810322
527	0.5424588323	0.5424588323	0	0	0	0	0	4.116803169
528	0.5368499756	0.5368499756	0	0	0	0	0	4.115181923
529	0.5335462689	0.5335462689	0	0	0	0	0	4.116825104
530	0.5342084169	0.5342084169	0	0	0	0	0	4.116814137
531	0.5347805023	0.5347805023	0	0	0	0	0	4.116816044
532	0.5366392732	0.5366392732	0	0	0	0	0	4.116815567
533	0.5393018126	0.5393018126	0	0	0	0	0	4.116806984
534	0.5416443944	0.5416443944	0	0	0	0	0	4.116826534
535	0.5443772674	0.5443772674	0	0	0	0	0	4.116813183
536	0.5447587371	0.5447587371	0	0	0	0	0	4.11682415
537	0.5465607643	0.5465607643	0	0	0	0	0	4.11682415
538	0.5449098945	0.5449098945	0	0	0	0	0	4.116811275
539	0.5419446826	0.5419446826	0	0	0	0	0	4.11681509
540	0.5287168026	0.5287168026	0	0	0	0	0	4.11680603
541	0.5059880018	0.5059880018	0	0	0	0	0	4.116801262
542	0.4905834198	0.4905834198	0	0	0	0	0	4.11680603
543	0.4791924059	0.4791924059	0	0	0	0	0	4.116806984
544	0.469635278	0.469635278	0	0	0	0	0	4.116819382
545	0.4682301879	0.4682301879	0	0	0	0	0	4.116814613
546	0.4680916965	0.4680916965	0	0	0	0	0	4.116810799
547	0.4708419144	0.4708419144	0	0	0	0	0	4.116814137
548	0.4734350741	0.4734350741	0	0	0	0	0	4.11680603
549	0.4764383435	0.4764383435	0	0	0	0	0	4.116801739
550	0.479306072	0.479306072	0	0	0	0	0	4.11680603
551	0.4823656976	0.4823656976	0	0	0	0	0	4.1168046
552	0.4843184054	0.4843184054	0	0	0	0	0	4.114381313
553	0.4865790904	0.4865790904	0	0	0	0	0	4.116812706
554	0.4882740378	0.4882740378	0	0	0	0	0	4.116811275
555	0.4948364496	0.4948364496	0	0	0	0	0	4.116807461
556	0.4986971021	0.4986971021	0	0	0	0	0	4.11680603
557	0.5021135211	0.5021135211	0	0	0	0	0	4.116803646
558	0.50455302	0.50455302	0	0	0	0	0	4.116809368
559	0.5026593208	0.5026593208	0	0	0	0	0	4.11681509
560	0.505313158	0.505313158	0	0	0	0	0	4.1168046
561	0.5084681511	0.5084681511	0	0	0	0	0	4.116823196
562	0.5084728003	0.5084728003	0	0	0	0	0	4.116827488
563	0.5130125284	0.5130125284	0	0	0	0	0	4.116838932
564	0.5165694356	0.5165694356	0	0	0	0	0	4.116820335
565	0.5517753363	0.5517753363	0	0	0	0	0	4.116811275
566	0.5554133654	0.5554133654	0	0	0	0	0	4.116818905
567	0.557657063	0.557657063	0	0	0	0	0	4.116814613
568	0.560299933	0.560299933	0	0	0	0	0	4.116837502
569	0.5601557493	0.5601557493	0	0	0	0	0	4.116837025
570	0.560326159	0.560326159	0	0	0	0	0	4.116899967
571	0.5653496981	0.5653496981	0	0	0	0	0	4.116933346
572	0.569250226	0.569250226	0	0	0	0	0	4.116832256
573	0.5733915567	0.5733915567	0	0	0	0	0	4.116833687
574	0.5761569142	0.5761569142	0	0	0	0	0	4.116840839
575	0.5780779719	0.5780779719	0	0	0	0	0	4.116826057
576	0.5783877373	0.5783877373	0	0	0	0	0	4.114795685
577	0.583514452	0.583514452	0	0	0	0	0	4.116844177
578	0.594525218	0.594525218	0	0	0	0	0	4.116868973
579	0.6003565192	0.6003565192	0	0	0	0	0	4.116929531
580	0.6072624326	0.6072624326	0	0	0	0	0	4.116909504
581	0.613338232	0.613338232	0	0	0	0	0	4.116859436
582	0.6218616962	0.6218616962	0	0	0	0	0	4.11685276
583	0.6253455877	0.6253455877	0	0	0	0	0	4.116837978
584	0.6344798207	0.6344798207	0	0	0	0	0	4.114887238
585	0.6394668818	0.6394668818	0	0	0	0	0	4.11685276
586	0.6428452134	0.6428452134	0	0	0	0	0	4.116888523
587	0.6481641531	0.6481641531	0	0	0	0	0	4.116963863
588	0.6544818878	0.6544818878	0	0	0	0	0	4.116891384
589	0.6614031792	0.6614031792	0	0	0	0	0	4.116949081
590	0.6796001196	0.6796001196	0	0	0	0	0	4.116833687
591	0.6806646585	0.6806646585	0	0	0	0	0	4.116852283
592	0.6804100275	0.6804100275	0	0	0	0	0	4.116919518
593	0.6793898344	0.6793898344	0	0	0	0	0	4.116872787
594	0.6794721484	0.6794721484	0	0	0	0	0	4.117229462
595	0.6881985068	0.6881985068	0	0	0	0	0	4.119319439
596	0.6917265058	0.6917265058	0	0	0	0	0	4.117258072
597	0.6950415373	0.6950415373	0	0	0	0	0	4.11699295
598	0.6953545809	0.6953545809	0	0	0	0	0	4.117208004
599	0.6936217546	0.6936217546	0	0	0	0	0	4.116924286
600	0.6884630919	0.6884630919	0	0	0	0	0	4.115558147
601	0.685259521	0.685259521	0	0	0	0	0	4.116909504
602	0.682087481	0.682087481	0	0	0	0	0	4.117069244
603	0.683730185	0.683730185	0	0	0	0	0	4.117106915
604	0.6859126091	0.6859126091	0	0	0	0	0	4.117003441
605	0.6915345192	0.6915345192	0	0	0	0	0	4.118821621
606	0.692260623	0.692260623	0	0	0	0	0	4.117452145
607	0.6900430322	0.6900430322	0	0	0	0	0	4.117272854
608	0.6861009002	0.6861009002	0	0	0	0	0	4.116764069
609	0.6829153299	0.6829153299	0	0	0	0	0	4.119380474
610	0.6909751892	0.6909751892	0	0	0	0	0	4.118165016
611	0.7151287794	0.7151287794	0	0	0	0	0	4.11934948
612	0.7303169966	0.7303169966	0	0	0	0	0	4.117769718
613	0.7664306164	0.7664306164	0	0	0	0	0	4.118264198
614	0.7922085524	0.7922085524	0	0	0	0	0	4.117006779
615	0.7912627459	0.7912627459	0	0	0	0	0	4.117674828
616	0.7930619121	0.7930619121	0	0	0	0	0	4.119294167
617	0.7918564677	0.7918564677	0	0	0	0	0	4.118988991
618	0.7882712483	0.7882712483	0	0	0	0	0	4.118723392
619	0.7884346843	0.7884346843	0	0	0	0	0	4.119345665
620	0.7838872075	0.7838872075	0	0	0	0	0	4.117073536
621	0.7850638032	0.7850638032	0	0	0	0	0	4.117672443
622	0.7842861414	0.7842861414	0	0	0	0	0	4.117457867
623	0.7849122286	0.7849122286	0	0	0	0	0	4.119221687
624	0.7818373442	0.7818373442	0	0	0	0	0	4.117864609
625	0.7804473042	0.7804473042	0	0	0	0	0	4.11935997
626	0.7812137604	0.7812137604	0	0	0	0	0	4.119347572
627	0.7827082872	0.7827082872	0	0	0	0	0	4.119348526
628	0.7803559303	0.7803559303	0	0	0	0	0	4.117861748
629	0.7817007899	0.7817007899	0	0	0	0	0	4.117650986
630	0.7811384797	0.7811384797	0	0	0	0	0	4.117687702
631	0.7810580134	0.7810580134	0	0	0	0	0	4.119047642
632	0.7776702642	0.7776702642	0	0	0	0	0	4.119355679
633	0.7717987895	0.7717987895	0	0	0	0	0	4.11937952
634	0.7888928652	0.7888928652	0	0	0	0	0	4.11934948
635	0.8111031651	0.8111031651	0	0	0	0	0	4.119351864
636	0.8476843238	0.8476843238	0	0	0	0	0	4.118403912
637	0.8957842588	0.8957842588	0	0	0	0	0	4.119193077
638	0.9285361767	0.9285361767	0	0	0	0	0	4.118593693
639	0.9612370729	0.9612370729	0	0	0	0	0	4.119350433
640	0.9739762545	0.9739762545	0	0	0	0	0	4.119375706
641	0.9715838432	0.9715838432	0	0	0	0	0	4.119383335
642	0.9705423713	0.9705423713	0	0	0	0	0	4.119352341
643	0.9713677764	0.9713677764	0	0	0	0	0	4.119354248
644	0.9703782201	0.9703782201	0	0	0	0	0	4.119041443
645	0.9746277928	0.9746277928	0	0	0	0	0	4.119343758
646	0.9757528901	0.9757528901	0	0	0	0	0	4.119336605
647	0.9762160778	0.9762160778	0	0	0	0	0	4.119346142
648	0.9740373492	0.9740373492	0	0	0	0	0	4.119361877
649	0.9733401537	0.9733401537	0	0	0	0	0	4.11938858
650	0.9816532135	0.9816532135	0	0	0	0	0	4.119357586
651	0.9861102104	0.9861102104	0	0	0	0	0	4.119363308
652	0.9925606251	0.9925606251	0	0	0	0	0	4.119317055
653	1.000136137	1.000136137	0	0	0	0	0	4.119359016
654	1.008910775	1.008910775	0	0	0	0	0	4.119377136
655	1.012931824	1.012931824	0	0	0	0	0	4.119356632
656	1.008305311	1.008305311	0	0	0	0	0	4.119384766
657	1.001900315	1.001900315	0	0	0	0	0	4.119432926
658	1.019243002	1.019243002	0	0	0	0	0	4.119353294
659	1.048907638	1.048907638	0	0	0	0	0	4.119353771
660	1.088038445	1.088038445	0	0	0	0	0	4.119089127
661	1.095221162	1.095221162	0	0	0	0	0	4.119349003
662	1.142291665	1.142291665	0	0	0	0	0	4.119353771
663	1.151374817	1.151374817	0	0	0	0	0	4.119349003
664	1.151386499	1.151386499	0	0	0	0	0	4.119359493
665	1.150446892	1.150446892	0	0	0	0	0	4.119358063
666	1.147895217	1.147895217	0	0	0	0	0	4.11935091
667	1.146170259	1.146170259	0	0	0	0	0	4.119354725
668	1.145518661	1.145518661	0	0	0	0	0	4.119310856
669	1.14644599	1.14644599	0	0	0	0	0	4.119345665
670	1.146326542	1.146326542	0	0	0	0	0	4.119349003
671	1.145153999	1.145153999	0	0	0	0	0	4.119345188
672	1.144658566	1.144658566	0	0	0	0	0	4.119359493
673	1.149075508	1.149075508	0	0	0	0	0	4.119380951
674	1.14996171	1.14996171	0	0	0	0	0	4.119364262
675	1.156072021	1.156072021	0	0	0	0	0	4.119361401
676	1.15802002	1.15802002	0	0	0	0	0	4.119223595
677	1.167324305	1.167324305	0	0	0	0	0	4.119351864
678	1.167228699	1.167228699	0	0	0	0	0	4.119368553
679	1.165202141	1.165202141	0	0	0	0	0	4.119355202
680	1.159112215	1.159112215	0	0	0	0	0	4.119375706
681	1.15112114	1.15112114	0	0	0	0	0	4.119367123
682	1.158519506	1.158519506	0	0	0	0	0	4.119354725
683	1.171880484	1.171880484	0	0	0	0	0	4.119351864
684	1.201473951	1.201473951	0	0	0	0	0	4.119351864
685	1.221248865	1.221248865	0	0	0	0	0	4.119351864
686	1.231180668	1.231180668	0	0	0	0	0	4.119348526
687	1.25175941	1.25175941	0	0	0	0	0	4.119343281
688	1.251321673	1.251321673	0	0	0	0	0	4.119360924
689	1.247425318	1.247425318	0	0	0	0	0	4.119357109
690	1.245222926	1.245222926	0	0	0	0	0	4.119354248
691	1.240747333	1.240747333	0	0	0	0	0	4.119351387
692	1.236286163	1.236286163	0	0	0	0	0	4.11934948
693	1.235393286	1.235393286	0	0	0	0	0	4.119350433
694	1.236284494	1.236284494	0	0	0	0	0	4.119345188
695	1.237323046	1.237323046	0	0	0	0	0	4.119344234
696	1.238640666	1.238640666	0	0	0	0	0	4.119360447
697	1.239174008	1.239174008	0	0	0	0	0	4.119362831
698	1.241844893	1.241844893	0	0	0	0	0	4.119348049
699	1.244615078	1.244615078	0	0	0	0	0	4.119353294
700	1.248387337	1.248387337	0	0	0	0	0	4.119355679
701	1.251711726	1.251711726	0	0	0	0	0	4.119353294
702	1.257959962	1.257959962	0	0	0	0	0	4.119360447
703	1.261007786	1.261007786	0	0	0	0	0	4.119349957
704	1.264258623	1.264258623	0	0	0	0	0	4.11940527
705	1.263451576	1.263451576	0	0	0	0	0	4.119359493
706	1.266772509	1.266772509	0	0	0	0	0	4.11934948
707	1.272058725	1.272058725	0	0	0	0	0	4.119351387
708	1.287157178	1.287157178	0	0	0	0	0	4.119349003
709	1.302026153	1.302026153	0	0	0	0	0	4.119350433
710	1.308946371	1.308946371	0	0	0	0	0	4.119350433
711	1.325978518	1.325978518	0	0	0	0	0	4.119352818
712	1.326978564	1.326978564	0	0	0	0	0	4.11938715
713	1.319553137	1.319553137	0	0	0	0	0	4.119351387
714	1.319469929	1.319469929	0	0	0	0	0	4.119345665
715	1.321288824	1.321288824	0	0	0	0	0	4.119349003
716	1.322446704	1.322446704	0	0	0	0	0	4.119345665
717	1.322076917	1.322076917	0	0	0	0	0	4.119345188
718	1.320886374	1.320886374	0	0	0	0	0	4.119343758
719	1.320067167	1.320067167	0	0	0	0	0	4.119345188
720	1.319311857	1.319311857	0	0	0	0	0	4.118688107
721	1.316491365	1.316491365	0	0	0	0	0	4.119349003
722	1.317872763	1.317872763	0	0	0	0	0	4.119191647
723	1.320385933	1.320385933	0	0	0	0	0	4.119349003
724	1.326275826	1.326275826	0	0	0	0	0	4.119344234
725	1.331844091	1.331844091	0	0	0	0	0	4.119343758
726	1.336021543	1.336021543	0	0	0	0	0	4.119347095
727	1.337868333	1.337868333	0	0	0	0	0	4.11935091
728	1.335489631	1.335489631	0	0	0	0	0	4.119371891
729	1.332914352	1.332914352	0	0	0	0	0	4.119347572
730	1.322701693	1.322701693	0	0	0	0	0	4.119175434
731	1.319425344	1.319425344	0	0	0	0	0	4.119348049
732	1.317770481	1.317770481	0	0	0	0	0	4.119338512
733	1.326218009	1.326218009	0	0	0	0	0	4.119334698
734	1.326750278	1.326750278	0	0	0	0	0	4.119313717
735	1.323203444	1.323203444	0	0	0	0	0	4.119347572
736	1.319488883	1.319488883	0	0	0	0	0	4.119360447
737	1.31520462	1.31520462	0	0	0	0	0	4.119271755
738	1.312564015	1.312564015	0	0	0	0	0	4.118453026
739	1.314974189	1.314974189	0	0	0	0	0	4.119328499
740	1.317211151	1.317211151	0	0	0	0	0	4.119330883
741	1.315361977	1.315361977	0	0	0	0	0	4.11933279
742	1.313715577	1.313715577	0	0	0	0	0	4.119342327
743	1.3094697	1.3094697	0	0	0	0	0	4.119344711
744	1.30292213	1.30292213	0	0	0	0	0	4.118317604
745	1.2955302	1.2955302	0	0	0	0	0	4.119206905
746	1.284242511	1.284242511	0	0	0	0	0	4.11764431
747	1.280550957	1.280550957	0	0	0	0	0	4.117706299
748	1.275348902	1.275348902	0	0	0	0	0	4.11933136
749	1.270387411	1.270387411	0	0	0	0	0	4.118863583
750	1.263558149	1.263558149	0	0	0	0	0	4.11913681
751	1.258602262	1.258602262	0	0	0	0	0	4.11935091
752	1.253532171	1.253532171	0	0	0	0	0	4.119078636
753	1.24611938	1.24611938	0	0	0	0	0	4.119345665
754	1.224196672	1.224196672	0	0	0	0	0	4.118632317
755	1.19431901	1.19431901	0	0	0	0	0	4.119216919
756	1.156255245	1.156255245	0	0	0	0	0	4.118888855
757	1.124566436	1.124566436	0	0	0	0	0	4.1191535
758	1.080237985	1.080237985	0	0	0	0	0	4.119338989
759	1.070680022	1.070680022	0	0	0	0	0	4.119348526
760	1.069514275	1.069514275	0	0	0	0	0	4.119337082
761	1.063179493	1.063179493	0	0	0	0	0	4.119190216
762	1.060152292	1.060152292	0	0	0	0	0	4.117527962
763	1.061918139	1.061918139	0	0	0	0	0	4.118937492
764	1.06206584	1.06206584	0	0	0	0	0	4.118093491
765	1.061832786	1.061832786	0	0	0	0	0	4.118947983
766	1.062088728	1.062088728	0	0	0	0	0	4.119318962
767	1.059993505	1.059993505	0	0	0	0	0	4.119341373
768	1.052710056	1.052710056	0	0	0	0	0	4.118567467
769	1.035540819	1.035540819	0	0	0	0	0	4.119307995
770	1.021665096	1.021665096	0	0	0	0	0	4.118206978
771	1.013006449	1.013006449	0	0	0	0	0	4.118044376
772	1.010988116	1.010988116	0	0	0	0	0	4.117853642
773	1.005703211	1.005703211	0	0	0	0	0	4.11826086
774	1.004967809	1.004967809	0	0	0	0	0	4.119317055
775	1.004515767	1.004515767	0	0	0	0	0	4.119345665
776	0.9955393672	0.9955393672	0	0	0	0	0	4.118376732
777	0.9931896925	0.9931896925	0	0	0	0	0	4.11868763
778	0.9842621088	0.9842621088	0	0	0	0	0	4.117313862
779	0.9735161662	0.9735161662	0	0	0	0	0	4.11744976
780	0.9477179646	0.9477179646	0	0	0	0	0	4.117102146
781	0.9307447076	0.9307447076	0	0	0	0	0	4.117280483
782	0.9187084436	0.9187084436	0	0	0	0	0	4.118424416
783	0.8975902796	0.8975902796	0	0	0	0	0	4.119337082
784	0.8916190267	0.8916190267	0	0	0	0	0	4.117516518
785	0.8900995851	0.8900995851	0	0	0	0	0	4.117544174
786	0.8906492591	0.8906492591	0	0	0	0	0	4.11707449
787	0.8941252828	0.8941252828	0	0	0	0	0	4.117250443
788	0.8973784447	0.8973784447	0	0	0	0	0	4.117129326
789	0.900511086	0.900511086	0	0	0	0	0	4.117558479
790	0.9027893543	0.9027893543	0	0	0	0	0	4.119146347
791	0.9028258324	0.9028258324	0	0	0	0	0	4.119339466
792	0.8994544148	0.8994544148	0	0	0	0	0	4.118231773
793	0.8982180357	0.8982180357	0	0	0	0	0	4.11774683
794	0.896967411	0.896967411	0	0	0	0	0	4.117154598
795	0.9007104039	0.9007104039	0	0	0	0	0	4.117191792
796	0.9030348659	0.9030348659	0	0	0	0	0	4.117017269
797	0.9064343572	0.9064343572	0	0	0	0	0	4.117518425
798	0.9048203826	0.9048203826	0	0	0	0	0	4.117636681
799	0.9021595716	0.9021595716	0	0	0	0	0	4.119091034
800	0.8922970891	0.8922970891	0	0	0	0	0	4.11713171
801	0.8880838752	0.8880838752	0	0	0	0	0	4.117076874
802	0.8723014593	0.8723014593	0	0	0	0	0	4.117194176
803	0.8460772634	0.8460772634	0	0	0	0	0	4.117047787
804	0.8107478619	0.8107478619	0	0	0	0	0	4.116977692
805	0.7608935833	0.7608935833	0	0	0	0	0	4.117206097
806	0.720398128	0.720398128	0	0	0	0	0	4.117196083
807	0.6945165992	0.6945165992	0	0	0	0	0	4.119221687
808	0.6775639653	0.6775639653	0	0	0	0	0	4.116980076
809	0.6763035655	0.6763035655	0	0	0	0	0	4.116925716
810	0.6778357029	0.6778357029	0	0	0	0	0	4.117338657
811	0.6804515719	0.6804515719	0	0	0	0	0	4.117786884
812	0.6844365001	0.6844365001	0	0	0	0	0	4.11701107
813	0.6885365248	0.6885365248	0	0	0	0	0	4.118010521
814	0.6907321811	0.6907321811	0	0	0	0	0	4.118554115
815	0.691729188	0.691729188	0	0	0	0	0	4.119333744
816	0.6881203651	0.6881203651	0	0	0	0	0	4.117282391
817	0.688436389	0.688436389	0	0	0	0	0	4.117040157
818	0.6886927485	0.6886927485	0	0	0	0	0	4.117322922
819	0.6936671734	0.6936671734	0	0	0	0	0	4.117472172
820	0.6988276243	0.6988276243	0	0	0	0	0	4.117054939
821	0.7008379698	0.7008379698	0	0	0	0	0	4.117983341
822	0.7010499835	0.7010499835	0	0	0	0	0	4.118962765
823	0.6987497211	0.6987497211	0	0	0	0	0	4.119324684
824	0.6977035403	0.6977035403	0	0	0	0	0	4.117325783
825	0.6951368451	0.6951368451	0	0	0	0	0	4.117366791
826	0.6915332675	0.6915332675	0	0	0	0	0	4.117600441
827	0.6684659123	0.6684659123	0	0	0	0	0	4.117385864
828	0.6342115998	0.6342115998	0	0	0	0	0	4.117139816
829	0.6242382526	0.6242382526	0	0	0	0	0	4.118497372
830	0.6025596857	0.6025596857	0	0	0	0	0	4.119060993
831	0.586014986	0.586014986	0	0	0	0	0	4.11934042
832	0.5714846849	0.5714846849	0	0	0	0	0	4.11725235
833	0.573743999	0.573743999	0	0	0	0	0	4.117045403
834	0.5795217156	0.5795217156	0	0	0	0	0	4.117364407
835	0.5872008801	0.5872008801	0	0	0	0	0	4.118306637
836	0.5943814516	0.5943814516	0	0	0	0	0	4.117165565
837	0.602481544	0.602481544	0	0	0	0	0	4.118390083
838	0.6084265709	0.6084265709	0	0	0	0	0	4.119281769
839	0.6170973182	0.6170973182	0	0	0	0	0	4.119342804
840	0.6286797523	0.6286797523	0	0	0	0	0	4.118258476
841	0.6413958669	0.6413958669	0	0	0	0	0	4.117097855
842	0.6595132947	0.6595132947	0	0	0	0	0	4.116993427
843	0.6788901091	0.6788901091	0	0	0	0	0	4.117022514
844	0.694337666	0.694337666	0	0	0	0	0	4.117087364
845	0.7060751915	0.7060751915	0	0	0	0	0	4.117759705
846	0.7148659229	0.7148659229	0	0	0	0	0	4.117588043
847	0.7183948159	0.7183948159	0	0	0	0	0	4.117509365
848	0.7198991179	0.7198991179	0	0	0	0	0	4.117038727
849	0.7224484086	0.7224484086	0	0	0	0	0	4.116906166
850	0.7274081707	0.7274081707	0	0	0	0	0	4.116954803
851	0.7304337025	0.7304337025	0	0	0	0	0	4.117054939
852	0.7349524498	0.7349524498	0	0	0	0	0	4.117070675
853	0.740745306	0.740745306	0	0	0	0	0	4.119270325
854	0.7490294576	0.7490294576	0	0	0	0	0	4.118882179
855	0.7613863945	0.7613863945	0	0	0	0	0	4.117911816
856	0.7593843341	0.7593843341	0	0	0	0	0	4.116882801
857	0.7590616345	0.7590616345	0	0	0	0	0	4.116893768
858	0.7617359757	0.7617359757	0	0	0	0	0	4.116983891
859	0.7653664947	0.7653664947	0	0	0	0	0	4.116965771
860	0.7715988159	0.7715988159	0	0	0	0	0	4.117210865
861	0.7763640285	0.7763640285	0	0	0	0	0	4.118931293
862	0.779252708	0.779252708	0	0	0	0	0	4.119029045
863	0.7791800499	0.7791800499	0	0	0	0	0	4.117980003
864	0.776909411	0.776909411	0	0	0	0	0	4.1170187
865	0.7765687108	0.7765687108	0	0	0	0	0	4.116896152
866	0.7763730884	0.7763730884	0	0	0	0	0	4.116903305
867	0.7816190124	0.7816190124	0	0	0	0	0	4.116951942
868	0.7829152346	0.7829152346	0	0	0	0	0	4.117154598
869	0.783207655	0.783207655	0	0	0	0	0	4.117668629
870	0.7806006074	0.7806006074	0	0	0	0	0	4.117371082
871	0.7792292833	0.7792292833	0	0	0	0	0	4.117144585
872	0.7749397755	0.7749397755	0	0	0	0	0	4.116934776
873	0.7716382146	0.7716382146	0	0	0	0	0	4.116930485
874	0.7668930292	0.7668930292	0	0	0	0	0	4.116915226
875	0.7691551447	0.7691551447	0	0	0	0	0	4.117184162
876	0.7956962585	0.7956962585	0	0	0	0	0	4.11740303
877	0.8354905248	0.8354905248	0	0	0	0	0	4.118578434
878	0.8360798955	0.8360798955	0	0	0	0	0	4.119210243
879	0.8331140876	0.8331140876	0	0	0	0	0	4.117334366
880	0.831094861	0.831094861	0	0	0	0	0	4.117344856
881	0.8285672069	0.8285672069	0	0	0	0	0	4.117088318
882	0.8269371986	0.8269371986	0	0	0	0	0	4.117022038
883	0.8286699653	0.8286699653	0	0	0	0	0	4.117673874
884	0.8315339088	0.8315339088	0	0	0	0	0	4.11824131
885	0.8358256817	0.8358256817	0	0	0	0	0	4.119071007
886	0.8367409706	0.8367409706	0	0	0	0	0	4.119267464
887	0.83361274	0.83361274	0	0	0	0	0	4.117910385
888	0.8330121636	0.8330121636	0	0	0	0	0	4.117422581
889	0.8293002844	0.8293002844	0	0	0	0	0	4.117176056
890	0.8250511885	0.8250511885	0	0	0	0	0	4.117049694
891	0.8223296404	0.8223296404	0	0	0	0	0	4.117192745
892	0.8198278546	0.8198278546	0	0	0	0	0	4.117246628
893	0.8192932606	0.8192932606	0	0	0	0	0	4.117439747
894	0.8203964233	0.8203964233	0	0	0	0	0	4.118370056
895	0.8186688423	0.8186688423	0	0	0	0	0	4.117398739
896	0.8182463646	0.8182463646	0	0	0	0	0	4.117831707
897	0.8152609468	0.8152609468	0	0	0	0	0	4.117712498
898	0.8180508614	0.8180508614	0	0	0	0	0	4.117230892
899	0.8279585242	0.8279585242	0	0	0	0	0	4.118285179
900	0.8320267797	0.8320267797	0	0	0	0	0	4.118708611
901	0.8411797881	0.8411797881	0	0	0	0	0	4.118386269
902	0.8555697203	0.8555697203	0	0	0	0	0	4.119339466
903	0.8628243804	0.8628243804	0	0	0	0	0	4.119146824
904	0.8632868528	0.8632868528	0	0	0	0	0	4.11893034
905	0.8603870869	0.8603870869	0	0	0	0	0	4.118431091
906	0.8569658995	0.8569658995	0	0	0	0	0	4.11752367
907	0.8629727364	0.8629727364	0	0	0	0	0	4.119289398
908	0.8645877838	0.8645877838	0	0	0	0	0	4.119169712
909	0.8659820557	0.8659820557	0	0	0	0	0	4.119288921
910	0.8667857051	0.8667857051	0	0	0	0	0	4.119344234
911	0.8649669886	0.8649669886	0	0	0	0	0	4.119350433
912	0.8593592644	0.8593592644	0	0	0	0	0	4.119343281
913	0.8541713953	0.8541713953	0	0	0	0	0	4.118985176
914	0.8501443267	0.8501443267	0	0	0	0	0	4.117572784
915	0.8507580757	0.8507580757	0	0	0	0	0	4.118947506
916	0.8487673402	0.8487673402	0	0	0	0	0	4.119328022
917	0.8490505219	0.8490505219	0	0	0	0	0	4.119384766
918	0.8512193561	0.8512193561	0	0	0	0	0	4.119356155
919	0.8500464559	0.8500464559	0	0	0	0	0	4.118731499
920	0.8438344002	0.8438344002	0	0	0	0	0	4.119316578
921	0.8368008733	0.8368008733	0	0	0	0	0	4.118963242
922	0.8394221067	0.8394221067	0	0	0	0	0	4.118856907
923	0.8657593727	0.8657593727	0	0	0	0	0	4.119349957
924	0.8939775825	0.8939775825	0	0	0	0	0	4.119362831
925	0.8932518959	0.8932518959	0	0	0	0	0	4.119362831
926	0.9125208259	0.9125208259	0	0	0	0	0	4.119359493
927	0.9185827374	0.9185827374	0	0	0	0	0	4.119385242
928	0.9244344831	0.9244344831	0	0	0	0	0	4.119367599
929	0.9170815349	0.9170815349	0	0	0	0	0	4.119329453
930	0.9088679552	0.9088679552	0	0	0	0	0	4.11862421
931	0.9075118303	0.9075118303	0	0	0	0	0	4.119345665
932	0.9037127495	0.9037127495	0	0	0	0	0	4.119382381
933	0.9000825286	0.9000825286	0	0	0	0	0	4.119380951
934	0.8992990851	0.8992990851	0	0	0	0	0	4.119365692
935	0.8913694024	0.8913694024	0	0	0	0	0	4.119475842
936	0.8738692403	0.8738692403	0	0	0	0	0	4.119380474
937	0.8556391597	0.8556391597	0	0	0	0	0	4.119624138
938	0.838596344	0.838596344	0	0	0	0	0	4.119403362
939	0.8231483698	0.8231483698	0	0	0	0	0	4.119385242
940	0.8190832734	0.8190832734	0	0	0	0	0	4.121712685
941	0.8139410615	0.8139410615	0	0	0	0	0	4.120440483
942	0.8087294698	0.8087294698	0	0	0	0	0	4.119577885
943	0.8068701625	0.8068701625	0	0	0	0	0	4.124134064
944	0.7971665263	0.7971665263	0	0	0	0	0	4.120314598
945	0.7915068269	0.7915068269	0	0	0	0	0	4.120690346
946	0.793682754	0.793682754	0	0	0	0	0	4.119368553
947	0.8172155023	0.8172155023	0	0	0	0	0	4.119364738
948	0.8165935278	0.8165935278	0	0	0	0	0	4.119451046
949	0.8198165894	0.8198165894	0	0	0	0	0	4.119513035
950	0.8224756122	0.8224756122	0	0	0	0	0	4.119455814
951	0.8290752172	0.8290752172	0	0	0	0	0	4.119550228
952	0.823933661	0.823933661	0	0	0	0	0	4.119987011
953	0.819755733	0.819755733	0	0	0	0	0	4.119431496
954	0.8177797198	0.8177797198	0	0	0	0	0	4.119383335
955	0.8227387667	0.8227387667	0	0	0	0	0	4.119351864
956	0.8231375813	0.8231375813	0	0	0	0	0	4.119466305
957	0.8254864812	0.8254864812	0	0	0	0	0	4.119452477
958	0.8269947767	0.8269947767	0	0	0	0	0	4.119515419
959	0.8309062123	0.8309062123	0	0	0	0	0	4.12301302
960	0.8332106471	0.8332106471	0	0	0	0	0	4.124259949
961	0.8252993226	0.8252993226	0	0	0	0	0	4.120175838
962	0.8221633434	0.8221633434	0	0	0	0	0	4.119400978
963	0.8214609027	0.8214609027	0	0	0	0	0	4.119367123
964	0.829729557	0.829729557	0	0	0	0	0	4.124422073
965	0.8340541124	0.8340541124	0	0	0	0	0	4.12394619
966	0.8380942345	0.8380942345	0	0	0	0	0	4.124443054
967	0.8369963765	0.8369963765	0	0	0	0	0	4.12438345
968	0.8310213685	0.8310213685	0	0	0	0	0	4.121195316
969	0.8277619481	0.8277619481	0	0	0	0	0	4.119639397
970	0.8262079358	0.8262079358	0	0	0	0	0	4.119371414
971	0.8258807659	0.8258807659	0	0	0	0	0	4.119358063
972	0.7983354926	0.7983354926	0	0	0	0	0	4.11941433
973	0.7590073347	0.7590073347	0	0	0	0	0	4.119408607
974	0.7527139783	0.7527139783	0	0	0	0	0	4.119504452
975	0.7552681565	0.7552681565	0	0	0	0	0	4.121027946
976	0.7556537986	0.7556537986	0	0	0	0	0	4.122259617
977	0.7515473366	0.7515473366	0	0	0	0	0	4.119709969
978	0.7530097961	0.7530097961	0	0	0	0	0	4.119354725
979	0.7536619902	0.7536619902	0	0	0	0	0	4.118782997
980	0.7555351257	0.7555351257	0	0	0	0	0	4.119428158
981	0.7567636967	0.7567636967	0	0	0	0	0	4.119417667
982	0.7572079897	0.7572079897	0	0	0	0	0	4.11951828
983	0.7588526011	0.7588526011	0	0	0	0	0	4.122230053
984	0.7536742091	0.7536742091	0	0	0	0	0	4.122684479
985	0.7476872206	0.7476872206	0	0	0	0	0	4.120167732
986	0.7502906322	0.7502906322	0	0	0	0	0	4.119366646
987	0.751770854	0.751770854	0	0	0	0	0	4.118966103
988	0.7547253966	0.7547253966	0	0	0	0	0	4.119741917
989	0.757537961	0.757537961	0	0	0	0	0	4.119885921
990	0.7575745583	0.7575745583	0	0	0	0	0	4.120032787
991	0.7642824054	0.7642824054	0	0	0	0	0	4.124437332
992	0.7603129148	0.7603129148	0	0	0	0	0	4.121924877
993	0.7555024624	0.7555024624	0	0	0	0	0	4.119640827
994	0.7702850103	0.7702850103	0	0	0	0	0	4.119333744
995	0.8030695319	0.8030695319	0	0	0	0	0	4.117844582
996	0.8479153514	0.8479153514	0	0	0	0	0	4.119371414
997	0.870464623	0.870464623	0	0	0	0	0	4.11937809
998	0.8792833686	0.8792833686	0	0	0	0	0	4.119371891
999	0.8996496797	0.8996496797	0	0	0	0	0	4.119438648
1000	0.911154151	0.911154151	0	0	0	0	0	4.120725155
1001	0.9200481176	0.9200481176	0	0	0	0	0	4.119368553
1002	0.919342339	0.919342339	0	0	0	0	0	4.119333744
1003	0.9186846614	0.9186846614	0	0	0	0	0	4.119219303
1004	0.919818759	0.919818759	0	0	0	0	0	4.119351864
1005	0.9204186797	0.9204186797	0	0	0	0	0	4.119353294
1006	0.9224163294	0.9224163294	0	0	0	0	0	4.11935854
1007	0.923074007	0.923074007	0	0	0	0	0	4.119376183
1008	0.9217107892	0.9217107892	0	0	0	0	0	4.11952877
1009	0.9303304553	0.9303304553	0	0	0	0	0	4.11937952
1010	0.9402947426	0.9402947426	0	0	0	0	0	4.119350433
1011	0.9537847638	0.9537847638	0	0	0	0	0	4.118467331
1012	0.9710609913	0.9710609913	0	0	0	0	0	4.119360924
1013	0.9881186485	0.9881186485	0	0	0	0	0	4.119374752
1014	0.9966840148	0.9966840148	0	0	0	0	0	4.119451046
1015	1.006002903	1.006002903	0	0	0	0	0	4.119492054
1016	1.023320198	1.023320198	0	0	0	0	0	4.119462013
1017	1.023347378	1.023347378	0	0	0	0	0	4.119378567
1018	1.015959859	1.015959859	0	0	0	0	0	4.119339943
1019	1.009177566	1.009177566	0	0	0	0	0	4.118012428
1020	1.028487206	1.028487206	0	0	0	0	0	4.119326115
1021	1.000246286	1.000246286	0	0	0	0	0	4.11935997
1022	1.021051645	1.021051645	0	0	0	0	0	4.119368076
1023	1.038206458	1.038206458	0	0	0	0	0	4.119466782
1024	1.043587804	1.043587804	0	0	0	0	0	4.121920109
1025	1.039554	1.039554	0	0	0	0	0	4.119360924
1026	1.039839149	1.039839149	0	0	0	0	0	4.11935091
1027	1.042307496	1.042307496	0	0	0	0	0	4.11930418
1028	1.045100808	1.045100808	0	0	0	0	0	4.119347572
1029	1.046610475	1.046610475	0	0	0	0	0	4.119348526
1030	1.044674993	1.044674993	0	0	0	0	0	4.119347572
1031	1.043525457	1.043525457	0	0	0	0	0	4.119354725
1032	1.038937569	1.038937569	0	0	0	0	0	4.118971825
1033	1.036699176	1.036699176	0	0	0	0	0	4.119352818
1034	1.034264326	1.034264326	0	0	0	0	0	4.119332314
1035	1.035468459	1.035468459	0	0	0	0	0	4.118990421
1036	1.037458777	1.037458777	0	0	0	0	0	4.119345188
1037	1.036001325	1.036001325	0	0	0	0	0	4.119344711
1038	1.035945296	1.035945296	0	0	0	0	0	4.119347572
1039	1.035491347	1.035491347	0	0	0	0	0	4.119386673
1040	1.030202627	1.030202627	0	0	0	0	0	4.11935997
1041	1.025380492	1.025380492	0	0	0	0	0	4.119357109
1042	1.02828598	1.02828598	0	0	0	0	0	4.119345188
1043	1.018780708	1.018780708	0	0	0	0	0	4.119281769
1044	1.043322682	1.043322682	0	0	0	0	0	4.119342327
1045	1.084549665	1.084549665	0	0	0	0	0	4.119344234
1046	1.115720868	1.115720868	0	0	0	0	0	4.119345665
1047	1.118479013	1.118479013	0	0	0	0	0	4.11935091
1048	1.125204325	1.125204325	0	0	0	0	0	4.119356632
1049	1.123579621	1.123579621	0	0	0	0	0	4.119350433
1050	1.123608947	1.123608947	0	0	0	0	0	4.119342804
1051	1.120491028	1.120491028	0	0	0	0	0	4.119298458
1052	1.121317387	1.121317387	0	0	0	0	0	4.11934042
1053	1.122247458	1.122247458	0	0	0	0	0	4.119342804
1054	1.123229742	1.123229742	0	0	0	0	0	4.119343281
1055	1.122625232	1.122625232	0	0	0	0	0	4.119342804
1056	1.118229866	1.118229866	0	0	0	0	0	4.118761063
1057	1.140470862	1.140470862	0	0	0	0	0	4.119348049
1058	1.162451267	1.162451267	0	0	0	0	0	4.119339466
1059	1.181919694	1.181919694	0	0	0	0	0	4.119339943
1060	1.206216455	1.206216455	0	0	0	0	0	4.119333744
1061	1.226224303	1.226224303	0	0	0	0	0	4.119344234
1062	1.246764541	1.246764541	0	0	0	0	0	4.119349003
1063	1.271989584	1.271989584	0	0	0	0	0	4.11934185
1064	1.295510292	1.295510292	0	0	0	0	0	4.119355202
1065	1.297847152	1.297847152	0	0	0	0	0	4.119351387
1066	1.305464387	1.305464387	0	0	0	0	0	4.119347095
1067	1.330400109	1.330400109	0	0	0	0	0	4.119346619
1068	1.362319708	1.362319708	0	0	0	0	0	4.119343758
1069	1.406631231	1.406631231	0	0	0	0	0	4.119345188
1070	1.436850548	1.436850548	0	0	0	0	0	4.119349003
1071	1.459066868	1.459066868	0	0	0	0	0	4.119346142
1072	1.466305256	1.466305256	0	0	0	0	0	4.119362831
1073	1.462129712	1.462129712	0	0	0	0	0	4.119348526
1074	1.459548235	1.459548235	0	0	0	0	0	4.119347572
1075	1.461428761	1.461428761	0	0	0	0	0	4.119344711
1076	1.462598443	1.462598443	0	0	0	0	0	4.119319439
1077	1.461857677	1.461857677	0	0	0	0	0	4.119348049
1078	1.462061524	1.462061524	0	0	0	0	0	4.119350433
1079	1.461069465	1.461069465	0	0	0	0	0	4.119345665
1080	1.45657897	1.45657897	0	0	0	0	0	4.119330406
1081	1.460430384	1.460430384	0	0	0	0	0	4.119355202
1082	1.464255691	1.464255691	0	0	0	0	0	4.119349957
1083	1.474880457	1.474880457	0	0	0	0	0	4.119347095
1084	1.482632399	1.482632399	0	0	0	0	0	4.119343281
1085	1.489298463	1.489298463	0	0	0	0	0	4.119354725
1086	1.498198509	1.498198509	0	0	0	0	0	4.119365692
1087	1.506816268	1.506816268	0	0	0	0	0	4.119362831
1088	1.525852919	1.525852919	0	0	0	0	0	4.119400024
1089	1.530667663	1.530667663	0	0	0	0	0	4.119361877
1090	1.513443589	1.513443589	0	0	0	0	0	4.119345665
1091	1.484899044	1.484899044	0	0	0	0	0	4.119345665
1092	1.45910728	1.45910728	0	0	0	0	0	4.119344234
1093	1.462648511	1.462648511	0	0	0	0	0	4.119345188
1094	1.469053745	1.469053745	0	0	0	0	0	4.119347095
1095	1.44436264	1.44436264	0	0	0	0	0	4.119351864
1096	1.431751966	1.431751966	0	0	0	0	0	4.119372845
1097	1.417055607	1.417055607	0	0	0	0	0	4.119347095
1098	1.422189116	1.422189116	0	0	0	0	0	4.119344234
1099	1.42484498	1.42484498	0	0	0	0	0	4.119344711
1100	1.426903248	1.426903248	0	0	0	0	0	4.119343758
1101	1.428589821	1.428589821	0	0	0	0	0	4.119346142
1102	1.427746058	1.427746058	0	0	0	0	0	4.119346619
1103	1.427067995	1.427067995	0	0	0	0	0	4.119345665
1104	1.427929878	1.427929878	0	0	0	0	0	4.119352818
1105	1.420246363	1.420246363	0	0	0	0	0	4.119350433
1106	1.414085627	1.414085627	0	0	0	0	0	4.119344234
1107	1.406880021	1.406880021	0	0	0	0	0	4.119343758
1108	1.402804255	1.402804255	0	0	0	0	0	4.119338512
1109	1.395990849	1.395990849	0	0	0	0	0	4.119350433
1110	1.394037843	1.394037843	0	0	0	0	0	4.119356632
1111	1.387923121	1.387923121	0	0	0	0	0	4.119351864
1112	1.368930578	1.368930578	0	0	0	0	0	4.119386196
1113	1.364016533	1.364016533	0	0	0	0	0	4.119362831
1114	1.362167954	1.362167954	0	0	0	0	0	4.119344234
1115	1.348781347	1.348781347	0	0	0	0	0	4.119345188
1116	1.310397387	1.310397387	0	0	0	0	0	4.119337559
1117	1.303500056	1.303500056	0	0	0	0	0	4.119344711
1118	1.254411459	1.254411459	0	0	0	0	0	4.119346142
1119	1.223136306	1.223136306	0	0	0	0	0	4.119348526
1120	1.207277417	1.207277417	0	0	0	0	0	4.119382381
1121	1.205047607	1.205047607	0	0	0	0	0	4.119345665
1122	1.204900622	1.204900622	0	0	0	0	0	4.119337559
1123	1.208011627	1.208011627	0	0	0	0	0	4.119342804
1124	1.209555149	1.209555149	0	0	0	0	0	4.119340897
1125	1.211509824	1.211509824	0	0	0	0	0	4.119345665
1126	1.212935328	1.212935328	0	0	0	0	0	4.119348526
1127	1.213064671	1.213064671	0	0	0	0	0	4.119347572
1128	1.212290764	1.212290764	0	0	0	0	0	4.119359493
1129	1.215193748	1.215193748	0	0	0	0	0	4.119215488
1130	1.225533605	1.225533605	0	0	0	0	0	4.119265079
1131	1.235707402	1.235707402	0	0	0	0	0	4.119337559
1132	1.246289968	1.246289968	0	0	0	0	0	4.119331837
1133	1.260625005	1.260625005	0	0	0	0	0	4.119348526
1134	1.27383256	1.27383256	0	0	0	0	0	4.119347572
1135	1.283867002	1.283867002	0	0	0	0	0	4.119356155
1136	1.299932718	1.299932718	0	0	0	0	0	4.119327068
1137	1.301822066	1.301822066	0	0	0	0	0	4.118887901
1138	1.293628335	1.293628335	0	0	0	0	0	4.119323254
1139	1.288253307	1.288253307	0	0	0	0	0	4.119338989
1140	1.270419478	1.270419478	0	0	0	0	0	4.119342327
1141	1.231447577	1.231447577	0	0	0	0	0	4.119342804
1142	1.196803212	1.196803212	0	0	0	0	0	4.119342804
1143	1.174478292	1.174478292	0	0	0	0	0	4.119347572
1144	1.164262056	1.164262056	0	0	0	0	0	4.119365215
1145	1.163423419	1.163423419	0	0	0	0	0	4.119222164
1146	1.164548278	1.164548278	0	0	0	0	0	4.119339943
1147	1.169794321	1.169794321	0	0	0	0	0	4.119342804
1148	1.171806574	1.171806574	0	0	0	0	0	4.119344234
1149	1.173593402	1.173593402	0	0	0	0	0	4.119342327
1150	1.174042344	1.174042344	0	0	0	0	0	4.119342327
1151	1.172155499	1.172155499	0	0	0	0	0	4.119344234
1152	1.169921517	1.169921517	0	0	0	0	0	4.119346619
1153	1.143486261	1.143486261	0	0	0	0	0	4.119338512
1154	1.127481937	1.127481937	0	0	0	0	0	4.119297981
1155	1.115454674	1.115454674	0	0	0	0	0	4.119309902
1156	1.099214077	1.099214077	0	0	0	0	0	4.119338512
1157	1.084174514	1.084174514	0	0	0	0	0	4.119287491
1158	1.068116546	1.068116546	0	0	0	0	0	4.119344234
1159	1.044245005	1.044245005	0	0	0	0	0	4.11935854
1160	1.014000535	1.014000535	0	0	0	0	0	4.119359493
1161	1.00279367	1.00279367	0	0	0	0	0	4.119193077
1162	0.9938448071	0.9938448071	0	0	0	0	0	4.119143486
1163	0.9747995734	0.9747995734	0	0	0	0	0	4.119341373
1164	0.9501862526	0.9501862526	0	0	0	0	0	4.119342804
1165	0.9129080176	0.9129080176	0	0	0	0	0	4.119332314
1166	0.8883212209	0.8883212209	0	0	0	0	0	4.119334221
1167	0.8673872948	0.8673872948	0	0	0	0	0	4.119347095
1168	0.8583290577	0.8583290577	0	0	0	0	0	4.119351864
1169	0.8583074212	0.8583074212	0	0	0	0	0	4.11923933
1170	0.8579874635	0.8579874635	0	0	0	0	0	4.11896944
1171	0.8638312817	0.8638312817	0	0	0	0	0	4.119341373
1172	0.8675013781	0.8675013781	0	0	0	0	0	4.119342804
1173	0.870953083	0.870953083	0	0	0	0	0	4.11933279
1174	0.8747983575	0.8747983575	0	0	0	0	0	4.119340897
1175	0.8748909831	0.8748909831	0	0	0	0	0	4.119344711
1176	0.8738677502	0.8738677502	0	0	0	0	0	4.119345188
1177	0.8620908856	0.8620908856	0	0	0	0	0	4.119074345
1178	0.8554950953	0.8554950953	0	0	0	0	0	4.119089603
1179	0.8522257209	0.8522257209	0	0	0	0	0	4.11934042
1180	0.848447144	0.848447144	0	0	0	0	0	4.119342327
1181	0.8477015495	0.8477015495	0	0	0	0	0	4.119336605
1182	0.8421739936	0.8421739936	0	0	0	0	0	4.11934042
1183	0.831376493	0.831376493	0	0	0	0	0	4.119348526
1184	0.8077912927	0.8077912927	0	0	0	0	0	4.119360924
1185	0.7988640666	0.7988640666	0	0	0	0	0	4.119288921
1186	0.7950052619	0.7950052619	0	0	0	0	0	4.119187355
1187	0.7891275287	0.7891275287	0	0	0	0	0	4.119342327
1188	0.7748912573	0.7748912573	0	0	0	0	0	4.119343758
1189	0.7480378151	0.7480378151	0	0	0	0	0	4.119337082
1190	0.7290750146	0.7290750146	0	0	0	0	0	4.119339466
1191	0.7270513177	0.7270513177	0	0	0	0	0	4.119346142
1192	0.724878788	0.724878788	0	0	0	0	0	4.119354725
1193	0.7218498588	0.7218498588	0	0	0	0	0	4.119183064
1194	0.7159375548	0.7159375548	0	0	0	0	0	4.1191535
1195	0.7190945148	0.7190945148	0	0	0	0	0	4.119341373
1196	0.7210650444	0.7210650444	0	0	0	0	0	4.119344234
1197	0.7229303718	0.7229303718	0	0	0	0	0	4.119337559
1198	0.7242637277	0.7242637277	0	0	0	0	0	4.119341373
1199	0.7234031558	0.7234031558	0	0	0	0	0	4.119349003
1200	0.7183738351	0.7183738351	0	0	0	0	0	4.119355202
1201	0.7182011604	0.7182011604	0	0	0	0	0	4.119272709
1202	0.7212799788	0.7212799788	0	0	0	0	0	4.119054794
1203	0.7284874916	0.7284874916	0	0	0	0	0	4.119335651
1204	0.7264246941	0.7264246941	0	0	0	0	0	4.119344234
1205	0.7320691347	0.7320691347	0	0	0	0	0	4.119329929
1206	0.7390822172	0.7390822172	0	0	0	0	0	4.119344234
1207	0.7452936172	0.7452936172	0	0	0	0	0	4.119360447
1208	0.7616469264	0.7616469264	0	0	0	0	0	4.119361401
1209	0.7583996654	0.7583996654	0	0	0	0	0	4.119322777
1210	0.768935442	0.768935442	0	0	0	0	0	4.119299412
1211	0.8000054359	0.8000054359	0	0	0	0	0	4.119345665
1212	0.8377453089	0.8377453089	0	0	0	0	0	4.119344711
1213	0.8919386864	0.8919386864	0	0	0	0	0	4.119343281
1214	0.9328010082	0.9328010082	0	0	0	0	0	4.119344234
1215	0.9659241438	0.9659241438	0	0	0	0	0	4.119360924
1216	0.9794798493	0.9794798493	0	0	0	0	0	4.119374275
1217	0.9767303467	0.9767303467	0	0	0	0	0	4.119360924
1218	0.975428462	0.975428462	0	0	0	0	0	4.119330883
1219	0.976806283	0.976806283	0	0	0	0	0	4.119346619
1220	0.9796560407	0.9796560407	0	0	0	0	0	4.119346142
1221	0.9813746214	0.9813746214	0	0	0	0	0	4.119344234
1222	0.9828391075	0.9828391075	0	0	0	0	0	4.119344711
1223	0.9816115499	0.9816115499	0	0	0	0	0	4.119360924
1224	0.9847484827	0.9847484827	0	0	0	0	0	4.119370461
1225	0.9859266877	0.9859266877	0	0	0	0	0	4.119373322
1226	0.9814229608	0.9814229608	0	0	0	0	0	4.119349003
1227	0.9832354188	0.9832354188	0	0	0	0	0	4.119347572
1228	0.9763185382	0.9763185382	0	0	0	0	0	4.119351864
1229	0.9686310887	0.9686310887	0	0	0	0	0	4.119352341
1230	0.9606838226	0.9606838226	0	0	0	0	0	4.119356155
1231	0.9478411078	0.9478411078	0	0	0	0	0	4.119427204
1232	0.9318320751	0.9318320751	0	0	0	0	0	4.119487286
1233	0.9282104969	0.9282104969	0	0	0	0	0	4.119599819
1234	0.9337459803	0.9337459803	0	0	0	0	0	4.119356632
1235	0.9606470466	0.9606470466	0	0	0	0	0	4.119353771
1236	0.9975334406	0.9975334406	0	0	0	0	0	4.119356155
1237	1.046200752	1.046200752	0	0	0	0	0	4.119371891
1238	1.09184444	1.09184444	0	0	0	0	0	4.11938858
1239	1.120417953	1.120417953	0	0	0	0	0	4.121931076
1240	1.135701656	1.135701656	0	0	0	0	0	4.12442112
1241	1.129809976	1.129809976	0	0	0	0	0	4.122273922
1242	1.127769113	1.127769113	0	0	0	0	0	4.119389057
1243	1.129157662	1.129157662	0	0	0	0	0	4.119358063
1244	1.133368254	1.133368254	0	0	0	0	0	4.119382381
1245	1.138018012	1.138018012	0	0	0	0	0	4.119706154
1246	1.139225245	1.139225245	0	0	0	0	0	4.119968414
1247	1.142512798	1.142512798	0	0	0	0	0	4.121970177
1248	1.145112276	1.145112276	0	0	0	0	0	4.122153759
1249	1.150363326	1.150363326	0	0	0	0	0	4.122023582
1250	1.149312496	1.149312496	0	0	0	0	0	4.119579792
1251	1.158312559	1.158312559	0	0	0	0	0	4.119413376
1252	1.166094661	1.166094661	0	0	0	0	0	4.121137142
1253	1.17341876	1.17341876	0	0	0	0	0	4.124439716
1254	1.176234126	1.176234126	0	0	0	0	0	4.122141838
1255	1.186213732	1.186213732	0	0	0	0	0	4.124439716
1256	1.198232055	1.198232055	0	0	0	0	0	4.124442101
1257	1.200610518	1.200610518	0	0	0	0	0	4.124443054
1258	1.204326034	1.204326034	0	0	0	0	0	4.119549751
1259	1.227458358	1.227458358	0	0	0	0	0	4.11944294
1260	1.260038137	1.260038137	0	0	0	0	0	4.119933128
1261	1.301701188	1.301701188	0	0	0	0	0	4.124442101
1262	1.332781434	1.332781434	0	0	0	0	0	4.124441147
1263	1.352367043	1.352367043	0	0	0	0	0	4.124442577
1264	1.359000683	1.359000683	0	0	0	0	0	4.124444008
1265	1.355457664	1.355457664	0	0	0	0	0	4.124443054
1266	1.354542255	1.354542255	0	0	0	0	0	4.12443924
1267	1.354189157	1.354189157	0	0	0	0	0	4.121647358
1268	1.362502813	1.362502813	0	0	0	0	0	4.124440193
1269	1.365733385	1.365733385	0	0	0	0	0	4.124443531
1270	1.365504503	1.365504503	0	0	0	0	0	4.124443531
1271	1.367148638	1.367148638	0	0	0	0	0	4.124443054
1272	1.365123153	1.365123153	0	0	0	0	0	4.124444008
1273	1.375825405	1.375825405	0	0	0	0	0	4.124444008
1274	1.39168787	1.39168787	0	0	0	0	0	4.124443531
1275	1.403897047	1.403897047	0	0	0	0	0	4.124444008
1276	1.418867707	1.418867707	0	0	0	0	0	4.124443531
1277	1.430678368	1.430678368	0	0	0	0	0	4.124444008
1278	1.44730413	1.44730413	0	0	0	0	0	4.124443531
1279	1.462487578	1.462487578	0	0	0	0	0	4.124442101
1280	1.473745465	1.473745465	0	0	0	0	0	4.124443531
1281	1.463192225	1.463192225	0	0	0	0	0	4.124443054
1282	1.471218467	1.471218467	0	0	0	0	0	4.124442577
1283	1.495433688	1.495433688	0	0	0	0	0	4.124443531
1284	1.534627795	1.534627795	0	0	0	0	0	4.124442577
1285	1.582690954	1.582690954	0	0	0	0	0	4.124443531
1286	1.628799438	1.628799438	0	0	0	0	0	4.124443531
1287	1.664301515	1.664301515	0	0	0	0	0	4.124443531
1288	1.676101327	1.676101327	0	0	0	0	0	4.124444008
1289	1.676341772	1.676341772	0	0	0	0	0	4.124443531
1290	1.673942208	1.673942208	0	0	0	0	0	4.124443531
1291	1.673051596	1.673051596	0	0	0	0	0	4.124444008
1292	1.673294663	1.673294663	0	0	0	0	0	4.124442577
1293	1.674134016	1.674134016	0	0	0	0	0	4.124443531
1294	1.67329371	1.67329371	0	0	0	0	0	4.124444008
1295	1.670788765	1.670788765	0	0	0	0	0	4.124443531
1296	1.666827798	1.666827798	0	0	0	0	0	4.124444008
1297	1.652610779	1.652610779	0	0	0	0	0	4.124443054
1298	1.641825676	1.641825676	0	0	0	0	0	4.124443531
1299	1.635900617	1.635900617	0	0	0	0	0	4.124444008
1300	1.632151961	1.632151961	0	0	0	0	0	4.124442577
1301	1.622169137	1.622169137	0	0	0	0	0	4.124443531
1302	1.610061646	1.610061646	0	0	0	0	0	4.124443531
1303	1.595902562	1.595902562	0	0	0	0	0	4.124443531
1304	1.569019079	1.569019079	0	0	0	0	0	4.124444008
1305	1.563656211	1.563656211	0	0	0	0	0	4.124443054
1306	1.555486441	1.555486441	0	0	0	0	0	4.124443531
1307	1.547678113	1.547678113	0	0	0	0	0	4.124334335
1308	1.541951537	1.541951537	0	0	0	0	0	4.124382496
1309	1.529652953	1.529652953	0	0	0	0	0	4.124442577
1310	1.527089477	1.527089477	0	0	0	0	0	4.124442577
1311	1.515324354	1.515324354	0	0	0	0	0	4.124443531
1312	1.510003209	1.510003209	0	0	0	0	0	4.124443531
1313	1.507155776	1.507155776	0	0	0	0	0	4.124442101
1314	1.505010605	1.505010605	0	0	0	0	0	4.124436378
1315	1.496201396	1.496201396	0	0	0	0	0	4.119592667
1316	1.49966228	1.49966228	0	0	0	0	0	4.122069836
1317	1.506742954	1.506742954	0	0	0	0	0	4.124442577
1318	1.502745509	1.502745509	0	0	0	0	0	4.123846054
1319	1.503050089	1.503050089	0	0	0	0	0	4.124442101
1320	1.496997595	1.496997595	0	0	0	0	0	4.124442577
1321	1.483991504	1.483991504	0	0	0	0	0	4.124442101
1322	1.475230694	1.475230694	0	0	0	0	0	4.124441147
1323	1.466338515	1.466338515	0	0	0	0	0	4.1241889
1324	1.469106436	1.469106436	0	0	0	0	0	4.124420643
1325	1.471648574	1.471648574	0	0	0	0	0	4.124443531
1326	1.465999603	1.465999603	0	0	0	0	0	4.124442101
1327	1.464692593	1.464692593	0	0	0	0	0	4.124444008
1328	1.462635159	1.462635159	0	0	0	0	0	4.124443531
1329	1.452524781	1.452524781	0	0	0	0	0	4.124442101
1330	1.43974936	1.43974936	0	0	0	0	0	4.119748592
1331	1.440833211	1.440833211	0	0	0	0	0	4.119365692
1332	1.440923333	1.440923333	0	0	0	0	0	4.119380951
1333	1.442881227	1.442881227	0	0	0	0	0	4.11939764
1334	1.44757247	1.44757247	0	0	0	0	0	4.119494438
1335	1.460032105	1.460032105	0	0	0	0	0	4.122356415
1336	1.461877704	1.461877704	0	0	0	0	0	4.12202549
1337	1.454462528	1.454462528	0	0	0	0	0	4.119438648
1338	1.448975921	1.448975921	0	0	0	0	0	4.119367123
1339	1.447369695	1.447369695	0	0	0	0	0	4.119351864
1340	1.444207191	1.444207191	0	0	0	0	0	4.119351864
1341	1.440333724	1.440333724	0	0	0	0	0	4.119352818
1342	1.437679529	1.437679529	0	0	0	0	0	4.119358063
1343	1.431714773	1.431714773	0	0	0	0	0	4.119587421
1344	1.4217453	1.4217453	0	0	0	0	0	4.120387554
1345	1.405088425	1.405088425	0	0	0	0	0	4.120087624
1346	1.39668262	1.39668262	0	0	0	0	0	4.119417667
1347	1.385192513	1.385192513	0	0	0	0	0	4.119357109
1348	1.376553535	1.376553535	0	0	0	0	0	4.119365692
1349	1.367392898	1.367392898	0	0	0	0	0	4.119391918
1350	1.358990908	1.358990908	0	0	0	0	0	4.11941576
1351	1.344741225	1.344741225	0	0	0	0	0	4.120751858
1352	1.328241229	1.328241229	0	0	0	0	0	4.122037888
1353	1.319871306	1.319871306	0	0	0	0	0	4.121985435
1354	1.306751132	1.306751132	0	0	0	0	0	4.119365215
1355	1.288244486	1.288244486	0	0	0	0	0	4.11934948
1356	1.261131883	1.261131883	0	0	0	0	0	4.11934948
1357	1.227601409	1.227601409	0	0	0	0	0	4.119347572
1358	1.203833103	1.203833103	0	0	0	0	0	4.119347572
1359	1.183078766	1.183078766	0	0	0	0	0	4.119368553
1360	1.173694015	1.173694015	0	0	0	0	0	4.119433403
1361	1.170071959	1.170071959	0	0	0	0	0	4.119362831
1362	1.167842627	1.167842627	0	0	0	0	0	4.11935091
1363	1.164106846	1.164106846	0	0	0	0	0	4.119347572
1364	1.1622684	1.1622684	0	0	0	0	0	4.119345665
1365	1.160208941	1.160208941	0	0	0	0	0	4.119343281
1366	1.158678293	1.158678293	0	0	0	0	0	4.119342804
1367	1.15451014	1.15451014	0	0	0	0	0	4.119349957
1368	1.149957895	1.149957895	0	0	0	0	0	4.119363308
1369	1.131047368	1.131047368	0	0	0	0	0	4.119370461
1370	1.112321258	1.112321258	0	0	0	0	0	4.119358063
1371	1.103170633	1.103170633	0	0	0	0	0	4.119347572
1372	1.090978384	1.090978384	0	0	0	0	0	4.119349003
1373	1.077083588	1.077083588	0	0	0	0	0	4.119345665
1374	1.058026671	1.058026671	0	0	0	0	0	4.119350433
1375	1.038903236	1.038903236	0	0	0	0	0	4.119375229
1376	1.016950846	1.016950846	0	0	0	0	0	4.119361877
1377	1.013807058	1.013807058	0	0	0	0	0	4.119353771
1378	1.006183028	1.006183028	0	0	0	0	0	4.119348526
1379	1.004871368	1.004871368	0	0	0	0	0	4.119346142
1380	0.9950192571	0.9950192571	0	0	0	0	0	4.119346142
1381	0.9721329212	0.9721329212	0	0	0	0	0	4.119345188
1382	0.9569228292	0.9569228292	0	0	0	0	0	4.119343758
1383	0.9470432997	0.9470432997	0	0	0	0	0	4.119351864
1384	0.9456322193	0.9456322193	0	0	0	0	0	4.119369984
1385	0.9400365949	0.9400365949	0	0	0	0	0	4.119350433
1386	0.9400014281	0.9400014281	0	0	0	0	0	4.119345188
1387	0.9411862493	0.9411862493	0	0	0	0	0	4.119345188
1388	0.9418988824	0.9418988824	0	0	0	0	0	4.119344711
1389	0.9417248964	0.9417248964	0	0	0	0	0	4.119342804
1390	0.9430677295	0.9430677295	0	0	0	0	0	4.119342327
1391	0.9443292022	0.9443292022	0	0	0	0	0	4.119346142
1392	0.948646903	0.948646903	0	0	0	0	0	4.11934948
1393	0.958538413	0.958538413	0	0	0	0	0	4.119351387
1394	0.976115644	0.976115644	0	0	0	0	0	4.119346619
1395	0.9924921393	0.9924921393	0	0	0	0	0	4.119346142
1396	1.007047176	1.007047176	0	0	0	0	0	4.119345188
1397	1.022288322	1.022288322	0	0	0	0	0	4.119344234
1398	1.039242029	1.039242029	0	0	0	0	0	4.119342804
1399	1.057845116	1.057845116	0	0	0	0	0	4.119349003
1400	1.080577254	1.080577254	0	0	0	0	0	4.119362354
1401	1.076285362	1.076285362	0	0	0	0	0	4.119356632
1402	1.074394584	1.074394584	0	0	0	0	0	4.119349003
1403	1.078487635	1.078487635	0	0	0	0	0	4.119346142
1404	1.085415959	1.085415959	0	0	0	0	0	4.119345665
1405	1.095895171	1.095895171	0	0	0	0	0	4.119344234
1406	1.097124815	1.097124815	0	0	0	0	0	4.119338512
1407	1.096649766	1.096649766	0	0	0	0	0	4.119347572
1408	1.098556876	1.098556876	0	0	0	0	0	4.119362831
1409	1.09638238	1.09638238	0	0	0	0	0	4.119350433
1410	1.094753742	1.094753742	0	0	0	0	0	4.119345665
1411	1.095045209	1.095045209	0	0	0	0	0	4.119345188
1412	1.095268011	1.095268011	0	0	0	0	0	4.119344711
1413	1.09416461	1.09416461	0	0	0	0	0	4.11934185
1414	1.094364882	1.094364882	0	0	0	0	0	4.119341373
1415	1.093950868	1.093950868	0	0	0	0	0	4.119344234
1416	1.091150165	1.091150165	0	0	0	0	0	4.119345665
1417	1.089769959	1.089769959	0	0	0	0	0	4.119349003
1418	1.090044141	1.090044141	0	0	0	0	0	4.119347572
1419	1.093668699	1.093668699	0	0	0	0	0	4.119346142
1420	1.095243216	1.095243216	0	0	0	0	0	4.119343281
1421	1.097900629	1.097900629	0	0	0	0	0	4.119335175
1422	1.105847359	1.105847359	0	0	0	0	0	4.119342327
1423	1.111596465	1.111596465	0	0	0	0	0	4.119348049
1424	1.102582455	1.102582455	0	0	0	0	0	4.119350433
1425	1.107390642	1.107390642	0	0	0	0	0	4.119357109
1426	1.099238992	1.099238992	0	0	0	0	0	4.119347572
1427	1.086076498	1.086076498	0	0	0	0	0	4.119343758
1428	1.071328998	1.071328998	0	0	0	0	0	4.119341373
1429	1.057595372	1.057595372	0	0	0	0	0	4.119342804
1430	1.042953372	1.042953372	0	0	0	0	0	4.119315147
1431	1.028669119	1.028669119	0	0	0	0	0	4.119345665
1432	1.016471386	1.016471386	0	0	0	0	0	4.119348049
1433	1.016217709	1.016217709	0	0	0	0	0	4.119339943
1434	1.017181158	1.017181158	0	0	0	0	0	4.119346619
1435	1.019106984	1.019106984	0	0	0	0	0	4.119343758
1436	1.020647645	1.020647645	0	0	0	0	0	4.119341373
1437	1.022182107	1.022182107	0	0	0	0	0	4.119337082
1438	1.024407625	1.024407625	0	0	0	0	0	4.119335651
1439	1.023900509	1.023900509	0	0	0	0	0	4.119344234
1440	1.023519397	1.023519397	0	0	0	0	0	4.119343758
1441	1.036248446	1.036248446	0	0	0	0	0	4.119341373
1442	1.045211196	1.045211196	0	0	0	0	0	4.119344234
1443	1.061816335	1.061816335	0	0	0	0	0	4.119342804
1444	1.078090668	1.078090668	0	0	0	0	0	4.11934185
1445	1.091813207	1.091813207	0	0	0	0	0	4.119344234
1446	1.112703919	1.112703919	0	0	0	0	0	4.119339943
1447	1.13050437	1.13050437	0	0	0	0	0	4.119344234
1448	1.149560332	1.149560332	0	0	0	0	0	4.119342804
1449	1.169256806	1.169256806	0	0	0	0	0	4.119333744
1450	1.172635198	1.172635198	0	0	0	0	0	4.119278908
1451	1.184224486	1.184224486	0	0	0	0	0	4.119337082
1452	1.195595622	1.195595622	0	0	0	0	0	4.11934042
1453	1.206322312	1.206322312	0	0	0	0	0	4.119342804
1454	1.212630987	1.212630987	0	0	0	0	0	4.119337082
1455	1.214480758	1.214480758	0	0	0	0	0	4.11932373
1456	1.215678573	1.215678573	0	0	0	0	0	4.119343281
1457	1.218154669	1.218154669	0	0	0	0	0	4.119334221
1458	1.220937252	1.220937252	0	0	0	0	0	4.119339943
1459	1.223926783	1.223926783	0	0	0	0	0	4.119341373
1460	1.227384806	1.227384806	0	0	0	0	0	4.119337559
1461	1.22986877	1.22986877	0	0	0	0	0	4.11934185
1462	1.231346607	1.231346607	0	0	0	0	0	4.119338512
1463	1.231730342	1.231730342	0	0	0	0	0	4.119342327
1464	1.231439471	1.231439471	0	0	0	0	0	4.119307518
1465	1.231975079	1.231975079	0	0	0	0	0	4.118665218
1466	1.234349728	1.234349728	0	0	0	0	0	4.119333744
1467	1.237670064	1.237670064	0	0	0	0	0	4.119336605
1468	1.242738247	1.242738247	0	0	0	0	0	4.119339466
1469	1.246149182	1.246149182	0	0	0	0	0	4.119343758
1470	1.245846033	1.245846033	0	0	0	0	0	4.11934185
1471	1.24310708	1.24310708	0	0	0	0	0	4.11934185
1472	1.239382148	1.239382148	0	0	0	0	0	4.119336128
1473	1.23807168	1.23807168	0	0	0	0	0	4.119335175
1474	1.235502362	1.235502362	0	0	0	0	0	4.11933136
1475	1.217573881	1.217573881	0	0	0	0	0	4.119117737
1476	1.19967103	1.19967103	0	0	0	0	0	4.119318485
1477	1.182453394	1.182453394	0	0	0	0	0	4.119343281
1478	1.154784799	1.154784799	0	0	0	0	0	4.119339943
1479	1.130573988	1.130573988	0	0	0	0	0	4.119342804
1480	1.114324808	1.114324808	0	0	0	0	0	4.119345665
1481	1.111110449	1.111110449	0	0	0	0	0	4.119342804
1482	1.11108315	1.11108315	0	0	0	0	0	4.119342804
1483	1.113120794	1.113120794	0	0	0	0	0	4.119340897
1484	1.115984917	1.115984917	0	0	0	0	0	4.119340897
1485	1.118095636	1.118095636	0	0	0	0	0	4.119341373
1486	1.117785454	1.117785454	0	0	0	0	0	4.119338989
1487	1.114699721	1.114699721	0	0	0	0	0	4.119340897
1488	1.106823564	1.106823564	0	0	0	0	0	4.119341373
1489	1.090312958	1.090312958	0	0	0	0	0	4.119346142
1490	1.072106481	1.072106481	0	0	0	0	0	4.119338036
1491	1.056338906	1.056338906	0	0	0	0	0	4.119301796
1492	1.047722816	1.047722816	0	0	0	0	0	4.119285583
1493	1.036828995	1.036828995	0	0	0	0	0	4.119336605
1494	1.021441102	1.021441102	0	0	0	0	0	4.119341373
1495	1.000197411	1.000197411	0	0	0	0	0	4.119321823
1496	0.9718726277	0.9718726277	0	0	0	0	0	4.119348526
1497	0.9711915851	0.9711915851	0	0	0	0	0	4.119355202
1498	0.9605879784	0.9605879784	0	0	0	0	0	4.119346619
1499	0.9362933636	0.9362933636	0	0	0	0	0	4.119343758
1500	0.9012266994	0.9012266994	0	0	0	0	0	4.119339943
1501	0.8562075496	0.8562075496	0	0	0	0	0	4.119344234
1502	0.8212710619	0.8212710619	0	0	0	0	0	4.119273186
1503	0.799023211	0.799023211	0	0	0	0	0	4.119343758
1504	0.782602489	0.782602489	0	0	0	0	0	4.119358063
1505	0.778967917	0.778967917	0	0	0	0	0	4.11934948
1506	0.7786176801	0.7786176801	0	0	0	0	0	4.119345188
1507	0.781229198	0.781229198	0	0	0	0	0	4.119342804
1508	0.7820789814	0.7820789814	0	0	0	0	0	4.119339466
1509	0.7836323977	0.7836323977	0	0	0	0	0	4.119338512
1510	0.7857344747	0.7857344747	0	0	0	0	0	4.119341373
1511	0.7836253047	0.7836253047	0	0	0	0	0	4.119342804
1512	0.779577136	0.779577136	0	0	0	0	0	4.119343281
1513	0.7762393951	0.7762393951	0	0	0	0	0	4.119344711
1514	0.7757882476	0.7757882476	0	0	0	0	0	4.119320393
1515	0.7772473693	0.7772473693	0	0	0	0	0	4.119345188
1516	0.7780312896	0.7780312896	0	0	0	0	0	4.11933279
1517	0.780354917	0.780354917	0	0	0	0	0	4.119335651
1518	0.7778753638	0.7778753638	0	0	0	0	0	4.119343758
1519	0.7717032433	0.7717032433	0	0	0	0	0	4.119346142
1520	0.7675555944	0.7675555944	0	0	0	0	0	4.119354248
1521	0.7587512136	0.7587512136	0	0	0	0	0	4.119362831
1522	0.7527791262	0.7527791262	0	0	0	0	0	4.11934948
1523	0.739071548	0.739071548	0	0	0	0	0	4.119347095
1524	0.7205604315	0.7205604315	0	0	0	0	0	4.119342804
1525	0.6939730644	0.6939730644	0	0	0	0	0	4.119342804
1526	0.6662146449	0.6662146449	0	0	0	0	0	4.119343758
1527	0.643684864	0.643684864	0	0	0	0	0	4.119345665
1528	0.634537816	0.634537816	0	0	0	0	0	4.119351864
1529	0.6316247582	0.6316247582	0	0	0	0	0	4.119357109
1530	0.6313821077	0.6313821077	0	0	0	0	0	4.119347095
1531	0.6327906847	0.6327906847	0	0	0	0	0	4.119344711
1532	0.6364005208	0.6364005208	0	0	0	0	0	4.119336605
1533	0.6390029192	0.6390029192	0	0	0	0	0	4.119342804
1534	0.6407466531	0.6407466531	0	0	0	0	0	4.119342804
1535	0.6412110925	0.6412110925	0	0	0	0	0	4.119344234
1536	0.6418150663	0.6418150663	0	0	0	0	0	4.119344711
1537	0.6325085759	0.6325085759	0	0	0	0	0	4.119350433
1538	0.6316782236	0.6316782236	0	0	0	0	0	4.119343281
1539	0.6279814839	0.6279814839	0	0	0	0	0	4.119345188
1540	0.6250402331	0.6250402331	0	0	0	0	0	4.119303226
1541	0.6252304316	0.6252304316	0	0	0	0	0	4.119339943
1542	0.6173807383	0.6173807383	0	0	0	0	0	4.119347572
1543	0.6073192954	0.6073192954	0	0	0	0	0	4.119348526
1544	0.5925497413	0.5925497413	0	0	0	0	0	4.119353771
1545	0.5699825287	0.5699825287	0	0	0	0	0	4.119353294
1546	0.5709742904	0.5709742904	0	0	0	0	0	4.119349003
1547	0.5681117177	0.5681117177	0	0	0	0	0	4.119346619
1548	0.5654317141	0.5654317141	0	0	0	0	0	4.119342327
1549	0.5662039518	0.5662039518	0	0	0	0	0	4.119343281
1550	0.5675392151	0.5675392151	0	0	0	0	0	4.119344234
1551	0.5745975375	0.5745975375	0	0	0	0	0	4.119347572
1552	0.5810970068	0.5810970068	0	0	0	0	0	4.119353294
1553	0.5837236047	0.5837236047	0	0	0	0	0	4.119349957
1554	0.587752223	0.587752223	0	0	0	0	0	4.119347572
1555	0.5947843194	0.5947843194	0	0	0	0	0	4.119344711
1556	0.6038038135	0.6038038135	0	0	0	0	0	4.119341373
1557	0.6148965955	0.6148965955	0	0	0	0	0	4.11934185
1558	0.625893712	0.625893712	0	0	0	0	0	4.119343281
1559	0.634701848	0.634701848	0	0	0	0	0	4.119344711
1560	0.6412876844	0.6412876844	0	0	0	0	0	4.119349003
1561	0.6384293437	0.6384293437	0	0	0	0	0	4.119354248
1562	0.6453436017	0.6453436017	0	0	0	0	0	4.119346619
1563	0.6520366669	0.6520366669	0	0	0	0	0	4.119347572
1564	0.6593489647	0.6593489647	0	0	0	0	0	4.119342804
1565	0.6675015688	0.6675015688	0	0	0	0	0	4.119342804
1566	0.6777625084	0.6777625084	0	0	0	0	0	4.119346142
1567	0.6790844202	0.6790844202	0	0	0	0	0	4.119347572
1568	0.6802151203	0.6802151203	0	0	0	0	0	4.119360447
1569	0.674757421	0.674757421	0	0	0	0	0	4.119359493
1570	0.6730741262	0.6730741262	0	0	0	0	0	4.119352341
1571	0.6846697927	0.6846697927	0	0	0	0	0	4.119346619
1572	0.7071321607	0.7071321607	0	0	0	0	0	4.119345665
1573	0.7308436632	0.7308436632	0	0	0	0	0	4.119344234
1574	0.7605475187	0.7605475187	0	0	0	0	0	4.119345665
1575	0.7823457122	0.7823457122	0	0	0	0	0	4.119355679
1576	0.7960051298	0.7960051298	0	0	0	0	0	4.119396687
1577	0.79518646	0.79518646	0	0	0	0	0	4.119372845
1578	0.7930140495	0.7930140495	0	0	0	0	0	4.119352818
1579	0.7930280566	0.7930280566	0	0	0	0	0	4.119348526
1580	0.7938517332	0.7938517332	0	0	0	0	0	4.119347572
1581	0.7959896326	0.7959896326	0	0	0	0	0	4.119347572
1582	0.7983372211	0.7983372211	0	0	0	0	0	4.11934948
1583	0.8007985353	0.8007985353	0	0	0	0	0	4.119376659
1584	0.8036087751	0.8036087751	0	0	0	0	0	4.119366646
1585	0.8069506884	0.8069506884	0	0	0	0	0	4.119370937
1586	0.8154031038	0.8154031038	0	0	0	0	0	4.119356155
1587	0.8358613849	0.8358613849	0	0	0	0	0	4.119353294
1588	0.8544473052	0.8544473052	0	0	0	0	0	4.119351864
1589	0.868395865	0.868395865	0	0	0	0	0	4.119353771
1590	0.8839265108	0.8839265108	0	0	0	0	0	4.119363785
1591	0.8970687389	0.8970687389	0	0	0	0	0	4.119408607
1592	0.9170648456	0.9170648456	0	0	0	0	0	4.119425297
1593	0.9107336998	0.9107336998	0	0	0	0	0	4.119446278
1594	0.9085344672	0.9085344672	0	0	0	0	0	4.119364738
1595	0.9069912434	0.9069912434	0	0	0	0	0	4.119356632
1596	0.9076408148	0.9076408148	0	0	0	0	0	4.119357109
1597	0.9102826715	0.9102826715	0	0	0	0	0	4.119364262
1598	0.9113949537	0.9113949537	0	0	0	0	0	4.119390488
1599	0.9093222618	0.9093222618	0	0	0	0	0	4.121576786
1600	0.9080737829	0.9080737829	0	0	0	0	0	4.121955395
1601	0.9066663384	0.9066663384	0	0	0	0	0	4.121955872
1602	0.9079148173	0.9079148173	0	0	0	0	0	4.119372845
1603	0.905839026	0.905839026	0	0	0	0	0	4.119357109
1604	0.9070772529	0.9070772529	0	0	0	0	0	4.119374275
1605	0.9093520641	0.9093520641	0	0	0	0	0	4.11939764
1606	0.9102966785	0.9102966785	0	0	0	0	0	4.120838165
1607	0.9108054638	0.9108054638	0	0	0	0	0	4.1219244
1608	0.9115805626	0.9115805626	0	0	0	0	0	4.121929169
1609	0.9099425077	0.9099425077	0	0	0	0	0	4.121206284
1610	0.9108194709	0.9108194709	0	0	0	0	0	4.119636059
1611	0.9126134515	0.9126134515	0	0	0	0	0	4.119429111
1612	0.9172028899	0.9172028899	0	0	0	0	0	4.119837761
1613	0.9150919318	0.9150919318	0	0	0	0	0	4.12203598
1614	0.9161019921	0.9161019921	0	0	0	0	0	4.122215748
1615	0.9157201052	0.9157201052	0	0	0	0	0	4.122312069
1616	0.9137101769	0.9137101769	0	0	0	0	0	4.124437809
1617	0.9139050245	0.9139050245	0	0	0	0	0	4.122923851
1618	0.9167948365	0.9167948365	0	0	0	0	0	4.120187759
1619	0.9186718464	0.9186718464	0	0	0	0	0	4.1194067
1620	0.9213017225	0.9213017225	0	0	0	0	0	4.11976862
1621	0.9214749932	0.9214749932	0	0	0	0	0	4.121165752
1622	0.9220370054	0.9220370054	0	0	0	0	0	4.12215519
1623	0.9217323065	0.9217323065	0	0	0	0	0	4.12444067
1624	0.923397243	0.923397243	0	0	0	0	0	4.124442101
1625	0.9252052307	0.9252052307	0	0	0	0	0	4.124442101
1626	0.9316331148	0.9316331148	0	0	0	0	0	4.121771812
1627	0.9364036322	0.9364036322	0	0	0	0	0	4.120725632
1628	0.9366829395	0.9366829395	0	0	0	0	0	4.122487545
1629	0.9397727251	0.9397727251	0	0	0	0	0	4.124393463
1630	0.9431906939	0.9431906939	0	0	0	0	0	4.124420643
1631	0.9462389946	0.9462389946	0	0	0	0	0	4.124440193
1632	0.9482390881	0.9482390881	0	0	0	0	0	4.124440193
1633	0.941594243	0.941594243	0	0	0	0	0	4.124440193
1634	0.936935246	0.936935246	0	0	0	0	0	4.124441624
1635	0.9355672002	0.9355672002	0	0	0	0	0	4.124441147
1636	0.934291482	0.934291482	0	0	0	0	0	4.124443531
1637	0.934717834	0.934717834	0	0	0	0	0	4.124443531
1638	0.930806756	0.930806756	0	0	0	0	0	4.124441147
1639	0.926507771	0.926507771	0	0	0	0	0	4.124437809
1640	0.9217202067	0.9217202067	0	0	0	0	0	4.12443924
1641	0.919749856	0.919749856	0	0	0	0	0	4.124438763
1642	0.9176763892	0.9176763892	0	0	0	0	0	4.124441147
1643	0.9154506922	0.9154506922	0	0	0	0	0	4.124437809
1644	0.9138094783	0.9138094783	0	0	0	0	0	4.124442577
1645	0.9099755287	0.9099755287	0	0	0	0	0	4.124443531
1646	0.9061996937	0.9061996937	0	0	0	0	0	4.124442101
1647	0.9025904536	0.9025904536	0	0	0	0	0	4.12444067
1648	0.8991774321	0.8991774321	0	0	0	0	0	4.124438286
1649	0.8959187269	0.8959187269	0	0	0	0	0	4.124433041
1650	0.8950545788	0.8950545788	0	0	0	0	0	4.124441624
1651	0.8953012824	0.8953012824	0	0	0	0	0	4.124442101
1652	0.8937250972	0.8937250972	0	0	0	0	0	4.124443531
1653	0.8911265135	0.8911265135	0	0	0	0	0	4.124444008
1654	0.8856086731	0.8856086731	0	0	0	0	0	4.124443531
1655	0.8791573644	0.8791573644	0	0	0	0	0	4.124442101
1656	0.8711922169	0.8711922169	0	0	0	0	0	4.124441624
1657	0.8658169508	0.8658169508	0	0	0	0	0	4.124435425
1658	0.8576520085	0.8576520085	0	0	0	0	0	4.124443054
1659	0.8516871929	0.8516871929	0	0	0	0	0	4.124443531
1660	0.8473607302	0.8473607302	0	0	0	0	0	4.124444008
1661	0.8450360298	0.8450360298	0	0	0	0	0	4.124444485
1662	0.840302527	0.840302527	0	0	0	0	0	4.124444008
1663	0.8420341015	0.8420341015	0	0	0	0	0	4.124443531
1664	0.8402702808	0.8402702808	0	0	0	0	0	4.124442101
1665	0.840393424	0.840393424	0	0	0	0	0	4.124436378
1666	0.8406820893	0.8406820893	0	0	0	0	0	4.12443161
1667	0.8306090236	0.8306090236	0	0	0	0	0	4.124442577
1668	0.809974134	0.809974134	0	0	0	0	0	4.124442101
1669	0.7900207043	0.7900207043	0	0	0	0	0	4.124444962
1670	0.7635089159	0.7635089159	0	0	0	0	0	4.124444008
1671	0.7429919839	0.7429919839	0	0	0	0	0	4.124442101
1672	0.7292383909	0.7292383909	0	0	0	0	0	4.124440193
1673	0.7305743694	0.7305743694	0	0	0	0	0	4.124441147
1674	0.7352805138	0.7352805138	0	0	0	0	0	4.124441624
1675	0.7425694466	0.7425694466	0	0	0	0	0	4.123980522
1676	0.7464543581	0.7464543581	0	0	0	0	0	4.123229027
1677	0.7471752167	0.7471752167	0	0	0	0	0	4.124444008
1678	0.7498362064	0.7498362064	0	0	0	0	0	4.124443054
1679	0.7500421405	0.7500421405	0	0	0	0	0	4.124443531
1680	0.7493798137	0.7493798137	0	0	0	0	0	4.124442577
1681	0.7439315319	0.7439315319	0	0	0	0	0	4.124441147
1682	0.7331379652	0.7331379652	0	0	0	0	0	4.124443054
1683	0.7175955772	0.7175955772	0	0	0	0	0	4.124443054
1684	0.7038679719	0.7038679719	0	0	0	0	0	4.124443531
1685	0.6977729201	0.6977729201	0	0	0	0	0	4.124444962
1686	0.6880366802	0.6880366802	0	0	0	0	0	4.124444008
1687	0.6773123145	0.6773123145	0	0	0	0	0	4.124442577
1688	0.6556293368	0.6556293368	0	0	0	0	0	4.124443054
1689	0.6574681401	0.6574681401	0	0	0	0	0	4.124444008
1690	0.6656600237	0.6656600237	0	0	0	0	0	4.124442101
1691	0.6781103015	0.6781103015	0	0	0	0	0	4.124390602
1692	0.6864230037	0.6864230037	0	0	0	0	0	4.124130249
1693	0.6938174367	0.6938174367	0	0	0	0	0	4.124444008
1694	0.7025841475	0.7025841475	0	0	0	0	0	4.124442101
1695	0.7098532915	0.7098532915	0	0	0	0	0	4.124442577
1696	0.7164082527	0.7164082527	0	0	0	0	0	4.124440193
1697	0.7256520391	0.7256520391	0	0	0	0	0	4.124443054
1698	0.7389540076	0.7389540076	0	0	0	0	0	4.12230444
1699	0.7491140962	0.7491140962	0	0	0	0	0	4.123031139
1700	0.7566658854	0.7566658854	0	0	0	0	0	4.12253952
1701	0.7595487237	0.7595487237	0	0	0	0	0	4.124444008
1702	0.7622692585	0.7622692585	0	0	0	0	0	4.124444008
1703	0.7632926106	0.7632926106	0	0	0	0	0	4.124444008
1704	0.7625208497	0.7625208497	0	0	0	0	0	4.124444485
1705	0.7595254183	0.7595254183	0	0	0	0	0	4.124443531
1706	0.758883357	0.758883357	0	0	0	0	0	4.124443531
1707	0.7605269551	0.7605269551	0	0	0	0	0	4.124443531
1708	0.7610942721	0.7610942721	0	0	0	0	0	4.124443531
1709	0.7621309161	0.7621309161	0	0	0	0	0	4.124444008
1710	0.7627464533	0.7627464533	0	0	0	0	0	4.124444485
1711	0.7619428039	0.7619428039	0	0	0	0	0	4.124444008
1712	0.7616102695	0.7616102695	0	0	0	0	0	4.124444485
1713	0.758541584	0.758541584	0	0	0	0	0	4.124443531
1714	0.7625938654	0.7625938654	0	0	0	0	0	4.124443531
1715	0.7682968974	0.7682968974	0	0	0	0	0	4.124276161
1716	0.775431335	0.775431335	0	0	0	0	0	4.124376774
1717	0.7782948613	0.7782948613	0	0	0	0	0	4.124444008
1718	0.7842280269	0.7842280269	0	0	0	0	0	4.124443531
1719	0.7896134257	0.7896134257	0	0	0	0	0	4.124444008
1720	0.7932748199	0.7932748199	0	0	0	0	0	4.124444962
1721	0.7968657613	0.7968657613	0	0	0	0	0	4.124444008
1722	0.8006641865	0.8006641865	0	0	0	0	0	4.124437809
1723	0.8058508039	0.8058508039	0	0	0	0	0	4.12437439
1724	0.8084827662	0.8084827662	0	0	0	0	0	4.124439716
1725	0.8122245073	0.8122245073	0	0	0	0	0	4.124444008
1726	0.8130972981	0.8130972981	0	0	0	0	0	4.124444485
1727	0.8140569329	0.8140569329	0	0	0	0	0	4.124444485
1728	0.8106206059	0.8106206059	0	0	0	0	0	4.124445438
1729	0.8099541664	0.8099541664	0	0	0	0	0	4.124444008
1730	0.8080420494	0.8080420494	0	0	0	0	0	4.124443531
1731	0.8060583472	0.8060583472	0	0	0	0	0	4.124443054
1732	0.8062380552	0.8062380552	0	0	0	0	0	4.124444008
1733	0.8084920049	0.8084920049	0	0	0	0	0	4.124444962
1734	0.811968565	0.811968565	0	0	0	0	0	4.124444962
1735	0.813082099	0.813082099	0	0	0	0	0	4.124444485
1736	0.812936306	0.812936306	0	0	0	0	0	4.124445438
1737	0.8077741265	0.8077741265	0	0	0	0	0	4.124444008
1738	0.8018099666	0.8018099666	0	0	0	0	0	4.124444008
1739	0.8014460802	0.8014460802	0	0	0	0	0	4.124442577
1740	0.8077893257	0.8077893257	0	0	0	0	0	4.124442101
1741	0.8375426531	0.8375426531	0	0	0	0	0	4.124444008
1742	0.8707865477	0.8707865477	0	0	0	0	0	4.124442577
1743	0.8978316784	0.8978316784	0	0	0	0	0	4.124443531
1744	0.9098412395	0.9098412395	0	0	0	0	0	4.124444008
1745	0.9058395624	0.9058395624	0	0	0	0	0	4.124438763
1746	0.9035009742	0.9035009742	0	0	0	0	0	4.124433517
1747	0.906478703	0.906478703	0	0	0	0	0	4.122895718
1748	0.9113557935	0.9113557935	0	0	0	0	0	4.122279644
1749	0.9141340852	0.9141340852	0	0	0	0	0	4.124443054
1750	0.9175800085	0.9175800085	0	0	0	0	0	4.124442101
1751	0.9204370379	0.9204370379	0	0	0	0	0	4.124444008
1752	0.9244776368	0.9244776368	0	0	0	0	0	4.124444962
1753	0.9405593872	0.9405593872	0	0	0	0	0	4.124444008
1754	0.9528782368	0.9528782368	0	0	0	0	0	4.124018669
1755	0.9662518501	0.9662518501	0	0	0	0	0	4.124428749
1756	0.9787577391	0.9787577391	0	0	0	0	0	4.124444008
1757	0.9916775227	0.9916775227	0	0	0	0	0	4.124444008
1758	1.008761644	1.008761644	0	0	0	0	0	4.124444008
1759	1.028143167	1.028143167	0	0	0	0	0	4.122128963
1760	1.050392747	1.050392747	0	0	0	0	0	4.124443054
1761	1.069955826	1.069955826	0	0	0	0	0	4.121939659
1762	1.080292225	1.080292225	0	0	0	0	0	4.122000694
1763	1.123357654	1.123357654	0	0	0	0	0	4.124444485
1764	1.188681126	1.188681126	0	0	0	0	0	4.124442577
1765	1.269369602	1.269369602	0	0	0	0	0	4.124444008
1766	1.348518133	1.348518133	0	0	0	0	0	4.124444008
1767	1.405252218	1.405252218	0	0	0	0	0	4.124443531
1768	1.43749702	1.43749702	0	0	0	0	0	4.124326229
1769	1.432276249	1.432276249	0	0	0	0	0	4.12192297
1770	1.427814722	1.427814722	0	0	0	0	0	4.121996403
1771	1.426302314	1.426302314	0	0	0	0	0	4.122122765
1772	1.430020332	1.430020332	0	0	0	0	0	4.124443531
1773	1.432909846	1.432909846	0	0	0	0	0	4.124444008
1774	1.432583094	1.432583094	0	0	0	0	0	4.124444008
1775	1.431582928	1.431582928	0	0	0	0	0	4.12230587
1776	1.428654671	1.428654671	0	0	0	0	0	4.124443054
1777	1.429355145	1.429355145	0	0	0	0	0	4.122001171
1778	1.433789253	1.433789253	0	0	0	0	0	4.123206139
1779	1.43758285	1.43758285	0	0	0	0	0	4.124444962
1780	1.439456344	1.439456344	0	0	0	0	0	4.124444962
1781	1.4429847	1.4429847	0	0	0	0	0	4.124444962
1782	1.445179701	1.445179701	0	0	0	0	0	4.124444962
1783	1.445796728	1.445796728	0	0	0	0	0	4.121939659
1784	1.448695064	1.448695064	0	0	0	0	0	4.121165752
1785	1.449053049	1.449053049	0	0	0	0	0	4.121703625
1786	1.452647805	1.452647805	0	0	0	0	0	4.121903419
1787	1.486765862	1.486765862	0	0	0	0	0	4.121943951
1788	1.540873885	1.540873885	0	0	0	0	0	4.12229681
1789	1.61353302	1.61353302	0	0	0	0	0	4.123113632
1790	1.664850831	1.664850831	0	0	0	0	0	4.122009754
1791	1.703132987	1.703132987	0	0	0	0	0	4.12193203
1792	1.720777988	1.720777988	0	0	0	0	0	4.121927738
1793	1.710084438	1.710084438	0	0	0	0	0	4.121905804
1794	1.701902866	1.701902866	0	0	0	0	0	4.121923923
1795	1.698463798	1.698463798	0	0	0	0	0	4.121979713
1796	1.699294329	1.699294329	0	0	0	0	0	4.122395515
1797	1.700997114	1.700997114	0	0	0	0	0	4.122002125
1798	1.701684833	1.701684833	0	0	0	0	0	4.12196207
1799	1.701748967	1.701748967	0	0	0	0	0	4.121924877
1800	1.70291245	1.70291245	0	0	0	0	0	4.121909618
1801	1.710490465	1.710490465	0	0	0	0	0	4.12190485
1802	1.71965611	1.71965611	0	0	0	0	0	4.121902466
1803	1.731354833	1.731354833	0	0	0	0	0	4.121949673
1804	1.744166017	1.744166017	0	0	0	0	0	4.122961521
1805	1.758286119	1.758286119	0	0	0	0	0	4.124437809
1806	1.780866146	1.780866146	0	0	0	0	0	4.122220516
1807	1.809532881	1.809532881	0	0	0	0	0	4.121917725
1808	1.845327497	1.845327497	0	0	0	0	0	4.121902943
1809	1.850203753	1.850203753	0	0	0	0	0	4.121914387
1810	1.853809357	1.853809357	0	0	0	0	0	4.121919632
1811	1.890102625	1.890102625	0	0	0	0	0	4.1220994
1812	1.942748308	1.942748308	0	0	0	0	0	4.122776508
1813	2.008745432	2.008745432	0	0	0	0	0	4.124444008
1814	2.069882393	2.069882393	0	0	0	0	0	4.12217474
1815	2.11668849	2.11668849	0	0	0	0	0	4.122035503
1816	2.137356281	2.137356281	0	0	0	0	0	4.12191534
1817	2.127706766	2.127706766	0	0	0	0	0	4.121927261
1818	2.121973515	2.121973515	0	0	0	0	0	4.121944904
1819	2.122108459	2.122108459	0	0	0	0	0	4.124437332
1820	2.125510216	2.125510216	0	0	0	0	0	4.124444008
1821	2.130409241	2.130409241	0	0	0	0	0	4.124442101
1822	2.136020899	2.136020899	0	0	0	0	0	4.124442577
1823	2.138224125	2.138224125	0	0	0	0	0	4.122714996
1824	2.139606476	2.139606476	0	0	0	0	0	4.121913433
1825	2.141849756	2.141849756	0	0	0	0	0	4.121911049
1826	2.143866777	2.143866777	0	0	0	0	0	4.121929646
1827	2.14486146	2.14486146	0	0	0	0	0	4.122033119
1828	2.14612484	2.14612484	0	0	0	0	0	4.124444008
1829	2.145202398	2.145202398	0	0	0	0	0	4.124443531
1830	2.148390532	2.148390532	0	0	0	0	0	4.122723103
1831	2.148583651	2.148583651	0	0	0	0	0	4.121974945
1832	2.149639606	2.149639606	0	0	0	0	0	4.121911049
1833	2.145875454	2.145875454	0	0	0	0	0	4.121917725
1834	2.155447483	2.155447483	0	0	0	0	0	4.121913433
1835	2.184521914	2.184521914	0	0	0	0	0	4.122764111
1836	2.211376667	2.211376667	0	0	0	0	0	4.124441624
1837	2.235816479	2.235816479	0	0	0	0	0	4.124443054
1838	2.250947714	2.250947714	0	0	0	0	0	4.124444008
1839	2.261874676	2.261874676	0	0	0	0	0	4.124443531
1840	2.267531395	2.267531395	0	0	0	0	0	4.122028351
1841	2.260564089	2.260564089	0	0	0	0	0	4.122095108
1842	2.262279272	2.262279272	0	0	0	0	0	4.120072842
1843	2.261825085	2.261825085	0	0	0	0	0	4.121945858
1844	2.258834124	2.258834124	0	0	0	0	0	4.124184132
1845	2.254759312	2.254759312	0	0	0	0	0	4.124442101
1846	2.25106144	2.25106144	0	0	0	0	0	4.12443924
1847	2.247561455	2.247561455	0	0	0	0	0	4.124442101
1848	2.244376421	2.244376421	0	0	0	0	0	4.121933937
1849	2.227434158	2.227434158	0	0	0	0	0	4.121907711
1850	2.214481592	2.214481592	0	0	0	0	0	4.121917725
1851	2.199879646	2.199879646	0	0	0	0	0	4.120718479
1852	2.191716194	2.191716194	0	0	0	0	0	4.123720646
1853	2.181052685	2.181052685	0	0	0	0	0	4.123883724
1854	2.167825699	2.167825699	0	0	0	0	0	4.122852802
1855	2.149635792	2.149635792	0	0	0	0	0	4.123779297
1856	2.129864931	2.129864931	0	0	0	0	0	4.122069359
1857	2.106814623	2.106814623	0	0	0	0	0	4.124443054
1858	2.086538315	2.086538315	0	0	0	0	0	4.121920586
1859	2.045887232	2.045887232	0	0	0	0	0	4.11950922
1860	1.984123468	1.984123468	0	0	0	0	0	4.119699955
1861	1.919666052	1.919666052	0	0	0	0	0	4.121956825
1862	1.851896763	1.851896763	0	0	0	0	0	4.122217655
1863	1.805178642	1.805178642	0	0	0	0	0	4.12443924
1864	1.769003749	1.769003749	0	0	0	0	0	4.122368336
1865	1.769763589	1.769763589	0	0	0	0	0	4.121982574
1866	1.770242214	1.770242214	0	0	0	0	0	4.119466305
1867	1.781427622	1.781427622	0	0	0	0	0	4.119371891
1868	1.783624053	1.783624053	0	0	0	0	0	4.119389057
1869	1.787820339	1.787820339	0	0	0	0	0	4.119675636
1870	1.790778041	1.790778041	0	0	0	0	0	4.121929169
1871	1.793428302	1.793428302	0	0	0	0	0	4.122114182
1872	1.792565107	1.792565107	0	0	0	0	0	4.121949673
1873	1.805130363	1.805130363	0	0	0	0	0	4.124407768
1874	1.81450212	1.81450212	0	0	0	0	0	4.121938229
1875	1.82442987	1.82442987	0	0	0	0	0	4.120005608
1876	1.834406018	1.834406018	0	0	0	0	0	4.121513844
1877	1.842984557	1.842984557	0	0	0	0	0	4.121923447
1878	1.849536657	1.849536657	0	0	0	0	0	4.120595455
1879	1.863450527	1.863450527	0	0	0	0	0	4.122153759
1880	1.872849226	1.872849226	0	0	0	0	0	4.121498585
1881	1.872156739	1.872156739	0	0	0	0	0	4.121867657
1882	1.856104016	1.856104016	0	0	0	0	0	4.119188786
1883	1.816361547	1.816361547	0	0	0	0	0	4.119364738
1884	1.764698267	1.764698267	0	0	0	0	0	4.119363308
1885	1.694703579	1.694703579	0	0	0	0	0	4.11938715
1886	1.65090251	1.65090251	0	0	0	0	0	4.119392872
1887	1.630487323	1.630487323	0	0	0	0	0	4.120436192
1888	1.625319362	1.625319362	0	0	0	0	0	4.121922016
1889	1.623551726	1.623551726	0	0	0	0	0	4.120416164
1890	1.621288061	1.621288061	0	0	0	0	0	4.118910789
1891	1.620995998	1.620995998	0	0	0	0	0	4.119351864
1892	1.622000575	1.622000575	0	0	0	0	0	4.119351864
1893	1.621611238	1.621611238	0	0	0	0	0	4.119348526
1894	1.619048357	1.619048357	0	0	0	0	0	4.119351864
1895	1.61663878	1.61663878	0	0	0	0	0	4.119382381
1896	1.612550974	1.612550974	0	0	0	0	0	4.119391441
1897	1.596606493	1.596606493	0	0	0	0	0	4.117161274
1898	1.580225587	1.580225587	0	0	0	0	0	4.116906166
1899	1.567144156	1.567144156	0	0	0	0	0	4.117013931
1900	1.553197742	1.553197742	0	0	0	0	0	4.117337227
1901	1.539687157	1.539687157	0	0	0	0	0	4.119353294
1902	1.517066717	1.517066717	0	0	0	0	0	4.119358063
1903	1.487488151	1.487488151	0	0	0	0	0	4.119448185
1904	1.44845295	1.44845295	0	0	0	0	0	4.119437695
1905	1.434360981	1.434360981	0	0	0	0	0	4.119561195
1906	1.432072639	1.432072639	0	0	0	0	0	4.11935854
1907	1.418094039	1.418094039	0	0	0	0	0	4.119349003
1908	1.392401099	1.392401099	0	0	0	0	0	4.119349003
1909	1.375567198	1.375567198	0	0	0	0	0	4.119347572
1910	1.358822823	1.358822823	0	0	0	0	0	4.119349003
1911	1.344087481	1.344087481	0	0	0	0	0	4.119364262
1912	1.337152362	1.337152362	0	0	0	0	0	4.119385719
1913	1.332232118	1.332232118	0	0	0	0	0	4.119368076
1914	1.325125337	1.325125337	0	0	0	0	0	4.119351864
1915	1.318464994	1.318464994	0	0	0	0	0	4.119346142
1916	1.312345386	1.312345386	0	0	0	0	0	4.119346142
1917	1.303791046	1.303791046	0	0	0	0	0	4.119345188
1918	1.294941783	1.294941783	0	0	0	0	0	4.119346142
1919	1.288854122	1.288854122	0	0	0	0	0	4.119349003
1920	1.288735747	1.288735747	0	0	0	0	0	4.119353294
1921	1.280117989	1.280117989	0	0	0	0	0	4.119376183
1922	1.278472185	1.278472185	0	0	0	0	0	4.119353294
1923	1.282417893	1.282417893	0	0	0	0	0	4.119347572
1924	1.282931566	1.282931566	0	0	0	0	0	4.119347095
1925	1.285027385	1.285027385	0	0	0	0	0	4.119347095
1926	1.281534433	1.281534433	0	0	0	0	0	4.119351864
1927	1.281731248	1.281731248	0	0	0	0	0	4.119362354
1928	1.274201512	1.274201512	0	0	0	0	0	4.119371891
1929	1.272502899	1.272502899	0	0	0	0	0	4.119410038
1930	1.25707531	1.25707531	0	0	0	0	0	4.119352341
1931	1.225218415	1.225218415	0	0	0	0	0	4.119346619
1932	1.188685298	1.188685298	0	0	0	0	0	4.119345665
1933	1.135973692	1.135973692	0	0	0	0	0	4.119345665
1934	1.090189219	1.090189219	0	0	0	0	0	4.119346619
1935	1.050855041	1.050855041	0	0	0	0	0	4.119353771
1936	1.02632153	1.02632153	0	0	0	0	0	4.11938715
1937	1.024313211	1.024313211	0	0	0	0	0	4.11937809
1938	1.014223814	1.014223814	0	0	0	0	0	4.11934948
1939	1.010169744	1.010169744	0	0	0	0	0	4.119344234
1940	1.009096384	1.009096384	0	0	0	0	0	4.119342327
1941	1.010425925	1.010425925	0	0	0	0	0	4.119344711
1942	1.010464191	1.010464191	0	0	0	0	0	4.119345665
1943	1.008576989	1.008576989	0	0	0	0	0	4.119348526
1944	1.005156159	1.005156159	0	0	0	0	0	4.119351864
1945	1.008970141	1.008970141	0	0	0	0	0	4.119368553
1946	1.017268896	1.017268896	0	0	0	0	0	4.119303226
1947	1.024672031	1.024672031	0	0	0	0	0	4.119347572
1948	1.033924341	1.033924341	0	0	0	0	0	4.119347095
1949	1.043073535	1.043073535	0	0	0	0	0	4.119348526
1950	1.053321123	1.053321123	0	0	0	0	0	4.119349957
1951	1.063976169	1.063976169	0	0	0	0	0	4.119352818
1952	1.075294256	1.075294256	0	0	0	0	0	4.119370461
1953	1.070886731	1.070886731	0	0	0	0	0	4.119369507
1954	1.067386031	1.067386031	0	0	0	0	0	4.117235184
1955	1.061649323	1.061649323	0	0	0	0	0	4.119345665
1956	1.058394194	1.058394194	0	0	0	0	0	4.119345188
1957	1.054422855	1.054422855	0	0	0	0	0	4.119345665
1958	1.050602078	1.050602078	0	0	0	0	0	4.119346142
1959	1.046859741	1.046859741	0	0	0	0	0	4.119350433
1960	1.047644496	1.047644496	0	0	0	0	0	4.119380951
1961	1.044924855	1.044924855	0	0	0	0	0	4.119382381
1962	1.042324305	1.042324305	0	0	0	0	0	4.118994236
1963	1.0299052	1.0299052	0	0	0	0	0	4.119345665
1964	1.024723887	1.024723887	0	0	0	0	0	4.119346142
1965	1.020297408	1.020297408	0	0	0	0	0	4.119215965
1966	1.018325925	1.018325925	0	0	0	0	0	4.119346142
1967	1.015915513	1.015915513	0	0	0	0	0	4.117280483
1968	1.01435411	1.01435411	0	0	0	0	0	4.119319916
1969	0.9934985042	0.9934985042	0	0	0	0	0	4.119383812
1970	0.973903656	0.973903656	0	0	0	0	0	4.116968155
1971	0.9614216089	0.9614216089	0	0	0	0	0	4.119292259
1972	0.9493324757	0.9493324757	0	0	0	0	0	4.119347572
1973	0.9393935204	0.9393935204	0	0	0	0	0	4.119350433
1974	0.9305704832	0.9305704832	0	0	0	0	0	4.119353294
1975	0.9135987163	0.9135987163	0	0	0	0	0	4.11935997
1976	0.894168973	0.894168973	0	0	0	0	0	4.119436741
1977	0.8872206807	0.8872206807	0	0	0	0	0	4.119664192
1978	0.8834280372	0.8834280372	0	0	0	0	0	4.119358063
1979	0.8820869923	0.8820869923	0	0	0	0	0	4.119348049
1980	0.8788005114	0.8788005114	0	0	0	0	0	4.119347572
1981	0.8771073222	0.8771073222	0	0	0	0	0	4.119347572
1982	0.8799254298	0.8799254298	0	0	0	0	0	4.119347572
1983	0.8612226844	0.8612226844	0	0	0	0	0	4.119357109
1984	0.8428909779	0.8428909779	0	0	0	0	0	4.119410992
1985	0.8413687348	0.8413687348	0	0	0	0	0	4.119409561
1986	0.8405421376	0.8405421376	0	0	0	0	0	4.119351387
1987	0.8402021527	0.8402021527	0	0	0	0	0	4.119344234
1988	0.8365105391	0.8365105391	0	0	0	0	0	4.119347572
1989	0.8356135488	0.8356135488	0	0	0	0	0	4.119347572
1990	0.8376353383	0.8376353383	0	0	0	0	0	4.119347572
1991	0.8391836286	0.8391836286	0	0	0	0	0	4.119351864
1992	0.848557055	0.848557055	0	0	0	0	0	4.119396687
1993	0.8579902649	0.8579902649	0	0	0	0	0	4.119465828
1994	0.8654051423	0.8654051423	0	0	0	0	0	4.119355679
1995	0.8745819926	0.8745819926	0	0	0	0	0	4.119345188
1996	0.8814094067	0.8814094067	0	0	0	0	0	4.119349957
1997	0.8898582458	0.8898582458	0	0	0	0	0	4.119357109
1998	0.8997399211	0.8997399211	0	0	0	0	0	4.119360924
1999	0.9075809717	0.9075809717	0	0	0	0	0	4.119365692
2000	0.9206349254	0.9206349254	0	0	0	0	0	4.119467735
2001	0.9385733604	0.9385733604	0	0	0	0	0	4.119547367
2002	0.9309436083	0.9309436083	0	0	0	0	0	4.119354725
2003	0.9112429023	0.9112429023	0	0	0	0	0	4.119343758
2004	0.8790922761	0.8790922761	0	0	0	0	0	4.11934948
2005	0.8320931792	0.8320931792	0	0	0	0	0	4.119349003
2006	0.7904680967	0.7904680967	0	0	0	0	0	4.119347572
2007	0.7571014166	0.7571014166	0	0	0	0	0	4.119365692
2008	0.7359081507	0.7359081507	0	0	0	0	0	4.120000362
2009	0.7359070778	0.7359070778	0	0	0	0	0	4.11944437
2010	0.7378543019	0.7378543019	0	0	0	0	0	4.119350433
2011	0.7399783134	0.7399783134	0	0	0	0	0	4.119339943
2012	0.7408112288	0.7408112288	0	0	0	0	0	4.119348049
2013	0.7417374849	0.7417374849	0	0	0	0	0	4.119347572
2014	0.7426643968	0.7426643968	0	0	0	0	0	4.119346142
2015	0.7420011163	0.7420011163	0	0	0	0	0	4.119349003
2016	0.732779026	0.732779026	0	0	0	0	0	4.119360447
2017	0.7356270552	0.7356270552	0	0	0	0	0	4.119403839
2018	0.7387163639	0.7387163639	0	0	0	0	0	4.119347572
2019	0.739525795	0.739525795	0	0	0	0	0	4.117346764
2020	0.7437369823	0.7437369823	0	0	0	0	0	4.119351387
2021	0.7482206225	0.7482206225	0	0	0	0	0	4.119355202
2022	0.7544686198	0.7544686198	0	0	0	0	0	4.119351864
2023	0.7600773573	0.7600773573	0	0	0	0	0	4.119356632
2024	0.7710425258	0.7710425258	0	0	0	0	0	4.119679451
2025	0.7677541375	0.7677541375	0	0	0	0	0	4.119472504
2026	0.7673162818	0.7673162818	0	0	0	0	0	4.119355202
2027	0.7689236999	0.7689236999	0	0	0	0	0	4.119341373
2028	0.7718632221	0.7718632221	0	0	0	0	0	4.119354725
2029	0.7735306621	0.7735306621	0	0	0	0	0	4.119352341
2030	0.7737675905	0.7737675905	0	0	0	0	0	4.119355679
2031	0.7730298042	0.7730298042	0	0	0	0	0	4.119499683
2032	0.7672516108	0.7672516108	0	0	0	0	0	4.121906757
2033	0.7656100988	0.7656100988	0	0	0	0	0	4.121981621
2034	0.7698847651	0.7698847651	0	0	0	0	0	4.119366169
2035	0.7718003392	0.7718003392	0	0	0	0	0	4.119349003
2036	0.7741090655	0.7741090655	0	0	0	0	0	4.119360924
2037	0.7746223211	0.7746223211	0	0	0	0	0	4.119363785
2038	0.7757743597	0.7757743597	0	0	0	0	0	4.119368553
2039	0.7709378004	0.7709378004	0	0	0	0	0	4.121889114
2040	0.772487998	0.772487998	0	0	0	0	0	4.120074749
2041	0.7591964006	0.7591964006	0	0	0	0	0	4.121914387
2042	0.7536554933	0.7536554933	0	0	0	0	0	4.11951685
2043	0.7495872974	0.7495872974	0	0	0	0	0	4.119363308
2044	0.7431240678	0.7431240678	0	0	0	0	0	4.119397163
2045	0.7393968701	0.7393968701	0	0	0	0	0	4.11947155
2046	0.7302197814	0.7302197814	0	0	0	0	0	4.119489193
2047	0.7127203345	0.7127203345	0	0	0	0	0	4.121952534
2048	0.696791172	0.696791172	0	0	0	0	0	4.121321678
2049	0.6935662031	0.6935662031	0	0	0	0	0	4.121961117
2050	0.694265902	0.694265902	0	0	0	0	0	4.119270802
2051	0.6950235367	0.6950235367	0	0	0	0	0	4.11864996
2052	0.6977259517	0.6977259517	0	0	0	0	0	4.119374752
2053	0.6953889728	0.6953889728	0	0	0	0	0	4.119412899
2054	0.6967730522	0.6967730522	0	0	0	0	0	4.119402885
2055	0.6950724721	0.6950724721	0	0	0	0	0	4.121931076
2056	0.6939503551	0.6939503551	0	0	0	0	0	4.121911526
2057	0.692497611	0.692497611	0	0	0	0	0	4.121947289
2058	0.6971993446	0.6971993446	0	0	0	0	0	4.119326115
2059	0.7033290863	0.7033290863	0	0	0	0	0	4.117756367
2060	0.7089065909	0.7089065909	0	0	0	0	0	4.119362831
2061	0.7106862068	0.7106862068	0	0	0	0	0	4.119380951
2062	0.7119733691	0.7119733691	0	0	0	0	0	4.119374275
2063	0.7062641382	0.7062641382	0	0	0	0	0	4.121910572
2064	0.705509007	0.705509007	0	0	0	0	0	4.121901035
2065	0.7059877515	0.7059877515	0	0	0	0	0	4.122042179
2066	0.7094681263	0.7094681263	0	0	0	0	0	4.11866951
2067	0.7117574215	0.7117574215	0	0	0	0	0	4.117937565
2068	0.719270885	0.719270885	0	0	0	0	0	4.119367123
2069	0.7220250368	0.7220250368	0	0	0	0	0	4.119285583
2070	0.7234836817	0.7234836817	0	0	0	0	0	4.119475365
2071	0.7216183543	0.7216183543	0	0	0	0	0	4.124086857
2072	0.7282885313	0.7282885313	0	0	0	0	0	4.121944904
2073	0.7326377034	0.7326377034	0	0	0	0	0	4.1223979
2074	0.7370052338	0.7370052338	0	0	0	0	0	4.119241714
2075	0.7420054674	0.7420054674	0	0	0	0	0	4.119301796
2076	0.7436773181	0.7436773181	0	0	0	0	0	4.119364262
2077	0.7441967726	0.7441967726	0	0	0	0	0	4.119400501
2078	0.7498422265	0.7498422265	0	0	0	0	0	4.119379044
2079	0.7607851028	0.7607851028	0	0	0	0	0	4.121966362
2080	0.7697668672	0.7697668672	0	0	0	0	0	4.121985435
2081	0.7688878179	0.7688878179	0	0	0	0	0	4.122260094
2082	0.7708010674	0.7708010674	0	0	0	0	0	4.119652748
2083	0.7702386975	0.7702386975	0	0	0	0	0	4.119155407
2084	0.771904707	0.771904707	0	0	0	0	0	4.11940527
2085	0.7724832892	0.7724832892	0	0	0	0	0	4.119542599
2086	0.773968637	0.773968637	0	0	0	0	0	4.119524479
2087	0.768178761	0.768178761	0	0	0	0	0	4.122138023
2088	0.7544266582	0.7544266582	0	0	0	0	0	4.121908188
2089	0.7408675551	0.7408675551	0	0	0	0	0	4.123224735
2090	0.7372279167	0.7372279167	0	0	0	0	0	4.12191391
2091	0.7375838161	0.7375838161	0	0	0	0	0	4.119437218
2092	0.7303370833	0.7303370833	0	0	0	0	0	4.121919632
2093	0.725387454	0.725387454	0	0	0	0	0	4.124031544
2094	0.7215288877	0.7215288877	0	0	0	0	0	4.122191429
2095	0.7134059668	0.7134059668	0	0	0	0	0	4.12443924
2096	0.7040205598	0.7040205598	0	0	0	0	0	4.122524261
2097	0.6870751381	0.6870751381	0	0	0	0	0	4.124442101
2098	0.6895158887	0.6895158887	0	0	0	0	0	4.122031212
2099	0.6984844208	0.6984844208	0	0	0	0	0	4.119601727
2100	0.7034181952	0.7034181952	0	0	0	0	0	4.12151289
2101	0.7062820196	0.7062820196	0	0	0	0	0	4.123697758
2102	0.7098565102	0.7098565102	0	0	0	0	0	4.122429848
2103	0.7106153965	0.7106153965	0	0	0	0	0	4.124442577
2104	0.7137246132	0.7137246132	0	0	0	0	0	4.124443531
2105	0.7172629237	0.7172629237	0	0	0	0	0	4.124443531
2106	0.7277296782	0.7277296782	0	0	0	0	0	4.124438763
2107	0.7370561361	0.7370561361	0	0	0	0	0	4.124127388
2108	0.7500882149	0.7500882149	0	0	0	0	0	4.122119904
2109	0.7539503574	0.7539503574	0	0	0	0	0	4.12443924
2110	0.7579894662	0.7579894662	0	0	0	0	0	4.124441624
2111	0.7589110732	0.7589110732	0	0	0	0	0	4.124443054
2112	0.7594285607	0.7594285607	0	0	0	0	0	4.124444008
2113	0.7592537999	0.7592537999	0	0	0	0	0	4.124444008
2114	0.7632737756	0.7632737756	0	0	0	0	0	4.12444067
2115	0.7708553076	0.7708553076	0	0	0	0	0	4.124432564
2116	0.7771039009	0.7771039009	0	0	0	0	0	4.124439716
2117	0.7815082073	0.7815082073	0	0	0	0	0	4.124442101
2118	0.7847057581	0.7847057581	0	0	0	0	0	4.124442101
2119	0.7878285646	0.7878285646	0	0	0	0	0	4.124443531
2120	0.7946526408	0.7946526408	0	0	0	0	0	4.124444008
2121	0.7961102724	0.7961102724	0	0	0	0	0	4.124444008
2122	0.8036097288	0.8036097288	0	0	0	0	0	4.124437332
2123	0.8100802302	0.8100802302	0	0	0	0	0	4.122012138
2124	0.8186113238	0.8186113238	0	0	0	0	0	4.122133255
2125	0.8257962465	0.8257962465	0	0	0	0	0	4.124440193
2126	0.8353991508	0.8353991508	0	0	0	0	0	4.124439716
2127	0.843562901	0.843562901	0	0	0	0	0	4.124442577
2128	0.8516429663	0.8516429663	0	0	0	0	0	4.124442577
2129	0.8595381975	0.8595381975	0	0	0	0	0	4.124442101
2130	0.8702647686	0.8702647686	0	0	0	0	0	4.123866558
2131	0.8888490796	0.8888490796	0	0	0	0	0	4.12139225
2132	0.9021006823	0.9021006823	0	0	0	0	0	4.122087479
2133	0.9129579663	0.9129579663	0	0	0	0	0	4.124435425
2134	0.9255962372	0.9255962372	0	0	0	0	0	4.123698235
2135	0.9351685047	0.9351685047	0	0	0	0	0	4.124441147
2136	0.9419475794	0.9419475794	0	0	0	0	0	4.124441147
2137	0.9561372399	0.9561372399	0	0	0	0	0	4.124441147
2138	0.971183598	0.971183598	0	0	0	0	0	4.124426842
2139	0.9825062752	0.9825062752	0	0	0	0	0	4.124361515
2140	0.9982728362	0.9982728362	0	0	0	0	0	4.124432564
2141	1.014002323	1.014002323	0	0	0	0	0	4.124441624
2142	1.030030847	1.030030847	0	0	0	0	0	4.124443054
2143	1.047104239	1.047104239	0	0	0	0	0	4.124443531
2144	1.06276083	1.06276083	0	0	0	0	0	4.124444008
2145	1.067160487	1.067160487	0	0	0	0	0	4.12444067
2146	1.07679224	1.07679224	0	0	0	0	0	4.124434471
2147	1.089565277	1.089565277	0	0	0	0	0	4.12203598
2148	1.10053277	1.10053277	0	0	0	0	0	4.122520447
2149	1.108643532	1.108643532	0	0	0	0	0	4.124442577
2150	1.117919445	1.117919445	0	0	0	0	0	4.12443018
2151	1.125738382	1.125738382	0	0	0	0	0	4.124442577
2152	1.135839224	1.135839224	0	0	0	0	0	4.124444008
2153	1.146608472	1.146608472	0	0	0	0	0	4.124442101
2154	1.157612085	1.157612085	0	0	0	0	0	4.124436378
2155	1.168730736	1.168730736	0	0	0	0	0	4.124405861
2156	1.181313515	1.181313515	0	0	0	0	0	4.124441147
2157	1.191589475	1.191589475	0	0	0	0	0	4.124444008
2158	1.198300719	1.198300719	0	0	0	0	0	4.124442101
2159	1.20328927	1.20328927	0	0	0	0	0	4.124443531
2160	1.202636123	1.202636123	0	0	0	0	0	4.124444008
2161	1.2005651	1.2005651	0	0	0	0	0	4.124435902
2162	1.199988246	1.199988246	0	0	0	0	0	4.124411106
2163	1.199336648	1.199336648	0	0	0	0	0	4.123807907
2164	1.200998545	1.200998545	0	0	0	0	0	4.124438286
2165	1.202800989	1.202800989	0	0	0	0	0	4.12443924
2166	1.206779003	1.206779003	0	0	0	0	0	4.124443531
2167	1.205801845	1.205801845	0	0	0	0	0	4.124442101
2168	1.198978066	1.198978066	0	0	0	0	0	4.124443531
2169	1.191458941	1.191458941	0	0	0	0	0	4.124434471
2170	1.192459702	1.192459702	0	0	0	0	0	4.124278545
2171	1.190815926	1.190815926	0	0	0	0	0	4.123329639
2172	1.196953773	1.196953773	0	0	0	0	0	4.124435425
2173	1.200649023	1.200649023	0	0	0	0	0	4.12444067
2174	1.19266963	1.19266963	0	0	0	0	0	4.124442577
2175	1.181832671	1.181832671	0	0	0	0	0	4.124442577
2176	1.174917102	1.174917102	0	0	0	0	0	4.124443054
2177	1.175945282	1.175945282	0	0	0	0	0	4.124403954
2178	1.18643117	1.18643117	0	0	0	0	0	4.124358654
2179	1.198974848	1.198974848	0	0	0	0	0	4.122315407
2180	1.2135849	1.2135849	0	0	0	0	0	4.122580051
2181	1.217804551	1.217804551	0	0	0	0	0	4.124426842
2182	1.225017071	1.225017071	0	0	0	0	0	4.124441147
2183	1.231384873	1.231384873	0	0	0	0	0	4.124442577
2184	1.234208822	1.234208822	0	0	0	0	0	4.12443924
2185	1.232917786	1.232917786	0	0	0	0	0	4.12403059
2186	1.232085824	1.232085824	0	0	0	0	0	4.123994827
2187	1.232294679	1.232294679	0	0	0	0	0	4.124207973
2188	1.232832432	1.232832432	0	0	0	0	0	4.12443924
2189	1.234914184	1.234914184	0	0	0	0	0	4.124431133
2190	1.237699628	1.237699628	0	0	0	0	0	4.124440193
2191	1.238878727	1.238878727	0	0	0	0	0	4.124442101
2192	1.234856129	1.234856129	0	0	0	0	0	4.124442101
2193	1.228264928	1.228264928	0	0	0	0	0	4.124073029
2194	1.229640722	1.229640722	0	0	0	0	0	4.123768806
2195	1.23927021	1.23927021	0	0	0	0	0	4.12184906
2196	1.242760897	1.242760897	0	0	0	0	0	4.12300396
2197	1.249595046	1.249595046	0	0	0	0	0	4.12363863
2198	1.254359245	1.254359245	0	0	0	0	0	4.12444067
2199	1.261536479	1.261536479	0	0	0	0	0	4.124442577
2200	1.266037345	1.266037345	0	0	0	0	0	4.124443531
2201	1.270608664	1.270608664	0	0	0	0	0	4.124426842
2202	1.276520967	1.276520967	0	0	0	0	0	4.122087955
2203	1.280094862	1.280094862	0	0	0	0	0	4.12195015
2204	1.278019428	1.278019428	0	0	0	0	0	4.124030113
2205	1.280178785	1.280178785	0	0	0	0	0	4.124437332
2206	1.283197165	1.283197165	0	0	0	0	0	4.124442577
2207	1.286355019	1.286355019	0	0	0	0	0	4.124443531
2208	1.286206841	1.286206841	0	0	0	0	0	4.124444008
2209	1.275993466	1.275993466	0	0	0	0	0	4.124441147
2210	1.263890386	1.263890386	0	0	0	0	0	4.12444067
2211	1.252740145	1.252740145	0	0	0	0	0	4.124442101
2212	1.243039489	1.243039489	0	0	0	0	0	4.124443531
2213	1.23570919	1.23570919	0	0	0	0	0	4.124442577
2214	1.228817225	1.228817225	0	0	0	0	0	4.124443531
2215	1.218702078	1.218702078	0	0	0	0	0	4.124443531
2216	1.195744872	1.195744872	0	0	0	0	0	4.124444008
2217	1.189364791	1.189364791	0	0	0	0	0	4.124441147
2218	1.185327649	1.185327649	0	0	0	0	0	4.124441147
2219	1.193193793	1.193193793	0	0	0	0	0	4.122006416
2220	1.186737657	1.186737657	0	0	0	0	0	4.124436378
2221	1.186043739	1.186043739	0	0	0	0	0	4.124441147
2222	1.184862971	1.184862971	0	0	0	0	0	4.124443531
2223	1.185308099	1.185308099	0	0	0	0	0	4.124443054
2224	1.182468176	1.182468176	0	0	0	0	0	4.124444008
2225	1.178855538	1.178855538	0	0	0	0	0	4.124443531
2226	1.172997475	1.172997475	0	0	0	0	0	4.124443054
2227	1.16601336	1.16601336	0	0	0	0	0	4.124438286
2228	1.160844564	1.160844564	0	0	0	0	0	4.124443054
2229	1.157970071	1.157970071	0	0	0	0	0	4.124443531
2230	1.154898405	1.154898405	0	0	0	0	0	4.124443531
2231	1.149251938	1.149251938	0	0	0	0	0	4.124443531
2232	1.141045809	1.141045809	0	0	0	0	0	4.124444008
2233	1.120390177	1.120390177	0	0	0	0	0	4.124444008
2234	1.101342559	1.101342559	0	0	0	0	0	4.124443531
2235	1.087898254	1.087898254	0	0	0	0	0	4.124444008
2236	1.072390914	1.072390914	0	0	0	0	0	4.124443531
2237	1.05684495	1.05684495	0	0	0	0	0	4.124444008
2238	1.043126583	1.043126583	0	0	0	0	0	4.124443531
2239	1.029459953	1.029459953	0	0	0	0	0	4.124443531
2240	1.010223866	1.010223866	0	0	0	0	0	4.124444008
2241	1.002681732	1.002681732	0	0	0	0	0	4.124444008
2242	0.995480299	0.995480299	0	0	0	0	0	4.124444008
2243	0.9901449084	0.9901449084	0	0	0	0	0	4.124443531
2244	0.9856100678	0.9856100678	0	0	0	0	0	4.124443531
2245	0.9806310534	0.9806310534	0	0	0	0	0	4.124444008
2246	0.9738124609	0.9738124609	0	0	0	0	0	4.124444008
2247	0.9677874446	0.9677874446	0	0	0	0	0	4.124444008
2248	0.9578501582	0.9578501582	0	0	0	0	0	4.124444485
2249	0.9478706121	0.9478706121	0	0	0	0	0	4.124444008
2250	0.9387068748	0.9387068748	0	0	0	0	0	4.124444008
2251	0.9316727519	0.9316727519	0	0	0	0	0	4.124443531
2252	0.9318915009	0.9318915009	0	0	0	0	0	4.124444008
2253	0.9350407124	0.9350407124	0	0	0	0	0	4.124444008
2254	0.9374623895	0.9374623895	0	0	0	0	0	4.124444008
2255	0.9404338598	0.9404338598	0	0	0	0	0	4.124444008
2256	0.9411839247	0.9411839247	0	0	0	0	0	4.124444008
2257	0.9421090484	0.9421090484	0	0	0	0	0	4.124444008
2258	0.9420315623	0.9420315623	0	0	0	0	0	4.124444485
2259	0.943061471	0.943061471	0	0	0	0	0	4.124444008
2260	0.9433061481	0.9433061481	0	0	0	0	0	4.124444962
2261	0.9454789162	0.9454789162	0	0	0	0	0	4.124444008
2262	0.9489335418	0.9489335418	0	0	0	0	0	4.124444485
2263	0.950514853	0.950514853	0	0	0	0	0	4.124444008
2264	0.9529244304	0.9529244304	0	0	0	0	0	4.124444962
2265	0.9570655823	0.9570655823	0	0	0	0	0	4.124444485
2266	0.9550225139	0.9550225139	0	0	0	0	0	4.124444962
2267	0.9537693262	0.9537693262	0	0	0	0	0	4.124444008
2268	0.9499642253	0.9499642253	0	0	0	0	0	4.124444962
2269	0.9501640797	0.9501640797	0	0	0	0	0	4.124444008
2270	0.9558521509	0.9558521509	0	0	0	0	0	4.124444008
2271	0.9640584588	0.9640584588	0	0	0	0	0	4.124444008
2272	0.9639164209	0.9639164209	0	0	0	0	0	4.124444008
2273	0.9604554176	0.9604554176	0	0	0	0	0	4.124444008
2274	0.9535340667	0.9535340667	0	0	0	0	0	4.124444962
2275	0.9540992975	0.9540992975	0	0	0	0	0	4.124444008
2276	0.9610824585	0.9610824585	0	0	0	0	0	4.124444962
2277	0.9694337249	0.9694337249	0	0	0	0	0	4.124444008
2278	0.9733963013	0.9733963013	0	0	0	0	0	4.124444008
2279	0.9759112597	0.9759112597	0	0	0	0	0	4.124444008
2280	0.9774237871	0.9774237871	0	0	0	0	0	4.124444962
2281	0.9794818163	0.9794818163	0	0	0	0	0	4.124444008
2282	0.9814425707	0.9814425707	0	0	0	0	0	4.124444962
2283	0.9853123426	0.9853123426	0	0	0	0	0	4.124444485
2284	0.9874631166	0.9874631166	0	0	0	0	0	4.124444962
2285	0.9914715886	0.9914715886	0	0	0	0	0	4.124444008
2286	0.9963404536	0.9963404536	0	0	0	0	0	4.124444962
2287	1.002056479	1.002056479	0	0	0	0	0	4.124444008
2288	1.004175544	1.004175544	0	0	0	0	0	4.124444962
2289	1.00045836	1.00045836	0	0	0	0	0	4.124444008
2290	0.9961404204	0.9961404204	0	0	0	0	0	4.124444962
2291	0.9912217259	0.9912217259	0	0	0	0	0	4.124445438
2292	0.9823857546	0.9823857546	0	0	0	0	0	4.124444962
2293	0.9789004326	0.9789004326	0	0	0	0	0	4.124444962
2294	0.9759696126	0.9759696126	0	0	0	0	0	4.124444485
2295	0.9737970233	0.9737970233	0	0	0	0	0	4.124444485
2296	0.9713765383	0.9713765383	0	0	0	0	0	4.124444962
2297	0.9655247927	0.9655247927	0	0	0	0	0	4.124444962
2298	0.9552005529	0.9552005529	0	0	0	0	0	4.124445438
2299	0.947470367	0.947470367	0	0	0	0	0	4.12223959
2300	0.9401227832	0.9401227832	0	0	0	0	0	4.124444962
2301	0.9386585951	0.9386585951	0	0	0	0	0	4.124444962
2302	0.9414750934	0.9414750934	0	0	0	0	0	4.124444485
2303	0.9470728636	0.9470728636	0	0	0	0	0	4.124444485
2304	0.9515108466	0.9515108466	0	0	0	0	0	4.124444008
2305	0.9600650072	0.9600650072	0	0	0	0	0	4.124444485
2306	0.9668034315	0.9668034315	0	0	0	0	0	4.124444962
2307	0.9737690687	0.9737690687	0	0	0	0	0	4.124442577
2308	0.9787606001	0.9787606001	0	0	0	0	0	4.124445438
2309	0.981453836	0.981453836	0	0	0	0	0	4.124445438
2310	0.9810084105	0.9810084105	0	0	0	0	0	4.124444962
2311	0.9835569263	0.9835569263	0	0	0	0	0	4.124444962
2312	0.9889270067	0.9889270067	0	0	0	0	0	4.124443054
2313	0.9940078259	0.9940078259	0	0	0	0	0	4.122027397
2314	0.9902367592	0.9902367592	0	0	0	0	0	4.122005463
2315	0.9971597791	0.9971597791	0	0	0	0	0	4.121988297
2316	0.9908723235	0.9908723235	0	0	0	0	0	4.122193336
2317	1.018555999	1.018555999	0	0	0	0	0	4.123013973
2318	1.021370173	1.021370173	0	0	0	0	0	4.124107838
2319	1.041890621	1.041890621	0	0	0	0	0	4.124444008
2320	1.039031744	1.039031744	0	0	0	0	0	4.12219286
2321	1.035165071	1.035165071	0	0	0	0	0	4.121929169
2322	1.028566957	1.028566957	0	0	0	0	0	4.121906757
2323	1.027860641	1.027860641	0	0	0	0	0	4.121907234
2324	1.034743905	1.034743905	0	0	0	0	0	4.121934414
2325	1.042119741	1.042119741	0	0	0	0	0	4.124443531
2326	1.049851775	1.049851775	0	0	0	0	0	4.122425079
2327	1.055600643	1.055600643	0	0	0	0	0	4.124421597
2328	1.05815959	1.05815959	0	0	0	0	0	4.122935295
2329	1.059002399	1.059002399	0	0	0	0	0	4.121961594
2330	1.056954622	1.056954622	0	0	0	0	0	4.121925354
2331	1.0592103	1.0592103	0	0	0	0	0	4.121912479
2332	1.062216043	1.062216043	0	0	0	0	0	4.121927738
2333	1.06419301	1.06419301	0	0	0	0	0	4.122067928
2334	1.065670729	1.065670729	0	0	0	0	0	4.12202549
2335	1.067497492	1.067497492	0	0	0	0	0	4.121996403
2336	1.070114374	1.070114374	0	0	0	0	0	4.121909142
2337	1.069409847	1.069409847	0	0	0	0	0	4.121901512
2338	1.069632888	1.069632888	0	0	0	0	0	4.121898651
2339	1.084258795	1.084258795	0	0	0	0	0	4.121898651
2340	1.096897244	1.096897244	0	0	0	0	0	4.121901512
2341	1.128387928	1.128387928	0	0	0	0	0	4.12191534
2342	1.143738508	1.143738508	0	0	0	0	0	4.12191391
2343	1.153940916	1.153940916	0	0	0	0	0	4.121930122
2344	1.156148076	1.156148076	0	0	0	0	0	4.121906281
2345	1.152481675	1.152481675	0	0	0	0	0	4.121898651
2346	1.146805525	1.146805525	0	0	0	0	0	4.121897221
2347	1.147066355	1.147066355	0	0	0	0	0	4.121899128
2348	1.146473169	1.146473169	0	0	0	0	0	4.121901512
2349	1.147711754	1.147711754	0	0	0	0	0	4.121909142
2350	1.152583838	1.152583838	0	0	0	0	0	4.121912479
2351	1.155609369	1.155609369	0	0	0	0	0	4.121909142
2352	1.160267949	1.160267949	0	0	0	0	0	4.121908188
2353	1.163631439	1.163631439	0	0	0	0	0	4.121899605
2354	1.165362597	1.165362597	0	0	0	0	0	4.121896744
2355	1.169644356	1.169644356	0	0	0	0	0	4.121894836
2356	1.172043085	1.172043085	0	0	0	0	0	4.121896744
2357	1.175248861	1.175248861	0	0	0	0	0	4.121903419
2358	1.176954985	1.176954985	0	0	0	0	0	4.121910572
2359	1.180960417	1.180960417	0	0	0	0	0	4.121900082
2360	1.186900854	1.186900854	0	0	0	0	0	4.121900082
2361	1.187760115	1.187760115	0	0	0	0	0	4.121897221
2362	1.189993024	1.189993024	0	0	0	0	0	4.12189579
2363	1.211094618	1.211094618	0	0	0	0	0	4.12189579
2364	1.24249053	1.24249053	0	0	0	0	0	4.121898651
2365	1.269992471	1.269992471	0	0	0	0	0	4.121902466
2366	1.269001484	1.269001484	0	0	0	0	0	4.121906281
2367	1.273527741	1.273527741	0	0	0	0	0	4.121908188
2368	1.274713635	1.274713635	0	0	0	0	0	4.12190485
2369	1.275749207	1.275749207	0	0	0	0	0	4.121896744
2370	1.278248072	1.278248072	0	0	0	0	0	4.12189579
2371	1.282823324	1.282823324	0	0	0	0	0	4.121896744
2372	1.286257863	1.286257863	0	0	0	0	0	4.121898174
2373	1.294716001	1.294716001	0	0	0	0	0	4.121902943
2374	1.2979213	1.2979213	0	0	0	0	0	4.121904373
2375	1.300459146	1.300459146	0	0	0	0	0	4.121900082
2376	1.300764441	1.300764441	0	0	0	0	0	4.121898174
2377	1.297436595	1.297436595	0	0	0	0	0	4.121896267
2378	1.293967962	1.293967962	0	0	0	0	0	4.121895313
2379	1.290811419	1.290811419	0	0	0	0	0	4.12189436
2380	1.289123416	1.289123416	0	0	0	0	0	4.12189579
2381	1.286210775	1.286210775	0	0	0	0	0	4.121900082
2382	1.281490564	1.281490564	0	0	0	0	0	4.12190485
2383	1.277525187	1.277525187	0	0	0	0	0	4.121902943
2384	1.27604568	1.27604568	0	0	0	0	0	4.121901035
2385	1.27498138	1.27498138	0	0	0	0	0	4.121899128
2386	1.279424071	1.279424071	0	0	0	0	0	4.121898651
2387	1.300036073	1.300036073	0	0	0	0	0	4.121900082
2388	1.323300362	1.323300362	0	0	0	0	0	4.121904373
2389	1.35172236	1.35172236	0	0	0	0	0	4.12191391
2390	1.401539922	1.401539922	0	0	0	0	0	4.121923447
2391	1.429793358	1.429793358	0	0	0	0	0	4.121933937
2392	1.427932739	1.427932739	0	0	0	0	0	4.121916294
2393	1.425118208	1.425118208	0	0	0	0	0	4.121905327
2394	1.427483559	1.427483559	0	0	0	0	0	4.12190485
2395	1.436072111	1.436072111	0	0	0	0	0	4.121909142
2396	1.453679085	1.453679085	0	0	0	0	0	4.121913433
2397	1.471060157	1.471060157	0	0	0	0	0	4.121938705
2398	1.4834373	1.4834373	0	0	0	0	0	4.121937275
2399	1.489796877	1.489796877	0	0	0	0	0	4.121932983
2400	1.497813582	1.497813582	0	0	0	0	0	4.121918678
2401	1.496843576	1.496843576	0	0	0	0	0	4.121897221
2402	1.495362759	1.495362759	0	0	0	0	0	4.121897221
2403	1.49525094	1.49525094	0	0	0	0	0	4.121897221
2404	1.49259007	1.49259007	0	0	0	0	0	4.121898174
2405	1.496190548	1.496190548	0	0	0	0	0	4.121903896
2406	1.49943924	1.49943924	0	0	0	0	0	4.121912003
2407	1.502607465	1.502607465	0	0	0	0	0	4.121907711
2408	1.504474401	1.504474401	0	0	0	0	0	4.12191534
2409	1.501250386	1.501250386	0	0	0	0	0	4.121897221
2410	1.506127715	1.506127715	0	0	0	0	0	4.121898174
2411	1.526896477	1.526896477	0	0	0	0	0	4.121898651
2412	1.568079948	1.568079948	0	0	0	0	0	4.121903896
2413	1.591513157	1.591513157	0	0	0	0	0	4.121916294
2414	1.636758685	1.636758685	0	0	0	0	0	4.121997833
2415	1.652547359	1.652547359	0	0	0	0	0	4.121972084
2416	1.673605919	1.673605919	0	0	0	0	0	4.121920109
2417	1.676295996	1.676295996	0	0	0	0	0	4.121900082
2418	1.673603296	1.673603296	0	0	0	0	0	4.121900558
2419	1.672392488	1.672392488	0	0	0	0	0	4.121909142
2420	1.67171824	1.67171824	0	0	0	0	0	4.121939182
2421	1.679853916	1.679853916	0	0	0	0	0	4.122994423
2422	1.684911251	1.684911251	0	0	0	0	0	4.12442255
2423	1.692532182	1.692532182	0	0	0	0	0	4.121999264
2424	1.699831486	1.699831486	0	0	0	0	0	4.121932983
2425	1.704077244	1.704077244	0	0	0	0	0	4.121901035
2426	1.711026192	1.711026192	0	0	0	0	0	4.121901512
2427	1.714910269	1.714910269	0	0	0	0	0	4.121901512
2428	1.716677666	1.716677666	0	0	0	0	0	4.121925831
2429	1.718344212	1.718344212	0	0	0	0	0	4.121968746
2430	1.718462467	1.718462467	0	0	0	0	0	4.122121811
2431	1.720101118	1.720101118	0	0	0	0	0	4.121942043
2432	1.722608089	1.722608089	0	0	0	0	0	4.121931553
2433	1.722581625	1.722581625	0	0	0	0	0	4.121902466
2434	1.723197937	1.723197937	0	0	0	0	0	4.121906281
2435	1.72665751	1.72665751	0	0	0	0	0	4.121912479
2436	1.739185691	1.739185691	0	0	0	0	0	4.122789383
2437	1.747653008	1.747653008	0	0	0	0	0	4.12353754
2438	1.76988256	1.76988256	0	0	0	0	0	4.124374866
2439	1.792241454	1.792241454	0	0	0	0	0	4.124443531
2440	1.803002477	1.803002477	0	0	0	0	0	4.122335911
2441	1.801991463	1.801991463	0	0	0	0	0	4.121934414
2442	1.800513268	1.800513268	0	0	0	0	0	4.12192297
2443	1.798701644	1.798701644	0	0	0	0	0	4.122005939
2444	1.803539038	1.803539038	0	0	0	0	0	4.12439394
2445	1.808440089	1.808440089	0	0	0	0	0	4.122370243
2446	1.810584784	1.810584784	0	0	0	0	0	4.121435165
2447	1.819174409	1.819174409	0	0	0	0	0	4.122089386
2448	1.821320653	1.821320653	0	0	0	0	0	4.122040272
2449	1.818377495	1.818377495	0	0	0	0	0	4.121907711
2450	1.816228271	1.816228271	0	0	0	0	0	4.12191391
2451	1.815721631	1.815721631	0	0	0	0	0	4.121949196
2452	1.814230442	1.814230442	0	0	0	0	0	4.123063087
2453	1.812782288	1.812782288	0	0	0	0	0	4.124431133
2454	1.811601877	1.811601877	0	0	0	0	0	4.122004032
2455	1.810672402	1.810672402	0	0	0	0	0	4.121939659
2456	1.804944754	1.804944754	0	0	0	0	0	4.121965885
2457	1.796141863	1.796141863	0	0	0	0	0	4.121911049
2458	1.790324569	1.790324569	0	0	0	0	0	4.121356964
2459	1.772121191	1.772121191	0	0	0	0	0	4.119698524
2460	1.757329345	1.757329345	0	0	0	0	0	4.12194252
2461	1.772866726	1.772866726	0	0	0	0	0	4.121927261
2462	1.791066885	1.791066885	0	0	0	0	0	4.1219244
2463	1.792631745	1.792631745	0	0	0	0	0	4.121534348
2464	1.793001294	1.793001294	0	0	0	0	0	4.124437332
2465	1.788578272	1.788578272	0	0	0	0	0	4.122084141
2466	1.778214216	1.778214216	0	0	0	0	0	4.122211456
2467	1.767719269	1.767719269	0	0	0	0	0	4.122524261
2468	1.757279515	1.757279515	0	0	0	0	0	4.122095108
2469	1.747731686	1.747731686	0	0	0	0	0	4.121937275
2470	1.74731648	1.74731648	0	0	0	0	0	4.121930122
2471	1.750720024	1.750720024	0	0	0	0	0	4.122096062
2472	1.7477777	1.7477777	0	0	0	0	0	4.121780872
2473	1.745165825	1.745165825	0	0	0	0	0	4.121969223
2474	1.741100669	1.741100669	0	0	0	0	0	4.12065649
2475	1.740809798	1.740809798	0	0	0	0	0	4.122815609
2476	1.738237262	1.738237262	0	0	0	0	0	4.122600555
2477	1.736794114	1.736794114	0	0	0	0	0	4.121997833
2478	1.737072229	1.737072229	0	0	0	0	0	4.120447636
2479	1.736928821	1.736928821	0	0	0	0	0	4.120064259
2480	1.734132648	1.734132648	0	0	0	0	0	4.119966984
2481	1.735016942	1.735016942	0	0	0	0	0	4.121901035
2482	1.724842429	1.724842429	0	0	0	0	0	4.117526054
2483	1.710693002	1.710693002	0	0	0	0	0	4.117281914
2484	1.714789629	1.714789629	0	0	0	0	0	4.11944437
2485	1.726489663	1.726489663	0	0	0	0	0	4.117034912
2486	1.716736078	1.716736078	0	0	0	0	0	4.117040634
2487	1.722204685	1.722204685	0	0	0	0	0	4.116968632
2488	1.738068342	1.738068342	0	0	0	0	0	4.117002964
2489	1.733646989	1.733646989	0	0	0	0	0	4.117277145
2490	1.726208687	1.726208687	0	0	0	0	0	4.116849422
2491	1.718311071	1.718311071	0	0	0	0	0	4.11686039
2492	1.708001256	1.708001256	0	0	0	0	0	4.117536545
2493	1.70502913	1.70502913	0	0	0	0	0	4.119351864
2494	1.697662711	1.697662711	0	0	0	0	0	4.119358063
2495	1.694380045	1.694380045	0	0	0	0	0	4.117600441
2496	1.68096447	1.68096447	0	0	0	0	0	4.117119789
2497	1.667188048	1.667188048	0	0	0	0	0	4.117373943
2498	1.657446384	1.657446384	0	0	0	0	0	4.116886139
2499	1.650455475	1.650455475	0	0	0	0	0	4.117080688
2500	1.647860527	1.647860527	0	0	0	0	0	4.117241859
2501	1.641407967	1.641407967	0	0	0	0	0	4.116980553
2502	1.638937116	1.638937116	0	0	0	0	0	4.116921425
2503	1.634423018	1.634423018	0	0	0	0	0	4.116897583
2504	1.624243259	1.624243259	0	0	0	0	0	4.117055416
2505	1.616900444	1.616900444	0	0	0	0	0	4.117281437
2506	1.608363509	1.608363509	0	0	0	0	0	4.117146969
2507	1.576593637	1.576593637	0	0	0	0	0	4.119355679
2508	1.541769624	1.541769624	0	0	0	0	0	4.119353294
2509	1.487024188	1.487024188	0	0	0	0	0	4.119318008
2510	1.444108009	1.444108009	0	0	0	0	0	4.117169857
2511	1.411244392	1.411244392	0	0	0	0	0	4.117898464
2512	1.387963057	1.387963057	0	0	0	0	0	4.117082119
2513	1.377300143	1.377300143	0	0	0	0	0	4.116983414
2514	1.375609636	1.375609636	0	0	0	0	0	4.118069649
2515	1.37088418	1.37088418	0	0	0	0	0	4.119357109
2516	1.365402818	1.365402818	0	0	0	0	0	4.119354725
2517	1.352671742	1.352671742	0	0	0	0	0	4.116934776
2518	1.341259241	1.341259241	0	0	0	0	0	4.117534637
2519	1.331494689	1.331494689	0	0	0	0	0	4.11692667
2520	1.317359328	1.317359328	0	0	0	0	0	4.116909027
2521	1.304558039	1.304558039	0	0	0	0	0	4.116922379
2522	1.29335463	1.29335463	0	0	0	0	0	4.116953373
2523	1.285329938	1.285329938	0	0	0	0	0	4.119377613
2524	1.281171322	1.281171322	0	0	0	0	0	4.117610931
2525	1.278137565	1.278137565	0	0	0	0	0	4.117130756
2526	1.277867198	1.277867198	0	0	0	0	0	4.117168427
2527	1.276435852	1.276435852	0	0	0	0	0	4.119045258
2528	1.270246863	1.270246863	0	0	0	0	0	4.117088318
2529	1.265604258	1.265604258	0	0	0	0	0	4.116964817
2530	1.258305907	1.258305907	0	0	0	0	0	4.116844654
2531	1.238750815	1.238750815	0	0	0	0	0	4.116838455
2532	1.206887007	1.206887007	0	0	0	0	0	4.116835594
2533	1.164244175	1.164244175	0	0	0	0	0	4.117542744
2534	1.127516031	1.127516031	0	0	0	0	0	4.116996288
2535	1.096769571	1.096769571	0	0	0	0	0	4.119355202
2536	1.085078001	1.085078001	0	0	0	0	0	4.116932869
2537	1.079889655	1.079889655	0	0	0	0	0	4.116977215
2538	1.077087045	1.077087045	0	0	0	0	0	4.116846561
2539	1.072332144	1.072332144	0	0	0	0	0	4.117498875
2540	1.064303041	1.064303041	0	0	0	0	0	4.117046356
2541	1.060733199	1.060733199	0	0	0	0	0	4.117524624
2542	1.071844339	1.071844339	0	0	0	0	0	4.117632866
2543	1.07265377	1.07265377	0	0	0	0	0	4.116990566
2544	1.065427661	1.065427661	0	0	0	0	0	4.116976261
2545	1.057336569	1.057336569	0	0	0	0	0	4.116908073
2546	1.052064657	1.052064657	0	0	0	0	0	4.116856575
2547	1.046016097	1.046016097	0	0	0	0	0	4.116853237
2548	1.043762207	1.043762207	0	0	0	0	0	4.116865635
2549	1.040460944	1.040460944	0	0	0	0	0	4.117028236
2550	1.038248539	1.038248539	0	0	0	0	0	4.117362022
2551	1.03675735	1.03675735	0	0	0	0	0	4.117153168
2552	1.034696698	1.034696698	0	0	0	0	0	4.116875172
2553	1.027987361	1.027987361	0	0	0	0	0	4.116904259
2554	1.026188016	1.026188016	0	0	0	0	0	4.116849422
2555	1.035792351	1.035792351	0	0	0	0	0	4.116951942
2556	1.043328762	1.043328762	0	0	0	0	0	4.116986752
2557	1.03817749	1.03817749	0	0	0	0	0	4.119344234
2558	1.059444189	1.059444189	0	0	0	0	0	4.119016647
2559	1.081332684	1.081332684	0	0	0	0	0	4.119331837
2560	1.095199347	1.095199347	0	0	0	0	0	4.11863327
2561	1.099789977	1.099789977	0	0	0	0	0	4.117189407
2562	1.097760558	1.097760558	0	0	0	0	0	4.116909027
2563	1.094748855	1.094748855	0	0	0	0	0	4.119357109
2564	1.089775801	1.089775801	0	0	0	0	0	4.119354248
2565	1.085695028	1.085695028	0	0	0	0	0	4.119351387
2566	1.08261168	1.08261168	0	0	0	0	0	4.117230892
2567	1.075946808	1.075946808	0	0	0	0	0	4.117409229
2568	1.073000193	1.073000193	0	0	0	0	0	4.117516994
2569	1.068704128	1.068704128	0	0	0	0	0	4.116889477
2570	1.0665766	1.0665766	0	0	0	0	0	4.11686039
2571	1.067065477	1.067065477	0	0	0	0	0	4.11685276
2572	1.068191767	1.068191767	0	0	0	0	0	4.119142056
2573	1.068586469	1.068586469	0	0	0	0	0	4.119370461
2574	1.070941687	1.070941687	0	0	0	0	0	4.116873741
2575	1.0720191	1.0720191	0	0	0	0	0	4.117367744
2576	1.070320368	1.070320368	0	0	0	0	0	4.116981506
2577	1.063229918	1.063229918	0	0	0	0	0	4.116873741
2578	1.070172071	1.070172071	0	0	0	0	0	4.116857052
2579	1.095659733	1.095659733	0	0	0	0	0	4.11686039
2580	1.114173889	1.114173889	0	0	0	0	0	4.119351864
2581	1.131530762	1.131530762	0	0	0	0	0	4.119336128
2582	1.153497458	1.153497458	0	0	0	0	0	4.117305756
2583	1.175573826	1.175573826	0	0	0	0	0	4.119298935
2584	1.194626689	1.194626689	0	0	0	0	0	4.116958141
2585	1.208282113	1.208282113	0	0	0	0	0	4.117095947
2586	1.206011057	1.206011057	0	0	0	0	0	4.117062092
2587	1.203469396	1.203469396	0	0	0	0	0	4.117086411
2588	1.197121859	1.197121859	0	0	0	0	0	4.119353294
2589	1.186338305	1.186338305	0	0	0	0	0	4.119351864
2590	1.185225368	1.185225368	0	0	0	0	0	4.116990089
2591	1.181460261	1.181460261	0	0	0	0	0	4.116889
2592	1.177851677	1.177851677	0	0	0	0	0	4.116864204
2593	1.174731612	1.174731612	0	0	0	0	0	4.116862297
2594	1.172042608	1.172042608	0	0	0	0	0	4.116875648
2595	1.171512485	1.171512485	0	0	0	0	0	4.116831779
2596	1.17191112	1.17191112	0	0	0	0	0	4.117156029
2597	1.171878219	1.171878219	0	0	0	0	0	4.119368553
2598	1.174182534	1.174182534	0	0	0	0	0	4.116844177
2599	1.175309658	1.175309658	0	0	0	0	0	4.116896629
2600	1.174888015	1.174888015	0	0	0	0	0	4.116821289
2601	1.170798779	1.170798779	0	0	0	0	0	4.116830826
2602	1.181443214	1.181443214	0	0	0	0	0	4.116872787
2603	1.216175675	1.216175675	0	0	0	0	0	4.116857529
2604	1.253416896	1.253416896	0	0	0	0	0	4.116921425
2605	1.309927821	1.309927821	0	0	0	0	0	4.119351864
2606	1.366621137	1.366621137	0	0	0	0	0	4.116859913
2607	1.415368795	1.415368795	0	0	0	0	0	4.117024899
2608	1.446876168	1.446876168	0	0	0	0	0	4.11693573
2609	1.459050536	1.459050536	0	0	0	0	0	4.116895199
2610	1.454544783	1.454544783	0	0	0	0	0	4.116930485
2611	1.45017314	1.45017314	0	0	0	0	0	4.116909027
2612	1.440844178	1.440844178	0	0	0	0	0	4.116959572
2613	1.432758689	1.432758689	0	0	0	0	0	4.119369507
2614	1.431677341	1.431677341	0	0	0	0	0	4.11685133
2615	1.42811799	1.42811799	0	0	0	0	0	4.116846561
2616	1.424566627	1.424566627	0	0	0	0	0	4.11692667
2617	1.421881914	1.421881914	0	0	0	0	0	4.11689806
2618	1.420597672	1.420597672	0	0	0	0	0	4.116951942
2619	1.42190659	1.42190659	0	0	0	0	0	4.116915703
2620	1.422700405	1.422700405	0	0	0	0	0	4.117008209
2621	1.423750877	1.423750877	0	0	0	0	0	4.117033482
2622	1.424717903	1.424717903	0	0	0	0	0	4.116846085
2623	1.425155997	1.425155997	0	0	0	0	0	4.116874695
2624	1.422566772	1.422566772	0	0	0	0	0	4.116876125
2625	1.414378524	1.414378524	0	0	0	0	0	4.116922379
2626	1.423094511	1.423094511	0	0	0	0	0	4.1170187
2627	1.447573781	1.447573781	0	0	0	0	0	4.117108822
2628	1.464121103	1.464121103	0	0	0	0	0	4.119391918
2629	1.493304253	1.493304253	0	0	0	0	0	4.119409561
2630	1.50671792	1.50671792	0	0	0	0	0	4.116893291
2631	1.5049963	1.5049963	0	0	0	0	0	4.116998672
2632	1.506301641	1.506301641	0	0	0	0	0	4.119404316
2633	1.501006007	1.501006007	0	0	0	0	0	4.117539406
2634	1.500747085	1.500747085	0	0	0	0	0	4.119124889
2635	1.495492697	1.495492697	0	0	0	0	0	4.120005608
2636	1.490902185	1.490902185	0	0	0	0	0	4.121455669
2637	1.479382157	1.479382157	0	0	0	0	0	4.119401932
2638	1.452409148	1.452409148	0	0	0	0	0	4.116966248
2639	1.437645793	1.437645793	0	0	0	0	0	4.116956234
2640	1.434617877	1.434617877	0	0	0	0	0	4.119419575
2641	1.425133586	1.425133586	0	0	0	0	0	4.11757946
2642	1.435741425	1.435741425	0	0	0	0	0	4.12190485
2643	1.427916408	1.427916408	0	0	0	0	0	4.118749142
2644	1.431833506	1.431833506	0	0	0	0	0	4.12204361
2645	1.439967394	1.439967394	0	0	0	0	0	4.121527672
2646	1.433439851	1.433439851	0	0	0	0	0	4.11820364
2647	1.438744307	1.438744307	0	0	0	0	0	4.119393826
2648	1.435301423	1.435301423	0	0	0	0	0	4.119551182
2649	1.435763597	1.435763597	0	0	0	0	0	4.11956501
2650	1.428282738	1.428282738	0	0	0	0	0	4.118587017
2651	1.412932038	1.412932038	0	0	0	0	0	4.117832661
2652	1.385913253	1.385913253	0	0	0	0	0	4.119378567
2653	1.348458767	1.348458767	0	0	0	0	0	4.119378567
2654	1.307363749	1.307363749	0	0	0	0	0	4.116886139
2655	1.276852965	1.276852965	0	0	0	0	0	4.116972923
2656	1.269379139	1.269379139	0	0	0	0	0	4.120049477
2657	1.267189622	1.267189622	0	0	0	0	0	4.120025158
2658	1.271163464	1.271163464	0	0	0	0	0	4.118950844
2659	1.277662992	1.277662992	0	0	0	0	0	4.118760109
2660	1.285097241	1.285097241	0	0	0	0	0	4.119392872
2661	1.289473057	1.289473057	0	0	0	0	0	4.11939764
2662	1.295390606	1.295390606	0	0	0	0	0	4.116896152
2663	1.300764203	1.300764203	0	0	0	0	0	4.116870403
2664	1.304169059	1.304169059	0	0	0	0	0	4.117289543
2665	1.304968596	1.304968596	0	0	0	0	0	4.116986752
2666	1.312417746	1.312417746	0	0	0	0	0	4.121738434
2667	1.30604732	1.30604732	0	0	0	0	0	4.117536545
2668	1.305740952	1.305740952	0	0	0	0	0	4.121003151
2669	1.309147477	1.309147477	0	0	0	0	0	4.119812965
2670	1.305725813	1.305725813	0	0	0	0	0	4.116969585
2671	1.305240035	1.305240035	0	0	0	0	0	4.117053986
2672	1.302952051	1.302952051	0	0	0	0	0	4.117105484
2673	1.304090261	1.304090261	0	0	0	0	0	4.11814642
2674	1.288702369	1.288702369	0	0	0	0	0	4.117142677
2675	1.255328417	1.255328417	0	0	0	0	0	4.116992474
2676	1.204155564	1.204155564	0	0	0	0	0	4.116940975
2677	1.145585895	1.145585895	0	0	0	0	0	4.11721611
2678	1.085299134	1.085299134	0	0	0	0	0	4.116833687
2679	1.029851437	1.029851437	0	0	0	0	0	4.116856098
2680	0.9956806898	0.9956806898	0	0	0	0	0	4.119771481
2681	0.978450954	0.978450954	0	0	0	0	0	4.121310234
2682	0.9789512157	0.9789512157	0	0	0	0	0	4.117594242
2683	0.9813706279	0.9813706279	0	0	0	0	0	4.117193222
2684	0.9818264842	0.9818264842	0	0	0	0	0	4.119358063
2685	0.9810397625	0.9810397625	0	0	0	0	0	4.117196083
2686	0.9775626063	0.9775626063	0	0	0	0	0	4.116854191
2687	0.9769192934	0.9769192934	0	0	0	0	0	4.116835594
2688	0.9764100909	0.9764100909	0	0	0	0	0	4.116961956
2689	0.9754328728	0.9754328728	0	0	0	0	0	4.117053986
2690	0.9759738445	0.9759738445	0	0	0	0	0	4.11717701
2691	0.9776207805	0.9776207805	0	0	0	0	0	4.116940975
2692	0.977278769	0.977278769	0	0	0	0	0	4.118884087
2693	0.9778800011	0.9778800011	0	0	0	0	0	4.11881876
2694	0.9790729284	0.9790729284	0	0	0	0	0	4.11689806
2695	0.9796567559	0.9796567559	0	0	0	0	0	4.116883278
2696	0.979722321	0.979722321	0	0	0	0	0	4.116866112
2697	0.982442677	0.982442677	0	0	0	0	0	4.116987228
2698	0.9761898518	0.9761898518	0	0	0	0	0	4.116950989
2699	0.9766785502	0.9766785502	0	0	0	0	0	4.116932392
2700	0.9824338555	0.9824338555	0	0	0	0	0	4.119121552
2701	0.986687243	0.986687243	0	0	0	0	0	4.117025375
2702	0.9862534404	0.9862534404	0	0	0	0	0	4.117064476
2703	0.9806311727	0.9806311727	0	0	0	0	0	4.11693573
2704	0.9765515327	0.9765515327	0	0	0	0	0	4.119368553
2705	0.9788483381	0.9788483381	0	0	0	0	0	4.11811924
2706	0.9811590314	0.9811590314	0	0	0	0	0	4.119385242
2707	0.9839838743	0.9839838743	0	0	0	0	0	4.119347572
2708	0.9857429266	0.9857429266	0	0	0	0	0	4.119353771
2709	0.9872082472	0.9872082472	0	0	0	0	0	4.11903286
2710	0.9885220528	0.9885220528	0	0	0	0	0	4.116859436
2711	0.9892004132	0.9892004132	0	0	0	0	0	4.117017269
2712	0.9888247252	0.9888247252	0	0	0	0	0	4.115407944
2713	0.9898135662	0.9898135662	0	0	0	0	0	4.117763519
2714	0.9923348427	0.9923348427	0	0	0	0	0	4.117077827
2715	0.9955025911	0.9955025911	0	0	0	0	0	4.118017197
2716	0.9975676537	0.9975676537	0	0	0	0	0	4.119356632
2717	0.9999669194	0.9999669194	0	0	0	0	0	4.119357109
2718	1.00323534	1.00323534	0	0	0	0	0	4.117226124
2719	1.005550981	1.005550981	0	0	0	0	0	4.116938114
2720	1.004031897	1.004031897	0	0	0	0	0	4.117886543
2721	1.00491178	1.00491178	0	0	0	0	0	4.118765354
2722	0.9933478832	0.9933478832	0	0	0	0	0	4.119314671
2723	0.9712273479	0.9712273479	0	0	0	0	0	4.118290424
2724	0.9501925111	0.9501925111	0	0	0	0	0	4.119347572
2725	0.9202695489	0.9202695489	0	0	0	0	0	4.119349003
2726	0.9082574248	0.9082574248	0	0	0	0	0	4.117054939
2727	0.91144979	0.91144979	0	0	0	0	0	4.116948605
2728	0.9144587517	0.9144587517	0	0	0	0	0	4.118749142
2729	0.9178259969	0.9178259969	0	0	0	0	0	4.117630959
2730	0.9218920469	0.9218920469	0	0	0	0	0	4.119351387
2731	0.9312966466	0.9312966466	0	0	0	0	0	4.119347095
2732	0.9404149652	0.9404149652	0	0	0	0	0	4.119349003
2733	0.9502008557	0.9502008557	0	0	0	0	0	4.119348049
2734	0.95788908	0.95788908	0	0	0	0	0	4.117529869
2735	0.9637151361	0.9637151361	0	0	0	0	0	4.116883278
2736	0.9650757313	0.9650757313	0	0	0	0	0	4.114539146
2737	0.9660545588	0.9660545588	0	0	0	0	0	4.116990566
2738	0.9668360353	0.9668360353	0	0	0	0	0	4.116091251
2739	0.9688902497	0.9688902497	0	0	0	0	0	4.118857384
2740	0.968224287	0.968224287	0	0	0	0	0	4.119349003
2741	0.9678046107	0.9678046107	0	0	0	0	0	4.119348526
2742	0.9693322182	0.9693322182	0	0	0	0	0	4.118048668
2743	0.970543623	0.970543623	0	0	0	0	0	4.117183685
2744	0.9693684578	0.9693684578	0	0	0	0	0	4.114554405
2745	0.9673210382	0.9673210382	0	0	0	0	0	4.116351128
2746	0.9682700038	0.9682700038	0	0	0	0	0	4.114859104
2747	0.971878767	0.971878767	0	0	0	0	0	4.117123604
2748	0.9717694521	0.9717694521	0	0	0	0	0	4.119346142
2749	0.9702125788	0.9702125788	0	0	0	0	0	4.119333267
2750	0.97006917	0.97006917	0	0	0	0	0	4.117784977
2751	0.9685273767	0.9685273767	0	0	0	0	0	4.11686039
2752	0.9647247791	0.9647247791	0	0	0	0	0	4.11698103
2753	0.9609721899	0.9609721899	0	0	0	0	0	4.116639137
2754	0.9597727656	0.9597727656	0	0	0	0	0	4.119243622
2755	0.9577511549	0.9577511549	0	0	0	0	0	4.119263649
2756	0.9550741315	0.9550741315	0	0	0	0	0	4.119353294
2757	0.951556623	0.951556623	0	0	0	0	0	4.119331837
2758	0.9468479156	0.9468479156	0	0	0	0	0	4.119023323
2759	0.9440902472	0.9440902472	0	0	0	0	0	4.116849422
2760	0.9394874573	0.9394874573	0	0	0	0	0	4.116825104
2761	0.9356358051	0.9356358051	0	0	0	0	0	4.116861343
2762	0.9351316094	0.9351316094	0	0	0	0	0	4.116854191
2763	0.9369621277	0.9369621277	0	0	0	0	0	4.116864681
2764	0.937432766	0.937432766	0	0	0	0	0	4.118813515
2765	0.9382014275	0.9382014275	0	0	0	0	0	4.119351864
2766	0.939484179	0.939484179	0	0	0	0	0	4.119353771
2767	0.9418632984	0.9418632984	0	0	0	0	0	4.118525028
2768	0.9405150414	0.9405150414	0	0	0	0	0	4.11794138
2769	0.9381830096	0.9381830096	0	0	0	0	0	4.116393089
2770	0.9387065172	0.9387065172	0	0	0	0	0	4.117469788
2771	0.9415210485	0.9415210485	0	0	0	0	0	4.116998196
2772	0.94322896	0.94322896	0	0	0	0	0	4.119355202
2773	0.9446425438	0.9446425438	0	0	0	0	0	4.119345665
2774	0.9462762475	0.9462762475	0	0	0	0	0	4.11934948
2775	0.9511404634	0.9511404634	0	0	0	0	0	4.117125511
2776	0.9530630708	0.9530630708	0	0	0	0	0	4.119427681
2777	0.9590495229	0.9590495229	0	0	0	0	0	4.115774632
2778	0.9665452838	0.9665452838	0	0	0	0	0	4.116550922
2779	0.9760593176	0.9760593176	0	0	0	0	0	4.117082596
2780	0.9827691913	0.9827691913	0	0	0	0	0	4.119403839
2781	0.9920027852	0.9920027852	0	0	0	0	0	4.1186409
2782	0.9967107177	0.9967107177	0	0	0	0	0	4.119375706
2783	1.002116799	1.002116799	0	0	0	0	0	4.118019581
2784	1.004910111	1.004910111	0	0	0	0	0	4.11788559
