sample	stable_mse	final_mse	gain	mapping_gate	shape_gate	scale_gate	shift_gate	pattern_entropy
0	0.9201242328	0.9201242328	0	0	0.2536857128	0.2003771961	0.8377065063	4.121130466
1	0.8914174438	0.8914174438	0	0	0.2585416436	0.1999699026	0.8493506908	4.121034145
2	0.8924881816	0.8924881816	0	0	0.2634038627	0.1981550008	0.8597916365	4.121308804
3	0.898984611	0.898984611	0	0	0.2667739391	0.2043603659	0.8624582887	4.121562004
4	0.9202646613	0.9202646613	0	0	0.2649397552	0.2022136748	0.8623509407	4.121764183
5	0.9278879762	0.9278879762	0	0	0.2640536726	0.1999104321	0.8586770892	4.121490955
6	0.8948201537	0.8948201537	0	0	0.2654168606	0.1844953895	0.8532603979	4.121100903
7	0.9187297821	0.9187297821	0	0	0.2599463463	0.1787960231	0.8395962715	4.120967388
8	0.924952209	0.924952209	0	0	0.2590281367	0.1961787343	0.8491944075	4.121141911
9	0.8827271461	0.8827271461	0	0	0.2611619532	0.1943042874	0.8524570465	4.120923042
10	0.8864808679	0.8864808679	0	0	0.2615231872	0.2071115673	0.8553990722	4.121170044
11	0.8942810297	0.8942810297	0	0	0.2678751647	0.2119528949	0.8649614453	4.121362209
12	0.9038925171	0.9038925171	0	0	0.2649967968	0.2110453397	0.862339139	4.121366501
13	0.9435370564	0.9435370564	0	0	0.2645653486	0.204848215	0.858520031	4.121359825
14	0.9575211406	0.9575211406	0	0	0.2623924613	0.1968420297	0.8508769274	4.121032715
15	0.9593535066	0.9593535066	0	0	0.2576003075	0.1955345869	0.8394705653	4.120946884
16	0.9581108093	0.9581108093	0	0	0.2605887949	0.2061680853	0.845394671	4.121108055
17	0.9514029622	0.9514029622	0	0	0.2638278902	0.1999074221	0.8503518105	4.12092495
18	0.9876407385	0.9876407385	0	0	0.2628114522	0.208907038	0.855584383	4.12118578
19	0.9864178896	0.9864178896	0	0	0.2676769793	0.2124141455	0.864223361	4.121435165
20	0.987382412	0.987382412	0	0	0.266633749	0.2034551352	0.8594232202	4.121519089
21	1.014032483	1.014032483	0	0	0.2666452825	0.2065555304	0.8624411821	4.121426582
22	0.9881874919	0.9881874919	0	0	0.2603371739	0.206284523	0.8481048346	4.121068954
23	1.001065493	1.001065493	0	0	0.2580097616	0.1969332248	0.8422106504	4.12096262
24	0.9640980959	0.9640980959	0	0	0.2557688355	0.2109181732	0.8420411944	4.121020317
25	0.9498117566	0.9498117566	0	0	0.2609576285	0.2040596008	0.8506731391	4.120934486
26	0.9772111177	0.9772111177	0	0	0.258782953	0.2242095172	0.8534838557	4.121176243
27	0.9536902905	0.9536902905	0	0	0.2650587857	0.2186010927	0.8627804518	4.121385574
28	0.9886705279	0.9886705279	0	0	0.2639160752	0.2298993617	0.8661849499	4.12151432
29	0.9874228239	0.9874228239	0	0	0.2618350387	0.2265568972	0.8604512215	4.121382713
30	0.9594065547	0.9594065547	0	0	0.2584184408	0.2255384773	0.8534365892	4.121129513
31	0.9554575682	0.9554575682	0	0	0.2541516721	0.2116738111	0.8387681246	4.121055603
32	0.9729506969	0.9729506969	0	0	0.2525751293	0.232299149	0.8473323584	4.121108055
33	0.9628689885	0.9628689885	0	0	0.2537129819	0.2302442938	0.8463273048	4.121035576
34	0.9550706744	0.9550706744	0	0	0.2568773329	0.2292086929	0.8490670323	4.121179104
35	0.9239919782	0.9239919782	0	0	0.2645545602	0.2304987907	0.8612788916	4.121273041
36	0.9089535475	0.9089535475	0	0	0.2636376619	0.2348485738	0.8633223176	4.121342182
37	0.8662183881	0.8662183881	0	0	0.2599663734	0.2332890779	0.8553487659	4.121291637
38	0.7998455763	0.7998455763	0	0	0.2521963418	0.2279361337	0.8368032575	4.121053219
39	0.8082678914	0.8082678914	0	0	0.2543731928	0.2202559412	0.8389050364	4.121006966
40	0.8498075604	0.8498075604	0	0	0.2552313805	0.2378847003	0.8406493068	4.121047497
41	0.8193663359	0.8193663359	0	0	0.2582471371	0.2214356661	0.8448009491	4.120934486
42	0.8076851964	0.8076851964	0	0	0.2580620348	0.2206811607	0.8487471342	4.121118069
43	0.8012284636	0.8012284636	0	0	0.2656680048	0.2206222713	0.8618753552	4.121358395
44	0.7980793715	0.7980793715	0	0	0.2666451633	0.216902867	0.8653763533	4.121490002
45	0.8180682063	0.8180682063	0	0	0.2642002106	0.2231799513	0.8624399304	4.121457577
46	0.8121884465	0.8121884465	0	0	0.256633997	0.2145491391	0.8430396318	4.12104845
47	0.8106592894	0.8106592894	0	0	0.2582466006	0.2019109726	0.8424819112	4.120981216
48	0.7864804864	0.7864804864	0	0	0.2540529072	0.2191472054	0.8392192125	4.121015072
49	0.7706595063	0.7706595063	0	0	0.2598200142	0.2003059685	0.8445318341	4.120891571
50	0.7630264759	0.7630264759	0	0	0.2603535652	0.2039583325	0.8503937721	4.121131897
51	0.7642718554	0.7642718554	0	0	0.2686630189	0.2079905123	0.8649673462	4.121371269
52	0.7591665983	0.7591665983	0	0	0.2674689889	0.2051866651	0.8641232252	4.121466637
53	0.7538036704	0.7538036704	0	0	0.2668302059	0.1993520111	0.8603662848	4.121309757
54	0.7444564104	0.7444564104	0	0	0.2589361668	0.2016914189	0.8438777924	4.121052265
55	0.7475785017	0.7475785017	0	0	0.2592604458	0.188411206	0.8408463001	4.120974064
56	0.7456493974	0.7456493974	0	0	0.2557157576	0.2055927068	0.8404816389	4.121003628
57	0.7527614832	0.7527614832	0	0	0.2581761777	0.2020499557	0.8458654284	4.12089777
58	0.7724052668	0.7724052668	0	0	0.2604455352	0.2008713782	0.854238987	4.121073246
59	0.7849155664	0.7849155664	0	0	0.2671176493	0.2056920826	0.8638237715	4.121179581
60	0.8013081551	0.8013081551	0	0	0.267280668	0.2049962431	0.8651481867	4.121284485
61	0.8177088499	0.8177088499	0	0	0.2654127479	0.2043170929	0.8589983582	4.12122345
62	0.8424023986	0.8424023986	0	0	0.2548955083	0.2075488418	0.8351956606	4.1210289
63	0.8634757996	0.8634757996	0	0	0.2544984818	0.20030801	0.8301753998	4.12097168
64	0.8655710816	0.8655710816	0	0	0.2526032329	0.2185212374	0.8341791034	4.121047497
65	0.8682606816	0.8682606816	0	0	0.2571240067	0.2006903142	0.8347998857	4.120862484
66	0.8749004602	0.8749004602	0	0	0.2574161589	0.1963550746	0.8432303667	4.121069908
67	0.864560008	0.864560008	0	0	0.2623109519	0.206044361	0.8550246954	4.121279716
68	0.8648275733	0.8648275733	0	0	0.2625028193	0.2105359733	0.8573849797	4.121414185
69	0.8750622272	0.8750622272	0	0	0.2624350488	0.2067097723	0.8547238111	4.121406078
70	0.8809143901	0.8809143901	0	0	0.2558826804	0.2034029961	0.8374776244	4.121055603
71	0.8748393059	0.8748393059	0	0	0.2545569539	0.1940620542	0.8319399953	4.120978832
72	0.8534525037	0.8534525037	0	0	0.2522035241	0.2078968287	0.8317294121	4.121010303
73	0.8490602374	0.8490602374	0	0	0.2538139522	0.2023596466	0.8309502602	4.120934486
74	0.8459280133	0.8459280133	0	0	0.2570325434	0.2014772147	0.8433631063	4.1211133
75	0.8387053609	0.8387053609	0	0	0.2648338675	0.2007528543	0.8567183614	4.121315479
76	0.8368920088	0.8368920088	0	0	0.2643635869	0.1947022378	0.851293385	4.121361732
77	0.8328539729	0.8328539729	0	0	0.2664313912	0.1961844563	0.8548519611	4.121243
78	0.8296009302	0.8296009302	0	0	0.2598203123	0.202927947	0.8428686857	4.121048927
79	0.8386055827	0.8386055827	0	0	0.2581453919	0.1963795871	0.837460041	4.120828152
80	0.841448307	0.841448307	0	0	0.252522856	0.2206862122	0.836014986	4.120771885
81	0.849147439	0.849147439	0	0	0.2527010441	0.2145478576	0.8329201937	4.12076807
82	0.8429065943	0.8429065943	0	0	0.2595470846	0.2086405754	0.8446426392	4.12096262
83	0.8415572643	0.8415572643	0	0	0.2612158656	0.2169336528	0.849275291	4.120997429
84	0.8285004497	0.8285004497	0	0	0.2623670995	0.2160302848	0.8501490355	4.121102333
85	0.8270534277	0.8270534277	0	0	0.2589208484	0.2211617231	0.8433890343	4.121123791
86	0.8108977079	0.8108977079	0	0	0.2536644042	0.218134135	0.8239819407	4.120944977
87	0.8243085146	0.8243085146	0	0	0.2528507411	0.2092784494	0.8173289299	4.120923996
88	0.8538866639	0.8538866639	0	0	0.2495221645	0.2308452427	0.8220282197	4.120904446
89	0.8221789598	0.8221789598	0	0	0.2531402707	0.2112393081	0.8205817938	4.120838165
90	0.8233001232	0.8233001232	0	0	0.2591281235	0.2102201134	0.8413281441	4.120954037
91	0.8136920929	0.8136920929	0	0	0.2636134624	0.2037695646	0.8491845727	4.121203423
92	0.8155308962	0.8155308962	0	0	0.2624490857	0.1998405755	0.8444533348	4.121232033
93	0.8215402961	0.8215402961	0	0	0.2638586164	0.2035481334	0.847189486	4.12126255
94	0.813972652	0.813972652	0	0	0.2558619976	0.2027574033	0.8259243965	4.121001244
95	0.8286728859	0.8286728859	0	0	0.2559909225	0.2013487518	0.829200387	4.121007919
96	0.8256312609	0.8256312609	0	0	0.2503445148	0.2185797691	0.8264347911	4.120918751
97	0.8021248579	0.8021248579	0	0	0.2525708675	0.2087319046	0.8274466395	4.120787621
98	0.8030996919	0.8030996919	0	0	0.2566970587	0.2140658647	0.844145298	4.121023655
99	0.8011285663	0.8011285663	0	0	0.2604060173	0.2149259001	0.8511021733	4.121301174
100	0.8003044128	0.8003044128	0	0	0.2617670596	0.2097602338	0.8508493304	4.121329308
101	0.7900623083	0.7900623083	0	0	0.2610546649	0.2156442255	0.8504015803	4.121211529
102	0.7891960144	0.7891960144	0	0	0.2568824887	0.2138583958	0.8365362883	4.120993614
103	0.7838515043	0.7838515043	0	0	0.2547162473	0.2091659307	0.8309445381	4.120940208
104	0.7860882878	0.7860882878	0	0	0.2498454303	0.2181990892	0.8287152052	4.120883942
105	0.7739623785	0.7739623785	0	0	0.2507552505	0.2103322744	0.8293916583	4.120835304
106	0.7809356451	0.7809356451	0	0	0.2581510842	0.211056307	0.8449376225	4.121085167
107	0.8019629121	0.8019629121	0	0	0.2613072395	0.215493843	0.8508871794	4.121144772
108	0.8015832305	0.8015832305	0	0	0.2609979212	0.2110872716	0.8478884697	4.121118546
109	0.8025344014	0.8025344014	0	0	0.2597251832	0.2139583826	0.8438455462	4.121173859
110	0.7858345509	0.7858345509	0	0	0.2495241463	0.2154427469	0.8181375861	4.120944977
111	0.7861166596	0.7861166596	0	0	0.2474879324	0.2124423981	0.8126015663	4.120994568
112	0.8182004094	0.8182004094	0	0	0.2496594936	0.227071166	0.8227615356	4.12100172
113	0.7868999243	0.7868999243	0	0	0.2577715218	0.1956715882	0.8281742334	4.120830059
114	0.7817646265	0.7817646265	0	0	0.2593585253	0.2055111378	0.8425604701	4.12100029
115	0.7800253034	0.7800253034	0	0	0.2622388899	0.2022947818	0.8462715149	4.12115097
116	0.773417592	0.773417592	0	0	0.2642888725	0.1996000856	0.8485994935	4.121219635
117	0.7780429125	0.7780429125	0	0	0.2625919878	0.2088557035	0.8489550352	4.121283531
118	0.7716002464	0.7716002464	0	0	0.2555770278	0.2046564817	0.8300439715	4.12095499
119	0.7585879564	0.7585879564	0	0	0.2530324459	0.2054775506	0.8283173442	4.120922089
120	0.7588808537	0.7588808537	0	0	0.2528393865	0.218580246	0.8327972889	4.120922089
121	0.7503021955	0.7503021955	0	0	0.2544647753	0.2106410712	0.8322146535	4.120782852
122	0.7452757359	0.7452757359	0	0	0.2577040195	0.2160657495	0.8470261693	4.121060371
123	0.7401195765	0.7401195765	0	0	0.2614561319	0.2118266821	0.8530776501	4.12125206
124	0.7388470769	0.7388470769	0	0	0.2606105208	0.2171220034	0.8509660363	4.121312618
125	0.7387404442	0.7387404442	0	0	0.2601825297	0.2291232049	0.8550220728	4.121256351
126	0.726721108	0.726721108	0	0	0.2576644421	0.2181771845	0.842961967	4.121017933
127	0.7193020582	0.7193020582	0	0	0.2580269575	0.1960082501	0.8372729421	4.121033669
128	0.7236331105	0.7236331105	0	0	0.251010716	0.2284899652	0.8373454809	4.120882511
129	0.71211344	0.71211344	0	0	0.2536266744	0.2159234881	0.8411011696	4.120736122
130	0.7376240492	0.7376240492	0	0	0.2559632957	0.216589421	0.8473145366	4.121071339
131	0.7706714869	0.7706714869	0	0	0.2602759898	0.215594843	0.8558099866	4.121141434
132	0.8159049153	0.8159049153	0	0	0.2606398165	0.2135960758	0.8558092713	4.121129036
133	0.8777146339	0.8777146339	0	0	0.2619258463	0.2159689218	0.8578475714	4.121294975
134	0.8802809119	0.8802809119	0	0	0.2586910129	0.2226653546	0.849162519	4.121078014
135	0.8910147548	0.8910147548	0	0	0.2568793893	0.2095628679	0.8419353962	4.121060848
136	0.8877627254	0.8877627254	0	0	0.2578076124	0.2150802165	0.84555161	4.121003151
137	0.8997927904	0.8997927904	0	0	0.2596954107	0.2020549029	0.8428219557	4.12085247
138	0.915838778	0.915838778	0	0	0.261403501	0.2045458853	0.8543231487	4.120999336
139	0.9090054631	0.9090054631	0	0	0.2614348531	0.2035363764	0.8561087251	4.120986938
140	0.901324749	0.901324749	0	0	0.2647053897	0.1983131468	0.8591149449	4.121258736
141	0.9199045897	0.9199045897	0	0	0.2646433711	0.2075536847	0.8604758382	4.121435642
142	0.9163714051	0.9163714051	0	0	0.264090687	0.2054663897	0.855044961	4.121097565
143	0.9132965803	0.9132965803	0	0	0.2618554831	0.1922746599	0.847196579	4.120950222
144	0.9043397307	0.9043397307	0	0	0.2607060373	0.2060618103	0.8508723974	4.120966434
145	0.9207257628	0.9207257628	0	0	0.2625425756	0.1983393282	0.8509784937	4.120844364
146	0.9350985289	0.9350985289	0	0	0.2603396773	0.2102227658	0.8553048372	4.121085167
147	0.9118336439	0.9118336439	0	0	0.2640298009	0.2079770863	0.8624438047	4.121221066
148	0.9130852222	0.9130852222	0	0	0.2677015662	0.2014431506	0.8637341857	4.12134552
149	0.9270851612	0.9270851612	0	0	0.2625213861	0.2205409259	0.8580698371	4.121401787
150	0.9082174897	0.9082174897	0	0	0.2654690146	0.216278851	0.8594895601	4.121091366
151	0.9136753082	0.9136753082	0	0	0.2597059309	0.1945932657	0.8406089544	4.121030331
152	0.9125323296	0.9125323296	0	0	0.2555568218	0.2120098174	0.8397266865	4.12097168
153	0.9186037183	0.9186037183	0	0	0.2588788271	0.2045053989	0.8470590711	4.120886326
154	0.9135389924	0.9135389924	0	0	0.2606301606	0.20974195	0.8517721295	4.121032238
155	0.8885452747	0.8885452747	0	0	0.2642118633	0.2072343379	0.856344223	4.121009827
156	0.8870980144	0.8870980144	0	0	0.2659831643	0.2067302316	0.8585133553	4.121021271
157	0.8923395872	0.8923395872	0	0	0.2638558149	0.2177309692	0.8569493294	4.121235847
158	0.8459892273	0.8459892273	0	0	0.2580026984	0.2163569629	0.8411067128	4.121082783
159	0.8199034929	0.8199034929	0	0	0.2546367049	0.2098298967	0.8322072625	4.12101078
160	0.8222059608	0.8222059608	0	0	0.2575129569	0.2155186534	0.8390722871	4.121053219
161	0.8127949834	0.8127949834	0	0	0.2629221082	0.1924158335	0.8434909582	4.120878696
162	0.8293688893	0.8293688893	0	0	0.2619871199	0.2047663629	0.85095644	4.121035576
163	0.8093258142	0.8093258142	0	0	0.2663785517	0.1967927665	0.8585704565	4.121082306
164	0.8123595715	0.8123595715	0	0	0.2687825263	0.1975967288	0.8615445495	4.121173382
165	0.8191018105	0.8191018105	0	0	0.2655975223	0.2095021904	0.8572189808	4.121390343
166	0.8259308338	0.8259308338	0	0	0.2607903183	0.2092343569	0.8456190825	4.121064186
167	0.8223856688	0.8223856688	0	0	0.2555577755	0.2078732103	0.8365532756	4.120984554
168	0.8021712303	0.8021712303	0	0	0.2579779327	0.2056788057	0.842255652	4.121037006
169	0.7988007069	0.7988007069	0	0	0.2610218823	0.1944233775	0.8434053063	4.120956421
170	0.7986349463	0.7986349463	0	0	0.2593453228	0.2108395249	0.8507838249	4.12112999
171	0.7948257923	0.7948257923	0	0	0.2640294433	0.2111451924	0.8598749042	4.121191978
172	0.7900220752	0.7900220752	0	0	0.2681728899	0.2093883306	0.864875257	4.121312618
173	0.7908810377	0.7908810377	0	0	0.2636786401	0.2237603813	0.8588830829	4.121376991
174	0.7912165523	0.7912165523	0	0	0.2612091601	0.2152325064	0.8487684131	4.121159077
175	0.7753428221	0.7753428221	0	0	0.2613951862	0.1952172667	0.8432431221	4.121220112
176	0.7769907713	0.7769907713	0	0	0.254470706	0.1926817149	0.8253016472	4.121682167
177	0.7777631879	0.7777631879	0	0	0.2588269711	0.1791806519	0.8349661827	4.121630192
178	0.7794531584	0.7794531584	0	0	0.2567771673	0.1919610351	0.83931458	4.121892452
179	0.8037031293	0.8037031293	0	0	0.2635520399	0.1924722046	0.8525753021	4.122199059
180	0.8315252662	0.8315252662	0	0	0.2677783072	0.192554608	0.8581951857	4.122578621
181	0.878451407	0.878451407	0	0	0.2637461424	0.2024578601	0.8502240777	4.122829437
182	0.9116473198	0.9116473198	0	0	0.2617045939	0.1983329207	0.8420194983	4.1226511
183	0.927608788	0.927608788	0	0	0.2578801513	0.185497731	0.830704093	4.123100281
184	0.934715271	0.934715271	0	0	0.2459336221	0.1842789352	0.7922236919	4.123809814
185	0.9467816353	0.9467816353	0	0	0.2487728894	0.1766283065	0.8020268679	4.123630047
186	0.9649869204	0.9649869204	0	0	0.2468173355	0.1900746673	0.8030883074	4.124085426
187	0.9750314355	0.9750314355	0	0	0.250588268	0.1911834329	0.8124811053	4.124294281
188	0.9655260444	0.9655260444	0	0	0.2533021569	0.1856335253	0.8147611022	4.12436533
189	0.9769299626	0.9769299626	0	0	0.2498554438	0.1954562366	0.8039741516	4.124414444
190	0.9574387074	0.9574387074	0	0	0.2492473722	0.1886280179	0.7953390479	4.12441349
191	0.9443802834	0.9443802834	0	0	0.2425014228	0.1782440692	0.7711187005	4.124335766
192	0.93525666	0.93525666	0	0	0.2304563969	0.1718052626	0.7191316485	4.124607563
193	0.9393092394	0.9393092394	0	0	0.247369647	0.212680459	0.8242034912	4.122475624
194	0.9627988935	0.9627988935	0	0	0.2457738668	0.2223000079	0.8272740245	4.122898102
195	0.9882151484	0.9882151484	0	0	0.2494094074	0.2265366763	0.8347560167	4.123574734
196	0.9616997838	0.9616997838	0	0	0.2552792132	0.215844363	0.8386076093	4.123581886
197	0.9787743092	0.9787743092	0	0	0.2530475259	0.2210056037	0.8306658864	4.123644829
198	0.9724553227	0.9724553227	0	0	0.2516103685	0.2199876457	0.8239331245	4.123708248
199	0.9365699291	0.9365699291	0	0	0.2467431128	0.2043480426	0.802818954	4.123579979
200	0.9563647509	0.9563647509	0	0	0.2355030179	0.1974896044	0.7661488652	4.124261856
201	0.923617065	0.923617065	0	0	0.2461527884	0.2164429426	0.8211753368	4.1227808
202	0.8831062317	0.8831062317	0	0	0.251233995	0.2128118724	0.8244290352	4.122719288
203	0.9064407349	0.9064407349	0	0	0.2546876669	0.2227836549	0.8358584642	4.122635365
204	0.9151215553	0.9151215553	0	0	0.2583464682	0.2171670198	0.8406431079	4.122809887
205	0.9475851655	0.9475851655	0	0	0.2553058565	0.2203942239	0.8274791241	4.12324667
206	0.9599916339	0.9599916339	0	0	0.249667421	0.2122482061	0.8021039367	4.123391628
207	0.9572381377	0.9572381377	0	0	0.2460492849	0.2059582323	0.7853884101	4.123502254
208	0.9516031146	0.9516031146	0	0	0.243788287	0.1885406226	0.7624444366	4.123940468
209	0.9620882869	0.9620882869	0	0	0.2514480054	0.1941530406	0.8047079444	4.122492313
210	0.9695264101	0.9695264101	0	0	0.2565376759	0.1822458208	0.818991065	4.122693539
211	0.9786407948	0.9786407948	0	0	0.2584909201	0.1959121376	0.8303860426	4.122872829
212	0.9861767888	0.9861767888	0	0	0.2608985603	0.1946052313	0.8358726501	4.123109818
213	1.007466555	1.007466555	0	0	0.2550620139	0.2050316185	0.8173188567	4.123438358
214	0.9917777777	0.9917777777	0	0	0.2541688979	0.1927412748	0.8087155223	4.123384953
215	0.9774364233	0.9774364233	0	0	0.2501766384	0.188770622	0.7978016734	4.123531342
216	0.9958453178	0.9958453178	0	0	0.2459694594	0.1698349714	0.7705274224	4.124042511
217	0.9650831819	0.9650831819	0	0	0.2570539415	0.1819669008	0.8176833391	4.122635841
218	0.9669376612	0.9669376612	0	0	0.2578571141	0.1819371432	0.8240378499	4.123012066
219	0.9769748449	0.9769748449	0	0	0.2558720112	0.1896353662	0.8238024712	4.122710228
220	0.9911204576	0.9911204576	0	0	0.2573232651	0.1906056106	0.8234806061	4.123254299
221	1.010483027	1.010483027	0	0	0.2551119924	0.2028389275	0.8163181543	4.123316765
222	1.002869606	1.002869606	0	0	0.2577363551	0.1770967245	0.8113720417	4.123398781
223	0.999848485	0.999848485	0	0	0.2522513866	0.1718132198	0.7947045565	4.123606682
224	1.015693069	1.015693069	0	0	0.2454582155	0.1685653478	0.7708426118	4.124149323
225	0.9856894612	0.9856894612	0	0	0.2554562092	0.176949501	0.8110461235	4.122734547
226	0.9802544117	0.9802544117	0	0	0.2606235743	0.1760185808	0.8214898109	4.122841358
227	0.9556621313	0.9556621313	0	0	0.2564450204	0.2010666728	0.8215895891	4.122574806
228	0.9523373842	0.9523373842	0	0	0.2578327954	0.1980081946	0.8218243718	4.122534275
229	0.9801980853	0.9801980853	0	0	0.2550005317	0.2062687576	0.8115937114	4.122739792
230	0.9614630938	0.9614630938	0	0	0.2567124069	0.1889726669	0.8061980009	4.122677803
231	0.9705562592	0.9705562592	0	0	0.2516295016	0.1957817078	0.7920409441	4.123167992
232	0.9881619811	0.9881619811	0	0	0.2480676472	0.1731493175	0.7622407079	4.123785496
233	0.9767664671	0.9767664671	0	0	0.2573652864	0.1754495353	0.8039647937	4.122166157
234	0.9744983912	0.9744983912	0	0	0.2625275552	0.1716171503	0.821878612	4.122669697
235	0.9590989947	0.9590989947	0	0	0.2600974441	0.1858348548	0.8224303722	4.122652531
236	0.9724932313	0.9724932313	0	0	0.261215508	0.1843601018	0.8226370811	4.122857571
237	0.9794464111	0.9794464111	0	0	0.2579821646	0.1967232376	0.8141163588	4.123055458
238	0.9929583669	0.9929583669	0	0	0.2604825199	0.1759280115	0.8126717806	4.122768879
239	0.9700811505	0.9700811505	0	0	0.2566822171	0.1800773591	0.809351325	4.12318325
240	0.986960113	0.986960113	0	0	0.2479725778	0.1680175215	0.776168108	4.123893261
241	1.003881335	1.003881335	0	0	0.2608258128	0.1695189774	0.8199908733	4.122481823
242	0.9681472778	0.9681472778	0	0	0.2570430636	0.191031903	0.8238188624	4.122859478
243	0.9563918114	0.9563918114	0	0	0.2548040748	0.2083447278	0.8279042244	4.12290287
244	0.9637685418	0.9637685418	0	0	0.2553214133	0.2067223787	0.8237608075	4.122837543
245	0.9645898938	0.9645898938	0	0	0.2549597025	0.2077741325	0.820076108	4.123310089
246	0.9551911354	0.9551911354	0	0	0.2561439872	0.1904845536	0.8147991896	4.123494625
247	0.9501882195	0.9501882195	0	0	0.2527564466	0.1866389215	0.8056123853	4.123403072
248	0.9730060101	0.9730060101	0	0	0.2421644777	0.1791619062	0.7728310823	4.124183655
249	0.9605516791	0.9605516791	0	0	0.2504496276	0.1930538565	0.8130514026	4.12291193
250	0.9543184638	0.9543184638	0	0	0.2541702688	0.1880620569	0.8161655664	4.123160839
251	0.9489645958	0.9489645958	0	0	0.2535277009	0.2053886652	0.819232285	4.123018742
252	0.9416009784	0.9416009784	0	0	0.2559126318	0.2008768022	0.8209177852	4.122975349
253	0.9571049213	0.9571049213	0	0	0.2539612949	0.2057450563	0.8146396875	4.123175621
254	0.9381811023	0.9381811023	0	0	0.2493565232	0.1973218471	0.7947579622	4.123139381
255	0.9300498962	0.9300498962	0	0	0.2466009408	0.1895873398	0.7865898609	4.123467922
256	0.9541169405	0.9541169405	0	0	0.2391774952	0.1709896028	0.7500735521	4.124305248
257	0.9391800761	0.9391800761	0	0	0.2492488474	0.1821777225	0.801381588	4.122866154
258	0.936896801	0.936896801	0	0	0.2501545548	0.190816924	0.8093004823	4.123568058
259	0.9428606629	0.9428606629	0	0	0.2513112128	0.1968546212	0.8143317103	4.123375893
260	0.946906209	0.946906209	0	0	0.2539566755	0.1987015009	0.8204343915	4.123459339
261	0.9548245668	0.9548245668	0	0	0.2511693537	0.2036148906	0.809818387	4.12363863
262	0.9393769503	0.9393769503	0	0	0.2489224374	0.1935485899	0.7951307893	4.123250484
263	0.9387302399	0.9387302399	0	0	0.2478400171	0.1890966892	0.7916410565	4.123676777
264	0.9513474703	0.9513474703	0	0	0.2462215424	0.1696401536	0.7780278325	4.124317646
265	0.9380614758	0.9380614758	0	0	0.2581125498	0.1771200448	0.8266791105	4.122919559
266	0.9438729286	0.9438729286	0	0	0.260489583	0.1778275967	0.8359843493	4.123263359
267	0.9469224811	0.9469224811	0	0	0.2624665201	0.194674015	0.845266521	4.123528957
268	0.955162704	0.955162704	0	0	0.2635314465	0.1996621788	0.8462243676	4.123369694
269	0.966406703	0.966406703	0	0	0.2622978985	0.2027597129	0.8396751881	4.123456001
270	0.9572169185	0.9572169185	0	0	0.2608351409	0.1945923418	0.8298322558	4.123137951
271	0.9561285973	0.9561285973	0	0	0.2591257691	0.186097607	0.8223779798	4.122950554
272	0.9427124262	0.9427124262	0	0	0.256745249	0.1940390915	0.8306537867	4.122621536
273	0.9393578768	0.9393578768	0	0	0.2614276409	0.210230425	0.8533741236	4.121623039
274	0.9428140521	0.9428140521	0	0	0.2683670223	0.1889993995	0.8577222228	4.121911049
275	0.9359574914	0.9359574914	0	0	0.2681376934	0.2118225545	0.8596192598	4.121687889
276	0.9213460088	0.9213460088	0	0	0.2692644596	0.2180173695	0.8606390953	4.121562958
277	0.933678925	0.933678925	0	0	0.2667342126	0.2182217389	0.8535241485	4.121417999
278	0.9200832844	0.9200832844	0	0	0.2646657526	0.210097611	0.8442019224	4.121267319
279	0.9136879444	0.9136879444	0	0	0.2592357993	0.2110240608	0.8306049109	4.121163368
280	0.9187552929	0.9187552929	0	0	0.2612326145	0.2029631734	0.8365961909	4.121113777
281	0.8843602538	0.8843602538	0	0	0.2593313158	0.1949315518	0.835311532	4.121085167
282	0.8657811284	0.8657811284	0	0	0.2635551691	0.1964667588	0.8517626524	4.121309757
283	0.8745595217	0.8745595217	0	0	0.2682994306	0.2000844777	0.8602449298	4.121305943
284	0.8720906377	0.8720906377	0	0	0.2712731957	0.1933381706	0.8602058887	4.121394157
285	0.8775191307	0.8775191307	0	0	0.2683722675	0.2019680142	0.8568180799	4.121375084
286	0.8597399592	0.8597399592	0	0	0.2633638978	0.2005106807	0.8435887694	4.121088505
287	0.8544043303	0.8544043303	0	0	0.2606915832	0.1979375184	0.8372815251	4.121091843
288	0.8725172877	0.8725172877	0	0	0.2603124976	0.195387274	0.840254724	4.121133804
289	0.8572694659	0.8572694659	0	0	0.259362936	0.1929819286	0.8375042677	4.121071339
290	0.8575034142	0.8575034142	0	0	0.2654316127	0.1881005764	0.8546255231	4.121335506
291	0.8654930592	0.8654930592	0	0	0.2713417113	0.1923146993	0.8635893464	4.121351242
292	0.8776671886	0.8776671886	0	0	0.2730476856	0.2042731941	0.8650941253	4.12142086
293	0.8612824678	0.8612824678	0	0	0.2691806257	0.2111483812	0.8600913286	4.121376991
294	0.8533790112	0.8533790112	0	0	0.263281852	0.204247117	0.8419199586	4.121137142
295	0.8435109258	0.8435109258	0	0	0.2606183887	0.1996237189	0.8364528418	4.121106148
296	0.8480322957	0.8480322957	0	0	0.2554806173	0.2057430893	0.8337361217	4.121080399
297	0.8461894989	0.8461894989	0	0	0.2557401955	0.1993091255	0.8350195885	4.121059895
298	0.852327168	0.852327168	0	0	0.2608544528	0.1887242496	0.8431636095	4.121326447
299	0.8676534295	0.8676534295	0	0	0.2643591464	0.1997818947	0.8489931226	4.121267796
300	0.8533210754	0.8533210754	0	0	0.2602486014	0.2090737671	0.8401411772	4.121199608
301	0.8293287158	0.8293287158	0	0	0.2593571246	0.2019949257	0.8334031701	4.121287823
302	0.8232804537	0.8232804537	0	0	0.2495576143	0.2073966265	0.800712049	4.121090889
303	0.8294892311	0.8294892311	0	0	0.2462730408	0.2157219648	0.7999873161	4.121093273
304	0.8799859881	0.8799859881	0	0	0.2512619197	0.2211591154	0.8215536475	4.121170044
305	0.817507863	0.817507863	0	0	0.256110698	0.1948128641	0.827730298	4.121064186
306	0.8077979088	0.8077979088	0	0	0.2606475949	0.1877846867	0.8417309523	4.121277809
307	0.8209713697	0.8209713697	0	0	0.266685456	0.2017711699	0.8565319777	4.121268272
308	0.837247014	0.837247014	0	0	0.2676555216	0.2153808475	0.8586862683	4.121321201
309	0.8389540315	0.8389540315	0	0	0.2641924024	0.2166478038	0.8510322571	4.121391296
310	0.8339711428	0.8339711428	0	0	0.2592647672	0.2182920277	0.8377269506	4.12113905
311	0.8174911737	0.8174911737	0	0	0.2586313188	0.2127453089	0.8363205791	4.121071339
312	0.8686816692	0.8686816692	0	0	0.2528559268	0.2302879542	0.8337584138	4.121063232
313	0.8286753893	0.8286753893	0	0	0.2555283308	0.2110044211	0.8344646692	4.121050358
314	0.8033729792	0.8033729792	0	0	0.2588827312	0.2046494931	0.8460744023	4.121243954
315	0.8060892224	0.8060892224	0	0	0.2644121647	0.2090702504	0.8553364277	4.121249199
316	0.816388607	0.816388607	0	0	0.266074121	0.2200000584	0.8578215241	4.121355534
317	0.8242730498	0.8242730498	0	0	0.2621973455	0.2318324745	0.8539664745	4.121302605
318	0.8024430275	0.8024430275	0	0	0.2556942403	0.2233599275	0.8342817426	4.121125221
319	0.774133563	0.774133563	0	0	0.251036793	0.2105098069	0.8208882213	4.121097565
320	0.782199502	0.782199502	0	0	0.2480339557	0.2158889771	0.8212311268	4.121068954
321	0.7746270299	0.7746270299	0	0	0.2508915961	0.2139600068	0.8294972181	4.121044159
322	0.7623463869	0.7623463869	0	0	0.2578810155	0.205045104	0.843529582	4.121231079
323	0.7769263983	0.7769263983	0	0	0.2609529197	0.217944324	0.850900352	4.121164322
324	0.7874755859	0.7874755859	0	0	0.2569044232	0.236539498	0.8455489874	4.121164799
325	0.7566977143	0.7566977143	0	0	0.2554524839	0.2283637375	0.8384182453	4.12127161
326	0.739503026	0.739503026	0	0	0.2477671057	0.2282572687	0.8144690394	4.121083736
327	0.7120931745	0.7120931745	0	0	0.2460867763	0.2212999016	0.8050774336	4.121076584
328	0.7291250825	0.7291250825	0	0	0.2479539216	0.2271390855	0.8195160627	4.121105194
329	0.6919129491	0.6919129491	0	0	0.2547891438	0.2061525285	0.8241158724	4.121045113
330	0.6699416637	0.6699416637	0	0	0.2599861622	0.1965897232	0.8409888148	4.121243954
331	0.6926420927	0.6926420927	0	0	0.2626856565	0.2128350586	0.8504011035	4.12124157
332	0.737380147	0.737380147	0	0	0.2606344223	0.2349677086	0.8510603309	4.121364594
333	0.7323613167	0.7323613167	0	0	0.2576321363	0.2338138074	0.8431239128	4.121349812
334	0.6837693453	0.6837693453	0	0	0.2542459965	0.2182591259	0.8289619684	4.121108055
335	0.6790862679	0.6790862679	0	0	0.2526165843	0.215776518	0.8242097497	4.12103796
336	0.7144563794	0.7144563794	0	0	0.2501205206	0.2218497843	0.8229685426	4.121031761
337	0.6729388237	0.6729388237	0	0	0.2532025576	0.2066000104	0.8210753202	4.120976925
338	0.6516129971	0.6516129971	0	0	0.2588601708	0.2009097934	0.8419459462	4.121253014
339	0.6695870161	0.6695870161	0	0	0.2622738481	0.2103264928	0.8496705294	4.12134552
340	0.6912341118	0.6912341118	0	0	0.2615953386	0.2256782651	0.8490992785	4.121396065
341	0.6827250123	0.6827250123	0	0	0.2600592077	0.2262379378	0.8451091051	4.121324539
342	0.6700720787	0.6700720787	0	0	0.2542953193	0.2174161971	0.8268557787	4.121069431
343	0.6639216542	0.6639216542	0	0	0.2532173991	0.2106337249	0.8226346374	4.121033192
344	0.700383842	0.700383842	0	0	0.2487336099	0.2243942022	0.8211492896	4.121030331
345	0.6739947796	0.6739947796	0	0	0.2492091358	0.2158236504	0.8173155189	4.120880127
346	0.6526031494	0.6526031494	0	0	0.2528750002	0.2085359842	0.8309990764	4.121097565
347	0.6652702093	0.6652702093	0	0	0.2563452423	0.2092221528	0.8346645832	4.12110281
348	0.721150279	0.721150279	0	0	0.2592956126	0.2298423648	0.8458237648	4.121164799
349	0.7214350104	0.7214350104	0	0	0.2614692152	0.2235589027	0.8473114967	4.121326447
350	0.7206992507	0.7206992507	0	0	0.2570770085	0.2154167295	0.8326250911	4.121056557
351	0.7246022224	0.7246022224	0	0	0.2530631423	0.2176493704	0.8251523376	4.120998383
352	0.7540567517	0.7540567517	0	0	0.251555115	0.2226587534	0.8222367167	4.120980263
353	0.719948411	0.719948411	0	0	0.2505331039	0.2049807161	0.8072222471	4.120895863
354	0.7069109678	0.7069109678	0	0	0.2557229102	0.1968129426	0.8260238171	4.121076584
355	0.696259439	0.696259439	0	0	0.2589714527	0.2007442713	0.8337837458	4.121137142
356	0.7242074609	0.7242074609	0	0	0.2605967522	0.2184841782	0.8407979012	4.121226311
357	0.7331864238	0.7331864238	0	0	0.2585820556	0.2191721648	0.8358098865	4.121356964
358	0.7217048407	0.7217048407	0	0	0.2535098493	0.2154347748	0.8215242028	4.121051788
359	0.7299616337	0.7299616337	0	0	0.2529657781	0.2157147527	0.8251593709	4.120985508
360	0.753203392	0.753203392	0	0	0.2483786643	0.229260698	0.8179354668	4.120974064
361	0.712574482	0.712574482	0	0	0.2509415746	0.2109842598	0.817391634	4.12093401
362	0.681376338	0.681376338	0	0	0.2565248907	0.1908780783	0.8276152015	4.121109486
363	0.6738730073	0.6738730073	0	0	0.2628165483	0.1885295212	0.841057837	4.121271133
364	0.7045515776	0.7045515776	0	0	0.259372592	0.2180809975	0.8394786119	4.121347427
365	0.6887992024	0.6887992024	0	0	0.2610563934	0.2112969011	0.8401747942	4.121253014
366	0.6852244735	0.6852244735	0	0	0.2591329813	0.2048494071	0.835725069	4.121152401
367	0.6789641976	0.6789641976	0	0	0.2581808865	0.1961228251	0.8327857256	4.121128559
368	0.6909276843	0.6909276843	0	0	0.2518611252	0.2073351741	0.8221588135	4.120978355
369	0.6954222918	0.6954222918	0	0	0.25343889	0.2034219056	0.8248856664	4.120945454
370	0.6634448171	0.6634448171	0	0	0.2621855736	0.1811070442	0.8396798968	4.121180058
371	0.6528197527	0.6528197527	0	0	0.2669931948	0.1853347719	0.8489540815	4.12117672
372	0.6496068835	0.6496068835	0	0	0.2687084079	0.1947654337	0.8512938619	4.121174335
373	0.6350595355	0.6350595355	0	0	0.2662245333	0.1941139549	0.8456762433	4.121232986
374	0.619173944	0.619173944	0	0	0.2618411779	0.1938635558	0.836256206	4.121039391
375	0.6073039174	0.6073039174	0	0	0.2616100907	0.1845693439	0.8344916105	4.121030807
376	0.6117455363	0.6117455363	0	0	0.2574731112	0.1973629296	0.8307207227	4.121031761
377	0.6059170365	0.6059170365	0	0	0.2585197389	0.1822705269	0.8264856935	4.120989323
378	0.6018002033	0.6018002033	0	0	0.2616988719	0.1798753738	0.8382755518	4.121154785
379	0.5884078741	0.5884078741	0	0	0.2656906545	0.1871443689	0.8499920368	4.121141434
380	0.5888549685	0.5888549685	0	0	0.2677387297	0.1955478042	0.8538404107	4.12129879
381	0.579810977	0.579810977	0	0	0.2675083578	0.1892729104	0.8495728374	4.121442318
382	0.5864727497	0.5864727497	0	0	0.2602203488	0.1882555187	0.8340532184	4.121080875
383	0.582844317	0.582844317	0	0	0.2590795159	0.1876376122	0.8354346752	4.120930672
384	0.5894522071	0.5894522071	0	0	0.2547912598	0.2048359662	0.8339018226	4.121007919
385	0.5806286335	0.5806286335	0	0	0.2568231821	0.1906400919	0.8341895342	4.120949745
386	0.5804584026	0.5804584026	0	0	0.2601518929	0.195272997	0.8482291698	4.121108532
387	0.5734112263	0.5734112263	0	0	0.2630875409	0.1961344033	0.8548826575	4.121327877
388	0.5795230269	0.5795230269	0	0	0.2677375376	0.2016999125	0.8605096936	4.121516705
389	0.5650984645	0.5650984645	0	0	0.2677584887	0.203032881	0.8584628105	4.121531963
390	0.5655034184	0.5655034184	0	0	0.2633549571	0.2031733394	0.8501918316	4.121105194
391	0.5590967536	0.5590967536	0	0	0.2617514431	0.1911667436	0.8445351124	4.121088505
392	0.5648355484	0.5648355484	0	0	0.2549591064	0.2029324323	0.8367276192	4.121033669
393	0.5587944984	0.5587944984	0	0	0.2613469362	0.1906570494	0.8453779817	4.121067047
394	0.561961174	0.561961174	0	0	0.2671652436	0.1787701845	0.8522436023	4.121111393
395	0.553065598	0.553065598	0	0	0.2723065615	0.179581672	0.859097898	4.121170998
396	0.5174985528	0.5174985528	0	0	0.2722834945	0.1918392926	0.8602759838	4.121216297
397	0.4613619447	0.4613619447	0	0	0.2709507346	0.1836282611	0.8556227088	4.121291161
398	0.4329443574	0.4329443574	0	0	0.2639365792	0.1866338998	0.843272984	4.121049404
399	0.4207156003	0.4207156003	0	0	0.2639809847	0.1759439707	0.8403025866	4.121079922
400	0.4573123157	0.4573123157	0	0	0.2656437457	0.1787302792	0.8451400995	4.121092796
401	0.4064057171	0.4064057171	0	0	0.2612944245	0.1751633137	0.8390237689	4.120988369
402	0.4184093475	0.4184093475	0	0	0.2639995217	0.1753398925	0.8473736644	4.121108055
403	0.4042408764	0.4042408764	0	0	0.269623518	0.1740870774	0.8585554957	4.12118721
404	0.3936118484	0.3936118484	0	0	0.2717256844	0.1832202524	0.8625301123	4.121354103
405	0.3776256442	0.3776256442	0	0	0.2712931335	0.182063058	0.8600332141	4.121400833
406	0.3705442846	0.3705442846	0	0	0.2644841373	0.1794560254	0.8468903303	4.120956898
407	0.3808856606	0.3808856606	0	0	0.2646657526	0.1758196503	0.8478550911	4.120997429
408	0.3875069916	0.3875069916	0	0	0.2628273964	0.1884185821	0.8508971334	4.121076584
409	0.3937193453	0.3937193453	0	0	0.2608082294	0.185090661	0.8475492597	4.120950222
410	0.4135099947	0.4135099947	0	0	0.2628518641	0.1903519928	0.8569020629	4.121134281
411	0.4138495028	0.4138495028	0	0	0.2690896988	0.1841490418	0.8655686378	4.121360779
412	0.4116384387	0.4116384387	0	0	0.2705385685	0.1930041611	0.8648838997	4.121535778
413	0.3872153759	0.3872153759	0	0	0.2716496885	0.1873897761	0.8645508885	4.121587753
414	0.3898197711	0.3898197711	0	0	0.2657208145	0.1898103505	0.8535069823	4.121053696
415	0.4009931087	0.4009931087	0	0	0.2637755871	0.1755752861	0.845425725	4.121114254
416	0.3984135091	0.3984135091	0	0	0.2590231895	0.1877019554	0.8427826166	4.121003151
417	0.3957770765	0.3957770765	0	0	0.2606620193	0.1805669069	0.8487677574	4.121038914
418	0.4164041281	0.4164041281	0	0	0.2666790485	0.1765869111	0.8614696264	4.121181488
419	0.4191620648	0.4191620648	0	0	0.2713994682	0.1793889701	0.8685711622	4.121219635
420	0.4175911844	0.4175911844	0	0	0.2738682926	0.1810552776	0.8674437404	4.121285439
421	0.4017544389	0.4017544389	0	0	0.2738003135	0.1741822511	0.8609979749	4.121413231
422	0.3655281961	0.3655281961	0	0	0.2642003298	0.1794778705	0.8454356194	4.121135712
423	0.3685540855	0.3685540855	0	0	0.2605672479	0.1793820113	0.8421488404	4.121161461
424	0.3766865134	0.3766865134	0	0	0.2590516508	0.1816908866	0.8438460231	4.121150017
425	0.3920485079	0.3920485079	0	0	0.2563503683	0.1682001799	0.8333774805	4.121021748
426	0.3916983306	0.3916983306	0	0	0.2606141269	0.1729640812	0.8516386747	4.121201038
427	0.3842822015	0.3842822015	0	0	0.2688082755	0.1712108403	0.8660495281	4.121226788
428	0.3820021451	0.3820021451	0	0	0.2723253667	0.1798639148	0.8672029376	4.121592045
429	0.372771889	0.372771889	0	0	0.2717642486	0.1803659648	0.8625549078	4.121743679
430	0.373952359	0.373952359	0	0	0.264275074	0.1771706492	0.8462148309	4.12116766
431	0.3647613823	0.3647613823	0	0	0.258458674	0.1812921911	0.8386261463	4.121142387
432	0.3732076585	0.3732076585	0	0	0.2589206994	0.1857313365	0.8461560607	4.121249676
433	0.3802926838	0.3802926838	0	0	0.2558014095	0.1733991504	0.8387428522	4.121125698
434	0.389161706	0.389161706	0	0	0.2618780434	0.1726969182	0.8558975458	4.121353626
435	0.3628003597	0.3628003597	0	0	0.2654793262	0.1813099384	0.8644526601	4.121560097
436	0.3632293046	0.3632293046	0	0	0.2690151632	0.1921360195	0.8643988371	4.121744633
437	0.373572588	0.373572588	0	0	0.270357728	0.1824423373	0.8573258519	4.121528625
438	0.3622463644	0.3622463644	0	0	0.2635754049	0.1828804761	0.8456323743	4.120998383
439	0.3658912778	0.3658912778	0	0	0.2586537898	0.1798993647	0.8351768255	4.121214867
440	0.3536619544	0.3536619544	0	0	0.2528856397	0.1880714744	0.8322547674	4.12115097
441	0.3677769303	0.3677769303	0	0	0.2531310618	0.1801529676	0.8345603943	4.121077061
442	0.3796101511	0.3796101511	0	0	0.2597275078	0.1780321747	0.8496216536	4.121294498
443	0.4012833238	0.4012833238	0	0	0.2670323849	0.1790355444	0.8584851623	4.121258259
444	0.3930904269	0.3930904269	0	0	0.267896682	0.1818033159	0.8538438082	4.121294975
445	0.3872306347	0.3872306347	0	0	0.266844511	0.1799167097	0.8464682698	4.121318817
446	0.3861670792	0.3861670792	0	0	0.2613509595	0.1755125374	0.8338773847	4.121039867
447	0.3900714517	0.3900714517	0	0	0.2520907819	0.1796435118	0.8154326081	4.121129036
448	0.3902712464	0.3902712464	0	0	0.2517472804	0.1747525185	0.8261044621	4.121206284
449	0.404465735	0.404465735	0	0	0.2504845858	0.1664749533	0.8204574585	4.121154308
450	0.4094857275	0.4094857275	0	0	0.2561855018	0.1715511531	0.8402915001	4.121297359
451	0.3821187317	0.3821187317	0	0	0.2629657984	0.1829484254	0.8581476808	4.121386051
452	0.3897324502	0.3897324502	0	0	0.2667529285	0.1847058684	0.8581210375	4.121586323
453	0.3930223882	0.3930223882	0	0	0.2656651139	0.1837658137	0.8459517956	4.121601105
454	0.3934267163	0.3934267163	0	0	0.2559844851	0.1800713986	0.8218800426	4.120949745
455	0.3960957229	0.3960957229	0	0	0.2483340651	0.1828593761	0.8087505102	4.121015072
456	0.3804543912	0.3804543912	0	0	0.246873498	0.1844653934	0.8195837736	4.121238708
457	0.3869877756	0.3869877756	0	0	0.2490754426	0.1769551337	0.824716568	4.121139526
458	0.3955365121	0.3955365121	0	0	0.2512645721	0.1875213534	0.8359926343	4.121331215
459	0.3927367032	0.3927367032	0	0	0.2608282864	0.1859401464	0.8550121784	4.121474266
460	0.3896761537	0.3896761537	0	0	0.262797296	0.1984851658	0.8532794118	4.121784687
461	0.4028392434	0.4028392434	0	0	0.2643778026	0.1973492056	0.8456321955	4.121737003
462	0.4034942389	0.4034942389	0	0	0.2575138509	0.2062009424	0.8348071575	4.121103287
463	0.4105760455	0.4105760455	0	0	0.2515992522	0.1965821832	0.8212052584	4.121203899
464	0.3877350092	0.3877350092	0	0	0.2482294291	0.1910808384	0.8245460987	4.121205807
465	0.3791842163	0.3791842163	0	0	0.2466742694	0.194336921	0.8300760388	4.12112999
466	0.3880157471	0.3880157471	0	0	0.2499742061	0.2013117671	0.8414658308	4.121301651
467	0.4069969952	0.4069969952	0	0	0.2599222362	0.1941547841	0.8533359766	4.121432304
468	0.403827399	0.403827399	0	0	0.2593589127	0.2026012987	0.8460031152	4.121460438
469	0.3970432878	0.3970432878	0	0	0.2588120997	0.2032253146	0.8365550041	4.121484756
470	0.3934506774	0.3934506774	0	0	0.2558912933	0.2058031261	0.8314105272	4.121136665
471	0.3900236487	0.3900236487	0	0	0.2498039007	0.2005738318	0.8174672127	4.121203899
472	0.3793708384	0.3793708384	0	0	0.2457154095	0.1998351216	0.8195880055	4.121306419
473	0.3657049537	0.3657049537	0	0	0.244609043	0.1976207495	0.82208395	4.121167183
474	0.3660235107	0.3660235107	0	0	0.2479316592	0.1994236559	0.8358035088	4.121455193
475	0.3622539341	0.3622539341	0	0	0.2569680214	0.2012635916	0.851533711	4.121701717
476	0.3571112752	0.3571112752	0	0	0.2572124898	0.2041917145	0.8442947865	4.121843338
477	0.3592897356	0.3592897356	0	0	0.2551321685	0.2030538619	0.8288260698	4.12170887
478	0.3867236674	0.3867236674	0	0	0.2499921173	0.209627986	0.8191025853	4.121183872
479	0.3762147129	0.3762147129	0	0	0.2473536879	0.2031686157	0.8160275817	4.121230602
480	0.3649095297	0.3649095297	0	0	0.2456379831	0.1946918368	0.821290791	4.121352196
481	0.3543612659	0.3543612659	0	0	0.2442396432	0.1890470386	0.8198032379	4.121282101
482	0.3572663665	0.3572663665	0	0	0.2447610646	0.2028817236	0.8319334388	4.121421814
483	0.3562344909	0.3562344909	0	0	0.2536995113	0.2018701434	0.8474268317	4.121685505
484	0.3448247313	0.3448247313	0	0	0.2563157678	0.2045773268	0.8442126513	4.121954918
485	0.3606408536	0.3606408536	0	0	0.2596524656	0.2098603696	0.8442438245	4.121803284
486	0.3596605062	0.3596605062	0	0	0.2573275566	0.2052342594	0.8366960883	4.121263027
487	0.3584435284	0.3584435284	0	0	0.2486616075	0.204290688	0.8194270134	4.121277809
488	0.3278908134	0.3278908134	0	0	0.2410452664	0.1997928619	0.8118216991	4.121333599
489	0.3233087063	0.3233087063	0	0	0.2411241978	0.2066202909	0.8267377019	4.121372223
490	0.3286553323	0.3286553323	0	0	0.2416770756	0.2161641568	0.8361762762	4.121588707
491	0.3437041044	0.3437041044	0	0	0.2513553798	0.222193107	0.8535968065	4.121849537
492	0.3419696391	0.3419696391	0	0	0.2544958591	0.2171498984	0.8480286598	4.122049809
493	0.3337408602	0.3337408602	0	0	0.2549594641	0.2177514583	0.8395516276	4.121964455
494	0.3646453023	0.3646453023	0	0	0.2505218983	0.2339799553	0.8336748481	4.121643543
495	0.3551490009	0.3551490009	0	0	0.245343253	0.2220263183	0.8193808198	4.121573448
496	0.3345780373	0.3345780373	0	0	0.2393721193	0.2157231122	0.8166521192	4.121748924
497	0.3254052699	0.3254052699	0	0	0.2415295839	0.2036298364	0.824216485	4.121662617
498	0.3308585882	0.3308585882	0	0	0.2413374782	0.2119872272	0.8302634954	4.122006416
499	0.3375950158	0.3375950158	0	0	0.2492601126	0.2180617005	0.845513761	4.122649193
500	0.3496802747	0.3496802747	0	0	0.2501078546	0.2299439758	0.8419241905	4.122772217
501	0.3537929952	0.3537929952	0	0	0.2507671118	0.2282806784	0.8309853673	4.122611046
502	0.3848364651	0.3848364651	0	0	0.2443338186	0.2397609651	0.8215273619	4.121761799
503	0.3795341253	0.3795341253	0	0	0.2401734293	0.235449791	0.8143907189	4.121629715
504	0.3409278393	0.3409278393	0	0	0.2388351113	0.2120771408	0.8136788607	4.121935368
505	0.3230689764	0.3230689764	0	0	0.2381680757	0.2056072503	0.8155611753	4.121675968
506	0.3267794251	0.3267794251	0	0	0.2411383837	0.2122420967	0.8302277327	4.12203455
507	0.3313593268	0.3313593268	0	0	0.2484769076	0.2185516357	0.8447111845	4.122583389
508	0.3485824168	0.3485824168	0	0	0.2501614094	0.2285743654	0.8400444984	4.122937679
509	0.3360332847	0.3360332847	0	0	0.2508980334	0.2228485942	0.8262426257	4.122373104
510	0.3526194394	0.3526194394	0	0	0.2515743375	0.2337042242	0.8339842558	4.122268677
511	0.3501214087	0.3501214087	0	0	0.2438077033	0.2301319689	0.8173145056	4.121776581
512	0.325986594	0.325986594	0	0	0.236814633	0.2204360515	0.8104735613	4.121799469
513	0.3219043314	0.3219043314	0	0	0.2406073362	0.2148349434	0.8267855644	4.121815205
514	0.3218853474	0.3218853474	0	0	0.2460083067	0.217524454	0.8403928876	4.122022629
515	0.3441616595	0.3441616595	0	0	0.2511790991	0.2295041382	0.851893127	4.122435093
516	0.349308908	0.349308908	0	0	0.2556396723	0.2226596773	0.8504269123	4.122507095
517	0.3577852845	0.3577852845	0	0	0.2564734519	0.2210637778	0.8411406279	4.122377872
518	0.3995840549	0.3995840549	0	0	0.252166152	0.2330072671	0.8363503814	4.122076988
519	0.3988033831	0.3988033831	0	0	0.2479420006	0.2244888544	0.8264257312	4.121730328
520	0.3744465411	0.3744465411	0	0	0.240383938	0.2134437859	0.8114919066	4.121864319
521	0.3574915528	0.3574915528	0	0	0.2427587211	0.2027595788	0.8196080327	4.121850491
522	0.361816287	0.361816287	0	0	0.2447303832	0.2175972164	0.8364213109	4.121984005
523	0.3768288195	0.3768288195	0	0	0.2524475455	0.2206280529	0.8503801227	4.122576237
524	0.3986961842	0.3986961842	0	0	0.2513740659	0.2271481305	0.8432728052	4.122803211
525	0.4189375937	0.4189375937	0	0	0.2506481707	0.2345085442	0.8351467848	4.122631073
526	0.4457165897	0.4457165897	0	0	0.2466254681	0.2382177413	0.8261619806	4.122256279
527	0.4112513065	0.4112513065	0	0	0.2478811592	0.2333438098	0.8331472278	4.121857643
528	0.3896604776	0.3896604776	0	0	0.2389081717	0.2227837443	0.8128361702	4.121952534
529	0.3783472478	0.3783472478	0	0	0.2404213697	0.2184224576	0.82136935	4.121973991
530	0.3532791138	0.3532791138	0	0	0.2471283227	0.2125580907	0.8390671611	4.122518539
531	0.3650327921	0.3650327921	0	0	0.2513837814	0.2168008536	0.8458134532	4.122756004
532	0.3895330429	0.3895330429	0	0	0.2507089972	0.2277159244	0.8431477547	4.123026371
533	0.4274463654	0.4274463654	0	0	0.2506744862	0.2388317436	0.8364027143	4.12269783
534	0.4212256372	0.4212256372	0	0	0.2486084551	0.2454778552	0.836899817	4.122441292
535	0.3793755174	0.3793755174	0	0	0.2501914203	0.2260075361	0.8358024359	4.122301579
536	0.3567836881	0.3567836881	0	0	0.2420925349	0.2145941108	0.8221161366	4.122051239
537	0.3653837442	0.3653837442	0	0	0.2463093251	0.2228572965	0.8418968916	4.122255802
538	0.3690716028	0.3690716028	0	0	0.2515732348	0.220344469	0.8512854576	4.122023582
539	0.3692749739	0.3692749739	0	0	0.2634367943	0.2023569942	0.8613985777	4.122431278
540	0.3759973943	0.3759973943	0	0	0.2623459995	0.2093530893	0.85766536	4.122594357
541	0.4039104879	0.4039104879	0	0	0.2626250088	0.2161065042	0.8529362679	4.122385979
542	0.4031257629	0.4031257629	0	0	0.255523771	0.2325443029	0.8445014954	4.122122765
543	0.3726838529	0.3726838529	0	0	0.2501599789	0.2249213159	0.8317435384	4.121831417
544	0.357779175	0.357779175	0	0	0.2477841675	0.2086517513	0.8237554431	4.122028351
545	0.3152736425	0.3152736425	0	0	0.2492481023	0.2073278725	0.8370329738	4.12183857
546	0.3251086473	0.3251086473	0	0	0.2485301346	0.2223882973	0.8442759514	4.122004032
547	0.3186679482	0.3186679482	0	0	0.2586912811	0.2148228437	0.8601378202	4.122465134
548	0.3047614694	0.3047614694	0	0	0.2616556585	0.2113899291	0.8599829674	4.122882843
549	0.311583519	0.311583519	0	0	0.2615089715	0.2187696844	0.855574131	4.122828484
550	0.3004510999	0.3004510999	0	0	0.2578270137	0.2278052121	0.852684319	4.122271061
551	0.2873609066	0.2873609066	0	0	0.2590605021	0.209874928	0.8509348035	4.121878624
552	0.2654093206	0.2654093206	0	0	0.2573937476	0.1926062405	0.8469325304	4.122039318
553	0.262535274	0.262535274	0	0	0.2575983703	0.1901912242	0.8521245122	4.121967793
554	0.2593331933	0.2593331933	0	0	0.2569030821	0.2003156841	0.8577648401	4.12194252
555	0.2655285299	0.2655285299	0	0	0.2636043131	0.2005048096	0.8695884943	4.122467995
556	0.266456157	0.266456157	0	0	0.2635233998	0.2089002728	0.8681206703	4.122756481
557	0.2728531659	0.2728531659	0	0	0.2639672458	0.2125891745	0.8629517555	4.122571468
558	0.2705889642	0.2705889642	0	0	0.2628833354	0.220226258	0.8614039421	4.122377872
559	0.2775729895	0.2775729895	0	0	0.2598788142	0.2158445418	0.8534873724	4.121706009
560	0.2554551065	0.2554551065	0	0	0.2578488886	0.1967688799	0.8475136757	4.121918201
561	0.2510351539	0.2510351539	0	0	0.2603232265	0.1969748288	0.8590750098	4.122074604
562	0.2665411532	0.2665411532	0	0	0.2606126964	0.2048107088	0.8633483052	4.121857643
563	0.2719717622	0.2719717622	0	0	0.2664036155	0.2051119804	0.8730851412	4.122167587
564	0.2751701176	0.2751701176	0	0	0.26516518	0.2125224769	0.8707670569	4.122639656
565	0.2932188511	0.2932188511	0	0	0.2667990625	0.2144768387	0.8678967357	4.122673988
566	0.3109161556	0.3109161556	0	0	0.2647353411	0.2220017761	0.8663570881	4.122581959
567	0.3040205538	0.3040205538	0	0	0.2622843087	0.2133224756	0.8588261604	4.122340202
568	0.292089045	0.292089045	0	0	0.2613019347	0.2014502734	0.8581747413	4.122351646
569	0.2836171389	0.2836171389	0	0	0.2608278394	0.1935714483	0.8567062616	4.122309685
570	0.2963677049	0.2963677049	0	0	0.2585036457	0.2083842605	0.8594495058	4.122027397
571	0.2809282541	0.2809282541	0	0	0.2667324245	0.2020034492	0.8729019165	4.122675419
572	0.2837126255	0.2837126255	0	0	0.2654649019	0.2097206116	0.8716196418	4.123012543
573	0.2962307036	0.2962307036	0	0	0.2641904354	0.2225984335	0.8667160273	4.123124123
574	0.2843023837	0.2843023837	0	0	0.2674861848	0.2017249614	0.8620520234	4.123038769
575	0.2858754098	0.2858754098	0	0	0.2640080452	0.1973960102	0.8542250395	4.122590065
576	0.2894602716	0.2894602716	0	0	0.2619907558	0.1966322958	0.8548375964	4.122497559
577	0.2945221663	0.2945221663	0	0	0.2588279247	0.1955524683	0.8532295227	4.122150898
578	0.3096911013	0.3096911013	0	0	0.2589803338	0.1975873113	0.8576687574	4.122407913
579	0.3079555035	0.3079555035	0	0	0.2619763613	0.2025247961	0.863999486	4.122707844
580	0.3268737197	0.3268737197	0	0	0.2642719746	0.2101061493	0.8681399822	4.123157978
581	0.3420285583	0.3420285583	0	0	0.2641688883	0.2188468426	0.8657910228	4.122959137
582	0.3351690173	0.3351690173	0	0	0.2634846568	0.2181354761	0.8629738092	4.122652531
583	0.3382453322	0.3382453322	0	0	0.2609873414	0.2059965879	0.8540046215	4.122115135
584	0.3548318744	0.3548318744	0	0	0.2591428161	0.2054399699	0.853305161	4.122362614
585	0.3484181762	0.3484181762	0	0	0.2613754272	0.1985198855	0.858158946	4.122496605
586	0.3672343194	0.3672343194	0	0	0.2577326298	0.2063184083	0.8548665047	4.122065544
587	0.359210521	0.359210521	0	0	0.2631721795	0.2123178542	0.8651696444	4.122238159
588	0.3625941575	0.3625941575	0	0	0.2646239698	0.2123191208	0.8666533232	4.123012543
589	0.368147701	0.368147701	0	0	0.2674951553	0.2058981508	0.8651517034	4.122869015
590	0.3690765202	0.3690765202	0	0	0.2623701692	0.2099774629	0.8564890027	4.122493744
591	0.3743221164	0.3743221164	0	0	0.2585117817	0.2117012143	0.849408567	4.122060776
592	0.369692713	0.369692713	0	0	0.2553873062	0.2067093402	0.8474825621	4.122202873
593	0.3702231646	0.3702231646	0	0	0.2558212578	0.1907203794	0.8452507257	4.122167587
594	0.3735433817	0.3735433817	0	0	0.2564588189	0.1946400702	0.8480815887	4.122074127
595	0.3638122082	0.3638122082	0	0	0.2661645412	0.1961023062	0.8639912605	4.122432709
596	0.380867362	0.380867362	0	0	0.2662951648	0.1925486773	0.8606822491	4.123157978
597	0.3950668573	0.3950668573	0	0	0.2658131123	0.19917202	0.8566972613	4.122997284
598	0.3900998533	0.3900998533	0	0	0.2694858909	0.1896015704	0.8584970832	4.12270546
599	0.3893221915	0.3893221915	0	0	0.2708342671	0.1930171698	0.8596132398	4.121886253
600	0.3951640725	0.3951640725	0	0	0.2704576552	0.1784976572	0.8574801087	4.122295856
601	0.3946996331	0.3946996331	0	0	0.2671571374	0.1774665564	0.8572462797	4.122086048
602	0.3805406094	0.3805406094	0	0	0.263029784	0.1848583966	0.8543179631	4.121993542
603	0.3769875169	0.3769875169	0	0	0.2706026435	0.1833205223	0.8647716045	4.122605324
604	0.3818677664	0.3818677664	0	0	0.2684970498	0.1893643439	0.8611584902	4.122773647
605	0.3842372	0.3842372	0	0	0.2740960419	0.1897936016	0.8657006025	4.122941017
606	0.3829019666	0.3829019666	0	0	0.2747980654	0.1882429868	0.8642007113	4.122490883
607	0.3867400587	0.3867400587	0	0	0.2705980837	0.1878265589	0.8556429744	4.121829987
608	0.3777016997	0.3777016997	0	0	0.2637401521	0.1898047179	0.8486958742	4.121987343
609	0.3814556599	0.3814556599	0	0	0.2634513378	0.1892899722	0.8557822108	4.122144699
610	0.4083432555	0.4083432555	0	0	0.2670771182	0.185439676	0.8616565466	4.122116089
611	0.4542117417	0.4542117417	0	0	0.2812396586	0.1799816042	0.8752602935	4.122056007
612	0.4444201291	0.4444201291	0	0	0.2799055278	0.1841237992	0.8737089038	4.122507572
613	0.4704621732	0.4704621732	0	0	0.2795185447	0.1829498559	0.8690450788	4.122421741
614	0.4943903387	0.4943903387	0	0	0.2799544334	0.1810513288	0.866730392	4.122107506
615	0.5182009339	0.5182009339	0	0	0.2757174969	0.1792081147	0.8593702912	4.121652126
616	0.5348047018	0.5348047018	0	0	0.2731916308	0.1808498651	0.8590787053	4.122000217
617	0.5234219432	0.5234219432	0	0	0.2670634985	0.1784852296	0.855263412	4.121916771
618	0.5265257359	0.5265257359	0	0	0.2674925327	0.1685135216	0.8559717536	4.121770382
619	0.5290306807	0.5290306807	0	0	0.2775015235	0.1660677493	0.8670836687	4.122048855
620	0.5310693383	0.5310693383	0	0	0.2784655094	0.1747417897	0.8700473309	4.122629642
621	0.5252956152	0.5252956152	0	0	0.2778542042	0.1896811426	0.8666478992	4.122671604
622	0.5357407331	0.5357407331	0	0	0.2757147253	0.1846793294	0.858459115	4.122312069
623	0.5599442124	0.5599442124	0	0	0.2761773169	0.1763203889	0.857869029	4.121683598
624	0.5527804494	0.5527804494	0	0	0.2729135752	0.1756067723	0.856895566	4.121970177
625	0.5293577909	0.5293577909	0	0	0.2702744007	0.171571821	0.8581017256	4.121872425
626	0.521235168	0.521235168	0	0	0.2667763531	0.1727164984	0.8550260663	4.121905327
627	0.5523577332	0.5523577332	0	0	0.2749763131	0.1755256355	0.8642237782	4.122236252
628	0.5359947085	0.5359947085	0	0	0.2754357755	0.1800276339	0.8648317456	4.122815609
629	0.5225155354	0.5225155354	0	0	0.2745994329	0.1886116266	0.8617283106	4.122468472
630	0.501891911	0.501891911	0	0	0.2705775797	0.1942669302	0.8558460474	4.12222147
631	0.5204024315	0.5204024315	0	0	0.2690685689	0.1907297075	0.8492547274	4.121868134
632	0.527538836	0.527538836	0	0	0.2620884478	0.1908269823	0.8377248049	4.121845722
633	0.4951263666	0.4951263666	0	0	0.2590408623	0.1955828369	0.8454877138	4.12189579
634	0.5056808591	0.5056808591	0	0	0.2576447129	0.1958523244	0.8447527885	4.121841908
635	0.5922535658	0.5922535658	0	0	0.2724824548	0.1819500327	0.8571673036	4.121824265
636	0.5599768758	0.5599768758	0	0	0.2640972733	0.1907268316	0.8431307673	4.1222682
637	0.6271073222	0.6271073222	0	0	0.2713609338	0.1906159222	0.8551877141	4.12232542
638	0.6336350441	0.6336350441	0	0	0.2684808075	0.1986567825	0.8517506719	4.122452736
639	0.6705617309	0.6705617309	0	0	0.2703984976	0.1924159229	0.8523281813	4.122018814
640	0.6942440271	0.6942440271	0	0	0.2692273259	0.1870947629	0.851418376	4.121957779
641	0.6622951031	0.6622951031	0	0	0.2648280859	0.1850370169	0.8511954546	4.122060776
642	0.6667218208	0.6667218208	0	0	0.2619626522	0.1892524958	0.8502919078	4.122072697
643	0.6519719958	0.6519719958	0	0	0.2727450728	0.184080258	0.8654416203	4.122050285
644	0.6534373164	0.6534373164	0	0	0.2709179521	0.1932345778	0.8621780872	4.122797489
645	0.6648765206	0.6648765206	0	0	0.2680161297	0.2101484239	0.8572053313	4.123087406
646	0.6746453643	0.6746453643	0	0	0.2644298375	0.2174895555	0.8523575068	4.122866631
647	0.6791834235	0.6791834235	0	0	0.2630852163	0.2121011913	0.8482540846	4.121932507
648	0.6725264192	0.6725264192	0	0	0.258428514	0.2124970108	0.8409144878	4.122296333
649	0.6625611782	0.6625611782	0	0	0.2588433027	0.2019054592	0.8453141451	4.122393608
650	0.6820557714	0.6820557714	0	0	0.2541821599	0.2084952295	0.8426442146	4.122360706
651	0.6580398083	0.6580398083	0	0	0.2609172463	0.1955395043	0.8434134126	4.122562885
652	0.6718912721	0.6718912721	0	0	0.2628500164	0.2024937123	0.845885396	4.122956276
653	0.6987136602	0.6987136602	0	0	0.2644346058	0.2153502405	0.8474051356	4.123159409
654	0.7164956331	0.7164956331	0	0	0.2638243437	0.2169231474	0.8425076604	4.12296772
655	0.7166208625	0.7166208625	0	0	0.262888819	0.2111219019	0.8402905464	4.122364521
656	0.7092501521	0.7092501521	0	0	0.2526726425	0.2117311656	0.822835207	4.121983528
657	0.6878088117	0.6878088117	0	0	0.2484826297	0.2247424424	0.8321616054	4.122283936
658	0.7150251865	0.7150251865	0	0	0.256292969	0.2014752179	0.8427462578	4.122118473
659	0.7320054173	0.7320054173	0	0	0.2696292996	0.1935400516	0.8566984534	4.122101784
660	0.7513926029	0.7513926029	0	0	0.2666534185	0.2073553205	0.8515263796	4.122525692
661	0.7926334143	0.7926334143	0	0	0.2708292902	0.1976433545	0.8444314599	4.122399807
662	0.8026341796	0.8026341796	0	0	0.2598520517	0.2194345593	0.8339942098	4.122159481
663	0.8064115644	0.8064115644	0	0	0.2601931989	0.2024338096	0.8316880465	4.121727467
664	0.8160053492	0.8160053492	0	0	0.255631566	0.2181324065	0.8335466981	4.122005939
665	0.8114558458	0.8114558458	0	0	0.2490277588	0.2132450938	0.8246810436	4.121799946
666	0.8100805879	0.8100805879	0	0	0.2510232925	0.21305722	0.8322890401	4.121841908
667	0.7983138561	0.7983138561	0	0	0.2621336579	0.2070118189	0.8483017683	4.122119904
668	0.8078559637	0.8078559637	0	0	0.2607095242	0.2153130323	0.8413735628	4.122710705
669	0.8326283693	0.8326283693	0	0	0.260737896	0.2247316092	0.8367056847	4.1225667
670	0.8332031965	0.8332031965	0	0	0.250777334	0.2286903113	0.8160104156	4.122139454
671	0.8447409272	0.8447409272	0	0	0.2490790486	0.2286005914	0.8143193126	4.122023106
672	0.8140528798	0.8140528798	0	0	0.2497722358	0.2170219421	0.8221762776	4.122158051
673	0.8345229626	0.8345229626	0	0	0.2436116338	0.2254378498	0.8181498647	4.122018337
674	0.8375064135	0.8375064135	0	0	0.2389174253	0.2243135571	0.8060547709	4.121988297
675	0.8396662474	0.8396662474	0	0	0.2529378235	0.2113999575	0.8289418221	4.122354031
676	0.8401618004	0.8401618004	0	0	0.2555044293	0.2219961733	0.8267422915	4.122717857
677	0.8477243781	0.8477243781	0	0	0.2594011426	0.2184817046	0.8277319074	4.122821808
678	0.842101872	0.842101872	0	0	0.2480221093	0.2299481332	0.8021947742	4.122191906
679	0.8713206053	0.8713206053	0	0	0.2480315715	0.2348386645	0.8116631508	4.121995449
680	0.8438918591	0.8438918591	0	0	0.2410358191	0.2339431494	0.8015587926	4.121944427
681	0.8436871767	0.8436871767	0	0	0.2407399416	0.2315110266	0.8097081184	4.121918678
682	0.8918523192	0.8918523192	0	0	0.2457139641	0.2303700745	0.8223800659	4.121992588
683	0.882748723	0.882748723	0	0	0.2578423321	0.211749509	0.8357623219	4.121900082
684	0.9414756298	0.9414756298	0	0	0.2633421123	0.2166231722	0.8401797414	4.122283936
685	0.9260717034	0.9260717034	0	0	0.264842093	0.2141474336	0.8361845613	4.122454166
686	0.9058764577	0.9058764577	0	0	0.2564818859	0.2248715013	0.8221350908	4.121857643
687	0.9831017852	0.9831017852	0	0	0.2516499162	0.2346906215	0.8183617592	4.121702671
688	0.9440619349	0.9440619349	0	0	0.2521311641	0.2253536284	0.8262018561	4.121717453
689	0.9403176308	0.9403176308	0	0	0.2488981187	0.2223757505	0.8251131177	4.121780396
690	0.9307610393	0.9307610393	0	0	0.2482454181	0.2200660408	0.8249524236	4.121761799
691	0.9266636968	0.9266636968	0	0	0.2528675497	0.2292856276	0.8361076117	4.121896267
692	0.9499473572	0.9499473572	0	0	0.2531208396	0.2372342348	0.8281728625	4.12228775
693	0.9480506182	0.9480506182	0	0	0.2555264831	0.2375078499	0.8293393254	4.122872353
694	0.9534518123	0.9534518123	0	0	0.2453258634	0.2490577698	0.8052884936	4.12223959
695	0.9508743286	0.9508743286	0	0	0.2449535429	0.2445200086	0.8056790233	4.121860981
696	0.9343903065	0.9343903065	0	0	0.2424942255	0.2424037606	0.8088335395	4.121931076
697	0.9445325136	0.9445325136	0	0	0.2382309288	0.2371562123	0.8049739003	4.121848106
698	0.93204844	0.93204844	0	0	0.242446214	0.2301864624	0.8160707355	4.122020245
699	0.9087208509	0.9087208509	0	0	0.250256896	0.2197331488	0.826603651	4.122313499
700	0.9145462513	0.9145462513	0	0	0.2487236857	0.2312906086	0.8170050383	4.122511387
701	0.9332318902	0.9332318902	0	0	0.2547360957	0.2268279791	0.8253119588	4.122754574
702	0.9763045311	0.9763045311	0	0	0.2503576577	0.2504763007	0.8201862574	4.122141361
703	0.9350710511	0.9350710511	0	0	0.2542305291	0.2234882861	0.8229441643	4.122077942
704	0.9255526662	0.9255526662	0	0	0.2486746907	0.2273228019	0.8173675537	4.122138023
705	0.9447409511	0.9447409511	0	0	0.2463602275	0.2395362407	0.8247991204	4.121986389
706	0.9122741222	0.9122741222	0	0	0.2557314634	0.2177730054	0.8339514732	4.121726036
707	0.9025951624	0.9025951624	0	0	0.265229553	0.2085329294	0.8463816643	4.121816635
708	0.905818224	0.905818224	0	0	0.2643536925	0.2031218708	0.8344396949	4.121950626
709	0.9387844801	0.9387844801	0	0	0.2685898542	0.2000151128	0.8387331963	4.122086525
710	0.946026206	0.946026206	0	0	0.2696849108	0.1710719466	0.8219899535	4.121635437
711	0.9577212334	0.9577212334	0	0	0.2608950138	0.1723317653	0.8087277412	4.121518135
712	1.01691699	1.01691699	0	0	0.2627670765	0.1605183482	0.8144692779	4.121718407
713	0.9731283784	0.9731283784	0	0	0.2587949336	0.1662309915	0.816390872	4.121731758
714	0.9394072294	0.9394072294	0	0	0.2583897412	0.1803146452	0.8260799646	4.121815205
715	0.9545788765	0.9545788765	0	0	0.2619264126	0.1853693277	0.8298534155	4.122057438
716	0.9498198628	0.9498198628	0	0	0.265170455	0.1864919066	0.8309369087	4.122308254
717	0.9537042975	0.9537042975	0	0	0.2705226541	0.1910014451	0.8412917256	4.122556686
718	0.9348573089	0.9348573089	0	0	0.2673956752	0.1975349933	0.8342518806	4.121737003
719	0.9182411432	0.9182411432	0	0	0.2590182126	0.2073131353	0.8244803548	4.121479034
720	0.9104492664	0.9104492664	0	0	0.2547314465	0.2108018547	0.8240271211	4.121727467
721	0.9142577648	0.9142577648	0	0	0.2534706593	0.2005164027	0.8253625035	4.121828556
722	0.9178147912	0.9178147912	0	0	0.256608516	0.199391976	0.8369771838	4.121835709
723	0.9239385724	0.9239385724	0	0	0.2616143823	0.1987491399	0.8443670869	4.122334003
724	0.9244421124	0.9244421124	0	0	0.2653025091	0.1952136606	0.8446665406	4.122658253
725	0.9342198968	0.9342198968	0	0	0.2700212896	0.2005534917	0.8509440422	4.122599602
726	0.9040225744	0.9040225744	0	0	0.2691677511	0.2070211023	0.8441092968	4.121720791
727	0.9314796925	0.9314796925	0	0	0.2623834312	0.1984097213	0.8314973116	4.12157011
728	0.9349995852	0.9349995852	0	0	0.2581989169	0.20520024	0.8324021697	4.121767044
729	0.9440385103	0.9440385103	0	0	0.2577932775	0.1992223114	0.8370461464	4.121714115
730	0.9320462346	0.9320462346	0	0	0.2659676075	0.184826687	0.8453117609	4.121590614
731	0.9174708128	0.9174708128	0	0	0.2705582976	0.1904528737	0.8558502197	4.121809483
732	0.8984734416	0.8984734416	0	0	0.2722708285	0.1929066777	0.8540560603	4.121823788
733	0.9442843199	0.9442843199	0	0	0.2773357034	0.1897806376	0.8579664826	4.121875763
734	0.909701407	0.909701407	0	0	0.2701650262	0.2121770084	0.8451997042	4.12133503
735	0.8946474195	0.8946474195	0	0	0.2622537315	0.2110715359	0.8288949132	4.12134552
736	0.8974358439	0.8974358439	0	0	0.2620514333	0.2095893919	0.83399719	4.121542931
737	0.9039960504	0.9039960504	0	0	0.2558199763	0.2030168474	0.8275843263	4.121435165
738	0.9105173945	0.9105173945	0	0	0.2580942512	0.1987630725	0.8343642354	4.121572018
739	0.8979955316	0.8979955316	0	0	0.2612551451	0.2033883929	0.8440122008	4.12184
740	0.9065593481	0.9065593481	0	0	0.2696384192	0.1935126483	0.8526331782	4.121983051
741	0.9156993628	0.9156993628	0	0	0.2710193098	0.2087603509	0.8546706438	4.122067451
742	0.9296346307	0.9296346307	0	0	0.268535316	0.2091403306	0.8455319405	4.121411324
743	0.9063216448	0.9063216448	0	0	0.2625505626	0.2197166234	0.8393706083	4.121295929
744	0.8822385669	0.8822385669	0	0	0.2573020458	0.2223762125	0.8337499499	4.121490002
745	0.8956534863	0.8956534863	0	0	0.2522002757	0.2152709663	0.8258802295	4.12140131
746	0.8923967481	0.8923967481	0	0	0.2536725104	0.2145156562	0.8350155354	4.1215868
747	0.8963390589	0.8963390589	0	0	0.2580156624	0.2131627202	0.8433439136	4.121930599
748	0.868234992	0.868234992	0	0	0.2602462471	0.2189863771	0.8447306752	4.121990204
749	0.8923603296	0.8923603296	0	0	0.266498059	0.2200079709	0.8528003693	4.122065067
750	0.8962205052	0.8962205052	0	0	0.264939934	0.2291248441	0.8436467052	4.121462345
751	0.867508769	0.867508769	0	0	0.2581242025	0.2265277654	0.8310385942	4.121417046
752	0.8405873179	0.8405873179	0	0	0.2509596944	0.2313401103	0.8209091425	4.121449947
753	0.8623597026	0.8623597026	0	0	0.2501575351	0.2363293022	0.8298779726	4.121483803
754	0.8701871037	0.8701871037	0	0	0.2609924674	0.2156231552	0.8471877575	4.121579647
755	0.849743247	0.849743247	0	0	0.2622638047	0.2178980708	0.8480266333	4.121668816
756	0.8006514311	0.8006514311	0	0	0.2647126913	0.2195965052	0.8504447937	4.121598244
757	0.7856941223	0.7856941223	0	0	0.2665180564	0.2143712044	0.8475669622	4.121666908
758	0.7795711756	0.7795711756	0	0	0.2627903819	0.2322017998	0.8366948962	4.121319771
759	0.7702752352	0.7702752352	0	0	0.2564213276	0.2217220962	0.820445478	4.121241093
760	0.7548525929	0.7548525929	0	0	0.2521439791	0.2208335102	0.8147992492	4.121345043
761	0.7538641691	0.7538641691	0	0	0.2437957078	0.2291394621	0.8062135577	4.121354103
762	0.7444903255	0.7444903255	0	0	0.2503596246	0.2205973864	0.823810041	4.121484756
763	0.7661893964	0.7661893964	0	0	0.2541040778	0.2269670665	0.8319566846	4.12175703
764	0.7400564551	0.7400564551	0	0	0.2570014894	0.2224409282	0.8350920677	4.121748447
765	0.7475434542	0.7475434542	0	0	0.2581396699	0.2322914302	0.8389183879	4.12201643
766	0.7642778754	0.7642778754	0	0	0.2579554915	0.2351241112	0.8333926201	4.121314049
767	0.7437162995	0.7437162995	0	0	0.2567611337	0.2234206945	0.828007102	4.121195793
768	0.7359400988	0.7359400988	0	0	0.248921752	0.2369455546	0.8188853264	4.121359348
769	0.73969239	0.73969239	0	0	0.240909189	0.2395390719	0.8058269024	4.121388435
770	0.7196195126	0.7196195126	0	0	0.2458380908	0.231180504	0.8198023438	4.121520996
771	0.7528668642	0.7528668642	0	0	0.2474879324	0.2423751503	0.8257115483	4.1218009
772	0.7203701735	0.7203701735	0	0	0.2528655529	0.2411802113	0.8368037343	4.121927261
773	0.7251782417	0.7251782417	0	0	0.2561362684	0.2338923663	0.8353842497	4.121901512
774	0.7173064351	0.7173064351	0	0	0.2559904754	0.241204828	0.8305171728	4.121286869
775	0.7145769	0.7145769	0	0	0.2563256025	0.2284807861	0.8286421895	4.121259689
776	0.6968874931	0.6968874931	0	0	0.2442543805	0.2453163862	0.8087956309	4.121340275
777	0.6903826594	0.6903826594	0	0	0.243178457	0.2379787266	0.8136680126	4.121416092
778	0.7266333103	0.7266333103	0	0	0.2489102483	0.2357455939	0.8260752559	4.121417999
779	0.7335749269	0.7335749269	0	0	0.2537311018	0.2364629358	0.8336096406	4.12165451
780	0.6625326872	0.6625326872	0	0	0.2599697709	0.2275779992	0.8447527289	4.121589661
781	0.6724368334	0.6724368334	0	0	0.260360837	0.2228572965	0.8413760662	4.121590614
782	0.6617873311	0.6617873311	0	0	0.2587259114	0.2235913724	0.8299531341	4.121208668
783	0.6436485648	0.6436485648	0	0	0.2539564073	0.2154850215	0.8158125281	4.121156216
784	0.6199857593	0.6199857593	0	0	0.2482670844	0.2204465121	0.8099346161	4.121237755
785	0.6154020429	0.6154020429	0	0	0.2457408458	0.2194570601	0.8104326129	4.121352196
786	0.6122094989	0.6122094989	0	0	0.24995327	0.2185404897	0.8261240721	4.12146616
787	0.6095591187	0.6095591187	0	0	0.2538526356	0.2205876112	0.8327085376	4.12169981
788	0.5993088484	0.5993088484	0	0	0.2580787838	0.215158239	0.840436399	4.121823788
789	0.628162384	0.628162384	0	0	0.2571721673	0.2260544896	0.8359954357	4.121729851
790	0.61735183	0.61735183	0	0	0.256901592	0.2235448211	0.8301563263	4.121212006
791	0.6239483356	0.6239483356	0	0	0.2509203553	0.2216727585	0.8179813623	4.12112093
792	0.5979918838	0.5979918838	0	0	0.2463551462	0.2169691324	0.8098791242	4.121265888
793	0.615557313	0.615557313	0	0	0.2453095317	0.2250136435	0.8182121515	4.121337891
794	0.6018202305	0.6018202305	0	0	0.2517299056	0.2105370015	0.8306776881	4.121489525
795	0.6216183305	0.6216183305	0	0	0.2557381094	0.2164605707	0.837831378	4.121646881
796	0.6073223948	0.6073223948	0	0	0.2576716542	0.2291937619	0.846394062	4.121863365
797	0.5997998118	0.5997998118	0	0	0.2569712102	0.2208789438	0.8344976306	4.121712208
798	0.6213904023	0.6213904023	0	0	0.2536032498	0.2283495516	0.8229245543	4.121202946
799	0.6275980473	0.6275980473	0	0	0.2504984438	0.2249782681	0.8174514771	4.121168137
800	0.6240137815	0.6240137815	0	0	0.2421766967	0.2382612675	0.8086750507	4.12126255
801	0.6556257606	0.6556257606	0	0	0.2397123128	0.2605779767	0.8235681653	4.121422291
802	0.6438217163	0.6438217163	0	0	0.2519025207	0.2317135632	0.835490346	4.121465206
803	0.6699872613	0.6699872613	0	0	0.2577579021	0.2367575765	0.8406495452	4.121510983
804	0.5860112906	0.5860112906	0	0	0.2612635791	0.2365223765	0.8494459987	4.12167263
805	0.5705702901	0.5705702901	0	0	0.2607913315	0.2294050157	0.8406748176	4.121559143
806	0.5374780297	0.5374780297	0	0	0.2533273995	0.2321947217	0.8168433905	4.121194363
807	0.5896559954	0.5896559954	0	0	0.2452254593	0.2368687838	0.800962925	4.121146202
808	0.6200769544	0.6200769544	0	0	0.2423269451	0.2413132042	0.8036224842	4.121242523
809	0.5623982549	0.5623982549	0	0	0.2387606055	0.2425574809	0.809591949	4.121325493
810	0.4938071668	0.4938071668	0	0	0.2490237951	0.2297766358	0.8266695738	4.121494293
811	0.4753995538	0.4753995538	0	0	0.2609091699	0.2222893089	0.8447711468	4.121616364
812	0.4429093003	0.4429093003	0	0	0.2628617883	0.2179745734	0.8452838659	4.121761322
813	0.4879723489	0.4879723489	0	0	0.2609497905	0.2334377021	0.8401989937	4.121712685
814	0.4753476083	0.4753476083	0	0	0.2598257065	0.2189186215	0.8296436071	4.121290207
815	0.5050988793	0.5050988793	0	0	0.2550822794	0.2248011082	0.828175962	4.121109486
816	0.4956732392	0.4956732392	0	0	0.2480205148	0.228321597	0.8219389915	4.121203899
817	0.4970070422	0.4970070422	0	0	0.2509350479	0.2259140909	0.8343703747	4.121300697
818	0.5142813325	0.5142813325	0	0	0.2593253553	0.2241428643	0.8499617577	4.121413231
819	0.5291327238	0.5291327238	0	0	0.2704750896	0.2133933008	0.8613863587	4.121631622
820	0.5142804384	0.5142804384	0	0	0.2656454444	0.2381848395	0.8569909334	4.121748447
821	0.5381827354	0.5381827354	0	0	0.2647532225	0.2430533916	0.8507437706	4.12166214
822	0.4868676364	0.4868676364	0	0	0.2626681924	0.2239992023	0.8396480083	4.121292591
823	0.5023537278	0.5023537278	0	0	0.2533898056	0.2265527844	0.8210055828	4.121146202
824	0.5086885095	0.5086885095	0	0	0.2486610413	0.2352855802	0.8239723444	4.121229172
825	0.5247523785	0.5247523785	0	0	0.2497680932	0.2465310395	0.8423819542	4.121335506
826	0.5320776701	0.5320776701	0	0	0.2576158047	0.2263715863	0.8454972506	4.121416569
827	0.5604686737	0.5604686737	0	0	0.267791003	0.2255342603	0.8566471338	4.121495724
828	0.5341392756	0.5341392756	0	0	0.2657129765	0.2408563346	0.8558323383	4.12155962
829	0.5239689946	0.5239689946	0	0	0.2614135146	0.2494572848	0.8464055657	4.121569157
830	0.4890090823	0.4890090823	0	0	0.25893718	0.2429784387	0.8385263085	4.121253014
831	0.5011776686	0.5011776686	0	0	0.2530174851	0.2384192646	0.8281439543	4.121123314
832	0.5287867785	0.5287867785	0	0	0.2527032197	0.2343606502	0.8302966356	4.121214867
833	0.4568555057	0.4568555057	0	0	0.2524294257	0.2321662605	0.8386750817	4.121275902
834	0.4205793738	0.4205793738	0	0	0.2567415833	0.2226566374	0.8436629176	4.121369362
835	0.4336182773	0.4336182773	0	0	0.2647951841	0.2225874066	0.8549204469	4.121579647
836	0.4206240177	0.4206240177	0	0	0.2670283914	0.2254585773	0.8576264977	4.121787548
837	0.4799562991	0.4799562991	0	0	0.2623355389	0.2412772924	0.8475372791	4.121817589
838	0.4404824972	0.4404824972	0	0	0.2571058869	0.2346534729	0.833006978	4.121340275
839	0.4620036185	0.4620036185	0	0	0.2525130212	0.2238287479	0.826446414	4.121149063
840	0.4811936319	0.4811936319	0	0	0.2503618598	0.2229628563	0.8274527788	4.121214867
841	0.452431947	0.452431947	0	0	0.2521916628	0.2076304704	0.8331059813	4.121273994
842	0.4548793435	0.4548793435	0	0	0.2567763031	0.2070716172	0.8435447216	4.121357441
843	0.4744181037	0.4744181037	0	0	0.2633870244	0.2051611245	0.8520064354	4.121538639
844	0.492988497	0.492988497	0	0	0.265283972	0.2197182924	0.8559192419	4.121922493
845	0.5233250856	0.5233250856	0	0	0.2598784566	0.2407876253	0.8481248021	4.121753693
846	0.5199649334	0.5199649334	0	0	0.2583130598	0.2283993959	0.8386466503	4.12128973
847	0.5503692627	0.5503692627	0	0	0.2496574223	0.2293435782	0.8226174116	4.121124744
848	0.5519214869	0.5519214869	0	0	0.2442424446	0.2371422499	0.8183751702	4.121154785
849	0.5346161127	0.5346161127	0	0	0.2479940653	0.2308275402	0.8360555768	4.121375084
850	0.5094289184	0.5094289184	0	0	0.2565790713	0.2245414406	0.8525674939	4.121416569
851	0.5278375149	0.5278375149	0	0	0.264385283	0.2237629145	0.8623820543	4.121520519
852	0.5303697586	0.5303697586	0	0	0.2627124488	0.2346368134	0.8581135273	4.121712685
853	0.5404849052	0.5404849052	0	0	0.2592965961	0.246975556	0.8506207466	4.121771336
854	0.5107945204	0.5107945204	0	0	0.2591784894	0.230091393	0.8441732526	4.121474266
855	0.584936142	0.584936142	0	0	0.2521942854	0.2350355983	0.834659934	4.121284962
856	0.6071658134	0.6071658134	0	0	0.2507787049	0.2246115506	0.831371665	4.121303558
857	0.5820664763	0.5820664763	0	0	0.2498557419	0.2146421671	0.8292149305	4.121316433
858	0.5305308104	0.5305308104	0	0	0.2522318959	0.2140992731	0.8367061615	4.12141037
859	0.5247454643	0.5247454643	0	0	0.2639346123	0.1902280003	0.8486322761	4.121527672
860	0.5407879949	0.5407879949	0	0	0.2646030784	0.2021634877	0.8485156298	4.121857166
861	0.5255279541	0.5255279541	0	0	0.2603889108	0.2249886394	0.8429108858	4.122065067
862	0.5512568951	0.5512568951	0	0	0.2593826056	0.2171234339	0.8383334279	4.12152338
863	0.5933340788	0.5933340788	0	0	0.2537181079	0.2118830979	0.8280810118	4.121321678
864	0.6161658168	0.6161658168	0	0	0.2498494834	0.2145036459	0.8279736638	4.12127018
865	0.5719653964	0.5719653964	0	0	0.2506741583	0.2006244212	0.8306515813	4.121335506
866	0.5443579555	0.5443579555	0	0	0.2532265186	0.2097399533	0.8427437544	4.121433735
867	0.5627314448	0.5627314448	0	0	0.259432286	0.1987131238	0.8429363966	4.121555328
868	0.5651116967	0.5651116967	0	0	0.2620694935	0.2105027884	0.8473656178	4.121863365
869	0.5569964647	0.5569964647	0	0	0.263155818	0.2247953862	0.8490890265	4.121788025
870	0.551502943	0.551502943	0	0	0.2604058087	0.2189224064	0.8429083228	4.121422768
871	0.5737067461	0.5737067461	0	0	0.252691865	0.2137338966	0.8278052211	4.121221542
872	0.5624329448	0.5624329448	0	0	0.2487604916	0.216584757	0.8268033266	4.121201515
873	0.5514968038	0.5514968038	0	0	0.2500276268	0.222843051	0.8402007222	4.121295452
874	0.5047211647	0.5047211647	0	0	0.2529546022	0.2338602692	0.8530938029	4.121304035
875	0.5158175826	0.5158175826	0	0	0.2637518346	0.2105142772	0.85966748	4.121447086
876	0.5743797421	0.5743797421	0	0	0.2698815465	0.2119760066	0.8642507195	4.121686459
877	0.6096068621	0.6096068621	0	0	0.2677358091	0.2263928801	0.8588291407	4.121808529
878	0.6226072907	0.6226072907	0	0	0.2649426758	0.2237438262	0.852553308	4.121479034
879	0.5991837382	0.5991837382	0	0	0.2566475272	0.2199885547	0.8394943476	4.121400356
880	0.6445979476	0.6445979476	0	0	0.2559844851	0.2172144204	0.8427816033	4.121364594
881	0.588631928	0.588631928	0	0	0.251445204	0.2118875235	0.8365821838	4.121391296
882	0.5736874938	0.5736874938	0	0	0.2550886869	0.2115435302	0.8481675386	4.121431828
883	0.5666518211	0.5666518211	0	0	0.2632300258	0.2051049173	0.8559863567	4.121634007
884	0.5891193748	0.5891193748	0	0	0.2684240937	0.2055605501	0.8583502173	4.121795177
885	0.5967432857	0.5967432857	0	0	0.2654188275	0.2305891216	0.8548780084	4.122303486
886	0.6076391339	0.6076391339	0	0	0.2621462345	0.220462203	0.843776226	4.12172699
887	0.6262589693	0.6262589693	0	0	0.2576605678	0.2257289141	0.8431068659	4.121450424
888	0.6421359777	0.6421359777	0	0	0.2534595132	0.2187132835	0.8371521235	4.121369362
889	0.6043213606	0.6043213606	0	0	0.2494364083	0.2204520851	0.8353430629	4.121404171
890	0.5705634356	0.5705634356	0	0	0.2488126308	0.2255102992	0.8411206007	4.121439934
891	0.560875535	0.560875535	0	0	0.2575091422	0.209068507	0.8476768732	4.121671677
892	0.5844920278	0.5844920278	0	0	0.2667976916	0.2083934546	0.8558254242	4.12184763
893	0.5415665507	0.5415665507	0	0	0.270141691	0.2089113444	0.8567404151	4.122146606
894	0.5588256121	0.5588256121	0	0	0.2665577531	0.2109282762	0.8479033709	4.121715069
895	0.5848966241	0.5848966241	0	0	0.2608116269	0.2151310742	0.8423634768	4.121683121
896	0.5897188783	0.5897188783	0	0	0.2562854886	0.2145754099	0.8418915868	4.121486187
897	0.5188712478	0.5188712478	0	0	0.2502679229	0.2179323584	0.8385956287	4.121433735
898	0.5217157602	0.5217157602	0	0	0.2524001002	0.2241815329	0.8507935405	4.121579647
899	0.5362921953	0.5362921953	0	0	0.2604493499	0.2151757181	0.8588113189	4.121778011
900	0.5544062853	0.5544062853	0	0	0.2693120539	0.2159338444	0.8670985699	4.122188568
901	0.5708737373	0.5708737373	0	0	0.2695407271	0.2245351225	0.8630864024	4.122569084
902	0.5857441425	0.5857441425	0	0	0.2677666843	0.2273212224	0.8575606346	4.122280598
903	0.5808649659	0.5808649659	0	0	0.2627064288	0.2192638069	0.8487359881	4.122195244
904	0.5936080813	0.5936080813	0	0	0.2605203986	0.2104470581	0.8494698405	4.121972084
905	0.5631219149	0.5631219149	0	0	0.2541309595	0.2170987576	0.8447069526	4.122016907
906	0.543284297	0.543284297	0	0	0.2496893257	0.2235705256	0.8449388146	4.12186718
907	0.5472159386	0.5472159386	0	0	0.2571829855	0.2178569138	0.853689909	4.122152328
908	0.5715306401	0.5715306401	0	0	0.265999645	0.2221062779	0.8626398444	4.122730732
909	0.5881411433	0.5881411433	0	0	0.2665150166	0.2364139557	0.8587448597	4.123195648
910	0.5569829345	0.5569829345	0	0	0.2704217136	0.2191838473	0.8583205342	4.122620106
911	0.5672730803	0.5672730803	0	0	0.2617856562	0.2286850661	0.849319458	4.122246265
912	0.5751006007	0.5751006007	0	0	0.2575345635	0.2227720767	0.8478289247	4.122092247
913	0.5327804089	0.5327804089	0	0	0.2516320944	0.2212223262	0.8421677351	4.122088909
914	0.5362499952	0.5362499952	0	0	0.2491952628	0.2248971313	0.8446202278	4.12229538
915	0.5460067391	0.5460067391	0	0	0.2569294274	0.2116069496	0.8518515229	4.122507572
916	0.5638375282	0.5638375282	0	0	0.2593584061	0.2410790324	0.8587299585	4.122914791
917	0.5361853242	0.5361853242	0	0	0.2587893903	0.2461067587	0.8513976336	4.123213768
918	0.5427535176	0.5427535176	0	0	0.2611014843	0.2430948317	0.8512581587	4.123091698
919	0.5272762775	0.5272762775	0	0	0.2580065727	0.2226070166	0.8416685462	4.122727394
920	0.5147770643	0.5147770643	0	0	0.2472991049	0.2340043634	0.8327846527	4.122145653
921	0.5134997368	0.5134997368	0	0	0.2435357869	0.2456608713	0.8373307586	4.122527599
922	0.5666005015	0.5666005015	0	0	0.2469656616	0.2328078002	0.8400433064	4.122209072
923	0.5737078786	0.5737078786	0	0	0.265121907	0.1913263202	0.8581002355	4.122428894
924	0.580154717	0.580154717	0	0	0.2708864808	0.2065531462	0.8666303754	4.123012543
925	0.6807637811	0.6807637811	0	0	0.2738557458	0.2110860199	0.8593831658	4.122945309
926	0.6215398312	0.6215398312	0	0	0.2651581168	0.2274644524	0.8510432243	4.122667313
927	0.6061957479	0.6061957479	0	0	0.25897488	0.2228968889	0.8432483673	4.122326374
928	0.6151854992	0.6151854992	0	0	0.2584376633	0.2112160623	0.8475912213	4.122255802
929	0.6002585292	0.6002585292	0	0	0.2494622469	0.2384130806	0.8487065434	4.122319221
930	0.5977585316	0.5977585316	0	0	0.249156341	0.2396527529	0.8518339992	4.122365952
931	0.5855027437	0.5855027437	0	0	0.2571849227	0.2260447294	0.8559991717	4.122570515
932	0.5757487416	0.5757487416	0	0	0.2606093287	0.2397697121	0.860471189	4.123233795
933	0.5915961266	0.5915961266	0	0	0.262113452	0.2514235973	0.8555585146	4.123376846
934	0.6008984447	0.6008984447	0	0	0.2607733309	0.2465199679	0.8484538198	4.123022556
935	0.5881127119	0.5881127119	0	0	0.2543170154	0.2524469793	0.8464289904	4.122820854
936	0.557751298	0.557751298	0	0	0.2473417073	0.252327621	0.8412425518	4.122921467
937	0.5536936522	0.5536936522	0	0	0.2403195202	0.2548174858	0.8327507973	4.122876644
938	0.5854606628	0.5854606628	0	0	0.2389122397	0.2638036013	0.8338628411	4.122959137
939	0.5476453304	0.5476453304	0	0	0.2451759726	0.2499233484	0.8336977363	4.123177528
940	0.5812083483	0.5812083483	0	0	0.2481299788	0.2686590552	0.8400176764	4.123514175
941	0.5558430552	0.5558430552	0	0	0.255240202	0.2635480464	0.8411266804	4.123456478
942	0.5523069501	0.5523069501	0	0	0.2528328001	0.2672453523	0.8342021108	4.123241425
943	0.5466582775	0.5466582775	0	0	0.2475482374	0.267018646	0.8327746391	4.123079777
944	0.5250521302	0.5250521302	0	0	0.2407597601	0.2681709826	0.8317662477	4.12302494
945	0.5288002491	0.5288002491	0	0	0.2366211712	0.2710156143	0.8304684758	4.123136997
946	0.5912241936	0.5912241936	0	0	0.2390140295	0.2799579203	0.8426592946	4.123204708
947	0.5620026588	0.5620026588	0	0	0.2485822886	0.2623666525	0.8466871977	4.123330116
948	0.5675644875	0.5675644875	0	0	0.250087738	0.2790284753	0.8469511867	4.123466492
949	0.5500681996	0.5500681996	0	0	0.2558642924	0.2625760734	0.8433449864	4.123488426
950	0.5482931137	0.5482931137	0	0	0.2530105114	0.2665853202	0.8347654939	4.123038292
951	0.5636874437	0.5636874437	0	0	0.2448862791	0.2724083364	0.8229568005	4.122663975
952	0.5606206656	0.5606206656	0	0	0.2412766665	0.2750698924	0.8283541799	4.123093605
953	0.6067544222	0.6067544222	0	0	0.2369966954	0.2859229147	0.832441628	4.122824669
954	0.5941309929	0.5941309929	0	0	0.2416314781	0.2697483003	0.8434442878	4.123063087
955	0.5526946187	0.5526946187	0	0	0.2496875525	0.2563208938	0.8464466333	4.123185158
956	0.6237610579	0.6237610579	0	0	0.24778907	0.2880571187	0.8453348875	4.123476982
957	0.6103588939	0.6103588939	0	0	0.2550739348	0.2786491513	0.8472126722	4.123474598
958	0.5982867479	0.5982867479	0	0	0.2564225495	0.2704328895	0.8440993428	4.123212337
959	0.579513967	0.579513967	0	0	0.2498982996	0.2709957361	0.8362492919	4.12313652
960	0.5894617438	0.5894617438	0	0	0.2434575856	0.2780542672	0.8355366588	4.12330246
961	0.5677881241	0.5677881241	0	0	0.2398325652	0.2675070465	0.8317805529	4.122992516
962	0.5838804245	0.5838804245	0	0	0.2431933135	0.2687396109	0.8412002325	4.123319626
963	0.5882555842	0.5882555842	0	0	0.2472375929	0.2671988904	0.8420823216	4.123325348
964	0.601251483	0.601251483	0	0	0.2489801645	0.2783316076	0.842320025	4.123663425
965	0.5739281774	0.5739281774	0	0	0.2545182407	0.2685338855	0.8397360444	4.12364006
966	0.5828511119	0.5828511119	0	0	0.2539794743	0.2701081932	0.8341910243	4.123517036
967	0.5688058138	0.5688058138	0	0	0.2528181374	0.2529551089	0.8327173591	4.122904301
968	0.5758148432	0.5758148432	0	0	0.2434117645	0.2642194629	0.828201592	4.122941017
969	0.5916436315	0.5916436315	0	0	0.2392182797	0.2728670239	0.8320968151	4.122967243
970	0.5862728953	0.5862728953	0	0	0.2458713651	0.2663174272	0.8458307385	4.123119354
971	0.5331941247	0.5331941247	0	0	0.2545255721	0.2483839691	0.8468317389	4.123250484
972	0.543225646	0.543225646	0	0	0.2594456077	0.2584428191	0.844529748	4.123249054
973	0.503644526	0.503644526	0	0	0.2618613839	0.2394358963	0.8364337087	4.123246193
974	0.4881091416	0.4881091416	0	0	0.255420357	0.2550127208	0.8291668892	4.122694016
975	0.4938240647	0.4938240647	0	0	0.2490030974	0.2516947091	0.8205996752	4.122394562
976	0.515437603	0.515437603	0	0	0.2449119389	0.2537009716	0.8222554326	4.122916698
977	0.4898611605	0.4898611605	0	0	0.2455122322	0.2316048294	0.820882678	4.122382641
978	0.5088102818	0.5088102818	0	0	0.2453023791	0.253398329	0.8338063359	4.122663975
979	0.4766938686	0.4766938686	0	0	0.2534416914	0.2411563247	0.8394809961	4.123143673
980	0.5105547905	0.5105547905	0	0	0.2558458745	0.2579818368	0.8432072997	4.123374939
981	0.481949389	0.481949389	0	0	0.2570370734	0.2439282984	0.8323667645	4.123434067
982	0.5059999824	0.5059999824	0	0	0.2514728606	0.2519974113	0.8210594654	4.123133659
983	0.4915345609	0.4915345609	0	0	0.2487245947	0.2507761419	0.8223125935	4.12250185
984	0.4559299946	0.4559299946	0	0	0.2483751625	0.246394068	0.8306817412	4.122998714
985	0.434871763	0.434871763	0	0	0.2492420524	0.2319080085	0.8349474669	4.12253046
986	0.4626715183	0.4626715183	0	0	0.2520496845	0.242955938	0.8455147743	4.122947216
987	0.4747728109	0.4747728109	0	0	0.2555133998	0.2369139045	0.842079699	4.123182774
988	0.500257194	0.500257194	0	0	0.2570529282	0.2651079595	0.8489348888	4.123344421
989	0.4603363276	0.4603363276	0	0	0.2622119486	0.2517343163	0.8469299078	4.123328209
990	0.4928601086	0.4928601086	0	0	0.2524112761	0.2705331445	0.8336607814	4.122602463
991	0.4648156464	0.4648156464	0	0	0.2537996769	0.2425837815	0.831664145	4.12282896
992	0.4553791285	0.4553791285	0	0	0.2482267171	0.2508372664	0.8349946141	4.122626305
993	0.4735185206	0.4735185206	0	0	0.2479537278	0.2586136758	0.846934557	4.122364044
994	0.4837680161	0.4837680161	0	0	0.2548792362	0.2513626516	0.8563683629	4.122537136
995	0.5132533312	0.5132533312	0	0	0.2627268434	0.2329874337	0.8532366157	4.122820377
996	0.5738033056	0.5738033056	0	0	0.2632193863	0.2586463392	0.8580506444	4.122993469
997	0.5447942019	0.5447942019	0	0	0.2659323215	0.2343696356	0.8509297371	4.123008251
998	0.5804464817	0.5804464817	0	0	0.2585566044	0.2504199743	0.8405863643	4.122241974
999	0.5658751726	0.5658751726	0	0	0.2588404119	0.2330148071	0.8406447172	4.122106075
1000	0.5880503654	0.5880503654	0	0	0.256090045	0.2353131026	0.8441439867	4.122551441
1001	0.607164681	0.607164681	0	0	0.2509871125	0.2415382117	0.843021214	4.121937752
1002	0.6006270051	0.6006270051	0	0	0.2548255622	0.2361991554	0.8517782092	4.122114182
1003	0.6039549708	0.6039549708	0	0	0.2611332536	0.2395193726	0.8583859205	4.122545719
1004	0.5996903777	0.5996903777	0	0	0.265348047	0.2464359105	0.8627998829	4.122988224
1005	0.6030928493	0.6030928493	0	0	0.2623870671	0.2458342612	0.8486709595	4.123010159
1006	0.6067659259	0.6067659259	0	0	0.2609153092	0.241006732	0.84546417	4.122348309
1007	0.5953922272	0.5953922272	0	0	0.2673197091	0.2107349783	0.8501696587	4.122038364
1008	0.5961672068	0.5961672068	0	0	0.2612232864	0.2345607877	0.8570996523	4.122616768
1009	0.6199862361	0.6199862361	0	0	0.2561881244	0.2358755618	0.8541086912	4.121901989
1010	0.6204336286	0.6204336286	0	0	0.2601951063	0.2265425026	0.8626531959	4.122330666
1011	0.6355349422	0.6355349422	0	0	0.266877979	0.218162939	0.8674213886	4.122757912
1012	0.65641433	0.65641433	0	0	0.2663841546	0.2455056757	0.8695650697	4.122937679
1013	0.6608474255	0.6608474255	0	0	0.2686798573	0.237175256	0.865270257	4.122986794
1014	0.6733387709	0.6733387709	0	0	0.2620988786	0.2562948167	0.8556646705	4.12235117
1015	0.7002801299	0.7002801299	0	0	0.2677069604	0.2331951708	0.8601698279	4.12255764
1016	0.7057856917	0.7057856917	0	0	0.2555369735	0.2510727048	0.8512652516	4.122197628
1017	0.6962152123	0.6962152123	0	0	0.254953891	0.243816033	0.8555001616	4.122138023
1018	0.7124868035	0.7124868035	0	0	0.2678872347	0.2252824157	0.8701781034	4.12205267
1019	0.6925446987	0.6925446987	0	0	0.2709016204	0.2217971981	0.8694586158	4.122301579
1020	0.6865052581	0.6865052581	0	0	0.2714978755	0.2307266444	0.8697452545	4.122391224
1021	0.6578100324	0.6578100324	0	0	0.2694639266	0.2213864774	0.8583403826	4.122691154
1022	0.6789685488	0.6789685488	0	0	0.264893204	0.2375578135	0.8525761962	4.12206459
1023	0.6892925501	0.6892925501	0	0	0.2664547265	0.2126282305	0.8491171002	4.121852398
1024	0.6976876259	0.6976876259	0	0	0.2643899024	0.2141301036	0.849173069	4.122257233
1025	0.6997698545	0.6997698545	0	0	0.2639497221	0.2021775991	0.8522153497	4.121673584
1026	0.7219397426	0.7219397426	0	0	0.2689187229	0.201930359	0.8634400964	4.121937275
1027	0.6993171573	0.6993171573	0	0	0.2686419785	0.209859848	0.8634272218	4.122373581
1028	0.6897052526	0.6897052526	0	0	0.2707583904	0.213358134	0.8645716906	4.122564316
1029	0.6862368584	0.6862368584	0	0	0.2704027593	0.2088878006	0.8574563265	4.122764587
1030	0.6593364477	0.6593364477	0	0	0.2661201954	0.2323123664	0.8572318554	4.1219244
1031	0.6734222174	0.6734222174	0	0	0.2663812935	0.2161181122	0.8534379601	4.121735096
1032	0.6640343666	0.6640343666	0	0	0.262019515	0.2222700417	0.8536373973	4.122055054
1033	0.7073441744	0.7073441744	0	0	0.2638924122	0.2094117105	0.8572132587	4.121730804
1034	0.7113836408	0.7113836408	0	0	0.265565604	0.2063175887	0.8622248769	4.121744633
1035	0.6808835268	0.6808835268	0	0	0.2672405243	0.2084676176	0.8643894196	4.122074127
1036	0.6857088804	0.6857088804	0	0	0.2680599391	0.212725088	0.8618170619	4.122205257
1037	0.688995719	0.688995719	0	0	0.2724605203	0.2144018859	0.8646916151	4.12260437
1038	0.659620285	0.659620285	0	0	0.2670688033	0.236336872	0.8595452309	4.121891022
1039	0.6704527736	0.6704527736	0	0	0.2700502872	0.2090971619	0.8565275073	4.121723175
1040	0.643432498	0.643432498	0	0	0.2622508407	0.2180692106	0.8511098027	4.121804714
1041	0.6793791652	0.6793791652	0	0	0.2611075938	0.2189329714	0.8550803065	4.121798038
1042	0.69405967	0.69405967	0	0	0.2681015432	0.2000458986	0.8601552248	4.121676922
1043	0.6879020929	0.6879020929	0	0	0.2729218602	0.1957270354	0.8639006615	4.121817112
1044	0.6748082042	0.6748082042	0	0	0.2721808851	0.2039080411	0.8631375432	4.121761322
1045	0.7105506063	0.7105506063	0	0	0.2745537162	0.1939954758	0.8611668348	4.121987343
1046	0.7074597478	0.7074597478	0	0	0.2652387321	0.2255501747	0.8526975513	4.121546745
1047	0.7306568623	0.7306568623	0	0	0.2669002116	0.2027073205	0.8471015692	4.121432304
1048	0.7447060943	0.7447060943	0	0	0.2658442855	0.1999379098	0.8493352532	4.121512413
1049	0.755877018	0.755877018	0	0	0.2643314898	0.194540292	0.8511115313	4.121388435
1050	0.7605681419	0.7605681419	0	0	0.2636922002	0.1910588443	0.8523188233	4.121487617
1051	0.7462542653	0.7462542653	0	0	0.266095221	0.2003871202	0.8596097827	4.121834278
1052	0.7437745333	0.7437745333	0	0	0.2673729956	0.2046809942	0.8558672667	4.121995449
1053	0.7501857281	0.7501857281	0	0	0.2724393606	0.1895900071	0.8544813991	4.12205267
1054	0.7032224536	0.7032224536	0	0	0.262676686	0.2264152914	0.8500846624	4.121544838
1055	0.7111796141	0.7111796141	0	0	0.2606709003	0.2109285742	0.8421523571	4.121312618
1056	0.7131844759	0.7131844759	0	0	0.2596264482	0.2114099711	0.8448298573	4.121531487
1057	0.7573874593	0.7573874593	0	0	0.2592419982	0.1955051124	0.8415356874	4.121498585
1058	0.78945297	0.78945297	0	0	0.2649910748	0.1950001419	0.8552907109	4.121707439
1059	0.798063159	0.798063159	0	0	0.2692772448	0.1959340721	0.8636334538	4.121839523
1060	0.7829341888	0.7829341888	0	0	0.2684273422	0.2052033097	0.859805882	4.122377396
1061	0.8209875822	0.8209875822	0	0	0.267723918	0.1944120526	0.8495880365	4.121940613
1062	0.7919663787	0.7919663787	0	0	0.2650811672	0.2199658453	0.8539206982	4.121587276
1063	0.8102434874	0.8102434874	0	0	0.2601347864	0.2165680379	0.8436318636	4.121469975
1064	0.8185076118	0.8185076118	0	0	0.2527240515	0.2250201553	0.8375412226	4.121383667
1065	0.8601486683	0.8601486683	0	0	0.2550314963	0.2083224058	0.8425346613	4.121549606
1066	0.873069644	0.873069644	0	0	0.2594386339	0.2111179084	0.853186667	4.12166357
1067	0.878927052	0.878927052	0	0	0.2634877861	0.2210610062	0.8626519442	4.1218853
1068	0.8873804212	0.8873804212	0	0	0.2652747631	0.2197489738	0.8596367836	4.122190475
1069	0.9409788251	0.9409788251	0	0	0.2682398558	0.205283463	0.8563542962	4.122336388
1070	0.9463835359	0.9463835359	0	0	0.2661497295	0.2274529636	0.8591889143	4.122140408
1071	0.9486872554	0.9486872554	0	0	0.2596884072	0.2331158072	0.84884727	4.121724606
1072	0.9728369117	0.9728369117	0	0	0.2617456615	0.2221546173	0.8533188701	4.121850967
1073	1.007983923	1.007983923	0	0	0.2620858848	0.2060689032	0.8522056341	4.121904373
1074	1.040509343	1.040509343	0	0	0.2616700828	0.2091696113	0.8554278016	4.121778965
1075	1.017465949	1.017465949	0	0	0.2665920258	0.207171306	0.8627733588	4.121967316
1076	1.018302917	1.018302917	0	0	0.2689131796	0.20890522	0.8618165851	4.122609615
1077	1.027115703	1.027115703	0	0	0.268874228	0.21000503	0.8572117686	4.122748852
1078	0.9927867651	0.9927867651	0	0	0.2656973302	0.2225513756	0.8540158868	4.122388363
1079	1.005066872	1.005066872	0	0	0.2640967071	0.2145718187	0.8492663503	4.121796608
1080	0.9804789424	0.9804789424	0	0	0.2619872689	0.2173520327	0.8520533442	4.121648788
1081	1.020879865	1.020879865	0	0	0.260419488	0.211546734	0.8521851301	4.122009754
1082	1.060815096	1.060815096	0	0	0.257838428	0.2144772708	0.8501431346	4.121916294
1083	1.046134591	1.046134591	0	0	0.2675243914	0.2007588893	0.8616915941	4.122232914
1084	1.030192256	1.030192256	0	0	0.2670014203	0.2160621881	0.8605237007	4.122542858
1085	1.080767989	1.080767989	0	0	0.2726868093	0.2145718634	0.8643670082	4.122750759
1086	1.092229247	1.092229247	0	0	0.2727383971	0.2156959027	0.8610768914	4.122468472
1087	1.046894073	1.046894073	0	0	0.270157516	0.2125740498	0.8581261635	4.121942997
1088	1.031893373	1.031893373	0	0	0.263289392	0.2185340673	0.8529499769	4.121640682
1089	1.079370737	1.079370737	0	0	0.2639809847	0.2161489278	0.8601492643	4.122069359
1090	1.063633561	1.063633561	0	0	0.2711269855	0.1953676492	0.8621695638	4.121613503
1091	1.06490922	1.06490922	0	0	0.2804094255	0.1879891604	0.8708083034	4.121623039
1092	1.030745864	1.030745864	0	0	0.2829755247	0.1939825714	0.8735764623	4.121939659
1093	1.048591256	1.048591256	0	0	0.2811703086	0.190414384	0.8675049543	4.121841908
1094	1.030537367	1.030537367	0	0	0.2770887613	0.1937527359	0.8628060222	4.12172699
1095	0.9612032771	0.9612032771	0	0	0.265055418	0.213019371	0.8493744731	4.121411324
1096	0.961147964	0.961147964	0	0	0.2624658644	0.2114003897	0.8466147184	4.12142086
1097	0.9818531275	0.9818531275	0	0	0.2589577436	0.2115561664	0.8430085182	4.121709347
1098	1.017919064	1.017919064	0	0	0.2735439837	0.1878499985	0.8641957045	4.121696472
1099	1.004548192	1.004548192	0	0	0.2805993259	0.1893859953	0.8721965551	4.121813297
1100	1.022592068	1.022592068	0	0	0.2830119729	0.1970135421	0.8743106127	4.12225914
1101	0.9893068671	0.9893068671	0	0	0.2768568695	0.2034173757	0.8642130494	4.122107029
1102	1.003000379	1.003000379	0	0	0.2767006457	0.1930091977	0.8615174294	4.121753693
1103	0.9623587728	0.9623587728	0	0	0.2673252523	0.2019127011	0.8515347242	4.121421337
1104	0.9480420351	0.9480420351	0	0	0.2637104392	0.2164078057	0.8567013741	4.121407509
1105	0.9672870636	0.9672870636	0	0	0.25811252	0.2164293528	0.8478640318	4.121714592
1106	0.9569907188	0.9569907188	0	0	0.2585674822	0.2207438648	0.8487468958	4.121809959
1107	0.9616928101	0.9616928101	0	0	0.2632304728	0.2123089135	0.8466479182	4.121829987
1108	0.9684464335	0.9684464335	0	0	0.2627928257	0.2230841964	0.8423957825	4.122298241
1109	0.9813979268	0.9813979268	0	0	0.259867698	0.2183306962	0.8243668675	4.122511864
1110	0.9507397413	0.9507397413	0	0	0.2574642897	0.2273426354	0.8269270062	4.122010231
1111	0.9507633448	0.9507633448	0	0	0.2542533875	0.2123727798	0.8177546263	4.121820927
1112	0.9253093004	0.9253093004	0	0	0.2447317839	0.228484273	0.8067063093	4.121478081
1113	0.9396147728	0.9396147728	0	0	0.2544451058	0.2321554869	0.8450414538	4.122066498
1114	0.9237123132	0.9237123132	0	0	0.258597225	0.221934706	0.848311007	4.121713161
1115	0.9628359675	0.9628359675	0	0	0.2699666023	0.2126281112	0.8565695882	4.121726036
1116	0.9388394952	0.9388394952	0	0	0.2705873847	0.219498843	0.8532605171	4.12203598
1117	0.9183990955	0.9183990955	0	0	0.2721737623	0.2030834854	0.8540315032	4.121809959
1118	0.8691462278	0.8691462278	0	0	0.2669761777	0.2141720653	0.8454018831	4.121666908
1119	0.830237329	0.830237329	0	0	0.258110702	0.2207326442	0.8345931172	4.121444702
1120	0.8848878145	0.8848878145	0	0	0.260068357	0.2171387672	0.8404250145	4.121330738
1121	0.8245736957	0.8245736957	0	0	0.257307291	0.2114686519	0.8449984193	4.121688843
1122	0.7890488505	0.7890488505	0	0	0.2564576566	0.2194994688	0.8434470296	4.121685028
1123	0.8232919574	0.8232919574	0	0	0.2665869594	0.2184149623	0.8549820185	4.121870518
1124	0.8061323762	0.8061323762	0	0	0.265786469	0.2247725278	0.8498169184	4.122341156
1125	0.7994462848	0.7994462848	0	0	0.2632569671	0.2274286598	0.8437128663	4.122101307
1126	0.7904263735	0.7904263735	0	0	0.2619168758	0.2216255963	0.8396464586	4.121936798
1127	0.8326392174	0.8326392174	0	0	0.2612146735	0.2170763314	0.8418669105	4.121560574
1128	0.8261068463	0.8261068463	0	0	0.2571361363	0.223180905	0.8433257341	4.121385098
1129	0.8217593431	0.8217593431	0	0	0.2589174807	0.2174044997	0.8522683382	4.121809006
1130	0.8074975014	0.8074975014	0	0	0.2564764023	0.2328627259	0.8516088128	4.121749878
1131	0.8567780852	0.8567780852	0	0	0.2678149641	0.2153212279	0.8618103862	4.121870518
1132	0.803322196	0.803322196	0	0	0.264174372	0.2273873389	0.8554793	4.122259617
1133	0.8097643256	0.8097643256	0	0	0.2644392848	0.2306012213	0.8528980017	4.122226238
1134	0.8111655116	0.8111655116	0	0	0.2629831433	0.2254884094	0.8468847871	4.121801376
1135	0.8222325444	0.8222325444	0	0	0.2609188557	0.2260806262	0.8489509821	4.121558666
1136	0.8554512858	0.8554512858	0	0	0.257488519	0.2216999233	0.8439534307	4.121374607
1137	0.8363326192	0.8363326192	0	0	0.2579050958	0.2292559743	0.8558086157	4.1218853
1138	0.852801919	0.852801919	0	0	0.2581859529	0.238458544	0.8531773686	4.12157917
1139	0.8961991072	0.8961991072	0	0	0.2692098022	0.2171064317	0.8621082306	4.12169075
1140	0.8704185486	0.8704185486	0	0	0.2713044286	0.2210672647	0.8636617064	4.122102261
1141	0.8419497609	0.8419497609	0	0	0.2681390047	0.2174202204	0.852956295	4.121800423
1142	0.8249567747	0.8249567747	0	0	0.2657780945	0.2197652608	0.8466602564	4.121555328
1143	0.8132219911	0.8132219911	0	0	0.2586424649	0.2252393216	0.8387365937	4.12137413
1144	0.8899044991	0.8899044991	0	0	0.2601182759	0.2108191997	0.8367510438	4.121299744
1145	0.8205384612	0.8205384612	0	0	0.2587126195	0.2185457945	0.8476540446	4.121613979
1146	0.7594610453	0.7594610453	0	0	0.255338937	0.2334793806	0.8456247449	4.121674538
1147	0.7947032452	0.7947032452	0	0	0.2697230279	0.2046062201	0.8594762683	4.121761322
1148	0.7340682745	0.7340682745	0	0	0.2668975592	0.2222757041	0.857234478	4.122139931
1149	0.7205495834	0.7205495834	0	0	0.2646508813	0.2243859023	0.8478861451	4.122096539
1150	0.7488978505	0.7488978505	0	0	0.2651263475	0.2202633023	0.8461942077	4.121761322
1151	0.7766956091	0.7766956091	0	0	0.260491699	0.2220308483	0.843491137	4.121512413
1152	0.7761070728	0.7761070728	0	0	0.2557517886	0.2255731374	0.838160634	4.121356964
1153	0.7483605146	0.7483605146	0	0	0.2440614402	0.2485185862	0.8293795586	4.121544361
1154	0.7093446851	0.7093446851	0	0	0.2408247739	0.2557769418	0.8240535259	4.12166357
1155	0.7241996527	0.7241996527	0	0	0.2499078065	0.2368563712	0.831469059	4.12185812
1156	0.6791487336	0.6791487336	0	0	0.2512607574	0.2469402254	0.8324778676	4.122271061
1157	0.6620509028	0.6620509028	0	0	0.2494419813	0.2484877855	0.824301064	4.122013569
1158	0.6671101451	0.6671101451	0	0	0.2469983101	0.2504500449	0.8128724098	4.121679306
1159	0.6850904822	0.6850904822	0	0	0.2419535369	0.2378724217	0.798106432	4.121529102
1160	0.6906010509	0.6906010509	0	0	0.2370888889	0.2413007468	0.7902609706	4.121380806
1161	0.6665413976	0.6665413976	0	0	0.2391933054	0.2607242763	0.8180231452	4.121706486
1162	0.6652322412	0.6652322412	0	0	0.2443088591	0.2461523712	0.8201088905	4.121604443
1163	0.7240759134	0.7240759134	0	0	0.2513980269	0.2369154692	0.823286593	4.121608734
1164	0.6779302359	0.6779302359	0	0	0.2579108179	0.2336389869	0.8353043795	4.121772766
1165	0.6345976591	0.6345976591	0	0	0.258240819	0.2281707078	0.8305056691	4.121582985
1166	0.635469377	0.635469377	0	0	0.2530094981	0.2343829721	0.8166713715	4.121341705
1167	0.7174770832	0.7174770832	0	0	0.2489751428	0.2284118533	0.809756577	4.121256351
1168	0.7465253472	0.7465253472	0	0	0.2451507002	0.2250214815	0.8028654456	4.121229172
1169	0.6346018314	0.6346018314	0	0	0.2448699623	0.2173592299	0.8092689514	4.121384621
1170	0.5614176989	0.5614176989	0	0	0.2463444322	0.223413676	0.814412415	4.121453285
1171	0.5687143207	0.5687143207	0	0	0.2529527843	0.2269035727	0.8262529969	4.1215868
1172	0.5349334478	0.5349334478	0	0	0.2598372102	0.2155148238	0.833468914	4.121901989
1173	0.4910182953	0.4910182953	0	0	0.2598289847	0.2171252817	0.8307335973	4.121744633
1174	0.5055325627	0.5055325627	0	0	0.2593028247	0.2179506868	0.8283882141	4.121445656
1175	0.5843058825	0.5843058825	0	0	0.2593891919	0.1989963651	0.8259504437	4.121306419
1176	0.6179261208	0.6179261208	0	0	0.2537997067	0.2000079453	0.8168475628	4.121208668
1177	0.5818083882	0.5818083882	0	0	0.248425886	0.2280353606	0.8241604567	4.121266842
1178	0.5312407017	0.5312407017	0	0	0.2513049245	0.2325658351	0.8348986506	4.121382713
1179	0.5390909314	0.5390909314	0	0	0.2593722939	0.2309713364	0.8460499644	4.121513367
1180	0.5180091858	0.5180091858	0	0	0.2620666921	0.2411379069	0.8510712981	4.121897221
1181	0.4858854413	0.4858854413	0	0	0.2640858889	0.2307083309	0.8489624262	4.121805191
1182	0.5157513618	0.5157513618	0	0	0.2600196302	0.245211944	0.8427090645	4.121387482
1183	0.5738352537	0.5738352537	0	0	0.257781744	0.2294843793	0.8340899944	4.121286392
1184	0.5723153949	0.5723153949	0	0	0.2479241043	0.2402801067	0.8146759868	4.121153831
1185	0.50698632	0.50698632	0	0	0.2476589531	0.2382193357	0.8271502256	4.121316433
1186	0.4698389471	0.4698389471	0	0	0.2545998394	0.2332012504	0.8425835371	4.121425152
1187	0.5176392198	0.5176392198	0	0	0.2623808682	0.2341716141	0.8526496887	4.121463776
1188	0.4975684881	0.4975684881	0	0	0.2627833188	0.2471246421	0.8549517393	4.121668339
1189	0.4696203768	0.4696203768	0	0	0.2664027214	0.2265545726	0.8509910107	4.12163496
1190	0.4637699127	0.4637699127	0	0	0.2625053227	0.2312691957	0.8440159559	4.121363163
1191	0.4717696905	0.4717696905	0	0	0.2536418736	0.2389532924	0.8317915797	4.121299267
1192	0.5542390347	0.5542390347	0	0	0.2550462186	0.2283525467	0.8325873613	4.121300697
1193	0.4762559533	0.4762559533	0	0	0.250928998	0.2309939712	0.834559381	4.12140274
1194	0.4007635713	0.4007635713	0	0	0.2511788309	0.2353991121	0.837435782	4.121487141
1195	0.4285627007	0.4285627007	0	0	0.2603367865	0.2310539484	0.851305902	4.12166357
1196	0.423977077	0.423977077	0	0	0.2634137869	0.2385650426	0.8551754951	4.121900082
1197	0.3765465617	0.3765465617	0	0	0.2650738955	0.2251490653	0.8487169147	4.122168541
1198	0.3819760382	0.3819760382	0	0	0.2621101439	0.2249269187	0.8424475789	4.121500969
1199	0.4544189572	0.4544189572	0	0	0.2581687272	0.2175691426	0.8350681067	4.121378422
1200	0.4453140795	0.4453140795	0	0	0.2544668615	0.2251580805	0.8316636682	4.121435165
1201	0.4332099557	0.4332099557	0	0	0.252774179	0.2188607603	0.8328528404	4.121357918
1202	0.3828496337	0.3828496337	0	0	0.2577403486	0.2121745944	0.8447414637	4.121480942
1203	0.4030942321	0.4030942321	0	0	0.2670518458	0.2034994811	0.8567724824	4.12169981
1204	0.3554464877	0.3554464877	0	0	0.2669501305	0.2166650593	0.8557768464	4.121974945
1205	0.3568523526	0.3568523526	0	0	0.2669609785	0.2164167464	0.8504434228	4.122045517
1206	0.3758669496	0.3758669496	0	0	0.2628142536	0.2240610868	0.8431966901	4.121570587
1207	0.4178026617	0.4178026617	0	0	0.2577800453	0.2153090686	0.8323261738	4.121414661
1208	0.4217892587	0.4217892587	0	0	0.2518844008	0.2301243097	0.8269463778	4.121386051
1209	0.4293875992	0.4293875992	0	0	0.2538146973	0.235337913	0.8445442915	4.121462345
1210	0.3763746619	0.3763746619	0	0	0.2516881526	0.2391631007	0.8443222046	4.121525288
1211	0.3997425735	0.3997425735	0	0	0.2630852163	0.2280043364	0.8585096002	4.121655464
1212	0.4177426696	0.4177426696	0	0	0.2666592002	0.2376529127	0.8636892438	4.121975422
1213	0.4694080353	0.4694080353	0	0	0.2678056657	0.2254802436	0.8563084602	4.122249126
1214	0.5144113302	0.5144113302	0	0	0.2650067806	0.2305330932	0.8512009978	4.121850014
1215	0.5632998347	0.5632998347	0	0	0.2586745322	0.2240020931	0.8403837085	4.121684074
1216	0.5851479769	0.5851479769	0	0	0.2549173236	0.2242096215	0.8364318609	4.121752739
1217	0.5897898674	0.5897898674	0	0	0.2560098469	0.2147596031	0.8420239687	4.121705055
1218	0.5411308408	0.5411308408	0	0	0.2563551068	0.2140145749	0.8458757997	4.121701241
1219	0.5322232246	0.5322232246	0	0	0.2635795176	0.2221503258	0.8582408428	4.12190485
1220	0.5337799191	0.5337799191	0	0	0.2669911087	0.2274350673	0.8607368469	4.122403622
1221	0.5322836637	0.5322836637	0	0	0.2671483755	0.2259212732	0.854955554	4.122716427
1222	0.5588853955	0.5588853955	0	0	0.2678655088	0.2204011977	0.851606667	4.122104645
1223	0.5940570831	0.5940570831	0	0	0.2665762305	0.207150206	0.8488925695	4.121752739
1224	0.5817732811	0.5817732811	0	0	0.2613855302	0.212071687	0.8443236351	4.122079849
1225	0.5801323652	0.5801323652	0	0	0.2555242777	0.2178229839	0.8426712751	4.121503353
1226	0.5444125533	0.5444125533	0	0	0.2530097067	0.2324938327	0.8483904004	4.121701241
1227	0.5579072833	0.5579072833	0	0	0.2607632279	0.2272899747	0.8564571142	4.121903419
1228	0.546120584	0.546120584	0	0	0.2636623085	0.2390816808	0.8607388735	4.122412205
1229	0.5562402606	0.5562402606	0	0	0.2682759464	0.2308055609	0.8602246642	4.122590065
1230	0.5818120837	0.5818120837	0	0	0.2652246058	0.2256165743	0.8494193554	4.121739864
1231	0.5721509457	0.5721509457	0	0	0.2598780096	0.226177603	0.8402056694	4.121779442
1232	0.5533584952	0.5533584952	0	0	0.2507720888	0.2362447232	0.8297382593	4.121744633
1233	0.5250157118	0.5250157118	0	0	0.2474067509	0.2443487048	0.8367980719	4.121665001
1234	0.5264491439	0.5264491439	0	0	0.2524349988	0.2422751933	0.8519188166	4.121997356
1235	0.5524621606	0.5524621606	0	0	0.2592106164	0.2487811595	0.8608881831	4.12218523
1236	0.5780646205	0.5780646205	0	0	0.2627351582	0.2539785802	0.8649508953	4.122764587
1237	0.6313846111	0.6313846111	0	0	0.2684033513	0.2388293445	0.8636736274	4.123044968
1238	0.6719696522	0.6719696522	0	0	0.2666836679	0.2389421165	0.8581893444	4.12261343
1239	0.7245759964	0.7245759964	0	0	0.2634569108	0.2358462214	0.8532211781	4.122708321
1240	0.7273476124	0.7273476124	0	0	0.2593652308	0.236135751	0.8494116664	4.123056412
1241	0.7300311327	0.7300311327	0	0	0.2550278902	0.2457686812	0.8530346155	4.12258625
1242	0.7351307869	0.7351307869	0	0	0.2509251833	0.2509905696	0.8497040868	4.122528553
1243	0.7241045833	0.7241045833	0	0	0.2594132125	0.241072908	0.8559803963	4.123016834
1244	0.7241175771	0.7241175771	0	0	0.2630565464	0.2361818999	0.8571947813	4.123322964
1245	0.7220925689	0.7220925689	0	0	0.2620736659	0.2306723893	0.8468908668	4.123410702
1246	0.7439505458	0.7439505458	0	0	0.2656740248	0.212653935	0.8460558653	4.123180389
1247	0.7327572107	0.7327572107	0	0	0.2617711127	0.2174654305	0.8448280096	4.122707367
1248	0.7141003013	0.7141003013	0	0	0.2582050264	0.2217596173	0.843302846	4.123120785
1249	0.7236430049	0.7236430049	0	0	0.2564353645	0.2128269076	0.8479014039	4.122622013
1250	0.7340168953	0.7340168953	0	0	0.2516825497	0.2196561694	0.8456944823	4.122799397
1251	0.7487435341	0.7487435341	0	0	0.2598659992	0.2143911421	0.8530963659	4.123011589
1252	0.7395370007	0.7395370007	0	0	0.2609987855	0.2250620723	0.8548150063	4.123197079
1253	0.7724750042	0.7724750042	0	0	0.264261663	0.2189234346	0.8502913117	4.12336874
1254	0.7711108327	0.7711108327	0	0	0.2644858956	0.2188611329	0.849190414	4.122845173
1255	0.789706707	0.789706707	0	0	0.2593357861	0.2286302894	0.8456215858	4.122889996
1256	0.7654827833	0.7654827833	0	0	0.253993988	0.2266545743	0.8373851776	4.123162746
1257	0.7623351216	0.7623351216	0	0	0.2508295178	0.2394578308	0.8475915194	4.123056889
1258	0.7932670116	0.7932670116	0	0	0.2504337132	0.2344800681	0.849157691	4.123143673
1259	0.8262606263	0.8262606263	0	0	0.2604083419	0.226016432	0.8594492078	4.123155594
1260	0.8385891914	0.8385891914	0	0	0.2617253363	0.2399623096	0.8617808819	4.123304367
1261	0.903511703	0.903511703	0	0	0.2683621049	0.2320129126	0.8619580865	4.123454094
1262	0.9238088727	0.9238088727	0	0	0.2683483958	0.2370800078	0.8599062562	4.123305321
1263	1.002448916	1.002448916	0	0	0.2638223469	0.2370658219	0.8540446758	4.123450756
1264	0.988417387	0.988417387	0	0	0.2604314387	0.2324422002	0.8501522541	4.12351799
1265	0.9752714038	0.9752714038	0	0	0.2543765306	0.2438474	0.8506653905	4.123377323
1266	1.035750985	1.035750985	0	0	0.2545816898	0.2409259081	0.8532609344	4.123393536
1267	1.022090316	1.022090316	0	0	0.2629356384	0.2277505249	0.8579340577	4.123407841
1268	1.016061664	1.016061664	0	0	0.2634342611	0.2317854166	0.8568566442	4.123513222
1269	0.9984146357	0.9984146357	0	0	0.2643855512	0.2291765958	0.8477959633	4.123598576
1270	1.015387893	1.015387893	0	0	0.2688509226	0.2175192833	0.8472699523	4.123529911
1271	1.110956669	1.110956669	0	0	0.2680223882	0.220021069	0.8512583971	4.123581886
1272	1.007719994	1.007719994	0	0	0.2578234076	0.2287910581	0.840739131	4.123582363
1273	0.989770174	0.989770174	0	0	0.2533925474	0.2289312184	0.8401136994	4.123425961
1274	1.071730494	1.071730494	0	0	0.2541030645	0.2303811461	0.8462994099	4.123484612
1275	1.059932351	1.059932351	0	0	0.2588258982	0.2162903845	0.8458352685	4.123474598
1276	1.057559371	1.057559371	0	0	0.2581765354	0.2289192379	0.845369339	4.123569965
1277	1.038647652	1.038647652	0	0	0.2574399412	0.2318562269	0.8382946849	4.123566151
1278	1.063898563	1.063898563	0	0	0.2580363154	0.2383621484	0.838832736	4.123545647
1279	1.129113436	1.129113436	0	0	0.2526950836	0.2367441505	0.8288778663	4.123612881
1280	1.095702529	1.095702529	0	0	0.249297142	0.2506061494	0.8314911723	4.123618126
1281	1.053649902	1.053649902	0	0	0.2419975549	0.2590506673	0.8284487128	4.12348938
1282	1.093030453	1.093030453	0	0	0.245403409	0.2434200794	0.8342143297	4.123513222
1283	1.138170004	1.138170004	0	0	0.2538990974	0.2373984456	0.8447137475	4.123561859
1284	1.157404542	1.157404542	0	0	0.2550088167	0.2346512675	0.8422930837	4.123549461
1285	1.172231913	1.172231913	0	0	0.257828474	0.2257039398	0.8379980922	4.123616219
1286	1.163663626	1.163663626	0	0	0.2586854696	0.225480482	0.8328441381	4.123592854
1287	1.314654708	1.314654708	0	0	0.256211102	0.2334645838	0.8345192671	4.123632431
1288	1.262917519	1.262917519	0	0	0.248424083	0.242741555	0.8265413642	4.123566628
1289	1.261453509	1.261453509	0	0	0.2454682142	0.2385153323	0.8264071941	4.123540401
1290	1.320233703	1.320233703	0	0	0.2434376776	0.2448753417	0.8271322846	4.123522282
1291	1.32163167	1.32163167	0	0	0.25055933	0.2397454828	0.8384124041	4.123549938
1292	1.334793687	1.334793687	0	0	0.2526646256	0.2396880835	0.8382516503	4.123610497
1293	1.283539414	1.283539414	0	0	0.2515856326	0.2421894372	0.8266829252	4.123605251
1294	1.26317656	1.26317656	0	0	0.2506667376	0.2450338304	0.8203789592	4.123627663
1295	1.296554208	1.296554208	0	0	0.2494176179	0.2355053127	0.8180226684	4.123716354
1296	1.27613306	1.27613306	0	0	0.2460329384	0.2406625301	0.8170899749	4.123626232
1297	1.243240595	1.243240595	0	0	0.2425611615	0.2510531545	0.8252313733	4.123492718
1298	1.293361425	1.293361425	0	0	0.2393150777	0.2581495643	0.825860858	4.123517513
1299	1.278846264	1.278846264	0	0	0.2440790683	0.2513012886	0.8307017088	4.12350893
1300	1.273855805	1.273855805	0	0	0.2489599884	0.2531782389	0.8356812	4.123590469
1301	1.27892828	1.27892828	0	0	0.2513931096	0.2544035912	0.8349564672	4.123558521
1302	1.236781955	1.236781955	0	0	0.2496772707	0.2570046186	0.8237986565	4.123597145
1303	1.288192153	1.288192153	0	0	0.2437298596	0.2497173995	0.808018744	4.123627186
1304	1.25823009	1.25823009	0	0	0.237243697	0.265730679	0.8023553491	4.123592377
1305	1.230952501	1.230952501	0	0	0.2433430851	0.2548809946	0.8269299269	4.123577118
1306	1.076751471	1.076751471	0	0	0.2593857944	0.2182231694	0.840703249	4.123525143
1307	1.087630033	1.087630033	0	0	0.2632757723	0.20726794	0.8377815485	4.123394489
1308	1.075960279	1.075960279	0	0	0.2653459013	0.2091113925	0.8371585011	4.123395443
1309	1.103721261	1.103721261	0	0	0.2718888819	0.2019976228	0.8402470946	4.123541355
1310	1.091471672	1.091471672	0	0	0.2694708407	0.2072675973	0.8313606977	4.123398781
1311	1.059118032	1.059118032	0	0	0.2599212527	0.2114659101	0.8187946081	4.123476982
1312	1.078763127	1.078763127	0	0	0.2615086436	0.2055066228	0.8218976855	4.123514652
1313	1.030926824	1.030926824	0	0	0.2534343004	0.2204317302	0.8282391429	4.123380661
1314	1.043408155	1.043408155	0	0	0.2545244694	0.2274973691	0.8377919197	4.123422623
1315	1.058205605	1.058205605	0	0	0.2579944134	0.227343604	0.8429345489	4.12341547
1316	1.054099798	1.054099798	0	0	0.2595704496	0.2356048822	0.8432263732	4.123483181
1317	1.052529812	1.052529812	0	0	0.260127455	0.2341809273	0.8364461064	4.123537064
1318	1.044554234	1.044554234	0	0	0.2643578053	0.2268148363	0.8364616632	4.123444557
1319	1.046053171	1.046053171	0	0	0.2597444952	0.2220428735	0.8305365443	4.123525143
1320	1.026692152	1.026692152	0	0	0.2528871894	0.2320691496	0.8225546479	4.123585701
1321	1.031573296	1.031573296	0	0	0.2453642786	0.2374981493	0.8186926842	4.123484135
1322	1.05744195	1.05744195	0	0	0.2477948517	0.2383733094	0.8289262056	4.123494625
1323	1.102344751	1.102344751	0	0	0.2564294338	0.2256882042	0.8418034911	4.12348938
1324	1.111248136	1.111248136	0	0	0.2607301176	0.2382191271	0.8491382599	4.123513699
1325	1.067294598	1.067294598	0	0	0.2607794702	0.2357712537	0.841157198	4.123505116
1326	1.029963732	1.029963732	0	0	0.2668818831	0.2311557531	0.845192492	4.123434067
1327	1.065249443	1.065249443	0	0	0.2600577176	0.2227345705	0.8343432546	4.123627186
1328	1.025421739	1.025421739	0	0	0.2572139502	0.2368810326	0.8364812136	4.123490334
1329	1.050086379	1.050086379	0	0	0.2499506623	0.2531154156	0.8404383659	4.123459339
1330	1.015657187	1.015657187	0	0	0.2585038543	0.2256869972	0.8447762728	4.123326778
1331	1.068773389	1.068773389	0	0	0.2702147961	0.2041941881	0.8541339636	4.123158455
1332	1.017904162	1.017904162	0	0	0.2669525743	0.2200366259	0.8460072279	4.122980595
1333	1.057023883	1.057023883	0	0	0.2735592425	0.2039255351	0.8477299213	4.12312603
1334	1.045338035	1.045338035	0	0	0.2721402347	0.2066387385	0.840395987	4.122596264
1335	1.060338497	1.060338497	0	0	0.2651232481	0.1974758655	0.8252243996	4.122502804
1336	1.063525796	1.063525796	0	0	0.2615902424	0.2072005719	0.8249191046	4.122428894
1337	1.036893249	1.036893249	0	0	0.2569929659	0.2150463313	0.8358159661	4.122229576
1338	1.025029898	1.025029898	0	0	0.2545989454	0.2193842828	0.8375157118	4.122321606
1339	1.051017761	1.051017761	0	0	0.2627288401	0.2189918905	0.8517224193	4.122705936
1340	1.034426928	1.034426928	0	0	0.2600236535	0.2282324284	0.8422882557	4.122908592
1341	1.043907762	1.043907762	0	0	0.261679709	0.2369726747	0.8429459929	4.123088837
1342	1.0266186	1.0266186	0	0	0.259039551	0.2319165021	0.8310254216	4.122734547
1343	1.032568932	1.032568932	0	0	0.2576103806	0.2294711769	0.8332644105	4.12255764
1344	1.024897218	1.024897218	0	0	0.2549315989	0.2374386787	0.8349528313	4.122678757
1345	1.029270411	1.029270411	0	0	0.2533332705	0.2363569885	0.8403856158	4.122566223
1346	1.046031713	1.046031713	0	0	0.2537559271	0.241235733	0.8460162282	4.122788429
1347	1.049016356	1.049016356	0	0	0.2574830353	0.2336673737	0.8475632668	4.122879505
1348	1.032126546	1.032126546	0	0	0.2559858561	0.2393690944	0.8378632069	4.123122215
1349	1.028510928	1.028510928	0	0	0.2581739128	0.2438515425	0.8382058144	4.123198509
1350	1.022681952	1.022681952	0	0	0.2646698952	0.24237068	0.8487431407	4.122859955
1351	1.038080335	1.038080335	0	0	0.2570215762	0.2462775111	0.8367224336	4.122400761
1352	0.9710105062	0.9710105062	0	0	0.2486605942	0.2479278743	0.8221106529	4.122249126
1353	0.9888026714	0.9888026714	0	0	0.2499979287	0.2504495084	0.8383299708	4.122645855
1354	0.9440852404	0.9440852404	0	0	0.2541041672	0.2372016907	0.8412934542	4.122210026
1355	0.9394517541	0.9394517541	0	0	0.2638872862	0.2211859375	0.8496789336	4.122381687
1356	0.9134842753	0.9134842753	0	0	0.2613590658	0.2388990521	0.8432509303	4.122439384
1357	0.8870586157	0.8870586157	0	0	0.2685557902	0.2189950645	0.8464651704	4.122590542
1358	0.8707547784	0.8707547784	0	0	0.2672789097	0.2226125151	0.8430382013	4.121886253
1359	0.8646094799	0.8646094799	0	0	0.2607510388	0.2158172876	0.8305336833	4.121732235
1360	0.8543569446	0.8543569446	0	0	0.2591429055	0.2198565751	0.8312121034	4.121623516
1361	0.8297852874	0.8297852874	0	0	0.2578769922	0.2142719477	0.8376519084	4.121582985
1362	0.8244601488	0.8244601488	0	0	0.2558474839	0.2261414081	0.8415435553	4.121733665
1363	0.8414802551	0.8414802551	0	0	0.2616394162	0.234566614	0.8551999927	4.122030735
1364	0.8599960804	0.8599960804	0	0	0.2645857334	0.2398886979	0.8564305305	4.122364521
1365	0.8618322015	0.8618322015	0	0	0.2644049823	0.2426569313	0.8513294458	4.12260437
1366	0.8596673012	0.8596673012	0	0	0.2679025233	0.2265823931	0.8507521749	4.122102261
1367	0.892449975	0.892449975	0	0	0.2603618205	0.2443825901	0.8475034833	4.121709347
1368	0.8480744362	0.8480744362	0	0	0.2574122548	0.2392321527	0.8432200551	4.121749401
1369	0.866237998	0.866237998	0	0	0.254113853	0.2456982881	0.8457256556	4.121720314
1370	0.9066482782	0.9066482782	0	0	0.253585875	0.2593240142	0.8533785939	4.121880054
1371	0.9161035419	0.9161035419	0	0	0.2589591146	0.2525902092	0.8590356112	4.12228632
1372	0.9235959649	0.9235959649	0	0	0.260433346	0.2632854283	0.8586270213	4.122598648
1373	0.8824990392	0.8824990392	0	0	0.2586156428	0.2603417933	0.8477114439	4.122801781
1374	0.8776503205	0.8776503205	0	0	0.2579176724	0.2582803667	0.8433889747	4.121799469
1375	0.8561986089	0.8561986089	0	0	0.2519571781	0.2510859072	0.8272371888	4.121852875
1376	0.8029146791	0.8029146791	0	0	0.2475909442	0.2448547184	0.8169866204	4.121724129
1377	0.8052464724	0.8052464724	0	0	0.2549773455	0.2423652261	0.8448476195	4.121630192
1378	0.8462780714	0.8462780714	0	0	0.2593948841	0.2419800013	0.8538514972	4.121839046
1379	0.8420046568	0.8420046568	0	0	0.2672032714	0.2342158705	0.8604952693	4.122016907
1380	0.8210829496	0.8210829496	0	0	0.2682908475	0.2391221225	0.8582561016	4.121937275
1381	0.7411708832	0.7411708832	0	0	0.2709299922	0.2228504866	0.8568367958	4.121930599
1382	0.718644619	0.718644619	0	0	0.2658312321	0.2354023308	0.8508701324	4.121542454
1383	0.6930777431	0.6930777431	0	0	0.2670515478	0.2026731223	0.8402168751	4.121428013
1384	0.7139980793	0.7139980793	0	0	0.2635254264	0.2100913674	0.8376636505	4.121381283
1385	0.6829353571	0.6829353571	0	0	0.268171072	0.1807117164	0.8408089876	4.121393681
1386	0.6880578399	0.6880578399	0	0	0.2633677423	0.2087882161	0.8447805047	4.121592045
1387	0.6795692444	0.6795692444	0	0	0.2644607723	0.2123626769	0.8463830352	4.121863842
1388	0.6880749464	0.6880749464	0	0	0.2645561993	0.2189353108	0.8475673199	4.12201786
1389	0.6756317616	0.6756317616	0	0	0.2622763515	0.2227567285	0.841322124	4.122067928
1390	0.6909172535	0.6909172535	0	0	0.2629954517	0.2196723223	0.8417970538	4.12163496
1391	0.693605721	0.693605721	0	0	0.2618695796	0.2077128291	0.8352469206	4.121364117
1392	0.6893647313	0.6893647313	0	0	0.2591607571	0.2112669647	0.8352684975	4.121384144
1393	0.7012999654	0.7012999654	0	0	0.2597972155	0.2090722919	0.8375821114	4.121376514
1394	0.7276168466	0.7276168466	0	0	0.2625460327	0.2074194252	0.8473038673	4.121576786
1395	0.724501133	0.724501133	0	0	0.2645354569	0.2114890367	0.8495033979	4.12193346
1396	0.7135605216	0.7135605216	0	0	0.2655012608	0.2103550136	0.8482695818	4.122196198
1397	0.7665234804	0.7665234804	0	0	0.2689773142	0.2114898562	0.8542222381	4.122228146
1398	0.7692440748	0.7692440748	0	0	0.266366154	0.2199763805	0.8505736589	4.121842861
1399	0.8003202081	0.8003202081	0	0	0.2668934166	0.2004044801	0.8419861794	4.121414661
1400	0.8113876581	0.8113876581	0	0	0.2608474195	0.2140553296	0.8398994207	4.121338844
1401	0.8172703981	0.8172703981	0	0	0.2630129158	0.2087953389	0.8480079174	4.121495247
1402	0.8195856214	0.8195856214	0	0	0.2634125352	0.2126759291	0.8519659638	4.121585846
1403	0.7979218364	0.7979218364	0	0	0.2660664022	0.210255757	0.8506523967	4.121705532
1404	0.7812381983	0.7812381983	0	0	0.2673636973	0.2093435228	0.850445509	4.121779442
1405	0.7918512225	0.7918512225	0	0	0.2647341192	0.2181493938	0.8464802504	4.121897221
1406	0.7701391578	0.7701391578	0	0	0.255166471	0.2279695123	0.826791048	4.121535301
1407	0.7971574664	0.7971574664	0	0	0.2510159016	0.2118388116	0.8059617281	4.121320248
1408	0.7986726165	0.7986726165	0	0	0.251306653	0.2124660313	0.8113937378	4.121309757
1409	0.7773379087	0.7773379087	0	0	0.2500073314	0.202498138	0.8118823767	4.121386051
1410	0.7572323084	0.7572323084	0	0	0.2530682087	0.2071517259	0.8247971535	4.121602535
1411	0.7587717772	0.7587717772	0	0	0.2549445629	0.2132778466	0.827481389	4.121833324
1412	0.7717340589	0.7717340589	0	0	0.2628071606	0.2090763301	0.8409373164	4.122030258
1413	0.7696006298	0.7696006298	0	0	0.2572391927	0.2261971682	0.8340837359	4.122004986
1414	0.7884492278	0.7884492278	0	0	0.258918196	0.2290071696	0.8388070464	4.121680737
1415	0.778740108	0.778740108	0	0	0.2597562373	0.212161094	0.8333698511	4.121297359
1416	0.7778466344	0.7778466344	0	0	0.2549049854	0.2207451314	0.8318484426	4.121283054
1417	0.7733744383	0.7733744383	0	0	0.2567796111	0.2099043578	0.8344218731	4.121431828
1418	0.7802413106	0.7802413106	0	0	0.260474056	0.2082405537	0.8458456993	4.121547699
1419	0.7667470574	0.7667470574	0	0	0.2613216043	0.2080290616	0.8440974355	4.121946812
1420	0.779856205	0.779856205	0	0	0.2632295191	0.2133732587	0.8480897546	4.122136116
1421	0.794483304	0.794483304	0	0	0.2607841492	0.2289783359	0.8459191322	4.1220994
1422	0.8267794251	0.8267794251	0	0	0.2661311626	0.2272973508	0.8559319377	4.121968746
1423	0.8012431264	0.8012431264	0	0	0.2637297213	0.2121342719	0.8435029387	4.12142086
1424	0.7996099591	0.7996099591	0	0	0.2542307079	0.2317052782	0.8347759247	4.121243477
1425	0.7958472371	0.7958472371	0	0	0.2583783567	0.2198013961	0.8441491723	4.121455193
1426	0.8108420372	0.8108420372	0	0	0.2647126317	0.2067921907	0.852196753	4.121510983
1427	0.7798610926	0.7798610926	0	0	0.264697969	0.2119201869	0.8465732336	4.121693134
1428	0.7526649237	0.7526649237	0	0	0.2647231519	0.2048842758	0.8392418623	4.121761322
1429	0.7460671663	0.7460671663	0	0	0.2591237426	0.2179335654	0.8326762915	4.121733189
1430	0.7510816455	0.7510816455	0	0	0.2549429834	0.2255846858	0.8225359917	4.121446133
1431	0.7802096605	0.7802096605	0	0	0.2561384439	0.2047826499	0.8142623901	4.121276379
1432	0.7403466105	0.7403466105	0	0	0.2584144175	0.1994798332	0.8237771392	4.12123394
1433	0.7016091943	0.7016091943	0	0	0.2555573285	0.1982243806	0.8229769468	4.121352196
1434	0.7028561831	0.7028561831	0	0	0.2588540614	0.1972379684	0.8330628276	4.12148428
1435	0.6903888583	0.6903888583	0	0	0.2602324784	0.2015446723	0.8327947259	4.121742725
1436	0.6973809004	0.6973809004	0	0	0.2647147179	0.1920172423	0.8360884786	4.121958733
1437	0.688144207	0.688144207	0	0	0.2588493824	0.207526505	0.8289448023	4.121927261
1438	0.6903871894	0.6903871894	0	0	0.2620601058	0.1945269257	0.8312265277	4.121561527
1439	0.7130559683	0.7130559683	0	0	0.2678906918	0.1777414382	0.8354155421	4.121304989
1440	0.6956093907	0.6956093907	0	0	0.2617184222	0.1913910806	0.8341101408	4.121223927
1441	0.7049286366	0.7049286366	0	0	0.2619160116	0.1903205663	0.8381485939	4.121415615
1442	0.7233695984	0.7233695984	0	0	0.2662432194	0.1850424111	0.8482186198	4.121510029
1443	0.7194377184	0.7194377184	0	0	0.2630609274	0.1916713715	0.8382734656	4.121861935
1444	0.7342951894	0.7342951894	0	0	0.2693535388	0.1889208555	0.8491631746	4.122076035
1445	0.7308756709	0.7308756709	0	0	0.2645112872	0.2009351999	0.8406197429	4.122126102
1446	0.7463389039	0.7463389039	0	0	0.264539957	0.1956883371	0.8411986828	4.121603966
1447	0.8087710142	0.8087710142	0	0	0.2662945688	0.1783281565	0.8337705731	4.121219158
1448	0.7926822901	0.7926822901	0	0	0.2602404058	0.190846175	0.8325028419	4.121156216
1449	0.8079339266	0.8079339266	0	0	0.2599576414	0.1921517998	0.8357337117	4.121284485
1450	0.8036410809	0.8036410809	0	0	0.2608138621	0.195390135	0.8450623751	4.121424198
1451	0.7967154384	0.7967154384	0	0	0.2610188723	0.2026526183	0.8412033319	4.121646404
1452	0.8068273664	0.8068273664	0	0	0.2632868886	0.1996232718	0.8411429524	4.121804237
1453	0.8095403314	0.8095403314	0	0	0.259986192	0.2096692324	0.8365261555	4.121781349
1454	0.8016993999	0.8016993999	0	0	0.2569096684	0.2126686722	0.8338586688	4.12145853
1455	0.8360420465	0.8360420465	0	0	0.2614099979	0.1932774782	0.8331545591	4.12141037
1456	0.8171473742	0.8171473742	0	0	0.2603677809	0.2013603002	0.8395069838	4.121393204
1457	0.8211446404	0.8211446404	0	0	0.2614416182	0.1949743032	0.8412890434	4.121500492
1458	0.8094026446	0.8094026446	0	0	0.258436054	0.2053896636	0.8424822688	4.121514797
1459	0.7905073762	0.7905073762	0	0	0.2597998083	0.2177113742	0.8457493782	4.121825218
1460	0.8181533813	0.8181533813	0	0	0.2636907697	0.2012346834	0.8450585604	4.121993065
1461	0.791874826	0.791874826	0	0	0.2595537901	0.2178383619	0.8398598433	4.122162819
1462	0.8103376031	0.8103376031	0	0	0.2618456781	0.2041473836	0.8399831057	4.121754169
1463	0.8537528515	0.8537528515	0	0	0.2677187622	0.1867093593	0.8432520032	4.121392727
1464	0.8241095543	0.8241095543	0	0	0.2615014017	0.200769335	0.8426295519	4.12136364
1465	0.8521652222	0.8521652222	0	0	0.2646855116	0.1882099956	0.8487045765	4.121515274
1466	0.8512471318	0.8512471318	0	0	0.2632497251	0.1918015033	0.8516274691	4.121566772
1467	0.8579326868	0.8579326868	0	0	0.2670444846	0.1894365251	0.8538324237	4.121867657
1468	0.8758078814	0.8758078814	0	0	0.2726623416	0.1823980063	0.8603501916	4.122171879
1469	0.840762794	0.840762794	0	0	0.2693375945	0.1940301508	0.8530079722	4.122039795
1470	0.86974895	0.86974895	0	0	0.2724259198	0.1956894249	0.8570648432	4.121750355
1471	0.896879375	0.896879375	0	0	0.2728143334	0.1810244769	0.8490578532	4.121291161
1472	0.8623475432	0.8623475432	0	0	0.2682982385	0.1928650588	0.8527356386	4.121327877
1473	0.8465912342	0.8465912342	0	0	0.2666868567	0.1979794949	0.8589283824	4.121718407
1474	0.8773347139	0.8773347139	0	0	0.2695963383	0.1916104555	0.862187326	4.121496677
1475	0.8876270056	0.8876270056	0	0	0.2761457562	0.1888647825	0.8680192232	4.121578217
1476	0.8591552973	0.8591552973	0	0	0.2766097784	0.1881074309	0.8684875965	4.121706009
1477	0.8338789344	0.8338789344	0	0	0.2736006975	0.2008794993	0.8635370135	4.121770382
1478	0.7973201275	0.7973201275	0	0	0.2689825594	0.2141299993	0.8581246734	4.121538639
1479	0.8411514759	0.8411514759	0	0	0.2732756138	0.1913427114	0.8558651805	4.121361732
1480	0.8335854411	0.8335854411	0	0	0.2715488076	0.1981058121	0.8589830995	4.121404171
1481	0.8200693727	0.8200693727	0	0	0.2704461515	0.1871868372	0.8597887158	4.12157774
1482	0.804040432	0.804040432	0	0	0.2696371675	0.1908014417	0.8612162471	4.121497154
1483	0.7791083455	0.7791083455	0	0	0.272259742	0.1977888048	0.8670244813	4.121784687
1484	0.7808137536	0.7808137536	0	0	0.2745049894	0.1913131326	0.8681275249	4.122038841
1485	0.7437071204	0.7437071204	0	0	0.2700187266	0.2029863596	0.8604901433	4.12212801
1486	0.8094791174	0.8094791174	0	0	0.275470227	0.1824893206	0.8602274656	4.121670723
1487	0.7754184008	0.7754184008	0	0	0.2709972858	0.1972675323	0.8570990562	4.121338844
1488	0.7667917609	0.7667917609	0	0	0.2656916082	0.2056322992	0.8529269099	4.121340275
1489	0.7516093254	0.7516093254	0	0	0.2584032416	0.2062558681	0.8442695141	4.121488571
1490	0.7213519812	0.7213519812	0	0	0.2542432845	0.2123832703	0.8424563408	4.12152338
1491	0.7035719752	0.7035719752	0	0	0.2559861243	0.2112938315	0.8436117768	4.12182188
1492	0.6933050752	0.6933050752	0	0	0.259196192	0.2115779668	0.8491476178	4.122021675
1493	0.6725764275	0.6725764275	0	0	0.2534869611	0.2285839766	0.8373627663	4.122154236
1494	0.6613938212	0.6613938212	0	0	0.2469543666	0.2316154987	0.8162397742	4.121702671
1495	0.6666625738	0.6666625738	0	0	0.2447019368	0.2155224085	0.7999091148	4.121397495
1496	0.6458188891	0.6458188891	0	0	0.2390014082	0.224642545	0.7901037931	4.121447086
1497	0.6427929401	0.6427929401	0	0	0.2527276278	0.2165606767	0.8368638158	4.121819496
1498	0.6809595227	0.6809595227	0	0	0.2613924444	0.2023302317	0.8481769562	4.121517658
1499	0.6866500974	0.6866500974	0	0	0.2656547129	0.1936601698	0.8496915698	4.121605873
1500	0.6599299312	0.6599299312	0	0	0.26498276	0.1961256415	0.8484797478	4.121713638
1501	0.6195915937	0.6195915937	0	0	0.2626569271	0.2135937065	0.8461414576	4.121846676
1502	0.5708767176	0.5708767176	0	0	0.2551781833	0.2223733962	0.831745863	4.121570587
1503	0.5969069004	0.5969069004	0	0	0.2551467419	0.2016358674	0.8220406771	4.121362686
1504	0.6561233997	0.6561233997	0	0	0.2537693977	0.2074460536	0.8219928741	4.121342182
1505	0.5985639691	0.5985639691	0	0	0.2566815913	0.1964210272	0.8334697485	4.121579647
1506	0.5791589618	0.5791589618	0	0	0.2593847513	0.194214344	0.840568006	4.121543884
1507	0.5539431572	0.5539431572	0	0	0.2628048956	0.1957515031	0.8464466333	4.121750832
1508	0.541167438	0.541167438	0	0	0.2636751235	0.195079416	0.8459600806	4.122020245
1509	0.5222094655	0.5222094655	0	0	0.2617784142	0.209350884	0.8434458375	4.122211933
1510	0.5084638	0.5084638	0	0	0.2595055997	0.2070395797	0.8381327391	4.121695518
1511	0.5659156442	0.5659156442	0	0	0.2628263533	0.1889268011	0.8387173414	4.12138319
1512	0.5675156713	0.5675156713	0	0	0.2573325932	0.2019910514	0.8351624608	4.12138176
1513	0.5788704157	0.5788704157	0	0	0.2588991225	0.1962837726	0.8419926167	4.121562958
1514	0.5505144596	0.5505144596	0	0	0.2582265139	0.1882548332	0.8413722515	4.121601105
1515	0.5443572998	0.5443572998	0	0	0.2598656714	0.1888308227	0.8430830836	4.121865749
1516	0.5304713249	0.5304713249	0	0	0.260032475	0.1996745169	0.8439669609	4.122046471
1517	0.5198697448	0.5198697448	0	0	0.2607248425	0.2077203244	0.8433383107	4.122141361
1518	0.512806654	0.512806654	0	0	0.2544948161	0.2050374746	0.8263589144	4.121704578
1519	0.5346093178	0.5346093178	0	0	0.2527305484	0.1956934482	0.817363441	4.121394157
1520	0.5184294581	0.5184294581	0	0	0.2540328205	0.2056878656	0.8301346302	4.121563435
1521	0.4981412888	0.4981412888	0	0	0.2492005676	0.2133889496	0.8306379914	4.121533871
1522	0.4987404346	0.4987404346	0	0	0.2546462417	0.2081232965	0.8420675993	4.121641636
1523	0.5348552465	0.5348552465	0	0	0.2608777583	0.2001062632	0.846670866	4.121706486
1524	0.514688611	0.514688611	0	0	0.2578514516	0.2094634175	0.8394980431	4.121816158
1525	0.5107024908	0.5107024908	0	0	0.2634118199	0.2018024176	0.8440799713	4.122019768
1526	0.480315268	0.480315268	0	0	0.2608981431	0.2096303701	0.8401197791	4.121695042
1527	0.4954693317	0.4954693317	0	0	0.2590417266	0.1993572414	0.8314115405	4.121480465
1528	0.5037705898	0.5037705898	0	0	0.2576172054	0.2092300802	0.8363061547	4.121462345
1529	0.4701850414	0.4701850414	0	0	0.256844908	0.2028447986	0.8409515619	4.121609688
1530	0.4489752352	0.4489752352	0	0	0.2562533915	0.2047850043	0.8418873549	4.121635914
1531	0.4184964895	0.4184964895	0	0	0.2578527927	0.205450654	0.8452268243	4.121920109
1532	0.3887371719	0.3887371719	0	0	0.2620502412	0.2017742395	0.8474565148	4.122275352
1533	0.3985477686	0.3985477686	0	0	0.2656639814	0.2095296085	0.851722002	4.122509956
1534	0.4259749949	0.4259749949	0	0	0.2702584863	0.1969398558	0.8540973663	4.122097492
1535	0.4454588294	0.4454588294	0	0	0.2657271028	0.1933461428	0.8441233635	4.121539593
1536	0.4522507191	0.4522507191	0	0	0.2607287169	0.2025646716	0.8399925232	4.121430397
1537	0.4460977018	0.4460977018	0	0	0.254778713	0.2205279022	0.8410342932	4.121377945
1538	0.426107049	0.426107049	0	0	0.2554032207	0.2268065065	0.8502259254	4.121587276
1539	0.3935393691	0.3935393691	0	0	0.2557044327	0.219980076	0.8499028087	4.121806622
1540	0.3877753615	0.3877753615	0	0	0.2600522935	0.2257127315	0.856231153	4.122216225
1541	0.403535217	0.403535217	0	0	0.2601094842	0.2299849242	0.850117743	4.122464657
1542	0.4300451279	0.4300451279	0	0	0.2590788305	0.2192118466	0.8371373415	4.121794224
1543	0.4548715353	0.4548715353	0	0	0.2562783659	0.2026503682	0.8204571605	4.121461868
1544	0.4643124044	0.4643124044	0	0	0.2482757866	0.2174983323	0.8091256022	4.121374607
1545	0.4542019367	0.4542019367	0	0	0.2462223172	0.2199946642	0.8120770454	4.121412277
1546	0.4495835006	0.4495835006	0	0	0.2534903884	0.2264214307	0.8378254771	4.121511936
1547	0.4437541068	0.4437541068	0	0	0.2592583299	0.2229375392	0.8492845893	4.121694565
1548	0.4474653006	0.4474653006	0	0	0.2632316649	0.2241450101	0.8532837629	4.121889591
1549	0.4397034049	0.4397034049	0	0	0.26747486	0.2146098465	0.8542639613	4.122088432
1550	0.4798488617	0.4798488617	0	0	0.2699299753	0.2094918042	0.8534209132	4.12178278
1551	0.4993236959	0.4993236959	0	0	0.2636630237	0.2007529885	0.8379160762	4.121463299
1552	0.5569839478	0.5569839478	0	0	0.258838594	0.2210977823	0.8377486467	4.121469975
1553	0.5459270477	0.5459270477	0	0	0.2530998588	0.2200264037	0.8316603899	4.121408939
1554	0.4818821847	0.4818821847	0	0	0.2505201101	0.2321986407	0.834333539	4.121497154
1555	0.453132987	0.453132987	0	0	0.2567466199	0.2300494909	0.8479118347	4.1218009
1556	0.4201289117	0.4201289117	0	0	0.2631527185	0.2278460115	0.8558648229	4.12215519
1557	0.4179133475	0.4179133475	0	0	0.2640776038	0.227943331	0.8517334461	4.12250042
1558	0.4397640228	0.4397640228	0	0	0.267020613	0.2065976262	0.8474746943	4.12192297
1559	0.4950791299	0.4950791299	0	0	0.2651582062	0.1959827095	0.8421030641	4.121524334
1560	0.512157321	0.512157321	0	0	0.2586634457	0.2089701593	0.8362298012	4.121480465
1561	0.4946904778	0.4946904778	0	0	0.2566758096	0.203206405	0.8355620503	4.121448517
1562	0.4291941822	0.4291941822	0	0	0.2544449568	0.2106451988	0.8392146826	4.121604919
1563	0.4232889712	0.4232889712	0	0	0.2592350841	0.2090894133	0.8477017283	4.121862411
1564	0.4069891572	0.4069891572	0	0	0.2631514668	0.2199159861	0.855496347	4.122285366
1565	0.4071082175	0.4071082175	0	0	0.262771666	0.2259695679	0.8514968157	4.122488499
1566	0.4379381537	0.4379381537	0	0	0.2675254941	0.2167296112	0.8543335199	4.122119427
1567	0.510073483	0.510073483	0	0	0.2625464797	0.1983294934	0.8385697603	4.121602535
1568	0.4857127666	0.4857127666	0	0	0.2557633221	0.2116482556	0.8328370452	4.121446609
1569	0.4637209177	0.4637209177	0	0	0.2519167066	0.2166202664	0.8317578435	4.12147665
1570	0.3753456473	0.3753456473	0	0	0.2494437397	0.2303202748	0.8391343355	4.121666431
1571	0.4322238266	0.4322238266	0	0	0.2601541877	0.2182765901	0.8544519544	4.1219244
1572	0.4043860137	0.4043860137	0	0	0.262149483	0.2319478989	0.8577972651	4.122480869
1573	0.4404758215	0.4404758215	0	0	0.2644055486	0.2294348925	0.8560968041	4.122886181
1574	0.4672864377	0.4672864377	0	0	0.2646661699	0.2287914157	0.8547576666	4.122348309
1575	0.5129824281	0.5129824281	0	0	0.2595870793	0.2235242575	0.8453587294	4.122114182
1576	0.5265904665	0.5265904665	0	0	0.2537426054	0.2288350612	0.8378838897	4.122076035
1577	0.4949223101	0.4949223101	0	0	0.2504507899	0.2250518501	0.836835146	4.121987343
1578	0.4657807946	0.4657807946	0	0	0.2462062538	0.2369872332	0.8349763155	4.122068882
1579	0.4858950675	0.4858950675	0	0	0.2557301223	0.2340358794	0.8502691984	4.122427464
1580	0.479696095	0.479696095	0	0	0.2604554594	0.2420472205	0.8571628332	4.123055458
1581	0.4716394544	0.4716394544	0	0	0.2555116713	0.2409954816	0.8377905488	4.123396873
1582	0.4852176011	0.4852176011	0	0	0.2593717277	0.2282443047	0.8396642804	4.122824669
1583	0.5165717006	0.5165717006	0	0	0.2556064725	0.2141577452	0.8298497796	4.12250042
1584	0.5243663788	0.5243663788	0	0	0.2495014071	0.2182661742	0.8237318397	4.122103214
1585	0.5170271993	0.5170271993	0	0	0.2461477518	0.2072700262	0.8222193122	4.121945858
1586	0.4778570533	0.4778570533	0	0	0.2406472713	0.2203786671	0.8188063502	4.122302055
1587	0.5311740041	0.5311740041	0	0	0.252766937	0.2065430433	0.8338513374	4.122757435
1588	0.5241475105	0.5241475105	0	0	0.2569482327	0.215139091	0.8412425518	4.123054028
1589	0.5119858384	0.5119858384	0	0	0.2561120391	0.2258733511	0.8342834711	4.123329639
1590	0.552986145	0.552986145	0	0	0.2590871453	0.2186175734	0.8345492482	4.122783184
1591	0.5798615813	0.5798615813	0	0	0.2540034056	0.2088420242	0.8225165009	4.12241888
1592	0.5596914291	0.5596914291	0	0	0.2462672442	0.2232139856	0.8170937896	4.1221838
1593	0.5595068932	0.5595068932	0	0	0.2372652888	0.2221632302	0.8080924749	4.121884823
1594	0.5234133601	0.5234133601	0	0	0.2377467155	0.2304689288	0.81900841	4.122756958
1595	0.5590611696	0.5590611696	0	0	0.2457761467	0.2276555002	0.827172339	4.12266922
1596	0.5528848767	0.5528848767	0	0	0.2522791922	0.2330723107	0.834664762	4.12319994
1597	0.5296273828	0.5296273828	0	0	0.2545590997	0.2333314717	0.8329026103	4.123403072
1598	0.5460803509	0.5460803509	0	0	0.2606048286	0.2240240872	0.8352777362	4.123232365
1599	0.5742689967	0.5742689967	0	0	0.2557398379	0.2199782431	0.8249559999	4.122988224
1600	0.5908426642	0.5908426642	0	0	0.2485113591	0.2251960486	0.8154947162	4.122974396
1601	0.5983023643	0.5983023643	0	0	0.2437979877	0.2141622603	0.814891994	4.122909546
1602	0.5620295405	0.5620295405	0	0	0.2354677916	0.2309973389	0.807756424	4.123063087
1603	0.5617856383	0.5617856383	0	0	0.2474189997	0.2241282165	0.8293049335	4.123241425
1604	0.5571557283	0.5571557283	0	0	0.2528830171	0.2246480733	0.8319538832	4.123412609
1605	0.5405797958	0.5405797958	0	0	0.2502244115	0.2335166484	0.8180262446	4.123534679
1606	0.5775592923	0.5775592923	0	0	0.2634113133	0.2115970105	0.8305391669	4.123494625
1607	0.5945288539	0.5945288539	0	0	0.2612026632	0.2070111036	0.8299010396	4.123156548
1608	0.5930858254	0.5930858254	0	0	0.2501583397	0.2193132788	0.8149238825	4.123116493
1609	0.6080233455	0.6080233455	0	0	0.2438985109	0.2063472569	0.8115617037	4.122958183
1610	0.5611298084	0.5611298084	0	0	0.2354966104	0.2234937996	0.8072820306	4.123203278
1611	0.5858730674	0.5858730674	0	0	0.2449743152	0.2129267454	0.8202972412	4.123304844
1612	0.5547876954	0.5547876954	0	0	0.2531044185	0.2161974162	0.834104538	4.123375893
1613	0.5150111318	0.5150111318	0	0	0.2514510453	0.2293318957	0.8249822259	4.123440266
1614	0.5185772777	0.5185772777	0	0	0.2625525594	0.2262441367	0.8415917754	4.123351097
1615	0.53784132	0.53784132	0	0	0.257820636	0.2129022032	0.8313692212	4.123142242
1616	0.516110003	0.516110003	0	0	0.25250718	0.2208936065	0.8271172643	4.123375893
1617	0.5170283318	0.5170283318	0	0	0.2444776744	0.2192329019	0.8265413642	4.122822762
1618	0.507494092	0.507494092	0	0	0.2433896363	0.2274279892	0.8334366083	4.123411179
1619	0.5203038454	0.5203038454	0	0	0.252756536	0.219482556	0.8456221223	4.123281002
1620	0.5185767412	0.5185767412	0	0	0.2570794225	0.2309423834	0.8496391773	4.123390675
1621	0.520965457	0.520965457	0	0	0.262708813	0.2169627845	0.8466712236	4.123474598
1622	0.5144387484	0.5144387484	0	0	0.2689664066	0.2225123644	0.8534582257	4.123340607
1623	0.5279639363	0.5279639363	0	0	0.2594707608	0.2196021527	0.8393606544	4.123343945
1624	0.5233029127	0.5233029127	0	0	0.2559345067	0.2165812105	0.8370297551	4.123365879
1625	0.530603528	0.530603528	0	0	0.2490231246	0.2133212388	0.8338056207	4.123348236
1626	0.4990852773	0.4990852773	0	0	0.2423499674	0.2331920564	0.8303201795	4.123425961
1627	0.5061798096	0.5061798096	0	0	0.2496540397	0.2261777222	0.8390915394	4.123418808
1628	0.5016204119	0.5016204119	0	0	0.254624784	0.2274333835	0.8405838013	4.123500824
1629	0.4962082803	0.4962082803	0	0	0.25257954	0.2343387902	0.826772213	4.123567581
1630	0.5287781954	0.5287781954	0	0	0.264257282	0.2142568529	0.8372849226	4.123467922
1631	0.5316408277	0.5316408277	0	0	0.2564913929	0.2134550661	0.8294764161	4.123441219
1632	0.5073655844	0.5073655844	0	0	0.2497662157	0.2194856256	0.8232566118	4.123494148
1633	0.5054037571	0.5054037571	0	0	0.2448836565	0.2152593285	0.8263984919	4.123360634
1634	0.4819222391	0.4819222391	0	0	0.2370638102	0.2346804291	0.8209446669	4.123513699
1635	0.4863570631	0.4863570631	0	0	0.2445446253	0.2270520478	0.8315039277	4.123472214
1636	0.4906483293	0.4906483293	0	0	0.2476363182	0.2328861356	0.831716001	4.123511791
1637	0.4809790254	0.4809790254	0	0	0.2475685179	0.2394526601	0.8205657005	4.123570442
1638	0.4633136988	0.4633136988	0	0	0.2524709702	0.2374653369	0.8229689002	4.123475075
1639	0.481913209	0.481913209	0	0	0.2437499613	0.2347319871	0.8090872169	4.123556614
1640	0.4801299572	0.4801299572	0	0	0.237816155	0.2191284448	0.7842743993	4.12394619
1641	0.4855344296	0.4855344296	0	0	0.2333539128	0.2141283154	0.7885353565	4.12391758
1642	0.478758961	0.478758961	0	0	0.2280971706	0.2325562686	0.787602663	4.124016762
1643	0.4718604684	0.4718604684	0	0	0.2335059345	0.2363551259	0.8023260236	4.124051571
1644	0.4705097973	0.4705097973	0	0	0.2361564338	0.2391369939	0.7999539971	4.124040127
1645	0.4580920041	0.4580920041	0	0	0.2343316376	0.2378698736	0.7800570726	4.124037743
1646	0.4406410754	0.4406410754	0	0	0.2359635085	0.2387914658	0.7737441063	4.124023438
1647	0.4490898252	0.4490898252	0	0	0.2297953218	0.2335473299	0.760332942	4.12401247
1648	0.4507299662	0.4507299662	0	0	0.2222359478	0.2144804001	0.7169542313	4.124423027
1649	0.4510064423	0.4510064423	0	0	0.2186858058	0.2105647027	0.7196860909	4.12441349
1650	0.4480483532	0.4480483532	0	0	0.216105327	0.2249793559	0.7235256433	4.124474525
1651	0.4431526065	0.4431526065	0	0	0.2190867811	0.2344111502	0.7385681272	4.124513149
1652	0.4418835938	0.4418835938	0	0	0.2201873511	0.2330705523	0.7275000811	4.124522686
1653	0.4308011532	0.4308011532	0	0	0.2196623981	0.2342810333	0.7101818919	4.124511719
1654	0.4230136275	0.4230136275	0	0	0.2180851251	0.2385658324	0.6972309947	4.124495506
1655	0.433441937	0.433441937	0	0	0.211833775	0.222738266	0.6701151729	4.12451458
1656	0.4394178391	0.4394178391	0	0	0.2050751448	0.2068105489	0.6260712743	4.124735832
1657	0.4316871166	0.4316871166	0	0	0.2168514431	0.2321745157	0.7263646126	4.124047279
1658	0.4335323572	0.4335323572	0	0	0.2148163915	0.2647561431	0.7493703365	4.124176979
1659	0.4505666196	0.4505666196	0	0	0.2124472111	0.2822348177	0.7485748529	4.124145031
1660	0.4422657788	0.4422657788	0	0	0.2159515172	0.2722478211	0.738705337	4.124224186
1661	0.4562004507	0.4562004507	0	0	0.2184021324	0.2837090492	0.7405496836	4.124135017
1662	0.4334979355	0.4334979355	0	0	0.2217623144	0.2748805583	0.7361496687	4.124167442
1663	0.4243109524	0.4243109524	0	0	0.2254165858	0.2447686493	0.7414583564	4.124073505
1664	0.4158323407	0.4158323407	0	0	0.2163843364	0.2278936207	0.6911066771	4.124500275
1665	0.4208448529	0.4208448529	0	0	0.2231117189	0.2455952913	0.7541511655	4.124126434
1666	0.4285441339	0.4285441339	0	0	0.2405493855	0.2113578469	0.8009864092	4.124146461
1667	0.4784584939	0.4784584939	0	0	0.2526887655	0.1987382174	0.8195760846	4.124202251
1668	0.516592741	0.516592741	0	0	0.2553990781	0.1921856999	0.8136149645	4.124149323
1669	0.4875576794	0.4875576794	0	0	0.2599634528	0.1850120872	0.8148210645	4.124146461
1670	0.5625315905	0.5625315905	0	0	0.261936605	0.1816471964	0.8051941395	4.12408638
1671	0.5049543977	0.5049543977	0	0	0.2574846745	0.1702330858	0.7935894728	4.124022007
1672	0.4906400144	0.4906400144	0	0	0.2472211123	0.1676457524	0.7596073151	4.124536514
1673	0.4078562558	0.4078562558	0	0	0.2509471178	0.1792273819	0.8024886847	4.124127865
1674	0.3492208421	0.3492208421	0	0	0.2512877285	0.1926809549	0.8177013397	4.124174118
1675	0.331982702	0.331982702	0	0	0.2532230914	0.202545166	0.8287519813	4.124237061
1676	0.3166308105	0.3166308105	0	0	0.2577643991	0.1923712939	0.8241510987	4.124233246
1677	0.3149091601	0.3149091601	0	0	0.2609673142	0.1937722713	0.8223083019	4.124129772
1678	0.3328055441	0.3328055441	0	0	0.2631795406	0.1978580803	0.8227511644	4.124162674
1679	0.3508884013	0.3508884013	0	0	0.2610717416	0.1825951636	0.8164868355	4.124172211
1680	0.3781231344	0.3781231344	0	0	0.2496862411	0.1685477048	0.7733012438	4.124643803
1681	0.3367119431	0.3367119431	0	0	0.2542296946	0.1873768568	0.8159727454	4.124260902
1682	0.3137193322	0.3137193322	0	0	0.2446010858	0.2067778856	0.8107118011	4.124073982
1683	0.2854972482	0.2854972482	0	0	0.2399277687	0.2224953771	0.8017059565	4.124165535
1684	0.2705670893	0.2705670893	0	0	0.2404545397	0.2172694504	0.7935094237	4.124190807
1685	0.2774300277	0.2774300277	0	0	0.2472991645	0.2192938179	0.8033235669	4.124121666
1686	0.2956614196	0.2956614196	0	0	0.2479684651	0.215585798	0.7889775634	4.124177456
1687	0.3015600741	0.3015600741	0	0	0.2447395325	0.2042816728	0.7732211351	4.124106407
1688	0.3129309118	0.3129309118	0	0	0.2335556149	0.193726182	0.7218242288	4.124539852
1689	0.2608142495	0.2608142495	0	0	0.2465209216	0.1945600063	0.7982916832	4.124135971
1690	0.2590277493	0.2590277493	0	0	0.2485078573	0.200140655	0.8128243685	4.12416172
1691	0.2442717254	0.2442717254	0	0	0.2467951328	0.2172214687	0.8178893328	4.124123573
1692	0.2477521449	0.2477521449	0	0	0.2469625473	0.2113931328	0.8119206429	4.124062061
1693	0.2628740072	0.2628740072	0	0	0.2559784949	0.1944469064	0.8158234954	4.123986244
1694	0.2755235136	0.2755235136	0	0	0.2557090223	0.2051171064	0.8145219088	4.124089718
1695	0.299731195	0.299731195	0	0	0.254894495	0.1911911517	0.8054623604	4.124033451
1696	0.3486687839	0.3486687839	0	0	0.2410744429	0.1784034967	0.7567299008	4.12442112
1697	0.3200343549	0.3200343549	0	0	0.2447147369	0.1869032234	0.7931236029	4.124061584
1698	0.3266993463	0.3266993463	0	0	0.2416907251	0.1950558424	0.7962504625	4.12397337
1699	0.2402532697	0.2402532697	0	0	0.2477948815	0.2120575905	0.8184020519	4.124187469
1700	0.2468379289	0.2468379289	0	0	0.2493916899	0.2043255568	0.8102222681	4.124129772
1701	0.2541379333	0.2541379333	0	0	0.2564035952	0.2044588476	0.8168414831	4.123976707
1702	0.2653423846	0.2653423846	0	0	0.2577501833	0.2062974721	0.816853106	4.124037266
1703	0.290736109	0.290736109	0	0	0.2587425113	0.1903213859	0.8092602491	4.124037743
1704	0.3234941959	0.3234941959	0	0	0.2483136505	0.1780662984	0.7680097222	4.124503613
1705	0.2971749902	0.2971749902	0	0	0.2550767958	0.1801357418	0.8058322668	4.124071598
1706	0.2774308026	0.2774308026	0	0	0.256829232	0.187019065	0.8222560883	4.124033928
1707	0.2771900594	0.2771900594	0	0	0.2579611838	0.1930505037	0.8244236708	4.124147415
1708	0.2703354657	0.2703354657	0	0	0.255172044	0.1945645064	0.8126941919	4.124137878
1709	0.2981811762	0.2981811762	0	0	0.2639167309	0.1959007382	0.8251878023	4.12394619
1710	0.2955190539	0.2955190539	0	0	0.2642241716	0.1986662298	0.825937748	4.124002934
1711	0.3040668964	0.3040668964	0	0	0.2599346638	0.188814491	0.8081226349	4.124067307
1712	0.3326402903	0.3326402903	0	0	0.2505580485	0.1726868153	0.7665396929	4.12450552
1713	0.3131172657	0.3131172657	0	0	0.2573632896	0.1876097471	0.8135437965	4.124090672
1714	0.2938597798	0.2938597798	0	0	0.2572208047	0.1855160892	0.819476068	4.124094009
1715	0.2443008423	0.2443008423	0	0	0.2572424412	0.2096817195	0.8339777589	4.124033451
1716	0.2667884231	0.2667884231	0	0	0.2579906285	0.2078962326	0.8284648657	4.124085426
1717	0.3022614121	0.3022614121	0	0	0.2657344937	0.1895327568	0.829960227	4.123957157
1718	0.2967669964	0.2967669964	0	0	0.2639980018	0.2041095942	0.8295226097	4.124047279
1719	0.3146646917	0.3146646917	0	0	0.2610181272	0.1918769777	0.8137239814	4.124104023
1720	0.3461068571	0.3461068571	0	0	0.2519386411	0.1781020612	0.7761632204	4.124574661
1721	0.3191841543	0.3191841543	0	0	0.2553971708	0.1892277151	0.8072949648	4.124158382
1722	0.2911537588	0.2911537588	0	0	0.2541680932	0.2030934393	0.8184785247	4.124123096
1723	0.2673624456	0.2673624456	0	0	0.254026562	0.2178101093	0.8267473578	4.124163628
1724	0.2983562052	0.2983562052	0	0	0.2539223731	0.2071426511	0.8151928782	4.12417841
1725	0.3081862032	0.3081862032	0	0	0.2590943277	0.2060789168	0.8157631755	4.124006271
1726	0.2933649421	0.2933649421	0	0	0.2600417137	0.21914877	0.8267201185	4.123990536
1727	0.3342351317	0.3342351317	0	0	0.2579038739	0.1976737231	0.8050503731	4.124190331
1728	0.3671696186	0.3671696186	0	0	0.2499115318	0.1795507222	0.7700856328	4.124598026
1729	0.3376544416	0.3376544416	0	0	0.2530080676	0.191573441	0.8019663692	4.124126434
1730	0.3190095425	0.3190095425	0	0	0.2532399893	0.1970666498	0.8125060201	4.124155045
1731	0.2948160768	0.2948160768	0	0	0.2542726994	0.2124082446	0.8222903013	4.124174118
1732	0.320183605	0.320183605	0	0	0.2540958822	0.2051053345	0.8121243715	4.124094486
1733	0.3205218911	0.3205218911	0	0	0.2615342736	0.2049001753	0.8212205172	4.124016762
1734	0.3256325424	0.3256325424	0	0	0.2625860274	0.2090040147	0.8241150975	4.123969078
1735	0.353472203	0.353472203	0	0	0.2630880475	0.1971891224	0.8171018958	4.12415266
1736	0.344612062	0.344612062	0	0	0.260263145	0.1981722265	0.8179241419	4.124196053
1737	0.2851713598	0.2851713598	0	0	0.2568053603	0.2240976393	0.8392230272	4.123641491
1738	0.2665496767	0.2665496767	0	0	0.2532419562	0.2305162996	0.83877635	4.123612881
1739	0.265031904	0.265031904	0	0	0.255828768	0.2381902188	0.8457680941	4.123552322
1740	0.2889726162	0.2889726162	0	0	0.2570615411	0.2352725416	0.8419387341	4.123531342
1741	0.3203702271	0.3203702271	0	0	0.2669174671	0.2236856669	0.8484614491	4.123502254
1742	0.3563707471	0.3563707471	0	0	0.2702260315	0.231859386	0.8565798998	4.123406887
1743	0.3910562992	0.3910562992	0	0	0.2665735483	0.234414503	0.8472630382	4.123522282
1744	0.4057327807	0.4057327807	0	0	0.2625923753	0.2295714617	0.8432297707	4.123679638
1745	0.4015142918	0.4015142918	0	0	0.2550559342	0.2404282242	0.8449767232	4.123609066
1746	0.4199902117	0.4199902117	0	0	0.2510431707	0.2282962501	0.8348428011	4.123452187
1747	0.4227628708	0.4227628708	0	0	0.2561965287	0.2356168479	0.8455909491	4.123385429
1748	0.4317867756	0.4317867756	0	0	0.2583559453	0.2242563814	0.8411952257	4.123574734
1749	0.4260512292	0.4260512292	0	0	0.2653404772	0.2293308079	0.8459125757	4.123570919
1750	0.4228821695	0.4228821695	0	0	0.2710573971	0.2200518101	0.8527636528	4.123491764
1751	0.4312039316	0.4312039316	0	0	0.2700980306	0.214283511	0.8481323719	4.123577118
1752	0.4460464716	0.4460464716	0	0	0.2670305967	0.2074298412	0.8458538055	4.123599052
1753	0.4503006339	0.4503006339	0	0	0.2601362765	0.2124617249	0.8451673388	4.123550892
1754	0.469979614	0.469979614	0	0	0.2554415464	0.2141499221	0.8404846191	4.123449326
1755	0.4801464081	0.4801464081	0	0	0.2597676814	0.2158685476	0.8493666649	4.123318672
1756	0.4844984412	0.4844984412	0	0	0.2583274841	0.2228542119	0.8446106911	4.123505116
1757	0.5013195872	0.5013195872	0	0	0.2651639283	0.2221692801	0.845823288	4.123517036
1758	0.5037651062	0.5037651062	0	0	0.2652579844	0.2313620448	0.8462728858	4.123467922
1759	0.5325540304	0.5325540304	0	0	0.2643586695	0.2209433615	0.8381609321	4.12346077
1760	0.5472943187	0.5472943187	0	0	0.2604697049	0.2169463336	0.8328741789	4.123940468
1761	0.5323704481	0.5323704481	0	0	0.2528110445	0.2365601808	0.836998105	4.123716354
1762	0.5611418486	0.5611418486	0	0	0.2450879663	0.2439717501	0.8314304352	4.123379707
1763	0.6049085259	0.6049085259	0	0	0.2518015504	0.2445534766	0.8463476896	4.123352051
1764	0.6888132691	0.6888132691	0	0	0.2519513965	0.2456941903	0.8438122272	4.123346329
1765	0.7821928859	0.7821928859	0	0	0.2637672424	0.2286424935	0.8501493335	4.123280048
1766	0.8379313946	0.8379313946	0	0	0.2637419105	0.2414140403	0.8497009277	4.123143673
1767	0.8892886639	0.8892886639	0	0	0.2566527724	0.2444882691	0.8343808055	4.123300552
1768	0.9379761815	0.9379761815	0	0	0.2533631921	0.2314337939	0.8257570863	4.12360239
1769	0.9051968455	0.9051968455	0	0	0.2466361672	0.2372240126	0.8234742284	4.123421669
1770	0.9308274388	0.9308274388	0	0	0.2421352714	0.243601054	0.823336184	4.12343502
1771	0.9234246016	0.9234246016	0	0	0.2425435334	0.2579826713	0.8298272491	4.12328577
1772	0.9707884192	0.9707884192	0	0	0.2432932556	0.2534572184	0.8256043792	4.123428345
1773	0.9528228045	0.9528228045	0	0	0.2497284263	0.2479186505	0.8232026696	4.12349844
1774	1.004701018	1.004701018	0	0	0.2578314841	0.2385783941	0.8308241963	4.123410225
1775	0.9534256458	0.9534256458	0	0	0.2491411418	0.2438371032	0.8146238923	4.123356819
1776	0.9187371135	0.9187371135	0	0	0.2445930988	0.2373807728	0.8064117432	4.123643398
1777	0.927403152	0.927403152	0	0	0.2422122955	0.2319883406	0.8104918599	4.123557091
1778	1.00462687	1.00462687	0	0	0.2435532957	0.2267435789	0.8157169819	4.123497963
1779	0.9872063994	0.9872063994	0	0	0.2465217859	0.2324158102	0.825779438	4.123476982
1780	1.030754209	1.030754209	0	0	0.2452613711	0.2421288192	0.8217421174	4.12343359
1781	1.038259745	1.038259745	0	0	0.2520980239	0.2409707904	0.8219644427	4.123511791
1782	0.9972780943	0.9972780943	0	0	0.2530976534	0.2490268201	0.820201993	4.1234622
1783	1.001174688	1.001174688	0	0	0.2515974343	0.2375549823	0.8102241755	4.123161316
1784	0.9689882994	0.9689882994	0	0	0.2487520427	0.239165172	0.8124960065	4.123345375
1785	0.9305352569	0.9305352569	0	0	0.2424945384	0.2405950427	0.8125502467	4.123189449
1786	0.9010302424	0.9010302424	0	0	0.2549577057	0.2040516138	0.8333672881	4.123188972
1787	0.9874891639	0.9874891639	0	0	0.2623269558	0.186487034	0.8361401558	4.12300539
1788	0.9992989898	0.9992989898	0	0	0.2535478175	0.2213860899	0.8290871382	4.122963428
1789	1.067164779	1.067164779	0	0	0.2662857473	0.2005337477	0.8365031481	4.123307705
1790	1.155710697	1.155710697	0	0	0.2603489161	0.2430757582	0.8340935707	4.122982025
1791	1.215043545	1.215043545	0	0	0.2523565292	0.2455229759	0.8196659088	4.122956753
1792	1.249450684	1.249450684	0	0	0.2576786578	0.2260994017	0.8323029876	4.123372555
1793	1.186778784	1.186778784	0	0	0.2492728531	0.2353694737	0.8254910707	4.123108387
1794	1.246901393	1.246901393	0	0	0.2508864403	0.2392080426	0.8380761147	4.123355389
1795	1.197538614	1.197538614	0	0	0.2543947697	0.2385365814	0.8429409266	4.123171329
1796	1.249164343	1.249164343	0	0	0.2561083138	0.2409821898	0.8418719769	4.123111248
1797	1.249439001	1.249439001	0	0	0.2562135458	0.2445132583	0.8297698498	4.123104095
1798	1.277758241	1.277758241	0	0	0.2658073008	0.2397448868	0.8419235945	4.12308073
1799	1.257293344	1.257293344	0	0	0.2620260715	0.2287484854	0.8353583813	4.123128414
1800	1.214137793	1.214137793	0	0	0.2572790384	0.2390692383	0.8340781331	4.123468876
1801	1.226866364	1.226866364	0	0	0.2545187771	0.230491668	0.8342165351	4.123386383
1802	1.277571201	1.277571201	0	0	0.2501907349	0.2423635274	0.8370136023	4.123177528
1803	1.258843899	1.258843899	0	0	0.2504166067	0.2385234535	0.8328213692	4.123450279
1804	1.330183268	1.330183268	0	0	0.2476445585	0.2555309832	0.829644978	4.123371124
1805	1.319751143	1.319751143	0	0	0.2528014779	0.2511838377	0.8269154429	4.123479366
1806	1.297745824	1.297745824	0	0	0.2565063834	0.2575418055	0.8306480646	4.123152733
1807	1.383327484	1.383327484	0	0	0.2499224842	0.2658521235	0.8207302094	4.123200893
1808	1.32773149	1.32773149	0	0	0.2571592331	0.2413116246	0.8320575953	4.123400211
1809	1.312086701	1.312086701	0	0	0.2558091283	0.2430838346	0.8390851021	4.12344408
1810	1.36359024	1.36359024	0	0	0.2470537424	0.26094383	0.8326612115	4.123304367
1811	1.360276341	1.360276341	0	0	0.2475472689	0.2575867176	0.830960393	4.123180389
1812	1.49335885	1.49335885	0	0	0.2480646521	0.2695385218	0.8357447386	4.123149872
1813	1.594016314	1.594016314	0	0	0.2587120533	0.2391884923	0.8347468376	4.12343359
1814	1.612915635	1.612915635	0	0	0.2601238489	0.2466179579	0.8318198919	4.123290062
1815	1.715470791	1.715470791	0	0	0.2523139417	0.2697585225	0.8235131502	4.123095036
1816	1.722266078	1.722266078	0	0	0.2518067956	0.2541235089	0.823058784	4.123565674
1817	1.695200562	1.695200562	0	0	0.2473412305	0.2525585592	0.8227235079	4.123531818
1818	1.767728925	1.767728925	0	0	0.2462411374	0.2627263963	0.8325084448	4.123554707
1819	1.717595816	1.717595816	0	0	0.2499630749	0.2642229199	0.8406158686	4.123383999
1820	1.789481521	1.789481521	0	0	0.2490977794	0.2681979835	0.8382315636	4.123142242
1821	1.776521564	1.776521564	0	0	0.251472801	0.2660682499	0.8266246319	4.123355865
1822	1.783890486	1.783890486	0	0	0.2561560869	0.272064209	0.8316962123	4.12341404
1823	1.820551395	1.820551395	0	0	0.252506882	0.2734155953	0.8273075819	4.123369694
1824	1.748191595	1.748191595	0	0	0.2476023734	0.2700301707	0.8192043304	4.12346077
1825	1.733212233	1.733212233	0	0	0.2461704314	0.2583242059	0.8212427497	4.123473644
1826	1.865112662	1.865112662	0	0	0.2445997745	0.2690034807	0.8302404284	4.123412609
1827	1.752188206	1.752188206	0	0	0.245402649	0.2571208179	0.8271856904	4.123369217
1828	1.836115837	1.836115837	0	0	0.2465128154	0.2675339282	0.8338905573	4.123174191
1829	1.808423877	1.808423877	0	0	0.2461794615	0.2715012133	0.8203482628	4.123477936
1830	1.815258741	1.815258741	0	0	0.2513130605	0.2688106894	0.8213237524	4.123533249
1831	1.918610692	1.918610692	0	0	0.2458618432	0.2805999517	0.8141836524	4.123228073
1832	1.789696455	1.789696455	0	0	0.2437957078	0.274228543	0.8102904558	4.123509407
1833	1.767602444	1.767602444	0	0	0.2419011295	0.2687671483	0.8152300715	4.123436928
1834	1.735638261	1.735638261	0	0	0.2585029602	0.2292757481	0.8442972898	4.123355865
1835	1.604070902	1.604070902	0	0	0.2622757256	0.2211322039	0.8459265828	4.123234272
1836	1.581758022	1.581758022	0	0	0.2652435899	0.2123202533	0.8490139842	4.123072624
1837	1.633966208	1.633966208	0	0	0.2728019357	0.1903896481	0.8424431086	4.123386383
1838	1.687578082	1.687578082	0	0	0.2795631886	0.1851848811	0.840359807	4.123174667
1839	1.745520473	1.745520473	0	0	0.2820308208	0.1782478094	0.8434824347	4.123184681
1840	1.702001691	1.702001691	0	0	0.2769698501	0.1899908334	0.8412575722	4.1232481
1841	1.753059745	1.753059745	0	0	0.2742035687	0.1922612935	0.851277113	4.123278141
1842	1.822949052	1.822949052	0	0	0.2714916766	0.2062281668	0.8612327576	4.123239517
1843	1.796200395	1.796200395	0	0	0.2716681063	0.2115453333	0.8628018498	4.123165131
1844	1.860426068	1.860426068	0	0	0.2730052471	0.2129930705	0.8667210937	4.123056412
1845	1.828757882	1.828757882	0	0	0.274527818	0.2268497348	0.8649361134	4.123213768
1846	1.762622833	1.762622833	0	0	0.2777143419	0.2327178717	0.8649122119	4.123244286
1847	1.782647252	1.782647252	0	0	0.2802025378	0.2178233862	0.8667126894	4.123190403
1848	1.769983768	1.769983768	0	0	0.2764366567	0.2195996791	0.8628525734	4.123276234
1849	1.766937017	1.766937017	0	0	0.2694095969	0.2200960219	0.8569090962	4.123076439
1850	1.787731409	1.787731409	0	0	0.2623699903	0.2394771874	0.8587289453	4.123097897
1851	1.743225336	1.743225336	0	0	0.2626722455	0.2412822098	0.857809782	4.122898102
1852	1.751633763	1.751633763	0	0	0.2620851099	0.2463348061	0.8595551848	4.123096943
1853	1.775248408	1.775248408	0	0	0.2623831332	0.2602616251	0.8564223051	4.123254776
1854	1.713941097	1.713941097	0	0	0.2656803429	0.2631685734	0.854681313	4.123119354
1855	1.691487432	1.691487432	0	0	0.2625311315	0.2514616847	0.8445109129	4.123189926
1856	1.640496016	1.640496016	0	0	0.2580717802	0.2555527091	0.8387920856	4.123337269
1857	1.641386509	1.641386509	0	0	0.2540695369	0.2484076768	0.8355695605	4.123389721
1858	1.564583898	1.564583898	0	0	0.2602360249	0.2269499898	0.8411813378	4.123162746
1859	1.501483917	1.501483917	0	0	0.2569596171	0.2202198356	0.8073279858	4.123139381
1860	1.482133985	1.482133985	0	0	0.2508232594	0.2105506659	0.7665167451	4.123060226
1861	1.453410387	1.453410387	0	0	0.2569724619	0.2079314291	0.7798625231	4.123335838
1862	1.382734418	1.382734418	0	0	0.2544283867	0.2064212114	0.7604729533	4.122861385
1863	1.322784185	1.322784185	0	0	0.252669096	0.2052003294	0.7642005086	4.122666359
1864	1.287397861	1.287397861	0	0	0.2552595735	0.2170117497	0.7907463312	4.122818947
1865	1.24266994	1.24266994	0	0	0.2641720176	0.2153050154	0.8409392238	4.122587204
1866	1.228911638	1.228911638	0	0	0.2567614019	0.2264386564	0.8349587321	4.122680187
1867	1.223137736	1.223137736	0	0	0.2560952008	0.2388574332	0.8348705769	4.122816563
1868	1.23907721	1.23907721	0	0	0.2566260695	0.2516655326	0.8419142365	4.123119354
1869	1.236575961	1.236575961	0	0	0.2588441074	0.2524974346	0.8409456611	4.123249054
1870	1.238808155	1.238808155	0	0	0.2612971067	0.2473777384	0.8392286897	4.12312746
1871	1.238944173	1.238944173	0	0	0.2572171688	0.233056277	0.8235788941	4.122876644
1872	1.224476814	1.224476814	0	0	0.2586353123	0.2364660501	0.8300713301	4.122885704
1873	1.241245627	1.241245627	0	0	0.2590113878	0.2335497141	0.8378602266	4.122713089
1874	1.25782907	1.25782907	0	0	0.2556599975	0.2397696823	0.8377966881	4.122896194
1875	1.24582541	1.24582541	0	0	0.2563464344	0.2455120981	0.8364591002	4.122953892
1876	1.279990196	1.279990196	0	0	0.2567417622	0.2514944971	0.8414368629	4.123243332
1877	1.282229185	1.282229185	0	0	0.2621605396	0.2547828257	0.8483910561	4.123335838
1878	1.269832134	1.269832134	0	0	0.260751605	0.2564201951	0.8404718041	4.123167992
1879	1.269752264	1.269752264	0	0	0.2593668103	0.2368331701	0.8310402632	4.122954845
1880	1.263271451	1.263271451	0	0	0.253982693	0.2443230748	0.8242511749	4.122605324
1881	1.29958868	1.29958868	0	0	0.2522212565	0.2524324954	0.833450973	4.122779369
1882	1.271407366	1.271407366	0	0	0.2540749311	0.2448102832	0.833614707	4.122725487
1883	1.238629818	1.238629818	0	0	0.255191654	0.2348976433	0.8224492669	4.122571468
1884	1.1940521	1.1940521	0	0	0.2523491979	0.2347488105	0.8166185021	4.122723579
1885	1.155828118	1.155828118	0	0	0.2563180327	0.2317265719	0.8183850646	4.123096466
1886	1.153053403	1.153053403	0	0	0.2624522448	0.2315635383	0.8303955793	4.122716427
1887	1.175729156	1.175729156	0	0	0.2633407116	0.2222592235	0.8266746998	4.122437
1888	1.19113791	1.19113791	0	0	0.2648392022	0.2160806209	0.8276305199	4.122431278
1889	1.113364935	1.113364935	0	0	0.2590276301	0.2216901034	0.8297322392	4.121943951
1890	1.090217829	1.090217829	0	0	0.2615351081	0.2219389975	0.842384696	4.122090816
1891	1.069492102	1.069492102	0	0	0.2603597343	0.2322223932	0.8410767913	4.12217617
1892	1.04875946	1.04875946	0	0	0.2614696324	0.2444970906	0.8483737707	4.122848988
1893	1.040437102	1.040437102	0	0	0.2591207922	0.2427765131	0.8394269347	4.122757435
1894	1.036931038	1.036931038	0	0	0.2602704465	0.2511774302	0.8427770734	4.122513771
1895	1.040438294	1.040438294	0	0	0.257257998	0.2460622489	0.832798183	4.122285366
1896	1.043661356	1.043661356	0	0	0.2582250834	0.2434217781	0.8355643153	4.122289658
1897	1.040557623	1.040557623	0	0	0.2563886642	0.2378276139	0.8359520435	4.121985435
1898	1.015809774	1.015809774	0	0	0.253175199	0.2484821975	0.8381562233	4.121961594
1899	1.021554351	1.021554351	0	0	0.2558983862	0.256900996	0.8435358405	4.1220994
1900	0.9999628663	0.9999628663	0	0	0.2517904341	0.2681555748	0.8370259404	4.122719765
1901	0.992354095	0.992354095	0	0	0.2527884543	0.26963377	0.8361964226	4.123057365
1902	0.9829013348	0.9829013348	0	0	0.2497018874	0.2729670107	0.8281047344	4.122409344
1903	0.967767179	0.967767179	0	0	0.2423772812	0.2698956132	0.8065749407	4.122044086
1904	0.9439345002	0.9439345002	0	0	0.241898194	0.2783730328	0.807379961	4.122146606
1905	0.937838614	0.937838614	0	0	0.2444536388	0.2674767077	0.8184512258	4.12211895
1906	0.9271728992	0.9271728992	0	0	0.2516420782	0.2412650734	0.8249693513	4.121942997
1907	0.9336204529	0.9336204529	0	0	0.252589643	0.2507991195	0.8259708881	4.122047424
1908	0.9361584783	0.9361584783	0	0	0.2460702956	0.2688452303	0.8171042204	4.122308254
1909	0.9276700616	0.9276700616	0	0	0.2488711625	0.2642688751	0.8185753822	4.122405529
1910	0.9429541826	0.9429541826	0	0	0.2463427484	0.2662345171	0.8137427568	4.122088432
1911	0.9613614678	0.9613614678	0	0	0.2425540239	0.2596566677	0.7983312011	4.121840477
1912	1.022269845	1.022269845	0	0	0.2472832501	0.2731775045	0.8125936389	4.121605873
1913	0.9534190893	0.9534190893	0	0	0.2471439689	0.2559622228	0.8151410222	4.121482372
1914	0.9070592523	0.9070592523	0	0	0.2511621118	0.2537810206	0.8266242743	4.121600151
1915	0.8981686831	0.8981686831	0	0	0.2521570623	0.2587379813	0.8294944763	4.121646404
1916	0.9054254889	0.9054254889	0	0	0.252176702	0.2771750391	0.8364113569	4.12221241
1917	0.9075395465	0.9075395465	0	0	0.2500885129	0.2798830569	0.8299267888	4.12241745
1918	0.9193986058	0.9193986058	0	0	0.2479543388	0.2856632769	0.8290526271	4.121968746
1919	0.9443975091	0.9443975091	0	0	0.2497495711	0.2820120752	0.8307951093	4.121644974
1920	0.9667025805	0.9667025805	0	0	0.2480797321	0.2928744555	0.8321415186	4.121618271
1921	0.9477481842	0.9477481842	0	0	0.2494447827	0.2797238827	0.834602356	4.121550083
1922	0.9275382161	0.9275382161	0	0	0.2554631531	0.2702037394	0.8457340002	4.121862411
1923	0.9078942537	0.9078942537	0	0	0.2625090182	0.2496530265	0.8519623876	4.122164726
1924	0.9031464458	0.9031464458	0	0	0.2611359954	0.2645340562	0.8517478108	4.122477531
1925	0.918610692	0.918610692	0	0	0.2604393661	0.2640768588	0.8471195698	4.122692108
1926	0.9685525298	0.9685525298	0	0	0.2569470406	0.2821319699	0.8463587165	4.121868134
1927	0.9553650618	0.9553650618	0	0	0.2563813627	0.2738461196	0.8431382775	4.121733665
1928	1.035512328	1.035512328	0	0	0.2517584264	0.3010900915	0.8435850739	4.121500969
1929	0.9784734845	0.9784734845	0	0	0.2519002855	0.2899683416	0.8453829885	4.121592522
1930	0.9631696343	0.9631696343	0	0	0.2617346644	0.2600135803	0.8513029814	4.121607304
1931	0.9407303929	0.9407303929	0	0	0.2648099363	0.2553763986	0.8527844548	4.121645451
1932	0.8752689362	0.8752689362	0	0	0.2618772984	0.2606520355	0.8479175568	4.121879101
1933	0.8264814019	0.8264814019	0	0	0.2587482333	0.2560360432	0.8383523226	4.121985912
1934	0.8331340551	0.8331340551	0	0	0.2550013661	0.2690246701	0.8353045583	4.121667862
1935	0.8347218633	0.8347218633	0	0	0.2537254989	0.2615657747	0.8285206556	4.121488094
1936	0.9079426527	0.9079426527	0	0	0.2553778291	0.2814109325	0.8387128115	4.121397972
1937	0.7690398693	0.7690398693	0	0	0.2515096068	0.2640121877	0.8306617737	4.121405602
1938	0.8350160718	0.8350160718	0	0	0.2709225416	0.2205002606	0.8491538763	4.121544361
1939	0.7841610909	0.7841610909	0	0	0.2707265019	0.2267858237	0.8527923822	4.121667862
1940	0.7286775708	0.7286775708	0	0	0.2692507505	0.2333707362	0.8541285396	4.122026443
1941	0.7223789692	0.7223789692	0	0	0.2647049427	0.2477562577	0.8503844738	4.122180462
1942	0.7312397957	0.7312397957	0	0	0.2657161057	0.2318495065	0.8489549756	4.121759892
1943	0.7806715965	0.7806715965	0	0	0.2648992538	0.2351343483	0.8475917578	4.121408939
1944	0.8135587573	0.8135587573	0	0	0.2624644935	0.2599485815	0.8531072736	4.1212883
1945	0.8384997249	0.8384997249	0	0	0.2645534277	0.2484701276	0.8547774553	4.121390343
1946	0.8449440002	0.8449440002	0	0	0.2717544138	0.2414817363	0.8653094172	4.121671677
1947	0.8680189252	0.8680189252	0	0	0.2754715383	0.2278918475	0.8651537299	4.121902943
1948	0.7842159271	0.7842159271	0	0	0.2720735073	0.2340443283	0.8614642024	4.122356415
1949	0.8280436397	0.8280436397	0	0	0.2709423602	0.2345440686	0.856464684	4.1225214
1950	0.8690562248	0.8690562248	0	0	0.2678650618	0.2404654622	0.8535488844	4.121704578
1951	0.8687640429	0.8687640429	0	0	0.2669892311	0.2191893458	0.8455011249	4.121322155
1952	0.8995386958	0.8995386958	0	0	0.2655200064	0.2457053065	0.8556254506	4.121294975
1953	0.8926907778	0.8926907778	0	0	0.26809448	0.2429120839	0.8628405333	4.121264458
1954	0.8262899518	0.8262899518	0	0	0.2730001807	0.2177880853	0.8619576693	4.121420383
1955	0.8583370447	0.8583370447	0	0	0.2769350708	0.2080870122	0.8634059429	4.12134409
1956	0.8211833239	0.8211833239	0	0	0.2778460979	0.2107981741	0.8656484485	4.121901989
1957	0.8148823977	0.8148823977	0	0	0.2740231156	0.2155952007	0.8586505055	4.122041702
1958	0.7962573767	0.7962573767	0	0	0.2689040601	0.2214534432	0.8527812958	4.121480465
1959	0.8265644312	0.8265644312	0	0	0.269241482	0.2011637986	0.8482661247	4.121258259
1960	0.7972608209	0.7972608209	0	0	0.2687141895	0.225851506	0.8602789044	4.121499062
1961	0.8024045825	0.8024045825	0	0	0.266651094	0.220030576	0.8578907847	4.121316433
1962	0.7776873708	0.7776873708	0	0	0.2697050571	0.2159897238	0.8592470288	4.121542931
1963	0.7900647521	0.7900647521	0	0	0.2741250694	0.2210263908	0.866589129	4.121558189
1964	0.7697467804	0.7697467804	0	0	0.2755998075	0.222785309	0.8675438166	4.122229576
1965	0.7365176082	0.7365176082	0	0	0.2701464295	0.2205285132	0.8550084233	4.122183323
1966	0.7403689027	0.7403689027	0	0	0.2714305222	0.2185898125	0.857052505	4.121883392
1967	0.7248833776	0.7248833776	0	0	0.2673239112	0.2150563449	0.8501162529	4.121348381
1968	0.7225441933	0.7225441933	0	0	0.2665637434	0.2401968837	0.8611474037	4.121515751
1969	0.7303074598	0.7303074598	0	0	0.2614872158	0.2405930907	0.8558970094	4.121336937
1970	0.6549011469	0.6549011469	0	0	0.2619612515	0.244115144	0.8566355109	4.121496677
1971	0.6608088613	0.6608088613	0	0	0.2658858001	0.2410203665	0.8621909618	4.121819496
1972	0.6242229939	0.6242229939	0	0	0.2673366666	0.247639522	0.863416791	4.122414112
1973	0.6177165508	0.6177165508	0	0	0.2639327347	0.2496357411	0.856025815	4.122672558
1974	0.6373234987	0.6373234987	0	0	0.2622825205	0.252849102	0.8533715606	4.122142315
1975	0.6401333213	0.6401333213	0	0	0.261127919	0.2196808308	0.839392364	4.121715546
1976	0.6279445291	0.6279445291	0	0	0.2560869753	0.2535806298	0.8429159522	4.121660233
1977	0.5772016644	0.5772016644	0	0	0.2537101209	0.2622312903	0.8510974646	4.121839046
1978	0.624333322	0.624333322	0	0	0.2652676105	0.2399108708	0.860660851	4.121947289
1979	0.56248945	0.56248945	0	0	0.2647660673	0.2406580597	0.8571187258	4.122107506
1980	0.5374869108	0.5374869108	0	0	0.263569355	0.2490842938	0.8540483117	4.122538567
1981	0.515124619	0.515124619	0	0	0.257476449	0.2418066412	0.8380484581	4.12264204
1982	0.5166662931	0.5166662931	0	0	0.2558457255	0.2465851009	0.8367163539	4.122209072
1983	0.5199497342	0.5199497342	0	0	0.2499952316	0.2340005487	0.8220914006	4.121764183
1984	0.5323864222	0.5323864222	0	0	0.2456794083	0.2528249919	0.8206660748	4.121896744
1985	0.5049141645	0.5049141645	0	0	0.24069646	0.254389137	0.8177426457	4.121786594
1986	0.5210986733	0.5210986733	0	0	0.2416721582	0.2553496063	0.8122362494	4.121875763
1987	0.4983176589	0.4983176589	0	0	0.2469265759	0.2632521987	0.8265488744	4.122220039
1988	0.4894558489	0.4894558489	0	0	0.2487253249	0.2726529241	0.8296499848	4.122691154
1989	0.4784047604	0.4784047604	0	0	0.2477469444	0.2652877867	0.8246562481	4.122826576
1990	0.4790673852	0.4790673852	0	0	0.2480189651	0.2586313784	0.8222782612	4.12237215
1991	0.4917089045	0.4917089045	0	0	0.2476997375	0.2384324074	0.816607058	4.12203455
1992	0.5016450286	0.5016450286	0	0	0.2428849339	0.2633060217	0.8196865916	4.122047424
1993	0.5061358213	0.5061358213	0	0	0.2438124418	0.2463328242	0.8221335411	4.122184753
1994	0.5227025747	0.5227025747	0	0	0.2488672584	0.2397796363	0.8251926899	4.122533321
1995	0.5338526964	0.5338526964	0	0	0.248754859	0.2489469647	0.824886322	4.122599125
1996	0.5152865648	0.5152865648	0	0	0.2503779531	0.2574545741	0.8290655017	4.122824669
1997	0.5251381993	0.5251381993	0	0	0.2485701889	0.25259009	0.8211468458	4.122851849
1998	0.5340518951	0.5340518951	0	0	0.248944059	0.2519236207	0.8216710687	4.122763157
1999	0.535808444	0.535808444	0	0	0.2496997565	0.2283639461	0.8191018105	4.122093201
2000	0.5324280858	0.5324280858	0	0	0.2453223914	0.2533296049	0.8253499866	4.121912003
2001	0.5455397367	0.5455397367	0	0	0.2464834601	0.2465288788	0.8318040967	4.122169971
2002	0.5686565042	0.5686565042	0	0	0.2512666583	0.2366887778	0.8330124617	4.121859074
2003	0.6124199033	0.6124199033	0	0	0.2545463443	0.2294139564	0.828797996	4.121955872
2004	0.5815022588	0.5815022588	0	0	0.2580575347	0.2295809239	0.8310040832	4.122242451
2005	0.5584429502	0.5584429502	0	0	0.2540591657	0.2343963832	0.8214715123	4.122540951
2006	0.5313037634	0.5313037634	0	0	0.2528555989	0.2317657769	0.8153516054	4.122075081
2007	0.530754447	0.530754447	0	0	0.2521110177	0.2073531598	0.8082700372	4.121798038
2008	0.5130216479	0.5130216479	0	0	0.2564775944	0.2057155669	0.8229545355	4.122087479
2009	0.4982650876	0.4982650876	0	0	0.2547489703	0.1986027956	0.8233002424	4.121939659
2010	0.4720598757	0.4720598757	0	0	0.2560464144	0.2035677284	0.8275077343	4.121840477
2011	0.4835273325	0.4835273325	0	0	0.2547149956	0.2154643387	0.8254460692	4.122102261
2012	0.4339410663	0.4339410663	0	0	0.256090194	0.2203164101	0.8275946379	4.122505665
2013	0.4109639525	0.4109639525	0	0	0.2530497909	0.2211674452	0.8199114203	4.122729301
2014	0.4193186164	0.4193186164	0	0	0.2548684776	0.2128415555	0.8174542189	4.122087479
2015	0.4751841724	0.4751841724	0	0	0.2542037368	0.1986397952	0.8136336803	4.121742249
2016	0.439111799	0.439111799	0	0	0.2517219484	0.2174496353	0.8206313848	4.121798038
2017	0.4697782397	0.4697782397	0	0	0.2510511875	0.2122835219	0.8233857155	4.121900082
2018	0.4614288807	0.4614288807	0	0	0.250806123	0.2135451138	0.8230986595	4.121697426
2019	0.4863079488	0.4863079488	0	0	0.2508019805	0.2143307924	0.8199397326	4.122001171
2020	0.4333652258	0.4333652258	0	0	0.2520715296	0.2232148498	0.8239642382	4.12241888
2021	0.4116939902	0.4116939902	0	0	0.249579519	0.231156528	0.8186600208	4.122879982
2022	0.4520623386	0.4520623386	0	0	0.2505470514	0.2235030681	0.8111943603	4.122617722
2023	0.4440693557	0.4440693557	0	0	0.2501419187	0.2126551121	0.8122999072	4.121714592
2024	0.3940227032	0.3940227032	0	0	0.2507104278	0.229675591	0.8245913982	4.12241745
2025	0.3996791244	0.3996791244	0	0	0.24813205	0.2239068598	0.8263264894	4.121763706
2026	0.4152368009	0.4152368009	0	0	0.2542669177	0.2119167894	0.8355294466	4.122111797
2027	0.4203186035	0.4203186035	0	0	0.2563923299	0.2161898315	0.8405822515	4.122322083
2028	0.3689230382	0.3689230382	0	0	0.2558661103	0.2333702594	0.8395872712	4.122983456
2029	0.362077117	0.362077117	0	0	0.2532509267	0.2303670496	0.8306617737	4.123093605
2030	0.3608974814	0.3608974814	0	0	0.2536743283	0.241045028	0.8329790831	4.122737885
2031	0.3829174936	0.3829174936	0	0	0.2534458339	0.220653668	0.8280511498	4.122757912
2032	0.3346066773	0.3346066773	0	0	0.2512035072	0.2323437184	0.8301214576	4.122895718
2033	0.3260059953	0.3260059953	0	0	0.2490047216	0.2289530635	0.8314966559	4.122980595
2034	0.3386348784	0.3386348784	0	0	0.2511743307	0.2294653058	0.8383036852	4.122364044
2035	0.331802994	0.331802994	0	0	0.2526153922	0.2332193553	0.8428162932	4.122903347
2036	0.3112512529	0.3112512529	0	0	0.2543570697	0.237536937	0.8422574401	4.123351097
2037	0.3019103706	0.3019103706	0	0	0.2504064441	0.2472707629	0.8329991102	4.123383522
2038	0.2976922393	0.2976922393	0	0	0.2504483759	0.2541358471	0.8310475349	4.123263359
2039	0.3270374835	0.3270374835	0	0	0.2526893914	0.2387255281	0.8334347606	4.12278223
2040	0.310852468	0.310852468	0	0	0.2535052001	0.2445486635	0.8392831087	4.122780323
2041	0.30906111	0.30906111	0	0	0.2481051385	0.2489321083	0.8397442698	4.122796535
2042	0.2989546061	0.2989546061	0	0	0.2460407764	0.2540447116	0.8394511342	4.122574806
2043	0.3061454296	0.3061454296	0	0	0.2489281148	0.2564620376	0.8471716046	4.122906208
2044	0.285892725	0.285892725	0	0	0.2509160042	0.2676293552	0.849486053	4.123242378
2045	0.3067249954	0.3067249954	0	0	0.2509099841	0.2712174058	0.8433712721	4.123332024
2046	0.3108450472	0.3108450472	0	0	0.2482129335	0.2785719037	0.8337085247	4.123040676
2047	0.3189691901	0.3189691901	0	0	0.2457829863	0.2706612945	0.8243966699	4.122822285
2048	0.2871787846	0.2871787846	0	0	0.2425965369	0.2712399364	0.8213547468	4.122684002
2049	0.290851593	0.290851593	0	0	0.2418943346	0.2800692022	0.8351721168	4.123127937
2050	0.2689677775	0.2689677775	0	0	0.2470463067	0.2676287591	0.8452299833	4.122828007
2051	0.2924131155	0.2924131155	0	0	0.2492577732	0.2705386579	0.8494699597	4.122905731
2052	0.2727031112	0.2727031112	0	0	0.249930352	0.2862416804	0.8523935676	4.123299599
2053	0.3140158355	0.3140158355	0	0	0.2602499127	0.2510022223	0.856449008	4.123354435
2054	0.3028973937	0.3028973937	0	0	0.2564163804	0.2651525438	0.8501189351	4.123161316
2055	0.3278123438	0.3278123438	0	0	0.2555593252	0.2574320138	0.8455063105	4.123012543
2056	0.3124854565	0.3124854565	0	0	0.2544565797	0.2543367743	0.8454471827	4.123103619
2057	0.2971160412	0.2971160412	0	0	0.245218724	0.2604811192	0.8339333534	4.122961521
2058	0.2788553834	0.2788553834	0	0	0.2473462373	0.2662062347	0.8469715118	4.122638702
2059	0.2981993556	0.2981993556	0	0	0.2536601424	0.2673865855	0.859975934	4.12279892
2060	0.2745413184	0.2745413184	0	0	0.2573121488	0.2619492412	0.8616060615	4.123224735
2061	0.2892276347	0.2892276347	0	0	0.254196316	0.2645929754	0.849586308	4.123430252
2062	0.3147736192	0.3147736192	0	0	0.2570841312	0.2526213527	0.8457382917	4.123221874
2063	0.3582844436	0.3582844436	0	0	0.2562553883	0.252630502	0.8459597826	4.122915745
2064	0.3121004701	0.3121004701	0	0	0.252917707	0.2583000064	0.847037971	4.123090267
2065	0.3208361268	0.3208361268	0	0	0.2521798611	0.2448137552	0.8496772051	4.122956276
2066	0.3018776178	0.3018776178	0	0	0.2552977204	0.236050427	0.8576046824	4.122834206
2067	0.3434783816	0.3434783816	0	0	0.2604577541	0.2397773117	0.8661930561	4.122980595
2068	0.3433259428	0.3433259428	0	0	0.2633452415	0.2399861515	0.8680264354	4.123255253
2069	0.3627901077	0.3627901077	0	0	0.2661398053	0.2419565767	0.8663130403	4.123364925
2070	0.3579309583	0.3579309583	0	0	0.2655882239	0.2483804822	0.8631727099	4.123353958
2071	0.3970092535	0.3970092535	0	0	0.2651875913	0.2303238213	0.8587847948	4.123189449
2072	0.3141198754	0.3141198754	0	0	0.2593666315	0.2460228801	0.8587691784	4.123001099
2073	0.3279211521	0.3279211521	0	0	0.2553191185	0.2452243567	0.8595384955	4.122853279
2074	0.3216435611	0.3216435611	0	0	0.2564428449	0.2400283068	0.8642573357	4.122860432
2075	0.3688510358	0.3688510358	0	0	0.2637831271	0.2361481786	0.8718684912	4.123000145
2076	0.3693262339	0.3693262339	0	0	0.2654970884	0.2459703833	0.8746304512	4.123321056
2077	0.3701510429	0.3701510429	0	0	0.2673151493	0.2378001958	0.8697465062	4.12352562
2078	0.396599263	0.396599263	0	0	0.2653871179	0.2403794676	0.8618084192	4.123254299
2079	0.4068106711	0.4068106711	0	0	0.2600053847	0.2414687723	0.8543078303	4.122930527
2080	0.3556179404	0.3556179404	0	0	0.2589208186	0.2455054671	0.8587252498	4.123278618
2081	0.366396457	0.366396457	0	0	0.2561123371	0.2356560081	0.8559637666	4.123095036
2082	0.3781385422	0.3781385422	0	0	0.2599132657	0.2241320312	0.8641648293	4.122916698
2083	0.3740913868	0.3740913868	0	0	0.2621184886	0.2385956943	0.8701454997	4.123015881
2084	0.4124799371	0.4124799371	0	0	0.2686498165	0.2343470752	0.8748627901	4.123381615
2085	0.3886194825	0.3886194825	0	0	0.2685848773	0.2407143861	0.8690282702	4.12346077
2086	0.4068352878	0.4068352878	0	0	0.2703346908	0.2329079807	0.8659001589	4.123394012
2087	0.3969148397	0.3969148397	0	0	0.2648700178	0.2301008999	0.8594011664	4.123112202
2088	0.3517248034	0.3517248034	0	0	0.2572548687	0.2445579916	0.855042696	4.123130798
2089	0.3354840279	0.3354840279	0	0	0.2503910661	0.2464839369	0.8505992889	4.123064041
2090	0.340614289	0.340614289	0	0	0.2529650331	0.2397389859	0.8560577631	4.123143673
2091	0.3634342253	0.3634342253	0	0	0.2550768256	0.2500536144	0.8607544899	4.123250961
2092	0.3627105057	0.3627105057	0	0	0.2570690513	0.2520163953	0.8606683612	4.123441219
2093	0.3342408538	0.3342408538	0	0	0.2559801936	0.2683289051	0.8569661975	4.123423576
2094	0.3323023021	0.3323023021	0	0	0.2547251284	0.2711987197	0.8493574262	4.123418808
2095	0.3394777179	0.3394777179	0	0	0.248945713	0.2651600838	0.8357154131	4.123372555
2096	0.2960633636	0.2960633636	0	0	0.2399753779	0.269194603	0.8262143731	4.123155117
2097	0.2892423868	0.2892423868	0	0	0.2284412086	0.2726998031	0.8106096387	4.123157978
2098	0.3017251492	0.3017251492	0	0	0.2398029715	0.2733958066	0.8430342078	4.123344898
2099	0.3215904832	0.3215904832	0	0	0.2491423786	0.2813171446	0.8607458472	4.12343359
2100	0.3376186788	0.3376186788	0	0	0.2581270039	0.2639394999	0.8661717176	4.123511314
2101	0.3164492548	0.3164492548	0	0	0.2588897943	0.2592172623	0.8580244184	4.123469353
2102	0.3098438382	0.3098438382	0	0	0.2542941868	0.2835534215	0.8518399596	4.123418808
2103	0.3319405019	0.3319405019	0	0	0.2467528582	0.2793869674	0.8423582911	4.123493195
2104	0.3001723588	0.3001723588	0	0	0.245801881	0.2591759264	0.8370949626	4.123456001
2105	0.3131466806	0.3131466806	0	0	0.2400675565	0.2539163232	0.8318058848	4.123473167
2106	0.2986210287	0.2986210287	0	0	0.2375152856	0.2672487497	0.835462749	4.123373985
2107	0.2981003225	0.2981003225	0	0	0.2496064305	0.2746103108	0.8590429425	4.123457432
2108	0.3197952509	0.3197952509	0	0	0.2544014454	0.2693456709	0.8587192297	4.123524666
2109	0.307484448	0.307484448	0	0	0.2561505139	0.2665402293	0.8520426154	4.123548985
2110	0.3441208303	0.3441208303	0	0	0.2603777945	0.2476002872	0.8518111706	4.123528004
2111	0.3465282917	0.3465282917	0	0	0.2494406253	0.2771753371	0.845866859	4.123489857
2112	0.302736789	0.302736789	0	0	0.2483725101	0.2628383934	0.8458250761	4.123486996
2113	0.2989749312	0.2989749312	0	0	0.2419184297	0.2657917142	0.8458563685	4.123465538
2114	0.3050782681	0.3050782681	0	0	0.2349479795	0.2810196877	0.8369333148	4.123433113
2115	0.3031893373	0.3031893373	0	0	0.2449370623	0.2817079127	0.8526384234	4.123470306
2116	0.3221612275	0.3221612275	0	0	0.2505609989	0.2862239778	0.8586765528	4.123529434
2117	0.3302396238	0.3302396238	0	0	0.255508095	0.2832772136	0.8559679985	4.123538971
2118	0.3386000395	0.3386000395	0	0	0.2519931495	0.2878007889	0.8427111506	4.123474598
2119	0.3572520316	0.3572520316	0	0	0.241982162	0.2999537587	0.8323159814	4.123579502
2120	0.3230616152	0.3230616152	0	0	0.2426873595	0.2841567397	0.8365544081	4.123591423
2121	0.3237322271	0.3237322271	0	0	0.2382688224	0.2806737423	0.8398829103	4.123438358
2122	0.3339900374	0.3339900374	0	0	0.2427515984	0.2626435459	0.8437129259	4.123510361
2123	0.3415901363	0.3415901363	0	0	0.2581607401	0.2586720884	0.8666298985	4.123492241
2124	0.3607796431	0.3607796431	0	0	0.2633811235	0.2690660655	0.874250412	4.123562336
2125	0.3537899554	0.3537899554	0	0	0.2627576292	0.2638099492	0.8644095659	4.123514175
2126	0.3542686105	0.3542686105	0	0	0.2596537173	0.2718792856	0.8584094048	4.123501301
2127	0.3680731952	0.3680731952	0	0	0.2505201697	0.2714317441	0.8474367261	4.12356329
2128	0.3503112793	0.3503112793	0	0	0.252735436	0.2595223188	0.8554427028	4.123595238
2129	0.353331238	0.353331238	0	0	0.2454149574	0.261277765	0.8511765599	4.123522758
2130	0.344285965	0.344285965	0	0	0.2411377579	0.2719518244	0.8464440703	4.12355566
2131	0.329021275	0.329021275	0	0	0.2527424693	0.2820247114	0.8656176329	4.123525143
2132	0.3562645614	0.3562645614	0	0	0.2539822757	0.2847447991	0.8645148277	4.12354517
2133	0.368865788	0.368865788	0	0	0.2557095885	0.2734821737	0.8533345461	4.123549461
2134	0.3910793066	0.3910793066	0	0	0.2544288039	0.2807908654	0.8506271839	4.123527527
2135	0.4084718823	0.4084718823	0	0	0.2472640276	0.2791398764	0.8422271013	4.123592377
2136	0.3777704835	0.3777704835	0	0	0.2482774854	0.2652279735	0.8497666717	4.123615265
2137	0.3956277966	0.3956277966	0	0	0.243609935	0.2518272996	0.8429404497	4.123641491
2138	0.4024925232	0.4024925232	0	0	0.2399496585	0.2549818456	0.8389738202	4.123575211
2139	0.4220926166	0.4220926166	0	0	0.2500527799	0.2510873973	0.8522108197	4.123587608
2140	0.4245244861	0.4245244861	0	0	0.2548384368	0.2505361736	0.8534531593	4.123675346
2141	0.4321928024	0.4321928024	0	0	0.256429404	0.2559931278	0.8487225771	4.123642921
2142	0.4213705957	0.4213705957	0	0	0.2533969879	0.2750630677	0.84636271	4.12364769
2143	0.441660285	0.441660285	0	0	0.2537973225	0.265753299	0.8495570421	4.123709679
2144	0.4127385318	0.4127385318	0	0	0.2550729215	0.2680900991	0.8600739241	4.123617172
2145	0.416244328	0.416244328	0	0	0.2457172573	0.2698188424	0.8527339697	4.123528481
2146	0.4421604574	0.4421604574	0	0	0.2490433306	0.2461228818	0.8522742987	4.123574257
2147	0.4248974323	0.4248974323	0	0	0.2595330477	0.2553796172	0.8715086579	4.123607635
2148	0.4153675437	0.4153675437	0	0	0.2583425045	0.2665266991	0.8667443395	4.123664379
2149	0.4230802655	0.4230802655	0	0	0.2585861683	0.2603242397	0.8570575714	4.123742104
2150	0.426510036	0.426510036	0	0	0.254588604	0.2755028605	0.8529194593	4.123516083
2151	0.4226610661	0.4226610661	0	0	0.2516719401	0.2775718272	0.8508534431	4.123704433
2152	0.4385948181	0.4385948181	0	0	0.2530548573	0.2698827386	0.8578040004	4.123679161
2153	0.4649987817	0.4649987817	0	0	0.2494238168	0.2537202537	0.8532525301	4.123648167
2154	0.4784709513	0.4784709513	0	0	0.2568503022	0.2524525523	0.8639696836	4.123700142
2155	0.4425456524	0.4425456524	0	0	0.2629743218	0.2712366581	0.8783095479	4.123590469
2156	0.4535850286	0.4535850286	0	0	0.2627411485	0.268153578	0.8699337244	4.123621464
2157	0.4416418076	0.4416418076	0	0	0.2591508627	0.2677187324	0.8552529216	4.123551369
2158	0.4834333956	0.4834333956	0	0	0.2648372054	0.2554437816	0.8606039882	4.123539925
2159	0.4841297567	0.4841297567	0	0	0.2604303658	0.2533534765	0.8542898297	4.123643398
2160	0.4897293746	0.4897293746	0	0	0.2608058453	0.2510580122	0.8632199168	4.123626709
2161	0.5317444801	0.5317444801	0	0	0.2534631789	0.2366288006	0.8519926667	4.123525143
2162	0.4984669089	0.4984669089	0	0	0.2532382905	0.2464832067	0.858543098	4.123552322
2163	0.5104182363	0.5104182363	0	0	0.2592364848	0.2528783977	0.8695153594	4.123581886
2164	0.5365134478	0.5365134478	0	0	0.2621521354	0.2582749724	0.866158247	4.123621941
2165	0.5061050653	0.5061050653	0	0	0.2615871429	0.2676137388	0.8603066802	4.123543739
2166	0.4757715762	0.4757715762	0	0	0.2608064413	0.2779394388	0.8608714342	4.123508453
2167	0.4834710062	0.4834710062	0	0	0.2597198486	0.2650616169	0.8577752709	4.12357235
2168	0.4650554657	0.4650554657	0	0	0.2565411627	0.2732354701	0.8602294922	4.123598576
2169	0.4566338062	0.4566338062	0	0	0.2486491501	0.2707898617	0.8543227315	4.123493671
2170	0.4776394665	0.4776394665	0	0	0.2601194978	0.2390163988	0.8684085608	4.123532772
2171	0.4622149765	0.4622149765	0	0	0.2666193545	0.2491913587	0.8790997863	4.123436451
2172	0.4386161566	0.4386161566	0	0	0.2647877336	0.2639070153	0.8738951683	4.123486996
2173	0.4503330886	0.4503330886	0	0	0.2656160891	0.2487903982	0.8650341034	4.123499393
2174	0.5651938319	0.5651938319	0	0	0.2734256387	0.2276315242	0.8691273928	4.123521805
2175	0.5595023036	0.5595023036	0	0	0.2676376998	0.2266416997	0.8600880504	4.123534203
2176	0.5752778649	0.5752778649	0	0	0.2683198154	0.2185251415	0.8623378277	4.123476982
2177	0.5859097838	0.5859097838	0	0	0.2670142055	0.2050442696	0.8637627363	4.123492718
2178	0.51303339	0.51303339	0	0	0.2653841078	0.2173397243	0.8681666255	4.12341547
2179	0.4465984106	0.4465984106	0	0	0.2700899839	0.2319961041	0.8800139427	4.123372555
2180	0.4102466106	0.4102466106	0	0	0.2692521513	0.2413780391	0.8758402467	4.123448849
2181	0.4378869236	0.4378869236	0	0	0.2673108578	0.23603791	0.8643063903	4.123541355
2182	0.4637146592	0.4637146592	0	0	0.2715038061	0.2289894223	0.8691986799	4.12357235
2183	0.4851562977	0.4851562977	0	0	0.2667182386	0.2233329713	0.8610659242	4.123583317
2184	0.4824628234	0.4824628234	0	0	0.2686122954	0.2222528458	0.8662208319	4.123554707
2185	0.5393813252	0.5393813252	0	0	0.2662007511	0.212210089	0.8692154884	4.123467922
2186	0.5066959262	0.5066959262	0	0	0.2625805736	0.2230003029	0.8687596917	4.123587608
2187	0.4862375855	0.4862375855	0	0	0.266246736	0.2236105353	0.8735186458	4.12351799
2188	0.4565689564	0.4565689564	0	0	0.2662659287	0.2321746647	0.8709427714	4.123518467
2189	0.4660577178	0.4660577178	0	0	0.2645739317	0.2289617211	0.8608834147	4.123453617
2190	0.4572306275	0.4572306275	0	0	0.2667289078	0.2427001894	0.8670903444	4.123485565
2191	0.4801870883	0.4801870883	0	0	0.2674678862	0.2259274721	0.8606527448	4.123562813
2192	0.483404249	0.483404249	0	0	0.2683308721	0.223071754	0.8656306267	4.123443127
2193	0.4847581983	0.4847581983	0	0	0.2594755292	0.22670798	0.8612834215	4.123342037
2194	0.4570811987	0.4570811987	0	0	0.2603480816	0.2333700061	0.8655119538	4.123520851
2195	0.4169040322	0.4169040322	0	0	0.2634351552	0.2405278534	0.8728077412	4.1232934
2196	0.4296852648	0.4296852648	0	0	0.2649318874	0.2435177863	0.8705622554	4.123462677
2197	0.4514807165	0.4514807165	0	0	0.2681660056	0.2288697809	0.8664765358	4.123392105
2198	0.4137558639	0.4137558639	0	0	0.2670294642	0.2465644181	0.8693528771	4.123430252
2199	0.4290462136	0.4290462136	0	0	0.2647225857	0.2389099449	0.8603872657	4.123512268
2200	0.3926970959	0.3926970959	0	0	0.2640861273	0.2511568666	0.8669148684	4.123526573
2201	0.449727416	0.449727416	0	0	0.2625924945	0.2352237999	0.8656843901	4.123443604
2202	0.400249213	0.400249213	0	0	0.2589896619	0.253670752	0.8690031171	4.123409271
2203	0.3465315402	0.3465315402	0	0	0.2588271499	0.2669708729	0.8739426732	4.123421669
2204	0.3732871711	0.3732871711	0	0	0.2605812252	0.2601186037	0.8674265742	4.12350893
2205	0.337333411	0.337333411	0	0	0.2582390904	0.2692021728	0.857407093	4.123561859
2206	0.345430702	0.345430702	0	0	0.2591408491	0.2663581371	0.8572800756	4.123540401
2207	0.3896054327	0.3896054327	0	0	0.2601695657	0.2418162525	0.8500142694	4.123608589
2208	0.3923769891	0.3923769891	0	0	0.2592313886	0.2491086572	0.8538531065	4.123533726
2209	0.3767000735	0.3767000735	0	0	0.2580519617	0.2472235113	0.8594353199	4.123592854
2210	0.3331189752	0.3331189752	0	0	0.2536996901	0.2628642321	0.8600417376	4.123625755
2211	0.3157841265	0.3157841265	0	0	0.2539203167	0.2748164237	0.8649588823	4.1234622
2212	0.3503599763	0.3503599763	0	0	0.2570924461	0.2695599198	0.8629462123	4.123511314
2213	0.3353125155	0.3353125155	0	0	0.2580814958	0.2797195017	0.8585457802	4.123485565
2214	0.3292790055	0.3292790055	0	0	0.2583337128	0.2803213596	0.8558274508	4.123514652
2215	0.3463381827	0.3463381827	0	0	0.2560885549	0.2622503936	0.8411358595	4.123602867
2216	0.3381094337	0.3381094337	0	0	0.2530387938	0.2664568424	0.8373335004	4.123407364
2217	0.3476755023	0.3476755023	0	0	0.2554910779	0.2628353536	0.8559066057	4.123495102
2218	0.3276442587	0.3276442587	0	0	0.2527247071	0.2711496651	0.8574851751	4.123549461
2219	0.3163453639	0.3163453639	0	0	0.2560297847	0.2750156224	0.8660230041	4.123498917
2220	0.30825755	0.30825755	0	0	0.2545507252	0.2929475307	0.8662639856	4.123470783
2221	0.3039014339	0.3039014339	0	0	0.2530381978	0.2996083498	0.8568269014	4.123548031
2222	0.3027115762	0.3027115762	0	0	0.2553340495	0.2882370353	0.852771759	4.123427391
2223	0.296402663	0.296402663	0	0	0.2560926974	0.2821520567	0.8492099047	4.123608112
2224	0.2955431342	0.2955431342	0	0	0.2537246346	0.2851017118	0.847627759	4.123539925
2225	0.3239568174	0.3239568174	0	0	0.2529768348	0.2797802687	0.8529170752	4.123652458
2226	0.2930072248	0.2930072248	0	0	0.2490726709	0.2855986953	0.8521726727	4.123557568
2227	0.2735646665	0.2735646665	0	0	0.2506708503	0.3006670177	0.8609175682	4.123538017
2228	0.2723624408	0.2723624408	0	0	0.249483034	0.2999028563	0.8540269732	4.123479366
2229	0.2735828757	0.2735828757	0	0	0.2482264638	0.3078964651	0.8433977962	4.123360634
2230	0.2693250477	0.2693250477	0	0	0.2547451854	0.2967637479	0.8473738432	4.123560429
2231	0.282990396	0.282990396	0	0	0.2548220158	0.2943344414	0.8454400301	4.123615265
2232	0.2853743732	0.2853743732	0	0	0.2518004775	0.2943412364	0.8456223011	4.123620033
2233	0.2872119844	0.2872119844	0	0	0.2455629855	0.2936820686	0.8382630944	4.123412132
2234	0.2787698209	0.2787698209	0	0	0.2380705625	0.330830127	0.8391510844	4.123426914
2235	0.2943049967	0.2943049967	0	0	0.2449530214	0.3253844976	0.8529427648	4.123533726
2236	0.2846301794	0.2846301794	0	0	0.2464188337	0.3211518526	0.8512622118	4.123613834
2237	0.2932643294	0.2932643294	0	0	0.246006012	0.3291200101	0.8442599773	4.123543739
2238	0.3228547275	0.3228547275	0	0	0.2473362237	0.3305291533	0.8393594027	4.123489857
2239	0.3121002316	0.3121002316	0	0	0.2494584769	0.3190244138	0.8361402154	4.123696327
2240	0.324817121	0.324817121	0	0	0.2449240685	0.3203771114	0.830984652	4.123737335
2241	0.2915593088	0.2915593088	0	0	0.2452681363	0.3026308417	0.8377165198	4.123680592
2242	0.2847103775	0.2847103775	0	0	0.2393119931	0.3261476457	0.8374791145	4.123663425
2243	0.2905252576	0.2905252576	0	0	0.2487046868	0.3255197108	0.8552045226	4.123631001
2244	0.2858596444	0.2858596444	0	0	0.2486150414	0.3324190676	0.8533701897	4.123659611
2245	0.2693856061	0.2693856061	0	0	0.2486225367	0.3222509623	0.8434294462	4.123740196
2246	0.2735116184	0.2735116184	0	0	0.2512675822	0.3160962462	0.8414691687	4.12368679
2247	0.2890344858	0.2890344858	0	0	0.2483605891	0.332760483	0.8366556764	4.123636723
2248	0.2876113057	0.2876113057	0	0	0.2438360602	0.3304879069	0.833041966	4.123657227
2249	0.2559251487	0.2559251487	0	0	0.2439655513	0.3141392767	0.8350434303	4.123715878
2250	0.2713862062	0.2713862062	0	0	0.237804547	0.332265228	0.83525455	4.123597622
2251	0.3233731687	0.3233731687	0	0	0.240272969	0.3496274948	0.8431523442	4.123819828
2252	0.3149003386	0.3149003386	0	0	0.2416095734	0.3472221196	0.8376477361	4.123764038
2253	0.3111999929	0.3111999929	0	0	0.2445571274	0.3416055143	0.8354861736	4.123910904
2254	0.2781193256	0.2781193256	0	0	0.2510669529	0.3200010359	0.8392271399	4.123722076
2255	0.2614514232	0.2614514232	0	0	0.2584041059	0.3023968041	0.8463181257	4.123767376
2256	0.2611157894	0.2611157894	0	0	0.2527886033	0.2998051047	0.8378767371	4.123727322
2257	0.2365659922	0.2365659922	0	0	0.2524684668	0.2762812376	0.8339432478	4.123805523
2258	0.2294625789	0.2294625789	0	0	0.250243336	0.2822354436	0.8433487415	4.123748779
2259	0.2273305207	0.2273305207	0	0	0.252935946	0.2792208791	0.8487314582	4.123774052
2260	0.2429330945	0.2429330945	0	0	0.2553761005	0.2773393095	0.8506026268	4.123755455
2261	0.2442210466	0.2442210466	0	0	0.2569850683	0.2819480002	0.8489277363	4.123869896
2262	0.2299049497	0.2299049497	0	0	0.25984779	0.268807888	0.8409014344	4.123761654
2263	0.2317786515	0.2317786515	0	0	0.2595456541	0.2648543119	0.8357504606	4.123776913
2264	0.230356425	0.230356425	0	0	0.2533641458	0.2674161494	0.8253503442	4.123814583
2265	0.2240646183	0.2240646183	0	0	0.2479684651	0.2822824419	0.8255853057	4.123846531
2266	0.223350957	0.223350957	0	0	0.2432840616	0.2912030816	0.8292992711	4.12380743
2267	0.2262322158	0.2262322158	0	0	0.2482829988	0.2885295153	0.8416208625	4.123719692
2268	0.2317275554	0.2317275554	0	0	0.2534761429	0.2840980291	0.8485617042	4.123813629
2269	0.2392242998	0.2392242998	0	0	0.2546330988	0.2885314524	0.8472217321	4.123793602
2270	0.2626232803	0.2626232803	0	0	0.2555170357	0.3007479906	0.8475215435	4.123713493
2271	0.2793559134	0.2793559134	0	0	0.2563552558	0.2941114604	0.8432760835	4.123740196
2272	0.2778575122	0.2778575122	0	0	0.2546384037	0.2697579861	0.838368535	4.123705387
2273	0.2713541389	0.2713541389	0	0	0.2499049008	0.268208921	0.8281416893	4.123783112
2274	0.2785844207	0.2785844207	0	0	0.2462210953	0.2895148695	0.8407500982	4.123671055
2275	0.2850484252	0.2850484252	0	0	0.2491873354	0.2932946682	0.847394824	4.123746395
2276	0.2963426709	0.2963426709	0	0	0.2502207756	0.2962155938	0.847250998	4.123645782
2277	0.2996165454	0.2996165454	0	0	0.2528589666	0.3018148541	0.8456317186	4.123710632
2278	0.314953953	0.314953953	0	0	0.2539815903	0.3038345277	0.8396169543	4.123835087
2279	0.3220027685	0.3220027685	0	0	0.2543151379	0.2983823419	0.8344420195	4.123889923
2280	0.3099403679	0.3099403679	0	0	0.2522284687	0.2690109313	0.8233782649	4.123831749
2281	0.3056882918	0.3056882918	0	0	0.2502607405	0.2640314698	0.8203327656	4.123801231
2282	0.3123440146	0.3123440146	0	0	0.2486619502	0.2714455128	0.8318110704	4.123776436
2283	0.3110870421	0.3110870421	0	0	0.2514549196	0.2620869279	0.8338500261	4.123809814
2284	0.3228812814	0.3228812814	0	0	0.2513819039	0.2793422341	0.8404098749	4.123801231
2285	0.3240480721	0.3240480721	0	0	0.2547261715	0.2804392874	0.840064168	4.123854637
2286	0.3217160404	0.3217160404	0	0	0.2548486292	0.2846463621	0.8348981142	4.123857975
2287	0.3193179369	0.3193179369	0	0	0.2579796016	0.2659093142	0.8285075426	4.123892307
2288	0.3269348443	0.3269348443	0	0	0.25541237	0.2580338717	0.8259506226	4.123785973
2289	0.3217819631	0.3217819631	0	0	0.2500086725	0.2787854373	0.8264030218	4.123791218
2290	0.334741652	0.334741652	0	0	0.2480251491	0.2824206352	0.8287050128	4.123777866
2291	0.3386698961	0.3386698961	0	0	0.2492438257	0.2982290983	0.8375511169	4.123718262
2292	0.3370938599	0.3370938599	0	0	0.2496906519	0.2993358672	0.8416990638	4.123677731
2293	0.342520088	0.342520088	0	0	0.2502792478	0.3008775711	0.8362598419	4.123711586
2294	0.367569685	0.367569685	0	0	0.2482096404	0.3124033511	0.8271849751	4.123744965
2295	0.3633972406	0.3633972406	0	0	0.2510642707	0.3032091856	0.8239562511	4.123763561
2296	0.341404289	0.341404289	0	0	0.2493435144	0.2822879255	0.816467464	4.123673439
2297	0.3479542136	0.3479542136	0	0	0.2456959486	0.2928126156	0.8137994409	4.123698235
2298	0.3468064666	0.3468064666	0	0	0.2429374456	0.2989742756	0.8158199787	4.123710632
2299	0.3686553836	0.3686553836	0	0	0.2419770956	0.3213263154	0.825099051	4.123688221
2300	0.3646910191	0.3646910191	0	0	0.2414852083	0.3137689233	0.8238137364	4.123692036
2301	0.3576076627	0.3576076627	0	0	0.2430213541	0.309610635	0.8176793456	4.123724461
2302	0.3671078086	0.3671078086	0	0	0.2474799454	0.3044196069	0.8240773082	4.123720646
2303	0.3611469269	0.3611469269	0	0	0.2497575134	0.2952583134	0.8213852644	4.123755455
2304	0.3563920557	0.3563920557	0	0	0.2508767843	0.2717413902	0.8170567751	4.123743534
2305	0.3456301689	0.3456301689	0	0	0.2486479878	0.2629374564	0.8110951185	4.123731136
2306	0.3771093786	0.3771093786	0	0	0.2496492118	0.2647261322	0.820348382	4.123784542
2307	0.3595264852	0.3595264852	0	0	0.2511483729	0.2634812891	0.8254576921	4.12375927
2308	0.3684631586	0.3684631586	0	0	0.2537996769	0.2573728859	0.8312320709	4.123760223
2309	0.3759322762	0.3759322762	0	0	0.257720083	0.2468306273	0.8297200799	4.123713017
2310	0.364002943	0.364002943	0	0	0.2564514279	0.2690091431	0.8323920965	4.123742104
2311	0.3771238923	0.3771238923	0	0	0.2603880465	0.2461185157	0.8294596672	4.123766422
2312	0.3711768687	0.3711768687	0	0	0.2577969432	0.2419856787	0.8258490562	4.123723507
2313	0.3598918021	0.3598918021	0	0	0.2540345192	0.2540596128	0.8263161182	4.123751163
2314	0.3541412354	0.3541412354	0	0	0.2516099513	0.2677910924	0.8335390687	4.123774052
2315	0.3633776307	0.3633776307	0	0	0.2509409487	0.2757525146	0.8341969848	4.123675823
2316	0.3452710509	0.3452710509	0	0	0.2495849729	0.2747915685	0.8336390257	4.123642445
2317	0.4178160727	0.4178160727	0	0	0.2530835569	0.2663256228	0.8313587904	4.123678207
2318	0.4234936237	0.4234936237	0	0	0.2495817691	0.2829753757	0.8263527155	4.123687267
2319	0.47320503	0.47320503	0	0	0.2517837286	0.2788865268	0.8244242072	4.123809814
2320	0.4685172439	0.4685172439	0	0	0.2504909337	0.2682551444	0.819606781	4.123623848
2321	0.4715247452	0.4715247452	0	0	0.2461611629	0.273517698	0.8139585853	4.123655796
2322	0.4494054019	0.4494054019	0	0	0.243381381	0.2694160044	0.8129008412	4.123659134
2323	0.44165802	0.44165802	0	0	0.2413324416	0.2811650634	0.8134637475	4.123705387
2324	0.4593916833	0.4593916833	0	0	0.2426479906	0.274056524	0.8167179823	4.123659611
2325	0.4869545996	0.4869545996	0	0	0.2442909926	0.2768550515	0.8121743202	4.12380743
2326	0.4988915026	0.4988915026	0	0	0.2427888364	0.2886659801	0.8086360693	4.123746395
2327	0.4887616336	0.4887616336	0	0	0.2457211763	0.2744670808	0.8070614934	4.123740196
2328	0.4795592129	0.4795592129	0	0	0.2467348278	0.2714824975	0.8113228083	4.123723507
2329	0.4850841761	0.4850841761	0	0	0.2482260913	0.2520286143	0.8095063567	4.123700142
2330	0.4646963477	0.4646963477	0	0	0.2457904518	0.2562337518	0.8121421337	4.123653889
2331	0.4556479752	0.4556479752	0	0	0.2460993081	0.2527375817	0.8110468984	4.123645306
2332	0.4664084613	0.4664084613	0	0	0.2467584163	0.2514680326	0.8143700957	4.123631954
2333	0.4823211432	0.4823211432	0	0	0.2509590983	0.2507045269	0.8164381385	4.123663425
2334	0.4658173025	0.4658173025	0	0	0.2494400293	0.2683291435	0.8178223372	4.123626709
2335	0.4956483245	0.4956483245	0	0	0.2555888593	0.2402912527	0.8159139752	4.12369585
2336	0.467849046	0.467849046	0	0	0.2511661947	0.256603986	0.8148463368	4.123365879
2337	0.4501891434	0.4501891434	0	0	0.2477141321	0.2656177282	0.8175839186	4.123263836
2338	0.4596469104	0.4596469104	0	0	0.2439440042	0.2613027394	0.8135415316	4.123330593
2339	0.4883964956	0.4883964956	0	0	0.2451808304	0.267599225	0.8179631233	4.123283863
2340	0.5120331645	0.5120331645	0	0	0.2440375984	0.2684638202	0.8201918006	4.123081684
2341	0.5828995109	0.5828995109	0	0	0.2496340871	0.2598288953	0.8215933442	4.123101234
2342	0.5822457075	0.5822457075	0	0	0.25039801	0.258368969	0.8229128718	4.122986794
2343	0.5840280652	0.5840280652	0	0	0.2529473901	0.2507997155	0.8188080788	4.123095036
2344	0.6093193293	0.6093193293	0	0	0.2509017587	0.2471313477	0.8126156926	4.122904778
2345	0.6137650013	0.6137650013	0	0	0.2486480027	0.2550628483	0.81521523	4.122934818
2346	0.6197680235	0.6197680235	0	0	0.2462511361	0.2530236244	0.81563586	4.123218536
2347	0.6289201379	0.6289201379	0	0	0.2451473922	0.2649729252	0.8178701997	4.123203278
2348	0.6276814342	0.6276814342	0	0	0.2482505292	0.2653117776	0.8278921843	4.123300552
2349	0.6315642595	0.6315642595	0	0	0.2501058578	0.2629012465	0.8254065514	4.123133183
2350	0.6333355308	0.6333355308	0	0	0.2435450107	0.3003575802	0.8218312263	4.123152733
2351	0.6283270121	0.6283270121	0	0	0.2422547638	0.2980166674	0.8127396107	4.123227596
2352	0.6323533654	0.6323533654	0	0	0.2459375709	0.2813176513	0.8153471947	4.123056889
2353	0.630852282	0.630852282	0	0	0.2413099408	0.2761548162	0.8054773211	4.122945309
2354	0.6295034289	0.6295034289	0	0	0.2411082089	0.2815186977	0.8132359385	4.123218536
2355	0.6314921379	0.6314921379	0	0	0.2365972698	0.2778833807	0.8005383611	4.123101234
2356	0.6425271034	0.6425271034	0	0	0.242140457	0.2720748484	0.8170531392	4.123113155
2357	0.6362892389	0.6362892389	0	0	0.2420997173	0.2734234035	0.8132203221	4.123131275
2358	0.6861538887	0.6861538887	0	0	0.2362660617	0.3119996786	0.8075298071	4.123071194
2359	0.649892807	0.649892807	0	0	0.2447696924	0.2898740768	0.8121648431	4.123274803
2360	0.6433436871	0.6433436871	0	0	0.2428271919	0.2875055671	0.8096367121	4.123011112
2361	0.6384758949	0.6384758949	0	0	0.2351714522	0.2863936424	0.7940636873	4.122912407
2362	0.6393355131	0.6393355131	0	0	0.2417104095	0.2760136127	0.8144618273	4.123071671
2363	0.6444576383	0.6444576383	0	0	0.2411365211	0.2828040719	0.8145377636	4.122988224
2364	0.7003186345	0.7003186345	0	0	0.2475136071	0.2498346269	0.820525229	4.123075962
2365	0.7223178148	0.7223178148	0	0	0.2527730763	0.2274197191	0.8189606667	4.123026371
2366	0.7178698182	0.7178698182	0	0	0.2532918155	0.2287184894	0.8154114485	4.122929096
2367	0.7525316477	0.7525316477	0	0	0.2514160573	0.2240633219	0.8013518453	4.122987747
2368	0.7476990819	0.7476990819	0	0	0.2571515739	0.2195557207	0.8172597289	4.123095512
2369	0.7676927447	0.7676927447	0	0	0.2508466542	0.2204693854	0.8091446757	4.122910023
2370	0.7283732891	0.7283732891	0	0	0.2476421297	0.2333378345	0.8145279884	4.122903347
2371	0.7049593329	0.7049593329	0	0	0.244402796	0.2613536119	0.8167892694	4.122855186
2372	0.7194418311	0.7194418311	0	0	0.2454487532	0.2579373121	0.8210473657	4.12303257
2373	0.7163371444	0.7163371444	0	0	0.2423516512	0.2598063946	0.8065046668	4.122920036
2374	0.7334067822	0.7334067822	0	0	0.2450841963	0.2735245824	0.8133846521	4.123033047
2375	0.7204407454	0.7204407454	0	0	0.2466295809	0.2836612761	0.8163871765	4.122980118
2376	0.7167119384	0.7167119384	0	0	0.2477570772	0.2760332823	0.8172278404	4.122907639
2377	0.7263014317	0.7263014317	0	0	0.2461246699	0.2537264228	0.8106914759	4.122850895
2378	0.7166898847	0.7166898847	0	0	0.242442295	0.2629984617	0.8126440644	4.12292099
2379	0.7322441339	0.7322441339	0	0	0.2385856956	0.2755906582	0.8063954711	4.122870922
2380	0.7262247801	0.7262247801	0	0	0.2362365723	0.2713696659	0.8022070527	4.123016357
2381	0.7247357368	0.7247357368	0	0	0.236690864	0.268226862	0.795440197	4.123052597
2382	0.7274653316	0.7274653316	0	0	0.2333635986	0.2860792577	0.7867797613	4.123060703
2383	0.7288309932	0.7288309932	0	0	0.2313105315	0.2899858952	0.773009181	4.123304367
2384	0.7299747467	0.7299747467	0	0	0.2310162038	0.2508223951	0.7485123873	4.124043465
2385	0.7418051362	0.7418051362	0	0	0.2295709848	0.2361879051	0.7439234257	4.124079704
2386	0.7535699606	0.7535699606	0	0	0.2278838903	0.2459296733	0.7492135167	4.124089241
2387	0.7886596918	0.7886596918	0	0	0.226601094	0.2618348598	0.7538948655	4.124086857
2388	0.8349321485	0.8349321485	0	0	0.2274658829	0.2438276559	0.7498986721	4.124096394
2389	0.8708683252	0.8708683252	0	0	0.2267792821	0.2401669323	0.7375792265	4.124095917
2390	0.9497493505	0.9497493505	0	0	0.2263550013	0.2528482974	0.735045135	4.124055862
2391	0.9979736805	0.9979736805	0	0	0.2263190597	0.2548097968	0.7253897786	4.124112606
2392	1.004614472	1.004614472	0	0	0.222532779	0.2229670286	0.6896565557	4.124544621
2393	1.016448021	1.016448021	0	0	0.2208694071	0.2109086812	0.6806033254	4.124555111
2394	1.022725224	1.022725224	0	0	0.2186140269	0.2208119333	0.6838701963	4.124546051
2395	1.037616253	1.037616253	0	0	0.2167851627	0.239737004	0.6890050769	4.124528408
2396	1.053170204	1.053170204	0	0	0.2187619507	0.2229298651	0.6919087172	4.124534607
2397	1.047970772	1.047970772	0	0	0.2190004587	0.2190722078	0.682800889	4.124517918
2398	1.073127747	1.073127747	0	0	0.2180064917	0.2288906723	0.6765762568	4.124477386
2399	1.07389307	1.07389307	0	0	0.2177661657	0.2326352447	0.6699362397	4.124512196
2400	1.091849923	1.091849923	0	0	0.2113723755	0.2055466026	0.6202511787	4.124740601
2401	1.072514296	1.072514296	0	0	0.2208915651	0.2554959059	0.7168944478	4.123899937
2402	1.104637146	1.104637146	0	0	0.2155455202	0.265847683	0.7105231881	4.123922825
2403	1.15884912	1.15884912	0	0	0.2105491012	0.2940402031	0.7072636485	4.12387228
2404	1.122380614	1.122380614	0	0	0.2152969241	0.2685139477	0.7117885351	4.123968124
2405	1.089946151	1.089946151	0	0	0.2179702371	0.2661905885	0.7170670629	4.123987675
2406	1.095197916	1.095197916	0	0	0.2256454974	0.2666457593	0.7461499572	4.123996258
2407	1.109537721	1.109537721	0	0	0.2248191088	0.27299577	0.7305890918	4.124100685
2408	1.082317591	1.082317591	0	0	0.2182237506	0.2468823045	0.6807922125	4.124549866
2409	1.084141493	1.084141493	0	0	0.2206407338	0.2650663853	0.7218804359	4.124014854
2410	1.043443322	1.043443322	0	0	0.2279476374	0.2285905182	0.7465534806	4.123925209
2411	0.9898360968	0.9898360968	0	0	0.2329350859	0.2219027132	0.7522859573	4.123870373
2412	1.105836034	1.105836034	0	0	0.2263540477	0.2446151078	0.7505789995	4.123911381
2413	1.093402386	1.093402386	0	0	0.2364416867	0.1944946945	0.7371584773	4.123895645
2414	1.112191558	1.112191558	0	0	0.2270523906	0.2325773984	0.7312982082	4.12391758
2415	1.181856275	1.181856275	0	0	0.2262952626	0.2038201839	0.7053684592	4.123895168
2416	1.191551566	1.191551566	0	0	0.2188388705	0.2139732093	0.6858426929	4.124450684
2417	1.160333395	1.160333395	0	0	0.2316606641	0.2014053911	0.7377007604	4.124051094
2418	1.187057495	1.187057495	0	0	0.2339359671	0.210966751	0.7584421635	4.123952389
2419	1.200634837	1.200634837	0	0	0.2282530218	0.2433709204	0.7554917336	4.1238904
2420	1.210941553	1.210941553	0	0	0.2317563891	0.2466019839	0.7686538696	4.123980045
2421	1.179169059	1.179169059	0	0	0.2314685881	0.2407568246	0.7539681196	4.123922825
2422	1.194341183	1.194341183	0	0	0.2312318534	0.2412628829	0.7534421086	4.123952389
2423	1.183524013	1.183524013	0	0	0.229110986	0.2438762784	0.7461830378	4.12399435
2424	1.231789112	1.231789112	0	0	0.2197933495	0.2204286754	0.6970792413	4.124475956
2425	1.19701314	1.19701314	0	0	0.2267902493	0.2332606018	0.7446862459	4.124187946
2426	1.242465615	1.242465615	0	0	0.2325117737	0.2225829512	0.7631589174	4.124034405
2427	1.274427533	1.274427533	0	0	0.2300930321	0.2553151548	0.7719136477	4.123972416
2428	1.283393621	1.283393621	0	0	0.2305228114	0.2528340518	0.7698874474	4.12405014
2429	1.229405522	1.229405522	0	0	0.2303368002	0.2449008673	0.7578005791	4.123954773
2430	1.2260499	1.2260499	0	0	0.2316496074	0.2555875182	0.7652922273	4.123995304
2431	1.23048377	1.23048377	0	0	0.2310125083	0.2423654348	0.7554380894	4.124020576
2432	1.249950171	1.249950171	0	0	0.2231952846	0.2261900455	0.7131361961	4.124515533
2433	1.207300782	1.207300782	0	0	0.2272366583	0.2384498417	0.7513327599	4.124101639
2434	1.226413488	1.226413488	0	0	0.239907667	0.2029966563	0.7738512754	4.124032497
2435	1.170103192	1.170103192	0	0	0.2449075133	0.2078863829	0.7850373387	4.124098778
2436	1.176797628	1.176797628	0	0	0.2438073605	0.2094971836	0.7833827138	4.124062538
2437	1.196020365	1.196020365	0	0	0.2465238124	0.1959633529	0.7764561772	4.124083519
2438	1.183005333	1.183005333	0	0	0.2431513965	0.2188389003	0.7806948423	4.12405777
2439	1.227572441	1.227572441	0	0	0.2422893643	0.2122799754	0.7739058733	4.124071598
2440	1.285718203	1.285718203	0	0	0.2336287051	0.1939131021	0.7299813032	4.124494076
2441	1.26900208	1.26900208	0	0	0.2407367527	0.1983453631	0.7709459662	4.124157906
2442	1.289879084	1.289879084	0	0	0.2441987097	0.1978400946	0.7804588079	4.124069691
2443	1.260335684	1.260335684	0	0	0.2430224121	0.2285292745	0.7887418866	4.124042988
2444	1.277142644	1.277142644	0	0	0.2494784296	0.2223301232	0.8061927557	4.124075413
2445	1.280295491	1.280295491	0	0	0.247612834	0.2168525457	0.7896716595	4.123877525
2446	1.247409701	1.247409701	0	0	0.2445980757	0.2371006459	0.7928830385	4.123954773
2447	1.266929269	1.266929269	0	0	0.2431336194	0.2310768962	0.7886464	4.123943806
2448	1.316400647	1.316400647	0	0	0.2354553044	0.2075865865	0.7449798584	4.124533653
2449	1.300597072	1.300597072	0	0	0.241379559	0.2190110534	0.7840787768	4.124134541
2450	1.366912484	1.366912484	0	0	0.2490156889	0.211891681	0.8016286492	4.12404871
2451	1.354696035	1.354696035	0	0	0.2501588464	0.2318405211	0.8118273616	4.124027252
2452	1.358102798	1.358102798	0	0	0.253241986	0.2232443541	0.8136213422	4.124023438
2453	1.320712447	1.320712447	0	0	0.250397265	0.2288655341	0.8027986884	4.123883724
2454	1.308205366	1.308205366	0	0	0.2489874959	0.2456298172	0.8072634935	4.123975754
2455	1.353940129	1.353940129	0	0	0.250149101	0.2357369214	0.804492414	4.124033928
2456	1.353956819	1.353956819	0	0	0.241044566	0.2212231457	0.7648030519	4.124566555
2457	1.365000129	1.365000129	0	0	0.2435367256	0.241402328	0.7968291044	4.124209404
2458	1.342993617	1.342993617	0	0	0.2528527975	0.216859594	0.811191082	4.12404871
2459	1.261522532	1.261522532	0	0	0.2548664212	0.2258462012	0.8158283234	4.123950958
2460	1.233957887	1.233957887	0	0	0.2580778301	0.213182956	0.8174814582	4.12398386
2461	1.261251211	1.261251211	0	0	0.2569146752	0.213485375	0.8079537153	4.12394619
2462	1.267889619	1.267889619	0	0	0.2539129257	0.2299561054	0.8113723993	4.123940468
2463	1.260126352	1.260126352	0	0	0.2496313751	0.2210885882	0.7976100445	4.123897552
2464	1.312876582	1.312876582	0	0	0.2459927499	0.191629231	0.7656386495	4.124434948
2465	1.279105067	1.279105067	0	0	0.2475669533	0.216195181	0.8001431823	4.124024391
2466	1.324406028	1.324406028	0	0	0.2499510199	0.2199580073	0.8053178191	4.123970509
2467	1.292416215	1.292416215	0	0	0.2476629019	0.242440179	0.8073470592	4.124031544
2468	1.291738629	1.291738629	0	0	0.2507861257	0.236335665	0.8096833229	4.123988628
2469	1.296971679	1.296971679	0	0	0.2506622076	0.2376180589	0.8015778065	4.123879433
2470	1.310289145	1.310289145	0	0	0.2486580014	0.2536456585	0.8020727038	4.123963356
2471	1.290299892	1.290299892	0	0	0.2459287643	0.2439343184	0.792241931	4.123945236
2472	1.327571511	1.327571511	0	0	0.2421392649	0.2201763541	0.7637465596	4.124473095
2473	1.304386377	1.304386377	0	0	0.2471857369	0.2344379127	0.8047140837	4.124005795
2474	1.345632434	1.345632434	0	0	0.2537047565	0.2176041603	0.8128367662	4.124034882
2475	1.309124231	1.309124231	0	0	0.2521644831	0.231730938	0.8124796748	4.123957157
2476	1.308362126	1.308362126	0	0	0.255335927	0.2379134446	0.8239222765	4.123940945
2477	1.331185579	1.331185579	0	0	0.2566757798	0.2309747934	0.8174516559	4.123857975
2478	1.32247901	1.32247901	0	0	0.2551577091	0.2464112937	0.8209909797	4.12387991
2479	1.346463203	1.346463203	0	0	0.2562776208	0.2378721982	0.8224897981	4.12396574
2480	1.317731738	1.317731738	0	0	0.2545932233	0.2471597493	0.8246104121	4.123965263
2481	1.290923119	1.290923119	0	0	0.2498611063	0.2695201933	0.8372051716	4.123317719
2482	1.231011868	1.231011868	0	0	0.2573559582	0.2315542996	0.8401010633	4.122980595
2483	1.190439343	1.190439343	0	0	0.2590891421	0.2398390323	0.8436971307	4.122853756
2484	1.174485564	1.174485564	0	0	0.2619214058	0.2354821861	0.8467036486	4.122824669
2485	1.19221139	1.19221139	0	0	0.263686657	0.2329848409	0.8463032246	4.122161388
2486	1.204726577	1.204726577	0	0	0.2562980354	0.2588758469	0.8372641802	4.122203827
2487	1.181700587	1.181700587	0	0	0.2557906508	0.2516390085	0.8361023664	4.122065067
2488	1.189329386	1.189329386	0	0	0.2589942515	0.247491926	0.8452782631	4.121953487
2489	1.190089464	1.190089464	0	0	0.2565517724	0.2418258339	0.8438676	4.12292099
2490	1.197804451	1.197804451	0	0	0.2579441071	0.2411417961	0.8474037647	4.122420788
2491	1.201527953	1.201527953	0	0	0.2593230605	0.2543120682	0.8542643785	4.122461796
2492	1.195028067	1.195028067	0	0	0.2609666884	0.2545615435	0.8571964502	4.122756004
2493	1.200377703	1.200377703	0	0	0.2589869797	0.2549413741	0.8490897417	4.122256756
2494	1.217809796	1.217809796	0	0	0.2536989748	0.2874575257	0.8512701392	4.122320175
2495	1.190457106	1.190457106	0	0	0.2505265474	0.2783690095	0.8423054814	4.121981144
2496	1.195904016	1.195904016	0	0	0.2505191267	0.2760292292	0.8416522145	4.12242794
2497	1.165835381	1.165835381	0	0	0.2492488474	0.2597329319	0.8336523175	4.123101234
2498	1.177193403	1.177193403	0	0	0.2544003427	0.244650811	0.8366450071	4.122913361
2499	1.180251956	1.180251956	0	0	0.2561913133	0.2629552484	0.8472487926	4.123078346
2500	1.159901261	1.159901261	0	0	0.2589426637	0.2568518221	0.8508368134	4.122928619
2501	1.170398474	1.170398474	0	0	0.2592561841	0.2541309595	0.8476915956	4.122357368
2502	1.195878267	1.195878267	0	0	0.2560173571	0.2785895169	0.8521338701	4.122470379
2503	1.207272291	1.207272291	0	0	0.2519254684	0.279527545	0.8442362547	4.122173786
2504	1.233974218	1.233974218	0	0	0.2498562932	0.2951769233	0.8482519984	4.122438908
2505	1.20919013	1.20919013	0	0	0.2475642264	0.2805391848	0.8417032957	4.123193741
2506	1.160670877	1.160670877	0	0	0.2576732337	0.2482344806	0.8457299471	4.122746944
2507	1.117649317	1.117649317	0	0	0.2643048763	0.2387739122	0.8532014489	4.122563839
2508	1.079906702	1.079906702	0	0	0.2598433197	0.2488262951	0.8459035754	4.122460365
2509	1.047961593	1.047961593	0	0	0.2619865239	0.2414092273	0.8441318274	4.122135162
2510	1.034765601	1.034765601	0	0	0.2546741962	0.2708332241	0.8412296772	4.121756077
2511	0.9609279633	0.9609279633	0	0	0.2522981167	0.2497138977	0.8287291527	4.121601105
2512	0.9446867108	0.9446867108	0	0	0.2537208796	0.2513938844	0.8351273537	4.121842384
2513	0.9160319567	0.9160319567	0	0	0.252964586	0.241596669	0.8344362378	4.122918129
2514	0.9044478536	0.9044478536	0	0	0.2556130588	0.2399562001	0.8386761546	4.12254715
2515	0.9124781489	0.9124781489	0	0	0.2565916181	0.2428414971	0.8402959704	4.122479439
2516	0.9111142159	0.9111142159	0	0	0.2552140057	0.2515436709	0.8403077722	4.122626305
2517	0.9305953979	0.9305953979	0	0	0.2516686618	0.2641113102	0.8300328851	4.122143269
2518	0.9209157228	0.9209157228	0	0	0.2473412305	0.2712578773	0.8281128407	4.122056961
2519	0.9214341044	0.9214341044	0	0	0.2466932684	0.27212286	0.829143703	4.121765137
2520	0.9375243187	0.9375243187	0	0	0.247646898	0.2804510593	0.8359959722	4.122143269
2521	0.903780818	0.903780818	0	0	0.2458917946	0.2704847753	0.829975307	4.122900963
2522	0.8907309175	0.8907309175	0	0	0.2521975338	0.2547625005	0.835842967	4.122699261
2523	0.8979651332	0.8979651332	0	0	0.2575015426	0.2537697554	0.8456471562	4.123040676
2524	0.9033550024	0.9033550024	0	0	0.2572988868	0.2579229772	0.8436724544	4.12278986
2525	0.8939656019	0.8939656019	0	0	0.2556270063	0.2595538795	0.8367507458	4.122621059
2526	0.8964255452	0.8964255452	0	0	0.256578505	0.2658606768	0.8447064161	4.122254372
2527	0.8886123896	0.8886123896	0	0	0.2551370263	0.2637876272	0.8429665565	4.122085571
2528	0.9532110095	0.9532110095	0	0	0.2560096681	0.2818143368	0.8536145091	4.122102261
2529	0.963059485	0.963059485	0	0	0.252435118	0.2854259908	0.8510947227	4.122880459
2530	0.9223988056	0.9223988056	0	0	0.2601061761	0.252238214	0.8524746895	4.122326374
2531	0.8858870268	0.8858870268	0	0	0.2649314106	0.2365411967	0.8527489901	4.122236252
2532	0.8855112791	0.8855112791	0	0	0.2644045949	0.2502045035	0.854841888	4.122065544
2533	0.8598381281	0.8598381281	0	0	0.2646513283	0.2512367368	0.8533806801	4.12201786
2534	0.8045541644	0.8045541644	0	0	0.2595230043	0.2544192672	0.845146358	4.121669769
2535	0.7343782187	0.7343782187	0	0	0.26331532	0.2291324288	0.8438595533	4.121764183
2536	0.7471657991	0.7471657991	0	0	0.2614954412	0.2456118017	0.8473641276	4.121632099
2537	0.7085701227	0.7085701227	0	0	0.2616913319	0.2331425101	0.8468296528	4.122736454
2538	0.7283005714	0.7283005714	0	0	0.2616507411	0.2399681211	0.8483822346	4.122312069
2539	0.7308160067	0.7308160067	0	0	0.2633039653	0.2408196777	0.8505314589	4.122333527
2540	0.7193207741	0.7193207741	0	0	0.2621983886	0.2486418337	0.8511064649	4.122480392
2541	0.7589339018	0.7589339018	0	0	0.2615154982	0.2585648894	0.8500031829	4.122199535
2542	0.7328927517	0.7328927517	0	0	0.2602297068	0.2548027337	0.8469777703	4.122019291
2543	0.75337708	0.75337708	0	0	0.2585824728	0.2614794075	0.8467229009	4.121750832
2544	0.7759052515	0.7759052515	0	0	0.2575557232	0.2673928142	0.84786731	4.122099876
2545	0.7388684154	0.7388684154	0	0	0.2568633258	0.2622739971	0.8467617035	4.122918129
2546	0.7340488434	0.7340488434	0	0	0.2612353265	0.2520567775	0.8512240052	4.12264061
2547	0.7380518913	0.7380518913	0	0	0.265758574	0.2472635955	0.857008636	4.12286377
2548	0.7173285484	0.7173285484	0	0	0.2647066712	0.2416141331	0.8525540233	4.122713089
2549	0.7733243108	0.7733243108	0	0	0.2653409541	0.2527993619	0.8553013802	4.122516632
2550	0.7537427545	0.7537427545	0	0	0.2644918859	0.2525385618	0.8537806273	4.122243404
2551	0.7399162054	0.7399162054	0	0	0.263517946	0.2498527318	0.8533521295	4.121999264
2552	0.7811644673	0.7811644673	0	0	0.2635956407	0.2636481822	0.8591612577	4.122139931
2553	0.7482481599	0.7482481599	0	0	0.2580827475	0.2654486299	0.8514130116	4.123074055
2554	0.7241566181	0.7241566181	0	0	0.2626208663	0.2407794446	0.8499045372	4.122375965
2555	0.742457509	0.742457509	0	0	0.265049696	0.2416387796	0.8538075686	4.122447968
2556	0.7406445742	0.7406445742	0	0	0.2657309771	0.2350703478	0.8525961041	4.122242451
2557	0.7858649492	0.7858649492	0	0	0.2629177868	0.242558077	0.8488841057	4.122074604
2558	0.7793515325	0.7793515325	0	0	0.2588514388	0.2427818477	0.8425713778	4.121751308
2559	0.7643193007	0.7643193007	0	0	0.2603774965	0.2256315351	0.8393685222	4.121679306
2560	0.7946648598	0.7946648598	0	0	0.2603231966	0.241448611	0.8450890779	4.122154713
2561	0.7785815001	0.7785815001	0	0	0.2576166689	0.2324290276	0.8366446495	4.1229105
2562	0.7664113045	0.7664113045	0	0	0.2588925958	0.2319153398	0.8389585614	4.12223959
2563	0.7641220093	0.7641220093	0	0	0.2619535327	0.2267358005	0.8428936005	4.122365475
2564	0.7569574118	0.7569574118	0	0	0.2618769109	0.2322726697	0.8442911506	4.122392654
2565	0.7962206602	0.7962206602	0	0	0.2556355	0.2509438097	0.8383671045	4.122376919
2566	0.7767788172	0.7767788172	0	0	0.2546462119	0.2443568408	0.836171627	4.121985912
2567	0.7999047637	0.7999047637	0	0	0.2544668913	0.2508087754	0.8400752544	4.121683598
2568	0.8428887725	0.8428887725	0	0	0.2609922886	0.2563196719	0.8551384807	4.122269154
2569	0.8072655201	0.8072655201	0	0	0.2617237568	0.2471720427	0.8531063795	4.122814178
2570	0.7997547388	0.7997547388	0	0	0.2666262984	0.2370635718	0.8574813604	4.122380733
2571	0.7431379557	0.7431379557	0	0	0.2672775686	0.2197136581	0.8506718874	4.122367382
2572	0.7376533151	0.7376533151	0	0	0.2696932554	0.2165210396	0.8541220427	4.122568607
2573	0.7731655836	0.7731655836	0	0	0.2651827931	0.2330074608	0.8535081148	4.122612
2574	0.7700568438	0.7700568438	0	0	0.2617383599	0.2310614288	0.8469164968	4.121827126
2575	0.7742834687	0.7742834687	0	0	0.263104856	0.2300370932	0.8492716551	4.121916771
2576	0.8348630071	0.8348630071	0	0	0.2634672523	0.2469932288	0.8578062654	4.122200489
2577	0.8484835625	0.8484835625	0	0	0.259605974	0.2559233606	0.8557881713	4.122621059
2578	0.832239449	0.832239449	0	0	0.2671082914	0.2314209491	0.8569362164	4.122262955
2579	0.8227927685	0.8227927685	0	0	0.2696811855	0.2126529962	0.8528699279	4.122076511
2580	0.8286556005	0.8286556005	0	0	0.2728857398	0.2112509608	0.8576357961	4.122136593
2581	0.8638671041	0.8638671041	0	0	0.2652354836	0.227289021	0.8495982885	4.122122765
2582	0.8709694743	0.8709694743	0	0	0.2617044747	0.2232376933	0.8419726491	4.121682644
2583	0.8864571452	0.8864571452	0	0	0.2637093067	0.2201031446	0.8447703123	4.12184
2584	0.9138712883	0.9138712883	0	0	0.2670012414	0.2182096541	0.8521510363	4.122110844
2585	0.905798614	0.905798614	0	0	0.2676477134	0.2081580907	0.8513771892	4.122771263
2586	0.9066495299	0.9066495299	0	0	0.2682396472	0.2127143741	0.8511794209	4.122243404
2587	0.9149821997	0.9149821997	0	0	0.2709386647	0.2087131292	0.853936851	4.122103214
2588	0.8935201764	0.8935201764	0	0	0.270419836	0.214503631	0.8572327495	4.122198105
2589	0.9392724037	0.9392724037	0	0	0.2617538571	0.2392966151	0.8490964174	4.1223979
2590	0.9133767486	0.9133767486	0	0	0.2599354386	0.2316545248	0.8434342742	4.121798992
2591	0.9415219426	0.9415219426	0	0	0.264177531	0.2304424495	0.8504288197	4.121599197
2592	1.001369715	1.001369715	0	0	0.2690900266	0.2346835881	0.8601523638	4.122285366
2593	0.9368101954	0.9368101954	0	0	0.2697615027	0.2204817981	0.8559561372	4.122756481
2594	0.9190117717	0.9190117717	0	0	0.2729360759	0.2146402746	0.8583781123	4.122262001
2595	0.8689993024	0.8689993024	0	0	0.2735391557	0.1992351264	0.8536505699	4.122210503
2596	0.8595767021	0.8595767021	0	0	0.2750580311	0.199763909	0.8581061363	4.122459412
2597	0.8612607121	0.8612607121	0	0	0.2675782144	0.2093251497	0.8491824269	4.122502804
2598	0.8625504375	0.8625504375	0	0	0.2641011775	0.2078936845	0.8413214087	4.121741295
2599	0.8826871514	0.8826871514	0	0	0.2688924968	0.2074779719	0.8515770435	4.121785641
2600	0.9268485308	0.9268485308	0	0	0.2706079185	0.2215441912	0.860660553	4.122109413
2601	0.9226190448	0.9226190448	0	0	0.2676863074	0.2224621773	0.8581972718	4.122210979
2602	0.913728714	0.913728714	0	0	0.2674966455	0.2247924507	0.856908679	4.122239113
2603	0.9299090505	0.9299090505	0	0	0.2700479031	0.2148476541	0.855704248	4.122297287
2604	0.9273717999	0.9273717999	0	0	0.2712354362	0.2055401057	0.8541658521	4.12203598
2605	0.9826654792	0.9826654792	0	0	0.2629955709	0.2157826126	0.8427898884	4.122395992
2606	1.033799052	1.033799052	0	0	0.260614723	0.2119889557	0.8356847167	4.121898651
2607	1.097232223	1.097232223	0	0	0.2624500692	0.2164722234	0.8407098651	4.122005463
2608	1.148669124	1.148669124	0	0	0.26425457	0.2152632773	0.8453350067	4.122255325
2609	1.153683782	1.153683782	0	0	0.2620760798	0.2135262787	0.8428471088	4.122536659
2610	1.174403787	1.174403787	0	0	0.2594417632	0.2272610366	0.8413259387	4.122214317
2611	1.147382975	1.147382975	0	0	0.2623457909	0.2166537493	0.8426270485	4.122154236
2612	1.136196375	1.136196375	0	0	0.2639862597	0.2166645676	0.8469234705	4.12225771
2613	1.146762371	1.146762371	0	0	0.2579267025	0.2218481004	0.8354288936	4.122203827
2614	1.164972901	1.164972901	0	0	0.2542789876	0.2220834792	0.8255700469	4.121910095
2615	1.179633021	1.179633021	0	0	0.2605126798	0.230596289	0.8416467309	4.121727943
2616	1.191906333	1.191906333	0	0	0.2610558569	0.2327959836	0.8440941572	4.122485161
2617	1.155256867	1.155256867	0	0	0.2582002282	0.2240501344	0.8355705738	4.122739315
2618	1.143804908	1.143804908	0	0	0.2567935586	0.2175921053	0.828271389	4.122460842
2619	1.121961832	1.121961832	0	0	0.2588973045	0.2076539099	0.8282325268	4.122284412
2620	1.122738242	1.122738242	0	0	0.2639466226	0.2126052678	0.8411170244	4.122632027
2621	1.117511988	1.117511988	0	0	0.2618061006	0.2134891301	0.8401927948	4.122076511
2622	1.139578104	1.139578104	0	0	0.2578309774	0.2172897607	0.830766201	4.121779442
2623	1.148928881	1.148928881	0	0	0.2661382258	0.2209648192	0.8507176638	4.121943951
2624	1.189231038	1.189231038	0	0	0.2675874233	0.2299295366	0.8594926	4.122478485
2625	1.212933898	1.212933898	0	0	0.2585848272	0.2375986278	0.8494593501	4.122589111
2626	1.228806973	1.228806973	0	0	0.2609117329	0.2339429557	0.8505576253	4.122515678
2627	1.247380018	1.247380018	0	0	0.2650135756	0.2303058505	0.855926156	4.122394562
2628	1.222364187	1.222364187	0	0	0.2716448903	0.2218506485	0.8634383678	4.122701645
2629	1.22973609	1.22973609	0	0	0.267226398	0.2235389054	0.8575137854	4.122620106
2630	1.308144927	1.308144927	0	0	0.2601268888	0.2364130765	0.8459776044	4.122105122
2631	1.31653583	1.31653583	0	0	0.2648673654	0.2330266833	0.8543459773	4.122207165
2632	1.307332873	1.307332873	0	0	0.2679263055	0.2223893851	0.8564524651	4.12312746
2633	1.301459551	1.301459551	0	0	0.261501044	0.2286161482	0.8504042625	4.123178959
2634	1.337098241	1.337098241	0	0	0.2606727779	0.2352427989	0.8526051641	4.122814655
2635	1.322806954	1.322806954	0	0	0.2623609006	0.2304481119	0.855048418	4.122668743
2636	1.292882919	1.292882919	0	0	0.267790556	0.2277942151	0.8626229167	4.122940063
2637	1.287680149	1.287680149	0	0	0.2659542263	0.2322770059	0.8607928157	4.122268677
2638	1.324684143	1.324684143	0	0	0.2536509335	0.2410722226	0.8373433352	4.122270107
2639	1.373234034	1.373234034	0	0	0.2591841221	0.2503120005	0.8514144421	4.122251034
2640	1.419215202	1.419215202	0	0	0.269259423	0.2459177673	0.867706418	4.123023987
2641	1.340106964	1.340106964	0	0	0.2665563226	0.2390743494	0.8619308472	4.123092175
2642	1.312666416	1.312666416	0	0	0.2659355104	0.2292028815	0.8579497337	4.122861862
2643	1.299339056	1.299339056	0	0	0.2706606388	0.2226832062	0.8641350865	4.122991562
2644	1.234925628	1.234925628	0	0	0.2769364715	0.212559998	0.8706028461	4.123101234
2645	1.237507463	1.237507463	0	0	0.2740512192	0.2192025483	0.8694272637	4.122871399
2646	1.300920248	1.300920248	0	0	0.2669560313	0.2297360301	0.8596991301	4.122460365
2647	1.363339424	1.363339424	0	0	0.2705662251	0.2352525145	0.8675557375	4.122517586
2648	1.388573647	1.388573647	0	0	0.2746710181	0.2350623906	0.8729807734	4.123077869
2649	1.352783561	1.352783561	0	0	0.2697948813	0.2342839688	0.8659300208	4.12330246
2650	1.26792562	1.26792562	0	0	0.2711383402	0.215892002	0.8628653288	4.122939587
2651	1.199192166	1.199192166	0	0	0.2796830535	0.2054387331	0.8721112013	4.122905731
2652	1.071796894	1.071796894	0	0	0.2839546502	0.1903056502	0.8701230288	4.122749329
2653	1.054646134	1.054646134	0	0	0.2816237807	0.1964914054	0.8691808581	4.12260437
2654	1.033395886	1.033395886	0	0	0.2786806524	0.1936128289	0.8610774279	4.122534275
2655	1.017599702	1.017599702	0	0	0.2777092457	0.1983709037	0.861038208	4.122294426
2656	0.9988145232	0.9988145232	0	0	0.2809192836	0.1908340156	0.8663133979	4.122887611
2657	0.9552729726	0.9552729726	0	0	0.2816336751	0.1777112782	0.8637863398	4.123247147
2658	1.00096643	1.00096643	0	0	0.2789333463	0.1823850572	0.8633342981	4.122925758
2659	1.028899431	1.028899431	0	0	0.2833594382	0.1829198152	0.8704918623	4.123040199
2660	0.9863172174	0.9863172174	0	0	0.2832027078	0.1857127845	0.8681162	4.122850895
2661	1.068845272	1.068845272	0	0	0.2815808058	0.19986929	0.8716234565	4.122650146
2662	1.056152582	1.056152582	0	0	0.2753425539	0.1989993602	0.8578994274	4.122648239
2663	1.068041086	1.068041086	0	0	0.2783397734	0.2052795589	0.8643200994	4.122206211
2664	1.072992802	1.072992802	0	0	0.2838148475	0.1992106438	0.8720850348	4.123007774
2665	1.055653214	1.055653214	0	0	0.2792366743	0.2005567998	0.8670300245	4.12331152
2666	1.053763151	1.053763151	0	0	0.2790153027	0.1894167364	0.8632554412	4.123053551
2667	1.058381557	1.058381557	0	0	0.2845387757	0.1814603359	0.8683619499	4.123232365
2668	1.014637589	1.014637589	0	0	0.2862225175	0.1743219048	0.8677630424	4.123067379
2669	1.057340384	1.057340384	0	0	0.2867183685	0.1851208359	0.8723257184	4.122721195
2670	1.060113311	1.060113311	0	0	0.2827560604	0.1849547625	0.8647857904	4.122549057
2671	1.079074979	1.079074979	0	0	0.2862378061	0.1849980801	0.8703042269	4.122528553
2672	1.107668042	1.107668042	0	0	0.2873288095	0.1913631111	0.8777551055	4.122585773
2673	1.104424715	1.104424715	0	0	0.2818358839	0.1955037862	0.871563077	4.123369694
2674	1.040538073	1.040538073	0	0	0.2839697301	0.1813886166	0.8701588511	4.122759819
2675	1.085829735	1.085829735	0	0	0.2919937074	0.1784963757	0.8773782849	4.12262392
2676	0.9729383588	0.9729383588	0	0	0.2908538282	0.1698149145	0.8726608753	4.122210026
2677	1.000230551	1.000230551	0	0	0.2892888784	0.1825422496	0.8748216033	4.121918678
2678	0.9464262128	0.9464262128	0	0	0.2839931846	0.1828269809	0.8654929399	4.122112274
2679	0.8593354225	0.8593354225	0	0	0.2851297557	0.178244561	0.8650467992	4.121987343
2680	0.8399396539	0.8399396539	0	0	0.2880065441	0.1725586206	0.8687253594	4.122702599
2681	0.8013839722	0.8013839722	0	0	0.2857402265	0.1691612005	0.865639627	4.123244286
2682	0.7970690131	0.7970690131	0	0	0.2857871354	0.1723556817	0.8698052168	4.12297821
2683	0.8089559674	0.8089559674	0	0	0.2871797979	0.175457865	0.8716909289	4.122829914
2684	0.7525277138	0.7525277138	0	0	0.2872621119	0.1734456271	0.8713743091	4.122513294
2685	0.803830564	0.803830564	0	0	0.28396824	0.1898222268	0.872859776	4.122087955
2686	0.7835634351	0.7835634351	0	0	0.2761688828	0.191877678	0.861920774	4.122310638
2687	0.7695123553	0.7695123553	0	0	0.2785598338	0.1931686848	0.8651183844	4.122162819
2688	0.7645478249	0.7645478249	0	0	0.282204926	0.1899705231	0.8693150282	4.122802734
2689	0.7666737437	0.7666737437	0	0	0.2805254757	0.1903756708	0.8672442436	4.123355389
2690	0.7339935899	0.7339935899	0	0	0.2810615897	0.1773461103	0.8645200133	4.122982025
2691	0.7781911492	0.7781911492	0	0	0.2863546908	0.1743683964	0.8708494902	4.122954369
2692	0.7619841695	0.7619841695	0	0	0.2872861922	0.167945534	0.8716416955	4.122772694
2693	0.7534049153	0.7534049153	0	0	0.2848145962	0.1724800766	0.8697955012	4.122582436
2694	0.7495207787	0.7495207787	0	0	0.2794932723	0.1746702343	0.8621336818	4.122502804
2695	0.7442170978	0.7442170978	0	0	0.2787927389	0.1768005788	0.8602994084	4.122065067
2696	0.7619540691	0.7619540691	0	0	0.2843896449	0.1817273498	0.8742075562	4.122265339
2697	0.742685616	0.742685616	0	0	0.2796909809	0.1848028451	0.8679481745	4.123412132
2698	0.7063620687	0.7063620687	0	0	0.2816089094	0.1646656543	0.8605128527	4.122829437
2699	0.8039172888	0.8039172888	0	0	0.2857235968	0.1693027318	0.864382267	4.122300148
2700	0.7584534883	0.7584534883	0	0	0.282343626	0.1665028036	0.8567498326	4.122101784
2701	0.7896797657	0.7896797657	0	0	0.2793167531	0.1735056639	0.8571118712	4.121894836
2702	0.7886058092	0.7886058092	0	0	0.2737530172	0.1723468602	0.8478600383	4.122046947
2703	0.7831904888	0.7831904888	0	0	0.2745134234	0.1673783809	0.8446362615	4.121875286
2704	0.7759916186	0.7759916186	0	0	0.2782862186	0.1667153537	0.8484315276	4.122568607
2705	0.7454847097	0.7454847097	0	0	0.2764621675	0.161621511	0.8432818651	4.123141289
2706	0.7168794274	0.7168794274	0	0	0.2794741094	0.1590327024	0.8494236469	4.122611046
2707	0.7547130585	0.7547130585	0	0	0.2789205313	0.1650821269	0.8465931416	4.122433186
2708	0.7265204787	0.7265204787	0	0	0.2766219378	0.1611339748	0.8423378468	4.122132301
2709	0.7613341212	0.7613341212	0	0	0.2712819278	0.1741252542	0.8395401835	4.122055531
2710	0.7397104502	0.7397104502	0	0	0.2657525539	0.1700463593	0.8295986652	4.121980667
2711	0.7479404807	0.7479404807	0	0	0.2656250894	0.1699383408	0.8272476196	4.121736526
2712	0.7508577704	0.7508577704	0	0	0.267888099	0.1767196804	0.8286908269	4.122162819
2713	0.7802682519	0.7802682519	0	0	0.2685348094	0.1781988144	0.8273044825	4.123072624
2714	0.750184238	0.750184238	0	0	0.2704631686	0.1683419943	0.8261531591	4.122677803
2715	0.7611177564	0.7611177564	0	0	0.2748251557	0.1616001427	0.8310902119	4.122497559
2716	0.7612926364	0.7612926364	0	0	0.2680936456	0.1544164121	0.8134145141	4.122141361
2717	0.7831927538	0.7831927538	0	0	0.2642678618	0.1646106094	0.8127032518	4.122070789
2718	0.7689940333	0.7689940333	0	0	0.2620752156	0.1607934386	0.8112043738	4.121884823
2719	0.772975564	0.772975564	0	0	0.2643975616	0.1591990739	0.8141524792	4.121719837
2720	0.7383204699	0.7383204699	0	0	0.2713123858	0.1589835882	0.8275179863	4.121688843
2721	0.7827933431	0.7827933431	0	0	0.2696735859	0.1640937924	0.8231325746	4.122260571
2722	0.772287488	0.772287488	0	0	0.2687129378	0.1608979553	0.8132491112	4.12229538
2723	0.7989583611	0.7989583611	0	0	0.2706235349	0.1556522101	0.8122630119	4.122005463
2724	0.7611945868	0.7611945868	0	0	0.2674427927	0.1477593035	0.8046337366	4.121696472
2725	0.7612703443	0.7612703443	0	0	0.2624034286	0.162947014	0.80600667	4.121608734
2726	0.7248881459	0.7248881459	0	0	0.2571319044	0.155024901	0.793456018	4.121497154
2727	0.7475691438	0.7475691438	0	0	0.2571735382	0.161661759	0.7967538238	4.12140274
2728	0.7350733876	0.7350733876	0	0	0.2604510784	0.1612370759	0.8070110083	4.121827602
2729	0.7565020919	0.7565020919	0	0	0.2626947761	0.160694927	0.8114762902	4.122434139
2730	0.7381708026	0.7381708026	0	0	0.263361007	0.1604063064	0.8084253669	4.12215662
2731	0.7439190745	0.7439190745	0	0	0.2698080838	0.1518696994	0.8148921132	4.122018814
2732	0.7557477355	0.7557477355	0	0	0.2665573955	0.147505343	0.8061218262	4.121715546
2733	0.7872356176	0.7872356176	0	0	0.2627673447	0.151895687	0.8031749725	4.121700764
2734	0.7710007429	0.7710007429	0	0	0.2601087093	0.1505693197	0.8005138636	4.121430397
2735	0.7736157775	0.7736157775	0	0	0.2619929314	0.1557751	0.8056361079	4.121461391
2736	0.7708587646	0.7708587646	0	0	0.2676199079	0.1570850909	0.8179733753	4.121974468
2737	0.8227205873	0.8227205873	0	0	0.2673025429	0.1573111713	0.815112412	4.122515678
2738	0.7600491643	0.7600491643	0	0	0.2748826742	0.1484153569	0.8252370954	4.12220335
2739	0.7681139708	0.7681139708	0	0	0.2796012461	0.1462924331	0.8328864574	4.122024536
2740	0.7424578667	0.7424578667	0	0	0.2750911117	0.138315782	0.8211413026	4.121747971
2741	0.7640313506	0.7640313506	0	0	0.2711159885	0.1426137239	0.8197902441	4.121600628
2742	0.776835382	0.776835382	0	0	0.2698632777	0.1418051273	0.8182863593	4.121473789
2743	0.7916547656	0.7916547656	0	0	0.2711643577	0.1402195096	0.8223516345	4.121364594
2744	0.7677848339	0.7677848339	0	0	0.2748920918	0.1438420415	0.8337090611	4.121286869
2745	0.7406747341	0.7406747341	0	0	0.2749146819	0.1571286023	0.8410170674	4.121870041
2746	0.675314784	0.675314784	0	0	0.2783893347	0.1499670744	0.8401709199	4.121933937
2747	0.697460711	0.697460711	0	0	0.2827572227	0.1482617706	0.8448768854	4.121866703
2748	0.672675252	0.672675252	0	0	0.2790485919	0.1469642967	0.8375300169	4.121593475
2749	0.6936472058	0.6936472058	0	0	0.2723588347	0.1539317966	0.8329657316	4.121362209
2750	0.6849688292	0.6849688292	0	0	0.2704053521	0.155641526	0.8320957422	4.121301174
2751	0.6776105165	0.6776105165	0	0	0.2716636062	0.1578554362	0.839096427	4.121481895
2752	0.6791056395	0.6791056395	0	0	0.2702859044	0.1679431647	0.8432072401	4.121723652
2753	0.6815245748	0.6815245748	0	0	0.2679641247	0.1712963283	0.840290606	4.122528553
2754	0.6368877888	0.6368877888	0	0	0.2697068751	0.1671083421	0.8381901979	4.122441769
2755	0.6569461823	0.6569461823	0	0	0.2763289809	0.1607033759	0.844942987	4.122212887
2756	0.6581984162	0.6581984162	0	0	0.2744642496	0.1537006348	0.8376444578	4.12165451
2757	0.6900513172	0.6900513172	0	0	0.2690507472	0.1529600322	0.8282597065	4.121474266
2758	0.6747286916	0.6747286916	0	0	0.2638682425	0.1588164568	0.8234131932	4.121365547
2759	0.6668841839	0.6668841839	0	0	0.2647117078	0.1650435627	0.8288849592	4.12151432
2760	0.6538178921	0.6538178921	0	0	0.2655379176	0.1738002896	0.8324905634	4.121995926
2761	0.6584364176	0.6584364176	0	0	0.2688145936	0.18151775	0.8406595588	4.122814655
2762	0.6024868488	0.6024868488	0	0	0.2763999403	0.1675686836	0.8462526202	4.122690678
2763	0.6184831262	0.6184831262	0	0	0.2801764309	0.1628598273	0.851380229	4.122434139
2764	0.6391207576	0.6391207576	0	0	0.2765385211	0.161498934	0.8417948484	4.122050285
2765	0.6835558414	0.6835558414	0	0	0.2710637152	0.1640432626	0.8353304267	4.121837616
2766	0.6738507748	0.6738507748	0	0	0.2691040337	0.1635945886	0.8313310742	4.1218853
2767	0.6837049127	0.6837049127	0	0	0.2669559717	0.164549917	0.8309685588	4.121809006
2768	0.6546302438	0.6546302438	0	0	0.2659215629	0.1712483168	0.8337379694	4.121752739
2769	0.6192284822	0.6192284822	0	0	0.2659223676	0.1851563752	0.8436176777	4.12236166
2770	0.5736407042	0.5736407042	0	0	0.2721928954	0.1771325618	0.8463972211	4.122692585
2771	0.5900393724	0.5900393724	0	0	0.2785514891	0.1681902707	0.8515352607	4.122717381
2772	0.5913766026	0.5913766026	0	0	0.2756961286	0.1672940999	0.8444621563	4.122168064
2773	0.6286396384	0.6286396384	0	0	0.2705477178	0.1709153354	0.8376149535	4.122031212
2774	0.6328933239	0.6328933239	0	0	0.2677852213	0.1760485321	0.8346074224	4.122233868
2775	0.6193095446	0.6193095446	0	0	0.2686569691	0.1711384058	0.8390389681	4.122571468
2776	0.603649497	0.603649497	0	0	0.2671973705	0.173904255	0.8391394615	4.122935772
2777	0.5953444839	0.5953444839	0	0	0.265537709	0.1765718758	0.8405508995	4.123410225
2778	0.5777419806	0.5777419806	0	0	0.2716567516	0.1744069159	0.8492926359	4.123230457
2779	0.593173027	0.593173027	0	0	0.2734297812	0.1778010428	0.8535509706	4.122884274
2780	0.6219898462	0.6219898462	0	0	0.276894629	0.1696273088	0.8539072871	4.122447968
2781	0.6575680971	0.6575680971	0	0	0.2721987963	0.1658349484	0.8453758955	4.122211933
2782	0.6604678035	0.6604678035	0	0	0.2687142789	0.1680537909	0.8386709094	4.122212887
2783	0.6531977057	0.6531977057	0	0	0.2705174088	0.168584466	0.845608294	4.122320652
2784	0.6411862373	0.6411862373	0	0	0.2699857354	0.1774078161	0.8456099629	4.122875214
