sample	stable_mse	final_mse	gain	mapping_gate	shape_gate	scale_gate	shift_gate	pattern_entropy
0	0.9201242328	0.9201242328	0	0	0.2536856532	0.2003770322	0.8377066255	4.121130466
1	0.891417563	0.891417563	0	0	0.2585416138	0.1999697685	0.8493506908	4.121034145
2	0.8924883008	0.8924883008	0	0	0.2634038329	0.1981548518	0.8597916365	4.121308804
3	0.898984611	0.898984611	0	0	0.2667739093	0.2043602318	0.8624582887	4.121562004
4	0.9202647209	0.9202647209	0	0	0.2649397254	0.2022135109	0.8623509407	4.121764183
5	0.9278879762	0.9278879762	0	0	0.2640536129	0.199910298	0.8586770892	4.121490479
6	0.8948201537	0.8948201537	0	0	0.265416801	0.1844952554	0.8532603979	4.121100903
7	0.9187297821	0.9187297821	0	0	0.2599462867	0.178795889	0.8395962715	4.120967388
8	0.9249522686	0.9249522686	0	0	0.2590281069	0.1961786002	0.8491945863	4.121141911
9	0.8827270269	0.8827270269	0	0	0.2611619234	0.1943041533	0.8524572253	4.120923042
10	0.8864808679	0.8864808679	0	0	0.2615231574	0.2071114033	0.8553990722	4.121170044
11	0.8942810893	0.8942810893	0	0	0.2678751349	0.2119527161	0.8649615049	4.121361732
12	0.9038928151	0.9038928151	0	0	0.264996767	0.2110451758	0.862339139	4.121366024
13	0.9435370564	0.9435370564	0	0	0.264565289	0.204848066	0.858520031	4.121359825
14	0.9575213194	0.9575213194	0	0	0.2623924017	0.1968418807	0.8508769274	4.121032715
15	0.9593535066	0.9593535066	0	0	0.2576002777	0.1955344528	0.8394706249	4.120946884
16	0.9581109881	0.9581109881	0	0	0.2605887651	0.2061679214	0.845394671	4.121108055
17	0.9514029622	0.9514029622	0	0	0.2638278604	0.1999072582	0.8503519893	4.12092495
18	0.9876407385	0.9876407385	0	0	0.2628114223	0.2089068741	0.855584383	4.12118578
19	0.9864178896	0.9864178896	0	0	0.2676769495	0.2124139965	0.864223361	4.121435165
20	0.9873825312	0.9873825312	0	0	0.2666336894	0.2034549266	0.8594232202	4.121518612
21	1.014032602	1.014032602	0	0	0.2666451931	0.2065553665	0.8624411821	4.121426582
22	0.9881876707	0.9881876707	0	0	0.2603371441	0.2062843889	0.8481048346	4.121068954
23	1.001065493	1.001065493	0	0	0.2580097318	0.1969330609	0.8422106504	4.12096262
24	0.9640980959	0.9640980959	0	0	0.2557688057	0.2109180242	0.8420411944	4.121020317
25	0.9498118162	0.9498118162	0	0	0.2609575987	0.2040594667	0.8506731987	4.120934963
26	0.9772111773	0.9772111773	0	0	0.2587829232	0.2242093533	0.8534838557	4.121176243
27	0.9536902905	0.9536902905	0	0	0.2650587559	0.2186009586	0.8627804518	4.121385574
28	0.9886706471	0.9886706471	0	0	0.2639160156	0.2298991829	0.8661849499	4.12151432
29	0.9874229431	0.9874229431	0	0	0.2618350089	0.2265567034	0.8604512215	4.121382713
30	0.9594067335	0.9594067335	0	0	0.2584183812	0.2255383283	0.8534365892	4.121129036
31	0.9554576874	0.9554576874	0	0	0.2541516125	0.2116736472	0.8387681246	4.121055126
32	0.972950995	0.972950995	0	0	0.2525750697	0.2322990149	0.8473322988	4.121108055
33	0.9628691673	0.9628691673	0	0	0.2537129223	0.2302441299	0.8463273048	4.121035576
34	0.9550707936	0.9550707936	0	0	0.2568772733	0.2292085141	0.8490670323	4.121179104
35	0.9239923358	0.9239923358	0	0	0.2645545006	0.2304986566	0.8612790108	4.121273041
36	0.9089537263	0.9089537263	0	0	0.2636376321	0.2348483652	0.8633223176	4.121342659
37	0.8662185669	0.8662185669	0	0	0.2599663138	0.2332889438	0.8553487659	4.121291637
38	0.7998456359	0.7998456359	0	0	0.2521962821	0.2279359996	0.8368032575	4.121053219
39	0.808267951	0.808267951	0	0	0.2543731332	0.2202557325	0.8389050364	4.121006966
40	0.8498078585	0.8498078585	0	0	0.2552313507	0.2378845513	0.8406493068	4.121047497
41	0.8193665743	0.8193665743	0	0	0.2582471073	0.2214355171	0.8448009491	4.12093401
42	0.8076853752	0.8076853752	0	0	0.2580619752	0.2206810266	0.8487471342	4.121118069
43	0.8012286425	0.8012286425	0	0	0.2656679749	0.2206220925	0.861875236	4.121358395
44	0.7980795503	0.7980795503	0	0	0.2666451335	0.216902703	0.8653763533	4.121490002
45	0.8180682659	0.8180682659	0	0	0.264200151	0.2231797874	0.8624399304	4.121458054
46	0.8121886253	0.8121886253	0	0	0.2566339672	0.2145489454	0.8430396318	4.121047974
47	0.8106592894	0.8106592894	0	0	0.2582465708	0.2019107938	0.8424819112	4.120981216
48	0.7864806056	0.7864806056	0	0	0.2540528774	0.2191470712	0.8392193317	4.121015072
49	0.7706595063	0.7706595063	0	0	0.2598199844	0.2003058195	0.8445318341	4.120891571
50	0.7630264759	0.7630264759	0	0	0.2603535056	0.2039581984	0.8503938317	4.121132374
51	0.7642720342	0.7642720342	0	0	0.2686629891	0.2079903781	0.8649673462	4.121371269
52	0.7591667175	0.7591667175	0	0	0.2674689293	0.2051865309	0.8641232848	4.121466637
53	0.7538036704	0.7538036704	0	0	0.2668302059	0.199351877	0.8603663445	4.121309757
54	0.7444565296	0.7444565296	0	0	0.2589361668	0.2016912699	0.8438777924	4.121052265
55	0.7475785017	0.7475785017	0	0	0.259260416	0.188411057	0.8408463001	4.120974064
56	0.745649457	0.745649457	0	0	0.2557156682	0.2055925578	0.8404816389	4.121003628
57	0.7527614832	0.7527614832	0	0	0.2581761479	0.2020498216	0.8458655477	4.12089777
58	0.7724053264	0.7724053264	0	0	0.2604455352	0.2008712441	0.854238987	4.121073246
59	0.7849154472	0.7849154472	0	0	0.2671175897	0.2056919783	0.8638237715	4.121179581
60	0.8013082147	0.8013082147	0	0	0.2672806382	0.2049960643	0.8651482463	4.121284008
61	0.8177089691	0.8177089691	0	0	0.2654126585	0.204316929	0.8589983582	4.12122345
62	0.8424025178	0.8424025178	0	0	0.2548954487	0.2075486928	0.8351956606	4.1210289
63	0.8634757996	0.8634757996	0	0	0.2544984221	0.2003078759	0.8301753998	4.12097168
64	0.8655712605	0.8655712605	0	0	0.2526032031	0.2185210437	0.8341791034	4.121047974
65	0.8682606816	0.8682606816	0	0	0.2571239471	0.2006901354	0.8347998857	4.120862484
66	0.8749005198	0.8749005198	0	0	0.2574160993	0.1963549405	0.8432303667	4.121069908
67	0.864560008	0.864560008	0	0	0.2623109221	0.2060442269	0.8550246954	4.121280193
68	0.8648276329	0.8648276329	0	0	0.2625027597	0.2105358392	0.8573850989	4.121414185
69	0.8750622272	0.8750622272	0	0	0.262435019	0.2067096382	0.8547238111	4.121406078
70	0.8809145689	0.8809145689	0	0	0.2558826208	0.2034028769	0.8374776244	4.121055126
71	0.8748393059	0.8748393059	0	0	0.2545569241	0.19406192	0.8319400549	4.120978832
72	0.8534525633	0.8534525633	0	0	0.2522034347	0.2078966647	0.8317294121	4.12101078
73	0.8490602374	0.8490602374	0	0	0.2538139224	0.2023595124	0.8309502602	4.120934486
74	0.8459280133	0.8459280133	0	0	0.2570325434	0.2014770508	0.8433631063	4.1211133
75	0.8387052417	0.8387052417	0	0	0.2648338079	0.2007526904	0.8567183614	4.121315479
76	0.8368920684	0.8368920684	0	0	0.2643635273	0.1947020739	0.851293385	4.121361732
77	0.8328539729	0.8328539729	0	0	0.2664313316	0.1961843222	0.8548519611	4.121243
78	0.8296007514	0.8296007514	0	0	0.2598202825	0.202927798	0.8428686857	4.121048927
79	0.8386055827	0.8386055827	0	0	0.2581453621	0.196379438	0.837460041	4.120828152
80	0.8414484859	0.8414484859	0	0	0.2525228262	0.2206860483	0.836014986	4.120771885
81	0.8491476178	0.8491476178	0	0	0.2527010143	0.2145477235	0.8329201937	4.12076807
82	0.8429066539	0.8429066539	0	0	0.259547025	0.2086404115	0.844642818	4.120962143
83	0.8415573835	0.8415573835	0	0	0.2612158358	0.2169335037	0.8492754102	4.120996952
84	0.8285005689	0.8285005689	0	0	0.2623670697	0.2160301208	0.8501490355	4.121102333
85	0.8270535469	0.8270535469	0	0	0.2589208186	0.2211615741	0.8433891535	4.121123791
86	0.8108978271	0.8108978271	0	0	0.2536643445	0.2181339711	0.8239819407	4.120944977
87	0.8243085742	0.8243085742	0	0	0.2528507411	0.2092782855	0.8173289299	4.120923519
88	0.8538868427	0.8538868427	0	0	0.2495221198	0.2308450937	0.8220282197	4.120904446
89	0.8221789598	0.8221789598	0	0	0.2531402111	0.2112391591	0.8205817938	4.120838165
90	0.8233001232	0.8233001232	0	0	0.2591280639	0.2102199793	0.8413281441	4.120954037
91	0.8136922121	0.8136922121	0	0	0.2636134028	0.2037693858	0.8491845727	4.121203423
92	0.8155308962	0.8155308962	0	0	0.2624490261	0.1998404264	0.8444533348	4.121232033
93	0.8215402961	0.8215402961	0	0	0.2638585269	0.2035479844	0.847189486	4.12126255
94	0.813972652	0.813972652	0	0	0.255861938	0.2027572244	0.8259243965	4.121001244
95	0.8286728859	0.8286728859	0	0	0.2559909225	0.2013486028	0.829200387	4.121007919
96	0.8256313801	0.8256313801	0	0	0.250344485	0.2185796052	0.8264347315	4.120918751
97	0.8021247387	0.8021247387	0	0	0.2525708675	0.2087317705	0.8274466395	4.120787621
98	0.8030996919	0.8030996919	0	0	0.2566970289	0.2140657306	0.844145298	4.121023655
99	0.8011286855	0.8011286855	0	0	0.2604059577	0.214925766	0.8511022925	4.121301174
100	0.8003044128	0.8003044128	0	0	0.2617670298	0.2097601146	0.8508493304	4.121329308
101	0.7900623083	0.7900623083	0	0	0.2610545754	0.2156440914	0.8504015803	4.121211052
102	0.7891960144	0.7891960144	0	0	0.2568824291	0.2138582617	0.8365362883	4.120993614
103	0.7838514447	0.7838514447	0	0	0.2547162175	0.2091657519	0.8309445381	4.120940685
104	0.786088407	0.786088407	0	0	0.2498453707	0.2181989551	0.8287152052	4.120883942
105	0.7739623785	0.7739623785	0	0	0.2507552207	0.2103321254	0.8293916583	4.120835304
106	0.7809355855	0.7809355855	0	0	0.2581510246	0.211056143	0.8449375629	4.121085167
107	0.8019629121	0.8019629121	0	0	0.2613072097	0.215493679	0.8508871794	4.121145248
108	0.8015832305	0.8015832305	0	0	0.2609978616	0.2110871077	0.8478884697	4.121118546
109	0.8025344014	0.8025344014	0	0	0.2597251236	0.2139582187	0.8438455462	4.121173859
110	0.7858345509	0.7858345509	0	0	0.2495240867	0.2154426128	0.8181375861	4.120944977
111	0.7861166596	0.7861166596	0	0	0.2474878877	0.212442264	0.8126015663	4.120994568
112	0.8182005286	0.8182005286	0	0	0.2496594489	0.2270709872	0.8227615356	4.12100172
113	0.7868998647	0.7868998647	0	0	0.2577714622	0.1956713945	0.8281742334	4.120830059
114	0.7817645073	0.7817645073	0	0	0.2593584955	0.2055110037	0.8425604701	4.12100029
115	0.780025363	0.780025363	0	0	0.2622388899	0.2022946179	0.8462715149	4.12115097
116	0.773417592	0.773417592	0	0	0.2642888427	0.1995999217	0.8485994935	4.121219158
117	0.7780429125	0.7780429125	0	0	0.2625919282	0.2088555545	0.8489551544	4.121283531
118	0.7716002464	0.7716002464	0	0	0.255576998	0.2046563774	0.8300439715	4.12095499
119	0.7585879564	0.7585879564	0	0	0.2530324459	0.2054774016	0.8283173442	4.120921612
120	0.7588809133	0.7588809133	0	0	0.2528393269	0.2185801119	0.8327973485	4.120922089
121	0.7503021955	0.7503021955	0	0	0.2544647157	0.2106409371	0.8322146535	4.120783329
122	0.7452757955	0.7452757955	0	0	0.2577039897	0.2160656154	0.8470261693	4.121060371
123	0.7401195765	0.7401195765	0	0	0.2614560723	0.2118265331	0.8530776501	4.12125206
124	0.7388470769	0.7388470769	0	0	0.260610491	0.2171218544	0.8509660363	4.121313095
125	0.7387405634	0.7387405634	0	0	0.2601824701	0.2291230708	0.8550220728	4.121256351
126	0.726721108	0.726721108	0	0	0.2576643825	0.2181770504	0.842961967	4.121017933
127	0.7193020582	0.7193020582	0	0	0.2580269277	0.1960080862	0.8372729421	4.121034145
128	0.7236331701	0.7236331701	0	0	0.2510106564	0.2284898311	0.8373454809	4.120882511
129	0.7121134996	0.7121134996	0	0	0.2536266446	0.2159233391	0.8411011696	4.120736122
130	0.7376240492	0.7376240492	0	0	0.2559632659	0.2165892869	0.8473146558	4.121071339
131	0.7706714869	0.7706714869	0	0	0.2602759898	0.2155946344	0.8558099866	4.121140957
132	0.8159050941	0.8159050941	0	0	0.2606397867	0.2135959417	0.8558092713	4.121129036
133	0.8777146339	0.8777146339	0	0	0.2619257867	0.2159687728	0.8578475714	4.121294975
134	0.8802809715	0.8802809715	0	0	0.2586909831	0.2226652205	0.849162519	4.121078491
135	0.8910147548	0.8910147548	0	0	0.2568793893	0.209562704	0.8419353962	4.121060848
136	0.8877627254	0.8877627254	0	0	0.2578075826	0.2150800824	0.84555161	4.121003151
137	0.8997927904	0.8997927904	0	0	0.2596953809	0.2020547539	0.8428219557	4.12085247
138	0.915838778	0.915838778	0	0	0.261403501	0.2045457065	0.8543231487	4.120999336
139	0.9090054631	0.9090054631	0	0	0.2614347935	0.2035362422	0.8561087847	4.120986938
140	0.9013246894	0.9013246894	0	0	0.2647053301	0.1983129829	0.8591149449	4.121259212
141	0.9199045897	0.9199045897	0	0	0.2646433115	0.2075535208	0.8604758382	4.121435642
142	0.9163714647	0.9163714647	0	0	0.2640906572	0.2054662406	0.855044961	4.121096611
143	0.9132965803	0.9132965803	0	0	0.2618554533	0.192274496	0.8471966982	4.120949745
144	0.9043397307	0.9043397307	0	0	0.2607060075	0.2060616612	0.8508723974	4.120966434
145	0.9207257032	0.9207257032	0	0	0.262542516	0.1983391643	0.8509784937	4.120844364
146	0.9350985289	0.9350985289	0	0	0.2603396177	0.2102226317	0.8553048372	4.121085167
147	0.9118336439	0.9118336439	0	0	0.2640297413	0.2079769075	0.8624438047	4.121221066
148	0.913085103	0.913085103	0	0	0.2677015662	0.201442942	0.8637343049	4.12134552
149	0.9270851612	0.9270851612	0	0	0.2625213265	0.2205407917	0.8580698371	4.121401787
150	0.9082175493	0.9082175493	0	0	0.265468955	0.2162787169	0.8594895601	4.121091366
151	0.9136753082	0.9136753082	0	0	0.2597058713	0.1945931166	0.8406089544	4.121030331
152	0.9125323296	0.9125323296	0	0	0.2555567622	0.2120096833	0.8397265673	4.12097168
153	0.9186037183	0.9186037183	0	0	0.2588787675	0.204505235	0.8470590711	4.120886326
154	0.9135389924	0.9135389924	0	0	0.2606301606	0.2097417712	0.8517721295	4.121032238
155	0.8885452747	0.8885452747	0	0	0.2642118335	0.2072341293	0.8563444018	4.121009827
156	0.8870980144	0.8870980144	0	0	0.2659831345	0.2067300528	0.8585133553	4.121021271
157	0.8923398256	0.8923398256	0	0	0.2638557851	0.2177308202	0.856949389	4.121236324
158	0.8459893465	0.8459893465	0	0	0.2580026686	0.216356799	0.8411067128	4.121082783
159	0.8199034333	0.8199034333	0	0	0.2546366751	0.2098297328	0.8322072625	4.12101078
160	0.8222060204	0.8222060204	0	0	0.2575128973	0.2155185044	0.8390723467	4.121053219
161	0.8127949834	0.8127949834	0	0	0.2629220784	0.1924156845	0.8434909582	4.120878696
162	0.8293687701	0.8293687701	0	0	0.2619870603	0.204766199	0.8509564996	4.121035576
163	0.8093256354	0.8093256354	0	0	0.2663784921	0.1967925727	0.8585704565	4.121082306
164	0.8123595715	0.8123595715	0	0	0.2687824965	0.1975965798	0.8615446687	4.121173382
165	0.8191018105	0.8191018105	0	0	0.2655974627	0.2095020413	0.8572189808	4.121390343
166	0.8259308338	0.8259308338	0	0	0.2607902884	0.209234193	0.8456190825	4.121064186
167	0.8223856091	0.8223856091	0	0	0.2555577457	0.2078730464	0.8365532756	4.120984554
168	0.8021712303	0.8021712303	0	0	0.2579779029	0.2056786418	0.8422557116	4.121037006
169	0.7988005877	0.7988005877	0	0	0.2610218525	0.1944232285	0.8434054255	4.120955944
170	0.7986349463	0.7986349463	0	0	0.259345293	0.210839361	0.8507839441	4.121130466
171	0.7948257923	0.7948257923	0	0	0.2640294135	0.2111450136	0.8598749042	4.121191978
172	0.7900221944	0.7900221944	0	0	0.2681728899	0.2093881667	0.864875257	4.121312618
173	0.7908810973	0.7908810973	0	0	0.2636785805	0.2237602174	0.8588830829	4.121377468
174	0.7912165523	0.7912165523	0	0	0.2612091005	0.2152323425	0.8487684131	4.121159077
175	0.7753428221	0.7753428221	0	0	0.2613951266	0.1952171326	0.8432431221	4.121220112
176	0.7769907117	0.7769907117	0	0	0.2544706762	0.1926815808	0.8253016472	4.121682167
177	0.7777631879	0.7777631879	0	0	0.2588269413	0.1791805178	0.8349663019	4.121630192
178	0.7794530988	0.7794530988	0	0	0.2567771375	0.1919608861	0.83931458	4.121892452
179	0.8037031293	0.8037031293	0	0	0.2635519803	0.1924720556	0.8525753021	4.122199059
180	0.831525147	0.831525147	0	0	0.2677782774	0.1925544292	0.8581951857	4.122578621
181	0.878451407	0.878451407	0	0	0.2637461126	0.2024576962	0.8502240777	4.122829437
182	0.9116473198	0.9116473198	0	0	0.2617045641	0.1983327419	0.8420194983	4.1226511
183	0.9276086688	0.9276086688	0	0	0.2578800917	0.1854975969	0.830704093	4.123100281
184	0.934715271	0.934715271	0	0	0.2459336072	0.1842788011	0.7922238111	4.123809814
185	0.9467815161	0.9467815161	0	0	0.2487728745	0.1766281724	0.8020268679	4.12362957
186	0.9649869204	0.9649869204	0	0	0.2468172908	0.1900745183	0.8030883074	4.124084949
187	0.9750313759	0.9750313759	0	0	0.2505882084	0.1911832541	0.8124811053	4.124294281
188	0.9655262232	0.9655262232	0	0	0.2533021271	0.1856333762	0.8147612214	4.12436533
189	0.9769301414	0.9769301414	0	0	0.2498553991	0.1954560727	0.8039741516	4.124414444
190	0.957438767	0.957438767	0	0	0.2492472976	0.1886278838	0.7953389287	4.12441349
191	0.9443802834	0.9443802834	0	0	0.242501393	0.17824395	0.7711187005	4.124336243
192	0.9352567792	0.9352567792	0	0	0.2304563522	0.1718051434	0.7191315889	4.124607563
193	0.9393095374	0.9393095374	0	0	0.2473696023	0.21268031	0.8242034912	4.122475624
194	0.9627990723	0.9627990723	0	0	0.2457738221	0.2222998291	0.8272740245	4.122898102
195	0.9882155061	0.9882155061	0	0	0.2494093627	0.2265364528	0.8347560167	4.123575211
196	0.9616999626	0.9616999626	0	0	0.2552791834	0.2158441544	0.8386076093	4.123581886
197	0.978774488	0.978774488	0	0	0.2530474663	0.2210054398	0.8306658864	4.123644829
198	0.9724555016	0.9724555016	0	0	0.2516103387	0.2199874818	0.8239331245	4.123708248
199	0.9365702271	0.9365702271	0	0	0.246743083	0.2043478787	0.8028188348	4.123579979
200	0.9563648701	0.9563648701	0	0	0.2355029881	0.1974894404	0.7661488652	4.124262333
201	0.9236172438	0.9236172438	0	0	0.2461527437	0.2164427638	0.8211753368	4.1227808
202	0.8831063509	0.8831063509	0	0	0.2512339652	0.2128117234	0.8244290352	4.122719288
203	0.9064409137	0.9064409137	0	0	0.2546876371	0.2227834761	0.8358585835	4.122635365
204	0.9151216149	0.9151216149	0	0	0.2583464086	0.2171668261	0.8406431079	4.122809887
205	0.9475853443	0.9475853443	0	0	0.2553058267	0.2203940451	0.8274791241	4.123246193
206	0.9599918127	0.9599918127	0	0	0.2496673763	0.2122480273	0.8021040559	4.123391628
207	0.9572381377	0.9572381377	0	0	0.2460492402	0.2059580684	0.7853884101	4.123502254
208	0.9516031146	0.9516031146	0	0	0.2437882423	0.1885404885	0.7624444366	4.123940945
209	0.9620882869	0.9620882869	0	0	0.2514479756	0.1941528767	0.804708004	4.122492313
210	0.9695264697	0.9695264697	0	0	0.2565376759	0.1822456568	0.818991065	4.122693539
211	0.9786409736	0.9786409736	0	0	0.2584908903	0.1959119588	0.8303860426	4.122872829
212	0.986176908	0.986176908	0	0	0.2608985305	0.1946050972	0.8358726501	4.123109818
213	1.007466674	1.007466674	0	0	0.2550619543	0.2050314844	0.8173188567	4.123438358
214	0.9917778969	0.9917778969	0	0	0.2541688383	0.1927411407	0.8087155223	4.123384953
215	0.9774364233	0.9774364233	0	0	0.2501765788	0.1887704879	0.7978016734	4.123531342
216	0.9958453178	0.9958453178	0	0	0.2459694147	0.1698348522	0.7705274224	4.124042511
217	0.9650830626	0.9650830626	0	0	0.2570539117	0.1819667667	0.8176833391	4.122635841
218	0.966937542	0.966937542	0	0	0.2578570843	0.1819370091	0.8240379095	4.123012066
219	0.9769748449	0.9769748449	0	0	0.2558719516	0.1896352172	0.8238024712	4.122710228
220	0.9911204576	0.9911204576	0	0	0.2573232055	0.1906054765	0.8234806061	4.123254299
221	1.010483146	1.010483146	0	0	0.2551119328	0.2028387785	0.8163181543	4.123317242
222	1.002869606	1.002869606	0	0	0.2577363253	0.1770965755	0.8113721013	4.123398781
223	0.9998483062	0.9998483062	0	0	0.2522513568	0.1718131006	0.7947045565	4.123606682
224	1.015693069	1.015693069	0	0	0.2454582006	0.1685652435	0.7708426714	4.124149323
225	0.9856894612	0.9856894612	0	0	0.2554561794	0.1769493371	0.8110462427	4.122734547
226	0.9802542329	0.9802542329	0	0	0.2606235743	0.1760184467	0.8214898109	4.122841358
227	0.9556621313	0.9556621313	0	0	0.2564449906	0.2010665387	0.8215895891	4.122574806
228	0.9523373842	0.9523373842	0	0	0.2578327656	0.1980080307	0.8218243718	4.122534275
229	0.9801980853	0.9801980853	0	0	0.2550004721	0.2062686086	0.8115938902	4.122740269
230	0.9614630342	0.9614630342	0	0	0.2567123771	0.1889725477	0.8061980009	4.122677803
231	0.9705563784	0.9705563784	0	0	0.2516295016	0.1957816184	0.7920409441	4.123167992
232	0.9881619215	0.9881619215	0	0	0.2480676472	0.1731492281	0.7622407079	4.123785496
233	0.9767664075	0.9767664075	0	0	0.2573652864	0.1754494011	0.8039647937	4.122166157
234	0.9744982123	0.9744982123	0	0	0.2625275254	0.171617046	0.821878612	4.122669697
235	0.9590989947	0.9590989947	0	0	0.2600974441	0.1858347058	0.8224303722	4.122652531
236	0.9724931121	0.9724931121	0	0	0.2612154782	0.1843599677	0.8226370811	4.122857571
237	0.9794462919	0.9794462919	0	0	0.2579821348	0.1967231035	0.8141163588	4.123055458
238	0.9929581881	0.9929581881	0	0	0.2604824603	0.1759278923	0.8126717806	4.122768402
239	0.9700809717	0.9700809717	0	0	0.2566821575	0.1800772399	0.8093514442	4.12318325
240	0.9869599342	0.9869599342	0	0	0.2479725331	0.1680174172	0.7761681676	4.123893738
241	1.003881216	1.003881216	0	0	0.260825783	0.1695188731	0.8199909925	4.122481823
242	0.9681471586	0.9681471586	0	0	0.2570430338	0.1910317689	0.823818922	4.122859478
243	0.9563918114	0.9563918114	0	0	0.2548040748	0.2083445489	0.827904284	4.12290287
244	0.9637685418	0.9637685418	0	0	0.2553213537	0.2067222148	0.8237608075	4.122837543
245	0.9645899534	0.9645899534	0	0	0.2549596429	0.2077739835	0.8200759888	4.123310089
246	0.9551910162	0.9551910162	0	0	0.2561439574	0.1904844046	0.8147990704	4.123494625
247	0.9501880407	0.9501880407	0	0	0.2527564168	0.1866388023	0.8056123853	4.123403072
248	0.9730059505	0.9730059505	0	0	0.2421644777	0.1791618019	0.7728310823	4.124183655
249	0.9605515599	0.9605515599	0	0	0.2504495978	0.1930537671	0.8130514026	4.12291193
250	0.9543184638	0.9543184638	0	0	0.254170239	0.188061893	0.8161655664	4.123160362
251	0.9489645958	0.9489645958	0	0	0.2535277009	0.2053884715	0.819232285	4.123018742
252	0.9416009784	0.9416009784	0	0	0.2559126318	0.2008765936	0.8209177852	4.122975349
253	0.9571048021	0.9571048021	0	0	0.2539612353	0.2057448626	0.8146396875	4.123175621
254	0.9381810427	0.9381810427	0	0	0.2493564785	0.1973217279	0.7947579622	4.123138428
255	0.930049777	0.930049777	0	0	0.2466008961	0.1895871907	0.7865898609	4.123468399
256	0.9541168213	0.9541168213	0	0	0.2391774803	0.1709894836	0.7500735521	4.124305248
257	0.9391800761	0.9391800761	0	0	0.2492488027	0.1821775883	0.801381588	4.122866154
258	0.936896801	0.936896801	0	0	0.250154525	0.1908167899	0.8093004823	4.123568058
259	0.9428607225	0.9428607225	0	0	0.2513111532	0.1968544573	0.8143317699	4.123375893
260	0.9469063282	0.9469063282	0	0	0.2539566457	0.198701337	0.8204344511	4.123459339
261	0.9548245668	0.9548245668	0	0	0.2511692643	0.2036147416	0.809818387	4.123639107
262	0.9393768311	0.9393768311	0	0	0.2489224225	0.1935484707	0.7951308489	4.123250484
263	0.9387302399	0.9387302399	0	0	0.2478400171	0.18909657	0.7916410565	4.123676777
264	0.9513472319	0.9513472319	0	0	0.2462215126	0.1696400344	0.7780279517	4.124317169
265	0.9380614758	0.9380614758	0	0	0.2581124902	0.1771198958	0.8266791105	4.122919559
266	0.9438729286	0.9438729286	0	0	0.2604895234	0.1778274328	0.8359843493	4.123263836
267	0.9469224811	0.9469224811	0	0	0.2624664903	0.1946738511	0.8452666998	4.123528957
268	0.955162704	0.955162704	0	0	0.2635314167	0.199661985	0.8462243676	4.123370171
269	0.9664067626	0.9664067626	0	0	0.2622978687	0.2027595788	0.8396751881	4.123456001
270	0.9572169185	0.9572169185	0	0	0.2608351111	0.1945921779	0.829832375	4.123138428
271	0.9561285377	0.9561285377	0	0	0.2591257095	0.1860975027	0.8223779798	4.122950077
272	0.9427124262	0.9427124262	0	0	0.2567452192	0.1940389425	0.8306537867	4.122621536
273	0.9393579364	0.9393579364	0	0	0.2614275813	0.210230276	0.8533741236	4.121622562
274	0.9428139925	0.9428139925	0	0	0.2683670223	0.1889992356	0.857722342	4.121911049
275	0.9359576106	0.9359576106	0	0	0.2681376636	0.2118223757	0.8596193194	4.121688366
276	0.9213460088	0.9213460088	0	0	0.2692644298	0.2180172205	0.8606390953	4.121562958
277	0.933678925	0.933678925	0	0	0.2667341828	0.218221575	0.8535241485	4.121417999
278	0.9200832844	0.9200832844	0	0	0.2646657228	0.2100974023	0.8442019224	4.121267319
279	0.9136881232	0.9136881232	0	0	0.2592357993	0.2110238969	0.8306050301	4.121162891
280	0.9187552929	0.9187552929	0	0	0.2612325549	0.2029629946	0.8365962505	4.121113777
281	0.8843601942	0.8843601942	0	0	0.259331286	0.1949314177	0.835311532	4.121085167
282	0.8657811284	0.8657811284	0	0	0.2635551095	0.1964666247	0.8517626524	4.121309757
283	0.8745595217	0.8745595217	0	0	0.268299371	0.2000842988	0.8602449298	4.121305943
284	0.8720906377	0.8720906377	0	0	0.2712731659	0.1933380067	0.8602058887	4.121394157
285	0.8775191307	0.8775191307	0	0	0.2683722377	0.2019678503	0.8568180799	4.121375084
286	0.8597399592	0.8597399592	0	0	0.2633638382	0.2005105466	0.8435887694	4.121088505
287	0.8544042706	0.8544042706	0	0	0.2606915236	0.1979373544	0.8372815251	4.121091843
288	0.8725173473	0.8725173473	0	0	0.2603124678	0.1953871399	0.8402548432	4.121133804
289	0.8572694063	0.8572694063	0	0	0.2593629062	0.1929817945	0.8375043273	4.121070862
290	0.8575034142	0.8575034142	0	0	0.2654315829	0.1881004125	0.8546255231	4.121335506
291	0.8654929399	0.8654929399	0	0	0.2713416517	0.1923145056	0.863589406	4.121351242
292	0.8776671886	0.8776671886	0	0	0.2730476558	0.2042730451	0.8650941253	4.12142086
293	0.8612824678	0.8612824678	0	0	0.2691805959	0.2111481726	0.8600915074	4.121376991
294	0.8533790112	0.8533790112	0	0	0.2632817924	0.204246968	0.8419198394	4.121137142
295	0.8435109258	0.8435109258	0	0	0.2606183589	0.1996235549	0.8364528418	4.121106148
296	0.8480323553	0.8480323553	0	0	0.2554805875	0.2057429254	0.8337361217	4.121080399
297	0.8461894989	0.8461894989	0	0	0.2557401359	0.1993089914	0.8350197077	4.121059418
298	0.852327168	0.852327168	0	0	0.260854423	0.1887241006	0.8431637287	4.121326447
299	0.8676534295	0.8676534295	0	0	0.2643590868	0.1997817308	0.8489931822	4.121267796
300	0.8533212543	0.8533212543	0	0	0.2602486014	0.2090735883	0.8401414156	4.121199608
301	0.829328835	0.829328835	0	0	0.2593570948	0.2019947767	0.8334031701	4.1212883
302	0.8232805133	0.8232805133	0	0	0.2495575696	0.2073964626	0.8007121086	4.121090889
303	0.8294894099	0.8294894099	0	0	0.2462729961	0.2157218158	0.7999873161	4.12109375
304	0.879986167	0.879986167	0	0	0.2512618601	0.2211589813	0.8215536475	4.121170044
305	0.8175079823	0.8175079823	0	0	0.2561106384	0.19481273	0.827730298	4.121064186
306	0.8077979088	0.8077979088	0	0	0.2606475651	0.1877845526	0.8417310119	4.121277809
307	0.8209715486	0.8209715486	0	0	0.2666854262	0.201771006	0.8565319777	4.121268272
308	0.8372471929	0.8372471929	0	0	0.267655462	0.2153807133	0.8586863279	4.121321678
309	0.8389542103	0.8389542103	0	0	0.2641923428	0.216647625	0.8510322571	4.121391296
310	0.8339713216	0.8339713216	0	0	0.2592647076	0.2182918787	0.8377269506	4.12113905
311	0.8174912333	0.8174912333	0	0	0.258631289	0.212745145	0.8363206983	4.121071339
312	0.8686819673	0.8686819673	0	0	0.2528558969	0.2302878052	0.8337584138	4.121063232
313	0.8286755681	0.8286755681	0	0	0.255528301	0.2110042572	0.8344646692	4.121050358
314	0.8033730388	0.8033730388	0	0	0.2588827312	0.2046493292	0.8460744023	4.121243954
315	0.806089282	0.806089282	0	0	0.2644121647	0.2090700865	0.8553364277	4.121249199
316	0.8163887262	0.8163887262	0	0	0.2660740316	0.2199999094	0.857821703	4.121355534
317	0.8242732286	0.8242732286	0	0	0.2621972561	0.2318322957	0.8539664745	4.121302605
318	0.8024432063	0.8024432063	0	0	0.2556942105	0.2233597636	0.8342817426	4.121125221
319	0.7741338015	0.7741338015	0	0	0.2510367334	0.2105096579	0.8208882213	4.121097565
320	0.7821996808	0.7821996808	0	0	0.248033911	0.2158887982	0.8212311268	4.121068954
321	0.7746271491	0.7746271491	0	0	0.2508915663	0.2139598727	0.8294972181	4.121044159
322	0.7623465657	0.7623465657	0	0	0.2578810155	0.205044955	0.843529582	4.121231079
323	0.7769265175	0.7769265175	0	0	0.2609528601	0.2179441452	0.8509004712	4.121164322
324	0.787475884	0.787475884	0	0	0.2569043636	0.2365393639	0.8455491066	4.121164799
325	0.7566979527	0.7566979527	0	0	0.2554524243	0.2283636034	0.8384183049	4.12127161
326	0.7395032048	0.7395032048	0	0	0.247767061	0.2282571048	0.8144690394	4.121083736
327	0.7120933533	0.7120933533	0	0	0.2460867316	0.2212997377	0.8050776124	4.121076584
328	0.7291253209	0.7291253209	0	0	0.247953862	0.2271389514	0.8195161223	4.121105194
329	0.6919130683	0.6919130683	0	0	0.254789114	0.2061523944	0.8241158724	4.121045113
330	0.6699417233	0.6699417233	0	0	0.2599861324	0.1965895593	0.8409888744	4.121243954
331	0.6926422715	0.6926422715	0	0	0.2626856267	0.2128349096	0.8504011035	4.12124157
332	0.737380445	0.737380445	0	0	0.2606343627	0.2349675745	0.8510602117	4.121364594
333	0.7323615551	0.7323615551	0	0	0.2576321065	0.2338136435	0.843124032	4.121349335
334	0.6837695837	0.6837695837	0	0	0.2542459667	0.2182589769	0.8289619684	4.121108055
335	0.679086566	0.679086566	0	0	0.2526165545	0.2157763243	0.8242097497	4.12103796
336	0.7144566774	0.7144566774	0	0	0.2501204908	0.2218496203	0.8229685426	4.121031761
337	0.6729389429	0.6729389429	0	0	0.253202498	0.2065998763	0.8210753202	4.120976448
338	0.6516131163	0.6516131163	0	0	0.2588600814	0.2009096444	0.8419459462	4.121253014
339	0.6695871353	0.6695871353	0	0	0.2622738183	0.210326314	0.8496705294	4.12134552
340	0.6912343502	0.6912343502	0	0	0.2615953386	0.2256780863	0.8490992785	4.121396065
341	0.6827252507	0.6827252507	0	0	0.2600591481	0.2262377441	0.8451091051	4.121324539
342	0.6700722575	0.6700722575	0	0	0.2542952895	0.2174160331	0.8268557191	4.121069431
343	0.663921833	0.663921833	0	0	0.2532173693	0.2106335908	0.8226346374	4.121033192
344	0.70038414	0.70038414	0	0	0.2487335652	0.2243940532	0.8211492896	4.121030331
345	0.673995018	0.673995018	0	0	0.249209106	0.2158234864	0.8173155189	4.120880127
346	0.6526032686	0.6526032686	0	0	0.2528749704	0.2085358351	0.8309990764	4.121097565
347	0.6652703285	0.6652703285	0	0	0.2563452125	0.2092220038	0.8346645832	4.121103287
348	0.7211506367	0.7211506367	0	0	0.2592955828	0.229842186	0.8458238244	4.121164799
349	0.7214352489	0.7214352489	0	0	0.2614691556	0.2235586941	0.8473114967	4.121326447
350	0.7206994295	0.7206994295	0	0	0.2570769787	0.2154165655	0.8326250911	4.121056557
351	0.7246024013	0.7246024013	0	0	0.2530630827	0.2176492065	0.8251523376	4.120998383
352	0.7540569901	0.7540569901	0	0	0.2515550852	0.2226586044	0.8222367167	4.12098074
353	0.7199485302	0.7199485302	0	0	0.2505330443	0.204980582	0.8072222471	4.120895863
354	0.7069112062	0.7069112062	0	0	0.2557228506	0.1968128085	0.8260238171	4.121076584
355	0.6962595582	0.6962595582	0	0	0.2589714229	0.2007440776	0.8337837458	4.121137142
356	0.7242076993	0.7242076993	0	0	0.2605966926	0.2184840143	0.8407979012	4.121226311
357	0.7331867218	0.7331867218	0	0	0.258581996	0.2191720009	0.8358098865	4.121356964
358	0.7217050791	0.7217050791	0	0	0.2535097599	0.2154346257	0.821524322	4.121052265
359	0.7299618721	0.7299618721	0	0	0.2529656887	0.2157145888	0.8251592517	4.120985508
360	0.7532036901	0.7532036901	0	0	0.2483786196	0.2292605191	0.8179354072	4.120974064
361	0.7125746608	0.7125746608	0	0	0.250941515	0.2109840661	0.817391634	4.120933533
362	0.681376338	0.681376338	0	0	0.2565248609	0.1908779442	0.8276152015	4.121109486
363	0.6738730073	0.6738730073	0	0	0.2628165185	0.1885293722	0.841057837	4.121270657
364	0.704551816	0.704551816	0	0	0.2593725622	0.2180808634	0.8394786119	4.121347427
365	0.6887993813	0.6887993813	0	0	0.2610563636	0.2112967372	0.8401747942	4.121253014
366	0.6852246523	0.6852246523	0	0	0.2591329217	0.2048492432	0.835725069	4.121152401
367	0.6789642572	0.6789642572	0	0	0.2581808567	0.1961226761	0.8327857256	4.121129036
368	0.6909278035	0.6909278035	0	0	0.2518610656	0.2073350251	0.8221586943	4.120978355
369	0.6954223514	0.6954223514	0	0	0.2534388602	0.2034217715	0.8248856068	4.12094593
370	0.6634448171	0.6634448171	0	0	0.262185514	0.181106925	0.8396798968	4.121180058
371	0.6528197527	0.6528197527	0	0	0.266993165	0.185334608	0.8489540815	4.12117672
372	0.6496070027	0.6496070027	0	0	0.2687083781	0.1947652996	0.8512938619	4.121174335
373	0.6350595951	0.6350595951	0	0	0.2662245035	0.1941138208	0.8456762433	4.121232986
374	0.619173944	0.619173944	0	0	0.2618411481	0.1938633919	0.836256206	4.121039391
375	0.6073039174	0.6073039174	0	0	0.2616100311	0.1845691949	0.8344916105	4.121030807
376	0.6117455959	0.6117455959	0	0	0.2574730814	0.1973628104	0.8307207227	4.121031761
377	0.6059169769	0.6059169769	0	0	0.2585197091	0.1822703928	0.8264855742	4.120989323
378	0.6018002033	0.6018002033	0	0	0.261698842	0.1798752546	0.8382756114	4.121154785
379	0.5884078741	0.5884078741	0	0	0.2656906247	0.187144205	0.8499920368	4.121140957
380	0.5888549089	0.5888549089	0	0	0.2677386999	0.1955476552	0.8538404107	4.12129879
381	0.5798109174	0.5798109174	0	0	0.2675082982	0.1892727762	0.8495728374	4.121442318
382	0.5864727497	0.5864727497	0	0	0.2602202892	0.1882553697	0.8340531588	4.121080875
383	0.582844317	0.582844317	0	0	0.2590794265	0.1876374781	0.8354346752	4.120930672
384	0.5894522071	0.5894522071	0	0	0.2547912002	0.2048358172	0.8339018226	4.121007919
385	0.5806286335	0.5806286335	0	0	0.2568231523	0.1906399429	0.8341895342	4.120949745
386	0.5804584026	0.5804584026	0	0	0.2601518333	0.195272848	0.8482291698	4.121108055
387	0.5734112859	0.5734112859	0	0	0.2630875111	0.1961342096	0.8548826575	4.121327877
388	0.5795230865	0.5795230865	0	0	0.2677375078	0.2016997784	0.8605096936	4.121515751
389	0.5650984645	0.5650984645	0	0	0.2677584291	0.2030327618	0.8584628105	4.121531963
390	0.5655034781	0.5655034781	0	0	0.2633549273	0.2031732053	0.8501918316	4.121105194
391	0.5590968132	0.5590968132	0	0	0.2617514133	0.1911666095	0.844535172	4.121088505
392	0.564835608	0.564835608	0	0	0.2549590468	0.2029322684	0.8367276788	4.121034145
393	0.5587944984	0.5587944984	0	0	0.2613468766	0.1906569302	0.8453780413	4.121067047
394	0.5619610548	0.5619610548	0	0	0.2671652138	0.1787700355	0.8522436023	4.121111393
395	0.5530655384	0.5530655384	0	0	0.2723065615	0.1795815229	0.8590979576	4.121170998
396	0.5174984932	0.5174984932	0	0	0.2722834349	0.1918391287	0.8602759838	4.121216297
397	0.4613618255	0.4613618255	0	0	0.270950675	0.1836281419	0.8556227088	4.121291161
398	0.4329442382	0.4329442382	0	0	0.2639365196	0.1866337508	0.843272984	4.121049881
399	0.4207155108	0.4207155108	0	0	0.2639809251	0.1759438515	0.8403027058	4.121079922
400	0.4573121667	0.4573121667	0	0	0.2656437159	0.1787301302	0.8451401591	4.121092796
401	0.4064055979	0.4064055979	0	0	0.2612943649	0.1751631498	0.8390237689	4.120987892
402	0.4184091687	0.4184091687	0	0	0.2639994621	0.1753397584	0.8473736644	4.121108055
403	0.4042407572	0.4042407572	0	0	0.269623518	0.1740869284	0.8585555553	4.12118721
404	0.3936117291	0.3936117291	0	0	0.2717256248	0.1832200885	0.8625301123	4.121353626
405	0.377625525	0.377625525	0	0	0.2712931037	0.1820629239	0.8600332141	4.12140131
406	0.3705441356	0.3705441356	0	0	0.2644841373	0.1794558764	0.8468903899	4.120956898
407	0.380885452	0.380885452	0	0	0.2646657526	0.1758195162	0.8478551507	4.120997429
408	0.3875068426	0.3875068426	0	0	0.2628273368	0.1884184331	0.8508971334	4.121076584
409	0.3937192261	0.3937192261	0	0	0.2608081996	0.1850905269	0.8475492597	4.120949745
410	0.4135099053	0.4135099053	0	0	0.2628518343	0.1903518289	0.8569020629	4.121133804
411	0.4138494134	0.4138494134	0	0	0.2690896392	0.1841488928	0.8655686378	4.121359825
412	0.4116383195	0.4116383195	0	0	0.2705385685	0.1930039972	0.8648838997	4.121536255
413	0.3872151971	0.3872151971	0	0	0.2716496587	0.1873895973	0.8645508885	4.121587753
414	0.3898196518	0.3898196518	0	0	0.2657207847	0.1898102164	0.8535069823	4.121053696
415	0.4009929299	0.4009929299	0	0	0.2637755871	0.1755751371	0.845425725	4.121114254
416	0.3984134197	0.3984134197	0	0	0.2590231299	0.1877018213	0.8427826762	4.121003628
417	0.3957769275	0.3957769275	0	0	0.2606619895	0.180566743	0.8487677574	4.121039391
418	0.4164039493	0.4164039493	0	0	0.2666790187	0.1765867472	0.8614696264	4.121181488
419	0.4191619456	0.4191619456	0	0	0.2713994384	0.1793887913	0.8685711622	4.121219635
420	0.4175910056	0.4175910056	0	0	0.2738682926	0.1810550988	0.8674437404	4.121285439
421	0.4017542005	0.4017542005	0	0	0.2738002837	0.174182117	0.8609979749	4.121413231
422	0.3655279577	0.3655279577	0	0	0.2642002702	0.1794777215	0.8454356194	4.121136189
423	0.3685539067	0.3685539067	0	0	0.2605672479	0.1793818772	0.8421488404	4.121161461
424	0.376686424	0.376686424	0	0	0.259051621	0.1816907227	0.8438460231	4.121150017
425	0.3920482397	0.3920482397	0	0	0.2563503385	0.168200016	0.8333774805	4.121021748
426	0.3916981518	0.3916981518	0	0	0.2606141269	0.1729638875	0.8516386747	4.121201515
427	0.3842819631	0.3842819631	0	0	0.2688082159	0.1712106764	0.8660495281	4.121226788
428	0.3820019662	0.3820019662	0	0	0.2723253071	0.179863736	0.8672030568	4.121591568
429	0.37277174	0.37277174	0	0	0.2717642188	0.1803658307	0.8625549078	4.121743679
430	0.3739521801	0.3739521801	0	0	0.2642750144	0.17717053	0.8462148309	4.12116766
431	0.3647612035	0.3647612035	0	0	0.2584586442	0.181292057	0.8386261463	4.121142387
432	0.3732075095	0.3732075095	0	0	0.2589206398	0.1857312024	0.8461560607	4.121249676
433	0.3802924752	0.3802924752	0	0	0.2558013797	0.1733989865	0.8387429118	4.121125698
434	0.3891614676	0.3891614676	0	0	0.2618780136	0.1726967692	0.8558975458	4.121353626
435	0.3628002107	0.3628002107	0	0	0.2654792964	0.1813097745	0.8644526601	4.121560097
436	0.3632291555	0.3632291555	0	0	0.2690151334	0.1921358556	0.8643989563	4.121744633
437	0.3735723495	0.3735723495	0	0	0.2703576982	0.1824422181	0.8573258519	4.121528625
438	0.3622461855	0.3622461855	0	0	0.2635753751	0.182880342	0.8456323743	4.120998383
439	0.3658911884	0.3658911884	0	0	0.25865376	0.1798992157	0.8351769447	4.12121439
440	0.353661865	0.353661865	0	0	0.2528855801	0.1880713552	0.8322548866	4.12115097
441	0.3677768111	0.3677768111	0	0	0.253131032	0.1801528186	0.8345603943	4.121077061
442	0.3796099722	0.3796099722	0	0	0.2597275078	0.1780320406	0.8496216536	4.121294498
443	0.4012831151	0.4012831151	0	0	0.2670323551	0.1790353656	0.8584851623	4.121258259
444	0.3930901885	0.3930901885	0	0	0.2678966224	0.1818031669	0.8538438082	4.121295452
445	0.3872304559	0.3872304559	0	0	0.2668444514	0.1799165756	0.8464682698	4.12131834
446	0.3861669302	0.3861669302	0	0	0.2613509297	0.1755124182	0.8338773847	4.121039867
447	0.3900713325	0.3900713325	0	0	0.2520907521	0.1796433926	0.8154326081	4.121129036
448	0.3902711272	0.3902711272	0	0	0.2517472804	0.1747523546	0.8261045814	4.121206284
449	0.4044655263	0.4044655263	0	0	0.250484556	0.1664748043	0.8204575777	4.121154308
450	0.4094855487	0.4094855487	0	0	0.256185472	0.1715509892	0.8402915001	4.121297359
451	0.3821185529	0.3821185529	0	0	0.2629657388	0.1829482764	0.8581477404	4.121385574
452	0.3897322714	0.3897322714	0	0	0.2667528689	0.1847057045	0.8581210375	4.121586323
453	0.3930222094	0.3930222094	0	0	0.2656650543	0.1837656647	0.8459519148	4.121601105
454	0.3934266269	0.3934266269	0	0	0.2559844553	0.1800712645	0.8218800426	4.120949745
455	0.3960956335	0.3960956335	0	0	0.2483340204	0.1828592271	0.8087505102	4.121015072
456	0.3804543614	0.3804543614	0	0	0.246873498	0.1844652295	0.8195837736	4.121238232
457	0.3869876266	0.3869876266	0	0	0.2490754426	0.1769549996	0.824716568	4.121139526
458	0.3955365121	0.3955365121	0	0	0.2512645125	0.1875211746	0.8359926343	4.121331215
459	0.3927366138	0.3927366138	0	0	0.2608282566	0.1859399825	0.8550121784	4.121474266
460	0.3896761537	0.3896761537	0	0	0.262797296	0.1984850317	0.8532794118	4.121784687
461	0.4028392136	0.4028392136	0	0	0.264377743	0.1973490417	0.8456321955	4.121737003
462	0.4034942091	0.4034942091	0	0	0.2575138211	0.2062008083	0.8348071575	4.121103764
463	0.4105761051	0.4105761051	0	0	0.2515992224	0.1965820193	0.8212052584	4.121203899
464	0.3877349198	0.3877349198	0	0	0.2482293844	0.1910806894	0.8245461583	4.121205807
465	0.3791841567	0.3791841567	0	0	0.2466742247	0.1943367571	0.8300760984	4.12112999
466	0.3880156577	0.3880156577	0	0	0.2499742061	0.2013115883	0.8414658308	4.121301651
467	0.406996876	0.406996876	0	0	0.2599222362	0.19415465	0.8533359766	4.121432781
468	0.403827399	0.403827399	0	0	0.2593588531	0.2026011348	0.8460032344	4.121460438
469	0.3970432281	0.3970432281	0	0	0.2588120699	0.2032251656	0.8365550041	4.12148428
470	0.3934506774	0.3934506774	0	0	0.2558912933	0.205802992	0.8314105272	4.121136665
471	0.3900235891	0.3900235891	0	0	0.249803856	0.2005736679	0.8174672127	4.121204376
472	0.3793707788	0.3793707788	0	0	0.2457153648	0.1998349577	0.8195880055	4.121306419
473	0.3657048941	0.3657048941	0	0	0.2446090132	0.1976206005	0.82208395	4.12116766
474	0.3660234809	0.3660234809	0	0	0.2479316592	0.199423492	0.8358035088	4.121455193
475	0.3622538745	0.3622538745	0	0	0.2569679916	0.2012634277	0.851533711	4.121701717
476	0.3571112156	0.3571112156	0	0	0.25721246	0.2041915059	0.8442947865	4.121842861
477	0.359289676	0.359289676	0	0	0.2551321387	0.2030537277	0.8288260698	4.12170887
478	0.3867236078	0.3867236078	0	0	0.2499920726	0.2096278518	0.8191025853	4.121183872
479	0.3762147129	0.3762147129	0	0	0.2473536432	0.2031684667	0.8160275817	4.121230602
480	0.3649095297	0.3649095297	0	0	0.2456379682	0.1946917027	0.821290791	4.121352673
481	0.3543612063	0.3543612063	0	0	0.2442395985	0.1890468448	0.8198033571	4.121282101
482	0.3572663665	0.3572663665	0	0	0.2447610348	0.2028815448	0.8319334388	4.121421814
483	0.3562344611	0.3562344611	0	0	0.2536994517	0.2018699646	0.8474268317	4.121685505
484	0.3448247313	0.3448247313	0	0	0.2563157678	0.2045771778	0.8442126513	4.121954918
485	0.360640794	0.360640794	0	0	0.259652406	0.2098601907	0.8442440033	4.121803284
486	0.3596604764	0.3596604764	0	0	0.257327497	0.2052341253	0.8366961479	4.12126255
487	0.3584434986	0.3584434986	0	0	0.2486615926	0.2042905539	0.8194270134	4.121277809
488	0.3278908134	0.3278908134	0	0	0.2410452217	0.199792698	0.8118216991	4.121333122
489	0.3233087063	0.3233087063	0	0	0.2411241531	0.206620127	0.8267377019	4.121372223
490	0.3286553919	0.3286553919	0	0	0.2416770309	0.216163978	0.8361762762	4.121588707
491	0.343704164	0.343704164	0	0	0.2513553202	0.2221929431	0.8535968065	4.12184906
492	0.3419696391	0.3419696391	0	0	0.2544958293	0.2171497345	0.8480286598	4.122049809
493	0.3337407708	0.3337407708	0	0	0.2549594343	0.2177512944	0.8395516276	4.121964455
494	0.3646453917	0.3646453917	0	0	0.2505218387	0.2339797914	0.8336749077	4.121643543
495	0.3551490903	0.3551490903	0	0	0.2453432381	0.2220261693	0.8193808794	4.121573448
496	0.3345780373	0.3345780373	0	0	0.2393720746	0.2157229185	0.8166521192	4.121748924
497	0.3254052699	0.3254052699	0	0	0.2415295392	0.2036296725	0.824216485	4.12166214
498	0.330858618	0.330858618	0	0	0.2413374633	0.2119870484	0.8302634954	4.122006416
499	0.3375950456	0.3375950456	0	0	0.2492600828	0.2180614918	0.845513761	4.122649193
500	0.3496803641	0.3496803641	0	0	0.2501078248	0.2299437821	0.8419241905	4.122772217
501	0.3537930548	0.3537930548	0	0	0.2507670522	0.2282804996	0.8309854865	4.122611046
502	0.3848366141	0.3848366141	0	0	0.2443337739	0.2397607863	0.8215273619	4.121762276
503	0.3795343041	0.3795343041	0	0	0.2401733845	0.235449627	0.8143907189	4.121629715
504	0.3409278989	0.3409278989	0	0	0.2388350815	0.212076962	0.8136788607	4.121935368
505	0.3230690062	0.3230690062	0	0	0.238168031	0.2056070715	0.8155611753	4.121675968
506	0.3267794549	0.3267794549	0	0	0.241138339	0.2122419477	0.8302277327	4.122034073
507	0.3313594162	0.3313594162	0	0	0.2484768629	0.2185514569	0.8447111845	4.122583389
508	0.348582536	0.348582536	0	0	0.2501613796	0.2285742015	0.8400444984	4.122937202
509	0.3360333741	0.3360333741	0	0	0.2508980036	0.2228484452	0.8262426257	4.122373104
510	0.3526195884	0.3526195884	0	0	0.2515742779	0.2337040901	0.833984375	4.122268677
511	0.3501214981	0.3501214981	0	0	0.2438076586	0.23013179	0.817314446	4.121777058
512	0.3259866834	0.3259866834	0	0	0.2368145883	0.2204358876	0.8104735613	4.121799469
513	0.3219044209	0.3219044209	0	0	0.2406072915	0.2148347646	0.8267855644	4.121815205
514	0.3218854368	0.3218854368	0	0	0.246008262	0.2175242752	0.8403928876	4.122022629
515	0.3441617489	0.3441617489	0	0	0.2511790693	0.2295039296	0.8518931866	4.122435093
516	0.3493089974	0.3493089974	0	0	0.2556396425	0.2226594985	0.8504270911	4.122507095
517	0.3577853739	0.3577853739	0	0	0.2564733922	0.2210636437	0.8411406279	4.122377872
518	0.3995841742	0.3995841742	0	0	0.2521661222	0.233007133	0.8363503814	4.122076988
519	0.3988034725	0.3988034725	0	0	0.247941941	0.2244886905	0.8264257312	4.121730328
520	0.3744466603	0.3744466603	0	0	0.2403838784	0.2134435922	0.8114920259	4.121863842
521	0.3574915826	0.3574915826	0	0	0.2427586764	0.2027593851	0.8196081519	4.121850491
522	0.3618163764	0.3618163764	0	0	0.2447303087	0.2175970376	0.8364213109	4.121984005
523	0.3768289089	0.3768289089	0	0	0.2524475455	0.2206279188	0.8503801227	4.122576237
524	0.3986962736	0.3986962736	0	0	0.2513740063	0.2271479219	0.8432728052	4.122803211
525	0.4189377725	0.4189377725	0	0	0.2506480813	0.2345083803	0.8351467848	4.122631073
526	0.4457167685	0.4457167685	0	0	0.2466254234	0.2382175773	0.8261619806	4.122255802
527	0.4112515152	0.4112515152	0	0	0.2478811443	0.2333436459	0.833147347	4.121857643
528	0.3896605968	0.3896605968	0	0	0.238908127	0.2227835953	0.8128361702	4.121953487
529	0.3783473969	0.3783473969	0	0	0.240421325	0.2184222937	0.82136935	4.121973991
530	0.3532792032	0.3532792032	0	0	0.247128278	0.2125579566	0.8390672803	4.122518539
531	0.3650329411	0.3650329411	0	0	0.2513837218	0.2168006897	0.8458134532	4.122756004
532	0.3895332217	0.3895332217	0	0	0.2507089972	0.2277157456	0.8431477547	4.123026371
533	0.4274466336	0.4274466336	0	0	0.2506744564	0.2388315946	0.8364027143	4.12269783
534	0.421225965	0.421225965	0	0	0.2486083657	0.2454777062	0.836899817	4.122441292
535	0.3793756366	0.3793756366	0	0	0.2501913607	0.2260073274	0.8358024359	4.122301579
536	0.3567838073	0.3567838073	0	0	0.2420924902	0.214593932	0.8221161366	4.122051239
537	0.3653838634	0.3653838634	0	0	0.2463093102	0.2228571177	0.8418968916	4.122255802
538	0.369071722	0.369071722	0	0	0.251573205	0.2203442901	0.8512855768	4.122023582
539	0.3692749739	0.3692749739	0	0	0.2634367645	0.20235686	0.8613985777	4.122431278
540	0.3759973943	0.3759973943	0	0	0.2623459399	0.2093529254	0.85766536	4.122594357
541	0.4039105475	0.4039105475	0	0	0.262624979	0.216106385	0.8529362679	4.122385979
542	0.4031259418	0.4031259418	0	0	0.2555237412	0.2325441539	0.8445014954	4.122122765
543	0.3726839721	0.3726839721	0	0	0.2501599491	0.2249211818	0.831743598	4.121831417
544	0.3577792645	0.3577792645	0	0	0.2477841079	0.2086515725	0.8237553835	4.122028828
545	0.3152736127	0.3152736127	0	0	0.2492480725	0.2073277086	0.8370330334	4.121838093
546	0.3251087368	0.3251087368	0	0	0.2485300899	0.2223881334	0.8442760706	4.122004032
547	0.3186679482	0.3186679482	0	0	0.2586912513	0.21482265	0.8601378202	4.122465134
548	0.3047614694	0.3047614694	0	0	0.2616556287	0.2113897651	0.8599829674	4.122882843
549	0.3115836084	0.3115836084	0	0	0.261508882	0.2187695503	0.855574131	4.122828484
550	0.3004512191	0.3004512191	0	0	0.2578269541	0.2278050631	0.852684319	4.122272015
551	0.2873609662	0.2873609662	0	0	0.2590604722	0.2098747939	0.8509348035	4.121878624
552	0.2654092908	0.2654092908	0	0	0.257393688	0.1926061064	0.8469325304	4.122039318
553	0.262535274	0.262535274	0	0	0.2575983405	0.1901910752	0.8521245122	4.121967793
554	0.2593331933	0.2593331933	0	0	0.2569030225	0.2003155053	0.8577648401	4.12194252
555	0.2655285299	0.2655285299	0	0	0.2636042535	0.2005046606	0.8695885539	4.122467995
556	0.2664561868	0.2664561868	0	0	0.2635233402	0.2089001387	0.8681206703	4.122756004
557	0.2728531957	0.2728531957	0	0	0.2639671862	0.2125889957	0.8629518151	4.122571468
558	0.2705890536	0.2705890536	0	0	0.2628833055	0.220226109	0.8614039421	4.122378349
559	0.2775730789	0.2775730789	0	0	0.2598787546	0.2158444077	0.8534874916	4.121706486
560	0.2554550767	0.2554550767	0	0	0.2578488886	0.196768716	0.8475137353	4.121918201
561	0.2510350645	0.2510350645	0	0	0.2603231966	0.1969746351	0.8590750098	4.122074604
562	0.266541183	0.266541183	0	0	0.2606126368	0.2048105448	0.8633483052	4.121857643
563	0.2719717026	0.2719717026	0	0	0.2664035857	0.2051118165	0.8730851412	4.122167587
564	0.2751701772	0.2751701772	0	0	0.2651651204	0.2125223279	0.8707671165	4.122639656
565	0.2932188809	0.2932188809	0	0	0.2667990029	0.2144766748	0.8678968549	4.122673988
566	0.3109162748	0.3109162748	0	0	0.2647352815	0.222001642	0.8663570881	4.122581959
567	0.3040206134	0.3040206134	0	0	0.2622842491	0.2133223414	0.8588261604	4.122340202
568	0.2920891047	0.2920891047	0	0	0.2613019049	0.2014501393	0.8581748009	4.122351646
569	0.2836170793	0.2836170793	0	0	0.2608278394	0.1935713142	0.8567064404	4.122309685
570	0.2963677049	0.2963677049	0	0	0.2585035861	0.2083840817	0.8594495058	4.122027397
571	0.2809282243	0.2809282243	0	0	0.2667323649	0.2020032704	0.8729020357	4.122675419
572	0.2837126553	0.2837126553	0	0	0.2654648423	0.209720403	0.8716197014	4.123012543
573	0.2962308228	0.2962308228	0	0	0.2641904056	0.2225982994	0.8667160273	4.123124123
574	0.2843023837	0.2843023837	0	0	0.267486155	0.2017248273	0.862052083	4.123038769
575	0.28587538	0.28587538	0	0	0.2640079856	0.197395876	0.8542252779	4.122590065
576	0.2894602716	0.2894602716	0	0	0.261990726	0.1966321617	0.8548375964	4.122497559
577	0.2945221663	0.2945221663	0	0	0.2588278949	0.1955523044	0.8532295227	4.122150898
578	0.3096911013	0.3096911013	0	0	0.258980304	0.1975871474	0.8576687574	4.122407913
579	0.3079554737	0.3079554737	0	0	0.2619763017	0.2025246322	0.863999486	4.122707844
580	0.3268736899	0.3268736899	0	0	0.264271915	0.2101059407	0.868140161	4.123157501
581	0.3420286179	0.3420286179	0	0	0.2641688585	0.2188466638	0.8657910228	4.122959137
582	0.3351690471	0.3351690471	0	0	0.263484627	0.2181353271	0.8629738092	4.122653008
583	0.3382453322	0.3382453322	0	0	0.2609873116	0.2059963942	0.8540049195	4.122115135
584	0.3548318744	0.3548318744	0	0	0.2591428161	0.2054398209	0.8533052802	4.122362614
585	0.3484181464	0.3484181464	0	0	0.2613754272	0.1985197514	0.8581590056	4.122496605
586	0.3672342896	0.3672342896	0	0	0.2577325702	0.2063182145	0.8548665047	4.122065544
587	0.3592104614	0.3592104614	0	0	0.2631721795	0.2123176754	0.8651696444	4.122238159
588	0.3625941575	0.3625941575	0	0	0.26462394	0.212318942	0.8666534424	4.123012543
589	0.3681476414	0.3681476414	0	0	0.2674950957	0.2058979869	0.8651517034	4.122869015
590	0.3690764904	0.3690764904	0	0	0.2623701394	0.2099772841	0.8564890027	4.122493744
591	0.3743221164	0.3743221164	0	0	0.2585117221	0.2117010802	0.8494086266	4.122060776
592	0.369692713	0.369692713	0	0	0.2553872764	0.2067091614	0.8474828005	4.122202873
593	0.3702229857	0.3702229857	0	0	0.2558212578	0.1907202452	0.8452507257	4.122167587
594	0.3735432327	0.3735432327	0	0	0.2564588189	0.1946398616	0.8480815887	4.122074604
595	0.3638120592	0.3638120592	0	0	0.2661645412	0.1961021125	0.8639913201	4.122432232
596	0.3808671832	0.3808671832	0	0	0.2662951052	0.1925485283	0.8606823683	4.123157978
597	0.3950667083	0.3950667083	0	0	0.2658131123	0.199171856	0.8566972613	4.122997284
598	0.3900996745	0.3900996745	0	0	0.2694858909	0.1896014065	0.8584970832	4.12270546
599	0.3893221021	0.3893221021	0	0	0.2708342075	0.1930170506	0.8596132994	4.121886253
600	0.3951639533	0.3951639533	0	0	0.2704576552	0.1784974933	0.8574801683	4.122296333
601	0.3946995437	0.3946995437	0	0	0.2671571076	0.1774664223	0.8572463989	4.122086048
602	0.3805404902	0.3805404902	0	0	0.2630297244	0.1848582476	0.8543179631	4.121993542
603	0.3769873381	0.3769873381	0	0	0.2706026435	0.1833203584	0.8647716045	4.122605324
604	0.3818676472	0.3818676472	0	0	0.26849702	0.1893642098	0.8611585498	4.122774124
605	0.3842370212	0.3842370212	0	0	0.2740960121	0.1897934377	0.8657006025	4.122941017
606	0.3829017878	0.3829017878	0	0	0.2747980356	0.1882428378	0.8642007113	4.122490883
607	0.3867399693	0.3867399693	0	0	0.2705980539	0.1878264099	0.8556429744	4.121829987
608	0.3777016103	0.3777016103	0	0	0.2637401819	0.1898045391	0.8486958742	4.121987343
609	0.3814555705	0.3814555705	0	0	0.2634513378	0.1892897934	0.8557822108	4.122144699
610	0.4083431661	0.4083431661	0	0	0.2670770884	0.185439527	0.8616565466	4.122116089
611	0.4542115629	0.4542115629	0	0	0.281239599	0.1799814701	0.8752602935	4.122056007
612	0.4444199502	0.4444199502	0	0	0.2799054682	0.1841236651	0.8737089038	4.122507572
613	0.4704619944	0.4704619944	0	0	0.2795185149	0.1829497069	0.8690451384	4.122421741
614	0.4943901598	0.4943901598	0	0	0.2799544632	0.1810512096	0.866730392	4.122107506
615	0.5182007551	0.5182007551	0	0	0.2757174671	0.1792079806	0.8593703508	4.121652126
616	0.5348045826	0.5348045826	0	0	0.273191601	0.1808497161	0.8590787053	4.122000217
617	0.5234217644	0.5234217644	0	0	0.2670634687	0.1784850955	0.8552634716	4.121916771
618	0.5265256166	0.5265256166	0	0	0.2674925029	0.1685133725	0.8559718132	4.121770382
619	0.5290305018	0.5290305018	0	0	0.2775015235	0.1660676003	0.8670837879	4.122049332
620	0.5310692191	0.5310692191	0	0	0.2784655392	0.1747416556	0.8700473309	4.122629642
621	0.525295496	0.525295496	0	0	0.2778542042	0.1896809787	0.8666478992	4.122671604
622	0.5357405543	0.5357405543	0	0	0.2757146657	0.1846791953	0.858459115	4.122312069
623	0.5599440932	0.5599440932	0	0	0.2761772573	0.1763202399	0.8578690886	4.121683598
624	0.5527803302	0.5527803302	0	0	0.2729135454	0.1756066233	0.856895566	4.121970177
625	0.5293576717	0.5293576717	0	0	0.2702743411	0.1715717018	0.8581017256	4.121872425
626	0.5212349892	0.5212349892	0	0	0.2667763233	0.1727163494	0.8550261259	4.121905327
627	0.5523575544	0.5523575544	0	0	0.2749763131	0.1755255014	0.8642237782	4.122236252
628	0.5359945893	0.5359945893	0	0	0.2754357457	0.1800275147	0.8648317456	4.122815609
629	0.5225154161	0.5225154161	0	0	0.2745994329	0.1886114478	0.8617283106	4.122468472
630	0.5018917918	0.5018917918	0	0	0.2705775797	0.1942667961	0.8558460474	4.122220993
631	0.5204023719	0.5204023719	0	0	0.2690685391	0.1907295734	0.849254787	4.121868134
632	0.527538836	0.527538836	0	0	0.2620883882	0.1908268481	0.8377248049	4.121845722
633	0.4951263666	0.4951263666	0	0	0.2590408027	0.1955826581	0.8454875946	4.12189579
634	0.5056807995	0.5056807995	0	0	0.2576447129	0.1958521903	0.8447527885	4.121841908
635	0.592253387	0.592253387	0	0	0.2724823952	0.1819498837	0.8571673036	4.121823788
636	0.5599767566	0.5599767566	0	0	0.2640972733	0.1907266825	0.8431307673	4.1222682
637	0.6271071434	0.6271071434	0	0	0.2713609338	0.1906157881	0.8551877141	4.122324944
638	0.6336350441	0.6336350441	0	0	0.2684807777	0.1986566782	0.8517506719	4.122452736
639	0.6705616713	0.6705616713	0	0	0.2703984976	0.1924157888	0.8523283601	4.122018814
640	0.6942440271	0.6942440271	0	0	0.2692272663	0.1870946437	0.8514185548	4.121957779
641	0.6622950435	0.6622950435	0	0	0.2648280561	0.185036853	0.8511954546	4.122061253
642	0.6667217612	0.6667217612	0	0	0.261962682	0.1892523468	0.850292027	4.122072697
643	0.6519718766	0.6519718766	0	0	0.272745043	0.1840800941	0.8654417396	4.122050285
644	0.6534373164	0.6534373164	0	0	0.2709178925	0.1932344437	0.8621780872	4.122797489
645	0.6648766398	0.6648766398	0	0	0.2680160999	0.2101482451	0.8572054505	4.123087406
646	0.6746454835	0.6746454835	0	0	0.2644298077	0.2174894214	0.8523575664	4.122866154
647	0.6791835427	0.6791835427	0	0	0.2630852163	0.2121010274	0.8482542634	4.121932507
648	0.6725264788	0.6725264788	0	0	0.2584284842	0.212496832	0.8409144878	4.122296333
649	0.6625612974	0.6625612974	0	0	0.2588433027	0.2019052804	0.8453141451	4.122393608
650	0.682055831	0.682055831	0	0	0.2541821301	0.2084950954	0.8426442146	4.122360229
651	0.6580398083	0.6580398083	0	0	0.2609172463	0.1955393404	0.8434134722	4.122562885
652	0.6718912721	0.6718912721	0	0	0.2628500164	0.2024935335	0.845885396	4.122956276
653	0.6987136602	0.6987136602	0	0	0.264434576	0.2153500617	0.8474051356	4.123159409
654	0.7164956927	0.7164956927	0	0	0.2638243139	0.2169229835	0.8425076604	4.12296772
655	0.7166209817	0.7166209817	0	0	0.262888819	0.2111217678	0.8402905464	4.122364998
656	0.7092502117	0.7092502117	0	0	0.2526726425	0.2117309868	0.822835207	4.121983528
657	0.6878089309	0.6878089309	0	0	0.2484826148	0.2247422934	0.8321616054	4.122283936
658	0.7150252461	0.7150252461	0	0	0.2562929094	0.201475054	0.8427462578	4.12211895
659	0.732005477	0.732005477	0	0	0.2696292698	0.1935398877	0.856698513	4.122102261
660	0.7513926625	0.7513926625	0	0	0.2666534185	0.2073551416	0.8515264392	4.122525692
661	0.7926334143	0.7926334143	0	0	0.2708292603	0.1976431906	0.8444315791	4.122399807
662	0.8026342988	0.8026342988	0	0	0.2598519921	0.2194344252	0.8339942098	4.122159481
663	0.8064115644	0.8064115644	0	0	0.2601931393	0.2024336308	0.8316880465	4.121727467
664	0.816005528	0.816005528	0	0	0.255631566	0.2181322724	0.8335467577	4.122005939
665	0.811455965	0.811455965	0	0	0.2490276992	0.2132449597	0.8246812224	4.121799946
666	0.8100806475	0.8100806475	0	0	0.2510232329	0.2130570412	0.8322890997	4.121841908
667	0.7983138561	0.7983138561	0	0	0.2621335983	0.2070116699	0.8483018279	4.12212038
668	0.8078561425	0.8078561425	0	0	0.2607094646	0.2153128833	0.8413738012	4.122710705
669	0.8326285481	0.8326285481	0	0	0.2607378662	0.2247314453	0.8367058635	4.1225667
670	0.8332033753	0.8332033753	0	0	0.2507773042	0.2286901772	0.8160104156	4.122139454
671	0.844741106	0.844741106	0	0	0.2490790188	0.2286004573	0.8143193126	4.122023106
672	0.8140528798	0.8140528798	0	0	0.249772191	0.2170217633	0.8221763372	4.122158051
673	0.8345230818	0.8345230818	0	0	0.243611604	0.2254376709	0.8181498647	4.122018337
674	0.8375065923	0.8375065923	0	0	0.2389173806	0.224313423	0.8060547709	4.121988297
675	0.8396664858	0.8396664858	0	0	0.2529377937	0.2113997787	0.8289418817	4.122353554
676	0.8401619792	0.8401619792	0	0	0.2555043697	0.2219960093	0.8267423511	4.122717857
677	0.8477244377	0.8477244377	0	0	0.2594011128	0.218481496	0.8277319074	4.122821808
678	0.84210217	0.84210217	0	0	0.2480220497	0.2299479693	0.8021947742	4.122191906
679	0.8713207245	0.8713207245	0	0	0.2480315417	0.2348385304	0.8116631508	4.121995449
680	0.8438920379	0.8438920379	0	0	0.2410357744	0.2339429557	0.8015587926	4.121944427
681	0.8436872363	0.8436872363	0	0	0.2407399416	0.2315108478	0.809708178	4.121918678
682	0.8918526173	0.8918526173	0	0	0.2457139641	0.2303698808	0.8223800659	4.121992588
683	0.8827489018	0.8827489018	0	0	0.2578423023	0.2117493302	0.8357623816	4.121900082
684	0.9414759874	0.9414759874	0	0	0.2633420825	0.2166229934	0.8401797414	4.122283936
685	0.9260718822	0.9260718822	0	0	0.2648420632	0.2141472995	0.8361845613	4.122454166
686	0.9058766365	0.9058766365	0	0	0.2564818263	0.2248713672	0.82213521	4.12185812
687	0.983101964	0.983101964	0	0	0.2516498864	0.2346904874	0.8183617592	4.121702671
688	0.9440621138	0.9440621138	0	0	0.2521311343	0.2253534496	0.8262018561	4.121716976
689	0.9403176904	0.9403176904	0	0	0.2488981038	0.2223756015	0.8251131773	4.121780396
690	0.9307612181	0.9307612181	0	0	0.2482453585	0.2200658619	0.8249525428	4.121762276
691	0.9266638756	0.9266638756	0	0	0.2528675497	0.2292854488	0.8361076117	4.121896267
692	0.949947536	0.949947536	0	0	0.2531208396	0.2372340709	0.8281728625	4.12228775
693	0.9480509162	0.9480509162	0	0	0.2555264235	0.2375076562	0.8293393254	4.122872353
694	0.9534519911	0.9534519911	0	0	0.2453257889	0.2490576357	0.8052884936	4.12223959
695	0.9508746862	0.9508746862	0	0	0.2449534982	0.2445198298	0.8056790233	4.121860981
696	0.9343905449	0.9343905449	0	0	0.2424941808	0.2424035519	0.8088335395	4.121930599
697	0.9445326924	0.9445326924	0	0	0.2382308841	0.2371560335	0.8049739599	4.121848106
698	0.9320486784	0.9320486784	0	0	0.242446214	0.2301862836	0.8160707355	4.122020721
699	0.9087210298	0.9087210298	0	0	0.2502568662	0.21973297	0.826603651	4.122313499
700	0.9145464897	0.9145464897	0	0	0.248723641	0.2312904298	0.8170050383	4.122511864
701	0.9332321882	0.9332321882	0	0	0.2547360361	0.2268278301	0.8253120184	4.122754574
702	0.9763048291	0.9763048291	0	0	0.2503575683	0.2504761219	0.8201862574	4.122141361
703	0.9350712299	0.9350712299	0	0	0.2542304993	0.2234881669	0.8229442835	4.122077942
704	0.9255527258	0.9255527258	0	0	0.2486746609	0.2273226231	0.8173675537	4.122138023
705	0.9447411895	0.9447411895	0	0	0.2463602126	0.2395360619	0.8247991204	4.121986389
706	0.9122743011	0.9122743011	0	0	0.2557314336	0.2177728266	0.8339514732	4.121726036
707	0.9025951624	0.9025951624	0	0	0.2652294934	0.2085327357	0.8463817835	4.121816158
708	0.905818224	0.905818224	0	0	0.2643536329	0.2031217366	0.8344397545	4.121950626
709	0.9387843609	0.9387843609	0	0	0.2685898542	0.2000149786	0.8387331963	4.122086525
710	0.9460258484	0.9460258484	0	0	0.269684881	0.1710718572	0.8219899535	4.121635914
711	0.9577209949	0.9577209949	0	0	0.260894984	0.172331661	0.8087277412	4.121518135
712	1.016916752	1.016916752	0	0	0.2627670765	0.1605182439	0.8144693971	4.121718407
713	0.9731280804	0.9731280804	0	0	0.258794874	0.1662308425	0.816390872	4.121731758
714	0.9394070506	0.9394070506	0	0	0.2583897114	0.1803145111	0.8260799646	4.121815205
715	0.9545785785	0.9545785785	0	0	0.261926353	0.1853692234	0.8298535347	4.122057438
716	0.949819684	0.949819684	0	0	0.2651704252	0.1864917725	0.8309369683	4.122308254
717	0.9537041187	0.9537041187	0	0	0.2705225945	0.1910012811	0.8412917852	4.122557163
718	0.9348571301	0.9348571301	0	0	0.2673956454	0.1975348592	0.8342519403	4.121737003
719	0.9182411432	0.9182411432	0	0	0.2590181828	0.2073129863	0.8244803548	4.121479034
720	0.9104492664	0.9104492664	0	0	0.2547314167	0.2108016908	0.8240271211	4.121727467
721	0.9142577648	0.9142577648	0	0	0.2534706295	0.2005162686	0.8253625035	4.121828556
722	0.9178147316	0.9178147316	0	0	0.2566084266	0.1993918419	0.8369771838	4.121836185
723	0.9239384532	0.9239384532	0	0	0.2616143525	0.1987489462	0.8443670869	4.122334003
724	0.9244421124	0.9244421124	0	0	0.2653024495	0.1952135265	0.8446665406	4.122658253
725	0.9342198372	0.9342198372	0	0	0.27002123	0.2005533278	0.8509440422	4.122599602
726	0.9040225148	0.9040225148	0	0	0.2691677213	0.2070209831	0.844109416	4.121720791
727	0.9314796925	0.9314796925	0	0	0.2623833716	0.198409602	0.8314973116	4.12157011
728	0.9349995852	0.9349995852	0	0	0.2581988871	0.2052001059	0.8324021697	4.121767044
729	0.9440383911	0.9440383911	0	0	0.2577932179	0.1992221624	0.8370461464	4.121714115
730	0.9320460558	0.9320460558	0	0	0.2659675479	0.184826538	0.8453117609	4.121590614
731	0.9174707532	0.9174707532	0	0	0.2705582976	0.1904527247	0.8558502197	4.121809483
732	0.8984732628	0.8984732628	0	0	0.2722707987	0.1929065138	0.8540560603	4.121823788
733	0.9442841411	0.9442841411	0	0	0.2773356736	0.1897804886	0.8579664826	4.121875763
734	0.9097012877	0.9097012877	0	0	0.2701649666	0.2121768743	0.8451997638	4.12133503
735	0.8946473002	0.8946473002	0	0	0.2622537017	0.2110714167	0.8288948536	4.12134552
736	0.8974357843	0.8974357843	0	0	0.2620514035	0.2095892578	0.83399719	4.121542931
737	0.9039959908	0.9039959908	0	0	0.2558199167	0.2030167133	0.8275843859	4.121435165
738	0.9105172157	0.9105172157	0	0	0.2580942214	0.1987629235	0.8343642354	4.121572018
739	0.897995472	0.897995472	0	0	0.2612551153	0.2033882439	0.84401232	4.12184
740	0.9065591693	0.9065591693	0	0	0.2696383893	0.1935124844	0.8526331782	4.121982574
741	0.9156993032	0.9156993032	0	0	0.2710193098	0.208760187	0.8546706438	4.122067451
742	0.9296346307	0.9296346307	0	0	0.2685352862	0.2091401368	0.8455319405	4.121411324
743	0.9063216448	0.9063216448	0	0	0.262550503	0.2197164744	0.8393706083	4.121295452
744	0.8822386861	0.8822386861	0	0	0.257302016	0.2223760486	0.8337499499	4.121490002
745	0.8956534863	0.8956534863	0	0	0.2522001863	0.2152708322	0.8258802295	4.12140131
746	0.8923968077	0.8923968077	0	0	0.2536724508	0.2145154774	0.8350155354	4.1215868
747	0.8963390589	0.8963390589	0	0	0.2580156028	0.2131625414	0.8433439136	4.121930599
748	0.8682351112	0.8682351112	0	0	0.2602461874	0.2189861983	0.8447306752	4.121990204
749	0.8923603892	0.8923603892	0	0	0.2664980292	0.2200078219	0.8528003693	4.122065067
750	0.8962206244	0.8962206244	0	0	0.2649399042	0.22912471	0.8436467052	4.121462345
751	0.8675088286	0.8675088286	0	0	0.2581241727	0.2265275717	0.8310385942	4.121417522
752	0.8405874372	0.8405874372	0	0	0.2509596348	0.2313399017	0.8209091425	4.121449947
753	0.8623598814	0.8623598814	0	0	0.2501575053	0.2363291532	0.8298779726	4.121483803
754	0.8701871037	0.8701871037	0	0	0.2609924674	0.2156229913	0.8471877575	4.121579647
755	0.849743247	0.849743247	0	0	0.2622637451	0.2178979218	0.8480266333	4.121668816
756	0.8006515503	0.8006515503	0	0	0.2647126615	0.2195963115	0.8504447937	4.121598721
757	0.7856941223	0.7856941223	0	0	0.2665179968	0.2143710703	0.8475669622	4.121666908
758	0.7795711756	0.7795711756	0	0	0.2627903521	0.2322016507	0.8366948962	4.121319771
759	0.7702752948	0.7702752948	0	0	0.2564213276	0.2217219621	0.820445478	4.121241093
760	0.7548525333	0.7548525333	0	0	0.2521439493	0.2208333015	0.8147992492	4.121344566
761	0.7538641691	0.7538641691	0	0	0.2437957078	0.2291392833	0.8062135577	4.121354103
762	0.7444903255	0.7444903255	0	0	0.2503595948	0.2205971926	0.823810041	4.121484756
763	0.766189456	0.766189456	0	0	0.2541040182	0.2269668877	0.8319566846	4.12175703
764	0.7400563955	0.7400563955	0	0	0.2570014596	0.2224407196	0.8350920677	4.121748447
765	0.7475435138	0.7475435138	0	0	0.2581396401	0.2322912663	0.8389183879	4.12201643
766	0.7642780542	0.7642780542	0	0	0.2579554021	0.2351239473	0.8333926201	4.121314049
767	0.7437163591	0.7437163591	0	0	0.2567611039	0.2234205008	0.828007102	4.121195793
768	0.7359402776	0.7359402776	0	0	0.2489217371	0.2369453758	0.8188853264	4.121359348
769	0.7396925092	0.7396925092	0	0	0.2409091443	0.2395388931	0.8058268428	4.121388435
770	0.7196196318	0.7196196318	0	0	0.2458380312	0.231180355	0.8198023438	4.121521473
771	0.7528669238	0.7528669238	0	0	0.2474879324	0.2423749715	0.8257116675	4.1218009
772	0.7203701735	0.7203701735	0	0	0.2528655231	0.2411800325	0.8368036151	4.121926308
773	0.7251783609	0.7251783609	0	0	0.2561362386	0.2338921875	0.8353842497	4.121901512
774	0.7173065543	0.7173065543	0	0	0.2559904456	0.2412046641	0.8305171728	4.121286869
775	0.7145770788	0.7145770788	0	0	0.2563255727	0.2284805924	0.8286421895	4.121259689
776	0.6968876719	0.6968876719	0	0	0.2442543209	0.2453162372	0.8087956309	4.121340275
777	0.690382719	0.690382719	0	0	0.2431784123	0.2379785776	0.8136680126	4.121416092
778	0.7266333699	0.7266333699	0	0	0.2489102036	0.2357454002	0.8260752559	4.121417999
779	0.7335749865	0.7335749865	0	0	0.2537311018	0.2364627719	0.8336096406	4.121654987
780	0.6625327468	0.6625327468	0	0	0.2599697411	0.2275778204	0.8447527289	4.121589661
781	0.6724369526	0.6724369526	0	0	0.2603608072	0.2228571326	0.841376245	4.121590614
782	0.6617873311	0.6617873311	0	0	0.2587258816	0.2235912085	0.8299531341	4.121208668
783	0.6436485648	0.6436485648	0	0	0.2539563775	0.2154849172	0.8158125281	4.121156216
784	0.6199858785	0.6199858785	0	0	0.2482670546	0.2204463333	0.8099346161	4.121237755
785	0.6154020429	0.6154020429	0	0	0.2457408458	0.2194568813	0.8104326129	4.121352196
786	0.6122095585	0.6122095585	0	0	0.2499532402	0.2185403109	0.8261240721	4.12146616
787	0.6095591187	0.6095591187	0	0	0.2538526058	0.2205874324	0.8327085376	4.12169981
788	0.5993088484	0.5993088484	0	0	0.2580787838	0.2151580602	0.840436399	4.121823788
789	0.6281624436	0.6281624436	0	0	0.2571721375	0.2260543108	0.8359954357	4.121729851
790	0.61735183	0.61735183	0	0	0.2569015324	0.223544687	0.8301563263	4.121212006
791	0.6239483953	0.6239483953	0	0	0.2509202957	0.2216726094	0.8179813623	4.121120453
792	0.5979919434	0.5979919434	0	0	0.2463551015	0.2169689834	0.8098791838	4.121265411
793	0.6155573726	0.6155573726	0	0	0.2453094423	0.2250134796	0.8182122111	4.121337891
794	0.6018201709	0.6018201709	0	0	0.2517298758	0.2105368227	0.8306776881	4.121489525
795	0.6216182709	0.6216182709	0	0	0.2557380795	0.2164604366	0.8378314972	4.121646881
796	0.6073223948	0.6073223948	0	0	0.2576716244	0.2291936129	0.846394062	4.121863365
797	0.5997998118	0.5997998118	0	0	0.2569711506	0.220878765	0.8344978094	4.121711731
798	0.6213904619	0.6213904619	0	0	0.25360322	0.2283494174	0.8229245543	4.121202946
799	0.6275981665	0.6275981665	0	0	0.250498414	0.224978134	0.8174515963	4.121168613
800	0.6240139604	0.6240139604	0	0	0.242176652	0.2382610887	0.8086750507	4.12126255
801	0.655625999	0.655625999	0	0	0.2397122681	0.2605777979	0.8235681653	4.121421814
802	0.6438218355	0.6438218355	0	0	0.2519024611	0.2317134291	0.835490346	4.121465206
803	0.6699872017	0.6699872017	0	0	0.2577578723	0.2367573977	0.8406495452	4.121510983
804	0.5860114694	0.5860114694	0	0	0.2612635195	0.2365222424	0.8494460583	4.12167263
805	0.5705703497	0.5705703497	0	0	0.2607912421	0.2294048518	0.8406748176	4.121559143
806	0.5374780297	0.5374780297	0	0	0.2533273399	0.2321945876	0.8168435693	4.121194839
807	0.589656055	0.589656055	0	0	0.2452253997	0.2368686497	0.800962925	4.121146202
808	0.620077014	0.620077014	0	0	0.2423269004	0.2413130105	0.8036224842	4.121242523
809	0.5623983741	0.5623983741	0	0	0.2387605608	0.2425573021	0.809591949	4.121325016
810	0.4938071966	0.4938071966	0	0	0.2490237802	0.229776457	0.8266695738	4.121494293
811	0.4753996134	0.4753996134	0	0	0.2609091401	0.2222891301	0.8447711468	4.121616364
812	0.4429093003	0.4429093003	0	0	0.2628617585	0.2179744542	0.8452838659	4.121761322
813	0.4879724383	0.4879724383	0	0	0.2609497607	0.2334375381	0.8401990533	4.121712685
814	0.4753476083	0.4753476083	0	0	0.2598256469	0.2189184874	0.8296436071	4.121290207
815	0.5050989389	0.5050989389	0	0	0.2550822198	0.2248009443	0.828175962	4.121109486
816	0.4956733286	0.4956733286	0	0	0.2480204403	0.2283214182	0.8219389915	4.121203899
817	0.4970071912	0.4970071912	0	0	0.2509350181	0.225913927	0.8343703151	4.121300697
818	0.5142813325	0.5142813325	0	0	0.2593253255	0.2241427153	0.8499617577	4.121413231
819	0.5291327238	0.5291327238	0	0	0.2704750597	0.2133931369	0.8613863587	4.121631622
820	0.5142806172	0.5142806172	0	0	0.2656454146	0.2381846756	0.8569909334	4.121748447
821	0.5381829143	0.5381829143	0	0	0.2647531927	0.2430532575	0.8507438898	4.12166214
822	0.4868676364	0.4868676364	0	0	0.2626681626	0.2239990681	0.8396480083	4.121293068
823	0.5023537278	0.5023537278	0	0	0.2533897758	0.2265526056	0.8210055828	4.121146202
824	0.5086886287	0.5086886287	0	0	0.2486610413	0.2352854013	0.8239723444	4.121229649
825	0.5247525573	0.5247525573	0	0	0.2497680783	0.2465308756	0.8423818946	4.121335506
826	0.5320776701	0.5320776701	0	0	0.2576157451	0.2263714075	0.8454973102	4.121416569
827	0.5604687333	0.5604687333	0	0	0.2677909434	0.2255340964	0.8566471338	4.121495724
828	0.5341393352	0.5341393352	0	0	0.2657129169	0.2408561707	0.8558323383	4.121560097
829	0.5239691138	0.5239691138	0	0	0.2614135146	0.249457106	0.8464055657	4.121569157
830	0.4890091717	0.4890091717	0	0	0.25893718	0.2429783046	0.8385264277	4.121253014
831	0.5011776686	0.5011776686	0	0	0.2530174553	0.2384191006	0.8281438947	4.121123314
832	0.5287868381	0.5287868381	0	0	0.2527032197	0.2343604714	0.8302967548	4.121214867
833	0.4568555355	0.4568555355	0	0	0.2524294257	0.2321661115	0.8386750817	4.121275902
834	0.4205792844	0.4205792844	0	0	0.2567414939	0.2226564735	0.8436629176	4.121369362
835	0.4336182177	0.4336182177	0	0	0.2647951543	0.2225872725	0.8549204469	4.121579647
836	0.4206239581	0.4206239581	0	0	0.2670283616	0.2254583985	0.8576264977	4.121787548
837	0.4799563885	0.4799563885	0	0	0.2623355091	0.2412771285	0.8475372791	4.121817589
838	0.4404824972	0.4404824972	0	0	0.2571057975	0.2346533537	0.833006978	4.121339798
839	0.4620036185	0.4620036185	0	0	0.2525129914	0.2238286138	0.8264465332	4.121149063
840	0.4811936319	0.4811936319	0	0	0.25036183	0.2229626924	0.8274527192	4.121214867
841	0.4524318278	0.4524318278	0	0	0.2521916032	0.2076303214	0.8331059217	4.121273994
842	0.4548791349	0.4548791349	0	0	0.2567762733	0.2070714831	0.8435448408	4.121357441
843	0.4744179249	0.4744179249	0	0	0.2633869946	0.2051609606	0.8520064354	4.121538639
844	0.4929884076	0.4929884076	0	0	0.2652839422	0.2197181582	0.8559192419	4.121922493
845	0.523325026	0.523325026	0	0	0.259878397	0.2407874614	0.8481248021	4.121753693
846	0.5199649334	0.5199649334	0	0	0.25831303	0.2283992767	0.8386467695	4.12128973
847	0.5503691435	0.5503691435	0	0	0.2496573776	0.2293434441	0.8226174712	4.121124744
848	0.5519214869	0.5519214869	0	0	0.2442423552	0.237142086	0.8183751702	4.121154785
849	0.5346160531	0.5346160531	0	0	0.2479940206	0.230827406	0.8360555768	4.121375084
850	0.5094288588	0.5094288588	0	0	0.2565790415	0.2245412618	0.8525675535	4.121416569
851	0.5278373957	0.5278373957	0	0	0.2643852234	0.2237627655	0.8623820543	4.121520519
852	0.530369699	0.530369699	0	0	0.2627123892	0.2346366644	0.8581135273	4.121712208
853	0.5404849052	0.5404849052	0	0	0.2592965662	0.2469753772	0.8506207466	4.121771336
854	0.5107944012	0.5107944012	0	0	0.2591784596	0.2300912291	0.8441731334	4.121474266
855	0.584936142	0.584936142	0	0	0.2521942556	0.2350354195	0.834659934	4.121284962
856	0.6071656942	0.6071656942	0	0	0.2507786751	0.2246114165	0.831371665	4.121303558
857	0.5820664167	0.5820664167	0	0	0.2498556972	0.2146420032	0.8292149305	4.121316433
858	0.5305306315	0.5305306315	0	0	0.2522318661	0.2140991092	0.8367061615	4.12141037
859	0.5247451663	0.5247451663	0	0	0.2639345825	0.1902278513	0.8486323357	4.121527672
860	0.540787816	0.540787816	0	0	0.2646030486	0.2021633536	0.848515749	4.121857166
861	0.5255277753	0.5255277753	0	0	0.260388881	0.2249885052	0.8429108858	4.122065067
862	0.5512567163	0.5512567163	0	0	0.2593825758	0.2171233296	0.8383334875	4.121522903
863	0.5933339	0.5933339	0	0	0.2537180483	0.2118829489	0.8280812502	4.121321678
864	0.616165638	0.616165638	0	0	0.2498494387	0.2145034969	0.8279736638	4.12127018
865	0.5719652176	0.5719652176	0	0	0.2506740987	0.2006242871	0.8306515813	4.121335983
866	0.5443577766	0.5443577766	0	0	0.2532265186	0.2097398192	0.8427437544	4.121433735
867	0.562731266	0.562731266	0	0	0.2594322562	0.1987129599	0.8429363966	4.121555328
868	0.5651115179	0.5651115179	0	0	0.2620694637	0.2105026245	0.8473656178	4.121863365
869	0.5569963455	0.5569963455	0	0	0.2631557882	0.2247952521	0.8490890265	4.121788025
870	0.5515027046	0.5515027046	0	0	0.2604057789	0.2189222276	0.8429083228	4.121423244
871	0.5737064481	0.5737064481	0	0	0.2526918352	0.2137337625	0.8278052807	4.121221542
872	0.5624328852	0.5624328852	0	0	0.2487604469	0.2165845931	0.8268033862	4.121201515
873	0.5514966249	0.5514966249	0	0	0.250027597	0.2228429019	0.8402007222	4.121295452
874	0.5047211051	0.5047211051	0	0	0.2529545724	0.2338600904	0.8530938029	4.121304035
875	0.5158173442	0.5158173442	0	0	0.2637518346	0.2105141133	0.85966748	4.121446609
876	0.5743796229	0.5743796229	0	0	0.2698814869	0.2119758427	0.8642507195	4.121686459
877	0.6096066833	0.6096066833	0	0	0.2677358091	0.2263927013	0.8588291407	4.121808529
878	0.6226070523	0.6226070523	0	0	0.2649426162	0.2237436622	0.852553308	4.121479034
879	0.5991835594	0.5991835594	0	0	0.2566474378	0.2199883908	0.8394944072	4.121400356
880	0.6445978284	0.6445978284	0	0	0.2559844553	0.2172142863	0.8427816033	4.12136507
881	0.5886317492	0.5886317492	0	0	0.2514451444	0.2118873596	0.8365821838	4.121391296
882	0.5736872554	0.5736872554	0	0	0.2550886571	0.2115433961	0.8481675982	4.121431828
883	0.5666515827	0.5666515827	0	0	0.263229996	0.2051047534	0.8559863567	4.121634007
884	0.5891191363	0.5891191363	0	0	0.2684240639	0.2055603713	0.8583502173	4.121795177
885	0.5967431664	0.5967431664	0	0	0.2654187679	0.2305889875	0.8548780084	4.122303963
886	0.6076389551	0.6076389551	0	0	0.2621461451	0.2204620689	0.8437761664	4.12172699
887	0.6262587309	0.6262587309	0	0	0.257660538	0.2257287651	0.8431068659	4.121450424
888	0.6421359181	0.6421359181	0	0	0.2534594536	0.2187131196	0.8371521235	4.121369362
889	0.6043211818	0.6043211818	0	0	0.2494363487	0.2204519063	0.8353430629	4.121404171
890	0.5705633759	0.5705633759	0	0	0.248812601	0.2255101204	0.8411206603	4.121439934
891	0.5608754158	0.5608754158	0	0	0.257509172	0.2090683281	0.8476768732	4.121671677
892	0.5844918489	0.5844918489	0	0	0.2667976618	0.2083933055	0.8558254242	4.12184763
893	0.5415663719	0.5415663719	0	0	0.2701416612	0.2089112103	0.8567404151	4.12214613
894	0.5588253736	0.5588253736	0	0	0.2665577233	0.2109281272	0.8479033709	4.121714592
895	0.5848965049	0.5848965049	0	0	0.2608115673	0.2151309252	0.8423633575	4.121683121
896	0.5897187591	0.5897187591	0	0	0.256285429	0.214575246	0.8418915868	4.121486187
897	0.5188711286	0.5188711286	0	0	0.2502678633	0.2179321945	0.8385956883	4.121433735
898	0.521715641	0.521715641	0	0	0.2524000704	0.224181354	0.8507935405	4.121579647
899	0.5362921357	0.5362921357	0	0	0.2604493499	0.2151755542	0.8588113189	4.121778011
900	0.5544061661	0.5544061661	0	0	0.2693120539	0.2159336209	0.8670985699	4.122188568
901	0.5708735585	0.5708735585	0	0	0.2695406675	0.2245349884	0.8630865216	4.122568607
902	0.5857440233	0.5857440233	0	0	0.2677666247	0.2273210734	0.8575607538	4.122280598
903	0.5808647871	0.5808647871	0	0	0.262706399	0.2192636281	0.8487359881	4.122195721
904	0.5936079621	0.5936079621	0	0	0.2605203688	0.2104468793	0.8494698405	4.121972084
905	0.5631217957	0.5631217957	0	0	0.2541308999	0.2170985788	0.8447069526	4.122016907
906	0.5432841778	0.5432841778	0	0	0.2496893108	0.2235703766	0.8449388146	4.12186718
907	0.547215879	0.547215879	0	0	0.2571829259	0.2178567201	0.853689909	4.122152328
908	0.5715306401	0.5715306401	0	0	0.265999645	0.222106114	0.8626398444	4.122730255
909	0.5881411433	0.5881411433	0	0	0.2665149868	0.2364137769	0.8587448597	4.123195648
910	0.5569827557	0.5569827557	0	0	0.270421654	0.2191836983	0.8583205342	4.122620106
911	0.5672730207	0.5672730207	0	0	0.2617855966	0.228684932	0.8493193388	4.122246265
912	0.5751006007	0.5751006007	0	0	0.2575345337	0.2227718681	0.8478289247	4.122092247
913	0.53278023	0.53278023	0	0	0.2516320646	0.2212221473	0.8421677351	4.122088432
914	0.5362499356	0.5362499356	0	0	0.2491952181	0.2248969823	0.8446202278	4.12229538
915	0.5460066199	0.5460066199	0	0	0.2569293976	0.2116068006	0.8518515229	4.122507572
916	0.5638375282	0.5638375282	0	0	0.2593583763	0.2410788834	0.8587299585	4.122914791
917	0.5361853838	0.5361853838	0	0	0.2587893605	0.2461065948	0.8513976336	4.123213768
918	0.5427535772	0.5427535772	0	0	0.2611014545	0.2430946678	0.8512581587	4.123092175
919	0.5272762775	0.5272762775	0	0	0.2580065429	0.2226068377	0.8416685462	4.122726917
920	0.5147770643	0.5147770643	0	0	0.2472990751	0.2340041846	0.8327846527	4.122145176
921	0.513499856	0.513499856	0	0	0.243535772	0.2456606627	0.8373307586	4.122527599
922	0.5666005015	0.5666005015	0	0	0.2469656169	0.2328076363	0.840043366	4.122208595
923	0.5737076998	0.5737076998	0	0	0.2651218772	0.1913261861	0.8581002355	4.122428894
924	0.5801545978	0.5801545978	0	0	0.2708864808	0.2065529525	0.8666303754	4.123012543
925	0.6807636619	0.6807636619	0	0	0.2738557458	0.2110858709	0.859383285	4.122945309
926	0.621539712	0.621539712	0	0	0.265158087	0.2274642885	0.8510432243	4.122667313
927	0.606195569	0.606195569	0	0	0.25897488	0.2228967547	0.8432483673	4.122326374
928	0.6151854396	0.6151854396	0	0	0.2584376037	0.2112158835	0.8475914001	4.122255802
929	0.6002585292	0.6002585292	0	0	0.2494621724	0.2384129018	0.8487065434	4.122319221
930	0.5977585912	0.5977585912	0	0	0.2491562963	0.239652589	0.8518339992	4.122365952
931	0.5855027437	0.5855027437	0	0	0.2571848631	0.2260445654	0.8559991121	4.122570515
932	0.5757487416	0.5757487416	0	0	0.2606092989	0.2397695333	0.860471189	4.123233795
933	0.5915961266	0.5915961266	0	0	0.2621133924	0.2514234185	0.8555585146	4.123376846
934	0.6008985043	0.6008985043	0	0	0.2607733011	0.2465198338	0.8484538198	4.123022079
935	0.5881127715	0.5881127715	0	0	0.2543169856	0.2524467707	0.8464289904	4.122820854
936	0.5577514172	0.5577514172	0	0	0.2473416775	0.2523274422	0.8412425518	4.122921467
937	0.5536937118	0.5536937118	0	0	0.2403195053	0.2548172772	0.8327508569	4.122876644
938	0.5854609013	0.5854609013	0	0	0.238912195	0.2638034225	0.8338628411	4.122959614
939	0.5476454496	0.5476454496	0	0	0.2451759577	0.2499231547	0.8336977363	4.123177528
940	0.5812086463	0.5812086463	0	0	0.2481299639	0.2686588764	0.8400176764	4.123514175
941	0.5558431745	0.5558431745	0	0	0.2552401423	0.2635478675	0.84112674	4.123456955
942	0.5523071289	0.5523071289	0	0	0.2528327405	0.2672451735	0.8342021108	4.123241425
943	0.5466585755	0.5466585755	0	0	0.2475482225	0.2670184672	0.8327746391	4.123079777
944	0.525052309	0.525052309	0	0	0.2407597303	0.268170774	0.8317662477	4.12302494
945	0.5288003683	0.5288003683	0	0	0.2366211116	0.2710154057	0.8304686546	4.123137474
946	0.5912244916	0.5912244916	0	0	0.2390139699	0.2799577117	0.8426592946	4.123204708
947	0.5620028377	0.5620028377	0	0	0.2485822439	0.2623664439	0.8466871977	4.123330116
948	0.5675648451	0.5675648451	0	0	0.2500876784	0.2790282667	0.8469512463	4.123466492
949	0.5500683784	0.5500683784	0	0	0.2558642328	0.2625758946	0.8433449864	4.123488426
950	0.5482933521	0.5482933521	0	0	0.2530104518	0.2665851414	0.8347654939	4.123038292
951	0.5636876822	0.5636876822	0	0	0.2448862344	0.2724081576	0.8229569197	4.122663975
952	0.560620904	0.560620904	0	0	0.2412766218	0.2750697136	0.8283542395	4.123093605
953	0.6067546606	0.6067546606	0	0	0.2369966805	0.2859226763	0.8324418068	4.122824669
954	0.5941312313	0.5941312313	0	0	0.2416314334	0.2697481215	0.8434442878	4.123063087
955	0.5526948571	0.5526948571	0	0	0.2496875077	0.256320715	0.8464466929	4.123185158
956	0.6237614751	0.6237614751	0	0	0.2477890253	0.2880569398	0.8453348875	4.123476505
957	0.6103592515	0.6103592515	0	0	0.2550738752	0.2786489725	0.8472127318	4.123475075
958	0.598287046	0.598287046	0	0	0.2564224899	0.2704327404	0.8440995216	4.123212337
959	0.5795142651	0.5795142651	0	0	0.2498982698	0.2709955573	0.8362494111	4.123136044
960	0.5894619823	0.5894619823	0	0	0.2434575409	0.2780540586	0.8355366588	4.12330246
961	0.5677884221	0.5677884221	0	0	0.2398324907	0.2675068676	0.8317806721	4.122992516
962	0.5838806629	0.5838806629	0	0	0.2431932688	0.2687394321	0.8412003517	4.123319626
963	0.5882557631	0.5882557631	0	0	0.2472375631	0.2671987116	0.8420823216	4.123325348
964	0.601251781	0.601251781	0	0	0.2489801198	0.278331399	0.8423201442	4.123663425
965	0.5739283562	0.5739283562	0	0	0.2545181811	0.2685337365	0.8397360444	4.123639584
966	0.5828514695	0.5828514695	0	0	0.2539794445	0.2701080143	0.8341910243	4.12351656
967	0.5688059926	0.5688059926	0	0	0.2528180778	0.2529549301	0.8327173591	4.122904301
968	0.575815022	0.575815022	0	0	0.2434117198	0.2642192245	0.828201592	4.122941017
969	0.5916438103	0.5916438103	0	0	0.239218235	0.2728667855	0.8320968151	4.122967243
970	0.5862730742	0.5862730742	0	0	0.2458713204	0.2663172185	0.8458307981	4.123119354
971	0.5331943035	0.5331943035	0	0	0.2545255423	0.2483837903	0.8468317389	4.123250484
972	0.5432257652	0.5432257652	0	0	0.2594455779	0.2584426701	0.844529748	4.123249054
973	0.5036445856	0.5036445856	0	0	0.2618613541	0.2394357473	0.8364337683	4.123246193
974	0.4881093204	0.4881093204	0	0	0.2554203272	0.2550125718	0.8291668892	4.122694016
975	0.4938241541	0.4938241541	0	0	0.2490030676	0.2516945302	0.8205996752	4.122394562
976	0.5154378414	0.5154378414	0	0	0.2449118793	0.2537007928	0.8222555518	4.122916698
977	0.4898611605	0.4898611605	0	0	0.2455121875	0.2316046953	0.8208827972	4.122382641
978	0.508810401	0.508810401	0	0	0.2453023344	0.2533981502	0.8338063359	4.122663975
979	0.4766940176	0.4766940176	0	0	0.2534416616	0.2411561459	0.8394810557	4.123143673
980	0.5105549693	0.5105549693	0	0	0.2558458745	0.257981658	0.8432074189	4.123374939
981	0.4819494784	0.4819494784	0	0	0.2570370138	0.2439281344	0.8323667645	4.123434067
982	0.506000042	0.506000042	0	0	0.251472801	0.2519972622	0.8210594654	4.123133659
983	0.4915346801	0.4915346801	0	0	0.24872455	0.2507759631	0.8223125935	4.12250185
984	0.455930084	0.455930084	0	0	0.2483751178	0.2463938892	0.8306817412	4.122998714
985	0.4348718226	0.4348718226	0	0	0.2492420077	0.2319078147	0.8349474669	4.12253046
986	0.4626716375	0.4626716375	0	0	0.2520496547	0.2429557592	0.8455147743	4.122947216
987	0.4747728705	0.4747728705	0	0	0.2555133402	0.2369137257	0.8420798182	4.123182774
988	0.5002573729	0.5002573729	0	0	0.2570528984	0.2651077509	0.848935008	4.123344421
989	0.460336417	0.460336417	0	0	0.2622119188	0.2517341375	0.8469300866	4.123328209
990	0.4928602874	0.4928602874	0	0	0.2524112165	0.2705330253	0.8336606622	4.122602463
991	0.4648157656	0.4648157656	0	0	0.2537996471	0.2425835878	0.831664145	4.12282896
992	0.4553793371	0.4553793371	0	0	0.2482266724	0.2508370876	0.8349946141	4.122626305
993	0.4735186994	0.4735186994	0	0	0.2479537129	0.2586134672	0.8469346166	4.122364044
994	0.4837681353	0.4837681353	0	0	0.2548792064	0.2513624728	0.8563684821	4.122537136
995	0.5132533908	0.5132533908	0	0	0.2627268136	0.2329872847	0.8532366753	4.122819901
996	0.5738034844	0.5738034844	0	0	0.2632193267	0.2586461306	0.8580507636	4.122992992
997	0.5447943211	0.5447943211	0	0	0.2659322619	0.2343694568	0.8509297371	4.123008251
998	0.5804466605	0.5804466605	0	0	0.2585565448	0.2504198551	0.8405863643	4.122242451
999	0.5658752918	0.5658752918	0	0	0.2588403821	0.2330146283	0.8406447172	4.122106075
1000	0.5880505443	0.5880505443	0	0	0.2560900152	0.235312894	0.8441441059	4.122551441
1001	0.6071648598	0.6071648598	0	0	0.2509870827	0.241538018	0.843021214	4.121937752
1002	0.6006271243	0.6006271243	0	0	0.2548255324	0.2361989915	0.8517782092	4.122113705
1003	0.6039551497	0.6039551497	0	0	0.2611332238	0.2395191938	0.8583859205	4.122545719
1004	0.5996905565	0.5996905565	0	0	0.2653480172	0.2464357167	0.8627998829	4.122988224
1005	0.6030930281	0.6030930281	0	0	0.2623870373	0.2458340973	0.8486710787	4.123010159
1006	0.6067661047	0.6067661047	0	0	0.2609152198	0.2410065979	0.8454642296	4.122348309
1007	0.5953923464	0.5953923464	0	0	0.2673197091	0.2107348442	0.8501696587	4.122038364
1008	0.596167326	0.596167326	0	0	0.2612232566	0.2345606089	0.8570996523	4.122616768
1009	0.6199863553	0.6199863553	0	0	0.2561880648	0.2358753979	0.8541086912	4.121901512
1010	0.6204336286	0.6204336286	0	0	0.2601950467	0.2265423387	0.8626531959	4.122330666
1011	0.6355350018	0.6355350018	0	0	0.266877979	0.2181627452	0.8674214482	4.122757912
1012	0.6564145088	0.6564145088	0	0	0.2663840652	0.2455054969	0.8695650697	4.122937679
1013	0.6608475447	0.6608475447	0	0	0.2686798275	0.2371750772	0.8652703166	4.122986794
1014	0.6733390093	0.6733390093	0	0	0.2620988488	0.2562946379	0.8556646705	4.12235117
1015	0.7002802491	0.7002802491	0	0	0.2677069306	0.2331950068	0.8601698279	4.12255764
1016	0.7057859898	0.7057859898	0	0	0.2555368841	0.251072526	0.8512652516	4.122197628
1017	0.6962153316	0.6962153316	0	0	0.2549538314	0.2438158691	0.8555003405	4.122137547
1018	0.7124868631	0.7124868631	0	0	0.2678872049	0.2252822369	0.8701781034	4.12205267
1019	0.6925447583	0.6925447583	0	0	0.2709016204	0.2217970192	0.8694586158	4.122301579
1020	0.6865052581	0.6865052581	0	0	0.2714978158	0.2307264656	0.8697452545	4.122391224
1021	0.6578099728	0.6578099728	0	0	0.2694638968	0.2213863432	0.8583405614	4.122691154
1022	0.6789685488	0.6789685488	0	0	0.2648931742	0.2375576645	0.8525761962	4.12206459
1023	0.6892924905	0.6892924905	0	0	0.2664546669	0.2126280963	0.8491171002	4.121851921
1024	0.6976876259	0.6976876259	0	0	0.2643898726	0.2141299546	0.849173069	4.122257233
1025	0.6997696757	0.6997696757	0	0	0.2639496624	0.2021774501	0.8522152901	4.121673584
1026	0.7219397426	0.7219397426	0	0	0.2689186633	0.20193021	0.8634402156	4.121936798
1027	0.6993170977	0.6993170977	0	0	0.2686419189	0.2098596841	0.8634272814	4.122373581
1028	0.689705193	0.689705193	0	0	0.2707583904	0.2133579999	0.8645716906	4.122564316
1029	0.6862367988	0.6862367988	0	0	0.2704026699	0.2088876665	0.8574563861	4.122764111
1030	0.6593364477	0.6593364477	0	0	0.266120106	0.2323122025	0.8572318554	4.1219244
1031	0.6734222174	0.6734222174	0	0	0.2663812339	0.2161179334	0.8534379601	4.121735096
1032	0.6640343666	0.6640343666	0	0	0.2620194852	0.2222698778	0.8536373973	4.122054577
1033	0.707343936	0.707343936	0	0	0.2638923526	0.2094115764	0.8572132587	4.121730804
1034	0.7113835812	0.7113835812	0	0	0.265565604	0.206317395	0.8622249365	4.121744156
1035	0.6808834672	0.6808834672	0	0	0.2672404945	0.2084674388	0.8643894196	4.122074127
1036	0.6857088208	0.6857088208	0	0	0.2680598795	0.2127249092	0.8618170619	4.122205734
1037	0.6889956594	0.6889956594	0	0	0.2724605203	0.2144017518	0.8646916747	4.12260437
1038	0.6596203446	0.6596203446	0	0	0.2670687437	0.2363367081	0.8595452309	4.121890545
1039	0.6704527736	0.6704527736	0	0	0.2700502574	0.209096998	0.8565275073	4.121723175
1040	0.643432498	0.643432498	0	0	0.2622507811	0.2180690318	0.8511097431	4.121804714
1041	0.6793791652	0.6793791652	0	0	0.261107564	0.2189327925	0.8550803065	4.121798038
1042	0.6940594912	0.6940594912	0	0	0.2681015432	0.2000457197	0.8601552248	4.121676922
1043	0.6879019737	0.6879019737	0	0	0.2729218304	0.1957268417	0.8639006019	4.121817112
1044	0.6748081446	0.6748081446	0	0	0.2721808553	0.2039078772	0.8631375432	4.121761799
1045	0.7105504274	0.7105504274	0	0	0.2745537162	0.1939953417	0.8611668348	4.121987343
1046	0.7074598074	0.7074598074	0	0	0.2652387023	0.2255500108	0.8526976705	4.121546745
1047	0.730656743	0.730656743	0	0	0.2669002116	0.2027071714	0.8471015692	4.121432304
1048	0.7447060347	0.7447060347	0	0	0.2658442259	0.1999377459	0.8493352532	4.121512413
1049	0.7558768392	0.7558768392	0	0	0.2643314898	0.194540143	0.8511115313	4.121388435
1050	0.7605679631	0.7605679631	0	0	0.2636921704	0.1910586655	0.8523187041	4.121487617
1051	0.7462542653	0.7462542653	0	0	0.2660951912	0.2003869265	0.8596099019	4.121834278
1052	0.7437745333	0.7437745333	0	0	0.267372936	0.2046808004	0.8558672667	4.121995926
1053	0.7501856089	0.7501856089	0	0	0.2724393606	0.1895898581	0.8544813991	4.12205267
1054	0.7032225132	0.7032225132	0	0	0.2626766264	0.2264151275	0.8500846624	4.121544838
1055	0.7111795545	0.7111795545	0	0	0.2606708705	0.2109284699	0.8421524763	4.121312618
1056	0.7131844759	0.7131844759	0	0	0.2596263885	0.2114098221	0.8448298573	4.121531487
1057	0.7573872805	0.7573872805	0	0	0.2592419684	0.1955050081	0.8415356874	4.121498585
1058	0.7894527912	0.7894527912	0	0	0.264991045	0.1949999928	0.8552907109	4.121707916
1059	0.7980629802	0.7980629802	0	0	0.2692772448	0.1959338933	0.8636334538	4.121839523
1060	0.7829338908	0.7829338908	0	0	0.2684273124	0.2052031308	0.859805882	4.122377396
1061	0.8209873438	0.8209873438	0	0	0.2677238882	0.1944119185	0.8495880365	4.121940613
1062	0.7919661999	0.7919661999	0	0	0.2650811374	0.2199657112	0.8539206982	4.121587276
1063	0.8102433085	0.8102433085	0	0	0.2601347566	0.216567874	0.8436318636	4.121469975
1064	0.8185074925	0.8185074925	0	0	0.2527240217	0.2250199765	0.8375412226	4.121383667
1065	0.8601484895	0.8601484895	0	0	0.2550314367	0.2083222568	0.8425346613	4.121549606
1066	0.8730695844	0.8730695844	0	0	0.2594385743	0.2111176997	0.853186667	4.12166357
1067	0.8789269328	0.8789269328	0	0	0.2634877563	0.2210607976	0.8626519442	4.1218853
1068	0.8873802423	0.8873802423	0	0	0.2652747333	0.219748795	0.8596367836	4.122190475
1069	0.9409786463	0.9409786463	0	0	0.268239826	0.2052832842	0.8563542962	4.122336388
1070	0.9463835359	0.9463835359	0	0	0.2661496699	0.2274527997	0.8591887951	4.122140408
1071	0.9486872554	0.9486872554	0	0	0.2596883774	0.2331156731	0.84884727	4.121724606
1072	0.9728367925	0.9728367925	0	0	0.2617456019	0.2221544534	0.8533188701	4.121850967
1073	1.007983685	1.007983685	0	0	0.262085855	0.2060687393	0.8522056341	4.121904373
1074	1.040509343	1.040509343	0	0	0.2616700232	0.2091694325	0.8554278016	4.121778488
1075	1.017466068	1.017466068	0	0	0.266591996	0.2071710974	0.8627733588	4.121967316
1076	1.018302679	1.018302679	0	0	0.2689131796	0.2089050412	0.8618165851	4.122610092
1077	1.027115583	1.027115583	0	0	0.2688741684	0.210004881	0.8572118878	4.122748852
1078	0.9927867651	0.9927867651	0	0	0.2656972706	0.2225512117	0.8540158868	4.122388363
1079	1.005066633	1.005066633	0	0	0.2640966773	0.2145716846	0.8492663503	4.121796608
1080	0.9804787636	0.9804787636	0	0	0.2619872391	0.2173518687	0.8520533442	4.121648312
1081	1.020879745	1.020879745	0	0	0.2604194283	0.2115465552	0.8521851301	4.122010231
1082	1.060815096	1.060815096	0	0	0.2578383982	0.214477092	0.8501431346	4.121916294
1083	1.046134353	1.046134353	0	0	0.2675243616	0.2007587254	0.8616915941	4.122232914
1084	1.030192375	1.030192375	0	0	0.2670013905	0.2160620242	0.8605237007	4.122542858
1085	1.08076787	1.08076787	0	0	0.2726868093	0.2145716846	0.8643670082	4.122750282
1086	1.092229247	1.092229247	0	0	0.2727383375	0.2156957686	0.8610768914	4.122468948
1087	1.046893954	1.046893954	0	0	0.2701574862	0.2125739306	0.8581261635	4.121942997
1088	1.031893373	1.031893373	0	0	0.2632893622	0.2185338587	0.8529500365	4.121640682
1089	1.079370737	1.079370737	0	0	0.2639809251	0.2161487639	0.8601495028	4.122069359
1090	1.063633442	1.063633442	0	0	0.2711269557	0.1953674704	0.8621695638	4.121613503
1091	1.064908981	1.064908981	0	0	0.2804093957	0.1879889816	0.8708081841	4.121623039
1092	1.030745506	1.030745506	0	0	0.2829755545	0.1939824224	0.8735765815	4.121939659
1093	1.048590899	1.048590899	0	0	0.2811703086	0.1904142499	0.8675049543	4.121841908
1094	1.030537128	1.030537128	0	0	0.2770887017	0.1937526017	0.8628060222	4.12172699
1095	0.9612031579	0.9612031579	0	0	0.2650553882	0.2130192369	0.8493744731	4.121411324
1096	0.9611477852	0.9611477852	0	0	0.2624658346	0.2114002407	0.8466147184	4.12142086
1097	0.9818530083	0.9818530083	0	0	0.2589577138	0.2115560323	0.8430085182	4.121709347
1098	1.017918706	1.017918706	0	0	0.2735439837	0.1878498495	0.8641957045	4.121696472
1099	1.004548073	1.004548073	0	0	0.2805992961	0.1893858165	0.8721966743	4.121813297
1100	1.022591949	1.022591949	0	0	0.2830119431	0.1970134079	0.8743107319	4.12225914
1101	0.9893066883	0.9893066883	0	0	0.2768568397	0.2034172118	0.8642130494	4.122107029
1102	1.00300014	1.00300014	0	0	0.2767006159	0.1930090338	0.8615174294	4.121753693
1103	0.9623585939	0.9623585939	0	0	0.2673251927	0.2019125819	0.8515347242	4.121421337
1104	0.9480420351	0.9480420351	0	0	0.2637104392	0.216407612	0.8567014337	4.121407509
1105	0.9672868848	0.9672868848	0	0	0.2581124902	0.216429159	0.8478640318	4.121714592
1106	0.9569907188	0.9569907188	0	0	0.2585674822	0.220743686	0.8487468958	4.121809959
1107	0.9616926312	0.9616926312	0	0	0.2632304728	0.2123087645	0.8466479182	4.121829987
1108	0.9684463739	0.9684463739	0	0	0.2627927959	0.2230840176	0.8423959017	4.122298241
1109	0.9813979268	0.9813979268	0	0	0.2598676682	0.2183305621	0.8243668675	4.122511864
1110	0.9507397413	0.9507397413	0	0	0.2574642599	0.2273424715	0.8269270062	4.122009277
1111	0.9507633448	0.9507633448	0	0	0.2542533278	0.2123726457	0.8177546263	4.121820927
1112	0.9253093004	0.9253093004	0	0	0.244731769	0.228484109	0.8067063689	4.121478081
1113	0.9396147728	0.9396147728	0	0	0.254445076	0.2321552932	0.8450414538	4.122066498
1114	0.9237122536	0.9237122536	0	0	0.258597225	0.2219345421	0.8483111262	4.121713161
1115	0.9628358483	0.9628358483	0	0	0.2699666023	0.2126279622	0.8565696478	4.121726036
1116	0.9388394952	0.9388394952	0	0	0.2705873549	0.219498679	0.8532606959	4.12203598
1117	0.9183989763	0.9183989763	0	0	0.2721737623	0.2030833364	0.8540315032	4.121809959
1118	0.869146049	0.869146049	0	0	0.2669761777	0.2141719162	0.8454019427	4.121666908
1119	0.8302370906	0.8302370906	0	0	0.2581106722	0.2207324803	0.8345931172	4.121445179
1120	0.8848876953	0.8848876953	0	0	0.2600683272	0.2171385586	0.8404251337	4.121330738
1121	0.8245733976	0.8245733976	0	0	0.257307291	0.2114684731	0.8449984193	4.121688366
1122	0.7890486717	0.7890486717	0	0	0.256457597	0.2194993198	0.8434470296	4.121685028
1123	0.8232917786	0.8232917786	0	0	0.2665869594	0.2184148133	0.8549820781	4.121870995
1124	0.806132257	0.806132257	0	0	0.2657864094	0.2247723639	0.8498169184	4.122341156
1125	0.7994462252	0.7994462252	0	0	0.2632569671	0.2274285257	0.8437130451	4.122101307
1126	0.7904261351	0.7904261351	0	0	0.261916846	0.2216254622	0.8396464586	4.121936798
1127	0.8326390386	0.8326390386	0	0	0.2612146437	0.2170761675	0.8418669105	4.121560574
1128	0.8261067271	0.8261067271	0	0	0.2571361065	0.2231807262	0.8433257341	4.121385574
1129	0.8217591643	0.8217591643	0	0	0.2589174211	0.2174043208	0.8522683382	4.121808529
1130	0.8074973226	0.8074973226	0	0	0.2564763725	0.232862547	0.8516088128	4.121750355
1131	0.8567779064	0.8567779064	0	0	0.2678149045	0.2153210342	0.8618105054	4.121869564
1132	0.8033220172	0.8033220172	0	0	0.2641743124	0.227387175	0.8554793596	4.122259617
1133	0.8097641468	0.8097641468	0	0	0.264439255	0.2306010574	0.8528980017	4.122226238
1134	0.8111653924	0.8111653924	0	0	0.2629830837	0.2254882604	0.8468847871	4.121801376
1135	0.822232306	0.822232306	0	0	0.2609188259	0.2260804623	0.8489510417	4.121558666
1136	0.855451107	0.855451107	0	0	0.257488519	0.2216997445	0.8439535499	4.121374607
1137	0.8363323212	0.8363323212	0	0	0.257905066	0.2292557657	0.8558087349	4.1218853
1138	0.8528017998	0.8528017998	0	0	0.2581859231	0.2384583652	0.8531773686	4.12157917
1139	0.8961988091	0.8961988091	0	0	0.2692097723	0.2171062529	0.8621083498	4.12169075
1140	0.8704183698	0.8704183698	0	0	0.271304369	0.2210671306	0.8636617064	4.122102261
1141	0.8419494629	0.8419494629	0	0	0.2681390047	0.2174200714	0.8529564142	4.121800423
1142	0.8249565363	0.8249565363	0	0	0.2657780349	0.2197651118	0.8466602564	4.121555328
1143	0.8132218122	0.8132218122	0	0	0.2586424351	0.225239113	0.8387365937	4.12137413
1144	0.889904201	0.889904201	0	0	0.2601182461	0.2108190209	0.8367512226	4.121299744
1145	0.8205382824	0.8205382824	0	0	0.2587125897	0.2185456455	0.8476540446	4.121613979
1146	0.7594608068	0.7594608068	0	0	0.2553389072	0.2334792316	0.8456248045	4.121674538
1147	0.7947030067	0.7947030067	0	0	0.2697230279	0.204606086	0.8594762683	4.121761322
1148	0.7340679765	0.7340679765	0	0	0.2668975294	0.22227557	0.8572345972	4.122140408
1149	0.720549345	0.720549345	0	0	0.2646508813	0.2243857384	0.8478861451	4.122096539
1150	0.7488975525	0.7488975525	0	0	0.2651262879	0.2202631235	0.8461942077	4.121761799
1151	0.7766953707	0.7766953707	0	0	0.2604916692	0.2220306844	0.843491137	4.121512413
1152	0.7761067748	0.7761067748	0	0	0.2557517886	0.2255729735	0.8381607533	4.121356964
1153	0.7483605146	0.7483605146	0	0	0.2440613955	0.2485183924	0.8293796778	4.121544361
1154	0.7093446851	0.7093446851	0	0	0.2408247739	0.255776763	0.8240536451	4.12166357
1155	0.7241996527	0.7241996527	0	0	0.2499077916	0.2368561924	0.831469059	4.12185812
1156	0.6791487336	0.6791487336	0	0	0.2512606978	0.2469400167	0.8324778676	4.122271061
1157	0.6620507836	0.6620507836	0	0	0.2494419664	0.2484875917	0.824301064	4.122013569
1158	0.6671100259	0.6671100259	0	0	0.2469982803	0.2504498959	0.8128724098	4.121679306
1159	0.685090363	0.685090363	0	0	0.2419535071	0.2378722578	0.7981064916	4.121529102
1160	0.6906010509	0.6906010509	0	0	0.2370888591	0.2413005382	0.7902610302	4.121380806
1161	0.6665413976	0.6665413976	0	0	0.2391932607	0.2607240975	0.8180232048	4.121706486
1162	0.6652321815	0.6652321815	0	0	0.2443088293	0.2461521924	0.8201089501	4.121604443
1163	0.7240757346	0.7240757346	0	0	0.2513979971	0.2369153351	0.8232867122	4.121608734
1164	0.6779301167	0.6779301167	0	0	0.2579108179	0.2336388379	0.8353043795	4.121772766
1165	0.6345974803	0.6345974803	0	0	0.2582407594	0.228170529	0.8305057287	4.121582985
1166	0.6354691982	0.6354691982	0	0	0.2530094683	0.2343828082	0.8166713715	4.121341705
1167	0.717476964	0.717476964	0	0	0.2489750981	0.2284117043	0.809756577	4.121256828
1168	0.746525228	0.746525228	0	0	0.2451506853	0.2250212878	0.8028654456	4.121229172
1169	0.6346016526	0.6346016526	0	0	0.2448699325	0.2173590362	0.8092689514	4.121384621
1170	0.5614174604	0.5614174604	0	0	0.2463443875	0.2234135419	0.814412415	4.121453285
1171	0.5687140822	0.5687140822	0	0	0.2529527843	0.2269034088	0.8262531757	4.1215868
1172	0.5349332094	0.5349332094	0	0	0.2598372102	0.2155146897	0.833468914	4.121901989
1173	0.4910180271	0.4910180271	0	0	0.2598289251	0.2171251178	0.8307335973	4.121744633
1174	0.5055322647	0.5055322647	0	0	0.2593027651	0.2179505676	0.8283882141	4.121445656
1175	0.5843055248	0.5843055248	0	0	0.2593891621	0.198996231	0.8259504437	4.121306419
1176	0.6179258823	0.6179258823	0	0	0.2537996769	0.2000077963	0.8168475628	4.121208668
1177	0.581808269	0.581808269	0	0	0.2484258413	0.2280351967	0.8241605163	4.121266842
1178	0.5312405825	0.5312405825	0	0	0.2513048947	0.2325656563	0.8348987103	4.121382713
1179	0.5390907526	0.5390907526	0	0	0.2593722343	0.2309711576	0.8460499644	4.12151289
1180	0.5180091262	0.5180091262	0	0	0.2620666921	0.2411378026	0.8510714173	4.121897221
1181	0.4858852625	0.4858852625	0	0	0.2640858591	0.230708167	0.8489624262	4.121805191
1182	0.5157513022	0.5157513022	0	0	0.2600195408	0.2452118099	0.8427092433	4.121387482
1183	0.5738350749	0.5738350749	0	0	0.2577816844	0.2294842452	0.8340899944	4.121286392
1184	0.5723153949	0.5723153949	0	0	0.2479240745	0.2402799428	0.8146759868	4.121153831
1185	0.5069864392	0.5069864392	0	0	0.2476589084	0.2382191718	0.8271503448	4.121316433
1186	0.4698390067	0.4698390067	0	0	0.2545998096	0.2332011014	0.8425835371	4.121425152
1187	0.5176390409	0.5176390409	0	0	0.2623808682	0.234171465	0.8526496887	4.121463776
1188	0.4975684583	0.4975684583	0	0	0.262783289	0.2471244633	0.8549519777	4.121668339
1189	0.4696202874	0.4696202874	0	0	0.2664026618	0.2265544236	0.8509910107	4.12163496
1190	0.4637696445	0.4637696445	0	0	0.2625052631	0.2312690616	0.8440159559	4.121363163
1191	0.4717696011	0.4717696011	0	0	0.2536418438	0.2389531583	0.8317915797	4.121299267
1192	0.5542390347	0.5542390347	0	0	0.2550462186	0.2283523381	0.8325873613	4.121300697
1193	0.4762558639	0.4762558639	0	0	0.2509289384	0.2309938371	0.834559381	4.12140274
1194	0.4007634521	0.4007634521	0	0	0.2511788309	0.2353989482	0.8374359608	4.121486664
1195	0.4285626113	0.4285626113	0	0	0.2603367567	0.2310537845	0.851305902	4.12166357
1196	0.4239768982	0.4239768982	0	0	0.2634137571	0.2385648936	0.8551754951	4.121900558
1197	0.3765463233	0.3765463233	0	0	0.265073806	0.2251489013	0.8487169147	4.122168541
1198	0.3819757998	0.3819757998	0	0	0.2621100843	0.2249267697	0.8424475789	4.121500969
1199	0.4544187188	0.4544187188	0	0	0.2581686676	0.2175690085	0.8350681067	4.121378422
1200	0.4453139603	0.4453139603	0	0	0.2544668317	0.2251579165	0.8316636682	4.121435165
1201	0.4332098365	0.4332098365	0	0	0.252774179	0.2188605964	0.8328530192	4.121357918
1202	0.3828494251	0.3828494251	0	0	0.2577403486	0.2121744454	0.8447414637	4.121480942
1203	0.4030939639	0.4030939639	0	0	0.2670517862	0.2034993172	0.8567724824	4.12169981
1204	0.355446279	0.355446279	0	0	0.2669500709	0.2166649252	0.855776906	4.121974945
1205	0.3568520546	0.3568520546	0	0	0.2669609487	0.2164165825	0.8504433632	4.122045517
1206	0.3758667409	0.3758667409	0	0	0.262814194	0.2240609229	0.8431966901	4.121570587
1207	0.417802453	0.417802453	0	0	0.2577800155	0.2153089195	0.8323261738	4.121414661
1208	0.4217890799	0.4217890799	0	0	0.2518844008	0.2301241755	0.8269463778	4.121385574
1209	0.4293874204	0.4293874204	0	0	0.2538146377	0.2353377342	0.8445442915	4.121462345
1210	0.3763745725	0.3763745725	0	0	0.2516880929	0.2391629219	0.8443222046	4.121525288
1211	0.3997423947	0.3997423947	0	0	0.2630851865	0.2280041426	0.8585096002	4.121655464
1212	0.4177425802	0.4177425802	0	0	0.2666592002	0.2376527339	0.8636894226	4.121975422
1213	0.4694077969	0.4694077969	0	0	0.2678056359	0.2254800797	0.8563085198	4.122249126
1214	0.514411211	0.514411211	0	0	0.2650067508	0.2305329442	0.8512009978	4.121850014
1215	0.5632995367	0.5632995367	0	0	0.2586744726	0.224001959	0.8403836489	4.121684074
1216	0.5851478577	0.5851478577	0	0	0.2549172938	0.2242094725	0.8364319801	4.121752739
1217	0.5897896886	0.5897896886	0	0	0.2560098171	0.214759469	0.8420239687	4.121704578
1218	0.5411306024	0.5411306024	0	0	0.2563551068	0.214014411	0.8458757997	4.121701717
1219	0.5322230458	0.5322230458	0	0	0.2635794878	0.222150147	0.8582408428	4.12190485
1220	0.5337797999	0.5337797999	0	0	0.2669910789	0.2274348885	0.8607368469	4.122403622
1221	0.5322834849	0.5322834849	0	0	0.2671483457	0.2259210795	0.8549556732	4.122716427
1222	0.5588852167	0.5588852167	0	0	0.267865479	0.2204010636	0.851606667	4.122103691
1223	0.5940567851	0.5940567851	0	0	0.2665762007	0.2071501017	0.8488926888	4.121752739
1224	0.5817731023	0.5817731023	0	0	0.2613855004	0.212071538	0.8443237543	4.122079849
1225	0.5801321268	0.5801321268	0	0	0.2555242181	0.2178228199	0.8426713347	4.121503353
1226	0.5444124937	0.5444124937	0	0	0.2530096769	0.2324936539	0.84839046	4.121701241
1227	0.5579072237	0.5579072237	0	0	0.2607632279	0.2272897959	0.8564571142	4.121903419
1228	0.5461205244	0.5461205244	0	0	0.2636623085	0.239081502	0.8607390523	4.122412205
1229	0.5562400818	0.5562400818	0	0	0.2682758868	0.230805397	0.8602247834	4.122590065
1230	0.5818119645	0.5818119645	0	0	0.2652245462	0.2256163806	0.8494194746	4.121739864
1231	0.5721508265	0.5721508265	0	0	0.2598779798	0.2261774689	0.8402056694	4.121779442
1232	0.5533585548	0.5533585548	0	0	0.250772059	0.2362445444	0.8297382593	4.121744633
1233	0.5250157118	0.5250157118	0	0	0.2474067062	0.244348526	0.8367980719	4.121665001
1234	0.5264490843	0.5264490843	0	0	0.2524349988	0.2422750294	0.8519188166	4.121997356
1235	0.5524622202	0.5524622202	0	0	0.2592105865	0.2487809509	0.8608882427	4.12218523
1236	0.5780646205	0.5780646205	0	0	0.2627351284	0.2539783716	0.8649510145	4.122764111
1237	0.6313847303	0.6313847303	0	0	0.2684032917	0.2388292104	0.863673687	4.123045444
1238	0.6719696522	0.6719696522	0	0	0.2666836381	0.2389419824	0.8581894636	4.12261343
1239	0.7245761156	0.7245761156	0	0	0.263456881	0.2358460724	0.8532211781	4.122707844
1240	0.7273476124	0.7273476124	0	0	0.2593652308	0.2361355275	0.849411726	4.123056412
1241	0.7300312519	0.7300312519	0	0	0.2550278604	0.2457685024	0.8530346751	4.12258625
1242	0.7351309657	0.7351309657	0	0	0.2509251535	0.2509903908	0.8497040868	4.122528553
1243	0.7241045833	0.7241045833	0	0	0.2594131827	0.2410726994	0.8559804559	4.123016834
1244	0.7241175175	0.7241175175	0	0	0.2630565166	0.236181736	0.8571947813	4.123322964
1245	0.7220925093	0.7220925093	0	0	0.2620736659	0.2306721807	0.8468908668	4.123411179
1246	0.743950367	0.743950367	0	0	0.2656739652	0.212653771	0.8460558653	4.123180389
1247	0.7327570319	0.7327570319	0	0	0.2617710531	0.2174653113	0.8448281288	4.122706413
1248	0.7141001821	0.7141001821	0	0	0.2582049966	0.2217594385	0.843302846	4.123120785
1249	0.7236428261	0.7236428261	0	0	0.2564353347	0.2128267288	0.8479014039	4.122622013
1250	0.7340167761	0.7340167761	0	0	0.2516825199	0.2196559906	0.8456946611	4.122799397
1251	0.7487432957	0.7487432957	0	0	0.2598659992	0.2143909782	0.8530964851	4.123012066
1252	0.7395368218	0.7395368218	0	0	0.2609987855	0.2250619233	0.8548150659	4.123197079
1253	0.7724748254	0.7724748254	0	0	0.264261663	0.2189232558	0.8502913117	4.12336874
1254	0.7711106539	0.7711106539	0	0	0.2644858658	0.2188609838	0.849190414	4.122844696
1255	0.7897066474	0.7897066474	0	0	0.2593357861	0.2286301106	0.8456215858	4.122889996
1256	0.7654826045	0.7654826045	0	0	0.2539939582	0.2266543657	0.8373851776	4.123162746
1257	0.7623350024	0.7623350024	0	0	0.2508295178	0.2394576371	0.8475915194	4.123056889
1258	0.7932670116	0.7932670116	0	0	0.2504336834	0.2344798744	0.849157691	4.123143673
1259	0.8262605071	0.8262605071	0	0	0.2604083419	0.2260162681	0.8594492078	4.123155594
1260	0.8385891914	0.8385891914	0	0	0.2617252767	0.2399621755	0.8617808819	4.12330389
1261	0.903511703	0.903511703	0	0	0.2683620751	0.2320127189	0.8619580865	4.123454094
1262	0.9238088727	0.9238088727	0	0	0.268348366	0.2370798737	0.8599062562	4.123305321
1263	1.002449155	1.002449155	0	0	0.2638223171	0.2370656729	0.8540446758	4.123450756
1264	0.9884175062	0.9884175062	0	0	0.2604314387	0.2324420214	0.8501522541	4.12351799
1265	0.975271523	0.975271523	0	0	0.2543765306	0.2438472062	0.8506655097	4.1233778
1266	1.035751104	1.035751104	0	0	0.25458166	0.2409257144	0.8532609344	4.123393536
1267	1.022090197	1.022090197	0	0	0.2629356086	0.2277503759	0.8579340577	4.123407841
1268	1.016061664	1.016061664	0	0	0.2634342909	0.2317852676	0.8568566442	4.123513222
1269	0.9984146357	0.9984146357	0	0	0.2643855214	0.2291764021	0.8477959633	4.123598576
1270	1.015387774	1.015387774	0	0	0.2688508928	0.2175191492	0.8472699523	4.123530388
1271	1.110956669	1.110956669	0	0	0.2680223286	0.2200208902	0.8512583971	4.123581886
1272	1.007719994	1.007719994	0	0	0.2578233778	0.2287908494	0.840739131	4.123582363
1273	0.9897700548	0.9897700548	0	0	0.2533924878	0.2289310396	0.8401136994	4.123425961
1274	1.071730494	1.071730494	0	0	0.2541030645	0.230381012	0.8462994695	4.123484612
1275	1.059932232	1.059932232	0	0	0.2588258386	0.2162902206	0.8458352685	4.123474121
1276	1.057559371	1.057559371	0	0	0.2581765056	0.228919059	0.8453694582	4.123569965
1277	1.038647532	1.038647532	0	0	0.2574399114	0.2318560779	0.8382946849	4.123566151
1278	1.063898325	1.063898325	0	0	0.2580362856	0.2383620143	0.838832736	4.123545647
1279	1.129113197	1.129113197	0	0	0.2526950538	0.2367439717	0.8288778663	4.123612881
1280	1.095702529	1.095702529	0	0	0.2492970973	0.2506059706	0.8314912915	4.123618126
1281	1.053649783	1.053649783	0	0	0.2419975102	0.2590504885	0.8284487128	4.12348938
1282	1.093030453	1.093030453	0	0	0.2454033792	0.2434199005	0.8342143297	4.123513222
1283	1.138170004	1.138170004	0	0	0.2538990676	0.237398237	0.8447137475	4.123561859
1284	1.157404542	1.157404542	0	0	0.2550087571	0.2346510887	0.8422930837	4.123549461
1285	1.172231913	1.172231913	0	0	0.2578285038	0.2257037908	0.8379981518	4.123616219
1286	1.163663626	1.163663626	0	0	0.2586854398	0.2254803479	0.8328441381	4.12359333
1287	1.314654708	1.314654708	0	0	0.2562110424	0.2334644198	0.8345193267	4.123631954
1288	1.262917519	1.262917519	0	0	0.2484240234	0.2427413762	0.826541543	4.123566628
1289	1.261453509	1.261453509	0	0	0.2454681844	0.2385151535	0.8264071941	4.123540401
1290	1.320233703	1.320233703	0	0	0.2434376329	0.2448751628	0.8271322846	4.123521805
1291	1.321631551	1.321631551	0	0	0.2505592704	0.239745304	0.8384125233	4.123550415
1292	1.334793568	1.334793568	0	0	0.2526645958	0.2396879196	0.8382516503	4.123610497
1293	1.283539414	1.283539414	0	0	0.251585573	0.2421892732	0.8266829252	4.123605251
1294	1.26317668	1.26317668	0	0	0.250666678	0.2450336963	0.8203790784	4.123627663
1295	1.296553969	1.296553969	0	0	0.249417603	0.2355051786	0.8180227876	4.123716354
1296	1.276132822	1.276132822	0	0	0.2460328937	0.2406623513	0.8170901537	4.123626232
1297	1.243240595	1.243240595	0	0	0.2425611168	0.2510529757	0.8252314329	4.123492718
1298	1.293361664	1.293361664	0	0	0.239315033	0.2581493855	0.825860858	4.123517513
1299	1.278846145	1.278846145	0	0	0.2440790385	0.25130108	0.8307017088	4.12350893
1300	1.273855925	1.273855925	0	0	0.2489599288	0.2531780303	0.8356812	4.123590469
1301	1.278928518	1.278928518	0	0	0.2513930798	0.2544034123	0.8349564672	4.123558521
1302	1.236782193	1.236782193	0	0	0.2496772707	0.2570044398	0.8237986565	4.123597145
1303	1.288192272	1.288192272	0	0	0.2437298447	0.2497172356	0.8080189228	4.123627186
1304	1.258230329	1.258230329	0	0	0.2372436523	0.2657305002	0.8023553491	4.123592377
1305	1.230952621	1.230952621	0	0	0.2433430403	0.2548808157	0.8269299269	4.123577118
1306	1.076751351	1.076751351	0	0	0.2593857348	0.2182229757	0.840703249	4.123524666
1307	1.087629914	1.087629914	0	0	0.2632757425	0.2072677612	0.8377815485	4.123394489
1308	1.075959921	1.075959921	0	0	0.2653458714	0.2091112584	0.8371585011	4.123395443
1309	1.103721023	1.103721023	0	0	0.2718888819	0.2019974887	0.8402472138	4.123540878
1310	1.091471434	1.091471434	0	0	0.2694708109	0.2072674632	0.8313606977	4.123398781
1311	1.059117913	1.059117913	0	0	0.2599212229	0.2114657611	0.8187946081	4.123476982
1312	1.078763008	1.078763008	0	0	0.2615086436	0.2055064887	0.8218978047	4.123514652
1313	1.030926704	1.030926704	0	0	0.2534342706	0.220431596	0.8282392621	4.123380661
1314	1.043408155	1.043408155	0	0	0.2545244098	0.2274971902	0.8377919197	4.1234231
1315	1.058205605	1.058205605	0	0	0.2579944134	0.2273434252	0.8429345489	4.12341547
1316	1.054099798	1.054099798	0	0	0.2595704496	0.2356047183	0.8432263732	4.123482704
1317	1.052529693	1.052529693	0	0	0.2601273954	0.2341807932	0.8364461064	4.123536587
1318	1.044554234	1.044554234	0	0	0.2643577456	0.2268147022	0.8364616632	4.123445034
1319	1.046053171	1.046053171	0	0	0.2597444952	0.2220427692	0.8305365443	4.123525143
1320	1.026692152	1.026692152	0	0	0.2528871596	0.2320690155	0.8225546479	4.123585701
1321	1.031573296	1.031573296	0	0	0.2453642339	0.2374980152	0.8186926842	4.123484135
1322	1.057442069	1.057442069	0	0	0.2477948517	0.2383731157	0.8289262652	4.123494625
1323	1.102344871	1.102344871	0	0	0.256429404	0.2256880552	0.8418034911	4.123489857
1324	1.111248255	1.111248255	0	0	0.2607300878	0.2382189631	0.8491383791	4.123513699
1325	1.067294836	1.067294836	0	0	0.2607794106	0.2357710898	0.841157198	4.123505592
1326	1.029963851	1.029963851	0	0	0.2668818235	0.2311556041	0.845192492	4.123434067
1327	1.065249443	1.065249443	0	0	0.2600576878	0.2227344215	0.8343431354	4.123627663
1328	1.025421739	1.025421739	0	0	0.2572139204	0.2368808538	0.8364812136	4.123490334
1329	1.050086617	1.050086617	0	0	0.2499506176	0.2531152368	0.8404383659	4.123459339
1330	1.015657187	1.015657187	0	0	0.2585038245	0.2256868184	0.8447762728	4.123326778
1331	1.068773389	1.068773389	0	0	0.2702147365	0.2041940242	0.8541340828	4.123158455
1332	1.017904162	1.017904162	0	0	0.2669525743	0.2200364619	0.8460072279	4.122980118
1333	1.057023883	1.057023883	0	0	0.2735592425	0.203925401	0.8477299809	4.12312603
1334	1.045338035	1.045338035	0	0	0.2721401751	0.2066386044	0.840395987	4.122595787
1335	1.060338378	1.060338378	0	0	0.2651232481	0.1974757314	0.8252244592	4.122502804
1336	1.063525796	1.063525796	0	0	0.2615902424	0.2072003931	0.8249192238	4.12242794
1337	1.036893129	1.036893129	0	0	0.2569929659	0.2150461823	0.8358160853	4.122229576
1338	1.025029898	1.025029898	0	0	0.2545988858	0.219384104	0.8375157118	4.122322083
1339	1.051017761	1.051017761	0	0	0.2627288103	0.2189917266	0.8517224193	4.122705936
1340	1.034426928	1.034426928	0	0	0.2600236237	0.2282322645	0.8422883153	4.122908592
1341	1.043907881	1.043907881	0	0	0.261679709	0.2369725108	0.8429459929	4.123088837
1342	1.0266186	1.0266186	0	0	0.2590394914	0.2319163531	0.8310254216	4.122734547
1343	1.032568932	1.032568932	0	0	0.2576102912	0.2294710726	0.8332644105	4.12255764
1344	1.024897218	1.024897218	0	0	0.2549315393	0.2374385446	0.8349528313	4.122678757
1345	1.02927053	1.02927053	0	0	0.2533332407	0.2363568097	0.8403857946	4.122566223
1346	1.046031952	1.046031952	0	0	0.2537558973	0.2412355691	0.8460162282	4.122788429
1347	1.049016356	1.049016356	0	0	0.2574830055	0.2336671948	0.8475634456	4.122879982
1348	1.032126784	1.032126784	0	0	0.2559858263	0.2393689901	0.8378632069	4.123122215
1349	1.028511286	1.028511286	0	0	0.258173883	0.2438513637	0.8382058144	4.123198509
1350	1.022682428	1.022682428	0	0	0.2646698654	0.242370531	0.8487431407	4.122859955
1351	1.038080692	1.038080692	0	0	0.2570215166	0.2462773621	0.8367224336	4.122400761
1352	0.971010685	0.971010685	0	0	0.2486605644	0.2479276955	0.8221106529	4.122249126
1353	0.9888029695	0.9888029695	0	0	0.249997884	0.2504493296	0.8383299708	4.122645855
1354	0.9440854192	0.9440854192	0	0	0.2541041076	0.2372015119	0.8412934542	4.122210026
1355	0.9394520521	0.9394520521	0	0	0.2638872564	0.2211857587	0.8496789336	4.122381687
1356	0.9134844542	0.9134844542	0	0	0.2613590658	0.2388988882	0.8432509303	4.122439384
1357	0.8870587945	0.8870587945	0	0	0.2685557902	0.2189949155	0.8464651704	4.122591019
1358	0.8707549572	0.8707549572	0	0	0.2672789097	0.222612381	0.8430382013	4.121886253
1359	0.8646094799	0.8646094799	0	0	0.2607510388	0.2158171833	0.8305336833	4.121732235
1360	0.8543570638	0.8543570638	0	0	0.2591429055	0.219856441	0.8312121034	4.121623039
1361	0.8297854066	0.8297854066	0	0	0.2578769624	0.2142717987	0.8376519084	4.121582985
1362	0.824460268	0.824460268	0	0	0.2558474541	0.2261412293	0.8415435553	4.121733189
1363	0.8414804339	0.8414804339	0	0	0.2616393864	0.2345664352	0.8551999927	4.122030735
1364	0.8599962592	0.8599962592	0	0	0.2645856738	0.2398885041	0.8564305305	4.122364521
1365	0.8618325591	0.8618325591	0	0	0.2644049525	0.2426567376	0.8513295054	4.12260437
1366	0.8596675396	0.8596675396	0	0	0.2679024935	0.2265822589	0.8507520556	4.122102261
1367	0.8924502134	0.8924502134	0	0	0.2603617609	0.2443824559	0.8475034833	4.12170887
1368	0.848074615	0.848074615	0	0	0.257412225	0.2392319888	0.8432199359	4.121749878
1369	0.8662381768	0.8662381768	0	0	0.2541138232	0.2456981093	0.8457255363	4.121720314
1370	0.9066487551	0.9066487551	0	0	0.2535858154	0.2593238652	0.8533785939	4.121879578
1371	0.9161038995	0.9161038995	0	0	0.2589590847	0.2525900304	0.8590356112	4.122286797
1372	0.9235964417	0.9235964417	0	0	0.2604333162	0.2632852793	0.8586270213	4.122598648
1373	0.8824993372	0.8824993372	0	0	0.258615613	0.2603415847	0.8477115631	4.122801781
1374	0.877650857	0.877650857	0	0	0.2579176426	0.2582802474	0.8433889747	4.121799469
1375	0.8561989665	0.8561989665	0	0	0.2519571483	0.2510857582	0.8272371888	4.121852875
1376	0.8029150367	0.8029150367	0	0	0.2475909293	0.2448545694	0.8169866204	4.121724129
1377	0.8052467108	0.8052467108	0	0	0.2549773157	0.2423650473	0.8448476195	4.121630192
1378	0.846278429	0.846278429	0	0	0.2593948543	0.2419798076	0.8538514972	4.12183857
1379	0.8420049548	0.8420049548	0	0	0.2672032416	0.2342156917	0.8604953289	4.122016907
1380	0.8210832477	0.8210832477	0	0	0.2682908475	0.2391219586	0.8582562804	4.121937275
1381	0.7411711812	0.7411711812	0	0	0.2709299624	0.2228503525	0.8568368554	4.121930599
1382	0.7186448574	0.7186448574	0	0	0.2658312023	0.2354021817	0.8508701324	4.121542454
1383	0.6930778027	0.6930778027	0	0	0.267051518	0.2026729584	0.8402168751	4.121428013
1384	0.7139982581	0.7139982581	0	0	0.2635254264	0.2100912333	0.8376637697	4.121381283
1385	0.6829352975	0.6829352975	0	0	0.2681710422	0.1807115972	0.8408090472	4.121393681
1386	0.6880580187	0.6880580187	0	0	0.2633677125	0.208788082	0.8447805047	4.121592045
1387	0.6795693636	0.6795693636	0	0	0.2644607425	0.2123625427	0.8463830352	4.121863842
1388	0.6880751252	0.6880751252	0	0	0.2645561397	0.2189351767	0.8475673199	4.12201786
1389	0.6756319404	0.6756319404	0	0	0.2622763216	0.2227565944	0.841322124	4.122067928
1390	0.6909174323	0.6909174323	0	0	0.2629954219	0.2196722031	0.841797173	4.12163496
1391	0.6936058998	0.6936058998	0	0	0.2618695199	0.2077127248	0.8352469206	4.121364117
1392	0.6893647313	0.6893647313	0	0	0.2591607273	0.2112668306	0.8352684975	4.121384621
1393	0.7012999654	0.7012999654	0	0	0.2597971857	0.2090721428	0.8375821114	4.121376514
1394	0.7276169062	0.7276169062	0	0	0.2625460029	0.2074192613	0.8473039269	4.121576786
1395	0.7245011926	0.7245011926	0	0	0.2645354569	0.2114888877	0.8495033979	4.121932983
1396	0.7135605216	0.7135605216	0	0	0.265501231	0.2103548795	0.8482695818	4.122196198
1397	0.7665236592	0.7665236592	0	0	0.2689772844	0.2114896774	0.8542222381	4.122228146
1398	0.7692441344	0.7692441344	0	0	0.2663660645	0.2199762166	0.8505736589	4.121842384
1399	0.8003202081	0.8003202081	0	0	0.2668933868	0.2004043311	0.8419861794	4.121414661
1400	0.8113877177	0.8113877177	0	0	0.2608473897	0.2140551955	0.8398995399	4.121338844
1401	0.8172703981	0.8172703981	0	0	0.2630128562	0.2087952048	0.8480079174	4.12149477
1402	0.819585681	0.819585681	0	0	0.2634125054	0.2126757801	0.8519660234	4.121585846
1403	0.7979218364	0.7979218364	0	0	0.2660663724	0.2102555931	0.8506523967	4.121705532
1404	0.7812380791	0.7812380791	0	0	0.2673636973	0.209343344	0.8504456282	4.121779442
1405	0.7918514013	0.7918514013	0	0	0.2647340596	0.2181492299	0.84648031	4.121897221
1406	0.7701392174	0.7701392174	0	0	0.2551664114	0.2279693335	0.826791048	4.121535301
1407	0.7971576452	0.7971576452	0	0	0.251015842	0.2118386775	0.8059617281	4.121320248
1408	0.7986727357	0.7986727357	0	0	0.2513065934	0.2124658823	0.8113937378	4.121310234
1409	0.7773377299	0.7773377299	0	0	0.2500073016	0.2024979889	0.8118823767	4.121386051
1410	0.757232368	0.757232368	0	0	0.2530682087	0.2071515918	0.8247971535	4.121602535
1411	0.7587717175	0.7587717175	0	0	0.2549445629	0.2132776976	0.827481389	4.121833801
1412	0.7717341185	0.7717341185	0	0	0.2628071308	0.2090761811	0.8409373164	4.122030258
1413	0.7696006298	0.7696006298	0	0	0.2572391629	0.2261970341	0.8340837359	4.122005463
1414	0.7884494066	0.7884494066	0	0	0.2589181364	0.2290070206	0.8388070464	4.121681213
1415	0.7787402868	0.7787402868	0	0	0.2597561777	0.2121609449	0.8333698511	4.121297359
1416	0.7778467536	0.7778467536	0	0	0.2549049556	0.2207449973	0.8318485022	4.121283054
1417	0.7733745575	0.7733745575	0	0	0.2567795515	0.2099041641	0.8344218731	4.121431828
1418	0.7802413702	0.7802413702	0	0	0.2604740262	0.2082404196	0.8458456993	4.121547699
1419	0.7667470574	0.7667470574	0	0	0.2613216043	0.2080289125	0.8440974355	4.121946812
1420	0.7798562646	0.7798562646	0	0	0.2632294893	0.2133730948	0.8480897546	4.122135639
1421	0.7944833636	0.7944833636	0	0	0.2607841194	0.2289781868	0.8459191322	4.1220994
1422	0.826779604	0.826779604	0	0	0.2661311626	0.2272971869	0.8559319377	4.121968746
1423	0.8012431264	0.8012431264	0	0	0.2637296617	0.2121341079	0.8435031176	4.12142086
1424	0.7996102571	0.7996102571	0	0	0.2542306483	0.2317051142	0.8347759247	4.121243
1425	0.7958474159	0.7958474159	0	0	0.2583783567	0.2198012471	0.8441491723	4.121455193
1426	0.8108420372	0.8108420372	0	0	0.2647125721	0.2067920417	0.852196753	4.121510983
1427	0.7798610926	0.7798610926	0	0	0.2646979392	0.2119200528	0.8465732336	4.121693134
1428	0.7526649237	0.7526649237	0	0	0.2647230923	0.2048841268	0.8392418623	4.121761322
1429	0.7460671663	0.7460671663	0	0	0.259123683	0.2179334313	0.8326762915	4.121733189
1430	0.7510817647	0.7510817647	0	0	0.2549429536	0.2255845517	0.8225359917	4.121446133
1431	0.7802094817	0.7802094817	0	0	0.2561383843	0.2047825158	0.8142623901	4.121276379
1432	0.7403465509	0.7403465509	0	0	0.2584144175	0.1994796991	0.8237771392	4.121233463
1433	0.7016090155	0.7016090155	0	0	0.2555572987	0.1982242465	0.8229769468	4.121352196
1434	0.7028561234	0.7028561234	0	0	0.2588540614	0.1972378045	0.8330629468	4.121483803
1435	0.6903887987	0.6903887987	0	0	0.2602324188	0.2015445083	0.8327947259	4.121742725
1436	0.6973807812	0.6973807812	0	0	0.2647147179	0.1920171082	0.8360885382	4.121958733
1437	0.688144207	0.688144207	0	0	0.2588493526	0.2075263411	0.8289448619	4.121927261
1438	0.6903870702	0.6903870702	0	0	0.2620600462	0.1945267916	0.8312267065	4.121561527
1439	0.7130558491	0.7130558491	0	0	0.2678906918	0.1777413189	0.8354155421	4.121304989
1440	0.6956092119	0.6956092119	0	0	0.2617184222	0.1913909167	0.83411026	4.121224403
1441	0.7049285173	0.7049285173	0	0	0.2619159818	0.1903204173	0.8381486535	4.121415138
1442	0.7233694792	0.7233694792	0	0	0.2662431896	0.1850422621	0.848218739	4.121510029
1443	0.71943748	0.71943748	0	0	0.2630608976	0.1916712075	0.8382734656	4.121861935
1444	0.7342950702	0.7342950702	0	0	0.2693534791	0.1889207065	0.8491633534	4.122076035
1445	0.7308754921	0.7308754921	0	0	0.2645112574	0.2009350508	0.8406197429	4.122125626
1446	0.7463386655	0.7463386655	0	0	0.2645398974	0.1956882179	0.8411986828	4.121603966
1447	0.8087707758	0.8087707758	0	0	0.2662945688	0.1783280075	0.8337705731	4.121219158
1448	0.7926821113	0.7926821113	0	0	0.260240376	0.190846011	0.8325028419	4.121156216
1449	0.8079336882	0.8079336882	0	0	0.2599576116	0.1921516359	0.8357337117	4.121284962
1450	0.8036410213	0.8036410213	0	0	0.2608138621	0.1953900009	0.8450623751	4.121424198
1451	0.7967152596	0.7967152596	0	0	0.2610188425	0.2026524842	0.8412033319	4.121645927
1452	0.8068270683	0.8068270683	0	0	0.263286829	0.1996231079	0.8411431313	4.121804237
1453	0.8095402718	0.8095402718	0	0	0.2599861622	0.2096690685	0.8365261555	4.121781349
1454	0.8016992211	0.8016992211	0	0	0.2569096386	0.2126684934	0.833858788	4.12145853
1455	0.8360417485	0.8360417485	0	0	0.2614099681	0.1932773292	0.8331545591	4.121409893
1456	0.8171473145	0.8171473145	0	0	0.2603677213	0.2013601512	0.8395069838	4.121392727
1457	0.8211444616	0.8211444616	0	0	0.2614415586	0.1949741244	0.8412891626	4.121500492
1458	0.8094024658	0.8094024658	0	0	0.2584359944	0.2053894997	0.8424822688	4.12151432
1459	0.790507257	0.790507257	0	0	0.2597998083	0.2177112252	0.8457493782	4.121825218
1460	0.8181532025	0.8181532025	0	0	0.2636907697	0.2012345195	0.84505862	4.121993065
1461	0.791874826	0.791874826	0	0	0.2595537901	0.2178381979	0.8398598433	4.122162819
1462	0.8103374243	0.8103374243	0	0	0.2618456483	0.2041472495	0.8399831057	4.121754169
1463	0.8537526131	0.8537526131	0	0	0.2677187324	0.1867092252	0.8432520628	4.121392727
1464	0.8241093755	0.8241093755	0	0	0.2615014017	0.2007691562	0.8426296711	4.12136364
1465	0.8521650434	0.8521650434	0	0	0.2646854818	0.1882098466	0.8487045765	4.121515274
1466	0.851246953	0.851246953	0	0	0.2632497251	0.1918013245	0.8516274691	4.121566296
1467	0.857932508	0.857932508	0	0	0.2670444846	0.1894363612	0.8538325429	4.121867657
1468	0.8758076429	0.8758076429	0	0	0.2726623416	0.1823978275	0.8603503108	4.122171879
1469	0.8407625556	0.8407625556	0	0	0.2693375945	0.1940299869	0.8530080914	4.122039318
1470	0.8697487116	0.8697487116	0	0	0.27242589	0.1956892759	0.8570648432	4.121750355
1471	0.896879077	0.896879077	0	0	0.2728143334	0.1810243428	0.8490578532	4.121291161
1472	0.8623473644	0.8623473644	0	0	0.2682982087	0.1928648949	0.8527356386	4.121327877
1473	0.8465910554	0.8465910554	0	0	0.2666867971	0.1979793608	0.8589283824	4.121718407
1474	0.8773345947	0.8773345947	0	0	0.2695963085	0.1916102618	0.862187326	4.121496677
1475	0.8876266479	0.8876266479	0	0	0.2761457264	0.1888646185	0.8680192232	4.12157774
1476	0.8591549993	0.8591549993	0	0	0.2766097784	0.1881072819	0.8684875965	4.121706009
1477	0.8338787556	0.8338787556	0	0	0.2736006379	0.2008793503	0.8635370135	4.121770382
1478	0.7973199487	0.7973199487	0	0	0.2689825296	0.2141298503	0.8581246734	4.121538639
1479	0.8411511183	0.8411511183	0	0	0.2732756138	0.1913425624	0.8558653593	4.121362209
1480	0.8335852623	0.8335852623	0	0	0.2715487182	0.198105678	0.8589831591	4.121404648
1481	0.820069015	0.820069015	0	0	0.2704461217	0.1871866882	0.8597887158	4.12157774
1482	0.8040401936	0.8040401936	0	0	0.2696371078	0.1908012778	0.8612163067	4.121497154
1483	0.7791080475	0.7791080475	0	0	0.2722597122	0.197788626	0.8670244813	4.121785164
1484	0.7808135152	0.7808135152	0	0	0.2745049596	0.1913129687	0.8681275249	4.122038841
1485	0.743706882	0.743706882	0	0	0.2700186968	0.2029862106	0.8604901433	4.12212801
1486	0.8094787598	0.8094787598	0	0	0.2754701972	0.1824891865	0.860227406	4.121670723
1487	0.7754180431	0.7754180431	0	0	0.2709972262	0.1972673982	0.8570990562	4.121338844
1488	0.7667915821	0.7667915821	0	0	0.2656915784	0.2056321353	0.8529269099	4.121340275
1489	0.7516091466	0.7516091466	0	0	0.2584032416	0.2062556893	0.8442695141	4.121488571
1490	0.721351862	0.721351862	0	0	0.2542433143	0.2123830914	0.84245646	4.12152338
1491	0.703571856	0.703571856	0	0	0.2559860647	0.2112936527	0.8436117768	4.121822357
1492	0.6933048964	0.6933048964	0	0	0.2591961324	0.2115778029	0.8491476774	4.122021675
1493	0.6725763679	0.6725763679	0	0	0.2534869015	0.2285837829	0.8373627663	4.122153759
1494	0.6613937616	0.6613937616	0	0	0.2469543517	0.23161529	0.8162398338	4.121702671
1495	0.6666624546	0.6666624546	0	0	0.244701907	0.2155222446	0.7999090552	4.121397972
1496	0.6458189487	0.6458189487	0	0	0.2390013635	0.2246424109	0.7901037931	4.121447086
1497	0.6427928209	0.6427928209	0	0	0.252727598	0.2165604979	0.836863935	4.121819496
1498	0.6809593439	0.6809593439	0	0	0.2613924444	0.2023300678	0.8481770754	4.121518135
1499	0.6866497993	0.6866497993	0	0	0.2656546831	0.1936600059	0.8496917486	4.121605873
1500	0.6599297523	0.6599297523	0	0	0.2649827302	0.1961254776	0.8484797478	4.121713638
1501	0.6195914149	0.6195914149	0	0	0.2626569271	0.2135935575	0.8461414576	4.121846676
1502	0.5708765388	0.5708765388	0	0	0.2551781833	0.2223732173	0.831745863	4.121570587
1503	0.5969067216	0.5969067216	0	0	0.2551467121	0.2016357183	0.8220406771	4.121362686
1504	0.6561232209	0.6561232209	0	0	0.2537693679	0.2074458897	0.821993053	4.121342182
1505	0.5985636711	0.5985636711	0	0	0.2566815913	0.1964208782	0.8334698677	4.121579647
1506	0.5791586637	0.5791586637	0	0	0.2593847513	0.1942141801	0.840568006	4.121543407
1507	0.5539428592	0.5539428592	0	0	0.2628048658	0.195751369	0.8464466333	4.121750832
1508	0.54116714	0.54116714	0	0	0.2636750638	0.1950792521	0.8459600806	4.122020245
1509	0.5222092867	0.5222092867	0	0	0.2617784142	0.2093507051	0.8434458375	4.122211933
1510	0.5084636211	0.5084636211	0	0	0.2595055401	0.2070394009	0.8381327391	4.121695518
1511	0.5659154058	0.5659154058	0	0	0.2628262937	0.188926667	0.8387173414	4.12138319
1512	0.5675156116	0.5675156116	0	0	0.2573325634	0.2019908726	0.8351626396	4.12138176
1513	0.5788701773	0.5788701773	0	0	0.2588991225	0.1962836087	0.8419926763	4.121562958
1514	0.5505142212	0.5505142212	0	0	0.2582264841	0.1882546693	0.8413722515	4.121601582
1515	0.5443570018	0.5443570018	0	0	0.2598656416	0.1888306886	0.8430831432	4.121865749
1516	0.5304711461	0.5304711461	0	0	0.260032475	0.1996743828	0.8439670801	4.122046471
1517	0.519869566	0.519869566	0	0	0.2607248127	0.2077201903	0.8433383703	4.122140884
1518	0.5128064156	0.5128064156	0	0	0.2544947565	0.2050373405	0.8263589144	4.121704578
1519	0.534609139	0.534609139	0	0	0.2527305186	0.195693329	0.817363441	4.121393681
1520	0.5184293389	0.5184293389	0	0	0.2540327907	0.2056876868	0.8301346302	4.121563435
1521	0.4981411099	0.4981411099	0	0	0.2492005676	0.2133888006	0.8306379914	4.121533394
1522	0.4987403452	0.4987403452	0	0	0.2546462417	0.2081231177	0.8420677185	4.121641159
1523	0.5348550081	0.5348550081	0	0	0.2608777285	0.2001060992	0.8466709852	4.121706009
1524	0.5146883726	0.5146883726	0	0	0.257851392	0.2094632536	0.8394980431	4.121816158
1525	0.5107022524	0.5107022524	0	0	0.2634118199	0.2018022239	0.8440800905	4.122020245
1526	0.4803150296	0.4803150296	0	0	0.2608981431	0.209630236	0.8401197791	4.121695042
1527	0.4954690337	0.4954690337	0	0	0.2590416968	0.1993570775	0.8314117193	4.121480465
1528	0.5037704706	0.5037704706	0	0	0.2576171458	0.2092299014	0.8363062739	4.121462345
1529	0.4701848626	0.4701848626	0	0	0.256844908	0.2028446496	0.8409515619	4.121609688
1530	0.4489750266	0.4489750266	0	0	0.2562533915	0.2047848403	0.8418873549	4.12163496
1531	0.4184963107	0.4184963107	0	0	0.2578527629	0.2054504603	0.8452268243	4.121920109
1532	0.3887369633	0.3887369633	0	0	0.2620502114	0.2017740756	0.8474566936	4.122275352
1533	0.3985475898	0.3985475898	0	0	0.2656639516	0.2095294297	0.851722002	4.122509956
1534	0.4259746969	0.4259746969	0	0	0.2702584565	0.1969397217	0.8540973663	4.122097969
1535	0.4454585612	0.4454585612	0	0	0.265727073	0.1933459938	0.8441234827	4.121539593
1536	0.4522505403	0.4522505403	0	0	0.260728687	0.2025645077	0.8399926424	4.121430397
1537	0.4460976124	0.4460976124	0	0	0.254778713	0.2205277234	0.8410342932	4.121377945
1538	0.4261069894	0.4261069894	0	0	0.2554031909	0.2268063277	0.8502259254	4.121587276
1539	0.3935392797	0.3935392797	0	0	0.2557044029	0.2199798971	0.8499029875	4.121806622
1540	0.3877753317	0.3877753317	0	0	0.2600522637	0.2257125229	0.856231153	4.122216225
1541	0.4035351574	0.4035351574	0	0	0.2601094842	0.2299847305	0.8501178026	4.122464657
1542	0.4300449789	0.4300449789	0	0	0.2590787709	0.2192117125	0.8371373415	4.121794224
1543	0.4548714161	0.4548714161	0	0	0.256278336	0.2026502341	0.8204571605	4.121461868
1544	0.4643124044	0.4643124044	0	0	0.2482757866	0.2174981385	0.8091256022	4.121374607
1545	0.4542019367	0.4542019367	0	0	0.2462222874	0.2199945003	0.8120770454	4.121412277
1546	0.4495835006	0.4495835006	0	0	0.2534903884	0.2264212668	0.8378254771	4.121511936
1547	0.4437539577	0.4437539577	0	0	0.2592582703	0.2229373753	0.8492845893	4.121694565
1548	0.4474652112	0.4474652112	0	0	0.2632316351	0.2241448164	0.8532838225	4.121889591
1549	0.4397032559	0.4397032559	0	0	0.2674748302	0.2146096975	0.8542639613	4.122088432
1550	0.4798486829	0.4798486829	0	0	0.2699299455	0.2094916552	0.8534209132	4.12178278
1551	0.4993235171	0.4993235171	0	0	0.2636629939	0.2007528245	0.8379160762	4.121463299
1552	0.5569839478	0.5569839478	0	0	0.258838594	0.2210976332	0.8377487659	4.121469975
1553	0.5459270477	0.5459270477	0	0	0.2530998588	0.2200262249	0.8316603899	4.121408939
1554	0.4818822742	0.4818822742	0	0	0.2505200505	0.2321984917	0.8343335986	4.121497154
1555	0.4531329572	0.4531329572	0	0	0.2567465603	0.2300493121	0.8479119539	4.1218009
1556	0.4201287627	0.4201287627	0	0	0.2631526887	0.2278458476	0.8558648229	4.12215519
1557	0.4179132581	0.4179132581	0	0	0.2640776038	0.2279431969	0.8517334461	4.12250042
1558	0.439763844	0.439763844	0	0	0.2670205534	0.2065974921	0.8474746943	4.121923447
1559	0.4950788617	0.4950788617	0	0	0.2651582062	0.1959825754	0.8421031237	4.121524334
1560	0.5121570826	0.5121570826	0	0	0.2586634159	0.2089700252	0.8362298608	4.121480465
1561	0.4946903586	0.4946903586	0	0	0.2566758096	0.2032062411	0.8355621099	4.121448517
1562	0.4291939437	0.4291939437	0	0	0.254444927	0.2106450349	0.8392148614	4.121604919
1563	0.423288703	0.423288703	0	0	0.2592350543	0.2090892494	0.8477017283	4.121862411
1564	0.4069889188	0.4069889188	0	0	0.2631514072	0.219915837	0.855496347	4.122284889
1565	0.4071079791	0.4071079791	0	0	0.2627716362	0.2259693891	0.8514968157	4.122488499
1566	0.4379378259	0.4379378259	0	0	0.2675254345	0.2167294323	0.8543335199	4.122119427
1567	0.5100730658	0.5100730658	0	0	0.2625464201	0.1983293593	0.8385697603	4.121602535
1568	0.4857124984	0.4857124984	0	0	0.2557632923	0.2116481215	0.8328370452	4.121447086
1569	0.4637207687	0.4637207687	0	0	0.2519167066	0.2166201025	0.8317578435	4.12147665
1570	0.3753454685	0.3753454685	0	0	0.2494436651	0.2303201407	0.8391343355	4.121665955
1571	0.4322236478	0.4322236478	0	0	0.2601541877	0.2182763815	0.8544519544	4.1219244
1572	0.4043858945	0.4043858945	0	0	0.262149483	0.2319477201	0.8577973247	4.122480392
1573	0.4404756427	0.4404756427	0	0	0.264405489	0.2294347137	0.8560968041	4.122886181
1574	0.4672862589	0.4672862589	0	0	0.2646661401	0.2287912667	0.8547576666	4.122348309
1575	0.5129821301	0.5129821301	0	0	0.2595870495	0.2235241234	0.8453587294	4.122114182
1576	0.5265904665	0.5265904665	0	0	0.2537425458	0.2288348824	0.8378838897	4.122076035
1577	0.4949221313	0.4949221313	0	0	0.2504507601	0.2250517011	0.8368352056	4.121987343
1578	0.4657807052	0.4657807052	0	0	0.2462062091	0.2369870394	0.8349763751	4.122068882
1579	0.485894978	0.485894978	0	0	0.2557300925	0.2340357006	0.8502694368	4.122427464
1580	0.4796960056	0.4796960056	0	0	0.2604553699	0.2420470417	0.857163012	4.123055458
1581	0.471639365	0.471639365	0	0	0.2555116415	0.2409953326	0.8377905488	4.123396873
1582	0.4852174222	0.4852174222	0	0	0.2593716979	0.2282441705	0.8396642804	4.122824669
1583	0.5165714025	0.5165714025	0	0	0.2556064129	0.214157626	0.8298497796	4.12250042
1584	0.5243662	0.5243662	0	0	0.2495013922	0.2182660103	0.8237318397	4.122103214
1585	0.5170269012	0.5170269012	0	0	0.2461477071	0.2072698772	0.822219193	4.121945858
1586	0.4778568745	0.4778568745	0	0	0.2406472713	0.2203784883	0.8188063502	4.122302055
1587	0.5311737657	0.5311737657	0	0	0.2527668774	0.2065428346	0.8338513374	4.122757912
1588	0.5241472721	0.5241472721	0	0	0.2569482327	0.215138942	0.8412425518	4.123054028
1589	0.5119856	0.5119856	0	0	0.2561120391	0.2258731723	0.8342834711	4.123329639
1590	0.5529857874	0.5529857874	0	0	0.2590871155	0.2186174095	0.8345492482	4.122783184
1591	0.5798612833	0.5798612833	0	0	0.2540033758	0.2088418454	0.8225165606	4.12241888
1592	0.5596911311	0.5596911311	0	0	0.2462671995	0.2232138067	0.8170937896	4.1221838
1593	0.5595067143	0.5595067143	0	0	0.2372652441	0.2221630216	0.8080924749	4.121884823
1594	0.5234131217	0.5234131217	0	0	0.2377466857	0.2304687947	0.81900841	4.122756958
1595	0.5590609312	0.5590609312	0	0	0.2457761317	0.2276552767	0.8271723986	4.122668743
1596	0.5528845787	0.5528845787	0	0	0.2522791326	0.2330721021	0.8346648216	4.123199463
1597	0.5296271443	0.5296271443	0	0	0.2545590699	0.2333313227	0.8329027295	4.123403072
1598	0.5460799932	0.5460799932	0	0	0.2606047988	0.2240239382	0.8352777362	4.123232365
1599	0.5742686391	0.5742686391	0	0	0.2557398081	0.2199780792	0.8249559999	4.122988224
1600	0.5908424258	0.5908424258	0	0	0.2485113144	0.2251958549	0.8154947162	4.122974396
1601	0.5983020067	0.5983020067	0	0	0.2437979132	0.2141621262	0.8148921132	4.122909546
1602	0.5620293021	0.5620293021	0	0	0.2354677469	0.230997175	0.807756424	4.123063087
1603	0.5617854595	0.5617854595	0	0	0.247418955	0.2241280228	0.8293049335	4.123241425
1604	0.5571554303	0.5571554303	0	0	0.2528829575	0.2246479243	0.831954062	4.123412132
1605	0.5405795574	0.5405795574	0	0	0.2502244115	0.2335164696	0.8180262446	4.123534679
1606	0.5775588751	0.5775588751	0	0	0.2634112835	0.2115968913	0.8305392265	4.123494148
1607	0.5945284963	0.5945284963	0	0	0.2612026334	0.2070109546	0.8299010396	4.123156548
1608	0.5930855274	0.5930855274	0	0	0.2501582801	0.2193131447	0.8149238825	4.123116493
1609	0.6080229282	0.6080229282	0	0	0.2438984662	0.2063471228	0.8115617037	4.122958183
1610	0.5611295104	0.5611295104	0	0	0.2354965657	0.2234936506	0.8072820306	4.123203278
1611	0.585872829	0.585872829	0	0	0.2449742705	0.2129265219	0.8202972412	4.123305321
1612	0.5547873378	0.5547873378	0	0	0.2531043589	0.2161972672	0.8341046572	4.123375893
1613	0.5150109529	0.5150109529	0	0	0.2514510155	0.2293317169	0.8249823451	4.123440266
1614	0.5185769796	0.5185769796	0	0	0.2625525296	0.2262440026	0.8415917754	4.123351097
1615	0.5378409624	0.5378409624	0	0	0.2578205764	0.2129020393	0.8313692212	4.123142242
1616	0.5161097646	0.5161097646	0	0	0.2525071502	0.2208934277	0.8271172643	4.123375893
1617	0.5170280933	0.5170280933	0	0	0.2444776297	0.2192327231	0.8265413642	4.122822285
1618	0.5074938536	0.5074938536	0	0	0.2433895618	0.2274277806	0.8334366679	4.123411179
1619	0.520303607	0.520303607	0	0	0.2527564764	0.2194823474	0.8456221819	4.123281002
1620	0.5185765028	0.5185765028	0	0	0.2570793629	0.2309422046	0.8496392369	4.123390675
1621	0.5209652185	0.5209652185	0	0	0.2627087533	0.2169626057	0.8466713428	4.123474598
1622	0.5144384503	0.5144384503	0	0	0.268966347	0.2225122154	0.8534582257	4.123340607
1623	0.5279636383	0.5279636383	0	0	0.2594707012	0.2196019739	0.8393606544	4.123343945
1624	0.5233027339	0.5233027339	0	0	0.2559344769	0.2165810466	0.8370300531	4.123365402
1625	0.53060323	0.53060323	0	0	0.2490230948	0.2133210748	0.8338057399	4.123348236
1626	0.4990850687	0.4990850687	0	0	0.2423499227	0.2331918776	0.8303202391	4.123425961
1627	0.5061796308	0.5061796308	0	0	0.249653995	0.2261775285	0.8390917182	4.123418808
1628	0.5016201735	0.5016201735	0	0	0.2546247244	0.2274332345	0.8405839205	4.123500824
1629	0.4962081015	0.4962081015	0	0	0.2525795102	0.2343386263	0.8267723322	4.123567581
1630	0.5287778378	0.5287778378	0	0	0.2642572224	0.2142567188	0.8372849226	4.123467922
1631	0.5316405296	0.5316405296	0	0	0.2564913332	0.213454932	0.8294764757	4.123441219
1632	0.507365346	0.507365346	0	0	0.249766171	0.2194854468	0.8232566118	4.123494148
1633	0.5054033995	0.5054033995	0	0	0.2448836565	0.2152591646	0.8263985515	4.123360634
1634	0.4819220603	0.4819220603	0	0	0.2370637655	0.234680295	0.8209447265	4.123513699
1635	0.4863568842	0.4863568842	0	0	0.2445446253	0.2270518541	0.8315039277	4.123472214
1636	0.4906481802	0.4906481802	0	0	0.2476362735	0.2328860015	0.831716001	4.123511791
1637	0.4809788167	0.4809788167	0	0	0.2475684732	0.2394524962	0.8205658197	4.123570442
1638	0.4633135498	0.4633135498	0	0	0.2524709105	0.2374652028	0.8229689598	4.123475075
1639	0.4819131196	0.4819131196	0	0	0.2437499315	0.2347318381	0.8090872169	4.123556614
1640	0.4801298678	0.4801298678	0	0	0.2378161252	0.2191282511	0.7842743993	4.12394619
1641	0.4855343401	0.4855343401	0	0	0.2333539128	0.2141281366	0.7885354161	4.12391758
1642	0.4787589014	0.4787589014	0	0	0.2280971408	0.2325561196	0.787602663	4.124016762
1643	0.4718604386	0.4718604386	0	0	0.2335058898	0.2363549024	0.8023260236	4.124051571
1644	0.4705097675	0.4705097675	0	0	0.2361564189	0.2391368151	0.7999539971	4.124040604
1645	0.4580919147	0.4580919147	0	0	0.234331578	0.2378697097	0.7800570726	4.124037743
1646	0.4406410456	0.4406410456	0	0	0.235963434	0.2387913018	0.7737441063	4.124023438
1647	0.4490897655	0.4490897655	0	0	0.2297952771	0.2335471809	0.760332942	4.124012947
1648	0.4507299066	0.4507299066	0	0	0.2222359478	0.2144802213	0.7169542313	4.124423027
1649	0.4510062933	0.4510062933	0	0	0.2186857611	0.2105645686	0.7196861506	4.12441349
1650	0.4480483234	0.4480483234	0	0	0.2161052823	0.2249791771	0.723525703	4.124474049
1651	0.4431526065	0.4431526065	0	0	0.2190867364	0.2344109714	0.7385680676	4.124513149
1652	0.4418835938	0.4418835938	0	0	0.2201873064	0.2330703735	0.7275000811	4.124522209
1653	0.4308011234	0.4308011234	0	0	0.2196623683	0.2342808992	0.7101818919	4.124511719
1654	0.4230136871	0.4230136871	0	0	0.2180850804	0.2385656983	0.6972308755	4.124495029
1655	0.4334419668	0.4334419668	0	0	0.2118337005	0.2227381319	0.6701151729	4.12451458
1656	0.4394178391	0.4394178391	0	0	0.2050751001	0.206810385	0.6260712743	4.124735832
1657	0.4316871166	0.4316871166	0	0	0.2168513983	0.2321743518	0.7263646126	4.124047279
1658	0.433532387	0.433532387	0	0	0.2148163617	0.2647559643	0.7493704557	4.124176979
1659	0.450566709	0.450566709	0	0	0.2124471962	0.2822346389	0.7485748529	4.124145031
1660	0.4422658384	0.4422658384	0	0	0.2159515172	0.2722476125	0.738705337	4.124224186
1661	0.4562005997	0.4562005997	0	0	0.2184020877	0.2837089002	0.740549624	4.124135494
1662	0.4334980249	0.4334980249	0	0	0.2217622697	0.2748804092	0.7361496687	4.124167442
1663	0.4243110418	0.4243110418	0	0	0.2254165709	0.2447685003	0.741458416	4.124073505
1664	0.4158323407	0.4158323407	0	0	0.2163843662	0.2278934717	0.6911066771	4.124500275
1665	0.4208448529	0.4208448529	0	0	0.223111704	0.2455951124	0.7541511655	4.124126434
1666	0.4285439849	0.4285439849	0	0	0.2405493557	0.2113577127	0.8009864092	4.124146461
1667	0.4784582257	0.4784582257	0	0	0.2526887357	0.1987380534	0.8195761442	4.124202251
1668	0.5165925026	0.5165925026	0	0	0.2553990781	0.1921855658	0.8136149645	4.124149323
1669	0.4875573516	0.4875573516	0	0	0.2599634528	0.185011968	0.8148211241	4.124146461
1670	0.562531352	0.562531352	0	0	0.2619365752	0.1816470772	0.8051941991	4.12408638
1671	0.5049539804	0.5049539804	0	0	0.2574846447	0.1702329814	0.7935894728	4.12402153
1672	0.4906397462	0.4906397462	0	0	0.2472211272	0.1676456332	0.7596073151	4.124536514
1673	0.4078558981	0.4078558981	0	0	0.2509471178	0.1792272627	0.8024886847	4.124127865
1674	0.3492204547	0.3492204547	0	0	0.2512877285	0.1926808059	0.8177014589	4.124174118
1675	0.3319823742	0.3319823742	0	0	0.2532230318	0.2025450021	0.8287520409	4.124237061
1676	0.3166304529	0.3166304529	0	0	0.2577643692	0.1923711598	0.8241510987	4.124233246
1677	0.3149088621	0.3149088621	0	0	0.2609672546	0.1937721372	0.8223084211	4.124129295
1678	0.3328051567	0.3328051567	0	0	0.2631795108	0.197857976	0.8227511644	4.124162674
1679	0.350887984	0.350887984	0	0	0.2610717118	0.1825950444	0.8164868355	4.124172211
1680	0.3781228364	0.3781228364	0	0	0.2496862113	0.1685475707	0.7733012438	4.124643326
1681	0.3367116451	0.3367116451	0	0	0.254229635	0.1873767078	0.8159727454	4.124260426
1682	0.3137190342	0.3137190342	0	0	0.2446010411	0.2067777514	0.8107118011	4.124073982
1683	0.2854970396	0.2854970396	0	0	0.239927724	0.2224951982	0.8017059565	4.124166012
1684	0.2705668807	0.2705668807	0	0	0.2404545099	0.2172692567	0.7935094237	4.124190807
1685	0.2774298787	0.2774298787	0	0	0.2472991943	0.2192936838	0.8033236265	4.124121189
1686	0.2956611514	0.2956611514	0	0	0.2479684204	0.2155856788	0.7889775634	4.124177456
1687	0.3015598655	0.3015598655	0	0	0.2447395325	0.2042815536	0.7732211351	4.124106407
1688	0.3129307032	0.3129307032	0	0	0.2335555702	0.193726033	0.7218242288	4.124539852
1689	0.2608139813	0.2608139813	0	0	0.2465209067	0.1945598722	0.7982916832	4.124136448
1690	0.2590275407	0.2590275407	0	0	0.2485078424	0.200140506	0.8128243685	4.12416172
1691	0.2442715913	0.2442715913	0	0	0.2467950881	0.2172213048	0.8178893328	4.124123573
1692	0.2477519363	0.2477519363	0	0	0.2469624728	0.2113929987	0.8119207025	4.124061584
1693	0.262873739	0.262873739	0	0	0.2559784949	0.1944467723	0.8158234954	4.123986244
1694	0.2755233049	0.2755233049	0	0	0.2557089925	0.2051170021	0.8145219088	4.124089718
1695	0.2997308969	0.2997308969	0	0	0.2548944652	0.1911910623	0.8054623604	4.124033451
1696	0.3486684561	0.3486684561	0	0	0.241074428	0.1784033477	0.7567299008	4.12442112
1697	0.3200339973	0.3200339973	0	0	0.2447146922	0.1869031191	0.7931236029	4.124061584
1698	0.3266990185	0.3266990185	0	0	0.2416906804	0.1950557083	0.7962505817	4.12397337
1699	0.2402530909	0.2402530909	0	0	0.2477948517	0.2120574266	0.8184020519	4.124187469
1700	0.2468377799	0.2468377799	0	0	0.249391675	0.2043254226	0.8102223277	4.124130249
1701	0.2541378438	0.2541378438	0	0	0.2564035654	0.2044587135	0.8168416023	4.123977184
1702	0.2653422058	0.2653422058	0	0	0.2577501535	0.2062973678	0.816853106	4.124037266
1703	0.2907359302	0.2907359302	0	0	0.2587424815	0.1903212816	0.8092602491	4.124037743
1704	0.3234940469	0.3234940469	0	0	0.2483136058	0.1780661941	0.7680097222	4.124503613
1705	0.297174722	0.297174722	0	0	0.2550768256	0.1801356077	0.8058322668	4.124071598
1706	0.277430594	0.277430594	0	0	0.256829232	0.1870189458	0.8222560883	4.124033928
1707	0.2771899402	0.2771899402	0	0	0.2579611242	0.1930503547	0.8244237304	4.124147415
1708	0.2703353465	0.2703353465	0	0	0.2551720142	0.1945643425	0.8126943707	4.124137878
1709	0.2981811166	0.2981811166	0	0	0.2639167309	0.1959005743	0.8251878619	4.123946667
1710	0.2955188155	0.2955188155	0	0	0.2642241716	0.1986661255	0.8259378076	4.124002934
1711	0.3040667176	0.3040667176	0	0	0.259934634	0.1888144016	0.8081226349	4.124067307
1712	0.332640022	0.332640022	0	0	0.2505579889	0.1726866961	0.7665396929	4.12450552
1713	0.3131170273	0.3131170273	0	0	0.2573632598	0.1876096427	0.8135437965	4.124091148
1714	0.2938596308	0.2938596308	0	0	0.2572208047	0.18551597	0.8194761872	4.124094486
1715	0.2443007529	0.2443007529	0	0	0.2572423816	0.2096815854	0.8339778185	4.124033451
1716	0.2667883933	0.2667883933	0	0	0.2579905987	0.2078960687	0.8284649849	4.124085903
1717	0.3022612333	0.3022612333	0	0	0.2657344341	0.1895326078	0.8299603462	4.123957157
1718	0.2967668772	0.2967668772	0	0	0.263997972	0.2041094899	0.8295226097	4.124046803
1719	0.3146644831	0.3146644831	0	0	0.2610180974	0.1918768585	0.8137239814	4.124104023
1720	0.3461066782	0.3461066782	0	0	0.2519385815	0.1781019419	0.7761631012	4.124574661
1721	0.3191840649	0.3191840649	0	0	0.2553971112	0.1892275959	0.8072951436	4.124158382
1722	0.2911536396	0.2911536396	0	0	0.2541680932	0.2030933052	0.8184785247	4.124123096
1723	0.2673624158	0.2673624158	0	0	0.254026562	0.2178099304	0.8267474174	4.124163628
1724	0.2983561158	0.2983561158	0	0	0.2539223433	0.2071424872	0.8151928782	4.12417841
1725	0.308186084	0.308186084	0	0	0.2590942979	0.2060787976	0.8157631755	4.124006271
1726	0.2933647931	0.2933647931	0	0	0.2600416839	0.2191486061	0.8267201185	4.123990536
1727	0.3342350125	0.3342350125	0	0	0.2579038143	0.1976736188	0.8050504327	4.124189854
1728	0.3671694398	0.3671694398	0	0	0.2499114871	0.179550603	0.7700856328	4.124598026
1729	0.3376542628	0.3376542628	0	0	0.2530080676	0.1915733069	0.8019664288	4.124127388
1730	0.3190093935	0.3190093935	0	0	0.2532399595	0.1970664859	0.8125059009	4.124154568
1731	0.2948159575	0.2948159575	0	0	0.2542726696	0.2124080956	0.8222903013	4.124174118
1732	0.3201835752	0.3201835752	0	0	0.2540958822	0.2051051706	0.8121243715	4.124094486
1733	0.3205217719	0.3205217719	0	0	0.2615342438	0.2048999965	0.8212205768	4.124017715
1734	0.3256324232	0.3256324232	0	0	0.2625859976	0.2090038806	0.8241150975	4.123969078
1735	0.3534719944	0.3534719944	0	0	0.2630880177	0.1971889883	0.8171019554	4.12415266
1736	0.3446119428	0.3446119428	0	0	0.2602631152	0.1981720626	0.8179240227	4.124196053
1737	0.2851712406	0.2851712406	0	0	0.2568053603	0.2240975052	0.8392231464	4.123641491
1738	0.2665496171	0.2665496171	0	0	0.2532419562	0.2305161357	0.8387764692	4.123612881
1739	0.2650319338	0.2650319338	0	0	0.2558287382	0.2381900102	0.8457680941	4.123552799
1740	0.2889726162	0.2889726162	0	0	0.2570615113	0.2352723628	0.8419388533	4.123531342
1741	0.3203701377	0.3203701377	0	0	0.2669174671	0.2236854881	0.8484614491	4.123502731
1742	0.3563706577	0.3563706577	0	0	0.2702260017	0.2318592519	0.8565798998	4.123406887
1743	0.3910562098	0.3910562098	0	0	0.2665735483	0.2344143689	0.8472630382	4.123522282
1744	0.4057327509	0.4057327509	0	0	0.2625923753	0.2295712978	0.8432297707	4.123679638
1745	0.4015142918	0.4015142918	0	0	0.2550559044	0.2404280603	0.8449767232	4.123609066
1746	0.4199903011	0.4199903011	0	0	0.2510431409	0.2282960564	0.8348429799	4.123452187
1747	0.4227629304	0.4227629304	0	0	0.2561965287	0.2356166542	0.8455909491	4.123385429
1748	0.4317867756	0.4317867756	0	0	0.2583559453	0.2242562026	0.8411953449	4.123574257
1749	0.4260511994	0.4260511994	0	0	0.2653404772	0.2293306291	0.8459125757	4.123570919
1750	0.4228820205	0.4228820205	0	0	0.2710573673	0.2200516313	0.8527636528	4.123491764
1751	0.4312037528	0.4312037528	0	0	0.270097971	0.2142833322	0.8481323719	4.123577118
1752	0.4460462928	0.4460462928	0	0	0.2670305967	0.2074296623	0.8458538055	4.123599052
1753	0.4503004849	0.4503004849	0	0	0.2601362765	0.2124615908	0.8451675177	4.123550892
1754	0.469979465	0.469979465	0	0	0.2554415166	0.2141497284	0.8404847383	4.123449326
1755	0.4801463187	0.4801463187	0	0	0.2597676814	0.2158683836	0.8493666649	4.123318672
1756	0.4844982922	0.4844982922	0	0	0.2583274543	0.222854048	0.8446106911	4.123505116
1757	0.501319468	0.501319468	0	0	0.2651638985	0.2221691012	0.8458234072	4.123517036
1758	0.5037649274	0.5037649274	0	0	0.2652579546	0.2313618958	0.8462728858	4.123468399
1759	0.5325538516	0.5325538516	0	0	0.2643586695	0.2209431976	0.8381609917	4.12346077
1760	0.5472941399	0.5472941399	0	0	0.2604696751	0.2169461548	0.8328741789	4.123940468
1761	0.5323703289	0.5323703289	0	0	0.2528110445	0.236560002	0.836998105	4.123715878
1762	0.561141789	0.561141789	0	0	0.2450879216	0.2439715564	0.8314304352	4.123379707
1763	0.6049084663	0.6049084663	0	0	0.2518015504	0.2445532978	0.8463478088	4.123352051
1764	0.6888131499	0.6888131499	0	0	0.2519513667	0.2456939965	0.8438122869	4.123346329
1765	0.7821925879	0.7821925879	0	0	0.2637672126	0.2286422998	0.8501493335	4.123280048
1766	0.8379313946	0.8379313946	0	0	0.2637418509	0.2414139062	0.8497010469	4.123143196
1767	0.8892886043	0.8892886043	0	0	0.2566527128	0.2444880754	0.8343808055	4.123300552
1768	0.9379761219	0.9379761219	0	0	0.2533631623	0.2314336151	0.8257571459	4.12360239
1769	0.9051967859	0.9051967859	0	0	0.2466361374	0.2372238487	0.8234744072	4.123421669
1770	0.9308273792	0.9308273792	0	0	0.2421352565	0.2436008751	0.823336184	4.12343502
1771	0.9234246016	0.9234246016	0	0	0.2425435185	0.2579824626	0.8298272491	4.12328577
1772	0.9707883	0.9707883	0	0	0.2432932407	0.2534570098	0.8256043792	4.123428822
1773	0.9528228045	0.9528228045	0	0	0.2497283816	0.2479184866	0.8232026696	4.12349844
1774	1.004701018	1.004701018	0	0	0.2578314245	0.2385782748	0.8308241963	4.123410702
1775	0.9534256458	0.9534256458	0	0	0.2491411269	0.2438369691	0.8146239519	4.123356819
1776	0.9187370539	0.9187370539	0	0	0.244593069	0.2373806387	0.8064117432	4.123643398
1777	0.9274030328	0.9274030328	0	0	0.2422122955	0.2319882065	0.8104918599	4.123557091
1778	1.004626751	1.004626751	0	0	0.2435532808	0.2267434001	0.8157171607	4.123497963
1779	0.9872063398	0.9872063398	0	0	0.246521771	0.2324156463	0.8257794976	4.123476982
1780	1.030754209	1.030754209	0	0	0.2452613264	0.2421286404	0.8217421174	4.12343359
1781	1.038259745	1.038259745	0	0	0.2520979941	0.2409706414	0.8219645619	4.123511791
1782	0.9972780943	0.9972780943	0	0	0.2530975938	0.249026686	0.820201993	4.1234622
1783	1.001174688	1.001174688	0	0	0.2515974343	0.2375548184	0.8102241755	4.123161316
1784	0.9689881206	0.9689881206	0	0	0.2487520427	0.2391649932	0.8124960065	4.123345375
1785	0.930535078	0.930535078	0	0	0.2424944937	0.2405948937	0.8125504255	4.123189449
1786	0.9010299444	0.9010299444	0	0	0.2549576759	0.2040514648	0.8333674669	4.123189449
1787	0.987488687	0.987488687	0	0	0.2623269558	0.186486885	0.8361401558	4.12300539
1788	0.999298811	0.999298811	0	0	0.2535477877	0.2213859558	0.8290871382	4.122963428
1789	1.067164421	1.067164421	0	0	0.2662857473	0.2005335987	0.8365031481	4.123307705
1790	1.155710697	1.155710697	0	0	0.2603488564	0.2430755943	0.8340935707	4.122982025
1791	1.215043783	1.215043783	0	0	0.2523564696	0.245522812	0.8196659088	4.122956753
1792	1.249450684	1.249450684	0	0	0.2576786578	0.2260992229	0.8323029876	4.123372555
1793	1.186778784	1.186778784	0	0	0.2492728531	0.2353692949	0.8254912496	4.12310791
1794	1.246901393	1.246901393	0	0	0.2508864403	0.2392078638	0.8380761743	4.123355389
1795	1.197538614	1.197538614	0	0	0.2543947399	0.2385363877	0.8429409266	4.123171806
1796	1.249164224	1.249164224	0	0	0.256108284	0.2409820259	0.8418719769	4.123111248
1797	1.24943912	1.24943912	0	0	0.256213516	0.2445130795	0.829769969	4.123104095
1798	1.277758241	1.277758241	0	0	0.2658073008	0.2397447526	0.8419235945	4.12308073
1799	1.257293105	1.257293105	0	0	0.2620260119	0.2287483513	0.8353583813	4.123128414
1800	1.214137673	1.214137673	0	0	0.2572789788	0.2390690595	0.8340781331	4.123468876
1801	1.226866364	1.226866364	0	0	0.2545187473	0.2304914743	0.8342165947	4.123386383
1802	1.277571201	1.277571201	0	0	0.2501906753	0.2423633337	0.8370136023	4.123177528
1803	1.25884378	1.25884378	0	0	0.2504165769	0.2385232747	0.8328213692	4.123450279
1804	1.330183268	1.330183268	0	0	0.2476445138	0.2555307746	0.829644978	4.123371124
1805	1.319751143	1.319751143	0	0	0.2528014183	0.2511836886	0.8269155622	4.123479366
1806	1.297745705	1.297745705	0	0	0.256506294	0.2575416267	0.8306480646	4.123152733
1807	1.383327603	1.383327603	0	0	0.2499224544	0.2658519447	0.8207303286	4.123201847
1808	1.327731371	1.327731371	0	0	0.2571592033	0.2413114309	0.8320576549	4.123400211
1809	1.312086701	1.312086701	0	0	0.2558090687	0.2430836409	0.8390851617	4.12344408
1810	1.363590121	1.363590121	0	0	0.2470536679	0.2609436214	0.8326612115	4.123304367
1811	1.360276341	1.360276341	0	0	0.2475472242	0.2575865388	0.830960393	4.123180389
1812	1.49335885	1.49335885	0	0	0.2480646074	0.269538343	0.8357447386	4.123149872
1813	1.594016314	1.594016314	0	0	0.2587119937	0.2391883582	0.8347469568	4.12343359
1814	1.612915635	1.612915635	0	0	0.2601238489	0.2466177642	0.8318198919	4.123290062
1815	1.715471029	1.715471029	0	0	0.2523139119	0.2697583437	0.8235131502	4.123095036
1816	1.722266078	1.722266078	0	0	0.251806736	0.2541233301	0.823058784	4.123565674
1817	1.695200562	1.695200562	0	0	0.2473412007	0.2525583804	0.8227235079	4.123532295
1818	1.767728925	1.767728925	0	0	0.2462411225	0.2627261579	0.832508564	4.12355423
1819	1.717595816	1.717595816	0	0	0.2499630302	0.2642226815	0.8406159282	4.123383999
1820	1.789481759	1.789481759	0	0	0.2490977347	0.2681978047	0.8382315636	4.123142242
1821	1.776521802	1.776521802	0	0	0.2514727712	0.2660680711	0.8266245723	4.123355865
1822	1.783890486	1.783890486	0	0	0.2561560273	0.27206406	0.8316962123	4.12341404
1823	1.820551395	1.820551395	0	0	0.252506882	0.2734154463	0.8273075819	4.123369694
1824	1.748191595	1.748191595	0	0	0.2476023287	0.2700299621	0.8192043304	4.12346077
1825	1.733211875	1.733211875	0	0	0.2461703867	0.2583239973	0.8212427497	4.123473644
1826	1.865112662	1.865112662	0	0	0.2445997447	0.2690032721	0.8302404284	4.123412609
1827	1.752188206	1.752188206	0	0	0.2454026043	0.2571206093	0.8271856904	4.123369217
1828	1.836115718	1.836115718	0	0	0.2465128005	0.2675337493	0.8338905573	4.123174191
1829	1.808424115	1.808424115	0	0	0.2461794466	0.2715010941	0.8203482628	4.123477459
1830	1.815258741	1.815258741	0	0	0.2513130009	0.2688105404	0.8213238716	4.123532772
1831	1.918610692	1.918610692	0	0	0.2458618283	0.2805997431	0.8141836524	4.12322855
1832	1.789696455	1.789696455	0	0	0.2437956631	0.2742283344	0.810290575	4.123509407
1833	1.767602444	1.767602444	0	0	0.2419010848	0.2687669694	0.8152301311	4.123436928
1834	1.735638261	1.735638261	0	0	0.2585029304	0.2292755693	0.8442974091	4.123355865
1835	1.604070783	1.604070783	0	0	0.262275666	0.2211320698	0.8459265828	4.123234272
1836	1.581757665	1.581757665	0	0	0.2652435601	0.2123201042	0.8490139246	4.123072624
1837	1.633965611	1.633965611	0	0	0.2728019357	0.190389514	0.8424431682	4.123386383
1838	1.687577367	1.687577367	0	0	0.2795631886	0.185184747	0.840359807	4.123174667
1839	1.745519876	1.745519876	0	0	0.2820308208	0.1782476902	0.8434826136	4.123183727
1840	1.702001333	1.702001333	0	0	0.2769698203	0.1899906844	0.8412575722	4.123248577
1841	1.753059387	1.753059387	0	0	0.2742035389	0.1922611296	0.851277113	4.123278618
1842	1.822949052	1.822949052	0	0	0.271491617	0.2062280029	0.8612327576	4.123239517
1843	1.796200395	1.796200395	0	0	0.2716680467	0.2115451694	0.8628019691	4.123165131
1844	1.86042583	1.86042583	0	0	0.2730051875	0.2129929215	0.8667210937	4.123056412
1845	1.828757644	1.828757644	0	0	0.2745277882	0.2268495858	0.8649362922	4.123213768
1846	1.762622595	1.762622595	0	0	0.2777143121	0.2327177227	0.8649122119	4.123244286
1847	1.782647133	1.782647133	0	0	0.280202508	0.2178232521	0.8667126894	4.123190403
1848	1.769983888	1.769983888	0	0	0.2764365971	0.2195995152	0.8628525734	4.123276711
1849	1.766936898	1.766936898	0	0	0.2694095671	0.220095858	0.8569090962	4.123076439
1850	1.787731409	1.787731409	0	0	0.2623699605	0.2394770235	0.8587288857	4.123097897
1851	1.743225455	1.743225455	0	0	0.2626722157	0.2412820756	0.857809782	4.122898102
1852	1.751634002	1.751634002	0	0	0.2620850801	0.2463346273	0.8595551848	4.123096943
1853	1.775248528	1.775248528	0	0	0.2623831034	0.2602614462	0.8564223051	4.123254776
1854	1.713941097	1.713941097	0	0	0.2656802833	0.2631684244	0.854681313	4.123119354
1855	1.69148767	1.69148767	0	0	0.2625311017	0.2514615655	0.8445109129	4.123189926
1856	1.640496373	1.640496373	0	0	0.2580717504	0.2555525601	0.8387920856	4.123336792
1857	1.641386509	1.641386509	0	0	0.2540694773	0.2484075427	0.8355696797	4.123389721
1858	1.564583898	1.564583898	0	0	0.2602360249	0.2269498259	0.8411813378	4.123162746
1859	1.501483917	1.501483917	0	0	0.2569595873	0.2202197015	0.807328105	4.123139381
1860	1.482133865	1.482133865	0	0	0.2508232594	0.2105505317	0.7665167451	4.123060226
1861	1.453410387	1.453410387	0	0	0.2569724321	0.207931295	0.7798626423	4.123335838
1862	1.382734179	1.382734179	0	0	0.2544283271	0.2064210773	0.7604729533	4.122861385
1863	1.322783828	1.322783828	0	0	0.252669096	0.2052001953	0.7642005682	4.122666359
1864	1.287397623	1.287397623	0	0	0.2552595437	0.2170115858	0.7907463312	4.122818947
1865	1.242669702	1.242669702	0	0	0.2641720474	0.2153048962	0.8409392834	4.122587204
1866	1.2289114	1.2289114	0	0	0.2567613721	0.2264385223	0.8349588513	4.122680187
1867	1.223137617	1.223137617	0	0	0.256095171	0.2388572693	0.8348705769	4.122816563
1868	1.23907721	1.23907721	0	0	0.2566260397	0.2516653538	0.8419142962	4.123119354
1869	1.236575842	1.236575842	0	0	0.2588440478	0.2524972558	0.8409457207	4.123249054
1870	1.238808155	1.238808155	0	0	0.2612970769	0.2473775297	0.8392286897	4.123126984
1871	1.238944054	1.238944054	0	0	0.257217139	0.2330561429	0.8235788941	4.122876644
1872	1.224476814	1.224476814	0	0	0.2586352825	0.2364658862	0.8300713897	4.122885704
1873	1.241245508	1.241245508	0	0	0.259011358	0.2335495651	0.8378602266	4.122713089
1874	1.25782907	1.25782907	0	0	0.2556599975	0.2397695482	0.8377968073	4.122896194
1875	1.245825291	1.245825291	0	0	0.2563464046	0.2455119342	0.8364591002	4.122954369
1876	1.279990077	1.279990077	0	0	0.2567416728	0.251494348	0.8414368629	4.123242855
1877	1.282229066	1.282229066	0	0	0.2621605396	0.2547826469	0.8483911157	4.123335838
1878	1.269832134	1.269832134	0	0	0.2607515752	0.2564199865	0.8404718041	4.123167515
1879	1.269752026	1.269752026	0	0	0.2593667507	0.2368330061	0.8310402632	4.122954369
1880	1.263271332	1.263271332	0	0	0.2539826334	0.2443229407	0.8242511749	4.122605324
1881	1.299588919	1.299588919	0	0	0.2522211969	0.2524323463	0.833450973	4.122779369
1882	1.271407247	1.271407247	0	0	0.2540749013	0.2448101342	0.8336148262	4.122725487
1883	1.238629699	1.238629699	0	0	0.2551916242	0.2348974496	0.8224492669	4.122571468
1884	1.194051862	1.194051862	0	0	0.2523491681	0.2347486615	0.8166185021	4.122723579
1885	1.15582788	1.15582788	0	0	0.2563180029	0.2317264378	0.8183850646	4.123096466
1886	1.153053045	1.153053045	0	0	0.262452215	0.2315634042	0.8303955793	4.122716427
1887	1.175728798	1.175728798	0	0	0.2633406818	0.2222591341	0.8266746998	4.122437
1888	1.191137671	1.191137671	0	0	0.2648391426	0.2160804868	0.8276305199	4.122431278
1889	1.113364577	1.113364577	0	0	0.2590276301	0.2216899991	0.8297322392	4.121943951
1890	1.090217471	1.090217471	0	0	0.2615351081	0.2219388336	0.8423848748	4.12209034
1891	1.069491982	1.069491982	0	0	0.2603597045	0.232222259	0.8410767913	4.122175694
1892	1.048759341	1.048759341	0	0	0.2614696026	0.2444969565	0.8483737707	4.122848988
1893	1.040436983	1.040436983	0	0	0.2591207325	0.2427763641	0.8394270539	4.122757435
1894	1.036930799	1.036930799	0	0	0.2602704167	0.2511772811	0.8427770734	4.122513771
1895	1.040438175	1.040438175	0	0	0.2572579086	0.2460621446	0.832798183	4.122285366
1896	1.043661118	1.043661118	0	0	0.2582250535	0.2434216738	0.8355643153	4.122289658
1897	1.040557265	1.040557265	0	0	0.2563886046	0.2378274798	0.8359520435	4.121985435
1898	1.015809774	1.015809774	0	0	0.253175199	0.2484820187	0.8381562233	4.121961594
1899	1.021554232	1.021554232	0	0	0.2558983564	0.256900847	0.8435358405	4.1220994
1900	0.9999628663	0.9999628663	0	0	0.2517903745	0.268155396	0.8370259404	4.122719765
1901	0.9923541546	0.9923541546	0	0	0.2527883947	0.2696335316	0.8361964226	4.123057365
1902	0.9829012752	0.9829012752	0	0	0.2497018427	0.2729668319	0.8281047344	4.122409344
1903	0.9677672386	0.9677672386	0	0	0.2423772514	0.269895494	0.8065749407	4.122044086
1904	0.9439345598	0.9439345598	0	0	0.2418981493	0.2783729136	0.807379961	4.122146606
1905	0.937838614	0.937838614	0	0	0.2444535941	0.2674765289	0.8184512258	4.122119427
1906	0.9271728992	0.9271728992	0	0	0.2516420186	0.2412649393	0.8249694109	4.121942997
1907	0.9336203337	0.9336203337	0	0	0.252589643	0.2507989407	0.8259708881	4.122047424
1908	0.9361585975	0.9361585975	0	0	0.2460702658	0.2688450515	0.8171042204	4.122308254
1909	0.9276700616	0.9276700616	0	0	0.2488711178	0.2642687261	0.8185754418	4.122405529
1910	0.9429543018	0.9429543018	0	0	0.2463426888	0.2662343681	0.8137426972	4.122088432
1911	0.961361587	0.961361587	0	0	0.2425539792	0.2596565485	0.7983311415	4.121840477
1912	1.022269964	1.022269964	0	0	0.2472832054	0.2731773555	0.8125936389	4.121605873
1913	0.9534192681	0.9534192681	0	0	0.2471439242	0.2559621036	0.8151411414	4.121482372
1914	0.9070593715	0.9070593715	0	0	0.2511621118	0.2537809014	0.8266242743	4.121600628
1915	0.8981688619	0.8981688619	0	0	0.2521570027	0.2587378323	0.8294944763	4.121646881
1916	0.9054255486	0.9054255486	0	0	0.2521766722	0.27717489	0.8364113569	4.12221241
1917	0.9075397253	0.9075397253	0	0	0.2500884831	0.2798829079	0.8299267888	4.12241745
1918	0.9193989038	0.9193989038	0	0	0.2479542941	0.2856630981	0.8290526271	4.121968746
1919	0.9443976879	0.9443976879	0	0	0.2497495413	0.2820118964	0.8307951093	4.121644497
1920	0.9667029381	0.9667029381	0	0	0.2480797023	0.2928742766	0.8321415186	4.121618271
1921	0.9477484822	0.9477484822	0	0	0.249444738	0.2797237635	0.834602356	4.121550083
1922	0.9275383949	0.9275383949	0	0	0.2554630637	0.2702035606	0.8457341194	4.121862411
1923	0.9078941345	0.9078941345	0	0	0.2625089586	0.2496528625	0.8519623876	4.122164726
1924	0.9031463861	0.9031463861	0	0	0.2611359358	0.2645338774	0.8517478704	4.122477531
1925	0.9186108708	0.9186108708	0	0	0.2604393363	0.2640766501	0.8471196294	4.122692108
1926	0.9685528278	0.9685528278	0	0	0.256946981	0.2821318209	0.8463587165	4.121868134
1927	0.9553651214	0.9553651214	0	0	0.2563813329	0.2738460004	0.8431383967	4.121733665
1928	1.035512805	1.035512805	0	0	0.2517583966	0.3010899425	0.8435850739	4.121500492
1929	0.9784738421	0.9784738421	0	0	0.2519002557	0.2899681926	0.8453830481	4.121592522
1930	0.9631698132	0.9631698132	0	0	0.2617346346	0.2600134313	0.8513029814	4.121607304
1931	0.9407305717	0.9407305717	0	0	0.2648099065	0.2553762794	0.852784574	4.121645451
1932	0.8752690554	0.8752690554	0	0	0.2618772686	0.2606518269	0.8479175568	4.121879101
1933	0.8264814019	0.8264814019	0	0	0.2587482035	0.2560358644	0.8383523822	4.121985912
1934	0.8331340551	0.8331340551	0	0	0.2550013065	0.2690244913	0.8353045583	4.121668339
1935	0.8347220421	0.8347220421	0	0	0.2537254691	0.2615656257	0.8285206556	4.121487617
1936	0.9079428315	0.9079428315	0	0	0.2553778291	0.2814107835	0.8387128115	4.121397972
1937	0.7690400481	0.7690400481	0	0	0.251509577	0.2640120387	0.8306617737	4.121405602
1938	0.8350157738	0.8350157738	0	0	0.270922482	0.2205001265	0.8491538763	4.121544361
1939	0.784160912	0.784160912	0	0	0.2707264423	0.2267856598	0.8527923822	4.121668339
1940	0.728677392	0.728677392	0	0	0.2692507207	0.2333705574	0.8541285396	4.122026443
1941	0.7223789096	0.7223789096	0	0	0.2647048831	0.2477560788	0.8503844738	4.122180462
1942	0.7312396765	0.7312396765	0	0	0.2657160461	0.2318493724	0.8489549756	4.121759892
1943	0.7806714177	0.7806714177	0	0	0.264899224	0.2351341993	0.847591877	4.121408939
1944	0.8135587573	0.8135587573	0	0	0.2624644637	0.2599484921	0.8531071544	4.1212883
1945	0.8384996057	0.8384996057	0	0	0.2645533681	0.2484699935	0.8547774553	4.121390343
1946	0.8449440002	0.8449440002	0	0	0.271754384	0.2414816022	0.8653094172	4.121671677
1947	0.8680187464	0.8680187464	0	0	0.2754715085	0.2278917134	0.8651537299	4.121902943
1948	0.7842158079	0.7842158079	0	0	0.2720734477	0.2340441644	0.8614642024	4.122356415
1949	0.8280436397	0.8280436397	0	0	0.2709423602	0.2345439196	0.856464684	4.1225214
1950	0.8690561652	0.8690561652	0	0	0.267865032	0.2404652834	0.8535488844	4.121704578
1951	0.8687638044	0.8687638044	0	0	0.2669892013	0.2191891968	0.8455011249	4.121322155
1952	0.899538517	0.899538517	0	0	0.2655199468	0.2457051724	0.8556255102	4.121294498
1953	0.8926906586	0.8926906586	0	0	0.2680944502	0.2429119051	0.8628405333	4.121264458
1954	0.826289773	0.826289773	0	0	0.2730001509	0.2177879065	0.8619576693	4.121420383
1955	0.8583368659	0.8583368659	0	0	0.276935041	0.2080868781	0.8634059429	4.12134409
1956	0.8211829662	0.8211829662	0	0	0.2778460681	0.21079804	0.8656484485	4.121901989
1957	0.8148822784	0.8148822784	0	0	0.2740230858	0.2155950367	0.8586505055	4.122041702
1958	0.7962571979	0.7962571979	0	0	0.2689040303	0.2214533091	0.8527812958	4.121480465
1959	0.8265640736	0.8265640736	0	0	0.269241482	0.2011636347	0.8482661247	4.121257782
1960	0.7972606421	0.7972606421	0	0	0.2687141299	0.225851357	0.8602789044	4.121499062
1961	0.8024042845	0.8024042845	0	0	0.266651094	0.2200304419	0.8578907847	4.121316433
1962	0.777687192	0.777687192	0	0	0.2697050273	0.215989545	0.8592470288	4.121542931
1963	0.7900646925	0.7900646925	0	0	0.2741250396	0.2210262418	0.866589129	4.121558189
1964	0.7697466016	0.7697466016	0	0	0.2755997479	0.2227851599	0.8675438762	4.122229576
1965	0.7365174294	0.7365174294	0	0	0.2701463997	0.2205283344	0.8550084233	4.122183323
1966	0.7403687835	0.7403687835	0	0	0.2714304924	0.2185896486	0.857052505	4.121883392
1967	0.7248831987	0.7248831987	0	0	0.2673239112	0.2150562108	0.8501163721	4.121348381
1968	0.7225441337	0.7225441337	0	0	0.2665637136	0.2401967049	0.8611475825	4.121515751
1969	0.730307281	0.730307281	0	0	0.2614871562	0.2405929565	0.8558970094	4.121336937
1970	0.6549010277	0.6549010277	0	0	0.2619613111	0.2441149652	0.8566355109	4.121496677
1971	0.6608088017	0.6608088017	0	0	0.2658857703	0.2410202026	0.862191081	4.121819496
1972	0.6242228746	0.6242228746	0	0	0.267336607	0.247639358	0.863416791	4.122414112
1973	0.6177165508	0.6177165508	0	0	0.2639326751	0.2496355623	0.856025815	4.122673035
1974	0.6373234987	0.6373234987	0	0	0.2622824609	0.252848953	0.8533715606	4.122141838
1975	0.6401330829	0.6401330829	0	0	0.2611278892	0.2196806669	0.8393924236	4.121715546
1976	0.6279445291	0.6279445291	0	0	0.2560869455	0.2535804808	0.8429160118	4.121660233
1977	0.5772016644	0.5772016644	0	0	0.2537101209	0.2622311413	0.8510974646	4.121839046
1978	0.6243332624	0.6243332624	0	0	0.2652675807	0.239910692	0.860660851	4.121947289
1979	0.5624893904	0.5624893904	0	0	0.2647660077	0.2406578809	0.8571187258	4.122107506
1980	0.5374868512	0.5374868512	0	0	0.2635692954	0.2490841299	0.8540484905	4.122539043
1981	0.5151244998	0.5151244998	0	0	0.2574763894	0.2418064624	0.8380484581	4.122641563
1982	0.5166662335	0.5166662335	0	0	0.2558456957	0.2465849668	0.8367163539	4.122209072
1983	0.519949615	0.519949615	0	0	0.2499951869	0.2340003848	0.8220914006	4.121763706
1984	0.5323864222	0.5323864222	0	0	0.2456793487	0.2528248429	0.820666194	4.121896744
1985	0.5049141645	0.5049141645	0	0	0.2406963855	0.2543890178	0.8177426457	4.121786594
1986	0.5210985541	0.5210985541	0	0	0.2416721135	0.2553494275	0.8122364283	4.121875763
1987	0.4983176291	0.4983176291	0	0	0.2469265163	0.2632519901	0.8265489936	4.122220039
1988	0.4894559085	0.4894559085	0	0	0.2487252802	0.2726527452	0.8296500444	4.122691154
1989	0.4784047306	0.4784047306	0	0	0.2477469146	0.2652876079	0.8246562481	4.122826576
1990	0.4790673554	0.4790673554	0	0	0.2480189502	0.2586312592	0.8222783208	4.122372627
1991	0.4917088449	0.4917088449	0	0	0.2476997077	0.2384322286	0.8166071773	4.122035027
1992	0.501644969	0.501644969	0	0	0.2428848594	0.2633059025	0.8196867108	4.122047424
1993	0.5061357617	0.5061357617	0	0	0.2438123971	0.2463326454	0.8221336603	4.122184753
1994	0.5227023959	0.5227023959	0	0	0.2488672137	0.2397794724	0.8251926899	4.122533321
1995	0.5338525176	0.5338525176	0	0	0.2487548441	0.2489467859	0.8248865008	4.122599125
1996	0.5152864456	0.5152864456	0	0	0.2503779233	0.2574543953	0.8290656805	4.122824669
1997	0.5251380801	0.5251380801	0	0	0.2485701442	0.2525898814	0.8211468458	4.122851849
1998	0.5340518355	0.5340518355	0	0	0.2489440292	0.2519234419	0.8216710687	4.122763634
1999	0.5358082056	0.5358082056	0	0	0.2496997118	0.2283638269	0.8191018701	4.122093201
2000	0.532427907	0.532427907	0	0	0.2453223467	0.2533294261	0.8253501058	4.121912003
2001	0.5455395579	0.5455395579	0	0	0.2464834154	0.2465287447	0.8318040967	4.122169971
2002	0.5686562657	0.5686562657	0	0	0.2512666285	0.2366885841	0.8330124617	4.12185955
2003	0.6124196053	0.6124196053	0	0	0.2545463145	0.2294138074	0.8287981153	4.121955872
2004	0.5815019608	0.5815019608	0	0	0.2580575347	0.2295807451	0.8310042024	4.122242451
2005	0.5584426522	0.5584426522	0	0	0.2540591657	0.2343962491	0.8214716315	4.122540951
2006	0.5313033462	0.5313033462	0	0	0.2528555393	0.2317656279	0.815351665	4.122075081
2007	0.530754149	0.530754149	0	0	0.2521110177	0.2073530257	0.8082701564	4.121798038
2008	0.5130212903	0.5130212903	0	0	0.2564775646	0.2057153881	0.8229545355	4.122087479
2009	0.4982644916	0.4982644916	0	0	0.2547489703	0.1986026764	0.823300302	4.121939659
2010	0.4720593393	0.4720593393	0	0	0.2560464144	0.2035675794	0.8275077343	4.121840477
2011	0.4835268557	0.4835268557	0	0	0.2547149062	0.2154641896	0.8254461884	4.122102261
2012	0.4339406192	0.4339406192	0	0	0.256090194	0.2203162462	0.8275948763	4.122505665
2013	0.4109635949	0.4109635949	0	0	0.2530497611	0.2211673111	0.8199114203	4.122729301
2014	0.4193181098	0.4193181098	0	0	0.2548684478	0.2128414363	0.8174542189	4.122087479
2015	0.4751838148	0.4751838148	0	0	0.2542037368	0.1986396462	0.8136336803	4.121742249
2016	0.4391114712	0.4391114712	0	0	0.2517219186	0.2174494863	0.8206313848	4.121798515
2017	0.4697777331	0.4697777331	0	0	0.2510511577	0.212283358	0.8233857155	4.121900082
2018	0.4614284039	0.4614284039	0	0	0.250806123	0.2135449797	0.8230986595	4.121697426
2019	0.486307472	0.486307472	0	0	0.2508019507	0.2143305987	0.8199398518	4.122001171
2020	0.4333648682	0.4333648682	0	0	0.2520714998	0.2232147008	0.8239642382	4.12241888
2021	0.411693573	0.411693573	0	0	0.2495794743	0.2311563939	0.8186600208	4.122879505
2022	0.4520618916	0.4520618916	0	0	0.2505470216	0.2235029042	0.8111943603	4.122617245
2023	0.4440689087	0.4440689087	0	0	0.2501419187	0.212654978	0.8123000264	4.121714592
2024	0.3940223157	0.3940223157	0	0	0.2507103682	0.2296754271	0.8245913982	4.12241745
2025	0.3996787369	0.3996787369	0	0	0.2481320053	0.2239066958	0.8263263702	4.121764183
2026	0.4152363241	0.4152363241	0	0	0.2542668879	0.2119166255	0.8355295062	4.122111797
2027	0.4203181565	0.4203181565	0	0	0.2563923299	0.2161896825	0.8405823708	4.122322083
2028	0.3689226806	0.3689226806	0	0	0.2558661103	0.2333700806	0.8395873308	4.122983456
2029	0.3620767593	0.3620767593	0	0	0.2532508969	0.2303669155	0.8306617737	4.123093605
2030	0.3608972132	0.3608972132	0	0	0.2536742687	0.2410448641	0.8329790831	4.122737408
2031	0.382917136	0.382917136	0	0	0.2534457743	0.2206535041	0.8280511498	4.122757912
2032	0.3346063495	0.3346063495	0	0	0.2512034774	0.2323435843	0.8301214576	4.122895718
2033	0.326005578	0.326005578	0	0	0.2490047067	0.2289529294	0.8314966559	4.122980595
2034	0.3386344612	0.3386344612	0	0	0.2511743009	0.2294651419	0.8383038044	4.122364044
2035	0.331802696	0.331802696	0	0	0.2526153624	0.2332191914	0.8428164124	4.122903347
2036	0.3112509251	0.3112509251	0	0	0.2543570101	0.2375367433	0.8422575593	4.123351097
2037	0.3019101322	0.3019101322	0	0	0.2504064143	0.2472706288	0.8329991698	4.123383522
2038	0.2976920009	0.2976920009	0	0	0.2504483461	0.2541357279	0.8310475945	4.123263359
2039	0.3270371556	0.3270371556	0	0	0.2526893318	0.2387253642	0.8334347606	4.12278223
2040	0.3108521998	0.3108521998	0	0	0.2535052001	0.2445484549	0.8392831087	4.122780323
2041	0.3090608418	0.3090608418	0	0	0.2481050491	0.2489319593	0.8397442698	4.122796535
2042	0.2989543676	0.2989543676	0	0	0.2460407466	0.2540445626	0.8394511342	4.122574806
2043	0.3061453104	0.3061453104	0	0	0.2489280701	0.2564618587	0.8471716046	4.122906208
2044	0.285892576	0.285892576	0	0	0.2509159446	0.2676291764	0.8494861126	4.123242378
2045	0.306724906	0.306724906	0	0	0.2509099543	0.271217227	0.8433712721	4.123331547
2046	0.3108449876	0.3108449876	0	0	0.2482128888	0.2785717547	0.8337085247	4.123040676
2047	0.3189691007	0.3189691007	0	0	0.2457829416	0.2706611156	0.8243964911	4.122822762
2048	0.2871786654	0.2871786654	0	0	0.2425964922	0.2712397873	0.8213547468	4.122684002
2049	0.2908515036	0.2908515036	0	0	0.2418942899	0.2800690234	0.8351721764	4.123127937
2050	0.2689676285	0.2689676285	0	0	0.2470462918	0.2676285207	0.8452302217	4.12282753
2051	0.2924129963	0.2924129963	0	0	0.2492577434	0.2705384493	0.8494699597	4.122905731
2052	0.2727031112	0.2727031112	0	0	0.2499303073	0.2862414718	0.8523935676	4.123299599
2053	0.3140155375	0.3140155375	0	0	0.2602499127	0.2510020733	0.856449008	4.123354435
2054	0.3028972745	0.3028972745	0	0	0.2564163208	0.2651523948	0.8501189947	4.123161316
2055	0.3278121352	0.3278121352	0	0	0.2555592656	0.2574318647	0.8455063105	4.123012543
2056	0.3124852777	0.3124852777	0	0	0.2544565499	0.2543365955	0.8454471827	4.123103619
2057	0.2971158624	0.2971158624	0	0	0.2452186644	0.2604809403	0.833933413	4.122961521
2058	0.2788552344	0.2788552344	0	0	0.2473461926	0.2662060559	0.8469715118	4.122638226
2059	0.2981992066	0.2981992066	0	0	0.2536600828	0.2673863769	0.859975934	4.12279892
2060	0.274541229	0.274541229	0	0	0.257312119	0.2619490623	0.8616060615	4.123224735
2061	0.2892274857	0.2892274857	0	0	0.2541962266	0.2645927966	0.8495863676	4.123430252
2062	0.3147734106	0.3147734106	0	0	0.2570840716	0.2526212335	0.8457382917	4.123221874
2063	0.3582842648	0.3582842648	0	0	0.2562553585	0.2526303828	0.8459597826	4.122915745
2064	0.3121002614	0.3121002614	0	0	0.2529176474	0.2582997978	0.8470380902	4.123090267
2065	0.3208358884	0.3208358884	0	0	0.2521798015	0.2448135763	0.8496772051	4.122956276
2066	0.3018773496	0.3018773496	0	0	0.2552976906	0.2360502481	0.8576046824	4.122834206
2067	0.3434782028	0.3434782028	0	0	0.2604577541	0.2397771329	0.8661930561	4.122980595
2068	0.3433257043	0.3433257043	0	0	0.2633452117	0.2399859726	0.8680266142	4.123255253
2069	0.3627898693	0.3627898693	0	0	0.2661397457	0.2419563979	0.8663130403	4.123364925
2070	0.3579307795	0.3579307795	0	0	0.2655881941	0.2483803183	0.8631727099	4.123353481
2071	0.3970089555	0.3970089555	0	0	0.2651875317	0.2303236276	0.8587847948	4.123189449
2072	0.3141195774	0.3141195774	0	0	0.2593665719	0.2460227013	0.8587692976	4.123001099
2073	0.3279208541	0.3279208541	0	0	0.2553190887	0.2452242076	0.8595385551	4.122853279
2074	0.3216433525	0.3216433525	0	0	0.2564427853	0.240028128	0.8642573357	4.122860432
2075	0.368850857	0.368850857	0	0	0.2637831271	0.2361480147	0.8718684912	4.123000145
2076	0.3693260849	0.3693260849	0	0	0.2654970586	0.2459702045	0.8746304512	4.123321056
2077	0.3701508045	0.3701508045	0	0	0.2673151195	0.2378000021	0.8697465062	4.12352562
2078	0.3965990543	0.3965990543	0	0	0.2653870881	0.2403793335	0.8618084788	4.123254776
2079	0.4068104327	0.4068104327	0	0	0.2600053251	0.2414686084	0.8543078899	4.122930527
2080	0.355617702	0.355617702	0	0	0.2589207888	0.2455052882	0.8587252498	4.123278618
2081	0.3663961887	0.3663961887	0	0	0.2561123371	0.2356558293	0.8559638262	4.123095036
2082	0.378138274	0.378138274	0	0	0.2599132359	0.2241318971	0.8641650081	4.122916698
2083	0.3740911186	0.3740911186	0	0	0.2621184587	0.2385955155	0.8701456189	4.123015881
2084	0.4124797583	0.4124797583	0	0	0.2686498165	0.2343469113	0.8748627901	4.123381615
2085	0.3886192739	0.3886192739	0	0	0.2685848176	0.240714252	0.8690282702	4.12346077
2086	0.4068350196	0.4068350196	0	0	0.270334661	0.2329078615	0.8659001589	4.123394012
2087	0.3969145417	0.3969145417	0	0	0.2648699284	0.2301007658	0.8594011664	4.123112679
2088	0.3517246246	0.3517246246	0	0	0.2572548389	0.2445578277	0.8550425768	4.123130322
2089	0.3354838192	0.3354838192	0	0	0.2503910363	0.246483773	0.8505992889	4.123064041
2090	0.34061414	0.34061414	0	0	0.2529650033	0.2397388518	0.8560577631	4.123143673
2091	0.3634341657	0.3634341657	0	0	0.2550767958	0.2500534356	0.8607546687	4.123251438
2092	0.3627104461	0.3627104461	0	0	0.2570690513	0.2520162165	0.8606683612	4.123441219
2093	0.3342408538	0.3342408538	0	0	0.2559801638	0.2683287263	0.8569661975	4.123423576
2094	0.3323023021	0.3323023021	0	0	0.2547250688	0.2711986005	0.8493574262	4.123418808
2095	0.3394777775	0.3394777775	0	0	0.2489456683	0.2651599348	0.8357155323	4.123372555
2096	0.2960633636	0.2960633636	0	0	0.239975363	0.2691943944	0.8262143731	4.123155594
2097	0.2892423868	0.2892423868	0	0	0.2284411639	0.2726996243	0.8106096983	4.123157978
2098	0.301725179	0.301725179	0	0	0.2398029268	0.2733956277	0.8430342078	4.123345375
2099	0.3215906322	0.3215906322	0	0	0.2491423488	0.281316936	0.8607458472	4.12343359
2100	0.3376187384	0.3376187384	0	0	0.2581269741	0.2639392912	0.8661717176	4.123511314
2101	0.3164492249	0.3164492249	0	0	0.2588897347	0.2592170835	0.858024478	4.123469353
2102	0.309843868	0.309843868	0	0	0.2542941272	0.2835532725	0.8518400788	4.123418808
2103	0.3319405615	0.3319405615	0	0	0.2467528284	0.2793868482	0.8423582911	4.123493195
2104	0.3001722693	0.3001722693	0	0	0.2458018064	0.2591758072	0.8370949626	4.123456001
2105	0.3131465614	0.3131465614	0	0	0.2400675267	0.2539161146	0.831806004	4.123473167
2106	0.2986209393	0.2986209393	0	0	0.2375152856	0.2672485709	0.8354628682	4.123373985
2107	0.2981003225	0.2981003225	0	0	0.2496063858	0.274610132	0.8590429425	4.123457432
2108	0.3197952509	0.3197952509	0	0	0.254401356	0.2693454921	0.8587193489	4.123524189
2109	0.3074843884	0.3074843884	0	0	0.2561504543	0.2665400505	0.8520426154	4.123548985
2110	0.3441206217	0.3441206217	0	0	0.2603777349	0.2476001531	0.8518111706	4.123528004
2111	0.3465282917	0.3465282917	0	0	0.2494405955	0.2771751881	0.8458670378	4.123489857
2112	0.3027366698	0.3027366698	0	0	0.2483724654	0.2628382146	0.8458250761	4.123486996
2113	0.2989748418	0.2989748418	0	0	0.241918385	0.2657915354	0.8458563685	4.123465538
2114	0.3050782382	0.3050782382	0	0	0.2349479944	0.281019479	0.8369333148	4.123433113
2115	0.3031893373	0.3031893373	0	0	0.2449370176	0.2817076743	0.8526384234	4.12346983
2116	0.3221612275	0.3221612275	0	0	0.2505609691	0.2862238288	0.8586766124	4.123529434
2117	0.3302396238	0.3302396238	0	0	0.2555080652	0.2832770646	0.8559679985	4.123538971
2118	0.3386000991	0.3386000991	0	0	0.2519931197	0.2878006399	0.8427111506	4.123474598
2119	0.3572521806	0.3572521806	0	0	0.2419821471	0.2999535799	0.8323161006	4.123579502
2120	0.3230615854	0.3230615854	0	0	0.2426873147	0.2841565311	0.8365542889	4.123591423
2121	0.3237321973	0.3237321973	0	0	0.2382687777	0.2806735635	0.8398829103	4.123438358
2122	0.333989948	0.333989948	0	0	0.2427515686	0.2626433372	0.8437130451	4.123510361
2123	0.3415899873	0.3415899873	0	0	0.2581606507	0.2586719096	0.8666300774	4.123491764
2124	0.3607796431	0.3607796431	0	0	0.2633810639	0.2690659165	0.8742505312	4.123561859
2125	0.3537898362	0.3537898362	0	0	0.2627575696	0.2638097405	0.8644095659	4.123514175
2126	0.3542684913	0.3542684913	0	0	0.2596536279	0.2718791366	0.8584094048	4.123501301
2127	0.3680731058	0.3680731058	0	0	0.2505201399	0.2714315951	0.8474367261	4.12356329
2128	0.3503111303	0.3503111303	0	0	0.2527353764	0.25952214	0.8554428816	4.123595238
2129	0.3533310592	0.3533310592	0	0	0.2454149127	0.2612775266	0.8511765599	4.123522758
2130	0.3442858458	0.3442858458	0	0	0.2411377132	0.2719516456	0.8464441895	4.12355566
2131	0.3290212154	0.3290212154	0	0	0.2527424395	0.2820245326	0.8656176329	4.123525143
2132	0.3562645316	0.3562645316	0	0	0.2539822459	0.2847446203	0.8645148277	4.12354517
2133	0.3688656688	0.3688656688	0	0	0.2557095289	0.2734819949	0.8533345461	4.123549461
2134	0.3910791874	0.3910791874	0	0	0.2544287443	0.2807907164	0.8506271839	4.12352705
2135	0.4084717929	0.4084717929	0	0	0.2472639829	0.2791397572	0.8422271013	4.123592377
2136	0.3777702749	0.3777702749	0	0	0.2482774407	0.2652277648	0.8497666717	4.123615265
2137	0.3956274688	0.3956274688	0	0	0.2436098754	0.2518271506	0.8429404497	4.123641491
2138	0.402492255	0.402492255	0	0	0.239949584	0.2549816668	0.8389738202	4.123575211
2139	0.4220923483	0.4220923483	0	0	0.2500527203	0.2510872185	0.8522108793	4.123587608
2140	0.4245241582	0.4245241582	0	0	0.254838407	0.2505359948	0.8534531593	4.123675346
2141	0.432192564	0.432192564	0	0	0.2564293444	0.255992949	0.8487225771	4.123642921
2142	0.4213703573	0.4213703573	0	0	0.2533969283	0.2750629187	0.84636271	4.123647213
2143	0.4416600168	0.4416600168	0	0	0.2537972927	0.26575315	0.8495572209	4.123709679
2144	0.4127382934	0.4127382934	0	0	0.2550728321	0.2680899203	0.8600739241	4.123617172
2145	0.4162440598	0.4162440598	0	0	0.2457172126	0.2698186338	0.8527339697	4.123528004
2146	0.4421601593	0.4421601593	0	0	0.2490433007	0.2461227179	0.8522744179	4.123574257
2147	0.4248970449	0.4248970449	0	0	0.2595329881	0.2553794384	0.8715087175	4.123607159
2148	0.4153672755	0.4153672755	0	0	0.2583424449	0.2665264904	0.8667443395	4.123664856
2149	0.4230799377	0.4230799377	0	0	0.2585861385	0.2603240609	0.8570575714	4.123742104
2150	0.4265097082	0.4265097082	0	0	0.2545885444	0.2755027115	0.8529195189	4.12351656
2151	0.4226608872	0.4226608872	0	0	0.2516719401	0.2775716782	0.8508534431	4.123704433
2152	0.4385945499	0.4385945499	0	0	0.2530548275	0.26988253	0.8578040004	4.123679161
2153	0.4649984241	0.4649984241	0	0	0.2494237721	0.2537201047	0.8532525301	4.123648167
2154	0.4784706235	0.4784706235	0	0	0.2568502724	0.2524523437	0.8639696836	4.123700142
2155	0.4425454736	0.4425454736	0	0	0.2629742622	0.2712364495	0.8783097267	4.123590469
2156	0.4535848498	0.4535848498	0	0	0.2627410889	0.2681533694	0.869933784	4.123621464
2157	0.4416415691	0.4416415691	0	0	0.2591508329	0.2677185535	0.8552529216	4.123551369
2158	0.4834329486	0.4834329486	0	0	0.264837116	0.2554436326	0.8606039882	4.123539925
2159	0.4841293991	0.4841293991	0	0	0.2604303062	0.2533533275	0.8542898893	4.123643398
2160	0.489729017	0.489729017	0	0	0.2608057857	0.2510578334	0.8632199168	4.123626709
2161	0.5317439437	0.5317439437	0	0	0.2534631491	0.2366286218	0.8519926667	4.123525143
2162	0.4984665811	0.4984665811	0	0	0.2532382607	0.2464830577	0.858543098	4.123552799
2163	0.510417819	0.510417819	0	0	0.259236455	0.2528782189	0.8695154786	4.123581886
2164	0.5365130901	0.5365130901	0	0	0.2621521354	0.2582747936	0.866158247	4.123622417
2165	0.5061047673	0.5061047673	0	0	0.2615870833	0.2676135898	0.8603067994	4.123543739
2166	0.4757713079	0.4757713079	0	0	0.2608064115	0.27793926	0.8608714342	4.123508453
2167	0.4834707379	0.4834707379	0	0	0.259719789	0.2650614679	0.8577752709	4.123572826
2168	0.4650552869	0.4650552869	0	0	0.2565411329	0.2732352614	0.8602294922	4.123598576
2169	0.4566334188	0.4566334188	0	0	0.2486490905	0.2707896829	0.8543227911	4.123493671
2170	0.4776391089	0.4776391089	0	0	0.260119468	0.2390162349	0.8684085608	4.123532772
2171	0.4622146189	0.4622146189	0	0	0.2666192949	0.2491911501	0.8790997863	4.123436451
2172	0.4386158884	0.4386158884	0	0	0.264787674	0.2639068663	0.8738951683	4.123486996
2173	0.450332731	0.450332731	0	0	0.2656160295	0.2487902343	0.8650341034	4.123499393
2174	0.5651932359	0.5651932359	0	0	0.2734255791	0.227631405	0.8691273928	4.123521805
2175	0.5595017672	0.5595017672	0	0	0.26763767	0.2266415358	0.8600881696	4.123534203
2176	0.5752774477	0.5752774477	0	0	0.2683198452	0.2185249776	0.8623380065	4.123476505
2177	0.5859091878	0.5859091878	0	0	0.2670142055	0.2050441056	0.8637627363	4.123492718
2178	0.5130327344	0.5130327344	0	0	0.2653840482	0.2173395902	0.8681666255	4.12341547
2179	0.4465977848	0.4465977848	0	0	0.2700899541	0.2319959253	0.8800140619	4.123373032
2180	0.4102461636	0.4102461636	0	0	0.2692520916	0.2413778752	0.8758402467	4.123448849
2181	0.4378863871	0.4378863871	0	0	0.267310828	0.236037761	0.8643063903	4.123541355
2182	0.4637139738	0.4637139738	0	0	0.2715037763	0.2289893329	0.8691986799	4.123572826
2183	0.485155642	0.485155642	0	0	0.266718179	0.2233328074	0.8610659242	4.123583317
2184	0.4824623764	0.4824623764	0	0	0.2686122656	0.222252667	0.8662208319	4.123554707
2185	0.5393807292	0.5393807292	0	0	0.2662006915	0.2122099251	0.8692154884	4.123468876
2186	0.5066953301	0.5066953301	0	0	0.2625805438	0.2230001688	0.8687598109	4.123587608
2187	0.4862370193	0.4862370193	0	0	0.2662467062	0.2236103565	0.8735186458	4.12351799
2188	0.4565684795	0.4565684795	0	0	0.2662658691	0.2321745157	0.8709427714	4.123518467
2189	0.466057241	0.466057241	0	0	0.2645739019	0.2289615422	0.860883534	4.123453617
2190	0.4572300613	0.4572300613	0	0	0.2667288482	0.2427000552	0.8670903444	4.123485565
2191	0.480186522	0.480186522	0	0	0.2674678564	0.2259273529	0.8606527448	4.123562813
2192	0.4834038019	0.4834038019	0	0	0.2683308721	0.2230715752	0.8656307459	4.123443127
2193	0.4847576022	0.4847576022	0	0	0.2594754696	0.2267078161	0.8612834215	4.12334156
2194	0.4570806623	0.4570806623	0	0	0.2603480518	0.233369872	0.8655119538	4.123520374
2195	0.4169035554	0.4169035554	0	0	0.2634351254	0.2405276746	0.8728077412	4.123292923
2196	0.4296848774	0.4296848774	0	0	0.2649318278	0.2435176075	0.870562315	4.123462677
2197	0.4514802396	0.4514802396	0	0	0.268165946	0.228869617	0.8664765358	4.123391628
2198	0.4137553275	0.4137553275	0	0	0.2670294344	0.2465642542	0.8693528771	4.123430252
2199	0.4290457368	0.4290457368	0	0	0.2647225261	0.2389097959	0.8603872657	4.123512268
2200	0.3926967084	0.3926967084	0	0	0.2640860975	0.2511567175	0.8669150472	4.123526573
2201	0.4497269094	0.4497269094	0	0	0.2625924647	0.2352236062	0.8656843901	4.123443604
2202	0.4002487659	0.4002487659	0	0	0.2589896321	0.2536705434	0.8690031767	4.123409271
2203	0.3465311825	0.3465311825	0	0	0.2588271499	0.2669707239	0.8739427924	4.123421192
2204	0.3732868135	0.3732868135	0	0	0.2605811656	0.2601184249	0.8674265742	4.12350893
2205	0.3373331428	0.3373331428	0	0	0.2582390308	0.2692019939	0.8574071527	4.123561382
2206	0.3454303145	0.3454303145	0	0	0.2591407895	0.2663579881	0.8572800756	4.123540401
2207	0.3896049261	0.3896049261	0	0	0.2601695657	0.2418161184	0.8500143886	4.123608589
2208	0.3923766613	0.3923766613	0	0	0.2592313886	0.2491084486	0.8538532257	4.123533726
2209	0.3766996562	0.3766996562	0	0	0.2580519021	0.2472233474	0.8594353199	4.123592854
2210	0.3331186771	0.3331186771	0	0	0.2536996305	0.2628640532	0.8600417376	4.123625755
2211	0.3157839179	0.3157839179	0	0	0.2539202869	0.2748162448	0.8649588823	4.1234622
2212	0.3503597677	0.3503597677	0	0	0.2570924163	0.2695597112	0.8629462123	4.123511314
2213	0.3353123963	0.3353123963	0	0	0.2580814064	0.2797192931	0.8585457802	4.123485565
2214	0.3292787969	0.3292787969	0	0	0.2583336532	0.2803211808	0.8558274508	4.123514652
2215	0.3463379145	0.3463379145	0	0	0.2560885251	0.2622502744	0.8411359191	4.123603344
2216	0.3381091952	0.3381091952	0	0	0.253038764	0.2664566636	0.8373335004	4.123407364
2217	0.3476752639	0.3476752639	0	0	0.2554910183	0.2628351748	0.8559066057	4.123495102
2218	0.3276440501	0.3276440501	0	0	0.2527247071	0.2711494863	0.8574851751	4.123549461
2219	0.3163451552	0.3163451552	0	0	0.2560296953	0.2750154138	0.8660230041	4.123499393
2220	0.3082574308	0.3082574308	0	0	0.254550755	0.2929472625	0.8662639856	4.123470783
2221	0.3039013445	0.3039013445	0	0	0.253038168	0.299608171	0.8568269014	4.123548031
2222	0.3027114868	0.3027114868	0	0	0.2553339601	0.2882368565	0.852771759	4.123427391
2223	0.2964024842	0.2964024842	0	0	0.2560926676	0.2821519077	0.8492099047	4.123608112
2224	0.2955430448	0.2955430448	0	0	0.253724575	0.2851015031	0.8476278186	4.123539925
2225	0.323956728	0.323956728	0	0	0.2529767752	0.2797800899	0.8529170752	4.123652458
2226	0.2930070758	0.2930070758	0	0	0.2490725964	0.2855985165	0.8521727324	4.123557568
2227	0.2735646367	0.2735646367	0	0	0.2506708205	0.3006667793	0.8609176874	4.123538494
2228	0.2723624408	0.2723624408	0	0	0.2494829893	0.2999026775	0.8540269732	4.123478413
2229	0.2735829651	0.2735829651	0	0	0.2482263893	0.3078962862	0.8433977962	4.123360634
2230	0.2693250775	0.2693250775	0	0	0.2547451556	0.2967635989	0.8473740816	4.123560429
2231	0.2829903662	0.2829903662	0	0	0.254821986	0.2943342924	0.8454400301	4.123615265
2232	0.285374403	0.285374403	0	0	0.2518004179	0.2943410277	0.8456223011	4.123620033
2233	0.2872120142	0.2872120142	0	0	0.2455629557	0.2936818898	0.8382632136	4.123412609
2234	0.2787699699	0.2787699699	0	0	0.2380705178	0.3308299184	0.8391510844	4.123426914
2235	0.2943051159	0.2943051159	0	0	0.2449529916	0.325384289	0.852942884	4.123533726
2236	0.2846304476	0.2846304476	0	0	0.2464188188	0.3211516738	0.8512622118	4.123613834
2237	0.2932646275	0.2932646275	0	0	0.2460059673	0.3291198313	0.8442599773	4.123543262
2238	0.3228550851	0.3228550851	0	0	0.2473361641	0.3305290043	0.8393594623	4.123489857
2239	0.3121004701	0.3121004701	0	0	0.2494584471	0.319024235	0.8361403346	4.123696327
2240	0.3248173892	0.3248173892	0	0	0.2449240386	0.3203769028	0.830984652	4.123737812
2241	0.2915594578	0.2915594578	0	0	0.2452681214	0.3026306629	0.8377165198	4.123680592
2242	0.2847106159	0.2847106159	0	0	0.2393119484	0.3261474669	0.8374791741	4.123662472
2243	0.290525496	0.290525496	0	0	0.248704657	0.325519532	0.8552045226	4.123631001
2244	0.2858600616	0.2858600616	0	0	0.2486150116	0.332418859	0.8533703685	4.123659611
2245	0.2693859637	0.2693859637	0	0	0.248622492	0.3222507834	0.8434295654	4.123740196
2246	0.273511976	0.273511976	0	0	0.2512675226	0.3160960972	0.8414691687	4.12368679
2247	0.289034903	0.289034903	0	0	0.2483605444	0.3327603638	0.8366558552	4.123636723
2248	0.2876116335	0.2876116335	0	0	0.2438360155	0.3304876983	0.833041966	4.123657227
2249	0.2559254169	0.2559254169	0	0	0.2439655066	0.3141390979	0.8350434303	4.123715878
2250	0.271386534	0.271386534	0	0	0.2378045321	0.3322650492	0.83525455	4.123598576
2251	0.3233736157	0.3233736157	0	0	0.2402729541	0.349627316	0.8431524634	4.123819828
2252	0.3149008155	0.3149008155	0	0	0.2416095287	0.3472219408	0.8376477361	4.123763561
2253	0.3112004399	0.3112004399	0	0	0.2445570827	0.3416053355	0.8354861736	4.123910904
2254	0.2781196833	0.2781196833	0	0	0.2510669231	0.3200008869	0.8392271996	4.123722076
2255	0.2614517212	0.2614517212	0	0	0.2584040463	0.3023966551	0.8463181257	4.123767853
2256	0.2611160874	0.2611160874	0	0	0.2527885437	0.2998049259	0.8378767371	4.123727322
2257	0.2365660965	0.2365660965	0	0	0.252468437	0.2762810886	0.8339433074	4.123805523
2258	0.229462713	0.229462713	0	0	0.2502433062	0.2822352946	0.8433487415	4.123748779
2259	0.2273305655	0.2273305655	0	0	0.2529358864	0.2792207301	0.8487314582	4.123774052
2260	0.2429331839	0.2429331839	0	0	0.2553760111	0.2773391306	0.8506026268	4.123755455
2261	0.2442211658	0.2442211658	0	0	0.2569850087	0.2819479108	0.8489277959	4.123869896
2262	0.2299049944	0.2299049944	0	0	0.2598477602	0.2688077986	0.8409014344	4.123761654
2263	0.2317786515	0.2317786515	0	0	0.2595455647	0.2648541927	0.8357504606	4.12377739
2264	0.2303564399	0.2303564399	0	0	0.2533641458	0.2674159706	0.8253503442	4.123814583
2265	0.2240646482	0.2240646482	0	0	0.2479684204	0.2822822928	0.8255853057	4.123847008
2266	0.2233510762	0.2233510762	0	0	0.2432840466	0.2912029028	0.8292992711	4.12380743
2267	0.2262322754	0.2262322754	0	0	0.2482829988	0.2885293365	0.8416208625	4.123719692
2268	0.2317277342	0.2317277342	0	0	0.2534760833	0.2840978801	0.8485617042	4.123813629
2269	0.2392244339	0.2392244339	0	0	0.254633069	0.2885313034	0.8472217321	4.123793602
2270	0.2626235187	0.2626235187	0	0	0.2555169761	0.3007478416	0.8475215435	4.12371397
2271	0.2793561518	0.2793561518	0	0	0.256355226	0.2941113114	0.8432761431	4.123740196
2272	0.2778576016	0.2778576016	0	0	0.2546383739	0.2697578371	0.838368535	4.12370491
2273	0.2713541687	0.2713541687	0	0	0.2499048859	0.2682087719	0.8281418085	4.123784065
2274	0.2785846293	0.2785846293	0	0	0.2462210208	0.2895146906	0.8407500982	4.123670578
2275	0.2850486338	0.2850486338	0	0	0.2491872907	0.2932944894	0.847394824	4.123745918
2276	0.2963429093	0.2963429093	0	0	0.2502207458	0.2962154448	0.8472510576	4.123645782
2277	0.2996167541	0.2996167541	0	0	0.2528589368	0.3018147051	0.8456318378	4.123711109
2278	0.3149542212	0.3149542212	0	0	0.2539815307	0.3038343787	0.8396170735	4.123835087
2279	0.3220031261	0.3220031261	0	0	0.2543151081	0.2983822227	0.8344420195	4.1238904
2280	0.3099403977	0.3099403977	0	0	0.2522284091	0.2690107822	0.8233782649	4.123831749
2281	0.3056883216	0.3056883216	0	0	0.2502607107	0.2640313506	0.8203327656	4.123801231
2282	0.3123440146	0.3123440146	0	0	0.2486619204	0.271445334	0.8318110704	4.123776913
2283	0.3110869825	0.3110869825	0	0	0.2514548898	0.2620867789	0.8338500261	4.123809814
2284	0.322881341	0.322881341	0	0	0.2513818443	0.2793420553	0.8404098749	4.123801231
2285	0.3240481317	0.3240481317	0	0	0.2547261119	0.2804391086	0.840064168	4.123854637
2286	0.3217161	0.3217161	0	0	0.2548485398	0.2846462131	0.8348981738	4.123857975
2287	0.3193179667	0.3193179667	0	0	0.2579796016	0.2659092247	0.8285075426	4.123892784
2288	0.3269347847	0.3269347847	0	0	0.2554123402	0.2580336928	0.8259507418	4.123785973
2289	0.3217820525	0.3217820525	0	0	0.2500086427	0.2787852883	0.8264030218	4.123790741
2290	0.3347417414	0.3347417414	0	0	0.2480251193	0.2824204564	0.8287050128	4.123777866
2291	0.3386701345	0.3386701345	0	0	0.2492438257	0.2982289195	0.8375512362	4.123718262
2292	0.3370940983	0.3370940983	0	0	0.2496906072	0.2993357182	0.8416990638	4.123677254
2293	0.3425202668	0.3425202668	0	0	0.250279218	0.3008774221	0.8362599611	4.123711586
2294	0.3675700724	0.3675700724	0	0	0.2482095659	0.3124032617	0.8271849751	4.123744965
2295	0.3633975089	0.3633975089	0	0	0.2510642409	0.3032090664	0.8239562511	4.123764038
2296	0.341404438	0.341404438	0	0	0.2493434697	0.2822877765	0.816467464	4.123673439
2297	0.3479543924	0.3479543924	0	0	0.2456959039	0.2928124368	0.8137994409	4.123698235
2298	0.3468066752	0.3468066752	0	0	0.2429374009	0.2989740968	0.8158199787	4.123710632
2299	0.368655622	0.368655622	0	0	0.2419770509	0.3213261068	0.825099051	4.123688221
2300	0.3646912873	0.3646912873	0	0	0.2414851934	0.3137687147	0.8238137364	4.123692036
2301	0.3576079607	0.3576079607	0	0	0.2430213243	0.3096105158	0.8176793456	4.123724461
2302	0.3671080768	0.3671080768	0	0	0.2474798858	0.3044194579	0.8240773082	4.123720646
2303	0.3611470163	0.3611470163	0	0	0.2497574985	0.2952581942	0.8213854432	4.123755455
2304	0.3563921154	0.3563921154	0	0	0.2508767843	0.2717412412	0.8170568347	4.123743534
2305	0.3456301093	0.3456301093	0	0	0.248647958	0.2629373074	0.8110951781	4.123731136
2306	0.3771093488	0.3771093488	0	0	0.2496491671	0.2647260129	0.8203484416	4.123784542
2307	0.3595264852	0.3595264852	0	0	0.2511483431	0.2634810805	0.8254576921	4.12375927
2308	0.3684630692	0.3684630692	0	0	0.2537996769	0.2573727071	0.8312320709	4.123760223
2309	0.3759320676	0.3759320676	0	0	0.257720083	0.2468305081	0.8297200799	4.123713017
2310	0.3640028834	0.3640028834	0	0	0.2564513683	0.2690089941	0.8323922157	4.123742104
2311	0.3771236837	0.3771236837	0	0	0.2603880167	0.2461184263	0.8294596672	4.123765945
2312	0.3711766303	0.3711766303	0	0	0.2577969134	0.2419855446	0.8258490562	4.123723507
2313	0.3598916829	0.3598916829	0	0	0.2540345192	0.2540594637	0.8263161778	4.123751163
2314	0.3541410863	0.3541410863	0	0	0.2516099513	0.2677909136	0.8335390687	4.123774052
2315	0.3633776009	0.3633776009	0	0	0.2509409487	0.2757523656	0.8341969848	4.1236763
2316	0.3452709615	0.3452709615	0	0	0.2495849431	0.2747914493	0.8336391449	4.123641968
2317	0.4178159833	0.4178159833	0	0	0.2530835271	0.2663255036	0.8313587904	4.123678684
2318	0.4234936237	0.4234936237	0	0	0.2495817244	0.2829752564	0.8263527155	4.123687267
2319	0.47320503	0.47320503	0	0	0.2517836988	0.2788864076	0.8244242668	4.123809814
2320	0.4685172439	0.4685172439	0	0	0.2504909039	0.2682549953	0.819606781	4.123623848
2321	0.4715246558	0.4715246558	0	0	0.246161148	0.273517549	0.8139585853	4.123656273
2322	0.4494053423	0.4494053423	0	0	0.2433813363	0.2694158256	0.8129008412	4.123659134
2323	0.44165802	0.44165802	0	0	0.2413323969	0.2811648846	0.8134638667	4.123705387
2324	0.4593917429	0.4593917429	0	0	0.2426479459	0.274056375	0.8167179823	4.123659611
2325	0.48695454	0.48695454	0	0	0.2442909479	0.2768549025	0.8121743798	4.12380743
2326	0.4988915622	0.4988915622	0	0	0.2427888364	0.2886658311	0.8086360693	4.123746395
2327	0.488761574	0.488761574	0	0	0.2457211316	0.2744669318	0.8070616126	4.123740196
2328	0.4795591235	0.4795591235	0	0	0.2467347831	0.2714823186	0.8113228083	4.123723984
2329	0.4850840271	0.4850840271	0	0	0.2482260764	0.2520284653	0.8095063567	4.123700619
2330	0.4646961689	0.4646961689	0	0	0.2457904071	0.256233573	0.8121421337	4.123653889
2331	0.4556478262	0.4556478262	0	0	0.2460992634	0.2527373731	0.8110468984	4.123645306
2332	0.4664082825	0.4664082825	0	0	0.2467583865	0.2514678538	0.8143700957	4.123631954
2333	0.4823209643	0.4823209643	0	0	0.2509590685	0.2507043779	0.8164381385	4.123663425
2334	0.4658171237	0.4658171237	0	0	0.2494399846	0.2683289945	0.8178223968	4.123626709
2335	0.4956479669	0.4956479669	0	0	0.2555888593	0.2402911484	0.8159140348	4.123695374
2336	0.4678488374	0.4678488374	0	0	0.2511661649	0.256603837	0.8148463368	4.123365879
2337	0.4501889646	0.4501889646	0	0	0.2477140725	0.2656175792	0.8175839782	4.123263836
2338	0.459646821	0.459646821	0	0	0.2439439595	0.2613026202	0.8135415316	4.123330116
2339	0.4883964658	0.4883964658	0	0	0.2451807857	0.2675990462	0.8179631233	4.123283863
2340	0.5120331049	0.5120331049	0	0	0.2440375537	0.2684636712	0.8201918006	4.123081684
2341	0.582899332	0.582899332	0	0	0.2496340424	0.2598287463	0.8215933442	4.123101234
2342	0.5822455287	0.5822455287	0	0	0.2503979504	0.25836882	0.8229128718	4.122986794
2343	0.5840278864	0.5840278864	0	0	0.2529473305	0.2507995963	0.8188081384	4.123095036
2344	0.6093192101	0.6093192101	0	0	0.2509016991	0.2471311688	0.8126156926	4.122905254
2345	0.6137648821	0.6137648821	0	0	0.2486479431	0.2550626695	0.81521523	4.122934818
2346	0.6197679639	0.6197679639	0	0	0.2462510765	0.2530234456	0.81563586	4.123219013
2347	0.6289200783	0.6289200783	0	0	0.2451473475	0.2649727464	0.8178701997	4.123202801
2348	0.6276814342	0.6276814342	0	0	0.2482504845	0.2653115988	0.8278921843	4.123300552
2349	0.6315641999	0.6315641999	0	0	0.2501057982	0.2629011273	0.8254066706	4.123133183
2350	0.63333565	0.63333565	0	0	0.243544966	0.300357461	0.8218312263	4.123152733
2351	0.6283271313	0.6283271313	0	0	0.242254734	0.2980164886	0.8127396107	4.123227596
2352	0.6323533654	0.6323533654	0	0	0.245937556	0.2813174725	0.8153471947	4.123056889
2353	0.6308522224	0.6308522224	0	0	0.2413098961	0.2761546671	0.8054773211	4.122945309
2354	0.6295034289	0.6295034289	0	0	0.2411081195	0.2815185189	0.8132359385	4.123218536
2355	0.6314921379	0.6314921379	0	0	0.2365971953	0.277883172	0.8005383611	4.123101711
2356	0.6425270438	0.6425270438	0	0	0.2421404123	0.2720746994	0.8170531988	4.123113155
2357	0.6362891793	0.6362891793	0	0	0.2420996726	0.2734232545	0.8132203221	4.123131275
2358	0.6861540079	0.6861540079	0	0	0.2362660468	0.3119995296	0.8075298071	4.123071194
2359	0.6498927474	0.6498927474	0	0	0.2447696477	0.2898739278	0.8121650219	4.123274803
2360	0.6433436871	0.6433436871	0	0	0.2428271472	0.2875054181	0.8096367121	4.123011112
2361	0.6384759545	0.6384759545	0	0	0.2351714373	0.2863934934	0.7940636873	4.122912884
2362	0.6393355131	0.6393355131	0	0	0.2417103648	0.2760134339	0.8144616485	4.123071671
2363	0.6444575787	0.6444575787	0	0	0.2411365211	0.2828038633	0.8145377636	4.122988224
2364	0.7003185749	0.7003185749	0	0	0.2475135624	0.249834463	0.8205252886	4.123075962
2365	0.7223175764	0.7223175764	0	0	0.2527730465	0.227419585	0.8189606667	4.123026848
2366	0.7178694606	0.7178694606	0	0	0.2532917559	0.2287183553	0.8154114485	4.122929096
2367	0.7525313497	0.7525313497	0	0	0.2514160573	0.2240632176	0.8013518453	4.122988224
2368	0.7476987243	0.7476987243	0	0	0.2571515441	0.2195555419	0.8172597289	4.123095512
2369	0.7676925659	0.7676925659	0	0	0.2508466244	0.2204692215	0.8091446757	4.122910023
2370	0.7283731103	0.7283731103	0	0	0.2476421148	0.2333376557	0.8145279884	4.122903347
2371	0.7049592137	0.7049592137	0	0	0.2444027513	0.2613534331	0.8167893291	4.122855186
2372	0.7194417119	0.7194417119	0	0	0.2454487085	0.2579371333	0.8210473657	4.12303257
2373	0.7163370848	0.7163370848	0	0	0.2423516065	0.2598062158	0.8065046668	4.122920513
2374	0.7334067225	0.7334067225	0	0	0.2450841516	0.273524493	0.8133846521	4.123033524
2375	0.7204407454	0.7204407454	0	0	0.2466295362	0.2836611271	0.8163871765	4.122979641
2376	0.7167120576	0.7167120576	0	0	0.2477570325	0.2760331035	0.8172277808	4.122907639
2377	0.7263013124	0.7263013124	0	0	0.246124655	0.2537262738	0.8106914759	4.122850895
2378	0.7166898251	0.7166898251	0	0	0.2424422204	0.2629983127	0.8126440644	4.12292099
2379	0.7322440743	0.7322440743	0	0	0.238585636	0.2755904794	0.8063954711	4.122870922
2380	0.7262247801	0.7262247801	0	0	0.2362365276	0.2713695168	0.8022070527	4.123016357
2381	0.7247356772	0.7247356772	0	0	0.2366907895	0.2682266831	0.795440197	4.123052597
2382	0.7274653912	0.7274653912	0	0	0.2333635539	0.2860790789	0.7867797613	4.123060703
2383	0.7288310528	0.7288310528	0	0	0.2313104868	0.2899857759	0.7730092406	4.123304367
2384	0.7299746871	0.7299746871	0	0	0.2310161591	0.2508222163	0.7485124469	4.124043465
2385	0.741805017	0.741805017	0	0	0.229570955	0.236187771	0.7439234853	4.124079704
2386	0.7535699606	0.7535699606	0	0	0.2278838605	0.2459294647	0.7492134571	4.124089241
2387	0.7886597514	0.7886597514	0	0	0.2266010791	0.2618347108	0.7538948655	4.124087334
2388	0.8349320292	0.8349320292	0	0	0.2274658382	0.2438275069	0.7498986721	4.124096394
2389	0.8708681464	0.8708681464	0	0	0.2267792374	0.2401667535	0.7375792265	4.12409544
2390	0.9497493505	0.9497493505	0	0	0.2263550013	0.2528481483	0.735045135	4.124055862
2391	0.9979738593	0.9979738593	0	0	0.2263190448	0.2548096776	0.7253897786	4.124112129
2392	1.004614353	1.004614353	0	0	0.2225327194	0.2229668796	0.6896565557	4.124544621
2393	1.016448021	1.016448021	0	0	0.2208693773	0.210908547	0.6806033254	4.124555111
2394	1.022725105	1.022725105	0	0	0.218614012	0.2208117992	0.6838701963	4.124546051
2395	1.037616253	1.037616253	0	0	0.216785118	0.239736855	0.6890050769	4.124528408
2396	1.053170204	1.053170204	0	0	0.2187618911	0.222929731	0.6919087172	4.124534607
2397	1.047970772	1.047970772	0	0	0.219000414	0.2190720737	0.6828008294	4.124517918
2398	1.073127747	1.073127747	0	0	0.2180064917	0.2288905084	0.6765761971	4.124477386
2399	1.07389307	1.07389307	0	0	0.2177661508	0.2326351106	0.6699362397	4.124512196
2400	1.091849923	1.091849923	0	0	0.2113723457	0.2055464536	0.6202510595	4.124740601
2401	1.072514296	1.072514296	0	0	0.2208915204	0.2554957271	0.7168944478	4.123899937
2402	1.104637146	1.104637146	0	0	0.2155454755	0.2658475339	0.7105231881	4.123922825
2403	1.15884912	1.15884912	0	0	0.2105490565	0.2940399945	0.7072636485	4.12387228
2404	1.122380614	1.122380614	0	0	0.2152968794	0.2685137391	0.7117884755	4.123968124
2405	1.089946151	1.089946151	0	0	0.2179702073	0.2661903799	0.7170670629	4.123987675
2406	1.095197916	1.095197916	0	0	0.2256454676	0.2666456103	0.7461499572	4.123996258
2407	1.10953784	1.10953784	0	0	0.2248190492	0.272995621	0.7305890918	4.124100685
2408	1.082317591	1.082317591	0	0	0.2182237357	0.2468821704	0.6807921529	4.124550343
2409	1.084141493	1.084141493	0	0	0.2206406891	0.2650662363	0.7218804359	4.124014854
2410	1.043443203	1.043443203	0	0	0.2279475927	0.2285903543	0.7465534806	4.123925209
2411	0.9898360372	0.9898360372	0	0	0.2329350412	0.221902594	0.7522859573	4.12387085
2412	1.105836153	1.105836153	0	0	0.226354003	0.2446149141	0.7505789995	4.123911381
2413	1.093402147	1.093402147	0	0	0.2364416569	0.1944945902	0.7371584773	4.123895645
2414	1.112191558	1.112191558	0	0	0.2270523757	0.2325772494	0.7312981486	4.12391758
2415	1.181855917	1.181855917	0	0	0.2262952179	0.2038200498	0.7053684592	4.123895168
2416	1.191551566	1.191551566	0	0	0.2188388109	0.2139730752	0.6858426929	4.124450684
2417	1.160333157	1.160333157	0	0	0.2316606194	0.201405257	0.7377007604	4.124050617
2418	1.187057257	1.187057257	0	0	0.2339359224	0.2109665871	0.7584422231	4.123952389
2419	1.200634956	1.200634956	0	0	0.2282529771	0.2433707416	0.7554917336	4.123889923
2420	1.210941672	1.210941672	0	0	0.2317563742	0.2466018051	0.7686538696	4.123980522
2421	1.179169059	1.179169059	0	0	0.2314685434	0.2407566756	0.7539681196	4.123922825
2422	1.194341183	1.194341183	0	0	0.2312318087	0.2412627041	0.7534421086	4.123952389
2423	1.183524013	1.183524013	0	0	0.2291109413	0.2438761443	0.7461830378	4.12399435
2424	1.231789112	1.231789112	0	0	0.2197932899	0.2204285562	0.6970791817	4.124476433
2425	1.19701314	1.19701314	0	0	0.2267902195	0.2332604527	0.7446861863	4.124187946
2426	1.242465377	1.242465377	0	0	0.232511729	0.2225828171	0.7631589174	4.124034405
2427	1.274427533	1.274427533	0	0	0.2300929725	0.2553150356	0.7719136477	4.123972416
2428	1.283393621	1.283393621	0	0	0.2305227518	0.2528338432	0.7698874474	4.124050617
2429	1.229405522	1.229405522	0	0	0.2303367555	0.2449007332	0.7578005791	4.123954773
2430	1.226050019	1.226050019	0	0	0.2316496074	0.255587399	0.7652922273	4.123995304
2431	1.23048389	1.23048389	0	0	0.2310124636	0.2423653305	0.7554380894	4.1240201
2432	1.249950051	1.249950051	0	0	0.2231952399	0.2261899561	0.7131361961	4.124515533
2433	1.207300782	1.207300782	0	0	0.2272366136	0.2384496927	0.7513327599	4.124101639
2434	1.226413369	1.226413369	0	0	0.2399076223	0.2029965222	0.7738513947	4.124032497
2435	1.170102954	1.170102954	0	0	0.2449074686	0.2078862637	0.7850373387	4.124098778
2436	1.17679739	1.17679739	0	0	0.2438073456	0.2094970196	0.7833827138	4.124062538
2437	1.196020126	1.196020126	0	0	0.2465238124	0.1959632039	0.7764561176	4.124083996
2438	1.183004975	1.183004975	0	0	0.2431513518	0.2188387811	0.7806949615	4.12405777
2439	1.227572322	1.227572322	0	0	0.2422893345	0.2122798711	0.7739059925	4.124071598
2440	1.285718083	1.285718083	0	0	0.2336286604	0.1939129829	0.7299812436	4.124494076
2441	1.269001722	1.269001722	0	0	0.2407367378	0.1983452588	0.7709460258	4.124157906
2442	1.289878845	1.289878845	0	0	0.244198665	0.1978400052	0.7804589272	4.124069691
2443	1.260335684	1.260335684	0	0	0.2430223972	0.2285291404	0.7887418866	4.124042988
2444	1.277142644	1.277142644	0	0	0.2494783849	0.2223299593	0.8061928749	4.124075413
2445	1.280295491	1.280295491	0	0	0.247612834	0.2168524414	0.7896716595	4.123877525
2446	1.247409821	1.247409821	0	0	0.244598031	0.2371004671	0.7928830981	4.123954773
2447	1.266929269	1.266929269	0	0	0.2431335747	0.2310767621	0.7886464	4.123943329
2448	1.316400528	1.316400528	0	0	0.2354553044	0.2075864971	0.7449798584	4.124533653
2449	1.300597072	1.300597072	0	0	0.2413795143	0.2190109193	0.7840787768	4.124134541
2450	1.366912484	1.366912484	0	0	0.2490156889	0.211891517	0.8016286492	4.12404871
2451	1.354696155	1.354696155	0	0	0.2501588464	0.231840387	0.8118273616	4.124027252
2452	1.358103037	1.358103037	0	0	0.2532419562	0.2232441902	0.8136214018	4.124023438
2453	1.320712566	1.320712566	0	0	0.2503972352	0.2288654	0.802798748	4.123883724
2454	1.308205485	1.308205485	0	0	0.2489874512	0.245629698	0.8072634935	4.123975754
2455	1.353940368	1.353940368	0	0	0.2501490712	0.2357368022	0.804492414	4.124033928
2456	1.353956938	1.353956938	0	0	0.2410445213	0.2212230563	0.7648030519	4.124566555
2457	1.365000367	1.365000367	0	0	0.2435366809	0.2414021939	0.7968291044	4.124208927
2458	1.342993736	1.342993736	0	0	0.2528527677	0.2168594599	0.811191082	4.12404871
2459	1.261522651	1.261522651	0	0	0.2548663914	0.2258460224	0.8158283234	4.123950958
2460	1.233957887	1.233957887	0	0	0.2580777705	0.2131827921	0.8174814582	4.12398386
2461	1.261251211	1.261251211	0	0	0.2569146454	0.2134852707	0.8079537153	4.12394619
2462	1.267889857	1.267889857	0	0	0.2539128661	0.2299559414	0.8113723993	4.123940468
2463	1.260126233	1.260126233	0	0	0.2496313304	0.2210884988	0.7976101637	4.123897552
2464	1.312876463	1.312876463	0	0	0.245992735	0.1916290969	0.7656385303	4.124434948
2465	1.279105067	1.279105067	0	0	0.2475669086	0.216195032	0.8001431823	4.124024391
2466	1.324406147	1.324406147	0	0	0.249951005	0.2199578583	0.8053178191	4.123970509
2467	1.292416334	1.292416334	0	0	0.2476629019	0.2424400002	0.8073471785	4.124031544
2468	1.291738629	1.291738629	0	0	0.2507860959	0.2363354862	0.8096833229	4.123988628
2469	1.296971798	1.296971798	0	0	0.2506621778	0.237617895	0.8015778065	4.123878956
2470	1.310289502	1.310289502	0	0	0.2486579567	0.2536455393	0.8020727038	4.123963356
2471	1.290299892	1.290299892	0	0	0.2459287643	0.2439341545	0.792241931	4.123945236
2472	1.32757163	1.32757163	0	0	0.2421392202	0.2201761901	0.7637466192	4.124473095
2473	1.304386377	1.304386377	0	0	0.2471856773	0.2344377786	0.8047140837	4.124005795
2474	1.345632553	1.345632553	0	0	0.2537047267	0.2176039815	0.8128367662	4.124035358
2475	1.309124231	1.309124231	0	0	0.2521644235	0.2317307591	0.8124796748	4.123957157
2476	1.308362126	1.308362126	0	0	0.2553358972	0.2379132658	0.8239222765	4.123940945
2477	1.331185818	1.331185818	0	0	0.25667575	0.2309746444	0.8174516559	4.123857975
2478	1.322479248	1.322479248	0	0	0.2551576793	0.2464111596	0.8209910393	4.12387991
2479	1.346463323	1.346463323	0	0	0.256277591	0.2378720492	0.8224897981	4.123965263
2480	1.317731977	1.317731977	0	0	0.2545931935	0.2471595556	0.8246104121	4.123965263
2481	1.290923357	1.290923357	0	0	0.2498610616	0.2695200443	0.8372053504	4.123317719
2482	1.231011748	1.231011748	0	0	0.2573559284	0.2315541506	0.8401010633	4.122980595
2483	1.190439343	1.190439343	0	0	0.2590891421	0.2398388535	0.8436971307	4.122853756
2484	1.174485445	1.174485445	0	0	0.261921376	0.2354819924	0.8467036486	4.122824669
2485	1.19221139	1.19221139	0	0	0.2636866271	0.2329846323	0.8463032246	4.122161388
2486	1.204726577	1.204726577	0	0	0.2562980056	0.2588756979	0.8372641802	4.122203827
2487	1.181700587	1.181700587	0	0	0.2557906508	0.2516388595	0.8361023664	4.122065067
2488	1.189329386	1.189329386	0	0	0.2589941919	0.247491762	0.8452782631	4.121953964
2489	1.190089464	1.190089464	0	0	0.2565517128	0.2418257147	0.8438676	4.12292099
2490	1.197804451	1.197804451	0	0	0.2579440773	0.241141662	0.8474037647	4.122420788
2491	1.201527953	1.201527953	0	0	0.2593230009	0.2543118894	0.8542644978	4.122461796
2492	1.195028067	1.195028067	0	0	0.2609666586	0.2545613647	0.8571964502	4.122756004
2493	1.200377703	1.200377703	0	0	0.2589869499	0.2549412251	0.8490897417	4.122256756
2494	1.217809916	1.217809916	0	0	0.253698945	0.2874573171	0.8512701988	4.122320175
2495	1.190457344	1.190457344	0	0	0.2505264878	0.2783688903	0.8423056006	4.121981144
2496	1.195904016	1.195904016	0	0	0.2505190969	0.2760290504	0.8416522145	4.122428417
2497	1.165835619	1.165835619	0	0	0.2492488176	0.259732753	0.8336523175	4.123101234
2498	1.177193642	1.177193642	0	0	0.2544003129	0.2446506619	0.8366450071	4.122913361
2499	1.180252075	1.180252075	0	0	0.2561912835	0.2629550695	0.8472487926	4.123078346
2500	1.159901381	1.159901381	0	0	0.2589426339	0.2568516731	0.8508368134	4.122928619
2501	1.170398474	1.170398474	0	0	0.2592561543	0.2541307807	0.8476915956	4.122357845
2502	1.195878386	1.195878386	0	0	0.2560173273	0.2785893381	0.8521338701	4.122470379
2503	1.207272649	1.207272649	0	0	0.2519254386	0.2795273662	0.8442362547	4.122173786
2504	1.233974814	1.233974814	0	0	0.2498562485	0.2951768041	0.8482519984	4.122438908
2505	1.209190369	1.209190369	0	0	0.247564137	0.2805390358	0.8417032957	4.123193741
2506	1.160670877	1.160670877	0	0	0.2576732039	0.2482343465	0.8457299471	4.122746944
2507	1.117649436	1.117649436	0	0	0.2643048763	0.2387737334	0.8532016277	4.122563839
2508	1.079906702	1.079906702	0	0	0.2598432899	0.2488261461	0.8459035754	4.122460365
2509	1.047961593	1.047961593	0	0	0.2619864941	0.2414090931	0.8441319466	4.122135162
2510	1.03476584	1.03476584	0	0	0.2546741664	0.2708330452	0.8412296772	4.121756554
2511	0.9609280825	0.9609280825	0	0	0.2522980571	0.2497137189	0.8287291527	4.121601105
2512	0.9446868896	0.9446868896	0	0	0.25372082	0.2513937056	0.8351274133	4.121842384
2513	0.9160319567	0.9160319567	0	0	0.2529645562	0.2415965199	0.8344362378	4.122918129
2514	0.9044478536	0.9044478536	0	0	0.2556129992	0.2399560213	0.8386761546	4.12254715
2515	0.9124783278	0.9124783278	0	0	0.2565915585	0.242841363	0.8402959704	4.122479439
2516	0.9111142159	0.9111142159	0	0	0.2552139759	0.2515434623	0.8403077722	4.122626305
2517	0.9305955768	0.9305955768	0	0	0.2516686022	0.264111191	0.8300328851	4.122143269
2518	0.9209159017	0.9209159017	0	0	0.2473411858	0.2712577283	0.8281129003	4.122056961
2519	0.9214342833	0.9214342833	0	0	0.2466932237	0.2721227109	0.829143703	4.12176609
2520	0.9375244975	0.9375244975	0	0	0.2476468533	0.2804508805	0.8359960914	4.122143269
2521	0.9037809968	0.9037809968	0	0	0.2458917499	0.2704846263	0.8299754262	4.122900963
2522	0.8907310963	0.8907310963	0	0	0.252197504	0.2547623515	0.8358430266	4.122699261
2523	0.8979651928	0.8979651928	0	0	0.2575015128	0.2537696064	0.8456471562	4.123040676
2524	0.9033551812	0.9033551812	0	0	0.2572987974	0.2579227984	0.8436724544	4.12278986
2525	0.8939656615	0.8939656615	0	0	0.2556269467	0.2595537007	0.8367507458	4.122621059
2526	0.896425724	0.896425724	0	0	0.2565784752	0.265860498	0.8447064161	4.122254372
2527	0.888612628	0.888612628	0	0	0.2551369965	0.2637874484	0.8429666162	4.122085571
2528	0.9532113671	0.9532113671	0	0	0.2560096383	0.281814158	0.8536146879	4.122102261
2529	0.9630597234	0.9630597234	0	0	0.2524350882	0.285425812	0.851094842	4.122880936
2530	0.922399044	0.922399044	0	0	0.2601061165	0.2522380352	0.8524747491	4.122326374
2531	0.885887146	0.885887146	0	0	0.2649313807	0.2365410179	0.8527489901	4.122236729
2532	0.8855115175	0.8855115175	0	0	0.2644045651	0.2502043247	0.854841888	4.122065544
2533	0.8598383665	0.8598383665	0	0	0.2646512389	0.2512365878	0.8533807397	4.12201786
2534	0.8045543432	0.8045543432	0	0	0.2595229745	0.254419148	0.845146358	4.121669769
2535	0.7343782783	0.7343782783	0	0	0.2633152902	0.2291322947	0.8438595533	4.121764183
2536	0.7471658587	0.7471658587	0	0	0.2614954114	0.2456116676	0.8473641276	4.121631622
2537	0.7085701823	0.7085701823	0	0	0.2616913021	0.2331423461	0.8468295336	4.122736454
2538	0.7283005714	0.7283005714	0	0	0.2616507113	0.2399679422	0.8483822346	4.122312069
2539	0.7308160663	0.7308160663	0	0	0.2633039057	0.2408195436	0.8505314589	4.122333527
2540	0.7193207741	0.7193207741	0	0	0.2621983588	0.2486416548	0.8511063457	4.122480869
2541	0.758934021	0.758934021	0	0	0.2615154684	0.2585647106	0.8500031829	4.122199059
2542	0.7328929901	0.7328929901	0	0	0.2602296472	0.2548025548	0.8469777703	4.122019291
2543	0.7533772588	0.7533772588	0	0	0.258582443	0.2614792287	0.8467228413	4.121750832
2544	0.7759054899	0.7759054899	0	0	0.2575557232	0.2673926651	0.8478674293	4.122099876
2545	0.7388685346	0.7388685346	0	0	0.2568632662	0.2622738481	0.8467618227	4.122918129
2546	0.7340489626	0.7340489626	0	0	0.2612352967	0.2520566285	0.8512240052	4.12264061
2547	0.7380520701	0.7380520701	0	0	0.265758574	0.2472634017	0.857008636	4.12286377
2548	0.7173287272	0.7173287272	0	0	0.2647066116	0.2416139841	0.8525540233	4.122713566
2549	0.7733244896	0.7733244896	0	0	0.2653409243	0.2527991831	0.8553013802	4.122516632
2550	0.7537428737	0.7537428737	0	0	0.2644918263	0.2525384128	0.8537806273	4.122243404
2551	0.7399164438	0.7399164438	0	0	0.2635179162	0.2498525381	0.8533521295	4.121999264
2552	0.7811646461	0.7811646461	0	0	0.2635956109	0.2636480331	0.859161377	4.122139931
2553	0.7482483983	0.7482483983	0	0	0.2580827177	0.265448451	0.8514130712	4.123074532
2554	0.7241567969	0.7241567969	0	0	0.2626208067	0.2407793105	0.8499045372	4.122375965
2555	0.7424576283	0.7424576283	0	0	0.2650496662	0.2416385859	0.8538075686	4.122447968
2556	0.7406446338	0.7406446338	0	0	0.2657309473	0.2350701541	0.8525961041	4.122242451
2557	0.7858650684	0.7858650684	0	0	0.2629177272	0.2425578833	0.8488841057	4.122074604
2558	0.7793517113	0.7793517113	0	0	0.2588513792	0.2427816838	0.8425714374	4.121750832
2559	0.7643193603	0.7643193603	0	0	0.2603774667	0.2256314009	0.8393685222	4.121679306
2560	0.7946650386	0.7946650386	0	0	0.260323137	0.2414484769	0.8450890779	4.122154236
2561	0.7785817385	0.7785817385	0	0	0.2576166391	0.2324288934	0.8366446495	4.1229105
2562	0.7664113641	0.7664113641	0	0	0.2588925362	0.231915161	0.8389585614	4.122239113
2563	0.7641221881	0.7641221881	0	0	0.2619535029	0.2267356366	0.8428936005	4.122365475
2564	0.756957531	0.756957531	0	0	0.2618768811	0.2322724909	0.8442911506	4.122393131
2565	0.7962208986	0.7962208986	0	0	0.2556354702	0.2509436607	0.8383671045	4.122376919
2566	0.7767790556	0.7767790556	0	0	0.2546461523	0.244356662	0.836171627	4.121985912
2567	0.7999049425	0.7999049425	0	0	0.2544668317	0.2508086264	0.8400753736	4.121683598
2568	0.8428891301	0.8428891301	0	0	0.2609922588	0.2563194931	0.8551384807	4.122269154
2569	0.8072656989	0.8072656989	0	0	0.2617236972	0.247171849	0.8531063795	4.122814178
2570	0.7997547984	0.7997547984	0	0	0.2666262388	0.2370633781	0.8574813604	4.122380733
2571	0.7431380749	0.7431380749	0	0	0.2672775686	0.219713524	0.850671947	4.122367382
2572	0.7376533747	0.7376533747	0	0	0.2696932256	0.2165209055	0.8541220427	4.122568607
2573	0.7731657624	0.7731657624	0	0	0.2651827335	0.2330073118	0.8535081148	4.122612
2574	0.7700571418	0.7700571418	0	0	0.2617383301	0.2310612947	0.8469163775	4.121827126
2575	0.7742836475	0.7742836475	0	0	0.2631047964	0.2300369591	0.8492716551	4.121916771
2576	0.8348631859	0.8348631859	0	0	0.2634672523	0.2469930351	0.857806325	4.122200489
2577	0.8484838605	0.8484838605	0	0	0.2596059442	0.2559232116	0.8557881713	4.122621059
2578	0.8322396278	0.8322396278	0	0	0.2671082616	0.231420815	0.8569362164	4.122262955
2579	0.8227928877	0.8227928877	0	0	0.2696811557	0.2126528472	0.8528699279	4.122075558
2580	0.8286557198	0.8286557198	0	0	0.2728857398	0.211250782	0.8576356769	4.122136593
2581	0.8638672829	0.8638672829	0	0	0.2652354538	0.2272888571	0.8495982885	4.122122765
2582	0.8709697723	0.8709697723	0	0	0.2617044151	0.2232375592	0.8419726491	4.121682644
2583	0.886457324	0.886457324	0	0	0.2637092769	0.2201029956	0.8447703123	4.121840477
2584	0.9138714671	0.9138714671	0	0	0.2670012116	0.21820952	0.8521510363	4.122110844
2585	0.9057987928	0.9057987928	0	0	0.2676476836	0.2081579268	0.8513771892	4.122771263
2586	0.9066496491	0.9066496491	0	0	0.2682395875	0.21271424	0.8511794209	4.122243404
2587	0.9149823785	0.9149823785	0	0	0.2709386349	0.2087129653	0.8539369702	4.122103214
2588	0.8935203552	0.8935203552	0	0	0.2704198062	0.2145034522	0.8572328687	4.122197628
2589	0.9392727613	0.9392727613	0	0	0.2617537975	0.2392964661	0.8490962982	4.1223979
2590	0.9133771062	0.9133771062	0	0	0.259935379	0.2316543907	0.8434343934	4.121798992
2591	0.9415223002	0.9415223002	0	0	0.2641775012	0.2304422706	0.8504288197	4.121599197
2592	1.001369953	1.001369953	0	0	0.2690899968	0.2346834242	0.860152483	4.122285366
2593	0.9368103743	0.9368103743	0	0	0.2697614431	0.220481649	0.8559561968	4.122756481
2594	0.9190119505	0.9190119505	0	0	0.2729360461	0.2146401405	0.8583781719	4.122262001
2595	0.8689994812	0.8689994812	0	0	0.2735391259	0.1992349923	0.8536505699	4.122210503
2596	0.8595768213	0.8595768213	0	0	0.2750580013	0.1997637451	0.8581062555	4.122459412
2597	0.8612610102	0.8612610102	0	0	0.2675781846	0.2093250155	0.8491824865	4.122502804
2598	0.8625506163	0.8625506163	0	0	0.2641011775	0.2078935355	0.8413214087	4.121740818
2599	0.8826873302	0.8826873302	0	0	0.268892467	0.2074778378	0.8515770435	4.121785641
2600	0.9268488288	0.9268488288	0	0	0.2706078887	0.2215440124	0.860660553	4.122108936
2601	0.9226193428	0.9226193428	0	0	0.2676862776	0.2224620432	0.8581972718	4.122211456
2602	0.913729012	0.913729012	0	0	0.2674965858	0.2247923166	0.856908679	4.122239113
2603	0.9299092889	0.9299092889	0	0	0.2700478435	0.21484752	0.8557043672	4.122297287
2604	0.9273719788	0.9273719788	0	0	0.2712354064	0.2055399716	0.8541658521	4.12203598
2605	0.9826657176	0.9826657176	0	0	0.2629955411	0.2157824636	0.8427898884	4.122395992
2606	1.033799291	1.033799291	0	0	0.2606146634	0.2119888067	0.8356848359	4.121898651
2607	1.097232461	1.097232461	0	0	0.2624500692	0.2164720744	0.8407099843	4.122005463
2608	1.148669481	1.148669481	0	0	0.2642545402	0.2152631134	0.8453350067	4.122255325
2609	1.15368402	1.15368402	0	0	0.26207605	0.2135261148	0.8428471088	4.122536659
2610	1.174404263	1.174404263	0	0	0.2594417036	0.2272608578	0.8413260579	4.122214317
2611	1.147383332	1.147383332	0	0	0.2623457313	0.2166536003	0.8426270485	4.122153759
2612	1.136196733	1.136196733	0	0	0.2639862597	0.216664359	0.8469234705	4.12225771
2613	1.146762609	1.146762609	0	0	0.2579266429	0.2218479216	0.8354288936	4.122203827
2614	1.164973259	1.164973259	0	0	0.2542789876	0.2220833153	0.8255700469	4.121910095
2615	1.179633498	1.179633498	0	0	0.26051265	0.23059614	0.8416468501	4.121727943
2616	1.191906929	1.191906929	0	0	0.2610557973	0.2327958047	0.8440942168	4.122485638
2617	1.155257225	1.155257225	0	0	0.2582001984	0.2240499556	0.8355705738	4.122739315
2618	1.143805146	1.143805146	0	0	0.2567935288	0.2175919712	0.828271389	4.122460842
2619	1.12196207	1.12196207	0	0	0.2588972747	0.2076536864	0.8282325268	4.122284412
2620	1.122738481	1.122738481	0	0	0.2639465928	0.2126050889	0.8411170244	4.122632027
2621	1.117512226	1.117512226	0	0	0.2618060708	0.2134889662	0.8401927948	4.122076511
2622	1.139578581	1.139578581	0	0	0.2578309476	0.2172895819	0.830766201	4.121779442
2623	1.148929238	1.148929238	0	0	0.2661381662	0.2209646553	0.8507176638	4.121943951
2624	1.189231515	1.189231515	0	0	0.2675873339	0.2299294025	0.8594926	4.122478485
2625	1.212934375	1.212934375	0	0	0.2585847974	0.237598449	0.8494594097	4.122589111
2626	1.228807449	1.228807449	0	0	0.2609117031	0.2339428067	0.8505576253	4.122515678
2627	1.247380614	1.247380614	0	0	0.2650135458	0.2303056717	0.855926156	4.122394562
2628	1.222364545	1.222364545	0	0	0.2716448903	0.2218504399	0.8634384871	4.122701645
2629	1.229736447	1.229736447	0	0	0.2672263682	0.2235387117	0.8575137854	4.122620106
2630	1.308145523	1.308145523	0	0	0.2601268589	0.2364128828	0.8459776044	4.122105122
2631	1.316536546	1.316536546	0	0	0.2648673356	0.2330265045	0.8543460369	4.122207165
2632	1.30733335	1.30733335	0	0	0.2679262757	0.2223891914	0.8564525843	4.12312746
2633	1.301460028	1.301460028	0	0	0.2615010142	0.2286159694	0.8504043818	4.123178959
2634	1.337098837	1.337098837	0	0	0.2606727183	0.2352426201	0.8526051641	4.122814655
2635	1.322807312	1.322807312	0	0	0.2623609006	0.2304479331	0.855048418	4.122668743
2636	1.292883515	1.292883515	0	0	0.267790556	0.2277940363	0.8626230359	4.12294054
2637	1.287680745	1.287680745	0	0	0.2659541667	0.2322768271	0.8607928753	4.12226963
2638	1.324684739	1.324684739	0	0	0.2536509037	0.2410720438	0.8373433352	4.122270584
2639	1.37323463	1.37323463	0	0	0.2591840625	0.2503118217	0.8514144421	4.122251034
2640	1.419215918	1.419215918	0	0	0.2692593932	0.2459176183	0.867706418	4.12302351
2641	1.34010756	1.34010756	0	0	0.2665562928	0.2390741855	0.8619308472	4.123092175
2642	1.312666893	1.312666893	0	0	0.2659354806	0.2292027175	0.8579497337	4.122861862
2643	1.299339533	1.299339533	0	0	0.270660609	0.2226829976	0.8641350865	4.122991562
2644	1.234925985	1.234925985	0	0	0.2769364715	0.2125598192	0.8706028461	4.123101234
2645	1.237507939	1.237507939	0	0	0.2740511596	0.2192023396	0.8694272637	4.122871399
2646	1.300920725	1.300920725	0	0	0.2669560015	0.2297358513	0.8596991301	4.122460365
2647	1.363340139	1.363340139	0	0	0.2705661952	0.2352523357	0.8675557375	4.122517586
2648	1.388574362	1.388574362	0	0	0.2746710181	0.2350622565	0.8729808331	4.123077869
2649	1.352784276	1.352784276	0	0	0.2697948217	0.23428379	0.8659300208	4.12330246
2650	1.267926216	1.267926216	0	0	0.2711383104	0.2158918381	0.8628653288	4.122939587
2651	1.199192643	1.199192643	0	0	0.2796830237	0.2054385841	0.8721112609	4.122905254
2652	1.071797132	1.071797132	0	0	0.2839546204	0.1903054714	0.8701230288	4.122749329
2653	1.054646611	1.054646611	0	0	0.2816238105	0.1964912117	0.8691809773	4.12260437
2654	1.033396244	1.033396244	0	0	0.2786806524	0.19361265	0.8610774279	4.122534752
2655	1.01760006	1.01760006	0	0	0.2777092159	0.1983707547	0.861038208	4.122294426
2656	0.9988148808	0.9988148808	0	0	0.2809192538	0.1908338815	0.8663134575	4.122888088
2657	0.9552731514	0.9552731514	0	0	0.2816336155	0.1777111292	0.8637863398	4.123247147
2658	1.000966668	1.000966668	0	0	0.2789333165	0.1823849231	0.8633342981	4.122925758
2659	1.028899789	1.028899789	0	0	0.2833593786	0.1829196513	0.8704918623	4.123039722
2660	0.9863175154	0.9863175154	0	0	0.2832027078	0.1857126355	0.8681162	4.122850895
2661	1.06884563	1.06884563	0	0	0.281580776	0.1998691261	0.8716234565	4.122650146
2662	1.05615294	1.05615294	0	0	0.2753425241	0.1989991963	0.8578995466	4.122648239
2663	1.068041444	1.068041444	0	0	0.2783397436	0.205279395	0.8643200994	4.122205734
2664	1.072993159	1.072993159	0	0	0.2838147879	0.1992105097	0.8720850348	4.123007774
2665	1.055653453	1.055653453	0	0	0.2792366445	0.2005566359	0.8670300841	4.12331152
2666	1.053763509	1.053763509	0	0	0.2790153027	0.1894166023	0.8632554412	4.123053551
2667	1.058381796	1.058381796	0	0	0.2845387459	0.1814601868	0.8683619499	4.123231888
2668	1.014637709	1.014637709	0	0	0.2862224877	0.1743217558	0.8677631617	4.123067379
2669	1.057340503	1.057340503	0	0	0.2867183685	0.1851206571	0.872325778	4.122720718
2670	1.060113668	1.060113668	0	0	0.2827560306	0.1849546134	0.8647857904	4.122549057
2671	1.079075217	1.079075217	0	0	0.2862377763	0.184997946	0.8703042269	4.122528553
2672	1.1076684	1.1076684	0	0	0.2873287797	0.1913629472	0.8777551055	4.122585773
2673	1.104425192	1.104425192	0	0	0.2818358839	0.1955036372	0.871563077	4.123369694
2674	1.040538311	1.040538311	0	0	0.2839697003	0.1813884974	0.8701589704	4.122759819
2675	1.085829973	1.085829973	0	0	0.2919936776	0.1784962416	0.8773783445	4.12262392
2676	0.9729384184	0.9729384184	0	0	0.2908538282	0.1698147506	0.8726609349	4.122210026
2677	1.000230908	1.000230908	0	0	0.2892888486	0.1825421154	0.8748216033	4.121918678
2678	0.9464263916	0.9464263916	0	0	0.2839931846	0.1828268319	0.8654929399	4.122112274
2679	0.8593354225	0.8593354225	0	0	0.2851297855	0.1782444119	0.8650467992	4.121986866
2680	0.8399398327	0.8399398327	0	0	0.2880065441	0.1725585014	0.8687254786	4.122702122
2681	0.8013839722	0.8013839722	0	0	0.2857401669	0.1691610962	0.8656397462	4.123244286
2682	0.7970691919	0.7970691919	0	0	0.2857871354	0.1723555326	0.8698052168	4.122978687
2683	0.8089561462	0.8089561462	0	0	0.2871797979	0.1754577011	0.8716909289	4.122830391
2684	0.7525277734	0.7525277734	0	0	0.2872620821	0.1734454632	0.8713743091	4.122513294
2685	0.8038307428	0.8038307428	0	0	0.28396824	0.1898220628	0.872859776	4.122087955
2686	0.7835634947	0.7835634947	0	0	0.276168853	0.1918774992	0.861920774	4.122310162
2687	0.7695125341	0.7695125341	0	0	0.2785598338	0.1931685209	0.8651185036	4.122162819
2688	0.7645480633	0.7645480633	0	0	0.2822048962	0.189970389	0.8693150878	4.122802734
2689	0.7666739225	0.7666739225	0	0	0.2805254459	0.1903755516	0.8672443628	4.123355389
2690	0.7339937687	0.7339937687	0	0	0.2810615599	0.1773459762	0.8645200133	4.122982025
2691	0.7781912684	0.7781912684	0	0	0.286354661	0.1743682623	0.8708494902	4.122954369
2692	0.7619842291	0.7619842291	0	0	0.2872861624	0.1679453701	0.8716418147	4.122772694
2693	0.7534049153	0.7534049153	0	0	0.2848145962	0.1724798977	0.8697955012	4.122582436
2694	0.7495209575	0.7495209575	0	0	0.2794932723	0.1746700853	0.8621338606	4.122502804
2695	0.7442170978	0.7442170978	0	0	0.2787927389	0.1768004149	0.8602994084	4.122065067
2696	0.7619544268	0.7619544268	0	0	0.2843895853	0.1817272156	0.8742075562	4.122264862
2697	0.7426857948	0.7426857948	0	0	0.2796909213	0.1848026961	0.8679482341	4.123412132
2698	0.7063620687	0.7063620687	0	0	0.2816089094	0.1646655351	0.8605128527	4.122829437
2699	0.8039172888	0.8039172888	0	0	0.2857235968	0.1693025827	0.864382267	4.122300148
2700	0.758453548	0.758453548	0	0	0.282343626	0.1665026695	0.8567498326	4.122101784
2701	0.7896799445	0.7896799445	0	0	0.2793166935	0.1735055	0.8571119905	4.121894836
2702	0.7886059284	0.7886059284	0	0	0.2737530172	0.1723466963	0.8478600383	4.122046947
2703	0.7831904292	0.7831904292	0	0	0.2745133936	0.167378217	0.8446362615	4.121875286
2704	0.7759917378	0.7759917378	0	0	0.2782862186	0.1667152196	0.8484316468	4.12256813
2705	0.7454847693	0.7454847693	0	0	0.2764621675	0.1616213918	0.8432818651	4.123141289
2706	0.7168795466	0.7168795466	0	0	0.2794741094	0.1590325534	0.8494236469	4.122610569
2707	0.7547130585	0.7547130585	0	0	0.2789205015	0.165081948	0.8465931416	4.122433186
2708	0.7265204787	0.7265204787	0	0	0.2766219079	0.1611338407	0.8423378468	4.122132301
2709	0.7613341212	0.7613341212	0	0	0.271281898	0.1741250753	0.8395403028	4.122055531
2710	0.7397104502	0.7397104502	0	0	0.2657525539	0.1700462103	0.8295987248	4.121980667
2711	0.7479404807	0.7479404807	0	0	0.2656250596	0.169938162	0.8272477388	4.121736526
2712	0.75085783	0.75085783	0	0	0.2678880692	0.1767195165	0.8286908269	4.122162342
2713	0.7802683711	0.7802683711	0	0	0.2685347795	0.1781986952	0.8273044825	4.123072624
2714	0.750184238	0.750184238	0	0	0.2704631388	0.1683418751	0.8261531591	4.122677803
2715	0.7611176372	0.7611176372	0	0	0.2748251557	0.1615999937	0.8310902119	4.122497559
2716	0.7612925172	0.7612925172	0	0	0.2680936158	0.1544162482	0.8134145141	4.122141361
2717	0.7831927538	0.7831927538	0	0	0.264267832	0.1646104604	0.8127032518	4.122070312
2718	0.7689940333	0.7689940333	0	0	0.2620752454	0.1607932746	0.8112044334	4.121884823
2719	0.772975564	0.772975564	0	0	0.2643975317	0.1591989249	0.8141524792	4.121719837
2720	0.7383204103	0.7383204103	0	0	0.271312356	0.1589834392	0.8275181055	4.121688843
2721	0.7827933431	0.7827933431	0	0	0.2696735561	0.1640936583	0.8231325746	4.122260571
2722	0.772287488	0.772287488	0	0	0.268712908	0.1608978361	0.8132492304	4.12229538
2723	0.7989583015	0.7989583015	0	0	0.2706235349	0.155652076	0.8122630119	4.122005463
2724	0.7611945271	0.7611945271	0	0	0.2674427629	0.1477591544	0.8046337366	4.121696472
2725	0.7612702847	0.7612702847	0	0	0.2624033689	0.162946865	0.80600667	4.121608734
2726	0.7248881459	0.7248881459	0	0	0.257131964	0.155024752	0.793456018	4.121497154
2727	0.7475690842	0.7475690842	0	0	0.257173568	0.1616616249	0.7967538238	4.12140274
2728	0.7350734472	0.7350734472	0	0	0.2604510486	0.1612369269	0.8070110083	4.121828079
2729	0.7565020323	0.7565020323	0	0	0.2626947761	0.1606947929	0.8114762902	4.122434139
2730	0.7381706834	0.7381706834	0	0	0.2633609474	0.1604061723	0.8084253669	4.12215662
2731	0.7439190745	0.7439190745	0	0	0.269808054	0.1518695354	0.8148921728	4.122018814
2732	0.7557476759	0.7557476759	0	0	0.2665573657	0.147505179	0.8061216474	4.121715546
2733	0.787235558	0.787235558	0	0	0.2627673447	0.1518955231	0.8031748533	4.121700764
2734	0.7710006237	0.7710006237	0	0	0.2601087093	0.1505691558	0.8005138636	4.121430397
2735	0.7736157775	0.7736157775	0	0	0.2619928718	0.155774951	0.8056361079	4.121461868
2736	0.7708586454	0.7708586454	0	0	0.2676198483	0.1570849568	0.8179733753	4.121974468
2737	0.822720468	0.822720468	0	0	0.2673024833	0.1573110521	0.815112412	4.122515678
2738	0.7600491047	0.7600491047	0	0	0.2748826444	0.1484152377	0.8252370954	4.12220335
2739	0.7681137919	0.7681137919	0	0	0.2796012461	0.146292299	0.8328864574	4.122023582
2740	0.7424578071	0.7424578071	0	0	0.2750911117	0.1383156478	0.8211413026	4.121747971
2741	0.764031291	0.764031291	0	0	0.2711159289	0.1426135749	0.8197902441	4.121600628
2742	0.7768352032	0.7768352032	0	0	0.2698632777	0.1418049932	0.8182863593	4.121473789
2743	0.7916545868	0.7916545868	0	0	0.2711643279	0.1402193606	0.8223516345	4.121364594
2744	0.7677846551	0.7677846551	0	0	0.2748920619	0.1438419223	0.8337090611	4.121287346
2745	0.7406746745	0.7406746745	0	0	0.2749146223	0.1571284682	0.8410170674	4.121870041
2746	0.6753147244	0.6753147244	0	0	0.2783893049	0.1499669552	0.8401709199	4.121933937
2747	0.6974606514	0.6974606514	0	0	0.2827571929	0.1482616365	0.8448768854	4.121866703
2748	0.6726751328	0.6726751328	0	0	0.2790485919	0.1469641477	0.8375300169	4.121593475
2749	0.693647027	0.693647027	0	0	0.2723588049	0.1539316475	0.8329657316	4.121362209
2750	0.6849687696	0.6849687696	0	0	0.2704053223	0.1556413621	0.8320957422	4.121301174
2751	0.6776102781	0.6776102781	0	0	0.2716636062	0.1578552872	0.8390965462	4.121481895
2752	0.6791056395	0.6791056395	0	0	0.2702858746	0.1679430306	0.8432072401	4.121723652
2753	0.6815245152	0.6815245152	0	0	0.2679641247	0.1712961793	0.8402907252	4.122528553
2754	0.6368878484	0.6368878484	0	0	0.2697068155	0.167108193	0.8381901979	4.122441769
2755	0.656946063	0.656946063	0	0	0.2763289511	0.160703212	0.844942987	4.122212887
2756	0.6581984162	0.6581984162	0	0	0.2744642198	0.1537004709	0.8376444578	4.12165451
2757	0.690051198	0.690051198	0	0	0.2690507472	0.1529598981	0.8282597065	4.121474266
2758	0.674728632	0.674728632	0	0	0.2638682425	0.1588163078	0.8234133124	4.12136507
2759	0.6668841243	0.6668841243	0	0	0.2647117078	0.1650434136	0.8288849592	4.12151432
2760	0.6538178325	0.6538178325	0	0	0.2655379176	0.1738001257	0.832490623	4.121995449
2761	0.6584364176	0.6584364176	0	0	0.2688145638	0.1815176159	0.8406595588	4.122814655
2762	0.6024868488	0.6024868488	0	0	0.2763999403	0.1675685495	0.8462526202	4.122690678
2763	0.6184830666	0.6184830666	0	0	0.2801764309	0.1628596634	0.851380229	4.122434139
2764	0.6391207576	0.6391207576	0	0	0.2765384912	0.1614987552	0.8417949677	4.122050285
2765	0.6835558414	0.6835558414	0	0	0.2710636854	0.1640431136	0.8353304863	4.121837616
2766	0.6738507748	0.6738507748	0	0	0.2691039741	0.1635944098	0.8313310742	4.1218853
2767	0.6837049127	0.6837049127	0	0	0.2669559419	0.164549768	0.8309685588	4.121809006
2768	0.6546302438	0.6546302438	0	0	0.2659215629	0.1712481678	0.8337379694	4.121753693
2769	0.6192286015	0.6192286015	0	0	0.2659223676	0.1851562262	0.8436176777	4.12236166
2770	0.5736407042	0.5736407042	0	0	0.2721928358	0.1771323979	0.8463972211	4.122692585
2771	0.590039432	0.590039432	0	0	0.2785514295	0.1681901217	0.8515352607	4.122717381
2772	0.5913766026	0.5913766026	0	0	0.2756961286	0.167293936	0.8444620967	4.122168064
2773	0.628639698	0.628639698	0	0	0.2705477178	0.1709151566	0.8376149535	4.122031212
2774	0.6328933239	0.6328933239	0	0	0.2677851915	0.1760483533	0.8346074224	4.122233391
2775	0.619309485	0.619309485	0	0	0.2686569691	0.171138227	0.8390389681	4.122571945
2776	0.603649497	0.603649497	0	0	0.2671973705	0.1739040911	0.8391394615	4.122935772
2777	0.5953444839	0.5953444839	0	0	0.2655376792	0.1765717268	0.8405508995	4.123410225
2778	0.5777419209	0.5777419209	0	0	0.271656692	0.1744067818	0.8492925763	4.123230457
2779	0.593173027	0.593173027	0	0	0.2734297216	0.1778008789	0.8535510302	4.122884274
2780	0.6219898462	0.6219898462	0	0	0.276894629	0.1696271151	0.8539073467	4.122447968
2781	0.6575679779	0.6575679779	0	0	0.2721987665	0.1658347845	0.8453759551	4.122211933
2782	0.6604676843	0.6604676843	0	0	0.2687142491	0.1680536121	0.8386709094	4.122212887
2783	0.6531975865	0.6531975865	0	0	0.2705174088	0.168584317	0.845608294	4.122320652
2784	0.6411861777	0.6411861777	0	0	0.2699856758	0.177407667	0.8456100225	4.122875214
