sample	stable_mse	final_mse	gain	mapping_gate	shape_gate	scale_gate	shift_gate	pattern_entropy
0	0.8869282007	0.8869282007	0	0	0.8060328364	0.7098431587	0.8337340355	1.093534112
1	0.8917737603	0.8917737603	0	0	0.811119616	0.7162585258	0.8395338655	1.093567848
2	0.8952874541	0.8952874541	0	0	0.8130713105	0.7196457982	0.8412414789	1.093437552
3	0.9034295082	0.9034295082	0	0	0.8119671941	0.7199190855	0.8422676921	1.09348619
4	0.9146034718	0.9146034718	0	0	0.815179944	0.7223207951	0.8436591625	1.093504429
5	0.9133469462	0.9133469462	0	0	0.8127900958	0.7194979787	0.8423669934	1.093467951
6	0.9004192352	0.9004192352	0	0	0.8110292554	0.7151442766	0.836425066	1.093393326
7	0.9003323317	0.9003323317	0	0	0.8112270832	0.7136975527	0.8337490559	1.093480706
8	0.8991187215	0.8991187215	0	0	0.8084418178	0.7125906944	0.8362393975	1.093580008
9	0.8847695589	0.8847695589	0	0	0.811743319	0.7157684565	0.8385311961	1.093615532
10	0.8866853118	0.8866853118	0	0	0.8087317348	0.7145447731	0.8380022645	1.093497753
11	0.891765058	0.891765058	0	0	0.8090783358	0.7153416276	0.8388497233	1.093464851
12	0.8938106298	0.8938106298	0	0	0.8062916994	0.7113772631	0.8362381458	1.093532324
13	0.9217265844	0.9217265844	0	0	0.8071148396	0.7118425369	0.8368088007	1.093523502
14	0.9490405321	0.9490405321	0	0	0.8094222546	0.7132752538	0.8365643024	1.093526721
15	0.9429084063	0.9429084063	0	0	0.8061004877	0.7085152864	0.8316206932	1.093573332
16	0.9447848797	0.9447848797	0	0	0.8077891469	0.710904181	0.8341068029	1.093573213
17	0.9401497841	0.9401497841	0	0	0.811603725	0.7158482075	0.8381898999	1.093535781
18	0.9537617564	0.9537617564	0	0	0.8098826408	0.7159602046	0.8381348848	1.093448043
19	0.9552519917	0.9552519917	0	0	0.8116793633	0.7193364501	0.8419255018	1.093456268
20	0.9459401369	0.9459401369	0	0	0.8143170476	0.7213805914	0.8424248695	1.093428254
21	0.9554003477	0.9554003477	0	0	0.8129010797	0.719330132	0.8418552876	1.093426943
22	0.9506695867	0.9506695867	0	0	0.8102473021	0.7157335877	0.8383401036	1.093376517
23	0.9486234784	0.9486234784	0	0	0.8115175366	0.7154689431	0.8373886347	1.093457222
24	0.9563468099	0.9563468099	0	0	0.8054921031	0.7096503973	0.8348823786	1.093504786
25	0.9587832689	0.9587832689	0	0	0.8108026385	0.7155213356	0.8387515545	1.09354651
26	0.9678421021	0.9678421021	0	0	0.8053103685	0.7117880583	0.8364790082	1.093446732
27	0.9669737816	0.9669737816	0	0	0.8110964894	0.719196558	0.8425952196	1.093494177
28	0.9751644135	0.9751644135	0	0	0.8122955561	0.7208259702	0.8441770673	1.093477368
29	0.9762217402	0.9762217402	0	0	0.8098851442	0.7178880572	0.8424032927	1.093511343
30	0.9686123729	0.9686123729	0	0	0.8054750562	0.711696744	0.8372875452	1.093438625
31	0.9542911053	0.9542911053	0	0	0.80654037	0.7110205293	0.835380733	1.093500018
32	0.9692956805	0.9692956805	0	0	0.8013022542	0.7057936788	0.8332887292	1.093504071
33	0.9564356208	0.9564356208	0	0	0.8011294603	0.7058827281	0.8328405023	1.093550444
34	0.9479566216	0.9479566216	0	0	0.8003130555	0.7062011957	0.8325465322	1.093419075
35	0.945566833	0.945566833	0	0	0.8054593205	0.7128074169	0.8385697603	1.093464732
36	0.9045706391	0.9045706391	0	0	0.8050055504	0.7116252184	0.8375388384	1.093459845
37	0.8528109789	0.8528109789	0	0	0.8012487292	0.7066115141	0.8338435888	1.093505502
38	0.8258861303	0.8258861303	0	0	0.794614315	0.6985237002	0.8276658058	1.093470573
39	0.8202819824	0.8202819824	0	0	0.8095042109	0.7141442299	0.8376666307	1.093507409
40	0.8604151607	0.8604151607	0	0	0.8038495183	0.7083044648	0.8343279958	1.09348619
41	0.7946525812	0.7946525812	0	0	0.8084945679	0.7136976719	0.8376935124	1.093514442
42	0.8024593592	0.8024593592	0	0	0.8059473634	0.7123584151	0.8371585608	1.093377471
43	0.8007897735	0.8007897735	0	0	0.810624063	0.7188677192	0.8425788879	1.093396783
44	0.7883130312	0.7883130312	0	0	0.8140943646	0.7219158411	0.8439331055	1.093357325
45	0.7985876203	0.7985876203	0	0	0.8101119995	0.7174324989	0.8415724635	1.093400836
46	0.8045991063	0.8045991063	0	0	0.8070725203	0.7120742202	0.8362534642	1.093278289
47	0.7954224944	0.7954224944	0	0	0.8120341301	0.7163853645	0.8381080627	1.093331575
48	0.8127772808	0.8127772808	0	0	0.8081219196	0.712483108	0.8368552327	1.093447328
49	0.7874468565	0.7874468565	0	0	0.8134943843	0.7180646062	0.8399233818	1.093500495
50	0.7842740417	0.7842740417	0	0	0.8122803569	0.7180798054	0.8403937221	1.093347311
51	0.7802569866	0.7802569866	0	0	0.8162623048	0.7238937616	0.8449382782	1.09341073
52	0.7788609266	0.7788609266	0	0	0.8192008138	0.726170063	0.8454491496	1.093356252
53	0.7837987542	0.7837987542	0	0	0.8186175823	0.725288868	0.8450924158	1.093430758
54	0.7808695436	0.7808695436	0	0	0.8101729155	0.7146724463	0.8369454145	1.093326211
55	0.767143786	0.767143786	0	0	0.8128246069	0.7160090804	0.8367878795	1.093421221
56	0.7724440694	0.7724440694	0	0	0.8098151684	0.7127808332	0.8354872465	1.093443394
57	0.7663677931	0.7663677931	0	0	0.8140843511	0.7190364003	0.841078341	1.093496919
58	0.7790896893	0.7790896893	0	0	0.8145327568	0.7209925056	0.8431434631	1.093368649
59	0.8015781641	0.8015781641	0	0	0.8159915209	0.724093318	0.8457974792	1.093391657
60	0.804507494	0.804507494	0	0	0.8137851954	0.7212139964	0.8432667851	1.093431473
61	0.8092826009	0.8092826009	0	0	0.8083641529	0.7144004703	0.8387113214	1.093482733
62	0.840087533	0.840087533	0	0	0.8052043915	0.7094861865	0.8341371417	1.093502045
63	0.8531435728	0.8531435728	0	0	0.8060860634	0.7093136907	0.832891345	1.093552113
64	0.8707413673	0.8707413673	0	0	0.8063752055	0.7102398872	0.8349591494	1.093532324
65	0.85108006	0.85108006	0	0	0.8104912043	0.7148704529	0.8371980786	1.093524575
66	0.8546465039	0.8546465039	0	0	0.8089117408	0.7143344283	0.8374718428	1.093437433
67	0.8552369475	0.8552369475	0	0	0.8121270537	0.7203720212	0.8432043195	1.093375564
68	0.853541851	0.853541851	0	0	0.8093605042	0.7173544765	0.8412116766	1.093330145
69	0.8493168354	0.8493168354	0	0	0.809746325	0.7172150612	0.8410956264	1.093388081
70	0.8566885591	0.8566885591	0	0	0.8041135073	0.708915174	0.8340800405	1.093305588
71	0.8521737456	0.8521737456	0	0	0.8095492125	0.7135449052	0.8361620307	1.093383551
72	0.8703240156	0.8703240156	0	0	0.8050904274	0.7093035579	0.8341929913	1.093397856
73	0.8572209477	0.8572209477	0	0	0.8073229194	0.7120936513	0.8358483911	1.09345448
74	0.8550459743	0.8550459743	0	0	0.8082518578	0.7144970298	0.8375632763	1.093340516
75	0.8508954048	0.8508954048	0	0	0.8125451207	0.7209637165	0.842843473	1.093362451
76	0.8702713847	0.8702713847	0	0	0.810195744	0.7177783251	0.8393002748	1.093320608
77	0.8567888141	0.8567888141	0	0	0.8094903231	0.7169888616	0.8396432996	1.09343493
78	0.8508084416	0.8508084416	0	0	0.8037178516	0.7097269893	0.8345962763	1.093412042
79	0.8493410945	0.8493410945	0	0	0.801595211	0.7056016326	0.830360055	1.093503356
80	0.8839476705	0.8839476705	0	0	0.799613297	0.7041397691	0.8308133483	1.093481779
81	0.8684203625	0.8684203625	0	0	0.8031778932	0.7088443041	0.8344292641	1.093467116
82	0.8705484271	0.8705484271	0	0	0.8035401702	0.7100638747	0.8347264528	1.093446136
83	0.8686518669	0.8686518669	0	0	0.8028404713	0.7105267644	0.8357377052	1.093409896
84	0.8790299296	0.8790299296	0	0	0.7972660065	0.7048627138	0.8319414854	1.093446136
85	0.8588274717	0.8588274717	0	0	0.7897669673	0.6975967884	0.8270771503	1.093438506
86	0.8375086188	0.8375086188	0	0	0.7933952808	0.6987523437	0.8266509175	1.093479753
87	0.8410540819	0.8410540819	0	0	0.7992113829	0.703099072	0.8271663189	1.09352684
88	0.9050124288	0.9050124288	0	0	0.7932682037	0.697893858	0.8264520764	1.093460679
89	0.8548760414	0.8548760414	0	0	0.7983876467	0.7038048506	0.8298944831	1.093487024
90	0.8549315929	0.8549315929	0	0	0.8027199507	0.7096970677	0.8343830109	1.09336412
91	0.8320177794	0.8320177794	0	0	0.8070582151	0.7161297798	0.8399241567	1.09335351
92	0.8273405433	0.8273405433	0	0	0.8003935814	0.7087907791	0.8339332342	1.093302488
93	0.8199326396	0.8199326396	0	0	0.7971093059	0.7053465247	0.8317961097	1.093332529
94	0.8341827393	0.8341827393	0	0	0.8020477295	0.7071804404	0.8314042687	1.0933429
95	0.8305209279	0.8305209279	0	0	0.8025685549	0.7067950964	0.8314992189	1.093483567
96	0.8639876842	0.8639876842	0	0	0.7974262238	0.7018378377	0.829575479	1.093450785
97	0.8307444453	0.8307444453	0	0	0.8013775945	0.7070153952	0.8330506086	1.093435884
98	0.8299521208	0.8299521208	0	0	0.8060147166	0.7131201625	0.8377791643	1.09340632
99	0.8171916008	0.8171916008	0	0	0.8085963726	0.7176095843	0.8418195844	1.093415618
100	0.8216698766	0.8216698766	0	0	0.8046514392	0.7133100033	0.8382112384	1.093363523
101	0.8279103041	0.8279103041	0	0	0.7979856133	0.7067607045	0.8341494203	1.093420386
102	0.8187535405	0.8187535405	0	0	0.8018654585	0.7077476978	0.8329854012	1.093380928
103	0.8028362989	0.8028362989	0	0	0.7997543812	0.7037161589	0.8293989301	1.0934515
104	0.8064090014	0.8064090014	0	0	0.7997637987	0.7046650648	0.831703186	1.093429804
105	0.7863462567	0.7863462567	0	0	0.8028652668	0.7093167901	0.8357771039	1.093426943
106	0.8157212138	0.8157212138	0	0	0.8087865114	0.7156838775	0.8394525647	1.093369722
107	0.8147802949	0.8147802949	0	0	0.8068609834	0.7144134045	0.8388732672	1.093358755
108	0.8427194953	0.8427194953	0	0	0.7999359965	0.7067016959	0.8332597613	1.093393087
109	0.8176099658	0.8176099658	0	0	0.7958524823	0.7017711997	0.8304313421	1.093360186
110	0.8064616919	0.8064616919	0	0	0.7907675505	0.6931442022	0.8212748766	1.093453765
111	0.8065924644	0.8065924644	0	0	0.7932423353	0.6956124306	0.8231537342	1.093510509
112	0.8695904016	0.8695904016	0	0	0.7973376513	0.7015360594	0.8292832971	1.093401194
113	0.7879160643	0.7879160643	0	0	0.8058449626	0.7109600306	0.8347057104	1.093398929
114	0.7962743044	0.7962743044	0	0	0.8066853285	0.713234067	0.8369153142	1.093331575
115	0.7700071931	0.7700071931	0	0	0.8083589673	0.7164849043	0.8396148682	1.093330622
116	0.7677645087	0.7677645087	0	0	0.804579258	0.7125002742	0.8368608356	1.093334794
117	0.761749208	0.761749208	0	0	0.8032336235	0.7105724812	0.8360368609	1.093365073
118	0.7851576805	0.7851576805	0	0	0.8009384871	0.7047365904	0.8302370906	1.093466997
119	0.7848267555	0.7848267555	0	0	0.8000717163	0.7040271759	0.8302454948	1.093445778
120	0.8085016608	0.8085016608	0	0	0.7997208834	0.7047214508	0.8320834041	1.093417287
121	0.7794234753	0.7794234753	0	0	0.8022955656	0.7082234621	0.8344194293	1.093369126
122	0.776083827	0.776083827	0	0	0.8065599799	0.7136949301	0.8382902741	1.093359232
123	0.7590206861	0.7590206861	0	0	0.8102834821	0.7186974287	0.8419139385	1.093357682
124	0.7712246776	0.7712246776	0	0	0.8058788776	0.7150077224	0.8404480815	1.093337536
125	0.762811482	0.762811482	0	0	0.8023284078	0.7116049528	0.8389679193	1.093354225
126	0.7784045339	0.7784045339	0	0	0.8024619222	0.7092944384	0.8359553814	1.093456745
127	0.7571692467	0.7571692467	0	0	0.8040890694	0.7079045177	0.8329790831	1.093399167
128	0.8026797175	0.8026797175	0	0	0.7953850031	0.7011639476	0.8310954571	1.093393564
129	0.7668824196	0.7668824196	0	0	0.796257019	0.7022513747	0.8318788409	1.09342289
130	0.7620785832	0.7620785832	0	0	0.7981380224	0.7051339149	0.8327855468	1.093363404
131	0.7837197185	0.7837197185	0	0	0.8039372563	0.7123411298	0.8383541107	1.093328714
132	0.82576406	0.82576406	0	0	0.8045853376	0.7138840556	0.8401734233	1.09332943
133	0.8556160927	0.8556160927	0	0	0.8078897595	0.7165919542	0.8426607847	1.093325257
134	0.9006000757	0.9006000757	0	0	0.8005030751	0.7070904374	0.8360460997	1.093461871
135	0.8976176977	0.8976176977	0	0	0.8044648767	0.7095146179	0.8364828825	1.093464732
136	0.9242991209	0.9242991209	0	0	0.8028481007	0.7086482644	0.836201787	1.0934515
137	0.8989217877	0.8989217877	0	0	0.8069965839	0.712790966	0.8377692103	1.093433142
138	0.8988904357	0.8988904357	0	0	0.8086913228	0.7160685062	0.8405257463	1.093350887
139	0.8872961402	0.8872961402	0	0	0.807356894	0.7162539959	0.8414207697	1.093319416
140	0.879330039	0.879330039	0	0	0.8080301881	0.7169372439	0.8415982127	1.093297482
141	0.8787440062	0.8787440062	0	0	0.8093360662	0.7173349261	0.8419724703	1.093315125
142	0.896222353	0.896222353	0	0	0.8095546961	0.715567112	0.8407458067	1.09339869
143	0.8853635192	0.8853635192	0	0	0.8109049201	0.7149037123	0.838632226	1.093411446
144	0.9061487913	0.9061487913	0	0	0.8068041205	0.7117563486	0.8376185298	1.093431354
145	0.9159785509	0.9159785509	0	0	0.8098112941	0.7150500417	0.8391966224	1.093456864
146	0.9227287769	0.9227287769	0	0	0.8090780973	0.7163857818	0.8407313228	1.093414307
147	0.9139246345	0.9139246345	0	0	0.8118267059	0.7201633453	0.843514204	1.093424201
148	0.921010673	0.921010673	0	0	0.8132299781	0.7224680781	0.8453072309	1.093384266
149	0.9176071882	0.9176071882	0	0	0.8096387982	0.7182847261	0.8429728746	1.093330264
150	0.9263012409	0.9263012409	0	0	0.8097283244	0.716106534	0.8408167958	1.093536735
151	0.9121537209	0.9121537209	0	0	0.8092120886	0.7125741839	0.8360226154	1.093478918
152	0.9227451086	0.9227451086	0	0	0.8026482463	0.7069219351	0.8335179687	1.093409538
153	0.9215670824	0.9215670824	0	0	0.8099188209	0.7149980664	0.8383575678	1.093447447
154	0.914519608	0.914519608	0	0	0.8088672161	0.7152215838	0.8386939168	1.093387365
155	0.8915209174	0.8915209174	0	0	0.8080824614	0.7148028612	0.8384633064	1.093347549
156	0.9068400264	0.9068400264	0	0	0.8059544563	0.7136358023	0.8385367393	1.093430758
157	0.8911725283	0.8911725283	0	0	0.8014298677	0.707697928	0.8352593184	1.093424201
158	0.8536141515	0.8536141515	0	0	0.7954623699	0.6989945173	0.8278874159	1.093536139
159	0.8110985756	0.8110985756	0	0	0.7995494008	0.7013520598	0.8281767964	1.093545437
160	0.8413336873	0.8413336873	0	0	0.8032282591	0.7075898051	0.8340470195	1.093410611
161	0.7983733416	0.7983733416	0	0	0.8118733764	0.7168367505	0.8386545777	1.093392015
162	0.8199423552	0.8199423552	0	0	0.8090854883	0.7154191136	0.8381816149	1.093361378
163	0.7894996405	0.7894996405	0	0	0.8121030927	0.7193967104	0.8412300348	1.093390584
164	0.8126810789	0.8126810789	0	0	0.8108904958	0.7189887166	0.8417038918	1.093326449
165	0.8059092164	0.8059092164	0	0	0.809990406	0.7176495194	0.8414033055	1.093288898
166	0.8226706982	0.8226706982	0	0	0.805911839	0.7111557126	0.8362211585	1.093394637
167	0.8093499541	0.8093499541	0	0	0.8041167259	0.7078338861	0.8337132335	1.093466997
168	0.8188608885	0.8188608885	0	0	0.8035850525	0.7081326842	0.8348596692	1.093401313
169	0.7994802594	0.7994802594	0	0	0.8100575209	0.7151536942	0.8379607201	1.093429565
170	0.7997331023	0.7997331023	0	0	0.8091416955	0.7154796124	0.8386651278	1.093378425
171	0.7880036235	0.7880036235	0	0	0.8122752309	0.7199307084	0.8424056768	1.093425751
172	0.8014505506	0.8014505506	0	0	0.8133725524	0.7222482562	0.8448376656	1.093365431
173	0.8002102375	0.8002102375	0	0	0.8134531975	0.7224060297	0.8456124067	1.093430877
174	0.8013114929	0.8013114929	0	0	0.8088831902	0.7148219347	0.8385441899	1.093541861
175	0.7797034979	0.7797034979	0	0	0.8106358051	0.7136471868	0.8367255926	1.093598485
176	0.7813624144	0.7813624144	0	0	0.8003755212	0.7032641172	0.8299587965	1.093682528
177	0.7680364251	0.7680364251	0	0	0.8078773022	0.7112113237	0.8345420361	1.093700171
178	0.7798426747	0.7798426747	0	0	0.8077491522	0.7126630545	0.8363580108	1.093685031
179	0.8108357191	0.8108357191	0	0	0.8120363951	0.7190332413	0.8419120312	1.093735695
180	0.8334382176	0.8334382176	0	0	0.8141982555	0.7220957875	0.8449749947	1.093798637
181	0.8770609498	0.8770609498	0	0	0.8163205385	0.7236327529	0.8482474089	1.093924522
182	0.9228616357	0.9228616357	0	0	0.8083362579	0.7138388157	0.8405061364	1.093931437
183	0.9579866529	0.9579866529	0	0	0.8095139265	0.7119867802	0.8381230235	1.093981981
184	0.9645093083	0.9645093083	0	0	0.7949683666	0.6975055337	0.8283312917	1.09398973
185	0.9665198326	0.9665198326	0	0	0.8017857075	0.7043329477	0.8322011232	1.093987465
186	0.9610302448	0.9610302448	0	0	0.8017693758	0.7061520219	0.8339033723	1.093970656
187	0.9827123284	0.9827123284	0	0	0.8023030162	0.7083677649	0.8357739449	1.094078541
188	0.9645191431	0.9645191431	0	0	0.7999890447	0.7062858343	0.8333735466	1.094119787
189	0.9731605053	0.9731605053	0	0	0.7947144508	0.700850606	0.8304665685	1.094163418
190	0.9706998467	0.9706998467	0	0	0.7921062708	0.6968538761	0.8267468214	1.094156265
191	0.9890082479	0.9890082479	0	0	0.7898873687	0.691455543	0.8220355511	1.094152212
192	0.9691674113	0.9691674113	0	0	0.7744255066	0.6755547523	0.8095380068	1.094125628
193	0.9755701423	0.9755701423	0	0	0.8002346754	0.7032622099	0.8313677907	1.093905091
194	0.9734072089	0.9734072089	0	0	0.8015129566	0.706114471	0.8340924382	1.093933702
195	0.9954087138	0.9954087138	0	0	0.8029232025	0.7104408145	0.8389363289	1.093992233
196	0.9655812383	0.9655812383	0	0	0.8029330969	0.7117837071	0.8389172554	1.094015718
197	0.9783630371	0.9783630371	0	0	0.800771594	0.709195435	0.8378359675	1.094062209
198	0.9775435925	0.9775435925	0	0	0.7963213921	0.7020091414	0.832036972	1.094059229
199	0.9866456389	0.9866456389	0	0	0.7917644978	0.6936348081	0.8248721361	1.094029784
200	0.9579198956	0.9579198956	0	0	0.7826314569	0.6839314699	0.8171152472	1.094082236
201	0.9363470674	0.9363470674	0	0	0.800059557	0.7036522627	0.8320161104	1.093943596
202	0.9029690027	0.9029690027	0	0	0.7994790077	0.7037659883	0.8303410411	1.093875766
203	0.9494550824	0.9494550824	0	0	0.7948480248	0.7008386254	0.8302522302	1.093851566
204	0.9445565343	0.9445565343	0	0	0.7945263982	0.7014777064	0.8304178119	1.09388411
205	0.9741307497	0.9741307497	0	0	0.7912947536	0.6971521378	0.8285442591	1.09400332
206	0.9889898896	0.9889898896	0	0	0.7826834917	0.6853523254	0.8170022368	1.094025254
207	0.9926634431	0.9926634431	0	0	0.7871848345	0.688759625	0.8190606236	1.09405458
208	0.9697380066	0.9697380066	0	0	0.7866870165	0.687848866	0.8174514771	1.0940485
209	0.9681313634	0.9681313634	0	0	0.8000147939	0.7025598884	0.8274439573	1.093901992
210	0.9731967449	0.9731967449	0	0	0.8043881655	0.7084157467	0.8315613866	1.093857408
211	1.008488655	1.008488655	0	0	0.8068361878	0.7130782008	0.8386455774	1.093910336
212	0.9988812208	0.9988812208	0	0	0.813554883	0.7204772234	0.8439754248	1.093971252
213	1.016492128	1.016492128	0	0	0.8028456569	0.7096467018	0.8367415071	1.094054699
214	0.9987838268	0.9987838268	0	0	0.8012156487	0.7047620416	0.8309235573	1.094004631
215	0.9918845296	0.9918845296	0	0	0.7977617383	0.6993619204	0.826248467	1.094034076
216	0.995485127	0.995485127	0	0	0.7960227132	0.6963877678	0.8225893378	1.094073057
217	0.9723890424	0.9723890424	0	0	0.8064513206	0.7087075114	0.8310168386	1.093888998
218	0.9813065529	0.9813065529	0	0	0.8075393438	0.7114261389	0.8342701197	1.09390974
219	1.00801897	1.00801897	0	0	0.8078623414	0.7126690149	0.8377252221	1.093884706
220	1.001124501	1.001124501	0	0	0.8122032881	0.7184931636	0.8421918154	1.093956232
221	1.013502598	1.013502598	0	0	0.8076506853	0.7134739161	0.8385481834	1.093993902
222	1.02599299	1.02599299	0	0	0.8063515425	0.7092825174	0.8329687715	1.094020724
223	1.023334146	1.023334146	0	0	0.8015599847	0.7015179396	0.8265662193	1.093995333
224	1.014905095	1.014905095	0	0	0.7935513854	0.6932400465	0.8205186129	1.094090343
225	1.006401896	1.006401896	0	0	0.7990471721	0.7000025511	0.8240913153	1.093905568
226	0.9948212504	0.9948212504	0	0	0.8036566377	0.7061104774	0.8287424445	1.093849182
227	0.9757409096	0.9757409096	0	0	0.7936760783	0.6968886852	0.8242743611	1.093819618
228	0.9691970348	0.9691970348	0	0	0.7932335138	0.6970626712	0.8243185878	1.093864202
229	0.97720927	0.97720927	0	0	0.7918827534	0.6957867146	0.8252086639	1.093942523
230	0.9651640058	0.9651640058	0	0	0.7873222828	0.688427031	0.8161768317	1.093954802
231	0.973067522	0.973067522	0	0	0.7850497961	0.6853660941	0.8144775629	1.093986511
232	0.9812592864	0.9812592864	0	0	0.783975482	0.6842009425	0.8128919005	1.093993902
233	0.9637916088	0.9637916088	0	0	0.7976680994	0.6995329261	0.8219916224	1.093815207
234	0.9859981537	0.9859981537	0	0	0.8055657744	0.7082193494	0.8288624287	1.093829751
235	0.9723342657	0.9723342657	0	0	0.8039937019	0.7087121606	0.8321282268	1.093848228
236	0.98850739	0.98850739	0	0	0.8070508838	0.7131858468	0.836173892	1.093908548
237	0.9847079515	0.9847079515	0	0	0.8022843599	0.7083884478	0.8336429596	1.093974471
238	0.9981817603	0.9981817603	0	0	0.8004943132	0.7031923532	0.8263418078	1.093925357
239	0.9726092219	0.9726092219	0	0	0.797750473	0.6992467046	0.8254701495	1.093964219
240	0.981911242	0.981911242	0	0	0.7904737592	0.6918295026	0.8204934001	1.094004869
241	1.045679212	1.045679212	0	0	0.8070548773	0.7089251876	0.8301273584	1.093839049
242	0.9786454439	0.9786454439	0	0	0.8001946211	0.7039146423	0.8282141089	1.093861818
243	0.9870622754	0.9870622754	0	0	0.7985367775	0.7043583989	0.8320012689	1.093890667
244	0.9973161817	0.9973161817	0	0	0.8001053333	0.7074843049	0.8348801732	1.0939219
245	0.9965340495	0.9965340495	0	0	0.7976401448	0.7048520446	0.8336367011	1.094005466
246	0.9693585634	0.9693585634	0	0	0.8001880646	0.7044250965	0.8308032155	1.093951702
247	0.9765694141	0.9765694141	0	0	0.7951205969	0.6967564225	0.825529635	1.093951702
248	0.9838305712	0.9838305712	0	0	0.7884145379	0.6894816756	0.8201707006	1.094042659
249	0.9768679738	0.9768679738	0	0	0.7960085273	0.6993358731	0.827227354	1.093885541
250	0.9724828005	0.9724828005	0	0	0.7893492579	0.6933908463	0.8195531964	1.093849421
251	0.9799040556	0.9799040556	0	0	0.791631341	0.6975653172	0.8258921504	1.093819857
252	0.9608835578	0.9608835578	0	0	0.7947798371	0.7017496228	0.8295801282	1.093879938
253	0.9567845464	0.9567845464	0	0	0.792083919	0.6980663538	0.8269872069	1.093946695
254	0.9411361217	0.9411361217	0	0	0.7831407189	0.6861399412	0.8151758313	1.093971372
255	0.9413946867	0.9413946867	0	0	0.7865200043	0.6876459718	0.8174682856	1.094003201
256	0.9534074664	0.9534074664	0	0	0.7832671404	0.6834620833	0.8137289882	1.094063878
257	0.9470025897	0.9470025897	0	0	0.7962847948	0.6986538768	0.824819088	1.093899488
258	0.9420462251	0.9420462251	0	0	0.7881570458	0.6924349666	0.8202357292	1.093899369
259	0.9482005835	0.9482005835	0	0	0.7971428633	0.7033681273	0.8310498595	1.093913317
260	0.960565865	0.960565865	0	0	0.8021117449	0.7096230388	0.8367484808	1.093978286
261	0.9622506499	0.9622506499	0	0	0.8003588319	0.7062810659	0.8340332508	1.094011307
262	0.9466481805	0.9466481805	0	0	0.7887920141	0.6914603114	0.8197373748	1.09397912
263	0.9483540654	0.9483540654	0	0	0.7885941863	0.6892306209	0.818397522	1.094006896
264	0.948076725	0.948076725	0	0	0.7934756279	0.6942508221	0.8232687712	1.094048738
265	0.9446754456	0.9446754456	0	0	0.8079816699	0.7110522389	0.8358319402	1.093935132
266	0.945597589	0.945597589	0	0	0.8050462604	0.709444344	0.8338034749	1.093874812
267	0.9517899752	0.9517899752	0	0	0.8119834065	0.7191931605	0.8442948461	1.093928337
268	0.9515513182	0.9515513182	0	0	0.8099420667	0.7175013423	0.8429700136	1.093880415
269	0.9533491731	0.9533491731	0	0	0.8089729548	0.7153679729	0.841586411	1.093973041
270	0.9449290037	0.9449290037	0	0	0.8000538349	0.7037522197	0.8302800059	1.09390521
271	0.947008431	0.947008431	0	0	0.7962889671	0.6979325414	0.8259580731	1.093879461
272	0.9389520288	0.9389520288	0	0	0.7984844446	0.7009099126	0.8285104632	1.093840003
273	0.9445902705	0.9445902705	0	0	0.8074856997	0.7122099996	0.8361173272	1.093679547
274	0.9356707335	0.9356707335	0	0	0.8085336089	0.7131900787	0.8349860311	1.093535423
275	0.9223287702	0.9223287702	0	0	0.8074420691	0.7134064436	0.8366955519	1.093480587
276	0.9113373756	0.9113373756	0	0	0.8063168526	0.7129477859	0.8364551067	1.093477368
277	0.8948440552	0.8948440552	0	0	0.8022788167	0.7071112394	0.8322089911	1.093535185
278	0.8909304738	0.8909304738	0	0	0.8023794889	0.705140233	0.8297963142	1.093601942
279	0.8905962706	0.8905962706	0	0	0.7953894734	0.6970286369	0.8241048455	1.093583107
280	0.8938312531	0.8938312531	0	0	0.8017885089	0.7039451599	0.8282886744	1.093505502
281	0.8778124452	0.8778124452	0	0	0.804602325	0.7075861692	0.8308850527	1.09351027
282	0.8630532026	0.8630532026	0	0	0.80597651	0.7105609179	0.8332324028	1.093442917
283	0.8534247875	0.8534247875	0	0	0.8095888495	0.7157389522	0.8373517394	1.093379855
284	0.8535336256	0.8535336256	0	0	0.8085049987	0.7143473625	0.8358616829	1.093317628
285	0.8476698995	0.8476698995	0	0	0.8104690313	0.7157160044	0.8374735713	1.093340516
286	0.8593151569	0.8593151569	0	0	0.8070477247	0.7108498812	0.8332343102	1.093396544
287	0.8639500141	0.8639500141	0	0	0.8027232289	0.7048481703	0.8295147419	1.093467712
288	0.8724800348	0.8724800348	0	0	0.8058236241	0.708822608	0.832726717	1.093440056
289	0.8769238591	0.8769238591	0	0	0.8076609373	0.7111996412	0.8339198232	1.093510985
290	0.8668530583	0.8668530583	0	0	0.8110755682	0.7159602046	0.8370129466	1.093472958
291	0.8734481335	0.8734481335	0	0	0.8134270906	0.7199124098	0.8401763439	1.093463302
292	0.8797780871	0.8797780871	0	0	0.8115170598	0.7182785869	0.8392106295	1.09336412
293	0.8718717694	0.8718717694	0	0	0.8138665557	0.7195490599	0.8395078778	1.093473554
294	0.8841599822	0.8841599822	0	0	0.808493197	0.7127156258	0.8348096013	1.093439698
295	0.8646782637	0.8646782637	0	0	0.8021375537	0.7044454813	0.8294714689	1.093451142
296	0.8662392497	0.8662392497	0	0	0.8012633324	0.7040364742	0.8294584155	1.093480468
297	0.8689007759	0.8689007759	0	0	0.8050849438	0.7083268166	0.8322455883	1.093536973
298	0.8676554561	0.8676554561	0	0	0.8049386144	0.7082754374	0.8306626678	1.093432546
299	0.8762902021	0.8762902021	0	0	0.8008733392	0.704672277	0.8285716772	1.093460321
300	0.8717067242	0.8717067242	0	0	0.7963142395	0.6998618245	0.8252527118	1.093395114
301	0.8311013579	0.8311013579	0	0	0.7948977351	0.6967464089	0.8219645619	1.093434334
302	0.8387184143	0.8387184143	0	0	0.7831293941	0.6840355992	0.8114859462	1.093459725
303	0.8411202431	0.8411202431	0	0	0.7834592462	0.6841312051	0.8134072423	1.09353888
304	0.8798479438	0.8798479438	0	0	0.7960091829	0.6977284551	0.8244179487	1.093502998
305	0.841013968	0.841013968	0	0	0.8024452925	0.704665482	0.8284181952	1.093560338
306	0.8114124537	0.8114124537	0	0	0.8009426594	0.7035716772	0.8266100287	1.093428493
307	0.8131135106	0.8131135106	0	0	0.8055888414	0.7111010551	0.8343431354	1.093430638
308	0.8297098875	0.8297098875	0	0	0.8058660626	0.7118396163	0.8357176781	1.09335506
309	0.8130780458	0.8130780458	0	0	0.8039160967	0.7088320851	0.8332510591	1.093432188
310	0.8468180895	0.8468180895	0	0	0.800552249	0.7041909099	0.8295435309	1.093412995
311	0.8476542234	0.8476542234	0	0	0.8010511994	0.7042168379	0.830087781	1.093490005
312	0.8858945966	0.8858945966	0	0	0.7970622778	0.7009296417	0.8284067512	1.093469858
313	0.8530406952	0.8530406952	0	0	0.8015431166	0.705393672	0.8304170966	1.093551755
314	0.8271403313	0.8271403313	0	0	0.8016796112	0.7063665986	0.8304564953	1.093406916
315	0.8279349804	0.8279349804	0	0	0.8070154786	0.7132723331	0.8361033201	1.093503118
316	0.8388581276	0.8388581276	0	0	0.8068895936	0.7134791613	0.8371782899	1.09338975
317	0.8229300976	0.8229300976	0	0	0.8069324493	0.7135311961	0.8374912739	1.093490243
318	0.8383716345	0.8383716345	0	0	0.8000585437	0.70401752	0.8294392824	1.093483567
319	0.8274163604	0.8274163604	0	0	0.7946385145	0.6970951557	0.8245674968	1.093474865
320	0.8165798187	0.8165798187	0	0	0.7948323488	0.6972979307	0.8240948915	1.093449354
321	0.8109431267	0.8109431267	0	0	0.7995390296	0.7039421797	0.8299174309	1.093540668
322	0.7947391272	0.7947391272	0	0	0.8009499907	0.7055640221	0.8297386169	1.093415856
323	0.7978855371	0.7978855371	0	0	0.7995178699	0.7056285739	0.8308348656	1.093454838
324	0.8187401295	0.8187401295	0	0	0.7921754718	0.6979683638	0.8263058662	1.093415141
325	0.7491189837	0.7491189837	0	0	0.7928250432	0.6974387169	0.8249169588	1.093472123
326	0.758345902	0.758345902	0	0	0.7871383429	0.6900770664	0.8188400269	1.093456507
327	0.73993963	0.73993963	0	0	0.7861161828	0.6884865761	0.8175311089	1.093520522
328	0.7695459723	0.7695459723	0	0	0.7947592735	0.6985189915	0.8251273632	1.093491077
329	0.7335039973	0.7335039973	0	0	0.7987478375	0.7035683393	0.8280190229	1.093545914
330	0.6849433184	0.6849433184	0	0	0.7987533808	0.7037170529	0.8275658488	1.093444586
331	0.6917527318	0.6917527318	0	0	0.7961607575	0.7027411461	0.8285680413	1.09345305
332	0.7434620857	0.7434620857	0	0	0.7922816277	0.6996982694	0.8285315633	1.093362808
333	0.705147624	0.705147624	0	0	0.7923077941	0.698687017	0.8267556429	1.093434691
334	0.6998476982	0.6998476982	0	0	0.7917042971	0.6953555346	0.82292521	1.093385935
335	0.7333607674	0.7333607674	0	0	0.7921754718	0.6962345243	0.8243356347	1.09350574
336	0.7461476326	0.7461476326	0	0	0.7935310602	0.6976738572	0.824682951	1.093446255
337	0.6973881721	0.6973881721	0	0	0.8000081182	0.705042243	0.8287386894	1.093491912
338	0.6704918146	0.6704918146	0	0	0.8032218218	0.709020257	0.8315982819	1.093424678
339	0.6892605424	0.6892605424	0	0	0.8023171425	0.7093901038	0.8331196308	1.093490243
340	0.7200996876	0.7200996876	0	0	0.7995589972	0.7074145079	0.833243072	1.093419433
341	0.6809191108	0.6809191108	0	0	0.8015105724	0.7087221146	0.8327331543	1.093489051
342	0.6934427619	0.6934427619	0	0	0.7980796099	0.7025288343	0.8270447254	1.093480825
343	0.7195420265	0.7195420265	0	0	0.7955275774	0.6988914609	0.8251592517	1.093478322
344	0.739076972	0.739076972	0	0	0.7924589515	0.6961225867	0.823504746	1.093487859
345	0.7085236311	0.7085236311	0	0	0.7972060442	0.7017714977	0.8266823292	1.093530178
346	0.6827406287	0.6827406287	0	0	0.7969413996	0.7020820379	0.8267060518	1.093487024
347	0.7011381984	0.7011381984	0	0	0.7983393073	0.7050189972	0.8297429681	1.093429327
348	0.7466857433	0.7466857433	0	0	0.7976126671	0.7057586908	0.8321043849	1.093412995
349	0.7160223722	0.7160223722	0	0	0.8022391796	0.7102738023	0.8343836665	1.093450904
350	0.7373864055	0.7373864055	0	0	0.8009517193	0.706145525	0.8311408758	1.093445659
351	0.7700421214	0.7700421214	0	0	0.7972508669	0.7019222379	0.8288052678	1.093492031
352	0.7810727358	0.7810727358	0	0	0.7921537757	0.6964771748	0.8245922327	1.093490839
353	0.7282713652	0.7282713652	0	0	0.7937079668	0.6979033947	0.8226500154	1.093530536
354	0.7052335739	0.7052335739	0	0	0.8004927039	0.7063022852	0.8294218183	1.093460679
355	0.7043401599	0.7043401599	0	0	0.7981852293	0.705529511	0.8299196959	1.093407154
356	0.7350801229	0.7350801229	0	0	0.7955063581	0.703591764	0.8297615051	1.093367457
357	0.7241700292	0.7241700292	0	0	0.7950669527	0.7026181817	0.8284493685	1.093389392
358	0.7335960865	0.7335960865	0	0	0.7944881916	0.6996687651	0.8260192871	1.093451738
359	0.7542632818	0.7542632818	0	0	0.7948745489	0.6995927095	0.8265120387	1.093509674
360	0.786128521	0.786128521	0	0	0.7913700938	0.6960480809	0.8239423037	1.093493342
361	0.7284731865	0.7284731865	0	0	0.7980246544	0.7029973269	0.8276606798	1.093564034
362	0.7092844844	0.7092844844	0	0	0.8069586754	0.7128567696	0.8333593011	1.093432546
363	0.7091377974	0.7091377974	0	0	0.8079841137	0.7145673633	0.8352895379	1.09344542
364	0.7384511828	0.7384511828	0	0	0.8006534576	0.708317399	0.8323969841	1.093344688
365	0.7228117585	0.7228117585	0	0	0.8043974042	0.7115903497	0.8337735534	1.093429804
366	0.7259411216	0.7259411216	0	0	0.8021410108	0.7073341608	0.8312140107	1.093378186
367	0.7349148989	0.7349148989	0	0	0.8015770912	0.7053408623	0.8299168944	1.093487382
368	0.7483093143	0.7483093143	0	0	0.7979527712	0.7012631297	0.8260188103	1.093484998
369	0.7232239842	0.7232239842	0	0	0.8056823015	0.7110537291	0.8333773017	1.093577743
370	0.6961273551	0.6961273551	0	0	0.8131994605	0.7192901373	0.8388155699	1.093362093
371	0.6914219856	0.6914219856	0	0	0.8130190969	0.7201743722	0.8402209282	1.093352675
372	0.6762589812	0.6762589812	0	0	0.8092073798	0.716065526	0.8377648592	1.093330383
373	0.6418977976	0.6418977976	0	0	0.8096163869	0.7152332664	0.8359009027	1.093358636
374	0.6526985765	0.6526985765	0	0	0.8048558235	0.7086941004	0.8320995569	1.09341073
375	0.6414417028	0.6414417028	0	0	0.8037891388	0.7067062855	0.8309108019	1.093468308
376	0.6606452465	0.6606452465	0	0	0.8046744466	0.7081550956	0.8314307928	1.093520403
377	0.6186707616	0.6186707616	0	0	0.8098637462	0.713586688	0.8340374827	1.093604326
378	0.6217900515	0.6217900515	0	0	0.8108290434	0.7161946893	0.8364546895	1.093459606
379	0.6124281287	0.6124281287	0	0	0.8136661053	0.7208250165	0.8406309485	1.093370676
380	0.5990606546	0.5990606546	0	0	0.8113082647	0.7184690833	0.8398567438	1.093347549
381	0.6053441763	0.6053441763	0	0	0.8083025813	0.7143437266	0.8361403346	1.093365312
382	0.6140265465	0.6140265465	0	0	0.8035205007	0.7073195577	0.8309277296	1.093311548
383	0.6249653697	0.6249653697	0	0	0.8027049303	0.7054944634	0.8299716711	1.093496919
384	0.6315826774	0.6315826774	0	0	0.8010312915	0.703712821	0.8287492394	1.09351182
385	0.6019789577	0.6019789577	0	0	0.8088971376	0.7124029398	0.8346136808	1.093561888
386	0.6101782918	0.6101782918	0	0	0.8125391603	0.7180474997	0.8393142223	1.09341073
387	0.6031561494	0.6031561494	0	0	0.8157519102	0.7231640816	0.8438000679	1.09349525
388	0.6003105044	0.6003105044	0	0	0.8150244951	0.7232705951	0.8453214765	1.093382239
389	0.6071228385	0.6071228385	0	0	0.8123363256	0.7192289233	0.8413422108	1.093361497
390	0.6195667982	0.6195667982	0	0	0.8059425354	0.7106606364	0.8353716731	1.093350172
391	0.6027114391	0.6027114391	0	0	0.8035614491	0.7064908147	0.83205688	1.093484282
392	0.6014049053	0.6014049053	0	0	0.8006235957	0.7033903003	0.8295435309	1.093502283
393	0.5897172689	0.5897172689	0	0	0.8156410456	0.7201245427	0.8411903381	1.093551397
394	0.5828531384	0.5828531384	0	0	0.8224977851	0.7275961637	0.8450161219	1.093370557
395	0.5684449673	0.5684449673	0	0	0.823541522	0.7298862338	0.8469852209	1.09338665
396	0.5494214296	0.5494214296	0	0	0.8179249763	0.7240519524	0.8438938856	1.093360424
397	0.4745960236	0.4745960236	0	0	0.8169390559	0.7210446596	0.8411270976	1.093336821
398	0.4432035983	0.4432035983	0	0	0.8087105751	0.7108225822	0.8343159556	1.093295217
399	0.4267237484	0.4267237484	0	0	0.8101151586	0.7115682364	0.8340677619	1.093482733
400	0.4601007998	0.4601007998	0	0	0.8130210638	0.7145722508	0.8349692225	1.093569636
401	0.4395607114	0.4395607114	0	0	0.8181096911	0.7207159996	0.839301765	1.09358573
402	0.4292036295	0.4292036295	0	0	0.8200794458	0.7245560288	0.8422097564	1.09342587
403	0.4038514197	0.4038514197	0	0	0.8242205381	0.7310566306	0.8478236198	1.093433619
404	0.392292738	0.392292738	0	0	0.8212037086	0.7279730439	0.8467022777	1.093361735
405	0.3946021497	0.3946021497	0	0	0.8181198835	0.7228927016	0.8423817158	1.093346238
406	0.3989920914	0.3989920914	0	0	0.814588666	0.7177569866	0.8387938738	1.093297243
407	0.4038503766	0.4038503766	0	0	0.8157123327	0.7184355855	0.8396077156	1.093465567
408	0.4168639481	0.4168639481	0	0	0.8135124445	0.7162473798	0.8378338814	1.093573809
409	0.4293683469	0.4293683469	0	0	0.817017436	0.7202221155	0.8404715657	1.093585014
410	0.4281693995	0.4281693995	0	0	0.8188052177	0.7248254418	0.8446433544	1.093461156
411	0.4234832525	0.4234832525	0	0	0.8244077563	0.7323086262	0.8496649861	1.093453884
412	0.4155214429	0.4155214429	0	0	0.8212502599	0.7287648916	0.8476718664	1.093405008
413	0.4278737009	0.4278737009	0	0	0.8208441734	0.7272267938	0.8462317586	1.093308568
414	0.4433849752	0.4433849752	0	0	0.8140201569	0.7184616923	0.840364635	1.093304753
415	0.433169961	0.433169961	0	0	0.8144394159	0.7169189453	0.838109076	1.093487382
416	0.4248821139	0.4248821139	0	0	0.8105835915	0.7134812474	0.8360667229	1.093526244
417	0.4291012287	0.4291012287	0	0	0.8189619184	0.7235562801	0.8434335589	1.093548179
418	0.4319368601	0.4319368601	0	0	0.8251086473	0.7317134738	0.8485913277	1.09338057
419	0.4153138995	0.4153138995	0	0	0.826268971	0.7350260019	0.8518832922	1.093369961
420	0.4126112461	0.4126112461	0	0	0.8236193657	0.7311447859	0.849165976	1.093357563
421	0.4020005763	0.4020005763	0	0	0.8177025318	0.7215126753	0.8410946727	1.093294859
422	0.4006823599	0.4006823599	0	0	0.814725399	0.7172802091	0.8382731676	1.093255162
423	0.387765646	0.387765646	0	0	0.8145150542	0.7168527246	0.8385381103	1.093489289
424	0.3964239657	0.3964239657	0	0	0.8137947321	0.7162268758	0.837447226	1.09356308
425	0.419829607	0.419829607	0	0	0.8153920174	0.7173699141	0.8366690874	1.093598962
426	0.3935082853	0.3935082853	0	0	0.8216458559	0.7275776267	0.845695138	1.093489647
427	0.3650020659	0.3650020659	0	0	0.8249439001	0.7333708405	0.8504394293	1.093465924
428	0.3707909286	0.3707909286	0	0	0.8204826117	0.7275650501	0.8462399244	1.093433499
429	0.4155387878	0.4155387878	0	0	0.8135623932	0.7179332376	0.8382563591	1.093411326
430	0.4150196612	0.4150196612	0	0	0.8087065816	0.7108157277	0.8325214386	1.093341947
431	0.4048122168	0.4048122168	0	0	0.8104612231	0.7122161388	0.8341988921	1.093548298
432	0.3946632147	0.3946632147	0	0	0.813442409	0.7163121104	0.8376221657	1.09360373
433	0.42678532	0.42678532	0	0	0.8157263994	0.718349576	0.8380114436	1.09363389
434	0.4025047421	0.4025047421	0	0	0.8222527504	0.7285814285	0.84624511	1.093444228
435	0.3854853809	0.3854853809	0	0	0.8226569295	0.7309799194	0.849088192	1.093475819
436	0.3684520721	0.3684520721	0	0	0.8173826933	0.7250818014	0.8451853991	1.093430758
437	0.4154185355	0.4154185355	0	0	0.8119623065	0.7163825631	0.836971581	1.093428969
438	0.410626173	0.410626173	0	0	0.8043341637	0.7061930895	0.8295274377	1.09344852
439	0.3906160891	0.3906160891	0	0	0.8066307902	0.7083411217	0.8314338923	1.093550682
440	0.3670231998	0.3670231998	0	0	0.8038707972	0.7063016295	0.8306902647	1.093544841
441	0.391848892	0.391848892	0	0	0.8073441386	0.7102398276	0.8327981234	1.093612552
442	0.3928091824	0.3928091824	0	0	0.816032052	0.721762836	0.8412260413	1.093417168
443	0.405806303	0.405806303	0	0	0.8191688061	0.7258402109	0.8442030549	1.093406081
444	0.3917651474	0.3917651474	0	0	0.8156462312	0.7205295563	0.8406235576	1.093446493
445	0.4282191992	0.4282191992	0	0	0.8069796562	0.7089543343	0.8305547833	1.093437433
446	0.4288575351	0.4288575351	0	0	0.7999501824	0.6994994283	0.8232649565	1.093394995
447	0.448358953	0.448358953	0	0	0.7984124422	0.6980150938	0.8221849799	1.09348619
448	0.4180072546	0.4180072546	0	0	0.804479301	0.7055928707	0.8290346861	1.093569756
449	0.4193848968	0.4193848968	0	0	0.8084499836	0.7097824216	0.8311789632	1.093569636
450	0.4103006721	0.4103006721	0	0	0.8133407831	0.7174524665	0.8378074169	1.093428135
451	0.3844707012	0.3844707012	0	0	0.8187084198	0.7255759239	0.8444795012	1.09344995
452	0.3900693655	0.3900693655	0	0	0.814622879	0.7204463482	0.84087044	1.093500495
453	0.4075014591	0.4075014591	0	0	0.8041985035	0.7074494958	0.830250144	1.093401909
454	0.4503028989	0.4503028989	0	0	0.7927113771	0.6925920248	0.8168116808	1.093430161
455	0.4444029629	0.4444029629	0	0	0.7927935719	0.6924351454	0.8173193932	1.093533516
456	0.4194360971	0.4194360971	0	0	0.8001602888	0.7010883093	0.8257071376	1.093589187
457	0.4195176661	0.4195176661	0	0	0.8047164679	0.7062287331	0.828956902	1.093588829
458	0.4191522002	0.4191522002	0	0	0.8106457591	0.7156998515	0.836742878	1.093518019
459	0.4177112579	0.4177112579	0	0	0.8161463737	0.7225310802	0.842353344	1.093553305
460	0.4052568972	0.4052568972	0	0	0.8116671443	0.7181179523	0.8399127126	1.093560815
461	0.4478232861	0.4478232861	0	0	0.8049073815	0.7086666226	0.8306457996	1.093509197
462	0.4679366648	0.4679366648	0	0	0.7934536934	0.6946776509	0.8198476434	1.093497992
463	0.4716606736	0.4716606736	0	0	0.7963743806	0.6969135404	0.8217859864	1.093555331
464	0.4186560214	0.4186560214	0	0	0.8019365668	0.7034510374	0.8281708956	1.093583465
465	0.4167771041	0.4167771041	0	0	0.8043817878	0.70758605	0.8316223621	1.09361589
466	0.413553834	0.413553834	0	0	0.8110169172	0.7173784971	0.8395591974	1.093542695
467	0.4257261157	0.4257261157	0	0	0.8146259785	0.7220261693	0.8425164223	1.093500733
468	0.4265139103	0.4265139103	0	0	0.8056054115	0.7116876245	0.8353476524	1.093523502
469	0.4279465377	0.4279465377	0	0	0.8008025885	0.7044891119	0.8284355998	1.093469143
470	0.453620106	0.453620106	0	0	0.7956959009	0.697758317	0.8234631419	1.093430519
471	0.4416841865	0.4416841865	0	0	0.7968283892	0.6980326176	0.8236523867	1.093518853
472	0.4124988914	0.4124988914	0	0	0.8012225032	0.7032282352	0.8284489512	1.093554974
473	0.3722647429	0.3722647429	0	0	0.8037536144	0.7076097131	0.832256794	1.093609452
474	0.3868707418	0.3868707418	0	0	0.8105223775	0.7167790532	0.8392766118	1.093545675
475	0.3756712973	0.3756712973	0	0	0.8154694438	0.7232038975	0.8440093994	1.093515515
476	0.368462801	0.368462801	0	0	0.8084233403	0.7150123119	0.8377661109	1.093495369
477	0.3896037042	0.3896037042	0	0	0.7975926995	0.7009074092	0.8248178363	1.093428969
478	0.4198494852	0.4198494852	0	0	0.7860047221	0.6878880262	0.8155891895	1.093374491
479	0.4257675409	0.4257675409	0	0	0.7941603661	0.6949862242	0.8203504682	1.09348762
480	0.4002938867	0.4002938867	0	0	0.8010048866	0.702992022	0.8282139897	1.093559146
481	0.3707461953	0.3707461953	0	0	0.8022953272	0.7054112554	0.8296903968	1.093600988
482	0.3712466061	0.3712466061	0	0	0.8086513281	0.7145133018	0.8371770978	1.093572736
483	0.3803938627	0.3803938627	0	0	0.8132811189	0.7209644318	0.8423646092	1.093595624
484	0.3692889512	0.3692889512	0	0	0.8087017536	0.7156030536	0.8383519053	1.093583822
485	0.3917678595	0.3917678595	0	0	0.8057188988	0.7108965516	0.8338823915	1.093529344
486	0.4052937031	0.4052937031	0	0	0.7964519262	0.6986481547	0.8241369128	1.093450785
487	0.4030587673	0.4030587673	0	0	0.7945075035	0.6956732869	0.8214518428	1.093549609
488	0.3525622487	0.3525622487	0	0	0.7945594788	0.6964949965	0.823132813	1.093566775
489	0.3345729709	0.3345729709	0	0	0.8002135158	0.7051377296	0.8312413096	1.093647242
490	0.3321499228	0.3321499228	0	0	0.8038125038	0.7113566995	0.8364760876	1.093586922
491	0.3344297409	0.3344297409	0	0	0.8131628633	0.7232233882	0.8471975923	1.093652844
492	0.3408611417	0.3408611417	0	0	0.8103913665	0.7198405862	0.8437436223	1.093588471
493	0.3425244689	0.3425244689	0	0	0.8005019426	0.7064909935	0.8325549364	1.093607545
494	0.3735019565	0.3735019565	0	0	0.7899317145	0.6946612597	0.8258427978	1.093484282
495	0.3642767966	0.3642767966	0	0	0.7949081659	0.6981028318	0.8273083568	1.093619704
496	0.3311941922	0.3311941922	0	0	0.7988297343	0.701913476	0.8306719661	1.093628287
497	0.3320152164	0.3320152164	0	0	0.8052139282	0.7100157738	0.8361142278	1.093667626
498	0.3340237141	0.3340237141	0	0	0.8122163415	0.7196205854	0.8453863859	1.093695641
499	0.3393853605	0.3393853605	0	0	0.817127049	0.7264325023	0.8503619432	1.093861341
500	0.3385437727	0.3385437727	0	0	0.8122979999	0.7213383317	0.8464084864	1.093845606
501	0.348834604	0.348834604	0	0	0.7979162931	0.7034466863	0.832118988	1.093840957
502	0.3772656024	0.3772656024	0	0	0.7841630578	0.6883504391	0.8209462166	1.09358716
503	0.3771601617	0.3771601617	0	0	0.7907497883	0.6940742135	0.8246207237	1.093658566
504	0.3436199725	0.3436199725	0	0	0.798124671	0.7013195753	0.8299161196	1.093621492
505	0.3287996948	0.3287996948	0	0	0.7997967601	0.7044041753	0.832642436	1.093636751
506	0.3342168033	0.3342168033	0	0	0.8132873774	0.7210331559	0.8465842009	1.093655825
507	0.3421177566	0.3421177566	0	0	0.8168094158	0.7248972654	0.8491123915	1.093840957
508	0.3342659175	0.3342659175	0	0	0.8110060692	0.7194144726	0.845205307	1.093858838
509	0.3328773081	0.3328773081	0	0	0.7952702045	0.6994000673	0.8274861574	1.093820333
510	0.3621797562	0.3621797562	0	0	0.7923826575	0.6965044141	0.8279547691	1.093672395
511	0.3490589261	0.3490589261	0	0	0.7896872163	0.6916619539	0.8219456673	1.093631983
512	0.3374073207	0.3374073207	0	0	0.7905628681	0.6930744052	0.8241311908	1.093679667
513	0.3219067454	0.3219067454	0	0	0.8069642186	0.7127768397	0.8404598236	1.093729138
514	0.3225688338	0.3225688338	0	0	0.8163900971	0.7249167562	0.8495961428	1.093677044
515	0.3272712827	0.3272712827	0	0	0.8178112507	0.727258563	0.8510641456	1.093761206
516	0.3276083767	0.3276083767	0	0	0.8147133589	0.723543644	0.8483376503	1.093809366
517	0.3478710353	0.3478710353	0	0	0.7999708056	0.7049119473	0.8316252828	1.09369278
518	0.3940554559	0.3940554559	0	0	0.7904293537	0.6939257979	0.8245717287	1.093577385
519	0.3999671042	0.3999671042	0	0	0.7968934178	0.6996952891	0.8285489678	1.093644619
520	0.3647915125	0.3647915125	0	0	0.7965018153	0.6989001036	0.8278664351	1.093665719
521	0.3455765843	0.3455765843	0	0	0.8074811101	0.7120199203	0.838168025	1.093722343
522	0.3649815321	0.3649815321	0	0	0.8119884729	0.7196975946	0.8467509151	1.093685508
523	0.3657332957	0.3657332957	0	0	0.8137328029	0.7220785618	0.8476782441	1.093823791
524	0.3715849519	0.3715849519	0	0	0.8061058521	0.713968575	0.841910243	1.093836665
525	0.3969320953	0.3969320953	0	0	0.7955159545	0.7014142275	0.8316308856	1.09375751
526	0.408649534	0.408649534	0	0	0.7882111669	0.6924602389	0.8250461817	1.093571305
527	0.3987046182	0.3987046182	0	0	0.7977579832	0.7015371323	0.8310524225	1.093631983
528	0.3701352477	0.3701352477	0	0	0.7941737175	0.6971755624	0.8274617791	1.09365952
529	0.3661043048	0.3661043048	0	0	0.8043044209	0.7099425197	0.8383514881	1.093714952
530	0.3602723479	0.3602723479	0	0	0.8215470314	0.7302340269	0.852897644	1.093683004
531	0.374878943	0.374878943	0	0	0.82088691	0.7297211885	0.8521002531	1.093798637
532	0.3606308401	0.3606308401	0	0	0.813670814	0.7224556804	0.8483935595	1.093878269
533	0.3946764767	0.3946764767	0	0	0.7983855009	0.7052317858	0.8356050849	1.093775988
534	0.4097821712	0.4097821712	0	0	0.793528676	0.6988580227	0.8319739103	1.093620658
535	0.3671791553	0.3671791553	0	0	0.806594193	0.7108392715	0.8390976787	1.093700886
536	0.341155529	0.341155529	0	0	0.8032426238	0.7071450353	0.8360651135	1.093665481
537	0.3608462512	0.3608462512	0	0	0.8111590147	0.7184833288	0.8457234502	1.093776226
538	0.3642571867	0.3642571867	0	0	0.8202336431	0.729447484	0.853145957	1.093650103
539	0.374989599	0.374989599	0	0	0.8214680552	0.7287059426	0.8499235511	1.093727708
540	0.3507805169	0.3507805169	0	0	0.8112370372	0.7173034549	0.8420859575	1.093711734
541	0.373210907	0.373210907	0	0	0.7978569269	0.7011769414	0.8283087611	1.09361589
542	0.3876087666	0.3876087666	0	0	0.7900342345	0.6924394965	0.8234476447	1.093626142
543	0.3528942466	0.3528942466	0	0	0.797413528	0.7004361153	0.829282105	1.093736053
544	0.3243607879	0.3243607879	0	0	0.7995840907	0.7020176649	0.8289226294	1.093697786
545	0.2983491421	0.2983491421	0	0	0.8096376061	0.7142755389	0.8397668004	1.093737364
546	0.3079950213	0.3079950213	0	0	0.8153421283	0.7227401137	0.8472753167	1.093603373
547	0.3296959102	0.3296959102	0	0	0.8175209761	0.7259981632	0.8493874669	1.093711972
548	0.2982727587	0.2982727587	0	0	0.815402329	0.723844409	0.8478438258	1.093686104
549	0.3107923269	0.3107923269	0	0	0.807212472	0.7135565877	0.8393319249	1.093701363
550	0.3155406117	0.3155406117	0	0	0.8044766784	0.709705174	0.8374708891	1.093558788
551	0.298473686	0.298473686	0	0	0.8113477826	0.715532124	0.8405795097	1.093645215
552	0.2795314789	0.2795314789	0	0	0.8135737181	0.7161595225	0.8394756317	1.093637586
553	0.2785226405	0.2785226405	0	0	0.8197115064	0.7239099145	0.8454558849	1.093710065
554	0.2842528224	0.2842528224	0	0	0.8260440826	0.7327682972	0.8530225158	1.093578458
555	0.2878277302	0.2878277302	0	0	0.8326187134	0.7409463525	0.85999614	1.093732238
556	0.2643264234	0.2643264234	0	0	0.8265830278	0.7351226807	0.8572087288	1.093817353
557	0.2819243968	0.2819243968	0	0	0.8187023401	0.7238848209	0.8473290801	1.093910456
558	0.2846360505	0.2846360505	0	0	0.8115143776	0.715562284	0.8423119783	1.093730569
559	0.2857983708	0.2857983708	0	0	0.8120042682	0.7150884867	0.8407524824	1.0937078
560	0.2809055746	0.2809055746	0	0	0.8118624687	0.7138528824	0.8376450539	1.093724251
561	0.2584393919	0.2584393919	0	0	0.8215195537	0.7255401015	0.8482862115	1.093800902
562	0.2871899307	0.2871899307	0	0	0.8276845813	0.7349928617	0.8548972607	1.093639374
563	0.2959592044	0.2959592044	0	0	0.8294209242	0.7374241948	0.8562524915	1.093752265
564	0.2698031664	0.2698031664	0	0	0.825946331	0.7340556383	0.8561657667	1.093806267
565	0.3026105464	0.3026105464	0	0	0.8215638995	0.7271487713	0.8499062657	1.093787909
566	0.3080245554	0.3080245554	0	0	0.8128288984	0.7168592811	0.8431726098	1.093689919
567	0.3077160716	0.3077160716	0	0	0.8171015978	0.7210536003	0.845656991	1.093743205
568	0.3005661368	0.3005661368	0	0	0.8202043176	0.7233880162	0.8464208245	1.093768358
569	0.2856518328	0.2856518328	0	0	0.823626101	0.7280771732	0.8504307866	1.09382391
570	0.2926045954	0.2926045954	0	0	0.8257580996	0.7323157191	0.8542393446	1.093654394
571	0.2949795127	0.2949795127	0	0	0.8328455091	0.7411913872	0.8602336645	1.093852758
572	0.2871462703	0.2871462703	0	0	0.8269501925	0.7351260185	0.8569943309	1.093853593
573	0.3016811907	0.3016811907	0	0	0.8196789622	0.7257401347	0.8494843245	1.093919873
574	0.297924757	0.297924757	0	0	0.8180134892	0.7223603129	0.8463695049	1.093631268
575	0.2963915467	0.2963915467	0	0	0.8175395727	0.7210057378	0.8444741368	1.093661666
576	0.2974950075	0.2974950075	0	0	0.8180826306	0.7205767632	0.8440045714	1.093746543
577	0.2981592715	0.2981592715	0	0	0.820525825	0.7244699597	0.8477355242	1.093804359
578	0.3183619976	0.3183619976	0	0	0.8272545338	0.7336369753	0.8547316194	1.093722582
579	0.3259162903	0.3259162903	0	0	0.8314964771	0.7391799092	0.8581721783	1.093851805
580	0.3297728002	0.3297728002	0	0	0.8304567933	0.7393996119	0.8597024083	1.093866944
581	0.3648900092	0.3648900092	0	0	0.8199416399	0.7256085277	0.8486320972	1.093881607
582	0.3505746126	0.3505746126	0	0	0.813711822	0.7179306746	0.843670249	1.093753219
583	0.3615557849	0.3615557849	0	0	0.8155441284	0.7198241353	0.8431571126	1.093662262
584	0.3561095595	0.3561095595	0	0	0.8182995319	0.7219962478	0.8463062048	1.093750715
585	0.3664716184	0.3664716184	0	0	0.8235430717	0.7280987501	0.8499863148	1.093863845
586	0.3832032382	0.3832032382	0	0	0.8259277344	0.7328273058	0.853990376	1.09372592
587	0.377954036	0.377954036	0	0	0.8296871185	0.7382651567	0.8575626612	1.093812943
588	0.3682442904	0.3682442904	0	0	0.8290478587	0.7376204729	0.8579922915	1.09395957
589	0.3786453903	0.3786453903	0	0	0.823002696	0.728518188	0.850913167	1.093785405
590	0.3714705706	0.3714705706	0	0	0.8161110878	0.7203627825	0.8451813459	1.093684435
591	0.383836478	0.383836478	0	0	0.8142256737	0.7185764909	0.8436627984	1.093776703
592	0.3756020069	0.3756020069	0	0	0.8162357807	0.7195909023	0.8442111015	1.093757272
593	0.3891117573	0.3891117573	0	0	0.8184844255	0.72149086	0.8444551826	1.093853593
594	0.3859549165	0.3859549165	0	0	0.8183477521	0.7230646014	0.8449901342	1.093629003
595	0.3898614645	0.3898614645	0	0	0.8252104521	0.7319160104	0.8522427678	1.093819618
596	0.3948911428	0.3948911428	0	0	0.8225085139	0.7287537456	0.8501576185	1.093787313
597	0.4103002548	0.4103002548	0	0	0.8156698942	0.7203011513	0.8437231779	1.093736172
598	0.3995344937	0.3995344937	0	0	0.8148077726	0.7182130814	0.8414258361	1.09340477
599	0.3881368041	0.3881368041	0	0	0.8160113096	0.7188951969	0.8406817317	1.093652129
600	0.3996543288	0.3996543288	0	0	0.8215597272	0.7226024866	0.8431751728	1.093728304
601	0.4282484055	0.4282484055	0	0	0.8257721663	0.7277222872	0.8459233642	1.093799829
602	0.4101118445	0.4101118445	0	0	0.8258565068	0.7302142978	0.8483640552	1.093622804
603	0.4127667844	0.4127667844	0	0	0.8339150548	0.7403594255	0.8565756679	1.093847871
604	0.4060083032	0.4060083032	0	0	0.8300916553	0.736030519	0.8544956446	1.093809605
605	0.4166754186	0.4166754186	0	0	0.8290219307	0.7341483831	0.8528876305	1.093827009
606	0.3974038064	0.3974038064	0	0	0.8183473945	0.7216251493	0.8421875834	1.093552232
607	0.3949260712	0.3949260712	0	0	0.8195875883	0.7220341563	0.8430312276	1.093694806
608	0.3819478452	0.3819478452	0	0	0.8148066998	0.7156572938	0.8375359774	1.093672156
609	0.3752554953	0.3752554953	0	0	0.8203774691	0.7235003114	0.8449594378	1.093821406
610	0.4200192392	0.4200192392	0	0	0.8283979297	0.7340636849	0.8515949249	1.093698978
611	0.4588432312	0.4588432312	0	0	0.8354392052	0.7426267862	0.857644558	1.093743443
612	0.4662773609	0.4662773609	0	0	0.8334932923	0.740011692	0.8562926054	1.093701482
613	0.4835737348	0.4835737348	0	0	0.8272217512	0.731425941	0.8503156304	1.093700409
614	0.4936707318	0.4936707318	0	0	0.8188679814	0.7206942439	0.8411468267	1.093558073
615	0.5116246343	0.5116246343	0	0	0.8198698759	0.7217338085	0.8416516185	1.093644857
616	0.5038607717	0.5038607717	0	0	0.8184338808	0.7200090289	0.840688169	1.09366703
617	0.5336506367	0.5336506367	0	0	0.8240127563	0.7264900804	0.8457603455	1.093775749
618	0.5131312609	0.5131312609	0	0	0.8249334693	0.7293084264	0.847689867	1.093598366
619	0.5223029256	0.5223029256	0	0	0.8291370869	0.7346898317	0.8521771431	1.093707442
620	0.5321819782	0.5321819782	0	0	0.8283753395	0.733921349	0.8520698547	1.093612313
621	0.526527226	0.526527226	0	0	0.8227009773	0.7269498706	0.8474842906	1.093630075
622	0.5265421271	0.5265421271	0	0	0.8137457967	0.716019392	0.8377276659	1.093444347
623	0.5538066626	0.5538066626	0	0	0.8182302117	0.7200556993	0.8399741054	1.09358561
624	0.5475230217	0.5475230217	0	0	0.8171200752	0.7181498408	0.8371947408	1.093650699
625	0.5535901785	0.5535901785	0	0	0.8250085711	0.7273699641	0.8445883989	1.093728423
626	0.5303723216	0.5303723216	0	0	0.8263974786	0.7311526537	0.8489474058	1.093676805
627	0.5498415232	0.5498415232	0	0	0.8277740479	0.7337527275	0.8511607051	1.093798399
628	0.5606220961	0.5606220961	0	0	0.8246775866	0.7305314541	0.8482946754	1.093719006
629	0.5398507118	0.5398507118	0	0	0.823088944	0.7267118096	0.8461803198	1.093766451
630	0.5129297972	0.5129297972	0	0	0.812716186	0.7139061093	0.8365374207	1.093782663
631	0.5108497143	0.5108497143	0	0	0.8153144121	0.7171006799	0.8394693732	1.093706727
632	0.520101428	0.520101428	0	0	0.8051589131	0.7056224346	0.8276410103	1.093715906
633	0.5072672367	0.5072672367	0	0	0.8104145527	0.7117760777	0.8351553679	1.093826532
634	0.5048724413	0.5048724413	0	0	0.8116614819	0.7166846991	0.8396832347	1.093729138
635	0.5568273067	0.5568273067	0	0	0.8175942302	0.7231081724	0.8430123329	1.093753219
636	0.5656346679	0.5656346679	0	0	0.8069475293	0.7122375369	0.8343660235	1.093690395
637	0.6269112825	0.6269112825	0	0	0.8194674253	0.7237102389	0.8448225856	1.093751192
638	0.6467092037	0.6467092037	0	0	0.8092722893	0.7106118202	0.8349874616	1.093666315
639	0.6621696949	0.6621696949	0	0	0.8176038861	0.7203607559	0.8423451781	1.093751431
640	0.6813002229	0.6813002229	0	0	0.8179900646	0.7201228142	0.8406642675	1.093695879
641	0.666436255	0.666436255	0	0	0.8194900751	0.722520709	0.843829453	1.093811989
642	0.6526988745	0.6526988745	0	0	0.8179459572	0.7231904268	0.8452410102	1.09374404
643	0.6514532566	0.6514532566	0	0	0.8221703768	0.7290226817	0.8492136598	1.093860984
644	0.6616051793	0.6616051793	0	0	0.8224381804	0.7287670374	0.8492988348	1.093851805
645	0.6771703362	0.6771703362	0	0	0.8185670972	0.7242916822	0.847143352	1.093934774
646	0.6809521317	0.6809521317	0	0	0.8101895452	0.7138465047	0.8394711018	1.093805909
647	0.6721596718	0.6721596718	0	0	0.8109536767	0.7147539854	0.8401803374	1.093824267
648	0.6541998982	0.6541998982	0	0	0.8060908318	0.7090592384	0.8358110785	1.093765616
649	0.6437436938	0.6437436938	0	0	0.8098661304	0.7133460045	0.8385033607	1.093837976
650	0.6529719234	0.6529719234	0	0	0.8108574152	0.7166513801	0.8423841596	1.093757272
651	0.6550662518	0.6550662518	0	0	0.8093015552	0.7157001495	0.840429306	1.093826056
652	0.6658719778	0.6658719778	0	0	0.8106173277	0.7167700529	0.8413752317	1.093795419
653	0.6931869388	0.6931869388	0	0	0.8097643256	0.7159510851	0.8418762684	1.093848348
654	0.7058079839	0.7058079839	0	0	0.7997372746	0.7036575079	0.832482934	1.093814254
655	0.6934639812	0.6934639812	0	0	0.8059918284	0.7092763782	0.8357131481	1.09380734
656	0.6854967475	0.6854967475	0	0	0.7938157916	0.6951655149	0.8241915107	1.093758941
657	0.669685781	0.669685781	0	0	0.7958885431	0.6991183162	0.828989327	1.093858838
658	0.6909916997	0.6909916997	0	0	0.8104071617	0.7172093391	0.8425731659	1.093701005
659	0.7151249051	0.7151249051	0	0	0.8159823418	0.7239845991	0.8463790417	1.093694687
660	0.7396561503	0.7396561503	0	0	0.8110457659	0.7182455659	0.8418955803	1.093699455
661	0.7744656801	0.7744656801	0	0	0.8031750917	0.7056876421	0.8307309747	1.093745828
662	0.7960427403	0.7960427403	0	0	0.7935577631	0.6970183253	0.826218307	1.093661547
663	0.7964722514	0.7964722514	0	0	0.804590404	0.7070212364	0.8313803673	1.093731642
664	0.7813819647	0.7813819647	0	0	0.7967370152	0.6995844245	0.8269337416	1.093669295
665	0.7828454375	0.7828454375	0	0	0.7963281274	0.6997203231	0.8267402649	1.093732595
666	0.7938815355	0.7938815355	0	0	0.8009420037	0.7083207369	0.8352802992	1.093631148
667	0.8167575598	0.8167575598	0	0	0.8098656535	0.7182996869	0.8441427946	1.09382534
668	0.801749289	0.801749289	0	0	0.8050944209	0.7122268677	0.8389375806	1.093727112
669	0.8115748167	0.8115748167	0	0	0.8023581505	0.7083708644	0.8357214332	1.093823075
670	0.8241431713	0.8241431713	0	0	0.7901422381	0.6940294504	0.8248677254	1.093607545
671	0.8307415843	0.8307415843	0	0	0.7968549132	0.7008013129	0.8298310041	1.093674421
672	0.8059436083	0.8059436083	0	0	0.7929056883	0.6958621144	0.8251029253	1.09369278
673	0.8191308379	0.8191308379	0	0	0.7885012627	0.6917142868	0.8229478002	1.093724847
674	0.8464018703	0.8464018703	0	0	0.7791541219	0.6848602891	0.8173280358	1.093627572
675	0.8519949317	0.8519949317	0	0	0.7943985462	0.7012562156	0.831132412	1.093772173
676	0.8468403816	0.8468403816	0	0	0.7886406779	0.6953709722	0.8252301812	1.093669295
677	0.8403189778	0.8403189778	0	0	0.7971403003	0.7032420039	0.8320612311	1.093778491
678	0.8389409184	0.8389409184	0	0	0.7742200494	0.6772043109	0.8109151125	1.09376502
679	0.8386152387	0.8386152387	0	0	0.7889583111	0.6921831965	0.8240705132	1.093734384
680	0.8258034587	0.8258034587	0	0	0.7782849073	0.6800994277	0.8142920136	1.093686223
681	0.816506505	0.816506505	0	0	0.7810460329	0.6840193868	0.8174318671	1.093742967
682	0.8630185723	0.8630185723	0	0	0.7875192761	0.6939697266	0.8252657652	1.093645215
683	0.872439146	0.872439146	0	0	0.7981947064	0.7053874135	0.8323462605	1.093711853
684	0.8824977875	0.8824977875	0	0	0.7975502014	0.7038617134	0.8307652473	1.093633533
685	0.8953644633	0.8953644633	0	0	0.798900485	0.7041310072	0.8316268921	1.093741775
686	0.8922790289	0.8922790289	0	0	0.7788161039	0.6807383299	0.8130949736	1.093500972
687	0.9212421179	0.9212421179	0	0	0.7902523875	0.6935318708	0.8226004243	1.09358418
688	0.8882317543	0.8882317543	0	0	0.7882919312	0.6910616755	0.8198548555	1.093631983
689	0.8855287433	0.8855287433	0	0	0.7896664739	0.6927810907	0.8224574327	1.093717813
690	0.919428885	0.919428885	0	0	0.791697979	0.6977607012	0.8274945021	1.093673468
691	0.9603749514	0.9603749514	0	0	0.7926285267	0.7004433274	0.8299599886	1.093724608
692	0.9542785883	0.9542785883	0	0	0.7853079438	0.6927571297	0.8235227466	1.09367919
693	0.9598040581	0.9598040581	0	0	0.7902963758	0.6972993016	0.8284957409	1.093841553
694	0.9559251666	0.9559251666	0	0	0.7716875672	0.6771746874	0.8121958971	1.093519807
695	0.9501789808	0.9501789808	0	0	0.7833836079	0.6879389882	0.8190747499	1.093536019
696	0.9433326721	0.9433326721	0	0	0.778016746	0.6819341779	0.8149018884	1.093645453
697	0.9514774084	0.9514774084	0	0	0.7786854506	0.6825785637	0.8159108758	1.093714833
698	0.970205307	0.970205307	0	0	0.7862386107	0.6930466294	0.8252358437	1.093711853
699	0.9717200398	0.9717200398	0	0	0.7899667621	0.6974017024	0.8277171254	1.093765736
700	0.9515687823	0.9515687823	0	0	0.7781430483	0.6856082082	0.8182236552	1.093742728
701	0.9575060606	0.9575060606	0	0	0.7895814776	0.6959680915	0.8273345232	1.093882442
702	0.9701539874	0.9701539874	0	0	0.7733047009	0.6784105897	0.8141437769	1.093715191
703	0.9124823213	0.9124823213	0	0	0.7947887182	0.6983502507	0.8257510066	1.093602538
704	0.9223831892	0.9223831892	0	0	0.7838615179	0.6866682768	0.817994535	1.093654633
705	0.9380680323	0.9380680323	0	0	0.7873337269	0.691426158	0.8230424523	1.09375906
706	0.9302268028	0.9302268028	0	0	0.7973140478	0.704046607	0.8309336305	1.093625546
707	0.9248749018	0.9248749018	0	0	0.79961133	0.7064071298	0.8320894837	1.0936625
708	0.9175086021	0.9175086021	0	0	0.7924252748	0.6976603866	0.8243588209	1.09358716
709	0.9543375373	0.9543375373	0	0	0.797483325	0.7007029653	0.8268311024	1.093600512
710	1.027665257	1.027665257	0	0	0.7907177806	0.6892975569	0.8104157448	1.093446493
711	1.081751347	1.081751347	0	0	0.797534287	0.6962889433	0.8157731891	1.093439102
712	1.134994149	1.134994149	0	0	0.7993108034	0.6978438497	0.8168442845	1.093581796
713	1.028936744	1.028936744	0	0	0.8070560694	0.7075753212	0.8264994025	1.093638539
714	0.9338158965	0.9338158965	0	0	0.8037602305	0.7089646459	0.8303772807	1.093546033
715	0.9726393819	0.9726393819	0	0	0.8096364141	0.7166295052	0.8375828862	1.093588591
716	0.9767365456	0.9767365456	0	0	0.8104116321	0.7173655033	0.8373751044	1.09354496
717	0.9752471447	0.9752471447	0	0	0.8140688539	0.7200335264	0.8414324522	1.093642831
718	0.931674242	0.931674242	0	0	0.7975200415	0.7009423971	0.824180603	1.093471289
719	0.9120810628	0.9120810628	0	0	0.8010012507	0.7042582631	0.8269476891	1.093518972
720	0.9281640649	0.9281640649	0	0	0.795191884	0.6980652213	0.8231655955	1.093644977
721	0.9372000694	0.9372000694	0	0	0.8015704155	0.7049198151	0.829710722	1.093690753
722	0.9277309179	0.9277309179	0	0	0.8082939982	0.7151532769	0.8374833465	1.093575597
723	0.9459603429	0.9459603429	0	0	0.8194628954	0.7275048494	0.8482928276	1.093671083
724	0.9529900551	0.9529900551	0	0	0.8169219494	0.725207448	0.8465837836	1.093592525
725	0.9551160932	0.9551160932	0	0	0.8169648051	0.7235744596	0.8452224731	1.093589544
726	0.9072806239	0.9072806239	0	0	0.7973195314	0.701597333	0.825606823	1.093430877
727	0.9288935065	0.9288935065	0	0	0.8054409027	0.7082236409	0.8298550844	1.093450308
728	0.9260217547	0.9260217547	0	0	0.7975733876	0.7002983093	0.8256844878	1.093555093
729	0.9430583715	0.9430583715	0	0	0.8049638867	0.709457159	0.834579587	1.09368372
730	0.9473370314	0.9473370314	0	0	0.8128800392	0.7190818787	0.8396582603	1.093510985
731	0.9355559349	0.9355559349	0	0	0.8150929809	0.7220269442	0.8423884511	1.093494058
732	0.8947688341	0.8947688341	0	0	0.8090772033	0.7149319649	0.8366190791	1.093500137
733	0.9338157177	0.9338157177	0	0	0.8081051111	0.7120602727	0.8341132402	1.093547702
734	0.9053955078	0.9053955078	0	0	0.7940989137	0.6963811517	0.8221759796	1.093446493
735	0.8949773908	0.8949773908	0	0	0.8007870913	0.7030701041	0.8260964155	1.093489051
736	0.9046112299	0.9046112299	0	0	0.7996422052	0.7020351887	0.8263363838	1.093573928
737	0.8956507444	0.8956507444	0	0	0.7973509431	0.7011967897	0.8263411522	1.093639135
738	0.9039230347	0.9039230347	0	0	0.8020595312	0.708691895	0.8327218294	1.093491316
739	0.8993495703	0.8993495703	0	0	0.8083300591	0.716358304	0.8392562866	1.093476653
740	0.9033173919	0.9033173919	0	0	0.8118206263	0.7200472951	0.8408052325	1.093395233
741	0.9101119041	0.9101119041	0	0	0.8091198206	0.7162273526	0.8397294283	1.093493581
742	0.9168227315	0.9168227315	0	0	0.7966764569	0.7013991475	0.8266551495	1.093381405
743	0.9039636254	0.9039636254	0	0	0.8034015894	0.7075266242	0.8311238289	1.093418479
744	0.8959281445	0.8959281445	0	0	0.7953992486	0.6992360353	0.8255864978	1.093553901
745	0.8958219886	0.8958219886	0	0	0.7916851044	0.6960057616	0.8239802122	1.093622327
746	0.8958367705	0.8958367705	0	0	0.7942355275	0.7011216879	0.8293702006	1.093475103
747	0.9033933282	0.9033933282	0	0	0.8017465472	0.7093138099	0.8346148133	1.09354794
748	0.8784710169	0.8784710169	0	0	0.7988877892	0.7071843147	0.833540976	1.093515515
749	0.8896154761	0.8896154761	0	0	0.8018963933	0.7091426253	0.8353063464	1.093565583
750	0.8844105005	0.8844105005	0	0	0.7846140862	0.6900515556	0.8196613789	1.093544245
751	0.8559637666	0.8559637666	0	0	0.795363009	0.6994565129	0.8262156248	1.093496561
752	0.8572816253	0.8572816253	0	0	0.7828404307	0.686468184	0.8167867064	1.09355402
753	0.8644629121	0.8644629121	0	0	0.7855273485	0.690877974	0.8219391108	1.093683004
754	0.8748373985	0.8748373985	0	0	0.8012721539	0.7088927031	0.8341728449	1.093475103
755	0.8401874304	0.8401874304	0	0	0.8017101288	0.7088300586	0.8338239789	1.093439221
756	0.7840843201	0.7840843201	0	0	0.8016731739	0.7086941004	0.8334391713	1.093407273
757	0.7744904757	0.7744904757	0	0	0.7986719012	0.7043860555	0.8293625116	1.093465447
758	0.7693163753	0.7693163753	0	0	0.7839084864	0.6878823042	0.8176862001	1.093428254
759	0.790805459	0.790805459	0	0	0.793582201	0.6962435246	0.8219420314	1.093428016
760	0.7884094715	0.7884094715	0	0	0.7836165428	0.6870858669	0.8155810237	1.093485117
761	0.7538968325	0.7538968325	0	0	0.7814111114	0.6859413981	0.8163067102	1.093579531
762	0.7582579851	0.7582579851	0	0	0.7891424298	0.6967816353	0.825237751	1.093427896
763	0.7663017511	0.7663017511	0	0	0.7913433909	0.6999432445	0.8283410072	1.093374848
764	0.7324877381	0.7324877381	0	0	0.7975937724	0.7060679197	0.8320139647	1.093419433
765	0.7421620488	0.7421620488	0	0	0.7905740142	0.6982640028	0.8265566826	1.093403697
766	0.7658524513	0.7658524513	0	0	0.7821872234	0.6880431175	0.8185139894	1.093387723
767	0.7537642121	0.7537642121	0	0	0.7924721241	0.696223557	0.8228971362	1.093395829
768	0.7515777349	0.7515777349	0	0	0.7784186602	0.6829913259	0.8143450618	1.093527079
769	0.7293774486	0.7293774486	0	0	0.7677657604	0.6727563143	0.8070158958	1.093569756
770	0.7262608409	0.7262608409	0	0	0.7813516259	0.6888731122	0.8202762604	1.093449712
771	0.7465023994	0.7465023994	0	0	0.7855883241	0.6935583949	0.8237687349	1.093450785
772	0.6974188685	0.6974188685	0	0	0.7956874371	0.7051597238	0.8329670429	1.093433619
773	0.6981856227	0.6981856227	0	0	0.7871199846	0.6943209767	0.8236140013	1.093505859
774	0.7150658965	0.7150658965	0	0	0.7805862427	0.6862157583	0.8168328404	1.093462229
775	0.7256569266	0.7256569266	0	0	0.7894479632	0.6935476661	0.8213100433	1.09343648
776	0.7363216877	0.7363216877	0	0	0.7714262605	0.6763125062	0.8100219965	1.093557835
777	0.7096034288	0.7096034288	0	0	0.7723540068	0.678719461	0.8122440577	1.093646407
778	0.7482894659	0.7482894659	0	0	0.7868831158	0.6954746246	0.8248580098	1.09343493
779	0.7415749431	0.7415749431	0	0	0.7938699126	0.7023165226	0.8299605846	1.093393922
780	0.6520180702	0.6520180702	0	0	0.8048260808	0.7123993635	0.836613059	1.093333721
781	0.6427454948	0.6427454948	0	0	0.800062716	0.7054206729	0.8306333423	1.093398452
782	0.6597881913	0.6597881913	0	0	0.7889642119	0.6916987896	0.8194558024	1.09343183
783	0.6702865958	0.6702865958	0	0	0.7955346107	0.697905004	0.8233011365	1.093391895
784	0.6607974172	0.6607974172	0	0	0.7814360261	0.6841142178	0.8136666417	1.093489051
785	0.6218457222	0.6218457222	0	0	0.7766737938	0.6814129949	0.8126739264	1.093580842
786	0.6264715195	0.6264715195	0	0	0.7927088737	0.6998198628	0.8275959492	1.093417883
787	0.6140503883	0.6140503883	0	0	0.7993037105	0.706872642	0.8328045607	1.093369484
788	0.5891130567	0.5891130567	0	0	0.8061388135	0.7137919664	0.837372005	1.093276024
789	0.6020830274	0.6020830274	0	0	0.7987651825	0.7048462629	0.8303751349	1.093351603
790	0.6226852536	0.6226852536	0	0	0.7900409698	0.6935480833	0.8209388256	1.093429208
791	0.6539912224	0.6539912224	0	0	0.7936667204	0.6960048079	0.8220868707	1.093462825
792	0.628952384	0.628952384	0	0	0.7811034322	0.6837072372	0.8133448362	1.093525529
793	0.6296130419	0.6296130419	0	0	0.7795321941	0.6835945845	0.8143848181	1.0935781
794	0.6105889082	0.6105889082	0	0	0.7980882525	0.7042475939	0.8295453191	1.093420982
795	0.6267026663	0.6267026663	0	0	0.80222857	0.7090204954	0.8331057429	1.093473077
796	0.5997850299	0.5997850299	0	0	0.8060389757	0.7136346102	0.8379166126	1.093404293
797	0.6025388837	0.6025388837	0	0	0.8009038568	0.7066218257	0.8306196928	1.093529463
798	0.6392995715	0.6392995715	0	0	0.7830782533	0.686111927	0.8143138885	1.093502879
799	0.6574302912	0.6574302912	0	0	0.7890326381	0.6916767955	0.8191025257	1.093518376
800	0.6590595245	0.6590595245	0	0	0.7717624903	0.6747382283	0.8077540398	1.093582153
801	0.6617794633	0.6617794633	0	0	0.7732480168	0.6794960499	0.8143640161	1.093673229
802	0.6655705571	0.6655705571	0	0	0.7928595543	0.70080477	0.8281142116	1.093454599
803	0.6870378852	0.6870378852	0	0	0.7903208137	0.6985068917	0.8263993859	1.093462586
804	0.5867667794	0.5867667794	0	0	0.8030430079	0.7104664445	0.8359565735	1.093379736
805	0.5591683388	0.5591683388	0	0	0.7924290895	0.6969049573	0.8245121837	1.093482494
806	0.5355647802	0.5355647802	0	0	0.7761486769	0.6793378592	0.8100927472	1.093505263
807	0.5983632207	0.5983632207	0	0	0.7749558687	0.6784037352	0.8089238405	1.093517423
808	0.6489340663	0.6489340663	0	0	0.7672615051	0.6719548106	0.8049470782	1.093615055
809	0.5774681568	0.5774681568	0	0	0.7820529938	0.6871577501	0.8181909919	1.093618155
810	0.5185030699	0.5185030699	0	0	0.7943202257	0.7020972371	0.8280849457	1.093454719
811	0.5004742742	0.5004742742	0	0	0.8007382751	0.7091206312	0.8340183496	1.093419433
812	0.4359115362	0.4359115362	0	0	0.8035470843	0.7110131383	0.8350079656	1.093279123
813	0.4867687821	0.4867687821	0	0	0.7911049724	0.6971758008	0.8256912231	1.093369603
814	0.4973211884	0.4973211884	0	0	0.7866708636	0.6902145147	0.8185985088	1.093318582
815	0.5514349937	0.5514349937	0	0	0.7916069031	0.6944770813	0.8211547136	1.093423247
816	0.5364638567	0.5364638567	0	0	0.7845376134	0.6873409748	0.816395998	1.093589902
817	0.5157263279	0.5157263279	0	0	0.7980723381	0.7022292018	0.8289652467	1.09360075
818	0.5161997676	0.5161997676	0	0	0.8048881292	0.7127766013	0.8362419605	1.09344697
819	0.538611412	0.538611412	0	0	0.8078070283	0.7161982656	0.8384703398	1.093510985
820	0.5272319317	0.5272319317	0	0	0.8044279814	0.713178277	0.8387707472	1.093440413
821	0.5050331354	0.5050331354	0	0	0.7994624376	0.7056224942	0.8319696784	1.093512416
822	0.4790014923	0.4790014923	0	0	0.7978549004	0.700412035	0.8255157471	1.093520164
823	0.5266355872	0.5266355872	0	0	0.7929155231	0.6951705813	0.8220070601	1.09352386
824	0.5456213951	0.5456213951	0	0	0.7853246331	0.6883071065	0.8174247742	1.093592167
825	0.5274406075	0.5274406075	0	0	0.7956537604	0.7011098266	0.8300024867	1.093649745
826	0.5575457811	0.5575457811	0	0	0.8061304688	0.7139191628	0.83689183	1.093446851
827	0.579826653	0.579826653	0	0	0.8022627831	0.7110368609	0.8353212476	1.093421817
828	0.5356873274	0.5356873274	0	0	0.8015325665	0.7095883489	0.8356682062	1.093375564
829	0.506966114	0.506966114	0	0	0.7891517878	0.6945329309	0.8248946071	1.09342289
830	0.4723375738	0.4723375738	0	0	0.791384995	0.6949896812	0.8243283033	1.0933851
831	0.5017807484	0.5017807484	0	0	0.792355299	0.6956447363	0.8241148591	1.093410492
832	0.5594414473	0.5594414473	0	0	0.7904105186	0.6941295862	0.8222697973	1.093548059
833	0.464268744	0.464268744	0	0	0.7969528437	0.7023083568	0.8302877545	1.093564034
834	0.4386326075	0.4386326075	0	0	0.8016839623	0.709689796	0.8345734477	1.093436241
835	0.4598838389	0.4598838389	0	0	0.8009194732	0.7097738981	0.8350786567	1.093402028
836	0.4119781852	0.4119781852	0	0	0.8045116663	0.7123761177	0.8372662663	1.093328238
837	0.4519363046	0.4519363046	0	0	0.7911253572	0.6970909834	0.8263561726	1.093296289
838	0.4555408955	0.4555408955	0	0	0.7898283601	0.6942238808	0.8233656883	1.093319654
839	0.510844171	0.510844171	0	0	0.7937478423	0.6964007616	0.8231700063	1.093404412
840	0.539157033	0.539157033	0	0	0.7916482091	0.6949836016	0.8225556612	1.093503714
841	0.4911165237	0.4911165237	0	0	0.8082700372	0.7120631337	0.8349640965	1.093547463
842	0.499856323	0.499856323	0	0	0.8144956231	0.7212982774	0.8415910006	1.09340775
843	0.5148556828	0.5148556828	0	0	0.81195575	0.7197201848	0.8410035968	1.093450427
844	0.508789897	0.508789897	0	0	0.8128851652	0.7215021849	0.8438094854	1.093327641
845	0.5349445939	0.5349445939	0	0	0.8035500646	0.710024178	0.8357906342	1.093440056
846	0.55384022	0.55384022	0	0	0.7993073463	0.70362854	0.8296102881	1.093469858
847	0.5984371901	0.5984371901	0	0	0.794921875	0.6974166632	0.8238502741	1.093496203
848	0.6230052114	0.6230052114	0	0	0.7883025408	0.6912387609	0.8197741508	1.093594909
849	0.5628675818	0.5628675818	0	0	0.8000053167	0.7052444816	0.8321622014	1.093667388
850	0.5552808642	0.5552808642	0	0	0.8102574348	0.7181545496	0.8409996033	1.09351182
851	0.5677864552	0.5677864552	0	0	0.8095495105	0.7184130549	0.8410037756	1.093496442
852	0.5263236761	0.5263236761	0	0	0.8084125519	0.7173076272	0.841609776	1.09342587
853	0.5466277003	0.5466277003	0	0	0.7993133068	0.706220746	0.8339349031	1.093444705
854	0.542544663	0.542544663	0	0	0.8028181195	0.7079043388	0.8342023492	1.093395948
855	0.6021216512	0.6021216512	0	0	0.8000677228	0.704334259	0.8313145638	1.093498468
856	0.6329563856	0.6329563856	0	0	0.799172163	0.7036771774	0.8302660584	1.093587875
857	0.6057073474	0.6057073474	0	0	0.803336978	0.7084612846	0.8335435987	1.093623757
858	0.5524223447	0.5524223447	0	0	0.8044988513	0.7120598555	0.8364115953	1.093505859
859	0.5489479899	0.5489479899	0	0	0.807313621	0.7138544917	0.835236311	1.093444586
860	0.5204628706	0.5204628706	0	0	0.8027663231	0.7086232305	0.8324147463	1.093362808
861	0.5183095336	0.5183095336	0	0	0.7956579924	0.7004538774	0.8268954158	1.093290091
862	0.5460590124	0.5460590124	0	0	0.7997133136	0.7037585378	0.8290502429	1.093275428
863	0.5996133089	0.5996133089	0	0	0.7989963293	0.7021698356	0.8274078369	1.093405128
864	0.6415096521	0.6415096521	0	0	0.7986438274	0.7021944523	0.8272013664	1.093526602
865	0.585657239	0.585657239	0	0	0.805500865	0.7106924653	0.8342266083	1.093569756
866	0.5801672935	0.5801672935	0	0	0.8127082586	0.721011281	0.8426861763	1.093495727
867	0.5835770965	0.5835770965	0	0	0.8108826876	0.7194472551	0.8402699232	1.093532562
868	0.5696761608	0.5696761608	0	0	0.8098189235	0.7178185582	0.8403042555	1.093492627
869	0.573276639	0.573276639	0	0	0.8039049506	0.7101761699	0.8350837231	1.093461394
870	0.5867871046	0.5867871046	0	0	0.8010985851	0.7051776648	0.8300426006	1.09355092
871	0.5946537256	0.5946537256	0	0	0.7994483709	0.7025428414	0.8277952075	1.09353745
872	0.6240437627	0.6240437627	0	0	0.7975773811	0.7002892494	0.8248003721	1.093605518
873	0.5700078011	0.5700078011	0	0	0.8003040552	0.7060869932	0.8326462507	1.093636751
874	0.5405920744	0.5405920744	0	0	0.8077538013	0.716349721	0.8409320116	1.093616009
875	0.5297110677	0.5297110677	0	0	0.8142126799	0.723500371	0.8453469276	1.093585014
876	0.5616566539	0.5616566539	0	0	0.8133748174	0.7218127251	0.8443757296	1.09354651
877	0.605674386	0.605674386	0	0	0.8048176765	0.7117948532	0.8371550441	1.093447328
878	0.6436845064	0.6436845064	0	0	0.8055041432	0.7104519606	0.8355593085	1.093425274
879	0.6194438934	0.6194438934	0	0	0.8035699129	0.7078248262	0.8331311345	1.093471766
880	0.6799578071	0.6799578071	0	0	0.8041818738	0.7086195946	0.8333816528	1.093564153
881	0.58884269	0.58884269	0	0	0.8031702638	0.7083297968	0.834171772	1.093613982
882	0.5833216906	0.5833216906	0	0	0.8118582964	0.719443202	0.8428241014	1.093550801
883	0.5403697491	0.5403697491	0	0	0.8102176189	0.718747437	0.8422057629	1.093536615
884	0.5550783873	0.5550783873	0	0	0.8071030974	0.7145674825	0.8385590315	1.093502045
885	0.5667365789	0.5667365789	0	0	0.8028185964	0.7096694708	0.8373196721	1.093387365
886	0.627699554	0.627699554	0	0	0.7991700768	0.7038879395	0.8298951983	1.093365908
887	0.6356381178	0.6356381178	0	0	0.7997686267	0.7036551833	0.8300961256	1.093433976
888	0.6475291252	0.6475291252	0	0	0.8006349206	0.7049516439	0.830305934	1.093520164
889	0.6069616079	0.6069616079	0	0	0.8001651764	0.705301404	0.832169652	1.093557358
890	0.5914424062	0.5914424062	0	0	0.8055361509	0.7138736248	0.8394168019	1.093507528
891	0.5569438338	0.5569438338	0	0	0.8114653826	0.7209162712	0.8443373442	1.093543053
892	0.5562690496	0.5562690496	0	0	0.8145337105	0.7225466967	0.8458946943	1.09359622
893	0.5339897871	0.5339897871	0	0	0.8156040907	0.7212254405	0.8436903358	1.093530416
894	0.596632123	0.596632123	0	0	0.8090583086	0.7126984596	0.8362193108	1.093501091
895	0.5943625569	0.5943625569	0	0	0.8025483489	0.7061612606	0.8314229846	1.093488693
896	0.6153399348	0.6153399348	0	0	0.8017960787	0.7060627937	0.8302938342	1.093535423
897	0.544028163	0.544028163	0	0	0.8009661436	0.7064938545	0.8327305913	1.093641043
898	0.5407805443	0.5407805443	0	0	0.8143901825	0.7228413224	0.8465194702	1.093593836
899	0.5309371352	0.5309371352	0	0	0.8175772429	0.7275881767	0.8504313231	1.093596935
900	0.5393401384	0.5393401384	0	0	0.8218843341	0.7311656475	0.8538452387	1.093720317
901	0.5536001325	0.5536001325	0	0	0.8147084117	0.7221487761	0.847522378	1.093618631
902	0.6277703643	0.6277703643	0	0	0.811993897	0.7171629667	0.8427432179	1.093572855
903	0.5918304324	0.5918304324	0	0	0.8094172478	0.7143045068	0.8398664594	1.093542695
904	0.5869477987	0.5869477987	0	0	0.8133772612	0.7186257839	0.8425239325	1.093605042
905	0.5565962791	0.5565962791	0	0	0.8072068095	0.712896049	0.8397414684	1.093693852
906	0.5478132963	0.5478132963	0	0	0.8157821894	0.7240301967	0.8498574495	1.093724132
907	0.5509642363	0.5509642363	0	0	0.8184850812	0.7280026674	0.8522695899	1.09378314
908	0.5601710081	0.5601710081	0	0	0.8180824518	0.7275769711	0.8520155549	1.093825698
909	0.5915190578	0.5915190578	0	0	0.8100584149	0.717538178	0.8439084291	1.09372735
910	0.6079063416	0.6079063416	0	0	0.8142756224	0.7194722295	0.8437708616	1.093691826
911	0.578128159	0.578128159	0	0	0.8072995543	0.7120150924	0.8391161561	1.093625426
912	0.5886181593	0.5886181593	0	0	0.8069900274	0.7117789388	0.8375301361	1.093622923
913	0.5477427244	0.5477427244	0	0	0.8073303699	0.712680161	0.8401579857	1.09374404
914	0.5518401861	0.5518401861	0	0	0.8180864453	0.7260316014	0.8508274555	1.093699098
915	0.5461346507	0.5461346507	0	0	0.8230954409	0.7322064638	0.8548947573	1.093804002
916	0.535818398	0.535818398	0	0	0.8115285039	0.7210724354	0.8487012982	1.09387362
917	0.5236693025	0.5236693025	0	0	0.8089514375	0.7161642909	0.8441711664	1.093917251
918	0.5519220233	0.5519220233	0	0	0.8057218194	0.7107112408	0.8393746614	1.093654275
919	0.5280678868	0.5280678868	0	0	0.8086500764	0.7124009728	0.8390343189	1.093654037
920	0.5297812223	0.5297812223	0	0	0.7986705303	0.7021222115	0.8315629363	1.093659043
921	0.5303126574	0.5303126574	0	0	0.8012887836	0.7071714997	0.8380244374	1.093810439
922	0.5624397993	0.5624397993	0	0	0.8087586164	0.7170543671	0.8451037407	1.093657136
923	0.5787331462	0.5787331462	0	0	0.8304094672	0.7394887209	0.8584103584	1.093708396
924	0.5718730092	0.5718730092	0	0	0.8273710608	0.7368255854	0.858053863	1.093754768
925	0.7385134101	0.7385134101	0	0	0.8061078191	0.7094789743	0.8342890739	1.093724251
926	0.6669136882	0.6669136882	0	0	0.7981393933	0.7003919482	0.8290387392	1.093620539
927	0.6227743626	0.6227743626	0	0	0.8016180992	0.7046550512	0.8333727717	1.093691349
928	0.653537035	0.653537035	0	0	0.8118416071	0.7159276605	0.8404497504	1.093699813
929	0.6306717992	0.6306717992	0	0	0.802883029	0.7094741464	0.8391683698	1.093817353
930	0.630099833	0.630099833	0	0	0.8090263605	0.719637394	0.8487078547	1.09382987
931	0.6198965907	0.6198965907	0	0	0.8115262389	0.7232824564	0.8512045741	1.093871117
932	0.6391333342	0.6391333342	0	0	0.8059603572	0.7164655328	0.8469857574	1.093939543
933	0.6404365897	0.6404365897	0	0	0.8020701408	0.7106742263	0.8410670757	1.093946695
934	0.6139384508	0.6139384508	0	0	0.8001480103	0.7063040137	0.8368400335	1.093773365
935	0.5889369249	0.5889369249	0	0	0.8028595448	0.7086745501	0.839034915	1.093770742
936	0.5652834773	0.5652834773	0	0	0.7995917201	0.7059245706	0.8373327851	1.093833089
937	0.5579224825	0.5579224825	0	0	0.7924636602	0.6992816925	0.8333253264	1.09388876
938	0.6146270633	0.6146270633	0	0	0.7921364307	0.7021883726	0.8373827934	1.093808889
939	0.605512917	0.605512917	0	0	0.7936905622	0.7039757967	0.8379337788	1.093893051
940	0.6541512012	0.6541512012	0	0	0.7891371846	0.6995590925	0.8361980915	1.09390378
941	0.6013028026	0.6013028026	0	0	0.7911248803	0.700296402	0.8349345326	1.093850136
942	0.5440582633	0.5440582633	0	0	0.7873309255	0.6933785677	0.8290748596	1.093783021
943	0.5467174053	0.5467174053	0	0	0.7911555171	0.6972843409	0.8326668739	1.093821168
944	0.5247355103	0.5247355103	0	0	0.7907040119	0.6969682574	0.8318986297	1.093818069
945	0.5395559669	0.5395559669	0	0	0.7872898579	0.6943785548	0.8305575252	1.09389472
946	0.6039370298	0.6039370298	0	0	0.7958517671	0.7066804171	0.8416804075	1.093823791
947	0.6370570064	0.6370570064	0	0	0.7997059822	0.7124390602	0.845495224	1.093875408
948	0.6600993872	0.6600993872	0	0	0.7887973785	0.7005928755	0.8377529383	1.093947649
949	0.5951828957	0.5951828957	0	0	0.7917197943	0.7010117769	0.8353678584	1.093907595
950	0.5629482269	0.5629482269	0	0	0.7845605016	0.6907343268	0.8270115852	1.093763113
951	0.5911594033	0.5911594033	0	0	0.7801945806	0.6866436005	0.8234257698	1.093800902
952	0.5937750936	0.5937750936	0	0	0.786808908	0.6945320368	0.8302233815	1.093856454
953	0.6573189497	0.6573189497	0	0	0.784471035	0.6942594051	0.8322042823	1.093896985
954	0.6908162236	0.6908162236	0	0	0.7979655266	0.7099152207	0.8440638185	1.09387207
955	0.6491855979	0.6491855979	0	0	0.801341176	0.7137681246	0.8459002376	1.093862772
956	0.7030959725	0.7030959725	0	0	0.7899516821	0.7017530203	0.8382750154	1.09389174
957	0.6453973651	0.6453973651	0	0	0.7910705805	0.7011102438	0.835601151	1.093867302
958	0.6241379976	0.6241379976	0	0	0.7882867455	0.6959189177	0.8313640356	1.093740225
959	0.6199421883	0.6199421883	0	0	0.7905985713	0.6989351511	0.8342964649	1.093723893
960	0.6226992607	0.6226992607	0	0	0.7931771278	0.7021687627	0.8371737599	1.093783021
961	0.6333097816	0.6333097816	0	0	0.7918104529	0.7007172704	0.8361537457	1.093838573
962	0.6380831003	0.6380831003	0	0	0.8031258583	0.7146750093	0.8466387391	1.093790412
963	0.6475818157	0.6475818157	0	0	0.803504467	0.716321528	0.8475081921	1.093774557
964	0.6923772693	0.6923772693	0	0	0.7980343103	0.7108029127	0.8444447517	1.093881249
965	0.6167313457	0.6167313457	0	0	0.7983727455	0.70868361	0.8409972191	1.093782425
966	0.6003318429	0.6003318429	0	0	0.7907255888	0.6991454363	0.8340559602	1.093701601
967	0.5955391526	0.5955391526	0	0	0.7933200598	0.7005668879	0.8338615894	1.093684793
968	0.5849411488	0.5849411488	0	0	0.792615056	0.6999201775	0.83359164	1.093760371
969	0.6276945472	0.6276945472	0	0	0.7890734673	0.6971346736	0.8330278993	1.093884945
970	0.630120039	0.630120039	0	0	0.8052947521	0.7168533802	0.8480838537	1.09381783
971	0.5808799267	0.5808799267	0	0	0.8078910112	0.7201817632	0.8487576246	1.093794465
972	0.5518592	0.5518592	0	0	0.7993046045	0.7098565102	0.839276433	1.093814969
973	0.519785583	0.519785583	0	0	0.7908366919	0.696772635	0.8272752166	1.093724966
974	0.512075305	0.512075305	0	0	0.7886486053	0.6953078508	0.8291171789	1.09354341
975	0.5036011934	0.5036011934	0	0	0.7914701104	0.6986697912	0.8310559392	1.093701482
976	0.5144101381	0.5144101381	0	0	0.7928296328	0.7001079917	0.8316597939	1.093751669
977	0.4940547943	0.4940547943	0	0	0.7977317572	0.7052677274	0.8343486786	1.093777776
978	0.5394315124	0.5394315124	0	0	0.8043858409	0.7159560323	0.8455479741	1.093735337
979	0.5317261815	0.5317261815	0	0	0.8032224774	0.7153083682	0.8450898528	1.093782187
980	0.5911182165	0.5911182165	0	0	0.7948893309	0.7064341307	0.8392235041	1.093733072
981	0.5201726556	0.5201726556	0	0	0.7945240736	0.7027683854	0.8334656954	1.093754292
982	0.5249080062	0.5249080062	0	0	0.7886779308	0.6964792609	0.8299304247	1.093570709
983	0.5301482081	0.5301482081	0	0	0.7911227942	0.6990206838	0.8321785927	1.093652129
984	0.4826233387	0.4826233387	0	0	0.7969420552	0.7042890787	0.8360970616	1.093644381
985	0.4642033279	0.4642033279	0	0	0.8021025658	0.708933413	0.8383190632	1.093786716
986	0.5064130425	0.5064130425	0	0	0.80845505	0.7195937037	0.8480557799	1.093687296
987	0.5077821612	0.5077821612	0	0	0.8075367212	0.7196715474	0.8475037813	1.093759298
988	0.5601593256	0.5601593256	0	0	0.7997820973	0.7117112875	0.8437460661	1.093742609
989	0.4897323847	0.4897323847	0	0	0.8027872443	0.7120505571	0.8416389227	1.093826175
990	0.5156756043	0.5156756043	0	0	0.7923394442	0.7006267309	0.8349716663	1.093703032
991	0.5061286092	0.5061286092	0	0	0.7969121337	0.7051213384	0.8370094299	1.093760848
992	0.4806750119	0.4806750119	0	0	0.7964787483	0.703810513	0.8361746669	1.093688607
993	0.5046261549	0.5046261549	0	0	0.7975701094	0.7055876255	0.8384024501	1.093894243
994	0.5243776441	0.5243776441	0	0	0.8058376312	0.7169488072	0.8472207189	1.093691111
995	0.5400623083	0.5400623083	0	0	0.8108667731	0.7231041789	0.8502340913	1.093621612
996	0.615623951	0.615623951	0	0	0.8023709059	0.7135220766	0.8441666961	1.093706846
997	0.583430171	0.583430171	0	0	0.8040036559	0.7119392157	0.8405892253	1.093698263
998	0.6200993657	0.6200993657	0	0	0.796253562	0.7027882338	0.8350767493	1.09347856
999	0.5931403041	0.5931403041	0	0	0.8033592701	0.7101337314	0.8388604522	1.093568206
1000	0.6063217521	0.6063217521	0	0	0.8059660792	0.7131968141	0.8413205147	1.093546152
1001	0.6243475676	0.6243475676	0	0	0.8018956184	0.7096068263	0.8403651118	1.093722939
1002	0.6321994066	0.6321994066	0	0	0.810323596	0.7205532789	0.8483393788	1.093568087
1003	0.6493814588	0.6493814588	0	0	0.8115787506	0.7242797017	0.8522049785	1.093631029
1004	0.6523543	0.6523543	0	0	0.8077942729	0.7194567919	0.8486554027	1.093660831
1005	0.6486901641	0.6486901641	0	0	0.804176867	0.7128561735	0.8417658806	1.093648672
1006	0.6222645044	0.6222645044	0	0	0.8024468422	0.709831357	0.8409690857	1.093405485
1007	0.5921118855	0.5921118855	0	0	0.8114930391	0.7175232768	0.843559742	1.093393564
1008	0.5859546661	0.5859546661	0	0	0.810587585	0.7172487974	0.845156014	1.093502522
1009	0.6249889731	0.6249889731	0	0	0.8087722063	0.7154554725	0.8444109559	1.09363389
1010	0.6201726198	0.6201726198	0	0	0.8161936998	0.7258957624	0.8525421619	1.093574286
1011	0.6200650334	0.6200650334	0	0	0.8202710152	0.7315478325	0.8564150929	1.093669534
1012	0.6605658531	0.6605658531	0	0	0.8146776557	0.7259870768	0.8530150652	1.093777299
1013	0.6666077971	0.6666077971	0	0	0.8132928014	0.7218612432	0.8484686613	1.093849182
1014	0.6627041698	0.6627041698	0	0	0.8018139601	0.7093659639	0.8418901563	1.09373033
1015	0.6392095685	0.6392095685	0	0	0.8075573444	0.7144601941	0.8439389467	1.093634605
1016	0.6575824022	0.6575824022	0	0	0.8019888997	0.7081198692	0.8398455381	1.093657494
1017	0.6721392274	0.6721392274	0	0	0.8063387275	0.7127817869	0.842877686	1.093843222
1018	0.6365097165	0.6365097165	0	0	0.8191545606	0.7280905843	0.8529065251	1.093549132
1019	0.6410952806	0.6410952806	0	0	0.8176552653	0.7274235487	0.8514137268	1.093454957
1020	0.6605228782	0.6605228782	0	0	0.8104428649	0.7193671465	0.8457744122	1.093516707
1021	0.6535321474	0.6535321474	0	0	0.809325695	0.7143856883	0.8404639959	1.093581319
1022	0.6731617451	0.6731617451	0	0	0.8010385633	0.7054877281	0.8346831203	1.093409657
1023	0.6751551032	0.6751551032	0	0	0.8103063703	0.7149984837	0.8396453857	1.093445659
1024	0.6772373319	0.6772373319	0	0	0.8088871837	0.71312958	0.8384676576	1.093491316
1025	0.6701337099	0.6701337099	0	0	0.813985467	0.7186322808	0.8416814208	1.093586087
1026	0.6469436884	0.6469436884	0	0	0.8172208071	0.7246069312	0.846724391	1.093435287
1027	0.6600137949	0.6600137949	0	0	0.8188508153	0.7281758189	0.8518125415	1.093472481
1028	0.6595910192	0.6595910192	0	0	0.814311862	0.7230524421	0.8481535912	1.093537688
1029	0.6951221228	0.6951221228	0	0	0.8165181279	0.7230340242	0.84673208	1.093515038
1030	0.6492736936	0.6492736936	0	0	0.810387373	0.7164824605	0.8427743316	1.09342289
1031	0.6511716843	0.6511716843	0	0	0.8124670982	0.7183684707	0.8428009748	1.093422771
1032	0.6501640677	0.6501640677	0	0	0.8077170849	0.7131007314	0.839554131	1.093457341
1033	0.6832133532	0.6832133532	0	0	0.8132995367	0.7183394432	0.8419697881	1.093626618
1034	0.6626967788	0.6626967788	0	0	0.8144634962	0.7225792408	0.845046699	1.093473315
1035	0.6619274616	0.6619274616	0	0	0.8158763647	0.7256445885	0.8488599658	1.093549967
1036	0.6648566127	0.6648566127	0	0	0.8108922243	0.7195473909	0.8442552686	1.093544364
1037	0.6844014525	0.6844014525	0	0	0.8204835057	0.7277123332	0.8504089117	1.093697906
1038	0.6511683464	0.6511683464	0	0	0.8084373474	0.7149240375	0.841755271	1.093584418
1039	0.6459485888	0.6459485888	0	0	0.812461853	0.718479991	0.8425062895	1.093512893
1040	0.6400232911	0.6400232911	0	0	0.8045318127	0.7095636129	0.8347492218	1.093512297
1041	0.6566091776	0.6566091776	0	0	0.8092744946	0.7146129608	0.8401232958	1.093705177
1042	0.6565386057	0.6565386057	0	0	0.8171948791	0.7256057858	0.8466125727	1.093443871
1043	0.6731514931	0.6731514931	0	0	0.8179501891	0.7266100645	0.8463996649	1.093383551
1044	0.6724600196	0.6724600196	0	0	0.8131991625	0.721848011	0.843147397	1.093418002
1045	0.7184478641	0.7184478641	0	0	0.8206658363	0.7268878222	0.8472073674	1.09347105
1046	0.7104996443	0.7104996443	0	0	0.8045675159	0.7097160816	0.8360472918	1.093338609
1047	0.7096052766	0.7096052766	0	0	0.8092182875	0.7130059004	0.8362169862	1.093412042
1048	0.7343083024	0.7343083024	0	0	0.8116123676	0.715272963	0.836972177	1.093464494
1049	0.7136152387	0.7136152387	0	0	0.8110121489	0.7150480151	0.836861372	1.093662739
1050	0.6983036995	0.6983036995	0	0	0.8151946068	0.7222693563	0.8428336382	1.093450189
1051	0.6990166903	0.6990166903	0	0	0.8168959022	0.7257383466	0.8478650451	1.093496084
1052	0.7237366438	0.7237366438	0	0	0.8127413988	0.7206102014	0.8433903456	1.093399882
1053	0.7511402369	0.7511402369	0	0	0.8148010969	0.7198511958	0.8408648372	1.093514442
1054	0.6984351277	0.6984351277	0	0	0.8019317389	0.7066491246	0.8328586817	1.093418717
1055	0.7107030153	0.7107030153	0	0	0.8064774275	0.7108440995	0.834546566	1.093470216
1056	0.7131982446	0.7131982446	0	0	0.8040790558	0.7081540227	0.8329048157	1.093488574
1057	0.7520949841	0.7520949841	0	0	0.8075268865	0.7111722231	0.833787024	1.093667746
1058	0.7499808073	0.7499808073	0	0	0.8148200512	0.7232124805	0.8443416357	1.093393207
1059	0.7843394279	0.7843394279	0	0	0.8177989721	0.7263880968	0.8469974995	1.093514323
1060	0.7843270302	0.7843270302	0	0	0.8112269044	0.7194548845	0.8429547548	1.09354353
1061	0.8537166119	0.8537166119	0	0	0.8114157915	0.7165566087	0.8394052386	1.093664646
1062	0.7841769457	0.7841769457	0	0	0.8048207164	0.7102848887	0.8372639418	1.093533516
1063	0.8237048388	0.8237048388	0	0	0.8041070104	0.7092331648	0.8340308666	1.09348309
1064	0.8336483836	0.8336483836	0	0	0.7991856933	0.7035641074	0.8297302723	1.093579292
1065	0.8523363471	0.8523363471	0	0	0.8047271967	0.7088923454	0.8339241743	1.09373498
1066	0.8570027947	0.8570027947	0	0	0.8100598454	0.7183794379	0.8414335847	1.093573213
1067	0.8792043328	0.8792043328	0	0	0.811635077	0.72133708	0.8453728557	1.093544245
1068	0.8966614604	0.8966614604	0	0	0.8087210655	0.7183852792	0.8434836268	1.093528748
1069	0.9665414691	0.9665414691	0	0	0.8141292334	0.7215455174	0.8464118242	1.093710899
1070	0.9374789	0.9374789	0	0	0.8083500862	0.7150369287	0.8419196606	1.093530893
1071	0.9606741071	0.9606741071	0	0	0.8084956408	0.714625895	0.8404844403	1.093553066
1072	0.9655359983	0.9655359983	0	0	0.8107327223	0.7165010571	0.841178596	1.09360671
1073	0.9906678796	0.9906678796	0	0	0.8152772784	0.7211435437	0.844450891	1.093709707
1074	0.9805384874	0.9805384874	0	0	0.8145393133	0.7231683731	0.8464731574	1.09360981
1075	0.996199131	0.996199131	0	0	0.8117960691	0.7217361331	0.8463888764	1.093631268
1076	1.027819633	1.027819633	0	0	0.8123156428	0.7212951183	0.8460195661	1.093558311
1077	1.042583466	1.042583466	0	0	0.8113667369	0.7181025743	0.8433173299	1.093741417
1078	0.9940451384	0.9940451384	0	0	0.8078644276	0.7140956521	0.8422587514	1.093535542
1079	1.009888411	1.009888411	0	0	0.8088564277	0.7144452929	0.8398962617	1.093549609
1080	0.9829803705	0.9829803705	0	0	0.8064363599	0.711427927	0.8360872865	1.093598366
1081	1.007752061	1.007752061	0	0	0.8114880323	0.7165281773	0.8416619301	1.093720078
1082	1.00549674	1.00549674	0	0	0.8079276085	0.7158671618	0.8417747021	1.093577027
1083	1.016054749	1.016054749	0	0	0.8140291572	0.7236927748	0.8470894694	1.093630075
1084	1.005449891	1.005449891	0	0	0.8142645955	0.7231858373	0.8479267359	1.093589664
1085	1.076240301	1.076240301	0	0	0.8148382306	0.7215140462	0.8459977508	1.093816161
1086	1.062216043	1.062216043	0	0	0.811815083	0.7169026136	0.843125999	1.093611121
1087	1.016290188	1.016290188	0	0	0.8100762367	0.7154572606	0.8406609297	1.093618274
1088	0.9917624593	0.9917624593	0	0	0.8065000176	0.7111925483	0.8366528749	1.093633413
1089	1.01422596	1.01422596	0	0	0.8146220446	0.7204858661	0.8457315564	1.093823433
1090	1.024102211	1.024102211	0	0	0.8177192211	0.7252656221	0.8450199366	1.093550205
1091	1.027018547	1.027018547	0	0	0.8140192628	0.7209439278	0.8414903283	1.093545914
1092	0.9808921814	0.9808921814	0	0	0.8125539422	0.7190151811	0.8405835032	1.093394279
1093	1.005719304	1.005719304	0	0	0.8143487573	0.7190145254	0.8403145671	1.093526244
1094	0.9844700694	0.9844700694	0	0	0.810317874	0.7132540345	0.8365582824	1.093476534
1095	0.9411640167	0.9411640167	0	0	0.8030756116	0.7067020535	0.8324383497	1.093534708
1096	0.9664748311	0.9664748311	0	0	0.8041869402	0.7073447108	0.8314992785	1.093629599
1097	0.9397386909	0.9397386909	0	0	0.801469624	0.7053611875	0.8308757544	1.093684554
1098	0.9539836645	0.9539836645	0	0	0.8212526441	0.7298223972	0.848362267	1.093464851
1099	0.955380559	0.955380559	0	0	0.8229231834	0.7319272757	0.8513604403	1.093508363
1100	0.9872812629	0.9872812629	0	0	0.8214845061	0.7292885184	0.8499323726	1.093495727
1101	0.951615572	0.951615572	0	0	0.8147494197	0.720848918	0.8443498015	1.093558669
1102	0.9768056273	0.9768056273	0	0	0.8116503358	0.7150456905	0.8383260369	1.09348774
1103	0.9483682513	0.9483682513	0	0	0.8075968623	0.7114117742	0.8348683715	1.093451142
1104	0.9433301091	0.9433301091	0	0	0.8083785176	0.7136498094	0.8379772902	1.093640924
1105	0.9350891113	0.9350891113	0	0	0.802734673	0.7073022127	0.8333525658	1.093691826
1106	0.9211847186	0.9211847186	0	0	0.8075860143	0.7151697874	0.8403554559	1.093594551
1107	0.931093514	0.931093514	0	0	0.8071876764	0.7153032422	0.8406624794	1.093647599
1108	0.9419233203	0.9419233203	0	0	0.8004524708	0.7079486847	0.835395813	1.093650937
1109	0.9468342066	0.9468342066	0	0	0.795593977	0.7008074522	0.8297665715	1.093751669
1110	0.9262946844	0.9262946844	0	0	0.7936840057	0.698636353	0.8286675811	1.093588352
1111	0.942073822	0.942073822	0	0	0.7960525751	0.699557066	0.8268581629	1.093522668
1112	0.9202145338	0.9202145338	0	0	0.787797451	0.691008091	0.820340991	1.093654394
1113	0.8989164233	0.8989164233	0	0	0.8049385548	0.7103475928	0.8387343884	1.093791723
1114	0.9149693847	0.9149693847	0	0	0.8078854084	0.7157353759	0.8399527669	1.093534589
1115	0.9371660948	0.9371660948	0	0	0.8098290563	0.7174400091	0.8408503532	1.093538523
1116	0.9004967213	0.9004967213	0	0	0.8017895222	0.7068293095	0.8332124352	1.093506813
1117	0.886893034	0.886893034	0	0	0.805308044	0.7095028758	0.8349481225	1.093518496
1118	0.833473742	0.833473742	0	0	0.7911621928	0.6924134493	0.8221756816	1.093527436
1119	0.8015810847	0.8015810847	0	0	0.7901784182	0.6924722791	0.8214570284	1.093536019
1120	0.8660321236	0.8660321236	0	0	0.7995793223	0.7019723654	0.8277905583	1.093613982
1121	0.8032125831	0.8032125831	0	0	0.8066491485	0.7113421559	0.8367739916	1.093713164
1122	0.7909216881	0.7909216881	0	0	0.8089032173	0.716311276	0.8407208323	1.093531966
1123	0.7909758687	0.7909758687	0	0	0.8088837862	0.7170584202	0.8420985341	1.093504667
1124	0.7839838862	0.7839838862	0	0	0.8017792702	0.7087551951	0.8354025483	1.0935359
1125	0.7737463117	0.7737463117	0	0	0.7976471186	0.7033955455	0.8319783807	1.093530774
1126	0.7724540234	0.7724540234	0	0	0.7930834889	0.6971803308	0.8272638917	1.093428373
1127	0.8209414482	0.8209414482	0	0	0.798602581	0.70255059	0.8284472227	1.093389988
1128	0.832228899	0.832228899	0	0	0.8012476563	0.7055622935	0.8318980336	1.093555212
1129	0.8002848029	0.8002848029	0	0	0.8097699285	0.7155041695	0.841121316	1.093624115
1130	0.7906409502	0.7906409502	0	0	0.8089113832	0.7170235515	0.843132019	1.093527079
1131	0.8047644496	0.8047644496	0	0	0.8136487007	0.722620368	0.8469039202	1.093615413
1132	0.7787733674	0.7787733674	0	0	0.8021988869	0.7100359797	0.8378511071	1.093629718
1133	0.7940904498	0.7940904498	0	0	0.8048383594	0.7122612	0.8396113515	1.093562245
1134	0.7898427248	0.7898427248	0	0	0.7930214405	0.6975900531	0.8285763264	1.093597174
1135	0.8231263757	0.8231263757	0	0	0.8000141978	0.7043673396	0.8318291903	1.093578935
1136	0.8675259948	0.8675259948	0	0	0.7972688079	0.7012909055	0.8290104866	1.093610764
1137	0.8318417668	0.8318417668	0	0	0.8071843982	0.7132613659	0.8398686647	1.093750596
1138	0.8740135431	0.8740135431	0	0	0.8073975444	0.7156262994	0.8398377299	1.093548656
1139	0.8610311151	0.8610311151	0	0	0.8110122681	0.7196825743	0.8429008722	1.093519568
1140	0.8363080025	0.8363080025	0	0	0.8116548657	0.7195394635	0.8439632654	1.093496799
1141	0.8309985399	0.8309985399	0	0	0.802818954	0.707408905	0.8333827257	1.093403339
1142	0.7939793468	0.7939793468	0	0	0.7912365794	0.6938697696	0.8235632777	1.093439698
1143	0.7986023426	0.7986023426	0	0	0.7917987108	0.6947225332	0.8232882619	1.093492389
1144	0.9104432464	0.9104432464	0	0	0.7985522747	0.7015024424	0.8271905184	1.093572497
1145	0.8207709789	0.8207709789	0	0	0.8055078387	0.7107399702	0.8358435035	1.093651772
1146	0.7959140539	0.7959140539	0	0	0.807027936	0.7150207162	0.8384642601	1.093498945
1147	0.7726490498	0.7726490498	0	0	0.8130198121	0.7218860388	0.8433990479	1.093466878
1148	0.7239376307	0.7239376307	0	0	0.8088936806	0.7175148726	0.8423808813	1.093415856
1149	0.7306363583	0.7306363583	0	0	0.8040185571	0.7107195854	0.8371632695	1.093487501
1150	0.7495141029	0.7495141029	0	0	0.7956871986	0.699829936	0.8284036517	1.093445897
1151	0.778585732	0.778585732	0	0	0.7972932458	0.7013688684	0.8279907703	1.093530774
1152	0.8332709074	0.8332709074	0	0	0.8000644445	0.7038254142	0.8297219872	1.093616843
1153	0.7338677645	0.7338677645	0	0	0.7900185585	0.6946142316	0.8257803321	1.09363544
1154	0.7156802416	0.7156802416	0	0	0.7867949605	0.6932442784	0.8231415749	1.09350574
1155	0.6989511251	0.6989511251	0	0	0.7907446623	0.699005723	0.8279798627	1.093549848
1156	0.6503136754	0.6503136754	0	0	0.7864494324	0.6943523288	0.8267477751	1.093546271
1157	0.6551693678	0.6551693678	0	0	0.7836408019	0.6897028685	0.822037816	1.093548775
1158	0.6492342949	0.6492342949	0	0	0.7724810243	0.6767357588	0.8125660419	1.093623996
1159	0.6511520743	0.6511520743	0	0	0.7737725377	0.6769244671	0.8100970387	1.093541861
1160	0.7016820312	0.7016820312	0	0	0.7768206596	0.6792770028	0.8112890124	1.093602061
1161	0.6728318334	0.6728318334	0	0	0.7872725725	0.6925151944	0.8253155947	1.093661308
1162	0.6976294518	0.6976294518	0	0	0.7959139943	0.7027335167	0.8293095827	1.093423605
1163	0.6933043599	0.6933043599	0	0	0.7908245921	0.6982842684	0.8264500499	1.093334913
1164	0.6652237177	0.6652237177	0	0	0.7959010005	0.7035216689	0.8307605982	1.093367934
1165	0.6671161056	0.6671161056	0	0	0.7906776667	0.6949152946	0.8235246539	1.093431473
1166	0.6710084081	0.6710084081	0	0	0.7794601917	0.6818159819	0.8136866689	1.093433261
1167	0.7198280096	0.7198280096	0	0	0.7815148234	0.6832238436	0.8134394288	1.093424439
1168	0.8004053831	0.8004053831	0	0	0.7875576019	0.6888749003	0.8167518377	1.093518853
1169	0.6430572271	0.6430572271	0	0	0.7942732573	0.6973667145	0.8245409131	1.093543768
1170	0.6049841642	0.6049841642	0	0	0.7969481945	0.7019162774	0.8270863295	1.093387842
1171	0.5926879048	0.5926879048	0	0	0.7927891016	0.6985425949	0.8259920478	1.093371391
1172	0.5400208235	0.5400208235	0	0	0.795936048	0.7016516924	0.8279541731	1.093326926
1173	0.523750484	0.523750484	0	0	0.7924355865	0.696875453	0.8242383003	1.093366623
1174	0.5381957293	0.5381957293	0	0	0.7865049243	0.6892328262	0.818185091	1.093335867
1175	0.6318446398	0.6318446398	0	0	0.7945038676	0.6954693794	0.8200999498	1.093381643
1176	0.6987892389	0.6987892389	0	0	0.7973112464	0.6975651383	0.8213473558	1.093448162
1177	0.6054009795	0.6054009795	0	0	0.7974697948	0.7010378838	0.8274172544	1.093516111
1178	0.556740284	0.556740284	0	0	0.8045535088	0.7110873461	0.8348693848	1.093417645
1179	0.5607844591	0.5607844591	0	0	0.8043200374	0.7117406726	0.8364108205	1.093483925
1180	0.50881356	0.50881356	0	0	0.8048468232	0.713078022	0.8379735351	1.093473792
1181	0.5099902153	0.5099902153	0	0	0.8000840545	0.7062010169	0.8325196505	1.093554258
1182	0.5359857678	0.5359857678	0	0	0.7885840535	0.6925433874	0.8223965764	1.093533039
1183	0.6069924235	0.6069924235	0	0	0.7904755473	0.6924862862	0.81981951	1.093460798
1184	0.5998627543	0.5998627543	0	0	0.7868016362	0.687556386	0.8161116838	1.093486309
1185	0.5003324151	0.5003324151	0	0	0.7949100733	0.6978393793	0.8260568976	1.093640804
1186	0.4763844013	0.4763844013	0	0	0.8087563515	0.7154042125	0.83931005	1.09345758
1187	0.5356975794	0.5356975794	0	0	0.8097792864	0.7173138857	0.8410282135	1.093405485
1188	0.4922497272	0.4922497272	0	0	0.8079861999	0.7164410353	0.8410012126	1.09329164
1189	0.5013127327	0.5013127327	0	0	0.8051338196	0.7106381655	0.8357146978	1.093377948
1190	0.4846409857	0.4846409857	0	0	0.7933805585	0.6961160302	0.8253385425	1.093388915
1191	0.5239703059	0.5239703059	0	0	0.7933506966	0.6962674856	0.8246133924	1.093458414
1192	0.6382035017	0.6382035017	0	0	0.7991765141	0.700386703	0.8261628151	1.093532801
1193	0.4937717915	0.4937717915	0	0	0.7990348339	0.702293694	0.8294202089	1.093589306
1194	0.3578345478	0.3578345478	0	0	0.8065603971	0.7136092186	0.8385723829	1.093426108
1195	0.3941028118	0.3941028118	0	0	0.8059643507	0.7130001783	0.8382576704	1.093406439
1196	0.3819320798	0.3819320798	0	0	0.8057231903	0.7129713893	0.8382617235	1.093326449
1197	0.3793818057	0.3793818057	0	0	0.8038481474	0.70937711	0.8355183601	1.093314528
1198	0.3934205472	0.3934205472	0	0	0.7945036292	0.6976644397	0.8252690434	1.093322754
1199	0.4678256214	0.4678256214	0	0	0.7962023616	0.6986682415	0.8246710896	1.093360305
1200	0.4861489236	0.4861489236	0	0	0.7973505855	0.6993803382	0.8257578611	1.093409538
1201	0.4362606704	0.4362606704	0	0	0.8017853498	0.7052006721	0.8305690289	1.093465686
1202	0.3706421256	0.3706421256	0	0	0.8136853576	0.7207994461	0.8423252106	1.093405604
1203	0.4013923407	0.4013923407	0	0	0.8155124187	0.7231203914	0.8443573713	1.093430281
1204	0.3356945515	0.3356945515	0	0	0.8085218072	0.7156552672	0.8393832445	1.093319654
1205	0.3491418064	0.3491418064	0	0	0.8057082891	0.7113976479	0.8372443318	1.093445659
1206	0.3811445832	0.3811445832	0	0	0.7892813087	0.6922409534	0.8212829828	1.093494058
1207	0.4152960181	0.4152960181	0	0	0.7910532951	0.6929506063	0.8204355836	1.09345901
1208	0.4873403013	0.4873403013	0	0	0.7931580544	0.6948388219	0.8218058348	1.093480945
1209	0.414855361	0.414855361	0	0	0.8011242151	0.7058820128	0.8324955702	1.093599916
1210	0.3630372286	0.3630372286	0	0	0.8068940043	0.7148374319	0.8398672938	1.093461394
1211	0.3971244395	0.3971244395	0	0	0.8126654625	0.7213510871	0.8448118567	1.093500495
1212	0.4012940824	0.4012940824	0	0	0.8126140833	0.7215792537	0.8466650844	1.093470216
1213	0.4636381567	0.4636381567	0	0	0.8108639717	0.7182554603	0.8437740803	1.093411446
1214	0.5096747279	0.5096747279	0	0	0.8009831309	0.7047370076	0.833350122	1.09343946
1215	0.5595027208	0.5595027208	0	0	0.7980752587	0.7013378143	0.8294428587	1.09346652
1216	0.6020376682	0.6020376682	0	0	0.8006770611	0.7036956549	0.8299151659	1.093437076
1217	0.5584436059	0.5584436059	0	0	0.8102763295	0.7149866819	0.8397085071	1.093573213
1218	0.5142016411	0.5142016411	0	0	0.8190482259	0.7268819809	0.8492587805	1.093440413
1219	0.5129978657	0.5129978657	0	0	0.8182350397	0.7270354033	0.8509675264	1.093572736
1220	0.5311224461	0.5311224461	0	0	0.8169717193	0.7255908251	0.8511616588	1.093548536
1221	0.5482766628	0.5482766628	0	0	0.8135784864	0.7206170559	0.8466833234	1.093571544
1222	0.5505110621	0.5505110621	0	0	0.8021176457	0.7057130337	0.8331364393	1.093471527
1223	0.5791047215	0.5791047215	0	0	0.8035593629	0.7059525251	0.831150353	1.093445778
1224	0.5823699236	0.5823699236	0	0	0.8063582182	0.7091978788	0.8342623115	1.093408942
1225	0.5790739655	0.5790739655	0	0	0.8063576818	0.7106337547	0.8353071809	1.093533158
1226	0.5274907351	0.5274907351	0	0	0.8154146075	0.7234791517	0.847923398	1.093451858
1227	0.5525909662	0.5525909662	0	0	0.8160150647	0.7247582078	0.8495011926	1.093590021
1228	0.5351749063	0.5351749063	0	0	0.8144263029	0.7232288718	0.8496791124	1.093625188
1229	0.5641709566	0.5641709566	0	0	0.8170906305	0.7241027951	0.8486026525	1.093748689
1230	0.5777798891	0.5777798891	0	0	0.797724843	0.7001786828	0.8283340931	1.093658209
1231	0.5659195781	0.5659195781	0	0	0.7946462035	0.6971054077	0.8252951503	1.093537331
1232	0.5627108216	0.5627108216	0	0	0.7906159163	0.6928118467	0.8215031624	1.09351182
1233	0.519117713	0.519117713	0	0	0.8027364016	0.7071969509	0.8357802629	1.093667746
1234	0.5080171824	0.5080171824	0	0	0.8193895221	0.7272378206	0.8519948125	1.093591452
1235	0.5450100899	0.5450100899	0	0	0.8217307329	0.7307864428	0.8556560278	1.093704462
1236	0.5712006688	0.5712006688	0	0	0.8194316626	0.7292992473	0.854782939	1.093699098
1237	0.6344214678	0.6344214678	0	0	0.8199446797	0.7285246253	0.8531882167	1.093804002
1238	0.6728398204	0.6728398204	0	0	0.8080810308	0.7129509449	0.8415241241	1.093723536
1239	0.7064625025	0.7064625025	0	0	0.806208849	0.7105121613	0.8392803669	1.093696833
1240	0.7054768801	0.7054768801	0	0	0.8080348969	0.7119717598	0.8408369422	1.093614578
1241	0.7058230639	0.7058230639	0	0	0.8110791445	0.7169032693	0.8457270861	1.093802452
1242	0.7151118517	0.7151118517	0	0	0.8193799257	0.7284865379	0.8545473218	1.093720436
1243	0.7148955464	0.7148955464	0	0	0.8192710876	0.72822088	0.8538702726	1.093848944
1244	0.7188937664	0.7188937664	0	0	0.8164848089	0.7247647643	0.8505308032	1.093762517
1245	0.7311059237	0.7311059237	0	0	0.8117763996	0.7186291814	0.8446260095	1.093696356
1246	0.74679178	0.74679178	0	0	0.8041645885	0.7076098919	0.8349038363	1.093473554
1247	0.7328915596	0.7328915596	0	0	0.8042843938	0.7071999311	0.8347482085	1.093474388
1248	0.7128942013	0.7128942013	0	0	0.806461513	0.7098284364	0.8383440375	1.093479872
1249	0.7294992208	0.7294992208	0	0	0.817276895	0.7221207619	0.8469266295	1.093672037
1250	0.7237059474	0.7237059474	0	0	0.8242105842	0.7324175835	0.8553586006	1.093630433
1251	0.741314888	0.741314888	0	0	0.8258368373	0.7348738909	0.8573186994	1.093806505
1252	0.7329592109	0.7329592109	0	0	0.8201562166	0.7292470336	0.8541368842	1.093771577
1253	0.7682881951	0.7682881951	0	0	0.814196527	0.721129179	0.8466055989	1.093838692
1254	0.7589821815	0.7589821815	0	0	0.804048419	0.7075810432	0.8363779783	1.093799353
1255	0.7740195394	0.7740195394	0	0	0.8024683595	0.7052637339	0.8345319033	1.093737602
1256	0.7638315558	0.7638315558	0	0	0.8034566045	0.7061669827	0.8348940611	1.093648672
1257	0.7507551312	0.7507551312	0	0	0.8108254671	0.716817379	0.8445812464	1.093830228
1258	0.763798058	0.763798058	0	0	0.8197994232	0.728931725	0.8535860777	1.093826413
1259	0.7986004353	0.7986004353	0	0	0.8239316344	0.7338437438	0.8573372364	1.093939304
1260	0.8190321922	0.8190321922	0	0	0.8209443092	0.7312034369	0.8559192419	1.093875408
1261	0.8995657563	0.8995657563	0	0	0.818987608	0.7269695997	0.8512102962	1.093941569
1262	0.8932082653	0.8932082653	0	0	0.8097850084	0.7144936919	0.8419739008	1.093930721
1263	0.9415995479	0.9415995479	0	0	0.8070486188	0.7110697031	0.8391159773	1.093876243
1264	0.9324179292	0.9324179292	0	0	0.8131235838	0.7174804807	0.8441495299	1.093817353
1265	0.944846034	0.944846034	0	0	0.8137146235	0.7205156684	0.8483703136	1.093927264
1266	0.9616261721	0.9616261721	0	0	0.8236752748	0.7324925065	0.8562189937	1.093881011
1267	0.9752975702	0.9752975702	0	0	0.8211121559	0.729575336	0.854023993	1.093977451
1268	0.9841502905	0.9841502905	0	0	0.8175842762	0.7253507972	0.8504397869	1.093954325
1269	0.9659106731	0.9659106731	0	0	0.8146600127	0.7210022807	0.8456438184	1.09383893
1270	0.9924635291	0.9924635291	0	0	0.809530735	0.7128504515	0.8376002312	1.093721271
1271	1.010313272	1.010313272	0	0	0.8092643023	0.7116636634	0.8363106847	1.093710303
1272	0.9655137658	0.9655137658	0	0	0.809337914	0.7127455473	0.8390790224	1.093698859
1273	0.9825441241	0.9825441241	0	0	0.8132828474	0.7177996039	0.8434094191	1.093819022
1274	0.9963150024	0.9963150024	0	0	0.8261628747	0.7337213755	0.8547855616	1.093831658
1275	1.033457756	1.033457756	0	0	0.8238710761	0.7314132452	0.853407979	1.093960881
1276	1.036350965	1.036350965	0	0	0.8198502064	0.7273141146	0.8510737419	1.093981624
1277	1.03149271	1.03149271	0	0	0.8103729486	0.7162358165	0.8426226377	1.09392345
1278	1.045136809	1.045136809	0	0	0.8005955219	0.7039531469	0.8339396119	1.093950868
1279	1.068910003	1.068910003	0	0	0.8002610207	0.7029425502	0.8325888515	1.093822718
1280	1.024832964	1.024832964	0	0	0.8017004132	0.7046040297	0.8341526985	1.093848467
1281	1.019706607	1.019706607	0	0	0.8023875952	0.7074422836	0.8374215364	1.093960404
1282	1.052050591	1.052050591	0	0	0.8172194362	0.7255404592	0.8500712514	1.093935251
1283	1.13549149	1.13549149	0	0	0.8184824586	0.7279336452	0.8532871008	1.09396708
1284	1.179095387	1.179095387	0	0	0.8190265894	0.7282423377	0.852646172	1.093957663
1285	1.197675347	1.197675347	0	0	0.8135498762	0.7199814916	0.8453887105	1.09384954
1286	1.17733407	1.17733407	0	0	0.798017025	0.69952178	0.8281446099	1.093839884
1287	1.290806174	1.290806174	0	0	0.8007827997	0.7033619881	0.832945168	1.093754172
1288	1.259399176	1.259399176	0	0	0.8032749891	0.707511425	0.8371118903	1.09381032
1289	1.32714498	1.32714498	0	0	0.80598104	0.7112755775	0.8404010534	1.093907952
1290	1.331781626	1.331781626	0	0	0.8132435679	0.7206343412	0.8465513587	1.093943
1291	1.337410092	1.337410092	0	0	0.8153771758	0.7237296104	0.8496896029	1.094016075
1292	1.353504539	1.353504539	0	0	0.8128691316	0.7202911973	0.8463885784	1.093985677
1293	1.291969657	1.291969657	0	0	0.8072386384	0.7135720253	0.8409822583	1.093876362
1294	1.287679911	1.287679911	0	0	0.7986270189	0.7027693987	0.8325713873	1.093807459
1295	1.299200535	1.299200535	0	0	0.7992874384	0.7019579411	0.8314892054	1.093779683
1296	1.255618691	1.255618691	0	0	0.8012068868	0.7040135264	0.8334918022	1.093887925
1297	1.268153787	1.268153787	0	0	0.8002448082	0.7048998475	0.8363021612	1.093927383
1298	1.273876548	1.273876548	0	0	0.8067925572	0.7138771415	0.8426676989	1.093979716
1299	1.273102403	1.273102403	0	0	0.8069965839	0.7149197459	0.8436486125	1.094030619
1300	1.272437096	1.272437096	0	0	0.8120699525	0.7211325765	0.848344624	1.093992352
1301	1.262241364	1.262241364	0	0	0.8058081269	0.7121149302	0.8408045173	1.093937159
1302	1.207237482	1.207237482	0	0	0.7908139825	0.6945502162	0.8266861439	1.093963861
1303	1.226085901	1.226085901	0	0	0.787843883	0.6902325153	0.8230887651	1.093789816
1304	1.180241942	1.180241942	0	0	0.7825568914	0.6855932474	0.8207150698	1.093882322
1305	1.199620247	1.199620247	0	0	0.8012837172	0.7061629295	0.8371872902	1.093943
1306	1.075219989	1.075219989	0	0	0.8134589195	0.718816638	0.8419001698	1.093963504
1307	1.077211857	1.077211857	0	0	0.8055776954	0.709538579	0.8332690001	1.093946457
1308	1.068318844	1.068318844	0	0	0.8053584099	0.7095882297	0.8327416182	1.093901515
1309	1.09602356	1.09602356	0	0	0.8085842133	0.7106221914	0.8326045275	1.093882322
1310	1.114346623	1.114346623	0	0	0.7966005206	0.6963392496	0.8207364678	1.09389782
1311	1.090035796	1.090035796	0	0	0.7909221649	0.690572083	0.8175188899	1.093862534
1312	1.110310197	1.110310197	0	0	0.8013007045	0.7021345496	0.8261942863	1.093840361
1313	1.063020825	1.063020825	0	0	0.8097470403	0.7136375904	0.8374545574	1.093885899
1314	1.055815816	1.055815816	0	0	0.8140431643	0.7203625441	0.8433175087	1.093957901
1315	1.059304118	1.059304118	0	0	0.814117074	0.7216464281	0.8451865911	1.093951941
1316	1.05278182	1.05278182	0	0	0.8109909892	0.7188342214	0.8438078761	1.093980074
1317	1.063387513	1.063387513	0	0	0.8085273504	0.7144793272	0.8394690156	1.093927622
1318	1.062928438	1.062928438	0	0	0.8027576208	0.7063758969	0.832126081	1.093876004
1319	1.060233355	1.060233355	0	0	0.8039622307	0.7065912485	0.8320171833	1.093820333
1320	1.035364747	1.035364747	0	0	0.8025128245	0.7063171268	0.8330088854	1.093838215
1321	1.02875495	1.02875495	0	0	0.8019997478	0.7059947252	0.8334586024	1.093849301
1322	1.025863528	1.025863528	0	0	0.809709847	0.7158367038	0.8415123224	1.093876123
1323	1.051477313	1.051477313	0	0	0.813275218	0.7201504707	0.8446224928	1.093877435
1324	1.055731535	1.055731535	0	0	0.8160296082	0.7250528336	0.8495060802	1.093869209
1325	1.047922015	1.047922015	0	0	0.8112297058	0.7184195518	0.8435169458	1.093780756
1326	1.011858463	1.011858463	0	0	0.8046088219	0.7093451023	0.8365042806	1.093853831
1327	1.019255757	1.019255757	0	0	0.8046904206	0.7084201574	0.8358305097	1.093822837
1328	1.001627684	1.001627684	0	0	0.8018393517	0.7068266869	0.8356449604	1.093824267
1329	1.003679872	1.003679872	0	0	0.806771338	0.7130047083	0.8408116698	1.093939424
1330	1.002580047	1.002580047	0	0	0.8154711723	0.7228369713	0.8460571766	1.093812346
1331	1.019300461	1.019300461	0	0	0.8167458773	0.7236719131	0.8454402089	1.093641877
1332	1.009928107	1.009928107	0	0	0.8069511652	0.7126449943	0.837240696	1.093739152
1333	1.029328585	1.029328585	0	0	0.809225738	0.7119107246	0.8344979286	1.093654633
1334	1.036603928	1.036603928	0	0	0.7995885015	0.6997519732	0.824677527	1.093594551
1335	1.049556017	1.049556017	0	0	0.7971562743	0.6966067553	0.8216885328	1.093586206
1336	1.062325597	1.062325597	0	0	0.7968459129	0.6984742284	0.8241663575	1.093598843
1337	1.042503119	1.042503119	0	0	0.8067197204	0.7105138302	0.8357465863	1.093750954
1338	1.030365586	1.030365586	0	0	0.8135478497	0.7201288939	0.8434699774	1.093724608
1339	1.051842809	1.051842809	0	0	0.8185898662	0.7272388339	0.8503339887	1.093761683
1340	1.062361002	1.062361002	0	0	0.8133499622	0.7217811346	0.846411109	1.093835115
1341	1.049105406	1.049105406	0	0	0.8088233471	0.7157126069	0.8418099284	1.093758702
1342	1.033604264	1.033604264	0	0	0.8007131219	0.7053444386	0.8333556056	1.093728781
1343	1.027541399	1.027541399	0	0	0.8009801507	0.7044048905	0.8322989345	1.093630433
1344	1.029414177	1.029414177	0	0	0.8025391102	0.7075773478	0.836025238	1.09370172
1345	1.019999862	1.019999862	0	0	0.8066546321	0.712248683	0.8399294615	1.093774915
1346	1.017497659	1.017497659	0	0	0.8153039217	0.7238703966	0.8485686779	1.093756914
1347	1.034724832	1.034724832	0	0	0.8120913506	0.7212797999	0.8475862145	1.093712449
1348	1.052683711	1.052683711	0	0	0.8079624176	0.7173582315	0.8444826007	1.093826175
1349	1.021239281	1.021239281	0	0	0.8035763502	0.7108505964	0.8397728801	1.093778014
1350	1.008989096	1.008989096	0	0	0.8023418188	0.7082459331	0.8380280733	1.093802929
1351	0.9876080751	0.9876080751	0	0	0.796069026	0.7000484467	0.831597805	1.093635678
1352	0.977240324	0.977240324	0	0	0.7929224968	0.6971721053	0.8291370869	1.093719006
1353	0.9653372169	0.9653372169	0	0	0.8041160107	0.7104682326	0.8397957683	1.093771338
1354	0.9424808025	0.9424808025	0	0	0.8105649352	0.7198141813	0.8445614576	1.093556046
1355	0.9334698915	0.9334698915	0	0	0.8103792071	0.7197898626	0.8447360992	1.093362212
1356	0.9423792958	0.9423792958	0	0	0.8043880463	0.7134426832	0.8403679729	1.093496919
1357	0.8829064965	0.8829064965	0	0	0.8072897792	0.712867856	0.8381304145	1.093452454
1358	0.8715518713	0.8715518713	0	0	0.7970836163	0.6999180913	0.8268046379	1.093455195
1359	0.8558332324	0.8558332324	0	0	0.7953694463	0.6963825822	0.8228177428	1.09344852
1360	0.8719674349	0.8719674349	0	0	0.799048543	0.7017697692	0.8274912238	1.093499184
1361	0.8466925621	0.8466925621	0	0	0.8067240715	0.7111403346	0.8346742988	1.093580008
1362	0.8325068951	0.8325068951	0	0	0.8078922033	0.7156849504	0.8395262361	1.093495846
1363	0.8472846746	0.8472846746	0	0	0.8122657537	0.7219963074	0.8467023969	1.093497753
1364	0.8908623457	0.8908623457	0	0	0.8135729432	0.7232652307	0.8493941426	1.093565702
1365	0.8790708184	0.8790708184	0	0	0.8084671497	0.7164421678	0.8444005251	1.09361434
1366	0.8558191657	0.8558191657	0	0	0.8043455482	0.7098574638	0.8359383345	1.093446016
1367	0.8847208619	0.8847208619	0	0	0.8005127907	0.705200851	0.8334357142	1.093480945
1368	0.8516745567	0.8516745567	0	0	0.8013572693	0.706592679	0.8333641291	1.093577266
1369	0.8728665709	0.8728665709	0	0	0.8018484712	0.7074388266	0.8341385126	1.093583345
1370	0.8638442159	0.8638442159	0	0	0.8072470427	0.7160996199	0.8428359032	1.093495131
1371	0.8684875965	0.8684875965	0	0	0.8106771111	0.7211077809	0.8472909331	1.093456864
1372	0.9217354655	0.9217354655	0	0	0.8080055714	0.7189594507	0.8482249975	1.093544841
1373	0.8618744612	0.8618744612	0	0	0.8052840233	0.7133472562	0.8428334594	1.093596935
1374	0.8551651835	0.8551651835	0	0	0.7897664309	0.6949806213	0.8265476227	1.093615174
1375	0.8383008242	0.8383008242	0	0	0.7892349958	0.6932842135	0.8242691755	1.093546391
1376	0.7948287129	0.7948287129	0	0	0.7863121033	0.6900588274	0.82028687	1.093557119
1377	0.8127964735	0.8127964735	0	0	0.8060661554	0.7122725844	0.8372592926	1.093604326
1378	0.8152630925	0.8152630925	0	0	0.8116719127	0.7206442952	0.8439518809	1.09341085
1379	0.780816555	0.780816555	0	0	0.8131566048	0.7219851613	0.844714582	1.093339443
1380	0.7921395302	0.7921395302	0	0	0.8102456927	0.7186937332	0.842477262	1.093270183
1381	0.709046483	0.709046483	0	0	0.810344696	0.7153100371	0.8387343884	1.093327284
1382	0.7171667218	0.7171667218	0	0	0.8003668189	0.7034705877	0.8305658698	1.093439817
1383	0.6916177869	0.6916177869	0	0	0.8032547235	0.7035835385	0.8266650438	1.093450785
1384	0.7155361176	0.7155361176	0	0	0.8042560816	0.705691278	0.8291649818	1.093430161
1385	0.6995722651	0.6995722651	0	0	0.8142536879	0.7150432467	0.8326529264	1.093491793
1386	0.6599825025	0.6599825025	0	0	0.8130307794	0.7182534933	0.8387899995	1.093334794
1387	0.6459500194	0.6459500194	0	0	0.8118494153	0.718167603	0.8394988775	1.093318343
1388	0.6697465181	0.6697465181	0	0	0.8112567067	0.7172173858	0.8405919075	1.093253851
1389	0.6464105248	0.6464105248	0	0	0.8084993958	0.7132723331	0.8374432325	1.093301177
1390	0.6620653868	0.6620653868	0	0	0.8023793101	0.7059158683	0.8308981061	1.093243241
1391	0.694838047	0.694838047	0	0	0.8041002154	0.7056885362	0.8277887702	1.093386292
1392	0.7038094401	0.7038094401	0	0	0.8022013903	0.703744173	0.827753365	1.093461514
1393	0.7222989202	0.7222989202	0	0	0.8077489734	0.7100558281	0.8311585188	1.093478084
1394	0.7204784751	0.7204784751	0	0	0.8146027327	0.7199748158	0.8394162059	1.093368411
1395	0.7186749578	0.7186749578	0	0	0.8160247803	0.7224520445	0.8421961665	1.09337163
1396	0.7362852693	0.7362852693	0	0	0.8155122399	0.721660912	0.8423739672	1.093331337
1397	0.7501372099	0.7501372099	0	0	0.8151692748	0.7206287384	0.8422959447	1.093366742
1398	0.7627490163	0.7627490163	0	0	0.8049635291	0.7089549303	0.8328689337	1.093371868
1399	0.8051568866	0.8051568866	0	0	0.8054021001	0.706779778	0.8282665014	1.093462586
1400	0.8138632774	0.8138632774	0	0	0.8019438386	0.7038927078	0.8284466863	1.093503475
1401	0.8131066561	0.8131066561	0	0	0.8094775081	0.7127747536	0.8345116973	1.093588829
1402	0.7999702692	0.7999702692	0	0	0.8145108819	0.7203383446	0.840359211	1.093396783
1403	0.7801773548	0.7801773548	0	0	0.8134016395	0.7194945216	0.8401678801	1.093346953
1404	0.7869153023	0.7869153023	0	0	0.8091560602	0.7150105238	0.8368496895	1.093318939
1405	0.7889038324	0.7889038324	0	0	0.8063187599	0.7111343741	0.8355515003	1.093320727
1406	0.7886797786	0.7886797786	0	0	0.7882138491	0.6908734441	0.8195010424	1.093369484
1407	0.7948791981	0.7948791981	0	0	0.7887285948	0.6913363934	0.817673564	1.093399763
1408	0.8170941472	0.8170941472	0	0	0.7932605743	0.6955031157	0.8211166859	1.093485117
1409	0.7741528749	0.7741528749	0	0	0.8006891608	0.7037869096	0.8269283772	1.093528152
1410	0.7500494719	0.7500494719	0	0	0.8066840172	0.7121425867	0.8341652155	1.093371391
1411	0.7536762953	0.7536762953	0	0	0.8036792278	0.7098969817	0.8331916332	1.093335152
1412	0.7648818493	0.7648818493	0	0	0.8071322441	0.7128472328	0.8359111547	1.093297005
1413	0.7650911212	0.7650911212	0	0	0.7986920476	0.7041987777	0.8312790394	1.093298674
1414	0.778326869	0.778326869	0	0	0.795369029	0.7000344992	0.8278650641	1.093355775
1415	0.7813395262	0.7813395262	0	0	0.8000636101	0.7033358216	0.8278511763	1.093381286
1416	0.7927282453	0.7927282453	0	0	0.7991276979	0.7019036412	0.8276156187	1.093532801
1417	0.7998471856	0.7998471856	0	0	0.8077023029	0.7109289765	0.8327258229	1.0935359
1418	0.7994551659	0.7994551659	0	0	0.8132613301	0.7191697955	0.8391785622	1.093438029
1419	0.7891277075	0.7891277075	0	0	0.8134515882	0.7203503251	0.8401513696	1.093379617
1420	0.7908767462	0.7908767462	0	0	0.8087855577	0.7156527638	0.8376362324	1.093402982
1421	0.7928388715	0.7928388715	0	0	0.8055199385	0.7119932771	0.8376935124	1.09346354
1422	0.7988755107	0.7988755107	0	0	0.8049855232	0.7108191252	0.8374624848	1.093399644
1423	0.7985534668	0.7985534668	0	0	0.803429842	0.7076870799	0.8314717412	1.09344697
1424	0.8186038733	0.8186038733	0	0	0.7964946032	0.6998500228	0.8259515166	1.093515038
1425	0.8219497204	0.8219497204	0	0	0.8070908785	0.711789608	0.8345402479	1.093591571
1426	0.8234580159	0.8234580159	0	0	0.8147221804	0.7213124037	0.8407416344	1.093401432
1427	0.7934559584	0.7934559584	0	0	0.8122909069	0.7190264463	0.8389987946	1.093349457
1428	0.770647943	0.770647943	0	0	0.8064311743	0.7132979035	0.8352559209	1.093304634
1429	0.7651509047	0.7651509047	0	0	0.800406158	0.706087172	0.831350863	1.093301773
1430	0.7606520653	0.7606520653	0	0	0.7945000529	0.6989614964	0.8258429766	1.093335748
1431	0.7457723022	0.7457723022	0	0	0.7991624475	0.7028937936	0.8269660473	1.093403459
1432	0.7451638579	0.7451638579	0	0	0.8036443591	0.7063657641	0.8293766975	1.093466759
1433	0.7042363882	0.7042363882	0	0	0.8086816072	0.7122496367	0.8339807391	1.093510866
1434	0.693340838	0.693340838	0	0	0.8117448092	0.7179695964	0.838696003	1.093319058
1435	0.6875470281	0.6875470281	0	0	0.8077273369	0.7143366933	0.836052835	1.093325377
1436	0.6792420149	0.6792420149	0	0	0.8056637049	0.7116274834	0.8341300488	1.093193412
1437	0.6744556427	0.6744556427	0	0	0.8006451726	0.7063407302	0.8311084509	1.093236685
1438	0.6871303916	0.6871303916	0	0	0.8027806282	0.7067471743	0.8302693367	1.093233585
1439	0.7027512789	0.7027512789	0	0	0.8096599579	0.7124871016	0.8325628638	1.093355417
1440	0.7175461054	0.7175461054	0	0	0.8076461554	0.7102153301	0.8321552277	1.093493938
1441	0.7261632085	0.7261632085	0	0	0.8132542968	0.7169719934	0.8373206854	1.093563795
1442	0.7328556776	0.7328556776	0	0	0.8179161549	0.7235878706	0.8422142267	1.093403697
1443	0.7395270467	0.7395270467	0	0	0.8127782941	0.7188393474	0.837939024	1.093332291
1444	0.7361885905	0.7361885905	0	0	0.8116927147	0.717438221	0.8380345702	1.093249679
1445	0.7321949601	0.7321949601	0	0	0.8068766594	0.7126227021	0.8350618482	1.093318701
1446	0.7572740912	0.7572740912	0	0	0.8079608679	0.7119587064	0.8341091871	1.093374968
1447	0.8053637743	0.8053637743	0	0	0.8115882874	0.7141138911	0.8332344294	1.093505025
1448	0.8080199361	0.8080199361	0	0	0.8078889251	0.7101807594	0.8313930035	1.093590498
1449	0.8135951161	0.8135951161	0	0	0.809348166	0.7122118473	0.8334046602	1.093643308
1450	0.8077707887	0.8077707887	0	0	0.812617898	0.7182215452	0.8388014436	1.093533874
1451	0.7994878888	0.7994878888	0	0	0.8068842292	0.7131789923	0.8354922533	1.093429923
1452	0.8044179082	0.8044179082	0	0	0.8071895838	0.7134143114	0.8357067108	1.093374848
1453	0.8048525453	0.8048525453	0	0	0.8047703505	0.7106394768	0.8345503211	1.093393445
1454	0.8077590466	0.8077590466	0	0	0.8001286387	0.7036885023	0.829690814	1.093414664
1455	0.8218181133	0.8218181133	0	0	0.8092744946	0.713087976	0.834846139	1.093503833
1456	0.8205561638	0.8205561638	0	0	0.8112055659	0.7148901224	0.8367741108	1.093539
1457	0.8307875395	0.8307875395	0	0	0.8145157695	0.7188510299	0.8391931653	1.093647122
1458	0.800781548	0.800781548	0	0	0.8114230633	0.7176601291	0.839756906	1.093504071
1459	0.7885755897	0.7885755897	0	0	0.8077395558	0.7155617476	0.8393523693	1.093459249
1460	0.8113772273	0.8113772273	0	0	0.8091871142	0.7157467604	0.8383395076	1.09335053
1461	0.7937981486	0.7937981486	0	0	0.8048717976	0.7105247974	0.8357515931	1.093379736
1462	0.8213934302	0.8213934302	0	0	0.8022384644	0.7060932517	0.8305838704	1.09323597
1463	0.8297311068	0.8297311068	0	0	0.8081570864	0.7122663856	0.8340681791	1.093271255
1464	0.8353441954	0.8353441954	0	0	0.8076773286	0.7115180492	0.8345021009	1.093489289
1465	0.8618283868	0.8618283868	0	0	0.8146355748	0.7187644243	0.83885777	1.093610525
1466	0.8397759795	0.8397759795	0	0	0.8153036833	0.7212122679	0.8415316343	1.09348011
1467	0.8455292583	0.8455292583	0	0	0.8137636781	0.7210900187	0.8416936994	1.093405724
1468	0.8483856916	0.8483856916	0	0	0.8166618347	0.7244446278	0.8440884352	1.093329549
1469	0.8385337591	0.8385337591	0	0	0.8107736707	0.7172796726	0.838653028	1.093443751
1470	0.8555238843	0.8555238843	0	0	0.8074082732	0.7117802501	0.8344738483	1.093452334
1471	0.8627638817	0.8627638817	0	0	0.8076332808	0.7110561132	0.8325927258	1.093485594
1472	0.8497959375	0.8497959375	0	0	0.8047391176	0.7085694075	0.8317083716	1.093615651
1473	0.8428294659	0.8428294659	0	0	0.81105721	0.7152314186	0.8376700282	1.093688369
1474	0.8501790166	0.8501790166	0	0	0.8135423064	0.7198041677	0.8401555419	1.093598127
1475	0.8431483507	0.8431483507	0	0	0.8108379841	0.7179500461	0.839158833	1.093447685
1476	0.8353424072	0.8353424072	0	0	0.8151789904	0.7225862741	0.8426215053	1.093485475
1477	0.8023508787	0.8023508787	0	0	0.8052181005	0.7110751867	0.8351384997	1.093484759
1478	0.7797952294	0.7797952294	0	0	0.8016766906	0.7052569389	0.8317667842	1.093510389
1479	0.8022667766	0.8022667766	0	0	0.8105826378	0.7136254311	0.8359288573	1.093535066
1480	0.8345595598	0.8345595598	0	0	0.8110513091	0.7143844366	0.8365251422	1.093588591
1481	0.8347876668	0.8347876668	0	0	0.817563653	0.7215304971	0.840591073	1.093665838
1482	0.8000686169	0.8000686169	0	0	0.8173897862	0.7237099409	0.842876792	1.093543649
1483	0.7555243969	0.7555243969	0	0	0.8142434359	0.7231385112	0.8441692591	1.093453884
1484	0.7652371526	0.7652371526	0	0	0.8176333308	0.7266274691	0.8461659551	1.093394995
1485	0.7458671331	0.7458671331	0	0	0.8122023344	0.719404161	0.8425896764	1.093415856
1486	0.8478528261	0.8478528261	0	0	0.8125029206	0.7164155245	0.8365930915	1.093337417
1487	0.7689609528	0.7689609528	0	0	0.8108409643	0.7159113884	0.8380557299	1.09343648
1488	0.7821632624	0.7821632624	0	0	0.8028066754	0.7063859105	0.8308695555	1.093583822
1489	0.7496340275	0.7496340275	0	0	0.7943077087	0.6971047521	0.8238244057	1.093631744
1490	0.7116405964	0.7116405964	0	0	0.7919101715	0.6963124275	0.8244313598	1.093572021
1491	0.6952027678	0.6952027678	0	0	0.7962309718	0.7022784352	0.8292090297	1.093483806
1492	0.681070447	0.681070447	0	0	0.8023244739	0.7101403475	0.8362000585	1.093506455
1493	0.6613218188	0.6613218188	0	0	0.795445025	0.7013211846	0.8309678435	1.093532205
1494	0.6604118347	0.6604118347	0	0	0.7844876051	0.6884339452	0.8204876184	1.093605638
1495	0.6535639763	0.6535639763	0	0	0.779056251	0.6819548607	0.8132796288	1.093535781
1496	0.6512271762	0.6512271762	0	0	0.7727837563	0.6747965217	0.8075441718	1.093640447
1497	0.6490971446	0.6490971446	0	0	0.7939100862	0.6972413063	0.8263718486	1.09367466
1498	0.6831564307	0.6831564307	0	0	0.8079409599	0.7135560513	0.8365764618	1.093518615
1499	0.6874977946	0.6874977946	0	0	0.8117302656	0.7180503011	0.8394919634	1.093379736
1500	0.6627156734	0.6627156734	0	0	0.8087983727	0.7149117589	0.8378396034	1.093390703
1501	0.6200013757	0.6200013757	0	0	0.7994296551	0.7033606172	0.8300975561	1.093438864
1502	0.5752373934	0.5752373934	0	0	0.7859323621	0.687319994	0.8172497749	1.093463659
1503	0.5724432468	0.5724432468	0	0	0.7891104817	0.6901921034	0.8186650276	1.093483329
1504	0.6615518332	0.6615518332	0	0	0.7904311419	0.6910720468	0.8185226917	1.093598843
1505	0.5851388574	0.5851388574	0	0	0.7985131145	0.7008978724	0.8263458014	1.09361589
1506	0.570063293	0.570063293	0	0	0.8062826991	0.7110096216	0.8340786695	1.093522906
1507	0.5312179327	0.5312179327	0	0	0.8071734905	0.7133487463	0.8367219567	1.093365312
1508	0.5161139369	0.5161139369	0	0	0.8035323024	0.7093808055	0.833665669	1.093367219
1509	0.5088723302	0.5088723302	0	0	0.8001989722	0.704742074	0.8315845728	1.093387842
1510	0.5199264288	0.5199264288	0	0	0.7923101783	0.6947491765	0.822076261	1.093365669
1511	0.5588465333	0.5588465333	0	0	0.7987478375	0.7004030347	0.825235486	1.093438387
1512	0.5809868574	0.5809868574	0	0	0.7965932488	0.6982361078	0.8247410059	1.093548059
1513	0.5692698359	0.5692698359	0	0	0.8011876941	0.7042145729	0.8293712139	1.0936023
1514	0.5570673347	0.5570673347	0	0	0.809032917	0.7141119242	0.8364428282	1.093536377
1515	0.5352690816	0.5352690816	0	0	0.8088992834	0.7151362896	0.8378756642	1.093488693
1516	0.5225932002	0.5225932002	0	0	0.8048917651	0.7108005881	0.8344730139	1.093501568
1517	0.5017927885	0.5017927885	0	0	0.8010889888	0.7059714198	0.8327645659	1.093561292
1518	0.5077031851	0.5077031851	0	0	0.7853811383	0.6871180534	0.8162087202	1.093613625
1519	0.5162963867	0.5162963867	0	0	0.7851352692	0.6858913898	0.814406991	1.093552113
1520	0.5492027998	0.5492027998	0	0	0.7883526683	0.6895136833	0.817761004	1.09363842
1521	0.5105929971	0.5105929971	0	0	0.7907862067	0.6928601861	0.8218660951	1.093671679
1522	0.5198521018	0.5198521018	0	0	0.8027260303	0.7083861232	0.8333703876	1.093628049
1523	0.5145276189	0.5145276189	0	0	0.8040602803	0.710459888	0.8355475068	1.09343338
1524	0.5104721785	0.5104721785	0	0	0.7988829017	0.7050414085	0.8311880827	1.093494415
1525	0.5039929152	0.5039929152	0	0	0.8033356667	0.7074959874	0.8326166272	1.093451142
1526	0.4730906785	0.4730906785	0	0	0.7909731865	0.6917860508	0.8196660876	1.093510389
1527	0.4629600048	0.4629600048	0	0	0.7924374938	0.6929641366	0.8199499249	1.093468547
1528	0.5307501554	0.5307501554	0	0	0.795196712	0.696705699	0.8239663243	1.093593836
1529	0.4847197831	0.4847197831	0	0	0.8009424806	0.7032533884	0.8293830156	1.093671441
1530	0.4732883871	0.4732883871	0	0	0.8062644005	0.7118749619	0.835036695	1.093596578
1531	0.4104969501	0.4104969501	0	0	0.8069785237	0.7141694427	0.8383197784	1.093490005
1532	0.3818915188	0.3818915188	0	0	0.8107830286	0.7178013921	0.8413952589	1.093475103
1533	0.3862350583	0.3862350583	0	0	0.8098922968	0.7153624296	0.8406945467	1.093497515
1534	0.4227642417	0.4227642417	0	0	0.8056442738	0.7087322474	0.8331716657	1.093500972
1535	0.4366762042	0.4366762042	0	0	0.798895359	0.7012667656	0.8262130022	1.09341836
1536	0.4922141433	0.4922141433	0	0	0.7983377576	0.6999058723	0.8255109191	1.093589187
1537	0.4448168576	0.4448168576	0	0	0.7985579371	0.7018128633	0.8285369873	1.093610644
1538	0.4099867642	0.4099867642	0	0	0.8077780604	0.7144764066	0.8398301005	1.093627334
1539	0.3814279437	0.3814279437	0	0	0.8054594994	0.713319242	0.8391259313	1.093463063
1540	0.3546274304	0.3546274304	0	0	0.8105522394	0.7194754481	0.8453570008	1.093598485
1541	0.3548839688	0.3548839688	0	0	0.8093424439	0.716176331	0.8432405591	1.093498707
1542	0.3779805303	0.3779805303	0	0	0.7900132537	0.6931298375	0.8230403066	1.093643785
1543	0.4003167748	0.4003167748	0	0	0.7885152102	0.69045192	0.8178659081	1.093459129
1544	0.4472779632	0.4472779632	0	0	0.786442697	0.687597394	0.8169105053	1.093540668
1545	0.4186748266	0.4186748266	0	0	0.786667943	0.6884276271	0.8174145818	1.093588233
1546	0.4020801187	0.4020801187	0	0	0.8049149513	0.7114510536	0.83682549	1.093538404
1547	0.4114570618	0.4114570618	0	0	0.8065220118	0.7139371037	0.839702785	1.093365669
1548	0.3821608722	0.3821608722	0	0	0.8140114546	0.7225579023	0.8466671705	1.093365908
1549	0.3942030966	0.3942030966	0	0	0.8140002489	0.7193610072	0.8432916999	1.093380451
1550	0.4457946122	0.4457946122	0	0	0.8039082885	0.7062933445	0.8319722414	1.093482733
1551	0.4788186252	0.4788186252	0	0	0.7980291247	0.6995703578	0.8251793385	1.093397856
1552	0.5540141463	0.5540141463	0	0	0.7981501222	0.6997377276	0.8268208504	1.093522072
1553	0.5048484206	0.5048484206	0	0	0.7980303168	0.7001271248	0.8273380995	1.09350276
1554	0.4084018171	0.4084018171	0	0	0.8032639623	0.7102268934	0.8370854259	1.093454123
1555	0.4079416394	0.4079416394	0	0	0.8093916774	0.7176373005	0.843111217	1.093440771
1556	0.346007973	0.346007973	0	0	0.8160970807	0.7248873115	0.8491104841	1.0934273
1557	0.3636755347	0.3636755347	0	0	0.8156481385	0.7224133611	0.8475397825	1.093375683
1558	0.4261890054	0.4261890054	0	0	0.8051131964	0.7081605196	0.8337178826	1.093382716
1559	0.476901561	0.476901561	0	0	0.7992634773	0.7009230256	0.8257550597	1.093360066
1560	0.5231953859	0.5231953859	0	0	0.7998687029	0.7006901503	0.8262438178	1.09348166
1561	0.4680730402	0.4680730402	0	0	0.8046496511	0.7064756751	0.830673933	1.093524337
1562	0.4007588327	0.4007588327	0	0	0.8142527342	0.7203723192	0.8435996175	1.093510032
1563	0.4013736844	0.4013736844	0	0	0.8151705861	0.722423017	0.8445481658	1.093457818
1564	0.3710564971	0.3710564971	0	0	0.8187051415	0.7272562981	0.8499714136	1.093537807
1565	0.3817166388	0.3817166388	0	0	0.816275537	0.7234222293	0.8482627869	1.093469739
1566	0.4522252381	0.4522252381	0	0	0.8076179028	0.7120478749	0.837483108	1.093480468
1567	0.5406365991	0.5406365991	0	0	0.7999069691	0.7014228106	0.8255941272	1.093396068
1568	0.536469698	0.536469698	0	0	0.7992210388	0.7003297806	0.8255487084	1.09353447
1569	0.4529144764	0.4529144764	0	0	0.8030865788	0.7058430314	0.8308522105	1.093527079
1570	0.3679653406	0.3679653406	0	0	0.8123202324	0.7200649977	0.8457759619	1.093560219
1571	0.4241425693	0.4241425693	0	0	0.818967104	0.7270514965	0.849657774	1.093439698
1572	0.3895045817	0.3895045817	0	0	0.8217202425	0.7305745482	0.8538022041	1.09360373
1573	0.4214233756	0.4214233756	0	0	0.8168469667	0.7236161232	0.8485787511	1.093591571
1574	0.4679943323	0.4679943323	0	0	0.8066227436	0.7107642889	0.8387618065	1.093583107
1575	0.503531158	0.503531158	0	0	0.8003216982	0.7034413815	0.8311747313	1.093546033
1576	0.5301887989	0.5301887989	0	0	0.8037732244	0.7064715028	0.8346415758	1.09356463
1577	0.4798660874	0.4798660874	0	0	0.8073410988	0.711856544	0.8393118978	1.093628049
1578	0.460318476	0.460318476	0	0	0.8108116984	0.7188494802	0.8463288546	1.093640447
1579	0.4810281396	0.4810281396	0	0	0.8187330365	0.7278516889	0.8527340889	1.093735218
1580	0.4574851096	0.4574851096	0	0	0.8190501928	0.7282962799	0.852974236	1.093831778
1581	0.4707486331	0.4707486331	0	0	0.8095869422	0.7160830498	0.842748642	1.093657017
1582	0.4999477863	0.4999477863	0	0	0.801610291	0.7053845525	0.8335595727	1.093534708
1583	0.5166497231	0.5166497231	0	0	0.7954713702	0.697974503	0.826164782	1.093395829
1584	0.5521302223	0.5521302223	0	0	0.7943055034	0.6961013079	0.8242138624	1.093452096
1585	0.5516711473	0.5516711473	0	0	0.8023138642	0.7051039934	0.8309056163	1.093528152
1586	0.5152224898	0.5152224898	0	0	0.8083905578	0.7146426439	0.841206491	1.09359467
1587	0.5597887635	0.5597887635	0	0	0.8170186877	0.7245719433	0.8478953242	1.093647242
1588	0.5401130915	0.5401130915	0	0	0.8169327974	0.7249737978	0.8487325311	1.093751311
1589	0.5207204223	0.5207204223	0	0	0.8084776998	0.7148770094	0.8412527442	1.09381187
1590	0.5479756594	0.5479756594	0	0	0.7986834645	0.7023153305	0.8316005468	1.093736053
1591	0.5848577619	0.5848577619	0	0	0.7921537757	0.6938946843	0.8232220411	1.09357667
1592	0.6160452962	0.6160452962	0	0	0.7915984392	0.6928633451	0.8219841719	1.09363234
1593	0.5909929872	0.5909929872	0	0	0.7932354212	0.6956980228	0.8248275518	1.093729734
1594	0.5457838774	0.5457838774	0	0	0.806412816	0.7139515281	0.8412126899	1.093752146
1595	0.5519466996	0.5519466996	0	0	0.8100975752	0.7193847895	0.845243752	1.093685627
1596	0.5584610701	0.5584610701	0	0	0.8139603138	0.7243357897	0.8483983874	1.093850136
1597	0.5328852534	0.5328852534	0	0	0.8090459704	0.7168367505	0.8435990214	1.093812227
1598	0.567653656	0.567653656	0	0	0.8026431203	0.7071157098	0.8351636529	1.093781829
1599	0.5779317021	0.5779317021	0	0	0.7970067859	0.7006462216	0.8291610479	1.093661308
1600	0.6055945158	0.6055945158	0	0	0.7995383739	0.7036793828	0.8317342401	1.09375596
1601	0.5964100361	0.5964100361	0	0	0.8026769757	0.7068748474	0.8335989118	1.093814611
1602	0.5443592072	0.5443592072	0	0	0.8032314777	0.7109017968	0.8383489251	1.093845844
1603	0.55435884	0.55435884	0	0	0.8111785054	0.7195309997	0.8451715112	1.093874931
1604	0.5584184527	0.5584184527	0	0	0.8121677637	0.72118783	0.8457741737	1.093938589
1605	0.5458680987	0.5458680987	0	0	0.8018155098	0.7085146904	0.8359721899	1.093810201
1606	0.6145696044	0.6145696044	0	0	0.8025621772	0.7064469457	0.8325225115	1.093702793
1607	0.6070592999	0.6070592999	0	0	0.7994413972	0.7024921179	0.8296788335	1.093679786
1608	0.6079699397	0.6079699397	0	0	0.7993386388	0.7029103041	0.8303257823	1.093744278
1609	0.6098133326	0.6098133326	0	0	0.8000401855	0.7033680677	0.8304107189	1.093776584
1610	0.5789704323	0.5789704323	0	0	0.8031827807	0.7096075416	0.8363085389	1.093753099
1611	0.5937977433	0.5937977433	0	0	0.8112443089	0.7188391685	0.8429967165	1.093785048
1612	0.5705575943	0.5705575943	0	0	0.8171730042	0.7256688476	0.849085331	1.093880296
1613	0.5360193849	0.5360193849	0	0	0.8050122857	0.7107672691	0.838129878	1.093837142
1614	0.5280671716	0.5280671716	0	0	0.8023246527	0.7058948874	0.8345844746	1.093874454
1615	0.5342258811	0.5342258811	0	0	0.7963495851	0.6983503699	0.8280956745	1.093646407
1616	0.5334049463	0.5334049463	0	0	0.798986733	0.7018222213	0.8307738304	1.093699455
1617	0.538829267	0.538829267	0	0	0.7992298603	0.7022374272	0.830948174	1.093725801
1618	0.5137248039	0.5137248039	0	0	0.813724041	0.7211554646	0.847009182	1.093831301
1619	0.512349546	0.512349546	0	0	0.8175137639	0.7261274457	0.8507732153	1.093759656
1620	0.5101901293	0.5101901293	0	0	0.8203350306	0.7300965786	0.8538086414	1.093922973
1621	0.5326323509	0.5326323509	0	0	0.8163381219	0.7229041457	0.847370863	1.093817353
1622	0.5388043523	0.5388043523	0	0	0.8107258677	0.7146018744	0.8408362269	1.093765378
1623	0.5328305364	0.5328305364	0	0	0.8043361902	0.7073958516	0.8353842497	1.093680024
1624	0.51895684	0.51895684	0	0	0.8091012239	0.7131035924	0.8406527638	1.093747377
1625	0.5128629804	0.5128629804	0	0	0.8072110415	0.7113249302	0.8392996192	1.093881965
1626	0.496440202	0.496440202	0	0	0.8121960759	0.7194348574	0.8463443518	1.093906164
1627	0.498167038	0.498167038	0	0	0.8134487867	0.7213378549	0.8478124738	1.09394455
1628	0.5095031261	0.5095031261	0	0	0.8132298589	0.7206277251	0.8467676044	1.093967438
1629	0.5317906737	0.5317906737	0	0	0.8013159633	0.7060362697	0.8342561126	1.09387207
1630	0.5801717639	0.5801717639	0	0	0.8038876057	0.7065831423	0.8327032924	1.09372735
1631	0.5514683127	0.5514683127	0	0	0.7989161611	0.7009721398	0.8290578723	1.093603253
1632	0.5248725414	0.5248725414	0	0	0.8017198443	0.7048894763	0.8336811066	1.093736529
1633	0.5056554079	0.5056554079	0	0	0.8020294905	0.7055714726	0.8348008394	1.093835592
1634	0.4872204959	0.4872204959	0	0	0.8069517016	0.7138860226	0.8424695134	1.09383893
1635	0.485010922	0.485010922	0	0	0.8088133931	0.7165657878	0.8444638252	1.093844533
1636	0.4831610322	0.4831610322	0	0	0.8041623235	0.7117046118	0.8415190578	1.093943954
1637	0.4937158823	0.4937158823	0	0	0.79417485	0.6991099715	0.8308575153	1.093895435
1638	0.4984852076	0.4984852076	0	0	0.7884863615	0.690233171	0.8224803209	1.093918204
1639	0.4882670939	0.4882670939	0	0	0.7850289941	0.6864150167	0.8200879693	1.093805432
1640	0.4943514466	0.4943514466	0	0	0.7890595794	0.6905207634	0.8229352832	1.094061494
1641	0.5110268593	0.5110268593	0	0	0.7877228856	0.6893765926	0.8215212822	1.094118953
1642	0.494740814	0.494740814	0	0	0.7956749797	0.7005165219	0.8321067095	1.094144583
1643	0.4842980206	0.4842980206	0	0	0.7943108082	0.7003133297	0.8328707814	1.094145417
1644	0.4748726487	0.4748726487	0	0	0.7879413366	0.6941395998	0.8286777735	1.094162464
1645	0.4788448811	0.4788448811	0	0	0.7770406604	0.6805785894	0.8165704608	1.094157577
1646	0.4625175595	0.4625175595	0	0	0.7686741948	0.6692698598	0.8058015108	1.094174027
1647	0.4727034271	0.4727034271	0	0	0.7679432631	0.6685039997	0.8055588603	1.094122529
1648	0.470456928	0.470456928	0	0	0.7705622911	0.6711801887	0.8076451421	1.094202161
1649	0.4783265293	0.4783265293	0	0	0.7678487897	0.6684237123	0.8049750328	1.094224691
1650	0.4771361053	0.4771361053	0	0	0.7756172419	0.6787917018	0.8151472807	1.094230294
1651	0.4659996629	0.4659996629	0	0	0.7730416059	0.6775574088	0.8152058125	1.094230413
1652	0.4625865519	0.4625865519	0	0	0.764336884	0.6694680452	0.8087662458	1.094228148
1653	0.4506657124	0.4506657124	0	0	0.7551929355	0.6582869291	0.7979248762	1.094215155
1654	0.4369979203	0.4369979203	0	0	0.7474110723	0.648186028	0.7884556055	1.094229579
1655	0.4526685476	0.4526685476	0	0	0.7472308278	0.6471028328	0.786755085	1.094193578
1656	0.4474119544	0.4474119544	0	0	0.7490701079	0.6484586	0.7880368233	1.094239354
1657	0.448174417	0.448174417	0	0	0.7712324262	0.6729820967	0.8094468117	1.094179153
1658	0.4516085684	0.4516085684	0	0	0.7750077248	0.6795111895	0.8173903227	1.094188094
1659	0.4576182961	0.4576182961	0	0	0.7680712938	0.6735824943	0.8138192296	1.09420526
1660	0.4642760754	0.4642760754	0	0	0.7592177987	0.6650172472	0.8068856597	1.094215155
1661	0.45611462	0.45611462	0	0	0.7595142722	0.6643650532	0.8054447174	1.094171882
1662	0.4226591587	0.4226591587	0	0	0.7534058094	0.6556622386	0.7961664796	1.094180822
1663	0.4436370432	0.4436370432	0	0	0.7675663233	0.6694386601	0.8073577881	1.094088674
1664	0.4350582361	0.4350582361	0	0	0.7640491724	0.6654500365	0.803780973	1.094172478
1665	0.4274120927	0.4274120927	0	0	0.779071629	0.6816368699	0.8176115155	1.094191551
1666	0.4569060504	0.4569060504	0	0	0.8048980236	0.708578229	0.8358249664	1.094190001
1667	0.567004621	0.567004621	0	0	0.8076770306	0.7101451159	0.8348712921	1.09414351
1668	0.5604193807	0.5604193807	0	0	0.8044281006	0.7070778608	0.83252877	1.094171286
1669	0.5456675887	0.5456675887	0	0	0.8061130047	0.7068886161	0.8306042552	1.094146132
1670	0.6125210524	0.6125210524	0	0	0.7983822823	0.6968124509	0.8214495778	1.094182849
1671	0.5982049108	0.5982049108	0	0	0.7993392944	0.6970944405	0.8208673596	1.094115376
1672	0.5661947131	0.5661947131	0	0	0.7965109944	0.6945957541	0.8198904395	1.094203353
1673	0.5620633364	0.5620633364	0	0	0.8079513311	0.707989037	0.8313700557	1.094164491
1674	0.4665680826	0.4665680826	0	0	0.8139750361	0.716987133	0.8399044275	1.094163299
1675	0.4602378607	0.4602378607	0	0	0.814648211	0.7184514999	0.8420172334	1.094182014
1676	0.3918662369	0.3918662369	0	0	0.8132482171	0.717250526	0.8406691551	1.094177723
1677	0.3676628172	0.3676628172	0	0	0.8116600513	0.71491611	0.8389734626	1.094161391
1678	0.3966138959	0.3966138959	0	0	0.8050996065	0.7060645223	0.8313254118	1.094203353
1679	0.4332685471	0.4332685471	0	0	0.8069471717	0.706851542	0.8312462568	1.094157219
1680	0.4698433578	0.4698433578	0	0	0.8027393818	0.7009999156	0.8256396055	1.094212651
1681	0.4598879516	0.4598879516	0	0	0.8075634837	0.7080824375	0.8327710032	1.094200253
1682	0.4194799066	0.4194799066	0	0	0.8018825054	0.7042984962	0.8307606578	1.094182611
1683	0.3632415533	0.3632415533	0	0	0.7849553227	0.6881260276	0.8180108666	1.094187737
1684	0.2841516733	0.2841516733	0	0	0.7819604278	0.6852104664	0.8172628284	1.094192743
1685	0.2604105175	0.2604105175	0	0	0.7921671867	0.6957662702	0.8264231682	1.094164491
1686	0.2847983539	0.2847983539	0	0	0.7765981555	0.6782479882	0.8104013801	1.09418714
1687	0.3265017867	0.3265017867	0	0	0.7784016728	0.6789704561	0.8108277321	1.094122767
1688	0.3524427414	0.3524427414	0	0	0.770181179	0.6696947813	0.802650094	1.094207287
1689	0.3737123609	0.3737123609	0	0	0.8015990257	0.7025545239	0.8301457167	1.094172001
1690	0.3411106467	0.3411106467	0	0	0.8061925173	0.7090781331	0.8351247907	1.094163537
1691	0.3354866803	0.3354866803	0	0	0.8012913465	0.7049934268	0.831654489	1.094160438
1692	0.289773047	0.289773047	0	0	0.8026015162	0.7069060206	0.8345141411	1.094169736
1693	0.3169633746	0.3169633746	0	0	0.8046670556	0.7078052759	0.8342278004	1.094150782
1694	0.3350071311	0.3350071311	0	0	0.7925957441	0.6938353181	0.8236782551	1.094184995
1695	0.3862393796	0.3862393796	0	0	0.7919940948	0.6921055913	0.8213064075	1.094130158
1696	0.4426788092	0.4426788092	0	0	0.7856146693	0.6841633916	0.8142998219	1.094186425
1697	0.4508934021	0.4508934021	0	0	0.7974181175	0.6980606318	0.8258812428	1.094186187
1698	0.4084607959	0.4084607959	0	0	0.7970373034	0.699049592	0.826785028	1.094166398
1699	0.3432906866	0.3432906866	0	0	0.7967175841	0.6994454265	0.8278905153	1.094192386
1700	0.2952455878	0.2952455878	0	0	0.7985262871	0.7012876868	0.8293306231	1.094158649
1701	0.3032642901	0.3032642901	0	0	0.8020936847	0.7052559853	0.8328210711	1.094149232
1702	0.3317247927	0.3317247927	0	0	0.7899027467	0.6909034252	0.8212139606	1.094184041
1703	0.3524162173	0.3524162173	0	0	0.794939518	0.6947032213	0.8225720525	1.09415853
1704	0.3755379617	0.3755379617	0	0	0.7924742699	0.6899716258	0.8180712461	1.094190598
1705	0.3864685297	0.3864685297	0	0	0.8044230938	0.7036044598	0.8284748793	1.094185352
1706	0.3533349633	0.3533349633	0	0	0.8113355041	0.7123425603	0.8356708288	1.094161034
1707	0.3437424302	0.3437424302	0	0	0.8081871271	0.7095983028	0.8332514763	1.094183683
1708	0.30288589	0.30288589	0	0	0.799926281	0.7017510533	0.8284234405	1.094178677
1709	0.3184996545	0.3184996545	0	0	0.8103736043	0.7129038572	0.8368438482	1.094159842
1710	0.3050847054	0.3050847054	0	0	0.7958193421	0.6967654228	0.8253878355	1.094179749
1711	0.3282705545	0.3282705545	0	0	0.7982399464	0.6980649829	0.825224936	1.094151258
1712	0.3703423142	0.3703423142	0	0	0.7952643633	0.692086041	0.8185992241	1.09418869
1713	0.336596936	0.336596936	0	0	0.804377079	0.7029064894	0.8280089498	1.094185472
1714	0.3172353804	0.3172353804	0	0	0.8132487535	0.7137954831	0.8362860084	1.094168186
1715	0.294830054	0.294830054	0	0	0.809384048	0.7112586498	0.8354544044	1.094159961
1716	0.2577372491	0.2577372491	0	0	0.8050101995	0.7080265284	0.8342881799	1.094174623
1717	0.2870495319	0.2870495319	0	0	0.8105885386	0.712946713	0.8372442126	1.094139934
1718	0.2905005217	0.2905005217	0	0	0.7980493903	0.6988485456	0.8272167444	1.094168901
1719	0.334420383	0.334420383	0	0	0.7992377281	0.6985870004	0.825199604	1.094154835
1720	0.3584753871	0.3584753871	0	0	0.7970072627	0.6946207881	0.8217291832	1.094186664
1721	0.3406845629	0.3406845629	0	0	0.8059200048	0.7047911882	0.8295983076	1.094183326
1722	0.2961620986	0.2961620986	0	0	0.8100125194	0.7112457752	0.8357576728	1.094161153
1723	0.2949070334	0.2949070334	0	0	0.8031975031	0.7044703364	0.8306307793	1.094198465
1724	0.2862429321	0.2862429321	0	0	0.800403595	0.702098608	0.8293431401	1.094171286
1725	0.3114440739	0.3114440739	0	0	0.8057299256	0.7077985406	0.8333519697	1.094138622
1726	0.3076598644	0.3076598644	0	0	0.7958809137	0.6966023445	0.8256890178	1.094150424
1727	0.3404132724	0.3404132724	0	0	0.7989528179	0.6986535192	0.8251467347	1.094122529
1728	0.3875525892	0.3875525892	0	0	0.7953057885	0.6927115321	0.8200636506	1.094168663
1729	0.4056464732	0.4056464732	0	0	0.8076752424	0.7068296075	0.8305369616	1.094188213
1730	0.3682980835	0.3682980835	0	0	0.8128532171	0.7139043808	0.8368622661	1.094127417
1731	0.3501830399	0.3501830399	0	0	0.8041529655	0.705530405	0.8308608532	1.094178557
1732	0.331209451	0.331209451	0	0	0.8012821674	0.7032222152	0.8298610449	1.094143867
1733	0.3380516469	0.3380516469	0	0	0.8068696856	0.7092977166	0.834857583	1.09416008
1734	0.3424193859	0.3424193859	0	0	0.800807476	0.7021744251	0.829708755	1.094118357
1735	0.3312256336	0.3312256336	0	0	0.8004131317	0.7010109425	0.8281298876	1.094095349
1736	0.3447802067	0.3447802067	0	0	0.8016090393	0.7009940147	0.8284386396	1.094096303
1737	0.3173225522	0.3173225522	0	0	0.8110957146	0.7126895189	0.837890923	1.094055057
1738	0.2858366072	0.2858366072	0	0	0.8135945201	0.7169434428	0.8416435719	1.094006419
1739	0.2973033488	0.2973033488	0	0	0.8112517595	0.7153639793	0.8399195075	1.094017506
1740	0.2788642645	0.2788642645	0	0	0.8091397285	0.7141871452	0.840200901	1.093976736
1741	0.3296406567	0.3296406567	0	0	0.8158253431	0.7214039564	0.8451106548	1.093909383
1742	0.3570323586	0.3570323586	0	0	0.8029953241	0.7064003944	0.8348397017	1.093870282
1743	0.3777779639	0.3777779639	0	0	0.8003980517	0.7038298845	0.8333183527	1.093905807
1744	0.3904828429	0.3904828429	0	0	0.8025597334	0.7044684887	0.8340523839	1.093868136
1745	0.3857951462	0.3857951462	0	0	0.8098768592	0.7133481503	0.8408064246	1.093980551
1746	0.4040903449	0.4040903449	0	0	0.8112180829	0.7143601179	0.8397660851	1.093900561
1747	0.4087779522	0.4087779522	0	0	0.8088818789	0.712667942	0.8377884626	1.093960047
1748	0.4057959616	0.4057959616	0	0	0.8099774122	0.7147906423	0.8398699164	1.093890786
1749	0.4125293493	0.4125293493	0	0	0.8148054481	0.7202185392	0.8444980383	1.093859673
1750	0.4152187109	0.4152187109	0	0	0.804923892	0.7083802223	0.8363061547	1.093778372
1751	0.4103318155	0.4103318155	0	0	0.8060666919	0.7095742822	0.8366063237	1.093751192
1752	0.4282845557	0.4282845557	0	0	0.8087896705	0.7106112838	0.8371040821	1.093727708
1753	0.4596047997	0.4596047997	0	0	0.8144127727	0.7171790004	0.8415218592	1.093840122
1754	0.4850376248	0.4850376248	0	0	0.8188416362	0.7226032615	0.8445072174	1.093803406
1755	0.4949270487	0.4949270487	0	0	0.8160426617	0.7204250693	0.842561543	1.093908072
1756	0.4813470244	0.4813470244	0	0	0.8136862516	0.7186908722	0.8425206542	1.093992829
1757	0.51261127	0.51261127	0	0	0.8165547252	0.7217476368	0.8452197313	1.093988419
1758	0.5037223101	0.5037223101	0	0	0.8015974164	0.7050631046	0.8344993591	1.093855858
1759	0.5288782716	0.5288782716	0	0	0.8006532788	0.7034031749	0.8319915533	1.093875766
1760	0.5324009657	0.5324009657	0	0	0.8008324504	0.7017685771	0.8306551576	1.093884826
1761	0.5349484682	0.5349484682	0	0	0.8036769032	0.7058103681	0.8335053325	1.093906045
1762	0.5358328819	0.5358328819	0	0	0.8041808605	0.7086353302	0.8363045454	1.093915701
1763	0.5749492049	0.5749492049	0	0	0.7991153002	0.7046816945	0.8332793117	1.093964934
1764	0.6604272723	0.6604272723	0	0	0.7946085334	0.7004069686	0.8304558992	1.093966007
1765	0.774410367	0.774410367	0	0	0.8113903999	0.7180280089	0.8436025977	1.093940973
1766	0.8406762481	0.8406762481	0	0	0.8000540733	0.7045111656	0.8349400759	1.093864322
1767	0.9403577447	0.9403577447	0	0	0.7875704765	0.6909051538	0.8242890239	1.09390223
1768	0.9479916692	0.9479916692	0	0	0.791929245	0.693382144	0.8252686858	1.093856215
1769	0.9192047119	0.9192047119	0	0	0.7918338776	0.694231689	0.8262979388	1.093923688
1770	0.9472019672	0.9472019672	0	0	0.7943421602	0.6983257532	0.8290797472	1.093978763
1771	0.9333723187	0.9333723187	0	0	0.7858085632	0.6907382011	0.823500514	1.093999267
1772	0.9698777199	0.9698777199	0	0	0.7853487134	0.6905273795	0.8239476085	1.094032526
1773	0.9543963671	0.9543963671	0	0	0.7893849611	0.6942071319	0.8258929253	1.094005227
1774	1.023504138	1.023504138	0	0	0.7848150134	0.6876340508	0.8189175725	1.093841672
1775	0.9860481024	0.9860481024	0	0	0.7740910053	0.676836133	0.811943531	1.093746066
1776	0.9476439953	0.9476439953	0	0	0.7761103511	0.677598834	0.813075304	1.093770385
1777	0.9732556343	0.9732556343	0	0	0.7861452699	0.6879108548	0.8203881383	1.093740821
1778	1.019406796	1.019406796	0	0	0.8017814159	0.7068319917	0.8348827362	1.093784928
1779	1.004328012	1.004328012	0	0	0.7973452806	0.7027140856	0.8316275477	1.093839169
1780	1.044161439	1.044161439	0	0	0.7896890044	0.6944893599	0.8261259198	1.093917251
1781	1.043633938	1.043633938	0	0	0.7860829234	0.6908746958	0.8240002394	1.093934059
1782	1.019916415	1.019916415	0	0	0.7796339393	0.6827430129	0.8169983625	1.093916297
1783	1.064522386	1.064522386	0	0	0.7760693431	0.6791137457	0.8138957024	1.0938133
1784	1.004493356	1.004493356	0	0	0.7815945148	0.6838572025	0.8175246716	1.093851686
1785	0.9718586802	0.9718586802	0	0	0.7861033678	0.6878914833	0.8196120262	1.093865156
1786	0.9831879139	0.9831879139	0	0	0.8101415038	0.7138061523	0.8367594481	1.093892455
1787	1.05310154	1.05310154	0	0	0.8035827875	0.705899775	0.8291436434	1.093912601
1788	1.026091695	1.026091695	0	0	0.791557312	0.6960923672	0.8257353902	1.093984842
1789	1.118205428	1.118205428	0	0	0.7997162938	0.7019345164	0.8277279139	1.094001293
1790	1.187091589	1.187091589	0	0	0.783946991	0.6869887114	0.8196542859	1.093892455
1791	1.255099297	1.255099297	0	0	0.7829635143	0.6857830882	0.8179725409	1.093854308
1792	1.258366585	1.258366585	0	0	0.7967134118	0.6999965906	0.8285440803	1.093883753
1793	1.231327295	1.231327295	0	0	0.7873122692	0.6907786727	0.8222481608	1.093890071
1794	1.281256318	1.281256318	0	0	0.8008328676	0.7068234682	0.8356750011	1.093916535
1795	1.249236465	1.249236465	0	0	0.7967187762	0.7037416101	0.8338654041	1.093948722
1796	1.299588919	1.299588919	0	0	0.7963849306	0.7037955523	0.8338032961	1.093958378
1797	1.273591757	1.273591757	0	0	0.7852494121	0.6917857528	0.8241715431	1.09389925
1798	1.300711989	1.300711989	0	0	0.7937349677	0.698200345	0.8284547925	1.093824387
1799	1.270608306	1.270608306	0	0	0.7973435521	0.7011950016	0.8301467896	1.093754768
1800	1.239600539	1.239600539	0	0	0.7933799028	0.6977726817	0.8285654783	1.093826413
1801	1.276348352	1.276348352	0	0	0.7910504937	0.6956328154	0.8264574409	1.0938375
1802	1.351353645	1.351353645	0	0	0.8008389473	0.7080187201	0.8366884589	1.093852043
1803	1.346198797	1.346198797	0	0	0.7878780365	0.6955183148	0.8272859454	1.093963265
1804	1.434244394	1.434244394	0	0	0.7771074176	0.683930099	0.8179855347	1.094019175
1805	1.367929459	1.367929459	0	0	0.774395287	0.6813426018	0.8146535158	1.094006062
1806	1.380699515	1.380699515	0	0	0.7802293897	0.6850779057	0.8185024261	1.093928337
1807	1.477329969	1.477329969	0	0	0.7833458185	0.6891710758	0.8235493898	1.093827009
1808	1.373591423	1.373591423	0	0	0.7920560241	0.696673274	0.8279146552	1.093800545
1809	1.366104722	1.366104722	0	0	0.7922748327	0.6976504326	0.8281754255	1.093856454
1810	1.415816665	1.415816665	0	0	0.7928509712	0.7000410557	0.8310321569	1.093903899
1811	1.433983803	1.433983803	0	0	0.7843400836	0.6929572225	0.8260939717	1.093940258
1812	1.557813764	1.557813764	0	0	0.7727788091	0.6812984943	0.8169188499	1.094001651
1813	1.594270945	1.594270945	0	0	0.7905740142	0.6979504824	0.8272897005	1.093951225
1814	1.666416407	1.666416407	0	0	0.7899092436	0.6946101189	0.8258999586	1.093825102
1815	1.796283007	1.796283007	0	0	0.7779886127	0.6832743287	0.8190934062	1.093840718
1816	1.790014029	1.790014029	0	0	0.7798649669	0.6841492653	0.8185989857	1.093897462
1817	1.774219751	1.774219751	0	0	0.7840262055	0.6889408231	0.8228570819	1.093878388
1818	1.837008119	1.837008119	0	0	0.7941958904	0.7007190585	0.8314499855	1.093926549
1819	1.780554056	1.780554056	0	0	0.789736867	0.6978522539	0.8297459483	1.093975782
1820	1.852094889	1.852094889	0	0	0.7838023305	0.6926158071	0.8258026838	1.093916297
1821	1.802809596	1.802809596	0	0	0.7748652697	0.6835839152	0.8176239729	1.09393084
1822	1.82026422	1.82026422	0	0	0.7787326574	0.6845151186	0.8198519945	1.093885303
1823	1.870377183	1.870377183	0	0	0.7816836834	0.6866240501	0.8224280477	1.093903899
1824	1.834333897	1.834333897	0	0	0.7812333107	0.6848478317	0.8190172315	1.093845129
1825	1.808670044	1.808670044	0	0	0.7853152752	0.6897244453	0.8227175474	1.093810081
1826	1.908666372	1.908666372	0	0	0.7960076332	0.7025706768	0.8323754668	1.093891144
1827	1.847629309	1.847629309	0	0	0.7877996564	0.694984138	0.8263203502	1.093974471
1828	1.948025107	1.948025107	0	0	0.7812040448	0.6884593964	0.8229817748	1.093987465
1829	1.868684173	1.868684173	0	0	0.7672485113	0.6738093495	0.8101347685	1.094030023
1830	1.916826725	1.916826725	0	0	0.7717828155	0.6761674285	0.8127349019	1.093942285
1831	2.012743711	2.012743711	0	0	0.7756282091	0.6799118519	0.8168718219	1.093837142
1832	1.860548258	1.860548258	0	0	0.7814722657	0.6855521798	0.8207970858	1.093832374
1833	1.827780604	1.827780604	0	0	0.782474637	0.6876769662	0.8220455647	1.093883514
1834	1.796647191	1.796647191	0	0	0.8157781959	0.7226948738	0.8452045918	1.093850493
1835	1.664003968	1.664003968	0	0	0.8168970942	0.723051846	0.8446512818	1.09390974
1836	1.653902292	1.653902292	0	0	0.8129355311	0.7167286873	0.8382569551	1.093888164
1837	1.656005502	1.656005502	0	0	0.811920166	0.7143192887	0.8349456787	1.093897581
1838	1.676995277	1.676995277	0	0	0.8024585247	0.7022061348	0.8247567415	1.093795896
1839	1.69616878	1.69616878	0	0	0.8036554456	0.7033196688	0.8256417513	1.093766689
1840	1.660675645	1.660675645	0	0	0.803160727	0.70299685	0.8264783025	1.093731999
1841	1.728715062	1.728715062	0	0	0.8129569292	0.7145439386	0.8362419605	1.093846917
1842	1.791982532	1.791982532	0	0	0.8255990148	0.7302178741	0.8481512666	1.093848228
1843	1.813967347	1.813967347	0	0	0.8238261938	0.7296824455	0.8494991064	1.093941808
1844	1.873818874	1.873818874	0	0	0.8240162134	0.7299282551	0.8496144414	1.093844056
1845	1.796315193	1.796315193	0	0	0.8211373091	0.7276514769	0.8491382599	1.093930721
1846	1.776692867	1.776692867	0	0	0.8148992658	0.7194659114	0.8432300091	1.093893051
1847	1.769310236	1.769310236	0	0	0.8121373057	0.7161253095	0.840179801	1.093863845
1848	1.708757639	1.708757639	0	0	0.8111807704	0.7142136097	0.8383975029	1.093789697
1849	1.689133644	1.689133644	0	0	0.8061209917	0.7087317705	0.8345927	1.093873858
1850	1.677043319	1.677043319	0	0	0.8166430593	0.722943902	0.8460333943	1.093908906
1851	1.731009483	1.731009483	0	0	0.8168278933	0.7241051793	0.8474420905	1.094002604
1852	1.751304984	1.751304984	0	0	0.8163046241	0.7235470414	0.8471201062	1.093979239
1853	1.737580657	1.737580657	0	0	0.8128944635	0.7202737331	0.8452911377	1.094011068
1854	1.719725132	1.719725132	0	0	0.797984004	0.7027891874	0.832697928	1.093959332
1855	1.726762176	1.726762176	0	0	0.7909076214	0.6954306364	0.8273644447	1.093904972
1856	1.626287341	1.626287341	0	0	0.7930648327	0.6971801519	0.8287450075	1.093878388
1857	1.603443146	1.603443146	0	0	0.7966233492	0.7008292079	0.8307359815	1.09397018
1858	1.513262749	1.513262749	0	0	0.8093215227	0.7156846523	0.8413626552	1.093816996
1859	1.454231977	1.454231977	0	0	0.794248879	0.6987689137	0.8255948424	1.093889832
1860	1.434179068	1.434179068	0	0	0.771081388	0.6745138764	0.8004063964	1.093777537
1861	1.385363221	1.385363221	0	0	0.7706797719	0.6729569435	0.7998777032	1.093909025
1862	1.331909418	1.331909418	0	0	0.762324214	0.6630189419	0.7909698486	1.093743682
1863	1.291657448	1.291657448	0	0	0.7677506804	0.6683909297	0.7967786193	1.093776703
1864	1.274413466	1.274413466	0	0	0.7829024196	0.6835591197	0.8128108978	1.09363389
1865	1.238889098	1.238889098	0	0	0.8077958226	0.7121470571	0.8377090693	1.093765616
1866	1.232830644	1.232830644	0	0	0.8056165576	0.7112535238	0.837484479	1.093676329
1867	1.256636143	1.256636143	0	0	0.800346911	0.7066406012	0.833940208	1.093880892
1868	1.273123622	1.273123622	0	0	0.7989906073	0.7057618499	0.8333035707	1.093721032
1869	1.257925987	1.257925987	0	0	0.8041554689	0.7115817666	0.8389956355	1.093805075
1870	1.25590694	1.25590694	0	0	0.7984135151	0.7040362358	0.8331592083	1.093698502
1871	1.254255176	1.254255176	0	0	0.7953780293	0.7007215619	0.829513371	1.0937078
1872	1.25617826	1.25617826	0	0	0.8010607362	0.7050638199	0.8328260779	1.093682647
1873	1.264702082	1.264702082	0	0	0.8051759601	0.7097927332	0.8360441923	1.093799353
1874	1.272579432	1.272579432	0	0	0.8067758679	0.712626338	0.838596344	1.093731165
1875	1.297841191	1.297841191	0	0	0.801579237	0.7086056471	0.8361500502	1.093935251
1876	1.320356488	1.320356488	0	0	0.8030976057	0.7102887034	0.8368487358	1.093829513
1877	1.31171298	1.31171298	0	0	0.8073538542	0.7151096463	0.8416636586	1.09388268
1878	1.308222294	1.308222294	0	0	0.8013777137	0.7078542113	0.8365247846	1.093822598
1879	1.306179643	1.306179643	0	0	0.7966321111	0.7020044923	0.8313871026	1.09374094
1880	1.292653441	1.292653441	0	0	0.7970402241	0.7009051442	0.8306754231	1.093635798
1881	1.297182322	1.297182322	0	0	0.8008414507	0.70574826	0.8346393108	1.093831062
1882	1.266849279	1.266849279	0	0	0.8051515222	0.7113444209	0.8381784558	1.093652487
1883	1.254897118	1.254897118	0	0	0.7971602082	0.7024552226	0.8287861943	1.0936414
1884	1.217020512	1.217020512	0	0	0.7927100658	0.6974636912	0.8244710565	1.093475342
1885	1.176297903	1.176297903	0	0	0.7934010029	0.6972161531	0.8246718049	1.093660235
1886	1.16791594	1.16791594	0	0	0.7992170453	0.7016679049	0.8283788562	1.093487859
1887	1.193144321	1.193144321	0	0	0.7946151495	0.6971063018	0.8243728876	1.093527198
1888	1.239068866	1.239068866	0	0	0.797488153	0.6986628771	0.8240056038	1.093389153
1889	1.142616272	1.142616272	0	0	0.8016964793	0.7046138048	0.8305357695	1.093587637
1890	1.094771981	1.094771981	0	0	0.8092097044	0.7143354416	0.838909328	1.093505621
1891	1.085783958	1.085783958	0	0	0.8069714308	0.7135279179	0.8389994502	1.093543053
1892	1.08273983	1.08273983	0	0	0.8097848296	0.7180634141	0.8432768583	1.093536258
1893	1.08223176	1.08223176	0	0	0.8071200252	0.7152462006	0.8419421315	1.093648314
1894	1.079130054	1.079130054	0	0	0.8050559163	0.711827457	0.8397787809	1.093634844
1895	1.085327625	1.085327625	0	0	0.7973592877	0.7026888132	0.8315282464	1.093571782
1896	1.116857648	1.116857648	0	0	0.7974645495	0.7009105682	0.8284147978	1.093515515
1897	1.080931425	1.080931425	0	0	0.8023701906	0.7059785128	0.8331257105	1.093681216
1898	1.036915541	1.036915541	0	0	0.8011335731	0.7076271772	0.8350558281	1.093562841
1899	1.036797523	1.036797523	0	0	0.804289341	0.7123215795	0.8404305577	1.093590617
1900	1.016284466	1.016284466	0	0	0.8026552796	0.712700963	0.8417761922	1.093634725
1901	1.018197656	1.018197656	0	0	0.8035843968	0.7132331133	0.8422120214	1.093830347
1902	1.008190632	1.008190632	0	0	0.7937224507	0.7007582188	0.832336247	1.093717694
1903	0.9938949347	0.9938949347	0	0	0.7793946862	0.6850655675	0.8192257881	1.093688965
1904	0.9616264105	0.9616264105	0	0	0.7718514204	0.675608933	0.8101952076	1.093548775
1905	0.9464123845	0.9464123845	0	0	0.7896062136	0.6943720579	0.8258545995	1.093700051
1906	0.9372717738	0.9372717738	0	0	0.7990604639	0.7059454322	0.8334469795	1.093424439
1907	0.9382605553	0.9382605553	0	0	0.7931199074	0.7002742887	0.8292794228	1.093373537
1908	0.934386909	0.934386909	0	0	0.7856439948	0.6937098503	0.8250425458	1.093218446
1909	0.9509624243	0.9509624243	0	0	0.7888417244	0.6955992579	0.8267326355	1.093345761
1910	0.9526255727	0.9526255727	0	0	0.7842428088	0.6887839437	0.8212690949	1.093357563
1911	0.9635512829	0.9635512829	0	0	0.7748728991	0.6780346036	0.8113415837	1.093376756
1912	1.031695604	1.031695604	0	0	0.7759390473	0.6783828735	0.811144948	1.093384743
1913	0.9846563935	0.9846563935	0	0	0.7832646966	0.6873216033	0.8183044195	1.093480945
1914	0.9179004431	0.9179004431	0	0	0.7931059599	0.7001990676	0.8304709196	1.093321681
1915	0.9083060026	0.9083060026	0	0	0.7908900976	0.6987463832	0.8292105794	1.093311667
1916	0.9278231263	0.9278231263	0	0	0.7946985364	0.7044543028	0.8363543153	1.093177199
1917	0.9439261556	0.9439261556	0	0	0.7926292419	0.7015402913	0.8345234394	1.093302011
1918	0.9374911189	0.9374911189	0	0	0.7900959253	0.6977716684	0.8308182955	1.093321085
1919	0.9686744213	0.9686744213	0	0	0.7888289094	0.6960228682	0.8289641142	1.093342781
1920	0.9899926782	0.9899926782	0	0	0.784060061	0.6895921826	0.823387444	1.093442678
1921	1.014217377	1.014217377	0	0	0.7857369781	0.69170928	0.8248934746	1.093473196
1922	0.9566612244	0.9566612244	0	0	0.8005709648	0.7087210417	0.8382135034	1.093345642
1923	0.9340086579	0.9340086579	0	0	0.8037358522	0.7121064663	0.8394191265	1.093272448
1924	0.9369848967	0.9369848967	0	0	0.8020455241	0.7117913365	0.839920342	1.093193173
1925	0.9515607953	0.9515607953	0	0	0.80418998	0.7133728862	0.8421943188	1.093244076
1926	0.9849424958	0.9849424958	0	0	0.7983401418	0.7070198059	0.837918222	1.093372822
1927	0.9663761854	0.9663761854	0	0	0.7949643135	0.7022637725	0.8338956237	1.093371034
1928	1.023673296	1.023673296	0	0	0.7843874693	0.6904375553	0.8250440955	1.093431473
1929	1.005148172	1.005148172	0	0	0.7900745869	0.6970337629	0.829257071	1.093510509
1930	0.9392343163	0.9392343163	0	0	0.8025192022	0.7108949423	0.8385521173	1.093247533
1931	0.9527249932	0.9527249932	0	0	0.8007296324	0.7091172934	0.8364451528	1.093253851
1932	0.9061518312	0.9061518312	0	0	0.7961630225	0.7050889134	0.8335283399	1.093092561
1933	0.8749147058	0.8749147058	0	0	0.7977426648	0.7046493888	0.8327556849	1.093164086
1934	0.8807780147	0.8807780147	0	0	0.7913799286	0.6975511909	0.8276388049	1.093233943
1935	0.8578010798	0.8578010798	0	0	0.787884295	0.6924330592	0.8225539327	1.093346834
1936	0.963036418	0.963036418	0	0	0.7869727612	0.6909421086	0.822478354	1.093395114
1937	0.8530047536	0.8530047536	0	0	0.7901545167	0.6951596141	0.825208962	1.093445659
1938	0.9235376716	0.9235376716	0	0	0.8124606609	0.7182885408	0.8378873467	1.093148947
1939	0.8413959742	0.8413959742	0	0	0.8074118495	0.7139623165	0.8361533284	1.093135834
1940	0.7870261073	0.7870261073	0	0	0.8045409918	0.7120396495	0.8369045258	1.092975855
1941	0.7606884837	0.7606884837	0	0	0.8048327565	0.7127342224	0.839487195	1.093146324
1942	0.7697510719	0.7697510719	0	0	0.805042088	0.7104436755	0.8360911012	1.093148232
1943	0.8129159808	0.8129159808	0	0	0.7997462153	0.7042506337	0.8292635679	1.093142033
1944	0.8765829802	0.8765829802	0	0	0.798651278	0.7030466199	0.8306709528	1.093313336
1945	0.87508744	0.87508744	0	0	0.799126029	0.704654038	0.8325278163	1.093317628
1946	0.8106259108	0.8106259108	0	0	0.8110093474	0.7187628746	0.842397213	1.093194008
1947	0.7998894453	0.7998894453	0	0	0.8107709289	0.7185373306	0.8413949609	1.093120575
1948	0.7847149372	0.7847149372	0	0	0.8083841205	0.7160094976	0.8402674794	1.09300518
1949	0.8006312251	0.8006312251	0	0	0.806620121	0.7143225074	0.8410218358	1.093074918
1950	0.8592358828	0.8592358828	0	0	0.8045440912	0.7104927301	0.8373085856	1.093213439
1951	0.8716787696	0.8716787696	0	0	0.7996253967	0.7033190727	0.8286880255	1.093295693
1952	0.8964217305	0.8964217305	0	0	0.7958170772	0.6992638111	0.8277872801	1.093442321
1953	0.8422077894	0.8422077894	0	0	0.8006768227	0.7062323093	0.8340428472	1.093476415
1954	0.7618019581	0.7618019581	0	0	0.8133704662	0.7206475139	0.843018949	1.09323132
1955	0.7842787504	0.7842787504	0	0	0.8128042817	0.7201138735	0.8422896266	1.093126059
1956	0.7509252429	0.7509252429	0	0	0.8151310682	0.7230042219	0.8456096649	1.092983484
1957	0.7659074664	0.7659074664	0	0	0.8103399873	0.7173525095	0.8429275751	1.093087792
1958	0.7695099711	0.7695099711	0	0	0.8044804335	0.7092897892	0.8366789818	1.093134761
1959	0.7742805481	0.7742805481	0	0	0.8045725822	0.7073147297	0.8326932192	1.093215108
1960	0.8043928742	0.8043928742	0	0	0.8074858785	0.7107571959	0.8362261653	1.093470931
1961	0.7289289832	0.7289289832	0	0	0.8073884249	0.7118448019	0.8369830251	1.093478799
1962	0.6778727174	0.6778727174	0	0	0.8147508502	0.7220574021	0.8456583619	1.093291402
1963	0.6925216913	0.6925216913	0	0	0.8113970757	0.7193155289	0.8447270393	1.093240619
1964	0.6826140285	0.6826140285	0	0	0.8137207031	0.7219845653	0.8469082713	1.093202353
1965	0.7029476166	0.7029476166	0	0	0.8087359071	0.7152132988	0.8424918652	1.09332931
1966	0.6774217486	0.6774217486	0	0	0.8047899604	0.710200429	0.8373147845	1.093267918
1967	0.7084454298	0.7084454298	0	0	0.8045542836	0.7085393071	0.8341809511	1.093281507
1968	0.7217183709	0.7217183709	0	0	0.8058393598	0.7106052637	0.8374348879	1.093531251
1969	0.6743322611	0.6743322611	0	0	0.7997018695	0.7051235437	0.8339219093	1.093472838
1970	0.6189885139	0.6189885139	0	0	0.8063344359	0.7142454386	0.8414255977	1.09341681
1971	0.6082894206	0.6082894206	0	0	0.8083504438	0.7169141173	0.843690753	1.093381286
1972	0.588653326	0.588653326	0	0	0.8103119135	0.7204020619	0.8474953175	1.093384147
1973	0.6119511724	0.6119511724	0	0	0.8064691424	0.7154104114	0.8452162743	1.093437791
1974	0.6324307919	0.6324307919	0	0	0.8005647063	0.7082036734	0.8393578529	1.093447447
1975	0.6065229774	0.6065229774	0	0	0.7968924642	0.7010771036	0.8289515376	1.093402624
1976	0.5940439105	0.5940439105	0	0	0.7950261235	0.6995666623	0.8296555281	1.093619585
1977	0.5865871906	0.5865871906	0	0	0.8019531965	0.70874089	0.838978529	1.093549132
1978	0.5484315157	0.5484315157	0	0	0.813557148	0.7226946354	0.8482078314	1.093298554
1979	0.5497261286	0.5497261286	0	0	0.8077449799	0.7174299955	0.8445568085	1.093200922
1980	0.5195769072	0.5195769072	0	0	0.8044688702	0.7145929933	0.8433555365	1.093238354
1981	0.5247481465	0.5247481465	0	0	0.800686717	0.7086852789	0.8388548493	1.093387365
1982	0.5426447988	0.5426447988	0	0	0.7953282595	0.7017584443	0.8334962726	1.093415618
1983	0.5397897363	0.5397897363	0	0	0.7881289124	0.6925318241	0.8232964873	1.093419433
1984	0.57828933	0.57828933	0	0	0.7882676721	0.6924363375	0.823500514	1.093677402
1985	0.5462403893	0.5462403893	0	0	0.7931214571	0.6995345354	0.8299646974	1.093615413
1986	0.513450563	0.513450563	0	0	0.7963593602	0.706189394	0.8360612988	1.093378186
1987	0.507486105	0.507486105	0	0	0.7948573828	0.7046025395	0.8362509608	1.093288064
1988	0.4886659086	0.4886659086	0	0	0.7899211645	0.6998954415	0.8331902623	1.093406796
1989	0.4949240088	0.4949240088	0	0	0.7900921702	0.6986224055	0.8329275846	1.093498588
1990	0.5104951859	0.5104951859	0	0	0.7885395288	0.6967946291	0.8312821388	1.093346
1991	0.5139876008	0.5139876008	0	0	0.7887718678	0.6950742006	0.8259857893	1.093225241
1992	0.5508223772	0.5508223772	0	0	0.7895441651	0.6957728267	0.8274487257	1.093639612
1993	0.553714633	0.553714633	0	0	0.7955677509	0.7030301094	0.8334931731	1.093504906
1994	0.5424767733	0.5424767733	0	0	0.8030984998	0.7124260664	0.8406254053	1.093348145
1995	0.5436455011	0.5436455011	0	0	0.799292326	0.7086458802	0.8385297656	1.093281388
1996	0.5138770342	0.5138770342	0	0	0.7940396667	0.703179121	0.8345924616	1.093359113
1997	0.5180060267	0.5180060267	0	0	0.7942286134	0.7025223374	0.8349614739	1.093540072
1998	0.5470058918	0.5470058918	0	0	0.7913979292	0.6998441219	0.8339573145	1.093462825
1999	0.5447739363	0.5447739363	0	0	0.7905281782	0.6959767938	0.8266789317	1.093418479
2000	0.5760785937	0.5760785937	0	0	0.791192472	0.6964202523	0.8276888728	1.093712211
2001	0.5754061341	0.5754061341	0	0	0.7989143133	0.7054817677	0.8361599445	1.093599319
2002	0.5788109899	0.5788109899	0	0	0.7999374866	0.7089419365	0.8379839063	1.093416572
2003	0.6394552588	0.6394552588	0	0	0.7939600348	0.7023494244	0.8317686915	1.093294024
2004	0.5756253004	0.5756253004	0	0	0.7942435741	0.7026138306	0.831425786	1.093336344
2005	0.5811371207	0.5811371207	0	0	0.7958750129	0.703178525	0.8326768279	1.093366504
2006	0.5537278056	0.5537278056	0	0	0.7861933708	0.6914971471	0.8235524297	1.093323588
2007	0.5188117027	0.5188117027	0	0	0.7886875868	0.6922265887	0.8205758929	1.093314171
2008	0.5514297485	0.5514297485	0	0	0.8022925854	0.7056677341	0.8298043013	1.093597651
2009	0.5379540324	0.5379540324	0	0	0.8068746924	0.7110665441	0.8341041803	1.093486428
2010	0.4515535235	0.4515535235	0	0	0.8093035817	0.7164871693	0.8392316103	1.093382597
2011	0.4614786506	0.4614786506	0	0	0.8030690551	0.7110544443	0.8361647725	1.093274951
2012	0.3934489787	0.3934489787	0	0	0.8044506907	0.7127372026	0.8387748003	1.09338057
2013	0.4019899964	0.4019899964	0	0	0.8043658733	0.7114261389	0.8387787938	1.09338665
2014	0.4184211493	0.4184211493	0	0	0.7951459289	0.700171411	0.8291225433	1.093317032
2015	0.4863666892	0.4863666892	0	0	0.7961522937	0.700071454	0.8256376386	1.093325019
2016	0.4944674671	0.4944674671	0	0	0.7940928936	0.6981391311	0.8261668682	1.093666077
2017	0.5081039667	0.5081039667	0	0	0.7976580858	0.7019267082	0.8290088177	1.093585372
2018	0.45805794	0.45805794	0	0	0.7996544838	0.7062923908	0.8325080872	1.093461394
2019	0.4773876667	0.4773876667	0	0	0.7954613566	0.7020892501	0.8287736177	1.093480468
2020	0.410056442	0.410056442	0	0	0.799423337	0.7068516612	0.8342627287	1.093543768
2021	0.4174646735	0.4174646735	0	0	0.7982832789	0.7051539421	0.8343840241	1.093641162
2022	0.4670841098	0.4670841098	0	0	0.7902941704	0.695838809	0.8269274831	1.093527675
2023	0.4855445325	0.4855445325	0	0	0.7920527458	0.695761621	0.8242086768	1.093521595
2024	0.4662456512	0.4662456512	0	0	0.7959920168	0.7001484632	0.8291894197	1.093779087
2025	0.4388737977	0.4388737977	0	0	0.7944481969	0.6985387206	0.8281317353	1.093631983
2026	0.4076240957	0.4076240957	0	0	0.8080971241	0.7153538465	0.8410889506	1.093611717
2027	0.4239952564	0.4239952564	0	0	0.8055446148	0.7132267952	0.8396048546	1.093487382
2028	0.3682605028	0.3682605028	0	0	0.8025155067	0.7118734121	0.8400396705	1.093632817
2029	0.3669245243	0.3669245243	0	0	0.8018265963	0.7093858719	0.839011848	1.093673706
2030	0.3845341206	0.3845341206	0	0	0.7915405035	0.6979329586	0.8316805959	1.093638062
2031	0.4037940204	0.4037940204	0	0	0.7973841429	0.7015942335	0.8315886259	1.093626618
2032	0.375821054	0.375821054	0	0	0.7991898656	0.7039734125	0.8340523839	1.093931198
2033	0.3457964957	0.3457964957	0	0	0.8017501831	0.7063569427	0.8358033299	1.093838811
2034	0.3341757059	0.3341757059	0	0	0.8069117665	0.7142862082	0.841940105	1.093690038
2035	0.3366336226	0.3366336226	0	0	0.8097419739	0.7185564041	0.8456793427	1.093775511
2036	0.2916484177	0.2916484177	0	0	0.8069773912	0.7164786458	0.8448094726	1.093796015
2037	0.3380285501	0.3380285501	0	0	0.8033360243	0.7107854486	0.8398739696	1.093850136
2038	0.3130683005	0.3130683005	0	0	0.7944783568	0.7010985613	0.8337416053	1.093689442
2039	0.3329770565	0.3329770565	0	0	0.802195847	0.7081460953	0.8378704786	1.09370327
2040	0.3268558383	0.3268558383	0	0	0.8040974736	0.7102444768	0.8402272463	1.093834758
2041	0.3230366111	0.3230366111	0	0	0.8028771281	0.708102107	0.8387783766	1.093858957
2042	0.2918155193	0.2918155193	0	0	0.8058468103	0.714125216	0.8436837792	1.093791723
2043	0.3149078488	0.3149078488	0	0	0.8098090291	0.7200710177	0.8482527733	1.093867302
2044	0.2758295834	0.2758295834	0	0	0.8039219975	0.7156614661	0.8464617133	1.093876243
2045	0.3249597847	0.3249597847	0	0	0.80411309	0.7138574719	0.8438979387	1.093932986
2046	0.3329749703	0.3329749703	0	0	0.7872079015	0.6950299144	0.830172956	1.093851209
2047	0.3329697251	0.3329697251	0	0	0.7881421447	0.6953280568	0.8295143843	1.093841553
2048	0.3098995984	0.3098995984	0	0	0.7865554094	0.6916238666	0.8262614012	1.093907356
2049	0.3014540076	0.3014540076	0	0	0.7971664667	0.7026806474	0.8356047273	1.09398365
2050	0.2765442133	0.2765442133	0	0	0.8116286993	0.7208132148	0.8487609625	1.093854904
2051	0.3005701005	0.3005701005	0	0	0.8093697429	0.7197938561	0.84828794	1.09382534
2052	0.2641810477	0.2641810477	0	0	0.8046470881	0.7170102596	0.847940743	1.093795419
2053	0.311602354	0.311602354	0	0	0.8131979704	0.7224889994	0.8493321538	1.093789697
2054	0.3225125074	0.3225125074	0	0	0.8007367253	0.7080677748	0.8399794698	1.093751311
2055	0.3402890563	0.3402890563	0	0	0.7990941405	0.7057539225	0.8372244835	1.093800545
2056	0.3332913816	0.3332913816	0	0	0.804726541	0.7107843757	0.840303421	1.093862534
2057	0.3100460768	0.3100460768	0	0	0.801350832	0.7073329091	0.838124752	1.093886256
2058	0.2640778422	0.2640778422	0	0	0.8107911944	0.7205155492	0.8492468596	1.093795419
2059	0.291743964	0.291743964	0	0	0.8144727349	0.726144135	0.8541392088	1.093808889
2060	0.2470692694	0.2470692694	0	0	0.8132340312	0.7246482372	0.8534049988	1.093780637
2061	0.2807029188	0.2807029188	0	0	0.8087874055	0.7183558345	0.8477488756	1.093769193
2062	0.329144299	0.329144299	0	0	0.8021022081	0.7087504268	0.8381294012	1.093654394
2063	0.3467347622	0.3467347622	0	0	0.8013768196	0.7083504796	0.8390542269	1.09364152
2064	0.3284520507	0.3284520507	0	0	0.804408133	0.7106528282	0.8408173919	1.093788981
2065	0.3336032629	0.3336032629	0	0	0.8130272627	0.7194122672	0.8474799395	1.093827724
2066	0.3097178042	0.3097178042	0	0	0.8233757019	0.7323114872	0.8561819196	1.09373486
2067	0.3449195623	0.3449195623	0	0	0.823491931	0.7336242795	0.8570942879	1.093831539
2068	0.2980180383	0.2980180383	0	0	0.8203001618	0.7304045558	0.8557075262	1.093767166
2069	0.3285543919	0.3285543919	0	0	0.8184670806	0.7279747128	0.8540366888	1.093789458
2070	0.3507997692	0.3507997692	0	0	0.8097220659	0.7171245813	0.8455687761	1.093829632
2071	0.356906116	0.356906116	0	0	0.8110809326	0.717941761	0.8459725976	1.093813777
2072	0.3498091102	0.3498091102	0	0	0.8102078438	0.7151814699	0.8430784345	1.093813896
2073	0.3660929203	0.3660929203	0	0	0.8127087951	0.7176449895	0.8452372551	1.093948603
2074	0.3256501555	0.3256501555	0	0	0.824655056	0.7338825464	0.8578099012	1.093875289
2075	0.3516069055	0.3516069055	0	0	0.8264709711	0.7366939187	0.8595090508	1.093858004
2076	0.3080650568	0.3080650568	0	0	0.8218337297	0.732568264	0.8578810096	1.093897104
2077	0.3110555708	0.3110555708	0	0	0.8206171989	0.7307941914	0.8568680882	1.093822837
2078	0.3655723035	0.3655723035	0	0	0.8027531505	0.7089040875	0.8399736285	1.093731999
2079	0.3780094683	0.3780094683	0	0	0.8050596118	0.7118777037	0.8422963023	1.093757391
2080	0.3770300448	0.3770300448	0	0	0.8110013008	0.7167279124	0.8449054956	1.093860984
2081	0.3762564361	0.3762564361	0	0	0.8150067329	0.7209103107	0.848036468	1.093918324
2082	0.3787993491	0.3787993491	0	0	0.8270988464	0.7354910374	0.8577695489	1.093855023
2083	0.3916874826	0.3916874826	0	0	0.8249407411	0.7347424626	0.8581525683	1.093911052
2084	0.3519399166	0.3519399166	0	0	0.824436903	0.7347537279	0.8586703539	1.093945861
2085	0.3569833338	0.3569833338	0	0	0.8201113939	0.7299602032	0.8553309441	1.09387815
2086	0.3927900791	0.3927900791	0	0	0.8110592961	0.7174045444	0.8446469307	1.093839407
2087	0.3837218881	0.3837218881	0	0	0.810448885	0.7165544629	0.8443121314	1.093854308
2088	0.3755107522	0.3755107522	0	0	0.8078818321	0.7130427957	0.841797173	1.093948603
2089	0.3540766239	0.3540766239	0	0	0.8046748638	0.7095112801	0.8392966986	1.093979716
2090	0.364628166	0.364628166	0	0	0.8192509413	0.7271875739	0.8517024517	1.093918443
2091	0.4028999805	0.4028999805	0	0	0.8176638484	0.7269371748	0.8519179821	1.093977451
2092	0.3378209472	0.3378209472	0	0	0.8137754798	0.7237021923	0.8515667915	1.094005227
2093	0.3312849998	0.3312849998	0	0	0.8069972992	0.7164195776	0.8472180963	1.093960047
2094	0.3364076018	0.3364076018	0	0	0.7966734767	0.7029717565	0.8359492421	1.093958855
2095	0.3427837491	0.3427837491	0	0	0.7939576507	0.7005378604	0.8350960612	1.093868852
2096	0.3163972497	0.3163972497	0	0	0.7869420648	0.6910539269	0.8259816766	1.093957305
2097	0.3074160516	0.3074160516	0	0	0.7791687846	0.6828457713	0.8195189238	1.094015718
2098	0.302785933	0.302785933	0	0	0.8066871166	0.7152397037	0.8463146687	1.093965173
2099	0.3174543679	0.3174543679	0	0	0.8115742803	0.7219488025	0.8508303761	1.094010711
2100	0.3107002974	0.3107002974	0	0	0.8115715981	0.7226819396	0.8520644307	1.093993068
2101	0.3187875152	0.3187875152	0	0	0.8083145618	0.7177695036	0.8482128978	1.093909979
2102	0.3245505095	0.3245505095	0	0	0.7931258082	0.7005095482	0.8360821605	1.093997002
2103	0.3552666008	0.3552666008	0	0	0.792075932	0.6989956498	0.8354738355	1.093921423
2104	0.3151336312	0.3151336312	0	0	0.796941638	0.701992631	0.8351802826	1.093976378
2105	0.3208575845	0.3208575845	0	0	0.7947680354	0.6998487115	0.8332677484	1.094019532
2106	0.3177030087	0.3177030087	0	0	0.8026137352	0.7123026252	0.8448668122	1.093933821
2107	0.3176482618	0.3176482618	0	0	0.8110266924	0.7223225832	0.8523873091	1.09402585
2108	0.3317014873	0.3317014873	0	0	0.8094347119	0.7199362516	0.8505524397	1.093998909
2109	0.3192280829	0.3192280829	0	0	0.8048955202	0.7133811712	0.8443725109	1.093989372
2110	0.3664689064	0.3664689064	0	0	0.8002637029	0.7057749629	0.8364784718	1.093871713
2111	0.352936089	0.352936089	0	0	0.7958760858	0.7029261589	0.837886095	1.093939781
2112	0.3246286213	0.3246286213	0	0	0.8019486666	0.708160758	0.8402810097	1.093956947
2113	0.3063705266	0.3063705266	0	0	0.798808217	0.7059149742	0.8399023414	1.093976855
2114	0.3207850456	0.3207850456	0	0	0.8010552526	0.711654067	0.8450710773	1.093920469
2115	0.3156093955	0.3156093955	0	0	0.8062230349	0.7182926536	0.8492982984	1.094035149
2116	0.3220923245	0.3220923245	0	0	0.8057063222	0.7176442742	0.8497460485	1.094037175
2117	0.314663887	0.314663887	0	0	0.8047786951	0.7148694396	0.8462014198	1.094000578
2118	0.3516299129	0.3516299129	0	0	0.7862923741	0.6932064295	0.8288775682	1.094072104
2119	0.3645814955	0.3645814955	0	0	0.786160171	0.6942889094	0.8320159912	1.093991637
2120	0.3297584057	0.3297584057	0	0	0.7911172509	0.6973900199	0.8320005536	1.094037056
2121	0.3252750039	0.3252750039	0	0	0.7929711342	0.6997292638	0.8346777558	1.094056129
2122	0.3347472548	0.3347472548	0	0	0.8079150319	0.7187260389	0.8487269878	1.093919516
2123	0.335095048	0.335095048	0	0	0.8180365562	0.7306498289	0.8569291234	1.093941569
2124	0.3475851417	0.3475851417	0	0	0.8157103658	0.7281967402	0.8564100862	1.0939852
2125	0.3459262252	0.3459262252	0	0	0.8170739412	0.7275254726	0.8547862172	1.094009042
2126	0.3770076334	0.3770076334	0	0	0.8028464317	0.7099324465	0.8421856761	1.094038248
2127	0.3709919453	0.3709919453	0	0	0.7993599176	0.7059500813	0.8394989967	1.093973756
2128	0.36945647	0.36945647	0	0	0.8060595393	0.7120749354	0.8430622816	1.093981504
2129	0.3559452593	0.3559452593	0	0	0.8045330048	0.7116279602	0.8436749578	1.094045997
2130	0.3583880961	0.3583880961	0	0	0.8040356636	0.7142980099	0.8472141027	1.093911648
2131	0.3509944379	0.3509944379	0	0	0.8112317324	0.7237290144	0.8534741998	1.094000816
2132	0.3849839568	0.3849839568	0	0	0.8085339665	0.7199308872	0.8512441516	1.09403336
2133	0.3816653788	0.3816653788	0	0	0.8097919226	0.719804585	0.8495879173	1.09396255
2134	0.4184083343	0.4184083343	0	0	0.7980690002	0.7060956955	0.8400626183	1.093902349
2135	0.4192908108	0.4192908108	0	0	0.7975016832	0.7053402662	0.839730382	1.093824506
2136	0.4042235017	0.4042235017	0	0	0.8031867146	0.710134387	0.8427867889	1.093897939
2137	0.4014010727	0.4014010727	0	0	0.7983393669	0.7048529387	0.8385623097	1.093932152
2138	0.4294155538	0.4294155538	0	0	0.8024921417	0.7117884755	0.8439408541	1.093806744
2139	0.4637398422	0.4637398422	0	0	0.8121562004	0.7230297327	0.8511140943	1.093907714
2140	0.4772749543	0.4772749543	0	0	0.8109043837	0.7213078141	0.8499025702	1.093908429
2141	0.458782196	0.458782196	0	0	0.8059212565	0.7148382068	0.8455395699	1.093949676
2142	0.4468944073	0.4468944073	0	0	0.7912570238	0.6987184882	0.8352808952	1.093977332
2143	0.4460059702	0.4460059702	0	0	0.7999680042	0.7076609731	0.8422917128	1.093907952
2144	0.4445784092	0.4445784092	0	0	0.8008717895	0.7082338929	0.8422240019	1.093939185
2145	0.4285827279	0.4285827279	0	0	0.7968935966	0.7044591308	0.8394864202	1.093993187
2146	0.4329486191	0.4329486191	0	0	0.8119232655	0.7222781181	0.8520389795	1.093881369
2147	0.428191036	0.428191036	0	0	0.819083333	0.731764555	0.8591356874	1.093959332
2148	0.4373325706	0.4373325706	0	0	0.8133383393	0.7257506251	0.855387032	1.094028711
2149	0.4484697878	0.4484697878	0	0	0.8112239838	0.7211979628	0.8510532379	1.094012618
2150	0.4732569158	0.4732569158	0	0	0.796464026	0.7031829953	0.838334024	1.093999267
2151	0.462723583	0.462723583	0	0	0.7989304662	0.7064334154	0.8415780663	1.093945146
2152	0.4689278305	0.4689278305	0	0	0.8035882115	0.7117063999	0.8451880217	1.093982935
2153	0.4705401957	0.4705401957	0	0	0.8066794276	0.7144513726	0.8459715247	1.093995452
2154	0.4378790259	0.4378790259	0	0	0.8167438507	0.7266352773	0.8547968864	1.093899012
2155	0.4330943823	0.4330943823	0	0	0.8177911639	0.729842186	0.8580272198	1.094002724
2156	0.4572956562	0.4572956562	0	0	0.8192019463	0.7303559184	0.8573202491	1.093992591
2157	0.4725239575	0.4725239575	0	0	0.812214911	0.7214865685	0.8508498669	1.093935966
2158	0.5184796453	0.5184796453	0	0	0.8071700335	0.7132107019	0.843221128	1.093902469
2159	0.4793723524	0.4793723524	0	0	0.8093363643	0.7160782814	0.8459779024	1.093835235
2160	0.5103880763	0.5103880763	0	0	0.8115683198	0.717959106	0.8471648097	1.093974471
2161	0.5478998423	0.5478998423	0	0	0.8095331788	0.7152866721	0.8441926241	1.093946815
2162	0.5185614824	0.5185614824	0	0	0.815097928	0.724165082	0.8523563147	1.093867183
2163	0.567889154	0.567889154	0	0	0.8180024028	0.7281390429	0.8544838428	1.093973637
2164	0.5832252502	0.5832252502	0	0	0.8175530434	0.7267907262	0.8532748222	1.09401536
2165	0.5734885931	0.5734885931	0	0	0.8120836616	0.7199370265	0.848577857	1.094024062
2166	0.5008231401	0.5008231401	0	0	0.8034068346	0.7102267742	0.8426548243	1.093942404
2167	0.4809937179	0.4809937179	0	0	0.8056928515	0.7117567658	0.8432471156	1.093916893
2168	0.4753318131	0.4753318131	0	0	0.8045073152	0.7106338739	0.8421270251	1.09398818
2169	0.4579953551	0.4579953551	0	0	0.8036755323	0.710881412	0.8432456255	1.0939852
2170	0.4294734299	0.4294734299	0	0	0.8248730898	0.7359420061	0.8608534932	1.093868852
2171	0.4311119616	0.4311119616	0	0	0.8238279223	0.7358119488	0.8603751659	1.093906045
2172	0.4445727766	0.4445727766	0	0	0.8224333525	0.7337895632	0.8591877222	1.093978524
2173	0.4499178529	0.4499178529	0	0	0.8180115223	0.7257687449	0.8521013856	1.093969345
2174	0.666146338	0.666146338	0	0	0.8140505552	0.7171190381	0.8417616487	1.093927622
2175	0.6606833935	0.6606833935	0	0	0.8134047389	0.7163783312	0.8409306407	1.093864799
2176	0.630848825	0.630848825	0	0	0.8132163286	0.7162871361	0.8402172923	1.093961954
2177	0.5679553151	0.5679553151	0	0	0.8247267604	0.7296531796	0.8507988453	1.093902588
2178	0.4912829995	0.4912829995	0	0	0.8279054761	0.7360291481	0.8577628136	1.093844414
2179	0.455863148	0.455863148	0	0	0.8314195275	0.7418967485	0.8625897169	1.093945503
2180	0.4354020953	0.4354020953	0	0	0.82889539	0.7394785881	0.8612000346	1.093925595
2181	0.4787385166	0.4787385166	0	0	0.8214001656	0.7288302779	0.8524958491	1.093898058
2182	0.5580006838	0.5580006838	0	0	0.8211772442	0.7263092995	0.8489801288	1.093795776
2183	0.4901971221	0.4901971221	0	0	0.8196507692	0.7251018286	0.8493953943	1.093705535
2184	0.5238108635	0.5238108635	0	0	0.8225433826	0.7276552916	0.8501240611	1.093844175
2185	0.5638390779	0.5638390779	0	0	0.8286677003	0.7348532677	0.8559957147	1.093916893
2186	0.5180996656	0.5180996656	0	0	0.8304965496	0.7388656139	0.8605481386	1.093799353
2187	0.5089413524	0.5089413524	0	0	0.832069397	0.7417267561	0.8627137542	1.093898177
2188	0.5290303826	0.5290303826	0	0	0.8310595751	0.7401922941	0.8610172272	1.093914032
2189	0.5119227767	0.5119227767	0	0	0.8231031299	0.7302405834	0.8530938029	1.093826175
2190	0.502569139	0.502569139	0	0	0.8196806312	0.7256615758	0.8506680727	1.093869805
2191	0.4676677287	0.4676677287	0	0	0.818800807	0.7238387465	0.8488408327	1.093754292
2192	0.4486945868	0.4486945868	0	0	0.8181624413	0.7233317494	0.8487770557	1.093893647
2193	0.476736784	0.476736784	0	0	0.8172129393	0.7225569487	0.8483216166	1.093943834
2194	0.4399543107	0.4399543107	0	0	0.8241910338	0.7324949503	0.8570411205	1.093935966
2195	0.4134145379	0.4134145379	0	0	0.8267784119	0.7371637225	0.8609182239	1.09385705
2196	0.4616710246	0.4616710246	0	0	0.8273403645	0.737496078	0.8600325584	1.09399128
2197	0.4608435035	0.4608435035	0	0	0.8261302114	0.7342165709	0.8573237658	1.093886852
2198	0.472617656	0.472617656	0	0	0.8192422986	0.7252031565	0.851002574	1.09387517
2199	0.4362041354	0.4362041354	0	0	0.813464582	0.7189227343	0.8462954164	1.093816996
2200	0.3744517565	0.3744517565	0	0	0.814689815	0.7215298414	0.8500396013	1.093848228
2201	0.4397596121	0.4397596121	0	0	0.8188746572	0.7256114483	0.8517639637	1.093916655
2202	0.3470649421	0.3470649421	0	0	0.8198971748	0.7297051549	0.8575630188	1.093923926
2203	0.3398495913	0.3398495913	0	0	0.8220226765	0.7334579229	0.8603390455	1.094000816
2204	0.3784991801	0.3784991801	0	0	0.8250264525	0.7357304692	0.8603741527	1.094043612
2205	0.3629342914	0.3629342914	0	0	0.8150491118	0.7237157822	0.8520105481	1.09391582
2206	0.3913022876	0.3913022876	0	0	0.8114541173	0.7181897163	0.8473817706	1.093711495
2207	0.3804085553	0.3804085553	0	0	0.8090202808	0.7150653005	0.8441864252	1.093557
2208	0.3832924664	0.3832924664	0	0	0.8115116358	0.7179504037	0.8470138311	1.09373486
2209	0.3460457623	0.3460457623	0	0	0.8139664531	0.7217946649	0.8507187963	1.093872786
2210	0.3168457448	0.3168457448	0	0	0.8166096807	0.7263242006	0.8550909162	1.093894005
2211	0.3076311052	0.3076311052	0	0	0.8153336644	0.7273176908	0.8566471338	1.093879342
2212	0.3303428292	0.3303428292	0	0	0.8189178705	0.7306445241	0.8574128747	1.093961239
2213	0.3379663229	0.3379663229	0	0	0.8096653819	0.7198669314	0.850089848	1.093929052
2214	0.3583548963	0.3583548963	0	0	0.8058265448	0.7139388323	0.8454018831	1.093848705
2215	0.3366004825	0.3366004825	0	0	0.7997792363	0.7066619396	0.8393320441	1.093787074
2216	0.3377030194	0.3377030194	0	0	0.79389292	0.6994046569	0.8329209685	1.093922138
2217	0.3508940935	0.3508940935	0	0	0.8020768166	0.7080731392	0.839394331	1.093960762
2218	0.3153344989	0.3153344989	0	0	0.8088463545	0.7180154324	0.8490557075	1.093976378
2219	0.3181505799	0.3181505799	0	0	0.8158658147	0.7276646495	0.8558867574	1.09394753
2220	0.310215503	0.310215503	0	0	0.8148194551	0.726480186	0.8548854589	1.094017029
2221	0.3138744831	0.3138744831	0	0	0.8043941259	0.7145888209	0.846930027	1.093988657
2222	0.3259112537	0.3259112537	0	0	0.8008742332	0.7084467411	0.8417452574	1.093921185
2223	0.2991429865	0.2991429865	0	0	0.8002856374	0.708214879	0.8416252136	1.093827724
2224	0.3070384562	0.3070384562	0	0	0.7942954302	0.7006676793	0.8348856568	1.093838334
2225	0.3164498508	0.3164498508	0	0	0.7994877696	0.7072249055	0.8402628303	1.093915939
2226	0.2881274521	0.2881274521	0	0	0.8054774404	0.7151876688	0.8478745818	1.093903542
2227	0.2945982516	0.2945982516	0	0	0.8079398274	0.7197342515	0.8509119749	1.093994975
2228	0.28894189	0.28894189	0	0	0.8096354604	0.7205031514	0.8498415351	1.09399879
2229	0.2976097763	0.2976097763	0	0	0.7965519428	0.7059113979	0.8400233388	1.093994379
2230	0.2825942636	0.2825942636	0	0	0.7991754413	0.7068049312	0.8399353027	1.093775034
2231	0.2662441134	0.2662441134	0	0	0.7954357862	0.7029133439	0.8374621868	1.093829513
2232	0.2784535587	0.2784535587	0	0	0.7921452522	0.6989998817	0.8349318504	1.093891382
2233	0.2740432024	0.2740432024	0	0	0.7884382606	0.695727706	0.8330327272	1.09390378
2234	0.2962135673	0.2962135673	0	0	0.7885091901	0.6988466382	0.8383389711	1.093944907
2235	0.299641639	0.299641639	0	0	0.7966932654	0.7095664144	0.8450614214	1.093991756
2236	0.2843796313	0.2843796313	0	0	0.8013352156	0.7131150365	0.8463112116	1.09405005
2237	0.2845362723	0.2845362723	0	0	0.786647439	0.6966231465	0.8339449763	1.094027042
2238	0.2970051169	0.2970051169	0	0	0.7844196558	0.6932169795	0.8315423131	1.093930006
2239	0.2923533618	0.2923533618	0	0	0.7851117253	0.6943007708	0.8331323266	1.093888164
2240	0.295530498	0.295530498	0	0	0.7805819511	0.6875069737	0.8267062902	1.093931675
2241	0.2889990211	0.2889990211	0	0	0.7873282433	0.6940320134	0.8310338855	1.093946934
2242	0.2890922427	0.2890922427	0	0	0.7905087471	0.7005506754	0.8387354612	1.093930364
2243	0.291428715	0.291428715	0	0	0.8009164929	0.7141125202	0.8478398323	1.093930483
2244	0.271749258	0.271749258	0	0	0.801558435	0.7145997286	0.8480228186	1.093947172
2245	0.255114913	0.255114913	0	0	0.7942206264	0.7048135996	0.8400171399	1.093969703
2246	0.2592989206	0.2592989206	0	0	0.7926461101	0.7008711696	0.8371629119	1.093877196
2247	0.2733227313	0.2733227313	0	0	0.7834997773	0.6922111511	0.8317149878	1.093881011
2248	0.264338553	0.264338553	0	0	0.7779105902	0.685572207	0.8263021111	1.09393239
2249	0.2383389026	0.2383389026	0	0	0.7824298143	0.6899620891	0.8289597631	1.093980908
2250	0.2654230893	0.2654230893	0	0	0.7863106728	0.6962983608	0.835635066	1.093984604
2251	0.2925959229	0.2925959229	0	0	0.7891634107	0.7022522688	0.8401527405	1.094021082
2252	0.2598829269	0.2598829269	0	0	0.795627296	0.7079033852	0.8431830406	1.09399879
2253	0.25216344	0.25216344	0	0	0.7894262671	0.7001517415	0.8371567726	1.093998671
2254	0.2538104653	0.2538104653	0	0	0.7938340306	0.7026645541	0.838621676	1.093801737
2255	0.242513746	0.242513746	0	0	0.7919812799	0.6998093724	0.8352867365	1.093775988
2256	0.2573713958	0.2573713958	0	0	0.7881792784	0.6955735683	0.8325555921	1.093787313
2257	0.2447273582	0.2447273582	0	0	0.7943478823	0.7015106678	0.8363848925	1.093852639
2258	0.242692396	0.242692396	0	0	0.8044500947	0.7120354176	0.8439520597	1.093865037
2259	0.2430573702	0.2430573702	0	0	0.8106518984	0.720508635	0.8496905565	1.093932748
2260	0.2454176843	0.2454176843	0	0	0.8168558478	0.7263706326	0.853045404	1.093951941
2261	0.2592577934	0.2592577934	0	0	0.8106244206	0.7190779448	0.8476815224	1.093972325
2262	0.2467354089	0.2467354089	0	0	0.8043271303	0.710791707	0.841565609	1.093751907
2263	0.2474366874	0.2474366874	0	0	0.7932801247	0.6989725828	0.8325932026	1.093786955
2264	0.2630135119	0.2630135119	0	0	0.7886571288	0.6932454109	0.8279543519	1.093804359
2265	0.2496574074	0.2496574074	0	0	0.7877829671	0.6931267381	0.8290154338	1.093915224
2266	0.23632586	0.23632586	0	0	0.7938324809	0.699875772	0.8349120021	1.093934298
2267	0.2425041497	0.2425041497	0	0	0.8002978563	0.7092699409	0.8423727751	1.093950868
2268	0.2170893401	0.2170893401	0	0	0.8043589592	0.713680923	0.8445529938	1.093994856
2269	0.2438149154	0.2438149154	0	0	0.7941811681	0.7027554512	0.8366588354	1.09404397
2270	0.2934058607	0.2934058607	0	0	0.7914630175	0.6987526417	0.8356798291	1.093971372
2271	0.3162660301	0.3162660301	0	0	0.7886360884	0.6948262453	0.8313265443	1.094003081
2272	0.2983876169	0.2983876169	0	0	0.7938615084	0.6973941326	0.8307256103	1.093952775
2273	0.2845384777	0.2845384777	0	0	0.7941619158	0.6986548305	0.8318835497	1.093972921
2274	0.2832281888	0.2832281888	0	0	0.7957841754	0.7016884089	0.8358060718	1.093959928
2275	0.2936423719	0.2936423719	0	0	0.7967910767	0.7054692507	0.8392153978	1.094050288
2276	0.2928499579	0.2928499579	0	0	0.7989387512	0.7079527378	0.841366291	1.093970418
2277	0.3072835505	0.3072835505	0	0	0.7898631096	0.698156178	0.8340035677	1.094107628
2278	0.3236275613	0.3236275613	0	0	0.7850142121	0.6917108297	0.8296491504	1.093973279
2279	0.3184117675	0.3184117675	0	0	0.7852247953	0.6913743019	0.8281748891	1.093995094
2280	0.3311091661	0.3311091661	0	0	0.7931910753	0.6967422962	0.8292548656	1.09387815
2281	0.3285419941	0.3285419941	0	0	0.7957031727	0.7004516125	0.8324391246	1.093909979
2282	0.3382312357	0.3382312357	0	0	0.8028744459	0.7084881663	0.8386147618	1.093910813
2283	0.3457107544	0.3457107544	0	0	0.8035351038	0.7109268308	0.8405404687	1.093993306
2284	0.3523221612	0.3523221612	0	0	0.8025259376	0.7100394368	0.8412062526	1.093974948
2285	0.3819001615	0.3819001615	0	0	0.798178196	0.7055096626	0.836954236	1.094069362
2286	0.4060367942	0.4060367942	0	0	0.7928352356	0.6998906136	0.834853828	1.093931079
2287	0.3636223376	0.3636223376	0	0	0.7945207953	0.7004393339	0.8331701159	1.093907356
2288	0.3711695373	0.3711695373	0	0	0.792994976	0.696628809	0.8291172981	1.093822002
2289	0.3570213914	0.3570213914	0	0	0.7882740498	0.6935930848	0.8285934925	1.093957663
2290	0.3141710162	0.3141710162	0	0	0.7951812744	0.7007752061	0.833594799	1.093902349
2291	0.3268906474	0.3268906474	0	0	0.7940341234	0.7023947239	0.8361804485	1.09397912
2292	0.3107658625	0.3107658625	0	0	0.7950689197	0.7034140825	0.8369733095	1.093960047
2293	0.3154597878	0.3154597878	0	0	0.7871861458	0.6948000789	0.8300753832	1.094100833
2294	0.3619193137	0.3619193137	0	0	0.7807620168	0.6880982518	0.8273568153	1.093993187
2295	0.3367029428	0.3367029428	0	0	0.7820464373	0.6887868047	0.8259721398	1.093995571
2296	0.3268349171	0.3268349171	0	0	0.7871209979	0.6919184327	0.826452136	1.093924165
2297	0.3223861158	0.3223861158	0	0	0.7814972401	0.6867274046	0.8234084249	1.093974113
2298	0.2960808575	0.2960808575	0	0	0.7832936049	0.6882073879	0.8237486482	1.093984127
2299	0.3149861991	0.3149861991	0	0	0.7815435529	0.6890144348	0.8261881471	1.094084501
2300	0.3045030832	0.3045030832	0	0	0.7850481868	0.6924186945	0.8285161853	1.094087005
2301	0.3100642562	0.3100642562	0	0	0.7778739929	0.6850948334	0.822766602	1.094130754
2302	0.3409110606	0.3409110606	0	0	0.7863961458	0.6930195093	0.8296107054	1.093981743
2303	0.3223091662	0.3223091662	0	0	0.7869899273	0.6935714483	0.8289434314	1.093914866
2304	0.3299269676	0.3299269676	0	0	0.790759027	0.6946717501	0.8268231153	1.093891382
2305	0.3248238266	0.3248238266	0	0	0.788760066	0.6924521327	0.8252573609	1.093873739
2306	0.3296611607	0.3296611607	0	0	0.7964690924	0.7003557682	0.8310741186	1.093902707
2307	0.3268627524	0.3268627524	0	0	0.7982583642	0.7032776475	0.833137989	1.093947291
2308	0.3356732726	0.3356732726	0	0	0.8028422594	0.7077972889	0.8362218142	1.093987346
2309	0.3582096994	0.3582096994	0	0	0.8017713428	0.7054184079	0.8333105445	1.093990564
2310	0.3342870176	0.3342870176	0	0	0.7971701622	0.7010291815	0.8322748542	1.093917251
2311	0.3415283561	0.3415283561	0	0	0.8002220988	0.7035995722	0.8322400451	1.093906522
2312	0.3492951989	0.3492951989	0	0	0.7991555333	0.7011942267	0.8298131824	1.093893051
2313	0.3146847188	0.3146847188	0	0	0.7943682671	0.6972963214	0.8283701539	1.093919992
2314	0.31518206	0.31518206	0	0	0.8014893532	0.7050129771	0.8338163495	1.093904734
2315	0.3179292381	0.3179292381	0	0	0.798555553	0.7043911219	0.83499825	1.093942165
2316	0.3194262683	0.3194262683	0	0	0.8002750874	0.7066221833	0.8368707299	1.093966365
2317	0.3810528219	0.3810528219	0	0	0.7969866991	0.702318728	0.8328545094	1.094071031
2318	0.4027602673	0.4027602673	0	0	0.7895820141	0.6932591796	0.8268927336	1.093986392
2319	0.4322349131	0.4322349131	0	0	0.7874335051	0.6914236546	0.8247600794	1.094019175
2320	0.4451743662	0.4451743662	0	0	0.7888928652	0.6909227371	0.8225560784	1.093922496
2321	0.4580780268	0.4580780268	0	0	0.7864747047	0.6900330782	0.8233888745	1.093936563
2322	0.4324433506	0.4324433506	0	0	0.7913674712	0.6939082146	0.824162364	1.093913078
2323	0.4317218363	0.4317218363	0	0	0.786133647	0.6904835701	0.8233921528	1.094048858
2324	0.4450726807	0.4450726807	0	0	0.793199718	0.6977105141	0.8287839293	1.094003081
2325	0.4721022248	0.4721022248	0	0	0.7867123485	0.6903853416	0.8229746222	1.094118118
2326	0.5028454065	0.5028454065	0	0	0.7839149237	0.6873970628	0.8224343657	1.093946695
2327	0.4724487066	0.4724487066	0	0	0.7870697975	0.691188395	0.8245103955	1.093888283
2328	0.4827660918	0.4827660918	0	0	0.7878494263	0.6907349825	0.8237328529	1.093837261
2329	0.5048328638	0.5048328638	0	0	0.7936939001	0.6964070201	0.8262318373	1.09384656
2330	0.5081516504	0.5081516504	0	0	0.7980084419	0.7007664442	0.8286606073	1.09374249
2331	0.5035026073	0.5035026073	0	0	0.7963297963	0.7006758451	0.8291733861	1.0938555
2332	0.5195476413	0.5195476413	0	0	0.8015962243	0.7060129046	0.8327815533	1.093850136
2333	0.5388288498	0.5388288498	0	0	0.7976753712	0.7013962865	0.8293273449	1.094012499
2334	0.5488678813	0.5488678813	0	0	0.7927404046	0.6956171989	0.8265935779	1.093927979
2335	0.5467104912	0.5467104912	0	0	0.7968096137	0.6992678642	0.8267598748	1.093926072
2336	0.5117259026	0.5117259026	0	0	0.7927237749	0.6947647333	0.8247109652	1.093808055
2337	0.5021352172	0.5021352172	0	0	0.7871854901	0.6903162599	0.8221142292	1.093868136
2338	0.5226149559	0.5226149559	0	0	0.7946515083	0.6979411244	0.8257994652	1.093843222
2339	0.5417851806	0.5417851806	0	0	0.7968066931	0.7019724846	0.8307484388	1.093919516
2340	0.566532433	0.566532433	0	0	0.8019327521	0.707510829	0.834390521	1.09384644
2341	0.6544905901	0.6544905901	0	0	0.7956514955	0.7007839084	0.8297255635	1.093992114
2342	0.649123311	0.649123311	0	0	0.795814991	0.6990267634	0.8286455274	1.0938555
2343	0.6281207204	0.6281207204	0	0	0.7935910225	0.6962954402	0.8244703412	1.093868017
2344	0.635304153	0.635304153	0	0	0.787392199	0.689483285	0.8189057112	1.093756557
2345	0.6675593257	0.6675593257	0	0	0.7879151106	0.6913022399	0.8221698999	1.09383142
2346	0.6814562678	0.6814562678	0	0	0.7919377685	0.6959355474	0.8239330053	1.093837976
2347	0.6834028959	0.6834028959	0	0	0.7947133183	0.7003780603	0.8291503191	1.093940496
2348	0.7040635347	0.7040635347	0	0	0.7990539074	0.7055381536	0.8327359557	1.093901277
2349	0.7357202172	0.7357202172	0	0	0.7887806892	0.6936904192	0.8235889673	1.0940485
2350	0.7273535728	0.7273535728	0	0	0.7811498046	0.6862970591	0.821898222	1.093982577
2351	0.6934975386	0.6934975386	0	0	0.7801932096	0.6846755147	0.8191031218	1.094013333
2352	0.6942834854	0.6942834854	0	0	0.7806051373	0.6837265491	0.817764163	1.093866944
2353	0.7065278888	0.7065278888	0	0	0.7748942375	0.6782477498	0.8131734729	1.093897581
2354	0.7122009397	0.7122009397	0	0	0.7821983099	0.6864800453	0.8192030787	1.093874335
2355	0.723919332	0.723919332	0	0	0.7770475745	0.6813523173	0.8138979077	1.093948603
2356	0.7626668215	0.7626668215	0	0	0.7905930281	0.695830822	0.8261964917	1.093949318
2357	0.7532421947	0.7532421947	0	0	0.7846443653	0.688965261	0.8205624819	1.094053864
2358	0.8207197785	0.8207197785	0	0	0.7730374932	0.6773986816	0.8146620989	1.094006419
2359	0.7476282716	0.7476282716	0	0	0.7855899334	0.6906651258	0.8247004747	1.093943238
2360	0.7327460051	0.7327460051	0	0	0.7792157531	0.6830146909	0.8190423846	1.093842149
2361	0.7208763957	0.7208763957	0	0	0.7685391307	0.6719908714	0.8088700175	1.093888044
2362	0.728726089	0.728726089	0	0	0.7890668511	0.6939650774	0.8256022334	1.093889117
2363	0.7195953131	0.7195953131	0	0	0.7894177437	0.6960487962	0.8266416192	1.09389174
2364	0.8143542409	0.8143542409	0	0	0.8059549928	0.7116797566	0.8360857368	1.093879938
2365	0.8010489345	0.8010489345	0	0	0.8012625575	0.7041951418	0.8287655115	1.093988299
2366	0.7962706685	0.7962706685	0	0	0.7917193174	0.6924689412	0.8196813464	1.093894124
2367	0.8258405328	0.8258405328	0	0	0.7878130674	0.6892580986	0.8162557483	1.093833804
2368	0.8198812604	0.8198812604	0	0	0.7961239815	0.6969153881	0.8219507337	1.093768477
2369	0.8186337352	0.8186337352	0	0	0.7959275246	0.6971290708	0.8225831389	1.093853474
2370	0.7737858891	0.7737858891	0	0	0.7978926897	0.7006611228	0.8261935711	1.093837023
2371	0.7540066838	0.7540066838	0	0	0.7931758165	0.698598206	0.8260416985	1.093861341
2372	0.7972975969	0.7972975969	0	0	0.7972434163	0.7031573057	0.8304148316	1.093889475
2373	0.815615356	0.815615356	0	0	0.7858996391	0.6908020973	0.8213461637	1.094025135
2374	0.8130383492	0.8130383492	0	0	0.7888026237	0.6934612989	0.8256179094	1.09392786
2375	0.7692633271	0.7692633271	0	0	0.7899075747	0.6948754191	0.8260617256	1.093911648
2376	0.7808950543	0.7808950543	0	0	0.7861537933	0.6895748377	0.8209272027	1.093848228
2377	0.7674688697	0.7674688697	0	0	0.7774724364	0.6794455647	0.811242938	1.093868375
2378	0.7602158785	0.7602158785	0	0	0.7871496081	0.6901015639	0.820192039	1.093839645
2379	0.7916809916	0.7916809916	0	0	0.7829818726	0.6878310442	0.8189287782	1.093886256
2380	0.8153043389	0.8153043389	0	0	0.7867978215	0.6917939186	0.8224598169	1.093930364
2381	0.8316726685	0.8316726685	0	0	0.7779954076	0.6819748878	0.8142338991	1.094046593
2382	0.8396164775	0.8396164775	0	0	0.7735812068	0.6770066023	0.8119568825	1.093976498
2383	0.8062409759	0.8062409759	0	0	0.7730051875	0.6770378947	0.8123247027	1.093974352
2384	0.8046680689	0.8046680689	0	0	0.7691739202	0.6710348129	0.8061584234	1.094022989
2385	0.7906955481	0.7906955481	0	0	0.7663818598	0.6668931842	0.800802052	1.094069242
2386	0.8028618097	0.8028618097	0	0	0.7741619349	0.6751964688	0.8084572554	1.094040871
2387	0.856903255	0.856903255	0	0	0.772967577	0.6763166189	0.8105254173	1.094049931
2388	0.9180637598	0.9180637598	0	0	0.7739998698	0.6770951152	0.8103075624	1.094056487
2389	0.9765470624	0.9765470624	0	0	0.7637144923	0.6661582589	0.8010736108	1.094130993
2390	1.09638679	1.09638679	0	0	0.7612841129	0.6630898118	0.799689889	1.094101191
2391	1.133760691	1.133760691	0	0	0.7605400085	0.6630108356	0.7997327447	1.094092846
2392	1.114753485	1.114753485	0	0	0.7530583143	0.6540782452	0.7916953564	1.094108939
2393	1.089215398	1.089215398	0	0	0.7512542605	0.651067853	0.7869630456	1.094149232
2394	1.091017723	1.091017723	0	0	0.7567398548	0.6563870311	0.7922135592	1.09413743
2395	1.131760359	1.131760359	0	0	0.7523419261	0.6543127894	0.791770041	1.094156146
2396	1.16451776	1.16451776	0	0	0.7513434291	0.6531839371	0.7899246216	1.094151139
2397	1.177707076	1.177707076	0	0	0.7400510907	0.6416525841	0.7795664668	1.094194174
2398	1.240042448	1.240042448	0	0	0.7382582426	0.6390369534	0.7785403132	1.094177485
2399	1.216324329	1.216324329	0	0	0.7392064929	0.6405183077	0.7802153826	1.094179749
2400	1.182979941	1.182979941	0	0	0.7266982198	0.6271471977	0.7680473328	1.094187737
2401	1.166592002	1.166592002	0	0	0.7424767613	0.6432355046	0.7818979621	1.094108343
2402	1.186589003	1.186589003	0	0	0.744284451	0.6446214318	0.7830494642	1.094132423
2403	1.254183412	1.254183412	0	0	0.7395961881	0.6427004933	0.7832329869	1.094094515
2404	1.26894331	1.26894331	0	0	0.7435699701	0.6477159858	0.7867019176	1.094100118
2405	1.250031471	1.250031471	0	0	0.7454453707	0.6490285397	0.7882702947	1.094128489
2406	1.310755253	1.310755253	0	0	0.7575029135	0.6609408259	0.8013180494	1.094107509
2407	1.308491707	1.308491707	0	0	0.7509053946	0.6545855403	0.7954569459	1.094100714
2408	1.216891885	1.216891885	0	0	0.7335570455	0.6370700002	0.7794060707	1.094159842
2409	1.187801123	1.187801123	0	0	0.743971765	0.6463349462	0.786198318	1.094130516
2410	1.119036913	1.119036913	0	0	0.772887826	0.6727274656	0.8050413728	1.094098926
2411	1.058784127	1.058784127	0	0	0.773665905	0.6740949154	0.8041050434	1.094029188
2412	1.209615111	1.209615111	0	0	0.7718996406	0.6757205129	0.8084908724	1.094057679
2413	1.165982366	1.165982366	0	0	0.7693575025	0.668693006	0.7978704572	1.094107985
2414	1.208623648	1.208623648	0	0	0.7593333125	0.6600103378	0.7958996296	1.094086528
2415	1.213705301	1.213705301	0	0	0.7562212944	0.6555530429	0.7871423364	1.094064713
2416	1.213211775	1.213211775	0	0	0.7576585412	0.6575041413	0.7916175127	1.094142318
2417	1.238986611	1.238986611	0	0	0.7749353051	0.6730235815	0.8009214997	1.094109297
2418	1.259439707	1.259439707	0	0	0.7809150219	0.6805087924	0.8099739552	1.094076157
2419	1.298012495	1.298012495	0	0	0.7712773681	0.6737776995	0.8065972328	1.094022512
2420	1.376904845	1.376904845	0	0	0.7747414708	0.6787890196	0.8115062714	1.094055891
2421	1.315675139	1.315675139	0	0	0.7665741444	0.6690509319	0.8034260273	1.094143987
2422	1.334790945	1.334790945	0	0	0.7669429779	0.6689956784	0.8055976033	1.094114065
2423	1.2604177	1.2604177	0	0	0.7667068243	0.6678526998	0.8026738763	1.094121695
2424	1.24156642	1.24156642	0	0	0.7578393221	0.6576277614	0.7929515839	1.094168186
2425	1.240855217	1.240855217	0	0	0.7695739269	0.6692612767	0.802110672	1.09414196
2426	1.320773482	1.320773482	0	0	0.7850441933	0.6856036186	0.8155579567	1.094088912
2427	1.374135375	1.374135375	0	0	0.7758480906	0.6792683005	0.8127843738	1.094042778
2428	1.434077978	1.434077978	0	0	0.7758442163	0.6806427836	0.8140718341	1.094096184
2429	1.33856833	1.33856833	0	0	0.7726912498	0.6759062409	0.8096427917	1.094136596
2430	1.353138089	1.353138089	0	0	0.7743204832	0.6775164008	0.813025713	1.094108701
2431	1.289743662	1.289743662	0	0	0.7758296728	0.677736938	0.8112176061	1.094083548
2432	1.267089725	1.267089725	0	0	0.7637289166	0.6648108363	0.8006699681	1.094161749
2433	1.242011428	1.242011428	0	0	0.7726114988	0.6734603047	0.8072100878	1.09411788
2434	1.282877684	1.282877684	0	0	0.7894697785	0.6903986931	0.8184484839	1.09407866
2435	1.227171063	1.227171063	0	0	0.7880535126	0.6895359755	0.8180663586	1.094014883
2436	1.244928837	1.244928837	0	0	0.7887320518	0.6910429597	0.8186279535	1.094087839
2437	1.25366497	1.25366497	0	0	0.7878108025	0.6882423759	0.8157877326	1.094143867
2438	1.248605132	1.248605132	0	0	0.7833948731	0.6839292645	0.8150714636	1.094121337
2439	1.268764615	1.268764615	0	0	0.7830212116	0.6831650138	0.8134209514	1.094089627
2440	1.311755657	1.311755657	0	0	0.7782159448	0.677264452	0.8061518073	1.094167113
2441	1.322055936	1.322055936	0	0	0.7869410515	0.6862475276	0.813849926	1.094130397
2442	1.351534009	1.351534009	0	0	0.7901293635	0.6905485988	0.8177329302	1.094056845
2443	1.331235647	1.331235647	0	0	0.7845664024	0.6873914599	0.8177886009	1.094022274
2444	1.407068729	1.407068729	0	0	0.7966974378	0.7010151148	0.8288815618	1.094038606
2445	1.369539022	1.369539022	0	0	0.7883363366	0.691085875	0.8210297823	1.094105959
2446	1.341166854	1.341166854	0	0	0.7861258388	0.688651979	0.8208408356	1.09411025
2447	1.316133976	1.316133976	0	0	0.7858816981	0.6877066493	0.8190487623	1.094096899
2448	1.315463305	1.315463305	0	0	0.7782360911	0.6789687276	0.81110394	1.09418273
2449	1.316494107	1.316494107	0	0	0.7824290395	0.6827597022	0.8139031529	1.09413588
2450	1.372959733	1.372959733	0	0	0.793012917	0.6944356561	0.8233128786	1.094057202
2451	1.386615276	1.386615276	0	0	0.7928580046	0.6964142323	0.8266835213	1.094034672
2452	1.411851645	1.411851645	0	0	0.7986058593	0.7028746605	0.8306105733	1.094054341
2453	1.382959485	1.382959485	0	0	0.7889777422	0.6927205324	0.8238828778	1.094099641
2454	1.347292542	1.347292542	0	0	0.7856997252	0.6897019744	0.8234724402	1.094092369
2455	1.318001986	1.318001986	0	0	0.7903605103	0.6937014461	0.8255558014	1.094090462
2456	1.294534087	1.294534087	0	0	0.7803495526	0.6829577088	0.8171206117	1.094183087
2457	1.304657936	1.304657936	0	0	0.7827836275	0.6846717596	0.8178157806	1.094150424
2458	1.338360667	1.338360667	0	0	0.796790421	0.6997514963	0.8286973834	1.09406364
2459	1.238171935	1.238171935	0	0	0.7921135426	0.6956850886	0.8254593611	1.094036698
2460	1.223832965	1.223832965	0	0	0.7973451018	0.700914681	0.8285732269	1.094078302
2461	1.232454538	1.232454538	0	0	0.7922687531	0.6947430968	0.8245241046	1.094124794
2462	1.263340235	1.263340235	0	0	0.792858839	0.6958810091	0.8270943761	1.094099164
2463	1.246328115	1.246328115	0	0	0.7887425423	0.6905037761	0.8211352229	1.094087958
2464	1.293443561	1.293443561	0	0	0.7875570655	0.6880080104	0.8164134026	1.094179749
2465	1.265023589	1.265023589	0	0	0.7907325029	0.6918171048	0.8212767243	1.094128013
2466	1.316061974	1.316061974	0	0	0.7938832045	0.6977562308	0.8271744251	1.094054103
2467	1.313511252	1.313511252	0	0	0.7919139862	0.6982428432	0.8296315074	1.094044328
2468	1.332980514	1.332980514	0	0	0.792838037	0.6992167234	0.8293485045	1.094059587
2469	1.317350984	1.317350984	0	0	0.7879471779	0.6929074526	0.8246375322	1.094128013
2470	1.30694747	1.30694747	0	0	0.7886753082	0.6941512823	0.8275611401	1.094090343
2471	1.26160121	1.26160121	0	0	0.7885539532	0.6926118135	0.8249818087	1.094078302
2472	1.247896791	1.247896791	0	0	0.783003211	0.6864863038	0.819199264	1.094175816
2473	1.260504603	1.260504603	0	0	0.7928208709	0.6957066059	0.8262450099	1.094129324
2474	1.326828241	1.326828241	0	0	0.8008547425	0.7048644423	0.832801342	1.094064236
2475	1.309050083	1.309050083	0	0	0.7997105122	0.7058807015	0.8348870277	1.093996286
2476	1.346954703	1.346954703	0	0	0.800231576	0.7073351145	0.8357864618	1.094016194
2477	1.33119607	1.33119607	0	0	0.8008341193	0.7063276768	0.8346491456	1.09409368
2478	1.313027024	1.313027024	0	0	0.7990586162	0.7049511671	0.8360330462	1.094049573
2479	1.292016387	1.292016387	0	0	0.8024092913	0.7071225047	0.835993886	1.093990564
2480	1.238736272	1.238736272	0	0	0.7997525334	0.7051159739	0.8355261683	1.09404099
2481	1.251178741	1.251178741	0	0	0.8002448082	0.7046719193	0.8348804712	1.093926072
2482	1.244110823	1.244110823	0	0	0.8080584407	0.7124785781	0.838460803	1.093600154
2483	1.185874224	1.185874224	0	0	0.8068519831	0.7128098607	0.8394501209	1.093457103
2484	1.226647377	1.226647377	0	0	0.8083246946	0.7140460014	0.8382570148	1.093480349
2485	1.209769249	1.209769249	0	0	0.8067545295	0.7113540769	0.8372721076	1.093570471
2486	1.207048893	1.207048893	0	0	0.7851743102	0.6891415715	0.8235062361	1.093516469
2487	1.186628938	1.186628938	0	0	0.7957481146	0.6992947459	0.8295888305	1.093492746
2488	1.188249707	1.188249707	0	0	0.8045188189	0.7095602751	0.8364654779	1.093432546
2489	1.195855856	1.195855856	0	0	0.8036988378	0.7072452307	0.8353252411	1.093617201
2490	1.203793526	1.203793526	0	0	0.8092167377	0.7151212096	0.8421590924	1.093336105
2491	1.205003619	1.205003619	0	0	0.8091272712	0.7169562578	0.8442046642	1.093355775
2492	1.208294988	1.208294988	0	0	0.812287271	0.7205659151	0.8459963799	1.093443871
2493	1.211245179	1.211245179	0	0	0.8064482808	0.7134383321	0.8416578174	1.093545794
2494	1.229853034	1.229853034	0	0	0.8022814989	0.7098526955	0.8418442011	1.093467474
2495	1.198947906	1.198947906	0	0	0.8014472723	0.7088271379	0.8399472833	1.093351126
2496	1.191817999	1.191817999	0	0	0.7959298491	0.7032824755	0.8360642791	1.093344688
2497	1.181627989	1.181627989	0	0	0.7923893929	0.6979603767	0.8300484419	1.093583941
2498	1.205312252	1.205312252	0	0	0.7993644476	0.7052727938	0.8350228667	1.093416452
2499	1.202403069	1.202403069	0	0	0.8060353398	0.7150248289	0.8439690471	1.093454599
2500	1.176365495	1.176365495	0	0	0.8085600734	0.7175421715	0.8439254761	1.093505859
2501	1.173711777	1.173711777	0	0	0.8066010475	0.7145937681	0.8428125978	1.093560457
2502	1.220337868	1.220337868	0	0	0.8055649996	0.714140594	0.844923377	1.093530655
2503	1.205250025	1.205250025	0	0	0.8013212085	0.7092342973	0.8412899971	1.09337163
2504	1.214443445	1.214443445	0	0	0.7966986299	0.7053281665	0.839658916	1.093504548
2505	1.169100404	1.169100404	0	0	0.7979896069	0.7045797706	0.8371510506	1.093622804
2506	1.16023469	1.16023469	0	0	0.8082098365	0.7155657411	0.8435578942	1.093411922
2507	1.084209204	1.084209204	0	0	0.8116280437	0.7193190455	0.8452566266	1.093272924
2508	1.065612555	1.065612555	0	0	0.802467823	0.7095663548	0.8367723823	1.093361855
2509	1.029846668	1.029846668	0	0	0.8015785217	0.707526207	0.8352763653	1.093389273
2510	1.021607041	1.021607041	0	0	0.7933646441	0.6991384625	0.8311564326	1.093366027
2511	0.9581763744	0.9581763744	0	0	0.7945071459	0.6991464496	0.8289052248	1.093308091
2512	0.9415305853	0.9415305853	0	0	0.7970889807	0.7022867799	0.8319026232	1.093319774
2513	0.9370903969	0.9370903969	0	0	0.7992265821	0.7031289339	0.8319544792	1.093461394
2514	0.9116301537	0.9116301537	0	0	0.8053684235	0.7115837932	0.8386147022	1.093317628
2515	0.9127339125	0.9127339125	0	0	0.8061988354	0.7141682506	0.8415924311	1.093290567
2516	0.9102641344	0.9102641344	0	0	0.8029913306	0.7114353776	0.83891958	1.093333364
2517	0.9176265001	0.9176265001	0	0	0.7945842743	0.7018723488	0.8326870203	1.093424439
2518	0.929582119	0.929582119	0	0	0.7954040766	0.7027468681	0.8352499604	1.093399405
2519	0.9124932289	0.9124932289	0	0	0.7950934172	0.701701045	0.8324834108	1.093343019
2520	0.9240390062	0.9240390062	0	0	0.790514648	0.6976341605	0.8312792182	1.093358874
2521	0.8947154284	0.8947154284	0	0	0.7927155495	0.6986404061	0.8309707642	1.093483448
2522	0.895757556	0.895757556	0	0	0.8009804487	0.7075806856	0.8369346857	1.093365073
2523	0.9061528444	0.9061528444	0	0	0.8082076311	0.7167733312	0.8442412019	1.093345165
2524	0.8938952088	0.8938952088	0	0	0.803381443	0.7120781541	0.8401674628	1.093383074
2525	0.8984178901	0.8984178901	0	0	0.8029070497	0.7108818889	0.839626193	1.0934515
2526	0.9147713184	0.9147713184	0	0	0.8068291545	0.7150971293	0.8441926241	1.093432188
2527	0.888448894	0.888448894	0	0	0.804399848	0.7117503285	0.8393246531	1.093383074
2528	0.9199269414	0.9199269414	0	0	0.8002123237	0.708219111	0.8393311501	1.093405008
2529	0.9237051606	0.9237051606	0	0	0.8023785353	0.7097458839	0.8408560157	1.09354043
2530	0.874335885	0.874335885	0	0	0.8121474385	0.7194196582	0.8460280299	1.093318343
2531	0.8535338044	0.8535338044	0	0	0.8122679591	0.7196074724	0.844982326	1.093214989
2532	0.8659941554	0.8659941554	0	0	0.8059399128	0.7139436007	0.8409635425	1.093258023
2533	0.836512804	0.836512804	0	0	0.8012705445	0.7083325982	0.8366875648	1.093366385
2534	0.8047409058	0.8047409058	0	0	0.8027402759	0.7088800073	0.8379400969	1.093337774
2535	0.7308018804	0.7308018804	0	0	0.8085759282	0.7133475542	0.8378075361	1.093310714
2536	0.7580598593	0.7580598593	0	0	0.8064860106	0.7118798494	0.8379807472	1.09320426
2537	0.7367293239	0.7367293239	0	0	0.8070836663	0.7113963366	0.8364233971	1.09336257
2538	0.7142353058	0.7142353058	0	0	0.81024158	0.7159386873	0.8412720561	1.093243837
2539	0.7041188478	0.7041188478	0	0	0.8094319701	0.7168809175	0.8429197669	1.093237162
2540	0.7040805817	0.7040805817	0	0	0.8072663546	0.7152714133	0.8412597179	1.093265057
2541	0.7091308832	0.7091308832	0	0	0.8041976094	0.7121217847	0.8402371407	1.0933882
2542	0.700764358	0.700764358	0	0	0.808560133	0.7158181071	0.8431025743	1.09334445
2543	0.7306157351	0.7306157351	0	0	0.8058643341	0.7129749656	0.8396205902	1.093323112
2544	0.7453152537	0.7453152537	0	0	0.7987033129	0.7054241896	0.8354029059	1.093320966
2545	0.7484648824	0.7484648824	0	0	0.801135838	0.7067347765	0.8360779285	1.093366861
2546	0.7246249914	0.7246249914	0	0	0.8107818365	0.7172228694	0.8430472016	1.093237758
2547	0.7181264162	0.7181264162	0	0	0.8109077215	0.7186143994	0.8442957997	1.093243837
2548	0.7102120519	0.7102120519	0	0	0.8092708588	0.7173962593	0.8427630663	1.093276381
2549	0.7373535633	0.7373535633	0	0	0.8082057238	0.7166901827	0.8440371752	1.093360543
2550	0.7281647921	0.7281647921	0	0	0.8128646612	0.7206408381	0.8469178081	1.093361616
2551	0.7222245932	0.7222245932	0	0	0.8086627126	0.7164157629	0.8417338133	1.093387127
2552	0.7393823266	0.7393823266	0	0	0.8066254854	0.714300096	0.8411284685	1.093367815
2553	0.7376919389	0.7376919389	0	0	0.8055100441	0.7119761705	0.8403835297	1.093467712
2554	0.7051622868	0.7051622868	0	0	0.809877038	0.7158787251	0.8412232399	1.093241453
2555	0.7211826444	0.7211826444	0	0	0.8098291755	0.7173393965	0.8434262276	1.093154788
2556	0.7188152671	0.7188152671	0	0	0.8087309003	0.7163066268	0.8415151238	1.093226671
2557	0.7677361369	0.7677361369	0	0	0.7987074852	0.7057568431	0.8344351649	1.093312979
2558	0.7411076427	0.7411076427	0	0	0.8044003248	0.7097874284	0.8368259668	1.093287826
2559	0.7541428804	0.7541428804	0	0	0.8096632361	0.7148444653	0.8384335637	1.093242645
2560	0.7835863829	0.7835863829	0	0	0.8064389229	0.7119679451	0.8375056386	1.093232274
2561	0.7866107225	0.7866107225	0	0	0.7998486757	0.7040416002	0.8313605189	1.09328711
2562	0.765486598	0.765486598	0	0	0.8072516918	0.7126156092	0.8382130861	1.093162894
2563	0.7646756172	0.7646756172	0	0	0.8072858453	0.7142829895	0.8403318524	1.093100071
2564	0.7658353448	0.7658353448	0	0	0.8049775958	0.7133750319	0.8392805457	1.093152642
2565	0.7857791185	0.7857791185	0	0	0.7972405553	0.7055125237	0.8350273967	1.093307734
2566	0.7497492433	0.7497492433	0	0	0.8039066792	0.7107434273	0.8387035131	1.093289018
2567	0.7866069078	0.7866069078	0	0	0.8053162098	0.7128095627	0.8396142125	1.093350172
2568	0.8013378382	0.8013378382	0	0	0.803001225	0.7100363374	0.837857306	1.093343973
2569	0.8096360564	0.8096360564	0	0	0.8042318225	0.7096588016	0.8376356959	1.093323827
2570	0.7708954811	0.7708954811	0	0	0.8130860329	0.7188010812	0.8432303071	1.093185663
2571	0.750390172	0.750390172	0	0	0.8122329712	0.7182423472	0.8418608904	1.093108177
2572	0.747864902	0.747864902	0	0	0.8120343089	0.7192425132	0.8423205018	1.093223333
2573	0.7532778382	0.7532778382	0	0	0.8126019239	0.7200750113	0.8449546099	1.09329474
2574	0.7539038062	0.7539038062	0	0	0.8140496612	0.720189631	0.8445179462	1.093253613
2575	0.7739524841	0.7739524841	0	0	0.8128587604	0.7191321254	0.8418191075	1.09333396
2576	0.7961590886	0.7961590886	0	0	0.8081434369	0.7144553065	0.8396548033	1.093373418
2577	0.8170618415	0.8170618415	0	0	0.8050618172	0.7107300758	0.8387361169	1.09343493
2578	0.7778124213	0.7778124213	0	0	0.813347578	0.7191795111	0.8436071277	1.093250751
2579	0.7820604444	0.7820604444	0	0	0.8103379607	0.7159001231	0.840734303	1.093011975
2580	0.8103792071	0.8103792071	0	0	0.8109129667	0.7173818946	0.8412033916	1.093124628
2581	0.8451625109	0.8451625109	0	0	0.8044837117	0.7105596066	0.8366730809	1.093212724
2582	0.8479027748	0.8479027748	0	0	0.8068249822	0.710968256	0.8366997242	1.093172312
2583	0.8814374804	0.8814374804	0	0	0.8110085726	0.7152093053	0.8379974365	1.093162537
2584	0.8818134069	0.8818134069	0	0	0.8105245233	0.714435935	0.8371891975	1.093186736
2585	0.886936903	0.886936903	0	0	0.8081951141	0.710826695	0.8341418505	1.093303442
2586	0.8758695722	0.8758695722	0	0	0.8096109033	0.7134230733	0.835983932	1.093135118
2587	0.892169416	0.892169416	0	0	0.8101971745	0.7152981162	0.8389158845	1.093009472
2588	0.8891010284	0.8891010284	0	0	0.8097426891	0.7165433168	0.8411972523	1.093062639
2589	0.8977381587	0.8977381587	0	0	0.8011833429	0.7081950307	0.8366066813	1.093221545
2590	0.8825002313	0.8825002313	0	0	0.8089388013	0.7151315212	0.8414322734	1.093151808
2591	0.9184690118	0.9184690118	0	0	0.8108189702	0.7172344327	0.8406807184	1.093160033
2592	0.9459462166	0.9459462166	0	0	0.8083677888	0.7148514986	0.8393771648	1.093189716
2593	0.9628456831	0.9628456831	0	0	0.8057934046	0.7109056711	0.8367702961	1.093193889
2594	0.9125295281	0.9125295281	0	0	0.8139504194	0.7188457847	0.841612339	1.093087554
2595	0.8708047271	0.8708047271	0	0	0.8146071434	0.7196368575	0.8412517309	1.092966318
2596	0.8600549102	0.8600549102	0	0	0.813393116	0.7197262645	0.8429489136	1.093122602
2597	0.8522006273	0.8522006273	0	0	0.8135573864	0.7196009159	0.8425067067	1.093176961
2598	0.8748186827	0.8748186827	0	0	0.813829422	0.7194500566	0.8416321278	1.093117237
2599	0.8799731135	0.8799731135	0	0	0.8186789751	0.7243927717	0.8442818522	1.09318316
2600	0.9033777118	0.9033777118	0	0	0.8144871593	0.7202302217	0.8421929479	1.093228459
2601	0.9403057098	0.9403057098	0	0	0.8054818511	0.7098742127	0.8362169862	1.093306899
2602	0.9054792523	0.9054792523	0	0	0.8140136003	0.7191313505	0.8428230286	1.093322754
2603	0.9594377875	0.9594377875	0	0	0.8119200468	0.7179234028	0.8420408964	1.093097687
2604	0.9568831921	0.9568831921	0	0	0.8138000965	0.720720768	0.8440015912	1.093130708
2605	1.020512342	1.020512342	0	0	0.8069901466	0.7144560814	0.8400407434	1.093188405
2606	1.076619506	1.076619506	0	0	0.8094021678	0.7153736949	0.8392375708	1.093072057
2607	1.138646364	1.138646364	0	0	0.8113039136	0.7173285484	0.8404957652	1.093080401
2608	1.160070181	1.160070181	0	0	0.8101296425	0.7151516676	0.8386949897	1.093107104
2609	1.183375001	1.183375001	0	0	0.8044260144	0.7082877159	0.8345184326	1.093185544
2610	1.220219016	1.220219016	0	0	0.8079157472	0.7136023045	0.8384619951	1.093190551
2611	1.219762206	1.219762206	0	0	0.8065344691	0.713137567	0.8376761079	1.093084097
2612	1.214210987	1.214210987	0	0	0.8066949248	0.7147491574	0.8399719	1.093146324
2613	1.1762079	1.1762079	0	0	0.8050252795	0.7126781344	0.8383353949	1.093262076
2614	1.219619274	1.219619274	0	0	0.8031495214	0.7110170126	0.8368700147	1.093134522
2615	1.251589656	1.251589656	0	0	0.8086710572	0.7170212865	0.8417788744	1.093152642
2616	1.226205587	1.226205587	0	0	0.8071892262	0.7144500613	0.8394827247	1.093172908
2617	1.226835728	1.226835728	0	0	0.8036812544	0.7093612552	0.8368882537	1.093197107
2618	1.178660274	1.178660274	0	0	0.807328105	0.7135278583	0.8374423981	1.093219519
2619	1.192477822	1.192477822	0	0	0.8081155419	0.7150652409	0.8384188414	1.093102574
2620	1.211756229	1.211756229	0	0	0.8103146553	0.7189578414	0.8432593346	1.093277097
2621	1.149003744	1.149003744	0	0	0.8124335408	0.7201558352	0.8433060646	1.09325707
2622	1.193832755	1.193832755	0	0	0.8118262291	0.7194440961	0.8431323171	1.093242049
2623	1.206766248	1.206766248	0	0	0.8171058893	0.7251161337	0.8474078178	1.093215585
2624	1.203970075	1.203970075	0	0	0.8133519292	0.720374763	0.8444344401	1.093312144
2625	1.254656911	1.254656911	0	0	0.8010861278	0.7065470815	0.8357976079	1.09339273
2626	1.242717981	1.242717981	0	0	0.8079702258	0.7150720358	0.8409520984	1.093404531
2627	1.320881844	1.320881844	0	0	0.8096390963	0.717731595	0.8438439369	1.093153477
2628	1.360270739	1.360270739	0	0	0.8151085973	0.7254399061	0.8502724767	1.093346596
2629	1.33071816	1.33071816	0	0	0.8132033348	0.722638905	0.8474835157	1.093433619
2630	1.417461991	1.417461991	0	0	0.808552444	0.7176687717	0.8433230519	1.093347192
2631	1.407416821	1.407416821	0	0	0.8147723079	0.7231535912	0.8466342092	1.093255758
2632	1.344290853	1.344290853	0	0	0.8174877167	0.7247433662	0.8476675153	1.093241215
2633	1.378308535	1.378308535	0	0	0.8086079955	0.7148076296	0.8419638872	1.0933249
2634	1.390136003	1.390136003	0	0	0.8133352399	0.7206372619	0.846272707	1.093439937
2635	1.440788865	1.440788865	0	0	0.8121289015	0.7207326293	0.8468899727	1.093317151
2636	1.456803918	1.456803918	0	0	0.8119065166	0.7222892046	0.8480472565	1.093363404
2637	1.394892931	1.394892931	0	0	0.8090821505	0.7184585929	0.844275713	1.093477249
2638	1.437953353	1.437953353	0	0	0.7982179523	0.7051712871	0.8351393938	1.093477249
2639	1.484602094	1.484602094	0	0	0.7998073101	0.7066307068	0.8365789056	1.093361855
2640	1.484560251	1.484560251	0	0	0.8123499751	0.7214274406	0.8480678797	1.093309641
2641	1.427807808	1.427807808	0	0	0.8083733916	0.7165148258	0.844514668	1.093339443
2642	1.391595602	1.391595602	0	0	0.811324954	0.7188233733	0.8448933959	1.093359709
2643	1.426890016	1.426890016	0	0	0.8120455146	0.7205278277	0.8459333777	1.093292594
2644	1.383348703	1.383348703	0	0	0.8150884509	0.7249558568	0.8485310674	1.093374252
2645	1.33532238	1.33532238	0	0	0.8148514032	0.7246544957	0.8477548957	1.093465567
2646	1.389706969	1.389706969	0	0	0.8143166304	0.7233958244	0.8479863405	1.093515158
2647	1.439037919	1.439037919	0	0	0.8142613173	0.7229590416	0.8480821252	1.093337178
2648	1.458936214	1.458936214	0	0	0.8126285076	0.7214468718	0.8470777869	1.093382001
2649	1.405241251	1.405241251	0	0	0.8089554906	0.7167321444	0.8435605168	1.093598485
2650	1.30806005	1.30806005	0	0	0.814868927	0.7218022346	0.8462557197	1.093441248
2651	1.247079611	1.247079611	0	0	0.8173412085	0.7245099545	0.8475829363	1.093316436
2652	1.136193752	1.136193752	0	0	0.8186374903	0.726269424	0.8470566273	1.093311191
2653	1.085616231	1.085616231	0	0	0.8189775348	0.7257517576	0.8463950157	1.093374014
2654	1.072869539	1.072869539	0	0	0.819083631	0.7244519591	0.8453971148	1.093370557
2655	1.084846258	1.084846258	0	0	0.8155904412	0.7207883	0.8425819874	1.093216538
2656	1.016771674	1.016771674	0	0	0.8230372667	0.7287886739	0.8486396074	1.093160629
2657	0.9655697942	0.9655697942	0	0	0.82365942	0.7274889946	0.8461612463	1.093305826
2658	0.9722326994	0.9722326994	0	0	0.8263504505	0.7305554152	0.8486686945	1.093290567
2659	0.992836535	0.992836535	0	0	0.8263164759	0.7323154807	0.8506923914	1.093238115
2660	1.057148337	1.057148337	0	0	0.8207415342	0.7287487984	0.8488904834	1.093265533
2661	1.084004998	1.084004998	0	0	0.8181461096	0.7259724736	0.8474062681	1.093390346
2662	1.112284541	1.112284541	0	0	0.8181488514	0.7246917486	0.8467805982	1.093455315
2663	1.117328167	1.117328167	0	0	0.8174337745	0.7235760689	0.8454022408	1.093343973
2664	1.115545034	1.115545034	0	0	0.8209232092	0.7275846601	0.8479750752	1.093259454
2665	1.094176412	1.094176412	0	0	0.817987144	0.723208487	0.8450338244	1.093353868
2666	1.07980597	1.07980597	0	0	0.8227622509	0.7274178267	0.8467901945	1.093293548
2667	1.034487724	1.034487724	0	0	0.8262984753	0.7323954105	0.8502053022	1.093279123
2668	1.026528478	1.026528478	0	0	0.8248650432	0.7316462398	0.8493632078	1.093323469
2669	1.063364744	1.063364744	0	0	0.8277988434	0.7352812886	0.8523127437	1.093348503
2670	1.09505558	1.09505558	0	0	0.8269414306	0.7337529659	0.85222435	1.093414187
2671	1.117027879	1.117027879	0	0	0.826767683	0.7331374884	0.851728797	1.09332335
2672	1.112422943	1.112422943	0	0	0.8250802159	0.7317866683	0.8518666029	1.093315721
2673	1.102644682	1.102644682	0	0	0.8210345507	0.7262175679	0.8478575945	1.093422532
2674	1.013838053	1.013838053	0	0	0.8245412707	0.7281906605	0.8469842076	1.093312502
2675	1.000061393	1.000061393	0	0	0.8270863891	0.7314199805	0.8481829762	1.093260407
2676	0.9454049468	0.9454049468	0	0	0.8208957911	0.7245314717	0.8425436616	1.093258977
2677	0.9431052208	0.9431052208	0	0	0.8171001673	0.7211292982	0.8406416774	1.093337059
2678	0.9175574183	0.9175574183	0	0	0.8157544136	0.7187825441	0.8394078612	1.093321204
2679	0.8635238409	0.8635238409	0	0	0.8138200045	0.7165528536	0.8370276093	1.093266487
2680	0.8032615185	0.8032615185	0	0	0.8219965696	0.7253933549	0.8434292674	1.093152285
2681	0.7660477161	0.7660477161	0	0	0.823369503	0.725818336	0.8434588313	1.093290687
2682	0.7432198524	0.7432198524	0	0	0.8299558759	0.7330483198	0.8489969969	1.093214393
2683	0.7533025742	0.7533025742	0	0	0.8307394981	0.736461103	0.8523545265	1.093191862
2684	0.7639294863	0.7639294863	0	0	0.825894773	0.7327603102	0.8504328132	1.093225956
2685	0.8165508509	0.8165508509	0	0	0.8198415637	0.7272959948	0.8472777009	1.0933429
2686	0.7993311286	0.7993311286	0	0	0.8170231581	0.7228677273	0.8447157741	1.093425632
2687	0.7710280418	0.7710280418	0	0	0.8159624934	0.7207484245	0.8420578837	1.093388677
2688	0.7537233233	0.7537233233	0	0	0.8193879724	0.7247790098	0.844943285	1.093250394
2689	0.7522099018	0.7522099018	0	0	0.820463717	0.7249135375	0.8445699811	1.093297362
2690	0.7364236116	0.7364236116	0	0	0.8270192742	0.7306426167	0.8474179506	1.093208432
2691	0.733435452	0.733435452	0	0	0.8313505054	0.7370012999	0.8525682092	1.093248248
2692	0.7208454609	0.7208454609	0	0	0.8299557567	0.7362110615	0.8520860076	1.093281746
2693	0.7401705384	0.7401705384	0	0	0.8296399117	0.7365974188	0.8526207209	1.093347788
2694	0.7560406923	0.7560406923	0	0	0.8257504702	0.7316835523	0.8495783806	1.093317628
2695	0.7725477815	0.7725477815	0	0	0.82226336	0.7278463244	0.8467936516	1.093286037
2696	0.756379962	0.756379962	0	0	0.8205614686	0.726669848	0.8462802172	1.09329617
2697	0.7314075828	0.7314075828	0	0	0.8218487501	0.7265182734	0.846619904	1.093371391
2698	0.7075760961	0.7075760961	0	0	0.8261992335	0.7288308144	0.8452183604	1.093315244
2699	0.7586093545	0.7586093545	0	0	0.826036334	0.7293856144	0.8442115784	1.093244195
2700	0.7554908395	0.7554908395	0	0	0.8198875189	0.7235839963	0.8398753405	1.093312979
2701	0.7952501178	0.7952501178	0	0	0.8145391345	0.7187305093	0.8372083306	1.093327284
2702	0.7690588832	0.7690588832	0	0	0.8134408593	0.7163412571	0.8359640837	1.093325019
2703	0.7862561345	0.7862561345	0	0	0.8089216948	0.7115321159	0.8318151832	1.093227386
2704	0.7706782818	0.7706782818	0	0	0.8148013353	0.7181747556	0.836150229	1.093175888
2705	0.7227857709	0.7227857709	0	0	0.8166869879	0.7191460729	0.8356432915	1.093213558
2706	0.7098069191	0.7098069191	0	0	0.8200299144	0.7226554751	0.8375514746	1.093215227
2707	0.7302439213	0.7302439213	0	0	0.8191841841	0.7237215638	0.8385505676	1.093166471
2708	0.7288886309	0.7288886309	0	0	0.8139235377	0.71910882	0.8357580304	1.093184471
2709	0.7789826393	0.7789826393	0	0	0.8086277843	0.7143167853	0.8336336017	1.0933038
2710	0.7339488268	0.7339488268	0	0	0.8075677156	0.7118635178	0.8312667608	1.093360901
2711	0.7454402447	0.7454402447	0	0	0.8041659594	0.7078919411	0.8277643919	1.093384862
2712	0.7375290394	0.7375290394	0	0	0.8038098216	0.7080565095	0.8288941979	1.093277216
2713	0.7718843818	0.7718843818	0	0	0.8055206537	0.7091910243	0.8287738562	1.093229651
2714	0.7836408019	0.7836408019	0	0	0.8092775941	0.7120501399	0.8291736841	1.093184829
2715	0.7724573016	0.7724573016	0	0	0.8148425817	0.7182680368	0.8334558606	1.093221188
2716	0.7556750178	0.7556750178	0	0	0.8085823059	0.7120716572	0.8276085854	1.09320116
2717	0.7829796076	0.7829796076	0	0	0.8068687916	0.7116479278	0.8289241791	1.093191266
2718	0.780872345	0.780872345	0	0	0.8073328137	0.7116405964	0.8294969201	1.093233347
2719	0.811829865	0.811829865	0	0	0.8050859571	0.7093691826	0.828359127	1.09330368
2720	0.7820492983	0.7820492983	0	0	0.8056430817	0.7099549174	0.829251349	1.093313813
2721	0.7813606262	0.7813606262	0	0	0.806833744	0.7105850577	0.8284445405	1.093446255
2722	0.7863110304	0.7863110304	0	0	0.8078457713	0.710295856	0.8268536925	1.093315005
2723	0.7935093641	0.7935093641	0	0	0.807947278	0.7094792128	0.8247455359	1.093282104
2724	0.7748987079	0.7748987079	0	0	0.8063367009	0.7080171108	0.823348999	1.093300104
2725	0.7775779963	0.7775779963	0	0	0.8040244579	0.7067080736	0.8241066933	1.093321085
2726	0.7508270741	0.7508270741	0	0	0.8016331196	0.7039627433	0.8220082521	1.093299627
2727	0.814434588	0.814434588	0	0	0.8006737828	0.7032307982	0.8218520284	1.093298554
2728	0.750518918	0.750518918	0	0	0.8028302789	0.7056568861	0.8241883516	1.093312263
2729	0.7336894274	0.7336894274	0	0	0.8009409904	0.7028158903	0.8216089606	1.093315601
2730	0.7411014438	0.7411014438	0	0	0.8028564453	0.7048466802	0.8220738769	1.093336105
2731	0.7321946025	0.7321946025	0	0	0.810370028	0.712975502	0.8271233439	1.093224406
2732	0.7555814981	0.7555814981	0	0	0.8048077822	0.7070301175	0.8220044374	1.093262792
2733	0.7988969684	0.7988969684	0	0	0.8025099635	0.7053147554	0.82163167	1.093364596
2734	0.7627750635	0.7627750635	0	0	0.8009334803	0.7034945488	0.8205049634	1.09342134
2735	0.7619236708	0.7619236708	0	0	0.7971615791	0.6999618411	0.8180812597	1.093428969
2736	0.7698709369	0.7698709369	0	0	0.7995784283	0.7022855282	0.820495069	1.093377471
2737	0.7838207483	0.7838207483	0	0	0.8011103272	0.7032683492	0.8209830523	1.093428373
2738	0.7923910022	0.7923910022	0	0	0.81005162	0.7114642262	0.8248189092	1.093370199
2739	0.7950623035	0.7950623035	0	0	0.8162847161	0.7186868787	0.830740869	1.093307137
2740	0.7969061732	0.7969061732	0	0	0.8118755817	0.7130179405	0.8255003691	1.09328413
2741	0.8166059852	0.8166059852	0	0	0.8123970032	0.7142779827	0.8275779486	1.093294501
2742	0.8252388239	0.8252388239	0	0	0.8096639514	0.7115364671	0.8257680535	1.09329319
2743	0.8160780072	0.8160780072	0	0	0.809951067	0.7122591734	0.8271845579	1.093367815
2744	0.8160544634	0.8160544634	0	0	0.8091987371	0.7109566927	0.8270094991	1.093408346
2745	0.7465618849	0.7465618849	0	0	0.8084670305	0.709830761	0.827188611	1.093493819
2746	0.7189924121	0.7189924121	0	0	0.8133576512	0.7147350907	0.8296767473	1.093525529
2747	0.732175827	0.732175827	0	0	0.819075346	0.7214001417	0.8342673182	1.093446016
2748	0.727976799	0.727976799	0	0	0.8168473244	0.7194061279	0.8328000307	1.093419313
2749	0.7569490075	0.7569490075	0	0	0.8139927387	0.7173047066	0.8325572014	1.093419075
2750	0.7241666317	0.7241666317	0	0	0.809047699	0.7115079761	0.8279826045	1.093452573
2751	0.7022442818	0.7022442818	0	0	0.8072623014	0.7100940943	0.8278756142	1.093448043
2752	0.7107932568	0.7107932568	0	0	0.8082890511	0.7109793425	0.8292250037	1.093524337
2753	0.6861017346	0.6861017346	0	0	0.8084328771	0.7094405293	0.8276988268	1.093553066
2754	0.6612990499	0.6612990499	0	0	0.8118149042	0.7129281759	0.8295503259	1.093521714
2755	0.6508123875	0.6508123875	0	0	0.8198215961	0.7221884727	0.8359187841	1.093470573
2756	0.6489902139	0.6489902139	0	0	0.8170107007	0.7191480398	0.8333067894	1.093439698
2757	0.6814070344	0.6814070344	0	0	0.8123847246	0.7143850923	0.8302749395	1.093566775
2758	0.6579537988	0.6579537988	0	0	0.8048475385	0.7061585188	0.8249799609	1.093582392
2759	0.6567422748	0.6567422748	0	0	0.8049702644	0.7068682909	0.825766623	1.093552113
2760	0.6622442007	0.6622442007	0	0	0.8052030206	0.7072333694	0.8264645338	1.093535066
2761	0.6611409783	0.6611409783	0	0	0.8076838255	0.7096068859	0.8289023638	1.093568683
2762	0.6701117158	0.6701117158	0	0	0.8156287074	0.7177382708	0.8330649137	1.093520284
2763	0.6522961855	0.6522961855	0	0	0.8224464655	0.7251939178	0.8380583525	1.093472242
2764	0.6588041782	0.6588041782	0	0	0.8200351	0.7229918242	0.8357892632	1.093424797
2765	0.6806014776	0.6806014776	0	0	0.8163089752	0.7193154097	0.8340594769	1.093437672
2766	0.6692832708	0.6692832708	0	0	0.8099236488	0.7119964957	0.8291050196	1.093465209
2767	0.6655604839	0.6655604839	0	0	0.8117127419	0.7141420245	0.8313624859	1.093497276
2768	0.6621531248	0.6621531248	0	0	0.8083897829	0.7107291222	0.8297849298	1.093594074
2769	0.6248506904	0.6248506904	0	0	0.8072093129	0.7092194557	0.8293261528	1.093635321
2770	0.6201018095	0.6201018095	0	0	0.8135531545	0.7161617279	0.8329128027	1.093680978
2771	0.615198195	0.615198195	0	0	0.8223330379	0.7254801989	0.8391565681	1.093512654
2772	0.6212086082	0.6212086082	0	0	0.8221837878	0.7259081602	0.8387082219	1.093482256
2773	0.6350224018	0.6350224018	0	0	0.8197308779	0.7234806418	0.8393875957	1.093470931
2774	0.6251387	0.6251387	0	0	0.8175898194	0.7204537392	0.8382963538	1.09346652
2775	0.6159059405	0.6159059405	0	0	0.8200381994	0.7229794264	0.8401324153	1.093436837
2776	0.6252679229	0.6252679229	0	0	0.8209436536	0.723366797	0.8415137529	1.093521595
2777	0.6278400421	0.6278400421	0	0	0.8206179738	0.7228935957	0.8416292071	1.093713164
2778	0.6360365748	0.6360365748	0	0	0.8228945732	0.7252079248	0.8416694403	1.093588352
2779	0.616253376	0.616253376	0	0	0.8278877735	0.7308956385	0.8458188176	1.093539596
2780	0.6396921277	0.6396921277	0	0	0.8260134459	0.7296338677	0.8427842259	1.093480349
2781	0.6612434387	0.6612434387	0	0	0.8209022284	0.7234905958	0.838678062	1.093631506
2782	0.6493669748	0.6493669748	0	0	0.812441349	0.7136368752	0.8319516778	1.093661666
2783	0.6392320395	0.6392320395	0	0	0.8166868091	0.7181710005	0.8351952434	1.093602896
2784	0.650074482	0.650074482	0	0	0.81501472	0.7170363665	0.8351662755	1.093606472
