sample	stable_mse	final_mse	gain	mapping_gate	shape_gate	scale_gate	shift_gate	pattern_entropy
0	0.945543766	0.9199501872	0.02559357882	0.5253016353	0.09421958774	0.9409056306	0.8113712072	4.018754005
1	0.91041255	0.8914998174	0.0189127326	0.5288710594	0.09352609515	0.9497406483	0.831042707	4.037215233
2	0.9063206911	0.8925748467	0.01374584436	0.5344883204	0.09454534948	0.9585236311	0.8457061052	4.028599262
3	0.9105783105	0.8964880705	0.01409024	0.541449964	0.09588502347	0.9609923363	0.849055171	4.02576828
4	0.9341219664	0.9248127937	0.00930917263	0.5467432141	0.09553324431	0.9595361352	0.844648838	3.999260664
5	0.9446482062	0.9426574707	0.001990735531	0.5359259248	0.095618397	0.9578524232	0.8378836513	4.004787445
6	0.9250819087	0.9038921595	0.02118974924	0.5353024602	0.09789408743	0.953078866	0.8311858177	4.003372192
7	0.9453575611	0.9141234159	0.03123414516	0.525113225	0.09823283553	0.9417504668	0.8142979145	4.011538982
8	0.9581606984	0.9228157997	0.0353448987	0.532235086	0.09474576265	0.9470540881	0.8234481812	4.017295361
9	0.9162217975	0.8898378015	0.02638399601	0.5329831243	0.09482674301	0.9508921504	0.8324456811	4.034189224
10	0.9009442925	0.8904093504	0.01053494215	0.5391212106	0.09525392205	0.9568377137	0.8412072062	4.026450157
11	0.9008145928	0.888170898	0.01264369488	0.5509995222	0.09641741216	0.9616075158	0.8500619531	4.020307064
12	0.9119147062	0.899389565	0.01252514124	0.5561075807	0.09581017494	0.9593060017	0.8438481688	4.011929035
13	0.9424115419	0.9251990318	0.01721251011	0.5441895127	0.09593382478	0.9572232366	0.8385573626	4.01718235
14	0.9660522938	0.9374491572	0.02860313654	0.5355662107	0.09690297395	0.9500517845	0.8280910254	4.014034271
15	0.962825954	0.9308336973	0.03199225664	0.531693995	0.09820862114	0.9401451349	0.8123312593	4.012328625
16	0.9624177814	0.9499319196	0.01248586178	0.5301437974	0.09759671241	0.9390692711	0.816190064	4.021398067
17	0.9590238929	0.9433401227	0.01568377018	0.532543838	0.0964474678	0.9452367425	0.8268047571	4.038308144
18	0.993637085	0.9735475183	0.02008956671	0.5410684943	0.09528976679	0.9543741345	0.8388130665	4.032301903
19	0.9920271039	0.9642437696	0.02778333426	0.5512091517	0.09574601799	0.9611292481	0.850504458	4.031899452
20	1.002761245	0.9677252769	0.03503596783	0.5525892973	0.09573867172	0.9567095637	0.8423042297	4.022659779
21	1.017828226	0.9920477867	0.02578043938	0.5463919044	0.09526863694	0.9583669305	0.8421436548	4.01800251
22	1.007013798	0.9737195373	0.0332942605	0.5345537066	0.09561620653	0.9494616389	0.8253763318	4.013096809
23	1.020950913	0.9867028594	0.03424805403	0.5299323201	0.09645420313	0.943177104	0.8154383302	4.012874126
24	0.9849449396	0.9728263021	0.01211863756	0.5278604031	0.09441607445	0.9402800202	0.8135805726	4.020642757
25	0.965649724	0.9489037395	0.01674598455	0.5334770679	0.09463439882	0.9483215809	0.829387486	4.033714771
26	0.983512342	0.9702547789	0.01325756311	0.5390769243	0.09330118448	0.955696404	0.8382580876	4.023119926
27	0.9613042474	0.9467903972	0.01451385021	0.5484017134	0.09477990866	0.9617009163	0.8503443599	4.028332233
28	0.9921417236	0.9786212444	0.0135204792	0.550168097	0.09361095726	0.9616015553	0.8497712016	4.016932011
29	0.9998546839	0.9829860926	0.01686859131	0.5462579131	0.09354017675	0.9591581225	0.8414271474	4.013444901
30	0.9844579101	0.9589240551	0.02553385496	0.5397332311	0.09388963878	0.9540481567	0.8310997486	4.013205528
31	0.9867879748	0.950923562	0.03586441278	0.5304698348	0.09539135545	0.9423687458	0.8134106994	4.017284393
32	0.9933985472	0.9616466761	0.03175187111	0.53905195	0.09205800295	0.9458163381	0.819524765	4.019066334
33	0.9817229509	0.9549514055	0.02677154541	0.5387769938	0.09235433489	0.9483680725	0.8227052093	4.031156063
34	0.9606579542	0.9440562725	0.01660168171	0.5445846319	0.09416590631	0.954374969	0.8333064318	4.02531004
35	0.9200990796	0.9160411358	0.004057943821	0.5476070046	0.09576398879	0.9594144225	0.8465718031	4.021401882
36	0.8927072883	0.8890900612	0.003617227077	0.5521022677	0.09523268789	0.9586313963	0.8436480761	4.013623714
37	0.8579841852	0.843798399	0.01418578625	0.5415965915	0.09460151196	0.9550836682	0.8336724639	4.020739079
38	0.7958245873	0.7802106738	0.01561391354	0.5363895297	0.09519931674	0.9466651082	0.8139884472	4.017290115
39	0.8037237525	0.7792668939	0.02445685863	0.5284295678	0.09577711672	0.9413205385	0.8130418062	4.016257286
40	0.8254024982	0.8286129832	-0.003210484982	0.5286108255	0.09644202143	0.9368388057	0.8121213317	4.026311398
41	0.8133786321	0.8027986884	0.01057994366	0.5336161256	0.09417717159	0.9426228404	0.8205389977	4.040177345
42	0.8006800413	0.7927197814	0.007960259914	0.541189909	0.094215855	0.9512841105	0.8319081068	4.031705379
43	0.7964686155	0.7832139134	0.01325470209	0.5460897088	0.09520982206	0.959102273	0.8475733995	4.022966862
44	0.7962573171	0.7821801305	0.01407718658	0.5473509431	0.09537094086	0.9593512416	0.8483546376	4.021692753
45	0.81305933	0.7935273051	0.01953202486	0.5435984731	0.09450157732	0.9574976563	0.8406597972	4.022529125
46	0.8202173114	0.7924946547	0.02772265673	0.5308702588	0.095003739	0.9487576485	0.8218118548	4.01659584
47	0.8195335865	0.7893255949	0.0302079916	0.5271136165	0.09653140604	0.94429636	0.8171702623	4.011427402
48	0.7906601429	0.7817776799	0.008882462978	0.5237962008	0.09389845282	0.9378932714	0.8108856678	4.02464056
49	0.7805422544	0.7676709294	0.01287132502	0.529587388	0.09555729479	0.9440283775	0.8222099543	4.03698349
50	0.769944489	0.7595769167	0.01036757231	0.5357827544	0.09481817484	0.9525391459	0.8353736401	4.032619476
51	0.7654218078	0.758962512	0.00645929575	0.5480300188	0.09618496895	0.9606557488	0.852083683	4.024068356
52	0.7626084685	0.7582103014	0.004398167133	0.5465624332	0.09646537155	0.9595520496	0.8489434123	4.020754814
53	0.7651460767	0.7557092309	0.009436845779	0.5463275313	0.0963383764	0.9564417601	0.8409280181	4.016375065
54	0.7575140595	0.7490256429	0.008488416672	0.5364054441	0.09623237699	0.9476282001	0.8219195008	4.012887001
55	0.7671687603	0.7513452172	0.01582354307	0.530297935	0.09731151164	0.9421674609	0.8152191639	4.0167346
56	0.7613425851	0.7510930896	0.01024949551	0.5290437341	0.09414772689	0.9399061799	0.8149259686	4.028030396
57	0.771709621	0.7557320595	0.01597756147	0.5330131054	0.09397111833	0.9456043243	0.824871242	4.038505554
58	0.7855952382	0.7726342082	0.01296103001	0.5385327339	0.09358339012	0.9554125667	0.8411002159	4.034080505
59	0.7908097506	0.7840774059	0.006732344627	0.5463508368	0.09529488534	0.9600691795	0.8521264195	4.024439812
60	0.8074033856	0.7997325659	0.007670819759	0.5469782948	0.09510258585	0.9588395357	0.8488458991	4.019855976
61	0.8211453557	0.8089093566	0.01223599911	0.545067668	0.09560208023	0.9536218047	0.8369879127	4.021103859
62	0.8452239037	0.8297632933	0.01546061039	0.5346556306	0.09510570765	0.9411486387	0.8119603395	4.015537739
63	0.8644341826	0.8450778723	0.01935631037	0.5308535695	0.09636005759	0.9350731373	0.8044721484	4.012490273
64	0.8656850457	0.8556874394	0.009997606277	0.5261987448	0.09406727552	0.9357706904	0.8095334172	4.023311138
65	0.8745334148	0.8667498231	0.007783591747	0.5315672755	0.09564848989	0.9361485839	0.8126602173	4.040378571
66	0.8829714656	0.8655244708	0.01744699478	0.5379078984	0.094191432	0.9483749866	0.8292888403	4.03503418
67	0.8743695021	0.8517737389	0.02259576321	0.5374445319	0.09458998591	0.9547917247	0.8431736827	4.028099537
68	0.873231411	0.8533117175	0.01991969347	0.5431030393	0.09455543756	0.9552133679	0.8431571722	4.016451359
69	0.886238277	0.865981698	0.02025657892	0.5388381481	0.0948440209	0.9542217255	0.8355764747	4.022392273
70	0.8976157308	0.8707655668	0.02685016394	0.5296067595	0.09497520328	0.9461277723	0.8181191683	4.012145042
71	0.8916204572	0.8710783124	0.02054214478	0.5216166377	0.09584608674	0.9388116002	0.8064202666	4.017101288
72	0.8683700562	0.8649281263	0.003441929817	0.5234876871	0.09414569288	0.9337300062	0.8044044971	4.025583744
73	0.8655179143	0.8577672243	0.007750689983	0.5265561342	0.09514378011	0.935259521	0.8077195287	4.039482117
74	0.8619996309	0.8500869274	0.01191270351	0.5348886847	0.09442340583	0.9471572042	0.8280053735	4.032928944
75	0.8518491387	0.8416960835	0.01015305519	0.5430006385	0.09565886855	0.9545243382	0.844569087	4.024118423
76	0.8512760401	0.8447714448	0.00650459528	0.5415693521	0.09695374221	0.9481898546	0.834671855	4.019293308
77	0.8469545245	0.8416994214	0.005255103111	0.5451728106	0.09672453254	0.9502480626	0.8324952126	4.013506889
78	0.8446847796	0.8375166059	0.00716817379	0.5322698355	0.09566627443	0.9442886114	0.8177942634	4.013520718
79	0.8542482257	0.8402325511	0.01401567459	0.5283343196	0.09637919813	0.9386214018	0.8080481291	4.024307251
80	0.8512954712	0.8435568213	0.007738649845	0.5273012519	0.0935613513	0.9352251887	0.8074901104	4.022012234
81	0.8608410954	0.8546847105	0.006156384945	0.5243820548	0.09352900833	0.9353687763	0.8100488782	4.042949677
82	0.8460268378	0.8404508233	0.005576014519	0.5345601439	0.09555084258	0.9443711042	0.8264678717	4.029669762
83	0.8367833495	0.8383889198	-0.001605570316	0.5352752209	0.09546589851	0.9470342994	0.8325200677	4.012984276
84	0.8192251325	0.8260916471	-0.006866514683	0.539452374	0.09527434409	0.9471657276	0.8313908577	4.016063213
85	0.8199983239	0.8235110044	-0.003512680531	0.5350496173	0.0943351388	0.9429374933	0.8214295506	4.023721695
86	0.7991093397	0.8057631254	-0.006653785706	0.5309108496	0.09523715824	0.9298228025	0.8012426496	4.013188362
87	0.8067273498	0.8092951775	-0.002567827702	0.5224740505	0.09565643221	0.9191014171	0.7910114527	4.030371666
88	0.8298861384	0.8441919684	-0.01430583	0.5238945484	0.09465847909	0.9195853472	0.7920355201	4.025677681
89	0.8076017499	0.8189877868	-0.01138603687	0.5260213017	0.09579801559	0.9244250059	0.7990178466	4.046879768
90	0.8112747669	0.8160969019	-0.004822134972	0.5336590409	0.09522546828	0.9411562085	0.8247583508	4.03559351
91	0.8117854595	0.8129555583	-0.001170098782	0.5380855203	0.0958905071	0.945374012	0.8347152472	4.02388382
92	0.8162965178	0.8143621087	0.001934409142	0.5382738709	0.09606421739	0.9426720738	0.8282338977	4.022325993
93	0.8215820789	0.8197962642	0.001785814762	0.539976716	0.09533656389	0.9447101355	0.8259564638	4.013769627
94	0.8132780194	0.8107199669	0.00255805254	0.5267775655	0.09612480551	0.9325659871	0.8024534583	4.008051872
95	0.8231223226	0.8176733851	0.005448937416	0.5254958272	0.09563492239	0.9315083623	0.801264286	4.018645287
96	0.8187103271	0.8246911168	-0.005980789661	0.5232483745	0.09351803362	0.9279719591	0.7994971275	4.027128696
97	0.8021614552	0.810855329	-0.008693873882	0.5252403021	0.09442872554	0.9331345558	0.8083634377	4.040767193
98	0.7987245917	0.8020569086	-0.003332316875	0.5337019563	0.09384263307	0.9468896985	0.8298521638	4.036190033
99	0.799975276	0.8025063276	-0.002531051636	0.537787497	0.09473909438	0.9506627321	0.8372628093	4.019608021
100	0.8022658825	0.8075369596	-0.005271077156	0.5415633321	0.09541169554	0.9497128725	0.8346264958	4.016487122
101	0.7934660912	0.8019648194	-0.008498728275	0.5406958461	0.09441415966	0.9489747286	0.8291653991	4.011313438
102	0.7897829413	0.7952795625	-0.005496621132	0.53061831	0.09540365636	0.9417772889	0.8150442243	4.008743286
103	0.7850648165	0.7818083167	0.003256499767	0.5285156965	0.0948658362	0.9338927269	0.803034544	4.022147655
104	0.7894225121	0.787968576	0.0014539361	0.5291891098	0.09285051376	0.9350258112	0.8072211146	4.025936127
105	0.7849455476	0.7773813605	0.00756418705	0.5262470841	0.09310857207	0.9387694597	0.8122210503	4.038855553
106	0.7822972536	0.785889864	-0.003592610359	0.5373576283	0.09552024305	0.9490957856	0.8304427266	4.029983997
107	0.7976448536	0.8039777875	-0.006332933903	0.5435197949	0.09625940025	0.9522922039	0.837415576	4.007111549
108	0.7992413044	0.7979576588	0.00128364563	0.5414227843	0.09619476646	0.9493380189	0.8316542506	4.015264511
109	0.7962428331	0.791726768	0.004516065121	0.5421373844	0.09629330039	0.9465709925	0.823829174	4.007273674
110	0.7746422291	0.774936676	-0.0002944469452	0.5324069262	0.09627426416	0.9333819151	0.7962488532	4.013296127
111	0.7731520534	0.7732025981	-5.054473877e-05	0.5278864503	0.0962523073	0.9259865284	0.7866137624	4.027267933
112	0.7900886536	0.7995305657	-0.009441912174	0.5247623324	0.09578587115	0.9282506108	0.7993176579	4.02916193
113	0.778799355	0.7794428468	-0.000643491745	0.5260721445	0.09668462723	0.9325026274	0.8097294569	4.046187401
114	0.776237011	0.7669675946	0.009269416332	0.5353019834	0.09542042762	0.9445984364	0.8280420899	4.04116106
115	0.7807730436	0.7689701915	0.01180285215	0.5402482152	0.09613945335	0.9451869726	0.8325116038	4.022068977
116	0.7788481712	0.765753448	0.01309472322	0.5438610315	0.09680763632	0.9455633759	0.8317105174	4.022057056
117	0.7797275782	0.7664642334	0.01326334476	0.5438265204	0.09557835013	0.9474141002	0.8281779289	4.007038116
118	0.7733590007	0.767534554	0.005824446678	0.529918015	0.0961882174	0.9377699494	0.8065078259	4.010798454
119	0.7564633489	0.7541747093	0.002288639545	0.5239724517	0.09470243007	0.9349829555	0.8021095991	4.029383183
120	0.7514914274	0.7552514076	-0.003759980202	0.5214713812	0.09384451807	0.9340993166	0.806836009	4.028911114
121	0.7483224869	0.7517105341	-0.003388047218	0.5209537745	0.09480492026	0.9385324121	0.8139744997	4.046617985
122	0.7418239117	0.7469822764	-0.005158364773	0.5331532359	0.0939167887	0.9497480989	0.8331172466	4.039560795
123	0.7404366732	0.7473570704	-0.006920397282	0.5397316813	0.09452389181	0.9529899359	0.8410149813	4.025829315
124	0.7352469563	0.7401002645	-0.004853308201	0.5459256768	0.09467941523	0.9506523609	0.8346225023	4.020711899
125	0.7343850136	0.7367213368	-0.002336323261	0.5469861031	0.09357891977	0.9541209936	0.8351615071	4.007000446
126	0.7265551686	0.7281342149	-0.001579046249	0.5351828337	0.09508663416	0.9473555684	0.8193236589	4.012804508
127	0.7208114862	0.718880415	0.001931071281	0.530485332	0.0966200605	0.942174077	0.8119442463	4.030488014
128	0.7162083983	0.7167417407	-0.0005333423615	0.5312736034	0.09255097806	0.9408224821	0.8119529486	4.026751041
129	0.7130215168	0.7104152441	0.002606272697	0.5284805894	0.09330935776	0.9475690126	0.8221071362	4.038687229
130	0.7359094024	0.7328532338	0.003056168556	0.5351663232	0.09343273938	0.9543752074	0.8333748579	4.040518761
131	0.7743850946	0.7664326429	0.007952451706	0.5416136384	0.09429817647	0.9589546919	0.8445519209	4.021544933
132	0.8224156499	0.8164601326	0.005955517292	0.5436140299	0.09425844252	0.9567661285	0.8419669867	4.016626835
133	0.8862127662	0.8719345331	0.01427823305	0.5412967801	0.09415782988	0.9571423531	0.8391469121	4.003108025
134	0.8810357451	0.8666590452	0.01437669992	0.5308523178	0.09445755929	0.95135355	0.8247887492	4.007596493
135	0.8870575428	0.8785694838	0.008488059044	0.5276984572	0.09461735189	0.9463328123	0.819544673	4.026222229
136	0.8831553459	0.876349926	0.006805419922	0.522377789	0.09462402761	0.9456242323	0.8241627216	4.022134781
137	0.8976407647	0.8882660866	0.009374678135	0.5205626488	0.09588812292	0.9432509542	0.8235910535	4.045031071
138	0.9160132408	0.8981361389	0.0178771019	0.5293254852	0.09437630326	0.9538969398	0.8391182423	4.041021347
139	0.9194267988	0.8904067278	0.02902007103	0.5339042544	0.09410989285	0.9557956457	0.8426863551	4.019684315
140	0.9170022607	0.8932676911	0.02373456955	0.5406690836	0.09580246359	0.9565052986	0.84481287	4.018235207
141	0.9325786829	0.9104194641	0.02215921879	0.5382897258	0.09550768137	0.9565011859	0.839862287	4.005391121
142	0.9316837788	0.9063919783	0.0252918005	0.5304176807	0.0964461714	0.9540780187	0.8324867487	4.002987385
143	0.9199349284	0.9061568379	0.01377809048	0.5256206989	0.09656650573	0.9473717809	0.8224231005	4.019884109
144	0.9249768853	0.9181867242	0.006790161133	0.5250396729	0.09532510489	0.947552979	0.8266661763	4.019735813
145	0.9383038282	0.9213876128	0.01691621542	0.5223559737	0.09585412592	0.9489954114	0.8329139948	4.043105602
146	0.9482727051	0.9281166792	0.02015602589	0.5270442963	0.09440556169	0.9558306336	0.8420808911	4.03925705
147	0.9339993596	0.910266161	0.02373319864	0.5354900956	0.09503599256	0.9591988325	0.8499240875	4.020559311
148	0.934429884	0.9203413129	0.01408857107	0.5385331511	0.09736637026	0.9589588642	0.8490368724	4.016941071
149	0.936824441	0.929043293	0.007781147957	0.5336255431	0.09510987252	0.9554703236	0.8372610807	4.002735138
150	0.9266235828	0.9104140401	0.01620954275	0.5344795585	0.09624105692	0.9536809325	0.8320096135	3.99346447
151	0.9328525066	0.9134755135	0.01937699318	0.5248347521	0.0975876078	0.9420121312	0.8136957884	4.017337799
152	0.9413381219	0.9167419672	0.02459615469	0.5235097408	0.09572909027	0.9386057854	0.8120609522	4.02277565
153	0.9439526796	0.915263772	0.02868890762	0.5231060982	0.09580305964	0.9479911327	0.8293501735	4.04103756
154	0.9235610962	0.9094201326	0.01414096355	0.5308017135	0.09641525894	0.9525796175	0.8372179866	4.037437439
155	0.901201129	0.8868956566	0.01430547237	0.537179172	0.09790690988	0.9547001123	0.8422148824	4.016880035
156	0.9013172984	0.8841618299	0.01715546846	0.5403369069	0.09741082788	0.9540368319	0.8415727019	4.014075756
157	0.9003599882	0.8789416552	0.02141833305	0.5415810943	0.09659193456	0.9536852241	0.8343238831	3.993062973
158	0.8463943005	0.8302251101	0.01616919041	0.5344934464	0.09726144373	0.9459927082	0.813226521	4.00104475
159	0.8112139702	0.8076756597	0.003538310528	0.5287498832	0.09716433287	0.9392088652	0.8042078614	4.01631403
160	0.8134813905	0.8121572137	0.001324176788	0.5229098201	0.09691023827	0.939121604	0.8147512078	4.025703907
161	0.8158649206	0.8010600805	0.01480484009	0.5225681067	0.0978590101	0.9409003258	0.8225210905	4.044430733
162	0.8304587603	0.814448595	0.01601016521	0.5323628187	0.09671100974	0.950055182	0.8331165314	4.040025234
163	0.8215676546	0.7982281446	0.02333950996	0.5364073515	0.09731928259	0.9543458223	0.8437392712	4.021914005
164	0.8313752413	0.8020113111	0.02936393023	0.5402875543	0.09771886468	0.9550545812	0.8449805975	4.015421391
165	0.8344515562	0.8030657172	0.03138583899	0.5400575399	0.09668467194	0.9533023834	0.835347414	3.999571323
166	0.8345288038	0.8103558421	0.02417296171	0.5291916728	0.09663414955	0.9473592043	0.819980979	4.005117416
167	0.8188649416	0.8099308014	0.008934140205	0.5263351202	0.09545488656	0.9415141344	0.8088243604	4.012172699
168	0.801859796	0.8026272655	-0.0007674694061	0.5203131437	0.09548960626	0.9410054088	0.8159083128	4.021799088
169	0.8028432727	0.7937760353	0.009067237377	0.5232088566	0.09666872025	0.9435847402	0.8241398335	4.042061806
170	0.7986821532	0.7901669741	0.008515179157	0.5320571065	0.09511115402	0.9525555968	0.8366572261	4.04541111
171	0.8007226586	0.7883814573	0.01234120131	0.5397917628	0.09550651163	0.9573017955	0.8468515277	4.025730133
172	0.7949902415	0.7795290351	0.01546120644	0.5478169918	0.09662569314	0.9578506947	0.8482744098	4.010739803
173	0.7934070826	0.7780556679	0.01535141468	0.5462135077	0.09567004442	0.9553267956	0.8378242254	3.991764545
174	0.7929571867	0.7810224891	0.01193469763	0.5408295393	0.09677933156	0.9504760504	0.8248125911	4.000459671
175	0.7721330523	0.7781011462	-0.005968093872	0.5420837998	0.0986597985	0.9463347197	0.8168694377	4.005610466
176	0.7771226764	0.7856345177	-0.008511841297	0.5350093842	0.100162372	0.9422917962	0.805788219	4.014734268
177	0.7806545496	0.7776546478	0.002999901772	0.5413070917	0.1001953259	0.9480890632	0.820656538	4.040859222
178	0.7862534523	0.7782925963	0.007960855961	0.5442829728	0.09831740707	0.9558988214	0.8329061866	4.04793787
179	0.817823112	0.8023783565	0.01544475555	0.54780972	0.0984441787	0.9598988295	0.8435909748	4.031778812
180	0.8451744914	0.8247018456	0.02047264576	0.5476304889	0.09975939989	0.9592463374	0.8422808647	4.020085812
181	0.8953434229	0.8692118526	0.02613157034	0.5451900959	0.09918238968	0.9552183747	0.8297880888	3.998369932
182	0.9339875579	0.9064788818	0.02750867605	0.5454728007	0.09963100404	0.9517914057	0.8192459345	3.998552561
183	0.9471997619	0.933165431	0.01403433084	0.5308359265	0.1009852067	0.9459190369	0.8066551685	4.014817238
184	0.9583690166	0.9367300868	0.02163892984	0.4941680133	0.1028311476	0.9309661388	0.7754585743	4.034731865
185	0.9725116491	0.9406724572	0.03183919191	0.5013216138	0.1025809795	0.9375389814	0.7897614837	4.060879707
186	0.9981623888	0.9651423693	0.03302001953	0.4985040128	0.1007679626	0.9408982396	0.7955930829	4.066634178
187	1.015844464	0.9752596617	0.04058480263	0.4934143424	0.1010704935	0.9419369698	0.7994022369	4.059652328
188	0.9978766441	0.9677535295	0.03012311459	0.4876021445	0.1027299091	0.9401711822	0.7959866524	4.052407265
189	1.004954934	0.9793891907	0.02556574345	0.4879469872	0.1021988541	0.9350833893	0.7837231755	4.033654213
190	0.9884456396	0.9588105083	0.02963513136	0.4928310513	0.1029271185	0.9306909442	0.7748511434	4.027889252
191	0.971059978	0.9538790584	0.01718091965	0.4736658633	0.1048415825	0.9167883992	0.7495348454	4.037499905
192	0.9619014263	0.9453180432	0.01658338308	0.4351938367	0.1072753742	0.8888202906	0.7068961859	4.059148312
193	0.9559119344	0.9391054511	0.01680648327	0.5407580733	0.09605866671	0.9461202025	0.8090634942	4.039188385
194	0.9784894586	0.9703879356	0.008101522923	0.5395566225	0.09421306849	0.9507731199	0.8182573915	4.039322853
195	1.007554054	0.9847130775	0.02284097672	0.5372515321	0.09456919134	0.9519041777	0.82229352	4.037611961
196	0.9786353111	0.9692715406	0.009363770485	0.536970675	0.09719027579	0.9512999654	0.8214093447	4.025302887
197	0.9916959405	0.999350965	-0.007655024529	0.5331231952	0.09728600085	0.9463570118	0.8093719482	4.006047726
198	0.9899182916	0.9734089375	0.01650935411	0.5350094438	0.09760867059	0.9430931807	0.7993426323	4.00331831
199	0.9665104747	0.9393395782	0.02717089653	0.5231122375	0.1002363041	0.9338052869	0.7800300121	4.013123512
200	0.9830886126	0.9428925514	0.04019606113	0.4866440296	0.1017660722	0.9206686616	0.7539598346	4.038938522
201	0.9407203197	0.9135055542	0.02721476555	0.5423292518	0.09561764449	0.9451749921	0.8065795898	4.032967567
202	0.896782577	0.8852582574	0.01152431965	0.5393516421	0.09736125916	0.9485276341	0.815043211	4.04391861
203	0.9124956727	0.8985016346	0.01399403811	0.5460984707	0.09733919799	0.951077044	0.8228912354	4.034687042
204	0.9168208838	0.9078119993	0.00900888443	0.5468026996	0.0986160785	0.9505887032	0.8242057562	4.017235279
205	0.94740206	0.9293438196	0.01805824041	0.5433697104	0.09991656244	0.9429451823	0.8053757548	3.990973711
206	0.9616841674	0.9394621849	0.02222198248	0.5419245958	0.1013378501	0.9266832471	0.7785614729	4.003111362
207	0.9594928026	0.9490854144	0.01040738821	0.5303025246	0.1031387225	0.9151665568	0.7612721324	4.012045383
208	0.9521746635	0.943682909	0.008491754532	0.4948495328	0.1072705016	0.9073767662	0.7449282408	4.044176579
209	0.9586585164	0.9473798871	0.0112786293	0.5412325263	0.1009388641	0.9268117547	0.7900186181	4.033642292
210	0.9798400402	0.9587794542	0.02106058598	0.5411402583	0.1000510529	0.9375813603	0.810113728	4.0427742
211	0.999676466	0.9661171436	0.03355932236	0.5429419875	0.09875808656	0.9408825636	0.8188225031	4.039865971
212	1.006129861	0.9812222719	0.02490758896	0.5424154401	0.09951744974	0.9431856275	0.8212335706	4.021051884
213	1.020568252	0.9952892065	0.0252790451	0.5371112227	0.09998480231	0.931453526	0.7958219647	3.997225523
214	1.007745981	0.9831121564	0.02463382483	0.5359377861	0.1014998183	0.9293054938	0.7886622548	4.003774166
215	0.9902217388	0.9824236631	0.007798075676	0.5257903934	0.1019751802	0.9235978127	0.7770081758	4.005398273
216	1.007380724	1.001354098	0.006026625633	0.488989085	0.1061180532	0.911904037	0.7546538115	4.037372112
217	0.9734902382	0.9620421529	0.01144808531	0.5371469259	0.1015341505	0.9342861176	0.8023539186	4.038400173
218	0.9859780669	0.9724199176	0.01355814934	0.5353301167	0.1003922969	0.9425061345	0.8174660206	4.045473099
219	0.9993611574	0.9809010625	0.01846009493	0.5356202722	0.1000405028	0.939163506	0.814075768	4.047986507
220	1.014809728	0.9926234484	0.0221862793	0.5350571871	0.1013549641	0.9388396144	0.8108931184	4.023023605
221	1.022989035	1.012127042	0.01086199284	0.5353799462	0.1011046246	0.9317044616	0.797645092	4.005268574
222	1.020348191	1.005017638	0.01533055305	0.5330356956	0.1038914174	0.9303536415	0.7921005487	4.010454178
223	1.016386151	1.002614141	0.0137720108	0.5216652751	0.1050713286	0.9222538471	0.7757045031	4.013419151
224	1.038478255	1.012352347	0.0261259079	0.4904855192	0.1065001115	0.9129545093	0.7545266151	4.038851738
225	0.9994822741	0.9784599543	0.02102231979	0.5443736315	0.1026713029	0.9355662465	0.799046278	4.034885883
226	0.9852750897	0.9797512293	0.005523860455	0.5408583879	0.1036694273	0.9437038898	0.8163712621	4.045798302
227	0.9568421245	0.953356266	0.00348585844	0.5491215587	0.1018797979	0.9409247041	0.8112388849	4.029714584
228	0.9574292302	0.9486680627	0.008761167526	0.5481187701	0.1027662158	0.9382381439	0.80745399	4.013061047
229	0.9785839319	0.9651364088	0.01344752312	0.543974936	0.1024470329	0.9297794104	0.791852653	3.999778271
230	0.9572115541	0.9473046064	0.009906947613	0.5436410308	0.1048585996	0.9247563481	0.7834701538	4.00619173
231	0.957595706	0.9588702917	-0.001274585724	0.535364449	0.1052497253	0.9132420421	0.7658942938	4.014994144
232	0.9708117247	0.9750825763	-0.004270851612	0.4979610145	0.1098792106	0.9002564549	0.7419545054	4.050143242
233	0.964292407	0.9596709013	0.004621505737	0.5424070358	0.1039139405	0.9216234088	0.788812995	4.040514469
234	0.9758269787	0.9635998011	0.01222717762	0.5421981812	0.1032864451	0.936267972	0.8132252693	4.048758984
235	0.9691814184	0.9529833198	0.01619809866	0.5447810292	0.1016130894	0.931966126	0.8115637898	4.040900707
236	0.9919617772	0.9693593383	0.02260243893	0.5450394154	0.1019511074	0.9297122955	0.8096308708	4.024712563
237	0.9887693524	0.9642649293	0.02450442314	0.5428189039	0.1013630033	0.9233989716	0.795917511	4.007305145
238	0.9962357283	0.9775032997	0.01873242855	0.5437297225	0.1039984226	0.9260460734	0.793073833	4.006162167
239	0.9697334766	0.9710919261	-0.001358449459	0.536411643	0.1039788574	0.925257206	0.7856179476	4.015170574
240	0.9874386787	0.992027998	-0.004589319229	0.4967060089	0.1067618728	0.9102535248	0.7557021379	4.046704769
241	1.001502752	0.999561131	0.001941621304	0.5432280302	0.1029803082	0.9347043633	0.8064516187	4.040380001
242	0.974126637	0.9741902947	-6.365776062e-05	0.5405848622	0.09981962293	0.9406681061	0.8156859875	4.044965267
243	0.9642676115	0.9589472413	0.005320370197	0.5451219082	0.09796755761	0.9407499433	0.8168678284	4.042720795
244	0.9717352986	0.9666087031	0.005126595497	0.5435013175	0.09893067926	0.9356219769	0.8104106188	4.025235653
245	0.9731824994	0.9671185613	0.006063938141	0.5467348695	0.09976135939	0.9347375035	0.8022339344	4.007431984
246	0.9684689641	0.9598665833	0.008602380753	0.538596034	0.1023937315	0.9344220757	0.7963505983	4.015906334
247	0.9605444074	0.9543869495	0.006157457829	0.5310289264	0.1035240963	0.9291054606	0.7835376263	4.018690586
248	0.9920819402	0.9736596942	0.01842224598	0.5007950068	0.104644835	0.9128878713	0.751432538	4.051249027
249	0.9750522375	0.963136375	0.01191586256	0.5475361943	0.0983215645	0.9366085529	0.7983181477	4.036482811
250	0.963252306	0.9606102705	0.002642035484	0.5446462035	0.09965695441	0.9411683083	0.8080324531	4.045820236
251	0.9526963234	0.9485640526	0.004132270813	0.5474337339	0.09929152578	0.9439486265	0.813113451	4.03875351
252	0.9480870366	0.9448122382	0.003274798393	0.5469666719	0.100323312	0.9396749139	0.8098313212	4.019130707
253	0.9544655681	0.9496062398	0.00485932827	0.5465295911	0.1001951024	0.9349539876	0.7975395918	3.993658781
254	0.9358196259	0.9261225462	0.009697079659	0.5441468954	0.1018462554	0.9239920378	0.7753009796	4.00023365
255	0.926741302	0.9221652746	0.004576027393	0.5342285037	0.1028362215	0.9209074974	0.7658082843	4.009180546
256	0.9562503099	0.9541698694	0.002080440521	0.4964347184	0.105915159	0.9034402966	0.7352935076	4.044101715
257	0.9423387647	0.9359238148	0.006414949894	0.5419055223	0.1002726108	0.9356942773	0.7934313416	4.037543297
258	0.9439976811	0.9365606904	0.007436990738	0.5455967784	0.09865132719	0.9383708239	0.8017406464	4.044515133
259	0.9520364404	0.9389298558	0.01310658455	0.5428310037	0.09898284823	0.9406069517	0.8069469929	4.042490482
260	0.9614361525	0.9479646087	0.01347154379	0.5423849225	0.1001535505	0.9418276548	0.8087343574	4.018624783
261	0.9653327465	0.9473279119	0.01800483465	0.5388599038	0.10068468	0.936555028	0.7942435741	3.997779369
262	0.9524986744	0.9345899224	0.01790875196	0.5430606008	0.101898469	0.9283682704	0.7752829194	3.999088049
263	0.9502856135	0.9383036494	0.01198196411	0.5299969912	0.102758795	0.9267843366	0.7713534832	4.005323887
264	0.9631047845	0.9576554298	0.005449354649	0.4988488555	0.1057733372	0.9193458557	0.7604501843	4.043599606
265	0.9472605586	0.936395824	0.01086473465	0.5445191264	0.1007787958	0.9484333992	0.8167025447	4.035680294
266	0.9608641267	0.9468775988	0.01398652792	0.5425223708	0.100802362	0.954182744	0.830567956	4.042649269
267	0.9689753652	0.9509218931	0.01805347204	0.5440243483	0.1003008038	0.9564675093	0.8376259804	4.038205624
268	0.978076756	0.9646328688	0.01344388723	0.5427410603	0.1016544402	0.9555109143	0.8338881731	4.01567173
269	0.9882051349	0.9752089977	0.01299613714	0.5413413644	0.1018129215	0.9510083199	0.8216088414	3.995610476
270	0.9789603949	0.9587997198	0.02016067505	0.5432220697	0.1030318365	0.9457095861	0.8086927533	4.001680851
271	0.9776254296	0.9532463551	0.02437907457	0.5385868549	0.1033259332	0.9428116679	0.8028356433	4.001824379
272	0.9687385559	0.9393787384	0.0293598175	0.5485492945	0.101361379	0.9440680742	0.8063071966	4.015964031
273	0.9566650391	0.9407173395	0.01594769955	0.5475153327	0.09706323594	0.9562922716	0.8382793665	4.030239105
274	0.9539853334	0.9414275289	0.01255780458	0.5482395887	0.100645557	0.9592803121	0.8469504118	4.03630209
275	0.9404761791	0.9285963178	0.01187986135	0.5513693094	0.1004696786	0.9563670158	0.8438073993	4.026619911
276	0.9255529046	0.9107930064	0.01475989819	0.5522556305	0.1004889235	0.9554091692	0.8439160585	4.000566959
277	0.9351447225	0.9113137126	0.02383100986	0.5491470098	0.1004128456	0.9517272115	0.831138432	3.988594055
278	0.9142380953	0.9005113244	0.01372677088	0.5419172645	0.1015717089	0.9476065636	0.8211444616	4.005051613
279	0.9036269188	0.8955698609	0.008057057858	0.5347212553	0.1009549499	0.940274477	0.8067070842	4.007172108
280	0.9031443596	0.9018654823	0.001278877258	0.5303680301	0.1013837457	0.9366718531	0.8096259236	4.025359154
281	0.8797442317	0.8741521239	0.005592107773	0.5266472697	0.09932181984	0.9410030842	0.8167639971	4.037694931
282	0.8676203489	0.857762754	0.009857594967	0.5333396196	0.09860114753	0.9530310035	0.8374255896	4.04319191
283	0.8799382448	0.8593211174	0.02061712742	0.5343034863	0.09928497672	0.9568972588	0.846642077	4.029680729
284	0.8901280761	0.8619759679	0.02815210819	0.5346313715	0.101376839	0.955591917	0.8449479342	4.009336472
285	0.890098691	0.8603959084	0.02970278263	0.5358622074	0.09957148135	0.952986598	0.835703969	3.998349905
286	0.8707953691	0.8532031775	0.0175921917	0.5261223912	0.09871771187	0.942737937	0.8173699379	4.007740498
287	0.8630049825	0.8538742065	0.009130775928	0.5237648487	0.09873282164	0.9386705756	0.8101843596	4.017458916
288	0.8752298951	0.8708977699	0.004332125187	0.5233961344	0.09854032099	0.9380233288	0.813233614	4.029758453
289	0.8631731868	0.8566482067	0.006524980068	0.5239830017	0.09819499403	0.9408526421	0.8195537329	4.041012287
290	0.8682106733	0.8589488268	0.009261846542	0.530980885	0.09891130775	0.9550492167	0.8422780037	4.041716099
291	0.8770028949	0.867275238	0.009727656841	0.5317617059	0.1002972946	0.9587042928	0.8511505127	4.031727314
292	0.8891227245	0.8757089972	0.01341372728	0.5376528502	0.1009348482	0.9576094747	0.8490380049	4.008599758
293	0.8746250868	0.8639696836	0.01065540314	0.5384027362	0.09897941351	0.9544228911	0.8381890059	4.001131535
294	0.8697072864	0.8565933704	0.01311391592	0.5259789824	0.09988478571	0.9417625666	0.8162413239	4.002391338
295	0.8588870764	0.8421545625	0.0167325139	0.5220437646	0.09934292734	0.9359076619	0.8056061864	4.017948627
296	0.85960567	0.84430933	0.01529633999	0.5278027058	0.09750173986	0.9354555011	0.8070938587	4.024551868
297	0.8596397638	0.8446480632	0.01499170065	0.5282565355	0.09731513262	0.9417050481	0.8168206811	4.034793854
298	0.8623638153	0.8559039235	0.006459891796	0.5320648551	0.09997481108	0.9506573677	0.8304845691	4.041033745
299	0.8716704845	0.8678973913	0.003773093224	0.5399810076	0.1011628732	0.9532963634	0.8350134492	4.019952774
300	0.8561059833	0.846690774	0.009415209293	0.5372410417	0.1009288281	0.9472163916	0.8219507933	4.003101349
301	0.8355229497	0.8200886846	0.01543426514	0.5388085842	0.1011058837	0.9426463246	0.8090044856	4.000948429
302	0.8233608007	0.809830904	0.01352989674	0.531766057	0.1004972085	0.924405396	0.7736554742	4.002501488
303	0.8268921375	0.8183010817	0.00859105587	0.5265158415	0.09894572198	0.9229720235	0.7705625892	4.010383606
304	0.853544116	0.8539503217	-0.0004062056541	0.523964107	0.09930111468	0.9297841191	0.7927658558	4.026044369
305	0.8134718537	0.8075218201	0.005950033665	0.5253664255	0.09907001257	0.9352543354	0.8089800477	4.039484501
306	0.8112015724	0.7959436774	0.01525789499	0.5323482752	0.09951860458	0.9483923316	0.8285933733	4.042561531
307	0.8230502009	0.8026259542	0.02042424679	0.5362406969	0.09908980131	0.9544438124	0.8426758051	4.024493217
308	0.8383351564	0.8090551496	0.02928000689	0.5376893282	0.09930471331	0.9537377357	0.8413652778	4.007468224
309	0.8417671919	0.8149299622	0.02683722973	0.5413815379	0.09847508371	0.9499776959	0.8276252747	3.996446609
310	0.8380194306	0.8207362294	0.01728320122	0.528388381	0.09842473269	0.9410629272	0.8113306165	4.008439064
311	0.823036015	0.8158470988	0.007188916206	0.5222215056	0.09784891456	0.9366239905	0.8054190874	4.010975838
312	0.8513513207	0.8513403535	1.096725464e-05	0.5258612633	0.09561494738	0.9342072606	0.8038457036	4.019509315
313	0.82838732	0.8267914057	0.001595914364	0.5274279714	0.09665903449	0.9401935339	0.8166670799	4.036439419
314	0.8082939982	0.7996448278	0.008649170399	0.5315339565	0.09707923234	0.9494708776	0.8325896263	4.039169788
315	0.8081748486	0.805347085	0.002827763557	0.5342509151	0.09794126451	0.9526774883	0.8404065371	4.024964809
316	0.8112458587	0.8096760511	0.001569807529	0.5392964482	0.09855896235	0.9526785612	0.8389277458	4.000642776
317	0.8238377571	0.818017602	0.005820155144	0.5409449935	0.09630376846	0.9501158595	0.8287995458	3.98773551
318	0.8068951368	0.8014739156	0.005421221256	0.5336862206	0.09725791961	0.939604342	0.807749331	4.006394386
319	0.7859353423	0.7769036889	0.009031653404	0.5242945552	0.09744604677	0.9288931489	0.7899788618	4.013709068
320	0.7797843218	0.7753351927	0.004449129105	0.5299991965	0.09542962164	0.9278475642	0.7934872508	4.023579597
321	0.7789233923	0.7743032575	0.00462013483	0.5306144953	0.09505201876	0.9386296272	0.8116127849	4.034413815
322	0.7626797557	0.7622626424	0.0004171133041	0.5316841006	0.0972802043	0.9480320811	0.8292286396	4.040007114
323	0.768979013	0.770783186	-0.001804172993	0.5370198488	0.09694143385	0.9507767558	0.834975481	4.021755219
324	0.7640377879	0.7686500549	-0.004612267017	0.5402648449	0.09654805809	0.9464668036	0.8223571777	3.997882366
325	0.7482829094	0.7374334931	0.01084941626	0.537725091	0.09674791247	0.942386508	0.8099982142	3.996086836
326	0.7300536036	0.7218107581	0.008242845535	0.5280947089	0.096607171	0.9294986725	0.784383893	4.010488033
327	0.6970496178	0.7034603953	-0.006410777569	0.5248847604	0.09757107496	0.9208260775	0.7734264135	4.013486862
328	0.6984158754	0.7058593035	-0.00744342804	0.5228788853	0.09486319125	0.9234554768	0.7908465266	4.024164677
329	0.6792773008	0.6859628558	-0.006685554981	0.5239712	0.09692838043	0.9271724224	0.8037986755	4.038984776
330	0.6642979383	0.656671524	0.007626414299	0.532602191	0.09736424685	0.9411317706	0.8245395422	4.04065609
331	0.6826742887	0.6683395505	0.01433473825	0.5368132591	0.09657105803	0.945377171	0.8332338929	4.02600193
332	0.7139992714	0.6994540095	0.01454526186	0.5394014716	0.09559389204	0.9461123347	0.8305833936	4.009185791
333	0.7139974833	0.6957581043	0.01823937893	0.5384286642	0.09499043971	0.9415905476	0.8181626201	4.001669884
334	0.6773077846	0.6693685651	0.007939219475	0.525051713	0.09659284353	0.9342665672	0.8033015728	4.005571842
335	0.6702421904	0.6737257242	-0.003483533859	0.5225605369	0.09618717432	0.926461339	0.7915503979	4.009097099
336	0.6890152693	0.6954293847	-0.006414115429	0.5220283866	0.09469939768	0.9216333032	0.7921990752	4.021925926
337	0.6673036218	0.6703486443	-0.003045022488	0.5252318978	0.09626148641	0.9247107506	0.8009215593	4.044779301
338	0.6475564241	0.6452441812	0.002312242985	0.5328553319	0.09646230936	0.9430332184	0.8278146386	4.04112339
339	0.662428081	0.6587198973	0.003708183765	0.5376246572	0.09677623212	0.946418643	0.8344907165	4.029690742
340	0.6704556346	0.6726920605	-0.002236425877	0.5394226313	0.0965609923	0.9437462687	0.8282833099	4.01109314
341	0.6714007258	0.6676806211	0.003720104694	0.5399960279	0.09520133585	0.9412656426	0.8203585744	4.007282734
342	0.6640501618	0.664432168	-0.0003820061684	0.5282572508	0.09673663229	0.9308716059	0.8001500368	4.013647079
343	0.6507159472	0.6552732587	-0.004557311535	0.5267916918	0.09760613739	0.9235988855	0.7893560529	4.011771202
344	0.6750563383	0.6818631291	-0.006806790829	0.5287738442	0.09501903504	0.9244843721	0.7943308949	4.023624897
345	0.661118567	0.6711770296	-0.01005846262	0.5288042426	0.09539090842	0.9216877222	0.7941120863	4.039035797
346	0.6420687437	0.6467331648	-0.004664421082	0.5294796824	0.09558870643	0.9369250536	0.8154711127	4.043942451
347	0.6552660465	0.6654655933	-0.01019954681	0.5342463255	0.09620182961	0.9381330609	0.8203251362	4.038354397
348	0.6979857683	0.7052232027	-0.007237434387	0.536333859	0.09559598565	0.9416377544	0.8248274922	4.010413647
349	0.7169958949	0.7071791291	0.009816765785	0.5362433791	0.09497586638	0.9412228465	0.8237178326	4.011553288
350	0.7182440758	0.7060998082	0.01214426756	0.5292819738	0.09648893028	0.9335795045	0.8089715242	4.013914585
351	0.7160609961	0.7218977213	-0.005836725235	0.5280069709	0.09574103355	0.9257634282	0.7965882421	4.010195255
352	0.7269684076	0.728670001	-0.001701593399	0.5250734687	0.09558601677	0.9190024137	0.792958498	4.016098976
353	0.7136834264	0.7139366865	-0.0002532601357	0.524725914	0.09668578207	0.908816278	0.7841210365	4.042933941
354	0.7004589438	0.6924644709	0.00799447298	0.532291472	0.09665235132	0.9280562401	0.8111077547	4.046938896
355	0.6912344694	0.6811347008	0.01009976864	0.5347372293	0.09631139785	0.9319418669	0.8192141652	4.036944389
356	0.7097768188	0.7033030391	0.006473779678	0.5389947295	0.09621368349	0.9342007637	0.8217493892	4.012598515
357	0.7252365351	0.7117348909	0.01350164413	0.5381125808	0.09542931616	0.9294527173	0.8105311394	4.015268803
358	0.7197352052	0.7105200887	0.009215116501	0.5291671157	0.0958911255	0.9211113453	0.7955759168	4.016994476
359	0.7221448421	0.7285576463	-0.006412804127	0.5309985876	0.09537273645	0.9223511815	0.7944176197	4.007787228
360	0.7296248078	0.7334759831	-0.003851175308	0.5254134536	0.09423947334	0.9129219055	0.7861485481	4.021653175
361	0.702011466	0.7054787874	-0.003467321396	0.5314677358	0.09537755698	0.9185520411	0.7962334752	4.039403915
362	0.6759107709	0.6756489873	0.0002617835999	0.532992661	0.09655521065	0.9295607209	0.814096272	4.047539711
363	0.6734435558	0.6726972461	0.0007463097572	0.5403730273	0.09778282791	0.9391659498	0.8287770152	4.033724308
364	0.6863188148	0.6956031322	-0.009284317493	0.5406137705	0.0968484506	0.9355855584	0.8208071589	4.012545586
365	0.6873526573	0.6861230731	0.001229584217	0.5398679972	0.09595873207	0.93514359	0.8168253303	4.002187252
366	0.6819050908	0.6820503473	-0.0001452565193	0.534683466	0.09639121592	0.9359146357	0.8135666847	4.011664391
367	0.6776648164	0.6806262732	-0.002961456776	0.5355851054	0.09709843993	0.9320002198	0.8067524433	4.013153076
368	0.6778583527	0.6773761511	0.0004822015762	0.5323783755	0.0955876261	0.920366168	0.79347682	4.022470951
369	0.6817747951	0.6797555685	0.002019226551	0.5357612371	0.09462816268	0.9258077741	0.8054984808	4.042295933
370	0.6638652086	0.6613811851	0.002484023571	0.5393784642	0.09823669493	0.9426777363	0.8281545043	4.04525423
371	0.6523906589	0.6541215777	-0.001730918884	0.5407902002	0.09899768233	0.9481810331	0.8378722668	4.035311222
372	0.6464015841	0.638841629	0.00755995512	0.5417403579	0.09971901029	0.9468090534	0.8366581798	4.009143829
373	0.6334578991	0.6240157485	0.009442150593	0.5421541929	0.09792677313	0.9400029778	0.8243811727	3.997071028
374	0.6129323244	0.6086011529	0.004331171513	0.5379280448	0.09829463065	0.9350658655	0.8133983612	4.004589558
375	0.5997830629	0.6013790965	-0.001596033573	0.5369471312	0.09898456931	0.9320309758	0.8087012768	4.008716106
376	0.6009627581	0.6033349037	-0.002372145653	0.5328072309	0.09688863158	0.9268348217	0.8045992255	4.019662857
377	0.5982586145	0.5949667692	0.003291845322	0.5333569646	0.09807799757	0.9286783338	0.808057785	4.04033947
378	0.6001484394	0.5953837633	0.004764676094	0.5382002592	0.09797081351	0.9393235445	0.8244373798	4.048539162
379	0.5925939083	0.5860431194	0.006550788879	0.5389325023	0.09802627563	0.9474031329	0.838393271	4.035126209
380	0.5936371684	0.5801779628	0.01345920563	0.5401298404	0.09901826829	0.9484953284	0.8379504085	4.008515358
381	0.5903928876	0.5731623769	0.01723051071	0.5417832732	0.09890361875	0.9455188513	0.8289160132	3.999427795
382	0.5931939483	0.5815894008	0.0116045475	0.5317751169	0.09874280542	0.9376796484	0.8106783628	3.994156599
383	0.5882027149	0.5879123807	0.0002903342247	0.5326138139	0.09782611579	0.9358541369	0.8076965809	4.005931854
384	0.5877199769	0.588904798	-0.001184821129	0.5332328081	0.09616802633	0.9320725799	0.8056456447	4.019155025
385	0.582469821	0.5772535205	0.005216300488	0.5337851048	0.09649350494	0.9382407069	0.8167102337	4.042789936
386	0.5832970738	0.5772595406	0.006037533283	0.5392712355	0.09600815177	0.9508066773	0.8372222185	4.042998314
387	0.5810662508	0.5744335651	0.006632685661	0.5393748879	0.0964038223	0.9557410479	0.8469673395	4.032924652
388	0.5859299898	0.5787421465	0.007187843323	0.5411875248	0.09902807325	0.9557106495	0.8454635143	4.002332211
389	0.5771023631	0.5672607422	0.009841620922	0.5412104726	0.09864417464	0.952450633	0.8344677687	3.988476992
390	0.5748493671	0.5646874309	0.01016193628	0.5363515615	0.09776321799	0.9490992427	0.824793756	3.993394136
391	0.5753920674	0.5587841868	0.01660788059	0.5352917314	0.0987296924	0.9454697371	0.818649292	4.009019375
392	0.5750482678	0.5584263802	0.01662188768	0.5333712697	0.09593755007	0.9398251772	0.8124729395	4.026102543
393	0.5691894889	0.5505768061	0.01861268282	0.5341457129	0.09747625887	0.9480124712	0.8301460743	4.043093681
394	0.5679739118	0.5572834015	0.01069051027	0.5328374505	0.1003092825	0.9523949623	0.8395652771	4.045649052
395	0.5595203042	0.5563028455	0.003217458725	0.5364994407	0.1015945598	0.9559856653	0.8480326533	4.032833099
396	0.5259085298	0.5112079382	0.01470059156	0.5367812514	0.1015954465	0.9545456171	0.8443068266	4.005616188
397	0.4698043168	0.4538283646	0.01597595215	0.5341578722	0.1014088094	0.9524456263	0.8353562951	3.991402864
398	0.4336459637	0.4276816845	0.005964279175	0.5312114358	0.1007465646	0.9453831911	0.8189324141	3.995421648
399	0.4165039062	0.4233950675	-0.006891161203	0.5298550725	0.1015537828	0.9418663979	0.8156633973	4.012377262
400	0.4469498992	0.4569183588	-0.009968459606	0.5278871655	0.1010817811	0.9393681288	0.8192726374	4.025418758
401	0.4012066126	0.3947742879	0.006432324648	0.5236334205	0.09900435805	0.9415286183	0.8203535676	4.046835899
402	0.4176004529	0.4063533545	0.01124709845	0.5267105103	0.09931497276	0.9493895173	0.8319233656	4.042794228
403	0.4046452343	0.3992434144	0.005401819944	0.5278198719	0.0993277207	0.9565367103	0.846817553	4.035261154
404	0.4009151459	0.3845600784	0.01635506749	0.5273867846	0.1005659774	0.9569934011	0.8464868665	4.008971214
405	0.3845468163	0.3644210696	0.02012574673	0.5303376317	0.1000292078	0.9548407197	0.8374395967	4.001003265
406	0.3785119653	0.3657923341	0.0127196312	0.522295475	0.09955401719	0.9477664232	0.8203735352	3.996358156
407	0.3786444068	0.379494518	-0.0008501112461	0.5239302516	0.09871976823	0.9465497136	0.8201883435	4.009032726
408	0.3830641806	0.3890941143	-0.006029933691	0.5246811509	0.0969241783	0.9444777966	0.8220158815	4.02161026
409	0.3904548287	0.3864678442	0.003986984491	0.5252593756	0.09623812139	0.9486661553	0.8287990093	4.045828819
410	0.4134313464	0.4060598016	0.007371544838	0.529727757	0.09604986757	0.9565702081	0.8422376513	4.04064703
411	0.4147657156	0.411819607	0.00294610858	0.5283740163	0.09748675674	0.9614847302	0.8545346856	4.031648636
412	0.4164449573	0.4075375497	0.008907407522	0.5280266404	0.09955307096	0.9573847651	0.8461473584	4.002002716
413	0.3990298212	0.3874806762	0.01154914498	0.5322730541	0.09913245589	0.957131505	0.8407301903	3.985302925
414	0.3928031027	0.3878674805	0.004935622215	0.5271278024	0.09826376289	0.9504178166	0.8244085908	3.983676672
415	0.394274354	0.4015442431	-0.007269889116	0.5244418979	0.09878581017	0.9467409253	0.8190671206	4.008701801
416	0.3974966705	0.4007264078	-0.003229737282	0.5248525739	0.09628456831	0.9412070513	0.8154835701	4.022428036
417	0.3957419991	0.3880193233	0.0077226758	0.5258943439	0.0958417803	0.9522268176	0.8339136839	4.046029091
418	0.4181273282	0.405166477	0.01296085119	0.5252934098	0.09688488394	0.9615749121	0.8519486189	4.045027256
419	0.4226436615	0.4173385203	0.005305141211	0.5248746276	0.09750316292	0.9640780687	0.859554112	4.02840662
420	0.4281925559	0.4060377777	0.02215477824	0.5223407149	0.09984332323	0.9605361223	0.851877749	4.002590656
421	0.4106068313	0.3954394758	0.01516735554	0.5237287283	0.1014046893	0.9551426768	0.8387624025	3.983208895
422	0.3788103461	0.3613630533	0.0174472928	0.5186229944	0.09926189482	0.9484096766	0.8203626275	3.98446703
423	0.3722007275	0.3692035675	0.002997159958	0.5204806924	0.09789405763	0.9471398592	0.8180337548	4.006670475
424	0.3803556561	0.3773888946	0.002966761589	0.5192123652	0.09646496177	0.9436766505	0.818132937	4.020488739
425	0.3888020217	0.3788408637	0.009961158037	0.5181242824	0.09715554863	0.943803072	0.8173161745	4.045469761
426	0.3947179914	0.376874119	0.01784387231	0.5191062093	0.09620601684	0.9568529725	0.8408201933	4.046230316
427	0.3898845911	0.3753781617	0.01450642943	0.5192790627	0.09695258737	0.9614713788	0.8548176885	4.027784824
428	0.3981915414	0.379591167	0.01860037446	0.5173286796	0.09991711378	0.9598908424	0.8496438861	4.003135204
429	0.3892858624	0.3670658171	0.02222004533	0.5216039419	0.1003649458	0.9558693171	0.836327672	3.982407808
430	0.3901910186	0.3741727471	0.01601827145	0.5183053613	0.09957627207	0.9489945769	0.8180085421	3.980395794
431	0.3738849163	0.3689408302	0.004944086075	0.5172432661	0.09773343801	0.943469882	0.8093015552	4.003911495
432	0.378115505	0.3782354891	-0.0001199841499	0.521152854	0.09602107108	0.9444730878	0.8190498352	4.024710178
433	0.377525866	0.3755373657	0.001988500357	0.5147358179	0.09574753791	0.9476166964	0.823664248	4.046364784
434	0.3901175559	0.3772447109	0.01287284493	0.519574821	0.09577571601	0.9580997229	0.844747901	4.044215679
435	0.3767589033	0.3671090305	0.00964987278	0.520826757	0.09602097422	0.9622109532	0.8547332287	4.027535439
436	0.3768607974	0.3655930161	0.01126778126	0.5176858902	0.09869490564	0.9590783119	0.8469302058	4.001701355
437	0.3889291883	0.3796673715	0.00926181674	0.5213648081	0.101035744	0.9535294771	0.831415534	3.979883909
438	0.3752686977	0.3586383462	0.01663035154	0.5280382037	0.09893027693	0.946931839	0.8125790954	3.97704196
439	0.3679726124	0.3639841676	0.003988444805	0.5226453543	0.09882348031	0.9437632561	0.8082445264	4.010560513
440	0.3618934751	0.3526166677	0.009276807308	0.5185095072	0.09602683783	0.9394754767	0.8068081737	4.032203197
441	0.3670039773	0.3537967503	0.01320722699	0.5159762502	0.09605841339	0.9466658831	0.8182708025	4.043524742
442	0.3820874393	0.3681520522	0.01393538713	0.5144826174	0.09715175629	0.9557358027	0.8371965289	4.046627522
443	0.406050235	0.3961803913	0.009869843721	0.5200621486	0.09957215935	0.958499372	0.8460289836	4.021195412
444	0.4046817124	0.3839313984	0.020750314	0.5166009665	0.1015034616	0.9547349811	0.8368822932	3.999264717
445	0.3948905468	0.3727799654	0.0221105814	0.517739594	0.1014986858	0.9506934881	0.8236672282	3.980650425
446	0.397842139	0.377509892	0.02033224702	0.5199333429	0.1006440744	0.94268471	0.8064850569	3.977712631
447	0.3939405978	0.3800204694	0.01392012835	0.5126117468	0.09923578799	0.9353833795	0.7934275866	4.010698795
448	0.395724386	0.3870533109	0.008671075106	0.5128241777	0.09624928236	0.940051496	0.8044762611	4.029362202
449	0.4069245756	0.3870207071	0.01990386844	0.5053440332	0.09688855708	0.9415665865	0.8087565303	4.048081398
450	0.4141424298	0.388043493	0.0260989368	0.5123437047	0.09739516675	0.9533051848	0.8301896453	4.046459198
451	0.3929105401	0.3731302619	0.01978027821	0.5164743066	0.09687095881	0.9577839971	0.8448588848	4.024982929
452	0.3981593549	0.3750012815	0.02315807343	0.5174845457	0.09926531464	0.9575581551	0.8409923315	4.002633572
453	0.4065949619	0.3798036575	0.02679130435	0.5152565837	0.1012626067	0.9505365491	0.8221734166	3.989620686
454	0.4134518206	0.3838692605	0.02958256006	0.5160633922	0.1003993228	0.9365887642	0.7893990278	3.98315382
455	0.4043541849	0.3873925805	0.01696160436	0.5082328916	0.09870710969	0.9312881231	0.7815608978	4.013656139
456	0.3879565597	0.3808480799	0.007108479738	0.5108841062	0.0953944847	0.9360211492	0.7957271338	4.033917427
457	0.3919821382	0.3795221746	0.01245996356	0.5091146827	0.09573165327	0.9429572225	0.8099147081	4.045696259
458	0.4034361243	0.3834348023	0.02000132203	0.5162969232	0.09540807456	0.9523096681	0.826902926	4.043501854
459	0.4062328935	0.3875660598	0.01866683364	0.5191220045	0.09747175872	0.9577535987	0.8416156769	4.028113842
460	0.3964234293	0.3821930289	0.01423040032	0.5190361142	0.09865578264	0.9548069239	0.8327953815	3.997678041
461	0.4082079828	0.3936349452	0.01457303762	0.5199103355	0.1007406339	0.9473158717	0.815226078	3.985543728
462	0.4100686908	0.3957966268	0.01427206397	0.5276704431	0.09839248657	0.9427607656	0.8021546602	3.978235483
463	0.4123459458	0.3985389471	0.01380699873	0.5141455531	0.09771199524	0.9390406013	0.7956031561	4.011906624
464	0.3937451839	0.3807875216	0.01295766234	0.514896214	0.09493349493	0.9376611114	0.801153481	4.031825066
465	0.3837839663	0.3704929352	0.01329103112	0.5138950348	0.09286008775	0.9469453096	0.815574646	4.041407108
466	0.3826940954	0.3714567125	0.01123738289	0.518971324	0.09323290735	0.955550313	0.833665669	4.041490078
467	0.4058952332	0.3909812272	0.01491400599	0.5194336176	0.09648893028	0.9575785398	0.839530766	4.023371696
468	0.4016624689	0.379417181	0.0222452879	0.5203937888	0.09778939933	0.9527532458	0.8267515898	3.996867657
469	0.3968137205	0.3767079711	0.02010574937	0.5151195526	0.09923631698	0.9461373091	0.8103625774	3.982990742
470	0.3938474059	0.3770139813	0.01683342457	0.5177131295	0.09759701043	0.9424481988	0.8032451868	3.978232622
471	0.3856553435	0.3740166128	0.01163873076	0.5128981471	0.09713287652	0.9369905591	0.795220077	4.007201195
472	0.3805634975	0.3748727441	0.00569075346	0.5108932853	0.09403191507	0.9366157055	0.8001729846	4.031330109
473	0.3631815612	0.3577921391	0.005389422178	0.5020848513	0.09256444871	0.9390447736	0.8078673482	4.043950558
474	0.3659895062	0.3551955819	0.01079392433	0.5129808784	0.09373032302	0.9510588646	0.8281300664	4.047751427
475	0.3671729267	0.3544158936	0.01275703311	0.5125303864	0.09542325884	0.953825891	0.8389259577	4.024488926
476	0.3647856116	0.3496150076	0.01517060399	0.5142213106	0.09689246863	0.9487293959	0.8280509114	4.005394936
477	0.3671984971	0.3523335159	0.01486498117	0.5120075941	0.09872436523	0.937017262	0.803691566	3.987565517
478	0.3879918158	0.3749517798	0.01304003596	0.517036736	0.09741063416	0.9334003925	0.7871049047	3.983015776
479	0.377245456	0.3630368412	0.01420861483	0.5142922401	0.09619909525	0.9345676899	0.7913780212	4.008336067
480	0.3646591306	0.3624231219	0.002236008644	0.5107708573	0.09410063177	0.937269032	0.8015065789	4.033550739
481	0.355143398	0.3496819139	0.005461484194	0.5062047839	0.09305416048	0.9398704767	0.8084321022	4.045827389
482	0.3578211963	0.3508228958	0.006998300552	0.5182626843	0.09230358154	0.9475196004	0.8256554604	4.046622276
483	0.360637337	0.3508347869	0.009802550077	0.5183447003	0.09412415326	0.953330338	0.8375908732	4.029601097
484	0.3469735086	0.3408347964	0.006138712168	0.5190100074	0.09625062346	0.9519246221	0.8289595246	4.006626129
485	0.3614019454	0.3499449193	0.011457026	0.5100926757	0.09787632525	0.9498060346	0.8202102184	3.989289522
486	0.3616385758	0.3541560471	0.007482528687	0.5194875002	0.09751798958	0.9447687268	0.8087918162	3.981236458
487	0.357375443	0.3534780741	0.003897368908	0.512452662	0.09517955035	0.9361926317	0.7947363257	4.014941216
488	0.3314153254	0.3310900331	0.0003252923489	0.507928133	0.09201335907	0.9310061932	0.7919147015	4.038525581
489	0.3254947662	0.3248215616	0.0006732046604	0.5063770413	0.08897031844	0.9422300458	0.8140823841	4.042654037
490	0.3270581663	0.3260332346	0.001024931669	0.5160813928	0.08877654374	0.9511728883	0.8309226036	4.0484128
491	0.3382046521	0.3320986331	0.00610601902	0.5164795518	0.09048429877	0.9550434947	0.842517674	4.028838158
492	0.3390395343	0.3355163634	0.003523170948	0.5146707892	0.09276597947	0.9489870667	0.8315693736	4.008214951
493	0.3342657983	0.3281950653	0.00607073307	0.50676018	0.09494950622	0.9449747205	0.8168485761	3.99225688
494	0.3568976521	0.3499457836	0.006951868534	0.5207875967	0.09387868643	0.9432633519	0.8057608008	3.97401762
495	0.3554184735	0.3458693326	0.00954914093	0.5139054656	0.09313859791	0.9367277026	0.7963923216	4.00219202
496	0.337358743	0.3311380744	0.006220668554	0.510389328	0.09054685384	0.9356764555	0.7993590832	4.030084133
497	0.3320898414	0.3285363615	0.00355347991	0.5044220686	0.09016314894	0.9432995319	0.8151833415	4.045854568
498	0.3377857208	0.333027035	0.004758685827	0.5114999413	0.09002037346	0.9469714165	0.827326715	4.054353237
499	0.3428106308	0.3387383819	0.004072248936	0.5097490549	0.09129332006	0.950142622	0.8362827301	4.030106544
500	0.3499743342	0.3480923474	0.001881986856	0.5120987296	0.09154298156	0.941160202	0.8246927857	4.012772083
501	0.3526961803	0.3474292755	0.005266904831	0.5117831826	0.09389662743	0.9350730181	0.8072503209	3.992721558
502	0.3831649125	0.37447685	0.008688062429	0.5267580748	0.09212392569	0.9350908399	0.7940911651	3.982194901
503	0.3803504705	0.364788115	0.01556235552	0.5198801756	0.09071133286	0.9324271083	0.7914919257	4.011468887
504	0.3464689553	0.3402967751	0.006172180176	0.5162724853	0.09069972485	0.9349443316	0.799536407	4.03886795
505	0.3307059705	0.3283843398	0.002321630716	0.5128210783	0.0900195539	0.9393469691	0.8066369891	4.048111916
506	0.3357885778	0.3297490478	0.006039530039	0.519566834	0.08998499066	0.9504116774	0.8293791413	4.049230576
507	0.3368919194	0.332657665	0.00423425436	0.5206240416	0.09096097201	0.9542144537	0.8376046419	4.029675961
508	0.3476868272	0.3469059765	0.0007808506489	0.5206974745	0.09210998565	0.9461516142	0.8243900537	4.013996124
509	0.3304356933	0.3357028067	-0.005267113447	0.519449532	0.09468210489	0.9376702309	0.8049523234	3.987390041
510	0.3389409184	0.3429297507	-0.003988832235	0.5325118303	0.09368047863	0.9458845854	0.8104367852	3.982321978
511	0.3413043618	0.3371958137	0.004108548164	0.5230857134	0.09256470948	0.9368825555	0.7953775525	4.016674995
512	0.3199949861	0.324752897	-0.004757910967	0.523563683	0.08986832201	0.9360505939	0.7960572839	4.033726692
513	0.3240730762	0.3246851563	-0.0006120800972	0.5126228333	0.0885116607	0.9420880079	0.8165442348	4.048938751
514	0.3173841834	0.3189715743	-0.0015873909	0.5159643292	0.09024854004	0.95121032	0.8348488808	4.048282623
515	0.3361044526	0.335190326	0.0009141266346	0.5164945722	0.09049138427	0.9543414116	0.8427672386	4.029830933
516	0.3447020054	0.3428839147	0.001818090677	0.5202922225	0.09240303189	0.9505627751	0.8362879753	4.008490562
517	0.3460642099	0.3445269763	0.001537233591	0.5174065828	0.0950242579	0.9451571703	0.8219872713	3.987323523
518	0.3838233352	0.3780119717	0.005811363459	0.5287253857	0.09367282689	0.9447262883	0.8126224279	3.980671883
519	0.3882753253	0.378297627	0.009977698326	0.5250504017	0.09309931844	0.9411142468	0.8080104589	4.008897781
520	0.370741874	0.3674220443	0.003319829702	0.5204201341	0.09153810889	0.9303911924	0.7972583771	4.03155756
521	0.3624730706	0.3596197665	0.002853304148	0.5138352513	0.09165518731	0.9365048409	0.8091875911	4.048686981
522	0.3647209704	0.3613304198	0.003390550613	0.5180514455	0.09081589431	0.9512338042	0.8333310485	4.048178196
523	0.3774011731	0.3698002398	0.007600933313	0.5186839104	0.09192606062	0.9560810328	0.8442044854	4.028027058
524	0.3965728879	0.3883854151	0.00818747282	0.5205596685	0.09254346043	0.9491717815	0.8295270205	4.014044285
525	0.4089180231	0.404938072	0.003979951143	0.5187333226	0.09284066409	0.9408227205	0.8152086139	3.99764061
526	0.4374916553	0.4223124087	0.01517924666	0.5241753459	0.0931949541	0.9397652745	0.8033698201	3.99233675
527	0.4032490253	0.3903921247	0.01285690069	0.5247681141	0.09204847366	0.9436427355	0.8111571074	4.011441708
528	0.384403944	0.381059736	0.003344208002	0.5224435925	0.09077577293	0.931201756	0.7980690002	4.035028934
529	0.3729216754	0.3774751425	-0.004553467035	0.5181906819	0.08961606026	0.9364632368	0.8098343611	4.047276974
530	0.3544979095	0.3561154008	-0.001617491245	0.5195946693	0.09082252532	0.9506009221	0.8366856575	4.04816103
531	0.363140136	0.3628168702	0.0003232657909	0.5217396021	0.09202130884	0.9515342712	0.8400645256	4.030384064
532	0.3791191578	0.3827602863	-0.00364112854	0.5191028118	0.09208067507	0.9484471679	0.8310435414	4.016275406
533	0.4064755142	0.4156786203	-0.009203106165	0.5161566734	0.09245396405	0.9410501122	0.815320313	3.996147633
534	0.4026474655	0.4071258008	-0.004478335381	0.5348501801	0.09151725471	0.9454316497	0.8125816584	3.994942188
535	0.3725329936	0.3681457639	0.004387229681	0.5280801654	0.09271257371	0.9464556575	0.8166151643	4.017825127
536	0.3508551121	0.353302151	-0.002447038889	0.5238367319	0.09076544642	0.9406524897	0.8087035418	4.033497334
537	0.36183393	0.3590376377	0.002796292305	0.5246191621	0.089048706	0.9491575956	0.8271252513	4.045398712
538	0.3595302999	0.3577299118	0.001800388098	0.5181731582	0.09114414454	0.9591683745	0.8456665874	4.051407814
539	0.3599205315	0.3539939523	0.005926579237	0.5254041553	0.09602412581	0.9616653919	0.8546009064	4.027081966
540	0.374276191	0.3600096405	0.01426655054	0.530236125	0.09624539316	0.9566015601	0.8439024687	4.006829262
541	0.3873196542	0.3763995767	0.01092007756	0.5302340388	0.09737752378	0.9550566673	0.8364635706	3.98725605
542	0.3778224587	0.3744561076	0.003366351128	0.539039433	0.09490410984	0.9485964179	0.8188253045	3.981884956
543	0.3556778431	0.350669235	0.005008608103	0.5338071585	0.09464079142	0.9477702379	0.8149209023	4.003098488
544	0.3438470364	0.3522363901	-0.008389353752	0.5322729945	0.09471996874	0.9395917058	0.8098082542	4.019660473
545	0.2999159396	0.3068622947	-0.006946355104	0.5221117139	0.09241069108	0.948502779	0.8257755041	4.045663357
546	0.3042607605	0.3091383278	-0.004877567291	0.5239181519	0.09129999578	0.9542759657	0.8365774751	4.045940399
547	0.3031615317	0.2988441586	0.004317373037	0.5251697898	0.09351170063	0.9612473845	0.8530784845	4.023224831
548	0.3058531284	0.2943951488	0.01145797968	0.5239534974	0.095266819	0.9584516883	0.8469642401	4.010018826
549	0.3023193777	0.29595837	0.00636100769	0.5219638348	0.09546214342	0.9558341503	0.8372662663	4.002539635
550	0.2925488651	0.2907583416	0.001790523529	0.5295802951	0.09400013834	0.9554904103	0.8291767836	3.989210844
551	0.2854954302	0.2867287099	-0.001233279705	0.5275887847	0.09485282749	0.9551287293	0.8319709301	4.002515793
552	0.2654149532	0.2709798217	-0.00556486845	0.5263928771	0.09525035322	0.953556776	0.8329812884	4.022692204
553	0.2645485699	0.266200304	-0.001651734114	0.5242133737	0.09372409433	0.9572634101	0.8410937786	4.04229784
554	0.267490834	0.2621780932	0.005312740803	0.5216667056	0.09300471842	0.9631153345	0.8519499898	4.041770458
555	0.269605577	0.263209939	0.006395637989	0.5241700411	0.09453965724	0.9675783515	0.8645924926	4.028588772
556	0.2744424641	0.2654346824	0.009007781744	0.5283436775	0.09486887604	0.9643598199	0.8555410504	4.008572102
557	0.2700656354	0.2654976249	0.004568010569	0.5265507102	0.09603279084	0.9604334235	0.8432743549	4.005718708
558	0.2674102187	0.261043638	0.006366580725	0.5325786471	0.0958025828	0.9590549469	0.8372443318	3.994521618
559	0.2691246569	0.2659477592	0.003176897764	0.5348369479	0.09590581805	0.9560319781	0.8318474293	4.00073719
560	0.2545940876	0.256085664	-0.001491576433	0.5338421464	0.09606474638	0.9551833868	0.8340098858	4.032850266
561	0.2518493533	0.2512060702	0.0006432831287	0.5334073305	0.0940683037	0.9601685405	0.8464178443	4.036813736
562	0.2651790679	0.2584555149	0.006723552942	0.5185587406	0.09402238578	0.9645624757	0.8555592895	4.038497448
563	0.2666725814	0.258770436	0.007902145386	0.5248748064	0.09527033567	0.9683022499	0.8664453626	4.02494669
564	0.2767745554	0.2638093829	0.01296517253	0.523632586	0.09505491704	0.9651520848	0.8584143519	4.007305622
565	0.2930619419	0.2814146876	0.01164725423	0.5229869485	0.09645540267	0.9633473754	0.8511086702	4.003005981
566	0.3104686737	0.2964817584	0.01398691535	0.5310124159	0.09545655549	0.9623405933	0.8457131982	3.993211269
567	0.3025237024	0.2875219882	0.01500171423	0.5324097872	0.09587433189	0.9623166323	0.846560359	4.004322052
568	0.2950831056	0.2807218134	0.01436129212	0.5299898386	0.0952161327	0.9608191252	0.847017765	4.024684429
569	0.29507038	0.2797067761	0.01536360383	0.525927186	0.09550593793	0.9599860907	0.8453835249	4.040192604
570	0.3050903678	0.2896880209	0.01540234685	0.5187496543	0.09389654547	0.962733686	0.8520503044	4.038767815
571	0.2923509479	0.2785865963	0.01376435161	0.525683403	0.09539021552	0.9672583342	0.8661859632	4.027814388
572	0.2935391068	0.2790564001	0.01448270679	0.526722312	0.09549589455	0.9653226733	0.8606033325	4.012746334
573	0.2995292246	0.2848622203	0.01466700435	0.5282411575	0.09552626312	0.9619752169	0.8499360085	4.001329899
574	0.29694888	0.2773623765	0.01958650351	0.5305108428	0.09865635633	0.9609345794	0.8459912539	3.99927187
575	0.2997491956	0.2854050994	0.01434409618	0.5326861143	0.09833914042	0.9577740431	0.841181159	4.005545616
576	0.298535347	0.2886905074	0.009844839573	0.5333321691	0.09688940644	0.9567725658	0.8400909901	4.026760101
577	0.3069240153	0.2944315374	0.01249247789	0.5274325013	0.0946983695	0.9564111829	0.8402577639	4.037114143
578	0.3228340149	0.3032003045	0.01963371038	0.5170286894	0.09440729767	0.9622923732	0.8523341417	4.038481712
579	0.3172411621	0.3059858978	0.01125526428	0.5265066028	0.09507342428	0.9642934203	0.858284533	4.03072691
580	0.3317964077	0.3178133368	0.01398307085	0.5208137035	0.09520047158	0.9640617371	0.8580332398	4.012149811
581	0.3443153203	0.3304261267	0.01388919353	0.5228355527	0.09546814859	0.9608438611	0.847371757	3.999377251
582	0.3387336135	0.3263659775	0.01236763597	0.5281170607	0.09536420554	0.9575188756	0.836892724	4.002799034
583	0.3386856616	0.3327162266	0.005969434977	0.5280153751	0.0962779671	0.9573966265	0.8380801082	4.015834808
584	0.353210181	0.3490654528	0.004144728184	0.5332636237	0.09520778805	0.9562830925	0.8392127156	4.028800964
585	0.3587445617	0.3448406458	0.01390391588	0.5310611129	0.09572000802	0.9600811005	0.8465345502	4.037389278
586	0.3679768145	0.3554848135	0.01249200106	0.5168520808	0.09420128912	0.9597809315	0.8477512598	4.036052227
587	0.3564335406	0.3463243842	0.01010915637	0.5222380757	0.09516821057	0.9621831179	0.8567227125	4.031115055
588	0.3620802462	0.3502086401	0.01187160611	0.5258619785	0.09467104822	0.9617365003	0.8551039696	4.011136532
589	0.3710331321	0.35618788	0.01484525204	0.5165868402	0.09727346152	0.9615355134	0.8497765064	4.004802227
590	0.374905616	0.3592517972	0.01565381885	0.5247876644	0.09557075799	0.956812799	0.8373278379	4.000458241
591	0.3754920363	0.3593471944	0.01614484191	0.5284309387	0.09582666308	0.9559110999	0.8367114067	3.999417543
592	0.3724453747	0.3581017852	0.01434358954	0.5221064687	0.09414122999	0.9538171887	0.8340066075	4.027462006
593	0.3827672303	0.3634615839	0.01930564642	0.5222333074	0.09496165067	0.9546365142	0.8350887299	4.042125225
594	0.3892094791	0.3647776246	0.02443185449	0.5111369491	0.09542421997	0.9579654932	0.8427533507	4.042227745
595	0.3798548281	0.3594138622	0.02044096589	0.5172182918	0.09699977934	0.9616444111	0.8588730693	4.029177666
596	0.3967832923	0.3730895221	0.02369377017	0.5198419094	0.09837181121	0.9597233534	0.8517705798	4.008869648
597	0.4080266356	0.3884667456	0.01955989003	0.5160676241	0.09794905037	0.9563097358	0.8431118727	4.009206295
598	0.412016809	0.3848643601	0.02715244889	0.5209690332	0.09935253114	0.9567905664	0.8429738879	3.999002457
599	0.4168624282	0.3861879706	0.03067445755	0.5149952173	0.102313146	0.9586401582	0.8447516561	4.00612402
600	0.4269778728	0.4014722407	0.02550563216	0.5186692476	0.1033120975	0.9565321803	0.8443793058	4.033858299
601	0.4336747527	0.3937860131	0.03988873959	0.5190880895	0.1015167683	0.9574736357	0.846963048	4.041965485
602	0.4173949063	0.3794333935	0.0379615128	0.5119809508	0.1000447646	0.9582987428	0.8485848308	4.043451309
603	0.4044279456	0.3770514131	0.02737653255	0.517359376	0.1015255228	0.960504353	0.858900249	4.029336452
604	0.4026328921	0.3782468736	0.02438601851	0.5173437595	0.1009386033	0.9585894346	0.8509311676	4.009476662
605	0.4085829556	0.383433193	0.02514976263	0.5082935095	0.1019472256	0.958692193	0.8495861888	4.013335228
606	0.4205840826	0.3830899596	0.03749412298	0.5141512752	0.1034786701	0.9566426277	0.8440846801	4.009450436
607	0.4153408706	0.3824096918	0.03293117881	0.5132026076	0.1032779664	0.9538075328	0.8373969793	4.009358883
608	0.4082466364	0.3750784397	0.03316819668	0.5162757635	0.1013250351	0.9517002106	0.8343195915	4.034122467
609	0.4113558829	0.3703875542	0.04096832871	0.518348217	0.09931796789	0.956617713	0.8431271911	4.040222168
610	0.4289080203	0.3926662207	0.03624179959	0.5062525868	0.1001203209	0.9604871869	0.854889214	4.049328804
611	0.4652002454	0.4363367856	0.02886345983	0.5121508241	0.1052518487	0.9636631012	0.867369175	4.030583858
612	0.4586321414	0.4285835922	0.03004854918	0.5181871057	0.1041525006	0.9612386823	0.8600356579	4.000528812
613	0.4919553399	0.4615977705	0.03035756946	0.507722795	0.1042413265	0.9594770074	0.8524765968	4.004062653
614	0.5227709413	0.483407259	0.03936368227	0.5180567503	0.1050326601	0.9569649696	0.847034812	3.991770029
615	0.5359871984	0.5046464205	0.03134077787	0.5149436593	0.1050929427	0.9553319812	0.8443294764	4.002950668
616	0.5509037971	0.5207594633	0.03014433384	0.5180476308	0.1041217446	0.956050992	0.8458247185	4.020807266
617	0.54614079	0.5056846738	0.0404561162	0.5149464011	0.1014819518	0.9550454021	0.8429340124	4.042188168
618	0.5568553805	0.5098789334	0.04697644711	0.5051873922	0.1019394174	0.9572026134	0.8489752412	4.04793644
619	0.550593555	0.5173290372	0.03326451778	0.511010766	0.1051131412	0.9591658711	0.8585878015	4.0326581
620	0.5594193339	0.5239108801	0.03550845385	0.5152672529	0.1049249619	0.961204648	0.8586961031	4.007940292
621	0.5578852296	0.5188717842	0.03901344538	0.5098490119	0.1045941934	0.9592009187	0.850892365	4.004087448
622	0.5740083456	0.5337742567	0.0402340889	0.5110451579	0.1057837456	0.9545208812	0.8385750055	3.997930527
623	0.5875734091	0.5571078658	0.03046554327	0.5123938322	0.1062824354	0.9554077387	0.8421064019	4.0030303
624	0.5747968554	0.5527225733	0.02207428217	0.5096304417	0.1050350294	0.9538393617	0.8416876197	4.029865265
625	0.5568018556	0.5213339925	0.03546786308	0.5118359923	0.1029226407	0.9537926912	0.8428596258	4.042225361
626	0.5531355143	0.5172992945	0.03583621979	0.5011810064	0.1020523831	0.9557979107	0.8476088643	4.042874813
627	0.5693854094	0.5397580266	0.02962738276	0.5064963698	0.1045817956	0.9575041533	0.8560413122	4.032880306
628	0.5593245029	0.5266728997	0.03265160322	0.5109212399	0.1050208062	0.9560548663	0.8513317108	4.013311386
629	0.5479557514	0.516481936	0.03147381544	0.5020113587	0.1037455499	0.9548732042	0.8441610932	4.006897449
630	0.5377616286	0.5037537813	0.03400784731	0.5052690506	0.1034729853	0.9518439174	0.8343139887	4.001156807
631	0.5501174927	0.5225431919	0.02757430077	0.5060988069	0.1045805365	0.9496237636	0.830768466	4.011239052
632	0.558123529	0.5198553205	0.0382682085	0.5056230426	0.1036861092	0.9442722797	0.8215486407	4.039131641
633	0.525421977	0.485815227	0.03960675001	0.5126482248	0.09996949136	0.9496713281	0.8306857347	4.039319992
634	0.528152585	0.4988569617	0.0292956233	0.5043474436	0.09902182221	0.952911675	0.8386477232	4.047266483
635	0.5944689512	0.5670209527	0.02744799852	0.5171634555	0.1050217152	0.9568630457	0.8500230908	4.031015873
636	0.5828245878	0.5480195284	0.03480505943	0.5141640306	0.1029853001	0.9500294924	0.8318960071	4.013490677
637	0.6433269978	0.609411478	0.03391551971	0.503970623	0.1032589301	0.9547190666	0.8418042064	4.007172585
638	0.657746017	0.6235826612	0.03416335583	0.5091001987	0.1031499356	0.9511955976	0.8331813812	3.993949413
639	0.7065436244	0.6711512804	0.035392344	0.5069390535	0.1043660492	0.9518713355	0.8354284167	4.000416756
640	0.7231146693	0.6836547852	0.03945988417	0.5062602162	0.1042677984	0.9504138231	0.8370768428	4.028420925
641	0.697183907	0.6504588723	0.04672503471	0.5064186454	0.1012452096	0.9501255751	0.8368851542	4.043861389
642	0.7010051012	0.6580511928	0.04295390844	0.4991718233	0.1001678854	0.9529055357	0.8438708782	4.051009178
643	0.6788867116	0.6452092528	0.03367745876	0.4996590614	0.1023434028	0.9571905732	0.8570917845	4.037422657
644	0.6847672462	0.6455447078	0.03922253847	0.5032600164	0.1024432406	0.9552012682	0.8508343697	4.021909714
645	0.6895179749	0.6573705673	0.03214740753	0.4955794513	0.1007887647	0.9533355236	0.8422097564	4.019043922
646	0.7024880648	0.6658927202	0.03659534454	0.4975988269	0.1001366228	0.950601697	0.8339749575	4.00167799
647	0.7141059041	0.6801849604	0.03392094374	0.5035395026	0.1011995897	0.9477206469	0.8273752332	4.01058054
648	0.7050949335	0.671661675	0.03343325853	0.5056645274	0.1004184335	0.9453485608	0.8248547912	4.035324097
649	0.7004486322	0.661701858	0.0387467742	0.5117174387	0.09980612993	0.9487433434	0.8331537843	4.046111107
650	0.719617784	0.6806284785	0.0389893055	0.5071546435	0.09859140962	0.9505816698	0.8374419212	4.048727989
651	0.6872665286	0.655595839	0.03167068958	0.5139160752	0.1012495607	0.9480785131	0.8362158537	4.036113262
652	0.6972132921	0.6563382745	0.04087501764	0.5166128874	0.1022007614	0.9471894503	0.8337667584	4.016491413
653	0.7160903811	0.6913142204	0.02477616072	0.5069583654	0.1019469202	0.9492735267	0.8305029869	4.010904789
654	0.7461026311	0.7069123983	0.03919023275	0.511659205	0.102569513	0.9458175898	0.8223935962	3.998066425
655	0.7478930354	0.7114434242	0.03644961119	0.5112439394	0.1027242541	0.9452511668	0.8211288452	4.007668495
656	0.7401465774	0.7056111097	0.03453546762	0.5103119016	0.1012477428	0.9377125502	0.8048388362	4.033150673
657	0.7134577632	0.6807545424	0.03270322084	0.5173782706	0.09678018838	0.9442074299	0.8179212213	4.037526608
658	0.7371311188	0.7102570534	0.0268740654	0.4990511537	0.09930483252	0.9500365257	0.8378294706	4.057177544
659	0.7491437793	0.7227403522	0.02640342712	0.5084329247	0.1036865562	0.9534028172	0.8483678699	4.030950069
660	0.7664837837	0.7337722182	0.03271156549	0.507101357	0.1028110608	0.9477711916	0.837195456	4.007680416
661	0.8050880432	0.7729961872	0.032091856	0.509745419	0.106737487	0.9439073205	0.8257862926	4.007153511
662	0.8298207521	0.8009288311	0.02889192104	0.5046063066	0.1012426913	0.9398576021	0.8140929341	3.995277882
663	0.8386582136	0.8060833216	0.03257489204	0.5079237223	0.1026781872	0.9387676716	0.8144283295	4.005200863
664	0.8417075872	0.802116096	0.03959149122	0.5097881556	0.100135304	0.9410527349	0.8170899749	4.030208111
665	0.8352570534	0.7933189869	0.04193806648	0.5084931254	0.0976921618	0.9357495904	0.8097782135	4.047889709
666	0.8465376496	0.8078585863	0.03867906332	0.5032217503	0.09804755449	0.9423518181	0.8261389732	4.052084923
667	0.8411831856	0.8026457429	0.03853744268	0.5040792227	0.1013775244	0.947629571	0.837928772	4.030170918
668	0.8353984356	0.7968606353	0.03853780031	0.5050956607	0.1021199822	0.942473352	0.825199604	4.01076746
669	0.8549304008	0.8243849874	0.03054541349	0.5023387671	0.1012433469	0.9403648376	0.8165940642	4.009694576
670	0.8626437187	0.8274435997	0.03520011902	0.502689302	0.09930478781	0.930108726	0.7967936993	3.999215364
671	0.8785816431	0.8402653933	0.03831624985	0.5079628825	0.09963930398	0.9328493476	0.7968104482	4.00823307
672	0.8474673033	0.8143119812	0.03315532207	0.5085353255	0.09931953996	0.9355278015	0.8068192601	4.035895348
673	0.8609450459	0.8206823468	0.04026269913	0.5155581832	0.09662126005	0.9346325994	0.8054609895	4.044228554
674	0.8723439574	0.8415778279	0.03076612949	0.5127011538	0.09582725912	0.9312646985	0.8003812432	4.046756744
675	0.8756440282	0.8384798765	0.03716415167	0.5144057274	0.0999667421	0.941899538	0.8212393522	4.029556274
676	0.8613732457	0.8212306499	0.04014259577	0.5155195594	0.1021323577	0.9367992878	0.8123539686	4.004189491
677	0.8724646568	0.8438848853	0.02857977152	0.5118231177	0.1025871858	0.9376342297	0.812209785	4.005669594
678	0.8654440045	0.8275897503	0.03785425425	0.5189625025	0.100559622	0.924249351	0.7825725079	3.985826492
679	0.9015327692	0.8591244817	0.04240828753	0.5170602202	0.1000384837	0.9308550954	0.7912219763	4.003184319
680	0.8704227209	0.8314276338	0.03899508715	0.5233021975	0.09828144312	0.9276515245	0.781684339	4.020197392
681	0.8715343475	0.8331390619	0.03839528561	0.5171172619	0.09672418237	0.9354798198	0.798679471	4.041733742
682	0.9178607464	0.8827601671	0.03510057926	0.507637918	0.09788231552	0.9450864196	0.8191844225	4.045566559
683	0.909876585	0.8701784015	0.03969818354	0.5103849173	0.1021237597	0.9463604689	0.8279300928	4.030198574
684	0.9541166425	0.9051525593	0.04896408319	0.5120189786	0.1050411984	0.9456003904	0.8256707191	3.999795198
685	0.9482989311	0.9083138704	0.03998506069	0.5143286586	0.104663834	0.9403764009	0.8179295659	4.000670433
686	0.9329443574	0.8920691609	0.04087519646	0.5209010839	0.1024791375	0.9340435863	0.8036851287	3.989504814
687	1.015128374	0.9696987867	0.04542958736	0.5176369548	0.1013560966	0.9349073768	0.8022390008	4.001149654
688	0.9790198207	0.9333332777	0.04568654299	0.5177181959	0.1002169326	0.9369975328	0.8090622425	4.022032261
689	0.9712328315	0.9181017876	0.05313104391	0.5099939704	0.0985513404	0.935505271	0.8117136359	4.043930531
690	0.9675915837	0.9267546535	0.04083693027	0.5091496706	0.09818779677	0.9392412901	0.8215269446	4.047405243
691	0.9684217572	0.9295886159	0.03883314133	0.513294816	0.09869683534	0.9415141344	0.8270919323	4.02837944
692	0.9774233699	0.9328150153	0.04460835457	0.5131352544	0.1010717228	0.9354511499	0.8151348829	4.005434513
693	0.9765590429	0.9408387542	0.03572028875	0.51289922	0.10052111	0.9329169989	0.8123682141	4.006764412
694	0.9725136757	0.9378578663	0.0346558094	0.5157635808	0.09823995829	0.9203051329	0.7906820178	3.999074936
695	0.9678072333	0.9373148084	0.03049242496	0.5178693533	0.09774656594	0.918117702	0.7887991667	4.004728794
696	0.9534076452	0.9228032231	0.03060442209	0.518761158	0.09517453611	0.9186887145	0.7904111743	4.022173882
697	0.9638155103	0.9266801476	0.03713536263	0.5150319338	0.09425745904	0.918735981	0.7913591266	4.044651985
698	0.9621842504	0.9309750795	0.03120917082	0.5158879161	0.09469326586	0.9304335713	0.8117308617	4.041921139
699	0.9411608577	0.9111508131	0.03001004457	0.5178456306	0.09673391283	0.9320890307	0.821141839	4.02835083
700	0.9323070049	0.8990977407	0.03320926428	0.5177255869	0.0982972309	0.9240439534	0.8067632318	4.013441563
701	0.9416376948	0.9209858179	0.02065187693	0.5190656781	0.1002216563	0.9271276593	0.8058306575	4.009340286
702	0.989084363	0.9510385394	0.03804582357	0.5228905678	0.09844397008	0.9267987013	0.798101902	4.000238419
703	0.9623612165	0.9218004942	0.04056072235	0.52192837	0.1003016159	0.9292368293	0.8033934832	4.007518291
704	0.9426073432	0.9006560445	0.04195129871	0.5246446729	0.09799931943	0.9290284514	0.8014696836	4.025463581
705	0.9593605995	0.9171584249	0.04220217466	0.5195313096	0.09570327401	0.932806313	0.8111065626	4.040788174
706	0.9249380231	0.8964749575	0.02846306562	0.5179072618	0.09934171289	0.9384257793	0.8268342614	4.043856144
707	0.9097607732	0.8756377101	0.03412306309	0.5291017294	0.1020243391	0.9424126148	0.8381552696	4.026468277
708	0.9155736566	0.878118813	0.03745484352	0.5269412398	0.1045093089	0.9316026568	0.8240010142	4.007038116
709	0.9535372853	0.9035675526	0.04996973276	0.5279334784	0.1054736748	0.9330361485	0.8219532967	3.999171257
710	0.9784218669	0.9472952485	0.03112661839	0.5310044289	0.1074932739	0.9170116186	0.8046383858	3.988966703
711	0.9932381511	0.9655236006	0.0277145505	0.5264980793	0.1056379154	0.9124807715	0.7928529382	4.002960205
712	1.043101311	1.014054656	0.0290466547	0.5275844336	0.104294695	0.9136238098	0.7979412079	4.026043892
713	1.004979849	0.9579575658	0.04702228308	0.5220871568	0.1016258374	0.9172677398	0.8058063984	4.046129704
714	0.961220324	0.9231130481	0.03810727596	0.5196070075	0.09977657348	0.9245641828	0.8197771907	4.046696186
715	0.9724308252	0.9444273114	0.02800351381	0.5235919952	0.09954671562	0.9202525616	0.8241645098	4.040027142
716	0.9758259058	0.9465609789	0.02926492691	0.5215633512	0.1013479233	0.917752862	0.8216369152	4.013262749
717	0.9810156226	0.9392330647	0.04178255796	0.5275419354	0.102323249	0.9250503778	0.8228579164	4.004950523
718	0.9767152667	0.9350173473	0.04169791937	0.5281937718	0.1031923443	0.9249168634	0.8156476021	3.991373062
719	0.9585410357	0.9279362559	0.03060477972	0.5251200795	0.1006949171	0.9208241701	0.8036503792	3.995080233
720	0.9465165138	0.918543756	0.02797275782	0.5250025392	0.09735155106	0.9201025963	0.8035545349	4.024559975
721	0.9481374025	0.9090247154	0.03911268711	0.523334682	0.0976287201	0.9282476306	0.8140442371	4.0479846
722	0.9527728558	0.9142079949	0.03856486082	0.5239320993	0.09808485955	0.9376326203	0.8305417299	4.041631699
723	0.9565218091	0.9213858247	0.03513598442	0.5247989297	0.09920062125	0.9394630194	0.8410054445	4.038358688
724	0.9540507197	0.9284985662	0.02555215359	0.5205705762	0.1016437188	0.9365137219	0.8344338536	4.013505936
725	0.9675393105	0.9366390705	0.03090023994	0.5222899914	0.1026693657	0.938200295	0.8309954405	4.000955105
726	0.9520803094	0.9114559889	0.04062432051	0.5244228244	0.1033960879	0.9351730347	0.8227562904	3.994112968
727	0.9824700952	0.9419366717	0.04053342342	0.5194741488	0.1028968468	0.9338531494	0.8121854067	4.008602142
728	0.9781266451	0.9294170141	0.04870963097	0.5270559192	0.09956803918	0.9351737499	0.8135308027	4.030646801
729	0.9842333794	0.930401206	0.05383217335	0.5274843574	0.09858768433	0.9401022792	0.8263664246	4.045853615
730	0.9574583769	0.9161914587	0.04126691818	0.5256602168	0.1028475761	0.9453173876	0.8383303881	4.040869713
731	0.9423016906	0.9003750086	0.041926682	0.5345667601	0.1029085889	0.9480084777	0.8485192657	4.033314228
732	0.9224335551	0.8867336512	0.03569990396	0.5392075181	0.1044737026	0.9428895116	0.8416829109	4.000351429
733	0.9612936378	0.9146094322	0.04668420553	0.5367700458	0.1062791571	0.943574369	0.838571012	3.994204998
734	0.9362647533	0.892177701	0.04408705235	0.5361278057	0.1048021317	0.9343981147	0.8215720654	3.982922792
735	0.920463562	0.8882033229	0.03226023912	0.533864677	0.1039244011	0.9266347289	0.8064846992	3.997554302
736	0.9136207104	0.890601933	0.02301877737	0.5324653387	0.102732569	0.9303184748	0.8118927479	4.029576302
737	0.9272669554	0.8848689795	0.04239797592	0.5264092684	0.09961046278	0.9301149249	0.8117772937	4.04351759
738	0.933866322	0.8898838758	0.04398244619	0.5269472003	0.100085035	0.9367877245	0.8245632648	4.042541504
739	0.9217120409	0.8861002922	0.0356117487	0.5296342373	0.09972912073	0.9412748218	0.8364146352	4.033912182
740	0.9417889714	0.9009010792	0.04088789225	0.5309361219	0.1032728702	0.9442608356	0.8405128717	4.004910469
741	0.9497946501	0.8971939087	0.05260074139	0.5312040448	0.1028254926	0.9432538152	0.8340468407	3.999877214
742	0.9770889282	0.9254666567	0.05162227154	0.5272884369	0.1032500863	0.9395806193	0.8250207305	3.992771626
743	0.9459632635	0.9141921997	0.0317710638	0.5267412066	0.1011592001	0.9363764524	0.8158591986	3.997084379
744	0.9128632545	0.8887679577	0.02409529686	0.5281233191	0.09919492155	0.933314383	0.8104182482	4.026070595
745	0.9214664698	0.8858237267	0.03564274311	0.5277427435	0.0980206877	0.9329826832	0.8104700446	4.041693687
746	0.9226555824	0.8855178356	0.03713774681	0.5349929929	0.09811078012	0.9447770715	0.8259178996	4.034873962
747	0.9218099713	0.884168148	0.03764182329	0.5406823158	0.09910637885	0.9470402598	0.8372679949	4.033092976
748	0.8933799267	0.8631938696	0.03018605709	0.5429740548	0.09993416816	0.9444987178	0.8320336342	4.001583099
749	0.9121084809	0.8823275566	0.02978092432	0.5419468284	0.1012914777	0.9469643831	0.8305054903	3.998680115
750	0.9260675311	0.8896659017	0.03640162945	0.5450112224	0.1024648324	0.9430733919	0.8180363774	3.979135752
751	0.9000543952	0.8615131378	0.03854125738	0.5348882079	0.1012684479	0.9364355206	0.8048362732	4.000423908
752	0.8606051207	0.825615108	0.03499001265	0.5365492105	0.09813258797	0.9275852442	0.7930675745	4.026073933
753	0.8743184209	0.841996491	0.03232192993	0.5349960327	0.09587667137	0.9382520318	0.8135861754	4.038812637
754	0.8839735985	0.8564535975	0.02752000093	0.5371192694	0.1002271399	0.9498506188	0.8359007239	4.043983459
755	0.8641804457	0.8302619457	0.03391849995	0.5431178212	0.1011968479	0.9496848583	0.8400489092	4.032039642
756	0.8194777966	0.7833333015	0.03614449501	0.5435836315	0.1020197049	0.9470351934	0.8363733888	3.999916077
757	0.7922273278	0.7594208717	0.03280645609	0.5435109138	0.1020009294	0.9393994212	0.8250810504	3.992833376
758	0.7851992846	0.7617918849	0.02340739965	0.5407475829	0.1025371179	0.9324658513	0.8112612963	3.97893858
759	0.7733489275	0.7554926872	0.01785624027	0.5305624604	0.1018692628	0.9223333001	0.79503721	3.997986317
760	0.7527728081	0.7417901158	0.01098269224	0.530523479	0.09934274107	0.9175884724	0.7911191583	4.028199673
761	0.7523576617	0.7387108803	0.01364678144	0.5324178338	0.09599091113	0.9158448577	0.7870944738	4.043626308
762	0.7511208057	0.7279411554	0.02317965031	0.5341432095	0.09746231139	0.9318592548	0.8136193156	4.047913551
763	0.7775424123	0.7496250868	0.0279173255	0.5373495817	0.09796916693	0.9373415709	0.8259477019	4.034604549
764	0.7565829754	0.7239599228	0.0326230526	0.5385250449	0.09893492609	0.9348115325	0.8237010241	4.003992558
765	0.7617017627	0.7283958793	0.03330588341	0.5387871265	0.09821184725	0.9350965619	0.8170087934	3.99554801
766	0.7866387367	0.7549307942	0.03170794249	0.5308502913	0.09946113825	0.9340747595	0.8093525171	3.99090004
767	0.7657338381	0.743788898	0.02194494009	0.5288447142	0.09971583635	0.9301991463	0.8027973175	3.999909639
768	0.7498893142	0.7313969135	0.01849240065	0.5304718614	0.09677702188	0.925994873	0.7953889966	4.024201393
769	0.7457967401	0.7259484529	0.01984828711	0.5344544649	0.09500311315	0.9237551093	0.7889328003	4.040645123
770	0.7252168059	0.7064915299	0.01872527599	0.5395359397	0.09635804594	0.9347000122	0.8094303608	4.039560795
771	0.7619677782	0.7300261855	0.03194159269	0.5455480814	0.09636048973	0.9387093782	0.8191853762	4.036118984
772	0.7304326892	0.704141438	0.02629125118	0.5446737409	0.09773302078	0.9413238764	0.8235527277	4.006932259
773	0.7315818071	0.7114803195	0.02010148764	0.5458543897	0.09903175384	0.937336266	0.810406208	3.99083972
774	0.7279664278	0.7130501866	0.01491624117	0.5444538593	0.09950964898	0.9356040955	0.8047554493	3.98506856
775	0.7266116142	0.7025772929	0.02403432131	0.5368915796	0.09989953041	0.9348040223	0.8017842174	4.002492428
776	0.703900516	0.6824901104	0.02141040564	0.5367414951	0.09643857926	0.9237509966	0.7834412456	4.028933048
777	0.6929780245	0.6782769561	0.0147010684	0.5398649573	0.09498268366	0.9304538965	0.7969645262	4.039698124
778	0.7174096704	0.7073277235	0.01008194685	0.5351130366	0.09720074385	0.9365983009	0.8130483031	4.046411037
779	0.7361973524	0.7080855966	0.02811175585	0.5430698991	0.09825061262	0.9432786107	0.8253092766	4.038967133
780	0.6702641249	0.6451297998	0.02513432503	0.5403857827	0.1002800688	0.9451335073	0.8303755522	4.00056982
781	0.6724433899	0.6484721303	0.02397125959	0.537104249	0.1005215645	0.9401173592	0.8167506456	3.990731478
782	0.6646920443	0.6441785693	0.02051347494	0.5390253067	0.1012897491	0.9325278401	0.8041903973	3.991358042
783	0.6381310225	0.625516057	0.01261496544	0.5306255221	0.1015641242	0.9256787896	0.7919398546	4.00398922
784	0.6180064082	0.6051464081	0.01286000013	0.5305169821	0.09779640287	0.9218710661	0.788369596	4.030983925
785	0.6152905226	0.6058729887	0.009417533875	0.5337875485	0.09618122131	0.9249854088	0.7949814796	4.044267178
786	0.6158480644	0.6027281284	0.01311993599	0.536023736	0.09730321169	0.9376548529	0.8136833906	4.046432972
787	0.6169496179	0.6022308469	0.01471877098	0.5390382409	0.09838336706	0.9432652593	0.8255764842	4.042231083
788	0.6180230975	0.5938552618	0.02416783571	0.5380653739	0.09972818941	0.9462342858	0.8287108541	4.003992081
789	0.6400364637	0.6138375401	0.02619892359	0.5318364501	0.09928356111	0.9389532804	0.8126128912	3.998268843
790	0.6367425323	0.6138387322	0.02290380001	0.538921833	0.09960506111	0.9349657893	0.8033563495	3.994300127
791	0.6351084709	0.6172643304	0.01784414053	0.5311948061	0.0986950174	0.9281482697	0.7924792171	4.001483917
792	0.6130319238	0.5987391472	0.01429277658	0.5290071964	0.09681616724	0.9243733287	0.7883890867	4.035347939
793	0.6237620115	0.6095820069	0.0141800046	0.5365921259	0.0948625356	0.9313490987	0.8015630841	4.041119099
794	0.6178219318	0.597923398	0.01989853382	0.5395680666	0.09753612429	0.9428265095	0.8205313683	4.044184208
795	0.6285110712	0.6078480482	0.02066302299	0.5472874641	0.09819020331	0.9441121221	0.8297703862	4.040014267
796	0.6206421852	0.602389276	0.01825290918	0.5459601283	0.09824856371	0.9501217604	0.8317565918	3.994742632
797	0.6105273366	0.5995309949	0.01099634171	0.5448582768	0.09902685881	0.9349958301	0.8080844879	3.991557837
798	0.6281098127	0.613945663	0.01416414976	0.5468914509	0.0993296206	0.9292874932	0.7917473912	3.985204697
799	0.6274798512	0.6090235114	0.01845633984	0.537643075	0.09842484444	0.9305116534	0.7915639281	4.007208347
800	0.6291373968	0.6013367176	0.02780067921	0.5386787057	0.09522988647	0.9252616167	0.7857922316	4.034647942
801	0.650744319	0.6353331804	0.01541113853	0.5465709567	0.09138518572	0.9379780293	0.8074429631	4.035714626
802	0.6291759014	0.6205342412	0.008641660213	0.5391131043	0.09736416489	0.9452157021	0.8235248327	4.041142464
803	0.6520425081	0.6358820796	0.01616042852	0.545738399	0.09919375181	0.9465899467	0.8303126097	4.026319027
804	0.5829259157	0.5648633838	0.01806253195	0.5457704663	0.0998326242	0.9496924281	0.8331252337	3.987571716
805	0.5572880507	0.5411335826	0.01615446806	0.5407182574	0.1003594771	0.9384070039	0.8140944242	3.983901501
806	0.5200477839	0.5279125571	-0.007864773273	0.5426610708	0.09840883315	0.9171694517	0.7884171605	3.990255833
807	0.5578683019	0.5651717186	-0.007303416729	0.5330427289	0.09704403579	0.9096509814	0.7771044374	4.007040977
808	0.5819317102	0.5860895514	-0.004157841206	0.529048264	0.09537991881	0.9101576209	0.7787163854	4.025687218
809	0.5423591733	0.535615325	0.006743848324	0.5299618244	0.09271144122	0.9204205275	0.790606916	4.038198471
810	0.4798289835	0.4765592217	0.003269761801	0.5346056223	0.09671986848	0.9329231977	0.8102650642	4.040439606
811	0.4757168293	0.4674023092	0.008314520121	0.5392118096	0.09962765127	0.9432975054	0.8298225403	4.02429533
812	0.453740716	0.434586972	0.01915374398	0.5367847085	0.1011775583	0.9445750713	0.8289968371	3.991784573
813	0.4900013208	0.4626609683	0.02734035254	0.532048583	0.1012333035	0.941623807	0.815038383	3.988179207
814	0.4838494658	0.4634516537	0.02039781213	0.5329369903	0.1016104892	0.9354088306	0.8038688898	3.998707294
815	0.4976360798	0.4857814312	0.01185464859	0.5296964049	0.09900783002	0.9342945814	0.8030535579	4.005523682
816	0.48815763	0.4761484563	0.01200917363	0.5255705118	0.09701391309	0.9311249256	0.7975851893	4.031673431
817	0.4950002432	0.4801102579	0.01488998532	0.5296783447	0.09640892595	0.9409764409	0.8173649907	4.037556648
818	0.5156446099	0.4949806333	0.02066397667	0.5344653726	0.09893371165	0.9502949715	0.8355492353	4.038428307
819	0.5433034301	0.5156874657	0.02761596441	0.5396216512	0.1033713445	0.9557580352	0.8479404449	4.028094292
820	0.5337139964	0.5097565651	0.02395743132	0.5376726389	0.1020336524	0.9533977509	0.8386022449	3.982177258
821	0.5461075306	0.5224673748	0.02364015579	0.536952436	0.1025089324	0.9485604167	0.8214244843	3.976076841
822	0.5000279546	0.4834421575	0.01658579707	0.5400086045	0.1028880626	0.9414833784	0.8106597662	3.995061636
823	0.5032874346	0.4865936041	0.01669383049	0.5275145173	0.1006028056	0.9311686158	0.7955750823	4.012164593
824	0.5048595667	0.4869509339	0.01790863276	0.5314439535	0.09747761488	0.9354646802	0.803663075	4.032939911
825	0.5271493196	0.5031117797	0.02403753996	0.5373827219	0.09446892887	0.946816504	0.826226294	4.034793854
826	0.5316516161	0.5121247172	0.01952689886	0.5337411761	0.09966691583	0.9501748681	0.8315157294	4.036622047
827	0.5693336725	0.5451458693	0.02418780327	0.5410241485	0.1032088026	0.9545402527	0.843167007	4.017758369
828	0.548122406	0.5173500776	0.03077232838	0.5394971967	0.1021799445	0.9528697133	0.8374651074	3.983746052
829	0.5227962732	0.4926480651	0.03014820814	0.5411099792	0.101892665	0.9463093281	0.8155476451	3.98078084
830	0.4746857584	0.4593520463	0.0153337121	0.5347930789	0.1001887918	0.9422536492	0.8123534322	4.00009346
831	0.4785594344	0.4702337384	0.008325695992	0.5319623351	0.09885280579	0.9382323027	0.8071199059	4.010907173
832	0.4927728772	0.4912182093	0.00155466795	0.5291534662	0.0985846892	0.9354343414	0.8079901338	4.03028965
833	0.4485515356	0.4302882254	0.01826331019	0.5306968093	0.09614621103	0.9437554479	0.8222327232	4.037322998
834	0.4183168411	0.3948433697	0.0234734714	0.5317379832	0.09865392745	0.9463868141	0.8278394341	4.037695885
835	0.4435593784	0.4151576757	0.02840170264	0.5350710154	0.1006631255	0.9526743889	0.8409075141	4.01767683
836	0.4404013455	0.4030091763	0.03739216924	0.5352837443	0.1014555767	0.9536040425	0.841489315	3.994258404
837	0.4925475419	0.452732712	0.03981482983	0.5327143669	0.1017102301	0.9487140179	0.823181808	3.98685813
838	0.4403887689	0.421833545	0.01855522394	0.5293417573	0.1001709849	0.9410539269	0.8093079329	4.002558231
839	0.4521589279	0.4468058646	0.005353063345	0.5265237689	0.09824579954	0.9371259809	0.8052983284	4.010377407
840	0.4642927647	0.461927861	0.002364903688	0.5243211389	0.09677661955	0.935751617	0.8061573505	4.031033039
841	0.4525102973	0.4466287494	0.005881547928	0.5257223845	0.0967579782	0.9406211376	0.8186352849	4.042939663
842	0.4681601822	0.4497934878	0.01836669445	0.5325794816	0.09840687364	0.9469696283	0.8305675983	4.039546967
843	0.4921998084	0.4744971097	0.01770269871	0.537001431	0.100375846	0.950029254	0.8391002417	4.024563313
844	0.5088621378	0.4841109812	0.02475115657	0.5376301408	0.1007285789	0.9509277344	0.8386940956	3.993739843
845	0.521212697	0.4977093637	0.02350333333	0.5352358222	0.09933748841	0.9458786249	0.8203362226	3.984956264
846	0.5118471384	0.4972960949	0.01455104351	0.5351229906	0.09911590815	0.9398175478	0.8105221987	4.005897045
847	0.5295439363	0.5246556997	0.004888236523	0.5282014608	0.09718936682	0.928550601	0.7948333025	4.012770176
848	0.5160667896	0.5228481293	-0.006781339645	0.526422143	0.0943845436	0.9246661663	0.7921231389	4.02942276
849	0.5122349858	0.5116716623	0.0005633234978	0.5341214538	0.09345775843	0.9429777265	0.8207964301	4.035515785
850	0.5146632791	0.4962747097	0.01838856936	0.5349521041	0.0963113457	0.9538677931	0.8398356438	4.036524773
851	0.5323402882	0.5104489326	0.02189135551	0.5388051867	0.09818113595	0.9573370814	0.8492546082	4.018088341
852	0.5378627777	0.5074133277	0.03044945002	0.5368804932	0.09829083085	0.9533548951	0.8399727941	3.992250681
853	0.534940958	0.5068685412	0.02807241678	0.5324839354	0.09796892852	0.9493842125	0.8247419	3.98316741
854	0.5030223727	0.4867037833	0.01631858945	0.5362342596	0.09813048691	0.9459369183	0.8196683526	3.997385979
855	0.5627676845	0.5540986657	0.008669018745	0.5346066356	0.09572798014	0.9401570559	0.8134166002	4.005537033
856	0.5814718604	0.5770106912	0.004461169243	0.5319060683	0.09558480978	0.9366574287	0.8113351464	4.023125172
857	0.5680588484	0.5526709557	0.01538789272	0.5303698778	0.09567318857	0.9361194372	0.8137663007	4.039075375
858	0.5325276256	0.5103459358	0.02218168974	0.528806746	0.09631706774	0.9413722754	0.8239622712	4.040584564
859	0.5296778083	0.5082321167	0.02144569159	0.5293877125	0.1004432961	0.9456894994	0.8356881142	4.016046047
860	0.5573590398	0.5172556043	0.04010343552	0.5336863399	0.1009286791	0.9445673823	0.8321369886	3.999187231
861	0.54588902	0.506798327	0.039090693	0.5318288803	0.1004925668	0.9427892566	0.8207444549	3.987157583
862	0.5575092435	0.5344443321	0.02306491137	0.5310477614	0.09999939054	0.9405040741	0.8159787059	3.99505353
863	0.5849795938	0.5748116374	0.01016795635	0.5267750621	0.09823469073	0.9343733191	0.8071956635	4.007090569
864	0.5962605476	0.5901732445	0.006087303162	0.5255935788	0.09645749629	0.9313288927	0.8044475317	4.028626442
865	0.5656852722	0.5548890829	0.01079618931	0.5252092481	0.09600378573	0.9349685907	0.8141151667	4.038987637
866	0.5543400645	0.531294167	0.02304589748	0.528280735	0.09634612501	0.9472834468	0.8318774104	4.039374828
867	0.5761029124	0.5566860437	0.01941686869	0.5300091505	0.09945204109	0.9396386147	0.8288286924	4.021236897
868	0.5789375305	0.54917413	0.02976340055	0.5332031846	0.1003625616	0.9445542693	0.829574883	3.997882605
869	0.5675187111	0.5481428504	0.01937586069	0.5323458314	0.1012595817	0.9455574751	0.8195347786	3.984019279
870	0.5471803546	0.5378097892	0.009370565414	0.5349699259	0.09950724989	0.943200767	0.8153524995	3.993574858
871	0.5593560934	0.5582501292	0.001105964184	0.5261210799	0.09793565422	0.9366924763	0.8058190346	4.014675617
872	0.5433335304	0.5395510793	0.003782451153	0.5262057185	0.09586197883	0.9318951964	0.8021491766	4.026720047
873	0.5373960137	0.5250889063	0.01230710745	0.5316616297	0.09409888834	0.9439154267	0.8224244714	4.034198284
874	0.5058841705	0.4837162495	0.02216792107	0.5367881656	0.09346336871	0.9547961354	0.8419384956	4.029462814
875	0.5226060152	0.5034990311	0.01910698414	0.52886343	0.09817134589	0.9549550414	0.8467946053	4.014237404
876	0.5915808082	0.5476967692	0.04388403893	0.5317178965	0.1008434892	0.9565322399	0.8455874324	4.00004673
877	0.6206007004	0.5778861046	0.04271459579	0.5315923095	0.1004496068	0.9513346553	0.8324369788	3.984074593
878	0.6198314428	0.5864661336	0.03336530924	0.533750236	0.09959235787	0.950796783	0.8299137354	3.987822056
879	0.5954188704	0.5748960376	0.02052283287	0.5253906846	0.09748367965	0.9432617426	0.8191090822	4.008975506
880	0.636472702	0.6170087457	0.01946395636	0.5297604203	0.09695357084	0.9436253309	0.8219227791	4.019535542
881	0.5824038386	0.5582537055	0.02415013313	0.5237414241	0.09536985308	0.9431582689	0.8224378228	4.034702301
882	0.5856620073	0.5492428541	0.03641915321	0.529756248	0.09629315138	0.9538708925	0.8405917883	4.033887386
883	0.5877947211	0.552275002	0.03551971912	0.525282979	0.09932521731	0.9557605982	0.8468936682	4.011620522
884	0.6139731407	0.568974793	0.04499834776	0.529524982	0.1011024117	0.9538794756	0.8425792456	4.005511284
885	0.6215732098	0.5780023336	0.04357087612	0.5292236209	0.1003952697	0.9515385628	0.8315845728	3.98371315
886	0.6185332537	0.5854772925	0.03305596113	0.5287960768	0.09976183623	0.9482355714	0.8259218335	3.992005825
887	0.6287218928	0.6047891974	0.02393269539	0.5231794119	0.09781141579	0.9457756877	0.8221665621	4.003490448
888	0.6376078129	0.6201890707	0.01741874218	0.5228372216	0.09693093598	0.941426158	0.8165301085	4.027596474
889	0.5987364054	0.5805535913	0.01818281412	0.525395751	0.09528172761	0.9433671236	0.8222106695	4.034797668
890	0.5813813806	0.5532720685	0.02810931206	0.5304245353	0.09455368668	0.9504746199	0.8352752924	4.034737587
891	0.5816716552	0.5539522767	0.02771937847	0.5275968909	0.09828742594	0.9524081945	0.8397914171	4.016808033
892	0.6093574166	0.5749642253	0.03439319134	0.5311914086	0.1022572294	0.9538352489	0.8405591249	4.00265789
893	0.5741015673	0.5476696491	0.02643191814	0.53134197	0.1031309515	0.9508612752	0.8322364092	3.982491255
894	0.5705502033	0.5490421057	0.02150809765	0.532666564	0.1013894901	0.9476534724	0.826051414	3.982058287
895	0.5876703262	0.5677592158	0.0199111104	0.5275709033	0.09946563095	0.9464661479	0.8245405555	4.006388187
896	0.6001706719	0.5823028088	0.01786786318	0.5302302837	0.09745077044	0.9443980455	0.8225525618	4.026198864
897	0.5322028399	0.5122634172	0.01993942261	0.5280193686	0.09449093789	0.9456837177	0.8260940313	4.034338474
898	0.5353111029	0.5029216409	0.03238946199	0.532125175	0.09433055669	0.9549794793	0.8458209038	4.032914639
899	0.5534491539	0.5216835737	0.03176558018	0.5284956694	0.09719154984	0.9572509527	0.85133183	4.014800072
900	0.5822684169	0.5409101844	0.0413582325	0.5320795178	0.1002133265	0.9586367011	0.853290081	4.010687828
901	0.606357038	0.5566001534	0.04975688457	0.5240942836	0.1007913873	0.9550746083	0.8413731456	3.989866018
902	0.6047148108	0.5616857409	0.0430290699	0.5291830897	0.09960287064	0.9513442516	0.8357810974	3.983290195
903	0.6048694849	0.5674635768	0.03740590811	0.5241742134	0.09952865541	0.9481440783	0.8306457996	4.003531933
904	0.6182726026	0.5838595033	0.03441309929	0.529494822	0.09822136164	0.9481635094	0.8332743645	4.023437023
905	0.5857790112	0.5513098836	0.03446912766	0.5250098109	0.09552242607	0.9482890368	0.8338332176	4.034137726
906	0.5715147853	0.5306606293	0.04085415602	0.5298027396	0.09403642267	0.9520519972	0.8412203193	4.040318012
907	0.572848022	0.5385607481	0.03428727388	0.5201566815	0.09620846063	0.9538449049	0.8478069305	4.020619869
908	0.6077564359	0.5617175698	0.04603886604	0.5292631388	0.09981770813	0.9563614726	0.8514399529	4.01517725
909	0.6339820027	0.577914238	0.05606776476	0.5258863568	0.1009896696	0.9527703524	0.8386820555	3.996353626
910	0.5988816023	0.5544842482	0.04439735413	0.5296163559	0.1012424603	0.9511557221	0.8396314979	3.990735054
911	0.5898379683	0.5630137324	0.02682423592	0.5261207819	0.09893529862	0.9466513395	0.8290925622	3.999827385
912	0.5990568399	0.5705503821	0.02850645781	0.529039979	0.09665367752	0.9459422231	0.8292047381	4.023722172
913	0.5608760118	0.5326531529	0.02822285891	0.5268480182	0.09500478208	0.9491025209	0.833047986	4.034899712
914	0.5721303225	0.5322211981	0.03990912437	0.530502677	0.09437043965	0.9537447691	0.8428644538	4.035140038
915	0.5777987242	0.5422944427	0.03550428152	0.527767539	0.09722460806	0.9557701945	0.8479732275	4.024232864
916	0.5945270658	0.5508006215	0.04372644424	0.5345090032	0.09757217765	0.9570041895	0.8478314281	4.013196468
917	0.5593531728	0.5336098671	0.02574330568	0.5301002264	0.09824875742	0.9519467354	0.8326937556	3.994486094
918	0.5718749166	0.53551054	0.03636437654	0.5294511318	0.09800507873	0.9515434504	0.8336259723	3.99161315
919	0.5575984716	0.520124495	0.03747397661	0.5233293772	0.09826395661	0.9474717975	0.8276339173	4.01328373
920	0.5420569181	0.5093283653	0.03272855282	0.5281351805	0.0944404304	0.9444969893	0.8183023334	4.029346943
921	0.5338230729	0.4995292425	0.03429383039	0.5309362411	0.09154382348	0.9496003389	0.8282421827	4.034738064
922	0.5815552473	0.5511401892	0.03041505814	0.5309411883	0.09391503781	0.9531658888	0.836835742	4.036900043
923	0.6031492352	0.5704873204	0.03266191483	0.516420722	0.1000727713	0.957518816	0.8543881178	4.026856899
924	0.618314445	0.5724593401	0.04585510492	0.5277612805	0.1011862084	0.9584546685	0.8560249805	4.010396004
925	0.712816596	0.6620871425	0.05072945356	0.5340641141	0.1047093421	0.9529534578	0.8404580951	3.986553669
926	0.6545737386	0.6099698544	0.04460388422	0.5318065882	0.1001707688	0.9491890669	0.832123518	3.97868824
927	0.6385067701	0.60550946	0.03299731016	0.5250838399	0.09883707762	0.9474610686	0.8278363347	4.000135899
928	0.6477199793	0.6123592257	0.03536075354	0.5263096094	0.09706612676	0.9500581622	0.8355759382	4.02667141
929	0.6265670061	0.5909240246	0.03564298153	0.5200999975	0.09208257496	0.9507683516	0.836904645	4.038978577
930	0.6244515777	0.590795815	0.03365576267	0.5200632811	0.09150428325	0.9537397027	0.8454463482	4.043093204
931	0.6172913909	0.5862404704	0.03105092049	0.5124852061	0.09574974328	0.9550871253	0.848397553	4.021244049
932	0.6093937755	0.5737668276	0.03562694788	0.5239933133	0.096234411	0.9544272423	0.8457890749	4.011046886
933	0.613894999	0.5804821253	0.03341287374	0.5264161229	0.09697957337	0.9512864351	0.8330613375	3.993932724
934	0.6316654682	0.5968032479	0.03486222029	0.5253683925	0.09723269194	0.948528409	0.8275135756	3.983716011
935	0.615852654	0.5843103528	0.03154230118	0.5245171189	0.0948067233	0.9488705397	0.825275898	4.000829697
936	0.590043664	0.5593003631	0.03074330091	0.5326098204	0.09197746217	0.9488958716	0.8256062269	4.017907143
937	0.5787795186	0.5482965112	0.03048300743	0.5283600688	0.09048043936	0.9485428929	0.8237769604	4.029750347
938	0.6115315557	0.5781040192	0.03342753649	0.5350868106	0.08952823281	0.9517969489	0.8321331739	4.03168726
939	0.5741459131	0.5428331494	0.03131276369	0.5350330472	0.09391109645	0.9509069324	0.8302523494	4.016240597
940	0.5948863626	0.5622618198	0.03262454271	0.5439278483	0.09495539218	0.9500002265	0.8268473744	4.004437923
941	0.5589113235	0.540070951	0.01884037256	0.5423058867	0.09730248153	0.9455897212	0.8192412853	3.980836868
942	0.5584005713	0.534683764	0.02371680737	0.5422057509	0.09614331275	0.9419294	0.8128892779	3.977473736
943	0.5583792925	0.527776897	0.03060239553	0.5367501378	0.09394064546	0.9435178638	0.8134608269	4.003331661
944	0.5427897573	0.5158867836	0.02690297365	0.5409647226	0.09043391049	0.9451714754	0.8187592626	4.017622948
945	0.5342579484	0.5091298223	0.02512812614	0.5357695222	0.08919588476	0.9473608732	0.8237383962	4.027098656
946	0.5856051445	0.5662569404	0.01934820414	0.5395440459	0.08841215074	0.952680707	0.8384122252	4.028161049
947	0.5744604468	0.5522966981	0.02216374874	0.5343590975	0.09314501286	0.9527705312	0.8413521051	4.009971142
948	0.5755969882	0.5562183261	0.01937866211	0.5423474908	0.09383754432	0.9505499601	0.8325215578	4.007303238
949	0.5510751605	0.5418599248	0.00921523571	0.5351324677	0.09662181884	0.9455555677	0.8233089447	3.991294861
950	0.5530897975	0.5431507826	0.009939014912	0.541016221	0.09491609782	0.9385620952	0.8123452067	3.980146885
951	0.5604024529	0.5487201214	0.01168233156	0.5410730243	0.09284118563	0.9343339801	0.8038666844	3.995359182
952	0.5633074641	0.5490399599	0.01426750422	0.5407611132	0.08998235315	0.9380984306	0.8145335913	4.012619495
953	0.604101181	0.5871531367	0.0169480443	0.5278016329	0.08745857328	0.9381724	0.820407331	4.02649498
954	0.6035258174	0.5887097716	0.01481604576	0.5361250043	0.08824602515	0.94319278	0.8354489207	4.028343201
955	0.5718886256	0.5536242723	0.01826435328	0.5339618325	0.09277258813	0.9432062507	0.8364701867	4.014357567
956	0.6163727045	0.606485188	0.009887516499	0.5418666601	0.09293786436	0.9417389631	0.8262177706	4.002068043
957	0.5926880836	0.5888456702	0.003842413425	0.5385652184	0.09487286955	0.9426045418	0.8260763884	3.989735126
958	0.5994977355	0.5777162313	0.02178150415	0.5390030742	0.09516234696	0.9395941496	0.8226652741	3.984949827
959	0.5796586275	0.5661129951	0.01354563236	0.5347192287	0.09313648194	0.9368684888	0.8156528473	4.004182816
960	0.584358871	0.5762453675	0.008113503456	0.5347087979	0.08964485675	0.9389913678	0.8231232166	4.018326759
961	0.5763539672	0.5634168386	0.01293712854	0.5261596441	0.08953667432	0.9388070107	0.8235563636	4.031072617
962	0.5952426195	0.5858114958	0.009431123734	0.5324946642	0.09005948901	0.9419699907	0.8365020752	4.029555321
963	0.59479177	0.5857442617	0.00904750824	0.5338512063	0.09265916795	0.9399006963	0.8354667425	4.014611244
964	0.5942935944	0.5893292427	0.004964351654	0.5376224518	0.09350629896	0.9370989799	0.8281653523	4.005980968
965	0.5565472841	0.5641255975	-0.007578313351	0.5370240211	0.09632158279	0.9364277124	0.8210670948	3.989611626
966	0.5707325935	0.5632782578	0.00745433569	0.5410267711	0.09568959475	0.9327757955	0.8127567768	3.989928484
967	0.5714195967	0.5481982231	0.02322137356	0.5366109014	0.09537869692	0.9351442456	0.8148411512	4.001752853
968	0.5699742436	0.5670902133	0.002884030342	0.5351370573	0.09082575142	0.9337328672	0.8164022565	4.021744251
969	0.5800407529	0.5668175817	0.01322317123	0.5314996839	0.08924628794	0.9375619292	0.8232938647	4.029592514
970	0.5867376924	0.5762268305	0.01051086187	0.5265168548	0.09034601599	0.9435773492	0.8407191038	4.033041
971	0.5438092947	0.5240699649	0.01973932981	0.5306608081	0.09505273402	0.9389086366	0.8401083946	4.011488914
972	0.5288544893	0.5229263902	0.005928099155	0.5469158888	0.09690193832	0.9289349318	0.8289160728	4.000678539
973	0.4974704981	0.4911187589	0.006351739168	0.5469924808	0.09974921495	0.9266085029	0.8174315095	3.983880281
974	0.4852882922	0.4814783335	0.003809958696	0.5403381586	0.09593423456	0.9215913415	0.809394002	3.987852573
975	0.4955693185	0.4828131199	0.01275619864	0.5342593193	0.09382192045	0.9195795655	0.80296278	4.002669334
976	0.5095053315	0.4999451339	0.009560197592	0.5349937677	0.09106231481	0.9202048779	0.8099916577	4.022075653
977	0.4861993194	0.4892251194	-0.00302579999	0.53149575	0.0924923569	0.9174557924	0.811235249	4.032656193
978	0.5104240179	0.5022952557	0.008128762245	0.5263773799	0.09030135721	0.9260931611	0.8258662224	4.032631397
979	0.4820174575	0.4744904041	0.007527053356	0.526076436	0.09491350502	0.9301459193	0.8312964439	4.013275623
980	0.4990755618	0.4936293066	0.005446255207	0.5333490968	0.09565485269	0.9303590655	0.8297492266	4.003295422
981	0.475887388	0.4729881287	0.002899259329	0.5364024043	0.09741657227	0.9240963459	0.8140839934	3.99582386
982	0.5079768896	0.4949264526	0.01305043697	0.537724793	0.09553179145	0.9190746546	0.8058514595	3.994236469
983	0.4988887906	0.4882811606	0.01060763001	0.5318850875	0.09333308786	0.9202998877	0.80634588	4.002419949
984	0.4552219808	0.4511272013	0.004094779491	0.5338202715	0.09270053357	0.9302252531	0.8196383119	4.021687984
985	0.4400182068	0.4384112656	0.001606941223	0.5259122252	0.09327967465	0.9325322509	0.8262885809	4.030226707
986	0.4736166894	0.4670059979	0.006610691547	0.5282993317	0.09213973582	0.9349434376	0.8374741077	4.02850771
987	0.4797149003	0.4751990139	0.004515886307	0.5292490721	0.09555546194	0.9316969514	0.8338399529	4.012746334
988	0.492349118	0.4890031219	0.003345996141	0.534204483	0.09520799667	0.9331493378	0.8328419924	3.994915247
989	0.4537790418	0.447083652	0.006695389748	0.5388808846	0.09746006876	0.9337973595	0.8264252543	3.992020369
990	0.4862943292	0.4717646539	0.01452967525	0.540700376	0.0940926671	0.9280053973	0.8123857379	3.990884781
991	0.4677912295	0.4532696903	0.01452153921	0.5337845683	0.09448304772	0.9281259179	0.8144919276	4.000907898
992	0.4498192966	0.4469519556	0.002867341042	0.5321861506	0.09233603626	0.9348325133	0.8223278522	4.023107052
993	0.4649103582	0.4599091113	0.005001246929	0.5285117626	0.09143644571	0.9412639141	0.8322724104	4.030429363
994	0.4832452238	0.4821015298	0.001143693924	0.526786983	0.0932860449	0.9465984106	0.8441542387	4.032104969
995	0.5128894448	0.5033977032	0.009491741657	0.5293074846	0.09841974825	0.9438698292	0.84390378	4.01053524
996	0.566319108	0.5529094934	0.01340961456	0.5347729325	0.09757183492	0.9419345856	0.8411135077	3.994989634
997	0.5462727547	0.535749197	0.01052355766	0.5386285782	0.09943015128	0.939196527	0.83182019	3.987471342
998	0.5812451243	0.5656803846	0.0155647397	0.5416454077	0.0971294567	0.9348184466	0.8207104802	3.981753111
999	0.5769354105	0.5589219928	0.01801341772	0.536254406	0.09710468352	0.9364530444	0.8223364949	3.99565959
1000	0.5940942168	0.5681999922	0.02589422464	0.5332940221	0.09482739866	0.9381649494	0.8286774755	4.015705585
1001	0.6079449654	0.5912662745	0.01667869091	0.5251027346	0.09366994351	0.9393700361	0.8280561566	4.02729845
1002	0.6174862385	0.5948788524	0.02260738611	0.5267537832	0.09448884428	0.9452911615	0.8414853215	4.0353508
1003	0.6189529896	0.5920706391	0.02688235044	0.5281996727	0.09748933464	0.9490973949	0.8486744165	4.011807919
1004	0.6057879925	0.5843701959	0.02141779661	0.5336790681	0.09842380136	0.9484658837	0.8464871645	4.004487038
1005	0.600497663	0.582456708	0.01804095507	0.5354221463	0.09842132032	0.9407419562	0.8290618658	3.990083218
1006	0.6194148064	0.5925294161	0.02688539028	0.5313071609	0.09906487167	0.9439803362	0.8268094063	3.990586758
1007	0.6202628613	0.5974723101	0.02279055119	0.5269147158	0.1015185639	0.9473792315	0.8327816725	4.002072811
1008	0.611675024	0.5901328325	0.02154219151	0.53196913	0.09691537172	0.9507317543	0.839931488	4.019826412
1009	0.6319265962	0.6119865179	0.01994007826	0.5233106613	0.09571322054	0.9507566094	0.8405103087	4.03288126
1010	0.6532579064	0.6242892146	0.02896869183	0.5260084867	0.09653295577	0.9568824768	0.8548697233	4.035222054
1011	0.6669770479	0.6328371763	0.0341398716	0.5281924009	0.09964324534	0.9587804079	0.8608618975	4.019042015
1012	0.6639668345	0.6422333717	0.02173346281	0.5322650075	0.09839458764	0.9557555914	0.8564078212	4.009599209
1013	0.6613060236	0.644436419	0.01686960459	0.5362731814	0.0996331498	0.9526804686	0.8449274898	3.995949507
1014	0.6779731512	0.6457384825	0.03223466873	0.5377674699	0.09813193977	0.9484764934	0.82941401	3.985775232
1015	0.7215055227	0.6801666021	0.04133892059	0.5347406268	0.1004826799	0.9535390139	0.8391612172	3.997282028
1016	0.7154478431	0.6811452508	0.03430259228	0.5312690735	0.09584886581	0.9518755674	0.8342847228	4.019055843
1017	0.7000616789	0.6755986214	0.02446305752	0.5295947194	0.09500404447	0.9537542462	0.8410137892	4.031309605
1018	0.728628993	0.7001245618	0.02850443125	0.5309718847	0.09982204437	0.9619069695	0.8609325886	4.03345108
1019	0.7025409937	0.6739749908	0.02856600285	0.5353728533	0.1017455459	0.9598734975	0.8609645367	4.015635967
1020	0.6929295659	0.6563876271	0.03654193878	0.5427692533	0.1018678248	0.956961751	0.8556860685	4.000360489
1021	0.6679070592	0.6364847422	0.03142231703	0.5446648598	0.1029000133	0.9535360932	0.8418757915	3.988842487
1022	0.6910498738	0.6650335193	0.02601635456	0.5441489816	0.101031892	0.9517172575	0.8347289562	3.981373072
1023	0.7130392194	0.6830586791	0.02998054028	0.5345835686	0.1025121212	0.9500499964	0.8322468996	3.992312193
1024	0.7105105519	0.6901602149	0.02035033703	0.5354694128	0.1011430994	0.9499305487	0.8338835835	4.02226162
1025	0.7044755816	0.6730763316	0.03139925003	0.5283532739	0.09984025359	0.9510113001	0.8396521211	4.03128767
1026	0.7488104701	0.7001166344	0.04869383574	0.5290825963	0.1012015194	0.9587679505	0.8559536934	4.032080173
1027	0.7181838155	0.683796525	0.03438729048	0.5279195905	0.1008388102	0.9562945366	0.8544090986	4.020544052
1028	0.7082059979	0.6719502807	0.03625571728	0.5327926874	0.1020538956	0.9561339021	0.8532078862	4.011067867
1029	0.6995676756	0.6710487604	0.02851891518	0.5304470062	0.1025990546	0.9536544085	0.8429967165	4.006498337
1030	0.6803699732	0.6580202579	0.02234971523	0.5323029757	0.1002274007	0.9533341527	0.8375955224	3.999713421
1031	0.6973880529	0.676921308	0.0204667449	0.5248867273	0.1008491069	0.9519078135	0.8343018293	3.997180462
1032	0.6850423813	0.6690529585	0.0159894228	0.5279118419	0.09850395471	0.9532221556	0.8373080492	4.023111343
1033	0.7168549895	0.6954261065	0.02142888308	0.5254543424	0.09937797487	0.9551032782	0.8449500203	4.033592701
1034	0.7425009012	0.7056295872	0.03687131405	0.5241925716	0.09968489408	0.9595749974	0.8545244932	4.036238194
1035	0.7052302361	0.6796261668	0.02560406923	0.5245063305	0.1001835987	0.9587156177	0.8560211658	4.029504299
1036	0.7004790306	0.6729868054	0.02749222517	0.5246735215	0.1019087732	0.9564211965	0.8488003016	4.009667873
1037	0.695718646	0.6761866212	0.01953202486	0.5291563869	0.1021673307	0.9556898475	0.8451088667	4.000844002
1038	0.6763822436	0.6535078883	0.02287435532	0.532330513	0.1003982127	0.9534586072	0.8360350728	4.003810883
1039	0.6938377619	0.6646286845	0.02920907736	0.5260230899	0.1019918248	0.9513088465	0.8329530358	4.006169319
1040	0.661716938	0.6418875456	0.01982939243	0.530089736	0.0992429927	0.9499417543	0.8302386999	4.030117989
1041	0.682261467	0.6629838347	0.01927763224	0.529787004	0.09821738303	0.954110086	0.8405252099	4.033010006
1042	0.7135606408	0.682027936	0.03153270483	0.5176426768	0.1015646607	0.9577695727	0.850206852	4.039074898
1043	0.7050064802	0.6818863153	0.02312016487	0.5181517005	0.1040885225	0.958584547	0.8545591235	4.035716534
1044	0.6918175817	0.6595683098	0.03224927187	0.51373142	0.1028644592	0.9556088448	0.8493679762	4.014193535
1045	0.7282883525	0.7034465075	0.02484184504	0.5168067813	0.1040214598	0.9538276196	0.8424062133	3.998750925
1046	0.7318564057	0.7002698779	0.03158652782	0.5222202539	0.1003126055	0.9482850432	0.8275055885	4.002483368
1047	0.7527672648	0.727960825	0.02480643988	0.5227829814	0.1030801162	0.9444071651	0.8233820796	4.010331631
1048	0.7605445385	0.7354317307	0.02511280775	0.5229468942	0.1016786471	0.9459250569	0.8284809589	4.030216217
1049	0.7689046264	0.7308206558	0.03808397055	0.5215702057	0.1004712805	0.9477927685	0.834631443	4.037288666
1050	0.798925519	0.7467031479	0.0522223711	0.5129573941	0.1006795317	0.9503215551	0.8380784392	4.046576023
1051	0.7621208429	0.7258095145	0.03631132841	0.513426125	0.100398764	0.9543732405	0.8448967934	4.037686348
1052	0.7590292096	0.7149595618	0.04406964779	0.5120366812	0.1023291424	0.9506997466	0.8393400311	4.011037827
1053	0.7675210238	0.7336943746	0.03382664919	0.5092990994	0.1049442962	0.9500615001	0.8341569304	4.00548315
1054	0.7306290269	0.7011149526	0.02951407433	0.5191066861	0.100117363	0.9469938874	0.8236006498	4.006094933
1055	0.7398085594	0.7189902663	0.02081829309	0.5174294114	0.1003470868	0.9430840015	0.8173208833	4.008076668
1056	0.7394150496	0.7236102819	0.01580476761	0.5238221884	0.09923707694	0.9439444542	0.8211985826	4.032140255
1057	0.7745415568	0.7478350401	0.02670651674	0.5196291804	0.1000948399	0.9446502924	0.8263857961	4.038424015
1058	0.8344492316	0.7882279158	0.04622131586	0.5188890696	0.1006870121	0.9539350867	0.8461081386	4.043323994
1059	0.8331820369	0.8013619781	0.03182005882	0.5152999163	0.1008126587	0.9542626143	0.8509463072	4.037624359
1060	0.8047308922	0.7670705914	0.03766030073	0.5231662989	0.1010175571	0.9512094855	0.8444409966	4.006587505
1061	0.8322563171	0.8092826605	0.02297365665	0.5177935362	0.1029796377	0.9459084868	0.8255524635	3.998113632
1062	0.8183377385	0.7858071923	0.03253054619	0.5248128772	0.09949018061	0.9485701323	0.8273761272	4.014631271
1063	0.8421913385	0.8127753735	0.02941596508	0.5209053755	0.09936019033	0.9442082644	0.8190547228	4.018610477
1064	0.8428400159	0.825671792	0.01716822386	0.5262303352	0.09675240517	0.9382531047	0.8118121028	4.030594826
1065	0.873883009	0.8484579921	0.02542501688	0.5297381282	0.09712988883	0.9443244934	0.8255892992	4.035449982
1066	0.9029878974	0.8656775951	0.03731030226	0.5227829218	0.09774710238	0.9520071745	0.8421251178	4.046275616
1067	0.8948920369	0.8685501814	0.02634185553	0.5160524845	0.09730629623	0.9543246031	0.8500363231	4.041761875
1068	0.9018747211	0.8715208769	0.03035384417	0.5183221102	0.09891074896	0.9513804913	0.8454102874	4.010814667
1069	0.9578857422	0.9377436042	0.020142138	0.5142633915	0.1010132506	0.9492357969	0.8360064626	4.002565861
1070	0.9787966609	0.9389748573	0.03982180357	0.5231948495	0.0987418592	0.9490113854	0.8316046596	4.011698246
1071	0.9929988384	0.9510116577	0.04198718071	0.5277238488	0.09802904725	0.9449445605	0.8242447376	4.009894848
1072	1.010550141	0.9726333618	0.03791677952	0.5298453569	0.09874717146	0.9475945234	0.8328578472	4.025627613
1073	1.036710978	0.9882304072	0.04848057032	0.5288683772	0.09885774553	0.9466899037	0.8372832537	4.039606571
1074	1.076076031	1.024132013	0.05194401741	0.519855082	0.09940303862	0.9508910179	0.8395444751	4.043977737
1075	1.044007659	1.002107859	0.0418998003	0.5121628642	0.09961651266	0.9536280036	0.8488299251	4.043020248
1076	1.046308756	1.006984472	0.0393242836	0.5200949311	0.1006575897	0.9528442621	0.849170208	4.012551308
1077	1.046341658	1.013061523	0.0332801342	0.5214706659	0.1017154306	0.9510059357	0.8377656341	3.998526335
1078	1.022307992	0.9850783348	0.03722965717	0.5249641538	0.1005065292	0.9476591945	0.8305447698	4.01313591
1079	1.053279757	1.008659959	0.04461979866	0.5242279768	0.1010457575	0.9466075897	0.8267509937	4.008921146
1080	1.023259997	0.9929178953	0.03034210205	0.5259567499	0.09954439849	0.9476578832	0.829513371	4.027005196
1081	1.051086783	1.007409573	0.04367721081	0.526824832	0.0986924395	0.9511120319	0.8384132385	4.040185928
1082	1.104574442	1.056995749	0.04757869244	0.5218844414	0.09865473211	0.9510235786	0.8377543688	4.046746254
1083	1.08370626	1.042022467	0.04168379307	0.5129490495	0.1007935628	0.9548159838	0.8513070345	4.04477787
1084	1.061146021	1.021666884	0.03947913647	0.5216063857	0.1012776569	0.9547265172	0.849001646	4.01061058
1085	1.099054456	1.068227887	0.0308265686	0.5265633464	0.1034903079	0.9556366205	0.8435404897	3.99639678
1086	1.121934652	1.073851109	0.04808354378	0.526224494	0.1039842516	0.9533931017	0.8375818133	4.016323566
1087	1.107424617	1.039576292	0.06784832478	0.5274435282	0.102999866	0.9514459968	0.834374547	4.007122517
1088	1.072794914	1.018281937	0.0545129776	0.5285248756	0.1001196951	0.9499340057	0.8319212794	4.028479099
1089	1.113246202	1.061176538	0.052069664	0.5291385651	0.09967117012	0.9564723969	0.8478440046	4.039141178
1090	1.111745358	1.065335631	0.04640972614	0.5165119171	0.1043832079	0.9555769563	0.8497184515	4.05045414
1091	1.09171474	1.053159237	0.03855550289	0.5190931559	0.1068184972	0.9571610689	0.8578229547	4.043753624
1092	1.057505727	1.00987637	0.04762935638	0.5257087946	0.107761234	0.9586474895	0.8596484661	4.005655766
1093	1.079016328	1.032249093	0.0467672348	0.5251656175	0.108300969	0.9565528035	0.8479391932	3.990591764
1094	1.077126265	1.013300776	0.06382548809	0.5281527638	0.105898276	0.9517527223	0.8382824659	4.013126373
1095	1.003080487	0.9535267949	0.04955369234	0.531537056	0.1036652699	0.945112586	0.8211103082	4.004518986
1096	0.9810395241	0.9571008086	0.02393871546	0.5308983922	0.1022843271	0.945392251	0.8238263726	4.027406693
1097	1.004761457	0.9570655823	0.04769587517	0.5355645418	0.1013312712	0.9494104981	0.8308478594	4.036528111
1098	1.067513108	1.008652449	0.0588606596	0.519779861	0.10472399	0.9538409114	0.8504052758	4.04381609
1099	1.047086477	0.994459033	0.05262744427	0.5151898861	0.105887346	0.9560261965	0.8570907116	4.032252312
1100	1.06780839	1.020778656	0.04702973366	0.519118607	0.1071312651	0.958434701	0.8572308421	4.00566721
1101	1.040641308	0.9946666956	0.04597461224	0.5185004473	0.1062515005	0.9542256594	0.8413646221	3.992329597
1102	1.056746006	0.9985518456	0.05819416046	0.5253812671	0.1060092598	0.952603817	0.8371917009	4.009494305
1103	1.024904728	0.9734498858	0.05145484209	0.5286650062	0.1036619693	0.9483866096	0.8284878731	4.008903503
1104	0.9922320247	0.9679520726	0.02427995205	0.5249476433	0.1009125337	0.9508651495	0.8343630433	4.023708344
1105	1.009317279	0.9622732997	0.04704397917	0.5363565683	0.1002726406	0.9512948394	0.8335927129	4.035998821
1106	1.013411999	0.9554427266	0.05796927214	0.5281611085	0.1009338498	0.9529442787	0.836093545	4.034196854
1107	1.002144814	0.962328434	0.03981637955	0.523244977	0.1031235605	0.9505572319	0.8323678374	4.033722878
1108	1.012258768	0.9694168568	0.04284191132	0.5307267308	0.1036678702	0.9496081471	0.8242343068	4.001467228
1109	1.02228713	0.9825219512	0.03976517916	0.5337185264	0.104107596	0.9395610094	0.80038625	3.990273237
1110	0.9974731207	0.94976753	0.04770559072	0.5367662311	0.1021335348	0.9407188892	0.8024072051	4.00599575
1111	0.9988383055	0.9480898976	0.05074840784	0.5372359157	0.1020012796	0.9346184731	0.7943018079	4.006230831
1112	0.9595285058	0.9096960425	0.04983246326	0.5345825553	0.0984326005	0.9317660332	0.7866347432	4.021619797
1113	0.9782784581	0.9275311232	0.05074733496	0.540807426	0.09831228852	0.9534711242	0.832857132	4.036430836
1114	0.9620200396	0.9214054346	0.04061460495	0.5252783298	0.1005406752	0.9532458782	0.8374151587	4.040723324
1115	0.9905757904	0.9499564171	0.04061937332	0.5266628861	0.1053443849	0.9548069239	0.8440650702	4.022615433
1116	0.9649718404	0.9182288647	0.04674297571	0.5356610417	0.1061225086	0.9521986842	0.8356044292	3.985992432
1117	0.950597465	0.900808692	0.04978877306	0.5248926878	0.1060299501	0.9516008496	0.8325238824	3.98229003
1118	0.8945958018	0.8568887115	0.03770709038	0.5412713289	0.1047564447	0.9445780516	0.8188459277	4.003342628
1119	0.8478487134	0.8277570009	0.02009171247	0.5353977084	0.1023508832	0.9383312464	0.8085192442	3.995779753
1120	0.8831925392	0.8844769001	-0.001284360886	0.5329614282	0.1024805009	0.9416949153	0.8191141486	4.015930653
1121	0.833930254	0.8020742536	0.03185600042	0.5306755304	0.09917508811	0.9461743236	0.829305768	4.037443638
1122	0.8206112981	0.7863090038	0.03430229425	0.5240416527	0.1004514024	0.9460480213	0.8302392364	4.035083771
1123	0.8450728059	0.8142887354	0.03078407049	0.5195122361	0.1033100486	0.9506830573	0.8414607048	4.019927979
1124	0.8430989385	0.798823297	0.04427564144	0.5230642557	0.1034746021	0.949227035	0.8329324126	3.997972012
1125	0.8404932618	0.7924621105	0.04803115129	0.5220087767	0.103373073	0.9479180574	0.8213811517	3.989069939
1126	0.8324510455	0.7866548896	0.04579615593	0.5299199224	0.1025793403	0.9437096715	0.8175305128	4.004433155
1127	0.8572992682	0.8347240686	0.0225751996	0.5308170319	0.1022915989	0.9430425763	0.816018343	3.999989033
1128	0.8366492391	0.8274766803	0.009172558784	0.5276737213	0.09935943037	0.9459059834	0.823381424	4.020469666
1129	0.8409439325	0.8108008504	0.03014308214	0.5332016349	0.09839382768	0.9518443346	0.8380732536	4.038836479
1130	0.8440749645	0.8050938845	0.03898108006	0.5281044245	0.09874397516	0.95283252	0.8389729261	4.031723499
1131	0.8816441894	0.8445351124	0.03710907698	0.5217658877	0.1024361253	0.9562225342	0.8495494127	4.026584148
1132	0.8400551677	0.8029207587	0.03713440895	0.5301855206	0.1018051282	0.9546203613	0.8405909538	4.002490044
1133	0.8429749608	0.8104169965	0.03255796432	0.5289004445	0.1014386937	0.9525672197	0.8309544921	3.993360996
1134	0.8413556218	0.8047953248	0.03656029701	0.5370161533	0.1014064252	0.9485560656	0.8201229572	4.003166676
1135	0.8492185473	0.8216534853	0.02756506205	0.5368065238	0.1002883911	0.9474676847	0.8210988045	3.997507095
1136	0.8612327576	0.8383840919	0.02284866571	0.530685246	0.09902964532	0.946639359	0.8217388391	4.023400307
1137	0.8479003906	0.8200293183	0.02787107229	0.5394405127	0.09599851072	0.9522370696	0.8384749889	4.034876823
1138	0.8754889965	0.8490638733	0.02642512321	0.5305904746	0.09852711111	0.9531662464	0.838963449	4.032567501
1139	0.912697196	0.8803525567	0.0323446393	0.526698947	0.1026446149	0.9562895894	0.849599719	4.020201683
1140	0.8954685926	0.8476167321	0.04785186052	0.5333291292	0.1034775823	0.9569707513	0.8476999402	3.990561247
1141	0.8698775172	0.8226470947	0.0472304225	0.5344988108	0.1037253886	0.9523615837	0.8335726857	3.986205578
1142	0.8407171369	0.8053231239	0.03539401293	0.5420308113	0.1028627902	0.9458266497	0.8208374977	3.990307808
1143	0.8165775537	0.8034750819	0.01310247183	0.5401224494	0.1013192907	0.940282464	0.8098236918	3.986073494
1144	0.8694801331	0.8795334697	-0.01005333662	0.5326017141	0.1027744263	0.9406999946	0.8149968982	4.02005434
1145	0.8155463338	0.8020711541	0.01347517967	0.5368586779	0.0996998474	0.948163271	0.8309067488	4.035177708
1146	0.7821492553	0.7530453205	0.02910393476	0.5315785408	0.09913225472	0.9494054914	0.8336757421	4.031112194
1147	0.8146140575	0.7893272638	0.02528679371	0.5283027291	0.1029741317	0.9525980949	0.8488067389	4.0260849
1148	0.7692422271	0.7332212329	0.03602099419	0.5289812684	0.1018465832	0.9517723322	0.8398777843	3.991381407
1149	0.7558507323	0.7124938369	0.04335689545	0.5319653749	0.10177771	0.9483996034	0.8267563581	3.988442659
1150	0.7884223461	0.7445155382	0.0439068079	0.5337800384	0.1022371203	0.9476491809	0.8226691484	3.993935823
1151	0.7882217169	0.7701333165	0.01808840036	0.533914268	0.1009316891	0.9415524006	0.8133229017	3.989062786
1152	0.7843409777	0.7863327265	-0.00199174881	0.5294739604	0.09987848252	0.9408422112	0.8160523176	4.019794464
1153	0.7531082034	0.7457264662	0.007381737232	0.5436292887	0.09536738694	0.9403780103	0.8093925714	4.028835297
1154	0.730374217	0.7049843669	0.02538985014	0.5396823287	0.09523836523	0.9429371357	0.8123288751	4.022342205
1155	0.7515670061	0.7322239876	0.01934301853	0.5410397649	0.098406896	0.9459300041	0.8198544383	4.017127991
1156	0.7014073133	0.6929005384	0.008506774902	0.544030726	0.09924665838	0.9430841804	0.8120549321	3.989645004
1157	0.683707118	0.6698204875	0.01388663054	0.5435370803	0.09869540483	0.9389383197	0.7987004519	3.978058577
1158	0.6798567772	0.6675009727	0.01235580444	0.5472481847	0.0990389213	0.9309211969	0.7813214064	3.978822231
1159	0.6807028651	0.6747024059	0.006000459194	0.5470235944	0.09935242683	0.9234119654	0.7661389709	3.987538338
1160	0.6776518226	0.6768956184	0.0007562041283	0.5395565629	0.09819480032	0.9220272303	0.767105937	4.012212276
1161	0.6541762352	0.6530805826	0.00109565258	0.5459533334	0.09475509077	0.9372865558	0.8037056923	4.026670933
1162	0.6601605415	0.6550442576	0.005116283894	0.5352495313	0.09795082361	0.9347761273	0.8074725866	4.02590704
1163	0.7272135615	0.7173185349	0.009895026684	0.5383139253	0.1009127647	0.933793664	0.8101210594	4.014401913
1164	0.6840575337	0.6693442464	0.01471328735	0.538236022	0.1012088433	0.9327084422	0.8135261536	3.981294632
1165	0.6386039853	0.6198969483	0.01870703697	0.5385192633	0.1012658402	0.9323613048	0.8063825965	3.98113513
1166	0.6162385345	0.618082881	-0.001844346523	0.5411645174	0.09998629987	0.9206867218	0.7890444398	3.98873353
1167	0.669429183	0.6887144446	-0.01928526163	0.5406972766	0.09948632866	0.9152222872	0.7833833098	3.980519295
1168	0.6836590171	0.7141373754	-0.03047835827	0.533864975	0.09954604506	0.9114747643	0.7817521691	4.01215744
1169	0.5997436047	0.6156387925	-0.01589518785	0.5372354388	0.09825348854	0.9193533063	0.7951008081	4.034749985
1170	0.5545943379	0.5569266081	-0.002332270145	0.5366570354	0.09938582033	0.9255602956	0.8039802313	4.024777889
1171	0.5736411214	0.5716591477	0.001981973648	0.5364885926	0.1004562154	0.9329266548	0.8176003695	4.010512352
1172	0.553527534	0.5377070904	0.01582044363	0.5324425101	0.1021079123	0.9316529036	0.8163258433	3.986703157
1173	0.5091907978	0.4865118563	0.02267894149	0.531532228	0.1012366638	0.9319922924	0.8085874915	3.985400677
1174	0.5173047185	0.5051115155	0.01219320297	0.5363987088	0.1018108726	0.9293935895	0.8014765382	3.989323139
1175	0.5683726668	0.5672930479	0.001079618931	0.5394212008	0.1023243144	0.9255788922	0.8015086055	3.988582134
1176	0.5856948495	0.6116549373	-0.02596008778	0.533657968	0.1021451056	0.9203925133	0.7954018712	4.023790359
1177	0.5657849908	0.5783332586	-0.01254826784	0.5409199595	0.09744349122	0.9254205823	0.8051109314	4.029550076
1178	0.5394759178	0.5355411172	0.003934800625	0.5433462262	0.09801795334	0.9376001954	0.8221774101	4.025797844
1179	0.5619870424	0.5540398359	0.007947206497	0.5439630747	0.1004697457	0.945478797	0.8366113305	4.013648987
1180	0.5334490538	0.5310152173	0.00243383646	0.5402382016	0.1012672782	0.9455004334	0.8331567049	3.988688231
1181	0.4943865836	0.4876874387	0.00669914484	0.5406853557	0.1009541228	0.9441460967	0.8229914308	3.980296135
1182	0.5178082585	0.5130230188	0.004785239697	0.5450891852	0.1005798057	0.9405516386	0.8099947572	3.980090141
1183	0.5512745976	0.5638372302	-0.01256263256	0.5443250537	0.1014772803	0.9369493127	0.8053019643	3.987281799
1184	0.5463167429	0.5565140843	-0.01019734144	0.534686923	0.1003897861	0.9218394756	0.7860386968	4.022330284
1185	0.4839617312	0.491653949	-0.007692217827	0.5394032598	0.09817399085	0.9318582416	0.8034211397	4.023861408
1186	0.4710229337	0.4683661759	0.002656757832	0.5400394797	0.09961415827	0.9473977685	0.8312618732	4.022310257
1187	0.5286058784	0.5140655041	0.01454037428	0.5397065282	0.1017557681	0.9524185658	0.8445920348	4.017251015
1188	0.5043423772	0.4862621725	0.01808020473	0.5420030355	0.1012800336	0.9492701292	0.8377076983	3.987400532
1189	0.4805205166	0.4537488818	0.02677163482	0.5399801135	0.102109544	0.9475545287	0.8300737739	3.981775999
1190	0.4657396674	0.4491162598	0.0166234076	0.5444468856	0.1015732959	0.9420254827	0.8142417669	3.979005098
1191	0.4464682043	0.4503344595	-0.003866255283	0.5428853631	0.0991512835	0.9371308088	0.8062220812	3.983145237
1192	0.5138003826	0.5332543254	-0.01945394278	0.5391002893	0.1005382314	0.9356085658	0.8089850545	4.018145084
1193	0.4483359158	0.4556743205	-0.007338404655	0.5402441621	0.09774633497	0.9390447736	0.8164442778	4.025611401
1194	0.4034962058	0.3993340433	0.004162162542	0.5384440422	0.09807246923	0.9440506697	0.8251488209	4.023416042
1195	0.4353939295	0.4181945324	0.01719939709	0.5381515622	0.1002770588	0.9515202641	0.8426003456	4.015112877
1196	0.4414386749	0.4174405932	0.02399808168	0.5344421268	0.1021581814	0.9511715174	0.8405560255	3.98729372
1197	0.3962380588	0.3588964045	0.0373416543	0.531763196	0.1024442837	0.9485251904	0.8291330934	3.99032855
1198	0.3987856507	0.3776733875	0.0211122632	0.5313640833	0.1022685841	0.943796277	0.8175121546	3.984214067
1199	0.4407603443	0.4433604181	-0.002600073814	0.5369713306	0.1017077342	0.9391120672	0.8116320372	3.985610247
1200	0.4186884165	0.4307665229	-0.0120781064	0.538369596	0.1003077403	0.9387456179	0.8114067912	4.019546509
1201	0.4152498841	0.4194533527	-0.004203468561	0.539784193	0.09925632179	0.940957725	0.8191244006	4.028502464
1202	0.4058332443	0.379989773	0.02584347129	0.5426735282	0.100508213	0.9494316578	0.8360962868	4.025380611
1203	0.4185218215	0.3921273053	0.02639451623	0.5402634144	0.1027224958	0.9551816583	0.8496350646	4.018527985
1204	0.3882850111	0.3630149364	0.02527007461	0.5429837108	0.1038348302	0.9520617723	0.8402064443	3.990602732
1205	0.3752272129	0.3480021656	0.02722504735	0.5444608331	0.1027870998	0.9483798742	0.8285543323	3.981604815
1206	0.3822764754	0.3693842292	0.01289224625	0.5435254574	0.1022738069	0.9435803294	0.8148460388	3.97974968
1207	0.4107220173	0.4023148715	0.008407145739	0.5464279056	0.1022522599	0.9395232201	0.8083584309	3.989103317
1208	0.4041932523	0.4180401266	-0.01384687424	0.5403007269	0.09976257384	0.9367568493	0.8077872396	4.023964882
1209	0.4051414132	0.4041392803	0.001002132893	0.5446573496	0.09742700309	0.9478426576	0.8310430646	4.027892113
1210	0.3841477931	0.3603983819	0.02374941111	0.5443657041	0.09715298563	0.9500529766	0.8357866406	4.024121761
1211	0.4067643583	0.385288924	0.0214754343	0.5435217023	0.09977797419	0.9569023848	0.852049768	4.021884441
1212	0.4358314276	0.4053741693	0.03045725822	0.5476700664	0.1010685861	0.9558278918	0.8493581414	3.986156702
1213	0.4923770428	0.4567578137	0.03561922908	0.541575551	0.1018221378	0.9516968727	0.8361164927	3.981148481
1214	0.5371052623	0.5056529045	0.03145235777	0.5404682755	0.1015844941	0.9482973814	0.8251799345	3.980630159
1215	0.582418561	0.5551593304	0.02725923061	0.5441700816	0.101055555	0.9440689087	0.8176657557	3.982772112
1216	0.5854052305	0.5677677393	0.01763749123	0.5428324342	0.09925442934	0.9435418248	0.8212550282	4.01613903
1217	0.6050009727	0.5667844415	0.03821653128	0.5397645831	0.09935063124	0.9476842284	0.8328061104	4.032347679
1218	0.5759804845	0.5271691084	0.04881137609	0.543449223	0.09903018922	0.9509217143	0.8409533501	4.028377533
1219	0.5542134047	0.5134342313	0.04077917337	0.54148072	0.09967751801	0.9561219811	0.8526640534	4.010232925
1220	0.5630514026	0.5241755247	0.03887587786	0.5460060239	0.1011256725	0.9528487921	0.8469548821	3.988965988
1221	0.5660556555	0.5193575025	0.04669815302	0.5427449942	0.1011784896	0.9500963092	0.8359740973	3.981028557
1222	0.5992232561	0.5605623126	0.03866094351	0.5437955856	0.1035427153	0.9488476515	0.8293637633	3.977347612
1223	0.6367070079	0.608730793	0.02797621489	0.5452747941	0.1043759733	0.9487396479	0.8307009339	3.980515242
1224	0.6055346131	0.5961900353	0.009344577789	0.5461605787	0.101791054	0.9463251233	0.8300940394	4.019268513
1225	0.6109131575	0.5745950341	0.03631812334	0.5389159918	0.09905678779	0.946811676	0.8328102827	4.03201437
1226	0.5841753483	0.5407742858	0.04340106249	0.5433908701	0.09709960967	0.9533200264	0.8428556323	4.026260853
1227	0.587546587	0.5546218157	0.03292477131	0.5444958806	0.09933723509	0.9566107988	0.8515831232	4.020336151
1228	0.5778766274	0.5480270982	0.02984952927	0.5527020097	0.1002165005	0.9551337957	0.847204566	3.987207413
1229	0.5883569717	0.5508355498	0.03752142191	0.5523398519	0.1015964821	0.9529485106	0.8389418721	3.974241972
1230	0.6072093248	0.5802759528	0.02693337202	0.5500429869	0.1030775681	0.9465523958	0.8192909956	3.972607613
1231	0.5964175463	0.5820934772	0.01432406902	0.5493198633	0.1025381684	0.9423794746	0.8130486608	3.978721142
1232	0.5719992518	0.5548678637	0.01713138819	0.5499592423	0.09932160378	0.9405629039	0.8107157946	4.020241261
1233	0.5442459583	0.5202216506	0.02402430773	0.541444838	0.09575496614	0.946198523	0.8269629478	4.029276371
1234	0.5560694933	0.5171898603	0.03887963295	0.5498608947	0.09610679001	0.9562266469	0.8476893902	4.023543358
1235	0.5756785274	0.5415232778	0.0341552496	0.5519241095	0.09714081138	0.9584110975	0.8557640314	4.020346642
1236	0.6013112664	0.5684820414	0.03282922506	0.5566186309	0.09803137183	0.957136035	0.8529749513	3.988605022
1237	0.6585481763	0.6193327308	0.03921544552	0.5515562892	0.09981740266	0.9546557069	0.8446779847	3.978430986
1238	0.702799201	0.6660714746	0.03672772646	0.5527225137	0.1001146212	0.9507303834	0.8323782682	3.97072196
1239	0.7624784112	0.720713377	0.0417650342	0.5521714687	0.1002831236	0.9524723291	0.8366597295	3.977405071
1240	0.7631095052	0.7103601098	0.05274939537	0.5519442558	0.09892755747	0.9526854753	0.8400915265	4.018314362
1241	0.765284121	0.712023437	0.05326068401	0.5521910787	0.09697209299	0.9545092583	0.8442860842	4.028657436
1242	0.7752699256	0.7289326787	0.04633724689	0.5501708388	0.09549361467	0.9553421736	0.8464395404	4.023954391
1243	0.7644660473	0.7141945362	0.05027151108	0.5435979962	0.09816598892	0.9563969374	0.8519626856	4.019793034
1244	0.7627852559	0.7167246938	0.04606056213	0.5447736979	0.1005131304	0.9548182487	0.8470644355	3.992753267
1245	0.7515448332	0.7114236355	0.0401211977	0.5386962891	0.1005329192	0.9483973384	0.8318687677	3.987519741
1246	0.7772336006	0.7382985353	0.03893506527	0.545430243	0.102204904	0.9466418028	0.8291090131	3.978681326
1247	0.7756005526	0.7433878779	0.03221267462	0.5434342623	0.1007678658	0.9471365809	0.8302283287	3.98011446
1248	0.7480210662	0.7200759649	0.02794510126	0.5438789129	0.09931809455	0.9497956634	0.8379701972	4.022005558
1249	0.7619360089	0.7199599743	0.04197603464	0.5446592569	0.09776552767	0.9502357244	0.8429532647	4.033340931
1250	0.7802073359	0.7271500826	0.05305725336	0.5441526175	0.09608038515	0.9520896673	0.8453663588	4.032970428
1251	0.7829040289	0.7404883504	0.0424156785	0.5452998281	0.09872369468	0.9529876709	0.8507655859	4.027047157
1252	0.7764790654	0.7369161248	0.0395629406	0.5516066551	0.09971317649	0.9527974725	0.8464492559	3.997888803
1253	0.8026468158	0.7629995942	0.03964722157	0.5505735278	0.1010201126	0.9473603368	0.8322358727	3.984427214
1254	0.8123229742	0.7699234486	0.04239952564	0.5502029657	0.101780571	0.9457923174	0.8233314753	3.978966236
1255	0.8409220576	0.789875865	0.05104619265	0.5481405258	0.1002596095	0.9463083148	0.8248704076	3.987905502
1256	0.800393939	0.7656428814	0.03475105762	0.5454376936	0.0980643779	0.9464547038	0.8327137232	4.03328371
1257	0.8069651723	0.7555138469	0.05145132542	0.5438466668	0.09460978955	0.9496229887	0.8427637219	4.034636497
1258	0.8391515017	0.7838755846	0.05527591705	0.541967988	0.09485325217	0.9511706233	0.8469175696	4.03397131
1259	0.8627000451	0.8156138659	0.04708617926	0.5434988737	0.09804027528	0.9539989233	0.8543806672	4.023336887
1260	0.8685922027	0.8314802051	0.0371119976	0.5461236238	0.09848865867	0.953089416	0.8500371575	3.997144699
1261	0.9306812286	0.8929781914	0.03770303726	0.5413531661	0.1012587547	0.9512972832	0.8416272998	3.981024981
1262	0.9558514357	0.9152541161	0.0405973196	0.5447010994	0.1013825983	0.9487420917	0.8321621418	3.970175982
1263	1.040629983	0.9827868342	0.05784314871	0.5439213514	0.1011380553	0.9501382709	0.8341312408	3.986831665
1264	1.019027472	0.9683530927	0.05067437887	0.5377950072	0.09993542731	0.9529172778	0.8451317549	4.02534008
1265	1.01517415	0.9517500997	0.06342405081	0.5406113267	0.0971147567	0.9517530799	0.8458420038	4.039013863
1266	1.079734921	1.016504765	0.0632301569	0.5394389629	0.09800805151	0.9551931024	0.8503302336	4.035089493
1267	1.068053842	1.003674507	0.06437933445	0.5388224125	0.1010673195	0.9544501305	0.8530750275	4.020320892
1268	1.05479753	1.002186894	0.05261063576	0.5355024338	0.1019610763	0.952008009	0.8466809392	4.000689983
1269	1.026657462	0.9850033522	0.04165410995	0.5323230624	0.1038059294	0.9470095038	0.8317402601	3.989801407
1270	1.04676652	1.010012627	0.0367538929	0.5359732509	0.1055921242	0.9458174109	0.8298388124	3.97934866
1271	1.144135833	1.098599434	0.04553639889	0.5360688567	0.1049680114	0.9521468878	0.839360714	3.985472202
1272	1.041855097	1.001459241	0.0403958559	0.5344994664	0.1010856032	0.9492151141	0.8393263817	4.030995846
1273	1.038993597	0.9812992811	0.05769431591	0.5367510319	0.09920471162	0.9482917786	0.8406655192	4.044041157
1274	1.143107653	1.071123719	0.07198393345	0.5383137465	0.09972213209	0.9542543292	0.8502459526	4.038251877
1275	1.110598087	1.046643257	0.06395483017	0.5376619697	0.1015473679	0.9498878717	0.8466725349	4.03357935
1276	1.097691655	1.049524069	0.04816758633	0.5390045047	0.1018260196	0.9478840828	0.8398677111	4.012901783
1277	1.061473846	1.026305556	0.03516829014	0.5423811078	0.1010415331	0.939379096	0.8227483034	3.994759798
1278	1.101852179	1.045579672	0.05627250671	0.5458464026	0.1011578813	0.9395521879	0.8168557286	3.987823486
1279	1.166021228	1.097322941	0.06869828701	0.5402538776	0.1002698764	0.9391226768	0.8177245259	4.000895977
1280	1.137521744	1.088573694	0.04894804955	0.543444097	0.09788614511	0.9438788891	0.8300026655	4.033143044
1281	1.086269379	1.034484506	0.05178487301	0.544593811	0.09456153959	0.9404219389	0.8279784322	4.039261818
1282	1.135781288	1.07574594	0.06003534794	0.5357295275	0.09590534866	0.943813026	0.8368880153	4.038489342
1283	1.178527117	1.119083643	0.05944347382	0.5372507572	0.09915324301	0.9479382038	0.8429477215	4.02798748
1284	1.172175646	1.139565229	0.03261041641	0.5345707536	0.09944655001	0.9407204986	0.8341787457	4.019229412
1285	1.184521794	1.156777024	0.02774477005	0.5304590464	0.1015629396	0.9378032684	0.8251997828	3.994576931
1286	1.195550561	1.158139586	0.0374109745	0.5389191508	0.1019023508	0.9316271544	0.8136561513	3.980473042
1287	1.353206992	1.296294928	0.05691206455	0.5366770625	0.1016610935	0.9408994317	0.8223366737	3.995363235
1288	1.292632341	1.25222683	0.04040551186	0.5344716311	0.09778963029	0.9363113642	0.8222056031	4.026178837
1289	1.304785371	1.245969534	0.05881583691	0.533939302	0.096364066	0.936976552	0.8268074989	4.040952682
1290	1.362674594	1.308199406	0.05447518826	0.530298233	0.09536468238	0.9370095134	0.8308070302	4.039620399
1291	1.372815847	1.322674394	0.05014145374	0.5333282351	0.09783102572	0.9423046112	0.8381636739	4.02789402
1292	1.361601233	1.333301187	0.02830004692	0.5303699374	0.09912797064	0.9399975538	0.8327975273	4.018610954
1293	1.288576603	1.27577579	0.01280081272	0.5283774137	0.09966443479	0.9306309819	0.8150076866	4.002588749
1294	1.277659535	1.258256316	0.01940321922	0.5381994843	0.09931312501	0.9251466393	0.8052206635	3.984289646
1295	1.327130198	1.296565771	0.03056442738	0.5296946764	0.1005011052	0.9318059087	0.8096846342	3.995681763
1296	1.308556557	1.290237069	0.01831948757	0.5290384293	0.09861997515	0.9336810112	0.8143978119	4.029625893
1297	1.27943778	1.235541582	0.04389619827	0.5344623923	0.09520846605	0.938583374	0.8250921369	4.033833981
1298	1.329944372	1.289941669	0.04000270367	0.5312413573	0.09385444969	0.9405708313	0.8313189149	4.035701275
1299	1.323658943	1.286884308	0.03677463531	0.5309050679	0.09629645944	0.9421917796	0.8323976398	4.028519154
1300	1.282171726	1.257175922	0.02499580383	0.5283090472	0.0985122323	0.9405115247	0.8306661248	4.018594742
1301	1.272081494	1.256808996	0.01527249813	0.5384270549	0.09973948449	0.9385731816	0.8195511699	3.987727165
1302	1.24780786	1.221526742	0.02628111839	0.5450887084	0.09966499358	0.9319611788	0.8004060388	3.976501465
1303	1.312711596	1.276359797	0.03635179996	0.5364251733	0.09978430718	0.9308513403	0.7952369452	3.996998072
1304	1.283912897	1.257442594	0.02647030354	0.5425748825	0.09697616845	0.9320086241	0.7956814766	4.01342392
1305	1.265359521	1.22527945	0.0400800705	0.5303660631	0.09663609415	0.9442745447	0.829551816	4.038050652
1306	1.121733546	1.081402063	0.04033148289	0.5367653966	0.1027481109	0.9475095868	0.843904376	4.031691551
1307	1.122823954	1.078330159	0.04449379444	0.5490940213	0.1061164886	0.9427751899	0.837630868	4.027738094
1308	1.09713304	1.057681799	0.03945124149	0.5501258969	0.1071332395	0.9371863604	0.8326498866	4.005554199
1309	1.131344199	1.084143281	0.0472009182	0.5507935286	0.1110611558	0.9374818206	0.8286288977	3.980515003
1310	1.110054731	1.072341919	0.03771281242	0.559176147	0.1094544157	0.9262679815	0.808917284	3.971106768
1311	1.081118464	1.054468393	0.02665007114	0.5551331639	0.1070197076	0.9240382314	0.8040976524	3.98233223
1312	1.096426249	1.080920577	0.0155056715	0.5490369201	0.107103765	0.9269745946	0.8146176338	4.025913715
1313	1.059138298	1.016134739	0.04300355911	0.5475928187	0.09961648285	0.9339358807	0.8264530897	4.035161972
1314	1.082948804	1.043035984	0.03991281986	0.5475648642	0.09904424101	0.9399012327	0.8367549181	4.029389381
1315	1.090700626	1.057448506	0.03325212002	0.5482510924	0.09959725291	0.9398620129	0.8405593634	4.022089481
1316	1.086979628	1.05479157	0.0321880579	0.5450900793	0.1009224504	0.9409836531	0.836704433	4.008115768
1317	1.075267196	1.043858051	0.0314091444	0.5419050455	0.1021055728	0.9346280098	0.8218958974	3.993714571
1318	1.074493051	1.043895483	0.03059756756	0.5497749448	0.1031595618	0.9339582324	0.817786634	3.982827663
1319	1.081095219	1.054478288	0.02661693096	0.5494109392	0.1022943184	0.9343443513	0.8173575401	3.979850292
1320	1.055877924	1.033551335	0.02232658863	0.5444840789	0.1006717309	0.9334713817	0.8186747432	4.018967152
1321	1.063711047	1.033366919	0.03034412861	0.5466080308	0.09793821722	0.9351227283	0.8194147944	4.031702518
1322	1.09858048	1.063321233	0.03525924683	0.546497345	0.09810456634	0.9422638416	0.8315634131	4.030689716
1323	1.138490915	1.093910694	0.04458022118	0.5503730178	0.1011805162	0.9482194781	0.8408854604	4.024708271
1324	1.131248236	1.095281363	0.03596687317	0.5495676994	0.102085419	0.9486975074	0.8417199254	4.017057419
1325	1.074310899	1.051031232	0.0232796669	0.5490042567	0.102193892	0.9382497668	0.8238911629	3.992111206
1326	1.054369926	1.021491051	0.03287887573	0.5585781336	0.1032262295	0.9398448467	0.8218758106	3.977192402
1327	1.089687943	1.046197772	0.04349017143	0.5485184789	0.1023320034	0.9407124519	0.8234332204	3.998031616
1328	1.053486705	1.015157104	0.03832960129	0.5493763089	0.1006302461	0.9422419667	0.8295875788	4.021424294
1329	1.074939847	1.039535046	0.03540480137	0.5499298573	0.09640205652	0.945732832	0.8364892006	4.023704052
1330	1.04736042	1.022538543	0.02482187748	0.5456792116	0.1006712094	0.9483094811	0.8442837	4.032101154
1331	1.101081014	1.060174942	0.04090607166	0.5524331331	0.1067363173	0.9521756768	0.8510727882	4.024529457
1332	1.035693049	1.005748272	0.02994477749	0.5549061894	0.1053174883	0.9420674443	0.836386621	4.011083126
1333	1.085051894	1.04231751	0.04273438454	0.5539463758	0.1093108505	0.9434366822	0.832092762	3.990020037
1334	1.063049316	1.02323699	0.03981232643	0.5599540472	0.1080108285	0.9337666631	0.8179631829	3.976792812
1335	1.074500918	1.038934112	0.03556680679	0.553691566	0.1073107272	0.9267063141	0.8070601225	3.988764048
1336	1.07190454	1.056485057	0.01541948318	0.5531921983	0.1055484191	0.925658524	0.8084130883	4.01912117
1337	1.055891514	1.024406314	0.03148519993	0.550563097	0.1004120708	0.9365153313	0.8248684406	4.027982235
1338	1.054710031	1.023653865	0.0310561657	0.5474110246	0.09873416275	0.9386870265	0.8319573402	4.029709816
1339	1.077818632	1.047684669	0.03013396263	0.548206985	0.1004726514	0.9447215199	0.8444237709	4.019710064
1340	1.06342423	1.036327004	0.02709722519	0.5480225682	0.1007826701	0.937804997	0.8328872919	4.011908531
1341	1.062638402	1.031656146	0.03098225594	0.5499020815	0.1010480151	0.9357061982	0.8229174614	3.985732555
1342	1.051051497	1.030218959	0.0208325386	0.5533263087	0.09988345206	0.9264734387	0.8083459139	3.98374176
1343	1.056212902	1.036453962	0.01975893974	0.5530104041	0.1004582494	0.9342520833	0.8145241737	3.9890728
1344	1.044725657	1.034122825	0.01060283184	0.5511065722	0.09910345078	0.9350752831	0.8180392385	4.011902809
1345	1.054082036	1.038498521	0.01558351517	0.5531107783	0.09800604731	0.9424637556	0.8288959265	4.022873878
1346	1.072426915	1.056151271	0.0162756443	0.5502898693	0.09710860252	0.9467157722	0.840188086	4.020555973
1347	1.072157502	1.050202012	0.02195549011	0.5546530485	0.09871231019	0.9453853369	0.8396372795	4.019643307
1348	1.044901848	1.033094049	0.01180779934	0.5538764596	0.09998124093	0.9387772679	0.828856945	4.011229038
1349	1.032766342	1.01611197	0.01665437222	0.5547067523	0.1009748876	0.9371752739	0.8173743486	3.983104467
1350	1.043555975	1.008800268	0.03475570679	0.5618997812	0.1013800725	0.9439316988	0.8245447874	3.980885744
1351	1.054845214	1.013246655	0.04159855843	0.5585895181	0.1004892439	0.9435374141	0.8164279461	3.989411592
1352	0.9907862544	0.9648370147	0.02594923973	0.5515297651	0.09788829088	0.931304574	0.8036196828	4.01027441
1353	1.012700081	0.9848754406	0.02782464027	0.5509060025	0.09624578804	0.9430554509	0.8281155825	4.022586823
1354	0.9585919976	0.950571537	0.008020460606	0.5433506966	0.09793439507	0.9422057867	0.8349823952	4.030501366
1355	0.9608244896	0.9338094592	0.02701503038	0.5504727364	0.102778852	0.9484633207	0.8433395624	4.023842812
1356	0.9239321351	0.9137747884	0.01015734673	0.5539540648	0.1024139971	0.9413331151	0.8327388763	4.007220745
1357	0.900834918	0.8759089708	0.02492594719	0.5540074706	0.1054581106	0.9403981566	0.8271413445	3.983557463
1358	0.8766652346	0.8581457734	0.01851946115	0.5558723211	0.1042294055	0.9372083545	0.8199796081	3.976465225
1359	0.8739738464	0.8528353572	0.02113848925	0.5511946082	0.10420385	0.9327511787	0.8101853132	3.987242937
1360	0.8491219878	0.8472688794	0.001853108406	0.5475929976	0.1026809886	0.9284889698	0.8098595142	4.018364906
1361	0.839451015	0.8307940364	0.008656978607	0.5438081026	0.09982446581	0.9321635365	0.8207622766	4.027897835
1362	0.8387305737	0.8295600414	0.009170532227	0.5452888608	0.09847038239	0.9379971027	0.8307361603	4.029110432
1363	0.8589815497	0.8460456133	0.01293593645	0.5463939309	0.09870039672	0.9453018904	0.8447457552	4.019528389
1364	0.8835937977	0.8661035895	0.01749020815	0.5458776951	0.1008365005	0.9466660023	0.8440352082	4.012568474
1365	0.8839148283	0.8587412238	0.02517360449	0.5449107885	0.1013249457	0.9431311488	0.832239449	3.99032712
1366	0.8908665776	0.8575798869	0.03328669071	0.5497814417	0.1026892439	0.9410783052	0.8283556104	3.978239536
1367	0.9161120653	0.8930271864	0.02308487892	0.5505483747	0.1001609042	0.9432157874	0.8243729472	3.983748198
1368	0.8708873987	0.8605894446	0.01029795408	0.5438258052	0.09889708459	0.9388226867	0.8209623694	4.016922474
1369	0.8845489025	0.8769907355	0.007558166981	0.5464948416	0.09725561738	0.9414340258	0.8258411884	4.021546841
1370	0.9137212038	0.9100961089	0.003625094891	0.54909271	0.09601595253	0.9519440532	0.8412786126	4.022407055
1371	0.9236317873	0.9122956395	0.01133614779	0.5481358767	0.09801413864	0.9544579387	0.8492663503	4.020843983
1372	0.9313029051	0.9308381081	0.00046479702	0.5495834947	0.09977561235	0.9532284737	0.8441028595	4.012057304
1373	0.8844010234	0.8805149794	0.003886044025	0.5535756946	0.09965509176	0.9432903528	0.8243000507	3.980893373
1374	0.8972592354	0.8768808246	0.02037841082	0.5549488664	0.09993129969	0.9404075146	0.8116130829	3.970064878
1375	0.8723631501	0.8397839665	0.03257918358	0.5540816784	0.09991694987	0.9366031885	0.7999703288	3.985527515
1376	0.8157519102	0.7949827313	0.02076917887	0.5508002043	0.09865747392	0.9312781096	0.793454051	4.011940479
1377	0.8092793226	0.7991499901	0.01012933254	0.5459042192	0.09764882177	0.9410105348	0.8269218206	4.020959854
1378	0.8323031664	0.8420252204	-0.009722054005	0.5448402166	0.09967639297	0.9513398409	0.8410986662	4.023012161
1379	0.8296511769	0.8253644109	0.004286766052	0.5471858382	0.102650553	0.9543689489	0.8498347998	4.021771908
1380	0.8300349712	0.8224809766	0.007553994656	0.5487572551	0.1042804495	0.9509682655	0.8440539241	4.009403229
1381	0.7517485619	0.7263403535	0.02540820837	0.5500820279	0.1047718525	0.9484024048	0.8368638158	3.980694056
1382	0.7211020589	0.7103774548	0.01072460413	0.5559799075	0.1022200584	0.9416418672	0.8244321942	3.976893902
1383	0.6984144449	0.6828761101	0.01553833485	0.5509287715	0.1055853143	0.9372050166	0.8184400201	3.990160227
1384	0.7085993886	0.701836288	0.006763100624	0.542108655	0.1044689491	0.9343793988	0.8140916228	4.022059441
1385	0.694416225	0.6763716936	0.01804453135	0.5430475473	0.1058818623	0.9361644983	0.8219100237	4.031650543
1386	0.6942400336	0.6861594319	0.008080601692	0.5458699465	0.1027907878	0.9435367584	0.832177639	4.026597023
1387	0.6853367686	0.6742939949	0.01104277372	0.5425657034	0.1035801545	0.9443177581	0.8370606303	4.025336266
1388	0.7061238289	0.6926534772	0.0134703517	0.5397753716	0.1035248786	0.9438769817	0.8361062407	4.020823002
1389	0.6936192513	0.6741296053	0.01948964596	0.537021637	0.1027712822	0.9408000708	0.8245695829	4.006272316
1390	0.709897697	0.6867754459	0.02312225103	0.5441814065	0.1028380767	0.9403856993	0.8209784627	3.991488218
1391	0.7138764262	0.6975235939	0.01635283232	0.5437534451	0.1038574576	0.9362427592	0.8155544996	3.997028589
1392	0.7065047622	0.6947634816	0.01174128056	0.5451623201	0.1026564017	0.9353905916	0.8135603666	4.020004272
1393	0.7157875299	0.7112706304	0.004516899586	0.54006809	0.1018786654	0.9371142387	0.8195846081	4.024951935
1394	0.7442742586	0.7309474945	0.01332676411	0.5471666455	0.1020322442	0.9480708241	0.838319242	4.034136295
1395	0.7373507619	0.7186142802	0.01873648167	0.5454831719	0.1032780111	0.9484698176	0.8423962593	4.032938957
1396	0.7367886305	0.7156966925	0.02109193802	0.5444461703	0.1040380597	0.9443377256	0.8371385932	4.024905205
1397	0.7813910246	0.7545930743	0.02679795027	0.5450527072	0.1045559347	0.9487190247	0.8358410597	4.002609253
1398	0.7799767852	0.753057003	0.02691978216	0.5518363714	0.1034141704	0.9453423023	0.8268378377	3.982895374
1399	0.8146789074	0.7832625508	0.03141635656	0.5473322868	0.1056080684	0.9407763481	0.8181017637	3.999036074
1400	0.8222461939	0.7962499261	0.0259962678	0.5445476174	0.1021747813	0.9397568703	0.8160934448	4.019074917
1401	0.8324719667	0.8037239909	0.02874797583	0.5474002957	0.1017357036	0.9447985888	0.8288403749	4.02615118
1402	0.8230974078	0.8072649837	0.01583242416	0.5484753847	0.1016427875	0.9505902529	0.8403431773	4.036652088
1403	0.7956016064	0.784822762	0.01077884436	0.5451298356	0.103574954	0.9475099444	0.8413040638	4.029847622
1404	0.7892434001	0.7683414221	0.02090197802	0.5468034744	0.104367435	0.9421299696	0.8344416618	4.018756866
1405	0.8024764061	0.7757000923	0.02677631378	0.5435414314	0.1035563573	0.9428148866	0.8275288343	3.99839735
1406	0.7744416595	0.7614591718	0.01298248768	0.5493286252	0.09935425222	0.9212717414	0.8019387126	3.988119841
1407	0.800495863	0.7911761999	0.009319663048	0.5459037423	0.0994316414	0.9042603374	0.783254087	4.003480911
1408	0.7966389656	0.7953797579	0.001259207726	0.5422994494	0.09873091429	0.9087550044	0.7881817818	4.020470619
1409	0.7848775983	0.7764854431	0.00839215517	0.5390103459	0.0975381881	0.9121432304	0.7953192592	4.031724453
1410	0.7722226381	0.7578538656	0.01436877251	0.5432492495	0.09882233292	0.9267457128	0.8146643639	4.039738655
1411	0.7717839479	0.7585083246	0.01327562332	0.5364989638	0.1000208259	0.9284598231	0.8202598095	4.032903671
1412	0.7881314158	0.7623003721	0.02583104372	0.5374594927	0.1026353836	0.9364224672	0.8288246989	4.026255131
1413	0.7807251811	0.7597761154	0.02094906569	0.5330740213	0.09990980476	0.932341814	0.8154957294	4.010530949
1414	0.8046850562	0.7771951556	0.02748990059	0.5391674638	0.1002560109	0.9373514056	0.8162278533	4.002280235
1415	0.7944256663	0.7725294232	0.0218962431	0.5431343913	0.1013241634	0.9303416014	0.8085306287	4.000965118
1416	0.7958319783	0.7856078148	0.01022416353	0.5390962362	0.09938851744	0.9301661253	0.8054844737	4.018485069
1417	0.7876166105	0.7788357735	0.008780837059	0.5391836166	0.09990462661	0.9335356951	0.8159114122	4.035158157
1418	0.7951021791	0.7786012292	0.01650094986	0.5459943414	0.09988965094	0.9435780048	0.8349779248	4.039505959
1419	0.7820309997	0.766156137	0.01587486267	0.5413379073	0.1009106636	0.9409999847	0.8362218142	4.036416054
1420	0.7918592095	0.776693821	0.01516538858	0.5430878401	0.1018979326	0.94087255	0.8327256441	4.021978855
1421	0.7987757921	0.783551693	0.01522409916	0.5422950387	0.1003916264	0.9405101538	0.8226954937	4.004372597
1422	0.831343174	0.8055494428	0.02579373121	0.5469000936	0.1008787155	0.9489411712	0.8324363232	4.004543304
1423	0.8137097359	0.7873360515	0.02637368441	0.5453065038	0.101531066	0.9365218282	0.8165978789	4.008011818
1424	0.8003848195	0.7858789563	0.01450586319	0.5442618132	0.09829127043	0.9305101037	0.8042290807	4.019911766
1425	0.80210495	0.7810549736	0.02104997635	0.5449928641	0.09819892794	0.9380123615	0.8232449889	4.031748772
1426	0.8167093992	0.7937402129	0.02296918631	0.5440581441	0.1008690447	0.9462795258	0.8378821611	4.039583683
1427	0.7820100188	0.7680060863	0.01400393248	0.5401244164	0.1028231978	0.9413993359	0.8351386189	4.032146454
1428	0.7642019391	0.7457211614	0.01848077774	0.5396994352	0.1022082493	0.9250775576	0.8183144927	4.017480373
1429	0.7529367805	0.7412452102	0.01169157028	0.5387502909	0.09951550514	0.9211805463	0.8068124056	4.005840778
1430	0.7524698377	0.7471801043	0.00528973341	0.5437583327	0.09761998802	0.9114460945	0.7963763475	4.007045746
1431	0.7756935954	0.7693947554	0.006298840046	0.5392923355	0.09969133139	0.9054178596	0.7914206982	4.009403229
1432	0.7343360782	0.7334244251	0.0009116530418	0.5368209481	0.1007015109	0.9152569771	0.7978784442	4.025755405
1433	0.7089474797	0.6959971786	0.01295030117	0.5387133956	0.09896105528	0.9187401533	0.8043353558	4.036814213
1434	0.7122235894	0.6912810206	0.02094256878	0.5425307155	0.09930424392	0.9283696413	0.819288969	4.043821812
1435	0.704618454	0.689764142	0.01485431194	0.5353253484	0.100381963	0.9272885323	0.8213484883	4.036563873
1436	0.7165009379	0.6859968901	0.03050404787	0.5324675441	0.1025785506	0.9271113276	0.8200410008	4.02180624
1437	0.7021130323	0.6863930821	0.0157199502	0.5290625691	0.09997147322	0.9231209755	0.8082250953	4.015619755
1438	0.7048169374	0.6854934096	0.01932352781	0.53080827	0.1018997282	0.9279601574	0.8093159795	4.01196146
1439	0.7260004878	0.702560544	0.02343994379	0.532612443	0.104431279	0.9279158711	0.8110165596	4.014338017
1440	0.7099886537	0.6955020428	0.01448661089	0.5369800329	0.1011872888	0.9254037738	0.8052290082	4.020191669
1441	0.7165316343	0.7014371157	0.01509451866	0.5392076969	0.1002350226	0.931581676	0.8198604584	4.037096977
1442	0.7385813594	0.7133219838	0.02525937557	0.5419058204	0.1012851074	0.9422007799	0.8374505043	4.043746471
1443	0.7508704066	0.7259415984	0.02492880821	0.5336483717	0.1017969027	0.9324588776	0.8289555311	4.039401054
1444	0.768250227	0.7311601639	0.0370900631	0.5322769284	0.1043064371	0.9376227856	0.8312728405	4.018326283
1445	0.7513849139	0.7367504239	0.01463449001	0.5302191973	0.101500228	0.9295784831	0.8166654706	4.01301527
1446	0.7682125568	0.7457888722	0.0224236846	0.5369967222	0.1016552225	0.9335526228	0.8162030578	4.015404224
1447	0.8213675618	0.795275569	0.02609199286	0.5303382277	0.1041105241	0.925557971	0.8049573302	4.014171124
1448	0.8144890666	0.7858018279	0.02868723869	0.5352211595	0.1017290503	0.9254817963	0.8004344702	4.024250031
1449	0.8170287013	0.792683363	0.02434533834	0.5361467004	0.1003912166	0.9321687818	0.8145994544	4.037764549
1450	0.8129490614	0.7886018157	0.02434724569	0.541729331	0.09889895469	0.9394956231	0.8303772211	4.045692444
1451	0.8150547743	0.7927428484	0.02231192589	0.5352867842	0.1008013859	0.9370788336	0.8292014003	4.03868866
1452	0.8275911212	0.7937973738	0.03379374743	0.5308106542	0.101589933	0.931381762	0.8224180937	4.021793365
1453	0.82361269	0.8097398877	0.01387280226	0.5278493166	0.09942043573	0.9283713102	0.8127559423	4.015308857
1454	0.817245841	0.7975943685	0.01965147257	0.5325469971	0.09815874696	0.9278744459	0.8046136498	4.003389835
1455	0.8557515144	0.8333958387	0.0223556757	0.533747375	0.1004569307	0.9260158539	0.8055970073	4.011012554
1456	0.839658916	0.8118616939	0.02779722214	0.5381687284	0.09924159944	0.9313025475	0.8122837543	4.019705772
1457	0.8305211067	0.8036472797	0.02687382698	0.5385081768	0.09907406569	0.9354842305	0.8234471679	4.039478779
1458	0.8248667121	0.7985916138	0.02627509832	0.5352973938	0.09840840101	0.9383168817	0.8271561861	4.052958965
1459	0.8101681471	0.7878152728	0.02235287428	0.5268039703	0.09899106622	0.9410696626	0.833538413	4.037901878
1460	0.842638135	0.804702282	0.037935853	0.5245033503	0.1016557664	0.9388890862	0.8310171962	4.02879858
1461	0.8103010058	0.7881652117	0.02213579416	0.5228146315	0.09988311678	0.9366852045	0.8188154101	4.021598816
1462	0.8290559053	0.8034110069	0.02564489841	0.5221422911	0.1011257842	0.9402703047	0.8193429112	4.008657455
1463	0.8760131001	0.8410509825	0.03496211767	0.5221199989	0.1039328948	0.9391348958	0.8190069795	4.015858173
1464	0.8493772149	0.8219411969	0.02743601799	0.5308455229	0.1005170122	0.9379681349	0.816262722	4.022957802
1465	0.861995995	0.8339455128	0.02805048227	0.5342158079	0.1002674922	0.9440073967	0.8313456774	4.039494514
1466	0.8734229207	0.8426449895	0.03077793121	0.5288844705	0.1003394574	0.9491299391	0.8394351006	4.055620193
1467	0.8939720988	0.8531903028	0.04078179598	0.5270287991	0.1022551656	0.9494178295	0.8434980512	4.044970512
1468	0.9100645781	0.8660919666	0.04397261143	0.5258943439	0.1045482978	0.9511645436	0.8472384214	4.024847031
1469	0.8661240935	0.8461969495	0.01992714405	0.5211901069	0.1032654867	0.9436609149	0.8303608894	4.023085594
1470	0.8943734169	0.8576738238	0.03669959307	0.5259352922	0.1043198258	0.9482981563	0.8304441571	4.001375675
1471	0.9272367358	0.881518662	0.04571807384	0.5175834894	0.1056940556	0.9405557513	0.819226563	4.017934799
1472	0.8960082531	0.8449605107	0.05104774237	0.5269938707	0.1017462835	0.9438883662	0.8240389228	4.029724598
1473	0.8645272255	0.8221903443	0.04233688116	0.5335575938	0.09908036143	0.9494348168	0.8386445045	4.036615849
1474	0.8985234499	0.8608865142	0.03763693571	0.5236794949	0.101956524	0.9553102851	0.8495013714	4.056941986
1475	0.9158465862	0.8751651049	0.04068148136	0.5254004598	0.1047699079	0.9564382434	0.8555939198	4.043775082
1476	0.87999928	0.8355545998	0.04444468021	0.5247675776	0.1043841168	0.9540251493	0.8519315124	4.027070045
1477	0.8506894112	0.8217795491	0.02890986204	0.5221925378	0.1044413447	0.9519534111	0.8408028483	4.016787529
1478	0.8094815612	0.7860556245	0.0234259367	0.5230568051	0.1023858413	0.9495646358	0.8305230141	3.99645853
1479	0.8574582338	0.8276528716	0.02980536222	0.5201434493	0.1049856469	0.9467155933	0.8292734027	4.012113094
1480	0.8363694549	0.8149750233	0.02139443159	0.5267644525	0.1026438102	0.9466417432	0.8323495984	4.01742506
1481	0.8131418824	0.7915416956	0.02160018682	0.5267490745	0.1007770598	0.9501798749	0.8413179517	4.042544842
1482	0.8237765431	0.7937764525	0.0300000906	0.520059824	0.101547204	0.9521238208	0.8463361859	4.052777767
1483	0.8125395179	0.7838671803	0.02867233753	0.515016675	0.1017612517	0.9553151727	0.8547872901	4.04607296
1484	0.8198801875	0.7824013829	0.03747880459	0.5136588812	0.1031980291	0.9555489421	0.8553360701	4.032175541
1485	0.7760612965	0.7556933165	0.02036798	0.5132576227	0.1020328328	0.9513220191	0.8410455585	4.024514675
1486	0.8459242582	0.817720294	0.02820396423	0.5144739747	0.1047261134	0.9505898356	0.8379155397	4.003331661
1487	0.8116333485	0.7826570868	0.02897626162	0.5162841082	0.1023860797	0.9449731708	0.8261243701	4.009294987
1488	0.7963334322	0.7713615894	0.02497184277	0.5269728303	0.1011599153	0.943554759	0.8219490051	4.017819405
1489	0.7593814135	0.7444705963	0.01491081715	0.533877492	0.09842725843	0.9445161223	0.8233799934	4.032942772
1490	0.7498008609	0.7231974602	0.02660340071	0.5326020122	0.09813560545	0.9478777647	0.827904284	4.046025753
1491	0.7325505018	0.7086403966	0.02391010523	0.5308313966	0.09926887602	0.948769331	0.8331130147	4.043600559
1492	0.7136155367	0.6988895535	0.01472598314	0.5289775133	0.0995138064	0.9493056536	0.8352072835	4.025765419
1493	0.6863328218	0.6776055098	0.008727312088	0.5290233493	0.09826838225	0.9438944459	0.8155404329	4.00423336
1494	0.6726046205	0.6638991237	0.008705496788	0.5350221992	0.09804743528	0.9361408949	0.7908939123	3.991654873
1495	0.6776605248	0.6571884155	0.02047210932	0.5320424438	0.09989786148	0.9242707491	0.7693528533	4.007030487
1496	0.6468691826	0.6302444935	0.0166246891	0.5435965657	0.09758292884	0.9215608239	0.7643580437	4.008097172
1497	0.6474215388	0.6241109967	0.02331054211	0.5444681048	0.09658116102	0.9455807209	0.822458446	4.033219337
1498	0.6992518306	0.6702128649	0.0290389657	0.5372593999	0.1006516367	0.9509835839	0.837008357	4.044743538
1499	0.7060877681	0.6845552921	0.02153247595	0.5331409574	0.1027680486	0.9501658678	0.8399050832	4.044838905
1500	0.6782822013	0.6452977061	0.03298449516	0.5303326845	0.102576822	0.9475525618	0.8346318007	4.016375542
1501	0.6317044497	0.602735281	0.02896916866	0.532959044	0.1016249806	0.9464187622	0.8252919316	3.99377656
1502	0.5688391328	0.5542164445	0.01462268829	0.5358195901	0.09965150803	0.9385470152	0.8076655865	3.991914749
1503	0.586348176	0.5810832977	0.005264878273	0.528732419	0.1017409191	0.930424273	0.7961267829	4.006031513
1504	0.6302632689	0.6448205709	-0.014557302	0.5358729959	0.1018617004	0.9311785102	0.798504591	4.026884079
1505	0.5786393285	0.5694848299	0.009154498577	0.5365942717	0.1003098041	0.9397904277	0.8181832433	4.037739277
1506	0.5881226659	0.5596455336	0.02847713232	0.5359182358	0.101252839	0.9429661632	0.8286485076	4.045632362
1507	0.5706840754	0.5481211543	0.02256292105	0.5284305215	0.101826705	0.9465494752	0.8358622789	4.035386562
1508	0.5635004044	0.5280279517	0.03547245264	0.5258123875	0.1024721265	0.9472709894	0.8342748284	4.022744179
1509	0.5470086932	0.5147678852	0.03224080801	0.5249710083	0.1016605794	0.9462422729	0.8253847957	4.004178524
1510	0.5286275744	0.5010588765	0.02756869793	0.5274787545	0.1010304093	0.9431952238	0.8167101741	3.990592957
1511	0.5680729151	0.5583299994	0.00974291563	0.5255877376	0.1027568951	0.9388833046	0.8118276	4.001607418
1512	0.5626043677	0.5595055819	0.003098785877	0.5351046324	0.1007396355	0.9386145473	0.8102782369	4.015212059
1513	0.575407505	0.5623011589	0.01310634613	0.5405089259	0.09978459775	0.9446971416	0.8252032399	4.030051231
1514	0.5793556571	0.5472231507	0.03213250637	0.5385021567	0.1000349149	0.9453443885	0.832264781	4.046574116
1515	0.5730982423	0.5442374349	0.02886080742	0.5356963873	0.1005707383	0.9467326403	0.8354402184	4.039208412
1516	0.5598085523	0.5345723033	0.02523624897	0.5349866152	0.1013394743	0.9475003481	0.8311721087	4.026168346
1517	0.5399743319	0.5233311653	0.01664316654	0.5361459851	0.1009317115	0.9458042979	0.8213839531	3.996870756
1518	0.5271229744	0.5084440708	0.01867890358	0.5417343974	0.1007778496	0.9367564321	0.7987313271	3.985253572
1519	0.5441411734	0.526548028	0.01759314537	0.5331872702	0.1020014137	0.9306585193	0.7878141999	3.999193192
1520	0.5188300014	0.5079785585	0.01085144281	0.5407764316	0.09978824854	0.9400874376	0.8083770275	4.023017883
1521	0.4974493682	0.4822098315	0.01523953676	0.5480498672	0.09626629204	0.9428124428	0.8143200874	4.030484676
1522	0.5140430331	0.4924343228	0.02160871029	0.5421541333	0.09790305048	0.9498587847	0.8339270353	4.043754578
1523	0.550772965	0.528470397	0.02230256796	0.5414777398	0.1011349112	0.9523490071	0.83800143	4.036569118
1524	0.5298966169	0.5031497478	0.02674686909	0.5428025126	0.1007148772	0.9450930357	0.8237676024	4.01923275
1525	0.5278077126	0.4954904914	0.03231722116	0.535354495	0.1028035134	0.9462048411	0.8251023889	3.999388933
1526	0.4887206256	0.4614406824	0.02727994323	0.5400624871	0.1021186262	0.9431933165	0.8161107898	3.97949934
1527	0.4954154491	0.4829029739	0.01251247525	0.5385983586	0.1028249636	0.9353449941	0.8036464453	3.994958401
1528	0.490554899	0.4932127595	-0.002657860518	0.5417010784	0.100591071	0.9389445782	0.8128857613	4.013548851
1529	0.4578272998	0.4571963847	0.0006309151649	0.5437542796	0.09850601852	0.9421840906	0.8243926764	4.031375408
1530	0.460111618	0.4362280369	0.02388358116	0.5399506688	0.09875943512	0.9442045093	0.8325871825	4.042873859
1531	0.4375572801	0.419867456	0.0176898241	0.5326094031	0.09870180488	0.9462798834	0.8381684422	4.037108421
1532	0.4192364216	0.4000942707	0.01914215088	0.5332772136	0.1007263213	0.9442061186	0.8350178599	4.032380104
1533	0.4297420382	0.3974296153	0.03231242299	0.5313421488	0.1022988483	0.9481671453	0.8326847553	3.995328665
1534	0.4582243562	0.4275469482	0.03067740798	0.5351760983	0.1040815637	0.947201252	0.8309115171	3.98076272
1535	0.4620008469	0.4476255178	0.01437532902	0.5355582237	0.1037024781	0.9401679039	0.8167939782	3.989269018
1536	0.4553013742	0.4500780106	0.005223363638	0.5352677107	0.1015283242	0.9387276173	0.8154872656	4.009781361
1537	0.4494290054	0.4448084235	0.004620581865	0.5409308076	0.09820070863	0.941172123	0.8204674721	4.028813839
1538	0.4523545206	0.4249747694	0.02737975121	0.5409450531	0.09730878472	0.9514510036	0.8405711055	4.030107021
1539	0.4354830682	0.4077990949	0.02768397331	0.5402943492	0.09784444422	0.9534915686	0.843470335	4.035583019
1540	0.4262156785	0.3993809521	0.02683472633	0.5458307862	0.09942291677	0.9534577727	0.8445658684	4.024704456
1541	0.4298923016	0.4042719901	0.0256203115	0.5382169485	0.1007394344	0.9492713213	0.8284188509	3.987885237
1542	0.4474062324	0.4215046167	0.02590161562	0.5468238592	0.1025220305	0.9418719411	0.806597054	3.980090141
1543	0.4666370153	0.4520902038	0.01454681158	0.5419347882	0.1045775041	0.9311740398	0.7884041071	3.987209082
1544	0.4487608969	0.4424870014	0.006273895502	0.5411852598	0.1019942909	0.9260533452	0.7803615332	4.008411884
1545	0.4512316287	0.4424822628	0.008749365807	0.5500000119	0.1000143141	0.9367736578	0.7973603606	4.021772861
1546	0.4732422531	0.4432456195	0.02999663353	0.5415220857	0.1002244055	0.9503971934	0.8310244679	4.03337574
1547	0.4658387601	0.4372265637	0.02861219645	0.5446721315	0.1006802469	0.9552925825	0.8435864449	4.031351089
1548	0.4709123969	0.4301212728	0.04079112411	0.5432568192	0.1027424186	0.9524867535	0.8407044411	4.02154541
1549	0.4623369575	0.4150658548	0.04727110267	0.5384542346	0.1043276638	0.9507595897	0.8353669047	3.987427235
1550	0.4982483387	0.4526275396	0.04562079906	0.5452505946	0.1050309092	0.9489020109	0.8287041783	3.977898359
1551	0.5032755733	0.484436214	0.01883935928	0.5425938964	0.1050067171	0.9398664832	0.8106734753	3.983814478
1552	0.5341103077	0.5355966687	-0.001486361027	0.5448244214	0.102268517	0.9405295253	0.8145627379	4.006633759
1553	0.5444103479	0.5256806016	0.01872974634	0.5420644879	0.1007199436	0.94091326	0.8159629107	4.028943062
1554	0.5018342137	0.4693533182	0.03248089552	0.5424478054	0.09949184954	0.9466002584	0.8271784186	4.030920982
1555	0.4796434939	0.449044168	0.0305993259	0.5388756394	0.1000039726	0.9526465535	0.8419939876	4.029292583
1556	0.4489627182	0.4058336616	0.04312905669	0.5432205796	0.1015527099	0.952149272	0.8436385393	4.017998695
1557	0.448802948	0.4034207761	0.04538217187	0.5369359851	0.1025729403	0.9486420751	0.8321982622	3.987307549
1558	0.4729507864	0.4354125559	0.03753823042	0.541714251	0.1042935625	0.9452943206	0.8233465552	3.985435963
1559	0.5029841661	0.4947063923	0.008277773857	0.548040688	0.104545638	0.9398450255	0.8147401214	3.979392529
1560	0.5042719841	0.5083011389	-0.004029154778	0.5448365808	0.1022154614	0.9373892546	0.8130660057	4.010024548
1561	0.4952850342	0.4823000729	0.01298496127	0.544518888	0.101198785	0.9415940642	0.8228314519	4.029781818
1562	0.461402297	0.4300408065	0.03136149049	0.5472798944	0.09982316941	0.9473890662	0.8360412121	4.03003931
1563	0.460133791	0.4282033145	0.03193047643	0.5462874174	0.1006887555	0.9506504536	0.8440142274	4.036322117
1564	0.4421512485	0.4060864151	0.0360648334	0.5521124601	0.1005095541	0.9489883184	0.8423581123	4.018085957
1565	0.4338590205	0.3985008597	0.03535816073	0.5424988866	0.1006221175	0.9459597468	0.8313211799	3.987706184
1566	0.4659193158	0.4361262023	0.02979311347	0.5485779643	0.1018692851	0.9458377361	0.8281880617	3.997326136
1567	0.5180063844	0.4996857345	0.01832064986	0.5449502468	0.1029608697	0.9378005266	0.8133378029	3.997192383
1568	0.4774430692	0.4768151641	0.0006279051304	0.5442472696	0.1001650244	0.935868144	0.8116161823	4.019591331
1569	0.4700878561	0.4509643912	0.01912346482	0.542594552	0.0993014425	0.9365542531	0.8135735393	4.030628681
1570	0.3957535028	0.3706249595	0.02512854338	0.552236259	0.09655356407	0.9470008016	0.8352614045	4.029210567
1571	0.4511848688	0.4201743603	0.03101050854	0.5487467647	0.09947662055	0.9543420672	0.8510407805	4.030909538
1572	0.4271528721	0.3929303586	0.03422251344	0.5524007082	0.09881843626	0.9489350319	0.8443377614	4.010309219
1573	0.474603653	0.4368112981	0.03779235482	0.5424818397	0.1003671139	0.9501101971	0.8373959064	3.987788916
1574	0.4966378808	0.4633851647	0.03325271606	0.5498369336	0.0997235626	0.9456866384	0.8247798085	3.976853132
1575	0.5319817066	0.5059533715	0.02602833509	0.5576421022	0.09920796752	0.9422200322	0.8184014559	3.981602669
1576	0.5288009644	0.5121874213	0.01661354303	0.5529107451	0.09715293348	0.9397410154	0.8200551867	4.012842655
1577	0.502211988	0.4791598022	0.02305218577	0.553501904	0.09607620537	0.9400478601	0.8248255849	4.030199528
1578	0.4870415628	0.4579741657	0.02906739712	0.5503390431	0.09507238865	0.9429268837	0.8305493593	4.028234482
1579	0.4975582659	0.4630451798	0.03451308608	0.5447419286	0.09679077566	0.948410213	0.8443868756	4.023203373
1580	0.4991629124	0.4606639445	0.03849896789	0.5471659899	0.09788883477	0.9483324885	0.8427649736	4.011032104
1581	0.4931070209	0.4627515674	0.03035545349	0.535066247	0.09866051376	0.9396478534	0.8196097612	3.997130632
1582	0.5090034008	0.4856464863	0.02335691452	0.5436762571	0.09975448996	0.9407358766	0.8199763298	3.991209507
1583	0.5332317352	0.5158039927	0.01742774248	0.551125586	0.09941619635	0.9349495173	0.8110166192	3.986333609
1584	0.5262386203	0.5237214565	0.002517163754	0.5456115603	0.09730807692	0.9333817363	0.8085696101	4.019759178
1585	0.5217839479	0.5093376637	0.01244628429	0.5458105206	0.09581557661	0.9314262867	0.8131280541	4.036351681
1586	0.503867805	0.4770207107	0.0268470943	0.5436596274	0.09412568808	0.9353176355	0.8192003965	4.034413815
1587	0.5357327461	0.5042948723	0.03143787384	0.5393562317	0.09700564295	0.9390158653	0.8329428434	4.035189629
1588	0.5451802611	0.5133164525	0.03186380863	0.5478987098	0.09811764956	0.9376910329	0.830599308	4.016745567
1589	0.527350843	0.5080353022	0.01931554079	0.5424020886	0.09798941016	0.9329176545	0.8168861866	3.99629283
1590	0.5658560991	0.5511609316	0.01469516754	0.548144877	0.0987899676	0.9288829565	0.8087437153	3.98504138
1591	0.5999977589	0.5778589249	0.022138834	0.5530234575	0.09879819304	0.9251325727	0.7997514606	3.990936995
1592	0.5608557463	0.5610114336	-0.0001556873322	0.5492232442	0.09547272325	0.9253047109	0.7998334169	4.020650864
1593	0.5472272038	0.543178618	0.004048585892	0.5435687304	0.09132996947	0.9174114466	0.7961318493	4.035242558
1594	0.5294561982	0.5082161427	0.02124005556	0.5443996787	0.0911950171	0.9311926961	0.8178705573	4.035739422
1595	0.5476378202	0.5329762697	0.01466155052	0.5410960317	0.09220898151	0.9264054298	0.8228818178	4.02841568
1596	0.5561612844	0.5389612913	0.01719999313	0.5418869257	0.09413250536	0.9244637489	0.8229470849	4.011401176
1597	0.53824687	0.5185084939	0.01973837614	0.5293548703	0.09663493186	0.9272551537	0.8148567677	3.998358488
1598	0.5595296025	0.5413016081	0.01822799444	0.5400339961	0.09887109697	0.9266377687	0.8112656474	3.986848354
1599	0.5974935293	0.5749809742	0.02251255512	0.5525135994	0.09766155481	0.9178394079	0.7991620302	3.983631611
1600	0.5866613388	0.5839512348	0.002710103989	0.5432587862	0.09455263615	0.915723145	0.8008716106	4.01427412
1601	0.5925633311	0.5761060119	0.01645731926	0.5449497104	0.09297448397	0.9165562391	0.8069007397	4.036463261
1602	0.5719817877	0.5494008064	0.02258098125	0.5387935638	0.09033068269	0.91511935	0.8067208529	4.038051128
1603	0.5551816821	0.5337996483	0.02138203382	0.5356037021	0.09329096228	0.9256193042	0.8245972395	4.028141975
1604	0.5632505417	0.5425438881	0.02070665359	0.5346969962	0.09601597488	0.9237898588	0.8226498961	4.009465218
1605	0.5509093404	0.5302152038	0.02069413662	0.529145658	0.09691160917	0.9151774049	0.8021363616	3.997604847
1606	0.5942981839	0.5806189775	0.01367920637	0.536098361	0.1012170911	0.9206950068	0.8101682067	3.983460903
1607	0.6202368736	0.5979405642	0.02229630947	0.5465776324	0.09973260015	0.9202457666	0.8054113984	3.975490093
1608	0.5915316343	0.5939276814	-0.002396047115	0.5386644006	0.09532140195	0.9127512574	0.800049305	4.013617516
1609	0.6016786695	0.5941439271	0.007534742355	0.5428324938	0.09373446554	0.9132839441	0.8047045469	4.032357216
1610	0.5777237415	0.5542811155	0.023442626	0.5392699838	0.09094127268	0.9159703255	0.8080435395	4.04065752
1611	0.5786574483	0.5640860796	0.01457136869	0.5372648239	0.09427310526	0.9231054187	0.8208975196	4.035037994
1612	0.567530036	0.550591588	0.01693844795	0.5383009911	0.09767595679	0.9298927784	0.8258673549	4.009593964
1613	0.5289899111	0.5205823779	0.008407533169	0.5383784771	0.09847008437	0.9242369533	0.8073935509	3.984045506
1614	0.5385764837	0.521407783	0.0171687007	0.5418691635	0.1006082669	0.9336972833	0.8160458803	3.988440275
1615	0.5669834018	0.5453583598	0.02162504196	0.5475968719	0.1001404449	0.9304585457	0.8086143732	3.983408689
1616	0.5290373564	0.5111859441	0.0178514123	0.5420399308	0.09711094946	0.9345382452	0.8179019094	4.021173954
1617	0.5284305811	0.5015206933	0.02690988779	0.5427373052	0.09307607263	0.9342263341	0.819006443	4.034733295
1618	0.5299531221	0.4931037426	0.03684937954	0.5335839391	0.09319195896	0.9433256984	0.8340117335	4.043131351
1619	0.5276498795	0.5001310706	0.02751880884	0.5313152671	0.09564600885	0.9456311464	0.8427014947	4.032578468
1620	0.5326827168	0.5036996007	0.02898311615	0.533234179	0.09695695341	0.9422137737	0.8397212029	4.012684822
1621	0.5450406671	0.5161160827	0.02892458439	0.5251281857	0.1016448811	0.9415807128	0.8305459023	3.99225831
1622	0.5410658121	0.5130941272	0.02797168493	0.5300340056	0.102323398	0.9427406788	0.8292838335	3.980004072
1623	0.5595106483	0.5333088636	0.02620178461	0.5383611321	0.09934607893	0.9347051978	0.8159576654	3.983506441
1624	0.5365428925	0.5160745978	0.02046829462	0.5289624333	0.0977807641	0.9403426051	0.8262915611	4.027945518
1625	0.539270103	0.5096669793	0.02960312366	0.5382222533	0.0946585089	0.9386380315	0.8285314441	4.037490368
1626	0.5169551373	0.48430866	0.03264647722	0.5299294591	0.09313929826	0.9406700134	0.8309223652	4.045618534
1627	0.5099905729	0.4899256527	0.02006492019	0.5205366015	0.09526757896	0.9405748248	0.8373345733	4.034690857
1628	0.5216107368	0.4954542518	0.02615648508	0.5234865546	0.09879224747	0.9383003712	0.8319565058	4.015254974
1629	0.5164172053	0.4888644516	0.02755275369	0.5176274776	0.1004886404	0.9326632619	0.8139017224	3.99852705
1630	0.5519878864	0.5287569165	0.02323096991	0.5278337598	0.1028785333	0.9350140691	0.8218612671	3.990001917
1631	0.564657867	0.5344994068	0.03015846014	0.5344501734	0.09993824363	0.9315477014	0.8123837709	3.987717152
1632	0.5283312798	0.5034513474	0.0248799324	0.5264046788	0.09723629057	0.9339226484	0.8167430162	4.032007217
1633	0.5194129944	0.4894451797	0.02996781468	0.5306562185	0.09451569617	0.9374091625	0.8245079517	4.037154675
1634	0.4991349578	0.4725174606	0.02661749721	0.5257908106	0.09237452596	0.9380418062	0.8246541619	4.044942379
1635	0.4934952259	0.4818072617	0.0116879642	0.5238751173	0.09528572112	0.9412901998	0.8336117268	4.038982391
1636	0.5013198853	0.4874036908	0.01391619444	0.5231301785	0.0976549983	0.9371264577	0.8251804113	4.01887846
1637	0.4923278689	0.4818567634	0.01047110558	0.525082171	0.09960512072	0.9317311645	0.8075443506	3.995362759
1638	0.481341958	0.4729673266	0.008374631405	0.5373029113	0.1005946323	0.9319311976	0.8014780879	3.989127636
1639	0.4927660227	0.4829871655	0.009778857231	0.5431248546	0.09846951813	0.9268873334	0.7896276116	3.983030081
1640	0.4917916656	0.4755192697	0.01627239585	0.5268828273	0.1007281393	0.9257031679	0.7817419767	4.033791542
1641	0.4966126978	0.4716190696	0.02499362826	0.527068615	0.0972610414	0.9293295741	0.7913427949	4.041763306
1642	0.4924927354	0.4683603644	0.02413237095	0.51813519	0.09574562311	0.9326794147	0.7955793738	4.049783707
1643	0.4854867458	0.4727458954	0.01274085045	0.517932713	0.09749535471	0.9336932302	0.7996073365	4.042917728
1644	0.4809206128	0.4651400149	0.01578059793	0.5131691098	0.1008085608	0.9284507036	0.786469698	4.019474506
1645	0.4674037397	0.4552356601	0.01216807961	0.5112124085	0.1029270366	0.9176689386	0.7608162761	3.99915576
1646	0.4570415616	0.4470124543	0.01002910733	0.5259276628	0.1034493893	0.9130480886	0.7488234639	3.993312597
1647	0.4591852725	0.4472202063	0.01196506619	0.5243868828	0.1016765982	0.9092367291	0.7402793169	3.992902756
1648	0.4579776227	0.4435964823	0.01438114047	0.4621603191	0.1038692445	0.8959057927	0.7170953751	4.053676605
1649	0.4596548676	0.4411004484	0.01855441928	0.4638991058	0.1013927236	0.9004096985	0.7258633375	4.071227074
1650	0.459131062	0.4427603781	0.01637068391	0.4575097263	0.09978212416	0.9067315459	0.7355473042	4.076071739
1651	0.4551565051	0.4474894106	0.007667094469	0.4631814659	0.1007405445	0.9057065845	0.7343209386	4.066748619
1652	0.4527294636	0.4404843152	0.01224514842	0.4561086297	0.1042050943	0.8923816681	0.7125700116	4.043355465
1653	0.4417986274	0.4298206866	0.0119779408	0.4569743276	0.1057192236	0.8813638091	0.6928247809	4.022435188
1654	0.4324154258	0.4241007864	0.00831463933	0.467622757	0.1052017063	0.8734051585	0.6786744595	4.016360283
1655	0.4359490871	0.4287714362	0.007177650928	0.4630184174	0.1044289917	0.8625522852	0.6635371447	4.021615982
1656	0.4377267063	0.4332802594	0.004446446896	0.4076848328	0.1057777777	0.8408392072	0.6364243627	4.07346344
1657	0.4333340824	0.4224499166	0.01088416576	0.4902116954	0.09785506874	0.9049528241	0.7341029048	4.06042099
1658	0.4367516339	0.4279349148	0.008816719055	0.5162311196	0.09384020418	0.9221169353	0.7586303353	4.049335003
1659	0.4498372376	0.4477313757	0.002105861902	0.5167030692	0.09375337511	0.9181355834	0.7504179478	4.044149399
1660	0.4377444983	0.4306544363	0.007090061903	0.5096407533	0.09909906983	0.9069149494	0.7291350365	4.020571232
1661	0.442525804	0.4463280737	-0.003802269697	0.5143188238	0.09970729798	0.9057275653	0.7256858349	3.990348816
1662	0.4299541116	0.4386124909	-0.008658379316	0.524987638	0.1003437266	0.9022173285	0.7185307145	3.993829966
1663	0.4188081324	0.412611872	0.006196260452	0.5156528354	0.1015589088	0.9059343934	0.7298122644	4.001206875
1664	0.412486136	0.4109642804	0.001521855593	0.4682191014	0.1031886488	0.8867106438	0.697152853	4.053198814
1665	0.4157455564	0.4115776718	0.004167884588	0.5060400963	0.09749808908	0.9246470332	0.7617462873	4.053195477
1666	0.4263133109	0.4151628613	0.01115044951	0.5143378973	0.1003489494	0.9411591291	0.8060094714	4.050803185
1667	0.4693483114	0.4515685141	0.01777979732	0.529009521	0.1045768857	0.9449118376	0.8182824254	4.039254189
1668	0.5102807283	0.4924215972	0.0178591311	0.5258846879	0.108211264	0.9369458556	0.8037676811	4.015188694
1669	0.4886975586	0.4596011341	0.02909642458	0.5224816203	0.1106645837	0.9366264343	0.8020861745	3.986523867
1670	0.5339972377	0.5091099739	0.02488726377	0.5337109566	0.1127185449	0.9289029241	0.7864921093	3.985741377
1671	0.5033991933	0.5020367503	0.00136244297	0.5295561552	0.1127522588	0.9245392084	0.7791363001	3.988099575
1672	0.4743966162	0.4805639684	-0.0061673522	0.4853644669	0.1137284189	0.9124358892	0.7544595599	4.042994976
1673	0.3985763788	0.400223881	-0.001647502184	0.5168896914	0.1056536585	0.9359172583	0.7997455597	4.051255226
1674	0.3513818979	0.3398891687	0.01149272919	0.5300254822	0.1027388126	0.9438138604	0.8181431293	4.046298504
1675	0.3341571987	0.3287776113	0.005379587412	0.5289703012	0.1020596921	0.9469956756	0.8258208036	4.041318417
1676	0.3321683407	0.3161121011	0.0160562396	0.5198540092	0.1061784625	0.9428178668	0.8163775206	4.023625374
1677	0.3391629755	0.3185295761	0.02063339949	0.5175911784	0.1088688001	0.9399911761	0.8079289198	3.993034363
1678	0.3410381079	0.3150344491	0.02600365877	0.5304014683	0.1085655317	0.9388594031	0.8025403619	3.996102571
1679	0.3636506796	0.3541770279	0.009473651648	0.5260884166	0.109186478	0.9377628565	0.7999771833	3.989700794
1680	0.3741050661	0.3637322187	0.01037284732	0.4733429849	0.1115264669	0.9217772484	0.7688177824	4.044322968
1681	0.3444094062	0.334177494	0.01023191214	0.5215125084	0.1050715074	0.9425971508	0.8101992607	4.041368008
1682	0.3246521652	0.3078517616	0.01680040359	0.5341345072	0.1001461446	0.9417481422	0.8093854189	4.037431717
1683	0.2962216735	0.2908964753	0.005325198174	0.540019691	0.09974562377	0.9375712276	0.800352633	4.039204121
1684	0.287085712	0.2769720852	0.01011362672	0.5329369307	0.1029361561	0.9318828583	0.7869004011	4.027020931
1685	0.2934804261	0.2832321823	0.01024824381	0.5318840742	0.1055952013	0.9344090819	0.7898488045	3.993407726
1686	0.3032671213	0.2859970331	0.0172700882	0.5463604331	0.1065072343	0.9230105877	0.7671754956	3.995859861
1687	0.3088198304	0.2932990491	0.01552078128	0.5382855535	0.1074696928	0.9156344533	0.7529456019	3.989129543
1688	0.3047195971	0.2966740131	0.008045583963	0.4963542819	0.1091344804	0.8885163665	0.7122552395	4.029845238
1689	0.2586395741	0.258428514	0.0002110600471	0.5262264609	0.104174614	0.9349008203	0.7926388979	4.038667202
1690	0.259765178	0.2460643649	0.01370081306	0.5342885256	0.1024922729	0.942859292	0.8133835793	4.042553425
1691	0.2475500554	0.2366783768	0.01087167859	0.5398594141	0.1013022363	0.9441956878	0.8168064356	4.043106079
1692	0.2555390894	0.2359703183	0.01956877112	0.5313246846	0.1033486873	0.9370795488	0.8022577167	4.028171539
1693	0.2733438909	0.2521015704	0.02124232054	0.5203713179	0.107651867	0.9344451427	0.800724566	3.991170645
1694	0.2815032303	0.2619461715	0.01955705881	0.5405720472	0.1069101915	0.9327037334	0.7911143303	3.999951363
1695	0.3023394048	0.293767333	0.008572071791	0.5334768891	0.1078466699	0.930472672	0.7877354622	3.99068737
1696	0.3343301415	0.3354494572	-0.001119315624	0.4816060662	0.108899869	0.9065527916	0.7461016774	4.036808491
1697	0.3112319112	0.310629338	0.0006025731564	0.523001492	0.1037629247	0.9261885285	0.785215199	4.038923264
1698	0.3208998144	0.3165044188	0.004395395517	0.5354901552	0.1005217582	0.9267536998	0.7957257628	4.037706852
1699	0.2455113679	0.2335488051	0.0119625628	0.5336939096	0.1021360457	0.9422342181	0.8160614967	4.042821407
1700	0.2592592835	0.2271294296	0.03212985396	0.5232325792	0.1057363376	0.9374396205	0.8025282621	4.03272295
1701	0.2693149447	0.2370041609	0.03231078386	0.5191278458	0.1085899472	0.9379510283	0.8030650616	3.997943401
1702	0.2755661011	0.2489669472	0.02659915388	0.5354136229	0.1088083386	0.935629189	0.7965727448	4.007205963
1703	0.2996540964	0.2796410918	0.02001300454	0.5284548402	0.1104604751	0.934750855	0.795065999	4.001005173
1704	0.3139928281	0.3001918197	0.01380100846	0.4754352868	0.1128614098	0.9188246131	0.7627293468	4.040959358
1705	0.304202497	0.2888348997	0.01536759734	0.5212547183	0.1097554713	0.937265873	0.8021489978	4.038014889
1706	0.2929253876	0.2611737251	0.03175166249	0.5376110673	0.1072205454	0.9465863109	0.8232671022	4.035247803
1707	0.2935947776	0.2677812874	0.02581349015	0.531763494	0.1089056581	0.948897779	0.8268143535	4.053414345
1708	0.293009609	0.2624334097	0.03057619929	0.5279875398	0.1101452634	0.9399145246	0.8064050078	4.03429842
1709	0.3210851252	0.2877358496	0.03334927559	0.5260011554	0.1121410429	0.9431843758	0.8126415014	4.00288105
1710	0.3106654584	0.2905728519	0.02009260654	0.5430962443	0.1111894473	0.9407388568	0.8060850501	4.011614323
1711	0.3232749104	0.3056049943	0.01766991615	0.5329955816	0.1124379486	0.9338165522	0.7914385796	3.999115705
1712	0.3230536878	0.3104931414	0.0125605464	0.4804193377	0.1150555387	0.9177814722	0.7616544962	4.041007519
1713	0.3305719495	0.310934484	0.01963746548	0.5281742811	0.110656634	0.9415112734	0.8080423474	4.032142639
1714	0.3161169589	0.2765280306	0.03958892822	0.5314463973	0.1090984941	0.9478217363	0.8239840269	4.042970181
1715	0.2680028379	0.2386300266	0.02937281132	0.5394448042	0.1064266115	0.9514244795	0.8334167004	4.046426296
1716	0.2912766933	0.2587091327	0.03256756067	0.5320318937	0.1087147072	0.9473124146	0.8203015327	4.028822899
1717	0.3248555958	0.289440155	0.0354154408	0.5224925876	0.11260961	0.9452208281	0.8180056214	3.999874353
1718	0.3174607754	0.2860320807	0.03142869473	0.538202703	0.1109216809	0.9429205656	0.8089490533	4.004164219
1719	0.3382493556	0.3138067722	0.02444258332	0.5345027447	0.1120216474	0.9375312328	0.7979291081	4.000754356
1720	0.345033586	0.3272046149	0.01782897115	0.4814327657	0.1144873947	0.9236358404	0.7711398005	4.042957783
1721	0.3399213254	0.3122297823	0.0276915431	0.5226772428	0.110835664	0.9399887919	0.8046578765	4.04065609
1722	0.3194468021	0.2802205682	0.03922623396	0.5331173539	0.1075071916	0.9479165077	0.8217616081	4.042021751
1723	0.2915758789	0.2613162994	0.03025957942	0.5296179652	0.1064053848	0.9507553577	0.8281561732	4.053589821
1724	0.3217113614	0.2797804475	0.04193091393	0.519113183	0.1090554297	0.94305408	0.8096305132	4.033584118
1725	0.3368310332	0.2944683731	0.04236266017	0.5105105639	0.1114908084	0.9413497448	0.8064872026	4.006486893
1726	0.3180812299	0.2876443267	0.03043690324	0.5368785262	0.1088179275	0.9425107837	0.8069517016	4.010622501
1727	0.3604292572	0.3338234723	0.02660578489	0.5275036097	0.1121332496	0.9367743134	0.7956860662	4.002441406
1728	0.3627437055	0.3475742042	0.0151695013	0.4809658825	0.1140051037	0.9218865633	0.767296195	4.046015263
1729	0.3560079336	0.3326506913	0.02335724235	0.5153456926	0.1102220789	0.9390900135	0.8026440144	4.047121525
1730	0.3483869135	0.3084976673	0.03988924623	0.5283748507	0.1078458726	0.9465687871	0.8190181255	4.047040939
1731	0.3213698566	0.2943435907	0.02702626586	0.530543685	0.1071041971	0.9491721392	0.824724853	4.057976723
1732	0.3513867855	0.3178735971	0.03351318836	0.523946166	0.1095203459	0.9431610107	0.8103516698	4.041283131
1733	0.3447658122	0.3164244294	0.02834138274	0.5200673938	0.1109985262	0.9435866475	0.8124651313	4.009631157
1734	0.3538933694	0.3226326704	0.03126069903	0.5331160426	0.1103602052	0.942809701	0.809832871	4.0266366
1735	0.3862007558	0.3543606102	0.03184014559	0.5340449214	0.1122598797	0.9413576722	0.8068307042	4.000800133
1736	0.3634059131	0.3419757187	0.02143019438	0.5391038656	0.1102226228	0.9418849945	0.8093887568	4.016608238
1737	0.3147402704	0.2872494757	0.02749079466	0.5523914695	0.1031306162	0.9520201683	0.8351506591	4.027555466
1738	0.2978150845	0.2638956904	0.03391939402	0.5451840162	0.1004177257	0.9544944763	0.8419182301	4.03017664
1739	0.2908478975	0.2694518268	0.02139607072	0.5461491346	0.1012672707	0.9565508962	0.8484877348	4.047055721
1740	0.3141745925	0.2900316119	0.02414298058	0.5467752218	0.1030744612	0.9543337226	0.8416924477	4.031871796
1741	0.3446443975	0.3206314743	0.02401292324	0.534150064	0.1059465781	0.9524694085	0.8401293159	3.998780012
1742	0.3861130774	0.3564772904	0.02963578701	0.5494965911	0.1050259173	0.9527071714	0.8385195732	4.000674725
1743	0.4220404029	0.3949798942	0.02706050873	0.5466924906	0.1053654924	0.949667275	0.8287494183	3.98645854
1744	0.4336044788	0.3998689651	0.03373551369	0.5490697026	0.104032293	0.951590836	0.834844768	4.010358334
1745	0.4306048453	0.3938135505	0.03679129481	0.5493588448	0.1000293344	0.9535356164	0.8407047987	4.021098137
1746	0.4534937441	0.4010075629	0.05248618126	0.5432401896	0.1003657654	0.9529713988	0.8391020894	4.037721157
1747	0.4509556293	0.4126801193	0.03827551007	0.5417678356	0.1016989127	0.9561276436	0.846896112	4.037207603
1748	0.4573342502	0.4188595414	0.0384747088	0.5380000472	0.1045527086	0.9534154534	0.8405140638	4.022316933
1749	0.449809432	0.4151208103	0.03468862176	0.5221118331	0.1061350629	0.9517323375	0.8356462121	3.998285532
1750	0.4498166144	0.4162765741	0.03354004025	0.5409764647	0.1060582697	0.9513589144	0.8377420306	4.004682064
1751	0.4667599201	0.4367773533	0.02998256683	0.542917788	0.1066403538	0.9507127404	0.8352037072	3.986658812
1752	0.4700536132	0.4514378607	0.01861575246	0.5414761901	0.1052843407	0.9509601593	0.8380208015	4.009679794
1753	0.4822344184	0.451589942	0.03064447641	0.5447242856	0.1024672091	0.9522603154	0.843306303	4.026461124
1754	0.5065256953	0.4543101788	0.05221551657	0.5414559245	0.1013033539	0.9529165626	0.8447622657	4.038796425
1755	0.5102757215	0.4653362036	0.04493951797	0.5404782891	0.1023965105	0.9547075629	0.8517751098	4.04681778
1756	0.5126374364	0.4669086039	0.04572883248	0.5391453505	0.1035806909	0.952383697	0.8424568176	4.01958847
1757	0.5167773962	0.4754623175	0.04131507874	0.5300105214	0.1054423526	0.9486798644	0.8340346217	3.99473381
1758	0.5303969383	0.4950835705	0.03531336784	0.543638587	0.1048076823	0.9478853345	0.8293592334	4.003449917
1759	0.5673773885	0.5381636024	0.02921378613	0.5425239801	0.1060370803	0.9459382296	0.8234483004	3.983458757
1760	0.5784167051	0.5556435585	0.02277314663	0.5440259576	0.1050526947	0.9483991265	0.8293216228	4.015063763
1761	0.5689865947	0.5257216692	0.04326492548	0.5443760157	0.1001248583	0.9512192607	0.8361672163	4.026599407
1762	0.5903983116	0.5340390205	0.05635929108	0.5386174917	0.09715728462	0.9492093921	0.8346188068	4.036907196
1763	0.6207291484	0.5855183005	0.03521084785	0.5336179137	0.09863307327	0.9525498748	0.8449824452	4.045111179
1764	0.693103075	0.654120326	0.03898274899	0.5318509936	0.09992452711	0.9499104619	0.8381486535	4.030092239
1765	0.7773630023	0.745850265	0.03151273727	0.5225675702	0.1036124006	0.9467450976	0.8328173757	3.998633146
1766	0.85133183	0.8197982311	0.0315335989	0.5348078609	0.1032144204	0.9431002736	0.8223790526	3.980205059
1767	0.9111048579	0.8793290257	0.03177583218	0.5345965624	0.1024316847	0.9370658398	0.8066220284	3.976360798
1768	0.9586991668	0.925912559	0.03278660774	0.5305563807	0.1018658951	0.9400343895	0.8158652186	4.014184475
1769	0.9326946735	0.881758213	0.05093646049	0.5378227234	0.09835343063	0.9415436983	0.8212236762	4.031285763
1770	0.9580593109	0.8944742084	0.06358510256	0.5332604051	0.09665653855	0.9432919621	0.8256952167	4.040348053
1771	0.9397170544	0.8968321681	0.04288488626	0.5244725943	0.09642956406	0.9429953694	0.8277716041	4.043207645
1772	0.962184906	0.9248636961	0.03732120991	0.5190256834	0.09839073569	0.9393700361	0.8200042248	4.027966976
1773	0.9403330684	0.9128134847	0.0275195837	0.5143868327	0.1016175896	0.9355638623	0.810053885	3.999877453
1774	1.008488536	0.9772151709	0.03127336502	0.5264714956	0.1034845486	0.9378576875	0.8152583241	3.996581316
1775	0.9643989801	0.9439088702	0.02049010992	0.5238325	0.1015359089	0.932790935	0.7995904088	3.985717773
1776	0.9327967763	0.9168006182	0.01599615812	0.524836421	0.1003357545	0.9336211085	0.8030166626	4.017869949
1777	0.9543882012	0.9139048457	0.04048335552	0.5301144719	0.0982016474	0.9362727404	0.8139595985	4.036894798
1778	1.037478089	0.9809734821	0.0565046072	0.5210713148	0.09911950678	0.9410601258	0.8240274787	4.047890663
1779	1.009679198	0.963986814	0.04569238424	0.5199071765	0.1000999808	0.9412850738	0.8259277344	4.044151306
1780	1.027369857	0.985568285	0.04180157185	0.5228173137	0.1000938788	0.935715735	0.814907074	4.026380062
1781	1.029497623	0.9997881055	0.02970951796	0.5222807527	0.1029679775	0.935364604	0.8086782098	3.993571997
1782	1.000744462	0.9747664332	0.02597802877	0.5333620906	0.1024141088	0.9324705005	0.8012269139	3.993780851
1783	1.021063805	0.9942285419	0.02683526278	0.5242730975	0.1033813134	0.9300580621	0.7909035683	3.988077879
1784	0.99284935	0.9683411717	0.02450817823	0.5236214399	0.1005521044	0.9338694811	0.8042090535	4.019854546
1785	0.9645645618	0.9135597944	0.05100476742	0.5279635191	0.09786250442	0.9365388751	0.810956955	4.041234493
1786	0.9366170168	0.8868277669	0.0497892499	0.5239621401	0.102150768	0.9431641698	0.8306387663	4.042668819
1787	1.001243234	0.9651229382	0.03612029552	0.5224074721	0.1060434654	0.9406098127	0.8308643103	4.039132118
1788	1.017195821	0.975248158	0.04194766283	0.5204179883	0.1026533917	0.9371747375	0.8202928901	4.030639648
1789	1.078908801	1.044180393	0.03472840786	0.5189932585	0.1073785648	0.9369931221	0.820949018	3.998406649
1790	1.167896986	1.137314439	0.03058254719	0.5266864896	0.1035814434	0.9332616925	0.80597049	3.978466272
1791	1.228075147	1.187069893	0.04100525379	0.5268511772	0.1030439287	0.9269242883	0.787447989	3.976593733
1792	1.272322178	1.234045625	0.03827655315	0.5239385962	0.1019146815	0.9358469844	0.8176996112	4.021197796
1793	1.210722804	1.153717637	0.05700516701	0.5293237567	0.09895537794	0.9363480806	0.8179349303	4.039754868
1794	1.277233481	1.210669875	0.06656360626	0.5286340117	0.09920157492	0.9460384846	0.8345095515	4.043524742
1795	1.215827584	1.162262559	0.05356502533	0.5185315013	0.1004846767	0.9467253089	0.8384619951	4.03960371
1796	1.250302315	1.206187844	0.04411447048	0.5193750262	0.1017013714	0.9446792603	0.8335738182	4.031256199
1797	1.239191294	1.210854769	0.02833652496	0.5109127164	0.1036923379	0.9367430806	0.812317729	3.997626543
1798	1.283985496	1.254172564	0.02981293201	0.5174379945	0.105111137	0.9402476549	0.8214485645	3.990735292
1799	1.273352981	1.241547227	0.03180575371	0.5227501988	0.1047370434	0.9374800324	0.81299299	3.982584953
1800	1.226688981	1.215616226	0.01107275486	0.5207495689	0.1013302132	0.9407877922	0.8253399134	4.018326283
1801	1.252223253	1.213788509	0.03843474388	0.5294428468	0.1002392322	0.9418752789	0.8311964869	4.042380333
1802	1.316852808	1.26003468	0.05681812763	0.5272998214	0.09800191224	0.9432274699	0.8341383338	4.043140888
1803	1.282739758	1.223890543	0.05884921551	0.5265194178	0.1000160053	0.9414187074	0.8316993713	4.038682461
1804	1.32286036	1.261068463	0.06179189682	0.5291029215	0.0995304957	0.9368365407	0.8197219372	4.024027824
1805	1.306765437	1.271849275	0.03491616249	0.5212202668	0.1017594784	0.9339601398	0.8130605817	4.001440525
1806	1.302768707	1.26726079	0.0355079174	0.5283202529	0.1014222503	0.9307519794	0.8064540029	3.985532522
1807	1.380417466	1.356230021	0.02418744564	0.525708735	0.09997016937	0.9256281853	0.7933427691	3.980730295
1808	1.356344819	1.325376868	0.03096795082	0.5248028636	0.1017578542	0.9405883551	0.8227397203	4.024127007
1809	1.345789909	1.298159719	0.04763019085	0.5345508456	0.09919553995	0.9426990747	0.833969295	4.044623852
1810	1.394130349	1.334586501	0.05954384804	0.5287922025	0.09725598246	0.9421716332	0.8285633326	4.042495728
1811	1.378175497	1.3235147	0.05466079712	0.5203761458	0.09841103852	0.9408383965	0.8280677795	4.041329384
1812	1.482929349	1.420926809	0.06200253963	0.529502809	0.09820321947	0.9418579936	0.8273542523	4.030974388
1813	1.57007885	1.537053466	0.03302538395	0.5119475126	0.1036382318	0.9402633905	0.8236029744	4.012266636
1814	1.61715591	1.574113369	0.04304254055	0.5246729851	0.1043963432	0.9361233711	0.8111813068	3.986086607
1815	1.724072933	1.675564051	0.04850888252	0.5289019346	0.1016621739	0.9307038188	0.7932570577	3.979991674
1816	1.74388361	1.695381403	0.0485022068	0.5270838737	0.1010139585	0.9364287853	0.8097122908	4.013110161
1817	1.713520646	1.656303406	0.05721724033	0.533348918	0.09826248139	0.9386372566	0.8204814196	4.035671234
1818	1.79402256	1.720787048	0.07323551178	0.5323212743	0.09726002067	0.9454063177	0.8332378864	4.038419247
1819	1.733266711	1.657974482	0.07529222965	0.5237398744	0.09827611595	0.9467751384	0.8386046886	4.042156219
1820	1.773621678	1.702800155	0.07082152367	0.5203848481	0.09823968261	0.9425988197	0.8307415247	4.033684254
1821	1.738113165	1.701692104	0.03642106056	0.5167083144	0.1021028906	0.9379721284	0.8128091097	4.006093025
1822	1.763818979	1.725426078	0.03839290142	0.5220605731	0.1028088257	0.9381578565	0.8095707893	3.984518051
1823	1.832125664	1.781012058	0.0511136055	0.5250549316	0.1020102128	0.9366797209	0.8002955914	3.981242657
1824	1.764413714	1.746858835	0.01755487919	0.5259979367	0.0997396633	0.9387985468	0.8100991249	4.011435509
1825	1.750851631	1.711224675	0.03962695599	0.5326196551	0.09873975813	0.9424477816	0.823260963	4.044156075
1826	1.88166368	1.814797163	0.06686651707	0.5327333808	0.09729534388	0.9455450773	0.8324564099	4.044993401
1827	1.779666901	1.704088688	0.07557821274	0.5239577889	0.0987668708	0.9421248436	0.8283554912	4.04162693
1828	1.822852731	1.737784266	0.08506846428	0.5312922597	0.09835138917	0.9407786131	0.8237635493	4.032557964
1829	1.788592696	1.744021416	0.04457128048	0.5262937546	0.101032339	0.9373666644	0.8075419068	4.003192902
1830	1.812709093	1.761494398	0.05121469498	0.5348328948	0.1025958732	0.937285006	0.8021014929	3.995767117
1831	1.91757679	1.844813347	0.07276344299	0.5374054313	0.1015189737	0.9320139885	0.7864230275	3.984936237
1832	1.815433502	1.767108321	0.04832518101	0.535983026	0.1005156636	0.9382444024	0.8020043969	4.015573978
1833	1.773933053	1.720085502	0.05384755135	0.537043035	0.09796775877	0.939124763	0.8146138191	4.05261755
1834	1.776758075	1.704604387	0.07215368748	0.5257233977	0.1019620895	0.9505216479	0.8444746137	4.05006361
1835	1.645914197	1.571987748	0.07392644882	0.5217941999	0.1035621166	0.9486137629	0.8451954722	4.041435242
1836	1.62120986	1.551641703	0.0695681572	0.5307699442	0.1044331416	0.946110785	0.8427451253	4.030942917
1837	1.66760838	1.59994328	0.0676651001	0.5306970477	0.1112264097	0.9432952404	0.8325692415	4.001517296
1838	1.713349342	1.652721405	0.06062793732	0.5401316881	0.1156886071	0.93944031	0.8204771876	3.986017227
1839	1.790957808	1.736038923	0.05491888523	0.5400212407	0.1166247725	0.9403892756	0.820497632	3.980474234
1840	1.762257218	1.700831294	0.0614259243	0.541482091	0.1133260503	0.9448148012	0.8301339746	4.011803627
1841	1.804629922	1.702181816	0.1024481058	0.5412061214	0.1076240167	0.9521132708	0.848536551	4.046877384
1842	1.885975838	1.782572389	0.1034034491	0.5352551341	0.1048631892	0.9564589262	0.8569045067	4.045235157
1843	1.836124182	1.758006454	0.07811772823	0.5249762535	0.1051934808	0.9561513066	0.8579312563	4.041039467
1844	1.900462866	1.819443822	0.08101904392	0.5294348001	0.1055772975	0.9578824639	0.8599480987	4.03911829
1845	1.860948086	1.803206325	0.05774176121	0.5247885585	0.1068023369	0.9569346309	0.8513783813	4.011623859
1846	1.804402828	1.744696975	0.05970585346	0.5292724967	0.1074232459	0.9532305598	0.8426371217	4.005100727
1847	1.841175675	1.765274763	0.07590091228	0.5336143374	0.1081255525	0.952162981	0.8409209251	3.994234085
1848	1.82237494	1.758535862	0.06383907795	0.538964808	0.1075203568	0.9559760094	0.8484895825	4.012335777
1849	1.807878017	1.739457846	0.06842017174	0.5447666049	0.1047388837	0.9554103613	0.8473716974	4.038251877
1850	1.822294712	1.755799651	0.06649506092	0.5386317968	0.1006453186	0.9560109377	0.8515329957	4.037957668
1851	1.769204617	1.710356236	0.05884838104	0.53131181	0.1013629213	0.9553817511	0.8522366881	4.037374496
1852	1.77213645	1.71350503	0.05863142014	0.5365710258	0.1015282348	0.9550439715	0.8508276939	4.034531593
1853	1.7796278	1.751543641	0.0280841589	0.5328303576	0.1021784395	0.9531026483	0.8414894342	4.007422447
1854	1.7327528	1.678554893	0.05419790745	0.542247951	0.1028458402	0.9485021234	0.8271746635	3.992776871
1855	1.711199045	1.623413682	0.0877853632	0.5416940451	0.1029745638	0.9420434833	0.8127654791	3.989812851
1856	1.659911156	1.597563028	0.06234812737	0.5433379412	0.1009785682	0.9461035132	0.8253291845	4.010624886
1857	1.648681283	1.61129725	0.0373840332	0.5496972799	0.09934365004	0.9457557201	0.8312122822	4.036216259
1858	1.599131227	1.551239371	0.04789185524	0.5444950461	0.1017589718	0.9495911598	0.836506784	4.036455154
1859	1.520774603	1.470205903	0.05056869984	0.5455446839	0.1057087034	0.9345644116	0.804001689	4.023602962
1860	1.505652189	1.448879361	0.0567728281	0.5561596155	0.1077227443	0.906062007	0.763723731	4.0170331
1861	1.465476036	1.421016335	0.04445970058	0.5544968843	0.1102025509	0.9147635102	0.7712590098	4.005583763
1862	1.390631437	1.367510438	0.02312099934	0.5569497943	0.1105165109	0.8958779573	0.7454062104	3.995609522
1863	1.326687217	1.317584753	0.009102463722	0.5588642955	0.1086834744	0.8969195485	0.744045198	3.985404491
1864	1.294031858	1.292816758	0.001215100288	0.5582571626	0.1070444435	0.9175646901	0.7749838829	4.009822845
1865	1.270648599	1.230743766	0.03990483284	0.5576732159	0.1024389639	0.9396588206	0.8305650353	4.035027504
1866	1.255947828	1.225885153	0.03006267548	0.5528275371	0.09957901388	0.9384999275	0.8293631673	4.032809258
1867	1.244931102	1.225021362	0.01990973949	0.547519505	0.09936033189	0.9378576875	0.8312012553	4.036284924
1868	1.258808851	1.228209853	0.03059899807	0.5534900427	0.09935420752	0.9412925243	0.8326508403	4.036166668
1869	1.251281142	1.232916117	0.01836502552	0.5474974513	0.09988370538	0.9374427795	0.8271580935	4.008500099
1870	1.251427412	1.232601404	0.01882600784	0.5508303642	0.1020616814	0.9348330498	0.8175894618	3.994224072
1871	1.261906743	1.24834621	0.01356053352	0.5520908237	0.1010943353	0.9197276831	0.7967997789	3.984508038
1872	1.251037955	1.241645336	0.009392619133	0.5578103662	0.1015933454	0.9304081798	0.80894804	4.009366512
1873	1.264510393	1.243680358	0.02083003521	0.5594629645	0.09957101196	0.9362267852	0.8278673291	4.033892155
1874	1.287551403	1.254746556	0.03280484676	0.5598516464	0.0989369899	0.9428049922	0.8346115947	4.034091473
1875	1.276105404	1.244328022	0.0317773819	0.5531938672	0.09935170412	0.9407185912	0.8351010084	4.039424896
1876	1.301869631	1.263692021	0.03817760944	0.561629355	0.09968449175	0.9413464665	0.8344011903	4.034056664
1877	1.301964283	1.271955132	0.03000915051	0.551604569	0.1012863293	0.94532758	0.8354455829	4.00603056
1878	1.281478643	1.248515129	0.03296351433	0.5583880544	0.1007950753	0.9365086555	0.8190758228	3.991948128
1879	1.296081305	1.255728006	0.04035329819	0.5603330731	0.1017197222	0.928811729	0.8065173626	3.985659599
1880	1.28867197	1.242960215	0.04571175575	0.558500886	0.09989283979	0.9279420972	0.8036774993	3.999031067
1881	1.313091278	1.267431736	0.04565954208	0.559967041	0.09779813141	0.9376244545	0.8244587779	4.02565527
1882	1.296923757	1.259005904	0.0379178524	0.5549888015	0.09946843237	0.944304347	0.8317534924	4.031516075
1883	1.258967996	1.23132205	0.02764594555	0.5539733768	0.1022031084	0.9359892011	0.8203991652	4.037219524
1884	1.21918726	1.186323643	0.03286361694	0.5635302067	0.102041766	0.9283137321	0.8084183931	4.023430824
1885	1.176818848	1.14263463	0.03418421745	0.5613105893	0.10434407	0.9309443235	0.8052008748	3.999319792
1886	1.16622901	1.149661064	0.01656794548	0.5619869232	0.1059647053	0.9316307902	0.8101015687	3.992543221
1887	1.182242393	1.174325228	0.007917165756	0.563003242	0.1067392454	0.9270492792	0.802523911	3.9840343
1888	1.183575988	1.176188707	0.007387280464	0.5609112978	0.1059073508	0.9258082509	0.8086386323	4.007841587
1889	1.119526505	1.097396731	0.02212977409	0.5596291423	0.1009598151	0.9284037352	0.8171976805	4.028235912
1890	1.116172552	1.070731044	0.04544150829	0.5595553517	0.101042442	0.9421721697	0.837085247	4.032939434
1891	1.096090913	1.063869596	0.03222131729	0.552690804	0.1005372182	0.9394697547	0.8380454183	4.046037674
1892	1.078600526	1.051198959	0.02740156651	0.5584506989	0.1001045555	0.9417914152	0.8424317241	4.036388397
1893	1.068500996	1.035070419	0.03343057632	0.5512506366	0.100302279	0.9359391332	0.8272649646	4.011425018
1894	1.060811162	1.04184711	0.0189640522	0.5548248887	0.1005202904	0.9350133538	0.8218092322	3.994345188
1895	1.070634127	1.059113741	0.01152038574	0.5611381531	0.1003749743	0.9279522896	0.8094666004	3.987507343
1896	1.073080182	1.054354668	0.01872551441	0.5594134331	0.09963577241	0.9305146337	0.8157184124	3.996763706
1897	1.06022203	1.04797399	0.01224803925	0.5601904392	0.0985321328	0.9317765236	0.8207362294	4.024530411
1898	1.042592883	1.018846273	0.02374660969	0.5602697134	0.0967374891	0.9385970831	0.8306500316	4.029499054
1899	1.041710496	1.02745533	0.01425516605	0.5577917695	0.09816393256	0.9434036016	0.8381970525	4.040770531
1900	1.011754036	1.012346864	-0.0005928277969	0.5655123591	0.09637982398	0.932780385	0.8271916509	4.03142786
1901	1.005750775	1.006606221	-0.0008554458618	0.558133781	0.09744094312	0.9338698387	0.8224471807	4.008070469
1902	0.9948218465	0.9958029389	-0.000981092453	0.5590944886	0.09679649025	0.9270727038	0.8063702583	3.998608828
1903	0.9782899022	0.9699878693	0.008302032948	0.5644857287	0.09650720656	0.9152058363	0.7802389264	3.987318516
1904	0.9478952289	0.9383595586	0.00953567028	0.5679503679	0.09667869657	0.9206576347	0.7830196619	3.993471861
1905	0.9402330518	0.9313418269	0.008891224861	0.5644913316	0.09510486573	0.9253429174	0.8075015545	4.022939205
1906	0.9398007989	0.9283585548	0.01144224405	0.5612050891	0.09818416834	0.9316276312	0.8205311298	4.030035973
1907	0.9397410154	0.9377114177	0.002029597759	0.5616703629	0.09901110083	0.9282963276	0.8174855113	4.03756094
1908	0.9365229607	0.9387418032	-0.002218842506	0.5650901198	0.0972731933	0.9192109108	0.8016832471	4.01196003
1909	0.9388558269	0.9333350658	0.005520761013	0.5606385469	0.09894956648	0.9230674505	0.8028318286	4.004059792
1910	0.9460089803	0.9432140589	0.002794921398	0.5610800385	0.09825396538	0.918577373	0.7908912897	4.00395155
1911	0.9534537792	0.9689466357	-0.0154928565	0.56206429	0.09896717966	0.9117503166	0.7759694457	3.988143444
1912	0.9889386296	1.024910808	-0.03597217798	0.5592387915	0.09976118803	0.9228737354	0.7913857698	3.994601965
1913	0.9353310466	0.9555333257	-0.02020227909	0.5572236776	0.09745103121	0.9207072258	0.7998329401	4.027859211
1914	0.9143024683	0.9127682447	0.001534223557	0.5592535138	0.09832449257	0.9323428869	0.8184434175	4.026928425
1915	0.902327776	0.9086921215	-0.006364345551	0.5531544089	0.09827254713	0.9319742322	0.8200612068	4.042135715
1916	0.9057059288	0.913256526	-0.007550597191	0.552603364	0.09832169861	0.9372118711	0.8264486194	4.02452755
1917	0.9131062627	0.9176691175	-0.004562854767	0.5434733629	0.09826955199	0.9349082112	0.8167681694	4.012832165
1918	0.9220461249	0.923828423	-0.001782298088	0.5483546853	0.09750201553	0.9320510626	0.8078086376	4.007555485
1919	0.9451373816	0.9650637507	-0.01992636919	0.5557351708	0.0983530432	0.9343832731	0.8087754846	3.989934206
1920	0.958042264	0.9896376729	-0.03159540892	0.5565828085	0.09672470391	0.9353653193	0.8099112511	4.005423069
1921	0.9399805665	0.9632666707	-0.0232861042	0.5550640225	0.09680150449	0.9358376265	0.8154832721	4.025338173
1922	0.9285981059	0.939221859	-0.01062375307	0.563203156	0.09731470793	0.9438892603	0.8375133276	4.022655487
1923	0.9229329228	0.9206948876	0.002238035202	0.5596856475	0.100552097	0.9478003383	0.8450002074	4.042752266
1924	0.9040805101	0.9220466614	-0.01796615124	0.5591143966	0.09990859032	0.9436383247	0.8393202424	4.016638756
1925	0.9250059724	0.9357534051	-0.01074743271	0.5519766212	0.1001820415	0.9437683821	0.8337546587	4.014812469
1926	0.9701855779	0.9737508893	-0.003565311432	0.5536731482	0.09839960188	0.9404959679	0.8258823156	4.00692606
1927	0.960480392	0.9659871459	-0.005506753922	0.5608181357	0.09980661422	0.9409729838	0.8199260235	3.987061024
1928	1.008466125	1.021485329	-0.01301920414	0.5573968291	0.09727782011	0.9410350323	0.8193291426	4.00638628
1929	0.9617829323	0.9653924108	-0.003609478474	0.5595998168	0.09630406648	0.9437947869	0.8303510547	4.022916794
1930	0.9654711485	0.9593995214	0.00607162714	0.558026731	0.1012682319	0.9490271211	0.8421046734	4.034252644
1931	0.9361758232	0.94192487	-0.005749046803	0.5567517877	0.1031742766	0.947206378	0.8407703638	4.040588856
1932	0.8668105602	0.8850557208	-0.01824516058	0.5539575219	0.1015809625	0.9399268031	0.8330478668	4.00850296
1933	0.827698648	0.8342269063	-0.006528258324	0.5507403016	0.101710856	0.9363431334	0.8244354725	4.006376743
1934	0.8224343657	0.8366761208	-0.01424175501	0.5526271462	0.09993685037	0.9321072102	0.8148354292	3.999391794
1935	0.8057494164	0.8483710289	-0.04262161255	0.5560587049	0.1004316658	0.9254224896	0.8047400713	3.990796804
1936	0.8421006203	0.9142364264	-0.07213580608	0.5533952713	0.09947063774	0.933952868	0.8166117072	4.005448341
1937	0.733032167	0.7797018886	-0.0466697216	0.5533090234	0.09750536829	0.9300748706	0.8162325025	4.032326698
1938	0.8361030817	0.8172856569	0.01881742477	0.5650277734	0.1049269512	0.9413843751	0.839571476	4.035835743
1939	0.7859124541	0.7706933618	0.01521909237	0.5609446764	0.1049748957	0.9446118474	0.8420203924	4.042050838
1940	0.7475107908	0.7389808297	0.008529961109	0.5550890565	0.104822889	0.946542263	0.8426612616	4.017572403
1941	0.7307078242	0.7201533318	0.01055449247	0.541310966	0.1028490663	0.9469084144	0.8358636498	4.016698837
1942	0.740886867	0.7253822684	0.01550459862	0.5516085029	0.1039483398	0.9445965886	0.8309044838	4.0159688
1943	0.7800332904	0.7856463194	-0.005613029003	0.5597646236	0.1042810529	0.9426901937	0.8272913694	3.990181684
1944	0.7753056884	0.8113066554	-0.03600096703	0.5558174849	0.1010257602	0.9430852532	0.8288078308	4.011549473
1945	0.8135945201	0.8317725658	-0.01817804575	0.559868753	0.1017495543	0.9463422894	0.8362776637	4.025794506
1946	0.8501045704	0.8195106983	0.03059387207	0.5663221478	0.103271395	0.9553040266	0.8553268909	4.021200657
1947	0.8789761662	0.8472902179	0.03168594837	0.5654832721	0.1061756387	0.9565104246	0.8558280468	4.040243149
1948	0.8121194243	0.795334518	0.01678490639	0.5592935681	0.1055097207	0.9531475902	0.8505301476	4.015585423
1949	0.8363898396	0.8151230812	0.02126675844	0.5491108298	0.1055408642	0.9521690607	0.8422552943	4.016963482
1950	0.8610489368	0.8471634388	0.01388549805	0.5614683032	0.1037490219	0.9463856816	0.8339018226	4.010372162
1951	0.8699515462	0.8510671258	0.01888442039	0.5627388954	0.1058772206	0.9421608448	0.8248514533	3.995640278
1952	0.8711987734	0.8807780147	-0.009579241276	0.5590492487	0.1024670601	0.9451646209	0.8298357725	4.009877205
1953	0.8774687648	0.8670867682	0.01038199663	0.5633922815	0.1019781455	0.9528554082	0.8453127742	4.021343708
1954	0.8359328508	0.7754674554	0.06046539545	0.5625812411	0.1040052027	0.9537329078	0.8523094654	4.028452873
1955	0.8729291558	0.828075707	0.04485344887	0.5608761907	0.1068157107	0.9556208253	0.8546583056	4.033922195
1956	0.8592574596	0.8186736107	0.04058384895	0.5550094247	0.1074915826	0.9557197094	0.8545432091	4.017783165
1957	0.8391187787	0.7967965007	0.04232227802	0.547408402	0.1063597053	0.952064395	0.8428670764	4.009937286
1958	0.8153516054	0.7772166133	0.03813499212	0.5546986461	0.1050162539	0.9476729035	0.8335387707	4.011194706
1959	0.8457608819	0.8080096245	0.03775125742	0.5584764481	0.106631197	0.94373703	0.8271300793	4.000349998
1960	0.804063499	0.796084106	0.007979393005	0.5546472669	0.1026360318	0.9497878551	0.8407261372	4.010963917
1961	0.8244082332	0.7905772924	0.03383094072	0.5566808581	0.1023179814	0.950353086	0.8414319158	4.029316425
1962	0.8172296882	0.7455383539	0.07169133425	0.5571814775	0.1036639884	0.952288866	0.8484377265	4.026578426
1963	0.8266429901	0.7688214183	0.05782157183	0.5610044599	0.104622446	0.9567799568	0.8565211296	4.028317451
1964	0.8057650328	0.7669207454	0.0388442874	0.5559117198	0.1058946475	0.9566591382	0.8554997444	4.027435303
1965	0.764210999	0.7214747071	0.04273629189	0.5494571924	0.1048320904	0.9498736262	0.8392172456	4.022661686
1966	0.7729027271	0.7352865934	0.03761613369	0.5569169521	0.1055557951	0.9496930242	0.8370988965	4.015912533
1967	0.7495829463	0.7292199731	0.02036297321	0.5556209087	0.1041255593	0.9424042702	0.826205492	3.997685671
1968	0.7435954213	0.7505027056	-0.00690728426	0.55510813	0.1012442708	0.9489943981	0.8386050463	4.008504391
1969	0.7517908216	0.733537972	0.01825284958	0.5578486919	0.09999348223	0.9508472681	0.8383657336	4.020731449
1970	0.6851270795	0.6550478339	0.03007924557	0.5591130257	0.09902687371	0.9516720772	0.8475364447	4.019557476
1971	0.6917330623	0.6655971408	0.02613592148	0.5657431483	0.1007228717	0.9553387165	0.8540593982	4.02782011
1972	0.648724854	0.6385743022	0.0101505518	0.562384069	0.1011489257	0.953232646	0.8513246179	4.022240639
1973	0.6402803063	0.6272585988	0.01302170753	0.5609084964	0.1007878631	0.9502522349	0.8393979073	4.013474464
1974	0.6564688683	0.639151454	0.01731741428	0.5622841716	0.1012177691	0.9493908882	0.8339768648	4.009278774
1975	0.6590842605	0.6406875849	0.01839667559	0.5587972999	0.1030370146	0.9403604865	0.8137200475	3.999451876
1976	0.6419541836	0.6308799982	0.01107418537	0.5576716661	0.09930225462	0.9446315765	0.8193838	4.013309479
1977	0.5901606679	0.5807427168	0.009417951107	0.561561048	0.09578490257	0.9471993446	0.8339325786	4.018885612
1978	0.6385359764	0.608846128	0.02968984842	0.5589715838	0.1002108008	0.954829812	0.85233742	4.022351265
1979	0.5748308301	0.5524665713	0.02236425877	0.5642783642	0.09993488342	0.9495382905	0.8476340175	4.027120113
1980	0.5494189262	0.5307712555	0.01864767075	0.5602561235	0.09941355139	0.9431816936	0.8392630219	4.009895325
1981	0.5265535712	0.5116719604	0.01488161087	0.5550814271	0.09848501533	0.9350729585	0.8225695491	4.013597965
1982	0.5247865319	0.5135757327	0.01121079922	0.5600667596	0.09765148163	0.9304971099	0.8156839013	4.010672569
1983	0.5229210854	0.5224325061	0.0004885792732	0.557944715	0.09698079526	0.9207711816	0.7993825078	3.995604277
1984	0.5202202797	0.5405477881	-0.02032750845	0.5559819937	0.09432258457	0.9193302989	0.8019191027	4.00800705
1985	0.5014816523	0.5239282846	-0.02244663239	0.5582253337	0.09168233722	0.9179856181	0.8022936583	4.018958569
1986	0.5203593969	0.5376405716	-0.01728117466	0.5529091954	0.09195037931	0.9117335081	0.8037965894	4.017954826
1987	0.4964047372	0.5034579635	-0.007053226233	0.5568393469	0.09382583201	0.9258012176	0.8189640045	4.016135693
1988	0.4900226593	0.4893887043	0.0006339550018	0.556268394	0.09427708387	0.9251842499	0.8162326813	4.006148338
1989	0.4866130352	0.4767525196	0.009860515594	0.5548194051	0.09504409879	0.9282191396	0.8101435304	4.019820213
1990	0.4870124459	0.4842004776	0.002811968327	0.5551870465	0.09517501295	0.9209805727	0.80402565	4.011366367
1991	0.4949153662	0.498118639	-0.00320327282	0.5529610515	0.09653154016	0.9197297096	0.7973757982	4.000897884
1992	0.4975786209	0.5151230693	-0.01754444838	0.5527183414	0.09332975745	0.9205727577	0.7997589111	4.012201309
1993	0.5085960627	0.5231080055	-0.01451194286	0.5564264059	0.09276999533	0.9218642712	0.8080050945	4.021591187
1994	0.5307655931	0.5265702009	0.004195392132	0.5539307594	0.09444594383	0.9245972633	0.8179872632	4.017335892
1995	0.5425482392	0.5358553529	0.006692886353	0.5597836375	0.09488514811	0.9235351086	0.8181529045	4.023747444
1996	0.5212558508	0.5228334069	-0.001577556133	0.5557541251	0.09511014074	0.9255648255	0.8181266785	4.011613369
1997	0.5247315168	0.5242527723	0.0004787445068	0.5546653271	0.09527350962	0.9258239269	0.8089606762	4.016863346
1998	0.5291121602	0.5324162245	-0.003304064274	0.5636657476	0.09538988024	0.920455575	0.8035424352	4.003482342
1999	0.5356847048	0.5251754522	0.01050925255	0.553178668	0.09749897569	0.9237421155	0.800524652	4.003969669
2000	0.5186857581	0.5154585242	0.003227233887	0.5494505167	0.09439875185	0.9274756312	0.8050470948	4.018946171
2001	0.5337100625	0.5183309913	0.01537907124	0.5555443168	0.09313995391	0.929751873	0.8148213625	4.025811672
2002	0.5641873479	0.5495012403	0.01468610764	0.551083684	0.09541279078	0.9326626658	0.8221617341	4.019066811
2003	0.6092593074	0.6020978689	0.007161438465	0.5564587712	0.0984615013	0.9290952086	0.8206855059	4.02245903
2004	0.5880810618	0.5678898692	0.02019119263	0.5571061969	0.0990261808	0.9247840643	0.8186002374	4.014169693
2005	0.5614429712	0.5404307246	0.02101224661	0.5570093989	0.09854576737	0.9212511182	0.807892561	4.009868622
2006	0.5277876854	0.5265405774	0.001247107983	0.5578683615	0.09919468313	0.9156306982	0.7986438274	3.999076366
2007	0.5211457014	0.5258764029	-0.004730701447	0.5503234863	0.1002688557	0.9092401862	0.7878822088	3.996979237
2008	0.4914307296	0.5234030485	-0.03197231889	0.5451391935	0.09985982627	0.916420877	0.8032723665	4.01846838
2009	0.4880419374	0.482211709	0.005830228329	0.5491881967	0.09778954834	0.9182325006	0.8090891838	4.028132439
2010	0.4815661907	0.4544150829	0.02715110779	0.5450161695	0.09830091149	0.9210255146	0.8154953718	4.024971008
2011	0.4915246367	0.4788773954	0.01264724135	0.5447187424	0.09785989672	0.9200493693	0.8179558516	4.024055004
2012	0.4510421157	0.4418691993	0.009172916412	0.5444555879	0.0980951637	0.9196798205	0.8168319464	4.030229092
2013	0.4284959435	0.4037453234	0.02475062013	0.5427638888	0.09854990244	0.9206215143	0.8073489666	4.02889204
2014	0.436558038	0.4201259613	0.01643207669	0.5424894691	0.1002545729	0.9187604785	0.8014053106	4.013178349
2015	0.4732250869	0.4746126533	-0.001387566328	0.5425571203	0.1002718732	0.9126051664	0.792640686	4.003238678
2016	0.4259928763	0.44413203	-0.01813915372	0.5429922938	0.09773783386	0.9173698425	0.7988749146	4.011829376
2017	0.4552957118	0.4687816501	-0.01348593831	0.5485652685	0.09592081606	0.9167550206	0.8057242036	4.027235985
2018	0.4747108817	0.4493647218	0.02534615993	0.5468661189	0.09628603607	0.9201356769	0.8119368553	4.026336193
2019	0.4940336645	0.4786852002	0.01534846425	0.5518303514	0.09751707315	0.919231534	0.8126740456	4.025782108
2020	0.4457013607	0.4493875504	-0.003686189651	0.5494974852	0.09723825753	0.9199534059	0.8144661784	4.02278471
2021	0.4136680961	0.4077604413	0.005907654762	0.5497972369	0.09655332565	0.9178796411	0.804794848	4.014739037
2022	0.45339185	0.4498510361	0.003540813923	0.5557025671	0.0986456275	0.9141402245	0.7946512103	4.009199142
2023	0.4467092752	0.4474745393	-0.0007652640343	0.5481764674	0.09975773841	0.9169130921	0.7895501256	4.002557278
2024	0.3849315643	0.3911554813	-0.006223917007	0.5494020581	0.09639889002	0.9214957952	0.8029637933	4.014043808
2025	0.3982546628	0.3871705532	0.01108410954	0.5525591969	0.09514915943	0.9245977998	0.8057720661	4.025187016
2026	0.4262908399	0.383159101	0.0431317389	0.5457479358	0.09677328169	0.9330518842	0.8257479668	4.024953842
2027	0.4213932455	0.3918851316	0.02950811386	0.549644649	0.09790266305	0.9405973554	0.835885644	4.024208069
2028	0.3754794598	0.3607822657	0.0146971941	0.5480323434	0.09740619361	0.9357702136	0.8308137059	4.025603294
2029	0.3755769134	0.3579882681	0.01758864522	0.5468851924	0.09785760939	0.9329405427	0.817933321	4.011605263
2030	0.3759872317	0.3619199097	0.01406732202	0.5522008538	0.09837326407	0.9354603887	0.8159543276	3.997243643
2031	0.4056727886	0.367328763	0.03834402561	0.547668159	0.09939414263	0.9339960814	0.811691463	3.995439053
2032	0.3431929946	0.32740888	0.0157841146	0.543410182	0.09615608305	0.9304372668	0.8131195903	4.009905815
2033	0.3474572599	0.3166526258	0.03080463409	0.5539466143	0.09475865215	0.9322350025	0.8211448193	4.027957916
2034	0.3703952134	0.3268361688	0.0435590446	0.5446656942	0.0954869166	0.9380112886	0.8302280903	4.029807568
2035	0.3538572788	0.3213649988	0.03249228001	0.5450499654	0.09602343291	0.9431100488	0.8391829133	4.025728703
2036	0.3352731168	0.3112742901	0.02399882674	0.5455693007	0.09726647288	0.9408072233	0.8353608251	4.026278019
2037	0.3294198513	0.3015300333	0.02788981795	0.5461816788	0.09660161287	0.9358599782	0.8212391734	4.007761955
2038	0.3306176364	0.3042223454	0.02639529109	0.5499055982	0.0973810032	0.9354730248	0.8162240386	4.001244545
2039	0.3554285467	0.3267894387	0.02863910794	0.5458476543	0.09726427495	0.934261322	0.8138588667	3.994448423
2040	0.336989522	0.3153983653	0.02159115672	0.5457438827	0.09624910355	0.9374722242	0.8215794563	4.012396812
2041	0.3350523114	0.3084718585	0.02658045292	0.5509874821	0.09374675155	0.9405032396	0.8277062774	4.025331974
2042	0.3296435773	0.2946783304	0.03496524692	0.547350347	0.0930057466	0.9419569969	0.8308171034	4.024589062
2043	0.3267098963	0.3050960302	0.02161386609	0.5502051711	0.0933605805	0.9466294646	0.8419826031	4.026268482
2044	0.3052000403	0.2971005738	0.008099466562	0.5517434478	0.09367278963	0.9443256855	0.8395392299	4.026196957
2045	0.3194748759	0.3103167117	0.009158164263	0.5532155037	0.09428335726	0.9396409392	0.8261774778	4.005598545
2046	0.3192631602	0.3135788739	0.005684286356	0.5567440391	0.09482900053	0.9348153472	0.8086121678	3.992151499
2047	0.314620018	0.3089951277	0.005624890327	0.5469805002	0.09478345513	0.9290463328	0.7944822907	3.990366936
2048	0.2858611047	0.2844354212	0.001425683498	0.5508740544	0.09248195589	0.9294596314	0.7971372008	4.004996777
2049	0.2913232148	0.2822684646	0.009054750204	0.5514090657	0.09053518623	0.9391070008	0.8224024177	4.02464056
2050	0.2783684433	0.2603047192	0.01806372404	0.5489454269	0.09114827216	0.9430964589	0.8350964785	4.028669357
2051	0.3005206287	0.2800357342	0.02048489451	0.5493424535	0.09228376299	0.9460722804	0.8409158587	4.027787209
2052	0.2761152685	0.2679148912	0.008200377226	0.5504783392	0.09197675437	0.9445689917	0.8391724825	4.017540455
2053	0.3297685683	0.2976922393	0.03207632899	0.5498091578	0.0966937542	0.9461205006	0.8394265175	4.002490997
2054	0.312627852	0.2906798422	0.02194800973	0.5543845296	0.09619697183	0.9455338717	0.8293916583	3.991729259
2055	0.3321903646	0.3139542937	0.01823607087	0.549241364	0.09626550972	0.9433470964	0.8220286369	3.987272739
2056	0.3129162192	0.3002289832	0.01268723607	0.5484607816	0.09416815639	0.9409014583	0.8266029358	4.004616737
2057	0.297097981	0.2964748144	0.0006231665611	0.5527372956	0.0916807726	0.9362088442	0.8188266754	4.02412796
2058	0.2896754444	0.269829601	0.01984584332	0.5482997298	0.09123851359	0.9469594359	0.836353302	4.022097111
2059	0.3048667908	0.2820571363	0.02280965447	0.5408452749	0.09254654497	0.9553554058	0.8510821462	4.024468422
2060	0.2932094336	0.2632600367	0.02994939685	0.5447568297	0.09494041651	0.9544167519	0.8505628705	4.015878677
2061	0.3097326756	0.2760302722	0.03370240331	0.5443567038	0.0954253003	0.9477433562	0.8325120807	4.004180908
2062	0.3382534981	0.3091861308	0.02906736732	0.5513239503	0.09749986231	0.9459929466	0.8290926814	4.002409935
2063	0.3700632453	0.3505358994	0.0195273459	0.5485239029	0.09691498429	0.9458300471	0.8240481615	3.988432646
2064	0.3154111803	0.3056771159	0.009734064341	0.5476383567	0.0938623026	0.9486427307	0.8298851252	4.00780201
2065	0.3280580938	0.3177021444	0.0103559494	0.5492107272	0.09328173846	0.9519383311	0.8395090699	4.026853085
2066	0.3280392289	0.292745173	0.03529405594	0.54912889	0.09348012507	0.9557940364	0.8495523334	4.024122238
2067	0.3579982817	0.3279493749	0.0300489068	0.5446278453	0.09508343786	0.9605969191	0.8589219451	4.025954247
2068	0.3642386198	0.3343460858	0.02989253402	0.5423467755	0.09733448923	0.9601308703	0.8576776385	4.019870758
2069	0.3809704483	0.3524358869	0.0285345614	0.5485014319	0.09850558639	0.9582907557	0.8478188515	3.997081518
2070	0.3810202181	0.3525970876	0.02842313051	0.5563025475	0.09851457179	0.9577156305	0.8429098725	3.993014812
2071	0.4130446911	0.3809261918	0.03211849928	0.5487564206	0.09907525033	0.9552672505	0.8386639357	3.992261648
2072	0.3194529116	0.3032301366	0.01622277498	0.5469909906	0.09457363188	0.9543883801	0.8388701677	4.010987282
2073	0.3332868814	0.3179726899	0.01531419158	0.5510767698	0.09279086441	0.9563257098	0.8450934291	4.025128841
2074	0.3400546014	0.308575362	0.03147923946	0.5451202989	0.09300473332	0.9602504969	0.854434669	4.027331352
2075	0.3781318069	0.3516184092	0.02651339769	0.5385568142	0.09599369019	0.9641156793	0.8643484712	4.03016901
2076	0.3864447176	0.3517371714	0.03470754623	0.5439187884	0.09696821868	0.964533329	0.8646763563	4.02082634
2077	0.3915030658	0.3499230444	0.04158002138	0.5420691371	0.09882346541	0.9619174004	0.8543362617	4.003324509
2078	0.4175614715	0.3777993917	0.03976207972	0.5579214692	0.09907746315	0.9579256773	0.8411696553	3.988013744
2079	0.4299819469	0.3909628689	0.03901907802	0.5470767617	0.09766307473	0.9522821307	0.8304382563	3.99644208
2080	0.3723848164	0.3417353034	0.03064951301	0.5463628173	0.09527365118	0.9547249675	0.8398776054	4.009969711
2081	0.3885399997	0.3547712564	0.03376874328	0.5491346121	0.09452046454	0.9558131099	0.8453977704	4.029779911
2082	0.409109354	0.3630943894	0.04601496458	0.545496285	0.09528740495	0.960111618	0.8556153178	4.029380322
2083	0.3851070404	0.3575157821	0.02759125829	0.5356068611	0.09490539134	0.9628786445	0.8627335429	4.031471729
2084	0.4303327203	0.3989189565	0.03141376376	0.5426607728	0.09871462733	0.9643608332	0.8643012047	4.017107964
2085	0.4190377295	0.3852325976	0.03380513191	0.5447018743	0.09967036545	0.9602608681	0.8512759209	3.996833324
2086	0.4385855496	0.4008062482	0.0377793014	0.5479090214	0.100782305	0.9587653279	0.8463029265	3.989548922
2087	0.423642695	0.3896511197	0.03399157524	0.5472642779	0.09859524667	0.9528886676	0.8366054296	3.990424395
2088	0.3676290214	0.3446417749	0.02298724651	0.5474472642	0.09472079575	0.9501712322	0.8317525983	4.003963947
2089	0.3510059714	0.3353928924	0.01561307907	0.5499074459	0.09258101135	0.9526298046	0.839181602	4.024189949
2090	0.3605378568	0.3357165158	0.02482134104	0.5437214971	0.09373122454	0.9557257295	0.8488547206	4.027758598
2091	0.3859532177	0.362072438	0.02388077974	0.5400448442	0.09460532665	0.9585591555	0.8536148071	4.025327206
2092	0.3844562769	0.363309294	0.02114698291	0.5422664881	0.09663616866	0.9573952556	0.8479859233	4.007183552
2093	0.3529753089	0.3410077095	0.01196759939	0.5435804725	0.09597429633	0.9525662661	0.8343175054	3.986140251
2094	0.3459798694	0.3316456079	0.01433426142	0.5524950624	0.09531433135	0.9493331909	0.8221430182	3.981423855
2095	0.3503277302	0.3234926462	0.02683508396	0.5499690175	0.09374724329	0.9452376366	0.8135997057	3.994394302
2096	0.305706799	0.2882948518	0.01741194725	0.5451902151	0.09010957927	0.9403818846	0.8072081208	4.009892464
2097	0.2969007492	0.2813726664	0.01552808285	0.5505460501	0.08783009648	0.9393372536	0.8028724194	4.024249077
2098	0.3100790381	0.2857380509	0.02434098721	0.5439550281	0.08970628679	0.9530529976	0.8356766701	4.024246216
2099	0.3316602111	0.3045514822	0.02710872889	0.5444332957	0.09171897918	0.9592196941	0.8509653211	4.015201092
2100	0.3488439918	0.3164663911	0.03237760067	0.5372533798	0.09615401924	0.9583069682	0.850276649	3.999443769
2101	0.3269019425	0.3018088937	0.02509304881	0.5326555967	0.09685843438	0.9504134059	0.83677876	3.99162364
2102	0.3062500358	0.2932434976	0.01300653815	0.5426241755	0.09385236353	0.9462714195	0.8228577375	3.980513096
2103	0.3329918385	0.3175735772	0.01541826129	0.539118886	0.09198004752	0.9443912506	0.8184563518	3.990629911
2104	0.3046172261	0.2874235511	0.01719367504	0.5326043367	0.09180719405	0.9410663843	0.8211458325	4.012077808
2105	0.3267152309	0.3020169437	0.02469828725	0.5389165282	0.09049180895	0.9418088198	0.825298667	4.029354095
2106	0.3113084435	0.2976778448	0.01363059878	0.5329122543	0.08819521964	0.9390416741	0.82606107	4.028019428
2107	0.3116719127	0.2892366946	0.0224352181	0.5287251472	0.09131342173	0.9535235167	0.8476531506	4.018399239
2108	0.3360657394	0.3025175631	0.03354817629	0.5282597542	0.0952309221	0.9531697631	0.8431018591	3.996718645
2109	0.32527107	0.2976224124	0.02764865756	0.5283836722	0.09621430933	0.9498715401	0.8344532251	3.996720552
2110	0.3598663807	0.3261996806	0.03366670012	0.5369514227	0.09767709672	0.9469628334	0.8301694989	3.983497143
2111	0.3553114533	0.3247809112	0.03053054214	0.5392193198	0.09237112105	0.9460322857	0.8226504326	3.990507841
2112	0.3193120062	0.2987635136	0.02054849267	0.5352832079	0.09106623381	0.9444290996	0.8293751478	4.011784077
2113	0.3156974316	0.2991062105	0.01659122109	0.5391086936	0.08835099638	0.9490886927	0.8364642859	4.025436401
2114	0.3227116764	0.309587121	0.01312455535	0.5326698422	0.08699125797	0.9399220347	0.82773	4.027382851
2115	0.3203223944	0.3003747463	0.01994764805	0.5334525108	0.08998523653	0.9483328462	0.8427833319	4.021203041
2116	0.3344795108	0.3074620664	0.02701744437	0.5332773328	0.09295991808	0.9497872591	0.8423398137	3.997749805
2117	0.3396356106	0.3162640333	0.02337157726	0.5359207392	0.09580200911	0.950553	0.8354609609	3.990281582
2118	0.3359320462	0.3170728981	0.01885914803	0.5465567708	0.09436038882	0.9375948906	0.8129967451	3.978377104
2119	0.3485076427	0.3364260197	0.01208162308	0.543372035	0.09093230963	0.9346167445	0.803027451	3.990473032
2120	0.3257407844	0.3165870607	0.009153723717	0.5446949601	0.09020733833	0.9394744039	0.8154446483	4.00830698
2121	0.3295357525	0.3172087073	0.0123270452	0.5404372811	0.08813501894	0.9439333677	0.8278264403	4.024283409
2122	0.34480232	0.3257893026	0.01901301742	0.528853178	0.09062622488	0.9442223907	0.8351584673	4.028498173
2123	0.3553085327	0.3268683851	0.02844014764	0.5299052596	0.09467311949	0.9547280669	0.8556352258	4.016410351
2124	0.3729934096	0.3391685784	0.03382483125	0.5306503177	0.09662487358	0.9590323567	0.8587881923	3.989663363
2125	0.3716033995	0.3313743174	0.04022908211	0.5291900039	0.09687425196	0.954043448	0.845484972	3.989664316
2126	0.3616617322	0.3350973129	0.02656441927	0.540912807	0.09485589713	0.9486532807	0.8310623169	3.97781992
2127	0.3694935441	0.3572920263	0.01220151782	0.5403267741	0.09224595129	0.9457104802	0.8232676387	3.986258268
2128	0.3614409566	0.3425344229	0.01890653372	0.5384384394	0.09260948002	0.9528310895	0.8382928967	4.00717783
2129	0.359578371	0.3377742171	0.02180415392	0.5396707058	0.08980216086	0.9519503713	0.8403861523	4.027706146
2130	0.3628460467	0.3382495642	0.02459648252	0.5325719714	0.09020603448	0.9513423443	0.8383406401	4.028203011
2131	0.3463640511	0.319804579	0.02655947208	0.5278710723	0.09215637296	0.9561190605	0.8538466096	4.013712406
2132	0.3689471781	0.3373408914	0.03160628676	0.526425004	0.09384188801	0.9573704004	0.8493668437	3.99492979
2133	0.3852505386	0.350227505	0.03502303362	0.5263276696	0.096071437	0.9515444636	0.8356131315	3.997977495
2134	0.3979149461	0.3726932108	0.02522173524	0.5392259359	0.09429818392	0.9478871226	0.8269095421	3.978565454
2135	0.4114310741	0.395593375	0.01583769917	0.5359581113	0.09189959615	0.9447053075	0.819090724	3.988749981
2136	0.3878825605	0.3677073121	0.02017524838	0.5365298986	0.09114284813	0.9500264525	0.8319523931	4.010556698
2137	0.4021989703	0.3787487447	0.02345022559	0.5381159186	0.090942204	0.9522718787	0.8373225331	4.026863575
2138	0.4183227122	0.3846874237	0.03363528848	0.5340285301	0.09014102817	0.9483189583	0.8343052864	4.027810574
2139	0.424467802	0.400491178	0.02397662401	0.5325606465	0.09317405522	0.9496267438	0.8445307612	4.019217968
2140	0.4365654886	0.4048427343	0.03172275424	0.5329564214	0.0964089334	0.9509944916	0.8395947814	3.993891001
2141	0.4507924914	0.4251920581	0.02560043335	0.5376198888	0.09742728621	0.9508744478	0.8317233324	3.98709178
2142	0.4357408881	0.4042646289	0.03147625923	0.545686841	0.09519308805	0.9476319551	0.8206809759	3.976650476
2143	0.4516242445	0.4175670147	0.03405722976	0.5396336317	0.09422874451	0.9507581592	0.8274157643	3.988200903
2144	0.4265441298	0.4005386233	0.02600550652	0.5405307412	0.09264878184	0.9557578564	0.8423810601	4.007547855
2145	0.4246076047	0.4020884931	0.02251911163	0.5418327451	0.08982606977	0.9566031098	0.8451718092	4.025287628
2146	0.4567477405	0.417656213	0.03909152746	0.5252311826	0.09247837216	0.9546117187	0.8466569781	4.029994965
2147	0.4358778894	0.4087162018	0.02716168761	0.5294543505	0.09442859143	0.9599893689	0.8629183173	4.016356945
2148	0.4289728701	0.3965914249	0.03238144517	0.5299536586	0.09494456649	0.9560295939	0.8528128862	3.996367931
2149	0.4473679066	0.4219094217	0.02545848489	0.5270224214	0.0973597616	0.9535218477	0.8395941854	3.998881817
2150	0.436876744	0.4058173597	0.03105938435	0.5410737395	0.09380294383	0.9461595416	0.8227924109	3.983692408
2151	0.4388970733	0.4061394334	0.03275763988	0.5407342911	0.09387985617	0.9512231946	0.8265479207	3.987073183
2152	0.4491411746	0.4156199992	0.03352117538	0.5356840491	0.09296043217	0.9554219246	0.8454404473	4.015837669
2153	0.4772185385	0.4313145578	0.04590398073	0.537917912	0.09287010878	0.9578769207	0.8494004011	4.032885075
2154	0.52038908	0.450493753	0.06989532709	0.5310863853	0.09738308936	0.963044405	0.8581951857	4.029589176
2155	0.4659307599	0.4183778763	0.04755288363	0.5329607725	0.09690583497	0.9652181268	0.8689758778	4.015222073
2156	0.4825291932	0.4319938421	0.05053535104	0.5281206965	0.099138394	0.9609434009	0.8567204475	3.995629072
2157	0.4760816693	0.4292360842	0.04684558511	0.5273768306	0.09898789972	0.9532500505	0.8381361365	3.999601126
2158	0.514572382	0.4546443522	0.05992802978	0.5399508476	0.09943922609	0.9526020885	0.8380879164	3.983726025
2159	0.5098294616	0.4610978961	0.04873156548	0.5366037488	0.09878502786	0.9525578618	0.8344973326	3.987883091
2160	0.5066550374	0.4646185935	0.04203644395	0.5361156464	0.09692081064	0.9557914734	0.8479198217	4.014711857
2161	0.541677177	0.5007880926	0.04088908434	0.5386274457	0.09550386667	0.954867661	0.8467917442	4.028960228
2162	0.5326750875	0.4704222083	0.06225287914	0.5349079967	0.09489639103	0.9590948224	0.8545588255	4.025030136
2163	0.5274642706	0.492344439	0.03511983156	0.5368100405	0.09671777487	0.9607464075	0.8622906804	4.017148972
2164	0.5557872057	0.5172464252	0.03854078054	0.5349083543	0.09997621924	0.9585391283	0.8517869115	3.9882195
2165	0.5277846456	0.505402267	0.02238237858	0.538004458	0.0997441709	0.9545539021	0.8399259448	3.988954544
2166	0.4981362522	0.4493933618	0.04874289036	0.5469233394	0.09703733772	0.9519461393	0.8318980932	3.983943701
2167	0.5056775808	0.4426442981	0.06303328276	0.5442105532	0.09742515534	0.9538660645	0.8318757415	3.986428738
2168	0.4809583426	0.437735647	0.04322269559	0.540943563	0.09585965425	0.9587907195	0.8466221094	4.019142151
2169	0.4747518897	0.430795908	0.04395598173	0.5470873117	0.09287122637	0.9594839215	0.8479111791	4.026360989
2170	0.5011242628	0.4414446652	0.05967959762	0.5300070047	0.09611403197	0.9626629353	0.8625982404	4.032733917
2171	0.4746391177	0.4366667569	0.03797236085	0.5382670164	0.09763517976	0.9632743597	0.8692186475	4.014246464
2172	0.4565370083	0.4247190952	0.03181791306	0.5314437747	0.09826859832	0.959499836	0.8578754663	3.990893841
2173	0.4776415229	0.4491160214	0.02852550149	0.5307007432	0.1001360044	0.9560904503	0.8448578715	3.989962339
2174	0.5937631726	0.5334563255	0.0603068471	0.5491443276	0.1025912911	0.9553515315	0.8432934284	3.978596926
2175	0.5877720714	0.5416001678	0.04617190361	0.5489270687	0.1016332731	0.9535523653	0.8395184875	3.978326082
2176	0.5951797962	0.5489097834	0.04627001286	0.5422785878	0.1018708795	0.9564650655	0.8500789404	4.013400555
2177	0.5797725916	0.5368318558	0.04294073582	0.5423872471	0.1003183648	0.9590147138	0.857624054	4.034487247
2178	0.545604527	0.4734221995	0.07218232751	0.5340965986	0.0985160321	0.9614443779	0.8616690636	4.034527302
2179	0.459240675	0.4185156226	0.04072505236	0.537078023	0.098646231	0.9643810987	0.8704937696	4.016024113
2180	0.4366722703	0.403596431	0.03307583928	0.5319953561	0.09952061623	0.960196197	0.8609711528	3.998462915
2181	0.4763400555	0.4366466999	0.03969335556	0.5314640999	0.1011070386	0.9571982026	0.846003592	4.001311779
2182	0.508112669	0.4476633668	0.0604493022	0.5417453647	0.1010783836	0.9590112567	0.8483071923	3.992392063
2183	0.5227845311	0.4752466977	0.04753783345	0.5362657309	0.100263916	0.9567564726	0.8419404626	3.988374949
2184	0.5026555061	0.4624202847	0.04023522139	0.5355391502	0.1003633216	0.9601256251	0.8519351482	4.020794392
2185	0.5364822745	0.5032965541	0.03318572044	0.5438690186	0.09775771201	0.9624825716	0.8603548408	4.035771847
2186	0.54589957	0.4789766073	0.06692296267	0.5358983278	0.09662462771	0.9664029479	0.8648378253	4.032794952
2187	0.5152262449	0.4735476971	0.04167854786	0.5387637019	0.09813190997	0.9662775993	0.8673835993	4.024025917
2188	0.4919943511	0.4591226578	0.03287169337	0.5348054767	0.09969638288	0.9632485509	0.860847652	4.001039505
2189	0.5084899664	0.4870497286	0.02144023776	0.5376146436	0.1000909656	0.9569827318	0.8445455432	4.001894474
2190	0.5039862394	0.446549952	0.0574362874	0.5503801703	0.09929035604	0.9583052397	0.8425155878	3.993948698
2191	0.5317669511	0.4525719583	0.07919499278	0.5424560308	0.1016996056	0.9571713805	0.8411780596	3.986644506
2192	0.5133236647	0.4658764899	0.04744717479	0.5427030325	0.1005152166	0.9589779973	0.8485632539	4.017853737
2193	0.4785658121	0.4496852458	0.02888056636	0.5429984927	0.09535024315	0.9603866339	0.8517315388	4.029849052
2194	0.4889066219	0.4392309785	0.04967564344	0.5352753997	0.09590619057	0.9655613899	0.8611084223	4.03369236
2195	0.4465494752	0.406848371	0.03970110416	0.5411103368	0.09675840288	0.9660878778	0.8665537238	4.026195526
2196	0.4535690844	0.4173961282	0.03617295623	0.5368387103	0.09923486412	0.9624931812	0.8581699133	4.006654739
2197	0.497923404	0.4709026814	0.02702072263	0.5301070809	0.1018725112	0.9594407082	0.8483165503	4.002631664
2198	0.4532314539	0.4063568115	0.04687464237	0.5424312949	0.09896572679	0.9585033655	0.8424677253	3.988593578
2199	0.4733749628	0.4186332226	0.05474174023	0.54050529	0.09989722818	0.9564188719	0.8372972608	3.98818779
2200	0.4211845994	0.3900379539	0.03114664555	0.5424680114	0.09803573042	0.9605461955	0.851098299	4.018872738
2201	0.4478840232	0.4177398086	0.03014421463	0.5450184941	0.09704240412	0.9618611336	0.8570723534	4.034241676
2202	0.429487586	0.3821694553	0.04731813073	0.5444026589	0.09538114816	0.9653849602	0.8613715172	4.029053688
2203	0.3585885763	0.3330245316	0.02556404471	0.5398423672	0.09421406686	0.9667856097	0.8661774993	4.021520138
2204	0.3834688962	0.351144433	0.03232446313	0.5308716893	0.0978211686	0.9624678493	0.8557327986	4.010494232
2205	0.36330235	0.3469643593	0.01633799076	0.5250100493	0.09892543405	0.9577782154	0.8392661214	4.000007629
2206	0.3854935169	0.3470333517	0.03846016526	0.5376805663	0.09809238464	0.9572811127	0.8384423256	3.995535612
2207	0.4360333383	0.3824975193	0.05353581905	0.5341323018	0.1002642214	0.9555579424	0.8347809911	3.988332033
2208	0.4286951423	0.3888261914	0.03986895084	0.5356279016	0.09831890464	0.9568936229	0.8427483439	4.025547028
2209	0.3898430765	0.3527627885	0.03708028793	0.5401951075	0.09664939344	0.961691618	0.8540635705	4.028908253
2210	0.3737466335	0.3324347138	0.04131191969	0.5380956531	0.09508878738	0.9635656476	0.8563374281	4.03274107
2211	0.3309295475	0.3115602136	0.01936933398	0.5414242148	0.09442912787	0.9647088647	0.8613237739	4.02836895
2212	0.3606737256	0.344021529	0.01665219665	0.5360748172	0.09748714417	0.9609300494	0.8544972539	4.01654768
2213	0.3545077741	0.3458836377	0.008624136448	0.5356342196	0.09893233329	0.9579237103	0.842009306	3.99928236
2214	0.3548728824	0.3309620023	0.02391088009	0.5443842411	0.09861427546	0.9546717405	0.8332363367	3.986502171
2215	0.3760347962	0.342110306	0.03392449021	0.5391399264	0.1000212505	0.9503383636	0.8206580281	3.974492788
2216	0.3558893204	0.3345552683	0.02133405209	0.5392463803	0.09818889946	0.9496464729	0.8209674358	4.00946331
2217	0.3425893784	0.334820658	0.007768720388	0.5415689945	0.09652248025	0.9590773582	0.8475596309	4.02301693
2218	0.3472450078	0.3279373646	0.01930764318	0.5370774865	0.09534738958	0.9609187841	0.8520393372	4.031772614
2219	0.3309090137	0.3217350841	0.009173929691	0.5376109481	0.0957904458	0.9631791711	0.8609074354	4.02659893
2220	0.3225275278	0.3160067201	0.006520807743	0.5374819636	0.09571082145	0.9609191418	0.855689168	4.007440567
2221	0.3230177164	0.3159428239	0.007074892521	0.5308845639	0.09711574018	0.9571106434	0.8392784595	4.000458717
2222	0.325024873	0.3013074398	0.02371743321	0.5423740745	0.09764764458	0.9530159831	0.8285588026	3.986613274
2223	0.3238397539	0.2976834476	0.02615630627	0.5407706499	0.09847287834	0.9527087212	0.8266145587	3.978578806
2224	0.3128433824	0.3010363579	0.01180702448	0.5411699414	0.09714200348	0.9547258019	0.8338840008	4.013726711
2225	0.326901108	0.3223569691	0.004544138908	0.5416275859	0.09634121507	0.9592630267	0.8471095562	4.026306152
2226	0.3155091703	0.2967278659	0.01878130436	0.5405142903	0.09517073631	0.9597043395	0.8471577168	4.030936241
2227	0.2839358747	0.2732625306	0.01067334414	0.5385132432	0.09410315752	0.9617768526	0.8546158671	4.019750118
2228	0.2760253549	0.2702046037	0.00582075119	0.532533288	0.0958571285	0.9573532343	0.8440643549	4.009184837
2229	0.2895337045	0.2794549167	0.0100787878	0.5258917212	0.09758108109	0.953787148	0.8271781206	4.010576725
2230	0.297991991	0.2716873586	0.02630463243	0.5400087237	0.09939931333	0.9535824656	0.8288258314	3.989423752
2231	0.3117602766	0.2893967628	0.02236351371	0.5430842638	0.09873291105	0.9526823759	0.825507462	3.974484682
2232	0.3028233051	0.2976985574	0.005124747753	0.5410490632	0.09698001295	0.9543207288	0.8338404894	4.014140129
2233	0.2887870371	0.2915384471	-0.002751410007	0.544924438	0.09531016648	0.9541608095	0.8319193721	4.016589165
2234	0.2903659046	0.2912589014	-0.000892996788	0.5457358956	0.09216120839	0.9576060772	0.8382764459	4.025029659
2235	0.3064851761	0.2998485565	0.006636619568	0.5409941077	0.09370373189	0.9607769847	0.8510226011	4.017102242
2236	0.2916032374	0.291913569	-0.000310331583	0.5368766189	0.09596367925	0.9578638673	0.8430379033	4.005984306
2237	0.299161762	0.3027115762	-0.003549814224	0.5412412882	0.0965263173	0.9534947276	0.8288582563	3.994648933
2238	0.3365880251	0.3315145373	0.005073487759	0.5460097194	0.09648368508	0.9503957033	0.8179231286	3.984000683
2239	0.324929297	0.3113116622	0.01361763477	0.5407775044	0.09758938849	0.9492502809	0.8143600225	3.980911255
2240	0.3320192099	0.3414835632	-0.009464353323	0.5450403094	0.09614995867	0.9506716132	0.8187422156	4.010634422
2241	0.2894514501	0.3043065667	-0.01485511661	0.5440867543	0.09555076063	0.9547408223	0.8332329988	4.019295216
2242	0.2925012708	0.3003616333	-0.00786036253	0.5421420932	0.09365677088	0.9560831189	0.8364456892	4.02812767
2243	0.3016226292	0.2965961099	0.005026519299	0.5412673354	0.09571465105	0.9608799219	0.8528344035	4.017467499
2244	0.2868717313	0.283623606	0.003248125315	0.5391297936	0.09677388519	0.9592299461	0.8471162915	4.005595684
2245	0.2746925354	0.2753791809	-0.0006866455078	0.5339993834	0.09835186601	0.9542099833	0.8308625817	3.998297215
2246	0.2765724063	0.2785286307	-0.001956224442	0.5464758277	0.09859158844	0.9511829615	0.8218476176	3.977614164
2247	0.2872847021	0.2804616392	0.006823062897	0.5445712805	0.09689666331	0.9504938722	0.8197324872	3.986896276
2248	0.2864237428	0.2824382484	0.003985494375	0.5462526083	0.09529083967	0.9516687989	0.8218903542	4.003804207
2249	0.2537662387	0.2634646893	-0.009698450565	0.5471943617	0.09532400221	0.9536728859	0.8291987181	4.016400814
2250	0.2654672861	0.2695432901	-0.004076004028	0.5486229062	0.09332577884	0.954552412	0.8318865895	4.024760246
2251	0.3180654943	0.3132008612	0.004864633083	0.5395855308	0.09373728186	0.9582465887	0.8405576348	4.010106564
2252	0.30411762	0.2990499139	0.005067706108	0.5379871726	0.09618080407	0.9550555944	0.831468761	4.00806427
2253	0.2932397425	0.2921219766	0.001117765903	0.5317835212	0.09821094573	0.9524182677	0.8219196796	4.004348755
2254	0.2681014538	0.2685928941	-0.0004914402962	0.5407654047	0.09922612458	0.9512450695	0.8226337433	3.984432697
2255	0.2617386878	0.2533028126	0.008435875177	0.5373136401	0.1010033488	0.9537431598	0.8313430548	3.988590717
2256	0.2599750757	0.2575555444	0.002419531345	0.5397921801	0.09925090522	0.952555716	0.8289822936	4.009755611
2257	0.2398780137	0.239207387	0.0006706267595	0.5363150239	0.100096941	0.9532902837	0.8346514702	4.022678375
2258	0.2369933426	0.2282603085	0.008733034134	0.5398153067	0.09816089272	0.9568015337	0.8469865918	4.027572632
2259	0.234867841	0.2188519984	0.01601584256	0.5363022685	0.09961221367	0.9580373168	0.8516310453	4.024114132
2260	0.2494461238	0.232923165	0.01652295887	0.5358579159	0.1009930894	0.9576736689	0.8493782878	4.015283108
2261	0.2579950094	0.2408892959	0.01710571349	0.5351243615	0.1019682214	0.9557649493	0.8410174251	4.002011776
2262	0.252107352	0.2301667035	0.02194064856	0.5431447029	0.1041864082	0.9502379298	0.8264810443	3.988681316
2263	0.2527933121	0.2301311046	0.02266220748	0.5348667502	0.1044258028	0.949696064	0.8249211907	3.994279146
2264	0.2465702742	0.226011008	0.02055926621	0.5414048433	0.1026169211	0.9481421709	0.8208243847	4.01347208
2265	0.2359650433	0.2199279219	0.01603712142	0.5392251611	0.09907267243	0.9510522485	0.828570962	4.017836571
2266	0.2312121689	0.2115041614	0.01970800757	0.5426101089	0.09749821573	0.9535489082	0.8364556432	4.028613567
2267	0.2303763628	0.2117343247	0.01864203811	0.5377479792	0.09875714034	0.9558930993	0.8454808593	4.02645731
2268	0.2430333644	0.2257315367	0.01730182767	0.5375822783	0.1009467766	0.9572908282	0.8476572633	4.018386364
2269	0.2472395152	0.2354301214	0.01180939376	0.5333573222	0.1017637476	0.9535909295	0.8365953565	3.998667717
2270	0.2678463459	0.2561124563	0.01173388958	0.5413392186	0.1006665379	0.950463593	0.8259330988	3.985028982
2271	0.2890573144	0.2705391943	0.01851812005	0.538440764	0.1014453545	0.9489848614	0.822386682	3.989979744
2272	0.2917577326	0.2662174702	0.02554026246	0.5349997878	0.1004929543	0.9505959749	0.8295869231	4.01166296
2273	0.2884462476	0.2595120966	0.02893415093	0.5297974944	0.1000927761	0.9498912096	0.8282553554	4.027685165
2274	0.287394464	0.2697948813	0.01759958267	0.5367592573	0.09645934403	0.9527835846	0.8381535411	4.032059669
2275	0.2938725948	0.2783672214	0.01550537348	0.5306693912	0.0978088975	0.9557858706	0.8452254534	4.026056767
2276	0.3052301109	0.2886259556	0.0166041553	0.5298981071	0.09868117422	0.9544045329	0.8418905139	4.013254642
2277	0.3000107706	0.2872979343	0.01271283627	0.5273974538	0.1003480181	0.9504877925	0.8305752873	4.00398922
2278	0.3141111434	0.3048743606	0.009236782789	0.5343232751	0.1016829908	0.9480195045	0.8203814626	3.983976364
2279	0.3233475983	0.3135851324	0.009762465954	0.5329909325	0.1018938795	0.9477656484	0.8190138936	3.985898733
2280	0.3133424222	0.296708703	0.01663371921	0.5335054994	0.1022390872	0.9450499415	0.8165344	4.018062592
2281	0.3140946627	0.2909742594	0.02312040329	0.5282155275	0.10159906	0.9459400177	0.8211567402	4.034368992
2282	0.3220891356	0.2952848971	0.02680423856	0.5358014703	0.09923543036	0.9510605931	0.8365551829	4.035655975
2283	0.3240608871	0.2913058698	0.03275501728	0.5269646049	0.1019116119	0.9514120221	0.8371760249	4.034017086
2284	0.3319326639	0.3029590845	0.02897357941	0.5331913233	0.1010088921	0.9523504376	0.8374599218	4.014755726
2285	0.3324816525	0.3064029813	0.02607867122	0.5313321352	0.1023612618	0.9501703978	0.8322094679	4.008936882
2286	0.3340392113	0.3104457259	0.02359348536	0.5380817056	0.1022702083	0.9464740753	0.8199163079	3.988034964
2287	0.3425243497	0.3155345023	0.02698984742	0.5318507552	0.1050045639	0.9455559254	0.8175966144	3.994628429
2288	0.3468879163	0.3182155192	0.02867239714	0.5395778418	0.1039988846	0.9467577934	0.8204956055	4.018093109
2289	0.3412586153	0.3106938899	0.0305647254	0.5336075425	0.1012016684	0.9490675926	0.8251665235	4.027774334
2290	0.358671546	0.3197875619	0.03888398409	0.532656014	0.1006494686	0.9522612691	0.8309991956	4.03898716
2291	0.3546696305	0.3245735168	0.03009611368	0.5288938284	0.1006224379	0.9542235136	0.8363463283	4.03003788
2292	0.3523971438	0.3301828802	0.02221426368	0.5323286653	0.09995242208	0.9552515745	0.8394681215	4.020282269
2293	0.3547907472	0.3348468542	0.01994389296	0.5299056768	0.101389423	0.9510679841	0.8268382549	4.011795998
2294	0.3732728362	0.3548589945	0.01841384172	0.5380292535	0.1015910655	0.9450585246	0.8074857593	3.993955612
2295	0.3765256107	0.3568904996	0.01963511109	0.5361952186	0.1026060954	0.9446872473	0.8081509471	4.007511139
2296	0.3563199639	0.3313462138	0.02497375011	0.5325892568	0.1025372371	0.9436602592	0.8088878393	4.022696018
2297	0.3616255224	0.3396392465	0.02198627591	0.531971395	0.1013740152	0.9452573061	0.8112741113	4.032779217
2298	0.3576934338	0.3396989703	0.01799446344	0.5375140309	0.09976593405	0.9477747679	0.8179066181	4.036044121
2299	0.3714250922	0.3601565659	0.01126852632	0.5317316651	0.0984917134	0.9502207637	0.8232094646	4.024158478
2300	0.36882177	0.3535044491	0.01531732082	0.528488934	0.09876658767	0.9486629963	0.8197264671	4.021785259
2301	0.3537552953	0.3416054249	0.0121498704	0.5257168412	0.1006950736	0.9433677197	0.806286931	4.026307106
2302	0.3664457798	0.3569040895	0.00954169035	0.5313841105	0.1012945026	0.9451428652	0.8103596568	4.005740643
2303	0.3632949591	0.352088511	0.01120644808	0.5311458707	0.1023758724	0.9451255798	0.8118491173	4.008656979
2304	0.3612803817	0.3420266807	0.01925370097	0.5290928483	0.1035083905	0.9433382154	0.8104121089	4.021422386
2305	0.3582911193	0.3357095122	0.0225816071	0.5260073543	0.1031156927	0.9428306818	0.8108913898	4.040286541
2306	0.3898832202	0.3576757014	0.03220751882	0.5335070491	0.102728568	0.949757874	0.8255596161	4.040232182
2307	0.3790643811	0.3438191414	0.03524523973	0.5237839818	0.1034521461	0.9506642222	0.8299789429	4.038843632
2308	0.3862959146	0.3454373181	0.04085859656	0.524117291	0.1040837094	0.9514476061	0.832118094	4.026788712
2309	0.3951501846	0.3470800221	0.04807016253	0.5237566829	0.1061824188	0.9481292963	0.8251358271	4.021494865
2310	0.383082062	0.3452653289	0.03781673312	0.5340503454	0.1044127941	0.9482951164	0.821603775	3.998503208
2311	0.4006977975	0.3587467968	0.04195100069	0.5298606157	0.106896162	0.9476504326	0.8232819438	4.012193203
2312	0.3999609351	0.3531954587	0.04676547647	0.5320171714	0.1059268788	0.9458930492	0.8208478093	4.016151428
2313	0.3914810419	0.3443870544	0.04709398746	0.5333836675	0.103623502	0.94883883	0.826453805	4.034329891
2314	0.3801571727	0.3383365273	0.04182064533	0.5393322706	0.1012613177	0.9527093768	0.836210072	4.042456627
2315	0.384003222	0.3505164981	0.0334867239	0.5315302014	0.1013983786	0.952493012	0.8368957043	4.044903278
2316	0.3674840331	0.3361631334	0.03132089972	0.5328178406	0.1008056924	0.949939847	0.8341422081	4.024745941
2317	0.4338863492	0.4015652835	0.03232106566	0.5285980105	0.1032207161	0.9486643672	0.8271208405	4.025509357
2318	0.4388566315	0.4186350107	0.0202216208	0.5343445539	0.1018173844	0.9437977672	0.8133530617	4.003733158
2319	0.4897945821	0.464140892	0.0256536901	0.5364508033	0.1029888466	0.9440480471	0.8127715588	4.003453255
2320	0.4848174453	0.4584488273	0.02636861801	0.5338895321	0.1024426073	0.9419290423	0.8110183477	4.017053604
2321	0.4869763553	0.4552102685	0.03176608682	0.5330507159	0.1010268405	0.9410483241	0.8112335205	4.028969765
2322	0.4651199877	0.4370788932	0.02804109454	0.5367554426	0.09956914186	0.9415847063	0.8158419728	4.039585114
2323	0.452812016	0.4345354438	0.01827657223	0.5255213976	0.09876912087	0.9415924549	0.8183529377	4.049686432
2324	0.4699449539	0.4484462142	0.02149873972	0.5256129503	0.09925493598	0.9429169893	0.8206853271	4.028812408
2325	0.4895955622	0.4668976963	0.02269786596	0.522190094	0.1014715582	0.9407391548	0.8104605079	4.031210423
2326	0.5075108409	0.4943033755	0.01320746541	0.5256542563	0.1013209	0.9395164251	0.8036507368	4.022652149
2327	0.4974211752	0.4821733832	0.01524779201	0.5269153118	0.1026912853	0.9393950701	0.8053609133	4.00513792
2328	0.4894319177	0.475281775	0.01415014267	0.5299575329	0.1020050198	0.9396093488	0.8075060248	4.02518177
2329	0.5059028864	0.4755573273	0.03034555912	0.522008121	0.1027895361	0.9393492937	0.8104582429	4.047205925
2330	0.4863394797	0.4572426081	0.02909687161	0.534129262	0.1007751822	0.9408060908	0.8179050684	4.051638126
2331	0.4768417776	0.4469117522	0.02993002534	0.5199762583	0.1018601507	0.9401257038	0.8188627362	4.059229374
2332	0.4828251898	0.4445569217	0.03826826811	0.5235947967	0.1015906781	0.9394302368	0.8177386522	4.034229755
2333	0.4983400702	0.458941102	0.03939896822	0.5217354894	0.1036435664	0.9385766387	0.8130559325	4.032726765
2334	0.4871467352	0.4548906684	0.0322560668	0.5308508873	0.1021352932	0.9371666908	0.8076081872	4.010849476
2335	0.5108801126	0.4702628553	0.04061725736	0.5235184431	0.1051014364	0.9350149035	0.8090898395	4.00452137
2336	0.4865135849	0.4588467777	0.02766680717	0.5280987024	0.1023468375	0.9358510375	0.8076768517	4.018680573
2337	0.4733321667	0.4368524551	0.03647971153	0.5256542563	0.09987262636	0.9369270802	0.8115556836	4.029703617
2338	0.4822298586	0.4488205314	0.03340932727	0.5289732218	0.09854260087	0.9366718531	0.8158704638	4.04757309
2339	0.5075823665	0.4794801176	0.02810224891	0.5184072852	0.09978163987	0.9408885241	0.8225938678	4.056765556
2340	0.531077683	0.5018367171	0.02924096584	0.5217178464	0.09928076714	0.9414216876	0.8215211034	4.035988808
2341	0.5984425545	0.5714215636	0.02702099085	0.5159711242	0.1023864895	0.9408734441	0.816204071	4.036681175
2342	0.6064263582	0.5902491212	0.01617723703	0.5215921402	0.1016702428	0.9347666502	0.8098806739	4.016037941
2343	0.6080190539	0.5791041255	0.02891492844	0.5270513296	0.1029066667	0.9306858778	0.804633081	4.005336761
2344	0.6267834902	0.6031664014	0.02361708879	0.5250649452	0.1018902808	0.928553164	0.8026048541	4.02816534
2345	0.6343239546	0.5989969969	0.0353269577	0.5266230106	0.1001368612	0.9315131903	0.8084365129	4.025048256
2346	0.6410681605	0.6067205667	0.03434759378	0.5345966816	0.09882990271	0.934517622	0.8167340159	4.041849613
2347	0.6402986646	0.6165857911	0.02371287346	0.5225639343	0.09934577346	0.9354007244	0.8195146918	4.048488617
2348	0.6366289854	0.6123386621	0.02429032326	0.5234971642	0.09941467643	0.9395480156	0.8256174922	4.028243065
2349	0.638908565	0.6151013374	0.02380722761	0.5239294767	0.101083234	0.9364546537	0.8147064447	4.032073021
2350	0.6321291327	0.6239000559	0.008229076862	0.5261483192	0.09758844972	0.9334699512	0.8040674925	4.017804146
2351	0.6191827655	0.6147233248	0.004459440708	0.5326726437	0.09755600244	0.9273634553	0.7964670062	4.001982689
2352	0.6219235659	0.6223729849	-0.0004494190216	0.5335818529	0.09814865142	0.9278006554	0.8004580736	4.022656441
2353	0.6320991516	0.6187212467	0.01337790489	0.5329938531	0.09792435914	0.9252766967	0.793953836	4.028147221
2354	0.6412888169	0.624838233	0.01645058393	0.5353967547	0.09726773202	0.9359329939	0.8110164404	4.041787148
2355	0.6368180513	0.6172775626	0.01954048872	0.5238633156	0.09836420417	0.9302505255	0.8017868996	4.05021286
2356	0.6595252156	0.624257803	0.03526741266	0.5227561593	0.09945886582	0.9365175366	0.8121905327	4.030259132
2357	0.6435674429	0.617092967	0.02647447586	0.525909245	0.09966210276	0.9334711432	0.8043379188	4.028119564
2358	0.675588429	0.6586847901	0.01690363884	0.5343050361	0.09710024297	0.9297488332	0.789278388	4.008348942
2359	0.6443065405	0.6269507408	0.01735579967	0.5293099284	0.09989963472	0.9314206243	0.7984771729	4.005421162
2360	0.6401818395	0.6306166649	0.00956517458	0.5369536281	0.09908093512	0.9312019348	0.7960107923	4.018028736
2361	0.6415564418	0.6136674285	0.02788901329	0.5351778865	0.09780838341	0.926707685	0.7846451998	4.021396637
2362	0.6476224065	0.6272748113	0.02034759521	0.5302706361	0.09718743712	0.9362260699	0.8124996424	4.044816017
2363	0.6474961638	0.6283801198	0.01911604404	0.5223811865	0.09770089388	0.9341672063	0.814449966	4.054053307
2364	0.714147687	0.6873739958	0.02677369118	0.5198378563	0.1000344083	0.9328151941	0.8183425665	4.031601906
2365	0.7349668741	0.7079966664	0.02697020769	0.5207830667	0.1024423242	0.928047359	0.8116993904	4.02226305
2366	0.7278083563	0.7151066661	0.0127016902	0.5306613445	0.1030297056	0.9235890508	0.800819397	4.010250092
2367	0.7745274901	0.7499161959	0.02461129427	0.5381664634	0.1035832688	0.9131405354	0.7891876698	4.000994205
2368	0.7746427655	0.7456070781	0.02903568745	0.5348080397	0.1032950506	0.9218001366	0.8055277467	4.008934975
2369	0.7915824056	0.7544767261	0.03710567951	0.5302971005	0.1013287678	0.9200260639	0.803666532	4.021477699
2370	0.7526531219	0.7182827592	0.03437036276	0.532838285	0.1000042632	0.9298584461	0.8131245971	4.03357172
2371	0.7238426208	0.7009320259	0.02291059494	0.5255656838	0.09861764312	0.9299489856	0.816226244	4.048485756
2372	0.7348951697	0.7142896056	0.02060556412	0.5291089416	0.09888988733	0.9315747619	0.8180063963	4.026970387
2373	0.7192925215	0.7022951245	0.01699739695	0.5261241198	0.09885212034	0.9212518334	0.7981468439	4.036205769
2374	0.7343819737	0.7187413573	0.01564061642	0.5361446142	0.09886334836	0.9241813421	0.8003044128	4.010054111
2375	0.7216027379	0.7095617652	0.01204097271	0.5388229489	0.09823972732	0.9229435921	0.7985754609	3.998470068
2376	0.714954257	0.714509964	0.0004442930222	0.5390408635	0.09810481966	0.9227932692	0.7989964485	4.002615452
2377	0.7315349579	0.7249275446	0.006607413292	0.5383896828	0.09960280359	0.925557375	0.7988280058	4.015430927
2378	0.7249177694	0.7137420177	0.01117575169	0.5406703353	0.09789176285	0.9330862164	0.8105441332	4.032222748
2379	0.7323925495	0.7204887867	0.01190376282	0.530474484	0.09781514108	0.9311703444	0.8085932732	4.043168068
2380	0.7295321226	0.7130793333	0.01645278931	0.5269242525	0.09755834192	0.9266099334	0.8019207716	4.027600288
2381	0.7217257023	0.7077946663	0.013931036	0.5316998959	0.09849995375	0.9216478467	0.7897144556	4.026076317
2382	0.7189685106	0.7105223536	0.008446156979	0.541790545	0.0976447612	0.9163672328	0.7743411064	4.002462864
2383	0.7191690803	0.7116341591	0.007534921169	0.541787982	0.09798701853	0.908731997	0.7611352205	4.003316402
2384	0.73746562	0.7273948193	0.01007080078	0.5215060115	0.1035551205	0.901209414	0.7417792678	4.02429533
2385	0.7516642213	0.7367642522	0.0148999691	0.5195534825	0.1036854461	0.9002451301	0.7424381971	4.034190178
2386	0.7629879713	0.7453856468	0.01760232449	0.5220831037	0.1024304926	0.9117476344	0.7572417855	4.052266598
2387	0.7933018208	0.7770196199	0.01628220081	0.5168636441	0.1017510295	0.9134381413	0.7623745799	4.058172226
2388	0.8425013423	0.820035398	0.02246594429	0.5097830892	0.1033813283	0.9079309106	0.7545548677	4.044332504
2389	0.8718544245	0.8526543379	0.01920008659	0.5064669251	0.1044340357	0.8977160454	0.7355706096	4.036144257
2390	0.9459947944	0.9319270849	0.01406770945	0.5153155327	0.1041506231	0.8930268288	0.7252651453	4.014964581
2391	0.9983085394	0.9827740788	0.01553446054	0.5191574693	0.104399398	0.8864043951	0.7173499465	4.018548489
2392	1.007483363	0.9989873171	0.008496046066	0.4756359756	0.1083917767	0.8673633337	0.6863446236	4.044228554
2393	1.025116086	1.006540179	0.01857590675	0.4738172889	0.1091138944	0.8662929535	0.6863015294	4.060431957
2394	1.03517592	1.015020251	0.02015566826	0.4748628736	0.1079519168	0.8764350414	0.6959015131	4.07076025
2395	1.045943856	1.02500248	0.02094137669	0.4693579376	0.1071196944	0.8786456585	0.6987922192	4.07229805
2396	1.070329905	1.043906808	0.02642309666	0.4637012184	0.1085130498	0.8734548688	0.6943929195	4.063032627
2397	1.059776306	1.034111857	0.02566444874	0.4622205198	0.1093481183	0.8632207513	0.6788042784	4.055499554
2398	1.073548317	1.054344058	0.01920425892	0.4687066078	0.1090742424	0.8548849225	0.6644902229	4.039169788
2399	1.080591917	1.064753175	0.01583874226	0.472135365	0.1088657156	0.8514038324	0.6611451507	4.040686607
2400	1.092163086	1.090511084	0.001652002335	0.4261818528	0.1115582213	0.8164998889	0.6186545491	4.062975407
2401	1.071799278	1.04425633	0.02754294872	0.5340943933	0.1020329222	0.8865072131	0.7156617641	4.028911114
2402	1.103911519	1.081683278	0.02222824097	0.5288225412	0.09988097101	0.8907610774	0.7187388539	4.046769142
2403	1.140118361	1.118446946	0.02167141438	0.5231899023	0.09876002371	0.8884581327	0.7144896984	4.052019119
2404	1.114752769	1.087318659	0.02743411064	0.5160424113	0.1015779153	0.8834055066	0.7124977112	4.039587975
2405	1.08074367	1.066558599	0.01418507099	0.5148130655	0.1023874283	0.8830132484	0.7085104585	4.028923035
2406	1.075288653	1.064313412	0.01097524166	0.5207243562	0.1026835591	0.898047328	0.730645895	4.013516426
2407	1.095062733	1.076240182	0.01882255077	0.5281274915	0.1032189503	0.8923336864	0.7182536125	4.011562347
2408	1.076774836	1.062927723	0.01384711266	0.4843819737	0.1065389216	0.8674937487	0.6769180298	4.043306351
2409	1.075976968	1.046322823	0.02965414524	0.5348707438	0.1015443951	0.8975198865	0.725935936	4.025794029
2410	1.041987777	1.015492439	0.02649533749	0.5266851783	0.1025026441	0.9077404737	0.7561825514	4.048664093
2411	1.001909852	0.9807997942	0.02111005783	0.5312891603	0.1042229682	0.9020371437	0.756028831	4.052439213
2412	1.109303832	1.08677876	0.0225250721	0.5275141597	0.1007094979	0.894092381	0.7474251986	4.023047447
2413	1.102015853	1.091675162	0.01034069061	0.5256675482	0.1088571697	0.8830072284	0.7291145921	4.013845444
2414	1.122362614	1.111975193	0.01038742065	0.5322392583	0.1035785899	0.8791337013	0.7164364457	4.014347076
2415	1.199606061	1.183266163	0.01633989811	0.5344063044	0.1051552519	0.856965363	0.6973587871	4.015397072
2416	1.211505771	1.191557884	0.01994788647	0.4905069172	0.1056425124	0.859561801	0.6840055585	4.043462753
2417	1.183838129	1.137586236	0.04625189304	0.5393624306	0.1056507006	0.8909888268	0.7399355769	4.038892746
2418	1.207832336	1.161337852	0.04649448395	0.5415238738	0.1034540683	0.9065091014	0.7641013265	4.041171074
2419	1.208544016	1.178863406	0.0296806097	0.5378480554	0.1004834771	0.8988255262	0.7567017674	4.042450905
2420	1.218089461	1.192133546	0.02595591545	0.5390089154	0.1005393341	0.905236721	0.764900744	4.02794838
2421	1.184247017	1.169643879	0.01460313797	0.5334020257	0.1022516415	0.8949839473	0.7416451573	4.025957584
2422	1.193809271	1.169183493	0.0246257782	0.535687685	0.102834329	0.8960584998	0.7387634516	4.028900623
2423	1.19586575	1.174044728	0.02182102203	0.5385577083	0.1010464132	0.8911842108	0.7329999208	4.013511658
2424	1.24787426	1.236113906	0.01176035404	0.4888485372	0.1042444035	0.8666863441	0.6909233928	4.041718483
2425	1.20442605	1.18417573	0.02025032043	0.5385894179	0.101581417	0.8958845735	0.7399610877	4.032634735
2426	1.244295716	1.222230315	0.02206540108	0.539929986	0.1012348905	0.9053435326	0.7655211687	4.045443058
2427	1.268239737	1.251471162	0.01676857471	0.5418843031	0.09838164598	0.9050244093	0.7713232636	4.043640614
2428	1.278702736	1.251225114	0.02747762203	0.5320438147	0.09901802987	0.9034234881	0.7648534179	4.030141354
2429	1.221758604	1.211625338	0.01013326645	0.5280481577	0.1011197567	0.8947759271	0.7436847091	4.025032997
2430	1.211443543	1.204409719	0.007033824921	0.5352162719	0.1011855602	0.9032422304	0.750850141	4.027899265
2431	1.224832416	1.202956915	0.02187550068	0.5326128602	0.1018474773	0.8993030787	0.7448965311	4.02085495
2432	1.257801056	1.238877773	0.01892328262	0.4925707281	0.1043432429	0.8787770271	0.7071955204	4.037700176
2433	1.213269234	1.181322336	0.03194689751	0.5409780145	0.1007602215	0.9012514949	0.7468219995	4.032789707
2434	1.227855921	1.196107626	0.03174829483	0.5416318178	0.1031921729	0.9074736238	0.7733128667	4.043610573
2435	1.19573462	1.161752105	0.03398251534	0.5418056846	0.1053194627	0.9157913923	0.7857705951	4.046333313
2436	1.199668288	1.162468672	0.03719961643	0.5412267447	0.1044230834	0.9103311896	0.7794459462	4.026006222
2437	1.21558249	1.180754662	0.03482782841	0.5341150165	0.1079633087	0.9081053138	0.7669450641	4.020596027
2438	1.211962581	1.175431609	0.03653097153	0.5400395989	0.1051664948	0.9107926488	0.7670294642	4.019385815
2439	1.256965041	1.207111359	0.04985368252	0.5376428366	0.1063920781	0.9114066362	0.7635159492	4.014543056
2440	1.309360623	1.267856479	0.04150414467	0.4966497123	0.1085568368	0.8862956166	0.7259964347	4.054586411
2441	1.296256185	1.241888404	0.05436778069	0.5395581126	0.1061204374	0.9092302918	0.7655157447	4.040028095
2442	1.314161062	1.263295889	0.05086517334	0.5455858111	0.1056511775	0.916400373	0.7810950279	4.042234898
2443	1.290269375	1.242006183	0.04826319218	0.5442681909	0.1042830944	0.9216410518	0.7879040241	4.042004108
2444	1.303687692	1.2617594	0.04192829132	0.5382424593	0.1052184701	0.9300068617	0.8018223643	4.04092741
2445	1.307415724	1.255755663	0.05166006088	0.5327979922	0.107432425	0.9209691882	0.7775679231	4.034043789
2446	1.275936723	1.228851676	0.04708504677	0.5402787328	0.1051449403	0.9222529531	0.7778843641	4.032086849
2447	1.294480324	1.24270153	0.05177879333	0.5386999249	0.1049395204	0.9223504663	0.7758252025	4.014509201
2448	1.33493638	1.299003124	0.03593325615	0.491694659	0.1082509011	0.9033031464	0.7405164838	4.051070213
2449	1.320133805	1.273913622	0.04622018337	0.541741848	0.1054124981	0.9230155945	0.7758809924	4.037470818
2450	1.384937763	1.338044882	0.04689288139	0.5434766412	0.1068313569	0.9372557402	0.8037590981	4.042912006
2451	1.377054811	1.334671021	0.04238379002	0.5411697626	0.1059195176	0.9411782622	0.8145670295	4.047262669
2452	1.380954146	1.331060767	0.04989337921	0.5300825834	0.107599929	0.9398077726	0.8104093671	4.042658329
2453	1.341271162	1.306713462	0.03455770016	0.5344431996	0.1072993502	0.9313535094	0.7915192842	4.02229929
2454	1.325350761	1.287007928	0.03834283352	0.5420228243	0.1057841405	0.9336667657	0.7900941968	4.03153944
2455	1.370885491	1.307939291	0.06294620037	0.5378441215	0.1070634276	0.9342377782	0.7898523211	4.019240379
2456	1.370387077	1.314449668	0.0559374094	0.5036754608	0.1088365912	0.9153859019	0.7535302043	4.043291092
2457	1.375856519	1.308632255	0.06722426414	0.5444461703	0.1053398997	0.9338591695	0.7871083617	4.03772831
2458	1.357730269	1.312079906	0.04565036297	0.5463050008	0.1069849804	0.9408453107	0.809348762	4.044707775
2459	1.299811006	1.256276846	0.04353415966	0.5467068553	0.1072698087	0.9413012266	0.8124037385	4.049012661
2460	1.28137517	1.228093147	0.05328202248	0.5405461192	0.1091761142	0.9400351644	0.8094590306	4.03296566
2461	1.306289792	1.255316019	0.050973773	0.5347762704	0.1100256294	0.9334699512	0.7937658429	4.013075829
2462	1.316123724	1.265950322	0.05017340183	0.5395888686	0.1072513014	0.9348614812	0.7955479622	4.023290157
2463	1.307566524	1.240321398	0.06724512577	0.5403987169	0.1070881039	0.9297631383	0.78593117	4.018145084
2464	1.34333539	1.291254997	0.05208039284	0.4973982871	0.1114460602	0.9122678041	0.757012248	4.064284325
2465	1.320233345	1.259153843	0.06107950211	0.5436426401	0.1059778854	0.9316016436	0.7917192578	4.045026779
2466	1.36040771	1.308570504	0.05183720589	0.5467225909	0.1058358476	0.9355028868	0.8022230864	4.040707111
2467	1.323154688	1.284223437	0.03893125057	0.5420444608	0.104202047	0.9361534119	0.8055114746	4.050879955
2468	1.326334953	1.284228802	0.04210615158	0.5356065035	0.106183745	0.9361686707	0.8022084832	4.037073612
2469	1.325281858	1.286017776	0.03926408291	0.5333033204	0.1070547551	0.9295262098	0.7864072919	4.031294346
2470	1.331452131	1.292139888	0.03931224346	0.5356900096	0.105885312	0.9303583503	0.7843920588	4.032745361
2471	1.324970484	1.273216963	0.05175352097	0.5363695025	0.1062847078	0.9277749658	0.7772420049	4.017425537
2472	1.348816872	1.304697514	0.04411935806	0.4961304069	0.1093199402	0.9141376019	0.7530860901	4.049288273
2473	1.332049727	1.28800261	0.04404711723	0.5389972329	0.1054269895	0.9364686012	0.7962411046	4.049054623
2474	1.366569757	1.321356177	0.04521358013	0.5402346849	0.1071148589	0.9417256117	0.8113396764	4.048183441
2475	1.331438303	1.295775414	0.03566288948	0.5360444784	0.106407918	0.9399918318	0.8118053675	4.061507225
2476	1.331297517	1.299949169	0.03134834766	0.5349727273	0.1062208265	0.9429224133	0.8164765239	4.03763485
2477	1.344691634	1.326727629	0.01796400547	0.5299968123	0.1075642779	0.9378294945	0.80325526	4.030774593
2478	1.335596323	1.314713597	0.02088272572	0.5408216715	0.1061970368	0.9383603334	0.8022079468	4.027850151
2479	1.361755252	1.312809944	0.04894530773	0.5413267612	0.1066540405	0.9425098896	0.8091961741	4.015608788
2480	1.336183667	1.291401386	0.04478228092	0.5462682843	0.1047109663	0.9431589842	0.8112321496	4.023842335
2481	1.305038333	1.262711048	0.04232728481	0.5461329818	0.09909777343	0.9500285387	0.8289977312	4.039234161
2482	1.251147628	1.220883131	0.0302644968	0.5468860865	0.1020074561	0.9495465159	0.8361660242	4.046496868
2483	1.218342543	1.190921783	0.0274207592	0.5474696159	0.1027882546	0.9496657848	0.839343369	4.053565025
2484	1.201088309	1.176239729	0.02484858036	0.5469587445	0.1032890379	0.9483729005	0.8388237953	4.032939911
2485	1.219683886	1.18770957	0.03197431564	0.5440716743	0.1042594537	0.9459078908	0.8289728761	4.010097504
2486	1.227078676	1.208454132	0.01862454414	0.5535228848	0.1022827849	0.9431588054	0.815171361	4.008027077
2487	1.210641503	1.175973415	0.03466808796	0.5506561399	0.1012822092	0.9423357844	0.8182147145	3.998705864
2488	1.218025446	1.188672423	0.02935302258	0.5398456454	0.1003637537	0.9455405474	0.8286604881	4.025170803
2489	1.220644236	1.189159989	0.03148424625	0.5434058905	0.09969733655	0.945166707	0.8298524022	4.034165382
2490	1.23557806	1.204778433	0.0307996273	0.5375669599	0.1003154442	0.9495651722	0.8385689855	4.048761368
2491	1.228250027	1.199956298	0.02829372883	0.5328737497	0.1002132073	0.9519895911	0.8451586962	4.05476141
2492	1.223744392	1.199556351	0.02418804169	0.5306871533	0.1006980166	0.9534926414	0.8462403417	4.03823185
2493	1.226238608	1.196529508	0.02970910072	0.530483067	0.1008635834	0.9489617944	0.8301221132	4.029921055
2494	1.226201534	1.21285212	0.01334941387	0.5388486385	0.09723784775	0.9499732256	0.8300204277	4.021759987
2495	1.203447819	1.196123004	0.007324814796	0.5403259397	0.09696050733	0.9454389215	0.8223267794	4.015054226
2496	1.205909729	1.204748034	0.001161694527	0.5422204733	0.09705196321	0.9453983307	0.8220059276	4.032877445
2497	1.1770854	1.172958136	0.004127264023	0.5486583114	0.09751068056	0.9402351379	0.8160145879	4.034317017
2498	1.189437151	1.173045039	0.01639211178	0.5455864668	0.1000065431	0.9454222322	0.8278817534	4.043357849
2499	1.184511304	1.176899672	0.007611632347	0.5406579375	0.09939874709	0.9490075707	0.8380666375	4.05445528
2500	1.162446856	1.160190821	0.002256035805	0.5407341719	0.09977381676	0.9479458332	0.8389774561	4.044867516
2501	1.175880313	1.176298976	-0.0004186630249	0.5376656651	0.1001722664	0.9472127557	0.8279021978	4.036534786
2502	1.186661601	1.194928527	-0.008266925812	0.5509164333	0.09727741778	0.9497950673	0.8328412175	4.0248909
2503	1.202823997	1.194756866	0.008067131042	0.5478762388	0.09714568406	0.9494549036	0.8263310194	4.017550468
2504	1.223372102	1.20465672	0.01871538162	0.5492158532	0.09470852464	0.9483526945	0.8256966472	4.022308826
2505	1.196292639	1.185646653	0.0106459856	0.5438792109	0.09504498541	0.9455350041	0.826464355	4.034764767
2506	1.157293439	1.146661639	0.0106317997	0.5398865342	0.1000537872	0.9489312172	0.835739851	4.051833153
2507	1.12673533	1.120791793	0.005943536758	0.5368922353	0.1032127514	0.9513815045	0.8438597918	4.055101871
2508	1.093777657	1.094792128	-0.001014471054	0.5376172662	0.1019632816	0.945174098	0.8328090906	4.035143852
2509	1.067535639	1.057043433	0.01049220562	0.5382811427	0.1037147492	0.945266366	0.8271843791	4.026650429
2510	1.033069611	1.041856647	-0.008787035942	0.5445726514	0.1000493169	0.9433921576	0.8204751611	4.013800144
2511	0.9737458229	0.9654234648	0.008322358131	0.5438501239	0.1009982079	0.9362116456	0.8097137213	4.016311169
2512	0.9520012736	0.9570638537	-0.005062580109	0.5428696871	0.100392364	0.939017415	0.8155300617	4.03316927
2513	0.927650094	0.9290425181	-0.001392424107	0.5456833243	0.09944328666	0.9386115074	0.8199203014	4.028040886
2514	0.9276556969	0.9238234162	0.003832280636	0.5415142179	0.09982410073	0.9407486916	0.8276120424	4.047333717
2515	0.9323404431	0.9214301109	0.0109103322	0.5361659527	0.1002959535	0.941090107	0.8306257129	4.053135872
2516	0.9303241968	0.9244949818	0.00582921505	0.530164063	0.099528566	0.9401623607	0.8285505176	4.04264307
2517	0.9488832355	0.9455459118	0.003337323666	0.5331002474	0.09966828674	0.9360928535	0.8117224574	4.03595829
2518	0.931702733	0.9348013997	-0.003098666668	0.5404390097	0.09762836993	0.9351143837	0.8078641295	4.025140762
2519	0.9244319201	0.9382230043	-0.01379108429	0.5424819589	0.09723407775	0.9354053736	0.8075193763	4.010037899
2520	0.9330661297	0.9571026564	-0.02403652668	0.5420624018	0.09664863348	0.9407830834	0.8145186901	4.02651453
2521	0.9032578468	0.9245990515	-0.02134120464	0.5436416268	0.09628904611	0.937527895	0.8144201636	4.031549454
2522	0.8980937004	0.9065667391	-0.008473038673	0.5460785031	0.09894700348	0.9421364665	0.8259884715	4.042237282
2523	0.8990226984	0.9050469398	-0.006024241447	0.5441426039	0.09985076636	0.9446877837	0.838188827	4.048798561
2524	0.9039020538	0.9207285643	-0.01682651043	0.538012445	0.1004025489	0.9442612529	0.8341706395	4.039083004
2525	0.8939160705	0.915527463	-0.0216113925	0.5428566933	0.09930039942	0.9378575683	0.8228996992	4.036407471
2526	0.8905093074	0.9119233489	-0.02141404152	0.5480487943	0.09810493141	0.9406235218	0.8271287084	4.021074772
2527	0.8822290301	0.8950170875	-0.01278805733	0.548062861	0.0978840515	0.9389030933	0.8235624433	4.009653568
2528	0.9338651299	0.937831521	-0.003966391087	0.5480718017	0.09725887328	0.9474303722	0.8309088945	4.014222622
2529	0.9462427497	0.948372364	-0.002129614353	0.5488373637	0.09575134516	0.9485175014	0.8365769386	4.031184673
2530	0.9189513922	0.9218597412	-0.002908349037	0.5411016345	0.1003261879	0.9513449073	0.8428360224	4.048107147
2531	0.8880059123	0.891836822	-0.003830909729	0.5395278931	0.103489399	0.9508982897	0.84623909	4.050545692
2532	0.8951888084	0.9152277708	-0.02003896236	0.5359967351	0.102603659	0.9495026469	0.8430009484	4.036736965
2533	0.8781688213	0.8815556765	-0.003386855125	0.5395556092	0.1024510637	0.9482043386	0.8385052681	4.026865482
2534	0.8101873994	0.8218513727	-0.01166397333	0.5404478908	0.1011442989	0.9435714483	0.8270661235	4.016104698
2535	0.7437592149	0.7400574684	0.003701746464	0.542314291	0.1034132838	0.9399635792	0.8247406483	4.016170979
2536	0.7377790809	0.7601967454	-0.02241766453	0.5408293605	0.1017796844	0.9407627583	0.8262807131	4.022238731
2537	0.7166958451	0.7261559367	-0.009460091591	0.5450242758	0.101833947	0.9442588091	0.8350791931	4.025714874
2538	0.749854207	0.7555818558	-0.005727648735	0.5414973497	0.1021950692	0.9481970668	0.8394031525	4.043918133
2539	0.7435965538	0.7411569953	0.002439558506	0.5370694995	0.1028691158	0.9491599798	0.8444884419	4.042145252
2540	0.7361647487	0.7435376048	-0.00737285614	0.5332244635	0.1019376144	0.9477916956	0.8428961635	4.045287132
2541	0.7825545073	0.7824258208	0.0001286864281	0.5331026316	0.101529181	0.9479742646	0.8366810679	4.038050175
2542	0.7548415661	0.7511704564	0.003671109676	0.5392920375	0.1012750939	0.9458643794	0.8306173682	4.019331932
2543	0.7573037744	0.7725455761	-0.01524180174	0.5428964496	0.100596942	0.9429066777	0.825966239	4.00834465
2544	0.7652504444	0.7896606922	-0.0244102478	0.5450745225	0.1008195654	0.9448817372	0.8249223828	4.010233402
2545	0.7440328598	0.7682028413	-0.02416998148	0.546919167	0.1001788229	0.9470419884	0.8325428963	4.027815819
2546	0.7482296824	0.7590050697	-0.01077538729	0.5465804935	0.1013464779	0.9505255818	0.8427826166	4.044270992
2547	0.7432284951	0.7504768968	-0.007248401642	0.5470373034	0.1029160619	0.9524329305	0.8509457707	4.042133331
2548	0.7304871082	0.7412208915	-0.01073378325	0.538861692	0.102698341	0.948865056	0.8456963301	4.048052311
2549	0.7819552422	0.7944850922	-0.01252985001	0.5460645556	0.1023823991	0.9508174658	0.8431094885	4.036000729
2550	0.75534302	0.7662795782	-0.01093655825	0.5517565608	0.1022160724	0.9502207637	0.8395659924	4.019219398
2551	0.7417733073	0.7487725616	-0.006999254227	0.5511587262	0.1017167196	0.9478978515	0.8355355859	4.0139575
2552	0.7562253475	0.7624589801	-0.006233632565	0.552279532	0.100812912	0.9499242902	0.8379606605	4.010974884
2553	0.7398334742	0.7512623668	-0.01142889261	0.5499281883	0.09925501794	0.9489725828	0.8381025195	4.030749798
2554	0.7281327844	0.7356281281	-0.007495343685	0.544260025	0.1023822874	0.9493767023	0.8411922455	4.040932178
2555	0.7373235822	0.7557364702	-0.01841288805	0.5430393815	0.1028868258	0.9509128332	0.8471853137	4.040734291
2556	0.7458854914	0.7617242932	-0.01583880186	0.5360021591	0.1032648236	0.9475274086	0.8431646228	4.044604301
2557	0.7965283394	0.798245132	-0.001716792583	0.5397529006	0.1025674716	0.9462949038	0.8352848887	4.030713558
2558	0.7864016294	0.7815679908	0.004833638668	0.5420081019	0.1016247422	0.9433355927	0.8261387348	4.017018795
2559	0.7739663124	0.7630512714	0.01091504097	0.5439931154	0.1030264944	0.9400360584	0.8227412105	4.017814159
2560	0.7868735194	0.7911266088	-0.004253089428	0.5452464223	0.1020504311	0.9410802126	0.8261141181	4.019001007
2561	0.7807139158	0.7873048186	-0.006590902805	0.5466412306	0.1021805704	0.9398198128	0.8249906898	4.021211147
2562	0.7788781524	0.786996007	-0.008117854595	0.5438707471	0.1017900407	0.9401302338	0.8289659619	4.036111832
2563	0.7676352262	0.7719318867	-0.004296660423	0.5390347242	0.1027555019	0.9433175325	0.8367326856	4.037299633
2564	0.7608580589	0.7734953761	-0.01263731718	0.5341065526	0.1013662219	0.9398072362	0.8352614045	4.048921108
2565	0.7998936772	0.810141325	-0.01024764776	0.5359309316	0.09920762479	0.9371833801	0.8249920607	4.035569668
2566	0.786863327	0.7886501551	-0.001786828041	0.5380023718	0.1001759395	0.9390307665	0.8198771477	4.020403385
2567	0.7933514714	0.8143660426	-0.02101457119	0.5415508151	0.09932629019	0.9371874928	0.8170025349	4.008819103
2568	0.8163949847	0.8351073265	-0.01871234179	0.5478810668	0.1009043157	0.9471886158	0.833558321	4.016834259
2569	0.8062431812	0.8264845014	-0.02024132013	0.5490761399	0.1017597169	0.9486396313	0.8372015953	4.018918037
2570	0.800742209	0.8149098158	-0.01416760683	0.5459253192	0.1033342704	0.9517104626	0.8447540998	4.028634071
2571	0.7443445325	0.7537333369	-0.009388804436	0.5437939167	0.1040856391	0.9467766285	0.8423344493	4.030740738
2572	0.741034925	0.7527741194	-0.01173919439	0.5384726524	0.1038447022	0.9455047846	0.8436950445	4.043075562
2573	0.7748886347	0.7854673266	-0.01057869196	0.5398551822	0.1012486815	0.9469495416	0.8398028612	4.036178112
2574	0.7741766572	0.7767586708	-0.002582013607	0.5425879955	0.1012981385	0.9461106658	0.831045866	4.025948524
2575	0.7668396235	0.7740607262	-0.007221102715	0.5507920384	0.1022364646	0.9439682961	0.830488503	4.012061119
2576	0.8024184108	0.8022731543	0.0001452565193	0.5510869622	0.1013934761	0.94834584	0.8363813758	4.016289234
2577	0.8247691393	0.8258897066	-0.001120567322	0.5518265367	0.09989728034	0.9495194554	0.8385668397	4.029000759
2578	0.8272221684	0.8302465081	-0.003024339676	0.5445359349	0.1039235815	0.9532122612	0.845274508	4.04101944
2579	0.8183267713	0.8239542842	-0.005627512932	0.5409213901	0.1058278903	0.9530035853	0.8454303741	4.038446903
2580	0.83701545	0.8459670544	-0.008951604366	0.5424591303	0.1063042507	0.9512178302	0.8450264931	4.037042618
2581	0.8645163178	0.8582718372	0.00624448061	0.5398859382	0.1032499447	0.9467348456	0.8350194097	4.027987957
2582	0.8797787428	0.866704762	0.01307398081	0.5438383818	0.1033665985	0.945458293	0.8273931146	4.021287918
2583	0.8888012767	0.8829499483	0.005851328373	0.5468018651	0.1041486412	0.9433073997	0.8291556835	4.010018349
2584	0.9071273804	0.8996047974	0.007522583008	0.5452952981	0.1048242599	0.9469469786	0.8349612951	4.022044659
2585	0.9143885374	0.9070855379	0.007302999496	0.5473459959	0.1055967584	0.9476265907	0.8381149769	4.025911331
2586	0.9252552986	0.917746067	0.007509231567	0.5437584519	0.1060231328	0.9489550591	0.8400656581	4.030001163
2587	0.9190762043	0.9125370979	0.006539106369	0.541672945	0.1064024866	0.9521307349	0.845887661	4.031562805
2588	0.9006785154	0.896939218	0.00373929739	0.5346153975	0.1049632356	0.951736927	0.8462591767	4.041163921
2589	0.9345492125	0.9300398827	0.004509329796	0.5377852917	0.1015076861	0.9488452077	0.8352246881	4.028048038
2590	0.9179810882	0.9110246301	0.006956458092	0.5364812613	0.1019233614	0.9458701611	0.8274968266	4.024349213
2591	0.9383459687	0.9524952769	-0.0141493082	0.545832634	0.1036091894	0.946005404	0.8301917315	4.007415295
2592	0.9697592854	0.9839141369	-0.01415485144	0.5505946279	0.1051463932	0.9523112178	0.8414803743	4.018190861
2593	0.9303814173	0.9467057586	-0.0163243413	0.5486118197	0.1062801331	0.9506322742	0.8403897882	4.022034645
2594	0.9235730767	0.9259371161	-0.002364039421	0.5445970893	0.1070580855	0.952504456	0.8451647162	4.023989201
2595	0.8746393323	0.8763545752	-0.001715242863	0.5428732038	0.1073910147	0.9503417015	0.8452467322	4.029702663
2596	0.8721413612	0.8705709577	0.001570403576	0.5395154357	0.1070299968	0.9514137506	0.8475391865	4.041916847
2597	0.8646316528	0.8666982055	-0.002066552639	0.5362975001	0.1033497453	0.9459053278	0.83753407	4.031050682
2598	0.871026814	0.8693410158	0.001685798168	0.5374299884	0.1038646549	0.9432879686	0.8275434375	4.023034573
2599	0.8871743083	0.8884540796	-0.001279771328	0.5444138646	0.1053134501	0.9457302094	0.8345983624	4.01250124
2600	0.9124206305	0.9150415063	-0.002620875835	0.5512989163	0.1044845581	0.9501074553	0.8425586224	4.019696236
2601	0.9218319654	0.9223297834	-0.0004978179932	0.5494633913	0.1035973355	0.9505007863	0.8422492146	4.036358356
2602	0.9219771624	0.9219630957	1.406669617e-05	0.54739362	0.1029305235	0.9503612518	0.8440483809	4.032856941
2603	0.9319092035	0.9446903467	-0.01278114319	0.5469887853	0.1042837724	0.9517918825	0.8480353355	4.040473461
2604	0.9274644256	0.938759923	-0.01129549742	0.5387352705	0.104590334	0.9471307397	0.8425953984	4.044243813
2605	0.9779869914	0.9810554981	-0.003068506718	0.535054028	0.1012704968	0.9379563928	0.8285883069	4.036854267
2606	1.037127018	1.031310797	0.005816221237	0.5379473567	0.1020197719	0.9358556867	0.8205110431	4.022280216
2607	1.093005419	1.091148376	0.001857042313	0.5448319316	0.1021965221	0.9353998899	0.8237118721	4.010816097
2608	1.143596053	1.134110332	0.009485721588	0.5455003977	0.1027655154	0.9380484223	0.8274501562	4.022778511
2609	1.159466386	1.150850892	0.008615493774	0.5440255404	0.1017464027	0.9373262525	0.828240633	4.032132626
2610	1.17216599	1.169623375	0.002542614937	0.5391840935	0.1001263782	0.9368331432	0.828876853	4.03635025
2611	1.135249138	1.147247672	-0.0119985342	0.5425367951	0.1014157608	0.9386811852	0.834036231	4.043364048
2612	1.117235303	1.135604858	-0.01836955547	0.5383231044	0.1011802703	0.9408194423	0.8359071016	4.047086239
2613	1.132274389	1.148819685	-0.01654529572	0.5379892588	0.09837146848	0.9298903346	0.8207813501	4.037675381
2614	1.156764746	1.158257008	-0.001492261887	0.5346391797	0.09890246391	0.923710227	0.805803299	4.023028851
2615	1.156885386	1.176136255	-0.01925086975	0.5445252657	0.09930337965	0.9304378033	0.8185988665	4.008246899
2616	1.161738753	1.18656373	-0.02482497692	0.5487424731	0.09981822968	0.9327756166	0.823567152	4.026436329
2617	1.14640975	1.165133238	-0.01872348785	0.5450513363	0.09952944517	0.9284740686	0.8186278343	4.041826725
2618	1.12403357	1.142958999	-0.01892542839	0.5367550254	0.09918431193	0.9231843352	0.8166239858	4.042399883
2619	1.097545028	1.123835444	-0.02629041672	0.5390474796	0.1000643671	0.9234827161	0.8207899928	4.055876732
2620	1.094733715	1.127436042	-0.03270232677	0.5392881036	0.1002401635	0.9300424457	0.8299709558	4.052125454
2621	1.104169965	1.128883362	-0.02471339703	0.5363510251	0.09894078225	0.9309732318	0.8248329163	4.041352272
2622	1.133637428	1.142889142	-0.009251713753	0.5376738906	0.0990178138	0.9259111285	0.812743485	4.024980068
2623	1.139995456	1.155013323	-0.01501786709	0.5459583998	0.1004749611	0.9377812743	0.8314614296	4.012707233
2624	1.177604318	1.18934381	-0.01173949242	0.5490840077	0.1003172547	0.9438241124	0.8371397853	4.024083614
2625	1.209530473	1.200689673	0.008840799332	0.5481088161	0.09808605909	0.941200912	0.829988122	4.047863483
2626	1.236922622	1.225040197	0.01188242435	0.5370370746	0.09882237017	0.9447800517	0.8368852735	4.047774315
2627	1.224836588	1.243843675	-0.01900708675	0.5434114337	0.1008927152	0.9492750764	0.8463029265	4.050889015
2628	1.195484161	1.230972171	-0.03548800945	0.542727828	0.101958558	0.9500988722	0.8500307798	4.045779705
2629	1.212352157	1.237841129	-0.02548897266	0.5405073166	0.09936013818	0.9440715313	0.8406702876	4.040305138
2630	1.293543458	1.292997479	0.0005459785461	0.5341676474	0.09868402779	0.9383326173	0.8249579668	4.025865555
2631	1.300464034	1.31002593	-0.009561896324	0.5444520712	0.09997127205	0.9429428577	0.8348870277	4.017391205
2632	1.299919009	1.308127046	-0.008208036423	0.5460855961	0.1022893935	0.9468460083	0.840382874	4.025223255
2633	1.317683458	1.315743446	0.001940011978	0.5408428907	0.09972333908	0.945058465	0.8368105888	4.041997433
2634	1.340041399	1.330482483	0.009558916092	0.5353361964	0.098838076	0.946102798	0.8399556279	4.044528008
2635	1.305430293	1.318973422	-0.01354312897	0.5419952273	0.0992898047	0.9482156038	0.846616447	4.05177021
2636	1.262793183	1.295719147	-0.0329259634	0.5460655093	0.09962876886	0.9495151043	0.8514650464	4.051064014
2637	1.266252041	1.290067911	-0.02381587029	0.5478948355	0.09842240065	0.9472540617	0.8440602422	4.045406818
2638	1.301241517	1.294576883	0.006664633751	0.5487307906	0.09789807349	0.9357631207	0.8142672777	4.024080276
2639	1.352463365	1.365182757	-0.01271939278	0.5526896119	0.09854856133	0.9454320073	0.8293531537	4.015983582
2640	1.389756203	1.404263973	-0.01450777054	0.5487417579	0.1017589346	0.9545717835	0.848302722	4.025749683
2641	1.339567423	1.351073503	-0.01150608063	0.5458741188	0.100698106	0.9517388344	0.8450659513	4.037777901
2642	1.306631684	1.303679466	0.002952218056	0.5381454825	0.1009096056	0.9492875934	0.8421328664	4.04042244
2643	1.269376159	1.283468008	-0.01409184933	0.5421355367	0.1018231139	0.9525836706	0.8540035486	4.054772377
2644	1.194900274	1.237005353	-0.0421050787	0.5439695716	0.1019283012	0.9527630806	0.8595045805	4.055231571
2645	1.205742836	1.244467974	-0.03872513771	0.545874536	0.09978920966	0.9519917369	0.855964005	4.0478549
2646	1.280327797	1.289979815	-0.009652018547	0.5434892774	0.09874124825	0.9473493695	0.8420894146	4.032009602
2647	1.348219872	1.36248982	-0.01426994801	0.5486847758	0.09979492426	0.9521738887	0.8492929339	4.022167206
2648	1.364857674	1.377857685	-0.01300001144	0.5519878864	0.1010316536	0.9540509582	0.8544077873	4.031495094
2649	1.35950911	1.350878	0.008631110191	0.543695569	0.1000498906	0.9517189264	0.8511390686	4.04483223
2650	1.274947524	1.257392526	0.0175549984	0.5410043597	0.1021203324	0.9512000084	0.8470233679	4.044830799
2651	1.195425987	1.203936458	-0.00851047039	0.5461004972	0.105212152	0.9568808675	0.8596001863	4.056121349
2652	1.062648058	1.092474103	-0.02982604504	0.5492185354	0.1066517681	0.9519711733	0.8574393392	4.046569824
2653	1.041212559	1.050762415	-0.009549856186	0.5488324761	0.105644986	0.9512110353	0.8550263643	4.034677029
2654	1.032770276	1.032688498	8.177757263e-05	0.544446826	0.106552951	0.9479444623	0.8451468945	4.024887562
2655	1.020956874	1.030929804	-0.009972929955	0.5474826097	0.1058011428	0.9480189085	0.8448975086	4.022650242
2656	1.006217718	1.013678908	-0.007461190224	0.5471111536	0.1079051122	0.9516025782	0.8497864008	4.022145748
2657	0.9761310816	0.9694140553	0.006717026234	0.5439326167	0.1082189903	0.951233983	0.8530791402	4.037344933
2658	1.027437568	1.013055325	0.01438224316	0.5432882905	0.1078675687	0.9525710344	0.8509226441	4.043776512
2659	1.04156661	1.031124711	0.0104418993	0.5472152829	0.1085383222	0.9569475055	0.8622561097	4.047571659
2660	0.9801977277	0.9888004065	-0.008602678776	0.5475375652	0.1064506397	0.9501745105	0.8578699231	4.048913002
2661	1.057055712	1.062138796	-0.005083084106	0.5462197661	0.1063896045	0.9541825056	0.8578460217	4.039063454
2662	1.05141747	1.043121934	0.008295536041	0.5446715951	0.1061256826	0.9461886883	0.8413510919	4.030748367
2663	1.068648219	1.071731329	-0.003083109856	0.5484871864	0.1052310243	0.9482216835	0.8465791345	4.022049427
2664	1.068444371	1.079453349	-0.01100897789	0.549318552	0.1078599319	0.9522138238	0.8541018367	4.019184113
2665	1.071837425	1.07133615	0.0005012750626	0.5439335704	0.1067008302	0.952511847	0.8522416949	4.037328243
2666	1.068190455	1.056684256	0.01150619984	0.5407238007	0.1081305444	0.9513010383	0.8498156667	4.034315586
2667	1.061889172	1.053518534	0.008370637894	0.5428000689	0.1096708179	0.9551182985	0.8610037565	4.045001507
2668	1.015027881	1.015777946	-0.0007500648499	0.5427697301	0.1098537892	0.9526289105	0.8606573939	4.052556992
2669	1.04791522	1.051686764	-0.003771543503	0.5473055243	0.1085684896	0.9544089437	0.8624076843	4.046652794
2670	1.047422409	1.049950957	-0.002528548241	0.5459375978	0.1085260287	0.949367404	0.8497377038	4.036040306
2671	1.078288078	1.075720549	0.002567529678	0.5505711436	0.1091794744	0.9532189965	0.8549472094	4.024495125
2672	1.111275673	1.099215746	0.01205992699	0.5507805943	0.1086809412	0.9569119215	0.8593144417	4.026979446
2673	1.131039262	1.106486559	0.0245527029	0.5449273586	0.1080180332	0.957361877	0.8586241603	4.041367531
2674	1.065926194	1.03670907	0.02921712399	0.5442939401	0.1096375808	0.9546763897	0.8549203277	4.047550678
2675	1.099927783	1.078360438	0.02156734467	0.5511513352	0.1129408479	0.9606195092	0.8681522608	4.049070358
2676	0.9969400764	0.9893181324	0.007621943951	0.5504143834	0.1125677004	0.9573941231	0.8642739654	4.048586845
2677	1.003432155	0.9880483747	0.01538378	0.5501490235	0.1115340814	0.9571550488	0.8623265624	4.036791325
2678	0.9327952266	0.9283679724	0.0044272542	0.5480451584	0.1111313701	0.9523827434	0.8501847386	4.025537014
2679	0.8662447333	0.8641889691	0.002055764198	0.5485580564	0.1112163886	0.9503142834	0.8490864038	4.030477047
2680	0.8460769653	0.8489652276	-0.002888262272	0.5460563302	0.1139379889	0.95286268	0.8513013124	4.027183533
2681	0.8131181598	0.8068285584	0.006289601326	0.5414808393	0.112567246	0.9534768462	0.8534209728	4.032218933
2682	0.8122557402	0.7919724584	0.0202832818	0.5439482927	0.1111875251	0.9554949403	0.8562248945	4.044579029
2683	0.8251959682	0.8050572276	0.02013874054	0.5485082269	0.1107712686	0.9574543238	0.8640716076	4.052271843
2684	0.7729587555	0.7626866102	0.01027214527	0.5486940145	0.1094729677	0.9548680186	0.8625344038	4.053065777
2685	0.8067396283	0.7988655567	0.007874071598	0.5484625697	0.1069868281	0.9539869428	0.8582989573	4.047134876
2686	0.7779461145	0.7741318941	0.003814220428	0.5486292839	0.1057594195	0.948715508	0.8429062366	4.034374237
2687	0.7672531605	0.7684411407	-0.001187980175	0.5475752354	0.1056692004	0.949329257	0.8452280164	4.029771328
2688	0.7619447112	0.7722066045	-0.01026189327	0.5452526808	0.1080047935	0.9522781372	0.8492808342	4.021253109
2689	0.7677598596	0.7712927461	-0.003532886505	0.5438274741	0.1075542569	0.9525127411	0.8504184484	4.030175686
2690	0.7393118739	0.7343420386	0.004969835281	0.5404432416	0.1083664298	0.950278163	0.8473370075	4.028306007
2691	0.7909849286	0.779563725	0.01142120361	0.544896245	0.1096916422	0.9559084773	0.8608351946	4.054351807
2692	0.7761049867	0.7696501613	0.006454825401	0.5419042706	0.1097581014	0.9563843012	0.8631955981	4.051804543
2693	0.7552028298	0.750389576	0.00481325388	0.5479851961	0.1077966467	0.9529725313	0.8584728241	4.048420906
2694	0.7472670674	0.7517470717	-0.004480004311	0.5439302921	0.1070280746	0.9504027367	0.8473318219	4.036280155
2695	0.7494882941	0.7504361868	-0.0009478926659	0.5429029465	0.1065841392	0.9488579631	0.8432084918	4.033409119
2696	0.7667167187	0.7669558525	-0.0002391338348	0.5465967059	0.1076109633	0.9555254579	0.8540703654	4.019620419
2697	0.7563000917	0.7450167537	0.01128333807	0.5489241481	0.1066258401	0.9543858767	0.8525599241	4.033051968
2698	0.7242525816	0.7141034007	0.01014918089	0.5465194583	0.109469153	0.948784411	0.8435020447	4.035718918
2699	0.8085975647	0.8048135638	0.003784000874	0.5477668643	0.110995546	0.9506787062	0.8513964415	4.048319817
2700	0.7645494342	0.7694569826	-0.004907548428	0.5466445088	0.1091499329	0.9425624609	0.8434877992	4.044119835
2701	0.784504652	0.7703524828	0.01415216923	0.5484205484	0.1075229272	0.9421015978	0.8416453004	4.032122135
2702	0.7753171325	0.7628804445	0.01243668795	0.5425909162	0.1070755124	0.9379457831	0.8313085437	4.026987076
2703	0.7847043872	0.775511086	0.009193301201	0.5393084884	0.107832633	0.9338762164	0.826559782	4.032464027
2704	0.7672942281	0.7775159478	-0.01022171974	0.5364103913	0.1100010425	0.9338822365	0.8290701509	4.021701336
2705	0.7285631895	0.7373207808	-0.008757591248	0.5399954915	0.1089704856	0.9337370992	0.8285598755	4.022849083
2706	0.7152699828	0.7147144675	0.0005555152893	0.5449396372	0.1090457439	0.9364714622	0.8311864734	4.027671337
2707	0.7507600784	0.7416810393	0.009079039097	0.5441644788	0.1077703536	0.9341253638	0.8331044316	4.043300629
2708	0.7385733128	0.7282357216	0.01033759117	0.5424207449	0.106765613	0.9314305186	0.8303019404	4.049910069
2709	0.7612788081	0.7510123849	0.01026642323	0.5430065393	0.1046621799	0.9285832644	0.8252184987	4.041178226
2710	0.7296108603	0.72685498	0.002755880356	0.5403125882	0.103694953	0.9197127819	0.8106573224	4.035306454
2711	0.7405051589	0.7502039075	-0.009698748589	0.5344747901	0.1040968075	0.9173442125	0.8060172796	4.027512074
2712	0.733258009	0.7629717588	-0.02971374989	0.5346160531	0.1051080897	0.9149454236	0.8078372478	4.022601604
2713	0.7460984588	0.7815592885	-0.03546082973	0.5391162634	0.1058101431	0.9171897173	0.8103489876	4.020354271
2714	0.7356769443	0.7646160126	-0.02893906832	0.540360868	0.1064861417	0.9161376953	0.8095551729	4.020123959
2715	0.7531145811	0.7632756829	-0.01016110182	0.5390328765	0.1087105051	0.9253306389	0.8216093779	4.038968563
2716	0.7671647072	0.7801808715	-0.0130161643	0.5366211534	0.1067239568	0.9096563458	0.8075482249	4.048593521
2717	0.7744855285	0.7885180712	-0.01403254271	0.5356316566	0.1044624671	0.9075459242	0.8047195673	4.044047832
2718	0.7558264136	0.7733361125	-0.01750969887	0.5304962397	0.1044079587	0.9050607085	0.796436131	4.038849354
2719	0.7658826113	0.7832596302	-0.01737701893	0.5328779221	0.1057966873	0.9069324732	0.7960348725	4.029673576
2720	0.7245050073	0.752294004	-0.0277889967	0.5348767638	0.1077599525	0.9131331444	0.8055907488	4.022415161
2721	0.753346324	0.7851712108	-0.0318248868	0.5416595936	0.1059159562	0.909463346	0.8059074879	4.020018578
2722	0.7668071985	0.7958868146	-0.02907961607	0.5380479097	0.1080466583	0.9038902521	0.7951822877	4.022908688
2723	0.7892134786	0.8083837628	-0.01917028427	0.5392241478	0.1093857959	0.9049149752	0.7971565723	4.037250996
2724	0.7726527452	0.7760872841	-0.003434538841	0.5326810479	0.1083503813	0.9013578296	0.7931560278	4.040863037
2725	0.7541133165	0.7605935931	-0.006480276585	0.5277540088	0.1049911156	0.9003027678	0.7923266292	4.034300804
2726	0.7182171941	0.7276003361	-0.009383141994	0.5182626843	0.1049388051	0.893132329	0.7780541778	4.042963028
2727	0.7396261692	0.7585858107	-0.01895964146	0.5205153227	0.1050030515	0.8946070075	0.7789776921	4.033155918
2728	0.7130624056	0.7490540743	-0.0359916687	0.5281563997	0.1056622192	0.9002260566	0.7894119024	4.021560192
2729	0.7157818675	0.7538309693	-0.03804910183	0.534719646	0.1048298329	0.9054211378	0.7972245216	4.024135113
2730	0.7233248949	0.7484631538	-0.02513825893	0.5404525995	0.1054390967	0.9009848237	0.7916554809	4.029487133
2731	0.7280936241	0.737509191	-0.009415566921	0.5360258222	0.1081018075	0.9080703259	0.8012961149	4.041364193
2732	0.7539792657	0.7624194622	-0.008440196514	0.5296489596	0.1074129194	0.9011466503	0.7914453149	4.038673401
2733	0.7651974559	0.7787867785	-0.01358932257	0.5315737724	0.105722174	0.8977957368	0.7873861194	4.032348156
2734	0.7412835956	0.7629070282	-0.02162343264	0.5213800669	0.1048463061	0.8934717774	0.7781437635	4.03912735
2735	0.7501218915	0.7746812701	-0.02455937862	0.5208709836	0.1052523553	0.8974320292	0.7818626165	4.029256821
2736	0.7319340706	0.7772208452	-0.04528677464	0.5300306678	0.107742548	0.9054269195	0.7935770154	4.0209589
2737	0.7745807171	0.8181726336	-0.04359191656	0.5305626988	0.1063147634	0.9058241844	0.797706306	4.025640011
2738	0.7423996925	0.7680569887	-0.02565729618	0.5329738855	0.1090680659	0.9133321643	0.8066188097	4.031237125
2739	0.7631592751	0.7678694129	-0.004710137844	0.5276787877	0.1110406369	0.922794342	0.8184332252	4.046730518
2740	0.7484430671	0.7505421638	-0.002099096775	0.5179091692	0.1116267294	0.9194486737	0.8089415431	4.039359093
2741	0.7491181493	0.7493439317	-0.0002257823944	0.5211971402	0.1094156131	0.9176718593	0.8058981299	4.033421516
2742	0.7381653786	0.7515318394	-0.0133664608	0.5170329809	0.1089279428	0.9136196971	0.7981103063	4.037569523
2743	0.768404305	0.7819128633	-0.01350855827	0.5209018588	0.1094988063	0.9158740044	0.7994918823	4.02560091
2744	0.7349216938	0.7655174732	-0.03059577942	0.5248929858	0.1101140752	0.9213776588	0.808190465	4.020587921
2745	0.7076607943	0.7325665355	-0.02490574121	0.534992516	0.1082674786	0.9316071272	0.8223224878	4.032561302
2746	0.6705576181	0.6784369349	-0.007879316807	0.5386117101	0.1096147671	0.9301320314	0.8224608302	4.041321754
2747	0.6936540604	0.6809524298	0.01270163059	0.537337184	0.1110641807	0.9342827797	0.8319986463	4.046197891
2748	0.6843141317	0.6709085107	0.01340562105	0.5333083868	0.111217916	0.9325520396	0.8244370222	4.035540104
2749	0.6880072355	0.6814403534	0.006566882133	0.5264492035	0.1078060046	0.9285460711	0.8180643916	4.034029484
2750	0.6681336164	0.6780155301	-0.009881913662	0.5230478048	0.106443122	0.9245556593	0.8100274205	4.03772974
2751	0.6753179431	0.6823403239	-0.007022380829	0.5329522491	0.1061191335	0.9275078773	0.8145130873	4.028774261
2752	0.6714462042	0.6966495514	-0.02520334721	0.5304891467	0.1052582711	0.9315766692	0.820826292	4.028734207
2753	0.6642256975	0.6813027263	-0.01707702875	0.5404671431	0.1050124988	0.9356608391	0.8250707984	4.039705276
2754	0.6426585913	0.6403290629	0.002329528332	0.5449416637	0.1070901304	0.9349560738	0.8235341907	4.048867226
2755	0.6598478556	0.6413564086	0.01849144697	0.5448134542	0.1101578549	0.939909339	0.8319954872	4.047869205
2756	0.6613254547	0.6523102522	0.009015202522	0.5427881479	0.110663116	0.9357594252	0.8209545612	4.032962322
2757	0.667463243	0.6722028852	-0.004739642143	0.5383958817	0.1078892127	0.9293821454	0.8119236231	4.027685165
2758	0.6482184529	0.6598735452	-0.01165509224	0.530182004	0.1062282622	0.9246106744	0.7997658253	4.033353329
2759	0.6467944384	0.6581548452	-0.01136040688	0.5322139859	0.1058911905	0.9273196459	0.8022482991	4.028864384
2760	0.6304011941	0.6626318693	-0.03223067522	0.5372179747	0.1056941673	0.9313906431	0.8100034595	4.027288914
2761	0.6384026408	0.6647390723	-0.0263364315	0.540368259	0.1057171822	0.9395865202	0.8258477449	4.032008171
2762	0.6012914777	0.6077256203	-0.00643414259	0.5448044538	0.1077625528	0.9393696785	0.8330302238	4.035265446
2763	0.6204355955	0.6162338853	0.004201710224	0.543302536	0.1094762236	0.9425042272	0.8405760527	4.045535088
2764	0.6430305243	0.6442663074	-0.0012357831	0.5381639004	0.1094257012	0.9381228685	0.8313033581	4.032599449
2765	0.667165935	0.6659245491	0.001241385937	0.5343084335	0.1070380062	0.9357023835	0.8251039386	4.024973869
2766	0.6534293294	0.6564059258	-0.002976596355	0.5251213908	0.1077009812	0.9317201972	0.8159842491	4.030406952
2767	0.663721323	0.6742007136	-0.01047939062	0.5297630429	0.1062379703	0.9288628101	0.8109141588	4.024985313
2768	0.6285741925	0.6563626528	-0.02778846025	0.5343862772	0.1049356461	0.931673944	0.8151317835	4.026145458
2769	0.6113580465	0.621640861	-0.0102828145	0.5448514223	0.10316585	0.9429667592	0.8302831054	4.036029816
2770	0.5829952955	0.5780248046	0.004970490932	0.5492063761	0.105725728	0.9433045387	0.8365792036	4.040886402
2771	0.5950921178	0.5884529352	0.006639182568	0.5456825495	0.1090799645	0.9465111494	0.8445193768	4.042467117
2772	0.5950587392	0.5929263234	0.002132415771	0.5455241799	0.1088174433	0.9406112432	0.8326630592	4.026332378
2773	0.6159094572	0.6133838296	0.002525627613	0.5377800465	0.1058748215	0.9385257959	0.8281950951	4.018813133
2774	0.6171594262	0.6187754273	-0.001616001129	0.5282570124	0.1051391065	0.9354355335	0.819319129	4.024354458
2775	0.617980659	0.6197488904	-0.001768231392	0.530058682	0.1051125899	0.9362935424	0.8205838203	4.025248051
2776	0.6033487916	0.6219841838	-0.01863539219	0.5328859091	0.1052362025	0.9379296303	0.8248361945	4.029121876
2777	0.5912121534	0.603402853	-0.01219069958	0.5365665555	0.1037518978	0.9422413707	0.8297543526	4.039205551
2778	0.5875032544	0.5777267218	0.00977653265	0.5467686653	0.1052492112	0.9452880025	0.8386400342	4.048060417
2779	0.5966122746	0.585380435	0.01123183966	0.5461487174	0.1058261544	0.9470471144	0.8453303576	4.052958488
2780	0.6308121681	0.6188127398	0.01199942827	0.5479611158	0.1086686999	0.9480952024	0.8412659764	4.035755157
2781	0.6462788582	0.6484581232	-0.002179265022	0.5421810746	0.106359981	0.944396615	0.8326899409	4.02563858
2782	0.6393620372	0.6486918926	-0.009329855442	0.5328662992	0.1058630049	0.9395041466	0.8206110597	4.031776905
2783	0.6373767257	0.6519707441	-0.01459401846	0.5379496813	0.1053851023	0.9399228692	0.82197541	4.02400732
2784	0.625911653	0.6530202627	-0.02710860968	0.5446332693	0.1053002924	0.9392880201	0.8245390058	4.024691582
