sample	stable_mse	final_mse	gain	mapping_gate	shape_gate	scale_gate	shift_gate	pattern_entropy
0	0.9437230229	0.9346765876	0.009046435356	1	0.1728865206	0.950006187	0.7418040037	4.027280331
1	0.9125695229	0.894203186	0.01836633682	1	0.1756710857	0.9540923834	0.7530215383	4.045116425
2	0.9148660302	0.8918827772	0.022983253	1	0.1791309118	0.9620207548	0.7717610598	4.065749168
3	0.9412099719	0.9012566805	0.03995329142	1	0.1799009591	0.9641539454	0.7767056227	4.051082611
4	0.9785082936	0.9282535315	0.05025476217	1	0.1798674315	0.9633374214	0.7745440602	4.015050411
5	1.002552986	0.9449871778	0.0575658083	1	0.1770555675	0.9605154991	0.7652934194	4.017996788
6	0.9684502482	0.9079294801	0.06052076817	1	0.1825096458	0.9590167999	0.7602190375	4.006528378
7	0.9652460814	0.921810329	0.04343575239	1	0.1819418222	0.9526255727	0.7439175844	4.026267529
8	0.953579843	0.9428551793	0.01072466373	1	0.1762773246	0.956299901	0.7567084432	4.043961525
9	0.9017822742	0.8852923512	0.016489923	1	0.1773546487	0.955586493	0.7541233897	4.0365448
10	0.903065443	0.8839839697	0.01908147335	1	0.1799561679	0.961468935	0.7681661248	4.054404736
11	0.9191756248	0.8864642382	0.03271138668	1	0.1827922761	0.9654679894	0.7783910036	4.053682327
12	0.9325211644	0.9131678343	0.01935333014	1	0.1794194877	0.9626423717	0.7695468664	4.026139736
13	0.9655196071	0.9350333214	0.03048628569	1	0.1771017015	0.9603155851	0.7643908262	4.026329994
14	0.9797938466	0.9478552938	0.03193855286	1	0.1792561263	0.9571713805	0.7559304237	4.020336151
15	0.9596611857	0.9369014502	0.02275973558	1	0.1816444546	0.9533986449	0.7448865175	4.034680843
16	0.9554873705	0.9450883269	0.01039904356	1	0.1812975705	0.952072978	0.744266212	4.037587643
17	0.9601147771	0.9350444078	0.02507036924	1	0.1787257791	0.9519276619	0.7481568456	4.036927223
18	1.003739595	0.9762490392	0.02749055624	1	0.1784657985	0.9590651393	0.764857769	4.059633255
19	1.020020843	0.9754956365	0.04452520609	1	0.1796349883	0.9639313817	0.7770565748	4.056912899
20	1.032752752	0.9936606884	0.0390920639	1	0.1780123413	0.9595276713	0.7670994997	4.031330585
21	1.064227462	0.9984016418	0.06582581997	1	0.1756305248	0.9610710144	0.7685081959	4.030779362
22	1.035681129	0.9708468318	0.0648342967	1	0.1770345569	0.9549612403	0.7526171207	4.015460968
23	1.033751369	0.9873152375	0.046436131	1	0.1781566441	0.9538384676	0.7473658323	4.03202486
24	0.9963006377	0.9768853188	0.01941531897	1	0.1748968363	0.9507527351	0.7439370155	4.03965044
25	0.967561245	0.9443982244	0.02316302061	1	0.176770255	0.9546988606	0.7543162704	4.037978649
26	1.004671335	0.9801090956	0.02456223965	1	0.1758835018	0.9599629641	0.7665819526	4.048357487
27	0.9950717688	0.9536232948	0.04144847393	1	0.1796176434	0.9656373262	0.7802364826	4.052351952
28	1.051929832	0.9898104072	0.06211942434	1	0.1771332473	0.9648815989	0.7782990336	4.028995037
29	1.06992054	0.9917347431	0.07818579674	1	0.1742756963	0.962102592	0.7700736523	4.026042461
30	1.036664844	0.9675145745	0.06915026903	1	0.1743371785	0.9599349499	0.7629970312	4.0101614
31	1.018880963	0.9568065405	0.06207442284	1	0.1751865596	0.9536226392	0.7468447089	4.033345699
32	1.013063312	0.9735719562	0.03949135542	1	0.1712341607	0.9565514326	0.7563557625	4.042461395
33	0.9993240833	0.9672499895	0.03207409382	1	0.1716152728	0.9546990395	0.7522541285	4.03326416
34	0.975109458	0.9615799785	0.0135294795	1	0.1761909425	0.9598600268	0.7642064095	4.044530392
35	0.9420905113	0.9152159095	0.02687460184	1	0.1810573488	0.9639407396	0.7742245197	4.045921803
36	0.9133529663	0.886852622	0.02650034428	1	0.1800900996	0.9640846252	0.7743554711	4.025414467
37	0.8744366765	0.8422855139	0.03215116262	1	0.1761164814	0.9596415758	0.7623302937	4.028971672
38	0.8095263243	0.7915472984	0.01797902584	1	0.1753174067	0.955632627	0.7496472597	4.023457527
39	0.8129637837	0.7805651426	0.03239864111	1	0.1774260849	0.95379287	0.7476878762	4.041561127
40	0.8210161924	0.821849525	-0.0008333325386	1	0.18137981	0.95116359	0.741979003	4.033116817
41	0.8257992864	0.8006333709	0.02516591549	1	0.1751525253	0.9500657916	0.7450901866	4.040629387
42	0.8129402995	0.797750771	0.01518952847	1	0.1762503386	0.9576721191	0.7619167566	4.055580616
43	0.8185221553	0.7966454029	0.02187675238	1	0.1785877496	0.9631971717	0.7752860785	4.05223465
44	0.8188071251	0.7922420502	0.02656507492	1	0.1810515374	0.9637713432	0.7766829729	4.028238773
45	0.8471474648	0.797047019	0.05010044575	1	0.1756268144	0.9611971974	0.7685676813	4.029272556
46	0.8421977162	0.7893815637	0.05281615257	1	0.1766240597	0.955997467	0.7537554502	4.019877911
47	0.8290632367	0.7933940887	0.03566914797	1	0.1802070886	0.9555484056	0.7528390884	4.040626526
48	0.7966379523	0.7754140496	0.0212239027	1	0.1760845333	0.9486035705	0.7412581444	4.042679787
49	0.7806774974	0.7660589814	0.01461851597	1	0.178257823	0.9522690773	0.747929275	4.044200897
50	0.7770816088	0.7613912821	0.01569032669	1	0.1797807962	0.957415998	0.7605062723	4.06014204
51	0.7750247121	0.7599031329	0.01512157917	1	0.1832503229	0.9648190737	0.7780333161	4.052309513
52	0.7773747444	0.7625066638	0.01486808062	1	0.1838374287	0.9647959471	0.7776582837	4.037326813
53	0.7896504998	0.7574317455	0.03221875429	1	0.1811818033	0.9618528485	0.7707415819	4.032963276
54	0.782340467	0.7489643097	0.03337615728	1	0.1803227365	0.9563091993	0.7553915977	4.012869358
55	0.7868253589	0.7606893778	0.02613598108	1	0.1818274111	0.9558820128	0.7557814717	4.046526432
56	0.7755114436	0.7580710649	0.01744037867	1	0.1768262237	0.9502398372	0.7458001375	4.055066586
57	0.7670378685	0.754296124	0.01274174452	1	0.1768131107	0.9519804716	0.7494105697	4.050184727
58	0.7823580503	0.7727816701	0.009576380253	1	0.1767870635	0.9576532245	0.7628879547	4.062415123
59	0.793014884	0.7798916101	0.01312327385	1	0.1816720814	0.9635465741	0.7760730982	4.059858799
60	0.8141758442	0.8020822406	0.01209360361	1	0.1799583435	0.9629896283	0.774895072	4.03618288
61	0.8232853413	0.8077841401	0.01550120115	1	0.1789087504	0.9599529505	0.7674077153	4.031809807
62	0.8641204834	0.8337193727	0.03040111065	1	0.1765541285	0.9527386427	0.7505379915	4.028215885
63	0.8764179945	0.8509937525	0.02542424202	1	0.179751277	0.9512486458	0.7472852468	4.046524048
64	0.8754153252	0.8462600708	0.02915525436	1	0.1767882258	0.9488360882	0.7421591878	4.050346851
65	0.872074008	0.8553905487	0.01668345928	1	0.1781650335	0.9476852417	0.7413513064	4.054694176
66	0.8861600161	0.8689570427	0.01720297337	1	0.1763824672	0.9549204707	0.7579161525	4.064002514
67	0.8844208717	0.8597732782	0.0246475935	1	0.1777468324	0.9611492157	0.771904707	4.064434052
68	0.8927401304	0.8667398095	0.02600032091	1	0.1781517714	0.9603984356	0.770013988	4.037805557
69	0.912578702	0.8658701777	0.04670852423	1	0.1771244258	0.9598555565	0.7677206397	4.030238152
70	0.9324454069	0.8624333143	0.07001209259	1	0.1781225801	0.9551715851	0.7538315058	4.016645908
71	0.9116185308	0.877872169	0.03374636173	1	0.17908746	0.9519039392	0.7447383404	4.03478241
72	0.8834587932	0.8614954352	0.02196335793	1	0.1761000752	0.9470457435	0.7380514741	4.045059681
73	0.8685358763	0.8485660553	0.01996982098	1	0.1751461327	0.9468516111	0.7382915616	4.046498775
74	0.8684732318	0.8508862853	0.01758694649	1	0.1770126075	0.9539827704	0.7550159097	4.061130524
75	0.8632403612	0.843164742	0.02007561922	1	0.1802302152	0.9613664746	0.7723498344	4.064182281
76	0.8667865992	0.8411733508	0.02561324835	1	0.1817049086	0.9537317157	0.7593779564	4.034198284
77	0.8793106079	0.8386422396	0.04066836834	1	0.1814448982	0.9548867345	0.7602750063	4.022547245
78	0.8829903603	0.8343843818	0.04860597849	1	0.1792020053	0.9510272741	0.7471414208	4.011862755
79	0.8855814934	0.8494426012	0.03613889217	1	0.1779136211	0.951389432	0.7471399903	4.038555145
80	0.8756439686	0.8481920958	0.02745187283	1	0.1731247008	0.9446017742	0.7332354784	4.047705173
81	0.865195334	0.84958601	0.01560932398	1	0.1712014973	0.9414801598	0.7305075526	4.045590401
82	0.8499064445	0.8452255726	0.004680871964	1	0.1760367304	0.9494287372	0.7461751103	4.038124084
83	0.8513296247	0.8362187147	0.01511090994	1	0.1777175367	0.9531086683	0.7550472021	4.042178631
84	0.8168143034	0.8160669208	0.0007473826408	1	0.1775080413	0.952721715	0.7536273599	4.017762184
85	0.8184582591	0.8118903637	0.006567895412	1	0.1738236248	0.9491932392	0.749714911	4.018237591
86	0.805787921	0.7950595617	0.01072835922	1	0.1757897884	0.9427259564	0.7378312349	4.013502598
87	0.8180092573	0.8131158948	0.004893362522	1	0.1759799719	0.9373503923	0.7305605412	4.041081905
88	0.8425149322	0.8421143889	0.0004005432129	1	0.173990801	0.9356637597	0.7209969759	4.042661667
89	0.8137921095	0.8125544786	0.001237630844	1	0.1740444303	0.9340359569	0.7201402187	4.051127911
90	0.8167049885	0.8228603601	-0.006155371666	1	0.1757536829	0.9471081495	0.745092988	4.051465988
91	0.8190342784	0.8098447919	0.009189486504	1	0.1784112006	0.9518281817	0.7580032945	4.049728394
92	0.8104925752	0.8116751313	-0.001182556152	1	0.179472208	0.9495265484	0.7536454201	4.022534847
93	0.8220362067	0.8127241731	0.009312033653	1	0.1779924929	0.9498245716	0.7544281483	4.019937992
94	0.8242178559	0.8041960597	0.02002179623	1	0.1780090034	0.9424958229	0.7361719012	4.008365631
95	0.8411442637	0.831725359	0.009418904781	1	0.1770549119	0.9460986257	0.7403957844	4.033850193
96	0.8302036524	0.8206051588	0.009598493576	1	0.172607258	0.9400261641	0.727928102	4.046785831
97	0.8060432673	0.8100527525	-0.004009485245	1	0.1742151976	0.9418572783	0.7314284444	4.055654049
98	0.7994052172	0.8034963012	-0.004091084003	1	0.174949199	0.9506587982	0.7476423979	4.050906181
99	0.804361999	0.8031481504	0.001213848591	1	0.1763685048	0.9552144408	0.7586294413	4.045124054
100	0.7994863391	0.8045181036	-0.005031764507	1	0.1792427301	0.9555429816	0.759331882	4.022241116
101	0.7995280027	0.7893284559	0.01019954681	1	0.1758307368	0.9542739391	0.7560715675	4.005526543
102	0.8010068536	0.7840481997	0.01695865393	1	0.1779942811	0.9523668885	0.7505235672	4.010022163
103	0.8018544316	0.7899829149	0.0118715167	1	0.1748478711	0.9496970177	0.7442654371	4.035945892
104	0.8035645485	0.7887667418	0.01479780674	1	0.1718427986	0.9463056922	0.7389790416	4.052872181
105	0.7864102125	0.7824582458	0.003951966763	1	0.1709396988	0.9442338347	0.7332766652	4.053642273
106	0.7787467241	0.7863951325	-0.007648408413	1	0.1782942116	0.952955246	0.7493236661	4.044971943
107	0.7921257019	0.7978862524	-0.005760550499	1	0.180307284	0.9568527937	0.7586152554	4.036753178
108	0.7769690752	0.7939217091	-0.01695263386	1	0.1812054366	0.9561476111	0.7568332553	4.026465416
109	0.7704741955	0.7874393463	-0.01696515083	1	0.1790503711	0.9547540545	0.7559908032	4.016811371
110	0.7678900361	0.7793229222	-0.01143288612	1	0.1765601933	0.945938766	0.7339118719	4.022866249
111	0.7735325098	0.7728573084	0.000675201416	1	0.1755348444	0.9440773726	0.7314221859	4.038691044
112	0.7949118018	0.7939578295	0.0009539723396	1	0.1763082445	0.9425159693	0.7278833389	4.045255184
113	0.7736403942	0.7739237547	-0.0002833604813	1	0.177674219	0.9412326813	0.7311111093	4.052228451
114	0.7734045982	0.7685866356	0.004817962646	1	0.177256912	0.9503855705	0.7481280565	4.053301811
115	0.7798659801	0.7726880312	0.007177948952	1	0.1779652238	0.9522986412	0.7563486695	4.045842171
116	0.774382174	0.7736803889	0.0007017850876	1	0.1812709868	0.9540910125	0.7587631941	4.030823708
117	0.7859967351	0.7644404173	0.02155631781	1	0.1756605506	0.9544833302	0.7586978078	4.0186553
118	0.7928497791	0.7577352524	0.03511452675	1	0.1762945503	0.9484230876	0.7418566942	4.020503521
119	0.7710368633	0.7554351091	0.01560175419	1	0.1738943458	0.9485031366	0.7409871221	4.036408901
120	0.7567873597	0.7476992607	0.009088099003	1	0.1730024219	0.9448736906	0.7352220416	4.049525261
121	0.7488570213	0.7456598878	0.003197133541	1	0.1738308966	0.9450524449	0.7344237566	4.053850651
122	0.7452532649	0.7447243929	0.0005288720131	1	0.1754678637	0.9532681704	0.7517612576	4.052120209
123	0.7422631979	0.7435588837	-0.001295685768	1	0.1767487973	0.9581621885	0.7645858526	4.047544003
124	0.7384300232	0.7351013422	0.003328680992	1	0.1771875322	0.9569655061	0.7624645233	4.031855106
125	0.7475509048	0.7284706235	0.01908028126	1	0.1740852594	0.959466815	0.7660033703	4.010993481
126	0.7422433496	0.7236626744	0.01858067513	1	0.1751056314	0.955434978	0.7536016703	4.01458931
127	0.7309290767	0.72039783	0.01053124666	1	0.1776562929	0.9558015466	0.7527529001	4.041681767
128	0.7410642505	0.7154803276	0.02558392286	1	0.1706015617	0.9503569603	0.742770195	4.052454472
129	0.730488658	0.7153128386	0.0151758194	1	0.1713719219	0.9514465332	0.7430893779	4.049144745
130	0.7515562177	0.7362735271	0.01528269053	1	0.17411834	0.9568955302	0.7559117079	4.05569458
131	0.7859686017	0.7698407173	0.01612788439	1	0.1772838384	0.963734746	0.7739011645	4.049455166
132	0.8320185542	0.817355454	0.01466310024	1	0.1782370806	0.9632431865	0.7738278508	4.039936066
133	0.8906567097	0.8569391966	0.03371751308	1	0.1761534363	0.9637418389	0.7757918239	4.019371986
134	0.906488955	0.8729809523	0.03350800276	1	0.1759005785	0.9592534304	0.762332201	4.016119003
135	0.90516752	0.8807653785	0.02440214157	1	0.1771567166	0.9588219523	0.7620296478	4.044683456
136	0.896948874	0.876242578	0.02070629597	1	0.177265808	0.9562810063	0.7566651106	4.051469803
137	0.9052099586	0.8865745068	0.01863545179	1	0.1787489653	0.9518907666	0.7477616072	4.059405804
138	0.922549665	0.8989930153	0.02355664968	1	0.1775927544	0.9582448006	0.7622186542	4.059731007
139	0.9294986725	0.8995770812	0.02992159128	1	0.1748298556	0.960611999	0.7678995728	4.05157423
140	0.9200359583	0.8966594934	0.02337646484	1	0.1806517392	0.9625459313	0.7716430426	4.031406403
141	0.9482531548	0.9062241912	0.04202896357	1	0.1781995147	0.962492466	0.7712475657	4.019426823
142	0.9576012492	0.9017192125	0.05588203669	1	0.1808498651	0.9600169063	0.7636349797	4.011088848
143	0.937368691	0.9183736444	0.01899504662	1	0.1817229688	0.9584369659	0.7596479058	4.033840179
144	0.9418674707	0.9226027727	0.01926469803	1	0.1802918166	0.9559768438	0.7537218928	4.041649818
145	0.9355408549	0.9257541895	0.00978666544	1	0.1802150011	0.9561665058	0.7567749023	4.055303574
146	0.9511117339	0.9308794737	0.02023226023	1	0.1781261265	0.9598762989	0.7637670636	4.053911209
147	0.9368197322	0.917034626	0.01978510618	1	0.1785556525	0.9638804197	0.774300456	4.051608562
148	0.9375190735	0.9288315773	0.008687496185	1	0.183855325	0.9649727345	0.7757847309	4.029528618
149	0.9598639607	0.9230107069	0.03685325384	1	0.1777936816	0.9610821605	0.7667182088	4.002065182
150	0.9522412419	0.9039769769	0.04826426506	1	0.180333823	0.9592038393	0.7603294253	3.998421907
151	0.9569983482	0.9300044179	0.02699393034	1	0.1813316643	0.9533526897	0.7463466525	4.032629013
152	0.9705151916	0.9281434417	0.04237174988	1	0.1778366268	0.9487786293	0.7380957603	4.0394063
153	0.9432171583	0.9269723296	0.0162448287	1	0.1799521446	0.9551924467	0.7520939112	4.047163963
154	0.9207972288	0.9111881256	0.009609103203	1	0.1818315685	0.9584444165	0.7581122518	4.044863224
155	0.8919554353	0.8923225403	-0.0003671050072	1	0.1836642921	0.9622960091	0.7677610517	4.034524441
156	0.8827890754	0.8896605968	-0.006871521473	1	0.1835002899	0.9622651339	0.768314898	4.022526264
157	0.8799874187	0.8733149767	0.006672441959	1	0.1797319055	0.9614719152	0.7664370537	4.006295204
158	0.8441300988	0.8273001313	0.0168299675	1	0.1791197509	0.9563477039	0.7519632578	4.022492886
159	0.823168993	0.8176497221	0.005519270897	1	0.1791929156	0.9545713067	0.7465057969	4.037382603
160	0.8328815699	0.8154729009	0.01740866899	1	0.1811800301	0.952465415	0.7444463372	4.043153763
161	0.8169819117	0.8003861308	0.01659578085	1	0.1827200949	0.94955796	0.7429758906	4.052446842
162	0.8458231688	0.8116413355	0.03418183327	1	0.1808246225	0.9564850926	0.75548172	4.048855305
163	0.8240347505	0.8067533374	0.01728141308	1	0.1809866726	0.961568296	0.7696522474	4.044828415
164	0.8118953705	0.8087031841	0.003192186356	1	0.1840016842	0.9628785253	0.7721604705	4.026711464
165	0.8283277154	0.8045962453	0.02373147011	1	0.17945683	0.9613085985	0.7680572271	4.011278629
166	0.8404353857	0.7940862775	0.04634910822	1	0.1781509221	0.9552344084	0.7514550686	4.013652802
167	0.8423429132	0.8165755272	0.02576738596	1	0.1758833826	0.9540122151	0.7470781207	4.034855843
168	0.8261021972	0.80442518	0.02167701721	1	0.1778904349	0.9521038532	0.7445841432	4.036077023
169	0.8084365129	0.7946175933	0.01381891966	1	0.1801880449	0.9515730739	0.7466844916	4.0548172
170	0.8095236421	0.7929009199	0.01662272215	1	0.1801417768	0.9586724043	0.7610705495	4.057492256
171	0.8049449921	0.7962620854	0.008682906628	1	0.1793272346	0.9640808105	0.7752819061	4.049716949
172	0.7888000011	0.7898077369	-0.001007735729	1	0.1819137037	0.9653946161	0.7786071301	4.029394627
173	0.8049309254	0.7848354578	0.02009546757	1	0.177862674	0.9634304047	0.7733258605	4.001589775
174	0.7993868589	0.7758135796	0.02357327938	1	0.1795190722	0.959484756	0.7609408498	4.006697655
175	0.7797426581	0.777156651	0.002586007118	1	0.1829648614	0.9607352018	0.7624781728	4.026560783
176	0.7867404222	0.794026494	-0.007286071777	1	0.1850456893	0.9531261921	0.7364041805	4.040979862
177	0.7749813795	0.7796443701	-0.00466299057	1	0.1862487495	0.9556444287	0.7450361252	4.062342167
178	0.7857865095	0.7878662944	-0.00207978487	1	0.1858203262	0.9606200457	0.7588282824	4.069279671
179	0.8128269911	0.8086705208	0.004156470299	1	0.1864397377	0.9648666382	0.7741913795	4.061215401
180	0.8427087069	0.8334915638	0.009217143059	1	0.1882226616	0.9646936059	0.7724915743	4.040863991
181	0.915872097	0.8764134645	0.03945863247	1	0.1836596131	0.9619631767	0.7650389671	4.014546871
182	0.9604759216	0.912278831	0.04819709063	1	0.1849106103	0.9594267011	0.7573381066	4.025388718
183	0.9708063006	0.9316654205	0.03914088011	1	0.1845753789	0.9564313293	0.7474358678	4.042628288
184	0.9694491625	0.9422180653	0.02723109722	1	0.183253929	0.9350537658	0.6988934875	4.054947376
185	0.9572191834	0.9432308674	0.01398831606	1	0.1841699034	0.9399590492	0.70686239	4.07616663
186	0.9881111383	0.9739149809	0.01419615746	1	0.1826563478	0.9421435595	0.7165305614	4.079407692
187	1.007791042	0.9741594195	0.03363162279	1	0.1818894446	0.9438059926	0.72265172	4.070277214
188	1.012313843	0.9628065228	0.04950731993	1	0.1834169626	0.9434427619	0.7194125056	4.049010277
189	1.038898468	0.9657114744	0.0731869936	1	0.1814304441	0.9394458532	0.7115780711	4.026687622
190	1.025007367	0.9521974921	0.07280987501	1	0.183718279	0.9372972846	0.7072211504	4.027382851
191	1.002738714	0.9521827698	0.05055594444	1	0.1818930358	0.9271302819	0.6841095686	4.046403885
192	0.9788870811	0.9504446387	0.02844244242	1	0.1790995598	0.8920270205	0.6291196942	4.060742378
193	0.954246223	0.9161678553	0.03807836771	1	0.178269729	0.9506254792	0.7360392809	4.060975075
194	0.9848967791	0.9415177107	0.04337906837	1	0.1751675159	0.9538244605	0.7465621233	4.059914589
195	1.009292006	0.9541059136	0.05518609285	1	0.1745717973	0.9547023773	0.7514570355	4.067046642
196	1.024444222	0.9529104829	0.07153373957	1	0.1779377162	0.9556334615	0.7539213896	4.043251991
197	1.04710865	0.9732667208	0.07384192944	1	0.1769613922	0.953048408	0.7473586202	4.016004086
198	1.045823455	0.9758144617	0.07000899315	1	0.1772757769	0.9503414631	0.740401566	4.022891998
199	1.022564292	0.927500248	0.095064044	1	0.1795172989	0.9470130205	0.7266818881	4.034329414
200	0.9910472035	0.9422767162	0.04877048731	1	0.1777814925	0.9284667969	0.6868303418	4.062499523
201	0.9420977831	0.8937079906	0.04838979244	1	0.1758100688	0.9499355555	0.7362821102	4.061885357
202	0.8983591199	0.8728615642	0.02549755573	1	0.1800493449	0.9520048499	0.7422268987	4.06530714
203	0.9044145942	0.8850606084	0.01935398579	1	0.1822957695	0.9555182457	0.7529714704	4.064582825
204	0.9206158519	0.8940545917	0.02656126022	1	0.1846212149	0.9557235241	0.7544429898	4.04334116
205	0.9516740441	0.9209801555	0.03069388866	1	0.183929801	0.9508413672	0.7424094081	4.020241737
206	0.9722642303	0.9296326637	0.04263156652	1	0.1844861805	0.9420466423	0.7262461782	4.031189442
207	0.982652545	0.9432043433	0.03944820166	1	0.1839198321	0.9367371798	0.7142337561	4.037264824
208	0.9612645507	0.9421445131	0.01912003756	1	0.189299196	0.9205520153	0.6758452654	4.048788071
209	0.969594419	0.9434779882	0.02611643076	1	0.1831853241	0.9409882426	0.7231321931	4.059830666
210	0.9957580566	0.9688922167	0.02686583996	1	0.1827646345	0.9493224025	0.7416302562	4.069180965
211	1.009047866	0.9717105627	0.03733730316	1	0.1829606891	0.9529320002	0.753819406	4.068464279
212	1.031941056	0.9908003807	0.04114067554	1	0.1838080585	0.9537024498	0.7536800504	4.046071053
213	1.065328717	0.9927416444	0.07258707285	1	0.1792328805	0.9442375898	0.7333934307	4.015102386
214	1.064813137	0.9936643243	0.07114881277	1	0.181356892	0.942429781	0.7272972465	4.018660545
215	1.057032347	0.9919781685	0.06505417824	1	0.1800750345	0.9403488636	0.7197518349	4.026859283
216	1.042402744	1.005588293	0.03681445122	1	0.1825420856	0.9253537059	0.6831183434	4.051282406
217	0.9933251739	0.9649147987	0.02841037512	1	0.1836714447	0.9463881254	0.7326719761	4.061911106
218	1.006317377	0.9845541716	0.02176320553	1	0.1849197149	0.9527795911	0.748550117	4.075540066
219	1.01463902	0.981885612	0.03275340796	1	0.1844985187	0.9521643519	0.7484810948	4.067952156
220	1.039260507	0.9901982546	0.04906225204	1	0.1855123192	0.951720655	0.747258842	4.040832043
221	1.065371513	0.9992405176	0.06613099575	1	0.1834888756	0.9471050501	0.7386296391	4.01670742
222	1.07681036	1.016637802	0.06017255783	1	0.1870422065	0.9454862475	0.730840981	4.016883373
223	1.070776105	1.011377454	0.05939865112	1	0.1856420934	0.943338871	0.722890377	4.029802322
224	1.071950078	1.030239701	0.04171037674	1	0.1835813224	0.9298781157	0.6895691156	4.055440426
225	0.9998267293	0.9745663404	0.02526038885	1	0.1861375719	0.9483425617	0.7333211303	4.060019493
226	0.9757959247	0.9791705012	-0.003374576569	1	0.1901598722	0.9532427192	0.7456543446	4.072119713
227	0.9470307231	0.9502049685	-0.003174245358	1	0.1888738722	0.952216804	0.747472465	4.054340363
228	0.9510034919	0.9454513788	0.005552113056	1	0.1885957271	0.9502092004	0.743183136	4.039874077
229	0.9811718464	0.9649133086	0.01625853777	1	0.1861869097	0.9445462823	0.7323405147	4.015501499
230	0.9622036815	0.9476944804	0.01450920105	1	0.1884646714	0.9412696362	0.7231659889	4.023440361
231	0.9670976996	0.9488723278	0.01822537184	1	0.1851622164	0.9343830943	0.7118759155	4.033475399
232	0.9656206965	0.9649974108	0.0006232857704	1	0.1893540919	0.9162356257	0.6699861884	4.050943375
233	0.9572707415	0.9536665678	0.00360417366	1	0.1870779395	0.9365282655	0.718409121	4.061957359
234	0.9739775658	0.972032845	0.001944720745	1	0.1880563945	0.9481831789	0.7417660952	4.076086521
235	0.9728457332	0.9645565748	0.008289158344	1	0.1865779608	0.9457241893	0.7442940474	4.063408375
236	1.004983306	0.9799938202	0.02498948574	1	0.1855099946	0.9456305504	0.7457419634	4.046411037
237	1.022731423	0.9672734141	0.05545800924	1	0.1827786714	0.9389346242	0.732562542	4.016293526
238	1.027093768	0.9790936708	0.04800009727	1	0.1858040243	0.9405491352	0.7267978787	4.025275707
239	1.005226016	0.9737536311	0.03147238493	1	0.1830893308	0.9403287172	0.7216982245	4.037617683
240	1.005191803	0.9985975623	0.006594240665	1	0.1824356616	0.9219135046	0.6798890233	4.062422752
241	0.9976316094	1.002145529	-0.004513919353	1	0.1874766499	0.9452313781	0.7342223525	4.065882683
242	0.9825695753	0.9717715979	0.01079797745	1	0.1822592169	0.949721992	0.7459189892	4.073743343
243	0.9785149097	0.9577786326	0.0207362771	1	0.1804835647	0.9497153759	0.74732548	4.06235981
244	1.00385499	0.9552156329	0.04863935709	1	0.1796195358	0.9473111033	0.7438997626	4.04475069
245	1.018324733	0.9505523443	0.06777238846	1	0.1815749854	0.9477823377	0.7411820889	4.010567665
246	1.014626861	0.9770814776	0.03754538298	1	0.1812669784	0.9458435774	0.7325393558	4.032804489
247	1.005837321	0.964390099	0.04144722223	1	0.1809212118	0.9425031543	0.720275104	4.037837982
248	1.009897113	0.9952813983	0.01461571455	1	0.1779174507	0.9232580066	0.6793168187	4.063863277
249	0.9805979133	0.9623951912	0.01820272207	1	0.1773475409	0.9445382953	0.7299361229	4.065851688
250	0.9589456916	0.9529181123	0.006027579308	1	0.179498449	0.9480082393	0.7382897139	4.073076725
251	0.9497583508	0.9398668408	0.00989151001	1	0.182817325	0.9528716207	0.748747766	4.061623573
252	0.9498718977	0.9378237128	0.01204818487	1	0.1826384217	0.949917376	0.7456566691	4.050031185
253	0.9676927924	0.9366429448	0.0310498476	1	0.1817035377	0.9484707713	0.7401757836	4.010822296
254	0.9534654021	0.9232938886	0.03017151356	1	0.1792440116	0.9395776391	0.7202721238	4.020476818
255	0.9500519633	0.9258280993	0.02422386408	1	0.1787350476	0.9366505742	0.7107259631	4.034719944
256	0.9594374299	0.9536980987	0.005739331245	1	0.178469032	0.9147785902	0.6668340564	4.060281277
257	0.9421528578	0.9346767664	0.007476091385	1	0.1792976558	0.9430814385	0.72253865	4.073853493
258	0.9454460144	0.9339826703	0.0114633441	1	0.1753901094	0.9441365004	0.7293797731	4.072068214
259	0.9536963105	0.9332444072	0.02045190334	1	0.1804765016	0.9481882453	0.7382701039	4.064866066
260	0.975382328	0.9448086619	0.0305736661	1	0.1811602861	0.9512145519	0.7441877723	4.046028614
261	0.9911170006	0.9344784021	0.05663859844	1	0.1814042926	0.9488861561	0.7356476784	4.007294655
262	0.98179847	0.9309017658	0.0508967042	1	0.1799559146	0.9406918287	0.7166646719	4.005104065
263	0.975710392	0.9382001758	0.03751021624	1	0.1810148507	0.9386621118	0.7118341923	4.023883343
264	0.9627962708	0.9614902735	0.001305997372	1	0.1836232692	0.9279820323	0.6872464418	4.061987877
265	0.9406060576	0.9384633303	0.002142727375	1	0.1859533042	0.9548983574	0.7443847656	4.066788673
266	0.9543611407	0.9517959356	0.002565205097	1	0.1856748313	0.9599389434	0.7588359118	4.073597431
267	0.9692639112	0.9532979131	0.01596599817	1	0.18850407	0.9617325664	0.7659544945	4.058169365
268	0.9936280251	0.9662480354	0.02737998962	1	0.1889519989	0.9620072246	0.7660969496	4.041922092
269	1.019270182	0.9598990083	0.05937117338	1	0.1885574609	0.9591808319	0.756465435	4.003266335
270	1.000181794	0.9602295756	0.03995221853	1	0.1888094097	0.9561470747	0.74657619	4.006825447
271	0.9941138029	0.9625298381	0.03158396482	1	0.1878351718	0.9533137083	0.7413144112	4.037092686
272	0.9711077809	0.9558944702	0.01521331072	1	0.1866209507	0.9536814094	0.7398169637	4.052862167
273	0.9613262415	0.9486418366	0.01268440485	1	0.1832527816	0.9630891085	0.7676497698	4.046065331
274	0.9381540418	0.9385153651	-0.0003613233566	1	0.1875047386	0.964297235	0.7705624104	4.048605919
275	0.9338231087	0.9178630114	0.01596009731	1	0.1877132505	0.9624513984	0.7681394219	4.034428596
276	0.9119635224	0.9177482128	-0.00578469038	1	0.1864528954	0.9634595513	0.7719332576	4.016157627
277	0.940492928	0.9160955548	0.0243973732	1	0.1858427078	0.9614533782	0.7644162774	3.998685837
278	0.9066981077	0.8929275274	0.01377058029	1	0.1881910861	0.9591832161	0.7563211322	3.997048855
279	0.9042769074	0.8984734416	0.005803465843	1	0.1855697483	0.9544526935	0.7453936338	4.022020817
280	0.9095840454	0.9033940434	0.006190001965	1	0.1894622594	0.9511968493	0.7370391488	4.039809227
281	0.885956347	0.8699144721	0.01604187489	1	0.182498008	0.9488059282	0.7346241474	4.048616409
282	0.8650434613	0.8569630384	0.008080422878	1	0.1811908931	0.9572085142	0.7552701235	4.052052975
283	0.8794855475	0.8650185466	0.01446700096	1	0.1844809204	0.9613054991	0.7661072612	4.04118681
284	0.870798409	0.8818532228	-0.01105481386	1	0.186574772	0.9631460905	0.7708188295	4.023887157
285	0.8956132531	0.8650191426	0.03059411049	1	0.1852651834	0.9625906944	0.769099474	4.00500679
286	0.8791134357	0.8467421532	0.03237128258	1	0.1826988757	0.9544564486	0.7494279146	4.001494884
287	0.8773656487	0.8520339727	0.02533167601	1	0.1825110465	0.955342412	0.7510232925	4.03385067
288	0.8819440007	0.8696689606	0.01227504015	1	0.1835127175	0.9520615935	0.7436353564	4.046241283
289	0.8655295372	0.8595093489	0.006020188332	1	0.1829654127	0.9499872327	0.7413523793	4.052594662
290	0.8580219746	0.8609986305	-0.00297665596	1	0.186550349	0.9612025023	0.7650158405	4.052306175
291	0.8704117537	0.865771234	0.004640519619	1	0.1892945766	0.9642931819	0.772341311	4.037820339
292	0.8816913366	0.8828108907	-0.001119554043	1	0.1885430068	0.9652965069	0.7757908106	4.025035858
293	0.8943294287	0.8595750928	0.03475433588	1	0.1852343827	0.9633802772	0.7703862786	3.997792959
294	0.8872023225	0.8573722839	0.02983003855	1	0.1844943911	0.9551131129	0.7499039769	4.001791954
295	0.8850817084	0.8465640545	0.03851765394	1	0.1821871549	0.9538744092	0.7468489408	4.031031132
296	0.8859828115	0.8541748524	0.03180795908	1	0.1792847961	0.9507914186	0.7401040792	4.045608997
297	0.8716645241	0.8549315929	0.01673293114	1	0.1807666123	0.9507197142	0.7403432727	4.048632622
298	0.8537009358	0.8563486934	-0.00264775753	1	0.1870056987	0.9589556456	0.7568674684	4.046109676
299	0.8634397388	0.8620686531	0.001371085644	1	0.1888142675	0.9613950849	0.7612851262	4.034926891
300	0.8376262188	0.8562504053	-0.01862418652	1	0.1851722151	0.9590670466	0.7551371455	4.025553226
301	0.8317196965	0.8288092613	0.0029104352	1	0.1856181324	0.9585460424	0.7541537285	4.012553215
302	0.8387234807	0.8139913678	0.02473211288	1	0.1813762635	0.9455330372	0.7237153053	4.012233734
303	0.8629330397	0.8187736273	0.04415941238	1	0.1783953905	0.9448913336	0.7210089564	4.03155899
304	0.8971626759	0.8563070893	0.04085558653	1	0.180855915	0.9464867711	0.7233536839	4.033046722
305	0.8305951357	0.8087396026	0.02185553312	1	0.181450218	0.9465250373	0.7315789461	4.045668125
306	0.8193044066	0.8026135564	0.01669085026	1	0.1844039708	0.9569267035	0.7540463209	4.041461945
307	0.8275245428	0.8117300868	0.01579445601	1	0.1845101714	0.9612067938	0.7655405998	4.040168285
308	0.8352692127	0.8345710039	0.0006982088089	1	0.1838981509	0.9624070525	0.7687973976	4.01940012
309	0.8606464863	0.82581532	0.03483116627	1	0.1819816828	0.9606848955	0.7631159425	4.005036831
310	0.8711800575	0.8204963207	0.0506837368	1	0.180516839	0.9539706707	0.7467406392	4.001102448
311	0.8675584197	0.8170873523	0.05047106743	1	0.1797970086	0.9536396861	0.7459816933	4.030962467
312	0.9112406969	0.8502531648	0.06098753214	1	0.1758379191	0.9484542608	0.7358590364	4.040486813
313	0.85632658	0.826847434	0.029479146	1	0.179637745	0.9495347142	0.7386668921	4.049740791
314	0.821588397	0.8040360808	0.01755231619	1	0.1822523177	0.9564555883	0.7545765638	4.043786526
315	0.811527431	0.8037031889	0.007824242115	1	0.1832169741	0.9591295123	0.7611224055	4.040956497
316	0.8144581914	0.8211014271	-0.006643235683	1	0.1818954349	0.9608842731	0.7653657794	4.017541885
317	0.855173409	0.8095377684	0.04563564062	1	0.1787383258	0.9583268762	0.7587580681	4.000624657
318	0.8431131244	0.7935343981	0.04957872629	1	0.1796140671	0.9513623118	0.741471529	4.002080441
319	0.82542485	0.7778118849	0.04761296511	1	0.1770243496	0.9481159449	0.7339474559	4.02753067
320	0.8354538679	0.7790318727	0.05642199516	1	0.173872292	0.9426732063	0.726138413	4.041784763
321	0.8090633154	0.775411129	0.03365218639	1	0.1760738492	0.9468205571	0.7335339189	4.046430588
322	0.776520133	0.7603231668	0.01619696617	1	0.181245327	0.9548454285	0.7510666847	4.041243076
323	0.7748707533	0.7587264776	0.01614427567	1	0.1805064976	0.9579968452	0.7585310936	4.040024757
324	0.7678742409	0.7665198445	0.001354396343	1	0.1773870736	0.956954658	0.7550290227	4.021178722
325	0.7638348341	0.7361704707	0.02766436338	1	0.1775423288	0.9557961822	0.7515450716	4.009514809
326	0.7640618682	0.7107397318	0.0533221364	1	0.1757082194	0.947265327	0.7299123406	4.012480736
327	0.7322543263	0.6971644163	0.03508991003	1	0.1761729419	0.943765521	0.7228144407	4.034856319
328	0.7525669932	0.6965099573	0.05605703592	1	0.1731207818	0.9413074255	0.7253935933	4.043111324
329	0.700201869	0.6703858376	0.02981603146	1	0.1788194031	0.9410824776	0.7283214331	4.047334194
330	0.6734766364	0.6519308686	0.02154576778	1	0.1808136255	0.9524874091	0.7520554662	4.045435905
331	0.6827116609	0.6636758447	0.01903581619	1	0.1792278737	0.9554883838	0.7590208054	4.045407295
332	0.7054169178	0.7009184957	0.004498422146	1	0.1764375567	0.956479907	0.7606137991	4.016970158
333	0.7147813439	0.6812109947	0.03357034922	1	0.1751044691	0.9534697533	0.7536622882	4.000398159
334	0.686080575	0.6478071809	0.03827339411	1	0.1796814203	0.9494262934	0.741296351	4.005759716
335	0.7117136121	0.6622784138	0.04943519831	1	0.1760196388	0.9462323189	0.735039115	4.027107716
336	0.7335221171	0.6768908501	0.05663126707	1	0.1747951508	0.9400191307	0.727414608	4.038617134
337	0.6880782843	0.6598094702	0.02826881409	1	0.1785744876	0.9384588599	0.7261773348	4.050936699
338	0.658259809	0.6442353725	0.01402443647	1	0.1813867986	0.9529314637	0.7537679672	4.050635815
339	0.6662552357	0.6520852447	0.01416999102	1	0.1800697744	0.9559773207	0.759608984	4.04742527
340	0.6700930595	0.6670806408	0.003012418747	1	0.1787357479	0.955460608	0.758897841	4.023340702
341	0.6824015379	0.646908462	0.03549307585	1	0.178352952	0.9540289044	0.7558001876	4.006723881
342	0.6777629852	0.6452616453	0.03250133991	1	0.1792565435	0.9475247264	0.738366127	4.008611679
343	0.6768142581	0.6504763365	0.02633792162	1	0.1781938821	0.9440973997	0.7305108309	4.026783943
344	0.7132278085	0.6664825082	0.04674530029	1	0.1752258688	0.9418051839	0.7281105518	4.045937538
345	0.6984164119	0.6692267656	0.02918964624	1	0.174929589	0.9351422191	0.7182202935	4.039327621
346	0.6606729627	0.6461431384	0.01452982426	1	0.1759533882	0.9462178349	0.738574326	4.041724205
347	0.6745864153	0.6629413366	0.01164507866	1	0.1761958152	0.9492517114	0.7473275661	4.045458794
348	0.7174944878	0.7026209235	0.01487356424	1	0.1763161421	0.9525469542	0.7533629537	4.027817726
349	0.7383950353	0.6966918707	0.04170316458	1	0.1761447936	0.9528198242	0.7570337653	4.01809454
350	0.741196394	0.7038403749	0.03735601902	1	0.1774957478	0.9489029646	0.7464606166	4.027728081
351	0.7568339109	0.70288378	0.05395013094	1	0.176352635	0.9452970624	0.7410384417	4.036851406
352	0.7737332582	0.7162051201	0.05752813816	1	0.1775516123	0.9390847087	0.7317967415	4.043512821
353	0.7463445067	0.7082707286	0.03807377815	1	0.1772726625	0.9263800383	0.7137898803	4.041174889
354	0.7173878551	0.6952395439	0.02214831114	1	0.1789908111	0.9415323138	0.7396472096	4.056696415
355	0.7108664513	0.6878538728	0.02301257849	1	0.1775240451	0.9434273839	0.7446240187	4.05901289
356	0.724916935	0.7080743313	0.01684260368	1	0.1770014018	0.9465795159	0.74803859	4.030752659
357	0.7490349412	0.6934207082	0.05561423302	1	0.1750864685	0.9411305189	0.7409383059	4.020038128
358	0.7482180595	0.6958516836	0.05236637592	1	0.1747644693	0.9374816418	0.7314069271	4.023114204
359	0.776006043	0.7204222083	0.05558383465	1	0.175047636	0.9394619465	0.7321691513	4.027385712
360	0.7651718855	0.7157025337	0.04946935177	1	0.1736449152	0.9319031835	0.7213876843	4.038599968
361	0.7226672173	0.7009418011	0.02172541618	1	0.1751569957	0.9321392775	0.7221938968	4.04632616
362	0.6884644628	0.6727473736	0.01571708918	1	0.1802368909	0.9406921864	0.7386146784	4.065357208
363	0.6819083095	0.6700717807	0.01183652878	1	0.1821828634	0.948313117	0.7518953085	4.057982922
364	0.7019912004	0.6834373474	0.01855385303	1	0.1783300191	0.9460522532	0.745429337	4.029233456
365	0.7209644914	0.6716763973	0.04928809404	1	0.17815274	0.94481498	0.745674789	4.017055511
366	0.7032575011	0.676489532	0.02676796913	1	0.1787685752	0.9497808814	0.7520901561	4.03371954
367	0.7061909437	0.6724956036	0.03369534016	1	0.1799215376	0.9502776265	0.7528764009	4.038774967
368	0.7036379576	0.6702206135	0.03341734409	1	0.1770618409	0.9378309846	0.7274457216	4.040056705
369	0.6955410838	0.6814433336	0.01409775019	1	0.1752984971	0.9347569346	0.7282978892	4.051370621
370	0.6567093134	0.6591534615	-0.002444148064	1	0.1857609004	0.9505652189	0.7519336343	4.064486027
371	0.6432658434	0.6496536732	-0.006387829781	1	0.1876371652	0.9558320045	0.7606991529	4.064777374
372	0.6297612786	0.6351296306	-0.005368351936	1	0.1888566464	0.9575486183	0.7631201744	4.044797421
373	0.6286332011	0.6224802732	0.006152927876	1	0.1832475364	0.9503831267	0.7549566627	4.025206089
374	0.6128011346	0.6066269279	0.006174206734	1	0.184018448	0.9500056505	0.7524572611	4.035365582
375	0.6024378538	0.6008960009	0.001541852951	1	0.1851346046	0.9504996538	0.7515202761	4.03491354
376	0.6085243821	0.5973448157	0.01117956638	1	0.1815459579	0.9431816936	0.7375170588	4.047720909
377	0.5976746678	0.5929132104	0.004761457443	1	0.1811449826	0.9380238652	0.7279165983	4.053246021
378	0.5925351977	0.5972323418	-0.004697144032	1	0.1823271364	0.9460536242	0.7457101345	4.067688942
379	0.5860780478	0.5866507292	-0.000572681427	1	0.1835203916	0.9535253644	0.7583149672	4.064560413
380	0.5843613744	0.5796067715	0.004754602909	1	0.183428362	0.9566406012	0.7613576055	4.035542011
381	0.5922099352	0.5743716359	0.01783829927	1	0.1828560531	0.954415381	0.7577312589	4.021177292
382	0.5955895782	0.5762090683	0.01938050985	1	0.1824579984	0.9508663416	0.7465078831	4.022502899
383	0.6000733972	0.5837653279	0.01630806923	1	0.181740731	0.9528211951	0.7478975058	4.032512665
384	0.6021308899	0.5806361437	0.02149474621	1	0.1781523079	0.9482122064	0.7401648164	4.042980194
385	0.5884816051	0.577287972	0.01119363308	1	0.1786432564	0.9481934905	0.740493834	4.054806232
386	0.5827880502	0.574586153	0.008201897144	1	0.181151852	0.9571297169	0.7603701353	4.067651272
387	0.5783594251	0.5716395378	0.006719887257	1	0.1823577434	0.9612773061	0.769797802	4.061177254
388	0.5808771253	0.5736273527	0.007249772549	1	0.1860256791	0.9631132483	0.7724839449	4.03601265
389	0.5897579193	0.5642374754	0.02552044392	1	0.1848679781	0.9613368511	0.7679415345	4.009500027
390	0.5898090601	0.5661756396	0.02363342047	1	0.1836598516	0.9605794549	0.7634797096	4.023677826
391	0.5909177065	0.5623940229	0.02852368355	1	0.1840981394	0.9618688226	0.7657778859	4.039484024
392	0.5962164998	0.5607649684	0.03545153141	1	0.1780843288	0.9514033794	0.744320631	4.048312664
393	0.5675159693	0.5566482544	0.01086771488	1	0.1838598698	0.9561792016	0.754805088	4.062465668
394	0.5453798175	0.5556038022	-0.01022398472	1	0.1892671585	0.9589183331	0.7603243589	4.076347828
395	0.5216462016	0.548201263	-0.02655506134	1	0.1937982738	0.9623436928	0.7683920264	4.064050674
396	0.4810203016	0.5070580244	-0.02603772283	1	0.1920357496	0.9623895288	0.7682053447	4.044142246
397	0.4277614951	0.452006191	-0.0242446959	1	0.1901139319	0.9616761208	0.7657427192	4.020608425
398	0.3989029825	0.4275422692	-0.02863928676	1	0.1889507473	0.9599657655	0.7603856325	4.02846384
399	0.3847378194	0.4410894513	-0.05635163188	1	0.1915784627	0.9600692987	0.7602146268	4.035932064
400	0.4209267795	0.4645659924	-0.04363921285	1	0.1908578426	0.9559406042	0.7517561316	4.047481537
401	0.3794265687	0.3974293172	-0.01800274849	1	0.1839270294	0.9505453706	0.7419896722	4.061425209
402	0.3803733289	0.3972242773	-0.01685094833	1	0.1840423197	0.9570292234	0.7575269938	4.070922375
403	0.3633697033	0.3870280981	-0.02365839481	1	0.1863000989	0.9617711306	0.769248426	4.067709923
404	0.3508544862	0.3691501915	-0.01829570532	1	0.1876322925	0.9632712603	0.7716631889	4.040410519
405	0.3472688794	0.3510278165	-0.00375893712	1	0.1847065538	0.962292552	0.7680459619	4.018774986
406	0.3473333716	0.3591940105	-0.01186063886	1	0.1848611087	0.9589757323	0.7574481368	4.020897865
407	0.3506765962	0.3777500689	-0.02707347274	1	0.1839774847	0.9599737525	0.760825932	4.035924911
408	0.3637836576	0.3798366189	-0.01605296135	1	0.1799362153	0.9557720423	0.7532420158	4.050292015
409	0.3718980253	0.3877376318	-0.01583960652	1	0.1792385429	0.9553365111	0.7517882586	4.062926769
410	0.3815308511	0.4025872648	-0.02105641365	1	0.180119276	0.9610826373	0.7665241957	4.068920135
411	0.3770763278	0.4020209908	-0.02494466305	1	0.184294194	0.9648134112	0.7756224871	4.061595917
412	0.3679300547	0.3946612775	-0.02673122287	1	0.1863129139	0.9629559517	0.770678401	4.037603378
413	0.3578502834	0.3720919192	-0.0142416358	1	0.1851579249	0.964247942	0.7747238874	4.013502598
414	0.3548297882	0.3851882815	-0.03035849333	1	0.1832060069	0.960426867	0.7620223165	4.00813961
415	0.3597040772	0.3975950778	-0.03789100051	1	0.1842201948	0.9607881904	0.7635634542	4.032371044
416	0.3756479025	0.3985887766	-0.0229408741	1	0.1778652966	0.9533726573	0.7482132912	4.048684597
417	0.3798417747	0.4036905169	-0.02384874225	1	0.1807784885	0.9585874677	0.7589844465	4.065398216
418	0.3877293169	0.4095894098	-0.02186009288	1	0.1833087057	0.9646946192	0.7745059729	4.074985027
419	0.3901897669	0.4106703699	-0.02048060298	1	0.1862682551	0.9672721624	0.78241539	4.060515404
420	0.3826964796	0.3967032731	-0.0140067935	1	0.1883806437	0.9665411115	0.779374063	4.037534237
421	0.3480580449	0.3790589869	-0.03100094199	1	0.1895789951	0.9635519981	0.7699905634	4.011954308
422	0.3334743977	0.354925096	-0.02145069838	1	0.1849541813	0.9599322081	0.7599896789	3.998385191
423	0.3337046206	0.3661913276	-0.03248670697	1	0.1826961339	0.9608336091	0.7630402446	4.029903889
424	0.3544615209	0.3644454479	-0.009983927011	1	0.1774842441	0.9542772174	0.7488223314	4.044203758
425	0.3621555865	0.3860195577	-0.02386397123	1	0.1789592952	0.9520065784	0.7412054539	4.056362629
426	0.3589046597	0.3744621873	-0.01555752754	1	0.1778148711	0.9606931806	0.7630791664	4.066654205
427	0.3602026999	0.3679049909	-0.007702291012	1	0.1816511303	0.9638489485	0.7736369371	4.051643848
428	0.3576186001	0.3701819777	-0.01256337762	1	0.1871001124	0.9651067853	0.7748932838	4.025814056
429	0.3462533951	0.36140728	-0.01515388489	1	0.1861202419	0.9628575444	0.7667945623	3.996306896
430	0.3511506617	0.3748958111	-0.02374514937	1	0.185680002	0.9589864016	0.7548319101	3.993394375
431	0.341149658	0.3634301424	-0.02228048444	1	0.1797613204	0.9562836885	0.749596417	4.025286674
432	0.3497475982	0.368652463	-0.01890486479	1	0.1762983948	0.9539855719	0.7482518554	4.044496059
433	0.3504808545	0.3778220713	-0.0273412168	1	0.1770626009	0.9540202022	0.7475671172	4.060287476
434	0.3587422967	0.3846279383	-0.02588564157	1	0.1795904636	0.9627249837	0.7694823146	4.071837425
435	0.3572948873	0.3681989312	-0.01090404391	1	0.1816042215	0.9659975171	0.7786579132	4.052568913
436	0.3465666175	0.3565017283	-0.009935110807	1	0.1846006215	0.9652944207	0.7759205699	4.024356365
437	0.3424564898	0.3713934422	-0.02893695235	1	0.1873589009	0.9627730846	0.7667143941	3.994264603
438	0.3302257061	0.3709114492	-0.04068574309	1	0.1841528118	0.9578626752	0.750564456	3.992143869
439	0.3357599378	0.3579575121	-0.02219757438	1	0.1809743196	0.9583875537	0.7535981536	4.030887127
440	0.3395902514	0.3504541814	-0.01086392999	1	0.1743344516	0.9492291808	0.7357178926	4.046313286
441	0.3457761109	0.366979003	-0.02120289207	1	0.1772805899	0.9538078308	0.7438634038	4.056430817
442	0.3548515439	0.3695795834	-0.0147280395	1	0.1803144813	0.9605672956	0.761075139	4.065314293
443	0.3717797697	0.3896348178	-0.01785504818	1	0.186785683	0.9641776085	0.7706945539	4.041368961
444	0.3490256667	0.3671696484	-0.0181439817	1	0.1890767813	0.963675797	0.768476963	4.028544426
445	0.3371776938	0.3599234223	-0.02274572849	1	0.1864766628	0.9612162709	0.7616446018	3.996291399
446	0.3439127505	0.3786085546	-0.03469580412	1	0.1866213083	0.9564188719	0.7481713891	3.993024826
447	0.3627479374	0.3696445525	-0.006896615028	1	0.1801979989	0.9511002302	0.7357589006	4.024618626
448	0.3720639944	0.3723935187	-0.0003295242786	1	0.1737580001	0.950245738	0.7367390394	4.049799442
449	0.3802673817	0.3934740424	-0.01320666075	1	0.1765280217	0.9467759728	0.728902638	4.058648109
450	0.3894057572	0.3899083436	-0.0005025863647	1	0.17858845	0.9575263262	0.7526475787	4.064819813
451	0.3705815971	0.3731296062	-0.002548009157	1	0.1793545038	0.9622443318	0.7672668695	4.043344021
452	0.3700574338	0.3770547807	-0.006997346878	1	0.1846899241	0.9648439288	0.7729813457	4.026323795
453	0.3702716827	0.3795246184	-0.009252935648	1	0.1861544847	0.9611026049	0.7614403963	3.995733738
454	0.3674665987	0.3857956827	-0.01832908392	1	0.1840964556	0.9492585063	0.7279791236	3.983350754
455	0.3753607869	0.3783035278	-0.002942740917	1	0.1758337319	0.9447544813	0.7202906013	4.022707462
456	0.3736719489	0.3716160059	0.002055943012	1	0.1697747409	0.9451687336	0.7250974774	4.046189785
457	0.3707869351	0.3835000992	-0.01271316409	1	0.1735813767	0.9479959607	0.7305506468	4.054049015
458	0.3828684986	0.3876530826	-0.004784584045	1	0.1747221798	0.955145061	0.7489325404	4.061986446
459	0.3737362325	0.3859517276	-0.01221549511	1	0.178941682	0.9623603821	0.7655037642	4.042160988
460	0.3668934703	0.3854319751	-0.01853850484	1	0.1818408817	0.9627102613	0.766752243	4.012262821
461	0.3722155392	0.3890112936	-0.01679575443	1	0.1836274564	0.9589755535	0.7570729256	4.002669334
462	0.3807911575	0.3888157904	-0.008024632931	1	0.1800809652	0.9545433521	0.7438719869	3.994560957
463	0.3961960375	0.394408375	0.001787662506	1	0.1749202609	0.9522464275	0.7392576337	4.032739639
464	0.3859786987	0.3809731007	0.005005598068	1	0.1695317179	0.9472122192	0.7325182557	4.047276497
465	0.3799454868	0.381801784	-0.001856297255	1	0.1688988805	0.94882828	0.7335503697	4.046916485
466	0.3750269115	0.3742720187	0.0007548928261	1	0.1705113202	0.9575727582	0.7559242249	4.055399418
467	0.3859676123	0.3895037472	-0.003536134958	1	0.1764285713	0.9600661993	0.7622593641	4.031864166
468	0.3691185117	0.3748398721	-0.005721360445	1	0.1784713566	0.9587130547	0.75805825	4.011362076
469	0.3590856493	0.3692958355	-0.01021018624	1	0.179907769	0.9551996589	0.7498804927	4.000905514
470	0.3719811141	0.371602416	0.0003786981106	1	0.1800156087	0.9540628791	0.7468708158	3.998475552
471	0.3759748936	0.3692217767	0.006753116846	1	0.17475003	0.9505178332	0.7402310371	4.026673317
472	0.380048275	0.3629259467	0.01712232828	1	0.1684855372	0.9459491968	0.7318840623	4.048470497
473	0.3579289913	0.3572432101	0.0006857812405	1	0.1674631685	0.9449356794	0.7296099663	4.047487736
474	0.35800156	0.3588792384	-0.0008776783943	1	0.1706361026	0.9566394091	0.755046308	4.056174278
475	0.3519479036	0.3554926515	-0.003544747829	1	0.1729884595	0.9601889849	0.7663139105	4.034935951
476	0.3406387866	0.34648785	-0.005849063396	1	0.1777111143	0.9592983723	0.7633419037	4.013856888
477	0.3423229754	0.3439860344	-0.001663058996	1	0.1773329079	0.9502251148	0.7440316081	3.985752344
478	0.3789920509	0.364523828	0.01446822286	1	0.1771613806	0.9466806054	0.7304974198	3.988356829
479	0.3720273674	0.3616755009	0.01035186648	1	0.1722275317	0.9458543062	0.7298613787	4.023886204
480	0.3618811369	0.3534366786	0.008444458246	1	0.1678701192	0.9470769167	0.733354032	4.049069881
481	0.3448345661	0.3487124145	-0.003877848387	1	0.1682779044	0.9471879005	0.7357870936	4.052525043
482	0.3506133556	0.3586274981	-0.008014142513	1	0.1696723253	0.9552710652	0.7560980916	4.061125755
483	0.345583111	0.3534870744	-0.007903963327	1	0.1710138917	0.9596441984	0.7662160993	4.037155151
484	0.3278171718	0.3382430375	-0.01042586565	1	0.1773365289	0.9612708092	0.7678046227	4.021119118
485	0.3403474689	0.3447868824	-0.004439413548	1	0.1789644808	0.9594939947	0.7614302635	4.000783443
486	0.3449946344	0.3487612009	-0.003766566515	1	0.1811846942	0.9567893744	0.7529071569	4.002692699
487	0.3607593179	0.3547567427	0.006002575159	1	0.1716316193	0.9481348991	0.7392513752	4.034390926
488	0.3372711837	0.3297411203	0.007530063391	1	0.1639273465	0.939724803	0.7245492339	4.045489788
489	0.3283860683	0.3269043565	0.001481711864	1	0.1612319499	0.9450148344	0.7371147871	4.042181015
490	0.3295702636	0.3286338151	0.0009364485741	1	0.1617381424	0.9533620477	0.7552159429	4.058047295
491	0.3370333612	0.3333214521	0.003711909056	1	0.1634584069	0.9563074708	0.7661200166	4.03360033
492	0.3344450295	0.3275091946	0.006935834885	1	0.1699611396	0.9560082555	0.7649447918	4.019712448
493	0.3367161155	0.3293734491	0.007342666388	1	0.1716234982	0.9551871419	0.7602648139	3.996543884
494	0.3661224842	0.3392347097	0.02688777447	1	0.1721771061	0.9542602301	0.7542998195	3.983016491
495	0.3747491241	0.3422840536	0.03246507049	1	0.1691715121	0.9496045709	0.7467127442	4.013922691
496	0.3584538698	0.3324481845	0.02600568533	1	0.1623322517	0.9461716413	0.740218997	4.041976452
497	0.3349809051	0.3286979198	0.00628298521	1	0.1635297537	0.9486252666	0.7433032393	4.050592899
498	0.338609457	0.3376313746	0.0009780824184	1	0.1641493738	0.9538835883	0.7607085109	4.06707716
499	0.3457234204	0.3445343375	0.001189082861	1	0.165594548	0.9548403621	0.7672317028	4.040864468
500	0.3584460914	0.3477010727	0.01074501872	1	0.1678565741	0.9495591521	0.7615649104	4.013944149
501	0.3724989295	0.3488104641	0.02368846536	1	0.1684766561	0.9475966692	0.7540895343	3.998430967
502	0.4131867588	0.3578985631	0.05528819561	1	0.1676930189	0.9460998774	0.7431485057	3.99788928
503	0.4208582044	0.3663363755	0.05452182889	1	0.1633440554	0.9429858923	0.7370444536	4.026115894
504	0.3669675589	0.3385733366	0.02839422226	1	0.1628023535	0.9448687434	0.7395811677	4.049461365
505	0.3407870233	0.3292520046	0.01153501868	1	0.1628055423	0.948128283	0.7428338528	4.06094265
506	0.3357219994	0.3319942355	0.003727763891	1	0.1660338342	0.9575306773	0.7650254369	4.072764874
507	0.3418592513	0.3415624499	0.0002968013287	1	0.16550982	0.9607977271	0.7746562958	4.043212891
508	0.3611167371	0.3431174755	0.01799926162	1	0.1699128747	0.9580911994	0.7705856562	4.021005154
509	0.3571930528	0.3307727277	0.02642032504	1	0.1709255576	0.9558804035	0.7624146342	4.007588863
510	0.3772282898	0.3351378441	0.04209044576	1	0.1734925956	0.9605776668	0.7687543035	4.012224674
511	0.3862836361	0.3388610184	0.04742261767	1	0.1679863483	0.9505580664	0.7449254394	4.030728817
512	0.3695706129	0.3278017044	0.0417689085	1	0.1604319215	0.9470489025	0.7367113829	4.046802998
513	0.3404248655	0.3202027977	0.02022206783	1	0.1614073068	0.9482966661	0.7475526333	4.059079647
514	0.3263621926	0.3193852603	0.006976932287	1	0.1665233821	0.9575847387	0.7687405348	4.065842152
515	0.3430423737	0.3420988619	0.0009435117245	1	0.1663506031	0.9586476088	0.7766545415	4.041846275
516	0.3457862437	0.3373642266	0.008422017097	1	0.1721888036	0.9582810998	0.7749004364	4.032299042
517	0.3504201472	0.3379677236	0.01245242357	1	0.1744574159	0.9575562477	0.7711814046	4.01018095
518	0.4120119214	0.3558388352	0.05617308617	1	0.1745220274	0.9574345946	0.7673967481	4.004526138
519	0.4069350064	0.3643386066	0.04259639978	1	0.1723447442	0.955370605	0.7614093423	4.028597832
520	0.4059660435	0.3712543547	0.03471168876	1	0.1653711498	0.9448198676	0.7445774078	4.051950932
521	0.3809221387	0.360366106	0.02055603266	1	0.166877225	0.9461071491	0.7443270087	4.06349659
522	0.3801532388	0.3673792481	0.01277399063	1	0.1679440141	0.9593727589	0.7717813849	4.070475578
523	0.3897961974	0.3794878423	0.01030835509	1	0.170355171	0.9613189697	0.7797291875	4.044863224
524	0.4175211489	0.3840359151	0.03348523378	1	0.1715604067	0.9567162395	0.7685289979	4.026100159
525	0.4336899817	0.403919071	0.02977091074	1	0.1695840806	0.952547729	0.7630041838	4.011742592
526	0.4807654917	0.41549927	0.06526622176	1	0.1706498861	0.9503515363	0.7531427741	4.003626347
527	0.4361737669	0.3838203847	0.05235338211	1	0.1695225239	0.9547996521	0.7583752871	4.032572746
528	0.4350681305	0.3885883093	0.04647982121	1	0.1630025804	0.9433611631	0.7413217425	4.054360867
529	0.4045795202	0.3680942059	0.03648531437	1	0.1623742729	0.9442558289	0.7432399988	4.058854103
530	0.3698830307	0.3565554321	0.01332759857	1	0.1696225107	0.9581598639	0.7742663026	4.073092461
531	0.3818980753	0.3690208495	0.01287722588	1	0.1710723639	0.9569109082	0.7759170532	4.046001911
532	0.4030123353	0.3766429424	0.02636939287	1	0.1712087542	0.9558736682	0.7727798223	4.026833534
533	0.4515733719	0.406778872	0.04479449987	1	0.1692587435	0.9507718682	0.7649844289	4.011229038
534	0.4819126129	0.3960430622	0.0858695507	1	0.1692041904	0.9530525208	0.7620803118	4.013254166
535	0.4197880924	0.3762789369	0.04350915551	1	0.1705390811	0.9558549523	0.76565516	4.040585518
536	0.3918828964	0.3553716242	0.03651127219	1	0.164571777	0.9478548765	0.7474585772	4.054318428
537	0.3945449293	0.3486706913	0.04587423801	1	0.1638982296	0.9521607757	0.7574813366	4.057306767
538	0.381963104	0.358206898	0.02375620604	1	0.1699171513	0.9618039131	0.7761074305	4.073918819
539	0.3734967709	0.3597204089	0.01377636194	1	0.1802037954	0.9637758136	0.7844452858	4.046440601
540	0.374096632	0.3542411029	0.01985552907	1	0.1818644702	0.962556839	0.7803880572	4.025179386
541	0.3668247759	0.3653890193	0.001435756683	1	0.1839951873	0.9641515017	0.7827140093	4.015767574
542	0.3944766223	0.3636719286	0.0308046937	1	0.178387478	0.9578046203	0.7685042024	4.011017323
543	0.3772258162	0.3492106795	0.02801513672	1	0.175859347	0.9585261345	0.7650244832	4.035272121
544	0.3727819026	0.3611518443	0.01163005829	1	0.1744259745	0.9499735832	0.7519168258	4.051880836
545	0.3229012787	0.2955177426	0.0273835361	1	0.1697730422	0.9520773292	0.7527899146	4.062657833
546	0.3395408988	0.3178091645	0.02173173428	1	0.1689605713	0.9570599794	0.7688863873	4.072429657
547	0.3366103768	0.3153513372	0.02125903964	1	0.1742175072	0.9621351957	0.7816070318	4.046269894
548	0.3186527491	0.2876199186	0.03103283048	1	0.1790985614	0.9634177089	0.7824355364	4.020227909
549	0.3113075793	0.2912990153	0.020008564	1	0.1775199473	0.9626492262	0.7803663611	4.018137932
550	0.3211283088	0.2809157968	0.04021251202	1	0.1751493216	0.9617083669	0.7732363939	4.004364967
551	0.2977017462	0.2780965567	0.01960518956	1	0.1772787124	0.9630923271	0.7744844556	4.03409338
552	0.264661938	0.2627991736	0.001862764359	1	0.1780700237	0.9615423083	0.7703730464	4.05713892
553	0.2680468857	0.2606078684	0.007439017296	1	0.1755936891	0.9615497589	0.7708565593	4.064891338
554	0.2800995409	0.2667911053	0.01330843568	1	0.17494452	0.9666429162	0.7843224406	4.074143887
555	0.2849146128	0.2701730728	0.01474153996	1	0.178946957	0.9697912931	0.7956709862	4.049440384
556	0.284925878	0.2718926072	0.01303327084	1	0.1797464639	0.9692384601	0.7933402061	4.02777338
557	0.2777950168	0.2676871121	0.01010790467	1	0.1794790924	0.9686620831	0.79150635	4.029227257
558	0.2893620133	0.2582552135	0.03110679984	1	0.179557994	0.967317462	0.7845985889	4.018906593
559	0.2857985198	0.2596457899	0.02615272999	1	0.1783007681	0.9656027555	0.7775507569	4.037027836
560	0.2589670718	0.2491550893	0.009811982512	1	0.1778908521	0.9624392986	0.7694352269	4.056738377
561	0.2583469748	0.2478676736	0.01047930121	1	0.176868245	0.9645175934	0.7764460444	4.061114311
562	0.2740416527	0.2553580999	0.01868355274	1	0.1783178896	0.9685493708	0.788946867	4.069059849
563	0.2814586759	0.2622173727	0.01924130321	1	0.181554392	0.9708428383	0.7975882292	4.047177315
564	0.2858825326	0.2649616599	0.02092087269	1	0.1812801063	0.9694024324	0.7931901217	4.027678013
565	0.2998989224	0.2825108171	0.01738810539	1	0.1823299676	0.9701988697	0.7952723503	4.031946659
566	0.3325382769	0.2934373319	0.039100945	1	0.1798126996	0.9686371684	0.7898437977	4.018894196
567	0.3119324148	0.2854048312	0.0265275836	1	0.1812284142	0.9699892402	0.7923007011	4.04155302
568	0.2960708141	0.2779556513	0.01811516285	1	0.1803212315	0.9686995745	0.7881688476	4.061460018
569	0.2910514474	0.2780417502	0.0130096972	1	0.1810738295	0.9663560987	0.7799354792	4.064477444
570	0.3093292117	0.2900096476	0.0193195641	1	0.1768122911	0.9681814909	0.7875749469	4.07103014
571	0.2936931849	0.2817206085	0.01197257638	1	0.183161214	0.9721589684	0.8017498851	4.053906441
572	0.3000380099	0.2806912959	0.01934671402	1	0.182715103	0.9711211324	0.7976325154	4.035547733
573	0.3175840974	0.2884859741	0.02909812331	1	0.1804985702	0.9693612456	0.7934746742	4.023686886
574	0.3043873608	0.2781916261	0.02619573474	1	0.1869342923	0.9700318575	0.7922555208	4.022212982
575	0.3026024401	0.2894166708	0.01318576932	1	0.1855441332	0.9687077403	0.7883021235	4.042562962
576	0.2919183075	0.2861556709	0.005762636662	1	0.1831184626	0.968259275	0.7854708433	4.059404373
577	0.304680407	0.2925008237	0.01217958331	1	0.1787534952	0.9649091363	0.7767668962	4.056266308
578	0.3159504831	0.3016159236	0.01433455944	1	0.1773147583	0.9692744017	0.7896090746	4.071389198
579	0.3187220097	0.3046993017	0.01402270794	1	0.179923892	0.971096158	0.7978728414	4.054303646
580	0.3373938203	0.3157605529	0.0216332674	1	0.1815236062	0.9712859392	0.7987879515	4.039269447
581	0.3508717716	0.3373353481	0.01353642344	1	0.1797251552	0.9686409831	0.7903511524	4.027213573
582	0.3649129868	0.3359045088	0.02900847793	1	0.1807926744	0.9670957923	0.7844786048	4.020999432
583	0.3394049108	0.3333415389	0.006063371897	1	0.1792619973	0.9664004445	0.780390799	4.041444302
584	0.3478704691	0.3432209492	0.00464951992	1	0.1782666147	0.9666853547	0.7826982141	4.058123589
585	0.3520435691	0.343947351	0.008096218109	1	0.1812276542	0.9673850536	0.7829617262	4.057989597
586	0.3666921258	0.3494613171	0.01723080873	1	0.1768460572	0.9671918154	0.7840397954	4.067722321
587	0.3633708358	0.3436998725	0.01967096329	1	0.1793681532	0.9688618779	0.7903591394	4.047873497
588	0.3677268028	0.3521227539	0.01560404897	1	0.180221647	0.9695980549	0.7951862812	4.045718193
589	0.3656718433	0.3569872379	0.00868460536	1	0.184775427	0.9701163173	0.7937161326	4.042014122
590	0.3928780854	0.3657583594	0.02711972594	1	0.1814700514	0.9666795135	0.7847295403	4.023006439
591	0.3777823448	0.3581540585	0.01962828636	1	0.180438593	0.9677602053	0.78681916	4.044506073
592	0.3678433895	0.3570687771	0.01077461243	1	0.1770856231	0.9649798274	0.7783555388	4.055708885
593	0.3711486161	0.3640391231	0.007109493017	1	0.1792494506	0.9632082582	0.7717436552	4.05456543
594	0.3753250539	0.365784049	0.009541004896	1	0.1810376942	0.9672638774	0.7832799554	4.064529896
595	0.3740404844	0.3615989983	0.01244148612	1	0.1849648207	0.9705199003	0.7966202497	4.055558205
596	0.3896485269	0.3723833561	0.01726517081	1	0.1865159273	0.9693901539	0.7917676568	4.032384396
597	0.4066211283	0.3930616379	0.01355949044	1	0.1845570654	0.9670056105	0.7872105837	4.033299446
598	0.4033550918	0.3921326101	0.01122248173	1	0.1890427768	0.9667403698	0.7838484645	4.009148598
599	0.3731312156	0.3710703552	0.002060860395	1	0.1928774565	0.9698312879	0.7877545357	4.03131628
600	0.3656256199	0.3868637085	-0.02123808861	1	0.1942812651	0.9698190093	0.7882882953	4.051784515
601	0.37381953	0.3891994953	-0.01537996531	1	0.1910663545	0.9661284089	0.7779182196	4.057175159
602	0.3764559031	0.3913128376	-0.01485693455	1	0.1899786741	0.9684647322	0.7843809724	4.066141605
603	0.3747085929	0.375163883	-0.0004552900791	1	0.1930016279	0.9723545909	0.7984393835	4.046662331
604	0.3850270212	0.3765624762	0.008464545012	1	0.1928724349	0.9701215029	0.7904928327	4.030849457
605	0.3859214187	0.3900639117	-0.00414249301	1	0.1941996962	0.9708150029	0.7934655547	4.030931473
606	0.3811393082	0.3828848898	-0.001745581627	1	0.1944327801	0.9684270024	0.7847670317	4.014202118
607	0.3712932467	0.3760353029	-0.004742056131	1	0.1922028363	0.9679363966	0.7823411822	4.032360554
608	0.3539133668	0.3681302667	-0.01421689987	1	0.1873726547	0.9635467529	0.7711962461	4.047965527
609	0.3625116944	0.3653839231	-0.002872228622	1	0.1842832118	0.9631575346	0.771168828	4.044202328
610	0.3860713542	0.3945735693	-0.008502215147	1	0.1887396723	0.9686068296	0.7847591639	4.061412334
611	0.4147846103	0.4178216159	-0.003037005663	1	0.1990158856	0.9733836651	0.8002505302	4.046023846
612	0.4162718356	0.4135800898	0.002691745758	1	0.1977707595	0.9707403779	0.792062223	4.026005745
613	0.4529365897	0.4494815469	0.003455042839	1	0.1964666992	0.9704745412	0.7916580439	4.034029007
614	0.4615876377	0.4621906281	-0.0006029903889	1	0.1977928877	0.9691229463	0.7869616747	4.008374691
615	0.4716528058	0.4799233973	-0.008270591497	1	0.197642535	0.9697974324	0.7881276011	4.031868458
616	0.4822941422	0.4964312017	-0.01413705945	1	0.195977211	0.9701896906	0.7886033058	4.047410011
617	0.5052304268	0.5085865855	-0.003356158733	1	0.1913459152	0.9647127986	0.7723269463	4.047991753
618	0.5140097737	0.5258984566	-0.01188868284	1	0.1927516311	0.9674628377	0.7796036601	4.056069374
619	0.5093945265	0.5131084919	-0.003713965416	1	0.1983929425	0.9712656736	0.793166995	4.048362255
620	0.5222799778	0.5103394985	0.01194047928	1	0.1996354163	0.9720466137	0.7948898077	4.024732113
621	0.5199392438	0.5055212975	0.01441794634	1	0.1966470331	0.970936358	0.7915468812	4.025882721
622	0.52158916	0.5018395782	0.01974958181	1	0.197326526	0.9682360291	0.7813389301	3.994488001
623	0.5207684636	0.535230279	-0.01446181536	1	0.1977409571	0.9689716101	0.7825104594	4.015490055
624	0.504116714	0.5378678441	-0.0337511301	1	0.1960553229	0.9689490795	0.7830872536	4.043533325
625	0.4992098212	0.5185614824	-0.01935166121	1	0.1929132789	0.9663991332	0.7763929963	4.047450066
626	0.5156681538	0.534350872	-0.01868271828	1	0.192363441	0.9683710933	0.7821253538	4.052317142
627	0.5326355696	0.5298730731	0.002762496471	1	0.1961850375	0.9708884954	0.7913737297	4.041454315
628	0.5246117115	0.5137255788	0.01088613272	1	0.1977704763	0.9701496363	0.7894379497	4.023517132
629	0.5071780086	0.5111807585	-0.00400274992	1	0.1935680956	0.9687423706	0.7854501605	4.028752804
630	0.5110969543	0.492847085	0.01824986935	1	0.1925146878	0.9663687348	0.7766333818	3.999567747
631	0.5128270984	0.515039742	-0.002212643623	1	0.1927074492	0.9669895172	0.7773858309	4.02161932
632	0.5004015565	0.5106622577	-0.01026070118	1	0.1895445287	0.9621249437	0.7653779387	4.037675858
633	0.4910473228	0.4836842716	0.007363051176	1	0.183160916	0.9619314075	0.7653283477	4.037352562
634	0.5072087049	0.5139603615	-0.006751656532	1	0.1840321869	0.9649125338	0.7726969123	4.057228565
635	0.5657129884	0.5636294484	0.002083539963	1	0.196093291	0.969946444	0.7871989012	4.043439865
636	0.5646162629	0.5474209189	0.01719534397	1	0.1907253712	0.9648228884	0.7736552358	4.020328045
637	0.607394278	0.5950033665	0.01239091158	1	0.1927756965	0.9679604769	0.7837515473	4.034395695
638	0.63197124	0.6095412374	0.02243000269	1	0.1923142821	0.9667221308	0.7788063884	4.000575066
639	0.6792516708	0.6598450541	0.01940661669	1	0.1954504699	0.9693154097	0.7859950066	4.015746117
640	0.6715354919	0.6697954535	0.001740038395	1	0.1945470423	0.9692101479	0.7850233912	4.033344746
641	0.6526645422	0.6432355642	0.009428977966	1	0.1872754842	0.9650901556	0.7738146782	4.038797379
642	0.6708281636	0.6630948186	0.007733345032	1	0.1878955364	0.9680632353	0.7830622792	4.053706169
643	0.6557301879	0.6470417976	0.008688390255	1	0.1921175718	0.9707314372	0.7926411629	4.044214725
644	0.6637484431	0.6435343623	0.02021408081	1	0.19148615	0.969399929	0.7890517116	4.016743183
645	0.683809638	0.6509150267	0.03289461136	1	0.1865894347	0.9670954347	0.782822907	4.027364731
646	0.7121965289	0.6486708522	0.06352567673	1	0.1849118918	0.9652355909	0.7761424184	3.991083145
647	0.7075515985	0.6637101769	0.0438414216	1	0.1848474592	0.9654579163	0.774371922	4.013056755
648	0.6786733866	0.6546268463	0.02404654026	1	0.1831816584	0.9656136632	0.7752649188	4.026747704
649	0.6579890847	0.6432822347	0.01470685005	1	0.1810882539	0.964181602	0.7716876268	4.039888859
650	0.679148674	0.6746852994	0.004463374615	1	0.181987524	0.9663348198	0.7776314616	4.05343914
651	0.6643795967	0.6457995176	0.01858007908	1	0.1848233938	0.9666736126	0.7813135982	4.038912773
652	0.6867122054	0.6500611305	0.03665107489	1	0.1891490817	0.9664204717	0.7806454897	4.013063908
653	0.7135523558	0.6870914698	0.026460886	1	0.1879097074	0.9664963484	0.7798354626	4.017112732
654	0.7486262321	0.6943541765	0.05427205563	1	0.1876867115	0.9654405713	0.7756465673	3.994764328
655	0.7410649061	0.7042102814	0.03685462475	1	0.1876373142	0.9666090608	0.7777776122	4.020760059
656	0.7147931457	0.6906223893	0.02417075634	1	0.1800219268	0.9550927281	0.746270895	4.021567345
657	0.6856690645	0.6634163857	0.02225267887	1	0.1706921309	0.9554791451	0.7494387627	4.01969099
658	0.7008427382	0.7056116462	-0.004768908024	1	0.1823415756	0.9643946886	0.7718382478	4.053206921
659	0.7160962224	0.7078539729	0.008242249489	1	0.1905073822	0.9683005214	0.7846341729	4.028244495
660	0.7522889972	0.7277395129	0.02454948425	1	0.1884659976	0.9643741846	0.7745688558	3.994958401
661	0.7630166411	0.7509740591	0.01204258204	1	0.1958648115	0.9633443952	0.7696637511	4.014266968
662	0.8466776609	0.7926719189	0.05400574207	1	0.1828752756	0.9598921537	0.7620195746	3.987650633
663	0.8308305144	0.7895646691	0.0412658453	1	0.1861197948	0.9627191424	0.7680178881	4.007025719
664	0.8122513294	0.7864226103	0.02582871914	1	0.1801860929	0.9592572451	0.7582257986	4.007960796
665	0.8158083558	0.7850676179	0.03074073792	1	0.1727412939	0.9532440901	0.7459983826	4.026576042
666	0.8142941594	0.8037059307	0.0105882287	1	0.1779796779	0.9600202441	0.7626146674	4.03759861
667	0.8147036433	0.8012077808	0.01349586248	1	0.1807354987	0.9641183019	0.7739434242	4.030096054
668	0.833178103	0.7911323309	0.04204577208	1	0.1831151247	0.9606949687	0.7638791203	3.984772921
669	0.8601094484	0.8144145012	0.04569494724	1	0.1811882555	0.9583192468	0.7590510845	4.00234127
670	0.9083638191	0.8194122314	0.08895158768	1	0.1760320067	0.9525146484	0.7465411425	3.982822895
671	0.8983350396	0.8269119263	0.07142311335	1	0.1768821329	0.9533663392	0.7475384474	4.011118412
672	0.8221194148	0.8012549877	0.02086442709	1	0.1764725894	0.9559918642	0.7510994673	4.021274567
673	0.8391374946	0.8070484996	0.03208899498	1	0.1695826948	0.9546937346	0.7481900454	4.022533417
674	0.8461719751	0.8308159709	0.01535600424	1	0.1705355793	0.9549898505	0.7494910359	4.03860569
675	0.8484627604	0.835078001	0.01338475943	1	0.1773983985	0.9625760913	0.7692943811	4.036303043
676	0.86112988	0.8105584979	0.05057138205	1	0.1815067083	0.9602513313	0.7642909288	3.991122007
677	0.8858326674	0.8433099389	0.04252272844	1	0.1838730574	0.9614831805	0.7678491473	4.004210949
678	0.9050309062	0.8129683137	0.09206259251	1	0.1776594669	0.9526721239	0.7422078252	3.982124329
679	0.9363826513	0.841714561	0.09466809034	1	0.1773377508	0.9554826617	0.7485793233	4.011012077
680	0.8699865937	0.8201960325	0.0497905612	1	0.1695270836	0.9435017705	0.7197163701	4.011689186
681	0.8466960192	0.8186196089	0.02807641029	1	0.1678387225	0.9495347142	0.7364429832	4.024086475
682	0.8675838709	0.8629812598	0.004602611065	1	0.1748553663	0.9594846368	0.7608898282	4.035772324
683	0.8743910193	0.8685898781	0.005801141262	1	0.1816009581	0.9628477693	0.7711274028	4.031378746
684	0.9268195629	0.9015674591	0.02525210381	1	0.1882927716	0.9641510844	0.7734588385	3.99034524
685	0.929191947	0.8976987004	0.03149324656	1	0.1886551082	0.963499248	0.7728586793	4.003516197
686	0.9301119447	0.8858819008	0.04423004389	1	0.1840794981	0.9601098895	0.7616070509	3.983813763
687	1.024305224	0.9486649036	0.07564032078	1	0.1812260598	0.9594298005	0.7610568404	4.008034706
688	0.9410297871	0.9120851159	0.02894467115	1	0.1779561937	0.9580942988	0.7558215261	4.012212276
689	0.9271916151	0.9037697315	0.02342188358	1	0.1731839031	0.9551808238	0.7499335408	4.018064499
690	0.9247863293	0.9109152555	0.01387107372	1	0.1750142723	0.9611104131	0.7656723261	4.026584148
691	0.9430401921	0.932713449	0.01032674313	1	0.1731073111	0.9616501927	0.7678026557	4.019534588
692	0.9799991846	0.9299724102	0.05002677441	1	0.1781655699	0.9604415894	0.7644774318	3.985686541
693	0.9855286479	0.9337455034	0.05178314447	1	0.177850917	0.9603610039	0.7657442689	3.992234707
694	1.013312101	0.9407452345	0.07256686687	1	0.1723046005	0.9522080421	0.7490808368	3.971528292
695	1.024163842	0.9144448638	0.1097189784	1	0.1731805503	0.9517737031	0.7473633289	4.003240108
696	0.9671052098	0.9049646258	0.06214058399	1	0.1672079116	0.94868958	0.7401131988	4.014199257
697	0.9681474566	0.931329906	0.03681755066	1	0.1630021781	0.9449279308	0.7329002023	4.021028996
698	0.9592747688	0.931086421	0.02818834782	1	0.1684581786	0.9557458162	0.7570521832	4.030022144
699	0.9364215136	0.9067486525	0.0296728611	1	0.1716297269	0.9571653008	0.7648674846	4.034028053
700	0.9592354298	0.8981286883	0.06110674143	1	0.1745450348	0.9549593329	0.7600418925	3.991909981
701	0.9705600739	0.9190103412	0.05154973269	1	0.1769843549	0.954944253	0.7585244179	3.996893644
702	1.038226366	0.937535584	0.1006907821	1	0.1748214215	0.9555084705	0.7543017268	3.982237577
703	1.008886099	0.9226381183	0.08624798059	1	0.180669561	0.95915097	0.7612965107	4.013288975
704	0.9576660395	0.914059937	0.04360610247	1	0.1737774163	0.9565159082	0.7543100119	4.02693224
705	0.9493807554	0.9153969288	0.03398382664	1	0.1690509617	0.9549324512	0.7516963482	4.022775173
706	0.9116365314	0.8952391744	0.01639735699	1	0.1814748049	0.9618582129	0.7687236071	4.035941124
707	0.8858033419	0.8635964394	0.0222069025	1	0.1848480105	0.9632813334	0.7749448419	4.032618046
708	0.8905428648	0.8872090578	0.003333806992	1	0.1897201985	0.9599439502	0.770324707	4.000495911
709	0.9162423015	0.8992226124	0.01701968908	1	0.1912399083	0.9583960176	0.7654030919	3.999907255
710	0.9415748119	0.9490933418	-0.007518529892	1	0.199227199	0.9515837431	0.7560530901	3.987689018
711	0.9709812403	0.9728206396	-0.001839399338	1	0.1939048022	0.9490764141	0.7467867732	4.010879993
712	0.9768984914	0.9820644855	-0.005165994167	1	0.1890403479	0.9468744397	0.7459551692	4.01910305
713	0.9434188008	0.9593646526	-0.0159458518	1	0.1838655025	0.9439359307	0.7391058803	4.034401894
714	0.9408508539	0.9430316687	-0.002180814743	1	0.1818588078	0.9512422681	0.7579671144	4.034005165
715	0.967877984	0.9573022723	0.01057571173	1	0.1794159114	0.9453017712	0.7619917989	4.043166637
716	0.9973784089	0.9741925001	0.02318590879	1	0.1829940975	0.946714282	0.7626125813	4.006521225
717	1.01151073	0.9702406526	0.04127007723	1	0.1834093332	0.95105654	0.7649959326	4.005329132
718	0.9910041094	0.9529417753	0.03806233406	1	0.1865970194	0.9524585009	0.7605698109	3.98043251
719	0.9732319713	0.9368907213	0.03634124994	1	0.1830391288	0.9511139393	0.7537693977	4.011645794
720	0.9410847425	0.9261729121	0.01491183043	1	0.176318109	0.9462755919	0.7453837395	4.021277428
721	0.9206032753	0.9157967567	0.004806518555	1	0.176715523	0.950589776	0.7476677895	4.033713818
722	0.938313365	0.9323726892	0.005940675735	1	0.1798689663	0.96006459	0.7688035369	4.039630413
723	0.948181808	0.9269794226	0.02120238543	1	0.1814930439	0.9630656242	0.7824517488	4.043676853
724	0.9751761556	0.9471080303	0.02806812525	1	0.1858707368	0.961406827	0.7775839567	4.01726532
725	0.9940894246	0.9536699653	0.04041945934	1	0.186824441	0.9626696706	0.7779407501	4.007667542
726	0.9648734331	0.9281523824	0.03672105074	1	0.1888338774	0.9605969191	0.770516336	3.99413228
727	0.9830338359	0.9612286687	0.0218051672	1	0.1888732463	0.9610078931	0.7656158209	4.016821384
728	0.9525453448	0.9437477589	0.008797585964	1	0.1828292757	0.9573988914	0.7583012581	4.025443077
729	0.9286056757	0.9342845082	-0.005678832531	1	0.1820298433	0.9585641026	0.7621418834	4.035399437
730	0.9131332636	0.9185866117	-0.00545334816	1	0.1916954368	0.9641127586	0.7733722925	4.039089203
731	0.9080961943	0.8950787783	0.013017416	1	0.1920280457	0.9670227766	0.7849628925	4.035475731
732	0.889465034	0.8904200792	-0.0009550452232	1	0.1925851256	0.9643632174	0.7795447111	4.014461517
733	0.9155396819	0.8980180621	0.0175216198	1	0.1949401796	0.9653627276	0.779307127	4.009584904
734	0.8929365277	0.8992833495	-0.006346821785	1	0.1934951842	0.9608051777	0.767162323	3.994401217
735	0.8911623955	0.893342495	-0.002180099487	1	0.1933116019	0.9565977454	0.7564998269	4.01392746
736	0.8816034198	0.8905119896	-0.008908569813	1	0.191705361	0.9556607008	0.7526785135	4.022528648
737	0.8900928497	0.8885134459	0.001579403877	1	0.1822463125	0.9512081146	0.7448899746	4.033079624
738	0.9105401039	0.8969022036	0.01363790035	1	0.183372438	0.958391726	0.7621687055	4.036426544
739	0.9119400978	0.894608438	0.01733165979	1	0.1829437912	0.9616349339	0.7729025483	4.038292408
740	0.9272617102	0.9146726727	0.01258903742	1	0.1880861223	0.9650928974	0.779294312	4.005701542
741	0.94709903	0.8977922797	0.0493067503	1	0.1858400553	0.9639467597	0.7750448585	4.001847267
742	0.9572577477	0.9284615517	0.02879619598	1	0.188463062	0.9608852863	0.7652733922	3.991989613
743	0.9368388057	0.9069001079	0.02993869781	1	0.1856439412	0.959559381	0.7609350085	4.00727272
744	0.8933392763	0.8820577264	0.01128154993	1	0.1809186637	0.955860436	0.7528777122	4.01760006
745	0.8933488131	0.8799127936	0.01343601942	1	0.1781968772	0.9532166719	0.747906208	4.033434868
746	0.897710681	0.8862871528	0.01142352819	1	0.1809917539	0.9620441198	0.7673864961	4.035579681
747	0.8964767456	0.8769191504	0.01955759525	1	0.181223169	0.9657385945	0.7797350287	4.035901546
748	0.8916548491	0.8626505733	0.0290042758	1	0.1811930686	0.9640859962	0.7765074372	4.010890961
749	0.9169956446	0.868632555	0.04836308956	1	0.1843024939	0.964640379	0.7756488323	3.99938345
750	0.9111132622	0.872700274	0.03841298819	1	0.1851985008	0.9607599974	0.7616881132	3.988349438
751	0.9067915082	0.8524603844	0.05433112383	1	0.1839019507	0.9569432139	0.7511671185	4.007719994
752	0.861794591	0.8276877403	0.03410685062	1	0.1755710244	0.948371768	0.7344697118	4.025063992
753	0.8629021645	0.8289361596	0.03396600485	1	0.1744829863	0.9533403516	0.747716248	4.036234379
754	0.8573874235	0.8459591866	0.01142823696	1	0.1867028773	0.9622862935	0.7677530646	4.041527748
755	0.8293455839	0.8106925488	0.01865303516	1	0.1868354231	0.9647088647	0.7755390406	4.04005003
756	0.7838776112	0.7810698152	0.002807796001	1	0.1867147386	0.9634788036	0.7727305889	4.009890556
757	0.7630625963	0.748439908	0.01462268829	1	0.1852747649	0.9596985579	0.764069438	4.011868954
758	0.7441979647	0.748872757	-0.00467479229	1	0.1868581474	0.95562011	0.7526192665	3.998427153
759	0.7563326955	0.7459354401	0.01039725542	1	0.1858848035	0.9507902265	0.7419694066	4.00949192
760	0.7318698168	0.7299042344	0.001965582371	1	0.1819408685	0.94696033	0.7372855544	4.020468712
761	0.7567366362	0.7289175391	0.02781909704	1	0.1743276417	0.9408831596	0.727108717	4.036134243
762	0.741853714	0.7247118354	0.0171418786	1	0.1790902466	0.9529606104	0.7524961233	4.042683601
763	0.764182508	0.7328967452	0.03128576279	1	0.1781674922	0.9579846263	0.7650037408	4.03593874
764	0.7574898005	0.7257808447	0.03170895576	1	0.1779851615	0.9571104646	0.7646054029	4.007911682
765	0.7693221569	0.7256166339	0.04370552301	1	0.1754641235	0.9547556043	0.7552884221	3.99426055
766	0.7757412195	0.7395876646	0.03615355492	1	0.1793915778	0.9530598521	0.7466478944	3.991961479
767	0.7667193413	0.7324756384	0.03424370289	1	0.181546405	0.9535406828	0.7476437688	4.012664795
768	0.7417551279	0.7180042863	0.02375084162	1	0.1757536232	0.9479340315	0.7362576723	4.019017696
769	0.7461697459	0.7052466273	0.04092311859	1	0.1721515954	0.9455120564	0.7312934995	4.032570839
770	0.7189412117	0.6966923475	0.02224886417	1	0.1755751371	0.954503119	0.7514124513	4.040942669
771	0.7523781061	0.7172257304	0.0351523757	1	0.1736577898	0.9576556087	0.7609965801	4.03608799
772	0.7290264964	0.7119307518	0.01709574461	1	0.1760059595	0.9593954682	0.7643990517	4.009422779
773	0.7417564392	0.7079718709	0.03378456831	1	0.1763012856	0.9550793171	0.7506145835	3.990171432
774	0.7326188087	0.7008891106	0.03172969818	1	0.1794591844	0.9545435905	0.7475949526	3.99268198
775	0.7416697741	0.7010923624	0.04057741165	1	0.1808211952	0.9562574029	0.7515462041	4.021909237
776	0.716250658	0.682076633	0.03417402506	1	0.1725367159	0.9418109655	0.7207244039	4.028482437
777	0.7094399333	0.6717099547	0.03772997856	1	0.1722328365	0.946413219	0.7332468033	4.038163185
778	0.7192372084	0.6902769208	0.02896028757	1	0.1776103675	0.9509096742	0.7437226772	4.04377079
779	0.7162648439	0.6793436408	0.03692120314	1	0.1786065549	0.9570133686	0.7591397166	4.043196678
780	0.6495896578	0.653262794	-0.003673136234	1	0.1820434034	0.959854126	0.7635697722	4.015842438
781	0.6567917466	0.6452661157	0.01152563095	1	0.1807405204	0.9550472498	0.7508107424	4.00276947
782	0.6379553676	0.6377540231	0.0002013444901	1	0.1830937415	0.9516705871	0.742115438	4.001135349
783	0.6200789213	0.6135997772	0.006479144096	1	0.1847716123	0.9503417015	0.7392113805	4.02133131
784	0.6096114516	0.5987004042	0.01091104746	1	0.1778635532	0.9440905452	0.7303134203	4.023024559
785	0.6201312542	0.6027414799	0.01738977432	1	0.1760178357	0.9424077272	0.7297673821	4.037478447
786	0.6103075743	0.5991434455	0.01116412878	1	0.1778392196	0.9502739906	0.7426792979	4.044326782
787	0.6117816567	0.5975064039	0.01427525282	1	0.1783562452	0.9579129815	0.7606505156	4.044411659
788	0.6133844256	0.6048573256	0.008527100086	1	0.1814499348	0.9608091712	0.7655509114	4.017553806
789	0.6479277611	0.6111972332	0.03673052788	1	0.1782664061	0.9551575184	0.7504214048	4.002824783
790	0.6276025176	0.6024416685	0.02516084909	1	0.1817483157	0.9525929689	0.7426272035	3.997633696
791	0.6348906755	0.6066925526	0.02819812298	1	0.1792384982	0.950094223	0.7384759188	4.017095566
792	0.6073611379	0.595422864	0.01193827391	1	0.1751556695	0.943744123	0.7271819711	4.030690193
793	0.6224709749	0.6046021581	0.01786881685	1	0.1736944169	0.9462145567	0.7345956564	4.0367136
794	0.6020528674	0.5963080525	0.005744814873	1	0.1784830391	0.9539285302	0.7496216297	4.053154469
795	0.6162228584	0.5969163179	0.01930654049	1	0.1783348322	0.9590140581	0.7651771307	4.0416646
796	0.6230692863	0.61173141	0.01133787632	1	0.1791642904	0.9623457789	0.7697256804	4.015384674
797	0.6278553009	0.5930578709	0.03479743004	1	0.179400444	0.9545012712	0.7526609302	4.004318237
798	0.6363879442	0.608315587	0.02807235718	1	0.1790391207	0.9490303993	0.7351155281	3.992578745
799	0.6430023909	0.6112691164	0.03173327446	1	0.1762302518	0.9521983862	0.7427918911	4.024696827
800	0.6260188222	0.5935155153	0.03250330687	1	0.1697178185	0.939724803	0.7197820544	4.044005871
801	0.6592835188	0.621419251	0.03786426783	1	0.1663445383	0.9490462542	0.7407074571	4.031836987
802	0.6038489938	0.5966904759	0.007158517838	1	0.1799653769	0.9539354444	0.7500743866	4.043361664
803	0.6087091565	0.6112715602	-0.002562403679	1	0.1795223653	0.9578760862	0.76085186	4.026862621
804	0.5547530651	0.5667759776	-0.0120229125	1	0.183142215	0.9619780779	0.7681121826	4.011846542
805	0.5271148682	0.5317822695	-0.004667401314	1	0.1821963191	0.9549439549	0.7512462735	4.001803875
806	0.5091875792	0.5141589046	-0.004971325397	1	0.1777749211	0.9420605898	0.7318040133	4.004785538
807	0.5649095178	0.5649821162	-7.259845734e-05	1	0.1723175496	0.9358139038	0.7222057581	4.018909454
808	0.5584854484	0.5691928864	-0.01070743799	1	0.1714423448	0.9326546192	0.714946866	4.032077789
809	0.5491431355	0.5342718959	0.01487123966	1	0.1670154035	0.9343150854	0.7176371813	4.034198761
810	0.4747308195	0.4730060697	0.001724749804	1	0.1738795787	0.9439365864	0.7323568463	4.034495354
811	0.4633773267	0.4692377448	-0.005860418081	1	0.1784953475	0.9559057355	0.7577061653	4.023895264
812	0.4389454424	0.4484594464	-0.009514003992	1	0.1849506199	0.9608992338	0.7672200799	3.99813652
813	0.472967416	0.4630407691	0.009926646948	1	0.1852147132	0.9588536024	0.7579189539	3.979185104
814	0.4627833664	0.4613506198	0.001432746649	1	0.1880100518	0.9539908171	0.7458564043	3.996981621
815	0.5062907934	0.4915997684	0.01469102502	1	0.1803175211	0.9529451728	0.7441651225	4.019443512
816	0.4659255445	0.4577336013	0.008191943169	1	0.175857231	0.9468236566	0.7313424349	4.035948753
817	0.4815603495	0.4811262488	0.0004341006279	1	0.1773419678	0.9507330656	0.7408083677	4.032108784
818	0.4724885821	0.4870460927	-0.01455751061	1	0.1824387759	0.9572400451	0.7566996813	4.03751421
819	0.4822554886	0.5034445524	-0.02118906379	1	0.1878359914	0.9645529985	0.7757441401	4.022971153
820	0.489266336	0.5185053945	-0.02923905849	1	0.1859525889	0.9639226794	0.7728586793	3.988276482
821	0.5040243268	0.5151994228	-0.01117509604	1	0.1883058846	0.9600729942	0.7621036768	3.975342274
822	0.4560697675	0.4778952003	-0.02182543278	1	0.1897552311	0.9564310908	0.7517071962	3.993472576
823	0.5031471252	0.497128129	0.006018996239	1	0.1811376959	0.9490520954	0.7350407839	4.020334244
824	0.4857853353	0.4698170722	0.01596826315	1	0.1766459942	0.9473871589	0.7347651124	4.042232037
825	0.5153320432	0.5049465895	0.0103854537	1	0.1752735972	0.954682827	0.7510866523	4.035434246
826	0.4933757782	0.5033484697	-0.009972691536	1	0.1831956506	0.9561986327	0.7538754344	4.034534454
827	0.4963612258	0.5212124586	-0.02485123277	1	0.1887107044	0.9630584717	0.7715830207	4.019239902
828	0.481489718	0.518671453	-0.03718173504	1	0.1878968626	0.9638307691	0.7722451091	3.991483688
829	0.4630888104	0.4797655344	-0.01667672396	1	0.1873182356	0.9599472284	0.7601621747	3.986598015
830	0.4375466704	0.4491302967	-0.01158362627	1	0.1848589033	0.9565470815	0.7524216771	3.998177767
831	0.4704413712	0.4664583206	0.003983050585	1	0.1806381792	0.9543269873	0.7471065521	4.022945404
832	0.4733793736	0.4802059829	-0.006826609373	1	0.1821004897	0.9502684474	0.7387238741	4.039004803
833	0.4339430332	0.4308381379	0.003104895353	1	0.1785314381	0.951192379	0.7433015108	4.03962183
834	0.3910739422	0.387993902	0.003080040216	1	0.1804618686	0.9538043141	0.7493643165	4.031756878
835	0.3956384063	0.4042371511	-0.008598744869	1	0.1838206351	0.9620265961	0.7696635723	4.026499271
836	0.386783421	0.4149669409	-0.02818351984	1	0.1871015728	0.9647251964	0.7755374908	4.001039982
837	0.4316318035	0.4445365667	-0.01290476322	1	0.186928764	0.9612463117	0.7638491392	3.979555845
838	0.3969920576	0.4179991782	-0.02100712061	1	0.1839633435	0.9549990892	0.748445034	3.991754055
839	0.4318304658	0.4458111227	-0.01398065686	1	0.1793378145	0.9530292749	0.7441166639	4.018429279
840	0.4388507605	0.4457702637	-0.006919503212	1	0.1762876213	0.9475046992	0.7337386012	4.043022156
841	0.4407927096	0.4561952949	-0.01540258527	1	0.1790395677	0.9490898848	0.7385154963	4.046769142
842	0.4438842237	0.4554234445	-0.01153922081	1	0.1816877127	0.9543097615	0.7511467338	4.042107582
843	0.4464134872	0.4609388709	-0.01452538371	1	0.1838570684	0.9601675868	0.7664130926	4.026755333
844	0.4568710327	0.4878174961	-0.03094646335	1	0.1853329986	0.9626346827	0.7726995349	3.999141455
845	0.4630494714	0.4875434637	-0.02449399233	1	0.183558628	0.9598602057	0.7623446584	3.980215788
846	0.4554451406	0.5031019449	-0.04765680432	1	0.1826127619	0.9542309046	0.7491320372	3.995099068
847	0.4992495477	0.5336399674	-0.03439041972	1	0.1742385179	0.9444365501	0.7293431759	4.020378113
848	0.508367002	0.5138710737	-0.005504071712	1	0.1685439348	0.9371224642	0.7187975645	4.0410676
849	0.5207125545	0.5247288346	-0.004016280174	1	0.1715275049	0.9490394592	0.741279006	4.039334774
850	0.510892272	0.5057856441	0.005106627941	1	0.1790132821	0.9576970935	0.7589690089	4.039317131
851	0.4981175363	0.4854061604	0.01271137595	1	0.1827494353	0.9640931487	0.7761597633	4.02273941
852	0.4951378107	0.5029768944	-0.007839083672	1	0.1820949763	0.9630203247	0.7735298872	4.007357597
853	0.4829386771	0.4915111959	-0.008572518826	1	0.1811606586	0.9608659148	0.7651431561	3.979174614
854	0.4544435143	0.4777922332	-0.02334871888	1	0.1818773597	0.9595695734	0.7623658776	4.001294613
855	0.5385231972	0.5371034741	0.001419723034	1	0.1749489754	0.9553427696	0.7555510998	4.020849228
856	0.5702006221	0.5691334009	0.001067221165	1	0.1753881425	0.9521183968	0.7487927675	4.047036171
857	0.5839790106	0.5861956477	-0.002216637135	1	0.1762956679	0.9487479329	0.7418497801	4.053514957
858	0.5364983678	0.5288367867	0.007661581039	1	0.1773881614	0.950997591	0.7489625812	4.04851532
859	0.5088311434	0.5008229017	0.008008241653	1	0.1840237975	0.9574996233	0.7636123896	4.029895306
860	0.509326458	0.5136961341	-0.004369676113	1	0.1846126765	0.9592913389	0.7674447894	4.005709171
861	0.4990071654	0.500983119	-0.001975953579	1	0.1850406229	0.9594849348	0.7633267641	3.970986128
862	0.4940299988	0.5214498639	-0.02741986513	1	0.1829333901	0.9562064409	0.7550646663	3.988413095
863	0.5340636373	0.5760957599	-0.04203212261	1	0.1789462119	0.9515639544	0.746191144	4.016706467
864	0.5697292089	0.588865757	-0.01913654804	1	0.1751989573	0.9468878508	0.7352019548	4.04227829
865	0.5607283711	0.587972939	-0.02724456787	1	0.1759211272	0.9456831813	0.7365225554	4.048699379
866	0.5383102894	0.5527789593	-0.01446866989	1	0.1784671247	0.9537497759	0.7528754473	4.045015335
867	0.5526223183	0.5624734163	-0.009851098061	1	0.1800557524	0.9515852332	0.7542057037	4.016997337
868	0.5189691186	0.5354773998	-0.01650828123	1	0.1832218915	0.9572743177	0.7625175714	4.005619049
869	0.4910671711	0.542249918	-0.05118274689	1	0.1866759062	0.960221231	0.7620217204	3.975104809
870	0.4748434424	0.5372831225	-0.0624396801	1	0.1829866171	0.9570194483	0.7552173734	3.992089033
871	0.5019114614	0.5608771443	-0.05896568298	1	0.1785054058	0.9513862133	0.7420145869	4.021372318
872	0.5089666247	0.5322426558	-0.02327603102	1	0.173667863	0.9445927143	0.7300200462	4.040639877
873	0.5317169428	0.5415534377	-0.009836494923	1	0.173437044	0.9513134956	0.7450636029	4.043056488
874	0.498470217	0.4986206293	-0.0001504123211	1	0.1748394668	0.9582946301	0.7617223263	4.034143925
875	0.5038820505	0.5021015406	0.001780509949	1	0.1819511503	0.9626485109	0.7722100616	4.022562981
876	0.5224201083	0.5262209177	-0.003800809383	1	0.1872211248	0.9658066034	0.7776221037	4.012789249
877	0.5603499413	0.5672723055	-0.006922364235	1	0.1878658235	0.9646545649	0.7743970156	3.990300417
878	0.5594710112	0.5537341833	0.00573682785	1	0.1851831377	0.9643061757	0.7734587789	3.998180151
879	0.5518507361	0.5723307729	-0.02048003674	1	0.1800850183	0.9582122564	0.7600677013	4.023735046
880	0.6147025228	0.6111367941	0.003565728664	1	0.1795215607	0.9588791728	0.7600705624	4.040834427
881	0.5755190849	0.5788940191	-0.003374934196	1	0.1761020869	0.9533471465	0.7483314276	4.04408884
882	0.5686056018	0.5634841919	0.005121409893	1	0.1810707748	0.9617228508	0.767847538	4.048804283
883	0.5544506311	0.5494512916	0.004999339581	1	0.1849617362	0.9652342796	0.7769392729	4.029745579
884	0.5429880023	0.5534492135	-0.0104612112	1	0.1877121776	0.9664138556	0.7797722816	4.012172699
885	0.5591965914	0.5630306602	-0.003834068775	1	0.1876958609	0.9656611681	0.7762277722	3.980448484
886	0.5568116307	0.5499240756	0.006887555122	1	0.1849061698	0.9629351497	0.7690894604	3.981247425
887	0.5799572468	0.6056596637	-0.0257024169	1	0.1810902804	0.960419178	0.7622013092	4.015556812
888	0.6079273224	0.6183532476	-0.01042592525	1	0.1789821833	0.9563648701	0.7520631552	4.040568352
889	0.5867038369	0.597070992	-0.01036715508	1	0.1761529148	0.955330193	0.7522667646	4.046991825
890	0.5615293384	0.5729393959	-0.01141005754	1	0.1778776348	0.960647583	0.7656095624	4.046162605
891	0.5513705015	0.5622504354	-0.01087993383	1	0.1829528809	0.963816762	0.7728939056	4.02828455
892	0.5374896526	0.5582619905	-0.02077233791	1	0.1897788793	0.9673727751	0.7810160518	4.007164001
893	0.4966386259	0.5521397591	-0.0555011332	1	0.193644613	0.9678794146	0.7820531726	3.985233068
894	0.4997763038	0.5390568972	-0.0392805934	1	0.1895155013	0.9658128023	0.7767542601	3.988871574
895	0.5251310468	0.5484739542	-0.02334290743	1	0.184524253	0.9647539854	0.7750113606	4.027170181
896	0.5621851087	0.5849055648	-0.02272045612	1	0.181341365	0.9617774487	0.7662174702	4.04362011
897	0.515170455	0.528173089	-0.01300263405	1	0.1750328243	0.9561956525	0.7562836409	4.042194366
898	0.5280714631	0.5244171023	0.003654360771	1	0.1783592999	0.9641205668	0.7751970887	4.04845047
899	0.5280586481	0.5203909278	0.007667720318	1	0.1810010076	0.9666848779	0.7823430896	4.030132294
900	0.5293747187	0.5204645991	0.008910119534	1	0.1865454614	0.9705873132	0.7939783931	4.022416592
901	0.5408944488	0.5423516631	-0.001457214355	1	0.1890970916	0.9695888758	0.7893260717	3.99611783
902	0.5450196266	0.5400536656	0.004965960979	1	0.1858634651	0.9687598944	0.7884215117	3.994291782
903	0.5481780767	0.5557539463	-0.00757586956	1	0.1857057363	0.9663992524	0.7807674408	4.020466805
904	0.5783959627	0.5772885084	0.0011074543	1	0.183575049	0.9664546251	0.7813500166	4.043509483
905	0.5697456598	0.568800807	0.000944852829	1	0.1788564771	0.9626173973	0.7714183331	4.047733784
906	0.5597168803	0.5435227752	0.01619410515	1	0.1773691326	0.9653682709	0.7797782421	4.049503803
907	0.5506702065	0.5351555943	0.0155146122	1	0.1784497499	0.9673244953	0.7864490747	4.038520813
908	0.5639339685	0.5493241549	0.01460981369	1	0.1847171038	0.9706875682	0.7955108881	4.024013996
909	0.5693838	0.5601439476	0.009239852428	1	0.187341556	0.9697934985	0.7908888459	3.994050503
910	0.541192472	0.54598701	-0.004794538021	1	0.1890848428	0.9699949622	0.7917271852	3.993741274
911	0.5550743937	0.5507614017	0.004312992096	1	0.1838819385	0.965752542	0.7789313197	4.013912678
912	0.5740329027	0.5671172142	0.006915688515	1	0.1788132787	0.9633800983	0.7725015283	4.03929615
913	0.5385532379	0.541205287	-0.002652049065	1	0.1765245646	0.9633704424	0.7729212642	4.047509193
914	0.546918571	0.542865634	0.004052937031	1	0.1780345142	0.9668473005	0.7838878632	4.055383682
915	0.5481530428	0.5439549685	0.004198074341	1	0.1813693494	0.9684143066	0.7877499461	4.041996002
916	0.5605129004	0.5409160852	0.01959681511	1	0.181354925	0.9698046446	0.7925192714	4.023566246
917	0.5369998217	0.5218142271	0.01518559456	1	0.1822367907	0.9679997563	0.7864988446	3.999113798
918	0.5477800369	0.538536489	0.009243547916	1	0.1835360825	0.9694912434	0.7916215062	4.004024506
919	0.532114327	0.5230048895	0.009109437466	1	0.1837492734	0.9664290547	0.7820217609	4.022756577
920	0.5334136486	0.5107414722	0.02267217636	1	0.1730426252	0.9603602886	0.7643896937	4.033801556
921	0.5248494148	0.500459373	0.02439004183	1	0.1671088487	0.9606297612	0.7668732405	4.038216591
922	0.5722809434	0.5555412173	0.01673972607	1	0.176301986	0.9660979509	0.7810837626	4.053820133
923	0.5675187707	0.5587859154	0.00873285532	1	0.1874318421	0.969193399	0.7904316783	4.047904015
924	0.5777005553	0.5647175312	0.01298302412	1	0.1908161342	0.9717779756	0.7985545397	4.026317596
925	0.6561514735	0.6493450403	0.006806433201	1	0.1991505921	0.9694720507	0.7898612022	3.999110937
926	0.6063653827	0.6006065607	0.005758821964	1	0.1895855516	0.9689733386	0.7904698253	3.997170687
927	0.6075729132	0.5969159603	0.01065695286	1	0.1849137843	0.9661185145	0.7810992002	4.012108803
928	0.6241884828	0.6080511808	0.01613730192	1	0.1810099781	0.9654870033	0.7791259289	4.031123638
929	0.613515377	0.5959732533	0.01754212379	1	0.1682637185	0.9604082704	0.7670151591	4.029967308
930	0.6112258434	0.5865181684	0.02470767498	1	0.1721854806	0.9660044312	0.7852240801	4.043360233
931	0.6107999682	0.5889636278	0.02183634043	1	0.1761162579	0.9668241143	0.7870016694	4.033574581
932	0.6029706001	0.574447155	0.02852344513	1	0.1782250106	0.9669960737	0.7882857323	4.01181078
933	0.6174779534	0.5736823082	0.04379564524	1	0.1773153841	0.9647755623	0.7809483409	3.989761829
934	0.6411451697	0.5922108889	0.04893428087	1	0.1788644642	0.9651950002	0.7801187634	3.993191957
935	0.6431800127	0.5758265257	0.06735348701	1	0.1730245352	0.9634883404	0.7742363811	4.012863159
936	0.6074246764	0.5568932891	0.05053138733	1	0.16777502	0.9624807239	0.7729308009	4.030892372
937	0.5668381453	0.5394297838	0.02740836143	1	0.1633654237	0.9599150419	0.765647769	4.023274899
938	0.5805556178	0.5413090587	0.03924655914	1	0.1666891724	0.9655507207	0.7832000256	4.0408535
939	0.5595290065	0.5438821912	0.0156468153	1	0.1698984653	0.9655593038	0.7831141949	4.035169601
940	0.6044011116	0.5614669323	0.04293417931	1	0.1720598787	0.964600265	0.7817215919	4.017837048
941	0.5862246752	0.536164999	0.05005967617	1	0.1761076003	0.9634875059	0.778321743	3.994598866
942	0.6123435497	0.5471822619	0.06516128778	1	0.1738054901	0.9630020857	0.7766035795	3.995396137
943	0.6261512041	0.5286998749	0.09745132923	1	0.1692326069	0.9607599378	0.7705287933	4.01722002
944	0.5908894539	0.5163347721	0.07455468178	1	0.1625262499	0.9591732025	0.7666478753	4.032114506
945	0.5420300364	0.505610764	0.03641927242	1	0.158402577	0.957488358	0.7617486715	4.019055843
946	0.5780026317	0.5439721942	0.03403043747	1	0.1627114415	0.9643903375	0.7835060358	4.032199383
947	0.5693388581	0.5674903989	0.001848459244	1	0.1691586822	0.965069294	0.7852703333	4.031890869
948	0.5906195045	0.5682715178	0.0223479867	1	0.1700006574	0.9630554914	0.7786259651	4.015193462
949	0.580809176	0.550221324	0.030587852	1	0.1753264666	0.9631673098	0.7784677148	3.998444796
950	0.6088786125	0.5571330786	0.05174553394	1	0.1730107069	0.9613339305	0.7738780975	3.999766111
951	0.6375908256	0.5452741981	0.0923166275	1	0.1678792983	0.9554942846	0.7601338625	4.012934685
952	0.6090670228	0.5486415029	0.06042551994	1	0.1630320847	0.9565535188	0.7650545239	4.029912949
953	0.6133183241	0.5758485198	0.03746980429	1	0.1563746929	0.9550310969	0.7611570358	4.015163898
954	0.5895430446	0.5652629137	0.02428013086	1	0.163202852	0.9629842639	0.7852914929	4.033008575
955	0.5675801635	0.5650925636	0.00248759985	1	0.1680387259	0.9634378552	0.7849849463	4.02888298
956	0.637028873	0.6037309766	0.03329789639	1	0.1681085825	0.9619792104	0.7788478136	4.0069561
957	0.6311940551	0.6003385782	0.03085547686	1	0.1717033684	0.9621821046	0.7792593837	3.994080782
958	0.6611801982	0.5994583368	0.06172186136	1	0.1761131883	0.9620297551	0.7776532173	3.993016481
959	0.66175735	0.5545036793	0.1072536707	1	0.1695833951	0.9590383172	0.7689929008	4.010895252
960	0.6303833723	0.5673303008	0.0630530715	1	0.1640150696	0.9597483873	0.7744726539	4.024916649
961	0.5929878354	0.5543675423	0.03862029314	1	0.1609501988	0.9589774609	0.7698263526	4.015129566
962	0.5995762944	0.5659621954	0.03361409903	1	0.1663083434	0.964905858	0.7893826365	4.029611588
963	0.6037456989	0.5815775394	0.02216815948	1	0.168058902	0.9645491242	0.7880621552	4.025290489
964	0.628262639	0.5908870101	0.03737562895	1	0.1705624461	0.963157475	0.7845875621	4.004610538
965	0.6043380499	0.5799311996	0.02440685034	1	0.1745141894	0.9623621702	0.7810507417	3.990731001
966	0.6637665629	0.5740202069	0.08974635601	1	0.1750131398	0.962054193	0.7794464827	3.997992754
967	0.6564766169	0.5476207137	0.1088559031	1	0.1744769514	0.9613171816	0.7725496888	4.005322933
968	0.6261056066	0.5666179657	0.05948764086	1	0.1651211977	0.9582455158	0.7689320445	4.020689487
969	0.5975192785	0.5508563519	0.04666292667	1	0.1598672867	0.957578361	0.7662398815	4.007826805
970	0.5825698376	0.5448237658	0.03774607182	1	0.167739585	0.9658932686	0.790781498	4.031084538
971	0.545255959	0.527399838	0.01785612106	1	0.1735248417	0.9647727013	0.7901366353	4.020969391
972	0.5469256639	0.5106843114	0.03624135256	1	0.1787919253	0.9609766603	0.7842802405	3.994658947
973	0.5119999051	0.4779508114	0.03404909372	1	0.1846628785	0.9590296149	0.7775290608	3.988184214
974	0.520127058	0.4780175388	0.04210951924	1	0.1761015654	0.9539416432	0.7702015638	3.994016409
975	0.5471997857	0.4769541919	0.07024559379	1	0.170265168	0.9493501782	0.7592679858	4.009721279
976	0.532666564	0.4965124726	0.03615409136	1	0.1648083627	0.9476831555	0.7617154121	4.028330803
977	0.4904726446	0.4779037833	0.01256886125	1	0.1656065285	0.9458281994	0.7545853853	4.018464565
978	0.519012928	0.4801347852	0.03887814283	1	0.165033564	0.9540476799	0.7745132446	4.024567604
979	0.5055696368	0.4763820171	0.02918761969	1	0.1715120822	0.9578947425	0.7792223096	4.023442745
980	0.5391007662	0.5040707588	0.03503000736	1	0.1727549732	0.9600647688	0.7803160548	3.985398769
981	0.5102260113	0.4769451916	0.03328081965	1	0.1749450862	0.9558666945	0.7710818052	3.977407932
982	0.5563820601	0.5015072823	0.05487477779	1	0.1733625829	0.951659143	0.7665572166	3.995642424
983	0.5629464388	0.4747708738	0.088175565	1	0.1684450656	0.9487150908	0.7596437931	4.009312153
984	0.478949219	0.4475083947	0.03144082427	1	0.169486329	0.9569459558	0.7731358409	4.030304432
985	0.4507941604	0.4357207716	0.01507338881	1	0.1680409759	0.9567439556	0.7676438689	4.020012379
986	0.4880093932	0.4521091878	0.03590020537	1	0.1704041213	0.9617441297	0.7867497802	4.025816917
987	0.510073185	0.4759141803	0.03415900469	1	0.1729729921	0.9590451121	0.7826701403	4.020471573
988	0.5306383371	0.5017347932	0.02890354395	1	0.1720761806	0.9611611366	0.7847605348	3.980757236
989	0.498100698	0.4628004432	0.03530025482	1	0.1767469943	0.9612216949	0.7814991474	3.975741863
990	0.5711997747	0.4846472442	0.08655253053	1	0.1695510894	0.9556590319	0.7689387798	4.002547741
991	0.5464501977	0.4695751667	0.07687503099	1	0.1690733284	0.952462852	0.7656003237	4.011987686
992	0.4910097718	0.453468591	0.03754118085	1	0.1668246984	0.9559623003	0.7657664418	4.021297455
993	0.4906155765	0.4547168314	0.03589874506	1	0.1626535356	0.9584239125	0.7667992711	4.006800175
994	0.4999874532	0.4624577463	0.03752970695	1	0.1726682484	0.9668378234	0.7894409895	4.025097847
995	0.5295212865	0.5010899901	0.02843129635	1	0.1805952787	0.9662646055	0.789780736	4.019658566
996	0.5791306496	0.5625548363	0.01657581329	1	0.1775346994	0.9659650922	0.7882424593	3.979630232
997	0.5721347332	0.5452190638	0.02691566944	1	0.1823609173	0.9636723399	0.782289803	3.975502014
998	0.6214491725	0.5645001531	0.05694901943	1	0.1787308455	0.9608702064	0.7760601044	4.003090858
999	0.6194072962	0.5603215098	0.05908578634	1	0.1773173362	0.9595440626	0.7723790407	4.01356554
1000	0.6188633442	0.576008141	0.04285520315	1	0.1743373126	0.9597184062	0.7747191191	4.028092384
1001	0.6362515688	0.5836532116	0.0525983572	1	0.1682041734	0.9575332403	0.7634894848	4.013310909
1002	0.6289038062	0.5882374048	0.04066640139	1	0.1730225384	0.9639887214	0.7813034058	4.022847652
1003	0.6213070154	0.6012840271	0.02002298832	1	0.1769589633	0.9681746364	0.7916523218	4.013758183
1004	0.6100375056	0.5959050655	0.01413244009	1	0.1793228537	0.9683914185	0.7905318737	3.986220837
1005	0.6309156418	0.5911663771	0.03974926472	1	0.1784102023	0.9632662535	0.7776201367	3.967903137
1006	0.643276751	0.591548264	0.05172848701	1	0.1838541627	0.965832293	0.7803640962	3.991379261
1007	0.6158208847	0.5831587911	0.03266209364	1	0.1879324913	0.9677876234	0.7846582532	4.015010357
1008	0.608750999	0.5891709328	0.0195800662	1	0.1810584217	0.9685652852	0.7879997492	4.026903152
1009	0.6357018352	0.5987585783	0.03694325686	1	0.1740309149	0.9654029012	0.7792152166	4.019106388
1010	0.6313233376	0.6127694249	0.01855391264	1	0.1805364192	0.9712406397	0.7970817089	4.02706337
1011	0.6462622881	0.6331345439	0.0131277442	1	0.184770599	0.973628521	0.8050993085	4.016490936
1012	0.6637480855	0.6397635937	0.02398449183	1	0.1840347052	0.972868681	0.8035296202	3.989658833
1013	0.6811469793	0.6444702148	0.03667676449	1	0.184896946	0.9700631499	0.7931690216	3.977609158
1014	0.7117019892	0.6387966871	0.07290530205	1	0.1820308715	0.9667958021	0.7831417322	3.993581533
1015	0.7149068117	0.6662053466	0.04870146513	1	0.1857261956	0.9704278111	0.7932265997	4.014166355
1016	0.7067004442	0.6754668355	0.03123360872	1	0.1752283871	0.9657785296	0.779122293	4.024327755
1017	0.6923412085	0.6551433802	0.03719782829	1	0.1724155247	0.9660363197	0.780636847	4.019896507
1018	0.6897493005	0.6746224165	0.01512688398	1	0.187754035	0.9732373357	0.8013673425	4.035030365
1019	0.6774550676	0.656250298	0.02120476961	1	0.1914213002	0.9737861156	0.8042375445	4.019621849
1020	0.6601037979	0.6379309893	0.02217280865	1	0.1910006404	0.9722204804	0.7990384102	3.987668753
1021	0.6407802105	0.6266686916	0.01411151886	1	0.1932846755	0.9704502821	0.7928677797	3.996049881
1022	0.6694512963	0.661042273	0.008409023285	1	0.1908943802	0.9681378603	0.7860915065	3.994531631
1023	0.6783050299	0.6706637144	0.00764131546	1	0.1930540204	0.9681673646	0.7845882177	4.012078762
1024	0.6760873795	0.6876123548	-0.0115249753	1	0.191102758	0.967407763	0.7820845842	4.028743267
1025	0.6591268182	0.6548867226	0.004240095615	1	0.1845540702	0.9651706219	0.7756766081	4.02654171
1026	0.6888784766	0.6882568598	0.0006216168404	1	0.190602392	0.9717854857	0.7955231667	4.033004284
1027	0.6861996651	0.6782799959	0.007919669151	1	0.1866299212	0.97108531	0.7959025502	4.027689457
1028	0.6744586229	0.6611879468	0.01327067614	1	0.1891444474	0.9716723561	0.7964746356	3.995739937
1029	0.6812044978	0.661962688	0.01924180984	1	0.1897858828	0.9696699977	0.7897840142	3.986569405
1030	0.6725746393	0.6498898864	0.02268475294	1	0.1868266761	0.967423141	0.7824427485	4.000995636
1031	0.6669607759	0.652479291	0.01448148489	1	0.1860399991	0.9662486315	0.7780902386	4.019465923
1032	0.6574863195	0.6635153294	-0.006029009819	1	0.1831858903	0.9665769935	0.7791085839	4.03541851
1033	0.6656398773	0.6628260612	0.002813816071	1	0.182890743	0.965841949	0.7777301073	4.02778101
1034	0.6896910071	0.687754035	0.001936972141	1	0.1876655817	0.9698605537	0.7895156145	4.041285038
1035	0.6795458198	0.6739753485	0.005570471287	1	0.186242491	0.9711863995	0.795065999	4.028450966
1036	0.6838153601	0.6568575501	0.02695780993	1	0.1898876429	0.9708563685	0.792750299	4.003257751
1037	0.6824441552	0.6623603106	0.02008384466	1	0.1901175082	0.9703535438	0.7918474078	3.985724688
1038	0.672503531	0.6476479769	0.0248555541	1	0.1873408109	0.9674172401	0.7816491723	4.002849579
1039	0.6664299965	0.6497405767	0.01668941975	1	0.1888305545	0.9667410851	0.7790296674	4.021962166
1040	0.6351543665	0.6476176381	-0.01246327162	1	0.1845341921	0.9643889666	0.7719843984	4.038462162
1041	0.6485294104	0.6357257366	0.01280367374	1	0.180248037	0.9641047716	0.7732498646	4.024042606
1042	0.6737336516	0.6807379127	-0.007004261017	1	0.1921062768	0.9681726098	0.7832365632	4.047408104
1043	0.6675066948	0.6614412069	0.006065487862	1	0.1939938813	0.9702859521	0.7895205617	4.036114693
1044	0.6645992994	0.6361879706	0.02841132879	1	0.1893982589	0.9691101313	0.7871040106	4.000315666
1045	0.7018187642	0.678588748	0.02323001623	1	0.1924308836	0.9683720469	0.7847007513	3.987745762
1046	0.7222845554	0.6886196136	0.03366494179	1	0.1856879443	0.9639395475	0.7718718648	3.997818708
1047	0.7080697417	0.7047604918	0.003309249878	1	0.1903442144	0.9642678499	0.7711852193	4.0242486
1048	0.7207865715	0.7295880914	-0.008801519871	1	0.1889947355	0.9641667604	0.7707127929	4.041478157
1049	0.7220765948	0.7193744183	0.002702176571	1	0.1855692118	0.9603723884	0.7626823187	4.033082485
1050	0.7393602133	0.7393920422	-3.182888031e-05	1	0.1866304576	0.9624465704	0.7689423561	4.04461956
1051	0.7347425818	0.7173553705	0.01738721132	1	0.1831105053	0.9667901397	0.7799559236	4.035647392
1052	0.7344256639	0.7051087618	0.02931690216	1	0.1875177622	0.9670559168	0.7799969912	3.995611906
1053	0.74501127	0.7176911235	0.02732014656	1	0.1924070865	0.966372788	0.7770316601	3.98202467
1054	0.7250900269	0.6933030486	0.03178697824	1	0.1842717081	0.9626697302	0.7675177455	3.997193098
1055	0.7174402475	0.7015876174	0.01585263014	1	0.1829590648	0.9606614709	0.7619700432	4.025165558
1056	0.715403676	0.7198176384	-0.004413962364	1	0.1823968142	0.9615629315	0.7653498054	4.039757252
1057	0.7231194377	0.7258451581	-0.002725720406	1	0.1826168597	0.9595574737	0.7609860897	4.028849125
1058	0.7762572169	0.7847172022	-0.008459985256	1	0.1886597723	0.9669054151	0.7812877893	4.048504829
1059	0.7988939881	0.7890808582	0.009813129902	1	0.1858263016	0.9678305387	0.7848874331	4.044559956
1060	0.7981572747	0.7505216599	0.04763561487	1	0.1881283075	0.969427824	0.7899519801	3.996170044
1061	0.8219684362	0.7916080952	0.03036034107	1	0.189523384	0.9641134143	0.7717827559	3.997353077
1062	0.8170828223	0.7995743752	0.01750844717	1	0.1865430772	0.9646717906	0.7737829089	4.009325504
1063	0.8199962378	0.814152658	0.005843579769	1	0.182108745	0.960662365	0.7627844214	4.031121254
1064	0.8251136541	0.8406233191	-0.01550966501	1	0.1773886532	0.9546143413	0.750483036	4.044044495
1065	0.8228889704	0.8314839602	-0.008594989777	1	0.1770585477	0.9561901093	0.7549717426	4.027122021
1066	0.8529911041	0.8593301177	-0.006339013577	1	0.1812750846	0.9644637108	0.775526166	4.045061111
1067	0.8756741285	0.8549793959	0.02069473267	1	0.1782704294	0.9671474695	0.7859018445	4.044693947
1068	0.9068941474	0.860152185	0.04674196243	1	0.1840202957	0.9681275487	0.7880960107	4.001605988
1069	0.9697992206	0.9323290586	0.03747016191	1	0.1865646243	0.9660874605	0.7813819647	4.001732349
1070	0.9864446521	0.9439839125	0.04246073961	1	0.1840427667	0.9654482603	0.7794452906	4.013823032
1071	0.9897845984	0.9509909749	0.03879362345	1	0.1789194047	0.9635113478	0.7742275	4.033005714
1072	0.9903895259	0.9771555662	0.01323395967	1	0.1815928817	0.9667482972	0.7821445465	4.044844151
1073	0.9762127399	0.9722227454	0.003989994526	1	0.1821780652	0.9645572901	0.7759997249	4.038249493
1074	0.9968004823	1.00632441	-0.009523928165	1	0.183324486	0.9645960927	0.7748246789	4.039141655
1075	1.017531514	0.9962694049	0.02126210928	1	0.1802841723	0.9678858519	0.7859978676	4.045621395
1076	1.03290832	0.9923997521	0.04050856829	1	0.188081488	0.9708353877	0.7952224016	4.004212379
1077	1.043516755	1.000255585	0.04326117039	1	0.1873630434	0.9684957862	0.7864429951	3.991496801
1078	1.03489399	0.9877385497	0.04715543985	1	0.186141178	0.9666115046	0.7813239098	4.009684086
1079	1.027413011	0.9941237569	0.03328925371	1	0.1847015321	0.9658687115	0.7770306468	4.027883053
1080	0.9962263703	0.990354538	0.005871832371	1	0.1836326867	0.9663957953	0.7786912322	4.05212307
1081	0.9884390831	0.9859544635	0.002484619617	1	0.1810131222	0.965383172	0.7765405774	4.039269924
1082	1.034929037	1.038091183	-0.003162145615	1	0.182551384	0.9670635462	0.7815560102	4.046850681
1083	1.062065005	1.034582973	0.02748203278	1	0.1839628965	0.9705581665	0.7931702137	4.044478893
1084	1.071363211	1.004263163	0.06710004807	1	0.1890399605	0.9723339081	0.7982335091	3.999196053
1085	1.106328726	1.050988555	0.05534017086	1	0.1940056086	0.9722155333	0.7963966131	3.993329287
1086	1.127590537	1.075552583	0.05203795433	1	0.1943941861	0.9721176624	0.7966192365	4.01431179
1087	1.089137435	1.067478418	0.02165901661	1	0.1907224357	0.9712504148	0.7935340405	4.027281761
1088	1.045440912	1.039909244	0.005531668663	1	0.1865454614	0.9682526588	0.7841397524	4.048886299
1089	1.043100476	1.042744756	0.00035572052	1	0.1851549447	0.969532907	0.7895924449	4.041468143
1090	1.044990301	1.067142248	-0.02215194702	1	0.1970805228	0.9692131281	0.7853943706	4.04691124
1091	1.029052973	1.018003941	0.01104903221	1	0.199296549	0.9711544514	0.7915639281	4.047039032
1092	0.9882047772	0.9688973427	0.01930743456	1	0.2028936595	0.9729725122	0.797536552	4.001962662
1093	1.015210032	1.012566686	0.002643346786	1	0.2029226869	0.9714699984	0.7911992073	4.001382351
1094	1.005386353	1.017831564	-0.01244521141	1	0.1996191293	0.9707497954	0.7905211449	4.017931938
1095	0.9254845977	0.9470365644	-0.02155196667	1	0.1904524118	0.9659142494	0.7745282054	4.017683506
1096	0.9229186177	0.9353259206	-0.01240730286	1	0.1864403188	0.9649101496	0.7718464136	4.040210724
1097	0.9249925017	0.9258084893	-0.000815987587	1	0.183538571	0.9633749127	0.7684414387	4.033350468
1098	0.993149817	1.003684282	-0.01053446531	1	0.195537135	0.9680392742	0.7837881446	4.046011925
1099	0.9864189625	0.956664145	0.02975481749	1	0.1935048997	0.9705715179	0.7912194133	4.031107426
1100	0.9797583222	0.9703247547	0.009433567524	1	0.197931543	0.972029984	0.7949142456	3.988852024
1101	0.9810676575	0.9747846723	0.00628298521	1	0.195799619	0.9688533545	0.7838238478	3.990829468
1102	0.9826814532	0.9962183833	-0.01353693008	1	0.1967357695	0.9678027034	0.7806353569	4.008622646
1103	0.940969944	0.9508294463	-0.009859502316	1	0.1889720708	0.9664923549	0.7764996886	4.025275707
1104	0.9418767095	0.9379467964	0.003929913044	1	0.183379516	0.9666936994	0.7787293196	4.04604578
1105	0.9380708337	0.9313851595	0.006685674191	1	0.1809713691	0.9635136127	0.7694883943	4.03167057
1106	0.9514517784	0.9502837658	0.001168012619	1	0.1847734004	0.964654386	0.7738035917	4.035672665
1107	0.9538549781	0.9404714704	0.01338350773	1	0.1847886145	0.96344769	0.7724035978	4.02586937
1108	0.9679759145	0.9531713128	0.01480460167	1	0.1888848096	0.9634779096	0.7735370398	3.985429764
1109	0.987398982	0.9717633128	0.01563566923	1	0.1887686551	0.9539113641	0.7537816167	3.993897676
1110	0.9820969105	0.9534941316	0.02860277891	1	0.1851553619	0.9566318989	0.7591804266	4.011515617
1111	0.9587664604	0.940612793	0.01815366745	1	0.1829460561	0.9543860555	0.7546809912	4.025152206
1112	0.9397518635	0.916243434	0.02350842953	1	0.1746875793	0.946606338	0.7353605628	4.027935982
1113	0.9273260236	0.9181424975	0.009183526039	1	0.1776691675	0.9634093046	0.7711037397	4.03143692
1114	0.9153895378	0.915682137	-0.0002925992012	1	0.1846019477	0.9653819203	0.7752835155	4.041936398
1115	0.9266892672	0.9140098095	0.01267945766	1	0.19021146	0.9681223035	0.7833400965	4.024593353
1116	0.8845870495	0.9014080763	-0.0168210268	1	0.1944025308	0.965933919	0.7770388722	3.988718748
1117	0.8775291443	0.8824242949	-0.004895150661	1	0.1944103986	0.9670935273	0.7785406709	3.993862629
1118	0.8145238161	0.8592389226	-0.04471510649	1	0.1935530901	0.9650249481	0.7726384997	4.018007755
1119	0.7951058745	0.8156103492	-0.02050447464	1	0.1853579432	0.9605369568	0.7600626349	4.012253761
1120	0.8312419653	0.8747787476	-0.04353678226	1	0.187582612	0.9622414112	0.7649778724	4.036356926
1121	0.7912512422	0.7977617383	-0.00651049614	1	0.1800553501	0.9619445801	0.764873147	4.024667263
1122	0.7901759148	0.7840773463	0.006098568439	1	0.1826515794	0.9642912745	0.7725436687	4.035254478
1123	0.8007692695	0.7903853059	0.01038396358	1	0.1852949411	0.9668596387	0.7802736163	4.016473293
1124	0.7917515039	0.7920991778	-0.000347673893	1	0.1893360913	0.9667137861	0.781044662	3.990276814
1125	0.7904909849	0.7765846252	0.01390635967	1	0.1866351664	0.9621661305	0.7658426166	3.990927935
1126	0.7870722413	0.7840693593	0.003002882004	1	0.1862973422	0.9620191455	0.7650970221	4.005414486
1127	0.8000179529	0.8158996105	-0.0158816576	1	0.1857267469	0.9619915485	0.7639299035	4.016040802
1128	0.7990029454	0.8083539009	-0.009350955486	1	0.1802362651	0.9622780085	0.7658392787	4.041047096
1129	0.7981158495	0.8113505244	-0.01323467493	1	0.1804389209	0.9646798372	0.7731872797	4.031147003
1130	0.8041350842	0.8061873913	-0.002052307129	1	0.1806647331	0.9662864208	0.7785263062	4.037142277
1131	0.8307734132	0.8247971535	0.005976259708	1	0.1861872375	0.9696825743	0.7888587117	4.026436806
1132	0.7930693626	0.7964501381	-0.003380775452	1	0.1884411126	0.9691198468	0.7867417932	3.998547077
1133	0.8077879548	0.8102943897	-0.002506434917	1	0.1874700636	0.9661402106	0.7769044042	3.996771336
1134	0.7988747954	0.8129408956	-0.01406610012	1	0.1862491071	0.9637722969	0.7692167163	4.00537014
1135	0.8005276918	0.8267362714	-0.02620857954	1	0.1848306954	0.9641909599	0.7698599696	4.01431942
1136	0.8232933283	0.8403396606	-0.01704633236	1	0.1810453832	0.9629148841	0.7671512365	4.041882992
1137	0.8204630613	0.8229262829	-0.00246322155	1	0.176530242	0.9642807245	0.7736594081	4.027793884
1138	0.8541665673	0.8545148969	-0.0003483295441	1	0.1820010394	0.9640364647	0.7714262605	4.039380074
1139	0.8656116724	0.8427552581	0.02285641432	1	0.1875323653	0.9683142304	0.7845659852	4.026988506
1140	0.8293889165	0.8291985393	0.0001903772354	1	0.1928600073	0.969093442	0.7868306041	3.996652126
1141	0.7894911766	0.8154138923	-0.02592271566	1	0.1923506111	0.9651751518	0.7726979852	4.000136375
1142	0.7531186938	0.7978614569	-0.04474276304	1	0.1897536367	0.9625681043	0.765349865	4.004574776
1143	0.7421839833	0.7999461889	-0.0577622056	1	0.18534033	0.9603065252	0.7582325935	4.004927635
1144	0.8085806966	0.8642214537	-0.05564075708	1	0.1880861968	0.9609616399	0.7596895099	4.027834892
1145	0.7598803043	0.7808809876	-0.02100068331	1	0.1810549051	0.9616650343	0.7639597654	4.026865482
1146	0.7497370839	0.7540978789	-0.004360795021	1	0.1800626516	0.9634284973	0.7699162364	4.030916214
1147	0.7635342479	0.7534253001	0.01010894775	1	0.188098982	0.9687824249	0.7867379189	4.027997494
1148	0.711609602	0.7130431533	-0.001433551311	1	0.1873806268	0.9671497345	0.7820910215	3.984846115
1149	0.6970589757	0.7043719292	-0.007312953472	1	0.1859367192	0.9627572894	0.7676528096	3.986044407
1150	0.7265462279	0.7308980823	-0.004351854324	1	0.1868391782	0.9606768489	0.7607526183	3.984439373
1151	0.7220454216	0.7635813951	-0.04153597355	1	0.1833804697	0.9601014256	0.7585572004	3.992817402
1152	0.7329574823	0.757704556	-0.02474707365	1	0.1797830462	0.9599881768	0.7588080168	4.027527809
1153	0.7360411286	0.7473809123	-0.01133978367	1	0.1694789976	0.9571077228	0.7532298565	4.021532536
1154	0.7194623351	0.7220339179	-0.002571582794	1	0.1694582105	0.9581645131	0.7565124035	4.02599287
1155	0.7187570333	0.7251651883	-0.006408154964	1	0.1740434468	0.9602295756	0.7632017732	4.011942863
1156	0.6715584993	0.6885975599	-0.01703906059	1	0.1771381944	0.960385263	0.7633011341	3.982965469
1157	0.6643487215	0.6740908027	-0.009742081165	1	0.177037254	0.9543323517	0.7453419566	3.984478951
1158	0.6676543951	0.664113462	0.003540933132	1	0.1761590242	0.9527261853	0.7398119569	3.974607944
1159	0.6729258299	0.6906132698	-0.01768743992	1	0.1748028547	0.948346734	0.728246212	3.983426332
1160	0.6557027102	0.6742329597	-0.0185302496	1	0.1704303026	0.9414116144	0.7135913372	4.017594337
1161	0.6636543274	0.6705619097	-0.006907582283	1	0.1661069691	0.9535797834	0.74430269	4.016350269
1162	0.666739583	0.6773927808	-0.01065319777	1	0.1734065562	0.955153048	0.7497189641	4.033125877
1163	0.6841621399	0.6884207129	-0.004258573055	1	0.1776334494	0.956669867	0.7539008856	4.01963377
1164	0.6368029714	0.6387499571	-0.001946985722	1	0.1818577051	0.9578595757	0.7603008151	3.995360851
1165	0.5989163518	0.6064141393	-0.007497787476	1	0.182441324	0.9556589723	0.7519162297	3.988055706
1166	0.5820143819	0.6002979875	-0.01828360558	1	0.1804614216	0.9505993128	0.7411502004	3.985091686
1167	0.6335667968	0.667573154	-0.03400635719	1	0.1804534644	0.9502578974	0.7420293689	3.984630108
1168	0.6640579104	0.6996408105	-0.03558290005	1	0.1799045503	0.9480882287	0.7349957228	4.014046669
1169	0.5903760791	0.6174768209	-0.02710074186	1	0.1755607873	0.9492388368	0.7393075824	4.023487091
1170	0.5695323944	0.5656124949	0.003919899464	1	0.1770319194	0.9525221586	0.7479913235	4.036597252
1171	0.5514531732	0.539518714	0.01193445921	1	0.1797720194	0.959738791	0.7654746175	4.025617123
1172	0.5141611695	0.5171773434	-0.00301617384	1	0.1845384836	0.9592434168	0.7660950422	3.993682861
1173	0.4650448263	0.4761303365	-0.01108551025	1	0.1822327375	0.9560104609	0.7553067207	3.981047153
1174	0.4696851969	0.5032979846	-0.03361278772	1	0.1851278543	0.9554389715	0.7504594326	3.985394001
1175	0.5028907061	0.5741715431	-0.07128083706	1	0.1883097887	0.9561802149	0.7535231709	4.000542164
1176	0.5414239764	0.5894181728	-0.04799419641	1	0.1848807335	0.9535167217	0.7460616231	4.032167912
1177	0.5442395806	0.5710667372	-0.02682715654	1	0.1757355183	0.9518601298	0.7462205291	4.011855125
1178	0.5302720666	0.5559573174	-0.02568525076	1	0.1780432612	0.9592524171	0.7628157735	4.031074047
1179	0.5113846064	0.5440864563	-0.03270184994	1	0.1810899228	0.9661875367	0.7802492976	4.015035152
1180	0.4759271741	0.5238559246	-0.04792875051	1	0.1852206439	0.9667992592	0.7818589211	3.983968496
1181	0.4399583042	0.4856533706	-0.04569506645	1	0.1850519925	0.9636384249	0.7709126472	3.977897167
1182	0.4682541788	0.5089069605	-0.04065278172	1	0.1862425059	0.9604551196	0.7611657977	3.978640318
1183	0.4975304306	0.5580704212	-0.06053999066	1	0.1865702271	0.9604433179	0.7608689666	4.002234459
1184	0.5005391836	0.5509713292	-0.0504321456	1	0.1802246869	0.9447253942	0.730129838	4.031927109
1185	0.4708356261	0.492374748	-0.02153912187	1	0.1755267084	0.9478766918	0.7406851649	4.005810261
1186	0.4721159339	0.4874281287	-0.01531219482	1	0.1805518568	0.9618791938	0.7700884938	4.028022289
1187	0.4899877012	0.4971171916	-0.007129490376	1	0.1846249849	0.9680558443	0.7859195471	4.022150517
1188	0.4556817412	0.4724971652	-0.01681542397	1	0.1866035908	0.9675029516	0.7838438153	3.983971834
1189	0.4276140332	0.4435844421	-0.01597040892	1	0.1887874752	0.9660401344	0.7782806158	3.984498262
1190	0.3991553783	0.418915391	-0.01976001263	1	0.1884576529	0.9625676274	0.7672883272	3.988149643
1191	0.3999403119	0.4372547567	-0.03731444478	1	0.1821594834	0.9590258598	0.7589110732	3.99318552
1192	0.4774799347	0.5203712583	-0.04289132357	1	0.1840161681	0.9590462446	0.7567824125	4.025752544
1193	0.4254921377	0.4458829761	-0.02039083838	1	0.1776278317	0.9548457861	0.752720058	4.012845516
1194	0.4087700248	0.4214488864	-0.01267886162	1	0.1777151525	0.9594400525	0.7647812366	4.030878544
1195	0.4165256619	0.4147056341	0.001820027828	1	0.1825597882	0.9667826891	0.7828852534	4.034619331
1196	0.3922818601	0.4160639048	-0.02378204465	1	0.1879018098	0.968120575	0.7852239013	3.994668961
1197	0.3490311503	0.3587390184	-0.009707868099	1	0.1885365248	0.9665546417	0.7792369127	3.982312202
1198	0.3264151216	0.3679730594	-0.04155793786	1	0.188809216	0.9615653753	0.7654402852	3.982686281
1199	0.3688716292	0.4462136328	-0.07734200358	1	0.188059479	0.9613096118	0.7636098266	3.991404533
1200	0.3788976669	0.4320577085	-0.05316004157	1	0.1833120733	0.9603992701	0.7609167695	4.027181625
1201	0.3761271238	0.4113274515	-0.03520032763	1	0.1815946996	0.9590815306	0.7615920901	4.018037796
1202	0.377966702	0.3913131058	-0.01334640384	1	0.1854171157	0.963485837	0.7748168111	4.037866592
1203	0.3773848712	0.3696142435	0.007770627737	1	0.1882089972	0.969696939	0.7904273272	4.037604332
1204	0.327005446	0.3467760682	-0.01977062225	1	0.1924792081	0.969145298	0.788248539	4.000481129
1205	0.3033337295	0.3463385105	-0.04300478101	1	0.189936474	0.9671752453	0.7817695141	3.98032856
1206	0.3013992012	0.3758385777	-0.07443937659	1	0.1887860298	0.9626711607	0.7690768242	3.982417107
1207	0.3184665143	0.419008255	-0.1005417407	1	0.1876168698	0.9611030817	0.7644572258	3.998546362
1208	0.3552759588	0.4071885049	-0.05191254616	1	0.1808791906	0.9566681981	0.7545491457	4.034255981
1209	0.3664950728	0.3952819407	-0.02878686786	1	0.1785336584	0.9626803398	0.7717348933	4.016878605
1210	0.3878182471	0.3802088499	0.007609397173	1	0.1794315875	0.9644193053	0.777502954	4.029511452
1211	0.3901858926	0.3675570786	0.02262881398	1	0.1829687804	0.9703833461	0.7941069007	4.041394711
1212	0.4015060067	0.3989132047	0.002592802048	1	0.1874741316	0.9719327092	0.7985597253	3.997770786
1213	0.4532647729	0.4547804892	-0.001515716314	1	0.1896290481	0.969673872	0.7896978259	3.987083435
1214	0.4850204587	0.497285217	-0.01226475835	1	0.1881144047	0.9679570794	0.7841264009	3.995273829
1215	0.5176866651	0.5336054564	-0.01591879129	1	0.1858309656	0.9665437341	0.7789412141	4.003505707
1216	0.5522050858	0.5627300143	-0.01052492857	1	0.1825700551	0.9657713771	0.776822567	4.032978058
1217	0.5558872819	0.5689575672	-0.01307028532	1	0.1837765574	0.9648070335	0.7761936188	4.026217937
1218	0.5491143465	0.5407845378	0.008329808712	1	0.1845618635	0.9674656987	0.7851353884	4.039566994
1219	0.5295367241	0.5122814775	0.01725524664	1	0.18388699	0.9723049998	0.8005980253	4.035857201
1220	0.5269612074	0.5182882547	0.008672952652	1	0.1877510846	0.9713705778	0.7972489595	3.99965477
1221	0.5278040171	0.5218217969	0.005982220173	1	0.1873193979	0.9697220922	0.7908238769	3.984723091
1222	0.5289919972	0.5574992299	-0.02850723267	1	0.1915147156	0.9697530866	0.7890642285	3.989514351
1223	0.5386553407	0.5916668177	-0.05301147699	1	0.1927710474	0.9699918032	0.7893028259	4.001861095
1224	0.5575502515	0.6047773361	-0.04722708464	1	0.188568458	0.9688947797	0.7859353423	4.038972855
1225	0.5515397191	0.5741051435	-0.02256542444	1	0.1820739508	0.9645721912	0.7768315077	4.022531986
1226	0.5436138511	0.5538221002	-0.01020824909	1	0.1804216653	0.9691720605	0.7903801203	4.028098583
1227	0.5627670288	0.5479373932	0.01482963562	1	0.1821191162	0.9722790718	0.7997020483	4.032978058
1228	0.5378882289	0.5433398485	-0.005451619625	1	0.1858000159	0.9725931883	0.800919652	3.99776721
1229	0.5397215486	0.5530608296	-0.01333928108	1	0.1885779947	0.9718852043	0.7973513007	3.988232851
1230	0.5355556011	0.5708354115	-0.03527981043	1	0.1881941855	0.9682669044	0.7845777869	3.994325161
1231	0.528447032	0.5606173277	-0.03217029572	1	0.1851474047	0.9667158723	0.7796299458	4.004708767
1232	0.5321572423	0.5483323932	-0.01617515087	1	0.1778152138	0.9618825316	0.7674839497	4.038293839
1233	0.5095180273	0.5075848699	0.001933157444	1	0.1721474677	0.9600003362	0.7672991157	4.019579411
1234	0.5187767148	0.5219681263	-0.003191411495	1	0.1778077036	0.9713605046	0.797527194	4.034784794
1235	0.5473576784	0.5398136377	0.00754404068	1	0.1778817922	0.9735783935	0.806622386	4.041525841
1236	0.576513648	0.5687450171	0.007768630981	1	0.1820958853	0.9737431407	0.8071839213	4.005278587
1237	0.638440311	0.6182265282	0.02021378279	1	0.1850385219	0.972833097	0.8027935028	4.003756523
1238	0.6874360442	0.6622325778	0.02520346642	1	0.1847324818	0.9715064764	0.7972292304	3.999227524
1239	0.7271525264	0.69739604	0.02975648642	1	0.1845010072	0.9722889662	0.7995378375	4.013802528
1240	0.7295593619	0.7074275017	0.02213186026	1	0.1839505881	0.9730538726	0.8028281331	4.043691635
1241	0.7331286669	0.7173066139	0.01582205296	1	0.1792850047	0.9721058607	0.7997426391	4.035529613
1242	0.7356148958	0.7332264781	0.002388417721	1	0.1771260798	0.9731575251	0.8043667674	4.037944794
1243	0.732585609	0.7277136445	0.004871964455	1	0.1808885187	0.9743775725	0.8097976446	4.053050518
1244	0.7350863814	0.7272080779	0.007878303528	1	0.1870087832	0.974291563	0.8085004687	4.011984825
1245	0.7327006459	0.7140543461	0.01864629984	1	0.1869279146	0.9710289836	0.7968468666	4.004480362
1246	0.7490204573	0.7467571497	0.002263307571	1	0.1903202236	0.9707102776	0.794483006	4.003695488
1247	0.729778409	0.7309548259	-0.001176416874	1	0.1861651987	0.9702557325	0.7921563387	4.00818634
1248	0.71227777	0.7230862379	-0.01080846786	1	0.1847692579	0.9718009233	0.7982438207	4.043093681
1249	0.7122540474	0.7232146859	-0.01096063852	1	0.1815179288	0.9703528881	0.7937424183	4.044734955
1250	0.7417699695	0.7361474633	0.005622506142	1	0.1805399209	0.9721509218	0.8009047508	4.04796505
1251	0.7565017939	0.7358490229	0.020652771	1	0.1835348308	0.9730343819	0.8049319983	4.057868004
1252	0.7514814138	0.7344411016	0.01704031229	1	0.186701268	0.9735970497	0.8061066866	4.018262863
1253	0.7681692243	0.7663097382	0.001859486103	1	0.1878360957	0.9717794061	0.7992650867	4.005242825
1254	0.7920438051	0.7937685847	-0.001724779606	1	0.1891141087	0.9710181952	0.7941823602	4.002528667
1255	0.7952250242	0.7914676666	0.003757357597	1	0.1842449754	0.9711090326	0.795047462	4.021100521
1256	0.7653805614	0.7761208415	-0.01074028015	1	0.1801337749	0.9702764153	0.7946016192	4.054320335
1257	0.7623089552	0.7544968128	0.007812142372	1	0.1738749743	0.9691349268	0.7925704718	4.044855595
1258	0.7911370397	0.783211112	0.007925927639	1	0.1762819588	0.9713765383	0.7997706532	4.045360565
1259	0.8243277669	0.8121396303	0.01218813658	1	0.1794005632	0.9729364514	0.8047497272	4.049551964
1260	0.8406832814	0.8386833668	0.001999914646	1	0.1824693233	0.9728491902	0.8044964075	4.017297745
1261	0.8974518776	0.8927236199	0.004728257656	1	0.1860562563	0.9730540514	0.8032238483	4.006403446
1262	0.948577702	0.9182339907	0.03034371138	1	0.1853715777	0.9722876549	0.8002433777	3.996367693
1263	0.9951740503	0.9609256983	0.03424835205	1	0.18385382	0.9727599621	0.8016242981	4.014269352
1264	0.9664025307	0.9567442536	0.009658277035	1	0.1834174842	0.9737873077	0.8062949181	4.048259735
1265	0.9691650867	0.9454801679	0.02368491888	1	0.1772042364	0.9721844792	0.8014708757	4.049691677
1266	1.013539076	1.006809235	0.006729841232	1	0.1815378815	0.9751110077	0.8106968403	4.049821377
1267	1.00682199	1.003552437	0.003269553185	1	0.1841251403	0.9755519032	0.8125367165	4.046842098
1268	1.000603318	0.9963143468	0.004288971424	1	0.1870060861	0.974613905	0.8090032935	4.018221855
1269	0.9790608287	0.9700517058	0.009009122849	1	0.1886370927	0.9728161693	0.8015611768	3.995803356
1270	1.015263557	0.991707325	0.02355623245	1	0.1919736862	0.9726973772	0.8007711768	3.97921896
1271	1.04604435	1.039496422	0.006547927856	1	0.1902131438	0.9743030071	0.8059592247	4.004583836
1272	0.9716004729	0.9833240509	-0.01172357798	1	0.1836076975	0.9732510448	0.8040696979	4.040718555
1273	0.967154026	0.9620701075	0.005083918571	1	0.1797371656	0.9721766114	0.8006940484	4.04652977
1274	1.067175746	1.056905508	0.01027023792	1	0.1833535582	0.9759058356	0.8133204579	4.051061153
1275	1.051638246	1.038137913	0.01350033283	1	0.1843792647	0.9748722315	0.8101430535	4.051205158
1276	1.049507499	1.033202529	0.01630496979	1	0.1857457459	0.974124074	0.8075780272	4.021625996
1277	1.041840911	1.02506578	0.01677513123	1	0.1834499687	0.9710658789	0.7977616191	4.005763054
1278	1.113704324	1.066810012	0.0468943119	1	0.1829315871	0.9709166288	0.7966151237	3.999551058
1279	1.128408551	1.098520279	0.02988827229	1	0.1801984608	0.9700849652	0.7949692011	4.024163246
1280	1.085802436	1.089362025	-0.003559589386	1	0.1765153855	0.9717417359	0.8010843396	4.053580284
1281	1.030670524	1.012125254	0.01854526997	1	0.16957362	0.9681578279	0.7913635969	4.04465723
1282	1.085008979	1.068578005	0.01643097401	1	0.1739501357	0.9710245728	0.7995683551	4.054442406
1283	1.120662451	1.117880344	0.0027821064	1	0.1789717078	0.9741133451	0.8087589741	4.045762062
1284	1.145796895	1.148194313	-0.002397418022	1	0.182570383	0.971961081	0.8026888967	4.032954693
1285	1.1578269	1.150171638	0.007655262947	1	0.1857982725	0.9713965654	0.799254179	4.006197453
1286	1.197591662	1.160093904	0.03749775887	1	0.186797455	0.9693630934	0.7945219874	3.993150949
1287	1.323940396	1.288406253	0.03553414345	1	0.1841863245	0.9720313549	0.8004719019	4.013957977
1288	1.277219653	1.26303196	0.0141876936	1	0.1751310378	0.9691462517	0.7950561047	4.041399956
1289	1.268995523	1.237956047	0.03103947639	1	0.1738368869	0.9684527516	0.7939203382	4.044762611
1290	1.336185098	1.294325829	0.04185926914	1	0.1728879213	0.9695038795	0.7995133996	4.046243191
1291	1.331091642	1.330135703	0.0009559392929	1	0.1774300188	0.9731404185	0.8083960414	4.035971165
1292	1.333608866	1.334200501	-0.000591635704	1	0.180780679	0.9718567729	0.8028831482	4.025230408
1293	1.285261393	1.274921894	0.01033949852	1	0.1799962819	0.9681252837	0.7915921807	3.999979973
1294	1.313296795	1.254941225	0.05835556984	1	0.1790332496	0.9646605253	0.7845469713	3.9765172
1295	1.33602798	1.291605949	0.04442203045	1	0.1802391261	0.9670800567	0.7874509096	4.010548592
1296	1.298828721	1.297022581	0.001806139946	1	0.1747050732	0.9671676159	0.7881878614	4.037743092
1297	1.263285518	1.22730577	0.03597974777	1	0.169764176	0.9682372212	0.7926105261	4.039167881
1298	1.320531726	1.272173643	0.04835808277	1	0.1682692617	0.9696770906	0.7978775501	4.040429115
1299	1.293968439	1.275497198	0.018471241	1	0.1719077826	0.9715040326	0.8026241064	4.031835556
1300	1.270964026	1.255094767	0.01586925983	1	0.1782801151	0.9709649682	0.8004339933	4.021570206
1301	1.274692178	1.239700317	0.03499186039	1	0.1799764484	0.9702592492	0.7959733605	3.999697447
1302	1.302736878	1.219760299	0.08297657967	1	0.1778499782	0.9667558074	0.7853514552	3.983638287
1303	1.350618482	1.264660478	0.085958004	1	0.1759138256	0.9657303095	0.7817546129	4.009957314
1304	1.31298399	1.267330289	0.04565370083	1	0.167740047	0.9642452002	0.7796052098	4.038654804
1305	1.229738474	1.192240953	0.03749752045	1	0.1719983965	0.9693590999	0.793563962	4.042858124
1306	1.065059185	1.066090941	-0.001031756401	1	0.1875948459	0.9732630849	0.8057748675	4.048666954
1307	1.074816704	1.059877753	0.01493895054	1	0.1947725117	0.9734500051	0.8061296344	4.038392067
1308	1.058584452	1.044624925	0.01395952702	1	0.1986819059	0.9709370136	0.7992001772	4.034640312
1309	1.070622921	1.082051635	-0.0114287138	1	0.2079936713	0.9710590839	0.7958058119	4.007393837
1310	1.060362339	1.062582493	-0.002220153809	1	0.2022052109	0.9651140571	0.7819315791	3.979478359
1311	1.045443177	1.052458048	-0.007014870644	1	0.1977943629	0.9644904137	0.7808611989	4.00303936
1312	1.079849005	1.075647831	0.004201173782	1	0.194898352	0.9646342993	0.7814296484	4.03040123
1313	1.042492151	1.021858096	0.02063405514	1	0.1788343489	0.9651227593	0.7837845087	4.048672676
1314	1.057893157	1.037482977	0.02041018009	1	0.1787981391	0.9688391089	0.795480907	4.048279762
1315	1.071053863	1.053538561	0.0175153017	1	0.1812743098	0.9711327553	0.8042083979	4.03989172
1316	1.067006469	1.060105801	0.006900668144	1	0.1835447997	0.9714459777	0.8020936847	4.032482147
1317	1.064538121	1.036084771	0.02845335007	1	0.1858993918	0.9680121541	0.7905084491	4.004770756
1318	1.086176872	1.043439507	0.04273736477	1	0.1870196909	0.966170609	0.7829080224	3.979871511
1319	1.080941319	1.05407393	0.02686738968	1	0.1839993149	0.96689713	0.7841069102	3.995724678
1320	1.053521991	1.038505793	0.01501619816	1	0.178184852	0.9656794667	0.7825623751	4.036033154
1321	1.04914403	1.026310921	0.0228331089	1	0.1739813536	0.9656875134	0.7827937007	4.048698425
1322	1.062942266	1.039899588	0.02304267883	1	0.1772697717	0.9702496529	0.7974539399	4.050045013
1323	1.087615252	1.078792334	0.008822917938	1	0.1829203665	0.9746889472	0.8109624982	4.038162231
1324	1.094797492	1.087413788	0.007383704185	1	0.1862529218	0.9746217132	0.8100131154	4.035224438
1325	1.072579265	1.038036108	0.03454315662	1	0.186877653	0.9703406096	0.797185719	4.006664276
1326	1.061861873	1.0289855	0.03287637234	1	0.1880601346	0.9695293903	0.7928315997	3.98190856
1327	1.087314367	1.058541775	0.02877259254	1	0.1844923794	0.9699013829	0.793931067	4.015713215
1328	1.043352365	1.019660592	0.02369177341	1	0.1793140918	0.9690926075	0.7916618586	4.038464546
1329	1.054047346	1.020769	0.03327834606	1	0.173297286	0.9687304497	0.7910301685	4.03439188
1330	1.003839731	1.00421381	-0.0003740787506	1	0.1842572987	0.972088933	0.8007519841	4.046230793
1331	1.024506092	1.023868322	0.0006377696991	1	0.194658637	0.9760360718	0.8125756383	4.03305769
1332	0.9912933111	0.9916884899	-0.0003951787949	1	0.1916854084	0.9716607928	0.7991251945	4.023700237
1333	1.01372087	1.021674037	-0.007953166962	1	0.2012666762	0.9726645947	0.7988213301	4.008579254
1334	1.013245821	1.008705854	0.004539966583	1	0.196800068	0.9670060277	0.7834122181	3.981870413
1335	1.028482556	1.023610592	0.004871964455	1	0.1940357089	0.9646432996	0.7776279449	4.004473209
1336	1.042162895	1.033320904	0.008841991425	1	0.1883817315	0.9628533721	0.77187711	4.033004284
1337	1.040054083	1.024264574	0.01578950882	1	0.1803456247	0.9653537273	0.7779095173	4.041160107
1338	1.039309144	1.02697742	0.01233172417	1	0.1801605374	0.9670798779	0.7870721221	4.041425228
1339	1.053336024	1.046861529	0.006474494934	1	0.1826897562	0.9712659717	0.8006210327	4.033581734
1340	1.056550741	1.044732451	0.01181828976	1	0.1839911044	0.9692223668	0.7936909795	4.023209572
1341	1.072958112	1.031496286	0.04146182537	1	0.1817003042	0.9661965966	0.7836438417	3.994107962
1342	1.091970682	1.02784729	0.06412339211	1	0.1784377396	0.9584957361	0.7679493427	3.982355356
1343	1.085079789	1.035609484	0.04947030544	1	0.1792315543	0.9640700221	0.7757996917	4.009224892
1344	1.068461657	1.041672707	0.02678894997	1	0.1746980697	0.9647549391	0.7782459259	4.035841942
1345	1.061775446	1.038613319	0.02316212654	1	0.1756172478	0.9674471617	0.7849448323	4.040197849
1346	1.052133322	1.041584969	0.0105483532	1	0.1784124672	0.9710509777	0.7980788946	4.038725853
1347	1.057695985	1.049942136	0.00775384903	1	0.1793573052	0.9722146392	0.803674221	4.034845829
1348	1.052256107	1.030991912	0.02126419544	1	0.1824928373	0.9701104164	0.7966313958	4.02437067
1349	1.066827059	1.0034554	0.06337165833	1	0.1834768802	0.9682320952	0.788131237	4.001970768
1350	1.098609924	1.011582613	0.08702731133	1	0.186382845	0.9696646929	0.7908852696	3.997095823
1351	1.10787034	1.015035033	0.09283530712	1	0.183648482	0.9685000181	0.7857992053	4.010156155
1352	1.04404068	0.9906662703	0.05337440968	1	0.1723472327	0.9613916278	0.767955482	4.027515411
1353	1.034109592	0.993105948	0.04100364447	1	0.1722815186	0.9670699239	0.7845743299	4.029831886
1354	0.9435341358	0.9382309914	0.005303144455	1	0.1794648916	0.9683383703	0.7896561623	4.036892891
1355	0.9348794818	0.9414933324	-0.006613850594	1	0.1877258122	0.9732766151	0.8030176759	4.031271458
1356	0.9113520384	0.9102815986	0.001070439816	1	0.1854075491	0.96927917	0.7911586761	4.01554966
1357	0.8815838695	0.8695040941	0.01207977533	1	0.1924962699	0.9698175788	0.790284276	4.00118351
1358	0.8743216991	0.8467882872	0.02753341198	1	0.1889872104	0.9655392766	0.777631402	3.9922719
1359	0.8665202856	0.83928442	0.02723586559	1	0.1903710663	0.9656212926	0.7760885358	4.009821892
1360	0.8456223011	0.8362978101	0.009324491024	1	0.1854516566	0.9628190398	0.7692241669	4.034558773
1361	0.8362726569	0.8210282326	0.01524442434	1	0.1809638888	0.9623175859	0.7718757391	4.031853676
1362	0.8273155689	0.8205802441	0.00673532486	1	0.180269599	0.9642151594	0.7787290215	4.027940273
1363	0.8454121351	0.846927166	-0.001515030861	1	0.17924954	0.9689432979	0.7934794426	4.021856308
1364	0.8672224879	0.8667760491	0.0004464387894	1	0.183751151	0.9703752398	0.794521153	4.011612415
1365	0.8865808845	0.8578905463	0.02869033813	1	0.1840771884	0.9686251283	0.7886075377	3.994317293
1366	0.8896622658	0.8468680382	0.0427942276	1	0.1867692918	0.9654894471	0.7785571814	3.977227688
1367	0.9208347797	0.8636122942	0.05722248554	1	0.1830884814	0.9671511054	0.7816591859	4.005196095
1368	0.8722746968	0.8499423265	0.02233237028	1	0.1777003706	0.9638550878	0.7730626464	4.033998966
1369	0.9072386622	0.8669010997	0.04033756256	1	0.1744550765	0.9639561176	0.7746703625	4.017983437
1370	0.8941009045	0.8872411847	0.006859719753	1	0.1760669947	0.9680659175	0.786845088	4.022250652
1371	0.8969016075	0.9203488231	-0.02344721556	1	0.1771369725	0.9710043073	0.7975816131	4.016985416
1372	0.9213071465	0.9407079816	-0.01940083504	1	0.1823501289	0.9714544415	0.7974858284	4.004045486
1373	0.9183558226	0.8795214295	0.03883439302	1	0.1810731739	0.968408227	0.7880123854	3.982713938
1374	0.9419136047	0.8585995436	0.08331406116	1	0.1795796305	0.9621536732	0.7672643065	3.97683835
1375	0.9258956909	0.8261713386	0.09972435236	1	0.1797970682	0.9623690248	0.7678679228	3.995998859
1376	0.8432097435	0.8104808331	0.03272891045	1	0.1737192869	0.9557898641	0.7527137995	4.034380436
1377	0.8408126831	0.8047679663	0.03604471684	1	0.1768560112	0.9640077949	0.7750416994	4.030972958
1378	0.8125787377	0.8141309619	-0.001552224159	1	0.1823690981	0.9667627215	0.7815006971	4.028632164
1379	0.7945393324	0.8054907918	-0.01095145941	1	0.1872418523	0.9710242748	0.7945895195	4.023941994
1380	0.7930392027	0.8130021095	-0.01996290684	1	0.1910708696	0.9710094929	0.7936362028	4.007900238
1381	0.7345755696	0.7334584594	0.001117110252	1	0.1933814287	0.9702916741	0.7908927202	3.99764204
1382	0.7059243321	0.683960259	0.02196407318	1	0.1898547709	0.9648075104	0.7750159502	3.993136883
1383	0.6720078588	0.6543110013	0.01769685745	1	0.1957438141	0.9648351073	0.7731012702	4.010766029
1384	0.6845448613	0.6778431535	0.00670170784	1	0.1920373142	0.9636211395	0.7690987587	4.037235737
1385	0.6506927609	0.6562048197	-0.005512058735	1	0.1943367571	0.9601566792	0.7639725208	4.042987823
1386	0.6619395614	0.6682324409	-0.006292879581	1	0.1896422207	0.9634721875	0.7729050517	4.031052589
1387	0.660092473	0.6661509871	-0.006058514118	1	0.1893115938	0.9673413634	0.7845774889	4.041996002
1388	0.6803597212	0.696334064	-0.01597434282	1	0.1893861741	0.9690099359	0.7885075808	4.019148827
1389	0.6845492125	0.6674746275	0.01707458496	1	0.1864486933	0.9659034014	0.7796615362	4.011797905
1390	0.6922017336	0.66600734	0.02619439363	1	0.1882454306	0.9631524682	0.771191299	3.999387503
1391	0.6900371909	0.6727418303	0.01729536057	1	0.1893205047	0.9625889063	0.7686675787	4.009012699
1392	0.6791388392	0.6699853539	0.009153485298	1	0.1859922856	0.9622750282	0.7675830126	4.039085388
1393	0.6940037012	0.6910359859	0.002967715263	1	0.1853854954	0.9601475	0.7647727132	4.035305023
1394	0.6958447099	0.7037574053	-0.007912695408	1	0.1892389059	0.965988338	0.7787588239	4.036200047
1395	0.7031992674	0.7040183544	-0.0008190870285	1	0.1878586113	0.9693993926	0.789734602	4.041779518
1396	0.7155531049	0.7149034739	0.0006496310234	1	0.1905883551	0.9697667956	0.7910088897	4.025197983
1397	0.7477522492	0.7339539528	0.01379829645	1	0.1909363568	0.9694449902	0.7889501452	4.018868446
1398	0.7527875304	0.7298328876	0.02295464277	1	0.1888353378	0.9650315642	0.7762790918	4.005371571
1399	0.7778546214	0.7671688795	0.0106857419	1	0.1932089031	0.9637297392	0.7713288069	4.009031773
1400	0.7849402428	0.7791867256	0.005753517151	1	0.1852254868	0.9633480906	0.7707365751	4.039155006
1401	0.7856267095	0.7956005335	-0.009973824024	1	0.1861214936	0.9648236036	0.7768540382	4.028846741
1402	0.7695885897	0.7870382667	-0.01744967699	1	0.1888227761	0.9656435847	0.777654469	4.029401302
1403	0.7564431429	0.7641953826	-0.007752239704	1	0.1890999079	0.9675069451	0.7831599712	4.038686275
1404	0.7551814318	0.7704828978	-0.01530146599	1	0.1919290423	0.9684430361	0.7858145833	4.01561451
1405	0.7719369531	0.7679408789	0.0039960742	1	0.1892957985	0.9668496251	0.7814296484	4.014797211
1406	0.7855491638	0.7549077272	0.03064143658	1	0.1818360388	0.9545749426	0.75737679	4.002678871
1407	0.8058317304	0.7706791759	0.03515255451	1	0.1812146455	0.9455342293	0.7459324598	4.012859821
1408	0.7977560163	0.7733799219	0.02437609434	1	0.1825014651	0.9504990578	0.7503529191	4.037615299
1409	0.7793277502	0.7657789588	0.01354879141	1	0.1785884947	0.9482467175	0.7466704845	4.030199528
1410	0.7729164958	0.7599555254	0.0129609704	1	0.1810704321	0.9550311565	0.7572010756	4.029813766
1411	0.7745879889	0.7650202513	0.009567737579	1	0.1800576746	0.9591893554	0.7680079341	4.034871101
1412	0.7795497179	0.7825692296	-0.0030195117	1	0.1866193116	0.9664053917	0.7818700075	4.013731956
1413	0.7923446894	0.7659490705	0.02639561892	1	0.1806735992	0.9610732198	0.769045949	4.00937748
1414	0.805547595	0.7681407928	0.03740680218	1	0.1830171794	0.9599494934	0.7635160089	3.999502659
1415	0.800634861	0.7671499848	0.03348487616	1	0.185567528	0.9590778351	0.7610224485	4.006023884
1416	0.7952858806	0.7743649483	0.02092093229	1	0.1818126142	0.9590322375	0.7607426643	4.038231373
1417	0.7787256837	0.7746092677	0.004116415977	1	0.1817904264	0.9581835866	0.7610228658	4.031208515
1418	0.7765157819	0.772375226	0.004140555859	1	0.1846874803	0.9638404846	0.7751941681	4.037940979
1419	0.7750327587	0.7686787844	0.006353974342	1	0.1848686486	0.9655364752	0.782284081	4.038739681
1420	0.7852705121	0.7802314758	0.005039036274	1	0.1862832904	0.9673479795	0.7846570611	4.015250206
1421	0.8110135198	0.7791869044	0.03182661533	1	0.183160305	0.9645668268	0.7761178613	4.011641026
1422	0.8242121935	0.7893128991	0.03489929438	1	0.1868520081	0.9665757418	0.7799703479	4.01078558
1423	0.8188755512	0.7833750844	0.03550046682	1	0.1857559085	0.9619448781	0.7687277794	4.011118889
1424	0.8103061914	0.7777713537	0.03253483772	1	0.1786151677	0.9566581249	0.7574023008	4.041534424
1425	0.7926715612	0.7846234441	0.008048117161	1	0.1786437631	0.9596387148	0.7664425969	4.029639244
1426	0.7848268151	0.7867217064	-0.001894891262	1	0.186165601	0.9626659155	0.7717975378	4.036627293
1427	0.7643970251	0.7575114965	0.006885528564	1	0.1898916513	0.9644128084	0.7767205238	4.034265518
1428	0.7428680062	0.7441672087	-0.001299202442	1	0.1880026162	0.960242331	0.7710164189	4.019996643
1429	0.7467332482	0.736086309	0.01064693928	1	0.1829343587	0.9554840922	0.7617368102	4.022369385
1430	0.7458224893	0.7275552154	0.0182672739	1	0.181033209	0.9471886754	0.7500171065	4.014006138
1431	0.7591869831	0.7505074739	0.008679509163	1	0.1841938198	0.9445818067	0.7468557358	4.02462244
1432	0.7230113745	0.7234037519	-0.0003923773766	1	0.1882944554	0.9537681341	0.7554742098	4.045432091
1433	0.6977109313	0.6906746626	0.007036268711	1	0.1821781695	0.9509110451	0.750289917	4.042088985
1434	0.7024419308	0.6918384433	0.01060348749	1	0.1833664775	0.9544986486	0.7574806213	4.037544727
1435	0.6973804235	0.6890862584	0.008294165134	1	0.1834880263	0.9567929506	0.766236186	4.042517662
1436	0.7023989558	0.6944770813	0.007921874523	1	0.1884972602	0.9601669312	0.772102356	4.02022028
1437	0.7063388824	0.69162184	0.01471704245	1	0.1815684587	0.9533919096	0.760058105	4.01794672
1438	0.7029373646	0.6893170476	0.01362031698	1	0.1878619641	0.9551674724	0.7556658387	4.008410454
1439	0.6958973408	0.7093501091	-0.01345276833	1	0.1934586316	0.9583762288	0.7594561577	4.021254539
1440	0.6920288205	0.7038831711	-0.01185435057	1	0.1883097738	0.9578259587	0.7591964006	4.04242897
1441	0.695140779	0.7028525472	-0.00771176815	1	0.1855047494	0.9587472081	0.7629587054	4.04267931
1442	0.7119187117	0.7194969654	-0.007578253746	1	0.1889448315	0.9630255699	0.7721371651	4.048452377
1443	0.7303338051	0.7230867743	0.007247030735	1	0.1872750968	0.9601438642	0.7711911201	4.04505825
1444	0.7332471609	0.7353902459	-0.002143085003	1	0.1930316538	0.9664414525	0.7810531855	4.028932095
1445	0.7406061292	0.7384061813	0.002199947834	1	0.1862432063	0.9591940641	0.768052876	4.01878643
1446	0.7562148571	0.7579869628	-0.001772105694	1	0.1876551509	0.9584338665	0.7627030611	4.006078243
1447	0.7735795379	0.7976330519	-0.024053514	1	0.1898997128	0.9552212954	0.753251195	4.016947269
1448	0.7724640369	0.8004134893	-0.0279494524	1	0.1861804277	0.9547533989	0.7504321337	4.042557716
1449	0.775842309	0.7926186919	-0.01677638292	1	0.1825447828	0.9542837739	0.7524346113	4.037988663
1450	0.791225791	0.79625386	-0.005028069019	1	0.1817290634	0.9579968452	0.7609940171	4.040459633
1451	0.7987004519	0.7884640694	0.01023638248	1	0.1833307892	0.9608039856	0.7687889338	4.044408798
1452	0.8041208982	0.7993153334	0.00480556488	1	0.1855303943	0.9602429271	0.7688385248	4.02021122
1453	0.8224107623	0.8070302606	0.01538050175	1	0.1813942641	0.9557349682	0.7629208565	4.030243874
1454	0.8192105889	0.803299427	0.0159111619	1	0.1794912666	0.9530208111	0.7526990175	4.000882149
1455	0.8336922526	0.8346899152	-0.0009976625443	1	0.1837286651	0.954374671	0.7568268776	4.028353214
1456	0.8152405024	0.8184689283	-0.00322842598	1	0.1838677973	0.9606633782	0.7675887346	4.042633533
1457	0.8026688099	0.8066495061	-0.003980696201	1	0.18261379	0.9601336718	0.7674120665	4.047145844
1458	0.8092615008	0.804212451	0.005049049854	1	0.1796492934	0.9572280049	0.7588551641	4.038543701
1459	0.7980154157	0.7891756892	0.008839726448	1	0.17998074	0.9622135162	0.7722970843	4.04024601
1460	0.8234160542	0.8128634095	0.01055264473	1	0.1863409728	0.963821888	0.7756997943	4.024226665
1461	0.80926162	0.7879231572	0.02133846283	1	0.1821369678	0.9601086974	0.7671285272	4.024542332
1462	0.8203889728	0.8062061071	0.01418286562	1	0.1872173995	0.9606872797	0.7636956573	3.999426603
1463	0.8239054084	0.8391970396	-0.01529163122	1	0.1916081607	0.9618583918	0.7652879357	4.022593021
1464	0.8107253313	0.8408964276	-0.03017109632	1	0.1886855662	0.9624266028	0.7673308849	4.041343212
1465	0.8146369457	0.8316559792	-0.01701903343	1	0.1864008158	0.9638661742	0.7731095552	4.04984951
1466	0.8327382207	0.8587601185	-0.02602189779	1	0.1882182211	0.9638569951	0.7718023658	4.05466032
1467	0.8568511009	0.8648180962	-0.007966995239	1	0.1901812553	0.9676970243	0.7829111218	4.051305771
1468	0.8685068488	0.8731005788	-0.004593729973	1	0.195803389	0.969761014	0.7886758447	4.030636787
1469	0.8496665955	0.8529000282	-0.00323343277	1	0.1916922629	0.9652912617	0.776704073	4.027319431
1470	0.8508351445	0.8596614599	-0.008826315403	1	0.1938400269	0.9655760527	0.7745162249	3.998160601
1471	0.8491351604	0.8839324117	-0.03479725122	1	0.1937524676	0.9612050056	0.7630316615	4.020151138
1472	0.8283327818	0.8654102087	-0.03707742691	1	0.1892961711	0.9631338716	0.7694832087	4.0407691
1473	0.8084978461	0.8172017336	-0.008703887463	1	0.1828545481	0.9660226107	0.7789897919	4.037068844
1474	0.8484050035	0.869699955	-0.02129495144	1	0.190560773	0.9659184217	0.7766233087	4.050006866
1475	0.8547734618	0.871226728	-0.01645326614	1	0.1954357028	0.9694758654	0.7858201265	4.046785831
1476	0.8205136657	0.8281273842	-0.00761371851	1	0.1951738149	0.968747735	0.784999311	4.019333839
1477	0.8035647273	0.807238698	-0.003673970699	1	0.1940793693	0.9687872529	0.7839725018	4.022948742
1478	0.7565687299	0.7791951299	-0.02262639999	1	0.1901959628	0.9644752741	0.7704790831	3.993288279
1479	0.7728044391	0.8171163201	-0.04431188107	1	0.1940266341	0.9650511742	0.772190094	4.026509762
1480	0.7633363605	0.8309627771	-0.06762641668	1	0.1944280863	0.9665595293	0.7763121724	4.033801079
1481	0.7476081252	0.7809433937	-0.0333352685	1	0.1888311654	0.9662272334	0.7788923383	4.04145956
1482	0.7729714513	0.8044899702	-0.03151851892	1	0.1903461963	0.9647523761	0.7745753527	4.049563408
1483	0.7653836012	0.7690450549	-0.003661453724	1	0.1900528222	0.9688742757	0.7870500684	4.045307159
1484	0.7674463391	0.7562007904	0.01124554873	1	0.1927392632	0.9694203138	0.7891309857	4.017938137
1485	0.7425915003	0.7430593371	-0.0004678368568	1	0.1904606819	0.9663345814	0.7805565596	4.018081665
1486	0.798053205	0.812759757	-0.01470655203	1	0.1973773688	0.9648789167	0.7743989229	3.986114025
1487	0.7362387776	0.7838367224	-0.04759794474	1	0.1902903914	0.9625474811	0.7679914832	4.012345314
1488	0.7307383418	0.7860395312	-0.05530118942	1	0.1895672828	0.9644210339	0.7710547447	4.030694485
1489	0.7112731338	0.7314766645	-0.02020353079	1	0.17989555	0.9631807208	0.769169569	4.034998894
1490	0.7161202431	0.736617744	-0.0204975009	1	0.1808272153	0.9626806974	0.7665691376	4.043683529
1491	0.7016175389	0.7028318048	-0.001214265823	1	0.1807874441	0.9650880098	0.7747599483	4.045525074
1492	0.6899812818	0.6873460412	0.002635240555	1	0.1813527793	0.9636596441	0.7728670239	4.015727997
1493	0.6719129682	0.67101717	0.0008957982063	1	0.1792764068	0.9603357911	0.7642251849	4.003186703
1494	0.6595067978	0.6586760283	0.0008307695389	1	0.1765819043	0.9539446831	0.7440638542	3.987753391
1495	0.6500829458	0.6534935832	-0.003410637379	1	0.1759352535	0.9479216337	0.7286726236	4.012440205
1496	0.6373783946	0.6345063448	0.002872049809	1	0.1723687649	0.9435243011	0.7204632163	4.027238846
1497	0.6285624504	0.6249591112	0.003603339195	1	0.1754168719	0.963365376	0.7709428072	4.040710926
1498	0.6711342335	0.6877555847	-0.01662135124	1	0.1874737442	0.9649094343	0.773141861	4.048842907
1499	0.6646160483	0.6582804918	0.006335556507	1	0.1912026852	0.9657110572	0.77665627	4.0497365
1500	0.6251937747	0.6148995757	0.01029419899	1	0.1890976727	0.9635733366	0.7731610537	4.025119781
1501	0.5752932429	0.5799940825	-0.00470083952	1	0.1869453639	0.9617294073	0.767970562	4.010477066
1502	0.5210786462	0.5421796441	-0.02110099792	1	0.1811615974	0.956227541	0.7521840334	3.996220827
1503	0.5248311758	0.5660213828	-0.041190207	1	0.183413893	0.9558851123	0.7498955727	4.008247375
1504	0.5861064792	0.6516091228	-0.06550264359	1	0.1861222833	0.9569773674	0.7486273646	4.0312953
1505	0.5335717201	0.5578917265	-0.02432000637	1	0.1826196164	0.961369276	0.7642161846	4.046970367
1506	0.5595821142	0.5721737742	-0.01259166002	1	0.1859478354	0.9618573189	0.7665690184	4.044685364
1507	0.5344489217	0.5246918201	0.009757101536	1	0.1879265755	0.9654009938	0.7781257629	4.045725346
1508	0.5090254545	0.4997906387	0.009234815836	1	0.1879765987	0.9651541114	0.7776134014	4.025846004
1509	0.4981017709	0.4968228042	0.001278966665	1	0.1867920756	0.9634685516	0.7725902796	4.015069008
1510	0.4665513635	0.4841438532	-0.01759248972	1	0.1858557165	0.9608729482	0.7641645074	3.98511982
1511	0.4876392782	0.5408335328	-0.05319425464	1	0.1883802414	0.9610598683	0.7632510066	4.011154652
1512	0.5063666105	0.5505547523	-0.04418814182	1	0.1846873015	0.9607500434	0.7602874637	4.032290459
1513	0.518966198	0.5531851649	-0.03421896696	1	0.1835394651	0.9645694494	0.7728483081	4.047260284
1514	0.5416264534	0.57472229	-0.03309583664	1	0.1865352988	0.9623390436	0.7685395479	4.053258896
1515	0.5333406329	0.5297935009	0.003547132015	1	0.1854535043	0.9644910693	0.7772931457	4.049624443
1516	0.5060066581	0.5215224028	-0.01551574469	1	0.1882541031	0.9654884338	0.777475059	4.031208038
1517	0.4860962927	0.5082181096	-0.02212181687	1	0.1867216527	0.9649630785	0.7755684853	4.013593674
1518	0.4735043049	0.5077728629	-0.03426855803	1	0.18443124	0.95870924	0.7560505867	3.99764514
1519	0.4820958078	0.5390612483	-0.05696544051	1	0.1851703227	0.9561242461	0.7484935522	4.011473179
1520	0.4786113203	0.5091702342	-0.03055891395	1	0.1821632236	0.9612962604	0.761555016	4.03874445
1521	0.4741216898	0.4804497659	-0.006328076124	1	0.1744106561	0.9605488777	0.7618151307	4.039425373
1522	0.5046841502	0.5140349269	-0.009350776672	1	0.1828940362	0.9633181691	0.769803822	4.047139645
1523	0.5154320598	0.5004687309	0.01496332884	1	0.1867440939	0.9666697383	0.7785528898	4.043402672
1524	0.4853299856	0.4762630463	0.009066939354	1	0.1852587014	0.96318084	0.7709677815	4.024327755
1525	0.4578985572	0.4637933373	-0.005894780159	1	0.1889127046	0.9650384188	0.7760931849	4.019266129
1526	0.4171330631	0.4348998666	-0.0177668035	1	0.1867109984	0.9620007277	0.7659959197	4.002049923
1527	0.4164895415	0.4639209509	-0.04743140936	1	0.1877440959	0.9603335261	0.7604390383	4.013094425
1528	0.4466477334	0.4900522232	-0.04340448976	1	0.184497714	0.9609297514	0.7613778114	4.031936646
1529	0.4220751822	0.4409021735	-0.01882699132	1	0.1803895831	0.9625221491	0.7693828344	4.041953087
1530	0.4401223361	0.4492534995	-0.009131163359	1	0.1819788218	0.961307168	0.767758131	4.040002823
1531	0.4148378968	0.3935584426	0.02127945423	1	0.1801444441	0.9626250267	0.7758551836	4.048054218
1532	0.3799363077	0.3849613667	-0.005025058985	1	0.1859180331	0.9635217786	0.7784912586	4.033202648
1533	0.3628818989	0.3746663928	-0.01178449392	1	0.187980786	0.9671418071	0.783076942	4.009512901
1534	0.384724468	0.4176906049	-0.03296613693	1	0.1939498782	0.9658702612	0.7775528431	3.996019363
1535	0.3745227158	0.4424532056	-0.06793048978	1	0.1920992583	0.9642086029	0.7718013525	4.008360863
1536	0.399548471	0.4505752921	-0.05102682114	1	0.1869614869	0.9623060822	0.7663295269	4.024301529
1537	0.4245989621	0.4308972061	-0.006298243999	1	0.1786226779	0.9617654085	0.7677256465	4.029880047
1538	0.4358113706	0.4448663592	-0.009054988623	1	0.1805984825	0.966332674	0.7794267535	4.03639555
1539	0.4040495455	0.3926424682	0.01140707731	1	0.1809942871	0.9684746265	0.7869356275	4.043482304
1540	0.3807691932	0.3886028528	-0.007833659649	1	0.1859923005	0.970852077	0.7938641906	4.029284
1541	0.372885108	0.3966232538	-0.02373814583	1	0.1864829063	0.9690390229	0.7864789367	3.993966579
1542	0.3796410561	0.4202137589	-0.04057270288	1	0.1870220006	0.9633414149	0.7682528496	3.995241165
1543	0.3820857406	0.4624294043	-0.08034366369	1	0.1892766953	0.9574632049	0.7520084381	4.002928734
1544	0.4023503661	0.445230484	-0.04288011789	1	0.1815555245	0.9494546056	0.7355664372	4.025065899
1545	0.4502331316	0.4470899701	0.003143161535	1	0.1789079905	0.958732605	0.7585777044	4.026638031
1546	0.459923923	0.4603822827	-0.0004583597183	1	0.1842126548	0.9645786285	0.7739264369	4.043691635
1547	0.4318246841	0.4089850783	0.02283960581	1	0.1854630858	0.9700881243	0.7909787297	4.040901184
1548	0.4017999172	0.4035014212	-0.001701503992	1	0.1900994927	0.9712103009	0.7940067053	4.034863949
1549	0.3751139045	0.3891639113	-0.01405000687	1	0.1925611198	0.9711102247	0.7932704687	4.012363434
1550	0.3983063996	0.4197050333	-0.02139863372	1	0.193420589	0.968593061	0.7841453552	4.00235033
1551	0.3985348642	0.464443028	-0.06590816379	1	0.1922552884	0.9650024176	0.7723680139	4.00660038
1552	0.4654181302	0.5159131885	-0.0504950583	1	0.1856507063	0.9642387629	0.7713930011	4.021105766
1553	0.5055776238	0.5082057118	-0.002628087997	1	0.1818021536	0.9610200524	0.7663111091	4.024530888
1554	0.4667764306	0.4822950959	-0.01551866531	1	0.1808818877	0.9629132152	0.7697668672	4.036009789
1555	0.4347449243	0.4163843393	0.01836058497	1	0.1821967959	0.9685951471	0.7871249914	4.040391922
1556	0.3749547005	0.3863959908	-0.01144129038	1	0.1878273934	0.9709923267	0.7943106294	4.031012535
1557	0.3693268299	0.3949251771	-0.02559834719	1	0.1884903014	0.9699801207	0.7905261517	4.004113197
1558	0.3699015975	0.4172876477	-0.04738605022	1	0.1908875406	0.9664540291	0.7782586217	3.998735666
1559	0.3904845715	0.4946209192	-0.1041363478	1	0.1926148534	0.9650365114	0.7732564211	4.00898838
1560	0.4252289236	0.4919112027	-0.06668227911	1	0.186599806	0.9626879692	0.7683785558	4.031119823
1561	0.4203608334	0.4596452117	-0.03928437829	1	0.1842097789	0.963191092	0.7732075453	4.033555031
1562	0.4227333963	0.4384982586	-0.0157648623	1	0.1840311438	0.9665147662	0.7807452679	4.048717022
1563	0.4014571011	0.3952039182	0.006253182888	1	0.1846164763	0.969299674	0.7901909947	4.051980019
1564	0.3745656013	0.3902977407	-0.01573213935	1	0.1866766512	0.9698386192	0.7930365205	4.03182745
1565	0.3508894145	0.3903360963	-0.03944668174	1	0.1857760698	0.9682378173	0.7876340747	4.012124538
1566	0.3518873751	0.4204227924	-0.06853541732	1	0.1879169345	0.9676553607	0.7852727771	4.024964333
1567	0.3771650791	0.4767876565	-0.09962257743	1	0.1889825165	0.9631915092	0.7703853846	4.021481991
1568	0.3903731704	0.4449495673	-0.05457639694	1	0.1815999895	0.9602652192	0.7641849518	4.041230679
1569	0.3984271884	0.421472311	-0.02304512262	1	0.1779541671	0.9551559687	0.7586598992	4.027815819
1570	0.3759009838	0.3725113273	0.003389656544	1	0.1765029877	0.9654639959	0.779871285	4.042836666
1571	0.4078333676	0.3821646869	0.02566868067	1	0.1826598942	0.9716008306	0.7983770967	4.053855896
1572	0.3862787485	0.3718175888	0.01446115971	1	0.1825131625	0.9696764946	0.7958180308	4.029654503
1573	0.4155138433	0.417799443	-0.002285599709	1	0.1862665713	0.9705762267	0.7949590087	4.017958641
1574	0.4260978103	0.4350936413	-0.008995831013	1	0.1833578944	0.9673099518	0.7857590914	4.013724327
1575	0.4601525366	0.4757438004	-0.01559126377	1	0.1824939251	0.9652696252	0.7786918879	4.021749496
1576	0.4936451614	0.4883809686	0.00526419282	1	0.1771221459	0.9636216164	0.7759374976	4.034019947
1577	0.4741422534	0.4723764062	0.001765847206	1	0.1752899289	0.9646872282	0.7801127434	4.040150166
1578	0.4683266282	0.4638244212	0.004502207041	1	0.1743630469	0.9648356438	0.7806963325	4.049080372
1579	0.4719474316	0.445270896	0.02667653561	1	0.1761777699	0.9684599638	0.7938372493	4.04665947
1580	0.4595660269	0.4469467402	0.01261928678	1	0.1803166717	0.9689888954	0.7943058014	4.027023792
1581	0.4654116035	0.457043916	0.008367687464	1	0.1804158539	0.9649794698	0.7826168537	4.013497829
1582	0.4599975348	0.4705233872	-0.01052585244	1	0.1831246018	0.9651683569	0.7814240456	4.015923977
1583	0.4687821567	0.5009205341	-0.03213837743	1	0.1824254096	0.9615380168	0.7721930146	4.02226305
1584	0.4964711666	0.5118649006	-0.01539373398	1	0.1764069796	0.9578061104	0.7617188096	4.035542965
1585	0.4910282493	0.5002834797	-0.009255230427	1	0.1734406203	0.9574987292	0.7653518915	4.043580532
1586	0.4955325425	0.5028467774	-0.007314234972	1	0.1732064635	0.9591497779	0.7703014612	4.05810976
1587	0.5325424671	0.5066400766	0.02590239048	1	0.176905334	0.9616764784	0.7825337648	4.060714245
1588	0.5263527632	0.5174485445	0.008904218674	1	0.180501461	0.9619263411	0.7837534547	4.03156662
1589	0.5117352009	0.5196167231	-0.007881522179	1	0.1798701286	0.960698545	0.7798111439	4.017529964
1590	0.5260644555	0.5718276501	-0.04576319456	1	0.1803786755	0.9574015737	0.7718827128	4.014986515
1591	0.5160940886	0.5927437544	-0.07664966583	1	0.1795751005	0.9548104405	0.7639692426	4.022387028
1592	0.5342728496	0.5616858602	-0.0274130106	1	0.1710455865	0.9509760737	0.7532696128	4.038406849
1593	0.5304604769	0.5307835937	-0.0003231167793	1	0.1604303718	0.9427441359	0.7438969612	4.029096127
1594	0.5403079391	0.5324367285	0.007871210575	1	0.1658486724	0.9530283809	0.7641147375	4.057352066
1595	0.5757766366	0.5354655981	0.04031103849	1	0.1659310162	0.9494760633	0.7695128918	4.055277348
1596	0.5685790181	0.536863625	0.03171539307	1	0.1720100194	0.9505203962	0.7746409178	4.021728992
1597	0.5435754061	0.5242415071	0.01933389902	1	0.1769616753	0.9565883875	0.7744856477	4.01581192
1598	0.5342319012	0.5442810059	-0.01004910469	1	0.1798542589	0.9577203393	0.7763262391	4.015311718
1599	0.5354088545	0.5812866688	-0.04587781429	1	0.1772994846	0.9509402514	0.764839828	4.016559124
1600	0.569152534	0.5809421539	-0.01178961992	1	0.1693208665	0.9454846978	0.7599849701	4.033290386
1601	0.5708912611	0.5680932999	0.002797961235	1	0.1654213369	0.9455654621	0.7617011666	4.037390709
1602	0.5807434916	0.5785538554	0.00218963623	1	0.1635589898	0.9404409528	0.7582741976	4.053531647
1603	0.5808206201	0.5407152772	0.04010534286	1	0.1688408554	0.9514303803	0.7747532129	4.055963993
1604	0.5691815615	0.5358743072	0.03330725431	1	0.1751417816	0.9520359039	0.7750934362	4.017387867
1605	0.5572248697	0.5335401893	0.02368468046	1	0.1757624894	0.9491776824	0.7660818696	4.003961563
1606	0.5694092512	0.590031743	-0.02062249184	1	0.1851584613	0.9541049004	0.7730180025	4.004323483
1607	0.5408708453	0.6014968157	-0.06062597036	1	0.1822336912	0.9535304308	0.7678602338	4.008664608
1608	0.5792680383	0.6106880903	-0.03142005205	1	0.1711144596	0.9425228834	0.7579344511	4.030519485
1609	0.5799800158	0.5964279175	-0.01644790173	1	0.1659883559	0.9408739209	0.7551444173	4.036904335
1610	0.5905880332	0.5917000771	-0.001112043858	1	0.1649086773	0.9415031672	0.7591445446	4.059966564
1611	0.6159745455	0.5854952931	0.03047925234	1	0.1703685522	0.9488579035	0.7713037133	4.060465813
1612	0.5868873596	0.5525662303	0.03432112932	1	0.1779301018	0.9567542076	0.7777253389	4.020252705
1613	0.5411160588	0.5368297696	0.004286289215	1	0.1793335229	0.9564028382	0.772213161	3.999514341
1614	0.5248634815	0.5422477722	-0.0173842907	1	0.1846832931	0.9650105834	0.7854489684	4.00775528
1615	0.5036618114	0.5575699806	-0.05390816927	1	0.1840899289	0.9638210535	0.7797315717	4.012062073
1616	0.497068733	0.5257170796	-0.02864834666	1	0.1778615266	0.9628584981	0.7806279063	4.038545132
1617	0.4986849427	0.5035131574	-0.004828214645	1	0.1671907604	0.9567342401	0.7663357258	4.030785084
1618	0.5227140188	0.5170665979	0.005647420883	1	0.1732475013	0.9645004272	0.7822647095	4.061947823
1619	0.5488467216	0.5098022223	0.0390444994	1	0.1753026545	0.9664075971	0.7892105579	4.052743435
1620	0.5380185246	0.5055726171	0.03244590759	1	0.1790251434	0.9660851359	0.7910996675	4.016217232
1621	0.5329232812	0.5188469291	0.01407635212	1	0.1885612607	0.9688383937	0.7915930152	4.003412724
1622	0.5003549457	0.520883441	-0.02052849531	1	0.1897491664	0.9710350037	0.7973752618	4.005118847
1623	0.4980080128	0.5406290889	-0.04262107611	1	0.1855500787	0.9673517942	0.7881813049	4.011574268
1624	0.4955002367	0.5215015411	-0.02600130439	1	0.1812150776	0.9680278301	0.7898942232	4.03241396
1625	0.5012987852	0.5121195912	-0.01082080603	1	0.173370719	0.9639970064	0.7831860781	4.042865276
1626	0.5090312958	0.5023978353	0.006633460522	1	0.1723335385	0.9655429125	0.786526978	4.057559967
1627	0.5323492885	0.4953784943	0.0369707942	1	0.1737404019	0.9654459953	0.7890886664	4.045470715
1628	0.5257226229	0.4939321876	0.03179043531	1	0.1810862273	0.966124773	0.7888973951	4.01329422
1629	0.5136675239	0.488699317	0.02496820688	1	0.1824366599	0.9640986323	0.7801990509	3.990415573
1630	0.5215206742	0.5362323523	-0.01471167803	1	0.1907020807	0.9671363831	0.7884015441	3.999397278
1631	0.502961278	0.5446149111	-0.04165363312	1	0.1858430207	0.9648634791	0.7816088796	4.004805088
1632	0.4982694089	0.5231538415	-0.02488443255	1	0.1778749526	0.9631443024	0.7794924378	4.034687042
1633	0.4836816192	0.4905993938	-0.006917774677	1	0.1698979884	0.9624572992	0.7775546312	4.035532475
1634	0.4975120127	0.4937571585	0.003754854202	1	0.1688195914	0.9631659985	0.7793186903	4.055470467
1635	0.5128703117	0.4909063876	0.02196392417	1	0.1729437113	0.9660240412	0.7866345644	4.046574116
1636	0.5096227527	0.4860632718	0.02355948091	1	0.1770110428	0.9652864337	0.7850148082	4.008901119
1637	0.4946152866	0.4867194593	0.007895827293	1	0.1796776801	0.9638520479	0.7781101465	3.990236282
1638	0.4785626233	0.4813716412	-0.002809017897	1	0.1822763234	0.9650873542	0.7792947888	4.001164436
1639	0.4714516103	0.4776165485	-0.006164938211	1	0.1782130301	0.9621966481	0.7717972994	4.004910946
1640	0.4661735892	0.486812681	-0.02063909173	1	0.1777502745	0.9539270997	0.7450509667	4.045114994
1641	0.469761163	0.4775623083	-0.007801145315	1	0.170609504	0.9500361085	0.7396652699	4.045462608
1642	0.4841780066	0.4772357047	0.006942301989	1	0.1691393852	0.9510928392	0.7426844835	4.058810711
1643	0.4875112772	0.474270761	0.01324051619	1	0.1692909151	0.9493497014	0.7399091721	4.046690941
1644	0.4777332842	0.4641521871	0.01358109713	1	0.1747245789	0.9479836822	0.7356812358	4.008236885
1645	0.4613166153	0.4504552484	0.01086136699	1	0.1763843596	0.9447888136	0.7256314158	3.990815639
1646	0.4556692541	0.450799495	0.004869759083	1	0.179561466	0.9452626109	0.7261685729	3.996090174
1647	0.4541491568	0.4428511262	0.01129803061	1	0.1756165028	0.9428498149	0.7206454277	4.001778603
1648	0.4445183277	0.4491057694	-0.004587441683	1	0.1720402539	0.9152545929	0.667289257	4.046007156
1649	0.4438498914	0.4453237653	-0.001473873854	1	0.1672661602	0.913297832	0.6665896177	4.056642056
1650	0.4531827569	0.4450778961	0.008104860783	1	0.1668626517	0.9213383198	0.6812666655	4.066109657
1651	0.4535610676	0.444942534	0.008618533611	1	0.1667844206	0.9161831737	0.6732203364	4.05273819
1652	0.4515388012	0.4349403977	0.01659840345	1	0.1704236269	0.9087834358	0.661740005	4.010431767
1653	0.439922601	0.4257237017	0.01419889927	1	0.1725430787	0.9076491594	0.657515645	3.990323782
1654	0.4384066164	0.4215418398	0.01686477661	1	0.1723831594	0.9030898809	0.6508053541	3.994194508
1655	0.4361994565	0.417645514	0.01855394244	1	0.170025751	0.8969449401	0.6402787566	3.997809172
1656	0.4381380677	0.4330427945	0.005095273256	1	0.165362224	0.8560250401	0.5852597356	4.047519684
1657	0.4458378255	0.423995465	0.0218423605	1	0.164190501	0.9182838202	0.6828804612	4.057551384
1658	0.4579635859	0.4280439019	0.02991968393	1	0.1606712788	0.9368129969	0.7146176696	4.050997734
1659	0.4479622245	0.4418722689	0.006089955568	1	0.1578733027	0.927415967	0.6976370215	4.043031693
1660	0.4414295852	0.4337527454	0.007676839828	1	0.1643108875	0.923206985	0.6885142326	4.008921146
1661	0.4565813839	0.4455022812	0.01107910275	1	0.1666187048	0.927310288	0.6947479248	3.990704536
1662	0.4550080597	0.4314307272	0.0235773325	1	0.1694974452	0.926440835	0.6945261955	3.996786833
1663	0.4454983175	0.4110274017	0.03447091579	1	0.1762937754	0.9364256263	0.7087741494	4.006955147
1664	0.4257494211	0.4037744403	0.02197498083	1	0.1720901877	0.9037399292	0.6511309743	4.051111698
1665	0.4299761355	0.4027339518	0.02724218369	1	0.1692649275	0.9340496063	0.7060489655	4.055939198
1666	0.415412724	0.4138579965	0.001554727554	1	0.1814644635	0.9564198256	0.7514529228	4.055436611
1667	0.4613165557	0.4403886199	0.02092793584	1	0.1912117451	0.9600821733	0.7605189085	4.061681271
1668	0.4755443931	0.4646259546	0.01091843843	1	0.1968383044	0.9567462206	0.7500432134	4.023306847
1669	0.4139218032	0.4219477177	-0.008025914431	1	0.1988032013	0.9572951198	0.7507297993	4.007274628
1670	0.4247751832	0.4734829068	-0.04870772362	1	0.2041190863	0.9540689588	0.7401409149	4.00895834
1671	0.422683537	0.4951375425	-0.07245400548	1	0.2062840015	0.9546914101	0.7397489548	4.004885197
1672	0.4337979853	0.4756273627	-0.04182937741	1	0.1981835365	0.9347020984	0.6937098503	4.043608665
1673	0.38291049	0.3934244812	-0.01051399112	1	0.1891883165	0.9514186382	0.7363784313	4.05760622
1674	0.3293955326	0.3490318954	-0.01963636279	1	0.1863257438	0.9608203173	0.7617214322	4.060732365
1675	0.3412614167	0.3319872916	0.009274125099	1	0.1859252304	0.9612561464	0.7653560638	4.06319952
1676	0.3135735691	0.3112124801	0.002361088991	1	0.1937884539	0.96182096	0.7650255561	4.029435635
1677	0.2971856296	0.3065097034	-0.009324073792	1	0.1947716773	0.9600550532	0.7600648999	4.01158762
1678	0.2821571231	0.3176342249	-0.0354771018	1	0.1972638518	0.9606383443	0.7604804039	4.016712189
1679	0.2906245589	0.3388201296	-0.04819557071	1	0.1979923695	0.960318327	0.7573133111	4.017042637
1680	0.3173524737	0.3429548442	-0.0256023705	1	0.1926187277	0.9429211617	0.7151356936	4.054067135
1681	0.3099727035	0.3209421933	-0.01096948981	1	0.1883134097	0.9556650519	0.7495295405	4.050154686
1682	0.2991491854	0.3136394024	-0.01449021697	1	0.1805143058	0.9595101476	0.7600066066	4.056428909
1683	0.298065722	0.3019903302	-0.003924608231	1	0.1769167483	0.9554226995	0.7519369125	4.065847874
1684	0.2876620889	0.2791810632	0.008481025696	1	0.1821973622	0.9554570317	0.7487904429	4.031891823
1685	0.2694078982	0.2941673696	-0.02475947142	1	0.1859991699	0.9569590688	0.7528891563	4.018057823
1686	0.2763982415	0.3046583831	-0.02826014161	1	0.1883801371	0.9527904987	0.7427331209	4.014821053
1687	0.2784423232	0.29641366	-0.01797133684	1	0.1886083335	0.9507607818	0.7352594733	4.018262386
1688	0.2773388922	0.2920613885	-0.01472249627	1	0.1828500032	0.9244791865	0.6842036247	4.05133152
1689	0.2529924214	0.2422078848	0.0107845366	1	0.1834006906	0.952234745	0.7398561239	4.050665855
1690	0.2465773523	0.2438038588	0.002773493528	1	0.1835258007	0.961332202	0.7637518048	4.063599586
1691	0.2620370388	0.243002072	0.01903496683	1	0.1806046516	0.9591065645	0.7593641281	4.070943356
1692	0.2609913349	0.2393238693	0.02166746557	1	0.1856171787	0.9597632885	0.7586224079	4.042539597
1693	0.2530770898	0.2479555458	0.005121544003	1	0.1915213317	0.9606072307	0.7606543899	4.03596735
1694	0.2624830306	0.2685345113	-0.00605148077	1	0.192713514	0.9600272179	0.7572829127	4.022583961
1695	0.2710736692	0.2784040868	-0.007330417633	1	0.1926016808	0.9591389894	0.7541330457	4.024193287
1696	0.2982763648	0.3070489466	-0.008772581816	1	0.1860394925	0.9404600263	0.7081671357	4.048270226
1697	0.2924782038	0.2895311117	0.002947092056	1	0.1853243858	0.9531291723	0.7407485247	4.052556515
1698	0.2888751626	0.288157016	0.0007181465626	1	0.1805892438	0.9582657814	0.7576419115	4.060388088
1699	0.2442673296	0.2290443629	0.01522296667	1	0.1824040562	0.9608043432	0.7627857924	4.071335793
1700	0.2477778643	0.2348379195	0.01293994486	1	0.190467909	0.9615448713	0.7629320025	4.043066025
1701	0.2479183525	0.2395460308	0.008372321725	1	0.1926035881	0.9617344141	0.7641766667	4.030974865
1702	0.2474784404	0.2679894865	-0.02051104605	1	0.1964223087	0.9618082643	0.7628626823	4.019023895
1703	0.2525727153	0.2760716081	-0.02349889278	1	0.1969696879	0.9607173204	0.758746326	4.020842075
1704	0.2725905776	0.2912307084	-0.01864013076	1	0.1929786801	0.9456411004	0.7215554118	4.039744854
1705	0.2570883036	0.2812525928	-0.02416428924	1	0.195491761	0.9588184357	0.7560223937	4.044661522
1706	0.2378511876	0.2578635812	-0.02001239359	1	0.1953089535	0.9684722424	0.7844359875	4.06002903
1707	0.2400231808	0.2503525615	-0.01032938063	1	0.1947991699	0.9656663537	0.776909411	4.076067448
1708	0.244595319	0.2529816031	-0.008386284113	1	0.1965652257	0.962764442	0.7678110003	4.0435009
1709	0.2544912398	0.2738445699	-0.01935333014	1	0.2006548643	0.9646444917	0.7738988996	4.037609577
1710	0.2483063638	0.3028850555	-0.05457869172	1	0.2035921663	0.9650130272	0.7726653814	4.018671036
1711	0.2508511841	0.2934778035	-0.04262661934	1	0.2018652856	0.9614263177	0.7616714239	4.023377419
1712	0.2618689239	0.2920439243	-0.03017500043	1	0.1976606548	0.9474666119	0.7258280516	4.057849407
1713	0.2624559104	0.2912042141	-0.02874830365	1	0.1964208335	0.9602326155	0.7619715929	4.045105934
1714	0.2471088618	0.2588434815	-0.01173461974	1	0.1952388585	0.9670117497	0.781050086	4.060517788
1715	0.2273634523	0.2281005234	-0.0007370710373	1	0.1907393336	0.9667977691	0.7807077765	4.074294567
1716	0.2427342534	0.250562042	-0.007827788591	1	0.1965033263	0.9656350017	0.7770293355	4.043740273
1717	0.2670569122	0.2779230475	-0.01086613536	1	0.2019338608	0.9662926197	0.7780449986	4.042614937
1718	0.2616384029	0.2989672124	-0.0373288095	1	0.2033205926	0.9663079381	0.7781039476	4.021816254
1719	0.2688624859	0.307875663	-0.03901317716	1	0.2024866939	0.963224709	0.7676529884	4.030444145
1720	0.2836052179	0.3145698011	-0.03096458316	1	0.1974536777	0.9493503571	0.7321463823	4.053038597
1721	0.2776326537	0.3051830232	-0.0275503695	1	0.197121799	0.9604091644	0.76299721	4.05201149
1722	0.2649406791	0.2757834196	-0.01084274054	1	0.1935751587	0.9665316343	0.7808428407	4.05970192
1723	0.2566278577	0.2540070415	0.002620816231	1	0.1902218461	0.9644884467	0.7759677172	4.073345184
1724	0.2772631645	0.2771241665	0.0001389980316	1	0.1954308003	0.9626147151	0.7690514326	4.042427063
1725	0.2853159606	0.2857623994	-0.0004464387894	1	0.1976768225	0.9621683955	0.7687093019	4.033529758
1726	0.2706562877	0.2985772192	-0.02792093158	1	0.1989843249	0.9648079872	0.7755256891	4.011057377
1727	0.288800329	0.3255345523	-0.03673422337	1	0.2002321929	0.9614071846	0.7650904655	4.0252285
1728	0.3016443551	0.3382513523	-0.03660699725	1	0.1959812939	0.9490175843	0.7322161198	4.055421352
1729	0.2945866883	0.3196879327	-0.02510124445	1	0.1946554184	0.9582271576	0.7576849461	4.052878857
1730	0.2900456786	0.3049696982	-0.01492401958	1	0.1940973401	0.9661209583	0.7790492773	4.06304884
1731	0.2814218104	0.2861106992	-0.004688888788	1	0.1911647022	0.9647591114	0.7762805223	4.077590466
1732	0.2976783216	0.3065407574	-0.008862435818	1	0.1960164309	0.964602232	0.7750501037	4.055119514
1733	0.2914608419	0.307957381	-0.01649653912	1	0.1965626329	0.9636793733	0.7727249861	4.046649933
1734	0.292489171	0.3305999339	-0.03811076283	1	0.2007411569	0.9657223225	0.7775691748	4.028549671
1735	0.3081442416	0.3501192629	-0.04197502136	1	0.2020004541	0.964925766	0.7746136785	4.029421329
1736	0.2984882593	0.3464480639	-0.04795980453	1	0.1983270645	0.9674550295	0.7819749713	4.051439762
1737	0.2654189169	0.2810648382	-0.01564592123	1	0.1877692044	0.9718008637	0.7982209325	4.037462711
1738	0.2638888359	0.2598662674	0.004022568464	1	0.1830093861	0.9735935926	0.8051714301	4.04733181
1739	0.2613576055	0.2636429667	-0.00228536129	1	0.1837360859	0.9740378261	0.8070531487	4.071319103
1740	0.2802903652	0.2789865136	0.001303851604	1	0.1881050617	0.9747153521	0.8090601563	4.044732094
1741	0.314553678	0.3138942719	0.0006594061852	1	0.1934596002	0.9738686085	0.8048189282	4.033860683
1742	0.3561615348	0.3565964103	-0.0004348754883	1	0.1954144537	0.9750102758	0.8088881969	4.014372349
1743	0.3825431168	0.3821372986	0.000405818224	1	0.1938480884	0.9728670716	0.8006411195	4.016188622
1744	0.3994106054	0.4014937878	-0.002083182335	1	0.1904081255	0.9746198058	0.8075079918	4.04445982
1745	0.4059185684	0.3944201767	0.01149839163	1	0.1831229925	0.9732650518	0.8040821552	4.033595562
1746	0.4064728916	0.4001702666	0.006302624941	1	0.1830606461	0.9731767774	0.8030999303	4.054851532
1747	0.4138295352	0.4170174301	-0.003187894821	1	0.1845479757	0.9736062884	0.8056412935	4.060117722
1748	0.4240905344	0.4273883402	-0.003297805786	1	0.192740649	0.9749438763	0.8085398078	4.039174557
1749	0.4228293896	0.4160889983	0.006740391254	1	0.1933388263	0.9730036855	0.8017624617	4.022591591
1750	0.4214138687	0.4331674576	-0.01175358891	1	0.1992147714	0.9750574827	0.8080266118	4.01516819
1751	0.4135311544	0.4423835278	-0.02885237336	1	0.1995094866	0.9747153521	0.8059675097	4.015874863
1752	0.4190476239	0.464260906	-0.04521328211	1	0.196353659	0.9757255316	0.8097689748	4.040511131
1753	0.4257065356	0.4500193	-0.02431276441	1	0.1889240444	0.9738438725	0.8041098714	4.033071041
1754	0.4451868832	0.4520765841	-0.00688970089	1	0.1872479469	0.97479105	0.807692945	4.060623646
1755	0.4635365903	0.4604651034	0.00307148695	1	0.1877565682	0.974779129	0.8076823354	4.065549374
1756	0.478048414	0.4656589925	0.01238942146	1	0.1903370917	0.9747233391	0.8072870374	4.035652161
1757	0.4905926883	0.4847269654	0.005865722895	1	0.1922384948	0.9722508788	0.7984000444	4.017127037
1758	0.5028051734	0.5182004571	-0.0153952837	1	0.1951340437	0.973549366	0.8031989336	4.009349823
1759	0.5036126971	0.5502426028	-0.0466299057	1	0.1970383823	0.9728634953	0.7992180586	4.014376163
1760	0.5135149956	0.5735601783	-0.0600451827	1	0.193917051	0.9746537805	0.8061568737	4.050282955
1761	0.5078312755	0.528108418	-0.02027714252	1	0.1814221442	0.9705025554	0.7949801087	4.028673172
1762	0.5300959945	0.5214539766	0.008642017841	1	0.1754655838	0.968506515	0.7894061804	4.050062656
1763	0.5828889012	0.5836905837	-0.0008016824722	1	0.1767172068	0.9683800936	0.7880873084	4.054024696
1764	0.6645635962	0.6632378697	0.001325726509	1	0.1811581552	0.9687002897	0.7883595228	4.019781113
1765	0.7604653239	0.7500116229	0.01045370102	1	0.1858592629	0.9670758247	0.782264173	4.010239601
1766	0.8304286003	0.8331443071	-0.002715706825	1	0.1879865974	0.9686558843	0.7877690196	3.996937275
1767	0.8832974434	0.8828867078	0.0004107356071	1	0.1854459941	0.9665690064	0.7803220153	4.00141573
1768	0.9157029986	0.9193309546	-0.003627955914	1	0.1830011159	0.9692785144	0.7900933027	4.032484531
1769	0.9010211229	0.8948897123	0.006131410599	1	0.1735702008	0.9660876989	0.7822593451	4.024372101
1770	0.9183707237	0.8989361525	0.01943457127	1	0.1718670577	0.9672695994	0.7865452766	4.046260834
1771	0.908433795	0.9083083868	0.0001254081726	1	0.1700747907	0.9644043446	0.777649045	4.045899391
1772	0.9488352537	0.9441904426	0.004644811153	1	0.1761000454	0.965577364	0.7806754112	4.005413055
1773	0.9295134544	0.9224291444	0.007084310055	1	0.1792708933	0.9624704719	0.7705780864	3.991953135
1774	0.9970805049	0.9941638708	0.002916634083	1	0.1897046715	0.9665204287	0.7820976973	3.993792295
1775	0.9508481622	0.9496914148	0.001156747341	1	0.1833271086	0.9636051655	0.7725542784	3.989561558
1776	0.9194543958	0.924603343	-0.005148947239	1	0.1787955016	0.9660328627	0.7811296582	4.025811672
1777	0.9313622713	0.9270754457	0.004286825657	1	0.1727981865	0.9631514549	0.7742130756	4.024628639
1778	0.9923494458	0.9758020043	0.01654744148	1	0.176306814	0.9656600952	0.7812542915	4.047686577
1779	0.9727006555	0.965610683	0.007089972496	1	0.1762153804	0.9642241597	0.7766187787	4.043756485
1780	1.002675533	1.004876375	-0.002200841904	1	0.1772349924	0.9643762708	0.7777075768	4.001064301
1781	0.9910197258	1.006826639	-0.01580691338	1	0.1817386597	0.9636353254	0.7741003633	3.994803667
1782	1.000846624	0.9933457971	0.007500827312	1	0.1820863634	0.963847816	0.7753308415	3.997030973
1783	1.000789404	1.000212908	0.0005764961243	1	0.1838777214	0.9625433683	0.7700406909	4.000254631
1784	0.9647204876	0.9797635674	-0.01504307985	1	0.1791306734	0.9645186663	0.7780435681	4.032292843
1785	0.9180542827	0.9216800928	-0.003625810146	1	0.1712837815	0.9601364136	0.7674216032	4.026869774
1786	0.8798597455	0.8832602501	-0.003400504589	1	0.1817754358	0.9671349525	0.7816734314	4.043490887
1787	0.976118207	0.9447039366	0.0314142704	1	0.1877285838	0.965944469	0.7765756249	4.041773319
1788	1.005044699	0.9829154015	0.02212929726	1	0.1814109981	0.9653275013	0.7769339681	3.986886501
1789	1.06866014	1.031426787	0.03723335266	1	0.189236328	0.9656521678	0.7768183947	3.992863894
1790	1.131450057	1.119568944	0.01188111305	1	0.1836841404	0.9649240375	0.7761508226	3.98730278
1791	1.177744508	1.159839153	0.0179053545	1	0.1820909381	0.9607530236	0.7632707953	3.994217396
1792	1.223349094	1.235306382	-0.01195728779	1	0.1827838421	0.9692290425	0.7902482152	4.029110432
1793	1.163054347	1.154462457	0.008591890335	1	0.1724870056	0.9635611176	0.773355186	4.025950432
1794	1.219324946	1.196798086	0.02252686024	1	0.1756612211	0.9689719081	0.7892900109	4.039775848
1795	1.181469798	1.201268911	-0.01979911327	1	0.1768285781	0.9680482745	0.7864037752	4.033684731
1796	1.237341046	1.214676142	0.02266490459	1	0.1798320562	0.968726933	0.7880269885	3.980302095
1797	1.210106373	1.225903392	-0.015797019	1	0.1796803027	0.9642860889	0.774430573	3.975304365
1798	1.255094767	1.230332732	0.02476203442	1	0.1896708757	0.9689887166	0.7881296277	3.989332676
1799	1.218804479	1.222592115	-0.003787636757	1	0.1899296939	0.9685816765	0.785556078	3.987607718
1800	1.194250107	1.200423002	-0.006172895432	1	0.1831255257	0.9710003734	0.7956306934	4.025287628
1801	1.20836854	1.20389998	0.004468560219	1	0.1772787124	0.9680902362	0.7867577672	4.025301933
1802	1.277127981	1.242125034	0.03500294685	1	0.1740218997	0.9689052105	0.7901457548	4.038862705
1803	1.250062108	1.25028646	-0.0002243518829	1	0.1752304435	0.966519475	0.783080399	4.039807796
1804	1.313467145	1.25991118	0.05355596542	1	0.1729280204	0.9655518532	0.7812303901	3.978883982
1805	1.282726407	1.302589655	-0.01986324787	1	0.1766754538	0.9641019106	0.7766484618	3.98089385
1806	1.308807135	1.262058377	0.04674875736	1	0.1797987074	0.9650653601	0.779122293	3.979517698
1807	1.378333449	1.34256494	0.03576850891	1	0.1779520214	0.9620237947	0.7705199718	3.986880779
1808	1.316053629	1.342065811	-0.02601218224	1	0.1829080135	0.9704971313	0.7943466902	4.027898312
1809	1.306356192	1.301916361	0.00443983078	1	0.1744990349	0.9678109288	0.7872577906	4.029367447
1810	1.349326849	1.322987199	0.02633965015	1	0.1691702902	0.9650917053	0.7799757719	4.034314632
1811	1.340139508	1.35319519	-0.01305568218	1	0.1700093448	0.9636681676	0.7758287787	4.034478188
1812	1.472535491	1.441132307	0.03140318394	1	0.1704741269	0.965934217	0.7825859785	3.980608225
1813	1.529095411	1.55737412	-0.02827870846	1	0.1806765199	0.9662148356	0.7813715339	3.989587784
1814	1.58356607	1.548841238	0.03472483158	1	0.1856331378	0.9677283168	0.7847841382	3.980437517
1815	1.690496564	1.655876875	0.03461968899	1	0.1811826974	0.9631130695	0.7715339661	3.98145175
1816	1.705124497	1.695258379	0.009866118431	1	0.1777126193	0.966765821	0.7829761505	4.016632557
1817	1.667579651	1.656082869	0.0114967823	1	0.1699402034	0.9653259516	0.7803120613	4.025445461
1818	1.724229217	1.683973074	0.04025614262	1	0.1697690636	0.967118144	0.7858765125	4.026720524
1819	1.664212227	1.688959956	-0.0247477293	1	0.1704987139	0.9662848711	0.783806324	4.037647247
1820	1.749006867	1.694414735	0.05459213257	1	0.1708186418	0.9659935236	0.7827916741	3.973152637
1821	1.674641371	1.722757936	-0.04811656475	1	0.1746245325	0.9630952477	0.7732357979	3.975958347
1822	1.732014418	1.689130187	0.04288423061	1	0.1795211732	0.9654348493	0.7790583372	3.958138704
1823	1.779456496	1.738280892	0.04117560387	1	0.181544438	0.9641253948	0.7747426629	3.970531702
1824	1.74292469	1.741185188	0.001739501953	1	0.174151212	0.9653107524	0.7800164223	3.996533632
1825	1.703564286	1.701470137	0.00209414959	1	0.171724081	0.9648867846	0.7799494863	4.028551579
1826	1.820136309	1.772488713	0.04764759541	1	0.1697576046	0.9659403563	0.7831559777	4.031315804
1827	1.72314775	1.731612206	-0.008464455605	1	0.1709460765	0.9638613462	0.7775181532	4.031442642
1828	1.812204957	1.712189078	0.1000158787	1	0.1708594561	0.9655417204	0.781683147	3.983343124
1829	1.722867131	1.762084723	-0.03921759129	1	0.1746700406	0.9637314081	0.7757415771	3.995132923
1830	1.778012633	1.717136621	0.06087601185	1	0.1803837866	0.9661504626	0.7815149426	3.979148149
1831	1.87430644	1.803522348	0.07078409195	1	0.1795896143	0.9616192579	0.7688692212	3.974518299
1832	1.79682672	1.782349586	0.01447713375	1	0.1764494479	0.9636200666	0.7762323022	4.016979694
1833	1.726681709	1.716242075	0.01043963432	1	0.1700383276	0.9624075294	0.7728132606	4.034945488
1834	1.669787765	1.66499114	0.004796624184	1	0.1837485582	0.9719749689	0.7993485332	4.042196274
1835	1.607346654	1.600830436	0.006516218185	1	0.1860648841	0.9718964696	0.7987693548	4.038986683
1836	1.579107523	1.534512997	0.04459452629	1	0.1880356967	0.9712966681	0.7978480458	3.997253418
1837	1.597004175	1.574962854	0.0220413208	1	0.1997793764	0.9703568816	0.7907719612	4.001003265
1838	1.605441093	1.617397547	-0.01195645332	1	0.2098438144	0.9691339135	0.7848035693	3.983252048
1839	1.61915338	1.707905054	-0.0887516737	1	0.2150773257	0.9701005816	0.7868361473	3.982425928
1840	1.625124931	1.691864371	-0.06673943996	1	0.2095743567	0.9725449085	0.796820879	4.024411678
1841	1.651531458	1.696133018	-0.04460155964	1	0.1960130185	0.9743623137	0.8047264814	4.038919449
1842	1.724813223	1.754320383	-0.02950716019	1	0.1907218993	0.974691689	0.8064091802	4.047841072
1843	1.745427847	1.751358032	-0.005930185318	1	0.1910554618	0.9748576283	0.807728827	4.049846649
1844	1.799256802	1.766420603	0.03283619881	1	0.193609193	0.975987494	0.8123221397	4.023614883
1845	1.755487323	1.755537629	-5.030632019e-05	1	0.1923039258	0.9746538997	0.8082258105	4.013675213
1846	1.751245737	1.711471915	0.03977382183	1	0.1952714622	0.9736377001	0.8036916852	3.993307114
1847	1.748552561	1.771065474	-0.02251291275	1	0.1991713345	0.9728032351	0.7990213037	4.003317356
1848	1.733560681	1.751207948	-0.01764726639	1	0.195978716	0.97560817	0.8103297949	4.034983158
1849	1.682716012	1.715496659	-0.03278064728	1	0.1884864718	0.9734661579	0.8033668995	4.035387516
1850	1.680269122	1.710555792	-0.03028666973	1	0.1826203167	0.973279953	0.8034039736	4.044610023
1851	1.675535679	1.675914526	-0.0003788471222	1	0.1826213151	0.9733511806	0.804674685	4.040574074
1852	1.698465228	1.65813446	0.04033076763	1	0.1834204644	0.9738105536	0.8067734241	4.014874935
1853	1.726070404	1.733358145	-0.007287740707	1	0.1840826869	0.9730089307	0.8040058613	4.012537956
1854	1.718857884	1.650089979	0.06876790524	1	0.1871805042	0.9718449712	0.7991939783	3.995674849
1855	1.662693262	1.600583553	0.06210970879	1	0.1880415678	0.9682528973	0.7857575417	4.003828526
1856	1.643006325	1.59873271	0.04427361488	1	0.1821536124	0.969890058	0.7940710187	4.038693905
1857	1.605690002	1.596764326	0.008925676346	1	0.1793869734	0.9707164764	0.7965259552	4.042422295
1858	1.504371881	1.531334519	-0.0269626379	1	0.1836390644	0.9712153077	0.796430707	4.047455788
1859	1.442353606	1.44689393	-0.004540324211	1	0.1866337061	0.9587626457	0.7707436681	4.045689106
1860	1.407467246	1.405344248	0.002122998238	1	0.1882925779	0.9355872869	0.7394559383	4.028522968
1861	1.361161232	1.367652297	-0.006491065025	1	0.1958422363	0.9502716064	0.756583333	4.027301788
1862	1.303357601	1.344529867	-0.04117226601	1	0.1954232156	0.9342415333	0.7287896276	3.997967243
1863	1.256832838	1.311956167	-0.05512332916	1	0.1935345083	0.9398016334	0.731336236	4.008973598
1864	1.246556044	1.303241491	-0.05668544769	1	0.1918652803	0.9519789815	0.7516453862	4.03169775
1865	1.233201265	1.23600173	-0.00280046463	1	0.1855729818	0.970038712	0.7910981178	4.045123577
1866	1.226960897	1.231939435	-0.00497853756	1	0.1809776574	0.9699751735	0.7932444215	4.047345638
1867	1.234437466	1.227684021	0.006753444672	1	0.1797711253	0.9695358276	0.794485569	4.054375648
1868	1.242227435	1.235764265	0.006463170052	1	0.1815836132	0.9713470936	0.7997122407	4.042786598
1869	1.250998139	1.243405342	0.007592797279	1	0.1820938885	0.9695600867	0.7948485613	4.023185253
1870	1.258596778	1.231611133	0.02698564529	1	0.1842477024	0.967889905	0.7862496376	4.00159359
1871	1.267824769	1.246531963	0.02129280567	1	0.1797724813	0.9593092799	0.7638661265	4.005979061
1872	1.246411443	1.240991473	0.005419969559	1	0.1806248426	0.9654331207	0.7775700092	4.040319443
1873	1.247467756	1.246485353	0.0009824037552	1	0.1803383231	0.9688510895	0.7895027399	4.04163599
1874	1.258900762	1.253427267	0.00547349453	1	0.1806615889	0.9717274904	0.7990372181	4.049097538
1875	1.25937283	1.248999476	0.01037335396	1	0.1787833869	0.9704757929	0.7974033356	4.052832603
1876	1.286900997	1.267109871	0.01979112625	1	0.1808465272	0.97148633	0.8016571999	4.045516968
1877	1.292773843	1.274241805	0.01853203773	1	0.1851004809	0.9725607634	0.8028874397	4.022110939
1878	1.28718698	1.255231857	0.03195512295	1	0.1832488179	0.9689695239	0.7909434438	4.005590916
1879	1.293349624	1.27605021	0.01729941368	1	0.1826963723	0.9648417234	0.7769826055	4.009168148
1880	1.284479499	1.265527487	0.01895201206	1	0.178888306	0.9638951421	0.7739226818	4.036293983
1881	1.287851691	1.282387495	0.005464196205	1	0.1750292033	0.9679070711	0.7869996428	4.032603264
1882	1.254255891	1.25185883	0.002397060394	1	0.1799790114	0.9706656337	0.7947220802	4.041819096
1883	1.226362467	1.221755266	0.004607200623	1	0.1825371981	0.9664872289	0.7840239406	4.049084187
1884	1.188521624	1.176037073	0.01248455048	1	0.1824418902	0.9641581774	0.7794959545	4.032725811
1885	1.136404753	1.134429336	0.001975417137	1	0.1859155446	0.9653794169	0.7811281085	4.009239197
1886	1.102243662	1.139359593	-0.03711593151	1	0.1898611933	0.9665114284	0.7806133032	4.006345272
1887	1.094321012	1.153445005	-0.05912399292	1	0.191429913	0.9649853706	0.7746126056	4.003001213
1888	1.108831644	1.17130518	-0.06247353554	1	0.1920859218	0.9658073187	0.7787213326	4.027500153
1889	1.068311095	1.086099625	-0.0177885294	1	0.1808249652	0.9650579095	0.7796291113	4.031919956
1890	1.066704631	1.073998809	-0.007294178009	1	0.1834055632	0.9705684185	0.7949088812	4.039300442
1891	1.065893173	1.058932543	0.006960630417	1	0.180391252	0.9692093134	0.794129312	4.052899837
1892	1.055860996	1.047381997	0.008478999138	1	0.1816455126	0.9709973931	0.8008443713	4.039413929
1893	1.055268049	1.038213849	0.01705420017	1	0.1797031015	0.9670699239	0.7874679565	4.012544155
1894	1.046886683	1.044665575	0.002221107483	1	0.1796119809	0.9660251141	0.7817334533	4.002771378
1895	1.05392909	1.050904393	0.003024697304	1	0.1786284298	0.9629848003	0.7745047212	4.008840561
1896	1.050952673	1.053461313	-0.002508640289	1	0.1783491969	0.9652000666	0.7812561989	4.034958363
1897	1.033016801	1.0372051	-0.004188299179	1	0.1751304269	0.9652795196	0.7806486487	4.025284767
1898	1.025098205	1.020672441	0.004425764084	1	0.1739777476	0.9676411748	0.7880194783	4.032361031
1899	1.022101402	1.024542451	-0.002441048622	1	0.1749331057	0.9697652459	0.794854939	4.046343803
1900	1.020509958	1.012102723	0.008407235146	1	0.1716276109	0.9655680656	0.7897751331	4.03223753
1901	1.015336871	0.9981358647	0.01720100641	1	0.1736496538	0.9659371376	0.7871469855	4.006340027
1902	1.013860822	0.9856215119	0.02823930979	1	0.1707815081	0.9604031444	0.7699044347	4.001242638
1903	1.006639123	0.9694848061	0.0371543169	1	0.1677311659	0.9528096318	0.7501810789	4.003016949
1904	0.9724164605	0.9406145215	0.03180193901	1	0.167470023	0.9562680125	0.756118834	4.025492191
1905	0.9621170759	0.9411450624	0.02097201347	1	0.1662256867	0.9598263502	0.7710885406	4.028223515
1906	0.93901968	0.9355118871	0.00350779295	1	0.1744413674	0.9634202123	0.7790654302	4.034680367
1907	0.9448788166	0.9324396849	0.01243913174	1	0.1744264811	0.9615456462	0.7769995332	4.042031288
1908	0.9528496861	0.9338353276	0.01901435852	1	0.17007038	0.9549050331	0.7653010488	4.025117874
1909	0.9426465034	0.9331737757	0.009472727776	1	0.171662122	0.95724231	0.7659062743	4.001946449
1910	0.954559207	0.9496186376	0.004940569401	1	0.1710418165	0.9541611671	0.755230248	4.004160404
1911	0.9554226995	0.9594994783	-0.004076778889	1	0.1717195362	0.9495657086	0.7425512671	4.001939774
1912	0.9773284197	1.003346801	-0.02601838112	1	0.1751414388	0.9575116038	0.7563019395	4.02399826
1913	0.9464114904	0.9416213036	0.004790186882	1	0.1691737026	0.955073595	0.7552970052	4.020287037
1914	0.9277979732	0.9122080207	0.01558995247	1	0.1733183861	0.9610732198	0.7694427967	4.023118019
1915	0.9177135229	0.9082946777	0.009418845177	1	0.1722715199	0.9622856379	0.7747223377	4.040576935
1916	0.9132286906	0.9082329869	0.004995703697	1	0.1733337194	0.9659628272	0.785695672	4.030488491
1917	0.9109037519	0.9074616432	0.003442108631	1	0.1713280231	0.9628459215	0.7755804658	4.002443314
1918	0.9220126867	0.9012631774	0.02074950933	1	0.1716002226	0.9607178569	0.766935885	4.002373219
1919	0.9270913005	0.9307377338	-0.003646433353	1	0.1737753004	0.9612560272	0.7665410638	3.998345852
1920	0.9435475469	0.9495208263	-0.005973279476	1	0.1714682281	0.9622747302	0.7694641352	4.023540497
1921	0.9376562834	0.9425450563	-0.004888772964	1	0.1708757877	0.9627270699	0.7722700834	4.017257214
1922	0.9247065187	0.9238482118	0.0008583068848	1	0.176938355	0.9688367248	0.7911416888	4.026509762
1923	0.9043169618	0.9010602236	0.003256738186	1	0.1807870269	0.9714499712	0.8001103997	4.051206112
1924	0.904990077	0.8965495825	0.008440494537	1	0.180041194	0.9704332948	0.7990165949	4.029026508
1925	0.9099755883	0.906871438	0.003104150295	1	0.1793505549	0.969722569	0.7951127291	4.006972313
1926	0.9511208534	0.9393946528	0.01172620058	1	0.1762242913	0.9643681645	0.7784687281	3.999019146
1927	0.925170362	0.9423521757	-0.01718181372	1	0.1779775769	0.965139091	0.7778918147	3.994440079
1928	0.9643011689	0.9859926105	-0.02169144154	1	0.173965618	0.9640927315	0.7761828899	4.020341396
1929	0.9488207698	0.9588172436	-0.009996473789	1	0.1732006073	0.9677417278	0.7871716619	4.018835545
1930	0.9234381318	0.9509482384	-0.02751010656	1	0.1847656965	0.9691035748	0.7902932167	4.039263248
1931	0.8992823362	0.9035097957	-0.004227459431	1	0.1862486154	0.9698684216	0.7921187282	4.037549496
1932	0.8461747766	0.8579762578	-0.01180148125	1	0.1821083128	0.9677556157	0.7884867787	4.015892506
1933	0.7905128002	0.8236171007	-0.0331043005	1	0.1815488636	0.9654833674	0.7807408571	3.999015331
1934	0.7839553356	0.8237686157	-0.03981328011	1	0.1792048365	0.9628186822	0.7720940113	3.989596367
1935	0.7554246187	0.8495570421	-0.0941324234	1	0.1795348823	0.9600799084	0.7633761168	3.999167204
1936	0.788492322	0.895005703	-0.106513381	1	0.1793067008	0.9644584656	0.7742801905	4.015582085
1937	0.7303664088	0.7625559568	-0.03218954802	1	0.175134331	0.962138772	0.7704449892	4.023566246
1938	0.796154201	0.8175494671	-0.02139526606	1	0.1940990835	0.9675157666	0.7854189277	4.041376591
1939	0.7358893752	0.7324961424	0.003393232822	1	0.1915041357	0.9689244628	0.7898255587	4.047536373
1940	0.67800951	0.7014067173	-0.02339720726	1	0.1900569201	0.9709826112	0.7962072492	4.025326729
1941	0.6545341611	0.6814312935	-0.0268971324	1	0.1840969324	0.9683836102	0.7876692414	4.010305882
1942	0.6550839543	0.6981292367	-0.04304528236	1	0.1885532141	0.9664658308	0.7819503546	4.012390137
1943	0.6717748642	0.7538750768	-0.08210021257	1	0.1883362681	0.966245532	0.7793383002	3.999008894
1944	0.6905544996	0.7658385038	-0.07528400421	1	0.1830100715	0.9668391347	0.7815805078	4.024590492
1945	0.7428689003	0.7973983288	-0.05452942848	1	0.1846542507	0.9676267505	0.7850371599	4.018078327
1946	0.7780073881	0.8020882607	-0.02408087254	1	0.1911706626	0.9725877047	0.8000969887	4.036162376
1947	0.7785996199	0.8015732765	-0.02297365665	1	0.1954442859	0.9736357927	0.8028647304	4.047750473
1948	0.7074666023	0.7468999624	-0.0394333601	1	0.1929997504	0.9737734795	0.8043143153	4.024741173
1949	0.7140842676	0.771243155	-0.05715888739	1	0.19178994	0.9719750285	0.7977039814	4.009239197
1950	0.7367224693	0.8128832579	-0.07616078854	1	0.1888429523	0.967538476	0.7843879461	4.006718159
1951	0.72587502	0.8254467249	-0.09957170486	1	0.1912271678	0.9667834044	0.7794831395	4.007196903
1952	0.7541478276	0.8444418907	-0.09029406309	1	0.1862203926	0.9672537446	0.7830229402	4.019377708
1953	0.7698801756	0.8302926421	-0.06041246653	1	0.1855873317	0.9711997509	0.7964016199	4.019872189
1954	0.7548540831	0.775218308	-0.02036422491	1	0.1921929866	0.9713207483	0.7956225872	4.045275211
1955	0.7727595568	0.7963424921	-0.02358293533	1	0.1975767761	0.9728868604	0.7994698286	4.048439026
1956	0.7102914453	0.7562098503	-0.04591840506	1	0.1979604512	0.9745095372	0.8057545424	4.030725002
1957	0.7157374024	0.7523044944	-0.03656709194	1	0.1940770447	0.9721695781	0.797110498	4.013278961
1958	0.6980438828	0.7579364777	-0.05989259481	1	0.1924290657	0.969332099	0.7880666852	4.013111115
1959	0.7006338835	0.7720885277	-0.0714546442	1	0.1941726804	0.9690777063	0.7853948474	4.017403126
1960	0.6942160726	0.7510908246	-0.05687475204	1	0.1887187213	0.971563518	0.7950237989	4.030673504
1961	0.7095714211	0.761294663	-0.05172324181	1	0.1872439384	0.9695768952	0.7899942994	4.031672001
1962	0.7213523388	0.7344330549	-0.01308071613	1	0.1893039942	0.9702715874	0.791721046	4.038398266
1963	0.708322525	0.7406178713	-0.03229534626	1	0.1920262724	0.9731403589	0.8011752367	4.041559696
1964	0.664257884	0.7163957953	-0.05213791132	1	0.1932287961	0.9745044708	0.806286037	4.029028416
1965	0.6428517103	0.6763289571	-0.03347724676	1	0.1869067401	0.9703070521	0.7914220095	4.009047508
1966	0.6599447131	0.7151731849	-0.05522847176	1	0.1933639199	0.9699476957	0.79064852	4.009473324
1967	0.6392895579	0.7028291821	-0.06353962421	1	0.1884672344	0.9665381908	0.7783910632	4.005629539
1968	0.6449766755	0.6973801851	-0.05240350962	1	0.1848019361	0.9708425403	0.7935965657	4.029502392
1969	0.6605651379	0.6943838	-0.03381866217	1	0.1811941415	0.9684835076	0.7878280878	4.020730019
1970	0.6195341945	0.6357095838	-0.01617538929	1	0.1791335642	0.9689009786	0.7889224291	4.034000397
1971	0.6142754555	0.633898139	-0.01962268353	1	0.1834341139	0.9716547728	0.79755193	4.037867069
1972	0.5685420036	0.5958247185	-0.02728271484	1	0.1837718636	0.9719399214	0.7995765209	4.024802208
1973	0.5612179637	0.5870543122	-0.02583634853	1	0.1805167943	0.9699467421	0.7928657532	4.003757
1974	0.5732278824	0.5993158221	-0.02608793974	1	0.1821126491	0.9682723284	0.7863900065	3.997404099
1975	0.5616708398	0.6099172235	-0.04824638367	1	0.1849271059	0.9642235637	0.7723133564	4.005703449
1976	0.5619623065	0.5909535289	-0.02899122238	1	0.177372247	0.9640753865	0.7760664821	4.020065784
1977	0.553930521	0.5609464049	-0.007015883923	1	0.1730998605	0.9678528309	0.7868929505	4.022491932
1978	0.5708397031	0.5971851349	-0.0263454318	1	0.182173267	0.9714351892	0.7971664667	4.049143314
1979	0.5247437358	0.5356292129	-0.01088547707	1	0.1817392558	0.9699577093	0.7944193482	4.042718887
1980	0.516651988	0.5231693983	-0.006517410278	1	0.1816147715	0.968963623	0.7930067182	4.025815964
1981	0.5007098317	0.5078027844	-0.007092952728	1	0.1771294773	0.9659030437	0.7839829326	4.018416405
1982	0.5050772429	0.5103812218	-0.00530397892	1	0.17810525	0.9638533592	0.7762774229	4.004675865
1983	0.4993393719	0.5127592087	-0.01341983676	1	0.1759503633	0.9585598707	0.7610136867	4.002147675
1984	0.5032242537	0.5167541504	-0.01352989674	1	0.1692347229	0.9567444324	0.7620674372	4.027559757
1985	0.5025993586	0.5015977025	0.001001656055	1	0.1639486849	0.9557000995	0.7603024244	4.023770332
1986	0.5241217613	0.5349234343	-0.01080167294	1	0.1626935303	0.9467320442	0.7538906932	4.038880348
1987	0.4970682263	0.4911609888	0.00590723753	1	0.168110773	0.9561821818	0.7689839602	4.02702713
1988	0.4929651022	0.4800081253	0.01295697689	1	0.1705724597	0.9583533406	0.7721545696	4.021478176
1989	0.4881388247	0.4809466898	0.007192134857	1	0.1688783616	0.9597975612	0.7704293132	4.02001524
1990	0.4853174984	0.4767570496	0.008560448885	1	0.1718714982	0.9556046724	0.7602587938	3.998314381
1991	0.484736681	0.5013912916	-0.01665461063	1	0.1745797247	0.9551579356	0.7552630901	3.999294758
1992	0.4984564185	0.5103514791	-0.01189506054	1	0.1672258079	0.9540551305	0.7563678622	4.029376507
1993	0.5057371855	0.5133571625	-0.007619976997	1	0.165632844	0.9547747374	0.7620469332	4.032997608
1994	0.5250649452	0.5337044597	-0.008639514446	1	0.1692200303	0.954832077	0.7670406103	4.04720068
1995	0.5320504308	0.5332100391	-0.001159608364	1	0.1702804416	0.9542261958	0.7702072859	4.038542271
1996	0.5141864419	0.511600852	0.002585589886	1	0.1712509543	0.9578551054	0.7741452456	4.028368473
1997	0.5156956315	0.5193682909	-0.003672659397	1	0.1696972549	0.9580838084	0.7685557604	4.01970005
1998	0.5139639974	0.5215992928	-0.007635295391	1	0.1715871841	0.9542689323	0.7591736913	3.998160839
1999	0.5025856495	0.5389733315	-0.03638768196	1	0.1766394228	0.9572888613	0.7576098442	4.001085758
2000	0.5059697032	0.5221027136	-0.01613301039	1	0.170312807	0.9576571584	0.7596526742	4.03482151
2001	0.5097646117	0.5211750865	-0.01141047478	1	0.1681375206	0.9599063396	0.7686547041	4.037091255
2002	0.5493940115	0.5560185313	-0.006624519825	1	0.1726796031	0.9597726464	0.7681789398	4.043108463
2003	0.5761656165	0.5738961101	0.002269506454	1	0.1769756079	0.9578323364	0.7671821117	4.03988266
2004	0.5423855782	0.5466296673	-0.004244089127	1	0.1793399602	0.9575174451	0.771235168	4.032664776
2005	0.5160078406	0.5347784758	-0.01877063513	1	0.1763213873	0.9551178217	0.7642305493	4.020015717
2006	0.4711836874	0.5063425899	-0.03515890241	1	0.1772031635	0.9507656097	0.7517819405	3.996965647
2007	0.4372338653	0.5293663144	-0.09213244915	1	0.1808346063	0.9494439363	0.7471764684	4.000976086
2008	0.4410296381	0.5385802388	-0.09755060077	1	0.1822005659	0.9544213414	0.7617697716	4.035689831
2009	0.4181605875	0.4674552381	-0.04929465055	1	0.1761509031	0.9538657069	0.7625602484	4.042403221
2010	0.4522042572	0.4654153287	-0.01321107149	1	0.1774144471	0.9539896846	0.7650671601	4.036398888
2011	0.4496395886	0.4534359574	-0.003796368837	1	0.1768938601	0.9510797858	0.7652735114	4.03772068
2012	0.3980728388	0.4167094529	-0.01863661408	1	0.1767098159	0.9520230293	0.7673430443	4.027798653
2013	0.3776549697	0.3882934451	-0.01063847542	1	0.1746039838	0.9540087581	0.7632700801	4.024150848
2014	0.37022385	0.4010392129	-0.03081536293	1	0.1779583693	0.9516184926	0.7516005635	3.997882605
2015	0.3868244588	0.4773115814	-0.09048712254	1	0.1805148423	0.949883759	0.7480223179	3.995873213
2016	0.3785189092	0.4357014298	-0.05718252063	1	0.1737275422	0.9526455402	0.7553173304	4.037676811
2017	0.3904001117	0.4517457485	-0.06134563684	1	0.1713093519	0.9516085386	0.7600834966	4.049129963
2018	0.4415836334	0.4608716369	-0.01928800344	1	0.172334075	0.9521187544	0.7623266578	4.04181242
2019	0.452373594	0.4611264765	-0.008752882481	1	0.1748655587	0.950925827	0.7652449012	4.038590908
2020	0.4017978907	0.4217885435	-0.0199906528	1	0.1742703319	0.9501722455	0.7664654255	4.028571129
2021	0.384427309	0.3971167207	-0.01268941164	1	0.1718300581	0.9492866993	0.7633646727	4.0348773
2022	0.4035541117	0.4325191975	-0.02896508574	1	0.1740537733	0.945772469	0.750644803	4.010640621
2023	0.3658819795	0.4676149487	-0.1017329693	1	0.1781648695	0.9518533349	0.7484893799	3.997931004
2024	0.3495481908	0.4003865719	-0.05083838105	1	0.1713946015	0.9543650746	0.7622384429	4.040819645
2025	0.3312818408	0.3712992966	-0.04001745582	1	0.1673981398	0.9554750323	0.7618649602	4.037629604
2026	0.3942973316	0.4007793665	-0.006482034922	1	0.1757558882	0.9603299499	0.7750173211	4.039775848
2027	0.3814667165	0.369607985	0.01185873151	1	0.1796118021	0.9665600061	0.7881886363	4.038781643
2028	0.3467701674	0.3518989682	-0.005128800869	1	0.1779981852	0.9636619091	0.7860811949	4.030337334
2029	0.3556307256	0.3503150344	0.005315691233	1	0.1774123907	0.9619864225	0.7777012587	4.032504559
2030	0.3400147259	0.361546278	-0.02153155208	1	0.1779459566	0.9627571106	0.7733798027	4.007330418
2031	0.3385944963	0.3802917898	-0.04169729352	1	0.182529375	0.9647709131	0.7760101557	4.009396553
2032	0.3058249652	0.3264340162	-0.02060905099	1	0.1729319394	0.9604167938	0.7712567449	4.034856319
2033	0.2901943624	0.3092856109	-0.01909124851	1	0.1717111319	0.9615721107	0.7774725556	4.03602457
2034	0.3267973065	0.3273936808	-0.0005963742733	1	0.172935605	0.963327229	0.77969414	4.038314342
2035	0.3222567737	0.3114633262	0.01079344749	1	0.1763250083	0.967782855	0.7922606468	4.03913641
2036	0.3157733381	0.3025175631	0.01325577497	1	0.1781302243	0.9673185945	0.7930181623	4.036215782
2037	0.3120006919	0.3002951145	0.01170557737	1	0.1750882715	0.96385777	0.7828372717	4.022312164
2038	0.3049120307	0.3043278456	0.0005841851234	1	0.1756405979	0.9625980854	0.7764319181	4.00577116
2039	0.2998794913	0.3326934576	-0.03281396627	1	0.1785038263	0.9638151526	0.7782738209	4.01053524
2040	0.288690567	0.3251830041	-0.03649243712	1	0.1749811471	0.9648120403	0.7807431221	4.035294533
2041	0.2895977497	0.2913159728	-0.001718223095	1	0.1695007235	0.965585053	0.7838231921	4.030175209
2042	0.2962129712	0.2984015942	-0.002188622952	1	0.1679510772	0.9642577171	0.7816366553	4.033824921
2043	0.3063823283	0.2951758206	0.01120650768	1	0.1710846126	0.9677454829	0.7936335206	4.031033516
2044	0.2924898267	0.2888863087	0.003603518009	1	0.1715885401	0.9669442177	0.7934313416	4.014301777
2045	0.302067399	0.3037902415	-0.001722842455	1	0.1714565605	0.9638392329	0.7854663134	4.01043129
2046	0.2961387634	0.3044828773	-0.008344113827	1	0.1707950979	0.959254384	0.7690316439	3.998300791
2047	0.2989814878	0.2978447378	0.001136749983	1	0.1714441478	0.9568141103	0.7613345385	4.00044632
2048	0.2823422849	0.2955581844	-0.01321589947	1	0.1634945124	0.9516088367	0.7515156865	4.024321556
2049	0.297549963	0.2726511359	0.02489882708	1	0.1614785939	0.9597717524	0.7730379701	4.028836727
2050	0.2750554085	0.2681155503	0.006939858198	1	0.165836677	0.9622534513	0.7827874422	4.033092976
2051	0.3007697463	0.2697609365	0.0310088098	1	0.1679612398	0.9643556476	0.7887755632	4.041139126
2052	0.2712084651	0.2589906156	0.01221784949	1	0.1689558327	0.9646911621	0.7897711992	4.000729561
2053	0.3093635738	0.2889766097	0.02038696408	1	0.1793747097	0.9674698114	0.7947665453	4.0233922
2054	0.2787601352	0.2741471231	0.004613012075	1	0.1770329326	0.9664101601	0.7877646089	4.010422707
2055	0.2928828597	0.2998497486	-0.006966888905	1	0.1787537038	0.9660704732	0.7838227153	4.004984379
2056	0.2877906859	0.3061309457	-0.01834025979	1	0.1728224158	0.9619714618	0.7788184285	4.030024529
2057	0.2985945046	0.2913515568	0.007242947817	1	0.1660553515	0.959415257	0.7732717395	4.032584667
2058	0.2875972092	0.2851232886	0.002473920584	1	0.1665299088	0.9626156092	0.7813536525	4.027474403
2059	0.2902224958	0.2652417123	0.02498078346	1	0.1710760742	0.9685450792	0.7962983251	4.03688097
2060	0.2658624053	0.2534158826	0.01244652271	1	0.1768739223	0.9695847034	0.7983019948	4.016748428
2061	0.288403511	0.2678842545	0.02051925659	1	0.1766539514	0.9661365747	0.7884160876	4.019178867
2062	0.2975616157	0.3065021038	-0.0089404881	1	0.1816761196	0.9656788707	0.7850698829	4.008506298
2063	0.3176485896	0.3478635252	-0.03021493554	1	0.1814125329	0.9662798047	0.783303678	4.003940105
2064	0.2901043296	0.3249586821	-0.03485435247	1	0.1746821702	0.9645420313	0.7813796997	4.030698776
2065	0.2952131927	0.3028983772	-0.007685184479	1	0.1724059135	0.9667498469	0.7872703075	4.037024975
2066	0.2906931341	0.305857718	-0.01516458392	1	0.1755140722	0.9688106775	0.7950673103	4.03873539
2067	0.3264038563	0.3157735467	0.01063030958	1	0.1787064672	0.9725983739	0.8064415455	4.046282768
2068	0.3089724183	0.3048849106	0.004087507725	1	0.182291612	0.9726212025	0.8049853444	4.023041725
2069	0.3123666048	0.3325921595	-0.0202255547	1	0.1859170943	0.9722924829	0.8029112816	4.024337292
2070	0.3033260703	0.3309672177	-0.02764114738	1	0.1848126799	0.9712898731	0.7988773584	4.009003162
2071	0.3288489878	0.3733859956	-0.04453700781	1	0.1879862696	0.9707119465	0.7949928045	4.020522118
2072	0.2698840201	0.3237073123	-0.05382329226	1	0.1786711514	0.9677745104	0.7884482145	4.03327322
2073	0.2846111655	0.3083025515	-0.02369138598	1	0.1733314544	0.9681001306	0.7900728583	4.035479069
2074	0.3151532114	0.3269545734	-0.01180136204	1	0.1759589761	0.9698262811	0.79575032	4.036561966
2075	0.3506315351	0.3345114291	0.01612010598	1	0.1812945157	0.9738394618	0.8084134459	4.043941975
2076	0.3306629062	0.3229623735	0.007700532675	1	0.1827237308	0.9744864702	0.8104003072	4.021165371
2077	0.3354065418	0.3385925889	-0.003186047077	1	0.1879627705	0.9737343788	0.8060614467	4.031161308
2078	0.3322278559	0.3526760042	-0.02044814825	1	0.1868684888	0.972155869	0.8004670143	4.014053345
2079	0.3537115753	0.3862718344	-0.0325602591	1	0.1846883595	0.9696702361	0.7914500237	4.019074917
2080	0.3210715055	0.3448011875	-0.02372968197	1	0.1786386073	0.9698337317	0.7944234014	4.037796021
2081	0.3318181038	0.3482452631	-0.01642715931	1	0.1765754372	0.9690452814	0.7927088141	4.042935848
2082	0.3522080481	0.3716266155	-0.01941856742	1	0.1803952307	0.9716820717	0.8010690808	4.038061142
2083	0.3509887159	0.3398656249	0.01112309098	1	0.1773295552	0.9724700451	0.8052674532	4.043314934
2084	0.3659518659	0.3671355844	-0.001183718443	1	0.1856013983	0.9750938416	0.8116750121	4.025531769
2085	0.3513128161	0.3689592779	-0.01764646173	1	0.1871992201	0.9726721644	0.8028178215	4.026230812
2086	0.3620149791	0.3933418691	-0.03132688999	1	0.1910073012	0.9721483588	0.7994570136	4.011357784
2087	0.344781816	0.3864750564	-0.0416932404	1	0.1864954233	0.9704268575	0.7941328883	4.016242981
2088	0.3197149634	0.3422517776	-0.02253681421	1	0.1751053631	0.9664009809	0.7848599553	4.030623436
2089	0.3146700859	0.3209806681	-0.006310582161	1	0.1693481654	0.9659901857	0.7847365141	4.029850006
2090	0.3198693991	0.3380856216	-0.01821622252	1	0.1729407012	0.9686847925	0.7924947143	4.029233456
2091	0.3540825844	0.3479454815	0.006137102842	1	0.1732404977	0.9705973864	0.7997642756	4.029768944
2092	0.340662539	0.3398258686	0.0008366703987	1	0.1767963618	0.9699899554	0.7962875366	4.004180908
2093	0.3214366436	0.3293492794	-0.007912635803	1	0.1775192767	0.9678775072	0.7898206115	4.01107645
2094	0.3192882836	0.3190315068	0.0002567768097	1	0.1762869358	0.9655672908	0.7832957506	3.995879412
2095	0.3347074986	0.3216729462	0.01303455234	1	0.173556447	0.9618490338	0.7738536	4.006703854
2096	0.3074526787	0.2946660519	0.01278662682	1	0.1631540805	0.956592679	0.7632271051	4.022803783
2097	0.3041833341	0.281747669	0.02243566513	1	0.155585438	0.9530003667	0.7535269856	4.020150185
2098	0.2911516428	0.2822031379	0.008948504925	1	0.1627979875	0.9644473195	0.7799751759	4.025110722
2099	0.3051851392	0.3025915921	0.002593547106	1	0.1652757525	0.968524456	0.7934666872	4.019758701
2100	0.3237377405	0.3090666234	0.01467111707	1	0.1757142693	0.969573617	0.7946578264	4.007639408
2101	0.3115490973	0.3009762168	0.01057288051	1	0.1785476208	0.9679598212	0.7914142609	4.017081738
2102	0.3115364611	0.2924463451	0.01909011602	1	0.1742928177	0.9648343325	0.7824835777	3.987210512
2103	0.343940109	0.3209741116	0.02296599746	1	0.1715559661	0.9645739198	0.7823442817	4.006855488
2104	0.3005406559	0.2920225561	0.008518099785	1	0.167405799	0.9619591236	0.7785661817	4.025290489
2105	0.3220425248	0.3016923368	0.02035018802	1	0.1652407944	0.9610947967	0.7782843709	4.030446529
2106	0.3120805323	0.3003362119	0.01174432039	1	0.1598293334	0.9582514167	0.7754053473	4.019496441
2107	0.3050754964	0.2877296507	0.0173458457	1	0.1670607775	0.9676679969	0.7939716578	4.014317989
2108	0.3217968047	0.3022049665	0.01959183812	1	0.1753091365	0.9688392878	0.7939101458	3.987720251
2109	0.3088394701	0.3029914498	0.005848020315	1	0.1792004853	0.968192935	0.7920637727	4.020452023
2110	0.3338707387	0.3389374912	-0.005066752434	1	0.1846884787	0.9668305516	0.7870292664	3.98704195
2111	0.3431059122	0.3319867849	0.01111912727	1	0.1737742126	0.9659386873	0.784435153	4.00115633
2112	0.308301419	0.3081870675	0.000114351511	1	0.1688431501	0.9636932611	0.7841186523	4.0266819
2113	0.3130690157	0.299403578	0.0136654377	1	0.1609929502	0.9625760317	0.7801146507	4.023241043
2114	0.3258909285	0.3164420128	0.00944891572	1	0.1575623751	0.9577234387	0.7737932801	4.015026569
2115	0.3210118115	0.3116542697	0.0093575418	1	0.1627520472	0.9653624296	0.7893372774	4.010270119
2116	0.3362412453	0.3178325593	0.01840868592	1	0.1716543585	0.9674930573	0.7921366096	3.987692356
2117	0.3257353604	0.3144224584	0.01131290197	1	0.1767622679	0.9697369337	0.7960198522	4.006847382
2118	0.3487907946	0.3194690049	0.02932178974	1	0.1729154736	0.9628592134	0.7789036036	3.980848312
2119	0.3803323209	0.3346947134	0.04563760757	1	0.1663593054	0.9600095153	0.7729530334	4.001022339
2120	0.3376304507	0.3219460845	0.01568436623	1	0.163492322	0.9597548246	0.7740542889	4.025187492
2121	0.3343153596	0.316863209	0.01745215058	1	0.1564832181	0.9587899446	0.7696138024	4.023827553
2122	0.3414610326	0.3339189887	0.007542043924	1	0.1633344591	0.9619281292	0.7803255916	4.02270174
2123	0.3513939977	0.3274347782	0.02395921946	1	0.1731236428	0.9702250957	0.8014410734	4.015845299
2124	0.3623856902	0.3411106467	0.02127504349	1	0.181007579	0.9727447033	0.8058406115	3.984663725
2125	0.3537098169	0.3318030536	0.02190676332	1	0.1794451177	0.9707161188	0.7994535565	4.016467094
2126	0.3550641239	0.3459224403	0.009141683578	1	0.1771584749	0.966709435	0.7873784304	3.982966423
2127	0.3611131907	0.3634524643	-0.002339273691	1	0.1730361432	0.9646419287	0.7829144597	3.995258093
2128	0.3329631388	0.3420036435	-0.009040504694	1	0.1713457704	0.9678530097	0.790558219	4.025053501
2129	0.3505347669	0.3378563821	0.01267838478	1	0.1634472162	0.9647943377	0.7836120129	4.036005497
2130	0.361641258	0.345153749	0.01648750901	1	0.1637429744	0.9646892548	0.7825938463	4.022445679
2131	0.3404096961	0.3225946724	0.01781502366	1	0.1667570323	0.9683149457	0.7957508564	4.002888203
2132	0.3672904074	0.337239325	0.03005108237	1	0.1733488292	0.9690788984	0.7947543859	3.987656832
2133	0.3690658212	0.346008718	0.02305710316	1	0.1758951545	0.967771709	0.7898955345	4.01213932
2134	0.3941648602	0.38043046	0.01373440027	1	0.1745235324	0.964201808	0.7802900672	3.977347851
2135	0.4074528515	0.4028672576	0.004585593939	1	0.1703842282	0.9612060785	0.7740237713	3.988281965
2136	0.3689734936	0.3797938526	-0.01082035899	1	0.1677067429	0.9640977979	0.7830424309	4.022492886
2137	0.3713549376	0.3791420758	-0.007787138224	1	0.1657707989	0.9652296901	0.7851092815	4.04088974
2138	0.3939779401	0.3880657852	0.005912154913	1	0.1644520909	0.9630900621	0.7820469737	4.032598019
2139	0.4148573279	0.3855473995	0.02930992842	1	0.1700764298	0.9667967558	0.793866396	4.020163059
2140	0.4173365235	0.3886912167	0.02864530683	1	0.1776831895	0.9682958722	0.7945111394	4.003646851
2141	0.4112536907	0.4260319173	-0.01477822661	1	0.1807192266	0.9695019722	0.794639051	4.00931263
2142	0.4061822891	0.4329963028	-0.02681401372	1	0.1774734557	0.9675639868	0.7875628471	3.98321104
2143	0.4105854034	0.4320836663	-0.02149826288	1	0.1760554612	0.9689098597	0.7918311357	4.004908085
2144	0.3845480978	0.4090355933	-0.02448749542	1	0.1739248633	0.9710336328	0.7990841866	4.031647205
2145	0.3889258206	0.3948477805	-0.005921959877	1	0.1652509272	0.9681620598	0.7914046049	4.038046837
2146	0.4338005483	0.41621086	0.0175896883	1	0.1708510965	0.9686617255	0.7926539183	4.030832767
2147	0.4336472154	0.3946222663	0.03902494907	1	0.1760330945	0.9733707905	0.8090242743	4.016777039
2148	0.4299251139	0.3913309574	0.0385941565	1	0.1775238514	0.9718565941	0.8035359979	4.000308037
2149	0.4343207777	0.4290599227	0.005260854959	1	0.1807760894	0.9710509777	0.7977277637	4.013599873
2150	0.4124232829	0.4369452	-0.0245219171	1	0.1751240045	0.9665438533	0.7859157324	3.987803221
2151	0.406447053	0.4287491739	-0.02230212092	1	0.1761689484	0.9695401788	0.7926462889	4.00339365
2152	0.4009813666	0.4203941226	-0.01941275597	1	0.1729581952	0.9715749621	0.801484704	4.033076763
2153	0.419823736	0.4377369583	-0.01791322231	1	0.174182117	0.9720906615	0.8020403981	4.053334236
2154	0.4557183981	0.4532562494	0.002462148666	1	0.1808141917	0.9747307301	0.8105202913	4.038016319
2155	0.4258718491	0.3974927664	0.02837908268	1	0.1794119924	0.9765172005	0.8191575408	4.010420322
2156	0.4460915029	0.4232116044	0.02287989855	1	0.18568331	0.9757523537	0.8147015572	4.000386715
2157	0.4477694333	0.4428221285	0.004947304726	1	0.1837428063	0.9729918242	0.804160893	4.017356396
2158	0.4472951293	0.4813293219	-0.03403419256	1	0.1874401867	0.9717051387	0.7990122437	3.987709045
2159	0.4237307906	0.4667177796	-0.04298698902	1	0.1838020086	0.9718073606	0.7990918756	4.013212681
2160	0.4351833761	0.4769182205	-0.04173484445	1	0.1798546612	0.9734182954	0.8062338829	4.033608437
2161	0.4769607782	0.4978311062	-0.02087032795	1	0.1756229401	0.9707173109	0.7980592847	4.046573639
2162	0.4764801264	0.4700516164	0.006428509951	1	0.1753332168	0.9718603492	0.8022096753	4.04360342
2163	0.4902943075	0.4610221088	0.02927219868	1	0.1781734973	0.9739128947	0.8099856377	4.020655632
2164	0.4966741204	0.4724580646	0.02421605587	1	0.1833285987	0.9736338258	0.8070728779	4.001187801
2165	0.4778081775	0.4865611494	-0.008752971888	1	0.1842866391	0.972905457	0.8037791252	4.014133453
2166	0.4560894668	0.4789048135	-0.02281534672	1	0.1829099208	0.9708702564	0.7976168394	3.986397266
2167	0.4431626499	0.4530761242	-0.009913474321	1	0.1806617826	0.9711390138	0.7976304293	4.014460087
2168	0.4295062125	0.4430473745	-0.01354116201	1	0.1762428582	0.9723098278	0.8029050231	4.041710854
2169	0.4284232855	0.4244011939	0.004022091627	1	0.1690036952	0.9699112177	0.7965410948	4.038815975
2170	0.4711607099	0.4545786679	0.01658204198	1	0.1786644161	0.9735729694	0.8074297309	4.045164585
2171	0.4648236334	0.4325222671	0.03230136633	1	0.1822757274	0.9755160213	0.8160398602	4.020524502
2172	0.440213114	0.4151617587	0.02505135536	1	0.1829071343	0.9739298224	0.8089240193	3.993685722
2173	0.4584215283	0.4608626664	-0.002441138029	1	0.1867436022	0.9728541374	0.8028256297	4.009731293
2174	0.4777083695	0.5530524254	-0.07534405589	1	0.195399031	0.9728558064	0.8022027016	3.996585369
2175	0.4655558169	0.5395769477	-0.0740211308	1	0.1900318414	0.9718437195	0.7995220423	4.01234436
2176	0.5098708868	0.5891418457	-0.0792709589	1	0.1915139258	0.9728814363	0.8025835156	4.043301582
2177	0.5206221938	0.5657737851	-0.0451515913	1	0.1893663555	0.9734970331	0.8059472442	4.052920341
2178	0.5144082308	0.506336689	0.008071541786	1	0.1848483682	0.9732834697	0.8061932325	4.046156406
2179	0.4598624706	0.4249119163	0.03495055437	1	0.1857347041	0.9751536846	0.8132767677	4.027324677
2180	0.440610528	0.4258046746	0.01480585337	1	0.1878826618	0.9741680622	0.8088208437	4.010885715
2181	0.4515273571	0.4545504749	-0.003023117781	1	0.189084664	0.9726706147	0.8018149137	4.014806271
2182	0.4176668525	0.4670083523	-0.04934149981	1	0.192735061	0.9723696709	0.79998523	4.00156498
2183	0.4246780872	0.4898317754	-0.06515368819	1	0.188500002	0.9712408781	0.7957991362	4.013372898
2184	0.4263251126	0.4969422519	-0.07061713934	1	0.1884436458	0.9727573395	0.8007906675	4.043529987
2185	0.481267482	0.5277869105	-0.04651942849	1	0.1846972704	0.9730023742	0.8034647107	4.058529377
2186	0.5127133131	0.5109114647	0.001801848412	1	0.1840690374	0.9746578932	0.8089125752	4.053156376
2187	0.4987015426	0.4876170456	0.01108449697	1	0.1863826513	0.9760614038	0.8146309853	4.043721676
2188	0.4706623852	0.4679764211	0.002685964108	1	0.1900884062	0.975676477	0.8128842711	4.023235798
2189	0.4751939774	0.514478147	-0.03928416967	1	0.1901149601	0.9734824896	0.8040398359	4.028349876
2190	0.4373918772	0.4937171936	-0.05632531643	1	0.190107435	0.9736461639	0.8047483563	4.005978584
2191	0.4281088412	0.4817456603	-0.05363681912	1	0.1912849247	0.9741538167	0.8057135344	4.022647858
2192	0.4135475159	0.5100412965	-0.09649378061	1	0.1909988075	0.9749266505	0.8081265688	4.043585777
2193	0.4258892536	0.4711124003	-0.04522314668	1	0.1791565269	0.9722203016	0.8011018634	4.040324211
2194	0.463334173	0.4628796279	0.0004545450211	1	0.1816559136	0.9740900397	0.8069728017	4.043664932
2195	0.4404192865	0.4257169366	0.0147023499	1	0.1832667589	0.9758676887	0.8147120476	4.037461281
2196	0.4501219392	0.4274250567	0.02269688249	1	0.1866677999	0.9751628041	0.8110417724	4.017238617
2197	0.4892009199	0.4850119054	0.004189014435	1	0.1913222075	0.9738215208	0.8041979671	4.027417183
2198	0.404779166	0.4478237033	-0.04304453731	1	0.1876158863	0.9726417065	0.8009201288	3.999294519
2199	0.4076114297	0.4529978335	-0.0453864038	1	0.1859268993	0.9715775847	0.7969626188	4.025985718
2200	0.36404109	0.425299108	-0.06125801802	1	0.1842870414	0.9740411639	0.8062521815	4.038201332
2201	0.4148707688	0.4522064328	-0.03733566403	1	0.1824752241	0.9742252827	0.807451725	4.048287392
2202	0.4096376896	0.4107857347	-0.001148045063	1	0.1799376309	0.9751077294	0.8111318946	4.040846825
2203	0.3655706942	0.3488567173	0.01671397686	1	0.1778559983	0.9755041003	0.814532876	4.026970387
2204	0.3809514046	0.3555083871	0.02544301748	1	0.1821176112	0.97450912	0.8094691038	4.020079613
2205	0.369112879	0.3659211695	0.003191709518	1	0.1830690801	0.9715973735	0.7983736992	4.008309841
2206	0.3621424139	0.3839274347	-0.02178502083	1	0.1852627546	0.9717486501	0.7984660864	4.00575161
2207	0.3771742284	0.4161452353	-0.03897100687	1	0.1883709878	0.9723138213	0.799176991	4.024094105
2208	0.3718469739	0.4271346629	-0.05528768897	1	0.1864221841	0.9741359949	0.8063828349	4.04226017
2209	0.3447469175	0.3760051429	-0.03125822544	1	0.1820390373	0.9747794271	0.8102176189	4.040146351
2210	0.3564991057	0.3578342795	-0.001335173845	1	0.1781855822	0.9746367335	0.8101847768	4.044243336
2211	0.3290523589	0.3216941059	0.007358253002	1	0.1770697236	0.975541234	0.8146921992	4.036842823
2212	0.3570334613	0.3426701725	0.01436328888	1	0.1807954013	0.9751873016	0.8125296235	4.014772892
2213	0.3463236094	0.3515096307	-0.005186021328	1	0.182759881	0.973306179	0.8050535321	4.007687569
2214	0.3310180008	0.3420193195	-0.01100131869	1	0.1840271205	0.9717547297	0.79938519	3.991795778
2215	0.3264208734	0.3511804342	-0.02475956082	1	0.1847675592	0.9695628881	0.7925130129	4.009554386
2216	0.3134756684	0.3584074676	-0.04493179917	1	0.1824405789	0.9678847194	0.7906026244	4.033921242
2217	0.3267662227	0.341714263	-0.01494804025	1	0.1773596108	0.9719769359	0.8014960289	4.029257774
2218	0.3427396417	0.3454007506	-0.002661108971	1	0.1756163388	0.9721648097	0.8021982312	4.037333488
2219	0.3433200419	0.3357127905	0.007607251406	1	0.1784043014	0.9745713472	0.8110878468	4.030414581
2220	0.3338420093	0.3202108145	0.01363119483	1	0.1761264056	0.9732812047	0.8067350984	3.999302149
2221	0.3326584101	0.3206039071	0.01205450296	1	0.1768039316	0.9706219435	0.7976791859	4.000197411
2222	0.3264265954	0.3142303824	0.01219621301	1	0.1814306676	0.9700520635	0.7939553857	3.998871565
2223	0.3035522103	0.3065931201	-0.003040909767	1	0.1824024916	0.9702456594	0.7952373028	4.006946564
2224	0.3024193347	0.3194480538	-0.01702871919	1	0.1808090955	0.9710620046	0.7988985777	4.028742313
2225	0.3255622089	0.3224259317	0.003136277199	1	0.1772962809	0.9723051786	0.8039315343	4.031413078
2226	0.3114387989	0.3121587634	-0.0007199645042	1	0.1741983742	0.971824944	0.8019771576	4.032749653
2227	0.2883670032	0.2797811329	0.008585870266	1	0.1730906218	0.9727394581	0.8069508076	4.021898746
2228	0.2803152502	0.2688295245	0.01148572564	1	0.1740163416	0.9710573554	0.800047636	3.998221636
2229	0.2974318564	0.2878057361	0.009626120329	1	0.1738558114	0.9663781524	0.7861124873	4.004840851
2230	0.2945239544	0.2740921378	0.02043181658	1	0.1828038394	0.9682730436	0.7905113697	3.994287729
2231	0.3008983135	0.3017596304	-0.0008613169193	1	0.1814989746	0.9685412645	0.7921400666	3.999044418
2232	0.2932578027	0.2997576594	-0.00649985671	1	0.1799213588	0.9712280035	0.8007956147	4.018405914
2233	0.3114955723	0.2890282571	0.0224673152	1	0.1704525948	0.967446208	0.791205287	4.014594555
2234	0.3133268952	0.2966680527	0.01665884256	1	0.165267393	0.9675038457	0.7937814593	4.021086693
2235	0.2967392504	0.3000170887	-0.00327783823	1	0.1695287079	0.9708829522	0.8039790392	4.016868114
2236	0.2977787554	0.3011803925	-0.003401637077	1	0.1707337201	0.9707738161	0.8028597236	3.980840445
2237	0.3085895777	0.3065310717	0.002058506012	1	0.1725870371	0.9683665037	0.7945683599	3.997290134
2238	0.3667660058	0.3160940409	0.05067196488	1	0.1753107011	0.9645398259	0.7831651568	3.980680943
2239	0.3423077762	0.3034903109	0.03881746531	1	0.1778261364	0.963296771	0.7821388245	4.000603199
2240	0.3629204333	0.330866009	0.03205442429	1	0.1758188903	0.9653983116	0.7877562642	4.02093935
2241	0.3241110444	0.289154619	0.03495642543	1	0.170539692	0.9657336473	0.7878401875	4.016080379
2242	0.3172172904	0.3007089496	0.01650834084	1	0.1665291935	0.9655787945	0.789260149	4.023424625
2243	0.2906842828	0.2846898437	0.005994439125	1	0.1746001542	0.9719446301	0.8083265424	4.017998695
2244	0.2795219123	0.2899609208	-0.01043900847	1	0.1731808782	0.9711745977	0.8061613441	3.97729826
2245	0.2799802125	0.2836555243	-0.003675311804	1	0.1744035035	0.9676260948	0.7933318019	3.995663166
2246	0.3076542318	0.2653327584	0.04232147336	1	0.1792749017	0.9678074718	0.7915070653	3.984752417
2247	0.3366642892	0.2632911503	0.0733731389	1	0.1766988486	0.9653240442	0.7859768867	4.000906467
2248	0.3421269953	0.2661865652	0.07594043016	1	0.1734790206	0.9662542939	0.7889159918	4.011606693
2249	0.2984569669	0.2587034702	0.03975349665	1	0.1701388806	0.9649788141	0.7856401801	4.008478642
2250	0.2947358787	0.2753039002	0.01943197846	1	0.16533871	0.9640658498	0.7848151326	4.017031193
2251	0.2971380353	0.3182888925	-0.02115085721	1	0.1672248989	0.9660782814	0.7932783961	3.999769926
2252	0.2890354991	0.3191987574	-0.03016325831	1	0.1697970629	0.96606493	0.7919555902	3.9750247
2253	0.2851837873	0.3059200048	-0.0207362175	1	0.1727416813	0.9633116126	0.7829864025	3.995453358
2254	0.2857525945	0.263532877	0.0222197175	1	0.1810236424	0.9676650167	0.7905244231	3.981351852
2255	0.2755944431	0.2508266866	0.02476775646	1	0.1865914911	0.9699054956	0.7971928716	4.002891541
2256	0.2780775726	0.2520795166	0.02599805593	1	0.1835408062	0.9703940153	0.7984212041	4.015027523
2257	0.2508986294	0.2408454567	0.01005317271	1	0.1818312407	0.970025897	0.7971212268	4.024411201
2258	0.2404667586	0.2289171219	0.01154963672	1	0.1782615781	0.9730299711	0.8070423603	4.037273407
2259	0.2254455686	0.2223785073	0.003067061305	1	0.1832998395	0.9730172157	0.8060694933	4.030477047
2260	0.2392836064	0.2358042002	0.003479406238	1	0.1839037389	0.9743312001	0.8107537031	4.001046658
2261	0.2498615831	0.2469251752	0.002936407924	1	0.1851871461	0.9721918702	0.8037062883	4.006414413
2262	0.2389803827	0.2320874482	0.006892934442	1	0.193082884	0.9715425372	0.7996409535	3.977070332
2263	0.2414648384	0.233540535	0.007924303412	1	0.1934436858	0.9707736969	0.7965059876	4.001127243
2264	0.2347495705	0.2309320569	0.003817513585	1	0.1910969019	0.9723156691	0.8012384772	4.013532162
2265	0.2347151935	0.2210525572	0.01366263628	1	0.1798928082	0.9696133137	0.7944216728	4.01250124
2266	0.223110199	0.2097653449	0.01334485412	1	0.1742704958	0.9698624611	0.7958335876	4.02477932
2267	0.2154453844	0.2079213858	0.007523998618	1	0.1793404073	0.9700812101	0.7952332497	4.026211262
2268	0.2281366587	0.2195626199	0.008574038744	1	0.1829637289	0.9721745849	0.8033138514	3.995806456
2269	0.2346542031	0.2363196313	-0.001665428281	1	0.1805925667	0.9675466418	0.7896373272	3.990916967
2270	0.269773066	0.2416259497	0.0281471163	1	0.1836758703	0.9676619172	0.7895780206	3.972892761
2271	0.2963322699	0.2583963871	0.03793588281	1	0.1844477952	0.9681017995	0.7896881104	4.003220081
2272	0.3005497456	0.262141645	0.03840810061	1	0.1843957901	0.9698714018	0.7938731313	4.008695126
2273	0.2887469232	0.2589013875	0.02984553576	1	0.1788775772	0.9669945836	0.7865772247	4.017739296
2274	0.305785805	0.2851467729	0.02063903213	1	0.168433398	0.9678621888	0.7904208899	4.018408775
2275	0.28085953	0.281162411	-0.0003028810024	1	0.1733801663	0.9667491913	0.7866187096	4.012841225
2276	0.2875013351	0.2908914983	-0.003390163183	1	0.1753570437	0.9692665339	0.7941333055	3.972975254
2277	0.2877010107	0.2921461761	-0.004445165396	1	0.1766469479	0.96527946	0.7827445269	3.987053633
2278	0.3126837611	0.3015651405	0.01111862063	1	0.1808187217	0.966016233	0.7850835919	3.951208591
2279	0.3283697665	0.3026299775	0.02573978901	1	0.1817271411	0.9657402039	0.7843083143	3.978577137
2280	0.3090370595	0.2915529013	0.01748415828	1	0.1831213236	0.9667788744	0.7857182622	3.997585535
2281	0.3013564646	0.2918511927	0.009505271912	1	0.178625524	0.964188993	0.7786027193	4.021079063
2282	0.31761235	0.2973852754	0.02022707462	1	0.1735957712	0.9683303833	0.7914764881	4.032851219
2283	0.2936867774	0.2855041027	0.008182674646	1	0.1792052984	0.9661202431	0.7830283642	4.025172234
2284	0.3080794811	0.2938731909	0.01420629025	1	0.1790889204	0.9696916938	0.794745326	3.973000288
2285	0.3065428436	0.2973043919	0.009238451719	1	0.1823491305	0.9677054286	0.7890458107	4.004080772
2286	0.318223536	0.3091121316	0.009111404419	1	0.183257848	0.9670181274	0.7875137329	3.955602646
2287	0.3150884211	0.3009923398	0.01409608126	1	0.1888999343	0.9660998583	0.7837153673	3.985137939
2288	0.3121547103	0.3091856539	0.002969056368	1	0.188263759	0.9691727161	0.7920745611	4.000337601
2289	0.3207128942	0.3087991178	0.0119137764	1	0.180044964	0.965610683	0.7841387987	4.021940231
2290	0.3326119781	0.3246515095	0.007960468531	1	0.1755129546	0.964949131	0.7863268852	4.021996498
2291	0.3239552975	0.3194460273	0.004509270191	1	0.177829206	0.9637910128	0.7814989686	4.023527145
2292	0.3296535015	0.3261412978	0.003512203693	1	0.1786413938	0.9687210917	0.7954637408	3.979384184
2293	0.327683121	0.3462491632	-0.01856604218	1	0.1767378449	0.9633963704	0.7825166583	3.994258642
2294	0.3524638712	0.3477374017	0.004726469517	1	0.1808968037	0.9628124237	0.7811724544	3.954158545
2295	0.3580443263	0.3392673731	0.01877695322	1	0.1824301928	0.9624274373	0.7794098854	3.991197586
2296	0.3370857835	0.3217819929	0.01530379057	1	0.1825888753	0.9630410075	0.7784945369	3.995157242
2297	0.3348931372	0.3246117532	0.01028138399	1	0.1780347228	0.9621174335	0.7766902447	4.031024933
2298	0.3406725824	0.3334743977	0.007198184729	1	0.1724797189	0.9619662166	0.7785138488	4.030425072
2299	0.3397520185	0.3384015262	0.001350492239	1	0.1713815182	0.9571578503	0.7668887377	4.024940014
2300	0.3428570032	0.3446381092	-0.001781105995	1	0.1719932258	0.9616246223	0.776484549	3.98395133
2301	0.3263120055	0.3492162824	-0.02290427685	1	0.1723279655	0.957737267	0.7679049969	4.013756752
2302	0.3411093652	0.3492594361	-0.008150070906	1	0.1813298911	0.9630892873	0.780259788	3.97747159
2303	0.3426663578	0.3418366909	0.000829666853	1	0.1821757555	0.9634049535	0.7798035145	3.99514842
2304	0.3289267123	0.3319321871	-0.003005474806	1	0.1855061799	0.9646670818	0.7810988426	3.993204117
2305	0.3178583682	0.3247477114	-0.006889343262	1	0.1816773713	0.9632565379	0.7766108513	4.032357216
2306	0.3329045475	0.3362075984	-0.003303050995	1	0.1804315001	0.9675248265	0.7899292707	4.043703079
2307	0.3245222867	0.3274914324	-0.002969145775	1	0.1825095415	0.9652890563	0.7814046144	4.043533325
2308	0.3326538205	0.3252871931	0.007366627455	1	0.184887439	0.9682558775	0.7900665998	4.010191441
2309	0.3432908058	0.3275782466	0.01571255922	1	0.1879705936	0.9671570659	0.7862670422	4.017192841
2310	0.3356775045	0.3373302221	-0.00165271759	1	0.1886862516	0.9690777659	0.7929547429	3.975343943
2311	0.3406615853	0.3416071534	-0.0009455680847	1	0.1926227361	0.9677491188	0.7877146602	3.991693735
2312	0.3292598128	0.3452353776	-0.01597556472	1	0.191436559	0.9691349268	0.7913433313	4.003118515
2313	0.3224777579	0.3389181495	-0.01644039154	1	0.1854910105	0.9686823487	0.7905648351	4.032913208
2314	0.3211255372	0.3235329986	-0.002407461405	1	0.1791700572	0.9705399871	0.7984834313	4.042856693
2315	0.3372206092	0.3406235278	-0.003402918577	1	0.1804659218	0.9676094055	0.7879974842	4.051310062
2316	0.3295764029	0.3233214021	0.00625500083	1	0.1796886623	0.9701735973	0.7954680324	4.014185905
2317	0.3957851827	0.383488059	0.01229712367	1	0.1814286709	0.9666845202	0.7848334312	4.007611752
2318	0.3975995779	0.400880456	-0.003280878067	1	0.1822906584	0.9667490125	0.7842723131	3.971891165
2319	0.4495031834	0.4452184439	0.004284739494	1	0.1834686697	0.9658551216	0.782430172	3.995162964
2320	0.4476339221	0.4494655132	-0.001831591129	1	0.1837925613	0.9659175873	0.7817738652	3.995918751
2321	0.4568750262	0.4464503229	0.01042470336	1	0.1778938025	0.9640929699	0.7772497535	4.03178072
2322	0.4358125031	0.4249086976	0.01090380549	1	0.1732889414	0.9652606249	0.7810795903	4.046590328
2323	0.434938252	0.4215302765	0.01340797544	1	0.1727569848	0.9618051648	0.7704265118	4.051250458
2324	0.4489167631	0.43553406	0.01338270307	1	0.175103575	0.9655381441	0.7810002565	4.003638268
2325	0.4658792615	0.4457361102	0.02014315128	1	0.1760710031	0.9621063471	0.7717769146	4.00929451
2326	0.4688836038	0.4764621258	-0.007578521967	1	0.1808928996	0.9635621309	0.7765238881	3.986213207
2327	0.4558915496	0.4687359631	-0.01284441352	1	0.1815924942	0.9640011787	0.7764232159	3.994815588
2328	0.4539119303	0.4689148068	-0.01500287652	1	0.1821169555	0.9649954438	0.7794140577	3.990269184
2329	0.4524575174	0.4634591937	-0.01100167632	1	0.1805815697	0.9637163281	0.7751610279	4.035214901
2330	0.4404095113	0.4434551597	-0.003045648336	1	0.1768722832	0.9661943316	0.783470273	4.048429966
2331	0.4418397546	0.4383686483	0.003471106291	1	0.1790198982	0.9625067115	0.77094841	4.051319122
2332	0.4459256232	0.4324379861	0.01348763704	1	0.1786917299	0.9647805095	0.7777269483	3.999602556
2333	0.4618756771	0.444042623	0.01783305407	1	0.1810608506	0.9626849294	0.7719730139	4.015548706
2334	0.4472507238	0.4517007172	-0.004449993372	1	0.1832596511	0.9654688835	0.7800523639	3.976855755
2335	0.4711391032	0.4738330841	-0.002693980932	1	0.1887459457	0.963997364	0.7747055888	3.992310286
2336	0.4432938099	0.4609683752	-0.01767456532	1	0.1840844899	0.9651106	0.7785503864	3.980309248
2337	0.4340660572	0.4363418818	-0.002275824547	1	0.175499633	0.9623969197	0.7721937895	4.017882347
2338	0.4533623755	0.4465983808	0.006763994694	1	0.1717923433	0.9623579979	0.7734274268	4.032612324
2339	0.482643038	0.4775674045	0.005075633526	1	0.1744195372	0.9613249898	0.768317163	4.050367832
2340	0.5033080578	0.496409744	0.006898313761	1	0.1751533151	0.9650312066	0.7786218524	3.989977121
2341	0.5680211782	0.556268394	0.01175278425	1	0.1776320189	0.9626825452	0.7716943026	4.012371063
2342	0.579253912	0.5871071815	-0.007853269577	1	0.183120802	0.9656302929	0.7793239355	3.985712051
2343	0.5825374126	0.5740182996	0.008519113064	1	0.1835361868	0.9626269341	0.7704540491	3.997057676
2344	0.5975865126	0.6002422571	-0.002655744553	1	0.1820741296	0.9625518322	0.7710940242	3.991011143
2345	0.6113922	0.5972224474	0.0141697526	1	0.1752318144	0.9620977044	0.7708802819	4.023593426
2346	0.617590487	0.6066209078	0.01096957922	1	0.1723618209	0.9638834596	0.7780076265	4.03497839
2347	0.6222802401	0.6101487279	0.01213151217	1	0.1720471531	0.9602763653	0.76585114	4.042932987
2348	0.6144505739	0.6085513234	0.005899250507	1	0.1757838428	0.9656157494	0.7809411883	3.976885557
2349	0.6186967492	0.6035068035	0.0151899457	1	0.1738699228	0.9632096291	0.7732812166	3.994365454
2350	0.6087519526	0.617650032	-0.008898079395	1	0.1738959104	0.962074399	0.7701125145	3.973540068
2351	0.619268775	0.6269084811	-0.007639706135	1	0.170650959	0.9583334923	0.7619948387	3.992854118
2352	0.623893261	0.6303619146	-0.006468653679	1	0.1733185947	0.9602230787	0.766808629	3.987912416
2353	0.6261569262	0.6251868606	0.0009700655937	1	0.1690027863	0.9558128119	0.7557510734	4.02155304
2354	0.6305807233	0.626860261	0.003720462322	1	0.16883111	0.9615377784	0.7716155052	4.032887936
2355	0.6220798492	0.6171001792	0.004979670048	1	0.167599678	0.9544417262	0.751862824	4.035050392
2356	0.6329222918	0.6170068979	0.01591539383	1	0.1739430279	0.9620406628	0.7701300383	3.981160879
2357	0.622351706	0.6192129254	0.003138780594	1	0.1717739999	0.9604112506	0.7660884857	4.003111362
2358	0.6458182931	0.647521317	-0.001703023911	1	0.1719367355	0.9583260417	0.7609209418	3.985522747
2359	0.6308772564	0.6411036253	-0.0102263689	1	0.1757301837	0.9598532915	0.7643936872	4.008630276
2360	0.6310132146	0.6382228136	-0.007209599018	1	0.1750369221	0.9589064717	0.7614609599	4.001942158
2361	0.6303992271	0.6275490522	0.002850174904	1	0.1671306044	0.9494252801	0.7430136204	4.016587257
2362	0.6309046745	0.6294023395	0.001502335072	1	0.1687553823	0.9614072442	0.7702485919	4.034700871
2363	0.6399158239	0.6305342317	0.009381592274	1	0.169527784	0.9592602849	0.7637965083	4.04633379
2364	0.6995631456	0.6963395476	0.003223598003	1	0.1795980185	0.9646093249	0.7783232927	3.99486661
2365	0.7347930074	0.6974449754	0.037348032	1	0.1812560111	0.9624714851	0.77163589	4.003800392
2366	0.7094643712	0.7039304376	0.00553393364	1	0.1839237958	0.9600724578	0.7645584941	3.995305777
2367	0.7445056438	0.7364823222	0.008023321629	1	0.183409512	0.9544089437	0.7542578578	4.016539097
2368	0.7347138524	0.7607904077	-0.02607655525	1	0.1882357448	0.960475564	0.7679800987	4.003958702
2369	0.7506574988	0.7575974464	-0.006939947605	1	0.1802475601	0.9599888325	0.7681017518	4.028792858
2370	0.7142550349	0.7166298628	-0.002374827862	1	0.1764053553	0.9637331367	0.7750529051	4.038207054
2371	0.7059113383	0.7015603185	0.004351019859	1	0.1728694737	0.9602966309	0.7652395368	4.049812317
2372	0.7229226232	0.7297881246	-0.006865501404	1	0.1775021553	0.9644191265	0.7768638134	4.008345604
2373	0.7305825353	0.6985371113	0.03204542398	1	0.1705012619	0.9584241509	0.7624378204	4.013051987
2374	0.7300917506	0.7197344303	0.01035732031	1	0.1755267531	0.9604818225	0.7680454254	3.993213892
2375	0.7181892991	0.7232462168	-0.005056917667	1	0.1729058474	0.9573643208	0.7607661486	4.005217552
2376	0.7151467204	0.7405666709	-0.02541995049	1	0.1753996462	0.9589292407	0.7646557093	4.009970188
2377	0.7082787156	0.7245172858	-0.01623857021	1	0.1736292541	0.9600405693	0.7655148506	4.024683475
2378	0.7000244856	0.7103615999	-0.01033711433	1	0.1714050621	0.9638193846	0.7760222554	4.032557011
2379	0.7149499059	0.7077636719	0.007186233997	1	0.1693766862	0.9581695795	0.7605656981	4.045903206
2380	0.719055295	0.7103077769	0.008747518063	1	0.1718666255	0.9601672292	0.7653151155	4.005882263
2381	0.718424499	0.7049120665	0.01351243258	1	0.1695385277	0.958147049	0.760874033	4.016608715
2382	0.708874464	0.7072236538	0.001650810242	1	0.170077011	0.9546345472	0.751621604	3.996449709
2383	0.7180551291	0.714987576	0.003067553043	1	0.1684247702	0.9484097362	0.7383883595	4.011561394
2384	0.7209590077	0.7403171062	-0.01935809851	1	0.1769489944	0.9410799742	0.7169668674	4.022856712
2385	0.7228837609	0.7383297682	-0.01544600725	1	0.1733899415	0.9379988909	0.7125903368	4.035913944
2386	0.7328363061	0.7461563945	-0.01332008839	1	0.1723982096	0.9436857104	0.7243720889	4.048667908
2387	0.7765532732	0.7795228362	-0.002969563007	1	0.1710039973	0.9382771254	0.7144187093	4.059002876
2388	0.8225488067	0.8197978735	0.00275093317	1	0.1748938113	0.9410740733	0.7170060873	4.029075146
2389	0.8605887294	0.8544273376	0.006161391735	1	0.1718617082	0.9332972169	0.703684628	4.03225708
2390	0.9307562709	0.9296393394	0.001116931438	1	0.1728868783	0.9303337932	0.6992993355	4.013161182
2391	0.9906481504	0.9844076037	0.006240546703	1	0.1731194258	0.9238666296	0.6906371713	4.024231911
2392	0.9989560246	1.007322907	-0.008366882801	1	0.1765594482	0.9064115882	0.656167686	4.025544167
2393	0.9986944795	1.010135889	-0.01144140959	1	0.1750094295	0.9043924212	0.6539159417	4.050436497
2394	1.004100442	1.018554926	-0.01445448399	1	0.1741724312	0.9083546996	0.6608196497	4.056799889
2395	1.018452406	1.027621627	-0.009169220924	1	0.1718379706	0.8981553912	0.6474980116	4.058844566
2396	1.041671157	1.044664979	-0.002993822098	1	0.1753763407	0.9016007781	0.6491183043	4.028012753
2397	1.042313695	1.04084599	0.001467704773	1	0.1725474447	0.8948322535	0.6402457952	4.033883095
2398	1.060703278	1.058577299	0.00212597847	1	0.1726218909	0.8886836171	0.6318659782	4.017903805
2399	1.076041579	1.077930212	-0.001888632774	1	0.172288686	0.8835468292	0.6255190372	4.025415897
2400	1.085993409	1.101335883	-0.01534247398	1	0.1720090955	0.8502082825	0.5798835158	4.023880959
2401	1.059110641	1.061743975	-0.002633333206	1	0.1669689417	0.9148725867	0.6781670451	4.032458305
2402	1.085383415	1.08743155	-0.002048134804	1	0.1625273824	0.9140102863	0.67645365	4.033752918
2403	1.097072721	1.094688058	0.002384662628	1	0.1603346169	0.9031992555	0.659858644	4.037961483
2404	1.081384778	1.06714952	0.0142352581	1	0.1649301946	0.904189527	0.6611174345	4.012674809
2405	1.06615603	1.072978735	-0.006822705269	1	0.1637667567	0.9093125463	0.666070044	4.014983177
2406	1.064639688	1.065709949	-0.001070261002	1	0.1694382131	0.9283240438	0.6918944716	4.011237144
2407	1.085186958	1.08732748	-0.002140522003	1	0.1701400727	0.9206976891	0.680947721	4.010259628
2408	1.058666229	1.078078508	-0.01941227913	1	0.1715426147	0.8894049525	0.6343975663	4.014605999
2409	1.041353941	1.049525142	-0.008171200752	1	0.1672755033	0.9252184629	0.6925584078	4.028757572
2410	1.020202041	1.021734118	-0.001532077789	1	0.1715604961	0.9418998957	0.7172589302	4.047790527
2411	1.003373861	0.9994111061	0.003962755203	1	0.1752426326	0.9356562495	0.7051695585	4.05112648
2412	1.098129511	1.078610539	0.01951897144	1	0.1699235886	0.9328449965	0.7022873759	4.02848196
2413	1.090576649	1.066574454	0.0240021944	1	0.1815968603	0.9285885692	0.6906098127	4.027592182
2414	1.124691606	1.112136602	0.01255500317	1	0.1736580729	0.9273102283	0.6884319782	4.020767212
2415	1.172178507	1.179394722	-0.007216215134	1	0.1768120974	0.9136008024	0.6701787114	4.023850918
2416	1.202897787	1.210293889	-0.007396101952	1	0.1716937721	0.9002898335	0.6412641406	4.018604755
2417	1.14167583	1.148199797	-0.006523966789	1	0.1782523394	0.9363638759	0.7059428096	4.048902035
2418	1.178442836	1.168153167	0.01028966904	1	0.17417261	0.9449183941	0.7233373523	4.045127392
2419	1.20212996	1.194803715	0.007326245308	1	0.1685917079	0.9365831017	0.708968997	4.046032906
2420	1.201836228	1.177352548	0.02448368073	1	0.171457842	0.9423604012	0.7221833467	4.029050827
2421	1.184001327	1.181241393	0.002759933472	1	0.1687277108	0.9346981049	0.7054092884	4.024686813
2422	1.207884789	1.180350184	0.02753460407	1	0.1719416082	0.9340125322	0.7027646303	4.021879673
2423	1.220417261	1.210571647	0.009845614433	1	0.168435365	0.9284796715	0.6937839389	4.016489506
2424	1.253245473	1.26282537	-0.009579896927	1	0.1689612418	0.903146863	0.6460211277	4.027193546
2425	1.190884471	1.193195701	-0.002311229706	1	0.1680292785	0.9346106648	0.7027760744	4.045883656
2426	1.237034202	1.220822692	0.0162115097	1	0.1713828743	0.9431889653	0.722383976	4.052830696
2427	1.278496385	1.268495321	0.01000106335	1	0.1672458798	0.9398599267	0.7201011181	4.048276424
2428	1.287560821	1.246120691	0.04144012928	1	0.1688296944	0.937630713	0.7159461379	4.030037403
2429	1.246375442	1.225946546	0.02042889595	1	0.1676425636	0.9342262745	0.7055777311	4.027335167
2430	1.241060853	1.213763475	0.02729737759	1	0.1703053862	0.9376279712	0.7110034823	4.025600433
2431	1.250549555	1.244760871	0.005788683891	1	0.1713670343	0.9350856543	0.7040959001	4.017153263
2432	1.264967203	1.257222295	0.007744908333	1	0.1707379371	0.9131422639	0.6614149809	4.030991077
2433	1.200343966	1.199098468	0.001245498657	1	0.1685212404	0.9394566417	0.7128224373	4.047340393
2434	1.212275147	1.202264905	0.01001024246	1	0.1758518368	0.9461711645	0.7308451533	4.057686329
2435	1.18557775	1.183450103	0.0021276474	1	0.1823849231	0.9510246515	0.7400122881	4.064856052
2436	1.189638853	1.17355144	0.01608741283	1	0.1823119223	0.9480654597	0.7352150083	4.03807497
2437	1.210647225	1.180911303	0.02973592281	1	0.1853078157	0.9464311004	0.7282046676	4.04253006
2438	1.216549635	1.19395864	0.02259099483	1	0.1809324771	0.9455822706	0.7259474993	4.028075218
2439	1.241243601	1.236561894	0.004681706429	1	0.1842874736	0.94671911	0.7264326811	4.024333
2440	1.29388082	1.293950081	-6.926059723e-05	1	0.1803182065	0.9219637513	0.6762135029	4.044917583
2441	1.254341245	1.263934493	-0.009593248367	1	0.1813628674	0.9473034739	0.7280991673	4.059269428
2442	1.276358843	1.266564727	0.00979411602	1	0.1799761653	0.9511812925	0.7390193343	4.058827877
2443	1.268804073	1.268194199	0.0006098747253	1	0.1801576316	0.9524405599	0.7448775172	4.059592724
2444	1.282340169	1.275917292	0.006422877312	1	0.1867875308	0.9592337608	0.7594756484	4.042513847
2445	1.296200275	1.267930031	0.0282702446	1	0.1847430021	0.951726079	0.7411831021	4.043597221
2446	1.277630091	1.244058728	0.0335713625	1	0.1825579852	0.9501340985	0.7377706766	4.034786224
2447	1.284683347	1.285966635	-0.001283288002	1	0.1832692474	0.9488229156	0.7343350649	4.030014515
2448	1.328603506	1.333080649	-0.004477143288	1	0.182567507	0.9301100373	0.6955788732	4.058393955
2449	1.278772831	1.290000677	-0.01122784615	1	0.1810973138	0.9528770447	0.7435883284	4.057271481
2450	1.328336358	1.346166372	-0.01783001423	1	0.1863649637	0.9601247907	0.7636692524	4.06356287
2451	1.350456119	1.363583207	-0.01312708855	1	0.1871673912	0.9625802636	0.7703606486	4.06105566
2452	1.362322688	1.353531718	0.008790969849	1	0.1922300458	0.9624271393	0.7702466249	4.045085907
2453	1.331695318	1.317209005	0.01448631287	1	0.1891790032	0.9580833912	0.7583657503	4.040888786
2454	1.326496482	1.302520037	0.0239764452	1	0.1877509356	0.9547204375	0.7510536313	4.031498432
2455	1.355053544	1.36006844	-0.005014896393	1	0.1888469458	0.9538766146	0.7496011257	4.039605141
2456	1.359891415	1.34442699	0.01546442509	1	0.1851783544	0.932570219	0.704194665	4.053060055
2457	1.327397227	1.324309707	0.003087520599	1	0.1813668311	0.9530976415	0.7489818335	4.049147606
2458	1.298240066	1.314064741	-0.01582467556	1	0.1868976653	0.960059464	0.7654693127	4.060749054
2459	1.256628275	1.276890159	-0.02026188374	1	0.1904319525	0.9605326056	0.7673091888	4.058055878
2460	1.237659812	1.244594812	-0.00693500042	1	0.1962423325	0.9608076811	0.7675481439	4.038739681
2461	1.274937153	1.265029788	0.009907364845	1	0.1944630295	0.9552274346	0.7548859715	4.032622337
2462	1.303016424	1.283821702	0.01919472218	1	0.1912443489	0.9548643827	0.7530487776	4.036056995
2463	1.278665304	1.266131639	0.0125336647	1	0.1894916147	0.9519745708	0.7439299822	4.039361
2464	1.324683785	1.334869981	-0.01018619537	1	0.1919960678	0.9347014427	0.7061271667	4.056917667
2465	1.275870681	1.281015158	-0.005144476891	1	0.1860828549	0.9561592937	0.753480792	4.057085514
2466	1.305186272	1.307670116	-0.002483844757	1	0.1844609231	0.9561995268	0.7568912506	4.05445528
2467	1.293931842	1.301853538	-0.007921695709	1	0.1835433692	0.9572874904	0.7608736157	4.053126335
2468	1.298078775	1.292274833	0.00580394268	1	0.1877829731	0.9573560357	0.7611072659	4.035242081
2469	1.301440358	1.289364815	0.0120755434	1	0.1859851182	0.9511201978	0.7486091256	4.034119129
2470	1.322464585	1.302575588	0.01988899708	1	0.1852761656	0.9470877051	0.7403303981	4.028013229
2471	1.30416429	1.298372388	0.005791902542	1	0.1848797202	0.9465631843	0.7356618047	4.034322739
2472	1.332669854	1.330400825	0.002269029617	1	0.1859003007	0.9282622337	0.700574398	4.052471161
2473	1.285546064	1.283617258	0.001928806305	1	0.184356764	0.9552801847	0.7540186644	4.054645061
2474	1.298976302	1.303818226	-0.004841923714	1	0.1882423162	0.959797442	0.7642090917	4.057711124
2475	1.284132361	1.296205759	-0.01207339764	1	0.1884060651	0.9601939321	0.7652333379	4.064047813
2476	1.305544853	1.299278259	0.006266593933	1	0.1897064894	0.9608567357	0.7689779401	4.034404755
2477	1.314139247	1.307877064	0.006262183189	1	0.1888655573	0.9566140771	0.7583327889	4.031144142
2478	1.318123817	1.311107397	0.007016420364	1	0.1878424585	0.9554933906	0.7547091246	4.036644936
2479	1.326643586	1.340236425	-0.01359283924	1	0.1906741709	0.9585747719	0.7606726289	4.033488274
2480	1.299203277	1.289575458	0.009627819061	1	0.1880222112	0.9593294263	0.7628883123	4.039941311
2481	1.264471173	1.2622931	0.002178072929	1	0.1772592664	0.9680072069	0.7885288	4.035055637
2482	1.185878396	1.19948864	-0.0136102438	1	0.1820546091	0.9684542418	0.7871052027	4.038310528
2483	1.159543753	1.169042468	-0.009498715401	1	0.1846596301	0.9691807628	0.7900567055	4.046250343
2484	1.152399302	1.160415292	-0.008015990257	1	0.1871502697	0.9695056677	0.7905423045	4.01698637
2485	1.169134974	1.168097615	0.001037359238	1	0.1854875386	0.9665426612	0.7806947827	4.007502079
2486	1.184094071	1.190569758	-0.006475687027	1	0.1833536178	0.96367836	0.7723734975	4.010682106
2487	1.186806798	1.165912271	0.02089452744	1	0.1838860363	0.9637339711	0.7712849975	4.024817467
2488	1.192929983	1.179757476	0.01317250729	1	0.183052361	0.9663883448	0.7796835303	4.025582314
2489	1.191867948	1.190863252	0.001004695892	1	0.1815501004	0.9681060314	0.7862939239	4.035568237
2490	1.19302845	1.197801113	-0.004772663116	1	0.1810003966	0.9688546062	0.7875375152	4.036290646
2491	1.191373229	1.192218423	-0.0008451938629	1	0.1816803664	0.969956696	0.7923186421	4.043406963
2492	1.190957546	1.196233511	-0.005275964737	1	0.1827492118	0.9709079266	0.7954346538	4.019778728
2493	1.194092751	1.191169977	0.002922773361	1	0.1792473793	0.9664799571	0.7811123729	4.015314579
2494	1.213715315	1.202914119	0.0108011961	1	0.1754030436	0.9653599858	0.779127419	4.012430668
2495	1.202489972	1.179940581	0.02254939079	1	0.1756969541	0.9638813734	0.7734587789	4.022211075
2496	1.199447393	1.18360734	0.01584005356	1	0.176001817	0.96587044	0.7798737288	4.037626743
2497	1.175641179	1.168280721	0.007360458374	1	0.1750829369	0.9663947821	0.7824776769	4.039606094
2498	1.167927742	1.161342859	0.006584882736	1	0.1798051	0.9684022069	0.7880604267	4.038341522
2499	1.174458623	1.170844078	0.003614544868	1	0.1790909469	0.9689570069	0.7915812731	4.041936874
2500	1.162058473	1.155253649	0.006804823875	1	0.1808674335	0.969520092	0.7929977179	4.026938915
2501	1.174741983	1.173323274	0.001418709755	1	0.1774492264	0.9672471881	0.7841466069	4.018799782
2502	1.199684858	1.184049845	0.01563501358	1	0.1766585261	0.9670531154	0.7838667035	4.020256042
2503	1.223873734	1.193797469	0.03007626534	1	0.1765698493	0.96506989	0.7769004107	4.028178692
2504	1.244902372	1.183343291	0.06155908108	1	0.1730205119	0.9649838805	0.7784463763	4.032207489
2505	1.206036091	1.183990717	0.02204537392	1	0.1726870835	0.9677947164	0.7869923711	4.033784389
2506	1.137481689	1.13991344	-0.002431750298	1	0.1799907386	0.9690879583	0.7889760137	4.041433334
2507	1.096493125	1.097171068	-0.0006779432297	1	0.1884834468	0.9714336395	0.7955926061	4.051767349
2508	1.069856405	1.069731832	0.0001245737076	1	0.183753565	0.9680917859	0.7856753469	4.024849415
2509	1.023062587	1.039548755	-0.01648616791	1	0.1850062609	0.9667198658	0.7795819044	4.018774509
2510	1.015846848	1.023358941	-0.00751209259	1	0.1791180074	0.9633632898	0.7701607943	4.007816792
2511	0.9707189202	0.9496207237	0.02109819651	1	0.182460025	0.9612765312	0.7634974122	4.034006119
2512	0.9513502717	0.9498332143	0.001517057419	1	0.1830269098	0.9648695588	0.7743951678	4.035798073
2513	0.9377541542	0.9159812927	0.02177286148	1	0.181305334	0.9673245549	0.7838256359	4.031345844
2514	0.928511858	0.9234780669	0.005033791065	1	0.1785560846	0.9668642879	0.7827893496	4.035182953
2515	0.9351913929	0.9163392186	0.01885217428	1	0.1797800362	0.9665206075	0.782507956	4.048326969
2516	0.9340348244	0.9224472046	0.01158761978	1	0.1784054041	0.9670758247	0.7845845222	4.027803898
2517	0.9370852709	0.9325915575	0.004493713379	1	0.1741520613	0.9601920247	0.7643071413	4.018589497
2518	0.948920846	0.9333889484	0.01553189754	1	0.1715318263	0.9587538838	0.759662509	4.010396481
2519	0.951377511	0.9144074321	0.03697007895	1	0.1735899001	0.9600998163	0.7629118562	4.022711754
2520	0.9496492743	0.9263307452	0.02331852913	1	0.1734520048	0.9644733667	0.7755041718	4.042476654
2521	0.9319731593	0.9136784673	0.01829469204	1	0.1720987856	0.965280354	0.7797549367	4.033555508
2522	0.9051184654	0.8998236656	0.005294799805	1	0.177085042	0.9680470228	0.7867895961	4.033202171
2523	0.9053369164	0.8945116401	0.01082527637	1	0.181296438	0.9707233906	0.7969686389	4.049181938
2524	0.9078167677	0.9092734456	-0.001456677914	1	0.1811236143	0.9694780707	0.7927151918	4.030944824
2525	0.9021859169	0.8953777552	0.006808161736	1	0.1770961136	0.9666665196	0.7845187187	4.026461601
2526	0.908793509	0.8894299865	0.01936352253	1	0.1777389795	0.9664521813	0.7830619812	4.023003578
2527	0.910500586	0.8849872351	0.02551335096	1	0.1775691509	0.9653123021	0.7800383568	4.025264263
2528	0.9521329999	0.913117528	0.03901547194	1	0.1781804711	0.9692841768	0.7904723287	4.029384613
2529	0.9504083991	0.9306235313	0.01978486776	1	0.1763842851	0.9714893103	0.7991130352	4.031723022
2530	0.8914545774	0.9113486409	-0.01989406347	1	0.1829720289	0.9713303447	0.7962574959	4.039247036
2531	0.8567122221	0.8722034693	-0.01549124718	1	0.1902817339	0.9727347493	0.7996382713	4.044489861
2532	0.8655213714	0.8832873106	-0.01776593924	1	0.1887729466	0.9717355371	0.7967500091	4.028761864
2533	0.8297635317	0.8561435938	-0.0263800621	1	0.1871038228	0.9704205394	0.7920628786	4.021790504
2534	0.7861983776	0.8043076396	-0.01810926199	1	0.1843925416	0.9675680995	0.7829224467	4.020317554
2535	0.7241950035	0.7247418761	-0.0005468726158	1	0.1892628968	0.9672968984	0.7815051079	4.030882835
2536	0.7280216217	0.7406096458	-0.01258802414	1	0.186409384	0.9675480723	0.7822871208	4.0353055
2537	0.713526845	0.7131376863	0.0003891587257	1	0.1877250969	0.9714772105	0.796358645	4.033251286
2538	0.7206093669	0.7450442314	-0.02443486452	1	0.1845159233	0.9707093835	0.7934504747	4.030449867
2539	0.720811069	0.7269009352	-0.006089866161	1	0.1860010326	0.9713660479	0.7959039807	4.032130718
2540	0.7189415097	0.7374477983	-0.01850628853	1	0.1851947308	0.9718359113	0.7983469963	4.020763397
2541	0.7404869795	0.7705540657	-0.03006708622	1	0.1820432097	0.9699849486	0.791931808	4.016213417
2542	0.7298232317	0.7580572963	-0.02823406458	1	0.1820101589	0.9667407274	0.7820271254	4.016566277
2543	0.7412809134	0.7461369038	-0.00485599041	1	0.1823687255	0.9663054943	0.7808138728	4.014315128
2544	0.7434914112	0.7476699948	-0.004178583622	1	0.1816548854	0.9683873057	0.7866727114	4.03614521
2545	0.7274857759	0.747317791	-0.01983201504	1	0.1825547516	0.971369803	0.7974867225	4.032232285
2546	0.7235468626	0.7412885427	-0.01774168015	1	0.1846552789	0.9716396332	0.7973784208	4.035497665
2547	0.7123225927	0.7289206386	-0.01659804583	1	0.1886250228	0.9739544988	0.8055865765	4.041072845
2548	0.7096746564	0.7203952074	-0.01072055101	1	0.1870050281	0.9723697901	0.8009226918	4.027056694
2549	0.7337651253	0.7607991099	-0.02703398466	1	0.1858276874	0.9723609686	0.7997168303	4.023893356
2550	0.7248984575	0.7449569702	-0.02005851269	1	0.185655877	0.9699608088	0.7914777398	4.022342682
2551	0.7145525217	0.7227061391	-0.008153617382	1	0.1849702448	0.969293952	0.7897347212	4.021265984
2552	0.7237563133	0.7150093317	0.008746981621	1	0.1827959269	0.9704253078	0.7938258052	4.027592659
2553	0.720272541	0.7292848229	-0.009012281895	1	0.180782482	0.9720783234	0.8008747101	4.032053471
2554	0.6935345531	0.7190856934	-0.02555114031	1	0.1851373017	0.9703047872	0.7924472094	4.036115646
2555	0.7011973858	0.7166905403	-0.01549315453	1	0.1880034953	0.972017467	0.7978510857	4.038059711
2556	0.7213560343	0.7390487194	-0.01769268513	1	0.1892978549	0.9715622663	0.7965810895	4.029353142
2557	0.7506337166	0.7797755003	-0.02914178371	1	0.1861173958	0.9693446159	0.7880938649	4.023898602
2558	0.7691090703	0.7716154456	-0.002506375313	1	0.1839443445	0.9658989906	0.7770255804	4.020860195
2559	0.7518597841	0.7359533906	0.01590639353	1	0.1868930757	0.9661492705	0.7780098915	4.028951168
2560	0.7746486664	0.7590600252	0.01558864117	1	0.1859776676	0.9680356383	0.7847690582	4.029325008
2561	0.7817391753	0.7771790028	0.004560172558	1	0.1865866035	0.9702658653	0.7925819159	4.031519413
2562	0.7793005109	0.7894197106	-0.01011919975	1	0.1826021373	0.9672927856	0.7832358479	4.024389267
2563	0.764413178	0.7651745677	-0.0007613897324	1	0.1861785054	0.9687125087	0.7877994776	4.034111977
2564	0.7747640014	0.7736374736	0.001126527786	1	0.1848766506	0.9689623713	0.7914300561	4.025415897
2565	0.8041590452	0.813606739	-0.009447693825	1	0.1775095612	0.9652438164	0.779915154	4.020195007
2566	0.7910671234	0.7974090576	-0.006341934204	1	0.1793253273	0.9626284242	0.7684347034	4.020289421
2567	0.7976554036	0.794287622	0.003367781639	1	0.1792830676	0.9631819129	0.7716323137	4.013904572
2568	0.7901420593	0.7897441387	0.0003979206085	1	0.1831584126	0.9688627124	0.7882527113	4.038518906
2569	0.7887920141	0.7989422083	-0.01015019417	1	0.1866421551	0.9716307521	0.797301352	4.029157162
2570	0.7726325989	0.7985793352	-0.02594673634	1	0.1884648353	0.9714339375	0.7953763604	4.027287006
2571	0.7282383442	0.7420412898	-0.01380294561	1	0.1901763678	0.9709855914	0.7943958044	4.036118507
2572	0.7393184304	0.7431442738	-0.003825843334	1	0.1909901351	0.9716690779	0.798394084	4.029680729
2573	0.7751145363	0.7724127769	0.002701759338	1	0.1846089065	0.9703802466	0.7937817574	4.029389381
2574	0.7661642432	0.7720564604	-0.005892217159	1	0.183599025	0.966088891	0.7774933577	4.024875641
2575	0.7553120255	0.757797122	-0.002485096455	1	0.1861110479	0.9671658874	0.7819927931	4.021279335
2576	0.7767916918	0.7649189234	0.0118727684	1	0.1843280792	0.9690417051	0.7885608673	4.027420044
2577	0.8055626154	0.809166491	-0.003603875637	1	0.1812188178	0.9718133211	0.7984404564	4.025160313
2578	0.7857052088	0.8172274828	-0.03152227402	1	0.1888758391	0.9710379243	0.7934445739	4.032652855
2579	0.7699751854	0.7898958921	-0.01992070675	1	0.1939999908	0.9713580012	0.7933440208	4.033687115
2580	0.8056567907	0.8205862641	-0.0149294734	1	0.1979909241	0.9726408124	0.7977926135	4.034014225
2581	0.8417838216	0.8499590755	-0.008175253868	1	0.1898946017	0.9691213965	0.7864148021	4.024347782
2582	0.8596736193	0.8703682423	-0.01069462299	1	0.1879356205	0.9659924507	0.7753245234	4.024675846
2583	0.8709158897	0.8532950878	0.01762080193	1	0.1902347654	0.9676033854	0.7813879848	4.024321556
2584	0.8762068152	0.8626582623	0.01354855299	1	0.1925307512	0.9695795178	0.7872908711	4.030230522
2585	0.8920043111	0.8890242577	0.002980053425	1	0.1925472319	0.9721744061	0.7968217134	4.029044628
2586	0.8880001307	0.8986094594	-0.01060932875	1	0.1920043677	0.9703492522	0.7897855639	4.029764175
2587	0.8758532405	0.8861657977	-0.01031255722	1	0.1950035989	0.9713561535	0.7928617597	4.026898384
2588	0.891045332	0.8941149116	-0.003069579601	1	0.1945520341	0.9727979302	0.7988959551	4.032894135
2589	0.9371643066	0.9405776262	-0.003413319588	1	0.184913069	0.969843924	0.7900987267	4.014695168
2590	0.9134290814	0.923279345	-0.009850263596	1	0.1840650588	0.9650220275	0.7736129761	4.023217201
2591	0.9154759645	0.9248839617	-0.009407997131	1	0.1882122755	0.9671070576	0.7806821465	4.012319565
2592	0.9097584486	0.9243807197	-0.01462227106	1	0.1918565929	0.9709404707	0.7928980589	4.024505615
2593	0.8913700581	0.9239754677	-0.03260540962	1	0.1939702332	0.9724020362	0.7973864675	4.019919395
2594	0.888774693	0.9087607861	-0.01998609304	1	0.1959040761	0.9716604352	0.7934020758	4.027765274
2595	0.8382107019	0.8516839147	-0.01347321272	1	0.1982877851	0.9719170928	0.7945763469	4.037398338
2596	0.8494845033	0.8540774584	-0.004592955112	1	0.1989462078	0.9731949568	0.7998204827	4.037768841
2597	0.8699302673	0.8643895984	0.005540668964	1	0.1896302402	0.9697867632	0.7903966308	4.020046234
2598	0.8654476404	0.8713870049	-0.005939364433	1	0.1881360859	0.9652701616	0.7734581828	4.028970718
2599	0.865650475	0.8676601648	-0.002009689808	1	0.1916518658	0.9682391286	0.7838708758	4.020447254
2600	0.8781943321	0.8761843443	0.002009987831	1	0.191984877	0.9703383446	0.7903591394	4.019349098
2601	0.8929901123	0.9036431313	-0.01065301895	1	0.1880255044	0.9712244868	0.7933325768	4.031561852
2602	0.9076184034	0.9072970152	0.0003213882446	1	0.1877458841	0.9704723358	0.7909773588	4.032058716
2603	0.9108031988	0.9153002501	-0.004497051239	1	0.1923451871	0.9714684486	0.7948119044	4.04220295
2604	0.9242787361	0.9250098467	-0.0007311105728	1	0.195232138	0.9707558155	0.7927792072	4.040221691
2605	1.006749511	0.9947308898	0.01201862097	1	0.1850555539	0.9655470252	0.7807356715	4.021847725
2606	1.05807054	1.044010162	0.01406037807	1	0.184834525	0.9626153111	0.7688269615	4.033747673
2607	1.11806798	1.088271022	0.02979695797	1	0.1866208315	0.9647568464	0.7759009004	4.024832249
2608	1.154224992	1.115479112	0.03874588013	1	0.1898751855	0.9676407576	0.7828121185	4.032156944
2609	1.179200172	1.150384665	0.02881550789	1	0.1872968376	0.9686130285	0.7866106629	4.023634911
2610	1.19643569	1.180786371	0.0156493187	1	0.183216244	0.9663073421	0.7795836329	4.025318623
2611	1.164952636	1.151220918	0.01373171806	1	0.186649397	0.9668124914	0.782620132	4.042138577
2612	1.160917997	1.150672793	0.01024520397	1	0.1863466352	0.9679893255	0.7869279981	4.039450645
2613	1.202376723	1.178796172	0.02358055115	1	0.1768909693	0.9591227174	0.7703826427	4.02018404
2614	1.203010201	1.167056441	0.03595376015	1	0.17688182	0.9540657997	0.7527918816	4.026547909
2615	1.204654336	1.15438199	0.05027234554	1	0.1817581356	0.9609697461	0.769105196	4.015180111
2616	1.190428257	1.15272665	0.03770160675	1	0.1841183454	0.9648048878	0.7786225677	4.030565739
2617	1.181671262	1.147978663	0.03369259834	1	0.1818143725	0.9644662142	0.7787226439	4.022628784
2618	1.170230269	1.139238715	0.03099155426	1	0.1802814752	0.9602866173	0.7704613805	4.029892921
2619	1.156412363	1.124991417	0.03142094612	1	0.1824472696	0.9590831995	0.7729233503	4.051424026
2620	1.154071808	1.124269009	0.02980279922	1	0.1831905097	0.9622920752	0.7800036669	4.044492245
2621	1.187689066	1.142490387	0.04519867897	1	0.1785962433	0.9605132341	0.7738372087	4.025713444
2622	1.200614691	1.152684212	0.04793047905	1	0.176938206	0.9566754103	0.7602940202	4.031448841
2623	1.196531057	1.155626297	0.04090476036	1	0.1845744103	0.9659337401	0.7812950611	4.016619205
2624	1.206015587	1.160997152	0.04501843452	1	0.1865071058	0.9691374898	0.7879157066	4.026432037
2625	1.250831962	1.194885373	0.05594658852	1	0.1792567521	0.9679703712	0.7851368189	4.0317626
2626	1.257041574	1.221054554	0.03598701954	1	0.1821836531	0.9689067602	0.787032187	4.038888454
2627	1.267765999	1.237755775	0.03001022339	1	0.1881351471	0.9709929228	0.7942976356	4.051882267
2628	1.228352189	1.225097895	0.003254294395	1	0.1917752475	0.9728235602	0.8003863096	4.041718483
2629	1.275838614	1.251120448	0.0247181654	1	0.1842835397	0.9690922499	0.7909528017	4.027029991
2630	1.34953022	1.317377925	0.03215229511	1	0.1790860444	0.963657856	0.7729976177	4.032166004
2631	1.338283658	1.293970346	0.04431331158	1	0.1853787303	0.9677907825	0.7850449085	4.033984184
2632	1.298570156	1.27812767	0.02044248581	1	0.1920507699	0.9706742167	0.7923246026	4.033196449
2633	1.33917737	1.283576012	0.05560135841	1	0.1861554235	0.9703490138	0.7924267054	4.033016205
2634	1.360608816	1.322530627	0.0380781889	1	0.1818146408	0.9686580896	0.7872561216	4.032167912
2635	1.355402112	1.309253097	0.04614901543	1	0.183482796	0.9692820311	0.7905750275	4.053320885
2636	1.328426957	1.303337336	0.02508962154	1	0.1857474595	0.9711679816	0.7979379296	4.038283348
2637	1.35487771	1.305792689	0.04908502102	1	0.1800637096	0.9677233696	0.7875205278	4.023182392
2638	1.389096975	1.310002565	0.07909440994	1	0.1743861288	0.9606795311	0.7648825049	4.035625458
2639	1.414938569	1.331559896	0.0833786726	1	0.180260703	0.9660608172	0.7780213356	4.021221161
2640	1.350719213	1.323641062	0.0270781517	1	0.1893012822	0.9718903303	0.7966771722	4.023888111
2641	1.346490741	1.302741885	0.04374885559	1	0.1878273785	0.971791923	0.7967690229	4.01531601
2642	1.334418535	1.278927922	0.05549061298	1	0.1860985011	0.9700890779	0.7912351489	4.032218456
2643	1.313348532	1.255445719	0.05790281296	1	0.1888255179	0.9724381566	0.8003414869	4.057531357
2644	1.253924012	1.220259547	0.03366446495	1	0.1924904883	0.9739544392	0.8080484271	4.049853802
2645	1.299339056	1.247221231	0.05211782455	1	0.186410591	0.9720464349	0.8032315373	4.034460545
2646	1.348851442	1.291835546	0.05701589584	1	0.1808302104	0.9677422643	0.7863914967	4.037108421
2647	1.384162307	1.325604439	0.058557868	1	0.1860375404	0.9702429175	0.7925640345	4.019280434
2648	1.349903584	1.292076349	0.05782723427	1	0.1910468787	0.9724135399	0.7983910441	4.01730299
2649	1.365866423	1.325784445	0.04008197784	1	0.1865898967	0.9717144966	0.7975003123	4.021469593
2650	1.289600372	1.255430341	0.03417003155	1	0.18927145	0.970893383	0.7929676771	4.039322853
2651	1.221970201	1.176434278	0.04553592205	1	0.1974149942	0.9738070369	0.8024227619	4.059568405
2652	1.084515572	1.073941946	0.01057362556	1	0.202047646	0.9744663239	0.8055045009	4.045835495
2653	1.075640559	1.053044319	0.02259624004	1	0.1993674338	0.9738209248	0.8035368919	4.039775372
2654	1.058554649	1.043512583	0.01504206657	1	0.1968649477	0.9709550738	0.7910283208	4.040901184
2655	1.038696527	1.016973257	0.02172327042	1	0.1972822696	0.9691283703	0.7850257158	4.029216766
2656	0.9955673218	1.000271916	-0.004704594612	1	0.2032013237	0.9723612666	0.79467237	4.024193764
2657	0.9662578106	0.964568913	0.00168889761	1	0.2050917	0.9735437036	0.7990954518	4.017718315
2658	1.02664876	1.019049287	0.007599473	1	0.2015512735	0.9732643962	0.7981083989	4.027559757
2659	1.050489783	1.023166299	0.02732348442	1	0.2037705183	0.9758146405	0.8086936474	4.056424618
2660	1.011036515	0.9979892969	0.01304721832	1	0.2009844482	0.9754600525	0.8096001744	4.043576717
2661	1.075771451	1.058708787	0.01706266403	1	0.196476385	0.9750449657	0.8070160151	4.031698227
2662	1.075816393	1.035528421	0.0402879715	1	0.1920780838	0.9697585106	0.7876437306	4.036739349
2663	1.093003988	1.046725988	0.04627799988	1	0.1943489015	0.9697567821	0.787819922	4.014437199
2664	1.049751401	1.044679523	0.005071878433	1	0.2023494393	0.9736443758	0.7998776436	4.019961357
2665	1.047970772	1.051130414	-0.00315964222	1	0.2003293782	0.973126471	0.7983332276	4.019887447
2666	1.049605608	1.04716897	0.002436637878	1	0.2024931461	0.9732813239	0.7990932465	4.013174057
2667	1.056701541	1.045845628	0.01085591316	1	0.2054314911	0.9764078259	0.8108458519	4.053492069
2668	1.018593073	1.013560295	0.005032777786	1	0.205735594	0.9771619439	0.8144776225	4.044823647
2669	1.056267858	1.041810513	0.01445734501	1	0.2026021183	0.9766583443	0.8125935793	4.037165165
2670	1.062029839	1.038695335	0.02333450317	1	0.2004469186	0.9729777575	0.797870338	4.03761673
2671	1.071822405	1.058671713	0.01315069199	1	0.2044635564	0.9730027318	0.797393918	4.01428318
2672	1.074343562	1.061250091	0.01309347153	1	0.2043925673	0.974963665	0.8037036657	4.021337032
2673	1.073459864	1.085764766	-0.01230490208	1	0.2019976676	0.9754628539	0.8066714406	4.028995514
2674	1.025310874	1.023345709	0.001965165138	1	0.2043008059	0.9742396474	0.8012927175	4.033508778
2675	1.029295921	1.031290889	-0.001994967461	1	0.2129276991	0.9774438739	0.8131153584	4.059575558
2676	0.9475172758	0.9668568373	-0.01933956146	1	0.2127002329	0.9775713682	0.8133914471	4.051405907
2677	0.9380251765	0.9635647535	-0.02553957701	1	0.2089001983	0.9760662317	0.8075067401	4.04086256
2678	0.8685921431	0.896961391	-0.02836924791	1	0.2063674182	0.972360909	0.7926827669	4.034810543
2679	0.8013340235	0.847612679	-0.04627865553	1	0.2105556279	0.9710509777	0.7877672911	4.023718834
2680	0.7794579268	0.8605715632	-0.08111363649	1	0.2150793076	0.974147439	0.7983445525	4.019583225
2681	0.7526670694	0.7888888121	-0.03622174263	1	0.2100956142	0.9751956463	0.8037411571	4.023996353
2682	0.7501912117	0.7595440149	-0.00935280323	1	0.2068295032	0.9751632214	0.8042929769	4.0333848
2683	0.7706866264	0.7748173475	-0.004130721092	1	0.2066878974	0.9764069319	0.8100726008	4.055747509
2684	0.7459106445	0.7465133667	-0.000602722168	1	0.2048182487	0.9766129851	0.8119475842	4.046873093
2685	0.782961607	0.7673603296	0.01560127735	1	0.19674097	0.9736175537	0.8017305732	4.036878586
2686	0.7707656622	0.7498220801	0.02094358206	1	0.1919194013	0.9686237574	0.78381145	4.032147408
2687	0.7507866621	0.740388453	0.0103982091	1	0.1957193762	0.9684359431	0.7828701735	4.019304276
2688	0.7271803021	0.7525102496	-0.02532994747	1	0.2015455365	0.9719452858	0.793260932	4.018777847
2689	0.7272661924	0.7552207112	-0.0279545188	1	0.2014523	0.9729959369	0.7979453206	4.021826744
2690	0.7191765904	0.7209036946	-0.001727104187	1	0.2022290975	0.9717074633	0.7938277721	4.022299767
2691	0.7485910058	0.7516264319	-0.00303542614	1	0.205638811	0.9753544331	0.8069031239	4.054923058
2692	0.7456499338	0.7487188578	-0.00306892395	1	0.2061567754	0.9772164226	0.8137633204	4.053544044
2693	0.738132	0.7231774926	0.01495450735	1	0.2012950629	0.9744678736	0.8052239418	4.047725201
2694	0.7384101748	0.7400403619	-0.001630187035	1	0.1994892359	0.971552074	0.7929121852	4.040372372
2695	0.7298938036	0.7475537062	-0.01765990257	1	0.2001385987	0.9693365693	0.7850359678	4.02387619
2696	0.7313433886	0.7625207305	-0.03117734194	1	0.2041648924	0.9734692574	0.7977326512	4.014240742
2697	0.7242910266	0.7396998405	-0.01540881395	1	0.2020613849	0.974214673	0.8020551801	4.030991554
2698	0.7053650022	0.7090445161	-0.003679513931	1	0.2054143846	0.9709429145	0.7897855043	4.023920536
2699	0.7701998949	0.777033329	-0.006833434105	1	0.2087192982	0.9728722572	0.7957034111	4.05209589
2700	0.7466827631	0.7493282557	-0.002645492554	1	0.2052249908	0.9713628888	0.794166863	4.050693512
2701	0.760013938	0.7646691203	-0.004655182362	1	0.2002473772	0.9686961174	0.7856790423	4.04082346
2702	0.7453410029	0.7677971721	-0.02245616913	1	0.1982330978	0.9646272063	0.7717002034	4.036122799
2703	0.7481116056	0.7956117988	-0.04750019312	1	0.2019214183	0.9626386762	0.7667055726	4.026139736
2704	0.757294178	0.8688690662	-0.1115748882	1	0.2078598589	0.9663023949	0.7782315612	4.008271694
2705	0.7250150442	0.7524617314	-0.02744668722	1	0.2054412663	0.9672992229	0.7824337482	4.020169735
2706	0.7254273295	0.7303000093	-0.00487267971	1	0.2022103369	0.9669697881	0.7806637883	4.01949358
2707	0.7716882825	0.7546268106	0.01706147194	1	0.2001516521	0.9660502672	0.7814065814	4.040081024
2708	0.756816566	0.7334821224	0.02333444357	1	0.1965085417	0.9648394585	0.7805033326	4.043324471
2709	0.760540545	0.7398406267	0.02069991827	1	0.1908414513	0.9612557292	0.7713547945	4.034923553
2710	0.7387017012	0.732176125	0.006525576115	1	0.1862239242	0.9533143044	0.7526698709	4.029402733
2711	0.7374462485	0.7564754486	-0.01902920008	1	0.1885543466	0.9516156316	0.7472481728	4.014928818
2712	0.7364342213	0.7974767089	-0.06104248762	1	0.1927235872	0.9536392689	0.7555332184	4.000983238
2713	0.7459170222	0.7787736058	-0.0328565836	1	0.195460096	0.9575842023	0.7648129463	4.007376671
2714	0.7636392713	0.7691161633	-0.005476891994	1	0.1951190233	0.9560515285	0.7625821233	4.011724472
2715	0.7757475972	0.765565753	0.01018184423	1	0.1997326463	0.9629985094	0.7744844556	4.035176277
2716	0.7958658338	0.7703892589	0.0254765749	1	0.1934452802	0.9519020319	0.7612761259	4.038034916
2717	0.7995836139	0.7722469568	0.02733665705	1	0.1882448047	0.9465703368	0.7534308434	4.039982796
2718	0.7608690262	0.769918561	-0.009049534798	1	0.1873039454	0.9443852305	0.7419299483	4.030249596
2719	0.7557047606	0.7945804596	-0.03887569904	1	0.1902338266	0.944770515	0.7390016913	4.014690399
2720	0.7214332819	0.8011878729	-0.07975459099	1	0.1965258271	0.9515625834	0.7485938072	4.003798008
2721	0.7489479184	0.7806476355	-0.03169971704	1	0.1937884092	0.9506499171	0.7563143969	4.019705772
2722	0.7956944704	0.8061753511	-0.01048088074	1	0.1949684024	0.9458602071	0.7473047972	4.008397102
2723	0.8289458156	0.8254055977	0.003540217876	1	0.1983321011	0.9457045197	0.7458912134	4.025583744
2724	0.7915247083	0.7835476398	0.007977068424	1	0.1952865869	0.942420423	0.7412740588	4.032280922
2725	0.7766173482	0.7668557167	0.009761631489	1	0.1878009439	0.9378798604	0.7355949879	4.029998779
2726	0.7130811214	0.736600697	-0.0235195756	1	0.1862079203	0.9303132296	0.7194784284	4.034389496
2727	0.7196162343	0.7789738774	-0.05935764313	1	0.1866633445	0.9297131896	0.7166833282	4.012543678
2728	0.7165842652	0.7917314172	-0.07514715195	1	0.1914389282	0.9380415678	0.7328249216	4.013361931
2729	0.7193756104	0.76208359	-0.04270797968	1	0.1903024614	0.9424311519	0.7405215502	4.010993958
2730	0.7519429326	0.7524340749	-0.0004911422729	1	0.1887390167	0.9378021955	0.7378269434	4.012490273
2731	0.7466410398	0.7417200208	0.004921019077	1	0.1945982724	0.9462836385	0.7469364405	4.028609276
2732	0.7616575956	0.7456440926	0.01601350307	1	0.1913913935	0.9404475093	0.7383799553	4.025837421
2733	0.7792080641	0.7767142057	0.002493858337	1	0.1869730949	0.9325802326	0.7280305028	4.027831554
2734	0.747307539	0.7848609686	-0.0375534296	1	0.1841005534	0.9256552458	0.7118546367	4.019373894
2735	0.7459713221	0.808993578	-0.0630222559	1	0.1866729856	0.92953825	0.7164423466	4.015455246
2736	0.7361932993	0.8414368629	-0.1052435637	1	0.194083184	0.9416852593	0.7341873646	4.021345615
2737	0.7819777131	0.826343894	-0.0443661809	1	0.1927835196	0.9398092628	0.7396219969	4.02619648
2738	0.7631033659	0.7682316303	-0.005128264427	1	0.1974433959	0.9490046501	0.7491652966	4.022653103
2739	0.7691632509	0.7664709687	0.0026922822	1	0.2027916461	0.9584960938	0.7614596486	4.040151596
2740	0.7297175527	0.7397242785	-0.01000672579	1	0.2027835846	0.9571047425	0.7554453015	4.032400608
2741	0.7261881232	0.748026967	-0.02183884382	1	0.1985610723	0.9543608427	0.7503018379	4.030745506
2742	0.7020615339	0.7737448812	-0.07168334723	1	0.1979337186	0.9501146674	0.7385374904	4.02128315
2743	0.7162855864	0.8011010289	-0.08481544256	1	0.1985100806	0.9506061077	0.7377643585	4.018925667
2744	0.6961759925	0.7966261506	-0.1004501581	1	0.2013664991	0.9543051124	0.7435793877	4.023570538
2745	0.6871672869	0.7131242752	-0.02595698833	1	0.2002278566	0.962677002	0.7648198009	4.036427975
2746	0.6766932607	0.6740897298	0.002603530884	1	0.201143831	0.9625803828	0.7658538818	4.030661583
2747	0.6997902393	0.6917068362	0.008083403111	1	0.2055848837	0.9661095738	0.7750331163	4.042326927
2748	0.6796995401	0.6726254225	0.007074117661	1	0.2045953572	0.9644286633	0.7694565654	4.030512333
2749	0.6817481518	0.680552423	0.001195728779	1	0.197584182	0.9593231678	0.7563157678	4.032654762
2750	0.6536675692	0.7007870674	-0.04711949825	1	0.1937219501	0.9541077614	0.7420779467	4.024374962
2751	0.6553052068	0.7195892334	-0.06428402662	1	0.1941697896	0.9556849599	0.7478880882	4.024420738
2752	0.6577008367	0.7359568477	-0.07825601101	1	0.1921570897	0.9583025575	0.7547453642	4.035520077
2753	0.6575745344	0.6812771559	-0.02370262146	1	0.1937681884	0.9634229541	0.7684197426	4.040780067
2754	0.6523478627	0.6452453136	0.007102549076	1	0.1949187666	0.964378655	0.770085752	4.033548832
2755	0.6708391905	0.6562743187	0.01456487179	1	0.2022539526	0.9687231183	0.7809451222	4.04660368
2756	0.6590277553	0.6457210779	0.01330667734	1	0.2023262978	0.9663134813	0.7721248865	4.034615517
2757	0.6581898928	0.6616894007	-0.003499507904	1	0.196030885	0.9599978328	0.7551226616	4.026690483
2758	0.6355338693	0.6759064198	-0.04037255049	1	0.1919934452	0.9541050792	0.7381190658	4.021828651
2759	0.631039381	0.6927931905	-0.06175380945	1	0.1920059323	0.9545527101	0.7398921251	4.025712013
2760	0.618755877	0.687853992	-0.06909811497	1	0.1920326501	0.9572575688	0.7490977049	4.047479153
2761	0.6364727616	0.669400692	-0.03292793036	1	0.1948841363	0.964040041	0.7685595155	4.037007809
2762	0.6103047132	0.6195893884	-0.009284675121	1	0.1998021752	0.966604054	0.77791816	4.034739971
2763	0.6221991777	0.6168847084	0.005314469337	1	0.2031749785	0.9697725177	0.7868561745	4.043979168
2764	0.6356383562	0.636850059	-0.001211702824	1	0.2009719908	0.9678403139	0.7816416621	4.030651569
2765	0.6430388093	0.6627696753	-0.01973086596	1	0.1964064389	0.9652506709	0.774461031	4.027496338
2766	0.6174844503	0.6732331514	-0.0557487011	1	0.1966787279	0.9627304077	0.764367938	4.02505827
2767	0.6345129609	0.7005926967	-0.06607973576	1	0.1947621405	0.957991004	0.7548999786	4.031269073
2768	0.618770957	0.6677048802	-0.04893392324	1	0.1924494803	0.9575011134	0.753621757	4.042507172
2769	0.6125054359	0.6237546206	-0.01124918461	1	0.1922469586	0.9646062255	0.7707382441	4.041015148
2770	0.5990583301	0.594204247	0.004854083061	1	0.1942504495	0.9664060473	0.7776356936	4.040393829
2771	0.6015636921	0.5934095979	0.008154094219	1	0.2029606998	0.9707790613	0.790058434	4.045971394
2772	0.5997471809	0.590426147	0.009321033955	1	0.2008701265	0.9676780701	0.7819371223	4.024341106
2773	0.6153895259	0.6137564778	0.001633048058	1	0.1960841417	0.9645209312	0.7751867175	4.024675846
2774	0.611033082	0.6329295039	-0.02189642191	1	0.1936375052	0.9606730342	0.7628496289	4.027208328
2775	0.6128802299	0.6441705227	-0.03129029274	1	0.195374608	0.9604967833	0.7636185884	4.041329384
2776	0.6036629677	0.6312712431	-0.02760827541	1	0.1954203993	0.9601377845	0.763050735	4.049562454
2777	0.6051424742	0.6180211306	-0.01287865639	1	0.1937444806	0.9632970095	0.7719892859	4.041597843
2778	0.6035553813	0.59486866	0.008686721325	1	0.1955595315	0.9662688375	0.7790948749	4.049873829
2779	0.6108996868	0.5895002484	0.02139943838	1	0.1985446364	0.9693314433	0.7882505059	4.049648762
2780	0.6210272312	0.6098970771	0.01113015413	1	0.2020007372	0.9711203575	0.7905016541	4.036800861
2781	0.635078311	0.641354084	-0.006275773048	1	0.1968957186	0.9672825336	0.779394865	4.024301052
2782	0.6330854297	0.6640797853	-0.03099435568	1	0.1944212168	0.9619634748	0.7624057531	4.027953625
2783	0.6363135576	0.6812826991	-0.04496914148	1	0.1956117004	0.9612021446	0.7607631087	4.037447453
2784	0.6305907965	0.6630455852	-0.03245478868	1	0.194768548	0.9596476555	0.7599799037	4.047823429
