sample	stable_mse	final_mse	gain	mapping_gate	shape_gate	scale_gate	shift_gate	pattern_entropy
0	1.145981431	1.145981431	0	0	0.9813173413	0	0	4.116606712
1	1.152981877	1.152981877	0	0	0.980894804	0	0	4.11699295
2	1.134648681	1.134648681	0	0	0.9812721014	0	0	4.11702919
3	1.119750738	1.119750738	0	0	0.9803022742	0	0	4.117073536
4	1.129372954	1.129372954	0	0	0.9798082709	0	0	4.117094517
5	1.137065887	1.137065887	0	0	0.9799125195	0	0	4.117026329
6	1.138854027	1.138854027	0	0	0.9818090796	0	0	4.116280079
7	1.156363964	1.156363964	0	0	0.9823744893	0	0	4.115159035
8	1.155010462	1.155010462	0	0	0.9822660089	0	0	4.116003036
9	1.150925279	1.150925279	0	0	0.9813200831	0	0	4.115493774
10	1.138849854	1.138849854	0	0	0.9812002778	0	0	4.116202354
11	1.149649143	1.149649143	0	0	0.9803177714	0	0	4.117043018
12	1.163627386	1.163627386	0	0	0.9805032015	0	0	4.117107391
13	1.200303912	1.200303912	0	0	0.9813697338	0	0	4.117061615
14	1.248704672	1.248704672	0	0	0.9817332029	0	0	4.117147923
15	1.291168571	1.291168571	0	0	0.9820635915	0	0	4.117166042
16	1.306314707	1.306314707	0	0	0.9820657372	0	0	4.117095947
17	1.289584398	1.289584398	0	0	0.9806182384	0	0	4.116840839
18	1.262559772	1.262559772	0	0	0.9800878167	0	0	4.117041588
19	1.245762706	1.245762706	0	0	0.9796208143	0	0	4.117129326
20	1.235571384	1.235571384	0	0	0.9789430499	0	0	4.116938591
21	1.228186965	1.228186965	0	0	0.9787968993	0	0	4.11700201
22	1.213903666	1.213903666	0	0	0.9795516133	0	0	4.117080212
23	1.197844505	1.197844505	0	0	0.980956018	0	0	4.116494179
24	1.200351834	1.200351834	0	0	0.9805265069	0	0	4.117080688
25	1.20465982	1.20465982	0	0	0.9806736708	0	0	4.117003441
26	1.205873251	1.205873251	0	0	0.9808723927	0	0	4.117080688
27	1.19233954	1.19233954	0	0	0.9806836247	0	0	4.117103577
28	1.180857897	1.180857897	0	0	0.9796818495	0	0	4.117083073
29	1.182591438	1.182591438	0	0	0.9792234302	0	0	4.117049217
30	1.175147057	1.175147057	0	0	0.9807645679	0	0	4.116016388
31	1.180207253	1.180207253	0	0	0.981208086	0	0	4.115872383
32	1.174558163	1.174558163	0	0	0.9815869927	0	0	4.116520405
33	1.166311741	1.166311741	0	0	0.9806286693	0	0	4.116803646
34	1.153310299	1.153310299	0	0	0.9803645015	0	0	4.116427898
35	1.119125605	1.119125605	0	0	0.9798744917	0	0	4.117051125
36	1.069267035	1.069267035	0	0	0.9799721837	0	0	4.117067337
37	1.024770021	1.024770021	0	0	0.9800890088	0	0	4.117063999
38	1.002046585	1.002046585	0	0	0.9814080596	0	0	4.117191792
39	1.014718533	1.014718533	0	0	0.9819198847	0	0	4.117212772
40	1.051104069	1.051104069	0	0	0.9820348024	0	0	4.117118835
41	1.043613672	1.043613672	0	0	0.9803694487	0	0	4.117056847
42	1.026010394	1.026010394	0	0	0.9798941612	0	0	4.117073536
43	1.006905437	1.006905437	0	0	0.9793832898	0	0	4.116905212
44	0.9931031466	0.9931031466	0	0	0.9791202545	0	0	4.117055893
45	0.9774095416	0.9774095416	0	0	0.979172647	0	0	4.116855621
46	0.9789125323	0.9789125323	0	0	0.980044663	0	0	4.117136478
47	0.9666406512	0.9666406512	0	0	0.9810487628	0	0	4.116793156
48	0.9767329097	0.9767329097	0	0	0.9805733562	0	0	4.117064476
49	0.9717301726	0.9717301726	0	0	0.9804536104	0	0	4.11693573
50	0.9715420008	0.9715420008	0	0	0.9802851677	0	0	4.116988182
51	0.9461073875	0.9461073875	0	0	0.9798009992	0	0	4.117062569
52	0.9598735571	0.9598735571	0	0	0.9792648554	0	0	4.11706686
53	0.9626326561	0.9626326561	0	0	0.9802157283	0	0	4.117024899
54	0.9636230469	0.9636230469	0	0	0.9809641242	0	0	4.116680622
55	0.9594522119	0.9594522119	0	0	0.9820656776	0	0	4.115408897
56	0.9667965174	0.9667965174	0	0	0.981949687	0	0	4.115660667
57	0.9635081291	0.9635081291	0	0	0.9809244871	0	0	4.115300655
58	1.010163426	1.010163426	0	0	0.9809200764	0	0	4.115440369
59	1.036276579	1.036276579	0	0	0.9800921679	0	0	4.116112709
60	1.059932113	1.059932113	0	0	0.9804124236	0	0	4.116415977
61	1.08080399	1.08080399	0	0	0.9807522893	0	0	4.11687088
62	1.132583976	1.132583976	0	0	0.9814599156	0	0	4.117120743
63	1.173517346	1.173517346	0	0	0.9818829298	0	0	4.11703825
64	1.196016788	1.196016788	0	0	0.9820290804	0	0	4.117136002
65	1.199305177	1.199305177	0	0	0.9813740849	0	0	4.116436005
66	1.163829207	1.163829207	0	0	0.9801554084	0	0	4.117022038
67	1.151053667	1.151053667	0	0	0.9795462489	0	0	4.116710186
68	1.138324022	1.138324022	0	0	0.9788271785	0	0	4.116976738
69	1.11096108	1.11096108	0	0	0.9791597724	0	0	4.117050171
70	1.115546584	1.115546584	0	0	0.9797036052	0	0	4.117063522
71	1.100623608	1.100623608	0	0	0.9809941053	0	0	4.116909027
72	1.102085352	1.102085352	0	0	0.9807915688	0	0	4.116157055
73	1.105546117	1.105546117	0	0	0.9797942042	0	0	4.116999149
74	1.106793046	1.106793046	0	0	0.9800236225	0	0	4.116740704
75	1.066190124	1.066190124	0	0	0.9800440669	0	0	4.117044926
76	1.075041771	1.075041771	0	0	0.979688108	0	0	4.117011547
77	1.090621471	1.090621471	0	0	0.9810855389	0	0	4.116727352
78	1.088064075	1.088064075	0	0	0.981615603	0	0	4.115772247
79	1.100062251	1.100062251	0	0	0.9815722704	0	0	4.114971638
80	1.095090747	1.095090747	0	0	0.9819595814	0	0	4.115099907
81	1.092675686	1.092675686	0	0	0.9807026982	0	0	4.115189552
82	1.090636134	1.090636134	0	0	0.9807818532	0	0	4.11572361
83	1.078819036	1.078819036	0	0	0.9797410369	0	0	4.116225243
84	1.056162	1.056162	0	0	0.9795033336	0	0	4.116523266
85	1.050069451	1.050069451	0	0	0.9805542231	0	0	4.117068291
86	1.03003943	1.03003943	0	0	0.9816105962	0	0	4.117160797
87	1.033666015	1.033666015	0	0	0.9824903607	0	0	4.116733551
88	1.056441903	1.056441903	0	0	0.9823056459	0	0	4.117175102
89	1.056355476	1.056355476	0	0	0.980648756	0	0	4.116470814
90	1.041031599	1.041031599	0	0	0.9799638391	0	0	4.116054535
91	1.031746864	1.031746864	0	0	0.9795612097	0	0	4.115552425
92	1.027457476	1.027457476	0	0	0.979300797	0	0	4.115374088
93	1.019928694	1.019928694	0	0	0.9797163606	0	0	4.116219044
94	1.019195199	1.019195199	0	0	0.9803599119	0	0	4.115922928
95	1.020186305	1.020186305	0	0	0.9817842841	0	0	4.1153965
96	1.013354778	1.013354778	0	0	0.9817318916	0	0	4.115702152
97	1.01721096	1.01721096	0	0	0.9809449315	0	0	4.116734505
98	1.004106879	1.004106879	0	0	0.9806761742	0	0	4.116497517
99	0.9755510688	0.9755510688	0	0	0.9798921943	0	0	4.117028236
100	0.9814080596	0.9814080596	0	0	0.9794236422	0	0	4.117033005
101	0.972502768	0.972502768	0	0	0.9799546003	0	0	4.117025852
102	0.9705374837	0.9705374837	0	0	0.980823338	0	0	4.116559982
103	0.9845745564	0.9845745564	0	0	0.9818569422	0	0	4.115352154
104	0.9690784216	0.9690784216	0	0	0.9820260406	0	0	4.115353107
105	0.9623724818	0.9623724818	0	0	0.9809827209	0	0	4.115568161
106	0.971486032	0.971486032	0	0	0.9808599353	0	0	4.116261959
107	0.9700468779	0.9700468779	0	0	0.979019165	0	0	4.115906715
108	0.9758366346	0.9758366346	0	0	0.9792228937	0	0	4.116431713
109	0.9837004542	0.9837004542	0	0	0.9801769257	0	0	4.117053986
110	0.9947043061	0.9947043061	0	0	0.980864048	0	0	4.117080688
111	1.010862827	1.010862827	0	0	0.9816826582	0	0	4.117044449
112	1.035803437	1.035803437	0	0	0.9826051593	0	0	4.116922379
113	1.035306692	1.035306692	0	0	0.9808703065	0	0	4.115430355
114	0.9967200756	0.9967200756	0	0	0.9797669649	0	0	4.115271568
115	0.9849011302	0.9849011302	0	0	0.9788588285	0	0	4.115129471
116	0.9718891382	0.9718891382	0	0	0.9786995649	0	0	4.114909172
117	0.9698886871	0.9698886871	0	0	0.9791387916	0	0	4.115885258
118	0.9723852277	0.9723852277	0	0	0.9796756506	0	0	4.115724564
119	0.958833158	0.958833158	0	0	0.9812216759	0	0	4.115151882
120	0.9567961693	0.9567961693	0	0	0.9813324213	0	0	4.115300655
121	0.9548386931	0.9548386931	0	0	0.9806024432	0	0	4.116231918
122	0.9541012049	0.9541012049	0	0	0.9806386828	0	0	4.116550446
123	0.9332304597	0.9332304597	0	0	0.9796391726	0	0	4.116967201
124	0.9405306578	0.9405306578	0	0	0.9788161516	0	0	4.116961479
125	0.9401148558	0.9401148558	0	0	0.9794428945	0	0	4.116983891
126	0.935741961	0.935741961	0	0	0.9803735614	0	0	4.11609745
127	0.9380925298	0.9380925298	0	0	0.982059598	0	0	4.115273476
128	0.9314767718	0.9314767718	0	0	0.9818835258	0	0	4.115290165
129	0.9295752645	0.9295752645	0	0	0.9811130762	0	0	4.115271568
130	0.9704539776	0.9704539776	0	0	0.9807583094	0	0	4.115502357
131	1.026575327	1.026575327	0	0	0.9795292616	0	0	4.114981174
132	1.105726361	1.105726361	0	0	0.9790259004	0	0	4.115461826
133	1.129658341	1.129658341	0	0	0.9802006483	0	0	4.117043495
134	1.182218432	1.182218432	0	0	0.9809795618	0	0	4.116588593
135	1.215579033	1.215579033	0	0	0.9821462035	0	0	4.116037846
136	1.239573359	1.239573359	0	0	0.9826989174	0	0	4.116388798
137	1.230170608	1.230170608	0	0	0.9815058112	0	0	4.11691761
138	1.203339815	1.203339815	0	0	0.9806159735	0	0	4.115412235
139	1.187690258	1.187690258	0	0	0.9790741205	0	0	4.114907265
140	1.175263286	1.175263286	0	0	0.9791244268	0	0	4.114893436
141	1.159914136	1.159914136	0	0	0.9797110558	0	0	4.115674496
142	1.152562261	1.152562261	0	0	0.9804234505	0	0	4.115263939
143	1.154636025	1.154636025	0	0	0.9821053743	0	0	4.115159988
144	1.1599226	1.1599226	0	0	0.9824506044	0	0	4.115497112
145	1.166678309	1.166678309	0	0	0.981646955	0	0	4.116538525
146	1.17482686	1.17482686	0	0	0.9812532067	0	0	4.116856575
147	1.15651834	1.15651834	0	0	0.9803526998	0	0	4.116259098
148	1.126646519	1.126646519	0	0	0.9800883532	0	0	4.116418839
149	1.126584768	1.126584768	0	0	0.9796698689	0	0	4.117016315
150	1.123855233	1.123855233	0	0	0.9811167717	0	0	4.116446018
151	1.121711254	1.121711254	0	0	0.9819800258	0	0	4.115483284
152	1.113211632	1.113211632	0	0	0.9823032618	0	0	4.115889549
153	1.103949428	1.103949428	0	0	0.9815056324	0	0	4.115766525
154	1.101035714	1.101035714	0	0	0.9808304906	0	0	4.115915775
155	1.091141462	1.091141462	0	0	0.9793305993	0	0	4.115048409
156	1.093926072	1.093926072	0	0	0.9798360467	0	0	4.116008282
157	1.074981332	1.074981332	0	0	0.9803114533	0	0	4.117070675
158	1.056475043	1.056475043	0	0	0.9813468456	0	0	4.117091179
159	1.049147725	1.049147725	0	0	0.9823256135	0	0	4.117136478
160	1.050145864	1.050145864	0	0	0.982732892	0	0	4.117177963
161	1.036116242	1.036116242	0	0	0.9815734029	0	0	4.117053986
162	1.012086868	1.012086868	0	0	0.9804747701	0	0	4.11655426
163	0.998641789	0.998641789	0	0	0.9794302583	0	0	4.115107536
164	0.9799875617	0.9799875617	0	0	0.9793812037	0	0	4.115396976
165	0.9695343971	0.9695343971	0	0	0.9797624946	0	0	4.116890907
166	0.9692749977	0.9692749977	0	0	0.9804250002	0	0	4.115527153
167	0.9490557909	0.9490557909	0	0	0.9817595482	0	0	4.116476536
168	0.9702293873	0.9702293873	0	0	0.9821768999	0	0	4.115881443
169	0.9676837921	0.9676837921	0	0	0.98125875	0	0	4.116928577
170	0.9755390882	0.9755390882	0	0	0.9807667732	0	0	4.117104053
171	0.9667817354	0.9667817354	0	0	0.9800269604	0	0	4.117046356
172	0.9636497498	0.9636497498	0	0	0.9802580476	0	0	4.117049217
173	0.9848551154	0.9848551154	0	0	0.9804579616	0	0	4.117072105
174	0.9887733459	0.9887733459	0	0	0.9814124107	0	0	4.116985321
175	1.00014317	1.00014317	0	0	0.9822010994	0	0	4.117123127
176	0.9795194268	0.9795194268	0	0	0.9829708934	0	0	4.116958618
177	0.9885980487	0.9885980487	0	0	0.982175529	0	0	4.117145061
178	1.023287654	1.023287654	0	0	0.9823377728	0	0	4.117212296
179	1.078719974	1.078719974	0	0	0.9817287922	0	0	4.117168903
180	1.127828717	1.127828717	0	0	0.9812631011	0	0	4.117119789
181	1.19523108	1.19523108	0	0	0.9825245142	0	0	4.11716032
182	1.267011285	1.267011285	0	0	0.9835971594	0	0	4.117168903
183	1.313350677	1.313350677	0	0	0.9846897125	0	0	4.11745882
184	1.337551713	1.337551713	0	0	0.9847443104	0	0	4.117610455
185	1.337089777	1.337089777	0	0	0.9835892916	0	0	4.117455006
186	1.296721458	1.296721458	0	0	0.9834769368	0	0	4.117452145
187	1.262525916	1.262525916	0	0	0.9832062721	0	0	4.117443085
188	1.240272999	1.240272999	0	0	0.9825942516	0	0	4.117441654
189	1.230036974	1.230036974	0	0	0.9830109477	0	0	4.117509365
190	1.231677175	1.231677175	0	0	0.9842432737	0	0	4.117636204
191	1.246999145	1.246999145	0	0	0.9848057032	0	0	4.118397713
192	1.269299507	1.269299507	0	0	0.9847756624	0	0	4.118455887
193	1.211669683	1.211669683	0	0	0.9829936028	0	0	4.117351532
194	1.208512068	1.208512068	0	0	0.98304075	0	0	4.117322445
195	1.192897439	1.192897439	0	0	0.9828799367	0	0	4.117338181
196	1.195226312	1.195226312	0	0	0.9823997021	0	0	4.117238522
197	1.195198894	1.195198894	0	0	0.9826164246	0	0	4.117248058
198	1.192778349	1.192778349	0	0	0.9829259515	0	0	4.117328644
199	1.195264578	1.195264578	0	0	0.984300077	0	0	4.118154526
200	1.189091086	1.189091086	0	0	0.9843458533	0	0	4.117992401
201	1.187820911	1.187820911	0	0	0.9834100008	0	0	4.117210865
202	1.205216527	1.205216527	0	0	0.9832236171	0	0	4.117209911
203	1.235704184	1.235704184	0	0	0.9823388457	0	0	4.117325783
204	1.271097064	1.271097064	0	0	0.981895566	0	0	4.117414951
205	1.304230571	1.304230571	0	0	0.9824783802	0	0	4.117420197
206	1.344508171	1.344508171	0	0	0.9828596711	0	0	4.117434502
207	1.384385586	1.384385586	0	0	0.9843051434	0	0	4.118145943
208	1.408804774	1.408804774	0	0	0.9841917157	0	0	4.11826849
209	1.416394591	1.416394591	0	0	0.9836264849	0	0	4.117291451
210	1.389178514	1.389178514	0	0	0.9827364683	0	0	4.117054462
211	1.356770754	1.356770754	0	0	0.9825458527	0	0	4.117329597
212	1.359879494	1.359879494	0	0	0.98206532	0	0	4.117278099
213	1.338906407	1.338906407	0	0	0.9822582006	0	0	4.117285728
214	1.3423419	1.3423419	0	0	0.9828127623	0	0	4.117297173
215	1.342395544	1.342395544	0	0	0.983869195	0	0	4.11768961
216	1.353892684	1.353892684	0	0	0.9843845367	0	0	4.117771149
217	1.341808081	1.341808081	0	0	0.9834048152	0	0	4.117329597
218	1.314260721	1.314260721	0	0	0.9822373986	0	0	4.117324829
219	1.338519573	1.338519573	0	0	0.9824486971	0	0	4.117465019
220	1.318339705	1.318339705	0	0	0.9813724756	0	0	4.117304325
221	1.330012798	1.330012798	0	0	0.981770277	0	0	4.117315292
222	1.335492611	1.335492611	0	0	0.9831761122	0	0	4.117284298
223	1.329827666	1.329827666	0	0	0.9845830202	0	0	4.117771149
224	1.313677907	1.313677907	0	0	0.9844563603	0	0	4.118319035
225	1.313530684	1.313530684	0	0	0.9837605357	0	0	4.11723423
226	1.324150443	1.324150443	0	0	0.9828945398	0	0	4.11721611
227	1.308128357	1.308128357	0	0	0.9824622869	0	0	4.117224216
228	1.321411252	1.321411252	0	0	0.982149601	0	0	4.117280483
229	1.341006041	1.341006041	0	0	0.9828598499	0	0	4.117429733
230	1.343986988	1.343986988	0	0	0.9838244915	0	0	4.117384911
231	1.370658159	1.370658159	0	0	0.9844988585	0	0	4.117763996
232	1.384306192	1.384306192	0	0	0.9841038585	0	0	4.118093014
233	1.383229256	1.383229256	0	0	0.9839271307	0	0	4.117208958
234	1.369272351	1.369272351	0	0	0.9827347994	0	0	4.1170187
235	1.318318248	1.318318248	0	0	0.982565999	0	0	4.117406845
236	1.29672873	1.29672873	0	0	0.982113421	0	0	4.117502689
237	1.317162156	1.317162156	0	0	0.9823034406	0	0	4.117492199
238	1.353648901	1.353648901	0	0	0.9833979607	0	0	4.117338657
239	1.298845768	1.298845768	0	0	0.9847291112	0	0	4.117272377
240	1.299055815	1.299055815	0	0	0.9840102196	0	0	4.117485046
241	1.300508738	1.300508738	0	0	0.9841656685	0	0	4.117205143
242	1.274488449	1.274488449	0	0	0.9831962585	0	0	4.117242336
243	1.268882751	1.268882751	0	0	0.9824969172	0	0	4.117316246
244	1.274044394	1.274044394	0	0	0.9819401503	0	0	4.117199421
245	1.283821464	1.283821464	0	0	0.9826806188	0	0	4.117255688
246	1.295298934	1.295298934	0	0	0.9827553034	0	0	4.117251873
247	1.292585015	1.292585015	0	0	0.9840534925	0	0	4.118142128
248	1.284403205	1.284403205	0	0	0.9828304052	0	0	4.118149757
249	1.2973001	1.2973001	0	0	0.9830178618	0	0	4.117371559
250	1.289333701	1.289333701	0	0	0.9826611876	0	0	4.117153645
251	1.281247854	1.281247854	0	0	0.9817653894	0	0	4.117282867
252	1.274608374	1.274608374	0	0	0.9823489189	0	0	4.117337227
253	1.263977647	1.263977647	0	0	0.982553184	0	0	4.117292404
254	1.263567805	1.263567805	0	0	0.9826973677	0	0	4.117398739
255	1.268963099	1.268963099	0	0	0.9846383333	0	0	4.117751122
256	1.303910613	1.303910613	0	0	0.9841854572	0	0	4.117864132
257	1.311861873	1.311861873	0	0	0.9843346477	0	0	4.117237568
258	1.312137842	1.312137842	0	0	0.9833405018	0	0	4.117115021
259	1.287944794	1.287944794	0	0	0.9823006392	0	0	4.117259979
260	1.263594508	1.263594508	0	0	0.9825919271	0	0	4.117116451
261	1.298938513	1.298938513	0	0	0.981528759	0	0	4.117087841
262	1.294714451	1.294714451	0	0	0.982858181	0	0	4.11725378
263	1.282325029	1.282325029	0	0	0.9841563106	0	0	4.117657661
264	1.287547946	1.287547946	0	0	0.9842163324	0	0	4.11766386
265	1.299230456	1.299230456	0	0	0.984057188	0	0	4.117208958
266	1.253885627	1.253885627	0	0	0.9838325977	0	0	4.117105961
267	1.229616404	1.229616404	0	0	0.9821276069	0	0	4.117136478
268	1.264144897	1.264144897	0	0	0.982139945	0	0	4.117125988
269	1.258853912	1.258853912	0	0	0.9822172523	0	0	4.117100716
270	1.279331326	1.279331326	0	0	0.9830474854	0	0	4.117249966
271	1.286906719	1.286906719	0	0	0.9846463203	0	0	4.11739397
272	1.284137011	1.284137011	0	0	0.9837054014	0	0	4.117287636
273	1.193194866	1.193194866	0	0	0.9830005169	0	0	4.11714983
274	1.191194415	1.191194415	0	0	0.9832752943	0	0	4.116694927
275	1.18358016	1.18358016	0	0	0.9817391634	0	0	4.116800785
276	1.177562118	1.177562118	0	0	0.9815897346	0	0	4.116014957
277	1.16479516	1.16479516	0	0	0.9810837507	0	0	4.117093086
278	1.16049087	1.16049087	0	0	0.9817803502	0	0	4.117153168
279	1.15880096	1.15880096	0	0	0.9837344885	0	0	4.117144108
280	1.16068542	1.16068542	0	0	0.983060956	0	0	4.117338181
281	1.148183703	1.148183703	0	0	0.9814770222	0	0	4.116130829
282	1.118445754	1.118445754	0	0	0.9809511304	0	0	4.116292477
283	1.106054544	1.106054544	0	0	0.9795820117	0	0	4.115294456
284	1.089894176	1.089894176	0	0	0.9798142314	0	0	4.116980553
285	1.088359475	1.088359475	0	0	0.9795641899	0	0	4.117046356
286	1.076260567	1.076260567	0	0	0.980155468	0	0	4.117172718
287	1.066704273	1.066704273	0	0	0.9822245836	0	0	4.117243767
288	1.083524466	1.083524466	0	0	0.9823009968	0	0	4.11725235
289	1.074268579	1.074268579	0	0	0.9811309576	0	0	4.117040157
290	1.061460376	1.061460376	0	0	0.9813610911	0	0	4.117087364
291	1.03952086	1.03952086	0	0	0.9806057811	0	0	4.117064476
292	1.04244709	1.04244709	0	0	0.9806206822	0	0	4.117075443
293	1.038672924	1.038672924	0	0	0.9802516699	0	0	4.1170578
294	1.042238832	1.042238832	0	0	0.9807004333	0	0	4.11717701
295	1.042167664	1.042167664	0	0	0.9833805561	0	0	4.117184162
296	1.045270443	1.045270443	0	0	0.9828538299	0	0	4.117118835
297	1.031042576	1.031042576	0	0	0.9808850288	0	0	4.117291451
298	1.030504107	1.030504107	0	0	0.9807307124	0	0	4.117085934
299	1.026472211	1.026472211	0	0	0.9801351428	0	0	4.116400242
300	1.017104506	1.017104506	0	0	0.9804180861	0	0	4.117137909
301	1.015121102	1.015121102	0	0	0.9812068939	0	0	4.117138863
302	1.011513114	1.011513114	0	0	0.9813401103	0	0	4.117282867
303	1.025328636	1.025328636	0	0	0.9830253124	0	0	4.117548466
304	1.046841979	1.046841979	0	0	0.9832512736	0	0	4.117499352
305	1.030011892	1.030011892	0	0	0.9812561274	0	0	4.117185116
306	0.9963392615	0.9963392615	0	0	0.9803872705	0	0	4.116968632
307	0.9834031463	0.9834031463	0	0	0.9795345068	0	0	4.116375446
308	0.9693450928	0.9693450928	0	0	0.9799386859	0	0	4.116583824
309	0.9690518975	0.9690518975	0	0	0.9799876213	0	0	4.117102623
310	0.9528021216	0.9528021216	0	0	0.9806749225	0	0	4.11724472
311	0.9483706951	0.9483706951	0	0	0.9827622771	0	0	4.117632389
312	0.9634661078	0.9634661078	0	0	0.9822560549	0	0	4.117370605
313	0.9630827308	0.9630827308	0	0	0.9813284278	0	0	4.117154121
314	0.9561387897	0.9561387897	0	0	0.981844306	0	0	4.11711359
315	0.9453865886	0.9453865886	0	0	0.9813854694	0	0	4.117092609
316	0.9421764612	0.9421764612	0	0	0.980512619	0	0	4.117070675
317	0.937019527	0.937019527	0	0	0.9796842933	0	0	4.117092609
318	0.9349729419	0.9349729419	0	0	0.9801675677	0	0	4.116943836
319	0.9411355853	0.9411355853	0	0	0.9825812578	0	0	4.11720705
320	0.9462073445	0.9462073445	0	0	0.9831797481	0	0	4.117038727
321	0.9250162244	0.9250162244	0	0	0.9811978936	0	0	4.117220402
322	0.9155587554	0.9155587554	0	0	0.9812788367	0	0	4.117037296
323	0.9023290277	0.9023290277	0	0	0.9801923633	0	0	4.116209507
324	0.8547475934	0.8547475934	0	0	0.9803376794	0	0	4.117097855
325	0.8548018336	0.8548018336	0	0	0.9808190465	0	0	4.11711216
326	0.8355106115	0.8355106115	0	0	0.9809957147	0	0	4.11724472
327	0.8210043311	0.8210043311	0	0	0.982817173	0	0	4.117482662
328	0.8275179863	0.8275179863	0	0	0.9828299284	0	0	4.11737299
329	0.8185166121	0.8185166121	0	0	0.9807192683	0	0	4.117144108
330	0.7875887752	0.7875887752	0	0	0.9807738066	0	0	4.117089272
331	0.772369504	0.772369504	0	0	0.9790920019	0	0	4.115625858
332	0.7557938695	0.7557938695	0	0	0.9789226055	0	0	4.11697197
333	0.7423132062	0.7423132062	0	0	0.9791778326	0	0	4.117045403
334	0.7410029769	0.7410029769	0	0	0.9799101949	0	0	4.117269993
335	0.7421386838	0.7421386838	0	0	0.9822838306	0	0	4.117819786
336	0.7486575246	0.7486575246	0	0	0.9818524122	0	0	4.117295265
337	0.7522073388	0.7522073388	0	0	0.9809556007	0	0	4.117204666
338	0.7545523047	0.7545523047	0	0	0.9818493128	0	0	4.117181301
339	0.749256134	0.749256134	0	0	0.9801940918	0	0	4.117083073
340	0.7689341307	0.7689341307	0	0	0.9799515009	0	0	4.117102623
341	0.783231616	0.783231616	0	0	0.9797427654	0	0	4.117116451
342	0.7932623029	0.7932623029	0	0	0.980409503	0	0	4.117123604
343	0.799372375	0.799372375	0	0	0.9829018116	0	0	4.116699696
344	0.7926368713	0.7926368713	0	0	0.9823564887	0	0	4.117168427
345	0.7957940698	0.7957940698	0	0	0.9807958007	0	0	4.117263794
346	0.818607986	0.818607986	0	0	0.9816452265	0	0	4.117242336
347	0.8980833888	0.8980833888	0	0	0.9803094268	0	0	4.117193222
348	0.8836917877	0.8836917877	0	0	0.9801365733	0	0	4.117081165
349	0.8879538178	0.8879538178	0	0	0.9813809395	0	0	4.117221355
350	0.9005085826	0.9005085826	0	0	0.9817983508	0	0	4.117463112
351	0.906668961	0.906668961	0	0	0.9828196168	0	0	4.117499352
352	0.9070423841	0.9070423841	0	0	0.9824334383	0	0	4.117268085
353	0.8989400268	0.8989400268	0	0	0.9807730317	0	0	4.117231846
354	0.8673693538	0.8673693538	0	0	0.9807903767	0	0	4.117136478
355	0.8574201465	0.8574201465	0	0	0.979344666	0	0	4.115865231
356	0.8369299769	0.8369299769	0	0	0.9796267748	0	0	4.116944313
357	0.8244329095	0.8244329095	0	0	0.980579257	0	0	4.117026806
358	0.8183944225	0.8183944225	0	0	0.9814981818	0	0	4.117192745
359	0.8123990893	0.8123990893	0	0	0.9823983312	0	0	4.117298126
360	0.8102833629	0.8102833629	0	0	0.9821900725	0	0	4.117164135
361	0.8357719183	0.8357719183	0	0	0.9816070795	0	0	4.11725378
362	0.8303123713	0.8303123713	0	0	0.9814475775	0	0	4.117203236
363	0.8263629675	0.8263629675	0	0	0.980361104	0	0	4.11712265
364	0.8392635584	0.8392635584	0	0	0.9798340797	0	0	4.117089272
365	0.8463632464	0.8463632464	0	0	0.9812676311	0	0	4.117076874
366	0.8549678326	0.8549678326	0	0	0.9817338586	0	0	4.117074966
367	0.8581510186	0.8581510186	0	0	0.9824593663	0	0	4.11666584
368	0.865344882	0.865344882	0	0	0.9823143482	0	0	4.115533829
369	0.8576413393	0.8576413393	0	0	0.9817010164	0	0	4.117185116
370	0.8492768407	0.8492768407	0	0	0.9818677306	0	0	4.116829872
371	0.8406729102	0.8406729102	0	0	0.9801847339	0	0	4.116693974
372	0.8295804858	0.8295804858	0	0	0.9810468554	0	0	4.117094517
373	0.8150794506	0.8150794506	0	0	0.9818068743	0	0	4.117108822
374	0.803144753	0.803144753	0	0	0.9826277494	0	0	4.11725235
375	0.7938901186	0.7938901186	0	0	0.9830089808	0	0	4.116923332
376	0.7991278768	0.7991278768	0	0	0.982924521	0	0	4.116745949
377	0.7967945933	0.7967945933	0	0	0.9815567732	0	0	4.115847111
378	0.7737934589	0.7737934589	0	0	0.9809694886	0	0	4.115519047
379	0.7583144307	0.7583144307	0	0	0.9796126485	0	0	4.115087032
380	0.7484626174	0.7484626174	0	0	0.9803358912	0	0	4.115541458
381	0.7362345457	0.7362345457	0	0	0.9809520245	0	0	4.11575079
382	0.7411931157	0.7411931157	0	0	0.9815298915	0	0	4.116485596
383	0.7262659073	0.7262659073	0	0	0.9820786715	0	0	4.116957188
384	0.7110874653	0.7110874653	0	0	0.9813802838	0	0	4.116542816
385	0.7137026787	0.7137026787	0	0	0.981344521	0	0	4.117146969
386	0.712465167	0.712465167	0	0	0.981857419	0	0	4.117105484
387	0.7160186172	0.7160186172	0	0	0.9809880257	0	0	4.117078304
388	0.7180307508	0.7180307508	0	0	0.9813069105	0	0	4.117089272
389	0.712166965	0.712166965	0	0	0.9815266132	0	0	4.117063046
390	0.7240648866	0.7240648866	0	0	0.9824917316	0	0	4.116254807
391	0.7173057795	0.7173057795	0	0	0.9826695323	0	0	4.115999222
392	0.7205016613	0.7205016613	0	0	0.9829876423	0	0	4.115447521
393	0.7011773586	0.7011773586	0	0	0.9820053577	0	0	4.116209984
394	0.6789153814	0.6789153814	0	0	0.9817681313	0	0	4.117088795
395	0.6423427463	0.6423427463	0	0	0.9806227088	0	0	4.117064476
396	0.6041566133	0.6041566133	0	0	0.9813001752	0	0	4.117111206
397	0.5559470654	0.5559470654	0	0	0.9817265272	0	0	4.117090225
398	0.5203031898	0.5203031898	0	0	0.9821113348	0	0	4.117214203
399	0.496557951	0.496557951	0	0	0.9830085039	0	0	4.11713028
400	0.4913364649	0.4913364649	0	0	0.9829894304	0	0	4.11642313
401	0.484059751	0.484059751	0	0	0.9813716412	0	0	4.116428375
402	0.4708856046	0.4708856046	0	0	0.9805623293	0	0	4.115567684
403	0.4587978721	0.4587978721	0	0	0.9798016548	0	0	4.115373135
404	0.4489428699	0.4489428699	0	0	0.9801757336	0	0	4.115698814
405	0.4447541535	0.4447541535	0	0	0.9807397127	0	0	4.1152668
406	0.4451220334	0.4451220334	0	0	0.9814155102	0	0	4.115764618
407	0.4359808564	0.4359808564	0	0	0.9822579622	0	0	4.115335464
408	0.4311594367	0.4311594367	0	0	0.982111454	0	0	4.115484238
409	0.4351852834	0.4351852834	0	0	0.981228888	0	0	4.116797447
410	0.4431702793	0.4431702793	0	0	0.9810593128	0	0	4.117055893
411	0.4492619038	0.4492619038	0	0	0.9810997248	0	0	4.117035866
412	0.4606871009	0.4606871009	0	0	0.9811844826	0	0	4.117062569
413	0.4630600214	0.4630600214	0	0	0.981259048	0	0	4.116914272
414	0.4719994068	0.4719994068	0	0	0.9823464751	0	0	4.117062092
415	0.4750155807	0.4750155807	0	0	0.9829117656	0	0	4.115532875
416	0.4874014556	0.4874014556	0	0	0.9825115204	0	0	4.115189552
417	0.4861547351	0.4861547351	0	0	0.9817112684	0	0	4.115558624
418	0.4845452905	0.4845452905	0	0	0.9817726612	0	0	4.115597725
419	0.4843073487	0.4843073487	0	0	0.9810766578	0	0	4.116085052
420	0.4834540188	0.4834540188	0	0	0.9816243052	0	0	4.116513729
421	0.4672379196	0.4672379196	0	0	0.9819023609	0	0	4.116936684
422	0.4729137421	0.4729137421	0	0	0.9819533229	0	0	4.117241383
423	0.4753773212	0.4753773212	0	0	0.9829363227	0	0	4.11604166
424	0.4753914773	0.4753914773	0	0	0.9827768207	0	0	4.116120338
425	0.4681121409	0.4681121409	0	0	0.9808519483	0	0	4.116817474
426	0.4664780796	0.4664780796	0	0	0.9812083244	0	0	4.116548538
427	0.4569438398	0.4569438398	0	0	0.9817546606	0	0	4.115281105
428	0.4647184908	0.4647184908	0	0	0.9824690819	0	0	4.115444183
429	0.4440815449	0.4440815449	0	0	0.9825726748	0	0	4.115158558
430	0.444668442	0.444668442	0	0	0.9830034375	0	0	4.115792751
431	0.436447382	0.436447382	0	0	0.9830297828	0	0	4.115546227
432	0.4311172366	0.4311172366	0	0	0.9824598432	0	0	4.115401268
433	0.4363869727	0.4363869727	0	0	0.9814597368	0	0	4.116345406
434	0.4286438525	0.4286438525	0	0	0.9819890261	0	0	4.11711359
435	0.4326905608	0.4326905608	0	0	0.9819570184	0	0	4.117083549
436	0.434387058	0.434387058	0	0	0.9820975065	0	0	4.117072582
437	0.4367183447	0.4367183447	0	0	0.9823842645	0	0	4.116973877
438	0.4448443949	0.4448443949	0	0	0.9832440615	0	0	4.115601063
439	0.4481064081	0.4481064081	0	0	0.9831153154	0	0	4.1158638
440	0.4679708481	0.4679708481	0	0	0.9826275706	0	0	4.115132809
441	0.4288410544	0.4288410544	0	0	0.9812814593	0	0	4.116235256
442	0.4178105891	0.4178105891	0	0	0.9811438322	0	0	4.116260052
443	0.4161783755	0.4161783755	0	0	0.9809554219	0	0	4.116286278
444	0.4154362381	0.4154362381	0	0	0.9816195369	0	0	4.116894245
445	0.437449187	0.437449187	0	0	0.9815490246	0	0	4.117033958
446	0.4601717591	0.4601717591	0	0	0.9820879102	0	0	4.117121696
447	0.469278872	0.469278872	0	0	0.9828236103	0	0	4.117188931
448	0.4822158813	0.4822158813	0	0	0.9825516939	0	0	4.116511822
449	0.4833556712	0.4833556712	0	0	0.9804947376	0	0	4.117126942
450	0.4743174911	0.4743174911	0	0	0.9804040194	0	0	4.116831303
451	0.4614036977	0.4614036977	0	0	0.980799377	0	0	4.115725994
452	0.4475508332	0.4475508332	0	0	0.9810359478	0	0	4.11653614
453	0.4382183552	0.4382183552	0	0	0.9810919166	0	0	4.116481781
454	0.4375157058	0.4375157058	0	0	0.9816998243	0	0	4.115784645
455	0.4404059947	0.4404059947	0	0	0.9826269746	0	0	4.11715889
456	0.4338264465	0.4338264465	0	0	0.9820836186	0	0	4.115535736
457	0.4367513061	0.4367513061	0	0	0.9815744758	0	0	4.117112637
458	0.44622159	0.44622159	0	0	0.9810578227	0	0	4.11712122
459	0.4436263144	0.4436263144	0	0	0.9821774364	0	0	4.117105961
460	0.4429609179	0.4429609179	0	0	0.9819335938	0	0	4.117137909
461	0.4496602118	0.4496602118	0	0	0.9814366102	0	0	4.116288662
462	0.4550717771	0.4550717771	0	0	0.9824817181	0	0	4.116776466
463	0.4704015255	0.4704015255	0	0	0.9826030731	0	0	4.117247581
464	0.4682059586	0.4682059586	0	0	0.9830787182	0	0	4.115712643
465	0.4713610709	0.4713610709	0	0	0.9812136292	0	0	4.117145538
466	0.4715511799	0.4715511799	0	0	0.980984807	0	0	4.11708498
467	0.4646271765	0.4646271765	0	0	0.9816070795	0	0	4.116965771
468	0.4640048742	0.4640048742	0	0	0.9812169075	0	0	4.117109299
469	0.4581749737	0.4581749737	0	0	0.9816516042	0	0	4.117257595
470	0.4655042887	0.4655042887	0	0	0.981959641	0	0	4.117217541
471	0.4621120691	0.4621120691	0	0	0.983148396	0	0	4.117230415
472	0.472481966	0.472481966	0	0	0.9819578528	0	0	4.116877556
473	0.4725658	0.4725658	0	0	0.9810004234	0	0	4.11713171
474	0.4582324326	0.4582324326	0	0	0.9806944728	0	0	4.117174625
475	0.4540330768	0.4540330768	0	0	0.981536746	0	0	4.116744995
476	0.4474273026	0.4474273026	0	0	0.9810680151	0	0	4.117218494
477	0.4294677973	0.4294677973	0	0	0.9813441038	0	0	4.117260933
478	0.4256024659	0.4256024659	0	0	0.9812890291	0	0	4.116928577
479	0.4196256995	0.4196256995	0	0	0.9824150801	0	0	4.117045879
480	0.414185077	0.414185077	0	0	0.9814494848	0	0	4.115752697
481	0.4239291251	0.4239291251	0	0	0.9812054634	0	0	4.117176533
482	0.4248937964	0.4248937964	0	0	0.9810183644	0	0	4.117173195
483	0.4237423837	0.4237423837	0	0	0.9818595052	0	0	4.117161751
484	0.4332400262	0.4332400262	0	0	0.9817761779	0	0	4.11715889
485	0.4423049688	0.4423049688	0	0	0.9819197655	0	0	4.117077351
486	0.4462012351	0.4462012351	0	0	0.9832066894	0	0	4.117054939
487	0.4615391195	0.4615391195	0	0	0.9833356142	0	0	4.116406918
488	0.4639310241	0.4639310241	0	0	0.9827044606	0	0	4.11622858
489	0.4620642364	0.4620642364	0	0	0.9815751314	0	0	4.117113113
490	0.4640569687	0.4640569687	0	0	0.9811919332	0	0	4.117184639
491	0.4614778757	0.4614778757	0	0	0.9823778272	0	0	4.117152214
492	0.4561818838	0.4561818838	0	0	0.9822251201	0	0	4.117224693
493	0.4645177722	0.4645177722	0	0	0.9834176302	0	0	4.117272854
494	0.4711962342	0.4711962342	0	0	0.9829435945	0	0	4.117267132
495	0.4630916119	0.4630916119	0	0	0.9831240773	0	0	4.117284298
496	0.4700024128	0.4700024128	0	0	0.9826232195	0	0	4.117438316
497	0.4757528901	0.4757528901	0	0	0.9819920063	0	0	4.117229462
498	0.4623841643	0.4623841643	0	0	0.9825925231	0	0	4.117540836
499	0.457601279	0.457601279	0	0	0.9829623103	0	0	4.117370129
500	0.4532906711	0.4532906711	0	0	0.9827189445	0	0	4.117406368
501	0.4407220483	0.4407220483	0	0	0.9826308489	0	0	4.11738348
502	0.4403014481	0.4403014481	0	0	0.9828633666	0	0	4.117202759
503	0.4315319955	0.4315319955	0	0	0.9825743437	0	0	4.117206097
504	0.4173126221	0.4173126221	0	0	0.9822687507	0	0	4.115926266
505	0.4259290695	0.4259290695	0	0	0.9823355675	0	0	4.117148876
506	0.4266694784	0.4266694784	0	0	0.9823349714	0	0	4.117262363
507	0.4225292206	0.4225292206	0	0	0.98331213	0	0	4.117481232
508	0.4306241572	0.4306241572	0	0	0.9826674461	0	0	4.11752224
509	0.4344874024	0.4344874024	0	0	0.9829522967	0	0	4.117304325
510	0.4418673813	0.4418673813	0	0	0.9842768908	0	0	4.117219925
511	0.4468218088	0.4468218088	0	0	0.9832699299	0	0	4.117143154
512	0.4567068517	0.4567068517	0	0	0.9827023745	0	0	4.11732769
513	0.4474741518	0.4474741518	0	0	0.9825595617	0	0	4.117166042
514	0.4490805268	0.4490805268	0	0	0.9825796485	0	0	4.11726284
515	0.4556798935	0.4556798935	0	0	0.982711792	0	0	4.117208958
516	0.4650512934	0.4650512934	0	0	0.9821195006	0	0	4.117312908
517	0.4674610496	0.4674610496	0	0	0.9825669527	0	0	4.117174149
518	0.4836538434	0.4836538434	0	0	0.9832172394	0	0	4.117284775
519	0.502643168	0.502643168	0	0	0.9826577306	0	0	4.117109299
520	0.5091127753	0.5091127753	0	0	0.9828845263	0	0	4.117350101
521	0.5126902461	0.5126902461	0	0	0.9823906422	0	0	4.117258549
522	0.5029798746	0.5029798746	0	0	0.9820044637	0	0	4.117388248
523	0.4999464154	0.4999464154	0	0	0.9823362231	0	0	4.117275238
524	0.4966880679	0.4966880679	0	0	0.9820615649	0	0	4.117331028
525	0.4927526116	0.4927526116	0	0	0.9827305675	0	0	4.117252827
526	0.4937101007	0.4937101007	0	0	0.9830181599	0	0	4.117230892
527	0.4764694571	0.4764694571	0	0	0.9822970629	0	0	4.117156029
528	0.4715485275	0.4715485275	0	0	0.9816481471	0	0	4.11700964
529	0.4694609046	0.4694609046	0	0	0.9819216728	0	0	4.117375851
530	0.4757728577	0.4757728577	0	0	0.9826618433	0	0	4.117362976
531	0.4721790552	0.4721790552	0	0	0.9827998281	0	0	4.117535591
532	0.4719122052	0.4719122052	0	0	0.9823420644	0	0	4.117839336
533	0.4762803912	0.4762803912	0	0	0.9824212193	0	0	4.117432594
534	0.4824212492	0.4824212492	0	0	0.9842419624	0	0	4.117609024
535	0.4817682803	0.4817682803	0	0	0.9826824665	0	0	4.117117882
536	0.4976483285	0.4976483285	0	0	0.9827159643	0	0	4.116916656
537	0.4939185083	0.4939185083	0	0	0.9834589362	0	0	4.117370605
538	0.4837684631	0.4837684631	0	0	0.9829372168	0	0	4.117231369
539	0.483779639	0.483779639	0	0	0.9838385582	0	0	4.117386818
540	0.4716899991	0.4716899991	0	0	0.9834750295	0	0	4.117369652
541	0.4578969181	0.4578969181	0	0	0.9835913777	0	0	4.117296696
542	0.457028985	0.457028985	0	0	0.9841515422	0	0	4.117434025
543	0.4511392117	0.4511392117	0	0	0.9829684496	0	0	4.117260933
544	0.457857281	0.457857281	0	0	0.983253479	0	0	4.11749649
545	0.4561532438	0.4561532438	0	0	0.9828449488	0	0	4.117354393
546	0.4513764977	0.4513764977	0	0	0.9822853804	0	0	4.117502213
547	0.4448945522	0.4448945522	0	0	0.9825274348	0	0	4.117561817
548	0.4360488355	0.4360488355	0	0	0.9828230739	0	0	4.117314816
549	0.4332349002	0.4332349002	0	0	0.9825493097	0	0	4.117217541
550	0.4331372976	0.4331372976	0	0	0.9834882617	0	0	4.116668224
551	0.4290322661	0.4290322661	0	0	0.9824751616	0	0	4.117082596
552	0.4345241785	0.4345241785	0	0	0.9820225835	0	0	4.116223335
553	0.4272495806	0.4272495806	0	0	0.9824633002	0	0	4.117234707
554	0.4333625436	0.4333625436	0	0	0.9823322296	0	0	4.117291451
555	0.4325750768	0.4325750768	0	0	0.9830713868	0	0	4.117435455
556	0.4409328699	0.4409328699	0	0	0.9831863642	0	0	4.117499352
557	0.453453213	0.453453213	0	0	0.9828074574	0	0	4.117408752
558	0.4562651813	0.4562651813	0	0	0.9833065867	0	0	4.117072582
559	0.4627955258	0.4627955258	0	0	0.9826267958	0	0	4.11721468
560	0.4737540185	0.4737540185	0	0	0.9827234149	0	0	4.116868019
561	0.4770050049	0.4770050049	0	0	0.9834534526	0	0	4.117073536
562	0.4787131846	0.4787131846	0	0	0.9839006066	0	0	4.117246628
563	0.486230433	0.486230433	0	0	0.983797431	0	0	4.117441654
564	0.494792074	0.494792074	0	0	0.9838510156	0	0	4.117483616
565	0.5278518796	0.5278518796	0	0	0.9837282896	0	0	4.117300987
566	0.5359585285	0.5359585285	0	0	0.9842248559	0	0	4.11763382
567	0.5423825979	0.5423825979	0	0	0.9832227826	0	0	4.117266178
568	0.5533032417	0.5533032417	0	0	0.98385185	0	0	4.117399216
569	0.5506111383	0.5506111383	0	0	0.9834875464	0	0	4.117451191
570	0.5397925377	0.5397925377	0	0	0.9839978814	0	0	4.117791653
571	0.533683598	0.533683598	0	0	0.9838181734	0	0	4.117623329
572	0.5254749656	0.5254749656	0	0	0.9838423729	0	0	4.117542267
573	0.5200821161	0.5200821161	0	0	0.983412981	0	0	4.117500782
574	0.5135483146	0.5135483146	0	0	0.9845199585	0	0	4.11708498
575	0.515099287	0.515099287	0	0	0.9840880036	0	0	4.117284298
576	0.5117610097	0.5117610097	0	0	0.983858645	0	0	4.116965294
577	0.5176506042	0.5176506042	0	0	0.9832182527	0	0	4.117344379
578	0.5365713239	0.5365713239	0	0	0.9842661023	0	0	4.117609501
579	0.5392302275	0.5392302275	0	0	0.9841818213	0	0	4.117870331
580	0.5517848134	0.5517848134	0	0	0.9842233062	0	0	4.117863178
581	0.5638011098	0.5638011098	0	0	0.9831534624	0	0	4.117732525
582	0.5818807483	0.5818807483	0	0	0.984765172	0	0	4.117610931
583	0.5936616063	0.5936616063	0	0	0.9838684797	0	0	4.117401123
584	0.6053136587	0.6053136587	0	0	0.9839121699	0	0	4.117499828
585	0.609644413	0.609644413	0	0	0.9841841459	0	0	4.117390156
586	0.6131542921	0.6131542921	0	0	0.9844282269	0	0	4.117421627
587	0.6208963394	0.6208963394	0	0	0.9841128588	0	0	4.117591381
588	0.6292725801	0.6292725801	0	0	0.9843944311	0	0	4.117655277
589	0.63072294	0.63072294	0	0	0.9840804338	0	0	4.117468357
590	0.6563959718	0.6563959718	0	0	0.9849369526	0	0	4.11750555
591	0.6583726406	0.6583726406	0	0	0.9842631817	0	0	4.117533684
592	0.6657062173	0.6657062173	0	0	0.9840040803	0	0	4.117787838
593	0.661786437	0.661786437	0	0	0.9844025373	0	0	4.117763519
594	0.6495121121	0.6495121121	0	0	0.9837802052	0	0	4.117810726
595	0.6494825482	0.6494825482	0	0	0.9846125841	0	0	4.118626118
596	0.6400782466	0.6400782466	0	0	0.9844514728	0	0	4.118194103
597	0.631072998	0.631072998	0	0	0.984360218	0	0	4.118105888
598	0.6321204305	0.6321204305	0	0	0.9852384925	0	0	4.118212223
599	0.6301465631	0.6301465631	0	0	0.9842399359	0	0	4.117665768
600	0.6089810133	0.6089810133	0	0	0.9840214252	0	0	4.117274761
601	0.6073098183	0.6073098183	0	0	0.9838012457	0	0	4.11776495
602	0.6102465987	0.6102465987	0	0	0.9835417867	0	0	4.11792326
603	0.6124144197	0.6124144197	0	0	0.9840420485	0	0	4.118155479
604	0.6200829148	0.6200829148	0	0	0.9836540222	0	0	4.117848396
605	0.6258451343	0.6258451343	0	0	0.9846024513	0	0	4.11815691
606	0.6306148171	0.6306148171	0	0	0.985290885	0	0	4.118247986
607	0.6343628168	0.6343628168	0	0	0.9848620892	0	0	4.118169308
608	0.6306999922	0.6306999922	0	0	0.9842843413	0	0	4.117671967
609	0.6304168701	0.6304168701	0	0	0.9841942787	0	0	4.119164467
610	0.6337542534	0.6337542534	0	0	0.9843560457	0	0	4.117695332
611	0.6613609791	0.6613609791	0	0	0.9846200347	0	0	4.118915558
612	0.6797578335	0.6797578335	0	0	0.9845399261	0	0	4.117844582
613	0.7100059986	0.7100059986	0	0	0.9845889807	0	0	4.117886066
614	0.7428771257	0.7428771257	0	0	0.985324502	0	0	4.118102074
615	0.7472577095	0.7472577095	0	0	0.9843358397	0	0	4.117828369
616	0.7611123919	0.7611123919	0	0	0.9843280315	0	0	4.118543148
617	0.7608388066	0.7608388066	0	0	0.9840055108	0	0	4.118986607
618	0.740721643	0.740721643	0	0	0.9833319783	0	0	4.117938042
619	0.7340001464	0.7340001464	0	0	0.9842751622	0	0	4.119337559
620	0.7192171812	0.7192171812	0	0	0.9838694334	0	0	4.117888451
621	0.7088484764	0.7088484764	0	0	0.9838598967	0	0	4.11801672
622	0.7077359557	0.7077359557	0	0	0.9847008586	0	0	4.118107319
623	0.7126439214	0.7126439214	0	0	0.9842697978	0	0	4.118908405
624	0.690525949	0.690525949	0	0	0.9842068553	0	0	4.118962765
625	0.6871960759	0.6871960759	0	0	0.9833658338	0	0	4.11950922
626	0.6926571727	0.6926571727	0	0	0.9837058783	0	0	4.11875248
627	0.7041475177	0.7041475177	0	0	0.9840137959	0	0	4.119110107
628	0.6975196004	0.6975196004	0	0	0.9843495488	0	0	4.118004322
629	0.6999184489	0.6999184489	0	0	0.9840209484	0	0	4.117782116
630	0.7124304771	0.7124304771	0	0	0.9849771857	0	0	4.118521214
631	0.7197182775	0.7197182775	0	0	0.9836565852	0	0	4.118070602
632	0.7297503948	0.7297503948	0	0	0.9840651155	0	0	4.119499683
633	0.7259296179	0.7259296179	0	0	0.9838910103	0	0	4.119643211
634	0.739792943	0.739792943	0	0	0.9836235046	0	0	4.118994713
635	0.7707524896	0.7707524896	0	0	0.9840542674	0	0	4.119437218
636	0.8067349195	0.8067349195	0	0	0.9839314222	0	0	4.11828804
637	0.8591313362	0.8591313362	0	0	0.9842107892	0	0	4.117796898
638	0.8987811804	0.8987811804	0	0	0.9848825336	0	0	4.119253635
639	0.9282435179	0.9282435179	0	0	0.9849148989	0	0	4.118840694
640	0.9576066136	0.9576066136	0	0	0.985455811	0	0	4.119474888
641	0.9561658502	0.9561658502	0	0	0.9848778844	0	0	4.119663239
642	0.9254613519	0.9254613519	0	0	0.9852820039	0	0	4.119187832
643	0.9165791869	0.9165791869	0	0	0.9848130345	0	0	4.119554996
644	0.8969905376	0.8969905376	0	0	0.9854469299	0	0	4.119182587
645	0.8850848079	0.8850848079	0	0	0.9849129915	0	0	4.11975193
646	0.8826864362	0.8826864362	0	0	0.9851315022	0	0	4.120663166
647	0.8694823384	0.8694823384	0	0	0.9844821095	0	0	4.119787693
648	0.8608033061	0.8608033061	0	0	0.9839671254	0	0	4.119674206
649	0.8689315319	0.8689315319	0	0	0.9838942289	0	0	4.119889736
650	0.8864247203	0.8864247203	0	0	0.9841269255	0	0	4.119599342
651	0.8899394274	0.8899394274	0	0	0.9841434956	0	0	4.119868755
652	0.9095420837	0.9095420837	0	0	0.9848629236	0	0	4.119627476
653	0.9182502031	0.9182502031	0	0	0.9841320515	0	0	4.11988306
654	0.9391791821	0.9391791821	0	0	0.9859681726	0	0	4.120069981
655	0.9467861652	0.9467861652	0	0	0.9852900505	0	0	4.119514942
656	0.9504521489	0.9504521489	0	0	0.9852845073	0	0	4.119727135
657	0.9507479072	0.9507479072	0	0	0.9844921827	0	0	4.120007038
658	0.9669683576	0.9669683576	0	0	0.9849841595	0	0	4.119444847
659	1.004501104	1.004501104	0	0	0.9847871065	0	0	4.119564056
660	1.041080236	1.041080236	0	0	0.9846326709	0	0	4.118956566
661	1.061451674	1.061451674	0	0	0.9850737453	0	0	4.119608402
662	1.102383614	1.102383614	0	0	0.9847981334	0	0	4.119829178
663	1.112106085	1.112106085	0	0	0.9849489927	0	0	4.119588852
664	1.140585184	1.140585184	0	0	0.9849714637	0	0	4.119565964
665	1.127089143	1.127089143	0	0	0.9841755629	0	0	4.119660378
666	1.093112588	1.093112588	0	0	0.9837116003	0	0	4.119509697
667	1.081776261	1.081776261	0	0	0.9847310185	0	0	4.119673729
668	1.053632498	1.053632498	0	0	0.984529376	0	0	4.119561672
669	1.043932676	1.043932676	0	0	0.9842962623	0	0	4.119674683
670	1.03922987	1.03922987	0	0	0.9847474098	0	0	4.119800568
671	1.02829349	1.02829349	0	0	0.982970655	0	0	4.119621277
672	1.011260033	1.011260033	0	0	0.9832462072	0	0	4.119655609
673	1.026535749	1.026535749	0	0	0.9825273156	0	0	4.11997366
674	1.043545961	1.043545961	0	0	0.9830981493	0	0	4.119829655
675	1.045938969	1.045938969	0	0	0.9839340448	0	0	4.11978817
676	1.058043361	1.058043361	0	0	0.983833611	0	0	4.119459152
677	1.080433011	1.080433011	0	0	0.9847264886	0	0	4.119821072
678	1.081657887	1.081657887	0	0	0.9840580821	0	0	4.119848251
679	1.096586823	1.096586823	0	0	0.9840741158	0	0	4.119599342
680	1.104813099	1.104813099	0	0	0.984395802	0	0	4.11975956
681	1.098272085	1.098272085	0	0	0.9830927849	0	0	4.119751453
682	1.108037353	1.108037353	0	0	0.983815968	0	0	4.119585991
683	1.121029258	1.121029258	0	0	0.9841606617	0	0	4.119549751
684	1.152648926	1.152648926	0	0	0.9842399359	0	0	4.119656563
685	1.170072794	1.170072794	0	0	0.9846757054	0	0	4.119533062
686	1.20944798	1.20944798	0	0	0.9842047095	0	0	4.119572163
687	1.22092557	1.22092557	0	0	0.9833491445	0	0	4.119497776
688	1.236704469	1.236704469	0	0	0.9841142297	0	0	4.119567871
689	1.236862779	1.236862779	0	0	0.9836261272	0	0	4.119587421
690	1.201643229	1.201643229	0	0	0.9837852716	0	0	4.119585037
691	1.168678761	1.168678761	0	0	0.9831357002	0	0	4.119562149
692	1.14732933	1.14732933	0	0	0.9839155078	0	0	4.119681358
693	1.130500197	1.130500197	0	0	0.9843606353	0	0	4.119697094
694	1.135543227	1.135543227	0	0	0.9837223291	0	0	4.119617462
695	1.124082685	1.124082685	0	0	0.9829138517	0	0	4.119652748
696	1.118396521	1.118396521	0	0	0.9829391241	0	0	4.119784355
697	1.12643218	1.12643218	0	0	0.982324779	0	0	4.11964941
698	1.136779666	1.136779666	0	0	0.9828571081	0	0	4.119504452
699	1.140571833	1.140571833	0	0	0.9830256104	0	0	4.119578838
700	1.151458502	1.151458502	0	0	0.9834312201	0	0	4.120174885
701	1.153405309	1.153405309	0	0	0.9827554822	0	0	4.119655132
702	1.165048718	1.165048718	0	0	0.9843155742	0	0	4.119686604
703	1.1768291	1.1768291	0	0	0.9833558202	0	0	4.119545937
704	1.189607024	1.189607024	0	0	0.9845601916	0	0	4.119603157
705	1.1967448	1.1967448	0	0	0.9832984209	0	0	4.119705677
706	1.198518395	1.198518395	0	0	0.983710885	0	0	4.119564056
707	1.207946539	1.207946539	0	0	0.9833384752	0	0	4.119563103
708	1.222152352	1.222152352	0	0	0.9841688275	0	0	4.119662285
709	1.238330245	1.238330245	0	0	0.9837496877	0	0	4.11965704
710	1.266689539	1.266689539	0	0	0.9846172333	0	0	4.119637489
711	1.268917322	1.268917322	0	0	0.9834506512	0	0	4.119608879
712	1.284748316	1.284748316	0	0	0.9844225645	0	0	4.119688988
713	1.310441017	1.310441017	0	0	0.9833331108	0	0	4.119561195
714	1.269163251	1.269163251	0	0	0.9831528664	0	0	4.11938715
715	1.253609776	1.253609776	0	0	0.9829146862	0	0	4.119218826
716	1.230772018	1.230772018	0	0	0.9837710261	0	0	4.119239807
717	1.220966339	1.220966339	0	0	0.9839430451	0	0	4.119371891
718	1.206218123	1.206218123	0	0	0.9839822054	0	0	4.119484425
719	1.19221437	1.19221437	0	0	0.9827206135	0	0	4.119522572
720	1.213661194	1.213661194	0	0	0.9829707146	0	0	4.119630814
721	1.203265548	1.203265548	0	0	0.982186079	0	0	4.119542122
722	1.208708763	1.208708763	0	0	0.9827988744	0	0	4.119075775
723	1.196469069	1.196469069	0	0	0.9828491211	0	0	4.119521141
724	1.202666402	1.202666402	0	0	0.9835369587	0	0	4.119570255
725	1.216109991	1.216109991	0	0	0.9830211401	0	0	4.119440079
726	1.221966028	1.221966028	0	0	0.9832356572	0	0	4.119308472
727	1.234653473	1.234653473	0	0	0.9832434654	0	0	4.119535446
728	1.253048778	1.253048778	0	0	0.9836453199	0	0	4.119594097
729	1.238123059	1.238123059	0	0	0.9825752974	0	0	4.119487762
730	1.229358077	1.229358077	0	0	0.9831416011	0	0	4.118896484
731	1.233955145	1.233955145	0	0	0.9832952619	0	0	4.119364738
732	1.2413764	1.2413764	0	0	0.9836538434	0	0	4.11942625
733	1.24916172	1.24916172	0	0	0.9843033552	0	0	4.119264603
734	1.279617548	1.279617548	0	0	0.9841005206	0	0	4.119326115
735	1.283994555	1.283994555	0	0	0.9831823707	0	0	4.119573593
736	1.299180388	1.299180388	0	0	0.9838511348	0	0	4.119596004
737	1.291346073	1.291346073	0	0	0.9821380377	0	0	4.119338512
738	1.256476641	1.256476641	0	0	0.9823879004	0	0	4.119217873
739	1.232747197	1.232747197	0	0	0.9813731313	0	0	4.119043827
740	1.207618475	1.207618475	0	0	0.9820553064	0	0	4.118453026
741	1.188576698	1.188576698	0	0	0.9816781282	0	0	4.119170666
742	1.1736027	1.1736027	0	0	0.9820355177	0	0	4.119400024
743	1.160708785	1.160708785	0	0	0.9820643663	0	0	4.119530678
744	1.157873273	1.157873273	0	0	0.9823298454	0	0	4.119569778
745	1.15211308	1.15211308	0	0	0.9811646342	0	0	4.118955135
746	1.158238769	1.158238769	0	0	0.9820722938	0	0	4.118525505
747	1.148863435	1.148863435	0	0	0.9825439453	0	0	4.118858337
748	1.132829547	1.132829547	0	0	0.9824768901	0	0	4.119114399
749	1.138223052	1.138223052	0	0	0.9824334383	0	0	4.118952751
750	1.144993186	1.144993186	0	0	0.9830318689	0	0	4.118716717
751	1.153697371	1.153697371	0	0	0.983558476	0	0	4.119499683
752	1.178426504	1.178426504	0	0	0.9835808277	0	0	4.119492531
753	1.156974673	1.156974673	0	0	0.9819548726	0	0	4.119490623
754	1.136578083	1.136578083	0	0	0.9829841852	0	0	4.118887901
755	1.108992577	1.108992577	0	0	0.9822939038	0	0	4.11886692
756	1.083934307	1.083934307	0	0	0.9823022485	0	0	4.118699551
757	1.056656599	1.056656599	0	0	0.9823880196	0	0	4.119040489
758	1.04165256	1.04165256	0	0	0.9821608663	0	0	4.119159698
759	1.028161407	1.028161407	0	0	0.9828801155	0	0	4.119560242
760	1.062639117	1.062639117	0	0	0.9829755425	0	0	4.119508266
761	1.059393525	1.059393525	0	0	0.9806956053	0	0	4.119347095
762	1.022622228	1.022622228	0	0	0.9817336202	0	0	4.118636131
763	1.00383091	1.00383091	0	0	0.9806242585	0	0	4.118909359
764	0.9860210419	0.9860210419	0	0	0.9815176129	0	0	4.117985725
765	0.9599074125	0.9599074125	0	0	0.980737865	0	0	4.118811607
766	0.9484897852	0.9484897852	0	0	0.9805833101	0	0	4.119048119
767	0.936909914	0.936909914	0	0	0.9821512103	0	0	4.119534969
768	0.9279532433	0.9279532433	0	0	0.9813095331	0	0	4.119493008
769	0.9194000959	0.9194000959	0	0	0.9798356891	0	0	4.119454384
770	0.9098109007	0.9098109007	0	0	0.981554389	0	0	4.118802547
771	0.8960470557	0.8960470557	0	0	0.9811678529	0	0	4.118366241
772	0.8898385167	0.8898385167	0	0	0.9808937311	0	0	4.118175507
773	0.8916358948	0.8916358948	0	0	0.9810457826	0	0	4.118700504
774	0.9030616283	0.9030616283	0	0	0.9818318486	0	0	4.118989944
775	0.9205797911	0.9205797911	0	0	0.9833990932	0	0	4.119437218
776	0.9370061159	0.9370061159	0	0	0.9829679132	0	0	4.119423866
777	0.9178425074	0.9178425074	0	0	0.9813341498	0	0	4.119321346
778	0.9157914519	0.9157914519	0	0	0.9818528295	0	0	4.118229866
779	0.9121853113	0.9121853113	0	0	0.9819760323	0	0	4.118409157
780	0.8935982585	0.8935982585	0	0	0.9817217588	0	0	4.117784023
781	0.8827852607	0.8827852607	0	0	0.9810145497	0	0	4.118521214
782	0.8824986815	0.8824986815	0	0	0.981128037	0	0	4.118818283
783	0.8719867468	0.8719867468	0	0	0.9820970893	0	0	4.119569302
784	0.8907300234	0.8907300234	0	0	0.9822714925	0	0	4.119071484
785	0.8856788874	0.8856788874	0	0	0.9804695845	0	0	4.118925095
786	0.8631674647	0.8631674647	0	0	0.9808710814	0	0	4.118022919
787	0.8487442732	0.8487442732	0	0	0.9807131886	0	0	4.1185112
788	0.8378006816	0.8378006816	0	0	0.9798663855	0	0	4.117639065
789	0.823191762	0.823191762	0	0	0.9795097113	0	0	4.118458748
790	0.8137946129	0.8137946129	0	0	0.9798932076	0	0	4.1187644
791	0.8078804016	0.8078804016	0	0	0.9815562963	0	0	4.119496346
792	0.7981812358	0.7981812358	0	0	0.9809557796	0	0	4.119010925
793	0.7962405682	0.7962405682	0	0	0.9799593687	0	0	4.11851263
794	0.79804492	0.79804492	0	0	0.9812729955	0	0	4.11791563
795	0.7924715877	0.7924715877	0	0	0.9820748568	0	0	4.117945194
796	0.789159596	0.789159596	0	0	0.9803975224	0	0	4.117598534
797	0.8041375279	0.8041375279	0	0	0.9812802672	0	0	4.118634701
798	0.8019582629	0.8019582629	0	0	0.9803171754	0	0	4.118013859
799	0.806779325	0.806779325	0	0	0.9825280309	0	0	4.119063377
800	0.8103354573	0.8103354573	0	0	0.9822113514	0	0	4.118388653
801	0.8063999414	0.8063999414	0	0	0.9809090495	0	0	4.117969513
802	0.8044022918	0.8044022918	0	0	0.9828743935	0	0	4.1183424
803	0.776299417	0.776299417	0	0	0.9825417399	0	0	4.118056297
804	0.7484000921	0.7484000921	0	0	0.9815932512	0	0	4.117507458
805	0.7117881775	0.7117881775	0	0	0.9813021421	0	0	4.118412971
806	0.6934083104	0.6934083104	0	0	0.9808932543	0	0	4.118221283
807	0.6743496656	0.6743496656	0	0	0.9816324115	0	0	4.119382381
808	0.6812729836	0.6812729836	0	0	0.9808458686	0	0	4.11806345
809	0.6746198535	0.6746198535	0	0	0.9779488444	0	0	4.117468834
810	0.663492322	0.663492322	0	0	0.9795161486	0	0	4.11826992
811	0.6568459272	0.6568459272	0	0	0.9801043272	0	0	4.118118286
812	0.6494330764	0.6494330764	0	0	0.9789578319	0	0	4.117571354
813	0.6447507739	0.6447507739	0	0	0.9793485999	0	0	4.118618011
814	0.6338073015	0.6338073015	0	0	0.9794923663	0	0	4.118635654
815	0.628821373	0.628821373	0	0	0.9818723798	0	0	4.119505405
816	0.6216774583	0.6216774583	0	0	0.9806553721	0	0	4.118453026
817	0.6220567822	0.6220567822	0	0	0.9801194072	0	0	4.117762089
818	0.6166405678	0.6166405678	0	0	0.9811985493	0	0	4.118215084
819	0.6157355309	0.6157355309	0	0	0.9815519452	0	0	4.117920876
820	0.6167750359	0.6167750359	0	0	0.9789694548	0	0	4.117678165
821	0.6133627892	0.6133627892	0	0	0.978433311	0	0	4.118471146
822	0.6167818904	0.6167818904	0	0	0.9794691205	0	0	4.118628979
823	0.6182766557	0.6182766557	0	0	0.9803378582	0	0	4.11946106
824	0.6189324856	0.6189324856	0	0	0.9779968262	0	0	4.118888855
825	0.6167520881	0.6167520881	0	0	0.9784138799	0	0	4.118285179
826	0.6254734993	0.6254734993	0	0	0.9798773527	0	0	4.118681908
827	0.6004176736	0.6004176736	0	0	0.9811137915	0	0	4.117740631
828	0.5759192705	0.5759192705	0	0	0.9793182611	0	0	4.117824078
829	0.5822393298	0.5822393298	0	0	0.9799535871	0	0	4.118899345
830	0.5748791695	0.5748791695	0	0	0.980317533	0	0	4.118560314
831	0.566485405	0.566485405	0	0	0.9811757207	0	0	4.119580746
832	0.5784119964	0.5784119964	0	0	0.9808117747	0	0	4.118520737
833	0.5677160621	0.5677160621	0	0	0.9790072441	0	0	4.117728233
834	0.5512040257	0.5512040257	0	0	0.9805700183	0	0	4.118646622
835	0.5493405461	0.5493405461	0	0	0.9798787236	0	0	4.118480682
836	0.552557528	0.552557528	0	0	0.9794026613	0	0	4.117974281
837	0.5532571077	0.5532571077	0	0	0.9790987968	0	0	4.118772507
838	0.556414485	0.556414485	0	0	0.9789629579	0	0	4.119014263
839	0.5598330498	0.5598330498	0	0	0.9807220697	0	0	4.119570255
840	0.5643734932	0.5643734932	0	0	0.9790551066	0	0	4.119308949
841	0.5791304708	0.5791304708	0	0	0.9797837138	0	0	4.117962837
842	0.5979819298	0.5979819298	0	0	0.9800673723	0	0	4.118061543
843	0.6149541736	0.6149541736	0	0	0.9807214141	0	0	4.11775732
844	0.6370203495	0.6370203495	0	0	0.9799542427	0	0	4.117841721
845	0.6517842412	0.6517842412	0	0	0.9798777699	0	0	4.118796349
846	0.6662920713	0.6662920713	0	0	0.9811635613	0	0	4.118407249
847	0.6813730597	0.6813730597	0	0	0.9820782542	0	0	4.119122505
848	0.6908791661	0.6908791661	0	0	0.9807298779	0	0	4.118832588
849	0.6904538274	0.6904538274	0	0	0.9812606573	0	0	4.11763382
850	0.709273994	0.709273994	0	0	0.9818744659	0	0	4.118048668
851	0.7110473514	0.7110473514	0	0	0.9818895459	0	0	4.117780209
852	0.7182970643	0.7182970643	0	0	0.9810426831	0	0	4.118178368
853	0.7249423265	0.7249423265	0	0	0.9810629487	0	0	4.11930275
854	0.7407346964	0.7407346964	0	0	0.9816281199	0	0	4.118609428
855	0.7488824129	0.7488824129	0	0	0.9819389582	0	0	4.118906021
856	0.7589043975	0.7589043975	0	0	0.9810709953	0	0	4.117527962
857	0.7545485497	0.7545485497	0	0	0.9815766215	0	0	4.117537498
858	0.7361602783	0.7361602783	0	0	0.9815725684	0	0	4.118538857
859	0.7322838306	0.7322838306	0	0	0.9818825722	0	0	4.117915154
860	0.7305419445	0.7305419445	0	0	0.9806142449	0	0	4.118178368
861	0.7137745619	0.7137745619	0	0	0.9811262488	0	0	4.119146347
862	0.7103026509	0.7103026509	0	0	0.9804749489	0	0	4.118755817
863	0.7023382783	0.7023382783	0	0	0.9815219045	0	0	4.119411469
864	0.7109633684	0.7109633684	0	0	0.9810546041	0	0	4.118126392
865	0.7151848674	0.7151848674	0	0	0.9808580279	0	0	4.117730141
866	0.6984820962	0.6984820962	0	0	0.9809719324	0	0	4.11783886
867	0.6998594403	0.6998594403	0	0	0.9810471535	0	0	4.117695332
868	0.7140906453	0.7140906453	0	0	0.9809045196	0	0	4.118107319
869	0.72005409	0.72005409	0	0	0.9817456603	0	0	4.118387699
870	0.724408567	0.724408567	0	0	0.9824824333	0	0	4.118012428
871	0.7298762202	0.7298762202	0	0	0.9822939038	0	0	4.118355274
872	0.7363899946	0.7363899946	0	0	0.982370019	0	0	4.118165016
873	0.7329404354	0.7329404354	0	0	0.9818943739	0	0	4.117673874
874	0.7324021459	0.7324021459	0	0	0.98199898	0	0	4.117754459
875	0.7274544835	0.7274544835	0	0	0.9830448627	0	0	4.117918015
876	0.7573595643	0.7573595643	0	0	0.9820910692	0	0	4.118094921
877	0.7936881185	0.7936881185	0	0	0.9833029509	0	0	4.118468285
878	0.8075903058	0.8075903058	0	0	0.9829089642	0	0	4.118673801
879	0.7961905599	0.7961905599	0	0	0.9834356904	0	0	4.118386269
880	0.8152093291	0.8152093291	0	0	0.9830541015	0	0	4.118027687
881	0.8150131702	0.8150131702	0	0	0.9824079871	0	0	4.11822319
882	0.7830141783	0.7830141783	0	0	0.9820768237	0	0	4.118168831
883	0.7773170471	0.7773170471	0	0	0.9818016887	0	0	4.118395805
884	0.7666695118	0.7666695118	0	0	0.982537508	0	0	4.11845541
885	0.7559885383	0.7559885383	0	0	0.9822624922	0	0	4.118711948
886	0.7605065107	0.7605065107	0	0	0.9826774597	0	0	4.119182587
887	0.7497245073	0.7497245073	0	0	0.9825456738	0	0	4.118802547
888	0.7436299324	0.7436299324	0	0	0.9813840985	0	0	4.11824894
889	0.75459975	0.75459975	0	0	0.9815402031	0	0	4.11868
890	0.7442619205	0.7442619205	0	0	0.9807695746	0	0	4.117954254
891	0.7414034605	0.7414034605	0	0	0.9820520282	0	0	4.118045807
892	0.752078414	0.752078414	0	0	0.9816726446	0	0	4.117815495
893	0.7617000341	0.7617000341	0	0	0.9834288359	0	0	4.118094444
894	0.7674862146	0.7674862146	0	0	0.9836571217	0	0	4.118528843
895	0.7737341523	0.7737341523	0	0	0.9837532043	0	0	4.118368626
896	0.781893611	0.781893611	0	0	0.9835289717	0	0	4.118695736
897	0.7825816274	0.7825816274	0	0	0.9833737612	0	0	4.119229794
898	0.780313015	0.780313015	0	0	0.9829112291	0	0	4.118470669
899	0.7874441743	0.7874441743	0	0	0.9829140902	0	0	4.119223595
900	0.7995206118	0.7995206118	0	0	0.9833356738	0	0	4.118998051
901	0.8040892482	0.8040892482	0	0	0.9841833711	0	0	4.118932724
902	0.8270040154	0.8270040154	0	0	0.9840093255	0	0	4.119229794
903	0.8215152025	0.8215152025	0	0	0.9844046831	0	0	4.118882179
904	0.8491038084	0.8491038084	0	0	0.9843320251	0	0	4.118590355
905	0.8483031988	0.8483031988	0	0	0.9836357832	0	0	4.119211674
906	0.8103585839	0.8103585839	0	0	0.9830155969	0	0	4.118755341
907	0.812626183	0.812626183	0	0	0.9823993444	0	0	4.119540691
908	0.7995821834	0.7995821834	0	0	0.9834579229	0	0	4.119435787
909	0.7856427431	0.7856427431	0	0	0.9844833612	0	0	4.119607925
910	0.790625155	0.790625155	0	0	0.9844857454	0	0	4.119942665
911	0.7776896954	0.7776896954	0	0	0.9850079417	0	0	4.119500637
912	0.7589640021	0.7589640021	0	0	0.9834492803	0	0	4.119464874
913	0.7639921308	0.7639921308	0	0	0.983663559	0	0	4.119391441
914	0.7585636973	0.7585636973	0	0	0.983071804	0	0	4.118849754
915	0.7550079823	0.7550079823	0	0	0.9834598303	0	0	4.119576454
916	0.7715194225	0.7715194225	0	0	0.9829705358	0	0	4.11989069
917	0.7782481909	0.7782481909	0	0	0.9841311574	0	0	4.120206356
918	0.771525681	0.771525681	0	0	0.9848300219	0	0	4.119958401
919	0.7756531239	0.7756531239	0	0	0.9852981567	0	0	4.119142532
920	0.7780362368	0.7780362368	0	0	0.9840096831	0	0	4.119439125
921	0.7736849189	0.7736849189	0	0	0.9834765196	0	0	4.119931698
922	0.783364892	0.783364892	0	0	0.9826479554	0	0	4.11950922
923	0.8002848625	0.8002848625	0	0	0.9842886925	0	0	4.119865417
924	0.8221604228	0.8221604228	0	0	0.9847845435	0	0	4.120851994
925	0.8436174989	0.8436174989	0	0	0.9850494862	0	0	4.120694637
926	0.8710341454	0.8710341454	0	0	0.9855685234	0	0	4.120638847
927	0.8796483278	0.8796483278	0	0	0.9854884148	0	0	4.119580746
928	0.8978598714	0.8978598714	0	0	0.9853735566	0	0	4.119414806
929	0.8701565862	0.8701565862	0	0	0.9837318659	0	0	4.119452477
930	0.8440277576	0.8440277576	0	0	0.9831844568	0	0	4.119267941
931	0.8334710002	0.8334710002	0	0	0.9844599366	0	0	4.119940758
932	0.8308003545	0.8308003545	0	0	0.984343648	0	0	4.122323513
933	0.8137009144	0.8137009144	0	0	0.9851562977	0	0	4.121416092
934	0.8123577833	0.8123577833	0	0	0.9856433868	0	0	4.12088728
935	0.8006401062	0.8006401062	0	0	0.9854835272	0	0	4.120019436
936	0.7720059156	0.7720059156	0	0	0.9835177064	0	0	4.120007038
937	0.7577088475	0.7577088475	0	0	0.9828070402	0	0	4.120566368
938	0.7548979521	0.7548979521	0	0	0.9824015498	0	0	4.12261343
939	0.7446774244	0.7446774244	0	0	0.9836267829	0	0	4.123528481
940	0.7601292729	0.7601292729	0	0	0.9834254384	0	0	4.124249458
941	0.7675704956	0.7675704956	0	0	0.9849603772	0	0	4.123691082
942	0.7571114898	0.7571114898	0	0	0.985498786	0	0	4.122012615
943	0.7483184934	0.7483184934	0	0	0.985896349	0	0	4.120357513
944	0.7638542652	0.7638542652	0	0	0.9852357507	0	0	4.121076107
945	0.7346761823	0.7346761823	0	0	0.9846371412	0	0	4.120600224
946	0.7486424446	0.7486424446	0	0	0.9841322303	0	0	4.12045908
947	0.768447876	0.768447876	0	0	0.9848076105	0	0	4.120890141
948	0.7747748494	0.7747748494	0	0	0.9849524498	0	0	4.122908115
949	0.7829802632	0.7829802632	0	0	0.9860118032	0	0	4.122656822
950	0.7904954553	0.7904954553	0	0	0.986410141	0	0	4.120863914
951	0.8005033135	0.8005033135	0	0	0.9857056737	0	0	4.119959354
952	0.8136498332	0.8136498332	0	0	0.9853547215	0	0	4.120249271
953	0.8007369041	0.8007369041	0	0	0.9845173955	0	0	4.120265007
954	0.7830585241	0.7830585241	0	0	0.9844346642	0	0	4.121572495
955	0.7832238078	0.7832238078	0	0	0.9848994017	0	0	4.121412754
956	0.7808716893	0.7808716893	0	0	0.9844053388	0	0	4.123925209
957	0.765206635	0.765206635	0	0	0.9856621027	0	0	4.123531818
958	0.766215384	0.766215384	0	0	0.9862157106	0	0	4.122477531
959	0.7596735358	0.7596735358	0	0	0.9863241911	0	0	4.121670246
960	0.7627465129	0.7627465129	0	0	0.9843384624	0	0	4.123146057
961	0.7585964203	0.7585964203	0	0	0.9838359356	0	0	4.122006893
962	0.7770503163	0.7770503163	0	0	0.9844790697	0	0	4.121546745
963	0.7737944722	0.7737944722	0	0	0.984480083	0	0	4.123678207
964	0.7931588292	0.7931588292	0	0	0.9846144319	0	0	4.124344826
965	0.794867754	0.794867754	0	0	0.984911263	0	0	4.124228477
966	0.7812536359	0.7812536359	0	0	0.9860607982	0	0	4.124224186
967	0.7693032026	0.7693032026	0	0	0.9862846136	0	0	4.120320797
968	0.8040724397	0.8040724397	0	0	0.9849144816	0	0	4.120381832
969	0.7775369287	0.7775369287	0	0	0.9855899811	0	0	4.120220661
970	0.7774439454	0.7774439454	0	0	0.9850129485	0	0	4.12025547
971	0.7746238708	0.7746238708	0	0	0.9863194227	0	0	4.12127018
972	0.761862576	0.761862576	0	0	0.9852603674	0	0	4.122150898
973	0.7253852487	0.7253852487	0	0	0.9856967926	0	0	4.121752262
974	0.7277474403	0.7277474403	0	0	0.9856584668	0	0	4.121171474
975	0.7302689552	0.7302689552	0	0	0.9865968823	0	0	4.120330334
976	0.7356597185	0.7356597185	0	0	0.9853604436	0	0	4.120933056
977	0.7399591804	0.7399591804	0	0	0.9850323796	0	0	4.120185852
978	0.7254870534	0.7254870534	0	0	0.9844726324	0	0	4.120400429
979	0.7186440229	0.7186440229	0	0	0.9846725464	0	0	4.121563435
980	0.718138814	0.718138814	0	0	0.9841677547	0	0	4.124123573
981	0.7045633793	0.7045633793	0	0	0.9849971533	0	0	4.122137547
982	0.704112649	0.704112649	0	0	0.9857928157	0	0	4.122019768
983	0.7030795217	0.7030795217	0	0	0.9858235121	0	0	4.121268272
984	0.698826015	0.698826015	0	0	0.9847338796	0	0	4.122217655
985	0.6849408746	0.6849408746	0	0	0.9851250648	0	0	4.120605946
986	0.701880157	0.701880157	0	0	0.9851815104	0	0	4.120186806
987	0.7092459202	0.7092459202	0	0	0.9855998755	0	0	4.12059021
988	0.7179015279	0.7179015279	0	0	0.9853067994	0	0	4.123578548
989	0.7104119062	0.7104119062	0	0	0.9854528308	0	0	4.1216259
990	0.706810832	0.706810832	0	0	0.9866171479	0	0	4.120781422
991	0.7175955772	0.7175955772	0	0	0.986048758	0	0	4.120220661
992	0.7679291964	0.7679291964	0	0	0.9847819209	0	0	4.120141029
993	0.7110393643	0.7110393643	0	0	0.9854052663	0	0	4.120109081
994	0.7285109162	0.7285109162	0	0	0.984575808	0	0	4.11978054
995	0.7626599669	0.7626599669	0	0	0.9855455756	0	0	4.11904335
996	0.810002625	0.810002625	0	0	0.9856523871	0	0	4.120057106
997	0.8301537633	0.8301537633	0	0	0.9858147502	0	0	4.120127201
998	0.8463106751	0.8463106751	0	0	0.9854286909	0	0	4.119861603
999	0.8693383336	0.8693383336	0	0	0.9856463075	0	0	4.120155334
1000	0.8930792212	0.8930792212	0	0	0.9852851629	0	0	4.120410919
1001	0.908343792	0.908343792	0	0	0.9844591022	0	0	4.119669437
1002	0.8812235594	0.8812235594	0	0	0.984143734	0	0	4.119844913
1003	0.8700554967	0.8700554967	0	0	0.9840983152	0	0	4.119430542
1004	0.8706916571	0.8706916571	0	0	0.9845762849	0	0	4.119831562
1005	0.8663805127	0.8663805127	0	0	0.9841504097	0	0	4.119637489
1006	0.8625415564	0.8625415564	0	0	0.9845097661	0	0	4.119758606
1007	0.8594239354	0.8594239354	0	0	0.9854264259	0	0	4.119948387
1008	0.8556038141	0.8556038141	0	0	0.9845404029	0	0	4.120851517
1009	0.8703373671	0.8703373671	0	0	0.9838978052	0	0	4.119647503
1010	0.8884240985	0.8884240985	0	0	0.9842005968	0	0	4.119699955
1011	0.9002375007	0.9002375007	0	0	0.9847176671	0	0	4.118560791
1012	0.9075626135	0.9075626135	0	0	0.9844354987	0	0	4.119503498
1013	0.9164164662	0.9164164662	0	0	0.9851740003	0	0	4.119808197
1014	0.9102349281	0.9102349281	0	0	0.9852433801	0	0	4.119727612
1015	0.9363980293	0.9363980293	0	0	0.9866588116	0	0	4.119596004
1016	0.9882205725	0.9882205725	0	0	0.9850000739	0	0	4.119840145
1017	0.9576433897	0.9576433897	0	0	0.9846699834	0	0	4.119730473
1018	0.9565749168	0.9565749168	0	0	0.9842869639	0	0	4.119733334
1019	0.9477166533	0.9477166533	0	0	0.9838544726	0	0	4.118609428
1020	0.9710422754	0.9710422754	0	0	0.9845402837	0	0	4.119202137
1021	0.9523128271	0.9523128271	0	0	0.9844330549	0	0	4.11991024
1022	0.9811352491	0.9811352491	0	0	0.9843507409	0	0	4.120110035
1023	1.005444884	1.005444884	0	0	0.9854789972	0	0	4.120702267
1024	1.026751399	1.026751399	0	0	0.9855369329	0	0	4.121572971
1025	1.026881099	1.026881099	0	0	0.9842782021	0	0	4.11967802
1026	1.004913568	1.004913568	0	0	0.9841549397	0	0	4.119900703
1027	0.9889651537	0.9889651537	0	0	0.9830985069	0	0	4.118670464
1028	0.9830657244	0.9830657244	0	0	0.9837445021	0	0	4.119273186
1029	0.9693033099	0.9693033099	0	0	0.9826819897	0	0	4.11950016
1030	0.9665070772	0.9665070772	0	0	0.983260572	0	0	4.119593143
1031	0.9641067982	0.9641067982	0	0	0.9839769006	0	0	4.119706631
1032	0.9558589458	0.9558589458	0	0	0.9832735658	0	0	4.11974144
1033	0.9577883482	0.9577883482	0	0	0.9830744863	0	0	4.119535923
1034	0.9650444984	0.9650444984	0	0	0.9834868312	0	0	4.119632721
1035	0.966878593	0.966878593	0	0	0.9835604429	0	0	4.118264675
1036	0.9844180346	0.9844180346	0	0	0.9838200808	0	0	4.118806362
1037	0.9644594789	0.9644594789	0	0	0.9832872748	0	0	4.119277954
1038	0.9737408757	0.9737408757	0	0	0.9832379222	0	0	4.119509697
1039	0.9946100116	0.9946100116	0	0	0.9855937958	0	0	4.119752884
1040	1.016610622	1.016610622	0	0	0.9841967821	0	0	4.119586945
1041	0.9780573249	0.9780573249	0	0	0.9833594561	0	0	4.119589329
1042	0.9776538014	0.9776538014	0	0	0.9827774763	0	0	4.119539738
1043	0.9727841616	0.9727841616	0	0	0.982863009	0	0	4.118497849
1044	0.9955250025	0.9955250025	0	0	0.9833799005	0	0	4.118798733
1045	1.03273344	1.03273344	0	0	0.9830209017	0	0	4.119487762
1046	1.061937094	1.061937094	0	0	0.982904911	0	0	4.119567394
1047	1.090141535	1.090141535	0	0	0.9846482277	0	0	4.119686127
1048	1.113397002	1.113397002	0	0	0.984497726	0	0	4.119613647
1049	1.121629238	1.121629238	0	0	0.983871758	0	0	4.119519234
1050	1.079212904	1.079212904	0	0	0.9830262065	0	0	4.119606495
1051	1.061005235	1.061005235	0	0	0.9826105833	0	0	4.118615627
1052	1.047169805	1.047169805	0	0	0.9823392034	0	0	4.119056225
1053	1.033987522	1.033987522	0	0	0.9823566675	0	0	4.119380474
1054	1.023569465	1.023569465	0	0	0.9824846983	0	0	4.119503975
1055	1.015722036	1.015722036	0	0	0.9835178852	0	0	4.119586468
1056	1.012118936	1.012118936	0	0	0.9833086133	0	0	4.11953783
1057	1.059469938	1.059469938	0	0	0.9825735688	0	0	4.119514465
1058	1.08274281	1.08274281	0	0	0.982992053	0	0	4.119437218
1059	1.099676013	1.099676013	0	0	0.983384192	0	0	4.119173527
1060	1.106657624	1.106657624	0	0	0.9839100838	0	0	4.118896008
1061	1.152500749	1.152500749	0	0	0.9828933477	0	0	4.119255543
1062	1.191842675	1.191842675	0	0	0.9844853282	0	0	4.119559288
1063	1.223178625	1.223178625	0	0	0.983964026	0	0	4.11948967
1064	1.256033182	1.256033182	0	0	0.983805716	0	0	4.119565964
1065	1.264170647	1.264170647	0	0	0.9828622937	0	0	4.119586945
1066	1.2787534	1.2787534	0	0	0.9842293262	0	0	4.119633198
1067	1.30684793	1.30684793	0	0	0.9837386608	0	0	4.11952734
1068	1.348134398	1.348134398	0	0	0.9841991663	0	0	4.119318962
1069	1.377081513	1.377081513	0	0	0.9844282269	0	0	4.119609833
1070	1.403879404	1.403879404	0	0	0.9847432375	0	0	4.119664192
1071	1.429592133	1.429592133	0	0	0.9846246839	0	0	4.11973238
1072	1.451815844	1.451815844	0	0	0.9849191308	0	0	4.119759083
1073	1.460932374	1.460932374	0	0	0.9840090871	0	0	4.119602203
1074	1.413018227	1.413018227	0	0	0.9842886329	0	0	4.119832039
1075	1.39878583	1.39878583	0	0	0.9835397005	0	0	4.119364262
1076	1.383069158	1.383069158	0	0	0.9842150807	0	0	4.119057655
1077	1.372303367	1.372303367	0	0	0.9842924476	0	0	4.119710922
1078	1.346742511	1.346742511	0	0	0.9846132398	0	0	4.119777203
1079	1.334969521	1.334969521	0	0	0.9843518138	0	0	4.119860172
1080	1.321480274	1.321480274	0	0	0.9837170839	0	0	4.119650364
1081	1.331371546	1.331371546	0	0	0.9824431539	0	0	4.119625092
1082	1.36095953	1.36095953	0	0	0.9833135009	0	0	4.119777679
1083	1.3439008	1.3439008	0	0	0.9839135408	0	0	4.119552612
1084	1.363243699	1.363243699	0	0	0.983835876	0	0	4.119295597
1085	1.392373681	1.392373681	0	0	0.9843094945	0	0	4.119683266
1086	1.398259163	1.398259163	0	0	0.984583199	0	0	4.119654655
1087	1.417322397	1.417322397	0	0	0.9851686358	0	0	4.119745255
1088	1.43613112	1.43613112	0	0	0.9849350452	0	0	4.119696617
1089	1.439683437	1.439683437	0	0	0.9839271307	0	0	4.119646549
1090	1.438848734	1.438848734	0	0	0.983656764	0	0	4.119559288
1091	1.420568585	1.420568585	0	0	0.983861804	0	0	4.119491577
1092	1.405714869	1.405714869	0	0	0.9837520123	0	0	4.119457245
1093	1.412947178	1.412947178	0	0	0.9837611914	0	0	4.11965847
1094	1.41984427	1.41984427	0	0	0.9839555621	0	0	4.119699001
1095	1.400446892	1.400446892	0	0	0.9835907817	0	0	4.119922161
1096	1.412171721	1.412171721	0	0	0.9844092131	0	0	4.119742393
1097	1.406588554	1.406588554	0	0	0.9823649526	0	0	4.119544506
1098	1.394192815	1.394192815	0	0	0.9841915369	0	0	4.119564056
1099	1.378847957	1.378847957	0	0	0.9839718342	0	0	4.119511127
1100	1.3676579	1.3676579	0	0	0.9836713076	0	0	4.119433403
1101	1.338834882	1.338834882	0	0	0.9830725789	0	0	4.119559765
1102	1.30012989	1.30012989	0	0	0.9834635854	0	0	4.119557858
1103	1.287932754	1.287932754	0	0	0.9839862585	0	0	4.11975193
1104	1.269244552	1.269244552	0	0	0.9837486744	0	0	4.119614601
1105	1.273207664	1.273207664	0	0	0.981988728	0	0	4.119589806
1106	1.257937431	1.257937431	0	0	0.9829772115	0	0	4.119547844
1107	1.240666747	1.240666747	0	0	0.9833651781	0	0	4.119564533
1108	1.252508521	1.252508521	0	0	0.9833114147	0	0	4.119408607
1109	1.258117914	1.258117914	0	0	0.9835909009	0	0	4.119545937
1110	1.270352244	1.270352244	0	0	0.9843230247	0	0	4.119654179
1111	1.290305734	1.290305734	0	0	0.9852839112	0	0	4.119677067
1112	1.284739494	1.284739494	0	0	0.9838879108	0	0	4.119655132
1113	1.288933873	1.288933873	0	0	0.9835097194	0	0	4.119665623
1114	1.274636388	1.274636388	0	0	0.9843450189	0	0	4.119566441
1115	1.262381196	1.262381196	0	0	0.9848109484	0	0	4.119501591
1116	1.234261513	1.234261513	0	0	0.9846217036	0	0	4.11940527
1117	1.233521461	1.233521461	0	0	0.9844743609	0	0	4.119641781
1118	1.204014182	1.204014182	0	0	0.9850746989	0	0	4.119636536
1119	1.185765386	1.185765386	0	0	0.9852643013	0	0	4.119944096
1120	1.195455074	1.195455074	0	0	0.9854527712	0	0	4.119687557
1121	1.198669672	1.198669672	0	0	0.9832947254	0	0	4.119576454
1122	1.178719282	1.178719282	0	0	0.9839699268	0	0	4.119545937
1123	1.17172277	1.17172277	0	0	0.9833504558	0	0	4.11951828
1124	1.151155233	1.151155233	0	0	0.9838750958	0	0	4.119479656
1125	1.129801035	1.129801035	0	0	0.9834836125	0	0	4.119570255
1126	1.111906171	1.111906171	0	0	0.9839968681	0	0	4.119662285
1127	1.10564363	1.10564363	0	0	0.9851278663	0	0	4.119741917
1128	1.099317431	1.099317431	0	0	0.9839112163	0	0	4.119763374
1129	1.10377562	1.10377562	0	0	0.9824995399	0	0	4.11952734
1130	1.114107609	1.114107609	0	0	0.9833639264	0	0	4.119200706
1131	1.120691776	1.120691776	0	0	0.983735323	0	0	4.119498253
1132	1.136342883	1.136342883	0	0	0.9835721254	0	0	4.119482994
1133	1.147227168	1.147227168	0	0	0.9837946296	0	0	4.119551182
1134	1.167402864	1.167402864	0	0	0.9850668311	0	0	4.119567871
1135	1.191424489	1.191424489	0	0	0.9864422679	0	0	4.119689941
1136	1.210756183	1.210756183	0	0	0.9852795601	0	0	4.119464874
1137	1.214789391	1.214789391	0	0	0.9842671156	0	0	4.119376183
1138	1.217401624	1.217401624	0	0	0.9834391475	0	0	4.11944294
1139	1.216565251	1.216565251	0	0	0.9835174084	0	0	4.11946106
1140	1.204618216	1.204618216	0	0	0.9840627313	0	0	4.11950779
1141	1.177333593	1.177333593	0	0	0.983477354	0	0	4.119559288
1142	1.156095386	1.156095386	0	0	0.9841023684	0	0	4.119654179
1143	1.14619422	1.14619422	0	0	0.9841858149	0	0	4.119758606
1144	1.154197931	1.154197931	0	0	0.9850968719	0	0	4.119495392
1145	1.152687669	1.152687669	0	0	0.9835703969	0	0	4.118930817
1146	1.14331162	1.14331162	0	0	0.9833521247	0	0	4.11938715
1147	1.152874231	1.152874231	0	0	0.9837961793	0	0	4.11950779
1148	1.134412527	1.134412527	0	0	0.9834585786	0	0	4.119506359
1149	1.108900547	1.108900547	0	0	0.9836288691	0	0	4.119475365
1150	1.070145726	1.070145726	0	0	0.9840983152	0	0	4.119544983
1151	1.049093008	1.049093008	0	0	0.9849470854	0	0	4.119635582
1152	1.030511975	1.030511975	0	0	0.9835165143	0	0	4.119565487
1153	1.007488847	1.007488847	0	0	0.9804555774	0	0	4.119485378
1154	0.9939063191	0.9939063191	0	0	0.9819181561	0	0	4.11912775
1155	0.9651914239	0.9651914239	0	0	0.9831027985	0	0	4.118906498
1156	0.965929687	0.965929687	0	0	0.9830390215	0	0	4.119449615
1157	0.9584510326	0.9584510326	0	0	0.9823481441	0	0	4.119452477
1158	0.957359314	0.957359314	0	0	0.9824382067	0	0	4.119554996
1159	0.9519031048	0.9519031048	0	0	0.9842534065	0	0	4.119624615
1160	0.9475952983	0.9475952983	0	0	0.9831953645	0	0	4.119539261
1161	0.9300658107	0.9300658107	0	0	0.9825732708	0	0	4.118993282
1162	0.9204249382	0.9204249382	0	0	0.9830795527	0	0	4.119019985
1163	0.9064107537	0.9064107537	0	0	0.9824837446	0	0	4.119413853
1164	0.8950692415	0.8950692415	0	0	0.9821585417	0	0	4.119439602
1165	0.8707931042	0.8707931042	0	0	0.9823667407	0	0	4.11939764
1166	0.8681224585	0.8681224585	0	0	0.9823037386	0	0	4.119526386
1167	0.8518896699	0.8518896699	0	0	0.983705163	0	0	4.119620323
1168	0.8635987639	0.8635987639	0	0	0.9832149744	0	0	4.119599342
1169	0.8636950254	0.8636950254	0	0	0.98190099	0	0	4.119294167
1170	0.853125453	0.853125453	0	0	0.9819781184	0	0	4.118907928
1171	0.8530398607	0.8530398607	0	0	0.9811697602	0	0	4.119477272
1172	0.8507176638	0.8507176638	0	0	0.981071353	0	0	4.119493961
1173	0.8304305077	0.8304305077	0	0	0.9808041453	0	0	4.119441509
1174	0.8156069517	0.8156069517	0	0	0.9812864661	0	0	4.119515419
1175	0.8060591817	0.8060591817	0	0	0.9833240509	0	0	4.119569302
1176	0.8075534105	0.8075534105	0	0	0.9823185205	0	0	4.119543552
1177	0.78494519	0.78494519	0	0	0.9813839197	0	0	4.119071007
1178	0.7671949267	0.7671949267	0	0	0.9820002317	0	0	4.118896008
1179	0.7581067085	0.7581067085	0	0	0.9822972417	0	0	4.119342327
1180	0.7652135491	0.7652135491	0	0	0.9824896455	0	0	4.119467735
1181	0.7721295357	0.7721295357	0	0	0.9824743867	0	0	4.119450092
1182	0.7607622147	0.7607622147	0	0	0.9822659492	0	0	4.119486809
1183	0.7691904902	0.7691904902	0	0	0.9845215678	0	0	4.119542599
1184	0.7611292005	0.7611292005	0	0	0.983330965	0	0	4.119584084
1185	0.7563098073	0.7563098073	0	0	0.9830861092	0	0	4.119562149
1186	0.7541051507	0.7541051507	0	0	0.982254684	0	0	4.119133949
1187	0.7424505353	0.7424505353	0	0	0.9818661213	0	0	4.119437218
1188	0.7320321202	0.7320321202	0	0	0.982268393	0	0	4.119509697
1189	0.7173723578	0.7173723578	0	0	0.9820019603	0	0	4.119446278
1190	0.7179490924	0.7179490924	0	0	0.9829349518	0	0	4.119535923
1191	0.7262943983	0.7262943983	0	0	0.9835439324	0	0	4.1196208
1192	0.7368584871	0.7368584871	0	0	0.9842506647	0	0	4.119548321
1193	0.7401589751	0.7401589751	0	0	0.9830490947	0	0	4.119080544
1194	0.7218775749	0.7218775749	0	0	0.9825536609	0	0	4.119215965
1195	0.7204654217	0.7204654217	0	0	0.9819371104	0	0	4.11951828
1196	0.7150812149	0.7150812149	0	0	0.9815191627	0	0	4.119505882
1197	0.70443964	0.70443964	0	0	0.9808859825	0	0	4.119464874
1198	0.6936225891	0.6936225891	0	0	0.981241107	0	0	4.119556427
1199	0.677118361	0.677118361	0	0	0.9827584624	0	0	4.119637966
1200	0.6655036211	0.6655036211	0	0	0.9829480052	0	0	4.119655609
1201	0.673537612	0.673537612	0	0	0.9822897315	0	0	4.119252205
1202	0.658924818	0.658924818	0	0	0.9826705456	0	0	4.119002342
1203	0.6612650752	0.6612650752	0	0	0.9831473827	0	0	4.119318008
1204	0.6628341675	0.6628341675	0	0	0.9827955961	0	0	4.119528294
1205	0.6787116528	0.6787116528	0	0	0.9821297526	0	0	4.119466782
1206	0.6898105145	0.6898105145	0	0	0.9824099541	0	0	4.11950016
1207	0.7095907927	0.7095907927	0	0	0.9846926928	0	0	4.119623661
1208	0.7247319221	0.7247319221	0	0	0.9839459658	0	0	4.11958456
1209	0.7247545123	0.7247545123	0	0	0.9833509326	0	0	4.119355202
1210	0.7473264337	0.7473264337	0	0	0.9822642207	0	0	4.119420052
1211	0.780033648	0.780033648	0	0	0.9831337929	0	0	4.119562626
1212	0.8178570867	0.8178570867	0	0	0.983673811	0	0	4.119567394
1213	0.8699183464	0.8699183464	0	0	0.9831159711	0	0	4.119560719
1214	0.915915966	0.915915966	0	0	0.9836416841	0	0	4.119627953
1215	0.9486356378	0.9486356378	0	0	0.9839785695	0	0	4.11978817
1216	0.9793149233	0.9793149233	0	0	0.9845799208	0	0	4.119649887
1217	0.9779583812	0.9779583812	0	0	0.9841960669	0	0	4.119513988
1218	0.9477511644	0.9477511644	0	0	0.9831747413	0	0	4.119262695
1219	0.9458670616	0.9458670616	0	0	0.9831496477	0	0	4.119697094
1220	0.9334474206	0.9334474206	0	0	0.9836200476	0	0	4.119616985
1221	0.9204469323	0.9204469323	0	0	0.9826807976	0	0	4.119610786
1222	0.9172016382	0.9172016382	0	0	0.9834573865	0	0	4.119660378
1223	0.9065338969	0.9065338969	0	0	0.9845459461	0	0	4.119738579
1224	0.8932406306	0.8932406306	0	0	0.9841988087	0	0	4.119808197
1225	0.8872553706	0.8872553706	0	0	0.9836266041	0	0	4.119618893
1226	0.8831794262	0.8831794262	0	0	0.9825912714	0	0	4.119684696
1227	0.8820010424	0.8820010424	0	0	0.9835287929	0	0	4.119612217
1228	0.8894723058	0.8894723058	0	0	0.9836243391	0	0	4.119713306
1229	0.892095685	0.892095685	0	0	0.9831912518	0	0	4.119636059
1230	0.8970320821	0.8970320821	0	0	0.9840536714	0	0	4.119668007
1231	0.899128139	0.899128139	0	0	0.9854394794	0	0	4.119815826
1232	0.8978627324	0.8978627324	0	0	0.9849170446	0	0	4.119882107
1233	0.8970276117	0.8970276117	0	0	0.9840859771	0	0	4.119909763
1234	0.9078512788	0.9078512788	0	0	0.9839914441	0	0	4.119800568
1235	0.932528913	0.932528913	0	0	0.9843446016	0	0	4.119909286
1236	0.9852269292	0.9852269292	0	0	0.9847593904	0	0	4.120250225
1237	1.028820634	1.028820634	0	0	0.9843890071	0	0	4.120371342
1238	1.069262981	1.069262981	0	0	0.985334754	0	0	4.120584011
1239	1.102574944	1.102574944	0	0	0.9857467413	0	0	4.120428562
1240	1.124461174	1.124461174	0	0	0.9857085347	0	0	4.12085104
1241	1.127388239	1.127388239	0	0	0.9856137037	0	0	4.120788097
1242	1.099829674	1.099829674	0	0	0.9847599864	0	0	4.121524811
1243	1.096371174	1.096371174	0	0	0.9846628308	0	0	4.120671272
1244	1.084780455	1.084780455	0	0	0.984600544	0	0	4.121474743
1245	1.083083749	1.083083749	0	0	0.9833483696	0	0	4.123246193
1246	1.073313713	1.073313713	0	0	0.9841467738	0	0	4.122778893
1247	1.070680857	1.070680857	0	0	0.9846685529	0	0	4.122106075
1248	1.053916574	1.053916574	0	0	0.9843465686	0	0	4.121323109
1249	1.053982377	1.053982377	0	0	0.9838073254	0	0	4.121183395
1250	1.066285491	1.066285491	0	0	0.9830578566	0	0	4.12360096
1251	1.05997622	1.05997622	0	0	0.9838777184	0	0	4.121616364
1252	1.084759235	1.084759235	0	0	0.9840726256	0	0	4.122720718
1253	1.107211113	1.107211113	0	0	0.9840272069	0	0	4.121794224
1254	1.117955565	1.117955565	0	0	0.9849066734	0	0	4.12089777
1255	1.156084895	1.156084895	0	0	0.9856196046	0	0	4.121942997
1256	1.171222091	1.171222091	0	0	0.9859521985	0	0	4.121677399
1257	1.161069036	1.161069036	0	0	0.9850470424	0	0	4.122844219
1258	1.172485948	1.172485948	0	0	0.9842912555	0	0	4.122492313
1259	1.192302942	1.192302942	0	0	0.9849969745	0	0	4.123192787
1260	1.253163218	1.253163218	0	0	0.985042274	0	0	4.124372482
1261	1.288075089	1.288075089	0	0	0.9851782918	0	0	4.12441349
1262	1.311783552	1.311783552	0	0	0.9857259393	0	0	4.124408722
1263	1.32235539	1.32235539	0	0	0.9863789678	0	0	4.124381065
1264	1.340349913	1.340349913	0	0	0.9865745306	0	0	4.124391079
1265	1.340047598	1.340047598	0	0	0.9861729741	0	0	4.124394894
1266	1.319688678	1.319688678	0	0	0.9852834344	0	0	4.124401569
1267	1.315440893	1.315440893	0	0	0.9849459529	0	0	4.124386311
1268	1.310734391	1.310734391	0	0	0.9849907756	0	0	4.124417305
1269	1.304092288	1.304092288	0	0	0.9841446877	0	0	4.124432087
1270	1.296018004	1.296018004	0	0	0.9848410487	0	0	4.124425888
1271	1.289292336	1.289292336	0	0	0.9856992364	0	0	4.124409199
1272	1.274366856	1.274366856	0	0	0.9853848219	0	0	4.124414921
1273	1.280673385	1.280673385	0	0	0.9848325849	0	0	4.124409676
1274	1.290650845	1.290650845	0	0	0.9841170311	0	0	4.124417305
1275	1.288401127	1.288401127	0	0	0.9843301177	0	0	4.124420166
1276	1.322735906	1.322735906	0	0	0.9843401313	0	0	4.124422073
1277	1.362357855	1.362357855	0	0	0.9839881063	0	0	4.124425888
1278	1.39184773	1.39184773	0	0	0.9847401381	0	0	4.124411106
1279	1.435522318	1.435522318	0	0	0.9854079485	0	0	4.124353409
1280	1.475829482	1.475829482	0	0	0.985663116	0	0	4.124392509
1281	1.435773373	1.435773373	0	0	0.984639287	0	0	4.124354362
1282	1.447138786	1.447138786	0	0	0.9841577411	0	0	4.124413013
1283	1.461948633	1.461948633	0	0	0.9845754504	0	0	4.124416828
1284	1.51651895	1.51651895	0	0	0.9845597148	0	0	4.124418736
1285	1.554513097	1.554513097	0	0	0.984282434	0	0	4.124427795
1286	1.602583051	1.602583051	0	0	0.9849722981	0	0	4.124427795
1287	1.635449767	1.635449767	0	0	0.9857521057	0	0	4.124415874
1288	1.653965354	1.653965354	0	0	0.9857264757	0	0	4.124422073
1289	1.655214906	1.655214906	0	0	0.9857732058	0	0	4.124408722
1290	1.633826137	1.633826137	0	0	0.9847393036	0	0	4.124417782
1291	1.6197263	1.6197263	0	0	0.9844506383	0	0	4.124419212
1292	1.618021607	1.618021607	0	0	0.9844732881	0	0	4.124417305
1293	1.601948023	1.601948023	0	0	0.9842944145	0	0	4.124428272
1294	1.586286426	1.586286426	0	0	0.9848986268	0	0	4.124426842
1295	1.584883928	1.584883928	0	0	0.9856421351	0	0	4.124416351
1296	1.586131454	1.586131454	0	0	0.985601902	0	0	4.124411106
1297	1.545275688	1.545275688	0	0	0.9838786125	0	0	4.124417782
1298	1.542859077	1.542859077	0	0	0.9830970764	0	0	4.12442255
1299	1.504076481	1.504076481	0	0	0.983727932	0	0	4.124424458
1300	1.530212164	1.530212164	0	0	0.9845913649	0	0	4.12442255
1301	1.549894452	1.549894452	0	0	0.9838145971	0	0	4.124430656
1302	1.527225256	1.527225256	0	0	0.9845612645	0	0	4.124421597
1303	1.52237916	1.52237916	0	0	0.9856932759	0	0	4.12441349
1304	1.566903234	1.566903234	0	0	0.9856593013	0	0	4.124410152
1305	1.498427272	1.498427272	0	0	0.9861954451	0	0	4.124354362
1306	1.468240142	1.468240142	0	0	0.9849599004	0	0	4.124402046
1307	1.461949468	1.461949468	0	0	0.9853135347	0	0	4.123841286
1308	1.475639582	1.475639582	0	0	0.9852955341	0	0	4.124378204
1309	1.465875626	1.465875626	0	0	0.985065341	0	0	4.124409676
1310	1.48273766	1.48273766	0	0	0.9857484102	0	0	4.124399662
1311	1.481544256	1.481544256	0	0	0.9857975841	0	0	4.124400616
1312	1.496133208	1.496133208	0	0	0.9866986275	0	0	4.124392033
1313	1.465108275	1.465108275	0	0	0.985927403	0	0	4.123966217
1314	1.452864766	1.452864766	0	0	0.9856713414	0	0	4.124382019
1315	1.447945118	1.447945118	0	0	0.9852253199	0	0	4.123580456
1316	1.427699327	1.427699327	0	0	0.985131681	0	0	4.124151707
1317	1.413947463	1.413947463	0	0	0.9844100475	0	0	4.124198914
1318	1.409548163	1.409548163	0	0	0.9842547178	0	0	4.123943329
1319	1.419981599	1.419981599	0	0	0.9848304987	0	0	4.124391556
1320	1.408549547	1.408549547	0	0	0.9843188524	0	0	4.124411583
1321	1.395561814	1.395561814	0	0	0.9835053682	0	0	4.12439537
1322	1.386834502	1.386834502	0	0	0.9832168818	0	0	4.124413967
1323	1.356898904	1.356898904	0	0	0.9838910699	0	0	4.124384403
1324	1.370433569	1.370433569	0	0	0.9842614532	0	0	4.124415874
1325	1.405140758	1.405140758	0	0	0.9845731854	0	0	4.124411583
1326	1.426777124	1.426777124	0	0	0.9849466681	0	0	4.124015331
1327	1.497745752	1.497745752	0	0	0.9855237007	0	0	4.124406815
1328	1.514849544	1.514849544	0	0	0.9858635664	0	0	4.124392509
1329	1.496878862	1.496878862	0	0	0.9850682616	0	0	4.124367714
1330	1.354081869	1.354081869	0	0	0.9846829176	0	0	4.121078491
1331	1.359520197	1.359520197	0	0	0.9847235084	0	0	4.119820595
1332	1.372843981	1.372843981	0	0	0.9847661257	0	0	4.119941711
1333	1.380243063	1.380243063	0	0	0.9847956896	0	0	4.119787693
1334	1.401041627	1.401041627	0	0	0.9850360155	0	0	4.119842529
1335	1.420704484	1.420704484	0	0	0.9857718349	0	0	4.120096684
1336	1.445869684	1.445869684	0	0	0.9863072634	0	0	4.120515347
1337	1.439797997	1.439797997	0	0	0.9853795171	0	0	4.119828224
1338	1.397613645	1.397613645	0	0	0.9853509068	0	0	4.120027542
1339	1.381042361	1.381042361	0	0	0.9846796393	0	0	4.119753361
1340	1.358356595	1.358356595	0	0	0.9846028686	0	0	4.119774342
1341	1.328933835	1.328933835	0	0	0.9841734767	0	0	4.119707584
1342	1.310766578	1.310766578	0	0	0.9837591052	0	0	4.119849205
1343	1.312258005	1.312258005	0	0	0.9845464826	0	0	4.120295048
1344	1.297891855	1.297891855	0	0	0.9841064215	0	0	4.120793343
1345	1.283639431	1.283639431	0	0	0.9837241173	0	0	4.120584011
1346	1.278909683	1.278909683	0	0	0.9841364622	0	0	4.121548653
1347	1.255232453	1.255232453	0	0	0.9841849804	0	0	4.120365143
1348	1.245858431	1.245858431	0	0	0.9845981598	0	0	4.120308876
1349	1.239800096	1.239800096	0	0	0.983602643	0	0	4.119922161
1350	1.243371367	1.243371367	0	0	0.9845306873	0	0	4.119974613
1351	1.292055249	1.292055249	0	0	0.984578073	0	0	4.120014668
1352	1.32164073	1.32164073	0	0	0.9846711159	0	0	4.121159554
1353	1.273633361	1.273633361	0	0	0.9847096205	0	0	4.120756149
1354	1.2334131	1.2334131	0	0	0.9843559265	0	0	4.119878769
1355	1.207943559	1.207943559	0	0	0.9839762449	0	0	4.119507313
1356	1.197200179	1.197200179	0	0	0.9839477539	0	0	4.119534969
1357	1.169226885	1.169226885	0	0	0.9840652943	0	0	4.119524479
1358	1.164901018	1.164901018	0	0	0.984100163	0	0	4.119531155
1359	1.143108845	1.143108845	0	0	0.9849143028	0	0	4.119668961
1360	1.164089799	1.164089799	0	0	0.9855559468	0	0	4.119748116
1361	1.159321904	1.159321904	0	0	0.9845944643	0	0	4.119557381
1362	1.120615125	1.120615125	0	0	0.9843717217	0	0	4.119681835
1363	1.10178721	1.10178721	0	0	0.9834598303	0	0	4.119534969
1364	1.091383457	1.091383457	0	0	0.9840035439	0	0	4.119553089
1365	1.073469281	1.073469281	0	0	0.9832698107	0	0	4.119515419
1366	1.052902341	1.052902341	0	0	0.9833691716	0	0	4.119551659
1367	1.040299177	1.040299177	0	0	0.983828783	0	0	4.11975956
1368	1.022963405	1.022963405	0	0	0.9840897322	0	0	4.119935036
1369	0.9977893829	0.9977893829	0	0	0.983340323	0	0	4.119718075
1370	0.9966621399	0.9966621399	0	0	0.9828210473	0	0	4.120064735
1371	0.975936532	0.975936532	0	0	0.9826947451	0	0	4.119625092
1372	0.9541139007	0.9541139007	0	0	0.9831662178	0	0	4.119589329
1373	0.9420292974	0.9420292974	0	0	0.982508719	0	0	4.119586945
1374	0.932141602	0.932141602	0	0	0.982342422	0	0	4.119557381
1375	0.9499922991	0.9499922991	0	0	0.9844679832	0	0	4.11977911
1376	0.9569694996	0.9569694996	0	0	0.9845827222	0	0	4.11958456
1377	0.9319170713	0.9319170713	0	0	0.9841837883	0	0	4.119534016
1378	0.9468434453	0.9468434453	0	0	0.983368814	0	0	4.119593143
1379	0.9386315942	0.9386315942	0	0	0.9830381274	0	0	4.119501114
1380	0.9283633232	0.9283633232	0	0	0.9829192162	0	0	4.119511604
1381	0.9069446325	0.9069446325	0	0	0.9823367596	0	0	4.11951685
1382	0.9031941295	0.9031941295	0	0	0.9824665785	0	0	4.119529724
1383	0.9024035931	0.9024035931	0	0	0.9840909839	0	0	4.119702816
1384	0.9278529286	0.9278529286	0	0	0.9849236608	0	0	4.119703293
1385	0.9298243523	0.9298243523	0	0	0.9834379554	0	0	4.119522572
1386	0.8981309533	0.8981309533	0	0	0.9825029969	0	0	4.119664192
1387	0.8904226422	0.8904226422	0	0	0.9814682007	0	0	4.119557381
1388	0.8864633441	0.8864633441	0	0	0.9809939265	0	0	4.119519711
1389	0.8710799217	0.8710799217	0	0	0.9801802635	0	0	4.119482994
1390	0.8613606691	0.8613606691	0	0	0.9806803465	0	0	4.119485378
1391	0.8624278307	0.8624278307	0	0	0.9825018644	0	0	4.119586945
1392	0.8642060161	0.8642060161	0	0	0.9830802083	0	0	4.119626045
1393	0.8677902222	0.8677902222	0	0	0.9819092751	0	0	4.119513035
1394	0.8975146413	0.8975146413	0	0	0.9829257727	0	0	4.119643688
1395	0.8900936842	0.8900936842	0	0	0.9818897247	0	0	4.119517803
1396	0.8809447289	0.8809447289	0	0	0.982034862	0	0	4.119509697
1397	0.9062385559	0.9062385559	0	0	0.9820322394	0	0	4.119495869
1398	0.924631238	0.924631238	0	0	0.9818000793	0	0	4.119460106
1399	0.975086391	0.975086391	0	0	0.9840294123	0	0	4.119559288
1400	1.003773093	1.003773093	0	0	0.9839867353	0	0	4.119597912
1401	0.9865847826	0.9865847826	0	0	0.9831081629	0	0	4.119548798
1402	1.013508081	1.013508081	0	0	0.9827849865	0	0	4.119602203
1403	1.007716417	1.007716417	0	0	0.9820080996	0	0	4.119501114
1404	1.022432208	1.022432208	0	0	0.9825077057	0	0	4.119509697
1405	1.036572933	1.036572933	0	0	0.9824191332	0	0	4.11951828
1406	1.048682094	1.048682094	0	0	0.9822748303	0	0	4.119438171
1407	1.049618363	1.049618363	0	0	0.9837157726	0	0	4.119714737
1408	1.073554397	1.073554397	0	0	0.9846323729	0	0	4.119745731
1409	1.077118993	1.077118993	0	0	0.9837293029	0	0	4.119522572
1410	1.043913245	1.043913245	0	0	0.9830431342	0	0	4.119661331
1411	1.033830047	1.033830047	0	0	0.9816152453	0	0	4.119549751
1412	1.01923883	1.01923883	0	0	0.9819892645	0	0	4.119503021
1413	1.003662109	1.003662109	0	0	0.9808532	0	0	4.119485855
1414	0.9887235761	0.9887235761	0	0	0.9813062549	0	0	4.11937809
1415	0.9819790125	0.9819790125	0	0	0.9829487801	0	0	4.119563103
1416	0.9827078581	0.9827078581	0	0	0.9829724431	0	0	4.119603157
1417	0.9748511314	0.9748511314	0	0	0.9827597737	0	0	4.119524479
1418	0.9931342602	0.9931342602	0	0	0.9830029607	0	0	4.119606018
1419	0.979539752	0.979539752	0	0	0.98267138	0	0	4.119478226
1420	0.9844866991	0.9844866991	0	0	0.982590735	0	0	4.119392872
1421	0.9862402081	0.9862402081	0	0	0.9816346169	0	0	4.119441986
1422	0.9983664155	0.9983664155	0	0	0.9822117686	0	0	4.119277477
1423	1.01517725	1.01517725	0	0	0.9840916991	0	0	4.119564056
1424	1.029568195	1.029568195	0	0	0.9838463664	0	0	4.119540215
1425	1.017352343	1.017352343	0	0	0.9839684367	0	0	4.119569302
1426	1.028222799	1.028222799	0	0	0.9834486842	0	0	4.119572639
1427	1.009595275	1.009595275	0	0	0.9826424718	0	0	4.119226933
1428	1.010141134	1.010141134	0	0	0.9827836156	0	0	4.119445324
1429	0.9975565672	0.9975565672	0	0	0.9824777246	0	0	4.119514465
1430	1.000348687	1.000348687	0	0	0.982468009	0	0	4.119150639
1431	0.9938836694	0.9938836694	0	0	0.9840075374	0	0	4.119670868
1432	1.016832113	1.016832113	0	0	0.9845734835	0	0	4.119622707
1433	1.011520863	1.011520863	0	0	0.9837839007	0	0	4.119417667
1434	0.9875756502	0.9875756502	0	0	0.9827584028	0	0	4.119638443
1435	0.9796040654	0.9796040654	0	0	0.9817813635	0	0	4.119188786
1436	0.9601338506	0.9601338506	0	0	0.9817357063	0	0	4.119443893
1437	0.9414773583	0.9414773583	0	0	0.9809086919	0	0	4.119456291
1438	0.9320680499	0.9320680499	0	0	0.9811585546	0	0	4.119417191
1439	0.9298237562	0.9298237562	0	0	0.9831723571	0	0	4.119565487
1440	0.9335477948	0.9335477948	0	0	0.9831158519	0	0	4.119587421
1441	0.92958951	0.92958951	0	0	0.9823006392	0	0	4.119304657
1442	0.9471516609	0.9471516609	0	0	0.9826616645	0	0	4.119436264
1443	0.947758615	0.947758615	0	0	0.9824255705	0	0	4.119355202
1444	0.9559484124	0.9559484124	0	0	0.9826244116	0	0	4.119229794
1445	0.9867581725	0.9867581725	0	0	0.982060492	0	0	4.119508266
1446	1.020385742	1.020385742	0	0	0.9818691015	0	0	4.119430542
1447	1.055802464	1.055802464	0	0	0.9835544825	0	0	4.119466782
1448	1.090323091	1.090323091	0	0	0.9838470221	0	0	4.119497299
1449	1.113351822	1.113351822	0	0	0.9832175374	0	0	4.119237423
1450	1.123117566	1.123117566	0	0	0.9829653502	0	0	4.119297028
1451	1.138334513	1.138334513	0	0	0.9830342531	0	0	4.118909359
1452	1.155523658	1.155523658	0	0	0.9829689264	0	0	4.119451523
1453	1.165578842	1.165578842	0	0	0.9829514027	0	0	4.119492054
1454	1.18747735	1.18747735	0	0	0.9824364781	0	0	4.119458675
1455	1.197364926	1.197364926	0	0	0.9841351509	0	0	4.119596481
1456	1.213895679	1.213895679	0	0	0.9841611981	0	0	4.119679451
1457	1.229595184	1.229595184	0	0	0.9838274717	0	0	4.119194984
1458	1.200448394	1.200448394	0	0	0.9837898016	0	0	4.119259834
1459	1.188975573	1.188975573	0	0	0.9827011824	0	0	4.118857384
1460	1.171334267	1.171334267	0	0	0.9832165241	0	0	4.119447231
1461	1.148989558	1.148989558	0	0	0.9820532203	0	0	4.119467735
1462	1.127832651	1.127832651	0	0	0.9818882942	0	0	4.119429588
1463	1.122967958	1.122967958	0	0	0.9832172394	0	0	4.119586468
1464	1.121016145	1.121016145	0	0	0.9830256701	0	0	4.119649887
1465	1.114253283	1.114253283	0	0	0.982837677	0	0	4.11874485
1466	1.128002405	1.128002405	0	0	0.9830426574	0	0	4.119366646
1467	1.124689698	1.124689698	0	0	0.9827003479	0	0	4.118794441
1468	1.11982286	1.11982286	0	0	0.9827262163	0	0	4.119045734
1469	1.135641694	1.135641694	0	0	0.9829195738	0	0	4.119496346
1470	1.138852596	1.138852596	0	0	0.9832080603	0	0	4.119410038
1471	1.149967551	1.149967551	0	0	0.9840785265	0	0	4.119452953
1472	1.169063568	1.169063568	0	0	0.9848034382	0	0	4.119487762
1473	1.151248932	1.151248932	0	0	0.9837667346	0	0	4.119243145
1474	1.160507798	1.160507798	0	0	0.9841868877	0	0	4.11930418
1475	1.143676639	1.143676639	0	0	0.9835979939	0	0	4.118294716
1476	1.136135459	1.136135459	0	0	0.9837995172	0	0	4.118826389
1477	1.118234992	1.118234992	0	0	0.9836376905	0	0	4.119497299
1478	1.116869211	1.116869211	0	0	0.9833928347	0	0	4.119553566
1479	1.098730683	1.098730683	0	0	0.984826684	0	0	4.1196661
1480	1.103451371	1.103451371	0	0	0.9846522808	0	0	4.119838715
1481	1.107287765	1.107287765	0	0	0.9840113521	0	0	4.119193077
1482	1.091940045	1.091940045	0	0	0.9835886359	0	0	4.119356632
1483	1.080706477	1.080706477	0	0	0.9821734428	0	0	4.118690491
1484	1.070292711	1.070292711	0	0	0.9825404882	0	0	4.11918354
1485	1.051825404	1.051825404	0	0	0.9816362262	0	0	4.119478226
1486	1.048830986	1.048830986	0	0	0.9824383855	0	0	4.119492531
1487	1.0105685	1.0105685	0	0	0.9836440086	0	0	4.119542599
1488	0.9912353754	0.9912353754	0	0	0.9832730889	0	0	4.119606018
1489	0.9608210325	0.9608210325	0	0	0.9828467369	0	0	4.11939621
1490	0.9513060451	0.9513060451	0	0	0.983155489	0	0	4.119244099
1491	0.9273317456	0.9273317456	0	0	0.9822280407	0	0	4.118782997
1492	0.9190958738	0.9190958738	0	0	0.9826389551	0	0	4.11882782
1493	0.9150136113	0.9150136113	0	0	0.9816582799	0	0	4.119476318
1494	0.9029875994	0.9029875994	0	0	0.9821428657	0	0	4.119525909
1495	0.9006509185	0.9006509185	0	0	0.9839980602	0	0	4.119559288
1496	0.9052958488	0.9052958488	0	0	0.9836974144	0	0	4.119635582
1497	0.887875855	0.887875855	0	0	0.9844734669	0	0	4.119566917
1498	0.8809071779	0.8809071779	0	0	0.9843638539	0	0	4.119539738
1499	0.8556219935	0.8556219935	0	0	0.9834905267	0	0	4.119267464
1500	0.832046628	0.832046628	0	0	0.9832159877	0	0	4.119321823
1501	0.7956787944	0.7956787944	0	0	0.9827402234	0	0	4.119495869
1502	0.7891880274	0.7891880274	0	0	0.9828192592	0	0	4.119541168
1503	0.7708480358	0.7708480358	0	0	0.983833611	0	0	4.119661331
1504	0.7753349543	0.7753349543	0	0	0.9844383001	0	0	4.119724274
1505	0.7813399434	0.7813399434	0	0	0.9838097692	0	0	4.119458199
1506	0.765727818	0.765727818	0	0	0.9836614728	0	0	4.119501114
1507	0.7613202333	0.7613202333	0	0	0.9826489687	0	0	4.119400978
1508	0.7547701597	0.7547701597	0	0	0.9825259447	0	0	4.119283199
1509	0.7490555048	0.7490555048	0	0	0.9817957282	0	0	4.119429588
1510	0.7305865288	0.7305865288	0	0	0.9821661711	0	0	4.11950779
1511	0.7132574916	0.7132574916	0	0	0.9834074974	0	0	4.119544029
1512	0.7006857991	0.7006857991	0	0	0.982498467	0	0	4.119590282
1513	0.7020039558	0.7020039558	0	0	0.982662499	0	0	4.119216442
1514	0.6971799731	0.6971799731	0	0	0.9830916524	0	0	4.119337082
1515	0.6910748482	0.6910748482	0	0	0.9830425978	0	0	4.119391918
1516	0.6862419844	0.6862419844	0	0	0.9827882051	0	0	4.119134426
1517	0.6917142272	0.6917142272	0	0	0.9822348356	0	0	4.11943388
1518	0.6843158007	0.6843158007	0	0	0.9823259711	0	0	4.119504929
1519	0.684109211	0.684109211	0	0	0.9838657379	0	0	4.119524002
1520	0.6859110594	0.6859110594	0	0	0.9841998219	0	0	4.119526386
1521	0.6905751228	0.6905751228	0	0	0.9838801026	0	0	4.11960268
1522	0.6852264404	0.6852264404	0	0	0.9836295247	0	0	4.119585991
1523	0.6745849848	0.6745849848	0	0	0.9833183289	0	0	4.119435787
1524	0.6633834243	0.6633834243	0	0	0.9833408594	0	0	4.119357109
1525	0.642486155	0.642486155	0	0	0.9831880927	0	0	4.119483471
1526	0.6356850863	0.6356850863	0	0	0.9832180738	0	0	4.119575977
1527	0.6205607057	0.6205607057	0	0	0.9845997095	0	0	4.119712353
1528	0.6280032396	0.6280032396	0	0	0.9842518568	0	0	4.119693756
1529	0.6343028545	0.6343028545	0	0	0.9840390086	0	0	4.119538784
1530	0.6247024536	0.6247024536	0	0	0.9836366773	0	0	4.119585514
1531	0.6227549314	0.6227549314	0	0	0.9827059507	0	0	4.119499683
1532	0.6122849584	0.6122849584	0	0	0.9829467535	0	0	4.119349003
1533	0.612156868	0.612156868	0	0	0.9825449586	0	0	4.119431496
1534	0.6074916124	0.6074916124	0	0	0.9830554128	0	0	4.119491577
1535	0.5999711156	0.5999711156	0	0	0.9846177697	0	0	4.119534969
1536	0.5787688494	0.5787688494	0	0	0.9834220409	0	0	4.119524956
1537	0.5483837128	0.5483837128	0	0	0.9824630022	0	0	4.119504929
1538	0.5467588305	0.5467588305	0	0	0.982494235	0	0	4.119448662
1539	0.5346803069	0.5346803069	0	0	0.9822027087	0	0	4.11937952
1540	0.532810688	0.532810688	0	0	0.9827469587	0	0	4.11925602
1541	0.5415287614	0.5415287614	0	0	0.9814254045	0	0	4.119485378
1542	0.5289075971	0.5289075971	0	0	0.982119143	0	0	4.119545937
1543	0.5307304263	0.5307304263	0	0	0.9832128882	0	0	4.119531155
1544	0.5335803628	0.5335803628	0	0	0.9825234413	0	0	4.119533539
1545	0.5176361799	0.5176361799	0	0	0.9828028083	0	0	4.119573116
1546	0.5228527188	0.5228527188	0	0	0.9824520946	0	0	4.119582176
1547	0.5268913507	0.5268913507	0	0	0.982355237	0	0	4.119486332
1548	0.5320795178	0.5320795178	0	0	0.9823098183	0	0	4.119355202
1549	0.539699018	0.539699018	0	0	0.9821843505	0	0	4.119500637
1550	0.5583672523	0.5583672523	0	0	0.9825264812	0	0	4.119553566
1551	0.5700354576	0.5700354576	0	0	0.9836297631	0	0	4.1196208
1552	0.5850231647	0.5850231647	0	0	0.9835499525	0	0	4.119556427
1553	0.5852236152	0.5852236152	0	0	0.9823681116	0	0	4.119481564
1554	0.5904841423	0.5904841423	0	0	0.9822640419	0	0	4.119628429
1555	0.5926142931	0.5926142931	0	0	0.9820095301	0	0	4.119548321
1556	0.5968500972	0.5968500972	0	0	0.9822682142	0	0	4.119478703
1557	0.6025828123	0.6025828123	0	0	0.9819366932	0	0	4.119493961
1558	0.6012118459	0.6012118459	0	0	0.9822311401	0	0	4.119553566
1559	0.6039033532	0.6039033532	0	0	0.9833045006	0	0	4.119559288
1560	0.6099478602	0.6099478602	0	0	0.9825083613	0	0	4.119550705
1561	0.6114115715	0.6114115715	0	0	0.9825992584	0	0	4.119526386
1562	0.6094000936	0.6094000936	0	0	0.9825475812	0	0	4.119603157
1563	0.6155923605	0.6155923605	0	0	0.9825749993	0	0	4.119616032
1564	0.6258276105	0.6258276105	0	0	0.98239398	0	0	4.119544506
1565	0.6374508739	0.6374508739	0	0	0.9814571142	0	0	4.119514465
1566	0.6434116364	0.6434116364	0	0	0.9832335114	0	0	4.119535923
1567	0.6469610929	0.6469610929	0	0	0.9837851524	0	0	4.119549274
1568	0.6573371291	0.6573371291	0	0	0.9832674861	0	0	4.119555473
1569	0.6505653858	0.6505653858	0	0	0.9829202294	0	0	4.119590282
1570	0.659019649	0.659019649	0	0	0.9830381274	0	0	4.119716644
1571	0.6667004824	0.6667004824	0	0	0.9832137823	0	0	4.119544029
1572	0.6939849257	0.6939849257	0	0	0.9835352898	0	0	4.119594574
1573	0.7091933489	0.7091933489	0	0	0.9837346077	0	0	4.119579792
1574	0.7419279814	0.7419279814	0	0	0.9841424823	0	0	4.119666576
1575	0.7607163787	0.7607163787	0	0	0.9849825501	0	0	4.119775295
1576	0.7931483984	0.7931483984	0	0	0.9840148091	0	0	4.119551182
1577	0.7896165252	0.7896165252	0	0	0.9844040871	0	0	4.119686127
1578	0.7748645544	0.7748645544	0	0	0.9834317565	0	0	4.119962215
1579	0.7737660408	0.7737660408	0	0	0.983307898	0	0	4.119849205
1580	0.7659125328	0.7659125328	0	0	0.9836268425	0	0	4.119841576
1581	0.7639302015	0.7639302015	0	0	0.9827699065	0	0	4.11993742
1582	0.7675668597	0.7675668597	0	0	0.9837059975	0	0	4.120265961
1583	0.7592198253	0.7592198253	0	0	0.9841902852	0	0	4.120119572
1584	0.751257658	0.751257658	0	0	0.9830048084	0	0	4.119717121
1585	0.7570941448	0.7570941448	0	0	0.9827222228	0	0	4.119669437
1586	0.7679315209	0.7679315209	0	0	0.9823315144	0	0	4.119861603
1587	0.7860448956	0.7860448956	0	0	0.9836113453	0	0	4.11975956
1588	0.8048791289	0.8048791289	0	0	0.9835152626	0	0	4.119904995
1589	0.8278279901	0.8278279901	0	0	0.9840176702	0	0	4.119878769
1590	0.8461222053	0.8461222053	0	0	0.9846894145	0	0	4.119847775
1591	0.8719834685	0.8719834685	0	0	0.9854694605	0	0	4.119820595
1592	0.8888837099	0.8888837099	0	0	0.9841814637	0	0	4.119688988
1593	0.8908816576	0.8908816576	0	0	0.983566761	0	0	4.119948387
1594	0.8936465979	0.8936465979	0	0	0.9835318327	0	0	4.120087147
1595	0.8927397728	0.8927397728	0	0	0.9838322401	0	0	4.120071888
1596	0.8996268511	0.8996268511	0	0	0.984593153	0	0	4.120886803
1597	0.8951693177	0.8951693177	0	0	0.984713614	0	0	4.121474743
1598	0.9047352076	0.9047352076	0	0	0.9856158495	0	0	4.121783733
1599	0.9052863121	0.9052863121	0	0	0.9858736992	0	0	4.120936394
1600	0.9169323444	0.9169323444	0	0	0.9853505492	0	0	4.120082855
1601	0.9119843841	0.9119843841	0	0	0.9856106043	0	0	4.121013165
1602	0.892978847	0.892978847	0	0	0.9844073057	0	0	4.121553421
1603	0.8928607702	0.8928607702	0	0	0.9846662879	0	0	4.121029854
1604	0.8773937225	0.8773937225	0	0	0.9852420092	0	0	4.123471737
1605	0.8687697053	0.8687697053	0	0	0.9851111174	0	0	4.123070717
1606	0.8614242077	0.8614242077	0	0	0.9859312773	0	0	4.122908592
1607	0.8564658165	0.8564658165	0	0	0.9862146974	0	0	4.12214756
1608	0.8501704931	0.8501704931	0	0	0.9847056866	0	0	4.120532036
1609	0.8491706848	0.8491706848	0	0	0.9844542742	0	0	4.12189579
1610	0.8534891009	0.8534891009	0	0	0.9833401442	0	0	4.124147415
1611	0.862038672	0.862038672	0	0	0.9841864705	0	0	4.123281479
1612	0.872967124	0.872967124	0	0	0.9846650362	0	0	4.123689651
1613	0.8803225756	0.8803225756	0	0	0.9841117859	0	0	4.123139381
1614	0.8860417604	0.8860417604	0	0	0.9858012199	0	0	4.123006821
1615	0.8921132684	0.8921132684	0	0	0.9859192371	0	0	4.120598793
1616	0.8962887526	0.8962887526	0	0	0.9857075214	0	0	4.120987892
1617	0.9010065198	0.9010065198	0	0	0.9851115346	0	0	4.12135458
1618	0.9006186128	0.9006186128	0	0	0.9847257733	0	0	4.124145985
1619	0.9013504982	0.9013504982	0	0	0.9850901365	0	0	4.12321949
1620	0.9128672481	0.9128672481	0	0	0.9854804277	0	0	4.124382973
1621	0.9019246101	0.9019246101	0	0	0.9855568409	0	0	4.124256134
1622	0.9106427431	0.9106427431	0	0	0.9864726067	0	0	4.124358177
1623	0.9112977386	0.9112977386	0	0	0.9868956804	0	0	4.12404108
1624	0.9208784699	0.9208784699	0	0	0.9859164953	0	0	4.123139381
1625	0.9165661931	0.9165661931	0	0	0.9864997864	0	0	4.124375343
1626	0.9100357294	0.9100357294	0	0	0.9854002595	0	0	4.124395847
1627	0.9052785039	0.9052785039	0	0	0.9852153063	0	0	4.124382973
1628	0.8971194029	0.8971194029	0	0	0.9854846001	0	0	4.124420166
1629	0.8867941499	0.8867941499	0	0	0.9851427674	0	0	4.124428272
1630	0.8887445331	0.8887445331	0	0	0.9864266515	0	0	4.124411106
1631	0.880795598	0.880795598	0	0	0.9862631559	0	0	4.124364853
1632	0.8855988383	0.8855988383	0	0	0.9851391912	0	0	4.123491764
1633	0.8706488609	0.8706488609	0	0	0.9845443964	0	0	4.124297142
1634	0.8691291809	0.8691291809	0	0	0.9833176732	0	0	4.12441206
1635	0.8673924804	0.8673924804	0	0	0.9842000604	0	0	4.124413967
1636	0.8785127997	0.8785127997	0	0	0.9843765497	0	0	4.124423504
1637	0.8878183961	0.8878183961	0	0	0.9848043323	0	0	4.124421597
1638	0.8921526074	0.8921526074	0	0	0.9863220453	0	0	4.12430954
1639	0.9010280371	0.9010280371	0	0	0.9865239263	0	0	4.12413168
1640	0.9050788879	0.9050788879	0	0	0.9866629839	0	0	4.123865604
1641	0.8994811177	0.8994811177	0	0	0.985938549	0	0	4.124318123
1642	0.905788064	0.905788064	0	0	0.9846935272	0	0	4.124414444
1643	0.9005740285	0.9005740285	0	0	0.9851621985	0	0	4.124405384
1644	0.8943921328	0.8943921328	0	0	0.9849326611	0	0	4.124423981
1645	0.8812837005	0.8812837005	0	0	0.9852151275	0	0	4.12443018
1646	0.8800007701	0.8800007701	0	0	0.986551404	0	0	4.124410629
1647	0.8728200793	0.8728200793	0	0	0.9869567156	0	0	4.124290943
1648	0.8658186793	0.8658186793	0	0	0.986743927	0	0	4.12424612
1649	0.8650179505	0.8650179505	0	0	0.9856545329	0	0	4.124249935
1650	0.8648436666	0.8648436666	0	0	0.9842555523	0	0	4.124397755
1651	0.8548504114	0.8548504114	0	0	0.9848254919	0	0	4.124398232
1652	0.8570898175	0.8570898175	0	0	0.9841090441	0	0	4.12442112
1653	0.8404707313	0.8404707313	0	0	0.9849459529	0	0	4.124416351
1654	0.8250240088	0.8250240088	0	0	0.9858257771	0	0	4.124415398
1655	0.8134487867	0.8134487867	0	0	0.9863505363	0	0	4.124399662
1656	0.8049307466	0.8049307466	0	0	0.9863265157	0	0	4.12432909
1657	0.8079857826	0.8079857826	0	0	0.9854667187	0	0	4.124259949
1658	0.8049519658	0.8049519658	0	0	0.9841383696	0	0	4.124425411
1659	0.8125686646	0.8125686646	0	0	0.9830887318	0	0	4.12442112
1660	0.8194385767	0.8194385767	0	0	0.9839440584	0	0	4.124423027
1661	0.8300181627	0.8300181627	0	0	0.9832751155	0	0	4.124434471
1662	0.8062257171	0.8062257171	0	0	0.9861607552	0	0	4.124410152
1663	0.8075445294	0.8075445294	0	0	0.9877316356	0	0	4.124403
1664	0.8314715028	0.8314715028	0	0	0.987359643	0	0	4.124296188
1665	0.8203673363	0.8203673363	0	0	0.9859856367	0	0	4.124238014
1666	0.793176353	0.793176353	0	0	0.9855542183	0	0	4.124405861
1667	0.7789746523	0.7789746523	0	0	0.985370934	0	0	4.124408722
1668	0.7667136192	0.7667136192	0	0	0.9849750996	0	0	4.124425411
1669	0.7510159016	0.7510159016	0	0	0.9852601886	0	0	4.124419689
1670	0.7332063317	0.7332063317	0	0	0.986430943	0	0	4.124410152
1671	0.7155347466	0.7155347466	0	0	0.9875871539	0	0	4.124319553
1672	0.7147805691	0.7147805691	0	0	0.9876150489	0	0	4.124104977
1673	0.7212471366	0.7212471366	0	0	0.9872598052	0	0	4.124337196
1674	0.7187657952	0.7187657952	0	0	0.9866297841	0	0	4.124377251
1675	0.7211903334	0.7211903334	0	0	0.9858129621	0	0	4.124385834
1676	0.7221413255	0.7221413255	0	0	0.9858748913	0	0	4.124409676
1677	0.7157486677	0.7157486677	0	0	0.9853784442	0	0	4.124175072
1678	0.717340529	0.717340529	0	0	0.9865273833	0	0	4.124378681
1679	0.7127087712	0.7127087712	0	0	0.987080276	0	0	4.123659611
1680	0.7011963725	0.7011963725	0	0	0.986096859	0	0	4.124211311
1681	0.6830751896	0.6830751896	0	0	0.9857165217	0	0	4.124257565
1682	0.6692807078	0.6692807078	0	0	0.9839491248	0	0	4.124415874
1683	0.6589483023	0.6589483023	0	0	0.9839203954	0	0	4.124392033
1684	0.65367347	0.65367347	0	0	0.9837262034	0	0	4.124392986
1685	0.6526845098	0.6526845098	0	0	0.9843306541	0	0	4.124430656
1686	0.6447762251	0.6447762251	0	0	0.9857748747	0	0	4.124399185
1687	0.6450712085	0.6450712085	0	0	0.9865079522	0	0	4.124377728
1688	0.639418602	0.639418602	0	0	0.9861444831	0	0	4.124323368
1689	0.6397140026	0.6397140026	0	0	0.9866140485	0	0	4.124390125
1690	0.65011549	0.65011549	0	0	0.9865763783	0	0	4.124388695
1691	0.663362205	0.663362205	0	0	0.9860936999	0	0	4.124407768
1692	0.6739808917	0.6739808917	0	0	0.9853284955	0	0	4.124425411
1693	0.6823455691	0.6823455691	0	0	0.9855563045	0	0	4.124428272
1694	0.6914251447	0.6914251447	0	0	0.9864996076	0	0	4.124412537
1695	0.6949615479	0.6949615479	0	0	0.9870024323	0	0	4.124389648
1696	0.7043223381	0.7043223381	0	0	0.9870272875	0	0	4.124370098
1697	0.7198672295	0.7198672295	0	0	0.9872537255	0	0	4.124398232
1698	0.7216253877	0.7216253877	0	0	0.9865260124	0	0	4.124352932
1699	0.734662652	0.734662652	0	0	0.9859430194	0	0	4.124391556
1700	0.7347357869	0.7347357869	0	0	0.9853118062	0	0	4.12441349
1701	0.740940094	0.740940094	0	0	0.9848827124	0	0	4.124373436
1702	0.7379876375	0.7379876375	0	0	0.9857091308	0	0	4.124416351
1703	0.7289112806	0.7289112806	0	0	0.9867730737	0	0	4.123679161
1704	0.7299574018	0.7299574018	0	0	0.9862957001	0	0	4.124403954
1705	0.7270128131	0.7270128131	0	0	0.9859955907	0	0	4.124397278
1706	0.7253608704	0.7253608704	0	0	0.9853510857	0	0	4.124411106
1707	0.7289285064	0.7289285064	0	0	0.9856265783	0	0	4.124420166
1708	0.7306355834	0.7306355834	0	0	0.9851372838	0	0	4.124419212
1709	0.7359297872	0.7359297872	0	0	0.984516263	0	0	4.124433994
1710	0.7337563634	0.7337563634	0	0	0.9866923094	0	0	4.124420643
1711	0.7333596349	0.7333596349	0	0	0.9872868061	0	0	4.124305725
1712	0.7377877235	0.7377877235	0	0	0.9872655272	0	0	4.124328136
1713	0.7343629599	0.7343629599	0	0	0.986137867	0	0	4.124305725
1714	0.7398847938	0.7398847938	0	0	0.986533463	0	0	4.124304771
1715	0.7411061525	0.7411061525	0	0	0.986284256	0	0	4.124407291
1716	0.746942699	0.746942699	0	0	0.9855587482	0	0	4.124414444
1717	0.7461554408	0.7461554408	0	0	0.9855628014	0	0	4.123976231
1718	0.756390512	0.756390512	0	0	0.9860295653	0	0	4.124392033
1719	0.771981895	0.771981895	0	0	0.9872300029	0	0	4.12291193
1720	0.7626907825	0.7626907825	0	0	0.9870194197	0	0	4.124378204
1721	0.7765887976	0.7765887976	0	0	0.9870234728	0	0	4.123714447
1722	0.7839218974	0.7839218974	0	0	0.986784339	0	0	4.123252392
1723	0.7980591059	0.7980591059	0	0	0.9858776331	0	0	4.124409676
1724	0.8043435216	0.8043435216	0	0	0.9853416681	0	0	4.124408722
1725	0.8032242656	0.8032242656	0	0	0.9848208427	0	0	4.124428272
1726	0.8023721576	0.8023721576	0	0	0.9851034284	0	0	4.124424934
1727	0.8040482402	0.8040482402	0	0	0.9864014387	0	0	4.124387264
1728	0.7930243611	0.7930243611	0	0	0.9864082336	0	0	4.124411106
1729	0.7872511744	0.7872511744	0	0	0.9865094423	0	0	4.124424458
1730	0.7802456617	0.7802456617	0	0	0.9866179228	0	0	4.124214172
1731	0.7758527398	0.7758527398	0	0	0.985848546	0	0	4.124419212
1732	0.7752054334	0.7752054334	0	0	0.9854366779	0	0	4.124420166
1733	0.779292345	0.779292345	0	0	0.9851437807	0	0	4.124409676
1734	0.7750433087	0.7750433087	0	0	0.986550808	0	0	4.124422073
1735	0.7785533667	0.7785533667	0	0	0.9870253801	0	0	4.123614311
1736	0.7770683765	0.7770683765	0	0	0.9866250157	0	0	4.124104023
1737	0.7680684328	0.7680684328	0	0	0.985485971	0	0	4.12368679
1738	0.769010663	0.769010663	0	0	0.985883832	0	0	4.123439789
1739	0.7724525928	0.7724525928	0	0	0.9859156609	0	0	4.124406815
1740	0.7721306682	0.7721306682	0	0	0.9853678346	0	0	4.124036312
1741	0.7962762713	0.7962762713	0	0	0.985571444	0	0	4.122909546
1742	0.8288380504	0.8288380504	0	0	0.9862574339	0	0	4.123078346
1743	0.8569773436	0.8569773436	0	0	0.9863695502	0	0	4.122458458
1744	0.8780430555	0.8780430555	0	0	0.9864853621	0	0	4.123316288
1745	0.886713326	0.886713326	0	0	0.985060811	0	0	4.122239113
1746	0.8809213042	0.8809213042	0	0	0.9853354096	0	0	4.122440338
1747	0.8883603215	0.8883603215	0	0	0.9851950407	0	0	4.124301434
1748	0.8971070647	0.8971070647	0	0	0.985296905	0	0	4.12393856
1749	0.9001688361	0.9001688361	0	0	0.9851534963	0	0	4.122443676
1750	0.9054993987	0.9054993987	0	0	0.9857987761	0	0	4.122849464
1751	0.9100375175	0.9100375175	0	0	0.9853116274	0	0	4.122433662
1752	0.9076539874	0.9076539874	0	0	0.9852852821	0	0	4.123037815
1753	0.9136844873	0.9136844873	0	0	0.9853685498	0	0	4.122352123
1754	0.9205716252	0.9205716252	0	0	0.9850054383	0	0	4.122234344
1755	0.9295042157	0.9295042157	0	0	0.9852541089	0	0	4.12233305
1756	0.943500042	0.943500042	0	0	0.9853121638	0	0	4.122622013
1757	0.9596791267	0.9596791267	0	0	0.9857335687	0	0	4.12258482
1758	0.9758819342	0.9758819342	0	0	0.9867415428	0	0	4.123352528
1759	1.007259607	1.007259607	0	0	0.9864186049	0	0	4.122227192
1760	1.0458498	1.0458498	0	0	0.9862878919	0	0	4.122858047
1761	1.048215628	1.048215628	0	0	0.9857455492	0	0	4.122151852
1762	1.055761695	1.055761695	0	0	0.9852864146	0	0	4.122232437
1763	1.094391584	1.094391584	0	0	0.9857928753	0	0	4.123058796
1764	1.164093971	1.164093971	0	0	0.985411346	0	0	4.1224823
1765	1.238089561	1.238089561	0	0	0.9859511256	0	0	4.122310638
1766	1.31704092	1.31704092	0	0	0.9866279364	0	0	4.122229576
1767	1.365026236	1.365026236	0	0	0.9868491292	0	0	4.122262955
1768	1.394581556	1.394581556	0	0	0.9863619208	0	0	4.122206688
1769	1.397045374	1.397045374	0	0	0.9857077003	0	0	4.122078419
1770	1.399671316	1.399671316	0	0	0.9854124188	0	0	4.122321129
1771	1.402285933	1.402285933	0	0	0.984372735	0	0	4.122356415
1772	1.413463235	1.413463235	0	0	0.9840248823	0	0	4.122338295
1773	1.407235265	1.407235265	0	0	0.9845258594	0	0	4.122303009
1774	1.407949686	1.407949686	0	0	0.9856206775	0	0	4.122918129
1775	1.401639223	1.401639223	0	0	0.9851497412	0	0	4.122308254
1776	1.390770555	1.390770555	0	0	0.9849519134	0	0	4.123574257
1777	1.392387033	1.392387033	0	0	0.9835198522	0	0	4.122275829
1778	1.40494597	1.40494597	0	0	0.9848160744	0	0	4.122364998
1779	1.399937153	1.399937153	0	0	0.9840196967	0	0	4.123554707
1780	1.411424398	1.411424398	0	0	0.9832396507	0	0	4.12224865
1781	1.412652969	1.412652969	0	0	0.984454453	0	0	4.122178078
1782	1.407082319	1.407082319	0	0	0.9870784283	0	0	4.122319698
1783	1.422785044	1.422785044	0	0	0.9868550301	0	0	4.12196207
1784	1.433854222	1.433854222	0	0	0.9859232306	0	0	4.122033119
1785	1.426359415	1.426359415	0	0	0.9850333929	0	0	4.122033596
1786	1.39778924	1.39778924	0	0	0.9848148823	0	0	4.122067928
1787	1.432203054	1.432203054	0	0	0.9846352339	0	0	4.122247219
1788	1.492365479	1.492365479	0	0	0.9847528338	0	0	4.122130871
1789	1.563786149	1.563786149	0	0	0.9851587415	0	0	4.122066975
1790	1.608984113	1.608984113	0	0	0.9866270423	0	0	4.122035027
1791	1.65109396	1.65109396	0	0	0.9861978889	0	0	4.12202549
1792	1.667743683	1.667743683	0	0	0.9862135053	0	0	4.121991634
1793	1.662410498	1.662410498	0	0	0.9849059582	0	0	4.122096539
1794	1.655982733	1.655982733	0	0	0.9855033159	0	0	4.122232437
1795	1.657453775	1.657453775	0	0	0.984549582	0	0	4.122341156
1796	1.656689405	1.656689405	0	0	0.9847242236	0	0	4.122078896
1797	1.664491177	1.664491177	0	0	0.9850236177	0	0	4.122007847
1798	1.660015345	1.660015345	0	0	0.986759305	0	0	4.121955872
1799	1.658234715	1.658234715	0	0	0.9869759679	0	0	4.121984482
1800	1.647695303	1.647695303	0	0	0.9861736298	0	0	4.121999741
1801	1.658440709	1.658440709	0	0	0.9854652882	0	0	4.122037411
1802	1.670147896	1.670147896	0	0	0.9841027856	0	0	4.122069836
1803	1.672949672	1.672949672	0	0	0.9841343164	0	0	4.12254715
1804	1.694695473	1.694695473	0	0	0.9841639996	0	0	4.122204781
1805	1.712236166	1.712236166	0	0	0.9839339256	0	0	4.122524261
1806	1.734455109	1.734455109	0	0	0.987680316	0	0	4.122171879
1807	1.788977146	1.788977146	0	0	0.9864333272	0	0	4.122113705
1808	1.83409369	1.83409369	0	0	0.9867905378	0	0	4.122049809
1809	1.847370744	1.847370744	0	0	0.9860088825	0	0	4.122111797
1810	1.844671726	1.844671726	0	0	0.9849224091	0	0	4.122261047
1811	1.859064698	1.859064698	0	0	0.9841570258	0	0	4.122495174
1812	1.924731493	1.924731493	0	0	0.984598875	0	0	4.122162819
1813	1.986482024	1.986482024	0	0	0.9844924212	0	0	4.122098923
1814	2.02994442	2.02994442	0	0	0.9868966341	0	0	4.121993065
1815	2.070082426	2.070082426	0	0	0.9866399169	0	0	4.122132301
1816	2.089977026	2.089977026	0	0	0.987011075	0	0	4.121969223
1817	2.077411175	2.077411175	0	0	0.9857682586	0	0	4.12229538
1818	2.076996326	2.076996326	0	0	0.9854845405	0	0	4.122563839
1819	2.074234486	2.074234486	0	0	0.9849323034	0	0	4.122422218
1820	2.081066608	2.081066608	0	0	0.9840089083	0	0	4.122263432
1821	2.086635828	2.086635828	0	0	0.9852959514	0	0	4.122132301
1822	2.082120657	2.082120657	0	0	0.9864345789	0	0	4.122005939
1823	2.075309753	2.075309753	0	0	0.9863858819	0	0	4.122047424
1824	2.06939292	2.06939292	0	0	0.9865261912	0	0	4.122033596
1825	2.072117329	2.072117329	0	0	0.9849664569	0	0	4.122092724
1826	2.095665693	2.095665693	0	0	0.9846405983	0	0	4.122227192
1827	2.091741562	2.091741562	0	0	0.9834350348	0	0	4.12224102
1828	2.10666585	2.10666585	0	0	0.9840111732	0	0	4.122228146
1829	2.118006229	2.118006229	0	0	0.9827943444	0	0	4.122597218
1830	2.123028994	2.123028994	0	0	0.9859360456	0	0	4.122107506
1831	2.159809351	2.159809351	0	0	0.9859208465	0	0	4.122109413
1832	2.180773973	2.180773973	0	0	0.9860680103	0	0	4.1221385
1833	2.181544304	2.181544304	0	0	0.9852629304	0	0	4.12218523
1834	2.146182537	2.146182537	0	0	0.9854266047	0	0	4.122234344
1835	2.126046896	2.126046896	0	0	0.9844251275	0	0	4.122190475
1836	2.150261641	2.150261641	0	0	0.9841433764	0	0	4.122217655
1837	2.165278673	2.165278673	0	0	0.9843176007	0	0	4.122217655
1838	2.190110445	2.190110445	0	0	0.9859808087	0	0	4.122162819
1839	2.211591482	2.211591482	0	0	0.9864356518	0	0	4.122522354
1840	2.225893021	2.225893021	0	0	0.9863381982	0	0	4.122080326
1841	2.185877562	2.185877562	0	0	0.9859393239	0	0	4.122344971
1842	2.200966358	2.200966358	0	0	0.9858374	0	0	4.122199535
1843	2.208456039	2.208456039	0	0	0.9852839112	0	0	4.122384071
1844	2.20511508	2.20511508	0	0	0.9851584435	0	0	4.122252464
1845	2.19398284	2.19398284	0	0	0.9850127697	0	0	4.122163773
1846	2.180098534	2.180098534	0	0	0.986395061	0	0	4.122050762
1847	2.170846462	2.170846462	0	0	0.9864100218	0	0	4.122109413
1848	2.152891159	2.152891159	0	0	0.9857033491	0	0	4.122070312
1849	2.133448601	2.133448601	0	0	0.9850560427	0	0	4.122122765
1850	2.135507584	2.135507584	0	0	0.9847171307	0	0	4.122398853
1851	2.111810684	2.111810684	0	0	0.9850347638	0	0	4.122220516
1852	2.101353884	2.101353884	0	0	0.984954536	0	0	4.122290611
1853	2.107219458	2.107219458	0	0	0.9844717979	0	0	4.122317314
1854	2.088350058	2.088350058	0	0	0.9856305718	0	0	4.12220192
1855	2.121996641	2.121996641	0	0	0.9861756563	0	0	4.122546196
1856	2.094640493	2.094640493	0	0	0.9859478474	0	0	4.122148037
1857	2.072770357	2.072770357	0	0	0.9857605696	0	0	4.123930931
1858	1.974808097	1.974808097	0	0	0.9854245782	0	0	4.122193813
1859	1.918872237	1.918872237	0	0	0.9844760895	0	0	4.120716095
1860	1.876349688	1.876349688	0	0	0.9837777019	0	0	4.120761871
1861	1.826233149	1.826233149	0	0	0.9843168855	0	0	4.120943546
1862	1.779033303	1.779033303	0	0	0.9849551916	0	0	4.121175289
1863	1.753461957	1.753461957	0	0	0.9855845571	0	0	4.121932983
1864	1.746540308	1.746540308	0	0	0.9856835604	0	0	4.120717525
1865	1.709596872	1.709596872	0	0	0.9861714244	0	0	4.121667385
1866	1.703151345	1.703151345	0	0	0.9855145216	0	0	4.119780064
1867	1.71346426	1.71346426	0	0	0.9850840569	0	0	4.11922884
1868	1.716745615	1.716745615	0	0	0.9850626588	0	0	4.119753361
1869	1.719079494	1.719079494	0	0	0.9845093489	0	0	4.120043278
1870	1.72298491	1.72298491	0	0	0.9854086637	0	0	4.120343685
1871	1.710093141	1.710093141	0	0	0.9852196574	0	0	4.12018919
1872	1.705147147	1.705147147	0	0	0.9855265617	0	0	4.120456219
1873	1.712434888	1.712434888	0	0	0.9856607318	0	0	4.12101841
1874	1.734221339	1.734221339	0	0	0.9854479432	0	0	4.120834827
1875	1.712923527	1.712923527	0	0	0.9853364229	0	0	4.119372368
1876	1.709441423	1.709441423	0	0	0.9852482677	0	0	4.120425701
1877	1.721700072	1.721700072	0	0	0.9845894575	0	0	4.121528149
1878	1.737376213	1.737376213	0	0	0.9850503206	0	0	4.121135712
1879	1.827651381	1.827651381	0	0	0.9853356481	0	0	4.121610165
1880	1.897621751	1.897621751	0	0	0.9847124815	0	0	4.120986938
1881	1.836863518	1.836863518	0	0	0.9851537347	0	0	4.120705128
1882	1.797719479	1.797719479	0	0	0.9844034314	0	0	4.120018959
1883	1.707381487	1.707381487	0	0	0.9838780761	0	0	4.118653297
1884	1.666733503	1.666733503	0	0	0.9836841822	0	0	4.118748665
1885	1.619290352	1.619290352	0	0	0.9835683703	0	0	4.118902206
1886	1.590815783	1.590815783	0	0	0.9842295051	0	0	4.11841011
1887	1.585643768	1.585643768	0	0	0.9850696325	0	0	4.119787693
1888	1.606931806	1.606931806	0	0	0.9856739044	0	0	4.119113922
1889	1.600524187	1.600524187	0	0	0.9855365753	0	0	4.119701862
1890	1.561640024	1.561640024	0	0	0.9844164252	0	0	4.118029594
1891	1.561234593	1.561234593	0	0	0.9837918282	0	0	4.118463993
1892	1.561865807	1.561865807	0	0	0.9840637445	0	0	4.117909908
1893	1.552716017	1.552716017	0	0	0.9830346704	0	0	4.117801666
1894	1.525059342	1.525059342	0	0	0.9834504724	0	0	4.118608952
1895	1.515584707	1.515584707	0	0	0.9842725396	0	0	4.118528843
1896	1.502002954	1.502002954	0	0	0.9844852686	0	0	4.119113922
1897	1.487439871	1.487439871	0	0	0.984893918	0	0	4.118647099
1898	1.473938942	1.473938942	0	0	0.9840880036	0	0	4.118443966
1899	1.447450757	1.447450757	0	0	0.984046638	0	0	4.11818409
1900	1.427091718	1.427091718	0	0	0.9839214087	0	0	4.119071484
1901	1.40879178	1.40879178	0	0	0.9835784435	0	0	4.119727135
1902	1.384079218	1.384079218	0	0	0.9826837182	0	0	4.119706154
1903	1.401634455	1.401634455	0	0	0.9839597344	0	0	4.119943142
1904	1.398112178	1.398112178	0	0	0.9838590026	0	0	4.119959354
1905	1.347886801	1.347886801	0	0	0.9850187898	0	0	4.120211124
1906	1.362883925	1.362883925	0	0	0.9839075208	0	0	4.119653225
1907	1.306692481	1.306692481	0	0	0.9834083319	0	0	4.119613647
1908	1.288547039	1.288547039	0	0	0.9824452996	0	0	4.119563103
1909	1.287199259	1.287199259	0	0	0.9825666547	0	0	4.11959362
1910	1.280182481	1.280182481	0	0	0.9825999141	0	0	4.119637966
1911	1.284958959	1.284958959	0	0	0.9833580256	0	0	4.119774342
1912	1.303339601	1.303339601	0	0	0.9837145805	0	0	4.119783401
1913	1.297783494	1.297783494	0	0	0.9840552807	0	0	4.119659424
1914	1.249658108	1.249658108	0	0	0.9828894734	0	0	4.119628429
1915	1.242663026	1.242663026	0	0	0.9821465611	0	0	4.119445801
1916	1.231350183	1.231350183	0	0	0.9816203117	0	0	4.119316578
1917	1.2140764	1.2140764	0	0	0.9809027314	0	0	4.119515896
1918	1.210466981	1.210466981	0	0	0.9805131555	0	0	4.119550228
1919	1.20006597	1.20006597	0	0	0.9820615053	0	0	4.119591713
1920	1.201642275	1.201642275	0	0	0.9825751781	0	0	4.119739056
1921	1.192219377	1.192219377	0	0	0.9836672544	0	0	4.119809628
1922	1.19054389	1.19054389	0	0	0.9834187031	0	0	4.119004726
1923	1.169926524	1.169926524	0	0	0.9833046198	0	0	4.119571686
1924	1.175327063	1.175327063	0	0	0.9827184081	0	0	4.119480133
1925	1.174076438	1.174076438	0	0	0.9816316962	0	0	4.119578362
1926	1.17973268	1.17973268	0	0	0.9818111658	0	0	4.119564056
1927	1.202590466	1.202590466	0	0	0.9837644696	0	0	4.119672298
1928	1.235761404	1.235761404	0	0	0.9834554791	0	0	4.119675159
1929	1.189499021	1.189499021	0	0	0.9842590094	0	0	4.119851589
1930	1.186573386	1.186573386	0	0	0.9830439687	0	0	4.119593143
1931	1.158764839	1.158764839	0	0	0.9825888872	0	0	4.11950779
1932	1.130865693	1.130865693	0	0	0.98205024	0	0	4.119493008
1933	1.08605957	1.08605957	0	0	0.9818305969	0	0	4.119524479
1934	1.049791574	1.049791574	0	0	0.9819893837	0	0	4.119582176
1935	1.019999146	1.019999146	0	0	0.9838854671	0	0	4.119753361
1936	1.014942408	1.014942408	0	0	0.9842732549	0	0	4.12013483
1937	1.018062592	1.018062592	0	0	0.9846793413	0	0	4.119668961
1938	0.9775506258	0.9775506258	0	0	0.983718574	0	0	4.118425846
1939	0.9766413569	0.9766413569	0	0	0.9820957184	0	0	4.118919373
1940	0.9718095064	0.9718095064	0	0	0.9812707305	0	0	4.118017197
1941	0.9628533721	0.9628533721	0	0	0.9802291393	0	0	4.119473457
1942	0.9551333189	0.9551333189	0	0	0.9809064269	0	0	4.119503975
1943	0.9471852183	0.9471852183	0	0	0.9828847051	0	0	4.11907959
1944	0.9447862506	0.9447862506	0	0	0.9831774831	0	0	4.119805336
1945	0.9418622851	0.9418622851	0	0	0.9838238955	0	0	4.119695187
1946	0.9466574788	0.9466574788	0	0	0.9838527441	0	0	4.119506359
1947	0.9456658363	0.9456658363	0	0	0.9832652211	0	0	4.119578362
1948	0.9463998079	0.9463998079	0	0	0.9824174047	0	0	4.119490147
1949	0.9686168432	0.9686168432	0	0	0.9815480113	0	0	4.119508743
1950	0.9940473437	0.9940473437	0	0	0.9816334844	0	0	4.118209362
1951	1.025031447	1.025031447	0	0	0.9830447435	0	0	4.117666721
1952	1.08749485	1.08749485	0	0	0.9837696552	0	0	4.118005753
1953	1.048909783	1.048909783	0	0	0.9846432209	0	0	4.118878841
1954	1.045548797	1.045548797	0	0	0.983910799	0	0	4.118638039
1955	1.030855298	1.030855298	0	0	0.9826402068	0	0	4.118549347
1956	1.022550583	1.022550583	0	0	0.9825696349	0	0	4.11761713
1957	1.01812458	1.01812458	0	0	0.9824115038	0	0	4.117564678
1958	1.013040304	1.013040304	0	0	0.9818813801	0	0	4.117768288
1959	0.9990748167	0.9990748167	0	0	0.9836401343	0	0	4.117725372
1960	1.011446476	1.011446476	0	0	0.9848189354	0	0	4.119045734
1961	1.012674928	1.012674928	0	0	0.9845857024	0	0	4.118780136
1962	0.9925358891	0.9925358891	0	0	0.983930409	0	0	4.118237495
1963	0.9842633605	0.9842633605	0	0	0.9832982421	0	0	4.118570805
1964	0.984797895	0.984797895	0	0	0.9836282134	0	0	4.118200302
1965	0.9823815227	0.9823815227	0	0	0.983051002	0	0	4.117565155
1966	0.9703906178	0.9703906178	0	0	0.983204782	0	0	4.118710995
1967	0.9563370943	0.9563370943	0	0	0.9842267036	0	0	4.117574215
1968	0.94165802	0.94165802	0	0	0.9847502112	0	0	4.119298458
1969	0.9001480937	0.9001480937	0	0	0.9846924543	0	0	4.120007038
1970	0.8802372217	0.8802372217	0	0	0.9847499132	0	0	4.119242191
1971	0.8647643328	0.8647643328	0	0	0.9840738177	0	0	4.119449139
1972	0.8594450951	0.8594450951	0	0	0.9838539362	0	0	4.119463921
1973	0.8566656709	0.8566656709	0	0	0.9832751155	0	0	4.119607925
1974	0.8501331806	0.8501331806	0	0	0.9827383757	0	0	4.119615555
1975	0.8561452031	0.8561452031	0	0	0.9843817949	0	0	4.119671822
1976	0.8811449409	0.8811449409	0	0	0.9847490191	0	0	4.120265484
1977	0.8807257414	0.8807257414	0	0	0.9854228497	0	0	4.120477676
1978	0.8561817408	0.8561817408	0	0	0.9857087135	0	0	4.119773865
1979	0.8439407349	0.8439407349	0	0	0.9851866961	0	0	4.119549274
1980	0.8368777037	0.8368777037	0	0	0.9851238728	0	0	4.119564533
1981	0.8396041393	0.8396041393	0	0	0.9840936065	0	0	4.119598866
1982	0.8416113853	0.8416113853	0	0	0.9843490124	0	0	4.119669437
1983	0.8202145696	0.8202145696	0	0	0.9850144982	0	0	4.11965704
1984	0.8176803589	0.8176803589	0	0	0.9856572151	0	0	4.121125221
1985	0.8181757331	0.8181757331	0	0	0.9857668877	0	0	4.120504856
1986	0.8097769618	0.8097769618	0	0	0.985619247	0	0	4.119957924
1987	0.8081944585	0.8081944585	0	0	0.9843354225	0	0	4.119593143
1988	0.8045982122	0.8045982122	0	0	0.9845628142	0	0	4.119589806
1989	0.7975435853	0.7975435853	0	0	0.98361063	0	0	4.119623184
1990	0.794037044	0.794037044	0	0	0.9833384156	0	0	4.119649887
1991	0.7923873067	0.7923873067	0	0	0.9846042395	0	0	4.119774818
1992	0.7943435907	0.7943435907	0	0	0.9850205183	0	0	4.121453762
1993	0.8039973378	0.8039973378	0	0	0.9851306081	0	0	4.121687889
1994	0.8066151738	0.8066151738	0	0	0.9851361513	0	0	4.119835854
1995	0.8008278608	0.8008278608	0	0	0.9849577546	0	0	4.119622231
1996	0.8053416014	0.8053416014	0	0	0.9844177961	0	0	4.119706154
1997	0.8143971562	0.8143971562	0	0	0.9838637114	0	0	4.119686127
1998	0.8197746277	0.8197746277	0	0	0.9846163392	0	0	4.119719982
1999	0.8453219533	0.8453219533	0	0	0.9848687053	0	0	4.119344234
2000	0.9116038084	0.9116038084	0	0	0.9854611754	0	0	4.120389938
2001	0.9269884825	0.9269884825	0	0	0.9851597548	0	0	4.121102333
2002	0.86614573	0.86614573	0	0	0.9850619435	0	0	4.119719982
2003	0.8420138359	0.8420138359	0	0	0.9841358662	0	0	4.11939764
2004	0.8119946718	0.8119946718	0	0	0.9843659997	0	0	4.119588852
2005	0.7733204961	0.7733204961	0	0	0.9842662811	0	0	4.119711399
2006	0.7534478903	0.7534478903	0	0	0.9841367006	0	0	4.119777679
2007	0.7267804742	0.7267804742	0	0	0.9857262373	0	0	4.120278835
2008	0.7116618156	0.7116618156	0	0	0.9863190651	0	0	4.122362614
2009	0.7144676447	0.7144676447	0	0	0.9852343798	0	0	4.12126255
2010	0.7109390497	0.7109390497	0	0	0.9850862622	0	0	4.11980629
2011	0.7111208439	0.7111208439	0	0	0.9832493067	0	0	4.119417191
2012	0.7097064257	0.7097064257	0	0	0.9835383892	0	0	4.119579315
2013	0.7021662593	0.7021662593	0	0	0.9836218953	0	0	4.119456291
2014	0.6950497031	0.6950497031	0	0	0.9836569428	0	0	4.11958313
2015	0.6879048347	0.6879048347	0	0	0.9849085212	0	0	4.118876934
2016	0.6734272242	0.6734272242	0	0	0.9851018786	0	0	4.119805336
2017	0.6761791706	0.6761791706	0	0	0.9846359491	0	0	4.12007618
2018	0.6799753904	0.6799753904	0	0	0.9845969081	0	0	4.119750977
2019	0.6803593636	0.6803593636	0	0	0.9836961627	0	0	4.119012833
2020	0.6881437898	0.6881437898	0	0	0.9837403297	0	0	4.119634628
2021	0.7036103606	0.7036103606	0	0	0.984015584	0	0	4.119708538
2022	0.7089537978	0.7089537978	0	0	0.9841228724	0	0	4.119625568
2023	0.7258732915	0.7258732915	0	0	0.9846409559	0	0	4.119602203
2024	0.7514249086	0.7514249086	0	0	0.9862998128	0	0	4.120605946
2025	0.7653420568	0.7653420568	0	0	0.9852557182	0	0	4.1202178
2026	0.7577257156	0.7577257156	0	0	0.9854082465	0	0	4.119953632
2027	0.7662035823	0.7662035823	0	0	0.9849699736	0	0	4.119542599
2028	0.7704750299	0.7704750299	0	0	0.9851722717	0	0	4.120118141
2029	0.7719575167	0.7719575167	0	0	0.9854639173	0	0	4.120064259
2030	0.7683910131	0.7683910131	0	0	0.9851046801	0	0	4.120429516
2031	0.7560776472	0.7560776472	0	0	0.9862605333	0	0	4.121208668
2032	0.7511208057	0.7511208057	0	0	0.9872641563	0	0	4.122633934
2033	0.7443674207	0.7443674207	0	0	0.9864557385	0	0	4.123287201
2034	0.7404731512	0.7404731512	0	0	0.9861935377	0	0	4.120685101
2035	0.7411807179	0.7411807179	0	0	0.9847432375	0	0	4.120180607
2036	0.7494295835	0.7494295835	0	0	0.9847983122	0	0	4.120748043
2037	0.7400813103	0.7400813103	0	0	0.9844963551	0	0	4.120819092
2038	0.726695478	0.726695478	0	0	0.9849243164	0	0	4.121123791
2039	0.7157212496	0.7157212496	0	0	0.9858334064	0	0	4.121243954
2040	0.7031424642	0.7031424642	0	0	0.9860756993	0	0	4.121760845
2041	0.6802199483	0.6802199483	0	0	0.9851549268	0	0	4.122142315
2042	0.6774103045	0.6774103045	0	0	0.9848530293	0	0	4.12197113
2043	0.6682721376	0.6682721376	0	0	0.9847993255	0	0	4.121007919
2044	0.6730923653	0.6730923653	0	0	0.9844476581	0	0	4.121134281
2045	0.6789885163	0.6789885163	0	0	0.9846733809	0	0	4.121012211
2046	0.6729294658	0.6729294658	0	0	0.9848026037	0	0	4.120211124
2047	0.6713353395	0.6713353395	0	0	0.9858859181	0	0	4.120455265
2048	0.6736992598	0.6736992598	0	0	0.9863026142	0	0	4.120787144
2049	0.676602304	0.676602304	0	0	0.9857326746	0	0	4.121626854
2050	0.6747350097	0.6747350097	0	0	0.9857928157	0	0	4.120586872
2051	0.6690805554	0.6690805554	0	0	0.9855127931	0	0	4.119887352
2052	0.6799443364	0.6799443364	0	0	0.9845454097	0	0	4.121861458
2053	0.6721196175	0.6721196175	0	0	0.9848281145	0	0	4.12164402
2054	0.6809453964	0.6809453964	0	0	0.9847530127	0	0	4.121422768
2055	0.6742177606	0.6742177606	0	0	0.9858042598	0	0	4.122198582
2056	0.6731157899	0.6731157899	0	0	0.9863603711	0	0	4.122453213
2057	0.6819707155	0.6819707155	0	0	0.9857239723	0	0	4.122416019
2058	0.6815785766	0.6815785766	0	0	0.9858523607	0	0	4.120609283
2059	0.6888350248	0.6888350248	0	0	0.984185338	0	0	4.118956089
2060	0.6845345497	0.6845345497	0	0	0.9844965935	0	0	4.121599674
2061	0.6770321727	0.6770321727	0	0	0.9837351441	0	0	4.121812344
2062	0.6761421561	0.6761421561	0	0	0.9839417338	0	0	4.121291161
2063	0.6756535769	0.6756535769	0	0	0.9850488305	0	0	4.121253014
2064	0.6684915423	0.6684915423	0	0	0.9849286675	0	0	4.121908665
2065	0.6690634489	0.6690634489	0	0	0.9851356745	0	0	4.121592045
2066	0.6687507629	0.6687507629	0	0	0.9848228693	0	0	4.120958805
2067	0.67178756	0.67178756	0	0	0.9845060706	0	0	4.119407177
2068	0.6793581843	0.6793581843	0	0	0.9843494892	0	0	4.121916771
2069	0.6877220869	0.6877220869	0	0	0.9851927161	0	0	4.121314526
2070	0.6856598854	0.6856598854	0	0	0.9855665565	0	0	4.120952606
2071	0.704503417	0.704503417	0	0	0.986382544	0	0	4.120460033
2072	0.7116727233	0.7116727233	0	0	0.9868533015	0	0	4.121737003
2073	0.7180117965	0.7180117965	0	0	0.9858850837	0	0	4.120767593
2074	0.7129068375	0.7129068375	0	0	0.9848841429	0	0	4.119864464
2075	0.7120524645	0.7120524645	0	0	0.9845055938	0	0	4.118992805
2076	0.7167288661	0.7167288661	0	0	0.9847614765	0	0	4.121175289
2077	0.713093102	0.713093102	0	0	0.9851492643	0	0	4.122945786
2078	0.7280892134	0.7280892134	0	0	0.9850723743	0	0	4.121640205
2079	0.7367827892	0.7367827892	0	0	0.9855530262	0	0	4.122890472
2080	0.7436440587	0.7436440587	0	0	0.9866522551	0	0	4.12293005
2081	0.7511327863	0.7511327863	0	0	0.986145854	0	0	4.122401237
2082	0.7449038625	0.7449038625	0	0	0.9864853621	0	0	4.121497631
2083	0.7462066412	0.7462066412	0	0	0.9848433137	0	0	4.119348049
2084	0.7404372096	0.7404372096	0	0	0.9858382344	0	0	4.123494148
2085	0.733460784	0.733460784	0	0	0.9854840636	0	0	4.122563362
2086	0.7299044728	0.7299044728	0	0	0.98603338	0	0	4.122391701
2087	0.7106702924	0.7106702924	0	0	0.9861778021	0	0	4.122569561
2088	0.6823364496	0.6823364496	0	0	0.9855062366	0	0	4.122230053
2089	0.6743806005	0.6743806005	0	0	0.9851696491	0	0	4.122880936
2090	0.6710423231	0.6710423231	0	0	0.98593086	0	0	4.12271595
2091	0.6611817479	0.6611817479	0	0	0.9850451946	0	0	4.121620655
2092	0.6615892053	0.6615892053	0	0	0.9849990606	0	0	4.124362946
2093	0.6659348011	0.6659348011	0	0	0.984670639	0	0	4.124033451
2094	0.6630921364	0.6630921364	0	0	0.9856517315	0	0	4.124063969
2095	0.6733658314	0.6733658314	0	0	0.9860352278	0	0	4.123173714
2096	0.6724907756	0.6724907756	0	0	0.9855386019	0	0	4.122855186
2097	0.6703285575	0.6703285575	0	0	0.9852253199	0	0	4.123592854
2098	0.6738165617	0.6738165617	0	0	0.9863711596	0	0	4.124059677
2099	0.6763249636	0.6763249636	0	0	0.986361444	0	0	4.123820782
2100	0.6795135736	0.6795135736	0	0	0.9866945148	0	0	4.124403
2101	0.6840052605	0.6840052605	0	0	0.9864495397	0	0	4.124346256
2102	0.6942501068	0.6942501068	0	0	0.9868147969	0	0	4.124410629
2103	0.694875598	0.694875598	0	0	0.9863607287	0	0	4.124406815
2104	0.6958320141	0.6958320141	0	0	0.9868199229	0	0	4.124407768
2105	0.7004098296	0.7004098296	0	0	0.9863320589	0	0	4.124391079
2106	0.7049403191	0.7049403191	0	0	0.9866443872	0	0	4.1243577
2107	0.7092952132	0.7092952132	0	0	0.9854025841	0	0	4.123397827
2108	0.7200202942	0.7200202942	0	0	0.9863066077	0	0	4.124311924
2109	0.7189779878	0.7189779878	0	0	0.9858904481	0	0	4.124272823
2110	0.7265021205	0.7265021205	0	0	0.9863489866	0	0	4.124414921
2111	0.7096970081	0.7096970081	0	0	0.9866809845	0	0	4.124420643
2112	0.7063975334	0.7063975334	0	0	0.9864361286	0	0	4.124429226
2113	0.6974335909	0.6974335909	0	0	0.9854971766	0	0	4.124403954
2114	0.7041246295	0.7041246295	0	0	0.9847105145	0	0	4.124381065
2115	0.7121906281	0.7121906281	0	0	0.9850434065	0	0	4.123877525
2116	0.7178239226	0.7178239226	0	0	0.9853005409	0	0	4.124392033
2117	0.7296922803	0.7296922803	0	0	0.9855040312	0	0	4.124289513
2118	0.729211092	0.729211092	0	0	0.987408042	0	0	4.124390602
2119	0.7509457469	0.7509457469	0	0	0.9866417646	0	0	4.124414921
2120	0.7718108296	0.7718108296	0	0	0.9872590899	0	0	4.124405861
2121	0.7764643431	0.7764643431	0	0	0.9862917662	0	0	4.124048233
2122	0.7757378817	0.7757378817	0	0	0.9866994023	0	0	4.123877525
2123	0.7755501866	0.7755501866	0	0	0.9866013527	0	0	4.123871803
2124	0.7849493623	0.7849493623	0	0	0.9865394831	0	0	4.124362469
2125	0.7917813659	0.7917813659	0	0	0.9864685535	0	0	4.124297142
2126	0.8093140125	0.8093140125	0	0	0.9868227839	0	0	4.124396324
2127	0.8207873106	0.8207873106	0	0	0.9869192243	0	0	4.124386311
2128	0.8343549371	0.8343549371	0	0	0.9873272777	0	0	4.124389648
2129	0.8448664546	0.8448664546	0	0	0.9865342975	0	0	4.124213696
2130	0.8467074037	0.8467074037	0	0	0.986238122	0	0	4.12431097
2131	0.8641629815	0.8641629815	0	0	0.9856150746	0	0	4.12403965
2132	0.8810642958	0.8810642958	0	0	0.9858978987	0	0	4.124343872
2133	0.8935673237	0.8935673237	0	0	0.9855242968	0	0	4.123929024
2134	0.8971323371	0.8971323371	0	0	0.9854991436	0	0	4.124237061
2135	0.9064875841	0.9064875841	0	0	0.9855092168	0	0	4.124354362
2136	0.9035811424	0.9035811424	0	0	0.985999763	0	0	4.124410152
2137	0.9146235585	0.9146235585	0	0	0.9849383235	0	0	4.124242783
2138	0.9280201197	0.9280201197	0	0	0.9850180745	0	0	4.124338627
2139	0.934974134	0.934974134	0	0	0.9849464893	0	0	4.124249458
2140	0.9492331743	0.9492331743	0	0	0.9859042168	0	0	4.124388218
2141	0.9717053175	0.9717053175	0	0	0.9855477214	0	0	4.123985767
2142	0.9897732735	0.9897732735	0	0	0.9864611626	0	0	4.124355316
2143	1.013408065	1.013408065	0	0	0.9872624278	0	0	4.124379635
2144	1.03925395	1.03925395	0	0	0.9875546694	0	0	4.124401093
2145	1.046407461	1.046407461	0	0	0.9866868258	0	0	4.123785973
2146	1.057038903	1.057038903	0	0	0.9863744378	0	0	4.123643875
2147	1.057105422	1.057105422	0	0	0.9861521721	0	0	4.124295712
2148	1.072490692	1.072490692	0	0	0.9860773683	0	0	4.124406815
2149	1.076876283	1.076876283	0	0	0.9855023623	0	0	4.124091625
2150	1.08988893	1.08988893	0	0	0.9860261083	0	0	4.124034882
2151	1.098277211	1.098277211	0	0	0.9859813452	0	0	4.124342918
2152	1.107123017	1.107123017	0	0	0.9867940545	0	0	4.124417782
2153	1.122736216	1.122736216	0	0	0.9863917232	0	0	4.124281883
2154	1.135433793	1.135433793	0	0	0.9861701131	0	0	4.124012947
2155	1.153820634	1.153820634	0	0	0.9851959944	0	0	4.12415123
2156	1.159352064	1.159352064	0	0	0.9862369299	0	0	4.124393463
2157	1.168715835	1.168715835	0	0	0.9860496521	0	0	4.124188423
2158	1.169041634	1.169041634	0	0	0.9865685701	0	0	4.124349117
2159	1.167278051	1.167278051	0	0	0.9869707227	0	0	4.124379635
2160	1.155480862	1.155480862	0	0	0.9864163995	0	0	4.124413013
2161	1.156349182	1.156349182	0	0	0.9856669903	0	0	4.124210835
2162	1.159925699	1.159925699	0	0	0.9856865406	0	0	4.124136448
2163	1.164788842	1.164788842	0	0	0.9855593443	0	0	4.124171734
2164	1.16921103	1.16921103	0	0	0.9859433174	0	0	4.124325275
2165	1.165968657	1.165968657	0	0	0.9855712056	0	0	4.123852253
2166	1.172187805	1.172187805	0	0	0.9866729975	0	0	4.124401093
2167	1.170558453	1.170558453	0	0	0.9868152142	0	0	4.124339581
2168	1.175658941	1.175658941	0	0	0.9859638214	0	0	4.124402046
2169	1.171625137	1.171625137	0	0	0.9857789278	0	0	4.12430048
2170	1.166763186	1.166763186	0	0	0.9858986735	0	0	4.124021053
2171	1.158749342	1.158749342	0	0	0.9860092998	0	0	4.124016762
2172	1.164189935	1.164189935	0	0	0.9859959483	0	0	4.124351501
2173	1.159790158	1.159790158	0	0	0.9858920574	0	0	4.124094963
2174	1.160833716	1.160833716	0	0	0.9861656427	0	0	4.124376774
2175	1.15713501	1.15713501	0	0	0.9862168431	0	0	4.124374866
2176	1.16702342	1.16702342	0	0	0.9867028594	0	0	4.124388218
2177	1.174286962	1.174286962	0	0	0.9866153002	0	0	4.124139786
2178	1.173310637	1.173310637	0	0	0.985873878	0	0	4.123938084
2179	1.189338446	1.189338446	0	0	0.9857199788	0	0	4.123735905
2180	1.203427434	1.203427434	0	0	0.9855960011	0	0	4.12428093
2181	1.212006688	1.212006688	0	0	0.9856926799	0	0	4.124096394
2182	1.215364218	1.215364218	0	0	0.9856489897	0	0	4.124377251
2183	1.216884017	1.216884017	0	0	0.9859938622	0	0	4.124394417
2184	1.206943035	1.206943035	0	0	0.9862487316	0	0	4.124361515
2185	1.200324655	1.200324655	0	0	0.9853442907	0	0	4.123683929
2186	1.198352218	1.198352218	0	0	0.9842908978	0	0	4.123165131
2187	1.19340682	1.19340682	0	0	0.9846936464	0	0	4.123717308
2188	1.19703269	1.19703269	0	0	0.9846007228	0	0	4.124289513
2189	1.201546669	1.201546669	0	0	0.984290719	0	0	4.123732567
2190	1.203299761	1.203299761	0	0	0.9855940938	0	0	4.12417984
2191	1.205800891	1.205800891	0	0	0.9856315851	0	0	4.124268532
2192	1.212826014	1.212826014	0	0	0.9864661098	0	0	4.124141216
2193	1.204202652	1.204202652	0	0	0.9853867292	0	0	4.123383999
2194	1.200787425	1.200787425	0	0	0.9850648046	0	0	4.122970581
2195	1.204046011	1.204046011	0	0	0.9855282307	0	0	4.123056889
2196	1.207208157	1.207208157	0	0	0.9856556654	0	0	4.12430048
2197	1.215811968	1.215811968	0	0	0.9858292341	0	0	4.123418808
2198	1.211211443	1.211211443	0	0	0.985753715	0	0	4.124388695
2199	1.219150543	1.219150543	0	0	0.9863119721	0	0	4.123042583
2200	1.228033185	1.228033185	0	0	0.9864449501	0	0	4.124345303
2201	1.243763924	1.243763924	0	0	0.9863830805	0	0	4.123240948
2202	1.240810037	1.240810037	0	0	0.9851999879	0	0	4.124077797
2203	1.247594714	1.247594714	0	0	0.9849691987	0	0	4.12355566
2204	1.248873353	1.248873353	0	0	0.9853869677	0	0	4.124250412
2205	1.250300169	1.250300169	0	0	0.9846739173	0	0	4.124284267
2206	1.248185277	1.248185277	0	0	0.9845043421	0	0	4.124392033
2207	1.246325493	1.246325493	0	0	0.9848597646	0	0	4.124372005
2208	1.249758244	1.249758244	0	0	0.9855996966	0	0	4.12440443
2209	1.233616114	1.233616114	0	0	0.9850411415	0	0	4.124020576
2210	1.221765161	1.221765161	0	0	0.9840864539	0	0	4.124218464
2211	1.211577058	1.211577058	0	0	0.9842915535	0	0	4.12431097
2212	1.209874988	1.209874988	0	0	0.9849699736	0	0	4.124372482
2213	1.19974494	1.19974494	0	0	0.9850881696	0	0	4.124279022
2214	1.188600183	1.188600183	0	0	0.9866879582	0	0	4.124379635
2215	1.174310207	1.174310207	0	0	0.9868677855	0	0	4.12434864
2216	1.160088301	1.160088301	0	0	0.9867751002	0	0	4.124144554
2217	1.15442729	1.15442729	0	0	0.9863558412	0	0	4.123622894
2218	1.142367363	1.142367363	0	0	0.9857628345	0	0	4.123244762
2219	1.139405966	1.139405966	0	0	0.9856461287	0	0	4.124176979
2220	1.1298002	1.1298002	0	0	0.9857792854	0	0	4.124364376
2221	1.122288942	1.122288942	0	0	0.9847537279	0	0	4.124332428
2222	1.125738263	1.125738263	0	0	0.9854499102	0	0	4.124392986
2223	1.123367786	1.123367786	0	0	0.9858119488	0	0	4.123648167
2224	1.121563077	1.121563077	0	0	0.9868325591	0	0	4.124120712
2225	1.122420907	1.122420907	0	0	0.9859861732	0	0	4.124316216
2226	1.118854403	1.118854403	0	0	0.9856085777	0	0	4.12371397
2227	1.120104313	1.120104313	0	0	0.9852699041	0	0	4.124367237
2228	1.119526148	1.119526148	0	0	0.984618485	0	0	4.123793125
2229	1.117946029	1.117946029	0	0	0.9843398333	0	0	4.123618126
2230	1.116512537	1.116512537	0	0	0.9855142236	0	0	4.12393713
2231	1.103506565	1.103506565	0	0	0.9855862856	0	0	4.123139381
2232	1.103781939	1.103781939	0	0	0.9862138033	0	0	4.124345779
2233	1.072469831	1.072469831	0	0	0.9857090712	0	0	4.124308109
2234	1.053671837	1.053671837	0	0	0.9848389626	0	0	4.124387264
2235	1.045583606	1.045583606	0	0	0.98579669	0	0	4.124376297
2236	1.026468873	1.026468873	0	0	0.9851232171	0	0	4.124400616
2237	1.0079	1.0079	0	0	0.9846988916	0	0	4.124413013
2238	0.9898456335	0.9898456335	0	0	0.9863982201	0	0	4.124419212
2239	0.9722808003	0.9722808003	0	0	0.98681885	0	0	4.124416828
2240	0.9593008161	0.9593008161	0	0	0.9873805046	0	0	4.12441349
2241	0.9537433386	0.9537433386	0	0	0.9862400889	0	0	4.124407291
2242	0.9365685582	0.9365685582	0	0	0.9854222536	0	0	4.124417782
2243	0.9362848997	0.9362848997	0	0	0.9858369231	0	0	4.124413967
2244	0.9227448702	0.9227448702	0	0	0.9851464033	0	0	4.12441349
2245	0.9129314423	0.9129314423	0	0	0.9841775298	0	0	4.124402046
2246	0.9119856954	0.9119856954	0	0	0.9860425591	0	0	4.124414921
2247	0.9068416357	0.9068416357	0	0	0.985332489	0	0	4.124418736
2248	0.9016539454	0.9016539454	0	0	0.9874090552	0	0	4.124405384
2249	0.8998179436	0.8998179436	0	0	0.9866358638	0	0	4.124322891
2250	0.897978127	0.897978127	0	0	0.9865072966	0	0	4.123662949
2251	0.9086739421	0.9086739421	0	0	0.9856191278	0	0	4.124405861
2252	0.9197592735	0.9197592735	0	0	0.985030055	0	0	4.124410152
2253	0.9340702295	0.9340702295	0	0	0.9841820598	0	0	4.124414921
2254	0.9448942542	0.9448942542	0	0	0.9857215881	0	0	4.124422073
2255	0.951048553	0.951048553	0	0	0.9863898158	0	0	4.124373436
2256	0.9518316984	0.9518316984	0	0	0.9867614508	0	0	4.124423027
2257	0.9433687925	0.9433687925	0	0	0.9857770801	0	0	4.12434721
2258	0.9383143187	0.9383143187	0	0	0.9855360985	0	0	4.124399662
2259	0.9326104522	0.9326104522	0	0	0.9846252203	0	0	4.124420166
2260	0.9308409095	0.9308409095	0	0	0.984425962	0	0	4.124429226
2261	0.9299042225	0.9299042225	0	0	0.9832194448	0	0	4.12443018
2262	0.9236633778	0.9236633778	0	0	0.9860243797	0	0	4.124429226
2263	0.915638864	0.915638864	0	0	0.9862860441	0	0	4.124428749
2264	0.9162567854	0.9162567854	0	0	0.9875004888	0	0	4.124429226
2265	0.9200219512	0.9200219512	0	0	0.9859034419	0	0	4.12441349
2266	0.918587625	0.918587625	0	0	0.986292243	0	0	4.124401093
2267	0.9120007753	0.9120007753	0	0	0.9857295752	0	0	4.124423981
2268	0.908829093	0.908829093	0	0	0.9854828119	0	0	4.124423504
2269	0.9007557631	0.9007557631	0	0	0.9846748114	0	0	4.12441349
2270	0.9040967226	0.9040967226	0	0	0.9858011603	0	0	4.12442112
2271	0.9078145623	0.9078145623	0	0	0.9858672023	0	0	4.124272346
2272	0.9104441404	0.9104441404	0	0	0.9870005846	0	0	4.124423027
2273	0.9111745954	0.9111745954	0	0	0.9864639044	0	0	4.124388695
2274	0.9103602171	0.9103602171	0	0	0.9864392877	0	0	4.124321938
2275	0.9194015265	0.9194015265	0	0	0.9843415618	0	0	4.124417305
2276	0.9368219972	0.9368219972	0	0	0.9840843678	0	0	4.124410152
2277	0.9524050951	0.9524050951	0	0	0.9839054346	0	0	4.12442255
2278	0.9632762074	0.9632762074	0	0	0.9857292175	0	0	4.12439394
2279	0.9738376141	0.9738376141	0	0	0.9847124219	0	0	4.124414444
2280	0.9717667699	0.9717667699	0	0	0.9866572022	0	0	4.124376774
2281	0.9639350176	0.9639350176	0	0	0.9859380126	0	0	4.124308586
2282	0.9619773626	0.9619773626	0	0	0.9858495593	0	0	4.124413967
2283	0.9561718702	0.9561718702	0	0	0.9838423729	0	0	4.124428749
2284	0.9531901479	0.9531901479	0	0	0.9839603901	0	0	4.124431133
2285	0.9526854157	0.9526854157	0	0	0.9827898741	0	0	4.12443161
2286	0.9510200024	0.9510200024	0	0	0.9860250354	0	0	4.124426842
2287	0.9512845278	0.9512845278	0	0	0.9856449962	0	0	4.124431133
2288	0.9564942122	0.9564942122	0	0	0.9877964258	0	0	4.124415874
2289	0.951289475	0.951289475	0	0	0.9858242869	0	0	4.124358654
2290	0.9489629865	0.9489629865	0	0	0.9855549932	0	0	4.123580933
2291	0.941196084	0.941196084	0	0	0.9839183092	0	0	4.12429285
2292	0.9317561388	0.9317561388	0	0	0.9830641747	0	0	4.124385834
2293	0.9215685725	0.9215685725	0	0	0.982858181	0	0	4.124406338
2294	0.9212506413	0.9212506413	0	0	0.9846659899	0	0	4.12437439
2295	0.9167565703	0.9167565703	0	0	0.9844466448	0	0	4.124303341
2296	0.9117794037	0.9117794037	0	0	0.9860289693	0	0	4.124151707
2297	0.9068230987	0.9068230987	0	0	0.9854273796	0	0	4.122650146
2298	0.9089218974	0.9089218974	0	0	0.9864888191	0	0	4.12286377
2299	0.9148549438	0.9148549438	0	0	0.9843962789	0	0	4.122622013
2300	0.9245592952	0.9245592952	0	0	0.9834178686	0	0	4.12374115
2301	0.9348706007	0.9348706007	0	0	0.9840113521	0	0	4.124370575
2302	0.9457310438	0.9457310438	0	0	0.9849191308	0	0	4.124413013
2303	0.9544227123	0.9544227123	0	0	0.9838170409	0	0	4.124433517
2304	0.9560432434	0.9560432434	0	0	0.9859129786	0	0	4.12441349
2305	0.9586601257	0.9586601257	0	0	0.9855351448	0	0	4.123211861
2306	0.9577149749	0.9577149749	0	0	0.9859395027	0	0	4.123522758
2307	0.9563689232	0.9563689232	0	0	0.9843994975	0	0	4.12354517
2308	0.9550786614	0.9550786614	0	0	0.9836432934	0	0	4.123267174
2309	0.9584606886	0.9584606886	0	0	0.9839805365	0	0	4.123006344
2310	0.9475496411	0.9475496411	0	0	0.9856879115	0	0	4.123475075
2311	0.9501911402	0.9501911402	0	0	0.9852856994	0	0	4.123939514
2312	0.960744977	0.960744977	0	0	0.9860461354	0	0	4.122636795
2313	0.9683893323	0.9683893323	0	0	0.9854462743	0	0	4.122350216
2314	0.9619185925	0.9619185925	0	0	0.9853871465	0	0	4.122699261
2315	0.9655872583	0.9655872583	0	0	0.9838747978	0	0	4.122350216
2316	0.9542034864	0.9542034864	0	0	0.9834837317	0	0	4.122293949
2317	0.9748010039	0.9748010039	0	0	0.9845821857	0	0	4.122145653
2318	0.9715460539	0.9715460539	0	0	0.9850975871	0	0	4.122139931
2319	0.9873927832	0.9873927832	0	0	0.9849806428	0	0	4.122361183
2320	0.9814206958	0.9814206958	0	0	0.9855521321	0	0	4.122593403
2321	0.9801506996	0.9801506996	0	0	0.9849407673	0	0	4.122135639
2322	0.9805766344	0.9805766344	0	0	0.9854292274	0	0	4.122128963
2323	0.9891887903	0.9891887903	0	0	0.9827702641	0	0	4.122133732
2324	1.00546205	1.00546205	0	0	0.9824978709	0	0	4.122019291
2325	1.0255723	1.0255723	0	0	0.9832866192	0	0	4.122212887
2326	1.03875351	1.03875351	0	0	0.9837608337	0	0	4.122072697
2327	1.048205614	1.048205614	0	0	0.9833290577	0	0	4.122290611
2328	1.044582129	1.044582129	0	0	0.9846400023	0	0	4.122172832
2329	1.044112682	1.044112682	0	0	0.9842621684	0	0	4.12216568
2330	1.040388584	1.040388584	0	0	0.984462738	0	0	4.122170925
2331	1.041373253	1.041373253	0	0	0.9830601215	0	0	4.122092247
2332	1.038600326	1.038600326	0	0	0.9833726287	0	0	4.122022629
2333	1.041607976	1.041607976	0	0	0.9834733605	0	0	4.122044086
2334	1.039148927	1.039148927	0	0	0.9850013256	0	0	4.122019291
2335	1.049726605	1.049726605	0	0	0.9845728278	0	0	4.122045994
2336	1.055738568	1.055738568	0	0	0.9856389165	0	0	4.122024536
2337	1.053114772	1.053114772	0	0	0.9836025238	0	0	4.122105598
2338	1.058775902	1.058775902	0	0	0.9833382368	0	0	4.122023582
2339	1.063191056	1.063191056	0	0	0.9823579192	0	0	4.12199688
2340	1.075119615	1.075119615	0	0	0.9814198017	0	0	4.122029781
2341	1.093327165	1.093327165	0	0	0.9821578264	0	0	4.122012615
2342	1.101333737	1.101333737	0	0	0.9832489491	0	0	4.122014523
2343	1.098579645	1.098579645	0	0	0.9834086895	0	0	4.122001171
2344	1.09291482	1.09291482	0	0	0.9848774672	0	0	4.121968746
2345	1.089909554	1.089909554	0	0	0.9849770069	0	0	4.121967316
2346	1.084963918	1.084963918	0	0	0.9845991731	0	0	4.121975422
2347	1.090824127	1.090824127	0	0	0.9837306142	0	0	4.122047424
2348	1.094232202	1.094232202	0	0	0.9824416637	0	0	4.122000217
2349	1.107961059	1.107961059	0	0	0.984506309	0	0	4.121986389
2350	1.119778991	1.119778991	0	0	0.9848700762	0	0	4.121975899
2351	1.123882651	1.123882651	0	0	0.9850081205	0	0	4.121972084
2352	1.125798941	1.125798941	0	0	0.9855679274	0	0	4.121964931
2353	1.128262281	1.128262281	0	0	0.9850604534	0	0	4.121960163
2354	1.129508376	1.129508376	0	0	0.9843562841	0	0	4.121972084
2355	1.141287088	1.141287088	0	0	0.9842144847	0	0	4.121954918
2356	1.147379875	1.147379875	0	0	0.9827587605	0	0	4.121948242
2357	1.158536911	1.158536911	0	0	0.9831274152	0	0	4.121985435
2358	1.162956476	1.162956476	0	0	0.983741045	0	0	4.122005463
2359	1.18275547	1.18275547	0	0	0.9843578339	0	0	4.122012138
2360	1.200672388	1.200672388	0	0	0.98492378	0	0	4.121997833
2361	1.208081245	1.208081245	0	0	0.9834748507	0	0	4.122073174
2362	1.213853002	1.213853002	0	0	0.9841614962	0	0	4.121994972
2363	1.202285767	1.202285767	0	0	0.9835649133	0	0	4.122023106
2364	1.218050599	1.218050599	0	0	0.9834002256	0	0	4.121993065
2365	1.224791527	1.224791527	0	0	0.9838594794	0	0	4.122011662
2366	1.219439149	1.219439149	0	0	0.9834988713	0	0	4.121995449
2367	1.214838266	1.214838266	0	0	0.9834710956	0	0	4.121979713
2368	1.204122186	1.204122186	0	0	0.9837056398	0	0	4.121963501
2369	1.205297947	1.205297947	0	0	0.9845247865	0	0	4.1219697
2370	1.206365466	1.206365466	0	0	0.9836621881	0	0	4.121960163
2371	1.218088627	1.218088627	0	0	0.9824473262	0	0	4.122003555
2372	1.230096936	1.230096936	0	0	0.9831352234	0	0	4.122009754
2373	1.24704957	1.24704957	0	0	0.9845268726	0	0	4.121994019
2374	1.261201739	1.261201739	0	0	0.9854040742	0	0	4.121983528
2375	1.256167769	1.256167769	0	0	0.9854838252	0	0	4.121964455
2376	1.254199743	1.254199743	0	0	0.9843856096	0	0	4.121954918
2377	1.260087013	1.260087013	0	0	0.9843127728	0	0	4.121953964
2378	1.260232806	1.260232806	0	0	0.9835976958	0	0	4.121967316
2379	1.259325385	1.259325385	0	0	0.9836102724	0	0	4.121947289
2380	1.255838633	1.255838633	0	0	0.9824765325	0	0	4.121961117
2381	1.257875443	1.257875443	0	0	0.9834083319	0	0	4.121976852
2382	1.254272699	1.254272699	0	0	0.983956635	0	0	4.121993065
2383	1.255957603	1.255957603	0	0	0.9839040041	0	0	4.122031212
2384	1.262560368	1.262560368	0	0	0.9840424061	0	0	4.122033119
2385	1.262019992	1.262019992	0	0	0.9835805297	0	0	4.122079849
2386	1.270247698	1.270247698	0	0	0.9830707312	0	0	4.12203598
2387	1.285207391	1.285207391	0	0	0.9824690223	0	0	4.122028351
2388	1.303943992	1.303943992	0	0	0.982062459	0	0	4.122011662
2389	1.320787907	1.320787907	0	0	0.9827284217	0	0	4.122050762
2390	1.360394239	1.360394239	0	0	0.9827353954	0	0	4.122014523
2391	1.371367455	1.371367455	0	0	0.9831674695	0	0	4.122038841
2392	1.355842352	1.355842352	0	0	0.9835088849	0	0	4.12203598
2393	1.353565931	1.353565931	0	0	0.9840903282	0	0	4.12204504
2394	1.361208558	1.361208558	0	0	0.9845484495	0	0	4.1220541
2395	1.373405933	1.373405933	0	0	0.9829537272	0	0	4.122093678
2396	1.396491051	1.396491051	0	0	0.9834406972	0	0	4.122079849
2397	1.417945147	1.417945147	0	0	0.9840453863	0	0	4.122098446
2398	1.436322093	1.436322093	0	0	0.9848353267	0	0	4.122101307
2399	1.438325405	1.438325405	0	0	0.985313952	0	0	4.122113228
2400	1.440671682	1.440671682	0	0	0.984960556	0	0	4.122159958
2401	1.447135806	1.447135806	0	0	0.9839775562	0	0	4.121982574
2402	1.457535386	1.457535386	0	0	0.9837620854	0	0	4.122031212
2403	1.465996742	1.465996742	0	0	0.982766211	0	0	4.122002602
2404	1.481553078	1.481553078	0	0	0.9829077721	0	0	4.122015953
2405	1.505568624	1.505568624	0	0	0.9832295775	0	0	4.122023106
2406	1.518139124	1.518139124	0	0	0.9838293195	0	0	4.12203455
2407	1.527609825	1.527609825	0	0	0.983817935	0	0	4.122053623
2408	1.535557389	1.535557389	0	0	0.9816161394	0	0	4.122125149
2409	1.542886615	1.542886615	0	0	0.9825050831	0	0	4.12203455
2410	1.545409083	1.545409083	0	0	0.9844030738	0	0	4.122036457
2411	1.491644025	1.491644025	0	0	0.983509779	0	0	4.122019291
2412	1.54495275	1.54495275	0	0	0.9829531908	0	0	4.122008801
2413	1.531267047	1.531267047	0	0	0.9842423797	0	0	4.122081757
2414	1.565988302	1.565988302	0	0	0.9840696454	0	0	4.122102261
2415	1.571543574	1.571543574	0	0	0.9842866063	0	0	4.122127533
2416	1.580364943	1.580364943	0	0	0.9836733937	0	0	4.122145653
2417	1.576889753	1.576889753	0	0	0.9842884541	0	0	4.122018337
2418	1.578300834	1.578300834	0	0	0.9850443006	0	0	4.122055054
2419	1.583462715	1.583462715	0	0	0.9830651879	0	0	4.122135162
2420	1.599130154	1.599130154	0	0	0.9837960601	0	0	4.122178555
2421	1.614112616	1.614112616	0	0	0.9850999117	0	0	4.122346401
2422	1.632837534	1.632837534	0	0	0.9855104089	0	0	4.122363567
2423	1.649922848	1.649922848	0	0	0.9855263829	0	0	4.122131824
2424	1.657745361	1.657745361	0	0	0.9845296144	0	0	4.12221241
2425	1.665843368	1.665843368	0	0	0.9845635295	0	0	4.122048855
2426	1.665958047	1.665958047	0	0	0.9854282141	0	0	4.122076035
2427	1.681527853	1.681527853	0	0	0.9842742682	0	0	4.122049809
2428	1.708818555	1.708818555	0	0	0.9833744764	0	0	4.122083664
2429	1.730471969	1.730471969	0	0	0.9847830534	0	0	4.122207642
2430	1.748501778	1.748501778	0	0	0.9842866063	0	0	4.122189522
2431	1.774258614	1.774258614	0	0	0.9850654602	0	0	4.122094154
2432	1.788378596	1.788378596	0	0	0.9842013121	0	0	4.122272015
2433	1.802954316	1.802954316	0	0	0.9844837189	0	0	4.122104645
2434	1.672369123	1.672369123	0	0	0.9862728119	0	0	4.122124195
2435	1.662284136	1.662284136	0	0	0.9852280617	0	0	4.122084141
2436	1.676338553	1.676338553	0	0	0.9851181507	0	0	4.122171879
2437	1.678602338	1.678602338	0	0	0.9852782488	0	0	4.122254372
2438	1.700042963	1.700042963	0	0	0.9851719737	0	0	4.122394085
2439	1.700733423	1.700733423	0	0	0.9853692055	0	0	4.122135639
2440	1.700642228	1.700642228	0	0	0.9849497676	0	0	4.122254848
2441	1.691870928	1.691870928	0	0	0.9844157696	0	0	4.122148037
2442	1.692037344	1.692037344	0	0	0.9857226014	0	0	4.12220192
2443	1.69633007	1.69633007	0	0	0.9844008088	0	0	4.122496128
2444	1.710717678	1.710717678	0	0	0.9845371246	0	0	4.122324467
2445	1.723949194	1.723949194	0	0	0.9854832888	0	0	4.122266769
2446	1.735996604	1.735996604	0	0	0.9852105379	0	0	4.121925831
2447	1.752011657	1.752011657	0	0	0.9843928814	0	0	4.121930599
2448	1.761101484	1.761101484	0	0	0.9841890931	0	0	4.122437477
2449	1.76088202	1.76088202	0	0	0.9841426015	0	0	4.12203455
2450	1.738397717	1.738397717	0	0	0.9853492975	0	0	4.122122765
2451	1.750254989	1.750254989	0	0	0.9847795367	0	0	4.122323036
2452	1.755344152	1.755344152	0	0	0.9843062162	0	0	4.122238636
2453	1.772474051	1.772474051	0	0	0.9848704338	0	0	4.122463226
2454	1.785517693	1.785517693	0	0	0.9855182171	0	0	4.122202396
2455	1.804875135	1.804875135	0	0	0.9853596687	0	0	4.121936321
2456	1.86078465	1.86078465	0	0	0.9850105047	0	0	4.1223526
2457	1.855574846	1.855574846	0	0	0.984520793	0	0	4.122075558
2458	1.722407699	1.722407699	0	0	0.9862875938	0	0	4.122179508
2459	1.692476511	1.692476511	0	0	0.9854860902	0	0	4.122440338
2460	1.680714726	1.680714726	0	0	0.9851615429	0	0	4.122113705
2461	1.697684646	1.697684646	0	0	0.9850869775	0	0	4.121488094
2462	1.709577799	1.709577799	0	0	0.9848294854	0	0	4.121482372
2463	1.69494915	1.69494915	0	0	0.9845442772	0	0	4.122113705
2464	1.688845634	1.688845634	0	0	0.9846670032	0	0	4.123589516
2465	1.672644854	1.672644854	0	0	0.9843838811	0	0	4.122416973
2466	1.664222121	1.664222121	0	0	0.9849550128	0	0	4.12253046
2467	1.661136389	1.661136389	0	0	0.9841113091	0	0	4.122969627
2468	1.663446665	1.663446665	0	0	0.9839619994	0	0	4.122573853
2469	1.661033869	1.661033869	0	0	0.9846486449	0	0	4.121052265
2470	1.6732198	1.6732198	0	0	0.983561039	0	0	4.120843887
2471	1.68328023	1.68328023	0	0	0.9842805266	0	0	4.121314049
2472	1.693861246	1.693861246	0	0	0.9843527675	0	0	4.123060703
2473	1.681796432	1.681796432	0	0	0.9847851992	0	0	4.122403622
2474	1.673028827	1.673028827	0	0	0.9856459498	0	0	4.12245512
2475	1.682112932	1.682112932	0	0	0.9852355719	0	0	4.123302937
2476	1.683174491	1.683174491	0	0	0.9843262434	0	0	4.122639656
2477	1.715382934	1.715382934	0	0	0.9853348732	0	0	4.120290279
2478	1.767164111	1.767164111	0	0	0.9851989746	0	0	4.119719982
2479	1.807830811	1.807830811	0	0	0.985329926	0	0	4.120643616
2480	1.828172088	1.828172088	0	0	0.9850000739	0	0	4.122130394
2481	1.833839774	1.833839774	0	0	0.984328568	0	0	4.122112274
2482	1.669543266	1.669543266	0	0	0.9854660034	0	0	4.120911598
2483	1.638489366	1.638489366	0	0	0.9843514562	0	0	4.120339394
2484	1.645036101	1.645036101	0	0	0.9838371277	0	0	4.11804533
2485	1.634173393	1.634173393	0	0	0.9839581847	0	0	4.117524624
2486	1.621608734	1.621608734	0	0	0.9831759334	0	0	4.117627144
2487	1.624366164	1.624366164	0	0	0.9838563204	0	0	4.118310452
2488	1.62171495	1.62171495	0	0	0.9842187762	0	0	4.119637489
2489	1.618460178	1.618460178	0	0	0.9845755696	0	0	4.121464729
2490	1.595502615	1.595502615	0	0	0.9838626385	0	0	4.119129181
2491	1.590224266	1.590224266	0	0	0.9825652838	0	0	4.118653774
2492	1.581048489	1.581048489	0	0	0.9822077155	0	0	4.117558002
2493	1.588950515	1.588950515	0	0	0.9823355079	0	0	4.117854118
2494	1.604568839	1.604568839	0	0	0.9819531441	0	0	4.117726803
2495	1.600283146	1.600283146	0	0	0.9823077917	0	0	4.117758751
2496	1.60948813	1.60948813	0	0	0.9834466577	0	0	4.119720936
2497	1.5915941	1.5915941	0	0	0.9841356874	0	0	4.120798588
2498	1.574570417	1.574570417	0	0	0.984564364	0	0	4.120210171
2499	1.567952514	1.567952514	0	0	0.9839794636	0	0	4.120554924
2500	1.519086957	1.519086957	0	0	0.9839920998	0	0	4.117953777
2501	1.517130375	1.517130375	0	0	0.9831985235	0	0	4.117526531
2502	1.525928736	1.525928736	0	0	0.9843475819	0	0	4.117533207
2503	1.580430508	1.580430508	0	0	0.9832164049	0	0	4.117678165
2504	1.710386157	1.710386157	0	0	0.9843655825	0	0	4.121030331
2505	1.685233116	1.685233116	0	0	0.9848732948	0	0	4.122289181
2506	1.541972876	1.541972876	0	0	0.9847002625	0	0	4.119630814
2507	1.478633523	1.478633523	0	0	0.9840306044	0	0	4.119565964
2508	1.438669801	1.438669801	0	0	0.9834279418	0	0	4.118682384
2509	1.387779117	1.387779117	0	0	0.983432591	0	0	4.117357254
2510	1.347935438	1.347935438	0	0	0.9830943346	0	0	4.117649078
2511	1.301372051	1.301372051	0	0	0.9830690026	0	0	4.118266582
2512	1.270994306	1.270994306	0	0	0.9836398363	0	0	4.120410919
2513	1.257032275	1.257032275	0	0	0.9843587279	0	0	4.121518612
2514	1.247463584	1.247463584	0	0	0.9841457605	0	0	4.118908405
2515	1.249690413	1.249690413	0	0	0.9826750755	0	0	4.11878109
2516	1.251211047	1.251211047	0	0	0.983094275	0	0	4.118133545
2517	1.253670096	1.253670096	0	0	0.9819409251	0	0	4.117394447
2518	1.263332486	1.263332486	0	0	0.9821451902	0	0	4.117536068
2519	1.260449409	1.260449409	0	0	0.9821807146	0	0	4.117537498
2520	1.260497093	1.260497093	0	0	0.9826999903	0	0	4.119269371
2521	1.244119883	1.244119883	0	0	0.9837429523	0	0	4.120732307
2522	1.226976514	1.226976514	0	0	0.9842988849	0	0	4.120300293
2523	1.203369617	1.203369617	0	0	0.9840699434	0	0	4.120253086
2524	1.178558707	1.178558707	0	0	0.9828631878	0	0	4.117844582
2525	1.172777414	1.172777414	0	0	0.9833339453	0	0	4.117661476
2526	1.170256376	1.170256376	0	0	0.9837105274	0	0	4.117472649
2527	1.221134067	1.221134067	0	0	0.983537972	0	0	4.11763382
2528	1.332365513	1.332365513	0	0	0.9838668108	0	0	4.118784428
2529	1.331874847	1.331874847	0	0	0.9842461348	0	0	4.120699883
2530	1.210815072	1.210815072	0	0	0.9838860035	0	0	4.118126869
2531	1.163750291	1.163750291	0	0	0.9839682579	0	0	4.117787838
2532	1.118825436	1.118825436	0	0	0.9829772711	0	0	4.11770916
2533	1.080068231	1.080068231	0	0	0.9831007123	0	0	4.11745739
2534	1.04420495	1.04420495	0	0	0.9831992388	0	0	4.117698193
2535	0.9986875653	0.9986875653	0	0	0.9834609032	0	0	4.118228912
2536	0.9785645008	0.9785645008	0	0	0.9833134413	0	0	4.119710445
2537	0.9706141353	0.9706141353	0	0	0.9840230346	0	0	4.121119499
2538	0.9660195708	0.9660195708	0	0	0.9827752709	0	0	4.118414402
2539	0.9701176882	0.9701176882	0	0	0.9817286134	0	0	4.118053436
2540	0.9751939178	0.9751939178	0	0	0.9815842509	0	0	4.117453575
2541	0.9884878993	0.9884878993	0	0	0.9811451435	0	0	4.117376328
2542	1.020730376	1.020730376	0	0	0.9825717211	0	0	4.117330074
2543	1.026751518	1.026751518	0	0	0.9825559258	0	0	4.117429256
2544	1.021993756	1.021993756	0	0	0.9828827381	0	0	4.118324757
2545	1.01145494	1.01145494	0	0	0.9840385914	0	0	4.120465279
2546	1.000816345	1.000816345	0	0	0.9836435914	0	0	4.119476318
2547	0.9811845422	0.9811845422	0	0	0.9837454557	0	0	4.11873579
2548	0.9682332873	0.9682332873	0	0	0.9823961854	0	0	4.117804527
2549	0.9575948119	0.9575948119	0	0	0.9826033711	0	0	4.117478371
2550	0.9518290162	0.9518290162	0	0	0.9826096892	0	0	4.117413521
2551	0.993399322	0.993399322	0	0	0.9833496809	0	0	4.1175313
2552	1.074443221	1.074443221	0	0	0.9836808443	0	0	4.118286133
2553	1.074730158	1.074730158	0	0	0.9846901894	0	0	4.120644569
2554	0.9980404973	0.9980404973	0	0	0.9840483665	0	0	4.117975235
2555	1.00266552	1.00266552	0	0	0.983543694	0	0	4.118124008
2556	0.9741923809	0.9741923809	0	0	0.9830473065	0	0	4.117678642
2557	0.9696390033	0.9696390033	0	0	0.9829980135	0	0	4.117566109
2558	0.9832029939	0.9832029939	0	0	0.982041955	0	0	4.117794037
2559	0.9843829274	0.9843829274	0	0	0.9825214148	0	0	4.118089676
2560	0.9985093474	0.9985093474	0	0	0.9824341536	0	0	4.119497776
2561	0.9998777509	0.9998777509	0	0	0.9838489294	0	0	4.12066412
2562	0.9954851866	0.9954851866	0	0	0.9829760194	0	0	4.118073463
2563	0.9997758269	0.9997758269	0	0	0.9818161726	0	0	4.117963791
2564	1.001235366	1.001235366	0	0	0.9827597737	0	0	4.117485523
2565	1.016612411	1.016612411	0	0	0.9820715785	0	0	4.117317677
2566	1.033178926	1.033178926	0	0	0.9821532369	0	0	4.1172328
2567	1.046539545	1.046539545	0	0	0.9823166728	0	0	4.117406368
2568	1.048701286	1.048701286	0	0	0.9832879901	0	0	4.118012428
2569	1.033442736	1.033442736	0	0	0.9848879576	0	0	4.120083809
2570	1.019118667	1.019118667	0	0	0.9845667481	0	0	4.118776798
2571	1.002849936	1.002849936	0	0	0.9847422838	0	0	4.118206024
2572	0.9893494844	0.9893494844	0	0	0.9837943316	0	0	4.117865086
2573	0.9867299199	0.9867299199	0	0	0.9837331176	0	0	4.11764431
2574	0.9823423028	0.9823423028	0	0	0.9827345014	0	0	4.117215157
2575	1.025555253	1.025555253	0	0	0.9835867286	0	0	4.11743021
2576	1.120240331	1.120240331	0	0	0.983374536	0	0	4.11764431
2577	1.100457191	1.100457191	0	0	0.9846957326	0	0	4.119314671
2578	1.02324295	1.02324295	0	0	0.9842040539	0	0	4.117677212
2579	1.034075975	1.034075975	0	0	0.9844802022	0	0	4.117817879
2580	1.041388154	1.041388154	0	0	0.9839704633	0	0	4.11784935
2581	1.054750919	1.054750919	0	0	0.9838906527	0	0	4.11743784
2582	1.062841177	1.062841177	0	0	0.9831072688	0	0	4.117673397
2583	1.073453069	1.073453069	0	0	0.9834962487	0	0	4.117926598
2584	1.095385909	1.095385909	0	0	0.9826921821	0	0	4.119260311
2585	1.10946548	1.10946548	0	0	0.9844332933	0	0	4.120615959
2586	1.109830499	1.109830499	0	0	0.9837235212	0	0	4.118127346
2587	1.109781504	1.109781504	0	0	0.9830412269	0	0	4.117779255
2588	1.104496717	1.104496717	0	0	0.9823638201	0	0	4.117519855
2589	1.110732436	1.110732436	0	0	0.9814713001	0	0	4.117326736
2590	1.132522225	1.132522225	0	0	0.9818831682	0	0	4.117137909
2591	1.149746656	1.149746656	0	0	0.982385993	0	0	4.117288113
2592	1.163306952	1.163306952	0	0	0.9827927351	0	0	4.117794037
2593	1.146381021	1.146381021	0	0	0.9845478535	0	0	4.119155884
2594	1.127536297	1.127536297	0	0	0.9845891595	0	0	4.11810112
2595	1.106738448	1.106738448	0	0	0.9840018749	0	0	4.117824078
2596	1.097465873	1.097465873	0	0	0.9839264154	0	0	4.117543697
2597	1.10697031	1.10697031	0	0	0.9836653471	0	0	4.117562771
2598	1.107659459	1.107659459	0	0	0.9822970629	0	0	4.117189407
2599	1.128265619	1.128265619	0	0	0.9830529094	0	0	4.117323875
2600	1.218710542	1.218710542	0	0	0.9832033515	0	0	4.117321014
2601	1.206128955	1.206128955	0	0	0.9849045873	0	0	4.117973804
2602	1.171532631	1.171532631	0	0	0.9848811626	0	0	4.117585182
2603	1.181611776	1.181611776	0	0	0.9846349359	0	0	4.117525101
2604	1.202004075	1.202004075	0	0	0.9841412306	0	0	4.117318153
2605	1.247416854	1.247416854	0	0	0.9840453863	0	0	4.117274761
2606	1.285995841	1.285995841	0	0	0.9823649526	0	0	4.117283344
2607	1.316366434	1.316366434	0	0	0.9828004241	0	0	4.117596626
2608	1.350791216	1.350791216	0	0	0.9828230739	0	0	4.119637012
2609	1.362829447	1.362829447	0	0	0.9841539264	0	0	4.120835781
2610	1.354909301	1.354909301	0	0	0.9842801094	0	0	4.119879723
2611	1.349900007	1.349900007	0	0	0.983646214	0	0	4.118014336
2612	1.350880623	1.350880623	0	0	0.9831389189	0	0	4.11751318
2613	1.362235427	1.362235427	0	0	0.9832508564	0	0	4.117423058
2614	1.361379027	1.361379027	0	0	0.9820518494	0	0	4.117179394
2615	1.3584764	1.3584764	0	0	0.9828789234	0	0	4.117299557
2616	1.381423235	1.381423235	0	0	0.9838986993	0	0	4.119085312
2617	1.368867636	1.368867636	0	0	0.9850049615	0	0	4.119851112
2618	1.35287714	1.35287714	0	0	0.9853650331	0	0	4.119740009
2619	1.338918209	1.338918209	0	0	0.9848901033	0	0	4.118433475
2620	1.339935064	1.339935064	0	0	0.9845007062	0	0	4.117728233
2621	1.358736038	1.358736038	0	0	0.9843870997	0	0	4.117338657
2622	1.36019516	1.36019516	0	0	0.9830253124	0	0	4.117177486
2623	1.377750039	1.377750039	0	0	0.9839535952	0	0	4.117273331
2624	1.433884501	1.433884501	0	0	0.9848412871	0	0	4.117686749
2625	1.440945387	1.440945387	0	0	0.9853135347	0	0	4.119177818
2626	1.401146173	1.401146173	0	0	0.985971272	0	0	4.118811607
2627	1.425936699	1.425936699	0	0	0.985637188	0	0	4.118054867
2628	1.441100836	1.441100836	0	0	0.9856693745	0	0	4.117835045
2629	1.447389841	1.447389841	0	0	0.9858835936	0	0	4.117550373
2630	1.43855691	1.43855691	0	0	0.9839118719	0	0	4.117601871
2631	1.404273391	1.404273391	0	0	0.9844611883	0	0	4.11875248
2632	1.405586123	1.405586123	0	0	0.9843297005	0	0	4.120928764
2633	1.404801846	1.404801846	0	0	0.9851641059	0	0	4.121990204
2634	1.39968276	1.39968276	0	0	0.9853481054	0	0	4.121992111
2635	1.40169549	1.40169549	0	0	0.9850558043	0	0	4.120461941
2636	1.40128231	1.40128231	0	0	0.9850195646	0	0	4.11890173
2637	1.400889397	1.400889397	0	0	0.9843579531	0	0	4.117629528
2638	1.389470577	1.389470577	0	0	0.9830738902	0	0	4.11743021
2639	1.380749464	1.380749464	0	0	0.9834837914	0	0	4.117721081
2640	1.387950659	1.387950659	0	0	0.9852095246	0	0	4.119948387
2641	1.379250407	1.379250407	0	0	0.9857487679	0	0	4.121619225
2642	1.37601316	1.37601316	0	0	0.9863817096	0	0	4.121976376
2643	1.358855486	1.358855486	0	0	0.9862712026	0	0	4.121103764
2644	1.351311445	1.351311445	0	0	0.9864163995	0	0	4.119784832
2645	1.346196532	1.346196532	0	0	0.9859985113	0	0	4.117882729
2646	1.345223546	1.345223546	0	0	0.9845778346	0	0	4.117474079
2647	1.367559671	1.367559671	0	0	0.9849017262	0	0	4.117699146
2648	1.47584641	1.47584641	0	0	0.986119926	0	0	4.119353294
2649	1.421771765	1.421771765	0	0	0.9867226481	0	0	4.120916367
2650	1.35226059	1.35226059	0	0	0.9869615436	0	0	4.119664669
2651	1.335804224	1.335804224	0	0	0.9867417216	0	0	4.118024349
2652	1.300410986	1.300410986	0	0	0.9867321253	0	0	4.11788702
2653	1.266112566	1.266112566	0	0	0.9863146544	0	0	4.117548943
2654	1.228237391	1.228237391	0	0	0.984703958	0	0	4.117729187
2655	1.196439028	1.196439028	0	0	0.9850443602	0	0	4.118786812
2656	1.192610383	1.192610383	0	0	0.9855464101	0	0	4.121738434
2657	1.190800309	1.190800309	0	0	0.986182332	0	0	4.122003078
2658	1.190249562	1.190249562	0	0	0.9855561256	0	0	4.121173859
2659	1.208001494	1.208001494	0	0	0.9854958057	0	0	4.118446827
2660	1.22857666	1.22857666	0	0	0.9859310389	0	0	4.117864132
2661	1.245139956	1.245139956	0	0	0.9850944281	0	0	4.117304325
2662	1.261829019	1.261829019	0	0	0.9845870733	0	0	4.117272377
2663	1.27868855	1.27868855	0	0	0.9850547314	0	0	4.117425442
2664	1.284445643	1.284445643	0	0	0.9858750105	0	0	4.118997097
2665	1.280762792	1.280762792	0	0	0.9859692454	0	0	4.119824886
2666	1.27350688	1.27350688	0	0	0.9860262275	0	0	4.121553898
2667	1.246803641	1.246803641	0	0	0.9860138893	0	0	4.119564056
2668	1.235353112	1.235353112	0	0	0.9862412214	0	0	4.11866188
2669	1.230754375	1.230754375	0	0	0.9857432842	0	0	4.117529392
2670	1.224216223	1.224216223	0	0	0.984549284	0	0	4.117268085
2671	1.237888694	1.237888694	0	0	0.9854975939	0	0	4.117329121
2672	1.308574915	1.308574915	0	0	0.9860238433	0	0	4.117912769
2673	1.23193717	1.23193717	0	0	0.9861441255	0	0	4.118873119
2674	1.199236035	1.199236035	0	0	0.985997498	0	0	4.117922306
2675	1.16625309	1.16625309	0	0	0.9859722853	0	0	4.11743784
2676	1.112861991	1.112861991	0	0	0.985232234	0	0	4.117471218
2677	1.058375478	1.058375478	0	0	0.9854871631	0	0	4.117382526
2678	1.002696395	1.002696395	0	0	0.9840396643	0	0	4.117440701
2679	0.9519369006	0.9519369006	0	0	0.9848164916	0	0	4.118068695
2680	0.9252799749	0.9252799749	0	0	0.9854878187	0	0	4.121214867
2681	0.9138457775	0.9138457775	0	0	0.9857886434	0	0	4.121813297
2682	0.9015088677	0.9015088677	0	0	0.9853464961	0	0	4.119692802
2683	0.9153971076	0.9153971076	0	0	0.9847106934	0	0	4.11783886
2684	0.9271273017	0.9271273017	0	0	0.9845069647	0	0	4.117569923
2685	0.9425026178	0.9425026178	0	0	0.9840849042	0	0	4.117119312
2686	0.9601327777	0.9601327777	0	0	0.9833754301	0	0	4.117167473
2687	0.9663000703	0.9663000703	0	0	0.9845505953	0	0	4.117337704
2688	0.9659947753	0.9659947753	0	0	0.9855654836	0	0	4.118003845
2689	0.961506784	0.961506784	0	0	0.9857507348	0	0	4.118736267
2690	0.9503653646	0.9503653646	0	0	0.9859501719	0	0	4.118599892
2691	0.9368391633	0.9368391633	0	0	0.9859816432	0	0	4.117865086
2692	0.9290955067	0.9290955067	0	0	0.9854110479	0	0	4.11791563
2693	0.9229499102	0.9229499102	0	0	0.9848502874	0	0	4.117456913
2694	0.9354954958	0.9354954958	0	0	0.9839795232	0	0	4.117283821
2695	0.9256465435	0.9256465435	0	0	0.9847302437	0	0	4.117351055
2696	0.9570531249	0.9570531249	0	0	0.9854235649	0	0	4.117420673
2697	0.9151967168	0.9151967168	0	0	0.9853175879	0	0	4.117649555
2698	0.8987802863	0.8987802863	0	0	0.9856730103	0	0	4.116916656
2699	0.8957248926	0.8957248926	0	0	0.9853052497	0	0	4.117316246
2700	0.90101403	0.90101403	0	0	0.9849476814	0	0	4.117665291
2701	0.9071121216	0.9071121216	0	0	0.9844043255	0	0	4.117345333
2702	0.903968513	0.903968513	0	0	0.9837441444	0	0	4.117548466
2703	0.9002231359	0.9002231359	0	0	0.9842532873	0	0	4.117721558
2704	0.9070233703	0.9070233703	0	0	0.9849259257	0	0	4.119270325
2705	0.9211558104	0.9211558104	0	0	0.9846250415	0	0	4.118723869
2706	0.8976551294	0.8976551294	0	0	0.9843373895	0	0	4.117655277
2707	0.9126399755	0.9126399755	0	0	0.983850956	0	0	4.117524147
2708	0.9253414869	0.9253414869	0	0	0.9834669232	0	0	4.117395401
2709	0.9372135401	0.9372135401	0	0	0.9824501276	0	0	4.116330147
2710	0.9422582984	0.9422582984	0	0	0.9823641777	0	0	4.116694927
2711	0.9368939996	0.9368939996	0	0	0.9831568599	0	0	4.117052555
2712	0.9622481465	0.9622481465	0	0	0.9839069843	0	0	4.117125988
2713	0.9625645876	0.9625645876	0	0	0.9847046137	0	0	4.117985725
2714	0.955175519	0.955175519	0	0	0.9842703938	0	0	4.117474079
2715	0.9390499592	0.9390499592	0	0	0.984793067	0	0	4.117549896
2716	0.9357577562	0.9357577562	0	0	0.9841130376	0	0	4.117975712
2717	0.9498950243	0.9498950243	0	0	0.9829486012	0	0	4.117744923
2718	0.9555391669	0.9555391669	0	0	0.9821736217	0	0	4.117269993
2719	0.9645276666	0.9645276666	0	0	0.9825512767	0	0	4.117172718
2720	0.9848024249	0.9848024249	0	0	0.9837596416	0	0	4.117366791
2721	0.9733080864	0.9733080864	0	0	0.984267354	0	0	4.117086411
2722	0.9449292421	0.9449292421	0	0	0.984414041	0	0	4.116967201
2723	0.9175239801	0.9175239801	0	0	0.9835649133	0	0	4.116336823
2724	0.89440763	0.89440763	0	0	0.9829884768	0	0	4.117627621
2725	0.8694314361	0.8694314361	0	0	0.9825171232	0	0	4.117334843
2726	0.8508876562	0.8508876562	0	0	0.9818597436	0	0	4.117336273
2727	0.8436642885	0.8436642885	0	0	0.9820228815	0	0	4.117414951
2728	0.8470337391	0.8470337391	0	0	0.9827756286	0	0	4.117886543
2729	0.8498758674	0.8498758674	0	0	0.983227849	0	0	4.117899895
2730	0.8507047296	0.8507047296	0	0	0.9826470613	0	0	4.117391586
2731	0.8637421727	0.8637421727	0	0	0.9827801585	0	0	4.117022991
2732	0.884013772	0.884013772	0	0	0.9818447828	0	0	4.117399693
2733	0.9021824598	0.9021824598	0	0	0.9810466766	0	0	4.11624527
2734	0.9277177453	0.9277177453	0	0	0.9808743	0	0	4.116591454
2735	0.9331294298	0.9331294298	0	0	0.9819540977	0	0	4.117063522
2736	0.9415385723	0.9415385723	0	0	0.9830216765	0	0	4.116704464
2737	0.9544358253	0.9544358253	0	0	0.983582437	0	0	4.117438793
2738	0.9498339891	0.9498339891	0	0	0.9834445715	0	0	4.116853714
2739	0.9451518059	0.9451518059	0	0	0.9833271503	0	0	4.11724329
2740	0.9404900074	0.9404900074	0	0	0.9825995564	0	0	4.117556572
2741	0.9514371753	0.9514371753	0	0	0.9815051556	0	0	4.117361546
2742	0.9627357721	0.9627357721	0	0	0.9811273217	0	0	4.117075443
2743	0.9758887291	0.9758887291	0	0	0.9814261198	0	0	4.116330624
2744	0.9716706276	0.9716706276	0	0	0.9823778868	0	0	4.116034031
2745	0.967148006	0.967148006	0	0	0.9828642607	0	0	4.116335869
2746	0.9719945192	0.9719945192	0	0	0.9832538366	0	0	4.115417004
2747	0.9832502007	0.9832502007	0	0	0.9830317497	0	0	4.115795135
2748	0.9956303835	0.9956303835	0	0	0.9823781848	0	0	4.11725235
2749	0.9455202818	0.9455202818	0	0	0.9815484285	0	0	4.117220879
2750	0.9144415259	0.9144415259	0	0	0.9821900129	0	0	4.117257595
2751	0.894831717	0.894831717	0	0	0.982970655	0	0	4.117186546
2752	0.8692181706	0.8692181706	0	0	0.9823306203	0	0	4.117492199
2753	0.8727315068	0.8727315068	0	0	0.9830291271	0	0	4.118058205
2754	0.8679523468	0.8679523468	0	0	0.9831355214	0	0	4.117745876
2755	0.8729867339	0.8729867339	0	0	0.9833224416	0	0	4.117578983
2756	0.8879005909	0.8879005909	0	0	0.9823200703	0	0	4.11730814
2757	0.901180625	0.901180625	0	0	0.9818678498	0	0	4.116726398
2758	0.9124513268	0.9124513268	0	0	0.9826519489	0	0	4.116652966
2759	0.9210067987	0.9210067987	0	0	0.9832338691	0	0	4.117119789
2760	0.9238567352	0.9238567352	0	0	0.9839736223	0	0	4.117205143
2761	0.9339289069	0.9339289069	0	0	0.9843470454	0	0	4.117228508
2762	0.9242194295	0.9242194295	0	0	0.9842360616	0	0	4.115802765
2763	0.9184926152	0.9184926152	0	0	0.984312892	0	0	4.117096424
2764	0.9173996449	0.9173996449	0	0	0.9838591814	0	0	4.11825943
2765	0.924063921	0.924063921	0	0	0.9831931591	0	0	4.117876053
2766	0.9272215962	0.9272215962	0	0	0.9832668304	0	0	4.118178844
2767	0.9312742352	0.9312742352	0	0	0.9830970764	0	0	4.117585659
2768	0.931907475	0.931907475	0	0	0.9839718342	0	0	4.117865562
2769	0.938932538	0.938932538	0	0	0.9837018847	0	0	4.117150307
2770	0.9265303016	0.9265303016	0	0	0.984413147	0	0	4.117123604
2771	0.9224381447	0.9224381447	0	0	0.984583199	0	0	4.11689949
2772	0.9311394691	0.9311394691	0	0	0.9843447804	0	0	4.117875576
2773	0.9024950862	0.9024950862	0	0	0.983264029	0	0	4.117399216
2774	0.8931679726	0.8931679726	0	0	0.9833950996	0	0	4.117572784
2775	0.8819243908	0.8819243908	0	0	0.9833602905	0	0	4.117539406
2776	0.8785095215	0.8785095215	0	0	0.9837008119	0	0	4.118749142
2777	0.8848722577	0.8848722577	0	0	0.983892262	0	0	4.120287418
2778	0.8989996314	0.8989996314	0	0	0.9842553139	0	0	4.117510319
2779	0.9066141844	0.9066141844	0	0	0.9839119911	0	0	4.117743015
2780	0.9279232025	0.9279232025	0	0	0.9837419391	0	0	4.117937088
2781	0.9487233162	0.9487233162	0	0	0.9831222296	0	0	4.116919994
2782	0.9770154357	0.9770154357	0	0	0.9838520885	0	0	4.11616993
2783	0.9988469481	0.9988469481	0	0	0.9841397405	0	0	4.115532398
2784	1.016223669	1.016223669	0	0	0.9844391942	0	0	4.115454674
