sample	stable_mse	final_mse	gain	mapping_gate	shape_gate	scale_gate	shift_gate	pattern_entropy
0	0.9273921251	0.9273921251	0	0	1	1	1	4.121244907
1	0.8967288136	0.8967288136	0	0	1	1	1	4.121216297
2	0.8938128352	0.8938128352	0	0	1	1	1	4.121469975
3	0.9125248194	0.9125248194	0	0	1	1	1	4.121601582
4	0.9262512922	0.9262512922	0	0	1	1	1	4.121807098
5	0.932659626	0.932659626	0	0	1	1	1	4.12146759
6	0.9041717052	0.9041717052	0	0	1	1	1	4.121126652
7	0.9307594299	0.9307594299	0	0	1	1	1	4.121022701
8	0.9408431053	0.9408431053	0	0	1	1	1	4.121287346
9	0.9077304006	0.9077304006	0	0	1	1	1	4.1211586
10	0.9028455019	0.9028455019	0	0	1	1	1	4.121363163
11	0.9133708477	0.9133708477	0	0	1	1	1	4.121448517
12	0.9115082026	0.9115082026	0	0	1	1	1	4.121488571
13	0.9427573085	0.9427573085	0	0	1	1	1	4.12141943
14	0.9663583636	0.9663583636	0	0	1	1	1	4.12109375
15	0.9655146003	0.9655146003	0	0	1	1	1	4.121050358
16	0.9550332427	0.9550332427	0	0	1	1	1	4.121249199
17	0.9483819604	0.9483819604	0	0	1	1	1	4.121095181
18	0.9866700172	0.9866700172	0	0	1	1	1	4.121301174
19	0.9926069975	0.9926069975	0	0	1	1	1	4.121506214
20	0.9904741645	0.9904741645	0	0	1	1	1	4.121608734
21	1.006590247	1.006590247	0	0	1	1	1	4.121506691
22	0.9958697557	0.9958697557	0	0	1	1	1	4.121091843
23	1.015698552	1.015698552	0	0	1	1	1	4.121014595
24	0.9744540453	0.9744540453	0	0	1	1	1	4.121117592
25	0.9568303227	0.9568303227	0	0	1	1	1	4.121155739
26	0.9884309173	0.9884309173	0	0	1	1	1	4.121336937
27	0.9686325788	0.9686325788	0	0	1	1	1	4.121479034
28	0.9970319867	0.9970319867	0	0	1	1	1	4.121575356
29	0.9951184392	0.9951184392	0	0	1	1	1	4.121397018
30	0.9752313495	0.9752313495	0	0	1	1	1	4.121152401
31	0.9778059125	0.9778059125	0	0	1	1	1	4.121096134
32	0.9953374267	0.9953374267	0	0	1	1	1	4.121226311
33	0.987180829	0.987180829	0	0	1	1	1	4.121315479
34	0.9708740711	0.9708740711	0	0	1	1	1	4.12139225
35	0.9414353371	0.9414353371	0	0	1	1	1	4.121382236
36	0.9091536999	0.9091536999	0	0	1	1	1	4.121486664
37	0.8622895479	0.8622895479	0	0	1	1	1	4.121393681
38	0.802143991	0.802143991	0	0	1	1	1	4.121123314
39	0.8126577735	0.8126577735	0	0	1	1	1	4.121048927
40	0.8453230858	0.8453230858	0	0	1	1	1	4.121121883
41	0.8159951568	0.8159951568	0	0	1	1	1	4.121081829
42	0.8036292791	0.8036292791	0	0	1	1	1	4.121229649
43	0.8083236217	0.8083236217	0	0	1	1	1	4.121425629
44	0.7996233702	0.7996233702	0	0	1	1	1	4.121583939
45	0.816631496	0.816631496	0	0	1	1	1	4.121549129
46	0.8140226007	0.8140226007	0	0	1	1	1	4.121087551
47	0.8194304109	0.8194304109	0	0	1	1	1	4.121015072
48	0.7906122804	0.7906122804	0	0	1	1	1	4.12106657
49	0.7735108733	0.7735108733	0	0	1	1	1	4.121080875
50	0.7656697035	0.7656697035	0	0	1	1	1	4.121268272
51	0.7707824707	0.7707824707	0	0	1	1	1	4.121439457
52	0.763389051	0.763389051	0	0	1	1	1	4.12152338
53	0.7549684048	0.7549684048	0	0	1	1	1	4.121343136
54	0.7478619218	0.7478619218	0	0	1	1	1	4.121083736
55	0.7552082539	0.7552082539	0	0	1	1	1	4.12102747
56	0.7579275966	0.7579275966	0	0	1	1	1	4.121094227
57	0.7626789808	0.7626789808	0	0	1	1	1	4.121082306
58	0.7808267474	0.7808267474	0	0	1	1	1	4.121192455
59	0.79179281	0.79179281	0	0	1	1	1	4.121265411
60	0.800222218	0.800222218	0	0	1	1	1	4.12139082
61	0.814147234	0.814147234	0	0	1	1	1	4.121306896
62	0.8390237689	0.8390237689	0	0	1	1	1	4.121070385
63	0.8596950769	0.8596950769	0	0	1	1	1	4.121020794
64	0.8625226617	0.8625226617	0	0	1	1	1	4.121115208
65	0.8612774611	0.8612774611	0	0	1	1	1	4.121041775
66	0.8699858785	0.8699858785	0	0	1	1	1	4.12119627
67	0.8669423461	0.8669423461	0	0	1	1	1	4.121389389
68	0.8654903173	0.8654903173	0	0	1	1	1	4.121509075
69	0.8731693029	0.8731693029	0	0	1	1	1	4.121488571
70	0.8855570555	0.8855570555	0	0	1	1	1	4.121094704
71	0.8838530183	0.8838530183	0	0	1	1	1	4.121002197
72	0.8624997735	0.8624997735	0	0	1	1	1	4.121082306
73	0.8530327678	0.8530327678	0	0	1	1	1	4.121112347
74	0.850808084	0.850808084	0	0	1	1	1	4.121242523
75	0.8459728956	0.8459728956	0	0	1	1	1	4.12139082
76	0.8414728045	0.8414728045	0	0	1	1	1	4.121349335
77	0.8370224833	0.8370224833	0	0	1	1	1	4.121243954
78	0.8360711336	0.8360711336	0	0	1	1	1	4.121065617
79	0.8479450941	0.8479450941	0	0	1	1	1	4.120910645
80	0.850980103	0.850980103	0	0	1	1	1	4.120881557
81	0.8579684496	0.8579684496	0	0	1	1	1	4.120946407
82	0.8518919945	0.8518919945	0	0	1	1	1	4.121064663
83	0.8504206538	0.8504206538	0	0	1	1	1	4.121123791
84	0.8314791918	0.8314791918	0	0	1	1	1	4.121199131
85	0.823900342	0.823900342	0	0	1	1	1	4.12117672
86	0.8104461432	0.8104461432	0	0	1	1	1	4.120949745
87	0.8247561455	0.8247561455	0	0	1	1	1	4.120951176
88	0.8538487554	0.8538487554	0	0	1	1	1	4.121021271
89	0.8189352155	0.8189352155	0	0	1	1	1	4.120987892
90	0.8204923272	0.8204923272	0	0	1	1	1	4.121050358
91	0.8160117269	0.8160117269	0	0	1	1	1	4.121255875
92	0.8182498217	0.8182498217	0	0	1	1	1	4.121300697
93	0.8238079548	0.8238079548	0	0	1	1	1	4.12134409
94	0.8214541078	0.8214541078	0	0	1	1	1	4.121035099
95	0.8421388268	0.8421388268	0	0	1	1	1	4.121039391
96	0.8329102397	0.8329102397	0	0	1	1	1	4.121020794
97	0.8046287298	0.8046287298	0	0	1	1	1	4.120965958
98	0.8048493266	0.8048493266	0	0	1	1	1	4.121111393
99	0.8045156598	0.8045156598	0	0	1	1	1	4.121312141
100	0.8046963811	0.8046963811	0	0	1	1	1	4.121372223
101	0.7884700298	0.7884700298	0	0	1	1	1	4.121267319
102	0.7941447496	0.7941447496	0	0	1	1	1	4.12105751
103	0.7933157086	0.7933157086	0	0	1	1	1	4.120976448
104	0.8026753664	0.8026753664	0	0	1	1	1	4.120998383
105	0.7886845469	0.7886845469	0	0	1	1	1	4.121026039
106	0.791862011	0.791862011	0	0	1	1	1	4.121165276
107	0.8072903156	0.8072903156	0	0	1	1	1	4.121227741
108	0.8040626049	0.8040626049	0	0	1	1	1	4.121221066
109	0.8005818725	0.8005818725	0	0	1	1	1	4.121243477
110	0.7885373235	0.7885373235	0	0	1	1	1	4.121000767
111	0.7890356779	0.7890356779	0	0	1	1	1	4.121042252
112	0.8184046149	0.8184046149	0	0	1	1	1	4.121116161
113	0.7814434767	0.7814434767	0	0	1	1	1	4.120972633
114	0.773845315	0.773845315	0	0	1	1	1	4.121080875
115	0.7774736285	0.7774736285	0	0	1	1	1	4.121222496
116	0.774838388	0.774838388	0	0	1	1	1	4.121304512
117	0.7804912329	0.7804912329	0	0	1	1	1	4.121345997
118	0.7808654308	0.7808654308	0	0	1	1	1	4.120989323
119	0.7706871033	0.7706871033	0	0	1	1	1	4.120977402
120	0.7620037794	0.7620037794	0	0	1	1	1	4.12106657
121	0.7529833913	0.7529833913	0	0	1	1	1	4.120978832
122	0.7468991876	0.7468991876	0	0	1	1	1	4.121157169
123	0.7432659268	0.7432659268	0	0	1	1	1	4.12128973
124	0.7431860566	0.7431860566	0	0	1	1	1	4.12130928
125	0.7385094762	0.7385094762	0	0	1	1	1	4.121274948
126	0.7299005985	0.7299005985	0	0	1	1	1	4.121040821
127	0.7205246687	0.7205246687	0	0	1	1	1	4.12110281
128	0.7280133367	0.7280133367	0	0	1	1	1	4.120992184
129	0.7211579084	0.7211579084	0	0	1	1	1	4.120975494
130	0.7450634837	0.7450634837	0	0	1	1	1	4.12117672
131	0.7710835338	0.7710835338	0	0	1	1	1	4.12127018
132	0.8116144538	0.8116144538	0	0	1	1	1	4.121245861
133	0.8718334436	0.8718334436	0	0	1	1	1	4.121371269
134	0.881978333	0.881978333	0	0	1	1	1	4.121172428
135	0.8894488215	0.8894488215	0	0	1	1	1	4.12116003
136	0.8823291063	0.8823291063	0	0	1	1	1	4.121134758
137	0.8933203816	0.8933203816	0	0	1	1	1	4.121007919
138	0.9105651379	0.9105651379	0	0	1	1	1	4.121095657
139	0.9076912999	0.9076912999	0	0	1	1	1	4.121130466
140	0.8963212371	0.8963212371	0	0	1	1	1	4.121335983
141	0.9150349498	0.9150349498	0	0	1	1	1	4.121507645
142	0.9195116162	0.9195116162	0	0	1	1	1	4.121148109
143	0.9222434759	0.9222434759	0	0	1	1	1	4.121048927
144	0.9142984748	0.9142984748	0	0	1	1	1	4.121068001
145	0.9264037609	0.9264037609	0	0	1	1	1	4.121039391
146	0.9386363029	0.9386363029	0	0	1	1	1	4.121204376
147	0.9194903374	0.9194903374	0	0	1	1	1	4.121320724
148	0.9174386263	0.9174386263	0	0	1	1	1	4.121397495
149	0.9324538708	0.9324538708	0	0	1	1	1	4.121394634
150	0.9165040851	0.9165040851	0	0	1	1	1	4.121125221
151	0.924372077	0.924372077	0	0	1	1	1	4.121128082
152	0.9257808924	0.9257808924	0	0	1	1	1	4.121064186
153	0.9332818389	0.9332818389	0	0	1	1	1	4.12109375
154	0.9231603742	0.9231603742	0	0	1	1	1	4.121136189
155	0.8947005272	0.8947005272	0	0	1	1	1	4.121163368
156	0.8899823427	0.8899823427	0	0	1	1	1	4.121119022
157	0.8930765986	0.8930765986	0	0	1	1	1	4.121329784
158	0.8535662293	0.8535662293	0	0	1	1	1	4.121160507
159	0.828774035	0.828774035	0	0	1	1	1	4.121120453
160	0.8240580559	0.8240580559	0	0	1	1	1	4.121112823
161	0.8090161085	0.8090161085	0	0	1	1	1	4.120974541
162	0.8262724876	0.8262724876	0	0	1	1	1	4.121110916
163	0.8110398054	0.8110398054	0	0	1	1	1	4.121192455
164	0.814191699	0.814191699	0	0	1	1	1	4.12126112
165	0.819853723	0.819853723	0	0	1	1	1	4.121442318
166	0.8334107399	0.8334107399	0	0	1	1	1	4.121112823
167	0.8361091614	0.8361091614	0	0	1	1	1	4.121088028
168	0.8081427217	0.8081427217	0	0	1	1	1	4.121119022
169	0.7992995381	0.7992995381	0	0	1	1	1	4.12107563
170	0.7985947132	0.7985947132	0	0	1	1	1	4.121229649
171	0.799352169	0.799352169	0	0	1	1	1	4.121247768
172	0.7972642779	0.7972642779	0	0	1	1	1	4.121356487
173	0.7960982323	0.7960982323	0	0	1	1	1	4.121430397
174	0.7954618335	0.7954618335	0	0	1	1	1	4.121198177
175	0.7834890485	0.7834890485	0	0	1	1	1	4.121350765
176	0.7859927416	0.7859927416	0	0	1	1	1	4.121822834
177	0.7800376415	0.7800376415	0	0	1	1	1	4.121887684
178	0.7779348493	0.7779348493	0	0	1	1	1	4.12212801
179	0.8066527843	0.8066527843	0	0	1	1	1	4.122438431
180	0.8350426555	0.8350426555	0	0	1	1	1	4.122842789
181	0.8831421733	0.8831421733	0	0	1	1	1	4.123078823
182	0.9187611341	0.9187611341	0	0	1	1	1	4.122894764
183	0.9375613928	0.9375613928	0	0	1	1	1	4.123496532
184	0.9461077452	0.9461077452	0	0	1	1	1	4.124186516
185	0.945897758	0.945897758	0	0	1	1	1	4.12405014
186	0.953650713	0.953650713	0	0	1	1	1	4.124417782
187	0.9732433558	0.9732433558	0	0	1	1	1	4.124612808
188	0.9666646123	0.9666646123	0	0	1	1	1	4.124655724
189	0.9772570729	0.9772570729	0	0	1	1	1	4.124655724
190	0.9559418559	0.9559418559	0	0	1	1	1	4.124622345
191	0.946454525	0.946454525	0	0	1	1	1	4.12458086
192	0.9360280037	0.9360280037	0	0	1	1	1	4.12480545
193	0.9272655249	0.9272655249	0	0	1	1	1	4.122821808
194	0.9408832788	0.9408832788	0	0	1	1	1	4.123258114
195	0.9763947725	0.9763947725	0	0	1	1	1	4.123835087
196	0.9599741697	0.9599741697	0	0	1	1	1	4.123826027
197	0.9782427549	0.9782427549	0	0	1	1	1	4.123889446
198	0.9638811946	0.9638811946	0	0	1	1	1	4.123896599
199	0.9339925647	0.9339925647	0	0	1	1	1	4.123839378
200	0.9545952678	0.9545952678	0	0	1	1	1	4.124508858
201	0.9155828357	0.9155828357	0	0	1	1	1	4.123119831
202	0.8858798742	0.8858798742	0	0	1	1	1	4.122997284
203	0.9053831697	0.9053831697	0	0	1	1	1	4.122960567
204	0.9147667885	0.9147667885	0	0	1	1	1	4.123098373
205	0.9418318868	0.9418318868	0	0	1	1	1	4.123532772
206	0.9534534216	0.9534534216	0	0	1	1	1	4.123655319
207	0.952773869	0.952773869	0	0	1	1	1	4.12378931
208	0.9520617723	0.9520617723	0	0	1	1	1	4.124228001
209	0.9527980089	0.9527980089	0	0	1	1	1	4.12277317
210	0.9585727453	0.9585727453	0	0	1	1	1	4.122957706
211	0.9713552594	0.9713552594	0	0	1	1	1	4.123160839
212	0.9818139076	0.9818139076	0	0	1	1	1	4.123403072
213	1.00628531	1.00628531	0	0	1	1	1	4.123672009
214	0.9939223528	0.9939223528	0	0	1	1	1	4.123622894
215	0.984728694	0.984728694	0	0	1	1	1	4.123832703
216	1.007843137	1.007843137	0	0	1	1	1	4.124325752
217	0.9692515135	0.9692515135	0	0	1	1	1	4.122956753
218	0.9666441083	0.9666441083	0	0	1	1	1	4.12331152
219	0.9816610217	0.9816610217	0	0	1	1	1	4.123001099
220	0.9955356121	0.9955356121	0	0	1	1	1	4.123482227
221	1.01418519	1.01418519	0	0	1	1	1	4.123552322
222	1.009064674	1.009064674	0	0	1	1	1	4.123630524
223	1.014473319	1.014473319	0	0	1	1	1	4.12389946
224	1.042424202	1.042424202	0	0	1	1	1	4.12444067
225	1.00721395	1.00721395	0	0	1	1	1	4.123013973
226	0.9931097627	0.9931097627	0	0	1	1	1	4.123006344
227	0.9662749767	0.9662749767	0	0	1	1	1	4.122763634
228	0.9564769268	0.9564769268	0	0	1	1	1	4.122698307
229	0.979632616	0.979632616	0	0	1	1	1	4.12306881
230	0.9606926441	0.9606926441	0	0	1	1	1	4.123047829
231	0.9638448358	0.9638448358	0	0	1	1	1	4.12352705
232	0.9825174212	0.9825174212	0	0	1	1	1	4.124144077
233	0.9711850286	0.9711850286	0	0	1	1	1	4.122391701
234	0.9715827107	0.9715827107	0	0	1	1	1	4.122831345
235	0.9647967219	0.9647967219	0	0	1	1	1	4.122798443
236	0.9762765765	0.9762765765	0	0	1	1	1	4.123040199
237	0.9806482196	0.9806482196	0	0	1	1	1	4.123337746
238	0.9974182844	0.9974182844	0	0	1	1	1	4.123064041
239	0.9774045348	0.9774045348	0	0	1	1	1	4.123566628
240	0.9991836548	0.9991836548	0	0	1	1	1	4.124280453
241	1.0149405	1.0149405	0	0	1	1	1	4.122814178
242	0.9676210284	0.9676210284	0	0	1	1	1	4.123095036
243	0.9591679573	0.9591679573	0	0	1	1	1	4.123111725
244	0.9633383155	0.9633383155	0	0	1	1	1	4.122941971
245	0.9646680951	0.9646680951	0	0	1	1	1	4.12360239
246	0.9607912898	0.9607912898	0	0	1	1	1	4.123831749
247	0.9623374939	0.9623374939	0	0	1	1	1	4.12375164
248	0.993164897	0.993164897	0	0	1	1	1	4.124536991
249	0.9767805934	0.9767805934	0	0	1	1	1	4.123263836
250	0.9664962292	0.9664962292	0	0	1	1	1	4.12336874
251	0.9582403302	0.9582403302	0	0	1	1	1	4.12322998
252	0.9486983418	0.9486983418	0	0	1	1	1	4.1231637
253	0.9602335691	0.9602335691	0	0	1	1	1	4.12357378
254	0.9419445992	0.9419445992	0	0	1	1	1	4.123518467
255	0.9352070093	0.9352070093	0	0	1	1	1	4.123906612
256	0.9608518481	0.9608518481	0	0	1	1	1	4.124620914
257	0.9413306117	0.9413306117	0	0	1	1	1	4.123248577
258	0.9363582134	0.9363582134	0	0	1	1	1	4.12378931
259	0.9452001452	0.9452001452	0	0	1	1	1	4.123622417
260	0.9502712488	0.9502712488	0	0	1	1	1	4.123700619
261	0.9554896355	0.9554896355	0	0	1	1	1	4.123948574
262	0.942273438	0.942273438	0	0	1	1	1	4.123618126
263	0.9417204857	0.9417204857	0	0	1	1	1	4.124079227
264	0.958014071	0.958014071	0	0	1	1	1	4.124637604
265	0.9413696527	0.9413696527	0	0	1	1	1	4.123347759
266	0.9446891546	0.9446891546	0	0	1	1	1	4.123554707
267	0.9498494267	0.9498494267	0	0	1	1	1	4.123755455
268	0.9519960284	0.9519960284	0	0	1	1	1	4.123609543
269	0.9599351287	0.9599351287	0	0	1	1	1	4.123757839
270	0.9488219023	0.9488219023	0	0	1	1	1	4.123561382
271	0.9576385021	0.9576385021	0	0	1	1	1	4.123491764
272	0.9553776979	0.9553776979	0	0	1	1	1	4.123167515
273	0.9540659785	0.9540659785	0	0	1	1	1	4.121882915
274	0.9482999444	0.9482999444	0	0	1	1	1	4.121997833
275	0.9422931671	0.9422931671	0	0	1	1	1	4.121782303
276	0.9208205342	0.9208205342	0	0	1	1	1	4.121662617
277	0.9275521636	0.9275521636	0	0	1	1	1	4.121560097
278	0.9151033759	0.9151033759	0	0	1	1	1	4.121350765
279	0.9149330854	0.9149330854	0	0	1	1	1	4.121301174
280	0.9218337536	0.9218337536	0	0	1	1	1	4.121282101
281	0.8814718127	0.8814718127	0	0	1	1	1	4.121265411
282	0.8610568047	0.8610568047	0	0	1	1	1	4.121371269
283	0.8806048632	0.8806048632	0	0	1	1	1	4.121369839
284	0.8722606897	0.8722606897	0	0	1	1	1	4.121482849
285	0.8820272088	0.8820272088	0	0	1	1	1	4.121494293
286	0.8677195311	0.8677195311	0	0	1	1	1	4.121144772
287	0.8619891405	0.8619891405	0	0	1	1	1	4.121198654
288	0.8742445707	0.8742445707	0	0	1	1	1	4.12127161
289	0.8612763286	0.8612763286	0	0	1	1	1	4.121232033
290	0.8609839082	0.8609839082	0	0	1	1	1	4.121390343
291	0.8758670092	0.8758670092	0	0	1	1	1	4.121382236
292	0.8843479156	0.8843479156	0	0	1	1	1	4.121497154
293	0.8669794798	0.8669794798	0	0	1	1	1	4.121506214
294	0.8639264107	0.8639264107	0	0	1	1	1	4.121213436
295	0.8575097919	0.8575097919	0	0	1	1	1	4.121185303
296	0.8697634339	0.8697634339	0	0	1	1	1	4.121222973
297	0.8698914051	0.8698914051	0	0	1	1	1	4.121287823
298	0.8680485487	0.8680485487	0	0	1	1	1	4.121389866
299	0.8780108094	0.8780108094	0	0	1	1	1	4.121350765
300	0.8576874733	0.8576874733	0	0	1	1	1	4.121305943
301	0.8332042694	0.8332042694	0	0	1	1	1	4.12142992
302	0.8282618523	0.8282618523	0	0	1	1	1	4.12116909
303	0.8300807476	0.8300807476	0	0	1	1	1	4.121224403
304	0.8832749128	0.8832749128	0	0	1	1	1	4.12128973
305	0.818772018	0.818772018	0	0	1	1	1	4.121213436
306	0.8092306852	0.8092306852	0	0	1	1	1	4.121319771
307	0.8276094794	0.8276094794	0	0	1	1	1	4.121310234
308	0.8460888863	0.8460888863	0	0	1	1	1	4.12142849
309	0.8468958735	0.8468958735	0	0	1	1	1	4.121550083
310	0.8429543376	0.8429543376	0	0	1	1	1	4.121202946
311	0.8261202574	0.8261202574	0	0	1	1	1	4.121186733
312	0.8810073137	0.8810073137	0	0	1	1	1	4.121200562
313	0.8357189894	0.8357189894	0	0	1	1	1	4.121198177
314	0.8084388971	0.8084388971	0	0	1	1	1	4.121286392
315	0.8126211762	0.8126211762	0	0	1	1	1	4.12126255
316	0.8193053007	0.8193053007	0	0	1	1	1	4.121395111
317	0.8277515173	0.8277515173	0	0	1	1	1	4.121387005
318	0.8000052571	0.8000052571	0	0	1	1	1	4.121154785
319	0.7847667933	0.7847667933	0	0	1	1	1	4.121148109
320	0.7989194989	0.7989194989	0	0	1	1	1	4.121128082
321	0.7909540534	0.7909540534	0	0	1	1	1	4.121195316
322	0.772218585	0.772218585	0	0	1	1	1	4.121271133
323	0.7858983278	0.7858983278	0	0	1	1	1	4.121217728
324	0.7859398723	0.7859398723	0	0	1	1	1	4.121265411
325	0.7606812716	0.7606812716	0	0	1	1	1	4.12139225
326	0.7364354134	0.7364354134	0	0	1	1	1	4.12115097
327	0.712998271	0.712998271	0	0	1	1	1	4.121165276
328	0.7347800732	0.7347800732	0	0	1	1	1	4.121193409
329	0.6887957454	0.6887957454	0	0	1	1	1	4.121166229
330	0.6659783721	0.6659783721	0	0	1	1	1	4.121295929
331	0.6964681745	0.6964681745	0	0	1	1	1	4.121293545
332	0.7418467402	0.7418467402	0	0	1	1	1	4.121426105
333	0.7342880964	0.7342880964	0	0	1	1	1	4.121463299
334	0.6955898404	0.6955898404	0	0	1	1	1	4.121170044
335	0.6989358068	0.6989358068	0	0	1	1	1	4.121121883
336	0.7251608968	0.7251608968	0	0	1	1	1	4.12116766
337	0.6775051355	0.6775051355	0	0	1	1	1	4.121119022
338	0.6535366178	0.6535366178	0	0	1	1	1	4.121314049
339	0.6786724925	0.6786724925	0	0	1	1	1	4.121357441
340	0.6897135973	0.6897135973	0	0	1	1	1	4.121417046
341	0.6825400591	0.6825400591	0	0	1	1	1	4.121423244
342	0.665314436	0.665314436	0	0	1	1	1	4.121115208
343	0.6672689319	0.6672689319	0	0	1	1	1	4.121071339
344	0.7060217261	0.7060217261	0	0	1	1	1	4.121142387
345	0.6782666445	0.6782666445	0	0	1	1	1	4.121060371
346	0.6529436707	0.6529436707	0	0	1	1	1	4.121191978
347	0.6731632352	0.6731632352	0	0	1	1	1	4.121100903
348	0.7142890096	0.7142890096	0	0	1	1	1	4.121184349
349	0.7217143774	0.7217143774	0	0	1	1	1	4.121423244
350	0.721270442	0.721270442	0	0	1	1	1	4.121123314
351	0.7318441272	0.7318441272	0	0	1	1	1	4.121042252
352	0.7565626502	0.7565626502	0	0	1	1	1	4.121129513
353	0.7189879417	0.7189879417	0	0	1	1	1	4.121034622
354	0.7084588408	0.7084588408	0	0	1	1	1	4.12116766
355	0.7029103637	0.7029103637	0	0	1	1	1	4.12117672
356	0.7278043628	0.7278043628	0	0	1	1	1	4.121276855
357	0.7370379567	0.7370379567	0	0	1	1	1	4.121426105
358	0.7320532799	0.7320532799	0	0	1	1	1	4.121108055
359	0.7565239668	0.7565239668	0	0	1	1	1	4.121046066
360	0.7618502378	0.7618502378	0	0	1	1	1	4.121073246
361	0.7133515477	0.7133515477	0	0	1	1	1	4.121081829
362	0.680788517	0.680788517	0	0	1	1	1	4.121181965
363	0.6789824367	0.6789824367	0	0	1	1	1	4.121276855
364	0.7004072666	0.7004072666	0	0	1	1	1	4.121345997
365	0.6865686774	0.6865686774	0	0	1	1	1	4.121289253
366	0.6849275827	0.6849275827	0	0	1	1	1	4.121251583
367	0.6892482042	0.6892482042	0	0	1	1	1	4.121214867
368	0.7004018426	0.7004018426	0	0	1	1	1	4.121072292
369	0.6962069273	0.6962069273	0	0	1	1	1	4.121124744
370	0.6702193022	0.6702193022	0	0	1	1	1	4.121275425
371	0.661988616	0.661988616	0	0	1	1	1	4.121207237
372	0.6532793641	0.6532793641	0	0	1	1	1	4.121240616
373	0.6353533864	0.6353533864	0	0	1	1	1	4.121284008
374	0.6194911599	0.6194911599	0	0	1	1	1	4.12116003
375	0.6125081182	0.6125081182	0	0	1	1	1	4.121146202
376	0.6201704741	0.6201704741	0	0	1	1	1	4.121150494
377	0.6093342304	0.6093342304	0	0	1	1	1	4.121130943
378	0.6023613214	0.6023613214	0	0	1	1	1	4.121231556
379	0.5979675055	0.5979675055	0	0	1	1	1	4.121235371
380	0.5968357325	0.5968357325	0	0	1	1	1	4.121357441
381	0.585416019	0.585416019	0	0	1	1	1	4.121471405
382	0.5930607319	0.5930607319	0	0	1	1	1	4.121187687
383	0.5964285731	0.5964285731	0	0	1	1	1	4.121044159
384	0.6032509208	0.6032509208	0	0	1	1	1	4.121158123
385	0.5841282606	0.5841282606	0	0	1	1	1	4.121110916
386	0.5833058357	0.5833058357	0	0	1	1	1	4.121204376
387	0.5820496082	0.5820496082	0	0	1	1	1	4.1213274
388	0.5829672217	0.5829672217	0	0	1	1	1	4.121500492
389	0.5621289015	0.5621289015	0	0	1	1	1	4.121498108
390	0.5635724664	0.5635724664	0	0	1	1	1	4.12122488
391	0.5663122535	0.5663122535	0	0	1	1	1	4.121208191
392	0.5821167827	0.5821167827	0	0	1	1	1	4.121147156
393	0.5726022124	0.5726022124	0	0	1	1	1	4.121253967
394	0.5731022954	0.5731022954	0	0	1	1	1	4.121234894
395	0.5683174133	0.5683174133	0	0	1	1	1	4.121225834
396	0.5273317695	0.5273317695	0	0	1	1	1	4.12127161
397	0.462849021	0.462849021	0	0	1	1	1	4.121341228
398	0.4336822629	0.4336822629	0	0	1	1	1	4.121164799
399	0.4202276766	0.4202276766	0	0	1	1	1	4.121169567
400	0.4623286724	0.4623286724	0	0	1	1	1	4.121230125
401	0.4099502563	0.4099502563	0	0	1	1	1	4.121132851
402	0.4265476465	0.4265476465	0	0	1	1	1	4.121197701
403	0.4148913026	0.4148913026	0	0	1	1	1	4.121265411
404	0.4016777277	0.4016777277	0	0	1	1	1	4.121417046
405	0.3761858344	0.3761858344	0	0	1	1	1	4.121418953
406	0.3719527721	0.3719527721	0	0	1	1	1	4.121068954
407	0.384401679	0.384401679	0	0	1	1	1	4.121103287
408	0.3944876492	0.3944876492	0	0	1	1	1	4.121219635
409	0.3968676031	0.3968676031	0	0	1	1	1	4.121142387
410	0.4246971905	0.4246971905	0	0	1	1	1	4.121248722
411	0.4254859388	0.4254859388	0	0	1	1	1	4.121402264
412	0.4155069888	0.4155069888	0	0	1	1	1	4.121517181
413	0.3824178576	0.3824178576	0	0	1	1	1	4.12160778
414	0.3860910535	0.3860910535	0	0	1	1	1	4.121172905
415	0.4047887921	0.4047887921	0	0	1	1	1	4.121233463
416	0.4151652157	0.4151652157	0	0	1	1	1	4.121135712
417	0.4069567323	0.4069567323	0	0	1	1	1	4.121248722
418	0.4246073663	0.4246073663	0	0	1	1	1	4.121283531
419	0.4332604706	0.4332604706	0	0	1	1	1	4.121282101
420	0.4260805249	0.4260805249	0	0	1	1	1	4.121378899
421	0.4016567469	0.4016567469	0	0	1	1	1	4.121499538
422	0.3672154248	0.3672154248	0	0	1	1	1	4.121254444
423	0.3758981228	0.3758981228	0	0	1	1	1	4.121284962
424	0.3897342682	0.3897342682	0	0	1	1	1	4.121297359
425	0.3963545263	0.3963545263	0	0	1	1	1	4.121206284
426	0.3887011111	0.3887011111	0	0	1	1	1	4.121309757
427	0.3931699097	0.3931699097	0	0	1	1	1	4.121306419
428	0.3895522654	0.3895522654	0	0	1	1	1	4.121690273
429	0.3712547421	0.3712547421	0	0	1	1	1	4.121815205
430	0.3748802543	0.3748802543	0	0	1	1	1	4.121320724
431	0.3719518185	0.3719518185	0	0	1	1	1	4.121253014
432	0.3854790628	0.3854790628	0	0	1	1	1	4.121382713
433	0.3840844333	0.3840844333	0	0	1	1	1	4.121337891
434	0.3868589997	0.3868589997	0	0	1	1	1	4.12150383
435	0.3724173605	0.3724173605	0	0	1	1	1	4.121618271
436	0.3647244871	0.3647244871	0	0	1	1	1	4.121780872
437	0.3669578731	0.3669578731	0	0	1	1	1	4.121541977
438	0.3564338088	0.3564338088	0	0	1	1	1	4.121101856
439	0.3673112988	0.3673112988	0	0	1	1	1	4.12139225
440	0.3663918972	0.3663918972	0	0	1	1	1	4.121308327
441	0.3781735003	0.3781735003	0	0	1	1	1	4.121322632
442	0.3833598197	0.3833598197	0	0	1	1	1	4.121434689
443	0.4115092754	0.4115092754	0	0	1	1	1	4.121358395
444	0.398649931	0.398649931	0	0	1	1	1	4.121407032
445	0.3869734704	0.3869734704	0	0	1	1	1	4.121405602
446	0.3903185427	0.3903185427	0	0	1	1	1	4.121169567
447	0.4027493	0.4027493	0	0	1	1	1	4.121220112
448	0.3996667266	0.3996667266	0	0	1	1	1	4.121382236
449	0.3996758163	0.3996758163	0	0	1	1	1	4.121278286
450	0.4046322107	0.4046322107	0	0	1	1	1	4.121369362
451	0.3909020126	0.3909020126	0	0	1	1	1	4.121442318
452	0.39446944	0.39446944	0	0	1	1	1	4.121692657
453	0.3937375247	0.3937375247	0	0	1	1	1	4.121698856
454	0.3964861035	0.3964861035	0	0	1	1	1	4.121029377
455	0.4062696993	0.4062696993	0	0	1	1	1	4.121157169
456	0.3892204762	0.3892204762	0	0	1	1	1	4.121387005
457	0.384275794	0.384275794	0	0	1	1	1	4.121294498
458	0.3947350681	0.3947350681	0	0	1	1	1	4.12140274
459	0.4012967944	0.4012967944	0	0	1	1	1	4.121452332
460	0.393117547	0.393117547	0	0	1	1	1	4.121815205
461	0.3999008834	0.3999008834	0	0	1	1	1	4.121863365
462	0.4044303	0.4044303	0	0	1	1	1	4.121239662
463	0.4200720191	0.4200720191	0	0	1	1	1	4.121296406
464	0.4028826356	0.4028826356	0	0	1	1	1	4.121322632
465	0.387003988	0.387003988	0	0	1	1	1	4.121333599
466	0.3924733996	0.3924733996	0	0	1	1	1	4.121415138
467	0.4155588746	0.4155588746	0	0	1	1	1	4.121471882
468	0.402967453	0.402967453	0	0	1	1	1	4.121538639
469	0.3985168934	0.3985168934	0	0	1	1	1	4.121610165
470	0.4019694626	0.4019694626	0	0	1	1	1	4.121216297
471	0.4023840427	0.4023840427	0	0	1	1	1	4.121302128
472	0.3845911622	0.3845911622	0	0	1	1	1	4.121408939
473	0.362698853	0.362698853	0	0	1	1	1	4.121299267
474	0.3642584383	0.3642584383	0	0	1	1	1	4.121525288
475	0.3689543307	0.3689543307	0	0	1	1	1	4.121712685
476	0.3612888455	0.3612888455	0	0	1	1	1	4.121881962
477	0.3653179705	0.3653179705	0	0	1	1	1	4.121804237
478	0.4007627368	0.4007627368	0	0	1	1	1	4.121267796
479	0.3886850476	0.3886850476	0	0	1	1	1	4.121290684
480	0.3696982861	0.3696982861	0	0	1	1	1	4.121456146
481	0.3507890105	0.3507890105	0	0	1	1	1	4.121390343
482	0.3597970605	0.3597970605	0	0	1	1	1	4.121485233
483	0.3634386063	0.3634386063	0	0	1	1	1	4.121651649
484	0.3477634788	0.3477634788	0	0	1	1	1	4.121909142
485	0.3594369292	0.3594369292	0	0	1	1	1	4.12185812
486	0.3659707904	0.3659707904	0	0	1	1	1	4.121293545
487	0.3668129444	0.3668129444	0	0	1	1	1	4.121345043
488	0.334989965	0.334989965	0	0	1	1	1	4.121408939
489	0.3223811686	0.3223811686	0	0	1	1	1	4.1216259
490	0.3325510621	0.3325510621	0	0	1	1	1	4.1217556
491	0.3450089097	0.3450089097	0	0	1	1	1	4.121809959
492	0.3405161798	0.3405161798	0	0	1	1	1	4.121988773
493	0.3346225023	0.3346225023	0	0	1	1	1	4.12199831
494	0.3780815601	0.3780815601	0	0	1	1	1	4.121773243
495	0.3654215038	0.3654215038	0	0	1	1	1	4.121733665
496	0.3398137689	0.3398137689	0	0	1	1	1	4.121977806
497	0.323895812	0.323895812	0	0	1	1	1	4.121900082
498	0.3351708949	0.3351708949	0	0	1	1	1	4.122216225
499	0.3463710248	0.3463710248	0	0	1	1	1	4.122683048
500	0.3558871746	0.3558871746	0	0	1	1	1	4.122867584
501	0.3597884774	0.3597884774	0	0	1	1	1	4.122687817
502	0.4050086737	0.4050086737	0	0	1	1	1	4.121865273
503	0.3977538645	0.3977538645	0	0	1	1	1	4.121796131
504	0.3497428596	0.3497428596	0	0	1	1	1	4.122110844
505	0.3254428208	0.3254428208	0	0	1	1	1	4.121869087
506	0.3309461474	0.3309461474	0	0	1	1	1	4.122182846
507	0.3418467939	0.3418467939	0	0	1	1	1	4.122528076
508	0.3591746986	0.3591746986	0	0	1	1	1	4.122973919
509	0.3375323713	0.3375323713	0	0	1	1	1	4.122412682
510	0.3577446342	0.3577446342	0	0	1	1	1	4.122454643
511	0.3542372882	0.3542372882	0	0	1	1	1	4.121828079
512	0.3297108114	0.3297108114	0	0	1	1	1	4.12194252
513	0.3280361295	0.3280361295	0	0	1	1	1	4.122047424
514	0.3241932988	0.3241932988	0	0	1	1	1	4.122223854
515	0.351929158	0.351929158	0	0	1	1	1	4.12241888
516	0.3536653519	0.3536653519	0	0	1	1	1	4.122566223
517	0.355355382	0.355355382	0	0	1	1	1	4.12243557
518	0.4053539932	0.4053539932	0	0	1	1	1	4.122265816
519	0.4095403552	0.4095403552	0	0	1	1	1	4.121972084
520	0.3835485876	0.3835485876	0	0	1	1	1	4.122110844
521	0.36013785	0.36013785	0	0	1	1	1	4.122028351
522	0.3658047616	0.3658047616	0	0	1	1	1	4.12220192
523	0.3929370642	0.3929370642	0	0	1	1	1	4.122571468
524	0.4075224698	0.4075224698	0	0	1	1	1	4.122890472
525	0.4167533517	0.4167533517	0	0	1	1	1	4.122682095
526	0.4490270019	0.4490270019	0	0	1	1	1	4.122409821
527	0.4286651611	0.4286651611	0	0	1	1	1	4.122029781
528	0.4019907117	0.4019907117	0	0	1	1	1	4.122153282
529	0.3840947747	0.3840947747	0	0	1	1	1	4.122115135
530	0.3527815342	0.3527815342	0	0	1	1	1	4.12266016
531	0.3755701184	0.3755701184	0	0	1	1	1	4.122673988
532	0.3998302221	0.3998302221	0	0	1	1	1	4.123101711
533	0.427061975	0.427061975	0	0	1	1	1	4.122662067
534	0.4264402986	0.4264402986	0	0	1	1	1	4.122487545
535	0.3857571781	0.3857571781	0	0	1	1	1	4.122571468
536	0.3624952435	0.3624952435	0	0	1	1	1	4.122168541
537	0.381414324	0.381414324	0	0	1	1	1	4.122461796
538	0.3733571768	0.3733571768	0	0	1	1	1	4.122232914
539	0.395855397	0.395855397	0	0	1	1	1	4.122406006
540	0.393151015	0.393151015	0	0	1	1	1	4.122693062
541	0.4130838811	0.4130838811	0	0	1	1	1	4.122559547
542	0.4034496546	0.4034496546	0	0	1	1	1	4.122413635
543	0.3763567507	0.3763567507	0	0	1	1	1	4.122071743
544	0.3688055277	0.3688055277	0	0	1	1	1	4.122415066
545	0.3251930475	0.3251930475	0	0	1	1	1	4.122012615
546	0.3264330328	0.3264330328	0	0	1	1	1	4.122215271
547	0.3429841697	0.3429841697	0	0	1	1	1	4.122498989
548	0.3205965161	0.3205965161	0	0	1	1	1	4.122987747
549	0.319616586	0.319616586	0	0	1	1	1	4.122902393
550	0.3083013296	0.3083013296	0	0	1	1	1	4.122426033
551	0.2953256667	0.2953256667	0	0	1	1	1	4.122063637
552	0.2754234076	0.2754234076	0	0	1	1	1	4.122309208
553	0.2652390897	0.2652390897	0	0	1	1	1	4.122145653
554	0.2588585317	0.2588585317	0	0	1	1	1	4.122108459
555	0.2781579494	0.2781579494	0	0	1	1	1	4.122449398
556	0.2755430341	0.2755430341	0	0	1	1	1	4.122771263
557	0.272944361	0.272944361	0	0	1	1	1	4.122577667
558	0.2690315843	0.2690315843	0	0	1	1	1	4.12250185
559	0.2808070481	0.2808070481	0	0	1	1	1	4.121733665
560	0.2657802999	0.2657802999	0	0	1	1	1	4.122076035
561	0.2573062479	0.2573062479	0	0	1	1	1	4.122260571
562	0.2682951391	0.2682951391	0	0	1	1	1	4.122067928
563	0.284866482	0.284866482	0	0	1	1	1	4.122207642
564	0.2810851038	0.2810851038	0	0	1	1	1	4.122710705
565	0.2924268842	0.2924268842	0	0	1	1	1	4.122726917
566	0.3117545843	0.3117545843	0	0	1	1	1	4.122788906
567	0.310728997	0.310728997	0	0	1	1	1	4.122601032
568	0.3065239787	0.3065239787	0	0	1	1	1	4.122629166
569	0.289594233	0.289594233	0	0	1	1	1	4.122509956
570	0.3009987175	0.3009987175	0	0	1	1	1	4.12224102
571	0.2930763662	0.2930763662	0	0	1	1	1	4.122783184
572	0.2941402793	0.2941402793	0	0	1	1	1	4.123217106
573	0.2986359	0.2986359	0	0	1	1	1	4.12326622
574	0.2868294418	0.2868294418	0	0	1	1	1	4.123260498
575	0.2942745984	0.2942745984	0	0	1	1	1	4.122837067
576	0.3024941385	0.3024941385	0	0	1	1	1	4.122753143
577	0.3015147746	0.3015147746	0	0	1	1	1	4.122275829
578	0.3134688735	0.3134688735	0	0	1	1	1	4.122611046
579	0.3210209608	0.3210209608	0	0	1	1	1	4.122775078
580	0.3356324732	0.3356324732	0	0	1	1	1	4.123417854
581	0.3441154957	0.3441154957	0	0	1	1	1	4.122998714
582	0.3391712606	0.3391712606	0	0	1	1	1	4.122796535
583	0.3460029066	0.3460029066	0	0	1	1	1	4.122255325
584	0.3699050546	0.3699050546	0	0	1	1	1	4.122588634
585	0.3592188358	0.3592188358	0	0	1	1	1	4.122708797
586	0.3720096946	0.3720096946	0	0	1	1	1	4.122267723
587	0.3725310564	0.3725310564	0	0	1	1	1	4.122284889
588	0.3659335673	0.3659335673	0	0	1	1	1	4.123239517
589	0.3661182225	0.3661182225	0	0	1	1	1	4.12293005
590	0.3671842813	0.3671842813	0	0	1	1	1	4.122591972
591	0.3824076951	0.3824076951	0	0	1	1	1	4.122319221
592	0.3821727633	0.3821727633	0	0	1	1	1	4.122367382
593	0.3783146739	0.3783146739	0	0	1	1	1	4.122402191
594	0.3821576536	0.3821576536	0	0	1	1	1	4.122297287
595	0.3829095364	0.3829095364	0	0	1	1	1	4.122550011
596	0.3952384293	0.3952384293	0	0	1	1	1	4.123391151
597	0.3997143209	0.3997143209	0	0	1	1	1	4.123024464
598	0.3982414901	0.3982414901	0	0	1	1	1	4.122823715
599	0.3797306418	0.3797306418	0	0	1	1	1	4.122048378
600	0.3881505728	0.3881505728	0	0	1	1	1	4.122486591
601	0.3849422038	0.3849422038	0	0	1	1	1	4.122317314
602	0.3808014393	0.3808014393	0	0	1	1	1	4.122188568
603	0.3878437281	0.3878437281	0	0	1	1	1	4.122684956
604	0.3892598748	0.3892598748	0	0	1	1	1	4.122831345
605	0.3822208643	0.3822208643	0	0	1	1	1	4.122866154
606	0.3740803301	0.3740803301	0	0	1	1	1	4.122470856
607	0.3772521317	0.3772521317	0	0	1	1	1	4.121839046
608	0.3789109588	0.3789109588	0	0	1	1	1	4.122097015
609	0.3842687607	0.3842687607	0	0	1	1	1	4.122364044
610	0.4057192504	0.4057192504	0	0	1	1	1	4.122254372
611	0.4523851871	0.4523851871	0	0	1	1	1	4.122125626
612	0.4457901418	0.4457901418	0	0	1	1	1	4.122500896
613	0.4617559314	0.4617559314	0	0	1	1	1	4.12243557
614	0.4844528735	0.4844528735	0	0	1	1	1	4.122180462
615	0.5160391927	0.5160391927	0	0	1	1	1	4.121860981
616	0.5324697495	0.5324697495	0	0	1	1	1	4.122166157
617	0.5214750171	0.5214750171	0	0	1	1	1	4.122088432
618	0.5267480612	0.5267480612	0	0	1	1	1	4.121939659
619	0.5403565168	0.5403565168	0	0	1	1	1	4.1221838
620	0.5385764837	0.5385764837	0	0	1	1	1	4.122738361
621	0.5237590075	0.5237590075	0	0	1	1	1	4.122690678
622	0.5267901421	0.5267901421	0	0	1	1	1	4.122281075
623	0.5492397547	0.5492397547	0	0	1	1	1	4.121836185
624	0.5549273491	0.5549273491	0	0	1	1	1	4.122040749
625	0.5274865031	0.5274865031	0	0	1	1	1	4.122115135
626	0.5214372277	0.5214372277	0	0	1	1	1	4.122172832
627	0.5683243275	0.5683243275	0	0	1	1	1	4.122334003
628	0.5458347797	0.5458347797	0	0	1	1	1	4.122837067
629	0.519316256	0.519316256	0	0	1	1	1	4.122378349
630	0.497757107	0.497757107	0	0	1	1	1	4.122117996
631	0.5153026581	0.5153026581	0	0	1	1	1	4.121875763
632	0.536393404	0.536393404	0	0	1	1	1	4.121815205
633	0.5009108186	0.5009108186	0	0	1	1	1	4.122191429
634	0.5126535296	0.5126535296	0	0	1	1	1	4.12202549
635	0.6060838103	0.6060838103	0	0	1	1	1	4.121915817
636	0.5660269856	0.5660269856	0	0	1	1	1	4.122122765
637	0.6253550649	0.6253550649	0	0	1	1	1	4.122237206
638	0.6334791183	0.6334791183	0	0	1	1	1	4.122447491
639	0.6686657667	0.6686657667	0	0	1	1	1	4.122239113
640	0.7001493573	0.7001493573	0	0	1	1	1	4.122061253
641	0.659121573	0.659121573	0	0	1	1	1	4.122270107
642	0.6602624059	0.6602624059	0	0	1	1	1	4.122271538
643	0.6662068367	0.6662068367	0	0	1	1	1	4.122168541
644	0.659044385	0.659044385	0	0	1	1	1	4.122766972
645	0.668010354	0.668010354	0	0	1	1	1	4.123048306
646	0.678183496	0.678183496	0	0	1	1	1	4.122866631
647	0.6831687093	0.6831687093	0	0	1	1	1	4.122135162
648	0.6830614805	0.6830614805	0	0	1	1	1	4.122392178
649	0.6550275087	0.6550275087	0	0	1	1	1	4.122616768
650	0.6701857448	0.6701857448	0	0	1	1	1	4.122603416
651	0.6764121056	0.6764121056	0	0	1	1	1	4.122614384
652	0.6819922328	0.6819922328	0	0	1	1	1	4.122900963
653	0.7014366984	0.7014366984	0	0	1	1	1	4.12308979
654	0.7074542046	0.7074542046	0	0	1	1	1	4.122878075
655	0.7078764439	0.7078764439	0	0	1	1	1	4.122544289
656	0.712258637	0.712258637	0	0	1	1	1	4.121991634
657	0.6901491284	0.6901491284	0	0	1	1	1	4.122605801
658	0.7139019966	0.7139019966	0	0	1	1	1	4.122327328
659	0.7489222288	0.7489222288	0	0	1	1	1	4.122148037
660	0.759316802	0.759316802	0	0	1	1	1	4.122357845
661	0.8021329045	0.8021329045	0	0	1	1	1	4.122268677
662	0.8080480695	0.8080480695	0	0	1	1	1	4.122112274
663	0.816971004	0.816971004	0	0	1	1	1	4.121955872
664	0.8286973834	0.8286973834	0	0	1	1	1	4.122164249
665	0.8126593232	0.8126593232	0	0	1	1	1	4.121994019
666	0.8124502301	0.8124502301	0	0	1	1	1	4.122013092
667	0.8214408159	0.8214408159	0	0	1	1	1	4.122136593
668	0.8218260407	0.8218260407	0	0	1	1	1	4.122627735
669	0.8460462689	0.8460462689	0	0	1	1	1	4.122447491
670	0.8469877839	0.8469877839	0	0	1	1	1	4.122141361
671	0.8659659028	0.8659659028	0	0	1	1	1	4.122173786
672	0.8352968097	0.8352968097	0	0	1	1	1	4.122260094
673	0.8342971802	0.8342971802	0	0	1	1	1	4.122226238
674	0.8440514803	0.8440514803	0	0	1	1	1	4.122133732
675	0.8627938032	0.8627938032	0	0	1	1	1	4.122436523
676	0.8544669151	0.8544669151	0	0	1	1	1	4.122551918
677	0.8607410192	0.8607410192	0	0	1	1	1	4.1226511
678	0.8439393044	0.8439393044	0	0	1	1	1	4.12207222
679	0.8761534691	0.8761534691	0	0	1	1	1	4.122134209
680	0.857213676	0.857213676	0	0	1	1	1	4.121973991
681	0.8472678661	0.8472678661	0	0	1	1	1	4.122117996
682	0.8927676082	0.8927676082	0	0	1	1	1	4.122087002
683	0.9034905434	0.9034905434	0	0	1	1	1	4.121979713
684	0.9290744066	0.9290744066	0	0	1	1	1	4.122124672
685	0.9293689728	0.9293689728	0	0	1	1	1	4.12238121
686	0.9098595977	0.9098595977	0	0	1	1	1	4.121884346
687	0.9948449135	0.9948449135	0	0	1	1	1	4.12179184
688	0.9553710222	0.9553710222	0	0	1	1	1	4.121822357
689	0.9349171519	0.9349171519	0	0	1	1	1	4.121953487
690	0.9343447685	0.9343447685	0	0	1	1	1	4.12189579
691	0.9488694072	0.9488694072	0	0	1	1	1	4.121941566
692	0.9622267485	0.9622267485	0	0	1	1	1	4.122123241
693	0.9631448388	0.9631448388	0	0	1	1	1	4.122767448
694	0.9641593695	0.9641593695	0	0	1	1	1	4.122194767
695	0.9656441808	0.9656441808	0	0	1	1	1	4.121963978
696	0.9499017	0.9499017	0	0	1	1	1	4.122104645
697	0.9444390535	0.9444390535	0	0	1	1	1	4.122028351
698	0.9435782433	0.9435782433	0	0	1	1	1	4.122182846
699	0.9316851497	0.9316851497	0	0	1	1	1	4.122324944
700	0.9224247932	0.9224247932	0	0	1	1	1	4.122376919
701	0.9325487018	0.9325487018	0	0	1	1	1	4.122573376
702	0.9728133678	0.9728133678	0	0	1	1	1	4.122031212
703	0.9369646907	0.9369646907	0	0	1	1	1	4.122122765
704	0.9330565333	0.9330565333	0	0	1	1	1	4.122289181
705	0.9401982427	0.9401982427	0	0	1	1	1	4.122220516
706	0.921276629	0.921276629	0	0	1	1	1	4.121875763
707	0.913708806	0.913708806	0	0	1	1	1	4.121883392
708	0.907692492	0.907692492	0	0	1	1	1	4.121832371
709	0.9337561727	0.9337561727	0	0	1	1	1	4.121991158
710	0.9639061689	0.9639061689	0	0	1	1	1	4.121673584
711	0.9801369905	0.9801369905	0	0	1	1	1	4.121583462
712	1.028032899	1.028032899	0	0	1	1	1	4.121854782
713	0.9591460228	0.9591460228	0	0	1	1	1	4.121926308
714	0.9381412268	0.9381412268	0	0	1	1	1	4.121880531
715	0.9622308612	0.9622308612	0	0	1	1	1	4.122073174
716	0.9528007507	0.9528007507	0	0	1	1	1	4.122192383
717	0.9605151415	0.9605151415	0	0	1	1	1	4.122414589
718	0.9364395142	0.9364395142	0	0	1	1	1	4.121747494
719	0.9370386004	0.9370386004	0	0	1	1	1	4.12154007
720	0.9321476817	0.9321476817	0	0	1	1	1	4.121815205
721	0.9119663239	0.9119663239	0	0	1	1	1	4.122019768
722	0.9272986054	0.9272986054	0	0	1	1	1	4.121925354
723	0.9431477785	0.9431477785	0	0	1	1	1	4.122371674
724	0.9364179969	0.9364179969	0	0	1	1	1	4.122586727
725	0.9365389943	0.9365389943	0	0	1	1	1	4.122432232
726	0.9006296992	0.9006296992	0	0	1	1	1	4.12168026
727	0.9408327937	0.9408327937	0	0	1	1	1	4.121611595
728	0.9492026567	0.9492026567	0	0	1	1	1	4.121827126
729	0.9525011778	0.9525011778	0	0	1	1	1	4.121996403
730	0.9475562572	0.9475562572	0	0	1	1	1	4.12166357
731	0.9418696165	0.9418696165	0	0	1	1	1	4.121860504
732	0.9123743773	0.9123743773	0	0	1	1	1	4.121791363
733	0.9429987669	0.9429987669	0	0	1	1	1	4.121889591
734	0.9058553576	0.9058553576	0	0	1	1	1	4.121400833
735	0.9086492658	0.9086492658	0	0	1	1	1	4.121418953
736	0.9116633534	0.9116633534	0	0	1	1	1	4.121652126
737	0.8988986015	0.8988986015	0	0	1	1	1	4.12159586
738	0.9133162498	0.9133162498	0	0	1	1	1	4.121652603
739	0.9151590466	0.9151590466	0	0	1	1	1	4.121881485
740	0.9191838503	0.9191838503	0	0	1	1	1	4.121945381
741	0.9196653962	0.9196653962	0	0	1	1	1	4.122028351
742	0.9343670607	0.9343670607	0	0	1	1	1	4.121414185
743	0.9343283772	0.9343283772	0	0	1	1	1	4.121335506
744	0.9064156413	0.9064156413	0	0	1	1	1	4.121583939
745	0.8937218189	0.8937218189	0	0	1	1	1	4.121571541
746	0.8938803077	0.8938803077	0	0	1	1	1	4.121649742
747	0.9103447795	0.9103447795	0	0	1	1	1	4.121944427
748	0.8756684065	0.8756684065	0	0	1	1	1	4.121921539
749	0.8849416375	0.8849416375	0	0	1	1	1	4.122020721
750	0.8815128803	0.8815128803	0	0	1	1	1	4.121453285
751	0.8765611053	0.8765611053	0	0	1	1	1	4.121419907
752	0.8622815013	0.8622815013	0	0	1	1	1	4.121480465
753	0.8714897633	0.8714897633	0	0	1	1	1	4.121702671
754	0.8720581532	0.8720581532	0	0	1	1	1	4.121687889
755	0.8611651063	0.8611651063	0	0	1	1	1	4.121737957
756	0.806876421	0.806876421	0	0	1	1	1	4.121598244
757	0.7827242613	0.7827242613	0	0	1	1	1	4.121692657
758	0.7799653411	0.7799653411	0	0	1	1	1	4.121386051
759	0.7887874842	0.7887874842	0	0	1	1	1	4.121262074
760	0.7732783556	0.7732783556	0	0	1	1	1	4.121424675
761	0.7574800849	0.7574800849	0	0	1	1	1	4.121470928
762	0.7448927164	0.7448927164	0	0	1	1	1	4.121563911
763	0.7804312706	0.7804312706	0	0	1	1	1	4.12176609
764	0.7500748634	0.7500748634	0	0	1	1	1	4.121730804
765	0.7545679808	0.7545679808	0	0	1	1	1	4.12202549
766	0.7756701708	0.7756701708	0	0	1	1	1	4.121346951
767	0.7702487111	0.7702487111	0	0	1	1	1	4.121235371
768	0.7617591023	0.7617591023	0	0	1	1	1	4.121413231
769	0.7394794822	0.7394794822	0	0	1	1	1	4.121518135
770	0.7140392065	0.7140392065	0	0	1	1	1	4.121616364
771	0.7631567121	0.7631567121	0	0	1	1	1	4.121808529
772	0.719707489	0.719707489	0	0	1	1	1	4.121878624
773	0.7218491435	0.7218491435	0	0	1	1	1	4.121887684
774	0.7124281526	0.7124281526	0	0	1	1	1	4.121311665
775	0.7287325859	0.7287325859	0	0	1	1	1	4.1213274
776	0.7206739187	0.7206739187	0	0	1	1	1	4.121370792
777	0.7022036314	0.7022036314	0	0	1	1	1	4.121547699
778	0.7226775289	0.7226775289	0	0	1	1	1	4.121504784
779	0.741689384	0.741689384	0	0	1	1	1	4.121686459
780	0.659404099	0.659404099	0	0	1	1	1	4.121623516
781	0.6645522118	0.6645522118	0	0	1	1	1	4.121633053
782	0.6560720801	0.6560720801	0	0	1	1	1	4.121265411
783	0.6554176211	0.6554176211	0	0	1	1	1	4.121207237
784	0.6346921325	0.6346921325	0	0	1	1	1	4.121304512
785	0.6097975373	0.6097975373	0	0	1	1	1	4.121442795
786	0.604570508	0.604570508	0	0	1	1	1	4.121546268
787	0.6144034266	0.6144034266	0	0	1	1	1	4.121735573
788	0.6033354998	0.6033354998	0	0	1	1	1	4.121842384
789	0.6256272197	0.6256272197	0	0	1	1	1	4.121773243
790	0.6215635538	0.6215635538	0	0	1	1	1	4.121271133
791	0.6447722316	0.6447722316	0	0	1	1	1	4.121183872
792	0.6164891124	0.6164891124	0	0	1	1	1	4.121359825
793	0.6086427569	0.6086427569	0	0	1	1	1	4.121472836
794	0.5993564129	0.5993564129	0	0	1	1	1	4.121598721
795	0.6253259182	0.6253259182	0	0	1	1	1	4.1216259
796	0.6088067293	0.6088067293	0	0	1	1	1	4.121802807
797	0.5945778489	0.5945778489	0	0	1	1	1	4.121700287
798	0.6153537035	0.6153537035	0	0	1	1	1	4.121236324
799	0.6370908618	0.6370908618	0	0	1	1	1	4.121229649
800	0.6413272023	0.6413272023	0	0	1	1	1	4.121318817
801	0.6604949236	0.6604949236	0	0	1	1	1	4.121552944
802	0.6426015496	0.6426015496	0	0	1	1	1	4.12156868
803	0.6728836894	0.6728836894	0	0	1	1	1	4.12154007
804	0.5858435631	0.5858435631	0	0	1	1	1	4.121684074
805	0.5596593022	0.5596593022	0	0	1	1	1	4.121598244
806	0.5309399366	0.5309399366	0	0	1	1	1	4.121241093
807	0.5884429216	0.5884429216	0	0	1	1	1	4.121228218
808	0.6155478358	0.6155478358	0	0	1	1	1	4.121372223
809	0.5508827567	0.5508827567	0	0	1	1	1	4.121405602
810	0.491722554	0.491722554	0	0	1	1	1	4.121581554
811	0.4915373623	0.4915373623	0	0	1	1	1	4.121618271
812	0.4479622245	0.4479622245	0	0	1	1	1	4.121760368
813	0.4848403037	0.4848403037	0	0	1	1	1	4.121748924
814	0.4827274084	0.4827274084	0	0	1	1	1	4.121310711
815	0.5254151225	0.5254151225	0	0	1	1	1	4.121171474
816	0.5093860626	0.5093860626	0	0	1	1	1	4.121312618
817	0.4954355359	0.4954355359	0	0	1	1	1	4.121368885
818	0.4993451834	0.4993451834	0	0	1	1	1	4.121520519
819	0.5280877948	0.5280877948	0	0	1	1	1	4.121624947
820	0.514026165	0.514026165	0	0	1	1	1	4.121682644
821	0.5050159693	0.5050159693	0	0	1	1	1	4.121657372
822	0.4702959657	0.4702959657	0	0	1	1	1	4.121293068
823	0.5106568933	0.5106568933	0	0	1	1	1	4.121179581
824	0.5244956017	0.5244956017	0	0	1	1	1	4.121321678
825	0.5328693986	0.5328693986	0	0	1	1	1	4.121431351
826	0.528412044	0.528412044	0	0	1	1	1	4.121518612
827	0.5633838177	0.5633838177	0	0	1	1	1	4.121501446
828	0.539044857	0.539044857	0	0	1	1	1	4.121546745
829	0.5064556599	0.5064556599	0	0	1	1	1	4.121608257
830	0.493704617	0.493704617	0	0	1	1	1	4.121301651
831	0.5168336034	0.5168336034	0	0	1	1	1	4.121204376
832	0.5431229472	0.5431229472	0	0	1	1	1	4.121320724
833	0.4608053565	0.4608053565	0	0	1	1	1	4.121332645
834	0.419013381	0.419013381	0	0	1	1	1	4.121459961
835	0.4476406872	0.4476406872	0	0	1	1	1	4.121589184
836	0.4288436472	0.4288436472	0	0	1	1	1	4.121774197
837	0.4682000577	0.4682000577	0	0	1	1	1	4.121832371
838	0.4486674666	0.4486674666	0	0	1	1	1	4.12134409
839	0.4848866165	0.4848866165	0	0	1	1	1	4.121225357
840	0.4970677197	0.4970677197	0	0	1	1	1	4.121323109
841	0.4573853314	0.4573853314	0	0	1	1	1	4.121329308
842	0.4622749686	0.4622749686	0	0	1	1	1	4.121440411
843	0.4905059934	0.4905059934	0	0	1	1	1	4.121509552
844	0.4977682531	0.4977682531	0	0	1	1	1	4.12186718
845	0.5061404705	0.5061404705	0	0	1	1	1	4.121735573
846	0.5188847184	0.5188847184	0	0	1	1	1	4.121268749
847	0.5675839186	0.5675839186	0	0	1	1	1	4.121127129
848	0.5667043924	0.5667043924	0	0	1	1	1	4.121191502
849	0.5328888297	0.5328888297	0	0	1	1	1	4.121469975
850	0.5113505125	0.5113505125	0	0	1	1	1	4.121519089
851	0.5390805602	0.5390805602	0	0	1	1	1	4.121490479
852	0.5337464213	0.5337464213	0	0	1	1	1	4.12169075
853	0.5294643641	0.5294643641	0	0	1	1	1	4.121838093
854	0.5083958507	0.5083958507	0	0	1	1	1	4.121517181
855	0.604896009	0.604896009	0	0	1	1	1	4.121378899
856	0.6241722107	0.6241722107	0	0	1	1	1	4.121435642
857	0.5993348956	0.5993348956	0	0	1	1	1	4.121364594
858	0.5343260169	0.5343260169	0	0	1	1	1	4.121507168
859	0.5411076546	0.5411076546	0	0	1	1	1	4.12152195
860	0.5429154634	0.5429154634	0	0	1	1	1	4.121841908
861	0.5252056718	0.5252056718	0	0	1	1	1	4.122077465
862	0.5630530715	0.5630530715	0	0	1	1	1	4.121527672
863	0.6209320426	0.6209320426	0	0	1	1	1	4.121376514
864	0.6385529637	0.6385529637	0	0	1	1	1	4.121398449
865	0.5851742625	0.5851742625	0	0	1	1	1	4.121436119
866	0.5493744612	0.5493744612	0	0	1	1	1	4.121535301
867	0.5783494711	0.5783494711	0	0	1	1	1	4.121493816
868	0.5711944103	0.5711944103	0	0	1	1	1	4.121768951
869	0.5460276604	0.5460276604	0	0	1	1	1	4.121727467
870	0.554998517	0.554998517	0	0	1	1	1	4.121400833
871	0.5910209417	0.5910209417	0	0	1	1	1	4.121209145
872	0.5803605318	0.5803605318	0	0	1	1	1	4.12126255
873	0.5621423125	0.5621423125	0	0	1	1	1	4.121397972
874	0.5033813715	0.5033813715	0	0	1	1	1	4.121379375
875	0.5263420939	0.5263420939	0	0	1	1	1	4.12142992
876	0.5726536512	0.5726536512	0	0	1	1	1	4.121619225
877	0.6045004725	0.6045004725	0	0	1	1	1	4.121814251
878	0.6287095547	0.6287095547	0	0	1	1	1	4.121564388
879	0.6213650703	0.6213650703	0	0	1	1	1	4.121421814
880	0.6688238382	0.6688238382	0	0	1	1	1	4.121529579
881	0.602833271	0.602833271	0	0	1	1	1	4.121471882
882	0.5751351118	0.5751351118	0	0	1	1	1	4.121551514
883	0.5821954012	0.5821954012	0	0	1	1	1	4.121601582
884	0.6007252932	0.6007252932	0	0	1	1	1	4.12171793
885	0.6017488837	0.6017488837	0	0	1	1	1	4.122234344
886	0.6167387962	0.6167387962	0	0	1	1	1	4.121804237
887	0.6565170288	0.6565170288	0	0	1	1	1	4.12151432
888	0.6671515703	0.6671515703	0	0	1	1	1	4.121500492
889	0.6218563318	0.6218563318	0	0	1	1	1	4.121535778
890	0.5756441951	0.5756441951	0	0	1	1	1	4.121544838
891	0.5796461701	0.5796461701	0	0	1	1	1	4.121595383
892	0.5932793617	0.5932793617	0	0	1	1	1	4.121698856
893	0.5315375328	0.5315375328	0	0	1	1	1	4.121955395
894	0.5528094769	0.5528094769	0	0	1	1	1	4.121716976
895	0.5905694962	0.5905694962	0	0	1	1	1	4.121771812
896	0.6127240658	0.6127240658	0	0	1	1	1	4.121625423
897	0.5356772542	0.5356772542	0	0	1	1	1	4.121594906
898	0.5258495212	0.5258495212	0	0	1	1	1	4.121722698
899	0.5448334217	0.5448334217	0	0	1	1	1	4.121703625
900	0.5553252697	0.5553252697	0	0	1	1	1	4.122148991
901	0.5585082769	0.5585082769	0	0	1	1	1	4.122483253
902	0.5791631341	0.5791631341	0	0	1	1	1	4.122453213
903	0.5917513967	0.5917513967	0	0	1	1	1	4.122338772
904	0.6213110089	0.6213110089	0	0	1	1	1	4.122244835
905	0.5794197917	0.5794197917	0	0	1	1	1	4.12215519
906	0.544965148	0.544965148	0	0	1	1	1	4.122040749
907	0.5659051538	0.5659051538	0	0	1	1	1	4.122141361
908	0.5817671418	0.5817671418	0	0	1	1	1	4.122717857
909	0.5817007422	0.5817007422	0	0	1	1	1	4.123220921
910	0.5547302961	0.5547302961	0	0	1	1	1	4.122772694
911	0.5867601633	0.5867601633	0	0	1	1	1	4.122384071
912	0.6005445123	0.6005445123	0	0	1	1	1	4.122354984
913	0.549441576	0.549441576	0	0	1	1	1	4.122318268
914	0.5327965617	0.5327965617	0	0	1	1	1	4.122478962
915	0.5618408918	0.5618408918	0	0	1	1	1	4.12241745
916	0.572016418	0.572016418	0	0	1	1	1	4.122865677
917	0.5281453729	0.5281453729	0	0	1	1	1	4.123216629
918	0.5281742811	0.5281742811	0	0	1	1	1	4.123196125
919	0.5272877216	0.5272877216	0	0	1	1	1	4.122805119
920	0.5320874453	0.5320874453	0	0	1	1	1	4.122336864
921	0.5211802721	0.5211802721	0	0	1	1	1	4.122814178
922	0.5636836886	0.5636836886	0	0	1	1	1	4.122395039
923	0.5881696343	0.5881696343	0	0	1	1	1	4.122291565
924	0.5875607729	0.5875607729	0	0	1	1	1	4.12301302
925	0.7001431584	0.7001431584	0	0	1	1	1	4.122910976
926	0.627353549	0.627353549	0	0	1	1	1	4.122891903
927	0.6222853661	0.6222853661	0	0	1	1	1	4.122534275
928	0.6351597905	0.6351597905	0	0	1	1	1	4.122587204
929	0.6051493883	0.6051493883	0	0	1	1	1	4.122549534
930	0.5968934298	0.5968934298	0	0	1	1	1	4.122606754
931	0.6100110412	0.6100110412	0	0	1	1	1	4.122563839
932	0.5990496278	0.5990496278	0	0	1	1	1	4.123308659
933	0.6085158587	0.6085158587	0	0	1	1	1	4.123435497
934	0.6137037873	0.6137037873	0	0	1	1	1	4.123140812
935	0.6159294248	0.6159294248	0	0	1	1	1	4.122961521
936	0.5836516619	0.5836516619	0	0	1	1	1	4.123221397
937	0.5584326982	0.5584326982	0	0	1	1	1	4.12315321
938	0.5826117992	0.5826117992	0	0	1	1	1	4.123142242
939	0.5674536824	0.5674536824	0	0	1	1	1	4.123198032
940	0.5939256549	0.5939256549	0	0	1	1	1	4.123565674
941	0.5673491955	0.5673491955	0	0	1	1	1	4.123511314
942	0.5520275235	0.5520275235	0	0	1	1	1	4.123298168
943	0.5552437305	0.5552437305	0	0	1	1	1	4.123170376
944	0.5400395393	0.5400395393	0	0	1	1	1	4.123289585
945	0.5339587331	0.5339587331	0	0	1	1	1	4.123391151
946	0.592408061	0.592408061	0	0	1	1	1	4.123321533
947	0.583671689	0.583671689	0	0	1	1	1	4.123325825
948	0.5797068477	0.5797068477	0	0	1	1	1	4.123524666
949	0.5570716262	0.5570716262	0	0	1	1	1	4.123562813
950	0.549423337	0.549423337	0	0	1	1	1	4.123131752
951	0.5727023482	0.5727023482	0	0	1	1	1	4.122808933
952	0.5659552813	0.5659552813	0	0	1	1	1	4.123375416
953	0.5968570709	0.5968570709	0	0	1	1	1	4.123111248
954	0.5941926837	0.5941926837	0	0	1	1	1	4.123265743
955	0.5761047006	0.5761047006	0	0	1	1	1	4.123234749
956	0.6354203224	0.6354203224	0	0	1	1	1	4.123552799
957	0.614674449	0.614674449	0	0	1	1	1	4.123576164
958	0.5946664214	0.5946664214	0	0	1	1	1	4.123307705
959	0.5964493752	0.5964493752	0	0	1	1	1	4.12328434
960	0.6002552509	0.6002552509	0	0	1	1	1	4.123570442
961	0.5675361753	0.5675361753	0	0	1	1	1	4.12331295
962	0.5957230926	0.5957230926	0	0	1	1	1	4.123455048
963	0.6072087884	0.6072087884	0	0	1	1	1	4.123362064
964	0.6061078906	0.6061078906	0	0	1	1	1	4.123738766
965	0.5731962919	0.5731962919	0	0	1	1	1	4.123763084
966	0.5758370161	0.5758370161	0	0	1	1	1	4.123618126
967	0.5755252838	0.5755252838	0	0	1	1	1	4.12305069
968	0.5743125081	0.5743125081	0	0	1	1	1	4.123239994
969	0.5879489183	0.5879489183	0	0	1	1	1	4.123321533
970	0.5970137715	0.5970137715	0	0	1	1	1	4.12335062
971	0.5481215119	0.5481215119	0	0	1	1	1	4.12328577
972	0.5489417315	0.5489417315	0	0	1	1	1	4.123281479
973	0.4968001842	0.4968001842	0	0	1	1	1	4.123281956
974	0.4772232473	0.4772232473	0	0	1	1	1	4.122821808
975	0.4976410568	0.4976410568	0	0	1	1	1	4.122533798
976	0.5015342236	0.5015342236	0	0	1	1	1	4.123232365
977	0.476483196	0.476483196	0	0	1	1	1	4.122766972
978	0.5049395561	0.5049395561	0	0	1	1	1	4.122900486
979	0.4856365621	0.4856365621	0	0	1	1	1	4.12318325
980	0.5185754895	0.5185754895	0	0	1	1	1	4.123419762
981	0.4796857834	0.4796857834	0	0	1	1	1	4.123486042
982	0.5043530464	0.5043530464	0	0	1	1	1	4.123217583
983	0.4992503226	0.4992503226	0	0	1	1	1	4.12266016
984	0.459372282	0.459372282	0	0	1	1	1	4.123288631
985	0.4318780303	0.4318780303	0	0	1	1	1	4.122847557
986	0.466262728	0.466262728	0	0	1	1	1	4.123125553
987	0.4803361297	0.4803361297	0	0	1	1	1	4.123222828
988	0.5076602697	0.5076602697	0	0	1	1	1	4.123402596
989	0.4626145959	0.4626145959	0	0	1	1	1	4.123311043
990	0.4970620573	0.4970620573	0	0	1	1	1	4.12263155
991	0.4681623876	0.4681623876	0	0	1	1	1	4.122983932
992	0.4581958354	0.4581958354	0	0	1	1	1	4.122929573
993	0.4809724689	0.4809724689	0	0	1	1	1	4.122763634
994	0.4940677881	0.4940677881	0	0	1	1	1	4.122723579
995	0.5226649046	0.5226649046	0	0	1	1	1	4.12280941
996	0.5739024878	0.5739024878	0	0	1	1	1	4.122963905
997	0.546413064	0.546413064	0	0	1	1	1	4.12294817
998	0.5837944746	0.5837944746	0	0	1	1	1	4.122366905
999	0.577752769	0.577752769	0	0	1	1	1	4.122294426
1000	0.5983687043	0.5983687043	0	0	1	1	1	4.12293005
1001	0.6104279757	0.6104279757	0	0	1	1	1	4.122173786
1002	0.6099425554	0.6099425554	0	0	1	1	1	4.122267723
1003	0.617620647	0.617620647	0	0	1	1	1	4.12263298
1004	0.6020592451	0.6020592451	0	0	1	1	1	4.122992516
1005	0.6070638299	0.6070638299	0	0	1	1	1	4.122948647
1006	0.6101791859	0.6101791859	0	0	1	1	1	4.122423649
1007	0.600211978	0.600211978	0	0	1	1	1	4.122178078
1008	0.5983966589	0.5983966589	0	0	1	1	1	4.122890949
1009	0.613697052	0.613697052	0	0	1	1	1	4.122173309
1010	0.6201497316	0.6201497316	0	0	1	1	1	4.122545242
1011	0.6386771202	0.6386771202	0	0	1	1	1	4.122808456
1012	0.654974997	0.654974997	0	0	1	1	1	4.122929096
1013	0.6554936767	0.6554936767	0	0	1	1	1	4.122887611
1014	0.6616917849	0.6616917849	0	0	1	1	1	4.122330189
1015	0.6795215607	0.6795215607	0	0	1	1	1	4.122696877
1016	0.689473331	0.689473331	0	0	1	1	1	4.122390747
1017	0.6878805161	0.6878805161	0	0	1	1	1	4.122463226
1018	0.697645843	0.697645843	0	0	1	1	1	4.122244835
1019	0.6980679631	0.6980679631	0	0	1	1	1	4.122368813
1020	0.6901805401	0.6901805401	0	0	1	1	1	4.122359276
1021	0.6545031071	0.6545031071	0	0	1	1	1	4.122632504
1022	0.6756819487	0.6756819487	0	0	1	1	1	4.122218609
1023	0.6871054173	0.6871054173	0	0	1	1	1	4.122014523
1024	0.6997610927	0.6997610927	0	0	1	1	1	4.122575283
1025	0.690738678	0.690738678	0	0	1	1	1	4.121901512
1026	0.703638196	0.703638196	0	0	1	1	1	4.12210083
1027	0.7045753598	0.7045753598	0	0	1	1	1	4.122361183
1028	0.6956077814	0.6956077814	0	0	1	1	1	4.122504234
1029	0.6849200726	0.6849200726	0	0	1	1	1	4.122653961
1030	0.6551617384	0.6551617384	0	0	1	1	1	4.121983528
1031	0.6700760722	0.6700760722	0	0	1	1	1	4.121846676
1032	0.6630509496	0.6630509496	0	0	1	1	1	4.122320175
1033	0.6908549666	0.6908549666	0	0	1	1	1	4.121942997
1034	0.6959294081	0.6959294081	0	0	1	1	1	4.121901512
1035	0.6837559938	0.6837559938	0	0	1	1	1	4.122113228
1036	0.684399724	0.684399724	0	0	1	1	1	4.122110367
1037	0.6749461293	0.6749461293	0	0	1	1	1	4.122465611
1038	0.6447310448	0.6447310448	0	0	1	1	1	4.121882915
1039	0.6595171094	0.6595171094	0	0	1	1	1	4.121783733
1040	0.6450157166	0.6450157166	0	0	1	1	1	4.121984005
1041	0.6751452088	0.6751452088	0	0	1	1	1	4.121992588
1042	0.6884570122	0.6884570122	0	0	1	1	1	4.121838093
1043	0.6966463327	0.6966463327	0	0	1	1	1	4.121877193
1044	0.6757386327	0.6757386327	0	0	1	1	1	4.121709347
1045	0.6971498132	0.6971498132	0	0	1	1	1	4.121957779
1046	0.7064452171	0.7064452171	0	0	1	1	1	4.12166357
1047	0.7358355522	0.7358355522	0	0	1	1	1	4.121573448
1048	0.7504442334	0.7504442334	0	0	1	1	1	4.121549129
1049	0.7508709431	0.7508709431	0	0	1	1	1	4.121479988
1050	0.7610180974	0.7610180974	0	0	1	1	1	4.121584415
1051	0.7559995055	0.7559995055	0	0	1	1	1	4.121920109
1052	0.7475011349	0.7475011349	0	0	1	1	1	4.121985912
1053	0.7414275408	0.7414275408	0	0	1	1	1	4.121970654
1054	0.7037538886	0.7037538886	0	0	1	1	1	4.121584415
1055	0.7190300226	0.7190300226	0	0	1	1	1	4.1214118
1056	0.7203217745	0.7203217745	0	0	1	1	1	4.121576786
1057	0.7484199405	0.7484199405	0	0	1	1	1	4.121584892
1058	0.7834506035	0.7834506035	0	0	1	1	1	4.121832371
1059	0.8111447692	0.8111447692	0	0	1	1	1	4.121873379
1060	0.7958607674	0.7958607674	0	0	1	1	1	4.122352123
1061	0.8235064745	0.8235064745	0	0	1	1	1	4.121853828
1062	0.7906582355	0.7906582355	0	0	1	1	1	4.121621609
1063	0.8161664605	0.8161664605	0	0	1	1	1	4.121524811
1064	0.8262404203	0.8262404203	0	0	1	1	1	4.12136364
1065	0.8607800603	0.8607800603	0	0	1	1	1	4.121619225
1066	0.8739833832	0.8739833832	0	0	1	1	1	4.121772766
1067	0.8877442479	0.8877442479	0	0	1	1	1	4.121974945
1068	0.8941602111	0.8941602111	0	0	1	1	1	4.122181892
1069	0.938781023	0.938781023	0	0	1	1	1	4.122270107
1070	0.9424807429	0.9424807429	0	0	1	1	1	4.122183323
1071	0.9578875303	0.9578875303	0	0	1	1	1	4.121952534
1072	0.9805074334	0.9805074334	0	0	1	1	1	4.121938229
1073	1.003066778	1.003066778	0	0	1	1	1	4.121932507
1074	1.031100631	1.031100631	0	0	1	1	1	4.121901989
1075	1.027482033	1.027482033	0	0	1	1	1	4.122085571
1076	1.033479214	1.033479214	0	0	1	1	1	4.122678757
1077	1.030502081	1.030502081	0	0	1	1	1	4.122793198
1078	0.9928448796	0.9928448796	0	0	1	1	1	4.12242794
1079	1.009351492	1.009351492	0	0	1	1	1	4.12194252
1080	0.9863401055	0.9863401055	0	0	1	1	1	4.12168026
1081	1.006212711	1.006212711	0	0	1	1	1	4.122097492
1082	1.046634912	1.046634912	0	0	1	1	1	4.122074127
1083	1.052900195	1.052900195	0	0	1	1	1	4.122330189
1084	1.044013739	1.044013739	0	0	1	1	1	4.122499466
1085	1.067394137	1.067394137	0	0	1	1	1	4.122703552
1086	1.064635158	1.064635158	0	0	1	1	1	4.122441292
1087	1.037974477	1.037974477	0	0	1	1	1	4.12210083
1088	1.030303717	1.030303717	0	0	1	1	1	4.121664047
1089	1.066874504	1.066874504	0	0	1	1	1	4.122229576
1090	1.068281054	1.068281054	0	0	1	1	1	4.121747494
1091	1.075440764	1.075440764	0	0	1	1	1	4.121740818
1092	1.02416265	1.02416265	0	0	1	1	1	4.121934414
1093	1.018611908	1.018611908	0	0	1	1	1	4.121809483
1094	1.022192597	1.022192597	0	0	1	1	1	4.121752262
1095	0.9651433229	0.9651433229	0	0	1	1	1	4.121585846
1096	0.9639342427	0.9639342427	0	0	1	1	1	4.121508121
1097	0.971110642	0.971110642	0	0	1	1	1	4.121778011
1098	1.015532851	1.015532851	0	0	1	1	1	4.121779442
1099	1.020262599	1.020262599	0	0	1	1	1	4.12187767
1100	1.022226453	1.022226453	0	0	1	1	1	4.122244358
1101	0.9765984416	0.9765984416	0	0	1	1	1	4.122095585
1102	1.00109601	1.00109601	0	0	1	1	1	4.121761799
1103	0.9752133489	0.9752133489	0	0	1	1	1	4.121560097
1104	0.9630168676	0.9630168676	0	0	1	1	1	4.121531963
1105	0.9676206708	0.9676206708	0	0	1	1	1	4.121779919
1106	0.9640808105	0.9640808105	0	0	1	1	1	4.121936321
1107	0.9791898131	0.9791898131	0	0	1	1	1	4.121906281
1108	0.9604395628	0.9604395628	0	0	1	1	1	4.122229576
1109	0.9557708502	0.9557708502	0	0	1	1	1	4.122453213
1110	0.9423837066	0.9423837066	0	0	1	1	1	4.121975899
1111	0.9602494836	0.9602494836	0	0	1	1	1	4.121881485
1112	0.940860033	0.940860033	0	0	1	1	1	4.12147665
1113	0.9426485896	0.9426485896	0	0	1	1	1	4.122218132
1114	0.9362425804	0.9362425804	0	0	1	1	1	4.121778011
1115	0.979329586	0.979329586	0	0	1	1	1	4.1218009
1116	0.9348297119	0.9348297119	0	0	1	1	1	4.122014523
1117	0.900143683	0.900143683	0	0	1	1	1	4.121778965
1118	0.866776228	0.866776228	0	0	1	1	1	4.121730328
1119	0.8376227021	0.8376227021	0	0	1	1	1	4.121578217
1120	0.8892730474	0.8892730474	0	0	1	1	1	4.121452808
1121	0.8297620416	0.8297620416	0	0	1	1	1	4.121748924
1122	0.8001069427	0.8001069427	0	0	1	1	1	4.121778011
1123	0.8439278603	0.8439278603	0	0	1	1	1	4.121921062
1124	0.8053367138	0.8053367138	0	0	1	1	1	4.12234354
1125	0.7862559557	0.7862559557	0	0	1	1	1	4.122087479
1126	0.7984213829	0.7984213829	0	0	1	1	1	4.121900558
1127	0.8425199389	0.8425199389	0	0	1	1	1	4.121677399
1128	0.8392341137	0.8392341137	0	0	1	1	1	4.121491432
1129	0.8282916546	0.8282916546	0	0	1	1	1	4.121871471
1130	0.8156937361	0.8156937361	0	0	1	1	1	4.121872902
1131	0.8771271706	0.8771271706	0	0	1	1	1	4.121920109
1132	0.8052775264	0.8052775264	0	0	1	1	1	4.122255802
1133	0.8024751544	0.8024751544	0	0	1	1	1	4.122159481
1134	0.810023427	0.810023427	0	0	1	1	1	4.121708393
1135	0.8353623152	0.8353623152	0	0	1	1	1	4.121590614
1136	0.8812893629	0.8812893629	0	0	1	1	1	4.121471405
1137	0.8567230701	0.8567230701	0	0	1	1	1	4.122011662
1138	0.8772025108	0.8772025108	0	0	1	1	1	4.121675014
1139	0.9220702648	0.9220702648	0	0	1	1	1	4.121718407
1140	0.8738904595	0.8738904595	0	0	1	1	1	4.122111797
1141	0.8424479365	0.8424479365	0	0	1	1	1	4.121854782
1142	0.8298245668	0.8298245668	0	0	1	1	1	4.121590614
1143	0.8240203857	0.8240203857	0	0	1	1	1	4.121473312
1144	0.8991395831	0.8991395831	0	0	1	1	1	4.121430874
1145	0.8225411773	0.8225411773	0	0	1	1	1	4.121693134
1146	0.7751088738	0.7751088738	0	0	1	1	1	4.121792316
1147	0.8240347505	0.8240347505	0	0	1	1	1	4.121806622
1148	0.7392630577	0.7392630577	0	0	1	1	1	4.122171879
1149	0.7210358381	0.7210358381	0	0	1	1	1	4.12209034
1150	0.758216083	0.758216083	0	0	1	1	1	4.121758461
1151	0.7948576808	0.7948576808	0	0	1	1	1	4.121538639
1152	0.8106604815	0.8106604815	0	0	1	1	1	4.121434689
1153	0.7573478818	0.7573478818	0	0	1	1	1	4.12166214
1154	0.7296732664	0.7296732664	0	0	1	1	1	4.121822357
1155	0.7502806187	0.7502806187	0	0	1	1	1	4.121896744
1156	0.6814732552	0.6814732552	0	0	1	1	1	4.122240067
1157	0.6494011879	0.6494011879	0	0	1	1	1	4.121999741
1158	0.6561418176	0.6561418176	0	0	1	1	1	4.121616364
1159	0.6876828074	0.6876828074	0	0	1	1	1	4.121489525
1160	0.7086330056	0.7086330056	0	0	1	1	1	4.121375561
1161	0.6702000499	0.6702000499	0	0	1	1	1	4.121795654
1162	0.6828736067	0.6828736067	0	0	1	1	1	4.121666908
1163	0.7399275899	0.7399275899	0	0	1	1	1	4.121640682
1164	0.6746199131	0.6746199131	0	0	1	1	1	4.121814728
1165	0.6308706403	0.6308706403	0	0	1	1	1	4.121637821
1166	0.6307131648	0.6307131648	0	0	1	1	1	4.121366501
1167	0.7075811028	0.7075811028	0	0	1	1	1	4.121284008
1168	0.7537277937	0.7537277937	0	0	1	1	1	4.121263027
1169	0.6279636621	0.6279636621	0	0	1	1	1	4.121425629
1170	0.564973712	0.564973712	0	0	1	1	1	4.121487141
1171	0.5846931934	0.5846931934	0	0	1	1	1	4.121605396
1172	0.5314013362	0.5314013362	0	0	1	1	1	4.121956825
1173	0.4870653749	0.4870653749	0	0	1	1	1	4.121798038
1174	0.5118099451	0.5118099451	0	0	1	1	1	4.121465206
1175	0.5976575017	0.5976575017	0	0	1	1	1	4.121309757
1176	0.6342045665	0.6342045665	0	0	1	1	1	4.121240139
1177	0.5891036987	0.5891036987	0	0	1	1	1	4.121312141
1178	0.5470885634	0.5470885634	0	0	1	1	1	4.121442318
1179	0.5630348921	0.5630348921	0	0	1	1	1	4.121506691
1180	0.5164455175	0.5164455175	0	0	1	1	1	4.121900558
1181	0.4707371891	0.4707371891	0	0	1	1	1	4.121794701
1182	0.5058985949	0.5058985949	0	0	1	1	1	4.121384144
1183	0.5778476	0.5778476	0	0	1	1	1	4.121257305
1184	0.5803340077	0.5803340077	0	0	1	1	1	4.121134281
1185	0.5044609308	0.5044609308	0	0	1	1	1	4.121363163
1186	0.4664095044	0.4664095044	0	0	1	1	1	4.12150526
1187	0.5234290957	0.5234290957	0	0	1	1	1	4.12147665
1188	0.5003346205	0.5003346205	0	0	1	1	1	4.121683598
1189	0.462153852	0.462153852	0	0	1	1	1	4.121679783
1190	0.4592797756	0.4592797756	0	0	1	1	1	4.12140131
1191	0.4743601382	0.4743601382	0	0	1	1	1	4.121295929
1192	0.5675641298	0.5675641298	0	0	1	1	1	4.121345043
1193	0.4766961932	0.4766961932	0	0	1	1	1	4.121463776
1194	0.4071304798	0.4071304798	0	0	1	1	1	4.121581554
1195	0.4366602302	0.4366602302	0	0	1	1	1	4.121673584
1196	0.4218408465	0.4218408465	0	0	1	1	1	4.121929169
1197	0.364838779	0.364838779	0	0	1	1	1	4.122181416
1198	0.3713684082	0.3713684082	0	0	1	1	1	4.12153101
1199	0.4615510404	0.4615510404	0	0	1	1	1	4.121382236
1200	0.4516985714	0.4516985714	0	0	1	1	1	4.121509552
1201	0.4374585748	0.4374585748	0	0	1	1	1	4.121420383
1202	0.3789484799	0.3789484799	0	0	1	1	1	4.12158823
1203	0.4053746164	0.4053746164	0	0	1	1	1	4.121672153
1204	0.3485661745	0.3485661745	0	0	1	1	1	4.121944427
1205	0.3417215049	0.3417215049	0	0	1	1	1	4.121986866
1206	0.3577606678	0.3577606678	0	0	1	1	1	4.121562004
1207	0.4078257978	0.4078257978	0	0	1	1	1	4.121379852
1208	0.4268115759	0.4268115759	0	0	1	1	1	4.121411324
1209	0.4189422131	0.4189422131	0	0	1	1	1	4.121572018
1210	0.3669477403	0.3669477403	0	0	1	1	1	4.12164259
1211	0.3935284317	0.3935284317	0	0	1	1	1	4.12164259
1212	0.4091609418	0.4091609418	0	0	1	1	1	4.12197113
1213	0.4600780904	0.4600780904	0	0	1	1	1	4.122260571
1214	0.5005917549	0.5005917549	0	0	1	1	1	4.121922016
1215	0.5665752888	0.5665752888	0	0	1	1	1	4.12172699
1216	0.5955468416	0.5955468416	0	0	1	1	1	4.121862411
1217	0.5896477699	0.5896477699	0	0	1	1	1	4.121787548
1218	0.5417480469	0.5417480469	0	0	1	1	1	4.12179327
1219	0.5412474871	0.5412474871	0	0	1	1	1	4.121942043
1220	0.5448001623	0.5448001623	0	0	1	1	1	4.122389793
1221	0.5411933064	0.5411933064	0	0	1	1	1	4.122722149
1222	0.5559260249	0.5559260249	0	0	1	1	1	4.122101784
1223	0.5940536857	0.5940536857	0	0	1	1	1	4.121788025
1224	0.5968331099	0.5968331099	0	0	1	1	1	4.122217655
1225	0.5856364965	0.5856364965	0	0	1	1	1	4.121592999
1226	0.5416027904	0.5416027904	0	0	1	1	1	4.121834755
1227	0.5660504103	0.5660504103	0	0	1	1	1	4.121910572
1228	0.5505951643	0.5505951643	0	0	1	1	1	4.122335434
1229	0.5505751371	0.5505751371	0	0	1	1	1	4.122542858
1230	0.5620101094	0.5620101094	0	0	1	1	1	4.121737003
1231	0.5731598735	0.5731598735	0	0	1	1	1	4.121702671
1232	0.5620954633	0.5620954633	0	0	1	1	1	4.121738434
1233	0.5234891176	0.5234891176	0	0	1	1	1	4.121737957
1234	0.5151686668	0.5151686668	0	0	1	1	1	4.122163296
1235	0.5524417162	0.5524417162	0	0	1	1	1	4.122214317
1236	0.5779856443	0.5779856443	0	0	1	1	1	4.122776031
1237	0.6228996515	0.6228996515	0	0	1	1	1	4.123096466
1238	0.6617236137	0.6617236137	0	0	1	1	1	4.122652531
1239	0.7231907845	0.7231907845	0	0	1	1	1	4.12284565
1240	0.7335318327	0.7335318327	0	0	1	1	1	4.123192787
1241	0.7200641632	0.7200641632	0	0	1	1	1	4.122766495
1242	0.7264754176	0.7264754176	0	0	1	1	1	4.122730732
1243	0.7340037227	0.7340037227	0	0	1	1	1	4.123092175
1244	0.7315343022	0.7315343022	0	0	1	1	1	4.123468876
1245	0.7269687653	0.7269687653	0	0	1	1	1	4.12352705
1246	0.7473321557	0.7473321557	0	0	1	1	1	4.123267174
1247	0.7426601052	0.7426601052	0	0	1	1	1	4.122849464
1248	0.7249920368	0.7249920368	0	0	1	1	1	4.123308659
1249	0.7215575576	0.7215575576	0	0	1	1	1	4.122837067
1250	0.7287844419	0.7287844419	0	0	1	1	1	4.122930527
1251	0.7608713508	0.7608713508	0	0	1	1	1	4.123029709
1252	0.7477949858	0.7477949858	0	0	1	1	1	4.12330246
1253	0.7738713026	0.7738713026	0	0	1	1	1	4.123445988
1254	0.7695886493	0.7695886493	0	0	1	1	1	4.122866154
1255	0.7928820252	0.7928820252	0	0	1	1	1	4.122972012
1256	0.7781690955	0.7781690955	0	0	1	1	1	4.123318195
1257	0.75948596	0.75948596	0	0	1	1	1	4.123236656
1258	0.7889374495	0.7889374495	0	0	1	1	1	4.123275757
1259	0.8378394246	0.8378394246	0	0	1	1	1	4.12319994
1260	0.8440914154	0.8440914154	0	0	1	1	1	4.123425961
1261	0.8962634802	0.8962634802	0	0	1	1	1	4.123562336
1262	0.9127818346	0.9127818346	0	0	1	1	1	4.123402119
1263	0.99476403	0.99476403	0	0	1	1	1	4.123523235
1264	0.9870554805	0.9870554805	0	0	1	1	1	4.123584747
1265	0.9698677063	0.9698677063	0	0	1	1	1	4.12346983
1266	1.008581758	1.008581758	0	0	1	1	1	4.12351799
1267	1.026939154	1.026939154	0	0	1	1	1	4.123481274
1268	1.022975326	1.022975326	0	0	1	1	1	4.12364769
1269	0.9930905104	0.9930905104	0	0	1	1	1	4.123694897
1270	1.001960754	1.001960754	0	0	1	1	1	4.123604298
1271	1.073381186	1.073381186	0	0	1	1	1	4.123625755
1272	1.01108098	1.01108098	0	0	1	1	1	4.123628616
1273	0.9845844507	0.9845844507	0	0	1	1	1	4.123524189
1274	1.051965594	1.051965594	0	0	1	1	1	4.12359333
1275	1.077137351	1.077137351	0	0	1	1	1	4.123553276
1276	1.073610067	1.073610067	0	0	1	1	1	4.123689175
1277	1.049703002	1.049703002	0	0	1	1	1	4.123656273
1278	1.062269211	1.062269211	0	0	1	1	1	4.12361908
1279	1.130111694	1.130111694	0	0	1	1	1	4.123639584
1280	1.1102947	1.1102947	0	0	1	1	1	4.123692513
1281	1.050577998	1.050577998	0	0	1	1	1	4.12356472
1282	1.090419292	1.090419292	0	0	1	1	1	4.123618126
1283	1.15238893	1.15238893	0	0	1	1	1	4.123634338
1284	1.169559717	1.169559717	0	0	1	1	1	4.123659134
1285	1.180096745	1.180096745	0	0	1	1	1	4.123706818
1286	1.162515521	1.162515521	0	0	1	1	1	4.123641491
1287	1.322319269	1.322319269	0	0	1	1	1	4.123647213
1288	1.28788805	1.28788805	0	0	1	1	1	4.123625755
1289	1.27090621	1.27090621	0	0	1	1	1	4.123607635
1290	1.317488313	1.317488313	0	0	1	1	1	4.123602867
1291	1.351140022	1.351140022	0	0	1	1	1	4.123648643
1292	1.366204977	1.366204977	0	0	1	1	1	4.123739243
1293	1.31362772	1.31362772	0	0	1	1	1	4.123679161
1294	1.271227479	1.271227479	0	0	1	1	1	4.123681068
1295	1.319290638	1.319290638	0	0	1	1	1	4.12374115
1296	1.313328385	1.313328385	0	0	1	1	1	4.123694897
1297	1.254568458	1.254568458	0	0	1	1	1	4.123583317
1298	1.292750716	1.292750716	0	0	1	1	1	4.123618126
1299	1.301335335	1.301335335	0	0	1	1	1	4.123600006
1300	1.30184114	1.30184114	0	0	1	1	1	4.123696327
1301	1.295009971	1.295009971	0	0	1	1	1	4.123663902
1302	1.233745337	1.233745337	0	0	1	1	1	4.123646259
1303	1.296171427	1.296171427	0	0	1	1	1	4.12367487
1304	1.278609872	1.278609872	0	0	1	1	1	4.123636723
1305	1.235673785	1.235673785	0	0	1	1	1	4.12365675
1306	1.092700124	1.092700124	0	0	1	1	1	4.123624802
1307	1.117887974	1.117887974	0	0	1	1	1	4.123467445
1308	1.098490238	1.098490238	0	0	1	1	1	4.123543262
1309	1.109743953	1.109743953	0	0	1	1	1	4.123651981
1310	1.080526948	1.080526948	0	0	1	1	1	4.123457909
1311	1.063700438	1.063700438	0	0	1	1	1	4.123558521
1312	1.083576798	1.083576798	0	0	1	1	1	4.123602867
1313	1.031978846	1.031978846	0	0	1	1	1	4.123532772
1314	1.036375523	1.036375523	0	0	1	1	1	4.123520374
1315	1.070504189	1.070504189	0	0	1	1	1	4.12348938
1316	1.074686885	1.074686885	0	0	1	1	1	4.123600006
1317	1.06186676	1.06186676	0	0	1	1	1	4.123644829
1318	1.052404165	1.052404165	0	0	1	1	1	4.123484135
1319	1.062191486	1.062191486	0	0	1	1	1	4.123614311
1320	1.049594879	1.049594879	0	0	1	1	1	4.123667717
1321	1.032116532	1.032116532	0	0	1	1	1	4.123602867
1322	1.048017859	1.048017859	0	0	1	1	1	4.123575687
1323	1.101472259	1.101472259	0	0	1	1	1	4.123560429
1324	1.113684535	1.113684535	0	0	1	1	1	4.123623848
1325	1.07463038	1.07463038	0	0	1	1	1	4.123589516
1326	1.022137403	1.022137403	0	0	1	1	1	4.123494148
1327	1.055486441	1.055486441	0	0	1	1	1	4.123681545
1328	1.036879063	1.036879063	0	0	1	1	1	4.123595238
1329	1.047719717	1.047719717	0	0	1	1	1	4.123575211
1330	1.034280062	1.034280062	0	0	1	1	1	4.123409271
1331	1.080381274	1.080381274	0	0	1	1	1	4.123142719
1332	1.040401816	1.040401816	0	0	1	1	1	4.123007298
1333	1.059880257	1.059880257	0	0	1	1	1	4.123180389
1334	1.045707464	1.045707464	0	0	1	1	1	4.122689247
1335	1.068427324	1.068427324	0	0	1	1	1	4.122742653
1336	1.071777344	1.071777344	0	0	1	1	1	4.122797012
1337	1.0402143	1.0402143	0	0	1	1	1	4.12251091
1338	1.02629602	1.02629602	0	0	1	1	1	4.12253046
1339	1.062324286	1.062324286	0	0	1	1	1	4.122714996
1340	1.055597067	1.055597067	0	0	1	1	1	4.122956276
1341	1.056836009	1.056836009	0	0	1	1	1	4.123105526
1342	1.036456823	1.036456823	0	0	1	1	1	4.122766495
1343	1.051210523	1.051210523	0	0	1	1	1	4.122783661
1344	1.046578646	1.046578646	0	0	1	1	1	4.122975826
1345	1.02775085	1.02775085	0	0	1	1	1	4.122853756
1346	1.03519845	1.03519845	0	0	1	1	1	4.12298727
1347	1.054359198	1.054359198	0	0	1	1	1	4.122908592
1348	1.045511842	1.045511842	0	0	1	1	1	4.12319088
1349	1.032916188	1.032916188	0	0	1	1	1	4.123247623
1350	1.011189818	1.011189818	0	0	1	1	1	4.122849464
1351	1.025919557	1.025919557	0	0	1	1	1	4.122507572
1352	0.9916322827	0.9916322827	0	0	1	1	1	4.122454643
1353	0.9977200627	0.9977200627	0	0	1	1	1	4.122956753
1354	0.9522032142	0.9522032142	0	0	1	1	1	4.122368336
1355	0.9491729736	0.9491729736	0	0	1	1	1	4.122420311
1356	0.9297947884	0.9297947884	0	0	1	1	1	4.122452736
1357	0.8914622068	0.8914622068	0	0	1	1	1	4.122569084
1358	0.866925478	0.866925478	0	0	1	1	1	4.12194109
1359	0.874058485	0.874058485	0	0	1	1	1	4.121851921
1360	0.8672292829	0.8672292829	0	0	1	1	1	4.121747017
1361	0.8401915431	0.8401915431	0	0	1	1	1	4.121699333
1362	0.8320780396	0.8320780396	0	0	1	1	1	4.121833324
1363	0.858822763	0.858822763	0	0	1	1	1	4.122061729
1364	0.8794274926	0.8794274926	0	0	1	1	1	4.122385502
1365	0.8761191368	0.8761191368	0	0	1	1	1	4.12255764
1366	0.8713755012	0.8713755012	0	0	1	1	1	4.122071266
1367	0.9041858912	0.9041858912	0	0	1	1	1	4.121816158
1368	0.8761133552	0.8761133552	0	0	1	1	1	4.121909142
1369	0.8826640844	0.8826640844	0	0	1	1	1	4.121883392
1370	0.8917366862	0.8917366862	0	0	1	1	1	4.122032166
1371	0.9150897264	0.9150897264	0	0	1	1	1	4.122321606
1372	0.9236822724	0.9236822724	0	0	1	1	1	4.122574806
1373	0.8843826056	0.8843826056	0	0	1	1	1	4.122742653
1374	0.8545330763	0.8545330763	0	0	1	1	1	4.121797562
1375	0.84396106	0.84396106	0	0	1	1	1	4.121940613
1376	0.8139537573	0.8139537573	0	0	1	1	1	4.121863842
1377	0.8237223029	0.8237223029	0	0	1	1	1	4.121798038
1378	0.8287426233	0.8287426233	0	0	1	1	1	4.121912479
1379	0.8226481676	0.8226481676	0	0	1	1	1	4.122023582
1380	0.8103275299	0.8103275299	0	0	1	1	1	4.121942997
1381	0.7273222208	0.7273222208	0	0	1	1	1	4.122006416
1382	0.7081025839	0.7081025839	0	0	1	1	1	4.121625423
1383	0.6926835179	0.6926835179	0	0	1	1	1	4.121544838
1384	0.7155541182	0.7155541182	0	0	1	1	1	4.121517181
1385	0.6728717089	0.6728717089	0	0	1	1	1	4.121491432
1386	0.6773127317	0.6773127317	0	0	1	1	1	4.121655941
1387	0.6786711812	0.6786711812	0	0	1	1	1	4.121867657
1388	0.6917660832	0.6917660832	0	0	1	1	1	4.122031212
1389	0.6773869395	0.6773869395	0	0	1	1	1	4.122084618
1390	0.6834103465	0.6834103465	0	0	1	1	1	4.121669769
1391	0.7021667957	0.7021667957	0	0	1	1	1	4.121425629
1392	0.6962683797	0.6962683797	0	0	1	1	1	4.121457577
1393	0.6974349618	0.6974349618	0	0	1	1	1	4.121468067
1394	0.7177087665	0.7177087665	0	0	1	1	1	4.121664047
1395	0.7259741426	0.7259741426	0	0	1	1	1	4.121930599
1396	0.7232943773	0.7232943773	0	0	1	1	1	4.122149944
1397	0.7457299829	0.7457299829	0	0	1	1	1	4.122225285
1398	0.741813004	0.741813004	0	0	1	1	1	4.121827126
1399	0.784293294	0.784293294	0	0	1	1	1	4.121433258
1400	0.8045768738	0.8045768738	0	0	1	1	1	4.121387005
1401	0.8082941771	0.8082941771	0	0	1	1	1	4.121667385
1402	0.8069199324	0.8069199324	0	0	1	1	1	4.121651649
1403	0.7931820154	0.7931820154	0	0	1	1	1	4.121729374
1404	0.7789755464	0.7789755464	0	0	1	1	1	4.121762753
1405	0.7803691626	0.7803691626	0	0	1	1	1	4.121961117
1406	0.7712093592	0.7712093592	0	0	1	1	1	4.121598244
1407	0.7926030159	0.7926030159	0	0	1	1	1	4.121396542
1408	0.7989588976	0.7989588976	0	0	1	1	1	4.121407986
1409	0.7696698308	0.7696698308	0	0	1	1	1	4.121495724
1410	0.7599154711	0.7599154711	0	0	1	1	1	4.121660709
1411	0.7688865662	0.7688865662	0	0	1	1	1	4.121820927
1412	0.7825835347	0.7825835347	0	0	1	1	1	4.122024059
1413	0.7735506892	0.7735506892	0	0	1	1	1	4.122050285
1414	0.7899512053	0.7899512053	0	0	1	1	1	4.121697903
1415	0.7992239594	0.7992239594	0	0	1	1	1	4.121367455
1416	0.7962693572	0.7962693572	0	0	1	1	1	4.121359348
1417	0.7770850658	0.7770850658	0	0	1	1	1	4.121557236
1418	0.783826828	0.783826828	0	0	1	1	1	4.121637344
1419	0.7814379334	0.7814379334	0	0	1	1	1	4.12193346
1420	0.7900134325	0.7900134325	0	0	1	1	1	4.122058868
1421	0.7838216424	0.7838216424	0	0	1	1	1	4.122081757
1422	0.8008317351	0.8008317351	0	0	1	1	1	4.122010708
1423	0.8047289252	0.8047289252	0	0	1	1	1	4.121433735
1424	0.8090594411	0.8090594411	0	0	1	1	1	4.121273041
1425	0.8075410128	0.8075410128	0	0	1	1	1	4.121599674
1426	0.8141486645	0.8141486645	0	0	1	1	1	4.121592045
1427	0.7882111073	0.7882111073	0	0	1	1	1	4.121720314
1428	0.7541130781	0.7541130781	0	0	1	1	1	4.121768951
1429	0.738728106	0.738728106	0	0	1	1	1	4.121818542
1430	0.7361360192	0.7361360192	0	0	1	1	1	4.121488571
1431	0.7640693188	0.7640693188	0	0	1	1	1	4.121335983
1432	0.7346282005	0.7346282005	0	0	1	1	1	4.121299744
1433	0.6928712726	0.6928712726	0	0	1	1	1	4.12144804
1434	0.6981297731	0.6981297731	0	0	1	1	1	4.121563435
1435	0.6931318045	0.6931318045	0	0	1	1	1	4.121777534
1436	0.6967419386	0.6967419386	0	0	1	1	1	4.121956825
1437	0.6841192245	0.6841192245	0	0	1	1	1	4.121950626
1438	0.6928704381	0.6928704381	0	0	1	1	1	4.121567726
1439	0.7253718376	0.7253718376	0	0	1	1	1	4.121337891
1440	0.710470736	0.710470736	0	0	1	1	1	4.121321201
1441	0.7060412765	0.7060412765	0	0	1	1	1	4.121621609
1442	0.7279548645	0.7279548645	0	0	1	1	1	4.121625423
1443	0.7296279669	0.7296279669	0	0	1	1	1	4.121879578
1444	0.7431074381	0.7431074381	0	0	1	1	1	4.122076988
1445	0.7267947197	0.7267947197	0	0	1	1	1	4.122167587
1446	0.7448347211	0.7448347211	0	0	1	1	1	4.121705532
1447	0.8202309608	0.8202309608	0	0	1	1	1	4.121222973
1448	0.8104448915	0.8104448915	0	0	1	1	1	4.121198177
1449	0.8064459562	0.8064459562	0	0	1	1	1	4.121427059
1450	0.8118588328	0.8118588328	0	0	1	1	1	4.1215415
1451	0.8043402433	0.8043402433	0	0	1	1	1	4.121674538
1452	0.8062313795	0.8062313795	0	0	1	1	1	4.121786118
1453	0.797265172	0.797265172	0	0	1	1	1	4.121864319
1454	0.7951027751	0.7951027751	0	0	1	1	1	4.121544838
1455	0.8393278718	0.8393278718	0	0	1	1	1	4.121456623
1456	0.8314487934	0.8314487934	0	0	1	1	1	4.121502876
1457	0.8215439916	0.8215439916	0	0	1	1	1	4.12166214
1458	0.8134120703	0.8134120703	0	0	1	1	1	4.121648788
1459	0.8005263805	0.8005263805	0	0	1	1	1	4.121869564
1460	0.8219483495	0.8219483495	0	0	1	1	1	4.122001171
1461	0.7892689705	0.7892689705	0	0	1	1	1	4.122216225
1462	0.8091468811	0.8091468811	0	0	1	1	1	4.12178278
1463	0.8581930995	0.8581930995	0	0	1	1	1	4.121437073
1464	0.8409826159	0.8409826159	0	0	1	1	1	4.121443748
1465	0.8517593145	0.8517593145	0	0	1	1	1	4.121702671
1466	0.8561406732	0.8561406732	0	0	1	1	1	4.121720791
1467	0.871686101	0.871686101	0	0	1	1	1	4.121902943
1468	0.8806584477	0.8806584477	0	0	1	1	1	4.122142792
1469	0.8409318328	0.8409318328	0	0	1	1	1	4.121996403
1470	0.8500850201	0.8500850201	0	0	1	1	1	4.121732235
1471	0.9010656476	0.9010656476	0	0	1	1	1	4.121253014
1472	0.8738964796	0.8738964796	0	0	1	1	1	4.121357441
1473	0.8526139855	0.8526139855	0	0	1	1	1	4.122049332
1474	0.8808853626	0.8808853626	0	0	1	1	1	4.121683121
1475	0.8900715113	0.8900715113	0	0	1	1	1	4.121651649
1476	0.8668358326	0.8668358326	0	0	1	1	1	4.121724129
1477	0.8166043162	0.8166043162	0	0	1	1	1	4.121828556
1478	0.7815768123	0.7815768123	0	0	1	1	1	4.121592045
1479	0.8431996107	0.8431996107	0	0	1	1	1	4.121441364
1480	0.8408825994	0.8408825994	0	0	1	1	1	4.121544838
1481	0.8146823645	0.8146823645	0	0	1	1	1	4.121786594
1482	0.8050637245	0.8050637245	0	0	1	1	1	4.121681213
1483	0.7943249941	0.7943249941	0	0	1	1	1	4.121860504
1484	0.795424521	0.795424521	0	0	1	1	1	4.122086048
1485	0.7489746809	0.7489746809	0	0	1	1	1	4.122155666
1486	0.81768471	0.81768471	0	0	1	1	1	4.121663094
1487	0.7984400988	0.7984400988	0	0	1	1	1	4.121355534
1488	0.7956508398	0.7956508398	0	0	1	1	1	4.121417522
1489	0.7555365562	0.7555365562	0	0	1	1	1	4.121685505
1490	0.7285676599	0.7285676599	0	0	1	1	1	4.121694088
1491	0.721414268	0.721414268	0	0	1	1	1	4.121865273
1492	0.7072489858	0.7072489858	0	0	1	1	1	4.121984959
1493	0.6661206484	0.6661206484	0	0	1	1	1	4.122091293
1494	0.651365459	0.651365459	0	0	1	1	1	4.121667862
1495	0.6614085436	0.6614085436	0	0	1	1	1	4.121337414
1496	0.6560429335	0.6560429335	0	0	1	1	1	4.121406555
1497	0.6553351283	0.6553351283	0	0	1	1	1	4.122029305
1498	0.6943144798	0.6943144798	0	0	1	1	1	4.121677399
1499	0.7058089972	0.7058089972	0	0	1	1	1	4.12168026
1500	0.6768504381	0.6768504381	0	0	1	1	1	4.121762276
1501	0.6168593168	0.6168593168	0	0	1	1	1	4.121895313
1502	0.5637553334	0.5637553334	0	0	1	1	1	4.121624947
1503	0.5940839052	0.5940839052	0	0	1	1	1	4.121404171
1504	0.6627915502	0.6627915502	0	0	1	1	1	4.121427059
1505	0.5945658684	0.5945658684	0	0	1	1	1	4.121703148
1506	0.5843660831	0.5843660831	0	0	1	1	1	4.121697426
1507	0.5689185262	0.5689185262	0	0	1	1	1	4.121825695
1508	0.5494998693	0.5494998693	0	0	1	1	1	4.122046947
1509	0.5151618719	0.5151618719	0	0	1	1	1	4.122228622
1510	0.5032898784	0.5032898784	0	0	1	1	1	4.121697426
1511	0.570863843	0.570863843	0	0	1	1	1	4.121398926
1512	0.58104527	0.58104527	0	0	1	1	1	4.121431828
1513	0.5796252489	0.5796252489	0	0	1	1	1	4.121732712
1514	0.5627506971	0.5627506971	0	0	1	1	1	4.121732235
1515	0.5678048134	0.5678048134	0	0	1	1	1	4.121896267
1516	0.5455985069	0.5455985069	0	0	1	1	1	4.122006893
1517	0.5135768652	0.5135768652	0	0	1	1	1	4.122111797
1518	0.5047310591	0.5047310591	0	0	1	1	1	4.121654034
1519	0.5390689969	0.5390689969	0	0	1	1	1	4.121332645
1520	0.532918632	0.532918632	0	0	1	1	1	4.121619225
1521	0.5120015144	0.5120015144	0	0	1	1	1	4.121667385
1522	0.5154435635	0.5154435635	0	0	1	1	1	4.121788979
1523	0.5447574854	0.5447574854	0	0	1	1	1	4.121797085
1524	0.5292637348	0.5292637348	0	0	1	1	1	4.121836185
1525	0.5103099346	0.5103099346	0	0	1	1	1	4.122057438
1526	0.475530535	0.475530535	0	0	1	1	1	4.121734619
1527	0.4968775809	0.4968775809	0	0	1	1	1	4.121529102
1528	0.5148472786	0.5148472786	0	0	1	1	1	4.121544361
1529	0.4737018943	0.4737018943	0	0	1	1	1	4.121804237
1530	0.4541606009	0.4541606009	0	0	1	1	1	4.121775627
1531	0.4307531714	0.4307531714	0	0	1	1	1	4.12202692
1532	0.4025095999	0.4025095999	0	0	1	1	1	4.122292042
1533	0.3930890262	0.3930890262	0	0	1	1	1	4.12253809
1534	0.4263375998	0.4263375998	0	0	1	1	1	4.122072697
1535	0.4524930716	0.4524930716	0	0	1	1	1	4.121559143
1536	0.4718278646	0.4718278646	0	0	1	1	1	4.121450901
1537	0.4509982467	0.4509982467	0	0	1	1	1	4.121489525
1538	0.4332968295	0.4332968295	0	0	1	1	1	4.121774673
1539	0.4057759643	0.4057759643	0	0	1	1	1	4.121897697
1540	0.3977937698	0.3977937698	0	0	1	1	1	4.122207642
1541	0.3874012232	0.3874012232	0	0	1	1	1	4.122447014
1542	0.4024778903	0.4024778903	0	0	1	1	1	4.121747494
1543	0.4431013465	0.4431013465	0	0	1	1	1	4.121440887
1544	0.4590375125	0.4590375125	0	0	1	1	1	4.121311665
1545	0.4366286993	0.4366286993	0	0	1	1	1	4.12155056
1546	0.4373408854	0.4373408854	0	0	1	1	1	4.121636391
1547	0.4356497824	0.4356497824	0	0	1	1	1	4.121789455
1548	0.4358922839	0.4358922839	0	0	1	1	1	4.121925831
1549	0.416952759	0.416952759	0	0	1	1	1	4.122134686
1550	0.4556481838	0.4556481838	0	0	1	1	1	4.121833801
1551	0.4849505126	0.4849505126	0	0	1	1	1	4.121491432
1552	0.5444043875	0.5444043875	0	0	1	1	1	4.121511459
1553	0.5233556032	0.5233556032	0	0	1	1	1	4.121494293
1554	0.4648395777	0.4648395777	0	0	1	1	1	4.121601582
1555	0.4452599883	0.4452599883	0	0	1	1	1	4.12186861
1556	0.4071188569	0.4071188569	0	0	1	1	1	4.122174263
1557	0.4027858078	0.4027858078	0	0	1	1	1	4.122530937
1558	0.4260572195	0.4260572195	0	0	1	1	1	4.121923923
1559	0.4900180697	0.4900180697	0	0	1	1	1	4.121564388
1560	0.5107204914	0.5107204914	0	0	1	1	1	4.121497154
1561	0.4809862673	0.4809862673	0	0	1	1	1	4.121488571
1562	0.4280696511	0.4280696511	0	0	1	1	1	4.121734142
1563	0.4231712818	0.4231712818	0	0	1	1	1	4.121880531
1564	0.4065733552	0.4065733552	0	0	1	1	1	4.122262001
1565	0.3976795077	0.3976795077	0	0	1	1	1	4.122432232
1566	0.4227322042	0.4227322042	0	0	1	1	1	4.122103214
1567	0.4987750351	0.4987750351	0	0	1	1	1	4.121607304
1568	0.4971339405	0.4971339405	0	0	1	1	1	4.121431828
1569	0.4496120214	0.4496120214	0	0	1	1	1	4.121529579
1570	0.373172611	0.373172611	0	0	1	1	1	4.121804237
1571	0.4189048409	0.4189048409	0	0	1	1	1	4.12199831
1572	0.3977120817	0.3977120817	0	0	1	1	1	4.122423649
1573	0.4268800616	0.4268800616	0	0	1	1	1	4.122937202
1574	0.454325676	0.454325676	0	0	1	1	1	4.122364998
1575	0.5100132823	0.5100132823	0	0	1	1	1	4.122237206
1576	0.5347729325	0.5347729325	0	0	1	1	1	4.122254372
1577	0.4996260107	0.4996260107	0	0	1	1	1	4.122042656
1578	0.4689669013	0.4689669013	0	0	1	1	1	4.122260094
1579	0.489122808	0.489122808	0	0	1	1	1	4.122512341
1580	0.4763459563	0.4763459563	0	0	1	1	1	4.123119354
1581	0.4678187966	0.4678187966	0	0	1	1	1	4.12348938
1582	0.482149303	0.482149303	0	0	1	1	1	4.122860909
1583	0.5196999311	0.5196999311	0	0	1	1	1	4.122708797
1584	0.5382212996	0.5382212996	0	0	1	1	1	4.122266769
1585	0.5239613652	0.5239613652	0	0	1	1	1	4.122107029
1586	0.4831997156	0.4831997156	0	0	1	1	1	4.122478008
1587	0.5373203754	0.5373203754	0	0	1	1	1	4.122776031
1588	0.5275870562	0.5275870562	0	0	1	1	1	4.123055458
1589	0.5086296797	0.5086296797	0	0	1	1	1	4.123402596
1590	0.5498351455	0.5498351455	0	0	1	1	1	4.122736454
1591	0.5793076754	0.5793076754	0	0	1	1	1	4.122533321
1592	0.5725734234	0.5725734234	0	0	1	1	1	4.12228775
1593	0.5506631732	0.5506631732	0	0	1	1	1	4.122072697
1594	0.5140777826	0.5140777826	0	0	1	1	1	4.122973919
1595	0.5445815921	0.5445815921	0	0	1	1	1	4.122736454
1596	0.538264215	0.538264215	0	0	1	1	1	4.123265743
1597	0.5169435143	0.5169435143	0	0	1	1	1	4.123515606
1598	0.5304583907	0.5304583907	0	0	1	1	1	4.123269081
1599	0.5529224277	0.5529224277	0	0	1	1	1	4.123206615
1600	0.5774356127	0.5774356127	0	0	1	1	1	4.123206615
1601	0.580532372	0.580532372	0	0	1	1	1	4.123160839
1602	0.5401293635	0.5401293635	0	0	1	1	1	4.12321949
1603	0.5516031384	0.5516031384	0	0	1	1	1	4.123326302
1604	0.5456669927	0.5456669927	0	0	1	1	1	4.123510838
1605	0.5231947303	0.5231947303	0	0	1	1	1	4.123640537
1606	0.5647132397	0.5647132397	0	0	1	1	1	4.123528481
1607	0.5875379443	0.5875379443	0	0	1	1	1	4.123373985
1608	0.5821368694	0.5821368694	0	0	1	1	1	4.123351097
1609	0.5952600241	0.5952600241	0	0	1	1	1	4.12318325
1610	0.5445877314	0.5445877314	0	0	1	1	1	4.123324394
1611	0.5783002973	0.5783002973	0	0	1	1	1	4.123361111
1612	0.5507306457	0.5507306457	0	0	1	1	1	4.123459816
1613	0.5097706318	0.5097706318	0	0	1	1	1	4.12353754
1614	0.5227555633	0.5227555633	0	0	1	1	1	4.123370171
1615	0.5361876488	0.5361876488	0	0	1	1	1	4.123310089
1616	0.5215284228	0.5215284228	0	0	1	1	1	4.123482704
1617	0.5220874548	0.5220874548	0	0	1	1	1	4.123076439
1618	0.5051446557	0.5051446557	0	0	1	1	1	4.123517513
1619	0.5178425312	0.5178425312	0	0	1	1	1	4.123337746
1620	0.5169462562	0.5169462562	0	0	1	1	1	4.123463154
1621	0.5191545486	0.5191545486	0	0	1	1	1	4.123565197
1622	0.5063303113	0.5063303113	0	0	1	1	1	4.123383522
1623	0.5201452374	0.5201452374	0	0	1	1	1	4.123479843
1624	0.5201074481	0.5201074481	0	0	1	1	1	4.123500824
1625	0.5279759765	0.5279759765	0	0	1	1	1	4.123497963
1626	0.4936531484	0.4936531484	0	0	1	1	1	4.123526573
1627	0.506703198	0.506703198	0	0	1	1	1	4.123486519
1628	0.5041696429	0.5041696429	0	0	1	1	1	4.123603821
1629	0.4959110916	0.4959110916	0	0	1	1	1	4.123642445
1630	0.5339826941	0.5339826941	0	0	1	1	1	4.123502254
1631	0.5265761018	0.5265761018	0	0	1	1	1	4.123558998
1632	0.5119072795	0.5119072795	0	0	1	1	1	4.123589039
1633	0.5024527311	0.5024527311	0	0	1	1	1	4.123529434
1634	0.4814578593	0.4814578593	0	0	1	1	1	4.123583317
1635	0.4921147525	0.4921147525	0	0	1	1	1	4.123526573
1636	0.4917871058	0.4917871058	0	0	1	1	1	4.12360096
1637	0.4836125076	0.4836125076	0	0	1	1	1	4.12365818
1638	0.4685604572	0.4685604572	0	0	1	1	1	4.123512268
1639	0.4746135473	0.4746135473	0	0	1	1	1	4.12364769
1640	0.4862857461	0.4862857461	0	0	1	1	1	4.124078274
1641	0.492294997	0.492294997	0	0	1	1	1	4.124089718
1642	0.4825903475	0.4825903475	0	0	1	1	1	4.124155521
1643	0.4820387661	0.4820387661	0	0	1	1	1	4.124186039
1644	0.4812577963	0.4812577963	0	0	1	1	1	4.124186993
1645	0.4688346982	0.4688346982	0	0	1	1	1	4.124205112
1646	0.445859313	0.445859313	0	0	1	1	1	4.124162197
1647	0.4485348165	0.4485348165	0	0	1	1	1	4.124175549
1648	0.4532883465	0.4532883465	0	0	1	1	1	4.124605179
1649	0.4582625926	0.4582625926	0	0	1	1	1	4.124605656
1650	0.4534522891	0.4534522891	0	0	1	1	1	4.124646187
1651	0.453415513	0.453415513	0	0	1	1	1	4.124671936
1652	0.4568660259	0.4568660259	0	0	1	1	1	4.124696255
1653	0.4414471984	0.4414471984	0	0	1	1	1	4.124697208
1654	0.4249706864	0.4249706864	0	0	1	1	1	4.124667168
1655	0.4300967753	0.4300967753	0	0	1	1	1	4.124694347
1656	0.4365143478	0.4365143478	0	0	1	1	1	4.12488699
1657	0.4357684851	0.4357684851	0	0	1	1	1	4.124200344
1658	0.4443859458	0.4443859458	0	0	1	1	1	4.124334812
1659	0.4597708285	0.4597708285	0	0	1	1	1	4.124277592
1660	0.4573841691	0.4573841691	0	0	1	1	1	4.124359608
1661	0.4637386203	0.4637386203	0	0	1	1	1	4.124249935
1662	0.4346427023	0.4346427023	0	0	1	1	1	4.124297142
1663	0.4219577312	0.4219577312	0	0	1	1	1	4.124228954
1664	0.4165452719	0.4165452719	0	0	1	1	1	4.124689579
1665	0.4199850857	0.4199850857	0	0	1	1	1	4.124311924
1666	0.4424383938	0.4424383938	0	0	1	1	1	4.124313354
1667	0.5146875381	0.5146875381	0	0	1	1	1	4.124354362
1668	0.53176862	0.53176862	0	0	1	1	1	4.124285698
1669	0.4812960029	0.4812960029	0	0	1	1	1	4.124303818
1670	0.518997848	0.518997848	0	0	1	1	1	4.124224663
1671	0.4793638587	0.4793638587	0	0	1	1	1	4.124149323
1672	0.4916716218	0.4916716218	0	0	1	1	1	4.124722004
1673	0.433187753	0.433187753	0	0	1	1	1	4.124306679
1674	0.3804271817	0.3804271817	0	0	1	1	1	4.124361992
1675	0.3807108402	0.3807108402	0	0	1	1	1	4.124380112
1676	0.3509879708	0.3509879708	0	0	1	1	1	4.124396324
1677	0.3418170512	0.3418170512	0	0	1	1	1	4.124287605
1678	0.3457951844	0.3457951844	0	0	1	1	1	4.1243186
1679	0.3633074462	0.3633074462	0	0	1	1	1	4.124351501
1680	0.3917027116	0.3917027116	0	0	1	1	1	4.124816895
1681	0.356415689	0.356415689	0	0	1	1	1	4.124461651
1682	0.3346529007	0.3346529007	0	0	1	1	1	4.124293804
1683	0.3137912154	0.3137912154	0	0	1	1	1	4.124341965
1684	0.2883388996	0.2883388996	0	0	1	1	1	4.12434864
1685	0.2820450366	0.2820450366	0	0	1	1	1	4.124272823
1686	0.2943598926	0.2943598926	0	0	1	1	1	4.124343872
1687	0.2988414168	0.2988414168	0	0	1	1	1	4.124265194
1688	0.3241425455	0.3241425455	0	0	1	1	1	4.124747276
1689	0.2764303088	0.2764303088	0	0	1	1	1	4.124333858
1690	0.2717552781	0.2717552781	0	0	1	1	1	4.124302864
1691	0.2618058026	0.2618058026	0	0	1	1	1	4.124280453
1692	0.2613551021	0.2613551021	0	0	1	1	1	4.124218464
1693	0.2763377726	0.2763377726	0	0	1	1	1	4.124128342
1694	0.2779841721	0.2779841721	0	0	1	1	1	4.124238968
1695	0.3067348897	0.3067348897	0	0	1	1	1	4.12416935
1696	0.3586398661	0.3586398661	0	0	1	1	1	4.124607086
1697	0.3406856954	0.3406856954	0	0	1	1	1	4.124239445
1698	0.3257677853	0.3257677853	0	0	1	1	1	4.124127865
1699	0.2590005696	0.2590005696	0	0	1	1	1	4.124341011
1700	0.2578852177	0.2578852177	0	0	1	1	1	4.124275208
1701	0.2627589703	0.2627589703	0	0	1	1	1	4.124131203
1702	0.2677921951	0.2677921951	0	0	1	1	1	4.124199867
1703	0.2922460139	0.2922460139	0	0	1	1	1	4.124204636
1704	0.3258585036	0.3258585036	0	0	1	1	1	4.124687195
1705	0.3082698286	0.3082698286	0	0	1	1	1	4.1242342
1706	0.2757931352	0.2757931352	0	0	1	1	1	4.124209404
1707	0.2680651248	0.2680651248	0	0	1	1	1	4.12429142
1708	0.2629344165	0.2629344165	0	0	1	1	1	4.12429285
1709	0.2782056332	0.2782056332	0	0	1	1	1	4.124104023
1710	0.2920771539	0.2920771539	0	0	1	1	1	4.124173641
1711	0.2974259257	0.2974259257	0	0	1	1	1	4.124237061
1712	0.3256209493	0.3256209493	0	0	1	1	1	4.12469244
1713	0.3011466563	0.3011466563	0	0	1	1	1	4.124296188
1714	0.2763936222	0.2763936222	0	0	1	1	1	4.124247551
1715	0.238997817	0.238997817	0	0	1	1	1	4.124177933
1716	0.2508068383	0.2508068383	0	0	1	1	1	4.124245644
1717	0.2895823419	0.2895823419	0	0	1	1	1	4.124121666
1718	0.2787720859	0.2787720859	0	0	1	1	1	4.12425375
1719	0.2995972931	0.2995972931	0	0	1	1	1	4.124263287
1720	0.3299973011	0.3299973011	0	0	1	1	1	4.12475729
1721	0.3055443764	0.3055443764	0	0	1	1	1	4.124319077
1722	0.268255949	0.268255949	0	0	1	1	1	4.12430191
1723	0.252830714	0.252830714	0	0	1	1	1	4.124325752
1724	0.2756183147	0.2756183147	0	0	1	1	1	4.124358177
1725	0.2834087014	0.2834087014	0	0	1	1	1	4.124185562
1726	0.2749012113	0.2749012113	0	0	1	1	1	4.124192238
1727	0.3042160869	0.3042160869	0	0	1	1	1	4.124378681
1728	0.3479330242	0.3479330242	0	0	1	1	1	4.124780655
1729	0.3207714856	0.3207714856	0	0	1	1	1	4.124307632
1730	0.3006168902	0.3006168902	0	0	1	1	1	4.124342918
1731	0.2825897634	0.2825897634	0	0	1	1	1	4.124306202
1732	0.2972417176	0.2972417176	0	0	1	1	1	4.124284267
1733	0.3015942872	0.3015942872	0	0	1	1	1	4.124154091
1734	0.3089970648	0.3089970648	0	0	1	1	1	4.124174595
1735	0.3270320594	0.3270320594	0	0	1	1	1	4.124332428
1736	0.3336533308	0.3336533308	0	0	1	1	1	4.124379635
1737	0.2787283361	0.2787283361	0	0	1	1	1	4.123795509
1738	0.2565775216	0.2565775216	0	0	1	1	1	4.123725891
1739	0.2528632283	0.2528632283	0	0	1	1	1	4.123616219
1740	0.2723694444	0.2723694444	0	0	1	1	1	4.123653412
1741	0.3100258112	0.3100258112	0	0	1	1	1	4.123549461
1742	0.3441666663	0.3441666663	0	0	1	1	1	4.123525143
1743	0.3741520345	0.3741520345	0	0	1	1	1	4.123642921
1744	0.3997260034	0.3997260034	0	0	1	1	1	4.123806477
1745	0.3968522251	0.3968522251	0	0	1	1	1	4.123735905
1746	0.4034419358	0.4034419358	0	0	1	1	1	4.123607635
1747	0.403732568	0.403732568	0	0	1	1	1	4.123495579
1748	0.4193471372	0.4193471372	0	0	1	1	1	4.12371397
1749	0.41468817	0.41468817	0	0	1	1	1	4.123661995
1750	0.4149988592	0.4149988592	0	0	1	1	1	4.123615265
1751	0.4166535437	0.4166535437	0	0	1	1	1	4.12368679
1752	0.4469340146	0.4469340146	0	0	1	1	1	4.123710632
1753	0.4472302794	0.4472302794	0	0	1	1	1	4.12363863
1754	0.4551465213	0.4551465213	0	0	1	1	1	4.123522282
1755	0.4713954926	0.4713954926	0	0	1	1	1	4.123396397
1756	0.4833744466	0.4833744466	0	0	1	1	1	4.123631001
1757	0.5043900609	0.5043900609	0	0	1	1	1	4.123570919
1758	0.5084605813	0.5084605813	0	0	1	1	1	4.123578072
1759	0.5244114995	0.5244114995	0	0	1	1	1	4.123645782
1760	0.5497360229	0.5497360229	0	0	1	1	1	4.124104023
1761	0.5259663463	0.5259663463	0	0	1	1	1	4.123928547
1762	0.5478613973	0.5478613973	0	0	1	1	1	4.123494148
1763	0.5943829417	0.5943829417	0	0	1	1	1	4.12343359
1764	0.6804074049	0.6804074049	0	0	1	1	1	4.123448849
1765	0.7748839259	0.7748839259	0	0	1	1	1	4.123311043
1766	0.8336141706	0.8336141706	0	0	1	1	1	4.123248577
1767	0.8850617409	0.8850617409	0	0	1	1	1	4.123407841
1768	0.9431269765	0.9431269765	0	0	1	1	1	4.123706818
1769	0.9092285633	0.9092285633	0	0	1	1	1	4.123534679
1770	0.9222450256	0.9222450256	0	0	1	1	1	4.123520374
1771	0.9224598408	0.9224598408	0	0	1	1	1	4.123355865
1772	0.9713112712	0.9713112712	0	0	1	1	1	4.123536587
1773	0.9544034004	0.9544034004	0	0	1	1	1	4.123554707
1774	1.022159338	1.022159338	0	0	1	1	1	4.123529911
1775	0.9530841112	0.9530841112	0	0	1	1	1	4.123542309
1776	0.9291573763	0.9291573763	0	0	1	1	1	4.123740196
1777	0.9303597808	0.9303597808	0	0	1	1	1	4.123630047
1778	0.9959303737	0.9959303737	0	0	1	1	1	4.123580933
1779	0.9890688658	0.9890688658	0	0	1	1	1	4.123536587
1780	1.037958384	1.037958384	0	0	1	1	1	4.123558998
1781	1.051282883	1.051282883	0	0	1	1	1	4.123565197
1782	1.024895787	1.024895787	0	0	1	1	1	4.123558044
1783	1.010719061	1.010719061	0	0	1	1	1	4.123350143
1784	0.9876225591	0.9876225591	0	0	1	1	1	4.123540401
1785	0.9407185316	0.9407185316	0	0	1	1	1	4.123371124
1786	0.9065525532	0.9065525532	0	0	1	1	1	4.123293877
1787	0.9964190722	0.9964190722	0	0	1	1	1	4.123067379
1788	1.009839416	1.009839416	0	0	1	1	1	4.123075008
1789	1.062303424	1.062303424	0	0	1	1	1	4.123363972
1790	1.160093784	1.160093784	0	0	1	1	1	4.123079777
1791	1.204681396	1.204681396	0	0	1	1	1	4.12303257
1792	1.262718439	1.262718439	0	0	1	1	1	4.123539448
1793	1.177934527	1.177934527	0	0	1	1	1	4.123261452
1794	1.229237199	1.229237199	0	0	1	1	1	4.123453617
1795	1.190114141	1.190114141	0	0	1	1	1	4.123241425
1796	1.253725648	1.253725648	0	0	1	1	1	4.123215675
1797	1.265492082	1.265492082	0	0	1	1	1	4.123126507
1798	1.286790729	1.286790729	0	0	1	1	1	4.123217106
1799	1.242322445	1.242322445	0	0	1	1	1	4.123301029
1800	1.219658971	1.219658971	0	0	1	1	1	4.12359333
1801	1.220789075	1.220789075	0	0	1	1	1	4.123515129
1802	1.266362786	1.266362786	0	0	1	1	1	4.123300076
1803	1.258793592	1.258793592	0	0	1	1	1	4.123554707
1804	1.336002588	1.336002588	0	0	1	1	1	4.123535633
1805	1.337462306	1.337462306	0	0	1	1	1	4.123575687
1806	1.315223098	1.315223098	0	0	1	1	1	4.123362064
1807	1.379595637	1.379595637	0	0	1	1	1	4.123387814
1808	1.341628075	1.341628075	0	0	1	1	1	4.123557091
1809	1.312576056	1.312576056	0	0	1	1	1	4.12353611
1810	1.355231404	1.355231404	0	0	1	1	1	4.123374939
1811	1.36434269	1.36434269	0	0	1	1	1	4.123274326
1812	1.492644072	1.492644072	0	0	1	1	1	4.123306274
1813	1.602551818	1.602551818	0	0	1	1	1	4.123477459
1814	1.61821425	1.61821425	0	0	1	1	1	4.123394489
1815	1.722934365	1.722934365	0	0	1	1	1	4.123204708
1816	1.731244087	1.731244087	0	0	1	1	1	4.123705387
1817	1.688426614	1.688426614	0	0	1	1	1	4.123617649
1818	1.742686987	1.742686987	0	0	1	1	1	4.123586655
1819	1.709438682	1.709438682	0	0	1	1	1	4.123445988
1820	1.788391709	1.788391709	0	0	1	1	1	4.123243332
1821	1.775506854	1.775506854	0	0	1	1	1	4.123397827
1822	1.783293247	1.783293247	0	0	1	1	1	4.12352562
1823	1.804120779	1.804120779	0	0	1	1	1	4.123479366
1824	1.764719605	1.764719605	0	0	1	1	1	4.12356329
1825	1.732636571	1.732636571	0	0	1	1	1	4.123566628
1826	1.839625597	1.839625597	0	0	1	1	1	4.123458862
1827	1.74601233	1.74601233	0	0	1	1	1	4.123491764
1828	1.828271985	1.828271985	0	0	1	1	1	4.123313427
1829	1.804793596	1.804793596	0	0	1	1	1	4.123593807
1830	1.813661814	1.813661814	0	0	1	1	1	4.123640537
1831	1.905684829	1.905684829	0	0	1	1	1	4.123384953
1832	1.792424321	1.792424321	0	0	1	1	1	4.12362051
1833	1.760751247	1.760751247	0	0	1	1	1	4.123529911
1834	1.712579608	1.712579608	0	0	1	1	1	4.123433113
1835	1.612044692	1.612044692	0	0	1	1	1	4.123339653
1836	1.596852779	1.596852779	0	0	1	1	1	4.123171329
1837	1.641705513	1.641705513	0	0	1	1	1	4.123468876
1838	1.691628218	1.691628218	0	0	1	1	1	4.123275757
1839	1.729650974	1.729650974	0	0	1	1	1	4.123244762
1840	1.708373308	1.708373308	0	0	1	1	1	4.12331152
1841	1.744402051	1.744402051	0	0	1	1	1	4.123403072
1842	1.777682304	1.777682304	0	0	1	1	1	4.123277664
1843	1.772951007	1.772951007	0	0	1	1	1	4.123220921
1844	1.823180437	1.823180437	0	0	1	1	1	4.123165131
1845	1.777159929	1.777159929	0	0	1	1	1	4.12330389
1846	1.739054918	1.739054918	0	0	1	1	1	4.123342991
1847	1.763508081	1.763508081	0	0	1	1	1	4.123320103
1848	1.763272047	1.763272047	0	0	1	1	1	4.123380184
1849	1.740004063	1.740004063	0	0	1	1	1	4.123217106
1850	1.735062599	1.735062599	0	0	1	1	1	4.123140335
1851	1.71568954	1.71568954	0	0	1	1	1	4.122957706
1852	1.723757625	1.723757625	0	0	1	1	1	4.123172283
1853	1.740074158	1.740074158	0	0	1	1	1	4.123334885
1854	1.681497693	1.681497693	0	0	1	1	1	4.123192787
1855	1.655496001	1.655496001	0	0	1	1	1	4.123308659
1856	1.634503722	1.634503722	0	0	1	1	1	4.123391628
1857	1.621593237	1.621593237	0	0	1	1	1	4.123461246
1858	1.553809762	1.553809762	0	0	1	1	1	4.123233795
1859	1.502577305	1.502577305	0	0	1	1	1	4.123232365
1860	1.458688617	1.458688617	0	0	1	1	1	4.123156071
1861	1.413675547	1.413675547	0	0	1	1	1	4.123407841
1862	1.353056192	1.353056192	0	0	1	1	1	4.122903347
1863	1.315052748	1.315052748	0	0	1	1	1	4.122861385
1864	1.289565086	1.289565086	0	0	1	1	1	4.122937679
1865	1.246076107	1.246076107	0	0	1	1	1	4.122771263
1866	1.235777378	1.235777378	0	0	1	1	1	4.122803688
1867	1.242112041	1.242112041	0	0	1	1	1	4.1229105
1868	1.252871513	1.252871513	0	0	1	1	1	4.123169899
1869	1.239523768	1.239523768	0	0	1	1	1	4.123291016
1870	1.246451139	1.246451139	0	0	1	1	1	4.12315321
1871	1.249529123	1.249529123	0	0	1	1	1	4.122983932
1872	1.250942945	1.250942945	0	0	1	1	1	4.1229496
1873	1.248911381	1.248911381	0	0	1	1	1	4.122867584
1874	1.258619189	1.258619189	0	0	1	1	1	4.123019695
1875	1.262657762	1.262657762	0	0	1	1	1	4.12305975
1876	1.300377369	1.300377369	0	0	1	1	1	4.123333931
1877	1.28500998	1.28500998	0	0	1	1	1	4.123413563
1878	1.273218036	1.273218036	0	0	1	1	1	4.123225689
1879	1.287271976	1.287271976	0	0	1	1	1	4.12309885
1880	1.28441143	1.28441143	0	0	1	1	1	4.122676373
1881	1.299105167	1.299105167	0	0	1	1	1	4.123056889
1882	1.283531427	1.283531427	0	0	1	1	1	4.122867584
1883	1.2707901	1.2707901	0	0	1	1	1	4.122656345
1884	1.219852209	1.219852209	0	0	1	1	1	4.122774601
1885	1.163540602	1.163540602	0	0	1	1	1	4.123152733
1886	1.155074	1.155074	0	0	1	1	1	4.122759342
1887	1.180866838	1.180866838	0	0	1	1	1	4.122540951
1888	1.192737818	1.192737818	0	0	1	1	1	4.122504234
1889	1.109203935	1.109203935	0	0	1	1	1	4.122139454
1890	1.098328829	1.098328829	0	0	1	1	1	4.122292519
1891	1.091088295	1.091088295	0	0	1	1	1	4.122272968
1892	1.078747988	1.078747988	0	0	1	1	1	4.122864723
1893	1.054480195	1.054480195	0	0	1	1	1	4.122748375
1894	1.054978728	1.054978728	0	0	1	1	1	4.122497082
1895	1.062295437	1.062295437	0	0	1	1	1	4.122359276
1896	1.069497705	1.069497705	0	0	1	1	1	4.122322559
1897	1.047814369	1.047814369	0	0	1	1	1	4.12220335
1898	1.028900385	1.028900385	0	0	1	1	1	4.122187138
1899	1.040634871	1.040634871	0	0	1	1	1	4.12221384
1900	1.01236105	1.01236105	0	0	1	1	1	4.122727871
1901	0.9992200732	0.9992200732	0	0	1	1	1	4.123045921
1902	0.9860146642	0.9860146642	0	0	1	1	1	4.122412682
1903	0.9721085429	0.9721085429	0	0	1	1	1	4.122098446
1904	0.9635455608	0.9635455608	0	0	1	1	1	4.12207365
1905	0.9451056123	0.9451056123	0	0	1	1	1	4.122243404
1906	0.9443070292	0.9443070292	0	0	1	1	1	4.122053623
1907	0.9479314685	0.9479314685	0	0	1	1	1	4.122116566
1908	0.9301256537	0.9301256537	0	0	1	1	1	4.122334003
1909	0.9289358258	0.9289358258	0	0	1	1	1	4.122423172
1910	0.9432002306	0.9432002306	0	0	1	1	1	4.122108936
1911	0.9544163942	0.9544163942	0	0	1	1	1	4.121866226
1912	1.027173758	1.027173758	0	0	1	1	1	4.121572971
1913	0.948748827	0.948748827	0	0	1	1	1	4.121520519
1914	0.9142016172	0.9142016172	0	0	1	1	1	4.121716499
1915	0.907446444	0.907446444	0	0	1	1	1	4.121705055
1916	0.9116628766	0.9116628766	0	0	1	1	1	4.122256279
1917	0.9168370366	0.9168370366	0	0	1	1	1	4.122393608
1918	0.9265759587	0.9265759587	0	0	1	1	1	4.12197113
1919	0.9539439082	0.9539439082	0	0	1	1	1	4.121628761
1920	0.9797328711	0.9797328711	0	0	1	1	1	4.121602535
1921	0.9587025642	0.9587025642	0	0	1	1	1	4.121613026
1922	0.9286936522	0.9286936522	0	0	1	1	1	4.122054577
1923	0.9092234373	0.9092234373	0	0	1	1	1	4.122254848
1924	0.9085649848	0.9085649848	0	0	1	1	1	4.122474194
1925	0.9213241339	0.9213241339	0	0	1	1	1	4.122655392
1926	0.9623638391	0.9623638391	0	0	1	1	1	4.121862888
1927	0.9538698792	0.9538698792	0	0	1	1	1	4.121695042
1928	1.024139881	1.024139881	0	0	1	1	1	4.121450901
1929	0.9816929698	0.9816929698	0	0	1	1	1	4.121737003
1930	0.9494062066	0.9494062066	0	0	1	1	1	4.121735096
1931	0.9328412414	0.9328412414	0	0	1	1	1	4.121698856
1932	0.8758945465	0.8758945465	0	0	1	1	1	4.121912003
1933	0.8287245631	0.8287245631	0	0	1	1	1	4.122037888
1934	0.8276238441	0.8276238441	0	0	1	1	1	4.121750355
1935	0.8404672742	0.8404672742	0	0	1	1	1	4.121515751
1936	0.9006160498	0.9006160498	0	0	1	1	1	4.121414661
1937	0.7653003931	0.7653003931	0	0	1	1	1	4.121465206
1938	0.8571513295	0.8571513295	0	0	1	1	1	4.12165451
1939	0.7935654521	0.7935654521	0	0	1	1	1	4.121694565
1940	0.7341514826	0.7341514826	0	0	1	1	1	4.122075081
1941	0.7036313415	0.7036313415	0	0	1	1	1	4.122180462
1942	0.7108672261	0.7108672261	0	0	1	1	1	4.121804237
1943	0.7666594982	0.7666594982	0	0	1	1	1	4.121447086
1944	0.799454391	0.799454391	0	0	1	1	1	4.121304512
1945	0.8084810972	0.8084810972	0	0	1	1	1	4.121501446
1946	0.8128191829	0.8128191829	0	0	1	1	1	4.121814728
1947	0.8400606513	0.8400606513	0	0	1	1	1	4.121918678
1948	0.7666237354	0.7666237354	0	0	1	1	1	4.122395039
1949	0.7776526213	0.7776526213	0	0	1	1	1	4.122474194
1950	0.834631443	0.834631443	0	0	1	1	1	4.12177515
1951	0.8497002125	0.8497002125	0	0	1	1	1	4.121339798
1952	0.8602265716	0.8602265716	0	0	1	1	1	4.121246815
1953	0.830827713	0.830827713	0	0	1	1	1	4.121453285
1954	0.7998003364	0.7998003364	0	0	1	1	1	4.121527672
1955	0.8441569209	0.8441569209	0	0	1	1	1	4.121382713
1956	0.7875449061	0.7875449061	0	0	1	1	1	4.121933937
1957	0.7769733667	0.7769733667	0	0	1	1	1	4.122091293
1958	0.775270462	0.775270462	0	0	1	1	1	4.121587753
1959	0.8159993291	0.8159993291	0	0	1	1	1	4.121349335
1960	0.7714483142	0.7714483142	0	0	1	1	1	4.121544838
1961	0.756991744	0.756991744	0	0	1	1	1	4.12146616
1962	0.7630202174	0.7630202174	0	0	1	1	1	4.121683121
1963	0.779515326	0.779515326	0	0	1	1	1	4.121524811
1964	0.7436075211	0.7436075211	0	0	1	1	1	4.122203827
1965	0.7202920914	0.7202920914	0	0	1	1	1	4.122139931
1966	0.7233588099	0.7233588099	0	0	1	1	1	4.121935368
1967	0.7300139666	0.7300139666	0	0	1	1	1	4.121417046
1968	0.7151010633	0.7151010633	0	0	1	1	1	4.121613503
1969	0.691865623	0.691865623	0	0	1	1	1	4.121447086
1970	0.6603165865	0.6603165865	0	0	1	1	1	4.121691704
1971	0.6584385633	0.6584385633	0	0	1	1	1	4.121798515
1972	0.6197945476	0.6197945476	0	0	1	1	1	4.122378826
1973	0.6082293391	0.6082293391	0	0	1	1	1	4.122606754
1974	0.6193491817	0.6193491817	0	0	1	1	1	4.122153282
1975	0.6243254542	0.6243254542	0	0	1	1	1	4.121776581
1976	0.6081103086	0.6081103086	0	0	1	1	1	4.121692181
1977	0.5735886097	0.5735886097	0	0	1	1	1	4.122025013
1978	0.6072742939	0.6072742939	0	0	1	1	1	4.12211132
1979	0.568533957	0.568533957	0	0	1	1	1	4.122132301
1980	0.5463673472	0.5463673472	0	0	1	1	1	4.12254858
1981	0.5212219357	0.5212219357	0	0	1	1	1	4.122661114
1982	0.5194657445	0.5194657445	0	0	1	1	1	4.122292042
1983	0.5279175043	0.5279175043	0	0	1	1	1	4.121860504
1984	0.5296016335	0.5296016335	0	0	1	1	1	4.12206459
1985	0.4972207546	0.4972207546	0	0	1	1	1	4.121947289
1986	0.4972192645	0.4972192645	0	0	1	1	1	4.122066021
1987	0.4977065623	0.4977065623	0	0	1	1	1	4.122280121
1988	0.4843749106	0.4843749106	0	0	1	1	1	4.12277317
1989	0.4790002704	0.4790002704	0	0	1	1	1	4.122846603
1990	0.4741471708	0.4741471708	0	0	1	1	1	4.122370243
1991	0.4929648936	0.4929648936	0	0	1	1	1	4.122106075
1992	0.5007085204	0.5007085204	0	0	1	1	1	4.122151852
1993	0.4980742931	0.4980742931	0	0	1	1	1	4.122499466
1994	0.5145392418	0.5145392418	0	0	1	1	1	4.122721195
1995	0.5335755348	0.5335755348	0	0	1	1	1	4.122643471
1996	0.5100837946	0.5100837946	0	0	1	1	1	4.122890949
1997	0.5101257563	0.5101257563	0	0	1	1	1	4.12280941
1998	0.5179640651	0.5179640651	0	0	1	1	1	4.122693539
1999	0.5314170122	0.5314170122	0	0	1	1	1	4.122101784
2000	0.5233490467	0.5233490467	0	0	1	1	1	4.121952534
2001	0.5306566358	0.5306566358	0	0	1	1	1	4.12248373
2002	0.5706421733	0.5706421733	0	0	1	1	1	4.122051716
2003	0.6287899017	0.6287899017	0	0	1	1	1	4.122051239
2004	0.5895630717	0.5895630717	0	0	1	1	1	4.12233305
2005	0.5525581241	0.5525581241	0	0	1	1	1	4.122597694
2006	0.5311172009	0.5311172009	0	0	1	1	1	4.12218523
2007	0.5192196369	0.5192196369	0	0	1	1	1	4.121911049
2008	0.5030251741	0.5030251741	0	0	1	1	1	4.122300148
2009	0.4800395966	0.4800395966	0	0	1	1	1	4.122132301
2010	0.4756396115	0.4756396115	0	0	1	1	1	4.122026443
2011	0.4930473864	0.4930473864	0	0	1	1	1	4.122188568
2012	0.4302863181	0.4302863181	0	0	1	1	1	4.122570992
2013	0.3961251676	0.3961251676	0	0	1	1	1	4.122750282
2014	0.423873812	0.423873812	0	0	1	1	1	4.122066975
2015	0.4693991244	0.4693991244	0	0	1	1	1	4.121794701
2016	0.4368063509	0.4368063509	0	0	1	1	1	4.121909618
2017	0.461194098	0.461194098	0	0	1	1	1	4.122130394
2018	0.4662659168	0.4662659168	0	0	1	1	1	4.121938229
2019	0.5013514757	0.5013514757	0	0	1	1	1	4.122046471
2020	0.4336135387	0.4336135387	0	0	1	1	1	4.122515678
2021	0.3917081058	0.3917081058	0	0	1	1	1	4.122846127
2022	0.4420361221	0.4420361221	0	0	1	1	1	4.122579098
2023	0.4481156766	0.4481156766	0	0	1	1	1	4.121679306
2024	0.3938990235	0.3938990235	0	0	1	1	1	4.122601986
2025	0.3923104703	0.3923104703	0	0	1	1	1	4.121939659
2026	0.4230122268	0.4230122268	0	0	1	1	1	4.122303963
2027	0.4390351772	0.4390351772	0	0	1	1	1	4.12241888
2028	0.376359731	0.376359731	0	0	1	1	1	4.12306881
2029	0.3620705903	0.3620705903	0	0	1	1	1	4.123167992
2030	0.370675087	0.370675087	0	0	1	1	1	4.12278986
2031	0.3918384016	0.3918384016	0	0	1	1	1	4.122948647
2032	0.3447591364	0.3447591364	0	0	1	1	1	4.123048782
2033	0.3266494274	0.3266494274	0	0	1	1	1	4.123211861
2034	0.3502105772	0.3502105772	0	0	1	1	1	4.122608662
2035	0.3554440141	0.3554440141	0	0	1	1	1	4.123034
2036	0.3290217817	0.3290217817	0	0	1	1	1	4.123457432
2037	0.3135587871	0.3135587871	0	0	1	1	1	4.123486519
2038	0.3047493398	0.3047493398	0	0	1	1	1	4.123332977
2039	0.3360878527	0.3360878527	0	0	1	1	1	4.122963428
2040	0.3328715265	0.3328715265	0	0	1	1	1	4.122880459
2041	0.3263265193	0.3263265193	0	0	1	1	1	4.123047829
2042	0.3163428009	0.3163428009	0	0	1	1	1	4.122750282
2043	0.3259612918	0.3259612918	0	0	1	1	1	4.123034
2044	0.3019374311	0.3019374311	0	0	1	1	1	4.12334156
2045	0.3083062768	0.3083062768	0	0	1	1	1	4.1234231
2046	0.3125107288	0.3125107288	0	0	1	1	1	4.123057842
2047	0.320871979	0.320871979	0	0	1	1	1	4.122971058
2048	0.2987626493	0.2987626493	0	0	1	1	1	4.122728825
2049	0.3005202711	0.3005202711	0	0	1	1	1	4.123321533
2050	0.272192359	0.272192359	0	0	1	1	1	4.12294054
2051	0.301492393	0.301492393	0	0	1	1	1	4.123029709
2052	0.2763333917	0.2763333917	0	0	1	1	1	4.123407841
2053	0.3180254698	0.3180254698	0	0	1	1	1	4.123450756
2054	0.3025768697	0.3025768697	0	0	1	1	1	4.123238087
2055	0.3299044371	0.3299044371	0	0	1	1	1	4.123172283
2056	0.3250377774	0.3250377774	0	0	1	1	1	4.123219967
2057	0.3115180731	0.3115180731	0	0	1	1	1	4.123180389
2058	0.2829352021	0.2829352021	0	0	1	1	1	4.122817516
2059	0.3034514487	0.3034514487	0	0	1	1	1	4.122992039
2060	0.2803169787	0.2803169787	0	0	1	1	1	4.123366356
2061	0.2910357416	0.2910357416	0	0	1	1	1	4.123520851
2062	0.3199718595	0.3199718595	0	0	1	1	1	4.123271942
2063	0.3598503768	0.3598503768	0	0	1	1	1	4.123067379
2064	0.3234658837	0.3234658837	0	0	1	1	1	4.123160362
2065	0.332811892	0.332811892	0	0	1	1	1	4.123142242
2066	0.3048969507	0.3048969507	0	0	1	1	1	4.122934818
2067	0.3454489112	0.3454489112	0	0	1	1	1	4.123152733
2068	0.3368650675	0.3368650675	0	0	1	1	1	4.123406887
2069	0.3492918015	0.3492918015	0	0	1	1	1	4.1234231
2070	0.3435680866	0.3435680866	0	0	1	1	1	4.123408318
2071	0.3884035349	0.3884035349	0	0	1	1	1	4.123334885
2072	0.3225984871	0.3225984871	0	0	1	1	1	4.123083591
2073	0.3374656141	0.3374656141	0	0	1	1	1	4.123121738
2074	0.3281258941	0.3281258941	0	0	1	1	1	4.122983456
2075	0.3696096838	0.3696096838	0	0	1	1	1	4.123180389
2076	0.3604163527	0.3604163527	0	0	1	1	1	4.123472214
2077	0.353947252	0.353947252	0	0	1	1	1	4.12363863
2078	0.384029448	0.384029448	0	0	1	1	1	4.123295307
2079	0.401229322	0.401229322	0	0	1	1	1	4.123122215
2080	0.360853374	0.360853374	0	0	1	1	1	4.12340641
2081	0.3713367879	0.3713367879	0	0	1	1	1	4.12331295
2082	0.3854305744	0.3854305744	0	0	1	1	1	4.123015404
2083	0.3765494823	0.3765494823	0	0	1	1	1	4.12318182
2084	0.398340404	0.398340404	0	0	1	1	1	4.123566628
2085	0.3745382428	0.3745382428	0	0	1	1	1	4.123581409
2086	0.3964460492	0.3964460492	0	0	1	1	1	4.123438358
2087	0.4003256857	0.4003256857	0	0	1	1	1	4.123285294
2088	0.3640433848	0.3640433848	0	0	1	1	1	4.12335825
2089	0.3493101895	0.3493101895	0	0	1	1	1	4.123321533
2090	0.3430324495	0.3430324495	0	0	1	1	1	4.123259068
2091	0.3690977693	0.3690977693	0	0	1	1	1	4.12336874
2092	0.3602228761	0.3602228761	0	0	1	1	1	4.12358284
2093	0.3310526609	0.3310526609	0	0	1	1	1	4.123543739
2094	0.3278143406	0.3278143406	0	0	1	1	1	4.123476505
2095	0.3405474722	0.3405474722	0	0	1	1	1	4.123470306
2096	0.3021663427	0.3021663427	0	0	1	1	1	4.123340607
2097	0.2927274704	0.2927274704	0	0	1	1	1	4.123409748
2098	0.2920916975	0.2920916975	0	0	1	1	1	4.123427391
2099	0.3143281341	0.3143281341	0	0	1	1	1	4.123538971
2100	0.3284887969	0.3284887969	0	0	1	1	1	4.123639584
2101	0.3163394034	0.3163394034	0	0	1	1	1	4.123565674
2102	0.3074931502	0.3074931502	0	0	1	1	1	4.123486996
2103	0.3289176822	0.3289176822	0	0	1	1	1	4.123592854
2104	0.3011584878	0.3011584878	0	0	1	1	1	4.123538017
2105	0.3203179836	0.3203179836	0	0	1	1	1	4.123574734
2106	0.2942474484	0.2942474484	0	0	1	1	1	4.123430252
2107	0.3037114739	0.3037114739	0	0	1	1	1	4.123550892
2108	0.3213254511	0.3213254511	0	0	1	1	1	4.123630047
2109	0.314258486	0.314258486	0	0	1	1	1	4.123635292
2110	0.3502285182	0.3502285182	0	0	1	1	1	4.123593807
2111	0.349776119	0.349776119	0	0	1	1	1	4.123607159
2112	0.3159585595	0.3159585595	0	0	1	1	1	4.123612881
2113	0.3125813901	0.3125813901	0	0	1	1	1	4.123616695
2114	0.3045331836	0.3045331836	0	0	1	1	1	4.12348175
2115	0.312602669	0.312602669	0	0	1	1	1	4.123565197
2116	0.3283805251	0.3283805251	0	0	1	1	1	4.123614788
2117	0.3320550621	0.3320550621	0	0	1	1	1	4.123641014
2118	0.3419041634	0.3419041634	0	0	1	1	1	4.123515129
2119	0.3564158976	0.3564158976	0	0	1	1	1	4.123692989
2120	0.3258900344	0.3258900344	0	0	1	1	1	4.123727322
2121	0.3277650177	0.3277650177	0	0	1	1	1	4.123641014
2122	0.3259312212	0.3259312212	0	0	1	1	1	4.123543739
2123	0.3421788216	0.3421788216	0	0	1	1	1	4.123570919
2124	0.3587879837	0.3587879837	0	0	1	1	1	4.123662472
2125	0.3561351001	0.3561351001	0	0	1	1	1	4.123642445
2126	0.3544243872	0.3544243872	0	0	1	1	1	4.123589039
2127	0.3659158945	0.3659158945	0	0	1	1	1	4.123666763
2128	0.351157248	0.351157248	0	0	1	1	1	4.123765469
2129	0.3616581857	0.3616581857	0	0	1	1	1	4.123667717
2130	0.3396684229	0.3396684229	0	0	1	1	1	4.123650551
2131	0.329741329	0.329741329	0	0	1	1	1	4.123620033
2132	0.3577919602	0.3577919602	0	0	1	1	1	4.123666763
2133	0.3682288527	0.3682288527	0	0	1	1	1	4.123661041
2134	0.3925490677	0.3925490677	0	0	1	1	1	4.123620033
2135	0.4070869684	0.4070869684	0	0	1	1	1	4.123705387
2136	0.3796980679	0.3796980679	0	0	1	1	1	4.123766422
2137	0.3979195058	0.3979195058	0	0	1	1	1	4.123767853
2138	0.3934679627	0.3934679627	0	0	1	1	1	4.123645306
2139	0.4176954031	0.4176954031	0	0	1	1	1	4.123673439
2140	0.4181405902	0.4181405902	0	0	1	1	1	4.12377882
2141	0.4267275631	0.4267275631	0	0	1	1	1	4.123757362
2142	0.4213449061	0.4213449061	0	0	1	1	1	4.123738766
2143	0.441144526	0.441144526	0	0	1	1	1	4.123841286
2144	0.4140512347	0.4140512347	0	0	1	1	1	4.123797894
2145	0.4173891842	0.4173891842	0	0	1	1	1	4.123708248
2146	0.4332763255	0.4332763255	0	0	1	1	1	4.123648167
2147	0.4206554294	0.4206554294	0	0	1	1	1	4.123681545
2148	0.4150655866	0.4150655866	0	0	1	1	1	4.123777866
2149	0.423407048	0.423407048	0	0	1	1	1	4.123908043
2150	0.4148375094	0.4148375094	0	0	1	1	1	4.123622894
2151	0.4152806699	0.4152806699	0	0	1	1	1	4.123832703
2152	0.4331197739	0.4331197739	0	0	1	1	1	4.123806477
2153	0.4615974426	0.4615974426	0	0	1	1	1	4.123808861
2154	0.4428620934	0.4428620934	0	0	1	1	1	4.123783588
2155	0.4183940887	0.4183940887	0	0	1	1	1	4.123680115
2156	0.4294835925	0.4294835925	0	0	1	1	1	4.123725414
2157	0.4307380915	0.4307380915	0	0	1	1	1	4.123668671
2158	0.4636452198	0.4636452198	0	0	1	1	1	4.123639584
2159	0.4650980532	0.4650980532	0	0	1	1	1	4.123758793
2160	0.485717684	0.485717684	0	0	1	1	1	4.123758793
2161	0.5325151086	0.5325151086	0	0	1	1	1	4.123648643
2162	0.4865824878	0.4865824878	0	0	1	1	1	4.123600006
2163	0.4990604818	0.4990604818	0	0	1	1	1	4.123641491
2164	0.5141461492	0.5141461492	0	0	1	1	1	4.123697758
2165	0.4972139895	0.4972139895	0	0	1	1	1	4.123665333
2166	0.4701129496	0.4701129496	0	0	1	1	1	4.123621464
2167	0.4666033387	0.4666033387	0	0	1	1	1	4.123723507
2168	0.4495224357	0.4495224357	0	0	1	1	1	4.123741627
2169	0.4475576282	0.4475576282	0	0	1	1	1	4.123630524
2170	0.4583699405	0.4583699405	0	0	1	1	1	4.123578072
2171	0.4482112229	0.4482112229	0	0	1	1	1	4.123497963
2172	0.427346915	0.427346915	0	0	1	1	1	4.123558998
2173	0.4384197891	0.4384197891	0	0	1	1	1	4.12361145
2174	0.56199646	0.56199646	0	0	1	1	1	4.123612404
2175	0.5573757887	0.5573757887	0	0	1	1	1	4.123636723
2176	0.5696867108	0.5696867108	0	0	1	1	1	4.123581886
2177	0.5627526641	0.5627526641	0	0	1	1	1	4.123598099
2178	0.5074774623	0.5074774623	0	0	1	1	1	4.123495102
2179	0.4595543146	0.4595543146	0	0	1	1	1	4.123494625
2180	0.4203276038	0.4203276038	0	0	1	1	1	4.12354517
2181	0.4332633317	0.4332633317	0	0	1	1	1	4.123662949
2182	0.4470498264	0.4470498264	0	0	1	1	1	4.12366724
2183	0.4793758392	0.4793758392	0	0	1	1	1	4.123687267
2184	0.4820540845	0.4820540845	0	0	1	1	1	4.123672009
2185	0.5304592848	0.5304592848	0	0	1	1	1	4.123598576
2186	0.5049502254	0.5049502254	0	0	1	1	1	4.123695374
2187	0.4978093505	0.4978093505	0	0	1	1	1	4.123653412
2188	0.4632259905	0.4632259905	0	0	1	1	1	4.123652458
2189	0.4706715047	0.4706715047	0	0	1	1	1	4.123590469
2190	0.4510920048	0.4510920048	0	0	1	1	1	4.123563766
2191	0.4790490866	0.4790490866	0	0	1	1	1	4.123653412
2192	0.494759053	0.494759053	0	0	1	1	1	4.12358284
2193	0.4831157029	0.4831157029	0	0	1	1	1	4.123490334
2194	0.4567521811	0.4567521811	0	0	1	1	1	4.123637199
2195	0.4298333526	0.4298333526	0	0	1	1	1	4.123416901
2196	0.4383061826	0.4383061826	0	0	1	1	1	4.123562336
2197	0.4632971585	0.4632971585	0	0	1	1	1	4.123457432
2198	0.4081883132	0.4081883132	0	0	1	1	1	4.123522758
2199	0.430113107	0.430113107	0	0	1	1	1	4.123623848
2200	0.3825165927	0.3825165927	0	0	1	1	1	4.123673916
2201	0.4456616342	0.4456616342	0	0	1	1	1	4.123539925
2202	0.3972946405	0.3972946405	0	0	1	1	1	4.123589516
2203	0.352881968	0.352881968	0	0	1	1	1	4.12355566
2204	0.3717033863	0.3717033863	0	0	1	1	1	4.123674393
2205	0.3347574472	0.3347574472	0	0	1	1	1	4.123692989
2206	0.3441051841	0.3441051841	0	0	1	1	1	4.123641014
2207	0.3896968365	0.3896968365	0	0	1	1	1	4.123713017
2208	0.3938529193	0.3938529193	0	0	1	1	1	4.123657227
2209	0.3777095675	0.3777095675	0	0	1	1	1	4.123705387
2210	0.3430997729	0.3430997729	0	0	1	1	1	4.123763084
2211	0.3205972016	0.3205972016	0	0	1	1	1	4.123602867
2212	0.3505038917	0.3505038917	0	0	1	1	1	4.123639107
2213	0.3321221769	0.3321221769	0	0	1	1	1	4.123574734
2214	0.3299260736	0.3299260736	0	0	1	1	1	4.123601437
2215	0.3481836617	0.3481836617	0	0	1	1	1	4.123699188
2216	0.3411703706	0.3411703706	0	0	1	1	1	4.123579979
2217	0.353570044	0.353570044	0	0	1	1	1	4.123661041
2218	0.3368479311	0.3368479311	0	0	1	1	1	4.123691559
2219	0.3283416629	0.3283416629	0	0	1	1	1	4.123637676
2220	0.323004812	0.323004812	0	0	1	1	1	4.123629093
2221	0.3163273335	0.3163273335	0	0	1	1	1	4.123682022
2222	0.3103619814	0.3103619814	0	0	1	1	1	4.123520851
2223	0.2990501225	0.2990501225	0	0	1	1	1	4.123679161
2224	0.2949326038	0.2949326038	0	0	1	1	1	4.123681068
2225	0.327914089	0.327914089	0	0	1	1	1	4.123786449
2226	0.3062348962	0.3062348962	0	0	1	1	1	4.123717308
2227	0.2871431708	0.2871431708	0	0	1	1	1	4.123677254
2228	0.2856812775	0.2856812775	0	0	1	1	1	4.123632431
2229	0.2803814411	0.2803814411	0	0	1	1	1	4.123434067
2230	0.2782824039	0.2782824039	0	0	1	1	1	4.123645306
2231	0.2820371389	0.2820371389	0	0	1	1	1	4.123708725
2232	0.2841136754	0.2841136754	0	0	1	1	1	4.123738289
2233	0.2949699759	0.2949699759	0	0	1	1	1	4.123578072
2234	0.2858413458	0.2858413458	0	0	1	1	1	4.123605251
2235	0.2991391718	0.2991391718	0	0	1	1	1	4.12367487
2236	0.2890332639	0.2890332639	0	0	1	1	1	4.123762608
2237	0.2902095318	0.2902095318	0	0	1	1	1	4.123630524
2238	0.3323113024	0.3323113024	0	0	1	1	1	4.123613358
2239	0.3100510538	0.3100510538	0	0	1	1	1	4.123810291
2240	0.3255826831	0.3255826831	0	0	1	1	1	4.123867512
2241	0.2914297283	0.2914297283	0	0	1	1	1	4.123808861
2242	0.2884851098	0.2884851098	0	0	1	1	1	4.123774052
2243	0.2840963602	0.2840963602	0	0	1	1	1	4.123761654
2244	0.2741530538	0.2741530538	0	0	1	1	1	4.123810768
2245	0.2610919476	0.2610919476	0	0	1	1	1	4.123830318
2246	0.2790238261	0.2790238261	0	0	1	1	1	4.123791695
2247	0.2775040269	0.2775040269	0	0	1	1	1	4.123697758
2248	0.274004072	0.274004072	0	0	1	1	1	4.123826027
2249	0.2479760796	0.2479760796	0	0	1	1	1	4.123858929
2250	0.2625612915	0.2625612915	0	0	1	1	1	4.123754978
2251	0.297167033	0.297167033	0	0	1	1	1	4.123941898
2252	0.2918690741	0.2918690741	0	0	1	1	1	4.123916149
2253	0.2874351144	0.2874351144	0	0	1	1	1	4.123999119
2254	0.2731311917	0.2731311917	0	0	1	1	1	4.123811722
2255	0.239284873	0.239284873	0	0	1	1	1	4.12382555
2256	0.2387745678	0.2387745678	0	0	1	1	1	4.123846054
2257	0.226931572	0.226931572	0	0	1	1	1	4.123911381
2258	0.2217011154	0.2217011154	0	0	1	1	1	4.123858452
2259	0.2137800455	0.2137800455	0	0	1	1	1	4.123853683
2260	0.2256062776	0.2256062776	0	0	1	1	1	4.123876572
2261	0.2291289717	0.2291289717	0	0	1	1	1	4.123975277
2262	0.222557202	0.222557202	0	0	1	1	1	4.123878002
2263	0.2246324867	0.2246324867	0	0	1	1	1	4.123850346
2264	0.2231042683	0.2231042683	0	0	1	1	1	4.123946667
2265	0.2176913917	0.2176913917	0	0	1	1	1	4.123953819
2266	0.2128036767	0.2128036767	0	0	1	1	1	4.12390995
2267	0.2136465758	0.2136465758	0	0	1	1	1	4.123752117
2268	0.2124733627	0.2124733627	0	0	1	1	1	4.123939514
2269	0.2273199409	0.2273199409	0	0	1	1	1	4.123876572
2270	0.2493893802	0.2493893802	0	0	1	1	1	4.123845577
2271	0.263751626	0.263751626	0	0	1	1	1	4.123803139
2272	0.2677477896	0.2677477896	0	0	1	1	1	4.123832226
2273	0.2689966857	0.2689966857	0	0	1	1	1	4.123874664
2274	0.2742785513	0.2742785513	0	0	1	1	1	4.123742104
2275	0.2716441453	0.2716441453	0	0	1	1	1	4.123773575
2276	0.2817500532	0.2817500532	0	0	1	1	1	4.12375164
2277	0.2900956571	0.2900956571	0	0	1	1	1	4.123769283
2278	0.299105227	0.299105227	0	0	1	1	1	4.123944283
2279	0.2920466661	0.2920466661	0	0	1	1	1	4.123950481
2280	0.2867096364	0.2867096364	0	0	1	1	1	4.12393856
2281	0.2926174402	0.2926174402	0	0	1	1	1	4.123859406
2282	0.298334986	0.298334986	0	0	1	1	1	4.123862743
2283	0.2915333807	0.2915333807	0	0	1	1	1	4.123841763
2284	0.3048829138	0.3048829138	0	0	1	1	1	4.123913288
2285	0.3141111732	0.3141111732	0	0	1	1	1	4.123940945
2286	0.3132893741	0.3132893741	0	0	1	1	1	4.123990536
2287	0.3058564663	0.3058564663	0	0	1	1	1	4.123957634
2288	0.3105742037	0.3105742037	0	0	1	1	1	4.123892784
2289	0.3085802197	0.3085802197	0	0	1	1	1	4.123871326
2290	0.3102456331	0.3102456331	0	0	1	1	1	4.123828411
2291	0.3085069656	0.3085069656	0	0	1	1	1	4.123764992
2292	0.308339864	0.308339864	0	0	1	1	1	4.123792648
2293	0.3160986602	0.3160986602	0	0	1	1	1	4.123810768
2294	0.3352079093	0.3352079093	0	0	1	1	1	4.123892307
2295	0.3215924501	0.3215924501	0	0	1	1	1	4.123828888
2296	0.3068013489	0.3068013489	0	0	1	1	1	4.12376976
2297	0.3156311512	0.3156311512	0	0	1	1	1	4.123771667
2298	0.3178724051	0.3178724051	0	0	1	1	1	4.123756409
2299	0.3350102007	0.3350102007	0	0	1	1	1	4.123746395
2300	0.3319168091	0.3319168091	0	0	1	1	1	4.123805523
2301	0.3297612667	0.3297612667	0	0	1	1	1	4.123818398
2302	0.3398472369	0.3398472369	0	0	1	1	1	4.123822689
2303	0.3289602697	0.3289602697	0	0	1	1	1	4.123802662
2304	0.3265054524	0.3265054524	0	0	1	1	1	4.123806953
2305	0.3245135248	0.3245135248	0	0	1	1	1	4.123778343
2306	0.3375428021	0.3375428021	0	0	1	1	1	4.123825073
2307	0.323322624	0.323322624	0	0	1	1	1	4.123814583
2308	0.3329503536	0.3329503536	0	0	1	1	1	4.123857975
2309	0.3497869968	0.3497869968	0	0	1	1	1	4.123791695
2310	0.3334728777	0.3334728777	0	0	1	1	1	4.123833656
2311	0.3559528887	0.3559528887	0	0	1	1	1	4.12382412
2312	0.3564165533	0.3564165533	0	0	1	1	1	4.12381506
2313	0.3433451653	0.3433451653	0	0	1	1	1	4.123838425
2314	0.3308892548	0.3308892548	0	0	1	1	1	4.123853207
2315	0.3383712471	0.3383712471	0	0	1	1	1	4.123754501
2316	0.3391161263	0.3391161263	0	0	1	1	1	4.123742104
2317	0.4024256766	0.4024256766	0	0	1	1	1	4.123765945
2318	0.4145876467	0.4145876467	0	0	1	1	1	4.123799801
2319	0.4579445124	0.4579445124	0	0	1	1	1	4.123898983
2320	0.4605703354	0.4605703354	0	0	1	1	1	4.123795509
2321	0.4749806821	0.4749806821	0	0	1	1	1	4.123756886
2322	0.4524127543	0.4524127543	0	0	1	1	1	4.123737812
2323	0.4481336474	0.4481336474	0	0	1	1	1	4.12376833
2324	0.4611851275	0.4611851275	0	0	1	1	1	4.123780251
2325	0.4873077869	0.4873077869	0	0	1	1	1	4.123877525
2326	0.4999235272	0.4999235272	0	0	1	1	1	4.123833656
2327	0.4836614728	0.4836614728	0	0	1	1	1	4.123818398
2328	0.479011178	0.479011178	0	0	1	1	1	4.12383461
2329	0.4841178656	0.4841178656	0	0	1	1	1	4.123800755
2330	0.4679426551	0.4679426551	0	0	1	1	1	4.123739243
2331	0.4614770412	0.4614770412	0	0	1	1	1	4.123737335
2332	0.4711201191	0.4711201191	0	0	1	1	1	4.123720646
2333	0.4912327826	0.4912327826	0	0	1	1	1	4.123739719
2334	0.4777419567	0.4777419567	0	0	1	1	1	4.123756886
2335	0.5022721291	0.5022721291	0	0	1	1	1	4.12380743
2336	0.4808403254	0.4808403254	0	0	1	1	1	4.123574734
2337	0.4637853503	0.4637853503	0	0	1	1	1	4.123540401
2338	0.4702098072	0.4702098072	0	0	1	1	1	4.123524666
2339	0.5043494701	0.5043494701	0	0	1	1	1	4.123448372
2340	0.5337746143	0.5337746143	0	0	1	1	1	4.123215199
2341	0.5996855497	0.5996855497	0	0	1	1	1	4.123329163
2342	0.5960445404	0.5960445404	0	0	1	1	1	4.123167038
2343	0.5939646363	0.5939646363	0	0	1	1	1	4.123304367
2344	0.6216520667	0.6216520667	0	0	1	1	1	4.123040199
2345	0.6245597005	0.6245597005	0	0	1	1	1	4.123149395
2346	0.6232813597	0.6232813597	0	0	1	1	1	4.123325825
2347	0.6342533827	0.6342533827	0	0	1	1	1	4.123315334
2348	0.6454126835	0.6454126835	0	0	1	1	1	4.123395443
2349	0.6434600949	0.6434600949	0	0	1	1	1	4.12332058
2350	0.6429611444	0.6429611444	0	0	1	1	1	4.123386383
2351	0.6253676414	0.6253676414	0	0	1	1	1	4.12349081
2352	0.6330984235	0.6330984235	0	0	1	1	1	4.123300076
2353	0.631313622	0.631313622	0	0	1	1	1	4.123291969
2354	0.6332680583	0.6332680583	0	0	1	1	1	4.123426914
2355	0.6353482008	0.6353482008	0	0	1	1	1	4.123280525
2356	0.6558756828	0.6558756828	0	0	1	1	1	4.123278618
2357	0.6484761238	0.6484761238	0	0	1	1	1	4.123425484
2358	0.6962136626	0.6962136626	0	0	1	1	1	4.123386383
2359	0.6555992961	0.6555992961	0	0	1	1	1	4.123551846
2360	0.6557650566	0.6557650566	0	0	1	1	1	4.123298168
2361	0.639814496	0.639814496	0	0	1	1	1	4.123252392
2362	0.6388152242	0.6388152242	0	0	1	1	1	4.12329483
2363	0.6458066106	0.6458066106	0	0	1	1	1	4.123186588
2364	0.7107285857	0.7107285857	0	0	1	1	1	4.123227596
2365	0.7272885442	0.7272885442	0	0	1	1	1	4.123270512
2366	0.7303953767	0.7303953767	0	0	1	1	1	4.123111248
2367	0.7455760837	0.7455760837	0	0	1	1	1	4.123260498
2368	0.7472558022	0.7472558022	0	0	1	1	1	4.123265743
2369	0.760376215	0.760376215	0	0	1	1	1	4.123138428
2370	0.7188606858	0.7188606858	0	0	1	1	1	4.123057365
2371	0.7078864574	0.7078864574	0	0	1	1	1	4.122908115
2372	0.7257449627	0.7257449627	0	0	1	1	1	4.123129845
2373	0.7096661329	0.7096661329	0	0	1	1	1	4.123063087
2374	0.7199687958	0.7199687958	0	0	1	1	1	4.123217106
2375	0.7098402977	0.7098402977	0	0	1	1	1	4.123211384
2376	0.7197127342	0.7197127342	0	0	1	1	1	4.123110294
2377	0.7260401845	0.7260401845	0	0	1	1	1	4.123157978
2378	0.7097462416	0.7097462416	0	0	1	1	1	4.123140812
2379	0.7244402766	0.7244402766	0	0	1	1	1	4.123047829
2380	0.7213391066	0.7213391066	0	0	1	1	1	4.123204231
2381	0.7187252045	0.7187252045	0	0	1	1	1	4.123339653
2382	0.7174931765	0.7174931765	0	0	1	1	1	4.123328686
2383	0.7199452519	0.7199452519	0	0	1	1	1	4.12356329
2384	0.7380824685	0.7380824685	0	0	1	1	1	4.124253273
2385	0.7466802001	0.7466802001	0	0	1	1	1	4.124269485
2386	0.7534656525	0.7534656525	0	0	1	1	1	4.124249935
2387	0.7876616716	0.7876616716	0	0	1	1	1	4.124223709
2388	0.8357653022	0.8357653022	0	0	1	1	1	4.124274731
2389	0.8681827784	0.8681827784	0	0	1	1	1	4.124282837
2390	0.9415172338	0.9415172338	0	0	1	1	1	4.124245644
2391	0.9922478199	0.9922478199	0	0	1	1	1	4.124309063
2392	1.005099654	1.005099654	0	0	1	1	1	4.12473917
2393	1.011525869	1.011525869	0	0	1	1	1	4.124735355
2394	1.016566277	1.016566277	0	0	1	1	1	4.124717236
2395	1.034232855	1.034232855	0	0	1	1	1	4.124678135
2396	1.059684515	1.059684515	0	0	1	1	1	4.12471199
2397	1.051147223	1.051147223	0	0	1	1	1	4.124711514
2398	1.070611	1.070611	0	0	1	1	1	4.124680042
2399	1.070474505	1.070474505	0	0	1	1	1	4.1247015
2400	1.080406427	1.080406427	0	0	1	1	1	4.124906063
2401	1.055981278	1.055981278	0	0	1	1	1	4.124140263
2402	1.090663195	1.090663195	0	0	1	1	1	4.124146461
2403	1.138166666	1.138166666	0	0	1	1	1	4.124061584
2404	1.121301174	1.121301174	0	0	1	1	1	4.124158382
2405	1.08810401	1.08810401	0	0	1	1	1	4.124197483
2406	1.091693521	1.091693521	0	0	1	1	1	4.124174595
2407	1.103007913	1.103007913	0	0	1	1	1	4.124283791
2408	1.069260478	1.069260478	0	0	1	1	1	4.124729633
2409	1.06423986	1.06423986	0	0	1	1	1	4.124266148
2410	1.037407994	1.037407994	0	0	1	1	1	4.124150276
2411	0.9964530468	0.9964530468	0	0	1	1	1	4.124042511
2412	1.097506523	1.097506523	0	0	1	1	1	4.124091625
2413	1.092432141	1.092432141	0	0	1	1	1	4.124118805
2414	1.110749602	1.110749602	0	0	1	1	1	4.124102116
2415	1.144417405	1.144417405	0	0	1	1	1	4.12406826
2416	1.1792624	1.1792624	0	0	1	1	1	4.124635696
2417	1.15329051	1.15329051	0	0	1	1	1	4.124205589
2418	1.187436104	1.187436104	0	0	1	1	1	4.124109745
2419	1.200326204	1.200326204	0	0	1	1	1	4.123997211
2420	1.213928461	1.213928461	0	0	1	1	1	4.124144554
2421	1.180963993	1.180963993	0	0	1	1	1	4.124112606
2422	1.194521904	1.194521904	0	0	1	1	1	4.124131203
2423	1.180464983	1.180464983	0	0	1	1	1	4.124192238
2424	1.219436288	1.219436288	0	0	1	1	1	4.124667168
2425	1.188658953	1.188658953	0	0	1	1	1	4.124356747
2426	1.237222552	1.237222552	0	0	1	1	1	4.124184608
2427	1.259168267	1.259168267	0	0	1	1	1	4.124072075
2428	1.267448783	1.267448783	0	0	1	1	1	4.124215603
2429	1.218839049	1.218839049	0	0	1	1	1	4.124154568
2430	1.220457911	1.220457911	0	0	1	1	1	4.124196529
2431	1.226070523	1.226070523	0	0	1	1	1	4.12419796
2432	1.237491846	1.237491846	0	0	1	1	1	4.124700546
2433	1.201238871	1.201238871	0	0	1	1	1	4.124298096
2434	1.230450034	1.230450034	0	0	1	1	1	4.124196529
2435	1.194862008	1.194862008	0	0	1	1	1	4.124222279
2436	1.193214178	1.193214178	0	0	1	1	1	4.124215126
2437	1.21552062	1.21552062	0	0	1	1	1	4.124272823
2438	1.199188232	1.199188232	0	0	1	1	1	4.124228954
2439	1.243044734	1.243044734	0	0	1	1	1	4.124250889
2440	1.289230585	1.289230585	0	0	1	1	1	4.124680519
2441	1.276913285	1.276913285	0	0	1	1	1	4.124340057
2442	1.305161715	1.305161715	0	0	1	1	1	4.124242306
2443	1.289407969	1.289407969	0	0	1	1	1	4.124156952
2444	1.300058961	1.300058961	0	0	1	1	1	4.124242306
2445	1.29532969	1.29532969	0	0	1	1	1	4.12406826
2446	1.261687517	1.261687517	0	0	1	1	1	4.124132156
2447	1.284302473	1.284302473	0	0	1	1	1	4.124137402
2448	1.321610928	1.321610928	0	0	1	1	1	4.124732018
2449	1.305695176	1.305695176	0	0	1	1	1	4.124314308
2450	1.362106085	1.362106085	0	0	1	1	1	4.124215603
2451	1.357614279	1.357614279	0	0	1	1	1	4.124121189
2452	1.350578189	1.350578189	0	0	1	1	1	4.124193668
2453	1.313853502	1.313853502	0	0	1	1	1	4.124061108
2454	1.286646843	1.286646843	0	0	1	1	1	4.124187469
2455	1.321236014	1.321236014	0	0	1	1	1	4.124235153
2456	1.323621273	1.323621273	0	0	1	1	1	4.124761105
2457	1.320911765	1.320911765	0	0	1	1	1	4.124392509
2458	1.319200277	1.319200277	0	0	1	1	1	4.124207973
2459	1.256355405	1.256355405	0	0	1	1	1	4.124076366
2460	1.236559153	1.236559153	0	0	1	1	1	4.124166012
2461	1.248380303	1.248380303	0	0	1	1	1	4.124129772
2462	1.260967255	1.260967255	0	0	1	1	1	4.124126911
2463	1.262052417	1.262052417	0	0	1	1	1	4.124076366
2464	1.311199427	1.311199427	0	0	1	1	1	4.124637604
2465	1.275060534	1.275060534	0	0	1	1	1	4.124197006
2466	1.318219304	1.318219304	0	0	1	1	1	4.124125004
2467	1.302905202	1.302905202	0	0	1	1	1	4.124125004
2468	1.289993167	1.289993167	0	0	1	1	1	4.124135971
2469	1.277666926	1.277666926	0	0	1	1	1	4.124032974
2470	1.288290977	1.288290977	0	0	1	1	1	4.124120235
2471	1.282897353	1.282897353	0	0	1	1	1	4.124121189
2472	1.305506825	1.305506825	0	0	1	1	1	4.12467432
2473	1.288823247	1.288823247	0	0	1	1	1	4.124191761
2474	1.319903016	1.319903016	0	0	1	1	1	4.124194622
2475	1.306151628	1.306151628	0	0	1	1	1	4.124046803
2476	1.300356507	1.300356507	0	0	1	1	1	4.124091625
2477	1.310541391	1.310541391	0	0	1	1	1	4.123991966
2478	1.303110242	1.303110242	0	0	1	1	1	4.124051571
2479	1.326821327	1.326821327	0	0	1	1	1	4.124120235
2480	1.298839331	1.298839331	0	0	1	1	1	4.124153137
2481	1.281615615	1.281615615	0	0	1	1	1	4.123482704
2482	1.230979204	1.230979204	0	0	1	1	1	4.123090267
2483	1.199209809	1.199209809	0	0	1	1	1	4.122834206
2484	1.181262136	1.181262136	0	0	1	1	1	4.122824192
2485	1.189184427	1.189184427	0	0	1	1	1	4.122187138
2486	1.197167873	1.197167873	0	0	1	1	1	4.122289658
2487	1.189909935	1.189909935	0	0	1	1	1	4.12227726
2488	1.201276541	1.201276541	0	0	1	1	1	4.122223854
2489	1.198476195	1.198476195	0	0	1	1	1	4.123156548
2490	1.207630277	1.207630277	0	0	1	1	1	4.122571945
2491	1.209608078	1.209608078	0	0	1	1	1	4.122447968
2492	1.19993186	1.19993186	0	0	1	1	1	4.122781754
2493	1.197131157	1.197131157	0	0	1	1	1	4.122216225
2494	1.212385774	1.212385774	0	0	1	1	1	4.122414589
2495	1.205288887	1.205288887	0	0	1	1	1	4.122142315
2496	1.212532043	1.212532043	0	0	1	1	1	4.122572422
2497	1.186449289	1.186449289	0	0	1	1	1	4.123298168
2498	1.182387829	1.182387829	0	0	1	1	1	4.123002529
2499	1.176273465	1.176273465	0	0	1	1	1	4.123051167
2500	1.159032702	1.159032702	0	0	1	1	1	4.122998714
2501	1.157402039	1.157402039	0	0	1	1	1	4.122385502
2502	1.182491541	1.182491541	0	0	1	1	1	4.122571468
2503	1.20669806	1.20669806	0	0	1	1	1	4.12232399
2504	1.237436533	1.237436533	0	0	1	1	1	4.1225214
2505	1.225591779	1.225591779	0	0	1	1	1	4.123427391
2506	1.155281544	1.155281544	0	0	1	1	1	4.122878075
2507	1.113003969	1.113003969	0	0	1	1	1	4.122637749
2508	1.084873915	1.084873915	0	0	1	1	1	4.122502804
2509	1.038430572	1.038430572	0	0	1	1	1	4.122214317
2510	1.021832466	1.021832466	0	0	1	1	1	4.121822357
2511	0.9643748403	0.9643748403	0	0	1	1	1	4.121771812
2512	0.9483885169	0.9483885169	0	0	1	1	1	4.122116089
2513	0.9211734533	0.9211734533	0	0	1	1	1	4.123196125
2514	0.9183071852	0.9183071852	0	0	1	1	1	4.122685432
2515	0.9261460304	0.9261460304	0	0	1	1	1	4.122512817
2516	0.9247053266	0.9247053266	0	0	1	1	1	4.122620583
2517	0.9318112135	0.9318112135	0	0	1	1	1	4.122044086
2518	0.9217459559	0.9217459559	0	0	1	1	1	4.122077942
2519	0.9299039245	0.9299039245	0	0	1	1	1	4.121875763
2520	0.9406627417	0.9406627417	0	0	1	1	1	4.122357368
2521	0.9168388844	0.9168388844	0	0	1	1	1	4.123180389
2522	0.8963887095	0.8963887095	0	0	1	1	1	4.122800827
2523	0.8956284523	0.8956284523	0	0	1	1	1	4.123044968
2524	0.9014258385	0.9014258385	0	0	1	1	1	4.122798443
2525	0.8858422637	0.8858422637	0	0	1	1	1	4.122582436
2526	0.8867642283	0.8867642283	0	0	1	1	1	4.122337341
2527	0.8886646032	0.8886646032	0	0	1	1	1	4.122214317
2528	0.9430205822	0.9430205822	0	0	1	1	1	4.122251987
2529	0.9650594592	0.9650594592	0	0	1	1	1	4.123184204
2530	0.9114027619	0.9114027619	0	0	1	1	1	4.122508526
2531	0.8788592219	0.8788592219	0	0	1	1	1	4.122264385
2532	0.8952767253	0.8952767253	0	0	1	1	1	4.122074604
2533	0.851088047	0.851088047	0	0	1	1	1	4.122089386
2534	0.8026299477	0.8026299477	0	0	1	1	1	4.121777534
2535	0.743467629	0.743467629	0	0	1	1	1	4.121939182
2536	0.7495359778	0.7495359778	0	0	1	1	1	4.121892452
2537	0.7176066041	0.7176066041	0	0	1	1	1	4.123013973
2538	0.7401609421	0.7401609421	0	0	1	1	1	4.122481823
2539	0.7391555905	0.7391555905	0	0	1	1	1	4.122357845
2540	0.73947227	0.73947227	0	0	1	1	1	4.12252903
2541	0.7543845773	0.7543845773	0	0	1	1	1	4.122204304
2542	0.7333407402	0.7333407402	0	0	1	1	1	4.122116089
2543	0.7604365945	0.7604365945	0	0	1	1	1	4.121871948
2544	0.7709662914	0.7709662914	0	0	1	1	1	4.122276783
2545	0.7444707155	0.7444707155	0	0	1	1	1	4.123183727
2546	0.7368866801	0.7368866801	0	0	1	1	1	4.122773647
2547	0.7333361506	0.7333361506	0	0	1	1	1	4.122885704
2548	0.7303773165	0.7303773165	0	0	1	1	1	4.12280035
2549	0.7546992898	0.7546992898	0	0	1	1	1	4.122581005
2550	0.735429585	0.735429585	0	0	1	1	1	4.122335434
2551	0.7299405336	0.7299405336	0	0	1	1	1	4.122159481
2552	0.7641668916	0.7641668916	0	0	1	1	1	4.122252464
2553	0.7505702972	0.7505702972	0	0	1	1	1	4.123339176
2554	0.7237597108	0.7237597108	0	0	1	1	1	4.122575283
2555	0.7371184826	0.7371184826	0	0	1	1	1	4.122518539
2556	0.7546232939	0.7546232939	0	0	1	1	1	4.122318268
2557	0.7890068889	0.7890068889	0	0	1	1	1	4.122160912
2558	0.7826321721	0.7826321721	0	0	1	1	1	4.121834278
2559	0.7743933797	0.7743933797	0	0	1	1	1	4.121828556
2560	0.8041658998	0.8041658998	0	0	1	1	1	4.122317791
2561	0.7953401208	0.7953401208	0	0	1	1	1	4.123202801
2562	0.7842921019	0.7842921019	0	0	1	1	1	4.12242794
2563	0.772685647	0.772685647	0	0	1	1	1	4.122433662
2564	0.7741475105	0.7741475105	0	0	1	1	1	4.122481346
2565	0.798353374	0.798353374	0	0	1	1	1	4.122407436
2566	0.7795394659	0.7795394659	0	0	1	1	1	4.12203455
2567	0.8010415435	0.8010415435	0	0	1	1	1	4.121820927
2568	0.8350434303	0.8350434303	0	0	1	1	1	4.122400761
2569	0.8125674129	0.8125674129	0	0	1	1	1	4.123044968
2570	0.7891093493	0.7891093493	0	0	1	1	1	4.12254715
2571	0.7481738925	0.7481738925	0	0	1	1	1	4.122428417
2572	0.7454512119	0.7454512119	0	0	1	1	1	4.122674942
2573	0.7687692046	0.7687692046	0	0	1	1	1	4.122656822
2574	0.7627971172	0.7627971172	0	0	1	1	1	4.121953964
2575	0.7688980103	0.7688980103	0	0	1	1	1	4.122098923
2576	0.8160715699	0.8160715699	0	0	1	1	1	4.122261524
2577	0.8407494426	0.8407494426	0	0	1	1	1	4.122890949
2578	0.8108415008	0.8108415008	0	0	1	1	1	4.12250948
2579	0.8017545342	0.8017545342	0	0	1	1	1	4.122131348
2580	0.8280832171	0.8280832171	0	0	1	1	1	4.122293949
2581	0.8639345765	0.8639345765	0	0	1	1	1	4.12225914
2582	0.8726609349	0.8726609349	0	0	1	1	1	4.121843815
2583	0.891286552	0.891286552	0	0	1	1	1	4.122035027
2584	0.9107287526	0.9107287526	0	0	1	1	1	4.122300148
2585	0.9032050371	0.9032050371	0	0	1	1	1	4.123017311
2586	0.9052476287	0.9052476287	0	0	1	1	1	4.122466087
2587	0.9041877985	0.9041877985	0	0	1	1	1	4.122172832
2588	0.891374886	0.891374886	0	0	1	1	1	4.122347832
2589	0.9292384386	0.9292384386	0	0	1	1	1	4.122459888
2590	0.9099707007	0.9099707007	0	0	1	1	1	4.121939659
2591	0.9308787584	0.9308787584	0	0	1	1	1	4.12179184
2592	0.9647926092	0.9647926092	0	0	1	1	1	4.122445583
2593	0.92238307	0.92238307	0	0	1	1	1	4.122971535
2594	0.9024357796	0.9024357796	0	0	1	1	1	4.122454166
2595	0.8643704653	0.8643704653	0	0	1	1	1	4.122272491
2596	0.8571223021	0.8571223021	0	0	1	1	1	4.122605801
2597	0.8592954278	0.8592954278	0	0	1	1	1	4.1225667
2598	0.8614764214	0.8614764214	0	0	1	1	1	4.121999741
2599	0.8747813106	0.8747813106	0	0	1	1	1	4.122030735
2600	0.911388576	0.911388576	0	0	1	1	1	4.12223196
2601	0.9182273149	0.9182273149	0	0	1	1	1	4.122463226
2602	0.9213932753	0.9213932753	0	0	1	1	1	4.122481346
2603	0.9329816699	0.9329816699	0	0	1	1	1	4.122385502
2604	0.9329392314	0.9329392314	0	0	1	1	1	4.122211933
2605	0.987911582	0.987911582	0	0	1	1	1	4.122455597
2606	1.04402709	1.04402709	0	0	1	1	1	4.122098446
2607	1.110152483	1.110152483	0	0	1	1	1	4.122226715
2608	1.16563344	1.16563344	0	0	1	1	1	4.122515202
2609	1.177371383	1.177371383	0	0	1	1	1	4.122802258
2610	1.194519639	1.194519639	0	0	1	1	1	4.122359753
2611	1.161625266	1.161625266	0	0	1	1	1	4.122251034
2612	1.142651439	1.142651439	0	0	1	1	1	4.122325897
2613	1.144154668	1.144154668	0	0	1	1	1	4.122262001
2614	1.164268255	1.164268255	0	0	1	1	1	4.121993542
2615	1.185529947	1.185529947	0	0	1	1	1	4.121898651
2616	1.204146743	1.204146743	0	0	1	1	1	4.122690678
2617	1.177050829	1.177050829	0	0	1	1	1	4.12294817
2618	1.148902655	1.148902655	0	0	1	1	1	4.122553349
2619	1.123397231	1.123397231	0	0	1	1	1	4.122394562
2620	1.121479034	1.121479034	0	0	1	1	1	4.122731209
2621	1.117355108	1.117355108	0	0	1	1	1	4.122189045
2622	1.140345812	1.140345812	0	0	1	1	1	4.121884823
2623	1.156225443	1.156225443	0	0	1	1	1	4.122160912
2624	1.194351435	1.194351435	0	0	1	1	1	4.122671127
2625	1.229908586	1.229908586	0	0	1	1	1	4.122834206
2626	1.253999114	1.253999114	0	0	1	1	1	4.122580051
2627	1.266879678	1.266879678	0	0	1	1	1	4.122524738
2628	1.231878519	1.231878519	0	0	1	1	1	4.12281847
2629	1.239809036	1.239809036	0	0	1	1	1	4.122711658
2630	1.324753046	1.324753046	0	0	1	1	1	4.12217474
2631	1.338709116	1.338709116	0	0	1	1	1	4.12238884
2632	1.332271338	1.332271338	0	0	1	1	1	4.123273373
2633	1.326654077	1.326654077	0	0	1	1	1	4.123319149
2634	1.360419869	1.360419869	0	0	1	1	1	4.12294817
2635	1.346850634	1.346850634	0	0	1	1	1	4.12282896
2636	1.312393785	1.312393785	0	0	1	1	1	4.12304306
2637	1.291811109	1.291811109	0	0	1	1	1	4.122376442
2638	1.318681121	1.318681121	0	0	1	1	1	4.122303486
2639	1.374481797	1.374481797	0	0	1	1	1	4.122380257
2640	1.411685348	1.411685348	0	0	1	1	1	4.123198986
2641	1.360224366	1.360224366	0	0	1	1	1	4.123239994
2642	1.335112929	1.335112929	0	0	1	1	1	4.123000622
2643	1.318522096	1.318522096	0	0	1	1	1	4.123113155
2644	1.246005416	1.246005416	0	0	1	1	1	4.123194218
2645	1.233405709	1.233405709	0	0	1	1	1	4.122983932
2646	1.282969117	1.282969117	0	0	1	1	1	4.122639179
2647	1.350239515	1.350239515	0	0	1	1	1	4.122663975
2648	1.372121215	1.372121215	0	0	1	1	1	4.123212814
2649	1.356318474	1.356318474	0	0	1	1	1	4.123405933
2650	1.282155752	1.282155752	0	0	1	1	1	4.123058319
2651	1.190746903	1.190746903	0	0	1	1	1	4.123044491
2652	1.078396797	1.078396797	0	0	1	1	1	4.122900486
2653	1.055018306	1.055018306	0	0	1	1	1	4.122701645
2654	1.031312346	1.031312346	0	0	1	1	1	4.12267971
2655	1.023127556	1.023127556	0	0	1	1	1	4.122496128
2656	0.9988104701	0.9988104701	0	0	1	1	1	4.123145103
2657	0.9513162971	0.9513162971	0	0	1	1	1	4.123384476
2658	0.9837993383	0.9837993383	0	0	1	1	1	4.123122215
2659	1.007237077	1.007237077	0	0	1	1	1	4.123169899
2660	0.992762506	0.992762506	0	0	1	1	1	4.122958183
2661	1.049672842	1.049672842	0	0	1	1	1	4.12272644
2662	1.050183535	1.050183535	0	0	1	1	1	4.122704983
2663	1.073099613	1.073099613	0	0	1	1	1	4.122327805
2664	1.074942231	1.074942231	0	0	1	1	1	4.123214722
2665	1.057047248	1.057047248	0	0	1	1	1	4.123457432
2666	1.049032092	1.049032092	0	0	1	1	1	4.123221397
2667	1.042009592	1.042009592	0	0	1	1	1	4.123308659
2668	1.012909889	1.012909889	0	0	1	1	1	4.123151302
2669	1.043192863	1.043192863	0	0	1	1	1	4.122820377
2670	1.048105001	1.048105001	0	0	1	1	1	4.122652531
2671	1.063577414	1.063577414	0	0	1	1	1	4.122637272
2672	1.072196245	1.072196245	0	0	1	1	1	4.122845173
2673	1.077094913	1.077094913	0	0	1	1	1	4.123526573
2674	1.029631376	1.029631376	0	0	1	1	1	4.122932911
2675	1.046273112	1.046273112	0	0	1	1	1	4.122811317
2676	0.9668398499	0.9668398499	0	0	1	1	1	4.122386932
2677	0.9683161378	0.9683161378	0	0	1	1	1	4.122181416
2678	0.9241588116	0.9241588116	0	0	1	1	1	4.122251511
2679	0.8457195759	0.8457195759	0	0	1	1	1	4.122136593
2680	0.8112914562	0.8112914562	0	0	1	1	1	4.122924328
2681	0.7742169499	0.7742169499	0	0	1	1	1	4.123428822
2682	0.7622843981	0.7622843981	0	0	1	1	1	4.123147964
2683	0.7848697901	0.7848697901	0	0	1	1	1	4.122972965
2684	0.7551413178	0.7551413178	0	0	1	1	1	4.122628212
2685	0.7959265709	0.7959265709	0	0	1	1	1	4.122280121
2686	0.775932014	0.775932014	0	0	1	1	1	4.122386932
2687	0.7589527369	0.7589527369	0	0	1	1	1	4.122281551
2688	0.7506073713	0.7506073713	0	0	1	1	1	4.123028755
2689	0.7541033626	0.7541033626	0	0	1	1	1	4.123494625
2690	0.7299419641	0.7299419641	0	0	1	1	1	4.123155594
2691	0.7632371783	0.7632371783	0	0	1	1	1	4.123057365
2692	0.7481390238	0.7481390238	0	0	1	1	1	4.122874737
2693	0.7431941628	0.7431941628	0	0	1	1	1	4.122599125
2694	0.7411856651	0.7411856651	0	0	1	1	1	4.122539997
2695	0.7420229912	0.7420229912	0	0	1	1	1	4.122204781
2696	0.7412329316	0.7412329316	0	0	1	1	1	4.122519016
2697	0.7349631786	0.7349631786	0	0	1	1	1	4.123547554
2698	0.7219628692	0.7219628692	0	0	1	1	1	4.12300396
2699	0.8125101924	0.8125101924	0	0	1	1	1	4.122481346
2700	0.782957375	0.782957375	0	0	1	1	1	4.122254372
2701	0.8014597297	0.8014597297	0	0	1	1	1	4.122045994
2702	0.7945736647	0.7945736647	0	0	1	1	1	4.122122765
2703	0.78983742	0.78983742	0	0	1	1	1	4.122033119
2704	0.7809731364	0.7809731364	0	0	1	1	1	4.122832298
2705	0.7422244549	0.7422244549	0	0	1	1	1	4.12332201
2706	0.7210351229	0.7210351229	0	0	1	1	1	4.122766972
2707	0.7605571747	0.7605571747	0	0	1	1	1	4.122496605
2708	0.7390127778	0.7390127778	0	0	1	1	1	4.122224808
2709	0.765837729	0.765837729	0	0	1	1	1	4.122078896
2710	0.7346619368	0.7346619368	0	0	1	1	1	4.122044563
2711	0.737024188	0.737024188	0	0	1	1	1	4.121792793
2712	0.7325659394	0.7325659394	0	0	1	1	1	4.122349739
2713	0.7681225538	0.7681225538	0	0	1	1	1	4.123269081
2714	0.7514172792	0.7514172792	0	0	1	1	1	4.122855186
2715	0.7671094537	0.7671094537	0	0	1	1	1	4.122591019
2716	0.7458044291	0.7458044291	0	0	1	1	1	4.122231483
2717	0.755556941	0.755556941	0	0	1	1	1	4.122131348
2718	0.7507510781	0.7507510781	0	0	1	1	1	4.121972084
2719	0.7613193989	0.7613193989	0	0	1	1	1	4.121831417
2720	0.7290992737	0.7290992737	0	0	1	1	1	4.121813297
2721	0.7659605145	0.7659605145	0	0	1	1	1	4.12252903
2722	0.771043241	0.771043241	0	0	1	1	1	4.122438908
2723	0.8025174737	0.8025174737	0	0	1	1	1	4.12212801
2724	0.7629605532	0.7629605532	0	0	1	1	1	4.121820927
2725	0.7547925115	0.7547925115	0	0	1	1	1	4.121712685
2726	0.7211127281	0.7211127281	0	0	1	1	1	4.121620178
2727	0.7352559566	0.7352559566	0	0	1	1	1	4.121519089
2728	0.7079629302	0.7079629302	0	0	1	1	1	4.122019768
2729	0.7226020098	0.7226020098	0	0	1	1	1	4.122758865
2730	0.7088295817	0.7088295817	0	0	1	1	1	4.122292519
2731	0.730853498	0.730853498	0	0	1	1	1	4.122095108
2732	0.7381373644	0.7381373644	0	0	1	1	1	4.12175703
2733	0.7554953694	0.7554953694	0	0	1	1	1	4.121746063
2734	0.7565823793	0.7565823793	0	0	1	1	1	4.12154007
2735	0.7607390285	0.7607390285	0	0	1	1	1	4.121596336
2736	0.7492212653	0.7492212653	0	0	1	1	1	4.122206211
2737	0.7953298688	0.7953298688	0	0	1	1	1	4.122798443
2738	0.7548084259	0.7548084259	0	0	1	1	1	4.122317314
2739	0.7722437978	0.7722437978	0	0	1	1	1	4.122087955
2740	0.7450764775	0.7450764775	0	0	1	1	1	4.121822357
2741	0.7604453564	0.7604453564	0	0	1	1	1	4.121705532
2742	0.7771266699	0.7771266699	0	0	1	1	1	4.1216712
2743	0.7920232415	0.7920232415	0	0	1	1	1	4.121592045
2744	0.7629879713	0.7629879713	0	0	1	1	1	4.121477604
2745	0.7367459536	0.7367459536	0	0	1	1	1	4.12214613
2746	0.6822475195	0.6822475195	0	0	1	1	1	4.122010231
2747	0.7124682665	0.7124682665	0	0	1	1	1	4.121898174
2748	0.6926220655	0.6926220655	0	0	1	1	1	4.121621609
2749	0.7091122866	0.7091122866	0	0	1	1	1	4.1214118
2750	0.7022317052	0.7022317052	0	0	1	1	1	4.121388912
2751	0.6894339323	0.6894339323	0	0	1	1	1	4.121681213
2752	0.6902937889	0.6902937889	0	0	1	1	1	4.121938229
2753	0.6854105592	0.6854105592	0	0	1	1	1	4.122754097
2754	0.6427861452	0.6427861452	0	0	1	1	1	4.122487545
2755	0.6674302816	0.6674302816	0	0	1	1	1	4.122225285
2756	0.6611212492	0.6611212492	0	0	1	1	1	4.121716976
2757	0.6849394441	0.6849394441	0	0	1	1	1	4.121492863
2758	0.6791988015	0.6791988015	0	0	1	1	1	4.121456146
2759	0.6668723822	0.6668723822	0	0	1	1	1	4.121659279
2760	0.653445363	0.653445363	0	0	1	1	1	4.122212887
2761	0.6688864827	0.6688864827	0	0	1	1	1	4.122966766
2762	0.6092049479	0.6092049479	0	0	1	1	1	4.122692585
2763	0.6275681257	0.6275681257	0	0	1	1	1	4.122402191
2764	0.6436207294	0.6436207294	0	0	1	1	1	4.122072697
2765	0.6791144013	0.6791144013	0	0	1	1	1	4.121945381
2766	0.6767497659	0.6767497659	0	0	1	1	1	4.122006416
2767	0.6804696918	0.6804696918	0	0	1	1	1	4.12203455
2768	0.6602085233	0.6602085233	0	0	1	1	1	4.121917248
2769	0.6311092377	0.6311092377	0	0	1	1	1	4.122562885
2770	0.5842126012	0.5842126012	0	0	1	1	1	4.122730255
2771	0.6051090956	0.6051090956	0	0	1	1	1	4.12265873
2772	0.6022984982	0.6022984982	0	0	1	1	1	4.122106075
2773	0.6380246878	0.6380246878	0	0	1	1	1	4.122134686
2774	0.644938767	0.644938767	0	0	1	1	1	4.122391701
2775	0.6289648414	0.6289648414	0	0	1	1	1	4.122871876
2776	0.616201818	0.616201818	0	0	1	1	1	4.123245716
2777	0.6082594991	0.6082594991	0	0	1	1	1	4.123550415
2778	0.5874037147	0.5874037147	0	0	1	1	1	4.123269081
2779	0.6019047499	0.6019047499	0	0	1	1	1	4.122882843
2780	0.6253826022	0.6253826022	0	0	1	1	1	4.122469425
2781	0.6612383127	0.6612383127	0	0	1	1	1	4.122306347
2782	0.6710594893	0.6710594893	0	0	1	1	1	4.122310638
2783	0.6648495197	0.6648495197	0	0	1	1	1	4.122554779
2784	0.6523885727	0.6523885727	0	0	1	1	1	4.123139381
