sample	stable_mse	final_mse	gain	mapping_gate	shape_gate	scale_gate	shift_gate	pattern_entropy
0	0.8895258904	0.8895258904	0	0	0.8732692003	0.7558389306	0.5870695114	0
1	0.9406708479	0.9406708479	0	0	0.8803981543	0.7689247131	0.6081963181	0
2	0.9938223958	0.9938223958	0	0	0.882896781	0.77408427	0.6135183573	0
3	0.9732218981	0.9732218981	0	0	0.8748950958	0.7647009492	0.589064002	0
4	1.019860625	1.019860625	0	0	0.8683310747	0.7517082095	0.5679385066	0
5	0.9720406532	0.9720406532	0	0	0.8707806468	0.751229167	0.5760281682	0
6	0.9264604449	0.9264604449	0	0	0.8761672974	0.7540031672	0.5894087553	0
7	0.9561741948	0.9561741948	0	0	0.8774167299	0.7519088984	0.5899650455	0
8	0.9218449593	0.9218449593	0	0	0.8847040534	0.7686975598	0.6113085747	0
9	0.952588141	0.952588141	0	0	0.8854755163	0.7735840678	0.6179116368	0
10	1.077838659	1.077838659	0	0	0.8848608136	0.7781911492	0.6236450076	0
11	1.07294488	1.07294488	0	0	0.8787552714	0.7718297243	0.6058424711	0
12	1.020930886	1.020930886	0	0	0.869943738	0.7558072209	0.5826759338	0
13	0.9970632195	0.9970632195	0	0	0.8648564219	0.7432594299	0.5685297251	0
14	1.032158494	1.032158494	0	0	0.8759101033	0.7571488619	0.5928723216	0
15	1.09755528	1.09755528	0	0	0.8795681	0.7604250908	0.6010378003	0
16	1.062609315	1.062609315	0	0	0.883136034	0.7656983733	0.6086402535	0
17	1.08239162	1.08239162	0	0	0.8806391954	0.7661856413	0.6121193767	0
18	1.100472093	1.100472093	0	0	0.8849945068	0.7803823352	0.6294280291	0
19	1.039946437	1.039946437	0	0	0.8861362934	0.7826606035	0.6258208156	0
20	1.041369915	1.041369915	0	0	0.8850749135	0.7754465938	0.6155111194	0
21	0.985227704	0.985227704	0	0	0.8799239397	0.7654790282	0.6062876582	0
22	0.9870852232	0.9870852232	0	0	0.8784892559	0.7623820305	0.6052821279	0
23	1.005807042	1.005807042	0	0	0.8780279756	0.7589571476	0.6013830304	0
24	1.089096785	1.089096785	0	0	0.8838874102	0.7715745568	0.6198109388	0
25	1.046366692	1.046366692	0	0	0.887717545	0.7785927057	0.628261447	0
26	1.225531459	1.225531459	0	0	0.8876695037	0.7845926881	0.6340851784	0
27	1.11337316	1.11337316	0	0	0.8821286559	0.7763954997	0.6147295833	0
28	1.116552114	1.116552114	0	0	0.8782374263	0.7666683197	0.599604845	0
29	1.109028578	1.109028578	0	0	0.8679662347	0.750218749	0.5794718266	0
30	1.104797721	1.104797721	0	0	0.8711966276	0.7548812628	0.5892955065	0
31	1.064345241	1.064345241	0	0	0.873237431	0.7533648014	0.589384675	0
32	1.074571252	1.074571252	0	0	0.8814435601	0.7685716748	0.6103411913	0
33	1.019667625	1.019667625	0	0	0.8841746449	0.7745901942	0.6166082025	0
34	1.135195017	1.135195017	0	0	0.8827964067	0.7792406678	0.6257303953	0
35	1.097487807	1.097487807	0	0	0.8746750355	0.7683143616	0.6049830317	0
36	1.038874149	1.038874149	0	0	0.8725579381	0.7615246773	0.5928681493	0
37	0.9037610292	0.9037610292	0	0	0.8664269447	0.7497400641	0.5770536661	0
38	0.9751888514	0.9751888514	0	0	0.8684782982	0.7543520331	0.5833702087	0
39	0.922757566	0.922757566	0	0	0.8846939802	0.7696375251	0.6134417653	0
40	1.117395997	1.117395997	0	0	0.8880155683	0.7790232301	0.6296020746	0
41	0.8952357769	0.8952357769	0	0	0.8858422041	0.7777288556	0.6273921728	0
42	1.012552857	1.012552857	0	0	0.8883054852	0.7854002714	0.6342772245	0
43	0.9536916018	0.9536916018	0	0	0.8885971904	0.7867482305	0.6329359412	0
44	1.005463958	1.005463958	0	0	0.8861597776	0.7798243761	0.6237282753	0
45	0.8817154765	0.8817154765	0	0	0.880523026	0.7698674202	0.6126179099	0
46	0.9065779448	0.9065779448	0	0	0.8792384863	0.7647842169	0.607345283	0
47	0.8413004279	0.8413004279	0	0	0.886803925	0.7714323401	0.6218640208	0
48	1.005808115	1.005808115	0	0	0.8888856769	0.7789060473	0.6314510107	0
49	0.8776720762	0.8776720762	0	0	0.8892551661	0.7791026831	0.6292309761	0
50	1.117669582	1.117669582	0	0	0.8924452662	0.7886760235	0.6415890455	0
51	1.077193141	1.077193141	0	0	0.8873957396	0.781940639	0.6281698346	0
52	1.016559958	1.016559958	0	0	0.8785965443	0.7615622878	0.5986260772	0
53	0.883928299	0.883928299	0	0	0.8783368468	0.7592118979	0.6006321907	0
54	0.9395734072	0.9395734072	0	0	0.8797249794	0.76378721	0.6069725156	0
55	0.8561506867	0.8561506867	0	0	0.8827427626	0.7632712126	0.6077013612	0
56	0.8805369139	0.8805369139	0	0	0.8875116706	0.7723404765	0.6200019121	0
57	0.8638312221	0.8638312221	0	0	0.8913576007	0.7802926302	0.6308869123	0
58	1.027653098	1.027653098	0	0	0.8937447071	0.7900506854	0.6434318423	0
59	1.023771405	1.023771405	0	0	0.8885902166	0.783562243	0.630361855	0
60	0.9350599647	0.9350599647	0	0	0.8801739812	0.767244339	0.6041276455	0
61	0.8977864385	0.8977864385	0	0	0.875972569	0.7598369718	0.5957590342	0
62	0.9543932676	0.9543932676	0	0	0.8735901117	0.7556768656	0.5878838301	0
63	0.9788047075	0.9788047075	0	0	0.8785166144	0.7604461312	0.5965257883	0
64	1.055586934	1.055586934	0	0	0.8862503767	0.7729008794	0.618975997	0
65	0.9633166194	0.9633166194	0	0	0.8870764971	0.7747793794	0.624017477	0
66	1.041613817	1.041613817	0	0	0.8909489512	0.7869995832	0.6365563869	0
67	1.070070863	1.070070863	0	0	0.8946236372	0.7938017845	0.6461486816	0
68	1.075281858	1.075281858	0	0	0.8813496828	0.7733433843	0.6138671637	0
69	0.9676296711	0.9676296711	0	0	0.8851417303	0.7773472071	0.6263307929	0
70	0.9557684064	0.9557684064	0	0	0.8812611103	0.7689103484	0.6160798669	0
71	0.881995976	0.881995976	0	0	0.8824667335	0.7656544447	0.6082054377	0
72	1.016039729	1.016039729	0	0	0.8906405568	0.779101789	0.6342235804	0
73	0.942889452	0.942889452	0	0	0.8935096264	0.7838872075	0.6395463943	0
74	1.040017843	1.040017843	0	0	0.8971688151	0.794514358	0.6508166194	0
75	1.12311101	1.12311101	0	0	0.8939597011	0.7916316986	0.6446044445	0
76	1.082425475	1.082425475	0	0	0.8745984435	0.7584840059	0.5973576903	0
77	0.9961068034	0.9961068034	0	0	0.8744561076	0.7603892088	0.6024597883	0
78	1.044465184	1.044465184	0	0	0.8718181849	0.7579295039	0.599452436	0
79	0.9811181426	0.9811181426	0	0	0.8700444102	0.7524725795	0.5858407617	0
80	1.153079033	1.153079033	0	0	0.8827925324	0.7713791132	0.6194140911	0
81	1.13473475	1.13473475	0	0	0.8871814013	0.7804924846	0.6349446774	0
82	1.210533381	1.210533381	0	0	0.8855631948	0.7837541699	0.636469841	0
83	1.154324532	1.154324532	0	0	0.8752247095	0.7707764506	0.6148529649	0
84	1.223453879	1.223453879	0	0	0.8672645092	0.7559579015	0.5930104256	0
85	1.116019368	1.116019368	0	0	0.8669802547	0.7558314204	0.5930637121	0
86	0.9807732701	0.9807732701	0	0	0.86509341	0.7504349947	0.579151392	0
87	1.072103977	1.072103977	0	0	0.8708426952	0.7569274902	0.5949913859	0
88	1.282518148	1.282518148	0	0	0.8827592731	0.7747960687	0.6243136525	0
89	1.121691346	1.121691346	0	0	0.8844358325	0.7766066194	0.6290693879	0
90	1.222248435	1.222248435	0	0	0.8832874298	0.7833873034	0.6339609027	0
91	1.136107683	1.136107683	0	0	0.8864609003	0.7871967554	0.6381459236	0
92	1.105969906	1.105969906	0	0	0.8736232519	0.7636935115	0.6062753797	0
93	1.083012462	1.083012462	0	0	0.8762300611	0.7690399885	0.6170783043	0
94	1.030787349	1.030787349	0	0	0.8689094782	0.7544013262	0.592420876	0
95	1.047381639	1.047381639	0	0	0.8770753145	0.7652201056	0.6081055403	0
96	1.310074568	1.310074568	0	0	0.8846615553	0.7747315168	0.6268463731	0
97	1.209502697	1.209502697	0	0	0.8893677592	0.781925559	0.6395367384	0
98	1.275692701	1.275692701	0	0	0.8882458806	0.7866389155	0.6388689876	0
99	1.171120644	1.171120644	0	0	0.8763100505	0.7719983459	0.6150141954	0
100	1.061879158	1.061879158	0	0	0.8612457514	0.7463843226	0.5744238496	0
101	1.159737587	1.159737587	0	0	0.8658291698	0.7550544739	0.5929018855	0
102	1.086669683	1.086669683	0	0	0.8662316203	0.7512327433	0.5854471922	0
103	1.025310993	1.025310993	0	0	0.8683696985	0.7516135573	0.5840373635	0
104	1.093531609	1.093531609	0	0	0.883161664	0.7705529332	0.618809104	0
105	1.056353807	1.056353807	0	0	0.8902551532	0.7821592689	0.6375007033	0
106	1.136802673	1.136802673	0	0	0.8890450597	0.7840106487	0.6376490593	0
107	1.098080039	1.098080039	0	0	0.8758484125	0.7699418068	0.6119034886	0
108	1.219312787	1.219312787	0	0	0.868884325	0.7561708093	0.5933312774	0
109	1.169440508	1.169440508	0	0	0.871707201	0.761407733	0.6022091508	0
110	1.03095603	1.03095603	0	0	0.8662428856	0.7508350015	0.5793053508	0
111	1.103646636	1.103646636	0	0	0.8689427376	0.7548324466	0.5866408348	0
112	1.403749466	1.403749466	0	0	0.8889363408	0.7810093164	0.6377085447	0
113	1.132005095	1.132005095	0	0	0.8932560682	0.7852104902	0.6470481753	0
114	1.18099463	1.18099463	0	0	0.8952496648	0.7952022552	0.655049026	0
115	0.9875448346	0.9875448346	0	0	0.8861054778	0.7832370996	0.6309123039	0
116	1.036329865	1.036329865	0	0	0.8804416656	0.7714481354	0.6152173877	0
117	1.082849383	1.082849383	0	0	0.8815035224	0.7751225233	0.6251829267	0
118	0.9971138239	0.9971138239	0	0	0.8729218841	0.7602993846	0.6009097099	0
119	1.077528119	1.077528119	0	0	0.8736353517	0.7608508468	0.5989419222	0
120	1.349523067	1.349523067	0	0	0.8880633116	0.7797825336	0.6357994676	0
121	1.204550743	1.204550743	0	0	0.8911654353	0.7841820717	0.6423944831	0
122	1.24629724	1.24629724	0	0	0.8913008571	0.7898895741	0.6441833973	0
123	1.034370661	1.034370661	0	0	0.8854740858	0.7821275592	0.6271635294	0
124	1.106771708	1.106771708	0	0	0.872911334	0.7615989447	0.5984890461	0
125	1.177896738	1.177896738	0	0	0.8724070787	0.7642310858	0.6061658859	0
126	1.095183492	1.095183492	0	0	0.869943738	0.7583249807	0.5964273214	0
127	1.057684898	1.057684898	0	0	0.8754686713	0.7598112226	0.6003059149	0
128	1.327788711	1.327788711	0	0	0.8837916851	0.7739050984	0.6222426295	0
129	1.120709181	1.120709181	0	0	0.891486764	0.7855100036	0.63827914	0
130	1.013582706	1.013582706	0	0	0.8903720379	0.7887268066	0.6381297708	0
131	0.915602386	0.915602386	0	0	0.883148849	0.7788139582	0.6169186831	0
132	0.9150419831	0.9150419831	0	0	0.877986908	0.7682765126	0.6026557088	0
133	0.995580554	0.995580554	0	0	0.8784867525	0.7692728639	0.6066724062	0
134	1.036385536	1.036385536	0	0	0.8679066896	0.7547023296	0.5824328661	0
135	1.14227438	1.14227438	0	0	0.8768393397	0.7643231153	0.6001120806	0
136	1.239302278	1.239302278	0	0	0.8917120099	0.783734262	0.6393480897	0
137	1.101543427	1.101543427	0	0	0.8889001012	0.7795257568	0.6295819283	0
138	1.204314828	1.204314828	0	0	0.894459784	0.7973386645	0.6512511373	0
139	1.037164211	1.037164211	0	0	0.8848297596	0.7852700353	0.623708427	0
140	1.010194302	1.010194302	0	0	0.8788529634	0.7715672255	0.6049650908	0
141	1.030009866	1.030009866	0	0	0.8778299689	0.7689741254	0.6061321497	0
142	1.012190461	1.012190461	0	0	0.8799655437	0.7704942822	0.611566782	0
143	1.038380742	1.038380742	0	0	0.8809027672	0.7679570317	0.6083842516	0
144	1.032236099	1.032236099	0	0	0.893766582	0.7864998579	0.6421303749	0
145	0.9923033714	0.9923033714	0	0	0.8906246424	0.7817269564	0.6278194785	0
146	1.107592583	1.107592583	0	0	0.89279145	0.7934535742	0.6420757771	0
147	1.03430891	1.03430891	0	0	0.8808571696	0.7766909003	0.6128453016	0
148	0.9637855291	0.9637855291	0	0	0.8694691658	0.7574147582	0.5852345228	0
149	1.004492879	1.004492879	0	0	0.8663234711	0.7539611459	0.5804430842	0
150	1.007633209	1.007633209	0	0	0.8667810559	0.7509498596	0.5751155019	0
151	1.000928164	1.000928164	0	0	0.8751856685	0.7562432289	0.592633009	0
152	1.001584053	1.001584053	0	0	0.8886973858	0.7767044306	0.6263472438	0
153	0.9530316591	0.9530316591	0	0	0.8873547912	0.7736802101	0.6135762334	0
154	0.9939963818	0.9939963818	0	0	0.8911909461	0.7865754962	0.6350288391	0
155	0.9195820093	0.9195820093	0	0	0.8746845722	0.7633529902	0.5943402052	0
156	0.9170871973	0.9170871973	0	0	0.8691686988	0.753762722	0.5791556239	0
157	0.9660136104	0.9660136104	0	0	0.8637476563	0.7491923571	0.5700756311	0
158	0.9460389018	0.9460389018	0	0	0.8655430675	0.7507231236	0.5719284415	0
159	0.8977245092	0.8977245092	0	0	0.8731861115	0.7566319704	0.5833123326	0
160	0.906039834	0.906039834	0	0	0.8936391473	0.7815383673	0.6331344843	0
161	0.8440904021	0.8440904021	0	0	0.8902844191	0.775503993	0.621496737	0
162	0.9188635945	0.9188635945	0	0	0.8914618492	0.7869461775	0.6352602839	0
163	0.8383402824	0.8383402824	0	0	0.8843753338	0.7774831057	0.6130629778	0
164	0.842864275	0.842864275	0	0	0.8824530244	0.7735287547	0.6072518229	0
165	0.9057913423	0.9057913423	0	0	0.8825654387	0.7747399211	0.6132029891	0
166	0.8689585328	0.8689585328	0	0	0.8773151636	0.7645584941	0.6016021967	0
167	0.8330788612	0.8330788612	0	0	0.8761509657	0.7607415915	0.5933153629	0
168	0.8879547119	0.8879547119	0	0	0.8931844831	0.7829777598	0.6377854943	0
169	0.8095794916	0.8095794916	0	0	0.8879366517	0.7744450569	0.616106689	0
170	0.8965494037	0.8965494037	0	0	0.8904060125	0.7857424617	0.6312693357	0
171	0.8055147529	0.8055147529	0	0	0.8750019073	0.7655837536	0.5910843611	0
172	0.8125699162	0.8125699162	0	0	0.8746414185	0.7633202672	0.5886752009	0
173	0.8352011442	0.8352011442	0	0	0.8711167574	0.75801754	0.5865746737	0
174	0.8181055784	0.8181055784	0	0	0.869040966	0.7509409189	0.5777111053	0
175	0.7958755493	0.7958755493	0	0	0.8683522344	0.7442758679	0.5669118166	0
176	0.8092970848	0.8092970848	0	0	0.8809322119	0.7617889047	0.5987190604	0
177	0.789688468	0.789688468	0	0	0.8772141337	0.7552341819	0.5857328176	0
178	0.8008443713	0.8008443713	0	0	0.874373734	0.756030798	0.5831950307	0
179	0.8452993035	0.8452993035	0	0	0.8657631874	0.7482404709	0.566465497	0
180	0.8731651306	0.8731651306	0	0	0.8560160398	0.7350839376	0.547460556	0
181	0.9112895727	0.9112895727	0	0	0.8544377685	0.7347410917	0.5471920967	0
182	0.9792096019	0.9792096019	0	0	0.8515623212	0.7283786535	0.5367076993	0
183	1.068783164	1.068783164	0	0	0.8518511653	0.7257151008	0.5331578851	0
184	1.06962204	1.06962204	0	0	0.8584390283	0.7340547442	0.5472072363	0
185	1.045319319	1.045319319	0	0	0.8515754938	0.7263943553	0.5386858582	0
186	1.03978312	1.03978312	0	0	0.8505080342	0.7335369587	0.5461767316	0
187	1.100554109	1.100554109	0	0	0.8360580206	0.7186658978	0.5290598869	0
188	1.120319724	1.120319724	0	0	0.8386872411	0.7196491957	0.5250664949	0
189	1.053491831	1.053491831	0	0	0.8397229314	0.7259277105	0.531903863	0
190	1.043554068	1.043554068	0	0	0.8374475837	0.7175623775	0.5199484825	0
191	1.088231802	1.088231802	0	0	0.8338921666	0.7102441192	0.511416018	0
192	1.052726626	1.052726626	0	0	0.8403537273	0.7156986594	0.518316865	0
193	0.9918135405	0.9918135405	0	0	0.859988451	0.7425007224	0.5526659489	0
194	1.015891075	1.015891075	0	0	0.8591849804	0.7453974485	0.5557409525	0
195	1.045839787	1.045839787	0	0	0.85289675	0.7400297523	0.5517632365	0
196	1.087061524	1.087061524	0	0	0.8467535973	0.7271695137	0.5305297971	0
197	1.042981505	1.042981505	0	0	0.8486094475	0.7332260013	0.5382428169	0
198	1.060199976	1.060199976	0	0	0.8347842693	0.7102257609	0.5096123815	0
199	1.160105228	1.160105228	0	0	0.8295650482	0.6999266744	0.4930979311	0
200	1.139660239	1.139660239	0	0	0.8405016661	0.7124557495	0.5121825337	0
201	1.002221227	1.002221227	0	0	0.8563447595	0.7355469465	0.5406858325	0
202	1.018409967	1.018409967	0	0	0.8553526998	0.7345454097	0.5465890765	0
203	1.05036366	1.05036366	0	0	0.8514986634	0.7342893481	0.5477402806	0
204	1.029000282	1.029000282	0	0	0.8414691091	0.718428731	0.5280206203	0
205	1.008417249	1.008417249	0	0	0.8441625237	0.7267732024	0.537799716	0
206	1.071333051	1.071333051	0	0	0.8290657997	0.7055929303	0.5086439848	0
207	1.144978166	1.144978166	0	0	0.8336313367	0.7079792023	0.5100566745	0
208	1.1200881	1.1200881	0	0	0.8455708027	0.7162111998	0.5274506807	0
209	1.090688586	1.090688586	0	0	0.8518875837	0.7244756222	0.5393313766	0
210	1.103711963	1.103711963	0	0	0.8716427684	0.752789259	0.5790450573	0
211	1.113028765	1.113028765	0	0	0.8687279224	0.7543157935	0.5758370161	0
212	1.104336619	1.104336619	0	0	0.8598378301	0.7411884665	0.5556222796	0
213	1.055679917	1.055679917	0	0	0.857711792	0.7465782166	0.5562347174	0
214	1.074087739	1.074087739	0	0	0.8452479243	0.7235783339	0.5262398124	0
215	1.083214402	1.083214402	0	0	0.8528142571	0.728004694	0.5345472097	0
216	1.096078038	1.096078038	0	0	0.8640913963	0.73792696	0.5576745272	0
217	1.086287022	1.086287022	0	0	0.8571841121	0.7279918194	0.545820713	0
218	1.09574008	1.09574008	0	0	0.8685151935	0.7478882074	0.5705092549	0
219	1.09415257	1.09415257	0	0	0.8631209135	0.7465656996	0.5637561083	0
220	1.125005722	1.125005722	0	0	0.8505123854	0.7284482121	0.5359700322	0
221	1.036953211	1.036953211	0	0	0.8501494527	0.7329026461	0.5388385057	0
222	1.090476394	1.090476394	0	0	0.8446315527	0.719019413	0.5264847875	0
223	1.09719944	1.09719944	0	0	0.8489800692	0.7176746726	0.5275073051	0
224	1.126983285	1.126983285	0	0	0.8584377766	0.728726685	0.5430056453	0
225	1.05992651	1.05992651	0	0	0.8631415367	0.7386552095	0.560528338	0
226	1.078425884	1.078425884	0	0	0.8640449047	0.7406478524	0.5646039844	0
227	1.103742838	1.103742838	0	0	0.8569273949	0.7393813133	0.556989193	0
228	1.078694463	1.078694463	0	0	0.8535636663	0.7300115824	0.5425204039	0
229	1.027384996	1.027384996	0	0	0.85101372	0.7307217717	0.5432621241	0
230	1.074659944	1.074659944	0	0	0.8306298256	0.701157093	0.505382359	0
231	1.107020736	1.107020736	0	0	0.8214657307	0.6921929717	0.4941020608	0
232	1.142430544	1.142430544	0	0	0.8483809233	0.7211646438	0.5353520513	0
233	1.057850122	1.057850122	0	0	0.8570842743	0.7318195701	0.5568245649	0
234	1.053907514	1.053907514	0	0	0.8774703145	0.7587743402	0.5967562795	0
235	1.061840892	1.061840892	0	0	0.8704790473	0.7557976842	0.5848078728	0
236	1.082514763	1.082514763	0	0	0.8734822273	0.7562054992	0.5837058425	0
237	0.9977622032	0.9977622032	0	0	0.8666089177	0.7527727485	0.5768828392	0
238	1.040791988	1.040791988	0	0	0.8555446863	0.7270022631	0.5465034842	0
239	1.026194334	1.026194334	0	0	0.8395649791	0.7124396563	0.5222919583	0
240	1.095734358	1.095734358	0	0	0.8579368591	0.7343627214	0.5528962016	0
241	1.138196707	1.138196707	0	0	0.8661979437	0.7424175739	0.5744299293	0
242	1.066593289	1.066593289	0	0	0.8704246283	0.7542234063	0.5837491751	0
243	1.063252449	1.063252449	0	0	0.8596816063	0.7467834353	0.568326354	0
244	1.128437996	1.128437996	0	0	0.8577970862	0.737008214	0.5512017012	0
245	1.042516947	1.042516947	0	0	0.8562887907	0.7422894239	0.5610024929	0
246	1.034569144	1.034569144	0	0	0.8462215662	0.7205386162	0.536321342	0
247	1.090043426	1.090043426	0	0	0.8413122892	0.7125754356	0.5166481733	0
248	1.135268688	1.135268688	0	0	0.8480325341	0.7205576897	0.531163156	0
249	1.037330389	1.037330389	0	0	0.8641423583	0.7466334701	0.5718176961	0
250	1.043774366	1.043774366	0	0	0.8641650081	0.7453251481	0.5678162575	0
251	1.057478547	1.057478547	0	0	0.8610815406	0.7448682189	0.5680592656	0
252	1.028219819	1.028219819	0	0	0.8633214235	0.7419875264	0.5626891255	0
253	0.9735062122	0.9735062122	0	0	0.8499751091	0.7263070345	0.5417075157	0
254	1.018206596	1.018206596	0	0	0.8319649696	0.7019177079	0.5063725114	0
255	1.046015024	1.046015024	0	0	0.8367689848	0.7073625922	0.510148406	0
256	1.031034231	1.031034231	0	0	0.8442322612	0.7162628174	0.5290402174	0
257	0.9927355647	0.9927355647	0	0	0.8605748415	0.7409996986	0.5642166138	0
258	0.9726600647	0.9726600647	0	0	0.8614153266	0.7472161651	0.5687826872	0
259	0.9901555181	0.9901555181	0	0	0.8549923897	0.7403084636	0.5576239228	0
260	1.02153492	1.02153492	0	0	0.8587380648	0.7396121025	0.552382648	0
261	0.9816041589	0.9816041589	0	0	0.8472617269	0.727242291	0.5326243639	0
262	0.9815539122	0.9815539122	0	0	0.8332141042	0.7046692371	0.5090554953	0
263	0.9876896143	0.9876896143	0	0	0.8452928662	0.7195607424	0.5271269679	0
264	0.9727233052	0.9727233052	0	0	0.8522251844	0.7259888649	0.5391146541	0
265	0.9447387457	0.9447387457	0	0	0.8712525964	0.7548184395	0.5839779377	0
266	0.9625592828	0.9625592828	0	0	0.8755577803	0.7616969347	0.5898237824	0
267	0.9941273928	0.9941273928	0	0	0.8684388399	0.7594002485	0.5840502977	0
268	1.017775655	1.017775655	0	0	0.8669150472	0.7501704097	0.568254292	0
269	0.9852682948	0.9852682948	0	0	0.8547195196	0.7358520031	0.5447505713	0
270	0.9670535326	0.9670535326	0	0	0.8526911139	0.729586482	0.5412735343	0
271	0.9766796827	0.9766796827	0	0	0.8680462837	0.7498339415	0.5703414679	0
272	0.9570142031	0.9570142031	0	0	0.8648326397	0.7446349859	0.5623294711	0
273	0.9640516639	0.9640516639	0	0	0.8804297447	0.7720980048	0.6082941294	0
274	0.9432353973	0.9432353973	0	0	0.8823456764	0.7722306848	0.6118507981	0
275	0.946719408	0.946719408	0	0	0.8657619953	0.751827538	0.5813760161	0
276	0.9670538902	0.9670538902	0	0	0.8726017475	0.7552735209	0.5856822133	0
277	0.9393684864	0.9393684864	0	0	0.8674445152	0.7496204376	0.5781626701	0
278	0.9054109454	0.9054109454	0	0	0.867629528	0.7450886369	0.5708091855	0
279	0.9191960096	0.9191960096	0	0	0.8779553771	0.7617691159	0.5964820385	0
280	0.9148436189	0.9148436189	0	0	0.8862677813	0.7711514831	0.6158815026	0
281	0.9246810079	0.9246810079	0	0	0.8792760968	0.7650805116	0.6053615212	0
282	0.903886497	0.903886497	0	0	0.8876814246	0.7781220675	0.6245223284	0
283	0.9024642706	0.9024642706	0	0	0.8800852895	0.7690489888	0.611571312	0
284	0.9115399122	0.9115399122	0	0	0.8871108294	0.7734906077	0.6243286729	0
285	0.9010912776	0.9010912776	0	0	0.8769883513	0.7594059706	0.6001616716	0
286	0.8629341125	0.8629341125	0	0	0.8755423427	0.7535535693	0.5873619318	0
287	0.8881354332	0.8881354332	0	0	0.8857980371	0.7694687843	0.6162703633	0
288	0.8991402984	0.8991402984	0	0	0.8952397704	0.7830188274	0.6405205131	0
289	0.951413095	0.951413095	0	0	0.8917227983	0.780277729	0.6314765811	0
290	0.9375487566	0.9375487566	0	0	0.8907507658	0.7805444002	0.6296675801	0
291	0.9253786206	0.9253786206	0	0	0.8797723651	0.7672608495	0.6102597117	0
292	0.9201135039	0.9201135039	0	0	0.8823722005	0.7663378716	0.6107727885	0
293	0.8880438209	0.8880438209	0	0	0.8624874949	0.7370862365	0.5617567897	0
294	0.8937175274	0.8937175274	0	0	0.8719472289	0.7481740117	0.5810678601	0
295	0.9047510028	0.9047510028	0	0	0.8830094934	0.7655152082	0.6109935045	0
296	0.9330858588	0.9330858588	0	0	0.8889669776	0.7736263275	0.6216733456	0
297	0.9465773702	0.9465773702	0	0	0.8878602386	0.7742657661	0.6198019385	0
298	0.9325584173	0.9325584173	0	0	0.8840467334	0.770077467	0.6140457988	0
299	0.9580928087	0.9580928087	0	0	0.8802154064	0.7682520747	0.6126620173	0
300	0.957644701	0.957644701	0	0	0.878849864	0.7626767755	0.6034737229	0
301	0.903748095	0.903748095	0	0	0.8694406152	0.7481436729	0.5773022771	0
302	0.8944939375	0.8944939375	0	0	0.8703493476	0.7492580414	0.5760243535	0
303	0.9723957777	0.9723957777	0	0	0.8776710033	0.7638881207	0.6014105678	0
304	0.9527133107	0.9527133107	0	0	0.8851340413	0.7716872692	0.6138415337	0
305	0.9826120734	0.9826120734	0	0	0.8849570155	0.7734149098	0.6181643009	0
306	0.9133269787	0.9133269787	0	0	0.8838057518	0.7723294497	0.6148312688	0
307	0.9214548469	0.9214548469	0	0	0.8850734234	0.7786485553	0.6240624785	0
308	0.9452031255	0.9452031255	0	0	0.8854279518	0.7754596472	0.6232125163	0
309	0.9037857056	0.9037857056	0	0	0.8689015508	0.7530665994	0.5843767524	0
310	0.8731984496	0.8731984496	0	0	0.8706796765	0.7520661354	0.5803812742	0
311	0.9730648994	0.9730648994	0	0	0.8856627345	0.7745472789	0.6215470433	0
312	0.9642246962	0.9642246962	0	0	0.8862826228	0.7757235765	0.6184698343	0
313	0.9910727739	0.9910727739	0	0	0.8866353035	0.777739048	0.6227992773	0
314	1.051039934	1.051039934	0	0	0.8874775767	0.7806410789	0.6272599101	0
315	0.9280967712	0.9280967712	0	0	0.8793852925	0.7694622278	0.6094080806	0
316	0.9235734344	0.9235734344	0	0	0.8742028475	0.7579103112	0.5924215913	0
317	0.9230317473	0.9230317473	0	0	0.8579861522	0.73775208	0.5566419959	0
318	0.9091486335	0.9091486335	0	0	0.8632166982	0.7429795861	0.5652748942	0
319	0.9723005891	0.9723005891	0	0	0.8794984221	0.7641918659	0.6030266881	0
320	0.9159944654	0.9159944654	0	0	0.883421123	0.768892467	0.6078696251	0
321	0.9705892205	0.9705892205	0	0	0.8857924938	0.7754248381	0.6181013584	0
322	0.9164032936	0.9164032936	0	0	0.8850073814	0.7749187946	0.6196466684	0
323	0.9073259234	0.9073259234	0	0	0.8738294244	0.7641419768	0.5987625122	0
324	1.021796942	1.021796942	0	0	0.871483922	0.7609577179	0.5938353539	0
325	0.8738373518	0.8738373518	0	0	0.8561791182	0.7385495305	0.5548570752	0
326	0.8099014759	0.8099014759	0	0	0.8606764674	0.7410668731	0.5577223301	0
327	0.8878951073	0.8878951073	0	0	0.8785859942	0.7652659416	0.6020483375	0
328	0.8543674946	0.8543674946	0	0	0.8826949596	0.7686280608	0.6057696939	0
329	0.8533659577	0.8533659577	0	0	0.8866410851	0.7758386731	0.6230460405	0
330	0.8616236448	0.8616236448	0	0	0.8847663403	0.7771641612	0.6210410595	0
331	0.8119446635	0.8119446635	0	0	0.8839254975	0.7795663476	0.6228610277	0
332	0.9170125127	0.9170125127	0	0	0.877856195	0.7714083791	0.6120109558	0
333	0.8393700123	0.8393700123	0	0	0.8642897606	0.7520799041	0.5792220235	0
334	0.7809764147	0.7809764147	0	0	0.8644838929	0.7464964986	0.5742222071	0
335	0.8673033714	0.8673033714	0	0	0.8803719878	0.7684851885	0.6102150679	0
336	0.855055511	0.855055511	0	0	0.8860808015	0.7750857472	0.619097054	0
337	0.7959628105	0.7959628105	0	0	0.8911816478	0.7804204822	0.6312332153	0
338	0.8775698543	0.8775698543	0	0	0.8902688622	0.7833586931	0.6328968406	0
339	0.8397192955	0.8397192955	0	0	0.8834773302	0.7767392993	0.6191312075	0
340	0.9029644728	0.9029644728	0	0	0.8727864623	0.7612866163	0.596989274	0
341	0.8429352641	0.8429352641	0	0	0.855864048	0.736805439	0.556532383	0
342	0.7891691923	0.7891691923	0	0	0.8644715548	0.7431539297	0.5709275007	0
343	0.8972304463	0.8972304463	0	0	0.8781821132	0.7631179094	0.6046333313	0
344	0.9623513818	0.9623513818	0	0	0.8848923445	0.7730178833	0.6189715862	0
345	0.9091802239	0.9091802239	0	0	0.888100028	0.7784148455	0.6275119185	0
346	0.9298319817	0.9298319817	0	0	0.8858637214	0.7769674659	0.6245107651	0
347	0.8820946813	0.8820946813	0	0	0.8773819804	0.7703849077	0.6093603969	0
348	1.028175354	1.028175354	0	0	0.879635334	0.7726747394	0.6166030169	0
349	0.8582333326	0.8582333326	0	0	0.8731373549	0.7600823641	0.591627717	0
350	0.8646649718	0.8646649718	0	0	0.8732625842	0.7554113865	0.5854030252	0
351	0.9363492131	0.9363492131	0	0	0.8793619275	0.7663857341	0.6032740474	0
352	1.118504167	1.118504167	0	0	0.890602231	0.7831266522	0.6361324787	0
353	0.9038449526	0.9038449526	0	0	0.8852544427	0.7751520276	0.6225928068	0
354	0.9590306878	0.9590306878	0	0	0.8857591748	0.7810188532	0.625197649	0
355	0.9596639276	0.9596639276	0	0	0.8860169649	0.7853681445	0.631747365	0
356	0.9446109533	0.9446109533	0	0	0.8775832057	0.7724860907	0.611815989	0
357	0.8942136168	0.8942136168	0	0	0.8669143915	0.7573644519	0.5889323354	0
358	0.8898584247	0.8898584247	0	0	0.868520081	0.7530585527	0.5847738981	0
359	0.9362122416	0.9362122416	0	0	0.8793131709	0.7686142921	0.6090403795	0
360	1.092244387	1.092244387	0	0	0.8844074011	0.7743585706	0.6237530708	0
361	0.867664814	0.867664814	0	0	0.8826799989	0.7721482515	0.6150664091	0
362	1.04457891	1.04457891	0	0	0.8859546185	0.7773339152	0.6245358586	0
363	1.001414657	1.001414657	0	0	0.8849310875	0.777142942	0.6246166825	0
364	0.8787674904	0.8787674904	0	0	0.8678418398	0.7523676753	0.5805553198	0
365	0.8182892799	0.8182892799	0	0	0.8628457189	0.7431361079	0.5681104064	0
366	0.9932894707	0.9932894707	0	0	0.8751475215	0.7593260407	0.6021565199	0
367	0.9076784849	0.9076784849	0	0	0.8769711256	0.7602526546	0.6009779572	0
368	1.041111588	1.041111588	0	0	0.8801732063	0.7649086714	0.6115891337	0
369	0.9455547333	0.9455547333	0	0	0.8859013915	0.7738623023	0.620996356	0
370	0.8884724379	0.8884724379	0	0	0.8903527856	0.7807677984	0.6275550127	0
371	0.8760436177	0.8760436177	0	0	0.8899511695	0.7813313007	0.6271190047	0
372	0.874344945	0.874344945	0	0	0.8879885077	0.7772507668	0.6246750951	0
373	0.7265850902	0.7265850902	0	0	0.8742661476	0.7543238401	0.5837407112	0
374	0.7764328718	0.7764328718	0	0	0.8779725432	0.75981915	0.5959770679	0
375	0.7771382928	0.7771382928	0	0	0.8864616156	0.7722808123	0.6170259714	0
376	0.8908684254	0.8908684254	0	0	0.8893347979	0.7767987251	0.6281003356	0
377	0.7246391773	0.7246391773	0	0	0.8843382597	0.7683933973	0.6117407084	0
378	0.7642442584	0.7642442584	0	0	0.8860610127	0.777730763	0.6198909879	0
379	0.7903882861	0.7903882861	0	0	0.8909806013	0.7864875793	0.631154716	0
380	0.7737050653	0.7737050653	0	0	0.8861455321	0.7770408392	0.6168095469	0
381	0.6850342751	0.6850342751	0	0	0.8784526587	0.7635447979	0.5937205553	0
382	0.7427823544	0.7427823544	0	0	0.8800820708	0.7632613182	0.6041961312	0
383	0.7238945365	0.7238945365	0	0	0.8835839033	0.7682780027	0.607856214	0
384	0.8582715392	0.8582715392	0	0	0.8870697021	0.7739936113	0.6199449897	0
385	0.7120540142	0.7120540142	0	0	0.8902138472	0.7781090736	0.6224702597	0
386	0.7850592732	0.7850592732	0	0	0.8927534223	0.7855857611	0.6292506456	0
387	0.7658275366	0.7658275366	0	0	0.8892442584	0.7820254564	0.6189913154	0
388	0.7485811114	0.7485811114	0	0	0.882239759	0.7717244029	0.6030843258	0
389	0.6787333488	0.6787333488	0	0	0.8685626984	0.7489100099	0.5681269169	0
390	0.7301825285	0.7301825285	0	0	0.8766471148	0.7586026788	0.5932796001	0
391	0.6707642674	0.6707642674	0	0	0.8818203807	0.7637906671	0.6018383503	0
392	0.7583681941	0.7583681941	0	0	0.8823883533	0.7668104768	0.6063176394	0
393	0.6826149821	0.6826149821	0	0	0.8964051604	0.7845505476	0.6333508492	0
394	0.6697039604	0.6697039604	0	0	0.8922015429	0.7763184905	0.6220097542	0
395	0.688288033	0.688288033	0	0	0.8874274492	0.7715946436	0.6135668755	0
396	0.6775584221	0.6775584221	0	0	0.8832851648	0.7657309175	0.6067659855	0
397	0.5401506424	0.5401506424	0	0	0.8775991797	0.753271699	0.5854592919	0
398	0.5398586988	0.5398586988	0	0	0.8838906288	0.7619746923	0.6014820337	0
399	0.5118535757	0.5118535757	0	0	0.8900198936	0.7701823711	0.6160666943	0
400	0.508212328	0.508212328	0	0	0.892470479	0.7746755481	0.6231938004	0
401	0.5463702679	0.5463702679	0	0	0.8890215755	0.7697585225	0.613330245	0
402	0.4725218415	0.4725218415	0	0	0.8905237317	0.7760597467	0.6182752252	0
403	0.4994065464	0.4994065464	0	0	0.8946216106	0.7845028639	0.6302050948	0
404	0.4805147052	0.4805147052	0	0	0.8912551403	0.7782232165	0.6227244735	0
405	0.5127896667	0.5127896667	0	0	0.8814119697	0.761801064	0.5938500166	0
406	0.4788011909	0.4788011909	0	0	0.8814020753	0.7585279942	0.5982508659	0
407	0.4294782281	0.4294782281	0	0	0.8878055811	0.7683852911	0.6113959551	0
408	0.4506120086	0.4506120086	0	0	0.8909310102	0.7747183442	0.6204850078	0
409	0.514482975	0.514482975	0	0	0.8883416057	0.7711559534	0.6116970181	0
410	0.4834463894	0.4834463894	0	0	0.8914809227	0.7793920636	0.6216111183	0
411	0.5395901799	0.5395901799	0	0	0.8952775598	0.7849831581	0.6314032674	0
412	0.4901505113	0.4901505113	0	0	0.8842484355	0.7658883333	0.6014794111	0
413	0.4727897644	0.4727897644	0	0	0.8737462163	0.749738276	0.5729412436	0
414	0.4920941293	0.4920941293	0	0	0.8752805591	0.7505143881	0.5825942159	0
415	0.452665329	0.452665329	0	0	0.8827421069	0.7586144805	0.5973969102	0
416	0.4419534802	0.4419534802	0	0	0.88346982	0.7615957856	0.5983888507	0
417	0.5360820293	0.5360820293	0	0	0.8946123719	0.7782084942	0.6269659996	0
418	0.5141518116	0.5141518116	0	0	0.8903638124	0.7707666755	0.6145951748	0
419	0.534332037	0.534332037	0	0	0.8968676329	0.7855961323	0.6332154274	0
420	0.4867404401	0.4867404401	0	0	0.89033252	0.7738342285	0.6172734499	0
421	0.4705044925	0.4705044925	0	0	0.8756800294	0.748283565	0.5795229077	0
422	0.474671036	0.474671036	0	0	0.8776905537	0.749954164	0.5824168324	0
423	0.4949892163	0.4949892163	0	0	0.8887141347	0.7668915987	0.605584383	0
424	0.4942995608	0.4942995608	0	0	0.8887899518	0.7660582662	0.6059541106	0
425	0.5666682124	0.5666682124	0	0	0.8863972425	0.7633786798	0.6034061313	0
426	0.5403572321	0.5403572321	0	0	0.886546731	0.7662839293	0.605223	0
427	0.5118224621	0.5118224621	0	0	0.8966764808	0.7881263494	0.6314191222	0
428	0.5030454397	0.5030454397	0	0	0.8870024681	0.7680211663	0.6076000929	0
429	0.5575014949	0.5575014949	0	0	0.8691288233	0.7401020527	0.5613255501	0
430	0.504468739	0.504468739	0	0	0.8749129772	0.748673737	0.5775731802	0
431	0.4496290088	0.4496290088	0	0	0.8808045983	0.7551640272	0.5864791274	0
432	0.4682220221	0.4682220221	0	0	0.8869870305	0.7635068297	0.6017052531	0
433	0.6057425737	0.6057425737	0	0	0.8864679933	0.7633969188	0.601586163	0
434	0.5425080657	0.5425080657	0	0	0.8856736422	0.7636992931	0.5998416543	0
435	0.5307697058	0.5307697058	0	0	0.8940063715	0.7818983197	0.623050034	0
436	0.4851781726	0.4851781726	0	0	0.8879318237	0.7721810341	0.6089857817	0
437	0.5433814526	0.5433814526	0	0	0.8693040013	0.7412691712	0.5631967783	0
438	0.4489748776	0.4489748776	0	0	0.8656477332	0.7351614833	0.5548905134	0
439	0.4457751811	0.4457751811	0	0	0.8768112659	0.7496346235	0.5781849623	0
440	0.4249016047	0.4249016047	0	0	0.88132447	0.7565236688	0.5907189846	0
441	0.5081586242	0.5081586242	0	0	0.8850679994	0.7646080852	0.6030518413	0
442	0.5214230418	0.5214230418	0	0	0.8814318776	0.7603708506	0.5994380116	0
443	0.5766400099	0.5766400099	0	0	0.8835809827	0.7643711567	0.6023380756	0
444	0.4964911044	0.4964911044	0	0	0.8845483661	0.7612838745	0.6017788649	0
445	0.4587959647	0.4587959647	0	0	0.8643401265	0.7298186421	0.5493600965	0
446	0.4932843149	0.4932843149	0	0	0.8664393425	0.7318491936	0.5523482561	0
447	0.5375326276	0.5375326276	0	0	0.8745824099	0.7430346608	0.5694710016	0
448	0.5039628148	0.5039628148	0	0	0.8849873543	0.7608444095	0.5990040898	0
449	0.5226281285	0.5226281285	0	0	0.8792318702	0.7528760433	0.590638876	0
450	0.5065228343	0.5065228343	0	0	0.8787993193	0.7550271153	0.5919950008	0
451	0.5014424324	0.5014424324	0	0	0.8898854256	0.7756524682	0.6145008802	0
452	0.4887978733	0.4887978733	0	0	0.8815706968	0.7599979043	0.5937691927	0
453	0.4938359857	0.4938359857	0	0	0.8630582094	0.7313092947	0.5513243675	0
454	0.4670665264	0.4670665264	0	0	0.8480654955	0.7123397589	0.5270824432	0
455	0.4466287494	0.4466287494	0	0	0.8609166145	0.7308120131	0.550660491	0
456	0.4678376019	0.4678376019	0	0	0.8741515875	0.7494095564	0.5767837167	0
457	0.487118572	0.487118572	0	0	0.8689120412	0.7436499	0.573158741	0
458	0.4616026282	0.4616026282	0	0	0.8661367297	0.7438009977	0.5720522404	0
459	0.501309514	0.501309514	0	0	0.877296567	0.758131206	0.5851929784	0
460	0.4743783474	0.4743783474	0	0	0.8693864942	0.7473598719	0.5689412355	0
461	0.4813002646	0.4813002646	0	0	0.847481668	0.713921845	0.5234872699	0
462	0.418820709	0.418820709	0	0	0.834625423	0.6990116835	0.506727457	0
463	0.4798455834	0.4798455834	0	0	0.8465583324	0.7093741298	0.519539535	0
464	0.4595519602	0.4595519602	0	0	0.8759739995	0.7512183189	0.5804702044	0
465	0.4712955058	0.4712955058	0	0	0.8736628294	0.7522124052	0.5799918175	0
466	0.4689086676	0.4689086676	0	0	0.8699591756	0.750410676	0.5776392817	0
467	0.5451372862	0.5451372862	0	0	0.8791342974	0.7634209991	0.592828393	0
468	0.4578412473	0.4578412473	0	0	0.8670625091	0.7448547482	0.5651368499	0
469	0.4379410446	0.4379410446	0	0	0.8539997339	0.7254826427	0.5393352509	0
470	0.4227983356	0.4227983356	0	0	0.8508369923	0.7209761143	0.5311316252	0
471	0.5068941712	0.5068941712	0	0	0.863193512	0.7335036397	0.5488008857	0
472	0.49572891	0.49572891	0	0	0.8782508373	0.7557731867	0.5863164663	0
473	0.4289419949	0.4289419949	0	0	0.8792660832	0.7623778582	0.5958021283	0
474	0.4299840927	0.4299840927	0	0	0.8731108308	0.7548462152	0.5844397545	0
475	0.4453377426	0.4453377426	0	0	0.8799530864	0.7645804882	0.5930301547	0
476	0.4088606238	0.4088606238	0	0	0.86860919	0.7475323677	0.5656549931	0
477	0.4555792212	0.4555792212	0	0	0.8492305279	0.7184971571	0.5247693062	0
478	0.4155091643	0.4155091643	0	0	0.840718925	0.7082477212	0.5107035637	0
479	0.4608154297	0.4608154297	0	0	0.8613605499	0.7305762768	0.5441212058	0
480	0.4307727814	0.4307727814	0	0	0.8767899871	0.7531490922	0.5808061361	0
481	0.4412762225	0.4412762225	0	0	0.8697397113	0.7461278439	0.568086803	0
482	0.4064692557	0.4064692557	0	0	0.8684360981	0.7489120364	0.5714505315	0
483	0.4229080975	0.4229080975	0	0	0.8754647374	0.7565404177	0.5809211731	0
484	0.4087606072	0.4087606072	0	0	0.8635284901	0.7377524376	0.5503486991	0
485	0.4090348184	0.4090348184	0	0	0.8521732092	0.7226851583	0.5297704339	0
486	0.3842155039	0.3842155039	0	0	0.8433983326	0.7081109881	0.5118870139	0
487	0.3926798999	0.3926798999	0	0	0.8550089598	0.7224626541	0.531432271	0
488	0.3670712113	0.3670712113	0	0	0.8713532686	0.7474623919	0.5693407059	0
489	0.3819095194	0.3819095194	0	0	0.8695079088	0.7490443587	0.5655207634	0
490	0.3648254871	0.3648254871	0	0	0.8636202812	0.7449715734	0.5591524243	0
491	0.4009074271	0.4009074271	0	0	0.8676844239	0.7513021827	0.562569201	0
492	0.3530029655	0.3530029655	0	0	0.8619372249	0.7439129949	0.5511024594	0
493	0.3472312987	0.3472312987	0	0	0.838880837	0.7090505362	0.505772531	0
494	0.3413334489	0.3413334489	0	0	0.8276474476	0.696958065	0.48332268	0
495	0.4202302396	0.4202302396	0	0	0.8603255153	0.7353197336	0.5365055799	0
496	0.3783980012	0.3783980012	0	0	0.8799397349	0.7666354179	0.5842689276	0
497	0.386701256	0.386701256	0	0	0.8755761385	0.7589822412	0.5759288073	0
498	0.3501768708	0.3501768708	0	0	0.8769314289	0.7680251598	0.5880464911	0
499	0.3853158355	0.3853158355	0	0	0.8715544939	0.7594473958	0.5740087628	0
500	0.4022868872	0.4022868872	0	0	0.8572469354	0.7407897115	0.5418511033	0
501	0.3792836666	0.3792836666	0	0	0.8399193287	0.7152264714	0.5039563179	0
502	0.3677052855	0.3677052855	0	0	0.8317905664	0.705016315	0.4895405173	0
503	0.385376513	0.385376513	0	0	0.8568761945	0.733987987	0.5345361233	0
504	0.3616686463	0.3616686463	0	0	0.8736823797	0.7566950917	0.5708243251	0
505	0.3744120896	0.3744120896	0	0	0.8731023073	0.7565340996	0.5672414899	0
506	0.3731032908	0.3731032908	0	0	0.8818672895	0.7761982679	0.5966385007	0
507	0.4005001485	0.4005001485	0	0	0.8754258156	0.7638418078	0.5763455033	0
508	0.4528065324	0.4528065324	0	0	0.85753721	0.7402527928	0.5346670747	0
509	0.3891947269	0.3891947269	0	0	0.8260200024	0.6935935616	0.4824726582	0
510	0.396874845	0.396874845	0	0	0.8383727074	0.711717248	0.5037783384	0
511	0.3726851046	0.3726851046	0	0	0.8445526361	0.7145559788	0.5129443407	0
512	0.3769454062	0.3769454062	0	0	0.8694831133	0.7542999983	0.5625793338	0
513	0.3735229075	0.3735229075	0	0	0.8722075224	0.7575144768	0.5649573207	0
514	0.388386488	0.388386488	0	0	0.8806260228	0.7740818262	0.5929713249	0
515	0.404132843	0.404132843	0	0	0.8726790547	0.7604901195	0.5685378313	0
516	0.3961586654	0.3961586654	0	0	0.8697311878	0.7576639056	0.5618498921	0
517	0.3765196204	0.3765196204	0	0	0.8493116498	0.7220034599	0.5176346898	0
518	0.4164307117	0.4164307117	0	0	0.8550989032	0.7328766584	0.5269655585	0
519	0.5061893463	0.5061893463	0	0	0.8667479753	0.7432624698	0.5512440205	0
520	0.4192236066	0.4192236066	0	0	0.8776522875	0.7645571828	0.5841366649	0
521	0.4305015206	0.4305015206	0	0	0.8711656928	0.7537438273	0.5674296618	0
522	0.4028851986	0.4028851986	0	0	0.8825695515	0.7772177458	0.6025584936	0
523	0.4151828289	0.4151828289	0	0	0.8741437793	0.7636713386	0.5753558278	0
524	0.4270636141	0.4270636141	0	0	0.8599909544	0.74824512	0.5428922176	0
525	0.4194089472	0.4194089472	0	0	0.8524301648	0.7323516011	0.5281358361	0
526	0.4216078818	0.4216078818	0	0	0.8470658064	0.7303115129	0.5173928738	0
527	0.4375927448	0.4375927448	0	0	0.865981698	0.7457635999	0.5537388325	0
528	0.4075944424	0.4075944424	0	0	0.8672602773	0.7529923916	0.5614495277	0
529	0.393787384	0.393787384	0	0	0.8691905737	0.7537385225	0.5634624958	0
530	0.4823286831	0.4823286831	0	0	0.8851168752	0.7772740722	0.6032259464	0
531	0.54816401	0.54816401	0	0	0.874770999	0.7636731267	0.5798744559	0
532	0.5256944299	0.5256944299	0	0	0.8550871611	0.7407567501	0.5365821719	0
533	0.5190520287	0.5190520287	0	0	0.838340044	0.7151722908	0.5075355768	0
534	0.4736229479	0.4736229479	0	0	0.8426046968	0.7240774632	0.5118479729	0
535	0.4658678174	0.4658678174	0	0	0.8624806404	0.7398684025	0.5473212004	0
536	0.4130240381	0.4130240381	0	0	0.8698928356	0.7552189231	0.5662083626	0
537	0.4027746618	0.4027746618	0	0	0.8767356873	0.7668752074	0.5777643323	0
538	0.4904291928	0.4904291928	0	0	0.8862892985	0.7822834253	0.6142871976	0
539	0.4949305356	0.4949305356	0	0	0.8716978431	0.75507164	0.5772710443	0
540	0.4497616291	0.4497616291	0	0	0.8680664301	0.7519928813	0.5695675015	0
541	0.3875813186	0.3875813186	0	0	0.8598701954	0.7337619066	0.5534792542	0
542	0.4914276898	0.4914276898	0	0	0.8522330523	0.7281686068	0.5276355743	0
543	0.4872533679	0.4872533679	0	0	0.8654898405	0.7403658628	0.5569936633	0
544	0.417676121	0.417676121	0	0	0.8693702221	0.7499123812	0.5734740496	0
545	0.3573371768	0.3573371768	0	0	0.8709372282	0.7533551455	0.5747128725	0
546	0.3782535195	0.3782535195	0	0	0.8753513098	0.7662989497	0.5917850137	0
547	0.4109503925	0.4109503925	0	0	0.8757042885	0.7657008171	0.5897341967	0
548	0.4097726047	0.4097726047	0	0	0.8758664131	0.7674914598	0.5848816633	0
549	0.360155195	0.360155195	0	0	0.8627074361	0.737958312	0.5497250557	0
550	0.3814247549	0.3814247549	0	0	0.8687284589	0.7500111461	0.5574446917	0
551	0.3423772156	0.3423772156	0	0	0.8779400587	0.757103622	0.5838608146	0
552	0.3279975355	0.3279975355	0	0	0.8824205995	0.7648348212	0.5946388245	0
553	0.3443439007	0.3443439007	0	0	0.8824034929	0.7642725706	0.5895008445	0
554	0.3605121076	0.3605121076	0	0	0.8897293806	0.7791621685	0.6110232472	0
555	0.3397265077	0.3397265077	0	0	0.8882987499	0.7781450152	0.6053671241	0
556	0.3198365867	0.3198365867	0	0	0.8811292052	0.7712957263	0.5885573626	0
557	0.3524859846	0.3524859846	0	0	0.8526826501	0.7216953635	0.5273934603	0
558	0.3457332253	0.3457332253	0	0	0.8606315851	0.737570405	0.5416795611	0
559	0.3199981451	0.3199981451	0	0	0.8746991754	0.7513604164	0.5742822289	0
560	0.2991023362	0.2991023362	0	0	0.8768097162	0.7562096119	0.5820994377	0
561	0.3110473752	0.3110473752	0	0	0.880633831	0.7619169354	0.5859591365	0
562	0.3507212996	0.3507212996	0	0	0.8902504444	0.780210197	0.6151694655	0
563	0.3514815271	0.3514815271	0	0	0.8855803609	0.7726627588	0.594783783	0
564	0.3239069283	0.3239069283	0	0	0.881182611	0.7700964808	0.582402885	0
565	0.3691348732	0.3691348732	0	0	0.8661474586	0.7396124601	0.5514925122	0
566	0.4252444208	0.4252444208	0	0	0.8735096455	0.7563744783	0.5633926988	0
567	0.3984256983	0.3984256983	0	0	0.8837243915	0.7663508058	0.5930310488	0
568	0.3541052341	0.3541052341	0	0	0.8876856565	0.7741600871	0.604676187	0
569	0.3465046585	0.3465046585	0	0	0.8867070079	0.7721629143	0.603651464	0
570	0.3452921808	0.3452921808	0	0	0.8895497322	0.7819122076	0.6133869886	0
571	0.3238946795	0.3238946795	0	0	0.8922194242	0.785017848	0.6144731045	0
572	0.3651455343	0.3651455343	0	0	0.8818475604	0.7720409632	0.584366858	0
573	0.3792111576	0.3792111576	0	0	0.8653812408	0.7425572276	0.5492672324	0
574	0.3603420854	0.3603420854	0	0	0.8795204163	0.7670969367	0.5809325576	0
575	0.3364497721	0.3364497721	0	0	0.88597399	0.7713003755	0.6008116007	0
576	0.3188183606	0.3188183606	0	0	0.8844774961	0.7701039314	0.5957305431	0
577	0.339843154	0.339843154	0	0	0.8861316442	0.7721186876	0.5973767638	0
578	0.356718868	0.356718868	0	0	0.8920567632	0.7858431935	0.6188876629	0
579	0.4113684595	0.4113684595	0	0	0.8839739561	0.7708575726	0.588844955	0
580	0.4026067257	0.4026067257	0	0	0.8771788478	0.7657052279	0.5740885139	0
581	0.4245283008	0.4245283008	0	0	0.8554003835	0.7282363772	0.5314939022	0
582	0.3918040097	0.3918040097	0	0	0.8640146852	0.7449673414	0.545565486	0
583	0.4089458585	0.4089458585	0	0	0.8797411323	0.7598146796	0.5834337473	0
584	0.3920107782	0.3920107782	0	0	0.8824109435	0.7664768696	0.5897065401	0
585	0.4196032584	0.4196032584	0	0	0.8861826062	0.7717801929	0.5999648571	0
586	0.443571806	0.443571806	0	0	0.8901959658	0.7822325826	0.6152842641	0
587	0.4391221106	0.4391221106	0	0	0.8855079412	0.7748817205	0.5941544175	0
588	0.4606748223	0.4606748223	0	0	0.875766933	0.7618638873	0.5670795441	0
589	0.4614362121	0.4614362121	0	0	0.8779870868	0.7576217055	0.5767117739	0
590	0.4782999158	0.4782999158	0	0	0.8686881065	0.7474461794	0.5500045419	0
591	0.4536086917	0.4536086917	0	0	0.8868026733	0.7721794844	0.6002720594	0
592	0.4469736218	0.4469736218	0	0	0.8849666119	0.7702773809	0.5951182246	0
593	0.4291234612	0.4291234612	0	0	0.8863265514	0.77161026	0.6013016701	0
594	0.4380736053	0.4380736053	0	0	0.890024066	0.7790501714	0.6143745184	0
595	0.448987186	0.448987186	0	0	0.8895866871	0.7800575495	0.607630074	0
596	0.4549586773	0.4549586773	0	0	0.8769987226	0.762003839	0.5753359795	0
597	0.4687443674	0.4687443674	0	0	0.8763712049	0.7559859753	0.5748871565	0
598	0.4351290762	0.4351290762	0	0	0.8833619952	0.7708188891	0.5925260186	0
599	0.4147524536	0.4147524536	0	0	0.8886639476	0.7739836574	0.6053052545	0
600	0.4019995332	0.4019995332	0	0	0.890647769	0.7770968676	0.6110393405	0
601	0.4749284387	0.4749284387	0	0	0.88891536	0.7735075951	0.603300631	0
602	0.4465696216	0.4465696216	0	0	0.8939697742	0.7860553265	0.6265740395	0
603	0.4797355235	0.4797355235	0	0	0.8858946562	0.7704459429	0.5954411626	0
604	0.4961590469	0.4961590469	0	0	0.8711307049	0.7498598099	0.5618849397	0
605	0.5024176836	0.5024176836	0	0	0.8757180572	0.7537451386	0.5732677579	0
606	0.4414042532	0.4414042532	0	0	0.8669754267	0.743870616	0.5552256703	0
607	0.4453674555	0.4453674555	0	0	0.8789301515	0.7576070428	0.5818072557	0
608	0.4050608277	0.4050608277	0	0	0.8759012818	0.7530972362	0.578384459	0
609	0.4136909246	0.4136909246	0	0	0.889200747	0.7752088904	0.6060264111	0
610	0.4250157773	0.4250157773	0	0	0.8918758631	0.7812274694	0.6195166707	0
611	0.4839725494	0.4839725494	0	0	0.8912957311	0.7787091136	0.6165034175	0
612	0.5137005448	0.5137005448	0	0	0.8831523657	0.7672330737	0.5930446982	0
613	0.5367466807	0.5367466807	0	0	0.8850432038	0.7641965747	0.5959717631	0
614	0.5721109509	0.5721109509	0	0	0.8743840456	0.7499672771	0.5699027777	0
615	0.5929064155	0.5929064155	0	0	0.889164269	0.7686167955	0.6072510481	0
616	0.5693206787	0.5693206787	0	0	0.8882390857	0.7694580555	0.6056464314	0
617	0.5865166783	0.5865166783	0	0	0.8877959251	0.7698534727	0.6060919762	0
618	0.530198276	0.530198276	0	0	0.8936194181	0.7839705348	0.6304430962	0
619	0.5350468159	0.5350468159	0	0	0.8906111717	0.7777045369	0.6176865697	0
620	0.5521514416	0.5521514416	0	0	0.8830141425	0.7677303553	0.5922541022	0
621	0.5488983393	0.5488983393	0	0	0.87890625	0.7587698698	0.5844400525	0
622	0.514682591	0.514682591	0	0	0.8773306012	0.7600474358	0.5798484087	0
623	0.5506862998	0.5506862998	0	0	0.8905178905	0.7756846547	0.6151887178	0
624	0.5497615337	0.5497615337	0	0	0.8871182799	0.7674274445	0.6013666391	0
625	0.5629302263	0.5629302263	0	0	0.8875006437	0.7682968378	0.6057436466	0
626	0.5223821998	0.5223821998	0	0	0.8932385445	0.7819415331	0.625755012	0
627	0.5439246297	0.5439246297	0	0	0.8878054023	0.7727391124	0.6066079736	0
628	0.5698429942	0.5698429942	0	0	0.8729365468	0.7509176135	0.5668321848	0
629	0.5636472702	0.5636472702	0	0	0.8605818748	0.7300122976	0.544318974	0
630	0.5466440916	0.5466440916	0	0	0.8532589674	0.7221570015	0.526905179	0
631	0.5165732503	0.5165732503	0	0	0.8740082979	0.751314342	0.572737813	0
632	0.5137101412	0.5137101412	0	0	0.8660643697	0.7389354706	0.5589032173	0
633	0.5196499825	0.5196499825	0	0	0.882891953	0.7659145594	0.5942505002	0
634	0.5254055262	0.5254055262	0	0	0.8869805932	0.7781726122	0.6107749343	0
635	0.5518904924	0.5518904924	0	0	0.8830671906	0.7710345387	0.6013547182	0
636	0.5960892439	0.5960892439	0	0	0.8661176562	0.7493441701	0.55283916	0
637	0.6440287828	0.6440287828	0	0	0.8822703362	0.7643436193	0.5907135606	0
638	0.6658024192	0.6658024192	0	0	0.8640013933	0.737808466	0.5506790876	0
639	0.713065207	0.713065207	0	0	0.8852480054	0.7699559331	0.5979862213	0
640	0.7398993373	0.7398993373	0	0	0.8853258491	0.7652611732	0.5971747041	0
641	0.7044692039	0.7044692039	0	0	0.8878153563	0.7728082538	0.6071039438	0
642	0.7135767341	0.7135767341	0	0	0.8904224634	0.7835171223	0.6199306846	0
643	0.6873854399	0.6873854399	0	0	0.8963090181	0.7914092541	0.6298907995	0
644	0.7132202983	0.7132202983	0	0	0.872153759	0.756924808	0.5679610372	0
645	0.7021616697	0.7021616697	0	0	0.8674788475	0.75023067	0.5608339906	0
646	0.6885097027	0.6885097027	0	0	0.8565583229	0.7375488877	0.5389201641	0
647	0.688952744	0.688952744	0	0	0.8767436147	0.7622609138	0.5769900084	0
648	0.688272953	0.688272953	0	0	0.8750716448	0.7600079179	0.5744347572	0
649	0.6713496447	0.6713496447	0	0	0.8779543042	0.7651320696	0.5851117373	0
650	0.6711589694	0.6711589694	0	0	0.8824089766	0.7775494456	0.603803277	0
651	0.6681336761	0.6681336761	0	0	0.8776536584	0.7697512507	0.5861705542	0
652	0.7237840295	0.7237840295	0	0	0.8565810919	0.7400174141	0.5447667241	0
653	0.7463271022	0.7463271022	0	0	0.8536848426	0.7351558805	0.5391923785	0
654	0.7335894108	0.7335894108	0	0	0.8424259424	0.7219415307	0.5182077885	0
655	0.7306883931	0.7306883931	0	0	0.8645219207	0.7449633479	0.5573037863	0
656	0.7187707424	0.7187707424	0	0	0.8583705425	0.7398953438	0.5523943305	0
657	0.7393580675	0.7393580675	0	0	0.8716188073	0.7624562383	0.5771142244	0
658	0.7284064293	0.7284064293	0	0	0.8840651512	0.7811993361	0.6112492085	0
659	0.7496613264	0.7496613264	0	0	0.8850106597	0.7810405493	0.6107378006	0
660	0.7948197126	0.7948197126	0	0	0.862722218	0.7493114471	0.5556971431	0
661	0.7932860851	0.7932860851	0	0	0.8671441078	0.7465931177	0.5727407336	0
662	0.8282734156	0.8282734156	0	0	0.8419649005	0.7173582315	0.5139151812	0
663	0.855984807	0.855984807	0	0	0.8778608441	0.7600498199	0.5821555257	0
664	0.8400868773	0.8400868773	0	0	0.8722720146	0.752276361	0.5741278529	0
665	0.8484104872	0.8484104872	0	0	0.868678391	0.7555903196	0.5731241107	0
666	0.8749840856	0.8749840856	0	0	0.8799611926	0.7789079547	0.6061602235	0
667	0.8622946739	0.8622946739	0	0	0.8903436065	0.7955853343	0.6256512403	0
668	0.860578537	0.860578537	0	0	0.8561850786	0.7456499934	0.5455792546	0
669	0.8439517021	0.8439517021	0	0	0.8448732495	0.7271336317	0.5265387297	0
670	0.8541089892	0.8541089892	0	0	0.8314492106	0.7110359669	0.5007129312	0
671	0.8569105268	0.8569105268	0	0	0.8607732058	0.7463583946	0.5512073636	0
672	0.8299349546	0.8299349546	0	0	0.8652222753	0.744515717	0.5598118901	0
673	0.854487896	0.854487896	0	0	0.8611733317	0.7505140305	0.5601385236	0
674	0.8548845649	0.8548845649	0	0	0.8736405969	0.7763668299	0.5930335522	0
675	0.8791268468	0.8791268468	0	0	0.8815534711	0.7839995027	0.6046944857	0
676	0.8918324709	0.8918324709	0	0	0.8493927717	0.7399546504	0.5358480811	0
677	0.8923518062	0.8923518062	0	0	0.8495294452	0.7342074513	0.5336686969	0
678	0.8831416368	0.8831416368	0	0	0.8214407563	0.7004803419	0.4880275726	0
679	0.8719602227	0.8719602227	0	0	0.8518912196	0.7356345654	0.534493506	0
680	0.8862358332	0.8862358332	0	0	0.8460265398	0.7274155617	0.5335698724	0
681	0.9105215669	0.9105215669	0	0	0.8657349944	0.7588003278	0.569468379	0
682	0.8951143622	0.8951143622	0	0	0.8707439899	0.7713877559	0.5851455927	0
683	0.8752285242	0.8752285242	0	0	0.8776845336	0.7783595324	0.5991163254	0
684	0.909732163	0.909732163	0	0	0.8547459841	0.7471360564	0.5479647517	0
685	0.9109302759	0.9109302759	0	0	0.8496376276	0.7335600257	0.5371891856	0
686	0.9032284617	0.9032284617	0	0	0.8516890407	0.7317594886	0.5360649824	0
687	0.9432678223	0.9432678223	0	0	0.8666823506	0.7507130504	0.56151402	0
688	0.9397143126	0.9397143126	0	0	0.8744710088	0.7589585185	0.582246542	0
689	0.9418126941	0.9418126941	0	0	0.8702936769	0.7600700259	0.5767374039	0
690	0.9912977815	0.9912977815	0	0	0.8745977283	0.7725043297	0.5892798305	0
691	1.036826968	1.036826968	0	0	0.8740565777	0.7741261721	0.5910106897	0
692	0.9909482598	0.9909482598	0	0	0.8449899554	0.7357770801	0.5304549336	0
693	0.9723483324	0.9723483324	0	0	0.8378392458	0.7236427069	0.5172635317	0
694	0.9749207497	0.9749207497	0	0	0.8384116888	0.7262900472	0.5174281597	0
695	0.9284800291	0.9284800291	0	0	0.8568427563	0.7451994419	0.5504933	0
696	0.9923573732	0.9923573732	0	0	0.8653560877	0.7512078285	0.5646689534	0
697	0.9976830482	0.9976830482	0	0	0.860519886	0.7499005198	0.5594184399	0
698	1.00090313	1.00090313	0	0	0.8747358918	0.7732464075	0.5886526704	0
699	1.039139032	1.039139032	0	0	0.8742410541	0.7694872618	0.585292697	0
700	1.002940416	1.002940416	0	0	0.8358168602	0.7208250761	0.5144122243	0
701	1.002584696	1.002584696	0	0	0.8304972649	0.7068493962	0.5022101998	0
702	1.036717415	1.036717415	0	0	0.8283176422	0.7082747817	0.500487268	0
703	0.9532612562	0.9532612562	0	0	0.8598409295	0.738748312	0.547688365	0
704	0.9939219356	0.9939219356	0	0	0.8602561951	0.7404838204	0.5529588461	0
705	1.022246361	1.022246361	0	0	0.8720659614	0.7629112005	0.5768278241	0
706	1.004113555	1.004113555	0	0	0.8800600767	0.7739685774	0.6030127406	0
707	1.075420141	1.075420141	0	0	0.8899142742	0.7879858613	0.6284463406	0
708	0.9545631409	0.9545631409	0	0	0.865721643	0.7489735484	0.5719305277	0
709	0.9913654327	0.9913654327	0	0	0.8554222584	0.7295379043	0.5526201725	0
710	1.073602438	1.073602438	0	0	0.8587785363	0.7224858403	0.551169157	0
711	1.297849059	1.297849059	0	0	0.8740469813	0.7392485738	0.5738748312	0
712	1.240303755	1.240303755	0	0	0.873444438	0.7404141426	0.576328218	0
713	1.033313632	1.033313632	0	0	0.8749224544	0.7474473119	0.5811600685	0
714	1.006776571	1.006776571	0	0	0.8879091144	0.7775414586	0.6173692942	0
715	0.9831201434	0.9831201434	0	0	0.8920322657	0.7858748436	0.627596736	0
716	1.049335241	1.049335241	0	0	0.8762283325	0.7570467591	0.5869776607	0
717	1.064799666	1.064799666	0	0	0.8736707568	0.7490590215	0.5791716576	0
718	0.9715605378	0.9715605378	0	0	0.8613154888	0.7338887453	0.5589034557	0
719	0.9262304902	0.9262304902	0	0	0.8733794093	0.7514098287	0.5769478679	0
720	0.9512053132	0.9512053132	0	0	0.8705978394	0.7469789982	0.572365284	0
721	0.9686081409	0.9686081409	0	0	0.8698246479	0.7501379848	0.5728247762	0
722	0.9701309204	0.9701309204	0	0	0.8859612346	0.7772595286	0.6095099449	0
723	0.9536392689	0.9536392689	0	0	0.8918028474	0.7847830653	0.6212316155	0
724	1.045780182	1.045780182	0	0	0.8776248693	0.7591608763	0.5863879323	0
725	1.073124528	1.073124528	0	0	0.8619891405	0.732914567	0.5573288202	0
726	0.9598204494	0.9598204494	0	0	0.861142993	0.7345396876	0.5575537682	0
727	0.9830173254	0.9830173254	0	0	0.8719569445	0.7441093922	0.5721837282	0
728	0.9912561774	0.9912561774	0	0	0.8747057319	0.7516433001	0.5770837069	0
729	0.9925070405	0.9925070405	0	0	0.8834065795	0.7702116966	0.6028538346	0
730	1.011119485	1.011119485	0	0	0.8869944215	0.7739200592	0.6184046865	0
731	0.9449079633	0.9449079633	0	0	0.8937444091	0.783870399	0.6316183805	0
732	0.9591876268	0.9591876268	0	0	0.8854817748	0.7661740184	0.6082793474	0
733	1.001292944	1.001292944	0	0	0.8758710027	0.7480370402	0.5879231691	0
734	0.9509868622	0.9509868622	0	0	0.8649893999	0.7387358546	0.5672799349	0
735	0.9419881105	0.9419881105	0	0	0.8818280101	0.7598685026	0.5964671373	0
736	0.949008584	0.949008584	0	0	0.8766790032	0.7521919012	0.5847398043	0
737	0.9508458376	0.9508458376	0	0	0.872897923	0.7558431029	0.5854589939	0
738	0.9953571558	0.9953571558	0	0	0.8874988556	0.7791430354	0.6220172048	0
739	0.952264905	0.952264905	0	0	0.8939401507	0.7870960236	0.6316128969	0
740	1.014505029	1.014505029	0	0	0.8898171782	0.7763331532	0.6151211858	0
741	0.942594707	0.942594707	0	0	0.8781471252	0.7588357329	0.5933644772	0
742	0.9525536299	0.9525536299	0	0	0.8726078272	0.7514681816	0.5873112082	0
743	0.9115474224	0.9115474224	0	0	0.8720386028	0.7500225902	0.5768172741	0
744	0.8970068097	0.8970068097	0	0	0.8776510358	0.7584372163	0.5890477896	0
745	0.8910647631	0.8910647631	0	0	0.8710112572	0.7571665049	0.5837224126	0
746	0.9023833275	0.9023833275	0	0	0.8881622553	0.7876084447	0.6259387136	0
747	0.8959479332	0.8959479332	0	0	0.8918261528	0.788038969	0.6260163188	0
748	0.8965462446	0.8965462446	0	0	0.8793712854	0.766351223	0.5919376612	0
749	0.9189394712	0.9189394712	0	0	0.8605418205	0.7377384901	0.5590712428	0
750	0.939896524	0.939896524	0	0	0.8511948586	0.7297537923	0.5498055816	0
751	0.8678165674	0.8678165674	0	0	0.8639792204	0.7430687547	0.566157937	0
752	0.8877335787	0.8877335787	0	0	0.871691227	0.7537943721	0.5790330768	0
753	0.8929221034	0.8929221034	0	0	0.870749414	0.7621638179	0.5872834325	0
754	0.9133260846	0.9133260846	0	0	0.8849412799	0.7811487913	0.6241294146	0
755	0.8437944055	0.8437944055	0	0	0.8867985606	0.77775383	0.6184198856	0
756	0.8151835203	0.8151835203	0	0	0.879311502	0.7599653602	0.594139576	0
757	0.782782793	0.782782793	0	0	0.8731043935	0.7482237816	0.5801104307	0
758	0.7941220403	0.7941220403	0	0	0.8686472774	0.7486583591	0.5778349638	0
759	0.7748878002	0.7748878002	0	0	0.8709821105	0.748914361	0.5767522454	0
760	0.7533062696	0.7533062696	0	0	0.8826365471	0.7646619678	0.6014195681	0
761	0.7669492364	0.7669492364	0	0	0.8727892041	0.7630206347	0.5898153186	0
762	0.8196126223	0.8196126223	0	0	0.8888875842	0.7867389917	0.6314721704	0
763	0.7955889106	0.7955889106	0	0	0.8895754814	0.7876873016	0.6272441149	0
764	0.7392891645	0.7392891645	0	0	0.8842288256	0.773070991	0.6069120765	0
765	0.7494835854	0.7494835854	0	0	0.8694376945	0.7497388124	0.5779769421	0
766	0.8154378533	0.8154378533	0	0	0.8678818941	0.7502549291	0.5798492432	0
767	0.7416676283	0.7416676283	0	0	0.8649070263	0.742639184	0.5653389096	0
768	0.7166869044	0.7166869044	0	0	0.872633636	0.7554391623	0.5814843178	0
769	0.7136791348	0.7136791348	0	0	0.8695365191	0.7605932951	0.5856273174	0
770	0.7366901636	0.7366901636	0	0	0.8859180212	0.7852654457	0.6243032217	0
771	0.7495232821	0.7495232821	0	0	0.882598877	0.7807667255	0.6123712063	0
772	0.6867432594	0.6867432594	0	0	0.8749195337	0.7598244548	0.5843410492	0
773	0.6933816075	0.6933816075	0	0	0.8564558625	0.7337627411	0.5522606969	0
774	0.7444827557	0.7444827557	0	0	0.8563607335	0.7372671366	0.5591588616	0
775	0.7044274211	0.7044274211	0	0	0.8587266803	0.7373482585	0.5590289235	0
776	0.7124325633	0.7124325633	0	0	0.8637142181	0.7490515709	0.5711568594	0
777	0.7157750726	0.7157750726	0	0	0.8663073182	0.7593331337	0.5837930441	0
778	0.7864920497	0.7864920497	0	0	0.882717669	0.7808911204	0.6230158806	0
779	0.7393659353	0.7393659353	0	0	0.8815867305	0.7783480883	0.6137347817	0
780	0.673851192	0.673851192	0	0	0.884086132	0.7658609748	0.6034825444	0
781	0.6359326839	0.6359326839	0	0	0.8671607971	0.7393237948	0.5669357777	0
782	0.6767547131	0.6767547131	0	0	0.8674755096	0.7461164594	0.5720407963	0
783	0.6489172578	0.6489172578	0	0	0.8737635016	0.7518700957	0.579905808	0
784	0.6398947835	0.6398947835	0	0	0.8779203296	0.7601116896	0.5940876007	0
785	0.6489824057	0.6489824057	0	0	0.8749509454	0.763261795	0.5945188403	0
786	0.6756592393	0.6756592393	0	0	0.892899394	0.7889506221	0.6392890811	0
787	0.6390558481	0.6390558481	0	0	0.8908656836	0.7859938741	0.6288624406	0
788	0.6458358765	0.6458358765	0	0	0.8861771822	0.771671176	0.6109277606	0
789	0.6073060036	0.6073060036	0	0	0.8690396547	0.7454892993	0.5760920048	0
790	0.6019728184	0.6019728184	0	0	0.8627617955	0.7396620512	0.5632032156	0
791	0.6469729543	0.6469729543	0	0	0.8662499785	0.7430449128	0.5671237111	0
792	0.6144494414	0.6144494414	0	0	0.8767502904	0.7578097582	0.5915898681	0
793	0.6346212029	0.6346212029	0	0	0.8724592924	0.7586997151	0.5859408975	0
794	0.628662765	0.628662765	0	0	0.8894824982	0.7805389166	0.6268740892	0
795	0.6312910914	0.6312910914	0	0	0.8852915764	0.7732287645	0.608684361	0
796	0.6587548852	0.6587548852	0	0	0.8788803816	0.7608906031	0.5918723941	0
797	0.6224736571	0.6224736571	0	0	0.8570825458	0.7300341725	0.5513768196	0
798	0.6409677863	0.6409677863	0	0	0.850323379	0.7256146669	0.5428974032	0
799	0.6688776612	0.6688776612	0	0	0.8598557711	0.7356554866	0.556956768	0
800	0.643849194	0.643849194	0	0	0.8679820299	0.7499251962	0.5745809674	0
801	0.6711832881	0.6711832881	0	0	0.8690971136	0.7590844035	0.5790281296	0
802	0.6984202266	0.6984202266	0	0	0.8844843507	0.7759050727	0.6201746464	0
803	0.723025918	0.723025918	0	0	0.8774407506	0.7659888268	0.5976422429	0
804	0.6269934177	0.6269934177	0	0	0.8834145069	0.7663251758	0.6032314897	0
805	0.524966538	0.524966538	0	0	0.8600279689	0.73030442	0.5507891178	0
806	0.5069956183	0.5069956183	0	0	0.8593249321	0.7335394025	0.5489214659	0
807	0.516838789	0.516838789	0	0	0.8596701622	0.7349770069	0.5535103083	0
808	0.58269912	0.58269912	0	0	0.8716490865	0.7531878352	0.583172977	0
809	0.5300332308	0.5300332308	0	0	0.8624817729	0.7464328408	0.567379117	0
810	0.5648954511	0.5648954511	0	0	0.8814421296	0.769200027	0.6118901968	0
811	0.5744980574	0.5744980574	0	0	0.8819782734	0.7709222436	0.6089919806	0
812	0.4933481812	0.4933481812	0	0	0.8768404126	0.7608853579	0.5925761461	0
813	0.4749855399	0.4749855399	0	0	0.850854218	0.7241019011	0.5403345227	0
814	0.4826962054	0.4826962054	0	0	0.8580452204	0.7339907885	0.5556092262	0
815	0.5140120387	0.5140120387	0	0	0.8656347394	0.7414697409	0.5656242371	0
816	0.5324223638	0.5324223638	0	0	0.8814333677	0.7629410028	0.601269424	0
817	0.494999826	0.494999826	0	0	0.8735589385	0.7569221258	0.5846552253	0
818	0.5360522866	0.5360522866	0	0	0.8830844164	0.7694266438	0.6109204292	0
819	0.5349134803	0.5349134803	0	0	0.8741695881	0.7598809004	0.5933226347	0
820	0.5276520848	0.5276520848	0	0	0.8607403636	0.7402550578	0.5575004816	0
821	0.4636455774	0.4636455774	0	0	0.8256583214	0.6960154772	0.5024366379	0
822	0.4515915513	0.4515915513	0	0	0.8420149684	0.7118427157	0.5222226381	0
823	0.5087655187	0.5087655187	0	0	0.8544367552	0.7279647589	0.5460039973	0
824	0.4970574975	0.4970574975	0	0	0.8686342835	0.7447844744	0.5729917288	0
825	0.5373204947	0.5373204947	0	0	0.8764689565	0.7631459236	0.5922395587	0
826	0.602927506	0.602927506	0	0	0.880268991	0.7627865076	0.6043561697	0
827	0.6441738605	0.6441738605	0	0	0.8814778328	0.7683294415	0.6094452143	0
828	0.5861323476	0.5861323476	0	0	0.8754773736	0.7579259276	0.5890868306	0
829	0.4306058288	0.4306058288	0	0	0.8406212926	0.7151489258	0.5197762251	0
830	0.4421613812	0.4421613812	0	0	0.8523914814	0.7302001715	0.5437773466	0
831	0.4963825345	0.4963825345	0	0	0.8641775846	0.7437689304	0.5677499771	0
832	0.5453922153	0.5453922153	0	0	0.8796238899	0.7591931224	0.595192194	0
833	0.4750804305	0.4750804305	0	0	0.8799024224	0.766600132	0.6011245847	0
834	0.5052508712	0.5052508712	0	0	0.8902152181	0.7798945904	0.6277059913	0
835	0.5298373699	0.5298373699	0	0	0.8881263733	0.7787182927	0.6214470267	0
836	0.4817067683	0.4817067683	0	0	0.8856164217	0.7724481225	0.6105046272	0
837	0.4149754047	0.4149754047	0	0	0.8544321656	0.7314761281	0.5470379591	0
838	0.4514347315	0.4514347315	0	0	0.8542532921	0.7325360775	0.549303472	0
839	0.4979927838	0.4979927838	0	0	0.8717377782	0.7498119473	0.5783132911	0
840	0.5147415996	0.5147415996	0	0	0.8817020655	0.7619416118	0.5982838273	0
841	0.5174864531	0.5174864531	0	0	0.8861370087	0.768592298	0.6060490012	0
842	0.5836555958	0.5836555958	0	0	0.8891453743	0.7730447054	0.6162699461	0
843	0.5588836074	0.5588836074	0	0	0.8875546455	0.7738195062	0.6117686033	0
844	0.5261301994	0.5261301994	0	0	0.8791236877	0.7612777352	0.5896008611	0
845	0.4706970453	0.4706970453	0	0	0.84179914	0.7120303512	0.5155382156	0
846	0.5191270709	0.5191270709	0	0	0.8481658101	0.7202701569	0.5310380459	0
847	0.5379132628	0.5379132628	0	0	0.8602730036	0.7354033589	0.5532445312	0
848	0.5548973083	0.5548973083	0	0	0.8711851835	0.7500121593	0.5765472054	0
849	0.5954577327	0.5954577327	0	0	0.8784115314	0.7622378469	0.5917816758	0
850	0.6348944902	0.6348944902	0	0	0.8799878359	0.7616655827	0.5943293571	0
851	0.6223169565	0.6223169565	0	0	0.8785299659	0.7635941505	0.5887877345	0
852	0.5771907568	0.5771907568	0	0	0.8740795851	0.7569918036	0.5757291317	0
853	0.505972445	0.505972445	0	0	0.8434327245	0.7157571912	0.5161392689	0
854	0.5528814793	0.5528814793	0	0	0.8558983803	0.7298147678	0.5383431315	0
855	0.6207607985	0.6207607985	0	0	0.8725693822	0.7520154715	0.5725749135	0
856	0.6991633177	0.6991633177	0	0	0.8839733601	0.7664664388	0.5996926427	0
857	0.689302206	0.689302206	0	0	0.8862639666	0.7718397975	0.609125793	0
858	0.6726653576	0.6726653576	0	0	0.8870119452	0.7762343287	0.6147702932	0
859	0.6856422424	0.6856422424	0	0	0.8849799037	0.769677937	0.6067789793	0
860	0.6333933473	0.6333933473	0	0	0.8778734803	0.7612709403	0.5843052864	0
861	0.5674230456	0.5674230456	0	0	0.8588471413	0.7332787514	0.543333292	0
862	0.6093345881	0.6093345881	0	0	0.8653380871	0.7435492873	0.5595994592	0
863	0.6588262916	0.6588262916	0	0	0.8718987703	0.7470836043	0.5678645968	0
864	0.6668798327	0.6668798327	0	0	0.8794224262	0.7561246157	0.5873522162	0
865	0.6595141292	0.6595141292	0	0	0.8871510625	0.772010982	0.6108351946	0
866	0.6710830331	0.6710830331	0	0	0.8881180286	0.7750042677	0.6128996611	0
867	0.670694232	0.670694232	0	0	0.8800987005	0.7641854286	0.5929554701	0
868	0.610255003	0.610255003	0	0	0.8693909645	0.7489651442	0.5636513829	0
869	0.5355221033	0.5355221033	0	0	0.8475171924	0.7195059657	0.522334218	0
870	0.6046347618	0.6046347618	0	0	0.8478034735	0.717124939	0.5228044987	0
871	0.5616565943	0.5616565943	0	0	0.8638293147	0.7372229695	0.5565336943	0
872	0.5739148259	0.5739148259	0	0	0.8667541742	0.7372050285	0.5621322393	0
873	0.6344608665	0.6344608665	0	0	0.8819930553	0.7664803863	0.5987569094	0
874	0.6106090546	0.6106090546	0	0	0.8841634393	0.772513628	0.6019812226	0
875	0.6587110162	0.6587110162	0	0	0.885653615	0.7752484679	0.6057334542	0
876	0.6454741359	0.6454741359	0	0	0.8733924031	0.7584220171	0.5731251836	0
877	0.6113662124	0.6113662124	0	0	0.8648884892	0.748497963	0.5586268306	0
878	0.6864376068	0.6864376068	0	0	0.8619130254	0.7384639978	0.5503254533	0
879	0.6786587834	0.6786587834	0	0	0.8771842122	0.757563293	0.5783776641	0
880	0.7285417318	0.7285417318	0	0	0.884305954	0.7642048597	0.59734267	0
881	0.6713724136	0.6713724136	0	0	0.8892412782	0.7771137953	0.614823997	0
882	0.6589998007	0.6589998007	0	0	0.8915222883	0.7839255333	0.6225540042	0
883	0.6544873714	0.6544873714	0	0	0.8907178044	0.7829749584	0.6198183298	0
884	0.6263232231	0.6263232231	0	0	0.8789008856	0.7670151591	0.5895897746	0
885	0.5741603374	0.5741603374	0	0	0.8672527075	0.7569397688	0.568357408	0
886	0.6392628551	0.6392628551	0	0	0.871815443	0.7566915751	0.5755773783	0
887	0.6408120394	0.6408120394	0	0	0.87582618	0.7565995455	0.5766008496	0
888	0.6656374931	0.6656374931	0	0	0.8796520233	0.7596091628	0.5866119266	0
889	0.6672595143	0.6672595143	0	0	0.8910012841	0.7811611891	0.6194425821	0
890	0.635725975	0.635725975	0	0	0.888745904	0.781357646	0.6149834991	0
891	0.6141781807	0.6141781807	0	0	0.8923247457	0.7865266204	0.6226978898	0
892	0.6164693236	0.6164693236	0	0	0.8783210516	0.7630867958	0.5841317177	0
893	0.5434967875	0.5434967875	0	0	0.8674708605	0.7500720024	0.5642027855	0
894	0.6240890622	0.6240890622	0	0	0.8606203198	0.7343118191	0.5485388041	0
895	0.5832419395	0.5832419395	0	0	0.8668276668	0.7432722449	0.5625337958	0
896	0.5944125056	0.5944125056	0	0	0.8723348975	0.7495957613	0.5760527253	0
897	0.5980427861	0.5980427861	0	0	0.8870130181	0.7757197022	0.6110267043	0
898	0.6013045311	0.6013045311	0	0	0.8897048235	0.7817030549	0.6127854586	0
899	0.5838027	0.5838027	0	0	0.8874855042	0.7795167565	0.6060458422	0
900	0.5823376775	0.5823376775	0	0	0.8776739836	0.7666220665	0.5795043707	0
901	0.550137639	0.550137639	0	0	0.8689068556	0.7586182356	0.566791296	0
902	0.6304209828	0.6304209828	0	0	0.8645393848	0.7453696132	0.5494604111	0
903	0.6302298307	0.6302298307	0	0	0.8779811859	0.7614789009	0.5772793889	0
904	0.6595807076	0.6595807076	0	0	0.8878735304	0.7754261494	0.6013282537	0
905	0.6229982972	0.6229982972	0	0	0.8942582011	0.7903906703	0.6255701184	0
906	0.5975672007	0.5975672007	0	0	0.8964446783	0.7983950377	0.6346583366	0
907	0.6006690264	0.6006690264	0	0	0.8890916109	0.7828499079	0.6115566492	0
908	0.5924165845	0.5924165845	0	0	0.8815450072	0.774813354	0.5924775004	0
909	0.5855924487	0.5855924487	0	0	0.8705934882	0.7634040117	0.5713942647	0
910	0.6088144183	0.6088144183	0	0	0.864403069	0.747838676	0.5547917485	0
911	0.6078504324	0.6078504324	0	0	0.8779225945	0.76744169	0.5823736787	0
912	0.6324568987	0.6324568987	0	0	0.8827959895	0.7709044218	0.5915657878	0
913	0.5990864635	0.5990864635	0	0	0.889347434	0.7829123139	0.61078614	0
914	0.5900582075	0.5900582075	0	0	0.8863161206	0.7789645195	0.6044297218	0
915	0.581880033	0.581880033	0	0	0.887919724	0.7795919776	0.6058863401	0
916	0.5565359592	0.5565359592	0	0	0.8764986992	0.7703284025	0.5802842379	0
917	0.5452596545	0.5452596545	0	0	0.8538225889	0.7425222397	0.5367094874	0
918	0.5686773658	0.5686773658	0	0	0.8467239141	0.7267239094	0.5232125521	0
919	0.569411695	0.569411695	0	0	0.8582051396	0.7375118732	0.5450556278	0
920	0.5592960119	0.5592960119	0	0	0.8586549163	0.7408755422	0.5454112887	0
921	0.6160292029	0.6160292029	0	0	0.8796582818	0.7730258107	0.5852225423	0
922	0.6307994127	0.6307994127	0	0	0.8868417144	0.787209928	0.6115338802	0
923	0.6460488439	0.6460488439	0	0	0.8873170018	0.777759254	0.6042485237	0
924	0.6304860115	0.6304860115	0	0	0.8858344555	0.7818430662	0.6053612828	0
925	0.6981028318	0.6981028318	0	0	0.8561368585	0.7351032495	0.5579441786	0
926	0.7074789405	0.7074789405	0	0	0.8542606831	0.7320649028	0.5430807471	0
927	0.7393579483	0.7393579483	0	0	0.8740269542	0.757060051	0.5753035545	0
928	0.7718578577	0.7718578577	0	0	0.8784444928	0.7614660859	0.5821264982	0
929	0.6860014796	0.6860014796	0	0	0.8796379566	0.7720763683	0.5902174711	0
930	0.6802515984	0.6802515984	0	0	0.8823061585	0.7858961821	0.6058598757	0
931	0.7087362409	0.7087362409	0	0	0.8860608935	0.7883411646	0.6110352874	0
932	0.7014837861	0.7014837861	0	0	0.8693140149	0.7692662477	0.5736039281	0
933	0.6836167574	0.6836167574	0	0	0.8445500731	0.7381469607	0.5298513174	0
934	0.6558693647	0.6558693647	0	0	0.851569593	0.7438234091	0.5375094414	0
935	0.6418177485	0.6418177485	0	0	0.86445117	0.7537898421	0.5514711738	0
936	0.6100043058	0.6100043058	0	0	0.8722039461	0.7658805847	0.5674975514	0
937	0.5674254298	0.5674254298	0	0	0.8666931391	0.7626663446	0.5689945221	0
938	0.5953992009	0.5953992009	0	0	0.8751772642	0.785307467	0.6004578471	0
939	0.6251992583	0.6251992583	0	0	0.8761587739	0.7812999487	0.5944095254	0
940	0.6988181472	0.6988181472	0	0	0.8576726317	0.7649513483	0.559530437	0
941	0.6383538246	0.6383538246	0	0	0.8437749743	0.7457960248	0.5367719531	0
942	0.5608480573	0.5608480573	0	0	0.8348206878	0.7290222049	0.5114176869	0
943	0.5811160803	0.5811160803	0	0	0.8522717357	0.7464743257	0.5316952467	0
944	0.5510413051	0.5510413051	0	0	0.8680384755	0.7671200633	0.5618303418	0
945	0.5145372748	0.5145372748	0	0	0.8699649572	0.7706082463	0.5726229548	0
946	0.5682733655	0.5682733655	0	0	0.8739672899	0.7855854034	0.5953747034	0
947	0.719116509	0.719116509	0	0	0.8827698231	0.7930415869	0.6107783318	0
948	0.7557410598	0.7557410598	0	0	0.8670338988	0.780995965	0.5818539262	0
949	0.6723953485	0.6723953485	0	0	0.8636872172	0.7689542174	0.567992866	0
950	0.6498827338	0.6498827338	0	0	0.8510704041	0.7494931221	0.5379850864	0
951	0.5960636139	0.5960636139	0	0	0.8650999665	0.7666264772	0.5603017807	0
952	0.6248706579	0.6248706579	0	0	0.8772093654	0.7844613194	0.5852290392	0
953	0.6173788905	0.6173788905	0	0	0.878677547	0.788449347	0.5940756798	0
954	0.6809366941	0.6809366941	0	0	0.8862841725	0.802254796	0.6204614639	0
955	0.6215264797	0.6215264797	0	0	0.8832894564	0.7903932929	0.6067076921	0
956	0.716473341	0.716473341	0	0	0.8640581965	0.7742072344	0.5702108145	0
957	0.7323094606	0.7323094606	0	0	0.862075448	0.7686413527	0.5675231814	0
958	0.6839146018	0.6839146018	0	0	0.869705379	0.7799266577	0.5829063654	0
959	0.6120429039	0.6120429039	0	0	0.8644358516	0.7688593864	0.5593264699	0
960	0.6210618019	0.6210618019	0	0	0.8817247748	0.7922819853	0.5967882872	0
961	0.6034458876	0.6034458876	0	0	0.8867851496	0.7976046205	0.6111957431	0
962	0.6101872921	0.6101872921	0	0	0.8890280128	0.801192224	0.6210584641	0
963	0.6586233974	0.6586233974	0	0	0.8838263154	0.7908900976	0.6084627509	0
964	0.7391405106	0.7391405106	0	0	0.8700351715	0.7811114192	0.5840715766	0
965	0.6763256788	0.6763256788	0	0	0.8541001678	0.7551329732	0.547439456	0
966	0.6543075442	0.6543075442	0	0	0.864397049	0.7718999982	0.5665975213	0
967	0.5974960327	0.5974960327	0	0	0.8706261516	0.7720705867	0.5701178908	0
968	0.6005039215	0.6005039215	0	0	0.8798074126	0.7841345668	0.5892161131	0
969	0.5896089673	0.5896089673	0	0	0.8899673223	0.8008679152	0.6160226464	0
970	0.5983525515	0.5983525515	0	0	0.8926510811	0.8053673506	0.6287847757	0
971	0.6081411839	0.6081411839	0	0	0.8878821135	0.7947500944	0.6169551015	0
972	0.558300674	0.558300674	0	0	0.8731802106	0.7777191401	0.5961586237	0
973	0.5745289922	0.5745289922	0	0	0.8577173352	0.7479344606	0.5623916388	0
974	0.5501329899	0.5501329899	0	0	0.8696783185	0.7729046345	0.5774663091	0
975	0.5098992586	0.5098992586	0	0	0.8667004704	0.7658578753	0.5635246634	0
976	0.5513822436	0.5513822436	0	0	0.8819361925	0.7832927704	0.5956931114	0
977	0.4857873917	0.4857873917	0	0	0.8837186098	0.7815685272	0.6050089598	0
978	0.5219932199	0.5219932199	0	0	0.8921152949	0.8054292798	0.6332668066	0
979	0.5137417316	0.5137417316	0	0	0.8889212608	0.7970326543	0.6215558648	0
980	0.6911404133	0.6911404133	0	0	0.8801655769	0.7951052785	0.6137166619	0
981	0.5943723321	0.5943723321	0	0	0.8601199389	0.7602938414	0.5609952211	0
982	0.5740160346	0.5740160346	0	0	0.8788429499	0.7898833752	0.6017271876	0
983	0.5413013101	0.5413013101	0	0	0.8709576726	0.7734938264	0.5727040768	0
984	0.4788250327	0.4788250327	0	0	0.8868810534	0.7911212444	0.6041666865	0
985	0.4626252651	0.4626252651	0	0	0.8938933611	0.7981709242	0.6246264577	0
986	0.5047417879	0.5047417879	0	0	0.8945683241	0.8068276644	0.6340453029	0
987	0.519159019	0.519159019	0	0	0.8936039209	0.8045865297	0.6323276162	0
988	0.630046308	0.630046308	0	0	0.8774273992	0.7903267741	0.6016200185	0
989	0.553969264	0.553969264	0	0	0.8612512946	0.7638770342	0.5689296126	0
990	0.5376602411	0.5376602411	0	0	0.8648715019	0.7735309601	0.5711941719	0
991	0.5781245232	0.5781245232	0	0	0.8698757887	0.7761585712	0.579131186	0
992	0.4973420203	0.4973420203	0	0	0.8749843836	0.7798134089	0.5862384439	0
993	0.4907572269	0.4907572269	0	0	0.8816257715	0.7882185578	0.6021040082	0
994	0.515457809	0.515457809	0	0	0.8884121776	0.8020262122	0.6240620017	0
995	0.584379077	0.584379077	0	0	0.9007796049	0.8164665699	0.6559633017	0
996	0.7164959908	0.7164959908	0	0	0.8831782341	0.7966965437	0.6167022586	0
997	0.6146664619	0.6146664619	0	0	0.8675866723	0.7667424083	0.5755465627	0
998	0.6599943042	0.6599943042	0	0	0.8720947504	0.7739068866	0.5846474767	0
999	0.6509729028	0.6509729028	0	0	0.8797669411	0.7778456807	0.5919877291	0
1000	0.6713722944	0.6713722944	0	0	0.8825768232	0.7821125984	0.5994700193	0
1001	0.6361522675	0.6361522675	0	0	0.8840784431	0.7885430455	0.6099402308	0
1002	0.6568547487	0.6568547487	0	0	0.8925203681	0.8038777709	0.6329939961	0
1003	0.6439889669	0.6439889669	0	0	0.898979187	0.813039422	0.6483492255	0
1004	0.7527278662	0.7527278662	0	0	0.8819785118	0.7948898077	0.6164153218	0
1005	0.6819050312	0.6819050312	0	0	0.8613293171	0.761251688	0.5630372167	0
1006	0.671628058	0.671628058	0	0	0.8832189441	0.7930688262	0.6105899811	0
1007	0.6040078998	0.6040078998	0	0	0.8885768056	0.7900953889	0.6123427749	0
1008	0.5913283825	0.5913283825	0	0	0.8901631236	0.7913107276	0.6102517247	0
1009	0.63069278	0.63069278	0	0	0.8924334645	0.797943294	0.6207026243	0
1010	0.6187804937	0.6187804937	0	0	0.8990284801	0.8110792041	0.6432706118	0
1011	0.6358048916	0.6358048916	0	0	0.9042399526	0.8173254132	0.6560723186	0
1012	0.7030005455	0.7030005455	0	0	0.8833380342	0.7896300554	0.6059385538	0
1013	0.7028294802	0.7028294802	0	0	0.8523250818	0.745269537	0.5390622616	0
1014	0.6815665364	0.6815665364	0	0	0.8591654897	0.7604076266	0.5532531738	0
1015	0.6793937087	0.6793937087	0	0	0.8769803047	0.7787911296	0.5870795846	0
1016	0.6537891626	0.6537891626	0	0	0.8747078776	0.7717220783	0.5764889121	0
1017	0.6555678844	0.6555678844	0	0	0.8867254853	0.7916141748	0.607567668	0
1018	0.6439156532	0.6439156532	0	0	0.8973886371	0.8075162768	0.6433891058	0
1019	0.6495684385	0.6495684385	0	0	0.8973311186	0.802837193	0.6418273449	0
1020	0.6915567517	0.6915567517	0	0	0.885866642	0.7852954865	0.6153094172	0
1021	0.6740540266	0.6740540266	0	0	0.8672052026	0.7534542084	0.5712285638	0
1022	0.7194281816	0.7194281816	0	0	0.880363822	0.7755900621	0.5987431407	0
1023	0.765389204	0.765389204	0	0	0.884547472	0.776478529	0.6059468389	0
1024	0.811162293	0.811162293	0	0	0.8907393217	0.7822874188	0.6174010038	0
1025	0.7258688807	0.7258688807	0	0	0.8959001899	0.7908203602	0.6301495433	0
1026	0.6695168614	0.6695168614	0	0	0.9052746296	0.8124381304	0.6617678404	0
1027	0.6764538288	0.6764538288	0	0	0.9023393989	0.8085018396	0.6512300372	0
1028	0.687089026	0.687089026	0	0	0.8944966197	0.7982133031	0.6316891909	0
1029	0.6857280731	0.6857280731	0	0	0.8795509338	0.771425128	0.5916606784	0
1030	0.655408144	0.655408144	0	0	0.8825761676	0.7801516652	0.6030808687	0
1031	0.6834814548	0.6834814548	0	0	0.8831629753	0.7755659819	0.600995481	0
1032	0.6849144697	0.6849144697	0	0	0.8930372596	0.7887684107	0.6203151941	0
1033	0.7049477696	0.7049477696	0	0	0.8942685723	0.789221108	0.6245483756	0
1034	0.652305305	0.652305305	0	0	0.9042038918	0.8102205396	0.6541085839	0
1035	0.6662526727	0.6662526727	0	0	0.8951161504	0.7944008112	0.6282787323	0
1036	0.6997286677	0.6997286677	0	0	0.8773570061	0.7713273168	0.5958452225	0
1037	0.7052961588	0.7052961588	0	0	0.8683889508	0.7544548512	0.5690652132	0
1038	0.6451917887	0.6451917887	0	0	0.8630238771	0.7482671142	0.5655456781	0
1039	0.6743142009	0.6743142009	0	0	0.8807248473	0.7688187361	0.598177433	0
1040	0.658121109	0.658121109	0	0	0.8851506114	0.7733953595	0.6044642329	0
1041	0.6690812707	0.6690812707	0	0	0.8910703063	0.7853509784	0.6170786619	0
1042	0.6821334958	0.6821334958	0	0	0.8993000984	0.7992437482	0.6463397145	0
1043	0.7103193998	0.7103193998	0	0	0.8914094567	0.7827439904	0.6262586117	0
1044	0.7286979556	0.7286979556	0	0	0.8856033087	0.7765818238	0.6088981032	0
1045	0.7702524066	0.7702524066	0	0	0.8784743547	0.7609782219	0.5886958241	0
1046	0.7512297034	0.7512297034	0	0	0.873053968	0.7562464476	0.582180202	0
1047	0.8300368786	0.8300368786	0	0	0.8897410035	0.7742770314	0.6169434786	0
1048	0.8645758629	0.8645758629	0	0	0.8867620826	0.7657613158	0.6038522124	0
1049	0.7881731987	0.7881731987	0	0	0.8914746046	0.780567348	0.6196140051	0
1050	0.7455584407	0.7455584407	0	0	0.8921730518	0.7853519917	0.6242171526	0
1051	0.7401245832	0.7401245832	0	0	0.8882281184	0.7814756036	0.6140913963	0
1052	0.7517572045	0.7517572045	0	0	0.8774320483	0.7648440599	0.5907754898	0
1053	0.7640088201	0.7640088201	0	0	0.8706883788	0.7496128678	0.5754094124	0
1054	0.724496007	0.724496007	0	0	0.8605788946	0.7404153347	0.5573142767	0
1055	0.737424016	0.737424016	0	0	0.8731014729	0.7535920143	0.5804441571	0
1056	0.7275704145	0.7275704145	0	0	0.8859527111	0.7715643644	0.6068948507	0
1057	0.7586252093	0.7586252093	0	0	0.8812583685	0.763694942	0.5929920673	0
1058	0.7402569056	0.7402569056	0	0	0.8949073553	0.7920870185	0.6316437721	0
1059	0.7803834081	0.7803834081	0	0	0.8913470507	0.7842734456	0.6197761893	0
1060	0.8125405908	0.8125405908	0	0	0.8757531047	0.7651529908	0.5854752064	0
1061	0.9058578014	0.9058578014	0	0	0.8600765467	0.7369944453	0.5480611324	0
1062	0.786057353	0.786057353	0	0	0.8612530231	0.7424430847	0.5589562654	0
1063	0.8559840918	0.8559840918	0	0	0.8698636293	0.7466830015	0.5717263222	0
1064	0.8437193036	0.8437193036	0	0	0.8769788146	0.7596325874	0.5876871347	0
1065	0.8541743159	0.8541743159	0	0	0.8774588704	0.7625523806	0.5824694037	0
1066	0.839173615	0.839173615	0	0	0.8885000348	0.7831301689	0.61455971	0
1067	0.8913586736	0.8913586736	0	0	0.8877743483	0.7807952166	0.6075331569	0
1068	0.9336951375	0.9336951375	0	0	0.8726153374	0.7623419762	0.5733994842	0
1069	1.013606429	1.013606429	0	0	0.8784549236	0.7705487013	0.5874239206	0
1070	0.9617382884	0.9617382884	0	0	0.8680636287	0.7565481663	0.5703690052	0
1071	1.050968885	1.050968885	0	0	0.8827272058	0.7696242332	0.5947018266	0
1072	1.070957661	1.070957661	0	0	0.8921333551	0.7835977674	0.6190581918	0
1073	1.008215189	1.008215189	0	0	0.889000237	0.78229177	0.6126004457	0
1074	0.9694855213	0.9694855213	0	0	0.8970472217	0.8002046943	0.6417831779	0
1075	1.002195954	1.002195954	0	0	0.8929129839	0.7928887606	0.626542151	0
1076	1.048603654	1.048603654	0	0	0.8805458546	0.7754202485	0.5942677259	0
1077	1.063706875	1.063706875	0	0	0.8801687956	0.7751126289	0.5942026973	0
1078	0.9774789214	0.9774789214	0	0	0.8767923713	0.7738415599	0.594250977	0
1079	1.020959973	1.020959973	0	0	0.880913496	0.7691056132	0.5942496061	0
1080	0.9679182172	0.9679182172	0	0	0.8911898732	0.7835299373	0.6165086031	0
1081	0.9934987426	0.9934987426	0	0	0.8885472417	0.7830221057	0.6094135046	0
1082	0.9657660127	0.9657660127	0	0	0.8953044415	0.7984030843	0.6339620352	0
1083	1.011403799	1.011403799	0	0	0.8937421441	0.7912713289	0.6248176694	0
1084	1.047093034	1.047093034	0	0	0.8777362108	0.7691055536	0.5852585435	0
1085	1.131153941	1.131153941	0	0	0.8730303645	0.7618784308	0.5745461583	0
1086	1.049176693	1.049176693	0	0	0.8610855937	0.7452578545	0.5563857555	0
1087	1.064804792	1.064804792	0	0	0.8785712123	0.7628187537	0.5863934159	0
1088	0.9983281493	0.9983281493	0	0	0.8843899965	0.7730931044	0.6041547656	0
1089	1.000136733	1.000136733	0	0	0.8902778625	0.7853331566	0.6132519841	0
1090	1.014111638	1.014111638	0	0	0.8893663287	0.779761374	0.6213917136	0
1091	1.01983273	1.01983273	0	0	0.8852013946	0.7708301544	0.6117526293	0
1092	0.9929507375	0.9929507375	0	0	0.8829477429	0.7685912251	0.6069409251	0
1093	1.07956183	1.07956183	0	0	0.878018856	0.7568347454	0.5880317092	0
1094	1.00154531	1.00154531	0	0	0.8763179779	0.7555261254	0.5846266747	0
1095	1.008595109	1.008595109	0	0	0.8760256171	0.7587151527	0.58596313	0
1096	0.9860583544	0.9860583544	0	0	0.8886414766	0.776260376	0.6164396405	0
1097	0.9329488873	0.9329488873	0	0	0.8785848022	0.7694566846	0.5919407606	0
1098	0.9821394682	0.9821394682	0	0	0.8980281353	0.7943550944	0.6420237422	0
1099	1.003448963	1.003448963	0	0	0.8882212043	0.7799189687	0.6208341122	0
1100	1.041633844	1.041633844	0	0	0.8834060431	0.7764158845	0.6049413085	0
1101	1.028098702	1.028098702	0	0	0.8744443059	0.7632386088	0.5828565955	0
1102	0.9712215662	0.9712215662	0	0	0.8771200776	0.7648597956	0.597160697	0
1103	1.032322049	1.032322049	0	0	0.8787469268	0.7603343129	0.5899268389	0
1104	0.9841619134	0.9841619134	0	0	0.8944041729	0.7871845961	0.6312462091	0
1105	0.9371289611	0.9371289611	0	0	0.880931735	0.7751298547	0.6007672548	0
1106	0.9422385693	0.9422385693	0	0	0.8847904205	0.784008503	0.6170011163	0
1107	0.9604021907	0.9604021907	0	0	0.877258122	0.7716622353	0.5977249146	0
1108	0.9782524109	0.9782524109	0	0	0.8609359264	0.7523901463	0.557985425	0
1109	1.000603199	1.000603199	0	0	0.8454802632	0.7306721807	0.5290727019	0
1110	0.967184186	0.967184186	0	0	0.8538657427	0.7390648723	0.5450088382	0
1111	1.017880917	1.017880917	0	0	0.8583365083	0.7374305725	0.5489848256	0
1112	0.9658915997	0.9658915997	0	0	0.8741987348	0.7651029229	0.5901764631	0
1113	0.9363420606	0.9363420606	0	0	0.8818724751	0.7758479118	0.5968374014	0
1114	0.9698966146	0.9698966146	0	0	0.8912802339	0.788389504	0.6279855967	0
1115	0.9957741499	0.9957741499	0	0	0.8814668059	0.7735162377	0.6090291739	0
1116	0.9528468251	0.9528468251	0	0	0.865162909	0.7516490221	0.5720630884	0
1117	0.9341253638	0.9341253638	0	0	0.8700740337	0.7544976473	0.5745541453	0
1118	0.8887667656	0.8887667656	0	0	0.852081418	0.7318763137	0.542670548	0
1119	0.9006051421	0.9006051421	0	0	0.8623245955	0.7405562997	0.5574477911	0
1120	0.9438587427	0.9438587427	0	0	0.8847115636	0.7700787783	0.6079024673	0
1121	0.8367186189	0.8367186189	0	0	0.8793558478	0.7683213353	0.5935996771	0
1122	0.8583986163	0.8583986163	0	0	0.8868921399	0.7801993489	0.6186298132	0
1123	0.845454514	0.845454514	0	0	0.8875754476	0.7858141661	0.621694088	0
1124	0.8396860957	0.8396860957	0	0	0.8694175482	0.7662462592	0.5807976127	0
1125	0.8236416578	0.8236416578	0	0	0.8656021357	0.7579143643	0.5688000917	0
1126	0.8329909444	0.8329909444	0	0	0.8690294623	0.7638961077	0.5803372264	0
1127	0.8971908092	0.8971908092	0	0	0.8704974055	0.7544873953	0.5740342736	0
1128	0.887131393	0.887131393	0	0	0.8891956806	0.7825417519	0.6176567674	0
1129	0.8280270696	0.8280270696	0	0	0.8863084912	0.7804277539	0.6078807116	0
1130	0.8305776715	0.8305776715	0	0	0.8926885724	0.7916632891	0.6310848594	0
1131	0.8602246046	0.8602246046	0	0	0.888014555	0.7846207619	0.6180454493	0
1132	0.8670402765	0.8670402765	0	0	0.8684693575	0.759716332	0.5704392195	0
1133	0.8347376585	0.8347376585	0	0	0.8491117358	0.7313552499	0.534135282	0
1134	0.8322733641	0.8322733641	0	0	0.8484091163	0.7320774794	0.5347831249	0
1135	0.9023680687	0.9023680687	0	0	0.8552178144	0.7321655154	0.5416530967	0
1136	0.8933138251	0.8933138251	0	0	0.8834837079	0.7726969123	0.6050984263	0
1137	0.8748383522	0.8748383522	0	0	0.8828676939	0.7744597197	0.5993193388	0
1138	0.9439197779	0.9439197779	0	0	0.8869228363	0.7807822227	0.6184619069	0
1139	0.9550303221	0.9550303221	0	0	0.8852292895	0.7797917724	0.6156405807	0
1140	0.9363042116	0.9363042116	0	0	0.8690859675	0.7598437071	0.5789874196	0
1141	0.8999996185	0.8999996185	0	0	0.8601890802	0.7396608591	0.5593742132	0
1142	0.8937267065	0.8937267065	0	0	0.8603230715	0.7434252501	0.5578408241	0
1143	0.9171055555	0.9171055555	0	0	0.8622444868	0.7402004004	0.552306056	0
1144	0.9816567302	0.9816567302	0	0	0.8831776977	0.7672662139	0.6050469279	0
1145	0.8580253124	0.8580253124	0	0	0.8838656545	0.7735223174	0.6069819331	0
1146	0.8362317681	0.8362317681	0	0	0.8863898516	0.7804318666	0.6180925965	0
1147	0.844835639	0.844835639	0	0	0.895650506	0.7937040925	0.6393339634	0
1148	0.8503488898	0.8503488898	0	0	0.8715615869	0.7629610896	0.5795909166	0
1149	0.7948147058	0.7948147058	0	0	0.8547201753	0.7369534969	0.5434467196	0
1150	0.8398472071	0.8398472071	0	0	0.864954114	0.7538698316	0.5713635087	0
1151	0.8865516186	0.8865516186	0	0	0.858713448	0.7370597124	0.5464257002	0
1152	0.8867272735	0.8867272735	0	0	0.8770689368	0.759711206	0.586078763	0
1153	0.7774012685	0.7774012685	0	0	0.8786810637	0.7741404176	0.5947798491	0
1154	0.7529422641	0.7529422641	0	0	0.8849425316	0.7854109406	0.6132417321	0
1155	0.7519207597	0.7519207597	0	0	0.8803504705	0.7804142833	0.6053185463	0
1156	0.7300524116	0.7300524116	0	0	0.8589552045	0.7533518672	0.5558188558	0
1157	0.6894518733	0.6894518733	0	0	0.8270412683	0.7081950307	0.497205019	0
1158	0.6939448118	0.6939448118	0	0	0.8295758367	0.7138515711	0.5046117902	0
1159	0.7065463662	0.7065463662	0	0	0.8412394524	0.7206190825	0.5159876943	0
1160	0.7108362913	0.7108362913	0	0	0.8679782152	0.7556042671	0.5719612241	0
1161	0.730484128	0.730484128	0	0	0.8852858543	0.7837827802	0.6104707122	0
1162	0.7615195513	0.7615195513	0	0	0.8863355517	0.7805415392	0.6154534221	0
1163	0.7919694185	0.7919694185	0	0	0.8776753545	0.771198988	0.602416575	0
1164	0.7767919898	0.7767919898	0	0	0.8705460429	0.7583904862	0.5772272944	0
1165	0.6857666969	0.6857666969	0	0	0.8447461128	0.7177867293	0.5238743424	0
1166	0.6916908026	0.6916908026	0	0	0.8510668874	0.7285052538	0.5350255966	0
1167	0.7858378291	0.7858378291	0	0	0.8658655882	0.7435349822	0.563433826	0
1168	0.7876703143	0.7876703143	0	0	0.8797802925	0.7595004439	0.5922566652	0
1169	0.6955693364	0.6955693364	0	0	0.8849003315	0.770921886	0.6040034294	0
1170	0.7073513269	0.7073513269	0	0	0.8925915956	0.7843788862	0.6305514574	0
1171	0.6827064753	0.6827064753	0	0	0.8876460791	0.7799836397	0.6176646948	0
1172	0.6815018654	0.6815018654	0	0	0.8681873083	0.7525174022	0.5706360936	0
1173	0.5706627965	0.5706627965	0	0	0.8495176435	0.7257382274	0.5333588719	0
1174	0.628177464	0.628177464	0	0	0.8610399365	0.7420096993	0.5575695634	0
1175	0.6694856286	0.6694856286	0	0	0.8670908809	0.7418441772	0.5650542378	0
1176	0.7078402638	0.7078402638	0	0	0.8792225122	0.7558364868	0.5896312594	0
1177	0.6511797309	0.6511797309	0	0	0.8890528083	0.7786221504	0.6127013564	0
1178	0.6488449574	0.6488449574	0	0	0.8994776607	0.7970059514	0.6470854282	0
1179	0.6172943115	0.6172943115	0	0	0.8875359893	0.7782322764	0.6153623462	0
1180	0.5722122788	0.5722122788	0	0	0.856544137	0.7345634699	0.5454699397	0
1181	0.50381881	0.50381881	0	0	0.8344464302	0.7073615789	0.5094077587	0
1182	0.5213205218	0.5213205218	0	0	0.842731297	0.7179062963	0.5239634514	0
1183	0.5419455767	0.5419455767	0	0	0.8510093689	0.7232747674	0.5338925719	0
1184	0.5249415636	0.5249415636	0	0	0.8645160198	0.741992116	0.5636793971	0
1185	0.5361825824	0.5361825824	0	0	0.8812340498	0.7676010132	0.5947717428	0
1186	0.5995854139	0.5995854139	0	0	0.8996977806	0.7965635657	0.6470915675	0
1187	0.6196495891	0.6196495891	0	0	0.8954138756	0.789681673	0.6350571513	0
1188	0.5720854402	0.5720854402	0	0	0.8773493171	0.7638646364	0.5894174576	0
1189	0.5373318791	0.5373318791	0	0	0.8597578406	0.7344877124	0.5512574315	0
1190	0.5361323357	0.5361323357	0	0	0.858994782	0.7355756164	0.5500575304	0
1191	0.5286997557	0.5286997557	0	0	0.8643202186	0.7423628569	0.5564131141	0
1192	0.6320084333	0.6320084333	0	0	0.883969605	0.7651173472	0.6002458334	0
1193	0.5354685783	0.5354685783	0	0	0.8845341206	0.7707855701	0.5977548957	0
1194	0.4713354111	0.4713354111	0	0	0.9026890993	0.8033857942	0.6512514353	0
1195	0.4937554896	0.4937554896	0	0	0.8977855444	0.7943300605	0.6386588812	0
1196	0.456661582	0.456661582	0	0	0.8751116395	0.7610131502	0.5838557482	0
1197	0.4334828556	0.4334828556	0	0	0.8619385958	0.7407685518	0.5544098616	0
1198	0.4653604627	0.4653604627	0	0	0.8651326299	0.7452132702	0.5626525283	0
1199	0.5245962739	0.5245962739	0	0	0.8684275746	0.7455686927	0.5652423501	0
1200	0.5212523937	0.5212523937	0	0	0.8869167566	0.7717553973	0.6079673171	0
1201	0.5137771964	0.5137771964	0	0	0.8925871253	0.7830732465	0.6191083193	0
1202	0.5100743771	0.5100743771	0	0	0.9042798877	0.80300951	0.6559503078	0
1203	0.5184723139	0.5184723139	0	0	0.8941785097	0.7857197523	0.6281268001	0
1204	0.4565109909	0.4565109909	0	0	0.8640686274	0.7438172698	0.5617077947	0
1205	0.3953604102	0.3953604102	0	0	0.8491749763	0.7274920344	0.5393494964	0
1206	0.3829833567	0.3829833567	0	0	0.8480465412	0.7281464338	0.5405916572	0
1207	0.4411564469	0.4411564469	0	0	0.8541976213	0.7288501859	0.5414923429	0
1208	0.4318321645	0.4318321645	0	0	0.8724482656	0.7522600889	0.5808771253	0
1209	0.4459280372	0.4459280372	0	0	0.8875231147	0.7787007093	0.6104202867	0
1210	0.4745737612	0.4745737612	0	0	0.8937929869	0.7895076275	0.627477169	0
1211	0.4546171427	0.4546171427	0	0	0.8916500807	0.7866290212	0.6202085018	0
1212	0.4663331211	0.4663331211	0	0	0.8668113947	0.7529484034	0.5620939732	0
1213	0.538234055	0.538234055	0	0	0.8617801666	0.7470851541	0.5546777248	0
1214	0.6067383289	0.6067383289	0	0	0.8547321558	0.736377418	0.5397826433	0
1215	0.6525352597	0.6525352597	0	0	0.8666031361	0.7488443851	0.5566500425	0
1216	0.6992404461	0.6992404461	0	0	0.8883790374	0.7776486278	0.6056193113	0
1217	0.6663595438	0.6663595438	0	0	0.8947371244	0.7884691358	0.6203758717	0
1218	0.6229820251	0.6229820251	0	0	0.9044104218	0.8057293892	0.6511713862	0
1219	0.5860162377	0.5860162377	0	0	0.902631104	0.8060070276	0.6475073695	0
1220	0.5833613873	0.5833613873	0	0	0.880402863	0.7743630409	0.5898131132	0
1221	0.6009494066	0.6009494066	0	0	0.8715943098	0.7633610964	0.5728099346	0
1222	0.6150883436	0.6150883436	0	0	0.8707431555	0.7587943077	0.5695828199	0
1223	0.6587820649	0.6587820649	0	0	0.8783854246	0.7644138336	0.5838366151	0
1224	0.6181465983	0.6181465983	0	0	0.8943370581	0.7893040776	0.6226891875	0
1225	0.5988968611	0.5988968611	0	0	0.8950660229	0.7921678424	0.623100996	0
1226	0.5530765057	0.5530765057	0	0	0.9038734436	0.8105583191	0.6525624394	0
1227	0.5889620781	0.5889620781	0	0	0.898434341	0.8014957905	0.6361280084	0
1228	0.5726812482	0.5726812482	0	0	0.8700625896	0.7599222064	0.5638877749	0
1229	0.584009409	0.584009409	0	0	0.8576045036	0.7434758544	0.5409764051	0
1230	0.6200087667	0.6200087667	0	0	0.8505682349	0.7315691113	0.5294231176	0
1231	0.6110088825	0.6110088825	0	0	0.8604025841	0.7441496849	0.5459285378	0
1232	0.5395962596	0.5395962596	0	0	0.8708642125	0.7588029504	0.5740042925	0
1233	0.5473086834	0.5473086834	0	0	0.8889813423	0.7863337994	0.6077082157	0
1234	0.5420559645	0.5420559645	0	0	0.8977671266	0.8000834584	0.6308104396	0
1235	0.5853791237	0.5853791237	0	0	0.8963019252	0.7992445827	0.6274733543	0
1236	0.6133767962	0.6133767962	0	0	0.872276783	0.764125526	0.5677955747	0
1237	0.6903964281	0.6903964281	0	0	0.8707817793	0.7625347972	0.5664154291	0
1238	0.7622172832	0.7622172832	0	0	0.8682365417	0.7602615952	0.5578932762	0
1239	0.7483101487	0.7483101487	0	0	0.8818833232	0.779340446	0.5874744654	0
1240	0.737170279	0.737170279	0	0	0.893722415	0.797485888	0.6163699031	0
1241	0.7346742749	0.7346742749	0	0	0.8975598216	0.8028358221	0.62696594	0
1242	0.7470526099	0.7470526099	0	0	0.9038666487	0.8136411309	0.6518048048	0
1243	0.7573634386	0.7573634386	0	0	0.9047707915	0.8138813972	0.6554814577	0
1244	0.7800877094	0.7800877094	0	0	0.8815910816	0.7754705548	0.5898540616	0
1245	0.7897475958	0.7897475958	0	0	0.8797265887	0.774871707	0.5846495628	0
1246	0.8338189125	0.8338189125	0	0	0.8848058581	0.7815205455	0.5972290039	0
1247	0.7921961546	0.7921961546	0	0	0.8880380988	0.7834965587	0.6013618708	0
1248	0.7524363399	0.7524363399	0	0	0.8982589245	0.8016244769	0.6274654865	0
1249	0.7784385681	0.7784385681	0	0	0.9012739062	0.8047365546	0.6366074681	0
1250	0.7746573687	0.7746573687	0	0	0.9026652575	0.8070782423	0.6444329023	0
1251	0.8223285675	0.8223285675	0	0	0.904097259	0.809681654	0.6473404765	0
1252	0.8178145289	0.8178145289	0	0	0.8794831038	0.7728810906	0.5813573003	0
1253	0.811072588	0.811072588	0	0	0.8674316406	0.7588076591	0.5620473027	0
1254	0.8550995588	0.8550995588	0	0	0.8639130592	0.7530083656	0.5513944626	0
1255	0.8605790138	0.8605790138	0	0	0.8697131872	0.7606799006	0.560285151	0
1256	0.8091009855	0.8091009855	0	0	0.8798161745	0.7767310143	0.5888673067	0
1257	0.8013348579	0.8013348579	0	0	0.8902558684	0.7928087115	0.6088243127	0
1258	0.8291474581	0.8291474581	0	0	0.8933415413	0.7956856489	0.6176741719	0
1259	0.876352191	0.876352191	0	0	0.8972827196	0.802254796	0.6285595894	0
1260	0.9023658037	0.9023658037	0	0	0.8665888906	0.7592206001	0.556340158	0
1261	0.9458023906	0.9458023906	0	0	0.8613754511	0.7515233159	0.5481079817	0
1262	1.018595695	1.018595695	0	0	0.8511158228	0.7394148707	0.5247929096	0
1263	1.085734129	1.085734129	0	0	0.8713000417	0.7660551667	0.5622002482	0
1264	1.028326154	1.028326154	0	0	0.8920355439	0.7968867421	0.6159348488	0
1265	1.006385207	1.006385207	0	0	0.8893641233	0.7921066284	0.6104572415	0
1266	1.006332755	1.006332755	0	0	0.8908974528	0.7900853753	0.61687994	0
1267	1.021938324	1.021938324	0	0	0.8944404125	0.7955628633	0.6267479658	0
1268	1.031403184	1.031403184	0	0	0.8665974736	0.7535805106	0.5602447987	0
1269	1.072122812	1.072122812	0	0	0.8597051501	0.7452271581	0.5443038344	0
1270	1.074963689	1.074963689	0	0	0.8712563515	0.7636278272	0.5694958568	0
1271	1.094916701	1.094916701	0	0	0.8757686615	0.7667139173	0.5738969445	0
1272	1.015319109	1.015319109	0	0	0.889054358	0.7892916799	0.6076752543	0
1273	1.025931001	1.025931001	0	0	0.8914487958	0.792039156	0.6124001741	0
1274	1.03188014	1.03188014	0	0	0.8877878785	0.7816456556	0.6053193212	0
1275	1.080786347	1.080786347	0	0	0.894122541	0.7928984761	0.6211891174	0
1276	1.134064078	1.134064078	0	0	0.8598515391	0.7440207601	0.5429446697	0
1277	1.130261421	1.130261421	0	0	0.8526724577	0.7400524616	0.5303336978	0
1278	1.2080338	1.2080338	0	0	0.853554666	0.7457307577	0.5310143828	0
1279	1.218288183	1.218288183	0	0	0.8691926599	0.7652298808	0.558003366	0
1280	1.080586433	1.080586433	0	0	0.8720470667	0.7712762952	0.5733375549	0
1281	1.064841628	1.064841628	0	0	0.8822718859	0.7849084139	0.5904033184	0
1282	1.068445444	1.068445444	0	0	0.8819446564	0.7776451111	0.5923722386	0
1283	1.175633788	1.175633788	0	0	0.8866110444	0.7873200178	0.6027247906	0
1284	1.250407934	1.250407934	0	0	0.8624857664	0.7506628633	0.5487553477	0
1285	1.2692945	1.2692945	0	0	0.8591528535	0.7460118532	0.5431098342	0
1286	1.302471757	1.302471757	0	0	0.8630093336	0.7500901818	0.5496608019	0
1287	1.447567344	1.447567344	0	0	0.876113236	0.772480309	0.5717545748	0
1288	1.315428257	1.315428257	0	0	0.8806993365	0.7812880278	0.5891093612	0
1289	1.379945755	1.379945755	0	0	0.8854831457	0.7877750397	0.5988357067	0
1290	1.348499894	1.348499894	0	0	0.8821740746	0.779748261	0.5936795473	0
1291	1.407954931	1.407954931	0	0	0.8834496737	0.7838664055	0.5962773561	0
1292	1.392644763	1.392644763	0	0	0.8606707454	0.7509889603	0.5496476293	0
1293	1.383256674	1.383256674	0	0	0.8527656794	0.7410241365	0.5353426933	0
1294	1.359541893	1.359541893	0	0	0.8645834923	0.7589886785	0.5535739064	0
1295	1.367737412	1.367737412	0	0	0.8670403361	0.7578594089	0.5577299595	0
1296	1.299081445	1.299081445	0	0	0.8719591498	0.7651500702	0.5713434219	0
1297	1.305940866	1.305940866	0	0	0.8748425841	0.7748238444	0.5745963454	0
1298	1.298482776	1.298482776	0	0	0.8747705817	0.7725918889	0.5779235363	0
1299	1.317914367	1.317914367	0	0	0.869284749	0.7646275759	0.5654840469	0
1300	1.316282749	1.316282749	0	0	0.856348753	0.7485174537	0.5425678492	0
1301	1.354886055	1.354886055	0	0	0.8344504237	0.7181281447	0.4989810586	0
1302	1.298427939	1.298427939	0	0	0.85205549	0.745447278	0.527199626	0
1303	1.326297879	1.326297879	0	0	0.8555802107	0.7483048439	0.5329707861	0
1304	1.266703606	1.266703606	0	0	0.8598563075	0.7595838308	0.5506443381	0
1305	1.286468506	1.286468506	0	0	0.8774538636	0.7781360149	0.5810418129	0
1306	1.135362387	1.135362387	0	0	0.8777775764	0.7676675916	0.596503675	0
1307	1.134501457	1.134501457	0	0	0.8754597902	0.7656501532	0.5949957967	0
1308	1.127685785	1.127685785	0	0	0.86668998	0.7500083447	0.5728183985	0
1309	1.13011992	1.13011992	0	0	0.857747376	0.7350444794	0.5548331141	0
1310	1.111885667	1.111885667	0	0	0.8528288603	0.7279400826	0.5416825414	0
1311	1.095134139	1.095134139	0	0	0.8602078557	0.7392779589	0.5538781285	0
1312	1.114719033	1.114719033	0	0	0.8769652247	0.7585620284	0.5918697715	0
1313	1.099556208	1.099556208	0	0	0.877268672	0.7639685869	0.5889161825	0
1314	1.113703251	1.113703251	0	0	0.8813607097	0.7719839215	0.6023777723	0
1315	1.131547093	1.131547093	0	0	0.8812049627	0.7743569613	0.603315413	0
1316	1.11741972	1.11741972	0	0	0.8791668415	0.7720718384	0.5945382118	0
1317	1.169823289	1.169823289	0	0	0.858962357	0.7403550148	0.5424664617	0
1318	1.11952877	1.11952877	0	0	0.8658825159	0.7512680888	0.5590568185	0
1319	1.121952534	1.121952534	0	0	0.871009171	0.7568615675	0.5689066648	0
1320	1.07115829	1.07115829	0	0	0.8775402904	0.766156435	0.5913769603	0
1321	1.064543724	1.064543724	0	0	0.8797092438	0.7718695402	0.5979630947	0
1322	1.077471972	1.077471972	0	0	0.8809120655	0.7728226781	0.6012960672	0
1323	1.089528441	1.089528441	0	0	0.8796620369	0.7718452215	0.5956056714	0
1324	1.102308512	1.102308512	0	0	0.8800987005	0.773296535	0.5914878249	0
1325	1.119301081	1.119301081	0	0	0.8633374572	0.751698792	0.5559989214	0
1326	1.067753196	1.067753196	0	0	0.8571916223	0.7437343597	0.5461839437	0
1327	1.096069574	1.096069574	0	0	0.8740065694	0.7648302913	0.5737353563	0
1328	1.053450227	1.053450227	0	0	0.8839281201	0.7804844379	0.6057564616	0
1329	1.043043375	1.043043375	0	0	0.8847317696	0.7840945721	0.6123789549	0
1330	1.053642869	1.053642869	0	0	0.8861765862	0.7814358473	0.6162111759	0
1331	1.047532439	1.047532439	0	0	0.8811720014	0.7744193077	0.6063524485	0
1332	1.031171322	1.031171322	0	0	0.8753934503	0.7657193542	0.5905781984	0
1333	1.061845899	1.061845899	0	0	0.8637759089	0.742272377	0.5633333921	0
1334	1.064637303	1.064637303	0	0	0.8591840863	0.7366084456	0.5519061089	0
1335	1.086997867	1.086997867	0	0	0.8709794283	0.7491799593	0.5711163878	0
1336	1.091994882	1.091994882	0	0	0.8856078386	0.7718928456	0.6103572845	0
1337	1.069259286	1.069259286	0	0	0.886238277	0.7782353759	0.6102352142	0
1338	1.08645308	1.08645308	0	0	0.8890082836	0.7827444673	0.6185150743	0
1339	1.099098444	1.099098444	0	0	0.8840150237	0.7787066102	0.6061897874	0
1340	1.104818225	1.104818225	0	0	0.8805559278	0.7742872834	0.5936682224	0
1341	1.085315704	1.085315704	0	0	0.8658320904	0.756339848	0.5615367293	0
1342	1.051092625	1.051092625	0	0	0.8661460876	0.7561427355	0.5640009046	0
1343	1.051487923	1.051487923	0	0	0.8726662397	0.763453722	0.5782743096	0
1344	1.033164382	1.033164382	0	0	0.8891063929	0.7848035693	0.6146782637	0
1345	1.026634574	1.026634574	0	0	0.8844139576	0.7795985341	0.6060635448	0
1346	1.045486093	1.045486093	0	0	0.889461875	0.7857456207	0.6185202599	0
1347	1.053712726	1.053712726	0	0	0.8855580091	0.785633266	0.6097675562	0
1348	1.064576626	1.064576626	0	0	0.8857512474	0.7851023078	0.6042965651	0
1349	1.067713261	1.067713261	0	0	0.8639860749	0.7559129	0.5566064119	0
1350	1.026486754	1.026486754	0	0	0.8643515706	0.756583631	0.5616028309	0
1351	1.006522775	1.006522775	0	0	0.8661717772	0.7582222223	0.5669538975	0
1352	0.9904502034	0.9904502034	0	0	0.8859471679	0.7852252126	0.6102875471	0
1353	0.9980652332	0.9980652332	0	0	0.8869540095	0.787781775	0.6162521243	0
1354	0.9691035748	0.9691035748	0	0	0.894479394	0.796374619	0.6345377564	0
1355	0.9562174678	0.9562174678	0	0	0.8887177706	0.7909981012	0.6232311726	0
1356	0.9329166412	0.9329166412	0	0	0.8799808025	0.7771548033	0.600109458	0
1357	0.8923819661	0.8923819661	0	0	0.8762763739	0.764660418	0.5881056786	0
1358	0.8757350445	0.8757350445	0	0	0.871581912	0.7559448481	0.5749720335	0
1359	0.8631660938	0.8631660938	0	0	0.8808400035	0.7652464509	0.5941436887	0
1360	0.8867518306	0.8867518306	0	0	0.8929945827	0.7823563814	0.6254673004	0
1361	0.8705258965	0.8705258965	0	0	0.8898482323	0.7804308534	0.6179634333	0
1362	0.8638552427	0.8638552427	0	0	0.8992103338	0.8001932502	0.6442773342	0
1363	0.8619891405	0.8619891405	0	0	0.8933820128	0.7962732911	0.6280012727	0
1364	0.8905028105	0.8905028105	0	0	0.8848107457	0.7846691608	0.6107438207	0
1365	0.8730383515	0.8730383515	0	0	0.8720087409	0.7657004595	0.5768569112	0
1366	0.8361241221	0.8361241221	0	0	0.8706420064	0.7610346675	0.5801301003	0
1367	0.8568496704	0.8568496704	0	0	0.874710381	0.7676233649	0.5858289003	0
1368	0.8299066424	0.8299066424	0	0	0.8882040381	0.7816414833	0.6136523485	0
1369	0.8440541029	0.8440541029	0	0	0.8850008845	0.7808187604	0.6077435017	0
1370	0.8620296717	0.8620296717	0	0	0.8940323591	0.7994441986	0.6365761757	0
1371	0.8530999422	0.8530999422	0	0	0.888961792	0.7942454219	0.6221337914	0
1372	0.8901303411	0.8901303411	0	0	0.8798467517	0.7809519172	0.5983079076	0
1373	0.8564435244	0.8564435244	0	0	0.8641560078	0.7578888535	0.5608248711	0
1374	0.8227138519	0.8227138519	0	0	0.8586935401	0.7489379048	0.5558692217	0
1375	0.788295567	0.788295567	0	0	0.8669672608	0.7626221776	0.5741665959	0
1376	0.7873217463	0.7873217463	0	0	0.8760949373	0.769792676	0.5905803442	0
1377	0.7789743543	0.7789743543	0	0	0.8939257264	0.7910740972	0.6263720393	0
1378	0.800414741	0.800414741	0	0	0.8996602893	0.8037823439	0.6513906717	0
1379	0.7807980776	0.7807980776	0	0	0.8975883722	0.7993710637	0.6421157122	0
1380	0.7683060169	0.7683060169	0	0	0.8860262632	0.7761913538	0.6103234291	0
1381	0.7384497523	0.7384497523	0	0	0.8808552623	0.7648712993	0.5984663367	0
1382	0.7206773162	0.7206773162	0	0	0.8770791888	0.7594755888	0.5874607563	0
1383	0.696113348	0.696113348	0	0	0.8860356212	0.7690318823	0.6100633144	0
1384	0.7471937537	0.7471937537	0	0	0.8935247064	0.7813058496	0.6310516	0
1385	0.7206581831	0.7206581831	0	0	0.8944429755	0.776963532	0.6299708486	0
1386	0.6904271245	0.6904271245	0	0	0.9001823664	0.7942827344	0.6490163803	0
1387	0.6933888197	0.6933888197	0	0	0.9010481834	0.7977705598	0.6497476101	0
1388	0.7171201706	0.7171201706	0	0	0.892865777	0.7875775695	0.628488481	0
1389	0.6610289216	0.6610289216	0	0	0.8774147034	0.7611873746	0.5881365538	0
1390	0.6900008321	0.6900008321	0	0	0.8771765828	0.7614228129	0.5952008963	0
1391	0.6844687462	0.6844687462	0	0	0.8793099523	0.762204051	0.5974997878	0
1392	0.6709505916	0.6709505916	0	0	0.8936885595	0.7848842144	0.6309296489	0
1393	0.6906009316	0.6906009316	0	0	0.8953812718	0.7855222821	0.6309494972	0
1394	0.6785171032	0.6785171032	0	0	0.9023820758	0.8004646301	0.6538823843	0
1395	0.6987193227	0.6987193227	0	0	0.8975397944	0.7911345363	0.6364351511	0
1396	0.7133907676	0.7133907676	0	0	0.8860858679	0.7736539245	0.6041110158	0
1397	0.7329196334	0.7329196334	0	0	0.8778894544	0.7614394426	0.5909413099	0
1398	0.7294463515	0.7294463515	0	0	0.8705763817	0.7515175939	0.5774248838	0
1399	0.7661126256	0.7661126256	0	0	0.8769934773	0.7577599287	0.5931094289	0
1400	0.7801054716	0.7801054716	0	0	0.888426125	0.7757896185	0.617888093	0
1401	0.8154333234	0.8154333234	0	0	0.8957132697	0.7871316075	0.6329506636	0
1402	0.7923032045	0.7923032045	0	0	0.9012417793	0.798635006	0.6540324092	0
1403	0.7978447676	0.7978447676	0	0	0.900131762	0.7949442863	0.646802187	0
1404	0.8186439276	0.8186439276	0	0	0.8913454413	0.781788528	0.621578753	0
1405	0.8161324859	0.8161324859	0	0	0.882121861	0.7663215399	0.6030726433	0
1406	0.8350839019	0.8350839019	0	0	0.8747684956	0.7564752102	0.586347878	0
1407	0.855559051	0.855559051	0	0	0.8850615621	0.7719284892	0.6112641692	0
1408	0.8648225069	0.8648225069	0	0	0.8929443359	0.7802823186	0.6291900873	0
1409	0.8176309466	0.8176309466	0	0	0.8933423162	0.7818213701	0.6266868711	0
1410	0.8064693213	0.8064693213	0	0	0.9001774788	0.7973637581	0.6509283781	0
1411	0.7940415144	0.7940415144	0	0	0.8992335796	0.7975465655	0.64850986	0
1412	0.7965935469	0.7965935469	0	0	0.8916395307	0.7862330079	0.6251928806	0
1413	0.7904151082	0.7904151082	0	0	0.8787009716	0.7661053538	0.5958672762	0
1414	0.8144843578	0.8144843578	0	0	0.8735353351	0.7609798908	0.5918859839	0
1415	0.8108331561	0.8108331561	0	0	0.8794487715	0.7672408223	0.6023954749	0
1416	0.8073874116	0.8073874116	0	0	0.8885371685	0.7786769867	0.620167613	0
1417	0.7947583795	0.7947583795	0	0	0.8932155371	0.7844179273	0.626486361	0
1418	0.7951176763	0.7951176763	0	0	0.8966462016	0.7925015688	0.6376062036	0
1419	0.7926033735	0.7926033735	0	0	0.8984047771	0.795743227	0.641397059	0
1420	0.7903225422	0.7903225422	0	0	0.8852850795	0.7768234015	0.6062392592	0
1421	0.8096683025	0.8096683025	0	0	0.8729842305	0.7589076757	0.5825653076	0
1422	0.815939784	0.815939784	0	0	0.8736918569	0.7613455653	0.5905114412	0
1423	0.8300752044	0.8300752044	0	0	0.8784828186	0.7661079168	0.5996525884	0
1424	0.8225778937	0.8225778937	0	0	0.8830400109	0.7709914446	0.6078299284	0
1425	0.8727477789	0.8727477789	0	0	0.8961676359	0.7922014594	0.6383188963	0
1426	0.8377539515	0.8377539515	0	0	0.897089839	0.7938998938	0.64217031	0
1427	0.8160640001	0.8160640001	0	0	0.8965753913	0.7923266292	0.6394209862	0
1428	0.8026173115	0.8026173115	0	0	0.8879689574	0.7769252062	0.6144696474	0
1429	0.7904829979	0.7904829979	0	0	0.8788207173	0.7618927956	0.5952088237	0
1430	0.8166547418	0.8166547418	0	0	0.8778786659	0.7626533508	0.5953689814	0
1431	0.8219813108	0.8219813108	0	0	0.8899886608	0.778763473	0.6254814863	0
1432	0.8009886742	0.8009886742	0	0	0.8933607936	0.7807875276	0.6308951378	0
1433	0.7666346431	0.7666346431	0	0	0.8973377943	0.7899218798	0.639374733	0
1434	0.7525931597	0.7525931597	0	0	0.9009525776	0.7991474867	0.651288569	0
1435	0.7285232544	0.7285232544	0	0	0.9030324221	0.8039977551	0.6561803222	0
1436	0.7193982601	0.7193982601	0	0	0.8952414393	0.790333271	0.6329436898	0
1437	0.7168527842	0.7168527842	0	0	0.8827880025	0.7703763247	0.6062761545	0
1438	0.7225856781	0.7225856781	0	0	0.8805897832	0.7655764222	0.606322825	0
1439	0.7209460139	0.7209460139	0	0	0.8885393739	0.7747830749	0.6240080595	0
1440	0.7383566499	0.7383566499	0	0	0.8976537585	0.7904838324	0.6479060054	0
1441	0.7615169287	0.7615169287	0	0	0.8999380469	0.7948523164	0.6450878382	0
1442	0.7497752309	0.7497752309	0	0	0.9004169703	0.7963991761	0.6471120119	0
1443	0.7532587647	0.7532587647	0	0	0.9001778364	0.7968042493	0.6464442015	0
1444	0.7622653246	0.7622653246	0	0	0.8949779272	0.7881340981	0.6275244951	0
1445	0.7505091429	0.7505091429	0	0	0.8810403943	0.7646126747	0.5965868831	0
1446	0.7805371881	0.7805371881	0	0	0.8798639178	0.7620958686	0.5986424685	0
1447	0.8018718958	0.8018718958	0	0	0.8864674568	0.7691456676	0.6155802608	0
1448	0.8271558881	0.8271558881	0	0	0.8904727697	0.7767969966	0.6250360012	0
1449	0.8643248677	0.8643248677	0	0	0.8943056464	0.7860351801	0.6322228312	0
1450	0.8474084139	0.8474084139	0	0	0.8922855854	0.784450829	0.6253542304	0
1451	0.8543420434	0.8543420434	0	0	0.8989861608	0.7982276082	0.6455774903	0
1452	0.8517745137	0.8517745137	0	0	0.8835480809	0.7729478478	0.5993940234	0
1453	0.8458420634	0.8458420634	0	0	0.8833287358	0.7716999054	0.6027233601	0
1454	0.8722516894	0.8722516894	0	0	0.8778370619	0.7647906542	0.5921843648	0
1455	0.8885867596	0.8885867596	0	0	0.8923764229	0.7813939452	0.6237720847	0
1456	0.862165451	0.862165451	0	0	0.9009418488	0.7960793376	0.6472883821	0
1457	0.9117413759	0.9117413759	0	0	0.9008995295	0.795938313	0.644708097	0
1458	0.8527604938	0.8527604938	0	0	0.8995983601	0.7991827726	0.6448354721	0
1459	0.8384602666	0.8384602666	0	0	0.9012759924	0.8044022322	0.6507908702	0
1460	0.8471528888	0.8471528888	0	0	0.8948390484	0.7916671038	0.6291760206	0
1461	0.8443419337	0.8443419337	0	0	0.8813939691	0.7687913775	0.5926090479	0
1462	0.8632174134	0.8632174134	0	0	0.8870301247	0.7779681683	0.6155349016	0
1463	0.8760592341	0.8760592341	0	0	0.8978374004	0.7893950939	0.6411690712	0
1464	0.8663096428	0.8663096428	0	0	0.9006332159	0.7942862511	0.6461097002	0
1465	0.8868035078	0.8868035078	0	0	0.9010516405	0.7944547534	0.6415441632	0
1466	0.8687128425	0.8687128425	0	0	0.8983132243	0.7930907011	0.6371874809	0
1467	0.871724546	0.871724546	0	0	0.9020895362	0.8005390167	0.6479004622	0
1468	0.9092332721	0.9092332721	0	0	0.8923665881	0.7834743261	0.6182669401	0
1469	0.881693542	0.881693542	0	0	0.8767071962	0.757058382	0.5842049718	0
1470	0.8851630688	0.8851630688	0	0	0.8747973442	0.7573083639	0.5870620012	0
1471	0.8835882545	0.8835882545	0	0	0.8833349347	0.7648527026	0.6072012186	0
1472	0.8797948956	0.8797948956	0	0	0.8921616077	0.7819661498	0.627147913	0
1473	0.9026832581	0.9026832581	0	0	0.8929411769	0.7851073742	0.623021245	0
1474	0.8890774846	0.8890774846	0	0	0.893623054	0.7873158455	0.6295681	0
1475	0.8957207203	0.8957207203	0	0	0.8964921236	0.7947303057	0.639678061	0
1476	0.9180072546	0.9180072546	0	0	0.8787180781	0.7656555176	0.5942236185	0
1477	0.8095855713	0.8095855713	0	0	0.8817013502	0.7661841512	0.5971021652	0
1478	0.8356437683	0.8356437683	0	0	0.8654121161	0.7473128438	0.565085113	0
1479	0.8585373163	0.8585373163	0	0	0.8884664178	0.7720553279	0.6111917496	0
1480	0.8660441041	0.8660441041	0	0	0.8927288055	0.7809106708	0.622604847	0
1481	0.8480375409	0.8480375409	0	0	0.8883429766	0.7732697725	0.6091575623	0
1482	0.8334625959	0.8334625959	0	0	0.8931560516	0.7861025929	0.6274319887	0
1483	0.7950147986	0.7950147986	0	0	0.895721972	0.7948971987	0.6361740828	0
1484	0.8348968029	0.8348968029	0	0	0.8847269416	0.7742928267	0.6036082506	0
1485	0.7977154851	0.7977154851	0	0	0.8783407807	0.762691021	0.5861796141	0
1486	0.8499320149	0.8499320149	0	0	0.8799492121	0.7623099089	0.6002993584	0
1487	0.8230458498	0.8230458498	0	0	0.8863571882	0.7713624835	0.6072289944	0
1488	0.8212544322	0.8212544322	0	0	0.8950001597	0.788777411	0.6314431429	0
1489	0.7971702814	0.7971702814	0	0	0.8835861683	0.778439045	0.6038731933	0
1490	0.7620112896	0.7620112896	0	0	0.8889107704	0.789396584	0.6215275526	0
1491	0.7531680465	0.7531680465	0	0	0.8871078491	0.7891973853	0.6194376945	0
1492	0.7117416263	0.7117416263	0	0	0.8728938103	0.7660069466	0.5785493255	0
1493	0.6824160814	0.6824160814	0	0	0.8529420495	0.7370868921	0.5365434885	0
1494	0.7134020925	0.7134020925	0	0	0.8460114002	0.7308373451	0.531914413	0
1495	0.6819909215	0.6819909215	0	0	0.8583335876	0.7436009645	0.5541756153	0
1496	0.7134302258	0.7134302258	0	0	0.8655341864	0.757373929	0.5712892413	0
1497	0.732147634	0.732147634	0	0	0.8862850666	0.7814078331	0.6062529683	0
1498	0.7704776525	0.7704776525	0	0	0.8872138262	0.7790096998	0.6136374474	0
1499	0.7384611964	0.7384611964	0	0	0.8888955712	0.7816025019	0.6176396012	0
1500	0.713229835	0.713229835	0	0	0.8787895441	0.7649893165	0.5909458995	0
1501	0.6286143064	0.6286143064	0	0	0.870243609	0.7516208291	0.570138216	0
1502	0.6189348102	0.6189348102	0	0	0.8629202247	0.742937386	0.554310143	0
1503	0.6319184899	0.6319184899	0	0	0.8788365126	0.7616516352	0.5890261531	0
1504	0.7101963162	0.7101963162	0	0	0.8844959736	0.7691681981	0.6014777422	0
1505	0.6169192195	0.6169192195	0	0	0.8816589117	0.7680972219	0.5951723456	0
1506	0.632170856	0.632170856	0	0	0.8882126808	0.7808949351	0.6171275377	0
1507	0.5983243585	0.5983243585	0	0	0.8911297917	0.787181139	0.6233612299	0
1508	0.5602057576	0.5602057576	0	0	0.8845704198	0.7770575285	0.6017606854	0
1509	0.533156991	0.533156991	0	0	0.8738852739	0.7594700456	0.5746314526	0
1510	0.5490826964	0.5490826964	0	0	0.8727053404	0.7564200163	0.5763400197	0
1511	0.5873066783	0.5873066783	0	0	0.8822184205	0.7654197216	0.5991430879	0
1512	0.6067838073	0.6067838073	0	0	0.8864094615	0.7730039954	0.6040484309	0
1513	0.5944722295	0.5944722295	0	0	0.8896184564	0.7803511024	0.6124125123	0
1514	0.5981773138	0.5981773138	0	0	0.8931136131	0.7878528833	0.6267720461	0
1515	0.5937243104	0.5937243104	0	0	0.8866608143	0.7790893316	0.6091940999	0
1516	0.5615772009	0.5615772009	0	0	0.8734381795	0.7583764195	0.5714823008	0
1517	0.507258296	0.507258296	0	0	0.8602315784	0.7414906025	0.5491111875	0
1518	0.51583606	0.51583606	0	0	0.8485117555	0.7244348526	0.5307585597	0
1519	0.5299633741	0.5299633741	0	0	0.8633161187	0.7415329814	0.5643806458	0
1520	0.563544929	0.563544929	0	0	0.8814578056	0.7679873109	0.597007215	0
1521	0.5951756835	0.5951756835	0	0	0.8747740388	0.7617056966	0.5801568031	0
1522	0.6169931293	0.6169931293	0	0	0.88358742	0.7764040828	0.6035752296	0
1523	0.6012433767	0.6012433767	0	0	0.8856343031	0.7831274867	0.6135401726	0
1524	0.5662167668	0.5662167668	0	0	0.8754677773	0.7693136334	0.5858492851	0
1525	0.5202992558	0.5202992558	0	0	0.8718918562	0.7544092536	0.5716530681	0
1526	0.5245727301	0.5245727301	0	0	0.8549154997	0.7292686105	0.5364435911	0
1527	0.5436604619	0.5436604619	0	0	0.8729621172	0.7525828481	0.5763646364	0
1528	0.5918303132	0.5918303132	0	0	0.8882923126	0.7772327662	0.6114224195	0
1529	0.5347405672	0.5347405672	0	0	0.8827776909	0.7728332281	0.5995644331	0
1530	0.5333008766	0.5333008766	0	0	0.8914723396	0.7879137397	0.6216157675	0
1531	0.4828117788	0.4828117788	0	0	0.8884577751	0.7848340273	0.6131222248	0
1532	0.4464839697	0.4464839697	0	0	0.8799875975	0.7701946497	0.5868748426	0
1533	0.3952212036	0.3952212036	0	0	0.868481338	0.7529652119	0.561563015	0
1534	0.4361745417	0.4361745417	0	0	0.8685321808	0.7488194108	0.5658456087	0
1535	0.4708475769	0.4708475769	0	0	0.8755280375	0.7551960349	0.580548048	0
1536	0.4950009286	0.4950009286	0	0	0.8877291679	0.7741149068	0.6075487733	0
1537	0.4955273569	0.4955273569	0	0	0.8789523244	0.767085135	0.5880088806	0
1538	0.493573606	0.493573606	0	0	0.893370688	0.7948199511	0.627479732	0
1539	0.434335798	0.434335798	0	0	0.8875054121	0.7870479822	0.6124615669	0
1540	0.3857277036	0.3857277036	0	0	0.8823670149	0.7784832716	0.5948818326	0
1541	0.3654034436	0.3654034436	0	0	0.860276103	0.7459729314	0.5478428602	0
1542	0.3793238997	0.3793238997	0	0	0.8454163074	0.7225236297	0.5226342082	0
1543	0.4193679392	0.4193679392	0	0	0.8584879041	0.7360986471	0.5520653129	0
1544	0.4326315522	0.4326315522	0	0	0.8741748333	0.7600314021	0.584444046	0
1545	0.4842224121	0.4842224121	0	0	0.8776945472	0.7681152821	0.5875923038	0
1546	0.493055582	0.493055582	0	0	0.8912584186	0.789198041	0.6230809093	0
1547	0.4657489657	0.4657489657	0	0	0.8934403658	0.7948578596	0.6255093813	0
1548	0.4307641983	0.4307641983	0	0	0.8886399269	0.7853879333	0.6119664311	0
1549	0.4031847119	0.4031847119	0	0	0.8818817139	0.7683488727	0.5935972929	0
1550	0.4547148347	0.4547148347	0	0	0.8672968745	0.7459591627	0.5577802062	0
1551	0.5196521282	0.5196521282	0	0	0.8755803108	0.7579948902	0.5814074278	0
1552	0.5894953609	0.5894953609	0	0	0.88869524	0.7784836292	0.6127785444	0
1553	0.5305051804	0.5305051804	0	0	0.8797158003	0.7664720416	0.5873705745	0
1554	0.4656891525	0.4656891525	0	0	0.8979541063	0.8019891381	0.6417160034	0
1555	0.4765535891	0.4765535891	0	0	0.8924482465	0.7923375964	0.6236450672	0
1556	0.3900934756	0.3900934756	0	0	0.8877327442	0.7856542468	0.6083466411	0
1557	0.3892914951	0.3892914951	0	0	0.879994452	0.7726567388	0.5876092315	0
1558	0.475522995	0.475522995	0	0	0.873619616	0.7565989494	0.5725506544	0
1559	0.5480901599	0.5480901599	0	0	0.8764128089	0.7586601973	0.5841269493	0
1560	0.5355426073	0.5355426073	0	0	0.8890930414	0.776566565	0.6125155687	0
1561	0.5168774724	0.5168774724	0	0	0.8879885077	0.7776705623	0.6049459577	0
1562	0.4409896433	0.4409896433	0	0	0.9025584459	0.8044160008	0.6482465267	0
1563	0.4622228742	0.4622228742	0	0	0.8926804066	0.7891520262	0.6207370162	0
1564	0.4160362482	0.4160362482	0	0	0.8878085017	0.784627378	0.6064148545	0
1565	0.4099218845	0.4099218845	0	0	0.8719258904	0.7606942058	0.5693208575	0
1566	0.4639641345	0.4639641345	0	0	0.8726910949	0.7586523294	0.5733168125	0
1567	0.543145895	0.543145895	0	0	0.8679000139	0.7453870177	0.5632308125	0
1568	0.5145670772	0.5145670772	0	0	0.8834117055	0.769033432	0.6002267003	0
1569	0.4718323648	0.4718323648	0	0	0.8832803369	0.7708023787	0.5960572362	0
1570	0.4457958639	0.4457958639	0	0	0.9000119567	0.8027059436	0.6398406625	0
1571	0.4733807743	0.4733807743	0	0	0.8954095244	0.7916386724	0.625100255	0
1572	0.4334085584	0.4334085584	0	0	0.886749804	0.7819702625	0.6002783179	0
1573	0.446048975	0.446048975	0	0	0.8771386743	0.7695099115	0.5783081055	0
1574	0.526910305	0.526910305	0	0	0.8695524931	0.7561501265	0.5609791279	0
1575	0.569635272	0.569635272	0	0	0.8769835234	0.7642298341	0.5753397942	0
1576	0.5830721855	0.5830721855	0	0	0.8901005983	0.782032907	0.607744813	0
1577	0.5342334509	0.5342334509	0	0	0.8903092146	0.7863013744	0.609834373	0
1578	0.4848369956	0.4848369956	0	0	0.9019260406	0.8092824817	0.6491988897	0
1579	0.5035634041	0.5035634041	0	0	0.8947067261	0.7950670123	0.6279738545	0
1580	0.472078383	0.472078383	0	0	0.8874133229	0.7862477303	0.6049728394	0
1581	0.511785388	0.511785388	0	0	0.8752228022	0.7693978548	0.5755446553	0
1582	0.5214508772	0.5214508772	0	0	0.8767610192	0.7661604881	0.5771279335	0
1583	0.5793427229	0.5793427229	0	0	0.8799765706	0.7674099207	0.5815483332	0
1584	0.5768843293	0.5768843293	0	0	0.887527585	0.7763390541	0.6016680598	0
1585	0.5650160313	0.5650160313	0	0	0.8847380877	0.7739670873	0.5927433372	0
1586	0.5270113349	0.5270113349	0	0	0.8960109949	0.7954819798	0.6291306615	0
1587	0.602140069	0.602140069	0	0	0.8918690681	0.7850605845	0.6172950268	0
1588	0.5724440813	0.5724440813	0	0	0.8788973689	0.7681993842	0.5809419751	0
1589	0.5837696791	0.5837696791	0	0	0.8701745272	0.7577872276	0.5623774529	0
1590	0.5846034288	0.5846034288	0	0	0.8632314801	0.7469618917	0.5502510667	0
1591	0.6190851331	0.6190851331	0	0	0.86081779	0.7389957309	0.5439113379	0
1592	0.5756421089	0.5756421089	0	0	0.8686993718	0.7510250807	0.5668567419	0
1593	0.5733961463	0.5733961463	0	0	0.8682887554	0.753995657	0.5588089228	0
1594	0.5573320985	0.5573320985	0	0	0.888451159	0.7862359881	0.6097630262	0
1595	0.573536098	0.573536098	0	0	0.8888574243	0.7878117561	0.6139540672	0
1596	0.559956491	0.559956491	0	0	0.8760096431	0.769531548	0.5782341957	0
1597	0.5764459968	0.5764459968	0	0	0.8700336218	0.7601569295	0.5633031726	0
1598	0.5886099339	0.5886099339	0	0	0.8653025031	0.750361681	0.5463246107	0
1599	0.6707068682	0.6707068682	0	0	0.8664800525	0.7503435016	0.546544373	0
1600	0.5918258429	0.5918258429	0	0	0.8870282173	0.7805286646	0.6004505157	0
1601	0.5782244802	0.5782244802	0	0	0.8750984669	0.7652707696	0.5755884647	0
1602	0.5515547991	0.5515547991	0	0	0.8891581297	0.7897244692	0.6178251505	0
1603	0.5783606172	0.5783606172	0	0	0.8876176476	0.7848569155	0.6135559678	0
1604	0.570181191	0.570181191	0	0	0.8701401949	0.7577510476	0.5687978864	0
1605	0.5891950727	0.5891950727	0	0	0.859387815	0.742426753	0.5441012383	0
1606	0.5811802149	0.5811802149	0	0	0.8683975935	0.7546180487	0.5605743527	0
1607	0.6652312279	0.6652312279	0	0	0.865322113	0.7467276454	0.5442908406	0
1608	0.5934155583	0.5934155583	0	0	0.8810660839	0.7713843584	0.5862565637	0
1609	0.5866599083	0.5866599083	0	0	0.8740721941	0.7626450062	0.5696486831	0
1610	0.5769664049	0.5769664049	0	0	0.8854662776	0.7806754112	0.6055179834	0
1611	0.6166149378	0.6166149378	0	0	0.8825677037	0.7743278742	0.598342061	0
1612	0.5803306699	0.5803306699	0	0	0.8688566089	0.7541068792	0.5641700625	0
1613	0.6129998565	0.6129998565	0	0	0.8481289148	0.7269705534	0.5243685842	0
1614	0.5549727678	0.5549727678	0	0	0.8533082008	0.7381857634	0.5313490629	0
1615	0.6780872345	0.6780872345	0	0	0.8512523174	0.7308193445	0.5197823048	0
1616	0.543977797	0.543977797	0	0	0.8705414534	0.759090364	0.564822495	0
1617	0.512880981	0.512880981	0	0	0.8642939329	0.754126966	0.5536398888	0
1618	0.5206767917	0.5206767917	0	0	0.8901531696	0.7883138061	0.6129568815	0
1619	0.5352282524	0.5352282524	0	0	0.8883895874	0.7840873003	0.6068112254	0
1620	0.5096499324	0.5096499324	0	0	0.8693522215	0.7601070404	0.5674357414	0
1621	0.5475106835	0.5475106835	0	0	0.8676596284	0.7535427809	0.5622179508	0
1622	0.5586813092	0.5586813092	0	0	0.8562880158	0.7382590771	0.5328999162	0
1623	0.6737844348	0.6737844348	0	0	0.8683875203	0.7543600798	0.5464503765	0
1624	0.5480376482	0.5480376482	0	0	0.8868584633	0.7798730731	0.5952883363	0
1625	0.5113005042	0.5113005042	0	0	0.8778641224	0.7717687488	0.5773445964	0
1626	0.5262145996	0.5262145996	0	0	0.8921896815	0.791410625	0.6193199754	0
1627	0.5288672447	0.5288672447	0	0	0.8855509758	0.7805470824	0.60362041	0
1628	0.5153158903	0.5153158903	0	0	0.8599375486	0.746211648	0.5523629189	0
1629	0.5951088071	0.5951088071	0	0	0.8436695337	0.7202033997	0.5189022422	0
1630	0.5884021521	0.5884021521	0	0	0.8698850274	0.7558638453	0.5656865239	0
1631	0.6817132831	0.6817132831	0	0	0.8624979854	0.7435470819	0.5379013419	0
1632	0.5811822414	0.5811822414	0	0	0.8782140017	0.7658982277	0.5757258534	0
1633	0.5144656897	0.5144656897	0	0	0.8768621087	0.7699278593	0.5757945776	0
1634	0.528988719	0.528988719	0	0	0.8850236535	0.7804142237	0.6017247438	0
1635	0.526759088	0.526759088	0	0	0.8843359947	0.7802061439	0.6001361012	0
1636	0.500467658	0.500467658	0	0	0.8481755853	0.7357093096	0.5359537005	0
1637	0.5373827815	0.5373827815	0	0	0.833448112	0.7138609886	0.5079277158	0
1638	0.515786469	0.515786469	0	0	0.8329540491	0.7139286995	0.5042176247	0
1639	0.5638105273	0.5638105273	0	0	0.8305407763	0.7100735903	0.490295738	0
1640	0.5124658346	0.5124658346	0	0	0.845053792	0.7293810844	0.5250931978	0
1641	0.5002868176	0.5002868176	0	0	0.8422218561	0.7298340797	0.5220627189	0
1642	0.5103243589	0.5103243589	0	0	0.8497765064	0.7364571691	0.5373225808	0
1643	0.4943048358	0.4943048358	0	0	0.8421644568	0.7297490239	0.5246792436	0
1644	0.4831162095	0.4831162095	0	0	0.7814488411	0.6701081395	0.4638033807	0
1645	0.5230270028	0.5230270028	0	0	0.7654104829	0.6491935849	0.440125972	0
1646	0.5032007098	0.5032007098	0	0	0.75965482	0.6417362094	0.4286025465	0
1647	0.535789609	0.535789609	0	0	0.7765570879	0.6583615541	0.4342670441	0
1648	0.4868648946	0.4868648946	0	0	0.7925650477	0.6751402617	0.4660850167	0
1649	0.4785940945	0.4785940945	0	0	0.7916689515	0.6765741706	0.4621312618	0
1650	0.4659615457	0.4659615457	0	0	0.8054202199	0.6899159551	0.4833090305	0
1651	0.4704297781	0.4704297781	0	0	0.803593874	0.6895506978	0.4773960114	0
1652	0.4907399118	0.4907399118	0	0	0.7440598607	0.636123836	0.4268210232	0
1653	0.52465868	0.52465868	0	0	0.7325648069	0.6202019453	0.4058810174	0
1654	0.4950904846	0.4950904846	0	0	0.739279449	0.6283825636	0.4053872824	0
1655	0.5339642763	0.5339642763	0	0	0.7366034985	0.6211974025	0.3920737207	0
1656	0.4611087143	0.4611087143	0	0	0.7603701353	0.6446527243	0.4299434125	0
1657	0.5070578456	0.5070578456	0	0	0.8028245568	0.6885632873	0.4615679681	0
1658	0.4487067163	0.4487067163	0	0	0.820114255	0.7109601498	0.4916393161	0
1659	0.4741054177	0.4741054177	0	0	0.8104460835	0.7022036314	0.4776388705	0
1660	0.4764958918	0.4764958918	0	0	0.7589827776	0.6544193625	0.4337595105	0
1661	0.5341961384	0.5341961384	0	0	0.7522719502	0.6407133937	0.4093322158	0
1662	0.4718553126	0.4718553126	0	0	0.7528557777	0.6440067291	0.4127018452	0
1663	0.5118002892	0.5118002892	0	0	0.7874709368	0.6758044362	0.4503189623	0
1664	0.4675010443	0.4675010443	0	0	0.7807671428	0.6707248688	0.4571670294	0
1665	0.4577256739	0.4577256739	0	0	0.8327763081	0.7281317711	0.5087633133	0
1666	0.4445051551	0.4445051551	0	0	0.860249579	0.7460990548	0.5601071119	0
1667	0.475874573	0.475874573	0	0	0.8669397235	0.7513486147	0.5785036087	0
1668	0.463750571	0.463750571	0	0	0.8530006409	0.7349205613	0.5550495982	0
1669	0.5170621872	0.5170621872	0	0	0.8479272127	0.722986877	0.5417555571	0
1670	0.5444611907	0.5444611907	0	0	0.8403597474	0.7124528885	0.524095118	0
1671	0.5406647921	0.5406647921	0	0	0.8520855904	0.724123776	0.5410778522	0
1672	0.4747365415	0.4747365415	0	0	0.8542742133	0.7264606953	0.5478100777	0
1673	0.4817540646	0.4817540646	0	0	0.864289403	0.742302835	0.5639324188	0
1674	0.4024428427	0.4024428427	0	0	0.8719987273	0.7551654577	0.5858299136	0
1675	0.4328800738	0.4328800738	0	0	0.8758898377	0.7618544698	0.5915960073	0
1676	0.4229371548	0.4229371548	0	0	0.8590559959	0.7386071086	0.5594450831	0
1677	0.4601050019	0.4601050019	0	0	0.8501927257	0.7258111238	0.5371176004	0
1678	0.4165953696	0.4165953696	0	0	0.8431812525	0.7186273336	0.5221111774	0
1679	0.4304820895	0.4304820895	0	0	0.8599303365	0.7401038408	0.5552837849	0
1680	0.4842692018	0.4842692018	0	0	0.861390233	0.7367662191	0.5559876561	0
1681	0.4747521579	0.4747521579	0	0	0.8648595214	0.7450817823	0.5595585704	0
1682	0.3921182752	0.3921182752	0	0	0.8709078431	0.75719136	0.5834779739	0
1683	0.4079672396	0.4079672396	0	0	0.8721171618	0.7641444206	0.5846054554	0
1684	0.3637429774	0.3637429774	0	0	0.8543317914	0.7393055558	0.5450855494	0
1685	0.356043756	0.356043756	0	0	0.8488743901	0.7330486774	0.5363283753	0
1686	0.3518490493	0.3518490493	0	0	0.844127655	0.7298688293	0.5270724297	0
1687	0.4325911999	0.4325911999	0	0	0.8421028852	0.7254897356	0.5217571259	0
1688	0.3703750074	0.3703750074	0	0	0.8425163031	0.724486053	0.521892488	0
1689	0.4459595978	0.4459595978	0	0	0.8724696636	0.7589784265	0.5752161145	0
1690	0.3863479197	0.3863479197	0	0	0.8794499636	0.7686377168	0.5999533534	0
1691	0.4271986783	0.4271986783	0	0	0.8753651381	0.7638655901	0.5874053836	0
1692	0.3668922782	0.3668922782	0	0	0.8609116077	0.744235158	0.5564898252	0
1693	0.4042712748	0.4042712748	0	0	0.8641656041	0.7467762232	0.5633590221	0
1694	0.440908879	0.440908879	0	0	0.8523002863	0.735606432	0.5371634364	0
1695	0.4991050065	0.4991050065	0	0	0.8623081446	0.7482057214	0.5577156544	0
1696	0.4719659686	0.4719659686	0	0	0.8563206196	0.7368295789	0.5429769754	0
1697	0.5725160241	0.5725160241	0	0	0.8759046197	0.7633711696	0.582603693	0
1698	0.4628761709	0.4628761709	0	0	0.8779246211	0.767141819	0.5931794047	0
1699	0.4669206142	0.4669206142	0	0	0.8774058223	0.7663331032	0.5897929072	0
1700	0.4309132099	0.4309132099	0	0	0.8536694646	0.7341181636	0.5438172221	0
1701	0.3987978995	0.3987978995	0	0	0.8532913923	0.7347386479	0.5456876755	0
1702	0.474009335	0.474009335	0	0	0.8495923877	0.7340028882	0.5332416892	0
1703	0.4973456562	0.4973456562	0	0	0.8581656218	0.7434194088	0.5547642708	0
1704	0.4970406592	0.4970406592	0	0	0.8544532061	0.7336771488	0.5393418074	0
1705	0.6120978594	0.6120978594	0	0	0.8672818542	0.7474187016	0.5590565801	0
1706	0.5941868424	0.5941868424	0	0	0.878059566	0.7650547028	0.5895138979	0
1707	0.6133781075	0.6133781075	0	0	0.8753241301	0.7608405352	0.5830562115	0
1708	0.5531434417	0.5531434417	0	0	0.8489366174	0.7272657752	0.5338828564	0
1709	0.5372692347	0.5372692347	0	0	0.8486906886	0.7266891003	0.5349795222	0
1710	0.4990824759	0.4990824759	0	0	0.8566048741	0.7448672652	0.5526709557	0
1711	0.4945656359	0.4945656359	0	0	0.8600626588	0.7465215325	0.5577328205	0
1712	0.4834684134	0.4834684134	0	0	0.8524224162	0.7307190299	0.5375661254	0
1713	0.5292521119	0.5292521119	0	0	0.8765031695	0.7637090087	0.5813939571	0
1714	0.4566216171	0.4566216171	0	0	0.8781058192	0.7647418976	0.5917904973	0
1715	0.4624997079	0.4624997079	0	0	0.8770710826	0.7628130317	0.5858554244	0
1716	0.4306774139	0.4306774139	0	0	0.8560964465	0.7401177883	0.5495404005	0
1717	0.4297372699	0.4297372699	0	0	0.8601689935	0.7416941524	0.5545532703	0
1718	0.4939163327	0.4939163327	0	0	0.841869235	0.7230296731	0.518909514	0
1719	0.5042088032	0.5042088032	0	0	0.8663300276	0.7539170384	0.5669999719	0
1720	0.5042698383	0.5042698383	0	0	0.8588097692	0.7402486801	0.5506463647	0
1721	0.4867522418	0.4867522418	0	0	0.8747130036	0.7610138655	0.5787914395	0
1722	0.4346895814	0.4346895814	0	0	0.8800259829	0.7702051997	0.5983102322	0
1723	0.4482600391	0.4482600391	0	0	0.8710305095	0.7548473477	0.5771894455	0
1724	0.4522001743	0.4522001743	0	0	0.8487035036	0.7297660708	0.5412327647	0
1725	0.5097244978	0.5097244978	0	0	0.8506634831	0.7289477587	0.5370812416	0
1726	0.5338576436	0.5338576436	0	0	0.8424464464	0.7228251696	0.5190019011	0
1727	0.4805451334	0.4805451334	0	0	0.8679076433	0.7556830645	0.574472785	0
1728	0.51665622	0.51665622	0	0	0.8567678332	0.7364327312	0.547059834	0
1729	0.6144598722	0.6144598722	0	0	0.8779495955	0.7653247118	0.591571331	0
1730	0.5431603193	0.5431603193	0	0	0.8821513653	0.7726634741	0.6036592722	0
1731	0.5551733375	0.5551733375	0	0	0.8764338493	0.763861239	0.5878072977	0
1732	0.5677528977	0.5677528977	0	0	0.8596243262	0.7458073497	0.5583642125	0
1733	0.5412970781	0.5412970781	0	0	0.858605504	0.7409306169	0.5520512462	0
1734	0.5796274543	0.5796274543	0	0	0.8582977057	0.7464423776	0.5478952527	0
1735	0.4657200873	0.4657200873	0	0	0.8759754896	0.7683845758	0.5876017213	0
1736	0.4498410523	0.4498410523	0	0	0.874817431	0.7636956573	0.5767039657	0
1737	0.4237971604	0.4237971604	0	0	0.889392674	0.7839177251	0.6090066433	0
1738	0.3625926375	0.3625926375	0	0	0.8981097341	0.8012552857	0.6370368004	0
1739	0.3805786669	0.3805786669	0	0	0.8923099041	0.7893387079	0.6226099133	0
1740	0.3847050071	0.3847050071	0	0	0.8808023334	0.7764915228	0.5966524482	0
1741	0.452873379	0.452873379	0	0	0.8797329664	0.7692446113	0.5914504528	0
1742	0.5177728534	0.5177728534	0	0	0.8722886443	0.7650836706	0.5684783459	0
1743	0.4747044742	0.4747044742	0	0	0.8895374537	0.7915925384	0.610522151	0
1744	0.4514819682	0.4514819682	0	0	0.8886861205	0.7866277099	0.6032882929	0
1745	0.4377314746	0.4377314746	0	0	0.8983374834	0.8021194935	0.6312502623	0
1746	0.4223691523	0.4223691523	0	0	0.896527946	0.797534287	0.637945652	0
1747	0.4438058436	0.4438058436	0	0	0.8884986043	0.7830882072	0.6170270443	0
1748	0.4461699426	0.4461699426	0	0	0.8767114282	0.7693918347	0.5937725902	0
1749	0.4675965607	0.4675965607	0	0	0.8809896111	0.7732602954	0.5989714265	0
1750	0.4678069949	0.4678069949	0	0	0.8791201711	0.7746214271	0.587336719	0
1751	0.4357631803	0.4357631803	0	0	0.8884751201	0.7871001363	0.6061818004	0
1752	0.4658513665	0.4658513665	0	0	0.893828094	0.7922493219	0.6161817908	0
1753	0.5007576942	0.5007576942	0	0	0.8994396925	0.7998700738	0.6328756809	0
1754	0.5121844411	0.5121844411	0	0	0.9000724554	0.7996881604	0.6431717277	0
1755	0.5212705135	0.5212705135	0	0	0.8949249983	0.7901722193	0.6315979958	0
1756	0.5618265271	0.5618265271	0	0	0.870310843	0.7573797703	0.5770871639	0
1757	0.6397041082	0.6397041082	0	0	0.8583185077	0.7385131717	0.5521844625	0
1758	0.6162181497	0.6162181497	0	0	0.8507130146	0.7455887794	0.5451616049	0
1759	0.6092211604	0.6092211604	0	0	0.8700345159	0.7669780254	0.5700491667	0
1760	0.5807736516	0.5807736516	0	0	0.8792284131	0.7759310603	0.5854824781	0
1761	0.5037800074	0.5037800074	0	0	0.8896371126	0.7919517756	0.610979259	0
1762	0.5109431744	0.5109431744	0	0	0.8915886879	0.7930105925	0.620203793	0
1763	0.565559566	0.565559566	0	0	0.8884772062	0.7880826592	0.616999507	0
1764	0.6760901213	0.6760901213	0	0	0.8599755168	0.7517151237	0.5633753538	0
1765	0.8220419884	0.8220419884	0	0	0.8666550517	0.7538568377	0.569511652	0
1766	0.963919878	0.963919878	0	0	0.8435177803	0.7318418026	0.5271129012	0
1767	1.049798012	1.049798012	0	0	0.8554926515	0.7502946854	0.5384097099	0
1768	1.073461413	1.073461413	0	0	0.8758952022	0.7722483277	0.5748661757	0
1769	0.9096066356	0.9096066356	0	0	0.8810003996	0.7816721797	0.5909839272	0
1770	0.9235047698	0.9235047698	0	0	0.8734635711	0.7676500678	0.5797488093	0
1771	0.910399735	0.910399735	0	0	0.874027431	0.7729274035	0.5887411833	0
1772	0.9389429688	0.9389429688	0	0	0.8344044685	0.7286881208	0.5310866237	0
1773	1.058921456	1.058921456	0	0	0.8434820771	0.7314273119	0.5343758464	0
1774	1.087751269	1.087751269	0	0	0.861728549	0.7578044534	0.5649847388	0
1775	1.055211782	1.055211782	0	0	0.8551547527	0.7497092485	0.5383199453	0
1776	1.008858919	1.008858919	0	0	0.865437746	0.7623388171	0.5585437417	0
1777	1.00185442	1.00185442	0	0	0.8813448548	0.7827439308	0.5917063355	0
1778	1.018818498	1.018818498	0	0	0.8841899037	0.7818581462	0.6074422002	0
1779	0.9843633771	0.9843633771	0	0	0.8834741712	0.783531189	0.6107819676	0
1780	1.106406927	1.106406927	0	0	0.8398807049	0.733520329	0.5360080004	0
1781	1.187083364	1.187083364	0	0	0.8560948968	0.7509704828	0.5590857267	0
1782	1.165092826	1.165092826	0	0	0.8420866132	0.7350323796	0.5383107066	0
1783	1.207667351	1.207667351	0	0	0.8502547741	0.743852973	0.5343232751	0
1784	1.124952078	1.124952078	0	0	0.8512984514	0.7435635328	0.5453981161	0
1785	0.9601849914	0.9601849914	0	0	0.8588619232	0.7543500066	0.5602294207	0
1786	0.9840342999	0.9840342999	0	0	0.8770017028	0.7615580559	0.5967036486	0
1787	1.000371099	1.000371099	0	0	0.8784570098	0.7646490932	0.6095108986	0
1788	1.071561217	1.071561217	0	0	0.8451988697	0.7338539362	0.5436342955	0
1789	1.257176757	1.257176757	0	0	0.8702222109	0.7547138333	0.5864725709	0
1790	1.352939367	1.352939367	0	0	0.8356587291	0.7212350965	0.5152965188	0
1791	1.475252628	1.475252628	0	0	0.8497537971	0.7397933006	0.5307012796	0
1792	1.387619615	1.387619615	0	0	0.8813520074	0.7760238647	0.5926644802	0
1793	1.225160122	1.225160122	0	0	0.8738209605	0.7691203356	0.5854853392	0
1794	1.294250131	1.294250131	0	0	0.8693944216	0.7632399797	0.5823031068	0
1795	1.287003875	1.287003875	0	0	0.8785771132	0.7801986933	0.6080161929	0
1796	1.347476006	1.347476006	0	0	0.8438097835	0.7384848595	0.5447570086	0
1797	1.429656386	1.429656386	0	0	0.8583401442	0.7533757091	0.5646132231	0
1798	1.365050435	1.365050435	0	0	0.8689799309	0.7641413808	0.5769762397	0
1799	1.314385295	1.314385295	0	0	0.8760540485	0.7749887109	0.5826826692	0
1800	1.285891414	1.285891414	0	0	0.8906097412	0.7921626568	0.6139367223	0
1801	1.242682099	1.242682099	0	0	0.8932709694	0.7974174023	0.6263371706	0
1802	1.359225035	1.359225035	0	0	0.8824132085	0.7846357226	0.609659493	0
1803	1.406869411	1.406869411	0	0	0.8861597776	0.7944136262	0.6283789277	0
1804	1.542422652	1.542422652	0	0	0.8389924169	0.7333579063	0.5371178389	0
1805	1.667414665	1.667414665	0	0	0.8469950557	0.7393360138	0.5434707999	0
1806	1.554382324	1.554382324	0	0	0.8497626185	0.7468531728	0.5488986969	0
1807	1.64431107	1.64431107	0	0	0.8495351672	0.7484873533	0.5391755104	0
1808	1.501825213	1.501825213	0	0	0.8839154243	0.7854617834	0.6028170586	0
1809	1.308045626	1.308045626	0	0	0.8923100233	0.7993655205	0.6263958812	0
1810	1.355176091	1.355176091	0	0	0.8794928193	0.7841614485	0.6073021293	0
1811	1.443154454	1.443154454	0	0	0.8805200458	0.789236784	0.6206229329	0
1812	1.664124608	1.664124608	0	0	0.8440420032	0.747513175	0.5555478334	0
1813	1.792282343	1.792282343	0	0	0.872533679	0.7713621855	0.592048347	0
1814	1.929864764	1.929864764	0	0	0.8598027229	0.7545105219	0.5581235886	0
1815	2.110722065	2.110722065	0	0	0.8574069738	0.7631253004	0.5584093928	0
1816	1.944155216	1.944155216	0	0	0.8788280487	0.7828044891	0.5934436917	0
1817	1.751208663	1.751208663	0	0	0.8859472871	0.7906568646	0.6102566719	0
1818	1.828027844	1.828027844	0	0	0.8672178984	0.7640145421	0.5830537677	0
1819	1.847121835	1.847121835	0	0	0.87367028	0.7762038708	0.6037178636	0
1820	1.905415893	1.905415893	0	0	0.8211283088	0.711048007	0.5142216086	0
1821	1.999848366	1.999848366	0	0	0.8463647962	0.7410776615	0.5501267314	0
1822	1.944284678	1.944284678	0	0	0.8412007689	0.7374666929	0.5371786952	0
1823	2.06727457	2.06727457	0	0	0.856778264	0.7600050569	0.5520604253	0
1824	1.911799073	1.911799073	0	0	0.8733440638	0.7727590203	0.5783872008	0
1825	1.777326107	1.777326107	0	0	0.8801638484	0.779777348	0.5952234864	0
1826	1.939576268	1.939576268	0	0	0.8719352484	0.7692772746	0.5888062119	0
1827	1.938654423	1.938654423	0	0	0.8756181598	0.7764874697	0.6040658951	0
1828	2.096212387	2.096212387	0	0	0.8378397822	0.7337861061	0.5353568792	0
1829	2.226839781	2.226839781	0	0	0.8359692097	0.7311976552	0.5291289091	0
1830	2.259245396	2.259245396	0	0	0.830275774	0.7251651883	0.5170946717	0
1831	2.370214224	2.370214224	0	0	0.8459308147	0.7453067899	0.5371639132	0
1832	2.075537443	2.075537443	0	0	0.8704900146	0.7724801898	0.5771306157	0
1833	1.826481223	1.826481223	0	0	0.8817194104	0.785274148	0.6034519076	0
1834	1.823552132	1.823552132	0	0	0.8879160285	0.7835323811	0.6181367636	0
1835	1.689923763	1.689923763	0	0	0.8875624537	0.7822685242	0.6263594031	0
1836	1.728350997	1.728350997	0	0	0.8675346375	0.7544788718	0.5850024819	0
1837	1.865219474	1.865219474	0	0	0.8720842004	0.7553898096	0.5940951109	0
1838	1.91808033	1.91808033	0	0	0.8733862638	0.7556565404	0.5929666758	0
1839	2.018895149	2.018895149	0	0	0.8740307093	0.7566595078	0.5901381373	0
1840	1.873341203	1.873341203	0	0	0.8858273625	0.7730608582	0.6123678684	0
1841	1.790220737	1.790220737	0	0	0.8871900439	0.7785816193	0.6188287139	0
1842	1.842043519	1.842043519	0	0	0.8911371827	0.7830652595	0.6293254495	0
1843	1.841858506	1.841858506	0	0	0.8933206201	0.7867636085	0.6362600327	0
1844	1.885866046	1.885866046	0	0	0.8815600276	0.7716305256	0.6049486399	0
1845	1.964166045	1.964166045	0	0	0.8846738935	0.7767569423	0.6091797948	0
1846	1.919413447	1.919413447	0	0	0.8788972497	0.7722677588	0.5944367647	0
1847	1.965081692	1.965081692	0	0	0.8782823682	0.7740011811	0.5944005251	0
1848	1.855626106	1.855626106	0	0	0.8853156567	0.7776126862	0.6041140556	0
1849	1.738649964	1.738649964	0	0	0.8887759447	0.7848713398	0.619181931	0
1850	1.708174348	1.708174348	0	0	0.8907961845	0.7907005548	0.6297843456	0
1851	1.727943063	1.727943063	0	0	0.8902043104	0.7897078991	0.6286122203	0
1852	1.766402125	1.766402125	0	0	0.8709927797	0.7653489113	0.5862545371	0
1853	1.834776163	1.834776163	0	0	0.8723372221	0.7672941089	0.5835465789	0
1854	1.893242598	1.893242598	0	0	0.8567627668	0.753082931	0.5580979586	0
1855	1.948542595	1.948542595	0	0	0.8582426906	0.7597227097	0.5651949644	0
1856	1.773931265	1.773931265	0	0	0.8739381433	0.773683846	0.5839009881	0
1857	1.652358651	1.652358651	0	0	0.88871032	0.7932248116	0.6202326417	0
1858	1.609233618	1.609233618	0	0	0.8887429833	0.7931424975	0.6324580312	0
1859	1.466691732	1.466691732	0	0	0.8828138709	0.7870277166	0.6244664192	0
1860	1.421495557	1.421495557	0	0	0.8564887047	0.7578707933	0.5819741488	0
1861	1.393265724	1.393265724	0	0	0.8670406342	0.7631273866	0.5891457796	0
1862	1.335387707	1.335387707	0	0	0.861715138	0.7555729747	0.5802081823	0
1863	1.348000884	1.348000884	0	0	0.8587945104	0.7544049025	0.5777253509	0
1864	1.338876724	1.338876724	0	0	0.8805096745	0.77884835	0.6118114591	0
1865	1.26414597	1.26414597	0	0	0.8948168755	0.804843545	0.6452338099	0
1866	1.25852108	1.25852108	0	0	0.8989453316	0.8144547343	0.6585764885	0
1867	1.272982955	1.272982955	0	0	0.8929072618	0.803377986	0.6424018741	0
1868	1.34894073	1.34894073	0	0	0.8844183087	0.7959864736	0.6227658391	0
1869	1.351878524	1.351878524	0	0	0.8920227289	0.8032242656	0.6320874095	0
1870	1.324911714	1.324911714	0	0	0.8874840736	0.7976823449	0.6232924461	0
1871	1.304918051	1.304918051	0	0	0.8765681982	0.7823483348	0.6025329232	0
1872	1.285792828	1.285792828	0	0	0.8896397948	0.7951681018	0.626506567	0
1873	1.276388764	1.276388764	0	0	0.8894745708	0.7982226014	0.6305975914	0
1874	1.315970659	1.315970659	0	0	0.8944853544	0.8101994395	0.6477408409	0
1875	1.372099519	1.372099519	0	0	0.8963243365	0.8108690381	0.6537851691	0
1876	1.436364055	1.436364055	0	0	0.881718874	0.7932938337	0.6197214127	0
1877	1.439238906	1.439238906	0	0	0.8859657049	0.7940915227	0.6170704961	0
1878	1.420653462	1.420653462	0	0	0.8734528422	0.7801110148	0.5955948234	0
1879	1.455473542	1.455473542	0	0	0.874569118	0.7798777223	0.5977370143	0
1880	1.377623558	1.377623558	0	0	0.8831702471	0.7866004109	0.6092400551	0
1881	1.359073877	1.359073877	0	0	0.891427815	0.8016148806	0.634726882	0
1882	1.311933279	1.311933279	0	0	0.8910288215	0.8059917688	0.6425124407	0
1883	1.333035588	1.333035588	0	0	0.892978847	0.8045813441	0.6474481225	0
1884	1.336112976	1.336112976	0	0	0.8878796697	0.7975354791	0.6347283125	0
1885	1.241513968	1.241513968	0	0	0.8820720911	0.7803878784	0.6099200249	0
1886	1.26076448	1.26076448	0	0	0.8816707134	0.7754445672	0.6075671315	0
1887	1.42303443	1.42303443	0	0	0.8839281201	0.7816992998	0.6184130907	0
1888	1.472505808	1.472505808	0	0	0.8961590528	0.7947567701	0.6450181603	0
1889	1.307966352	1.307966352	0	0	0.9028632045	0.809990108	0.6617562175	0
1890	1.13052547	1.13052547	0	0	0.9079010487	0.82433182	0.6764513254	0
1891	1.174684882	1.174684882	0	0	0.9037035108	0.8180401325	0.6681979895	0
1892	1.21794796	1.21794796	0	0	0.9002444148	0.8183907866	0.6618807912	0
1893	1.159852147	1.159852147	0	0	0.8947205544	0.8065138459	0.6407283545	0
1894	1.125558615	1.125558615	0	0	0.879750371	0.7818100452	0.6032339334	0
1895	1.208283782	1.208283782	0	0	0.8835589886	0.7884938121	0.6176050901	0
1896	1.199840307	1.199840307	0	0	0.8922138214	0.7941696644	0.6296257973	0
1897	1.161959529	1.161959529	0	0	0.8968157768	0.8043006659	0.6429828405	0
1898	1.084234357	1.084234357	0	0	0.9047663808	0.8242434263	0.6686251163	0
1899	1.18416667	1.18416667	0	0	0.9038195014	0.8245606422	0.6710810661	0
1900	1.215386391	1.215386391	0	0	0.8966454864	0.821171701	0.6558995247	0
1901	1.122908235	1.122908235	0	0	0.8877699971	0.8028978705	0.6247748137	0
1902	1.0800457	1.0800457	0	0	0.869885385	0.7753251195	0.5864883661	0
1903	1.101201177	1.101201177	0	0	0.8690778017	0.7775395513	0.5911767483	0
1904	1.054132819	1.054132819	0	0	0.8753369451	0.7811412811	0.5961319208	0
1905	1.114978552	1.114978552	0	0	0.8992596865	0.8149787188	0.6554300189	0
1906	1.010560274	1.010560274	0	0	0.9075856805	0.8287981749	0.6798030734	0
1907	1.132657051	1.132657051	0	0	0.9001057148	0.8191131353	0.6666375399	0
1908	1.283149362	1.283149362	0	0	0.8929979205	0.8149763942	0.6555277109	0
1909	1.162455797	1.162455797	0	0	0.8889299035	0.7982602119	0.6333472133	0
1910	1.092284083	1.092284083	0	0	0.879570365	0.7808451653	0.6093908548	0
1911	1.358547568	1.358547568	0	0	0.8822910786	0.7879109383	0.6266922951	0
1912	1.449788928	1.449788928	0	0	0.890473783	0.7956438661	0.6395148039	0
1913	1.428048849	1.428048849	0	0	0.901943028	0.8153305054	0.6692479849	0
1914	1.284178257	1.284178257	0	0	0.910517633	0.8349678516	0.6953490973	0
1915	1.19495213	1.19495213	0	0	0.9036911726	0.8233512044	0.6743329167	0
1916	1.396498322	1.396498322	0	0	0.9000398517	0.8278912306	0.674017787	0
1917	1.225785971	1.225785971	0	0	0.8908648491	0.8081923723	0.6435108185	0
1918	1.11183989	1.11183989	0	0	0.8791381121	0.7898816466	0.6184405088	0
1919	1.363001108	1.363001108	0	0	0.8814215064	0.7953416109	0.6335304379	0
1920	1.280143499	1.280143499	0	0	0.8888338208	0.8007160425	0.6366599798	0
1921	1.412271857	1.412271857	0	0	0.8989084959	0.8122250438	0.6574163437	0
1922	1.315442443	1.315442443	0	0	0.9112871885	0.8355478644	0.6930699348	0
1923	1.226087093	1.226087093	0	0	0.9071152806	0.8273361921	0.6793069243	0
1924	1.40549612	1.40549612	0	0	0.9029231071	0.8267912269	0.6744611263	0
1925	1.223003507	1.223003507	0	0	0.894939065	0.8090251684	0.6465725899	0
1926	1.278010726	1.278010726	0	0	0.8819791079	0.7913398743	0.6263585687	0
1927	1.393502951	1.393502951	0	0	0.8875633478	0.8020967841	0.6483833194	0
1928	1.500435233	1.500435233	0	0	0.8941352367	0.805327177	0.6522183418	0
1929	1.555681109	1.555681109	0	0	0.9044818878	0.8191315532	0.67304039	0
1930	1.194451451	1.194451451	0	0	0.9135264158	0.837169528	0.6999843717	0
1931	1.222424269	1.222424269	0	0	0.9057891369	0.8218480349	0.6785194278	0
1932	1.454781651	1.454781651	0	0	0.8993039131	0.8147092462	0.66641891	0
1933	1.210201621	1.210201621	0	0	0.8903899193	0.7932749391	0.6398476362	0
1934	1.257543802	1.257543802	0	0	0.8811269403	0.7817727923	0.6203964949	0
1935	1.352035284	1.352035284	0	0	0.8874588013	0.7937785387	0.6441910863	0
1936	1.363013864	1.363013864	0	0	0.8952827454	0.8002902269	0.6536391973	0
1937	1.232084155	1.232084155	0	0	0.9022520781	0.8120888472	0.6683484316	0
1938	1.200561762	1.200561762	0	0	0.9152052999	0.8297505379	0.7057965398	0
1939	1.061807752	1.061807752	0	0	0.9045869112	0.8143602014	0.673813045	0
1940	1.299370885	1.299370885	0	0	0.906296134	0.8245629668	0.6872208714	0
1941	1.075283766	1.075283766	0	0	0.899092555	0.8101294637	0.6610983014	0
1942	1.128123164	1.128123164	0	0	0.8981099725	0.804885149	0.665538311	0
1943	1.185421944	1.185421944	0	0	0.8988667727	0.8056257963	0.6705070734	0
1944	1.262157559	1.262157559	0	0	0.9052048922	0.8135287762	0.6782767177	0
1945	1.396741748	1.396741748	0	0	0.9111728668	0.8247338533	0.6930596828	0
1946	1.090422988	1.090422988	0	0	0.9190436006	0.8414185643	0.714994967	0
1947	0.9119006395	0.9119006395	0	0	0.9054359198	0.8168838024	0.6726791859	0
1948	1.072978377	1.072978377	0	0	0.9059019685	0.8231830597	0.6773146391	0
1949	0.9929956794	0.9929956794	0	0	0.8995555043	0.8077288866	0.6576589346	0
1950	1.019020081	1.019020081	0	0	0.8931819201	0.7940594554	0.6484276056	0
1951	1.197376847	1.197376847	0	0	0.9005331993	0.8041385412	0.667766273	0
1952	1.125334263	1.125334263	0	0	0.9034149647	0.8088287115	0.666874826	0
1953	1.07704401	1.07704401	0	0	0.9075304866	0.818143189	0.6775460839	0
1954	0.825809598	0.825809598	0	0	0.9159523845	0.8326042891	0.6996270418	0
1955	0.854267478	0.854267478	0	0	0.9080688953	0.8175725341	0.6755709052	0
1956	0.8885231018	0.8885231018	0	0	0.9047073126	0.8195897937	0.6714539528	0
1957	0.937497437	0.937497437	0	0	0.8989807963	0.8050602674	0.6530165672	0
1958	0.9391730428	0.9391730428	0	0	0.8938210607	0.7951197624	0.644399941	0
1959	0.9707869291	0.9707869291	0	0	0.9062922597	0.8149622083	0.6772917509	0
1960	1.001334906	1.001334906	0	0	0.9060748219	0.8110023737	0.6690135598	0
1961	0.8546634912	0.8546634912	0	0	0.8990738988	0.805594027	0.6532988548	0
1962	0.7095100284	0.7095100284	0	0	0.9084045887	0.8262478709	0.6840609312	0
1963	0.7811492682	0.7811492682	0	0	0.900619626	0.8142654896	0.6595742106	0
1964	0.83905828	0.83905828	0	0	0.9024134874	0.8241915107	0.6727715731	0
1965	0.8671324849	0.8671324849	0	0	0.8909147382	0.8000152111	0.6335682869	0
1966	0.8150438666	0.8150438666	0	0	0.8936088085	0.8029075861	0.6506869197	0
1967	0.8373564482	0.8373564482	0	0	0.8945925832	0.8013812304	0.6508492231	0
1968	0.9147614837	0.9147614837	0	0	0.9030274153	0.8114417195	0.6649733186	0
1969	0.8751460314	0.8751460314	0	0	0.8969988823	0.8123993874	0.6549429893	0
1970	0.6768190861	0.6768190861	0	0	0.908135891	0.8315792084	0.6870301366	0
1971	0.6481528282	0.6481528282	0	0	0.8954585791	0.8088014722	0.6459356546	0
1972	0.6563454866	0.6563454866	0	0	0.8920897245	0.8105441332	0.6413921118	0
1973	0.6872121096	0.6872121096	0	0	0.8823131323	0.7950281501	0.6139506102	0
1974	0.7320384979	0.7320384979	0	0	0.8816698194	0.7901105285	0.6219741106	0
1975	0.6365333796	0.6365333796	0	0	0.8868538141	0.7946066856	0.633599937	0
1976	0.6706463695	0.6706463695	0	0	0.8871365786	0.7922142744	0.6261243224	0
1977	0.7249317169	0.7249317169	0	0	0.8958858252	0.8095906377	0.6471421719	0
1978	0.5914542079	0.5914542079	0	0	0.911752522	0.8327246308	0.6908845305	0
1979	0.5687893629	0.5687893629	0	0	0.8976513147	0.8107655644	0.6506222486	0
1980	0.5792316794	0.5792316794	0	0	0.8950531483	0.8146558404	0.6493319273	0
1981	0.5799121857	0.5799121857	0	0	0.8856889009	0.7967101336	0.6180861592	0
1982	0.6167195439	0.6167195439	0	0	0.8854392767	0.7944462895	0.6238133907	0
1983	0.5848344564	0.5848344564	0	0	0.8818483949	0.7897558808	0.6191590428	0
1984	0.6303118467	0.6303118467	0	0	0.8848930597	0.7887476683	0.6215382218	0
1985	0.58334589	0.58334589	0	0	0.8799613714	0.7866549492	0.6112582088	0
1986	0.5382429957	0.5382429957	0	0	0.8927957416	0.8118752837	0.6529080868	0
1987	0.5178031921	0.5178031921	0	0	0.8778691292	0.7920604944	0.6215933561	0
1988	0.5264099836	0.5264099836	0	0	0.8683047295	0.7858817577	0.6038527489	0
1989	0.5777090192	0.5777090192	0	0	0.876203239	0.7926200628	0.6036061049	0
1990	0.6066837311	0.6066837311	0	0	0.8873518109	0.8026660085	0.6339389682	0
1991	0.5525994897	0.5525994897	0	0	0.8830974102	0.7926897407	0.624065876	0
1992	0.5873557925	0.5873557925	0	0	0.886908114	0.7931288481	0.6254114509	0
1993	0.6017596722	0.6017596722	0	0	0.8927518129	0.8063810468	0.6428892016	0
1994	0.5397416353	0.5397416353	0	0	0.9015644789	0.8201076984	0.668053329	0
1995	0.5412552357	0.5412552357	0	0	0.8895531893	0.8041328192	0.6387965679	0
1996	0.5381714106	0.5381714106	0	0	0.8759043813	0.7910892963	0.6102504134	0
1997	0.5563803911	0.5563803911	0	0	0.8718782067	0.7831772566	0.5955681205	0
1998	0.6325454712	0.6325454712	0	0	0.887039721	0.8008284569	0.6310009956	0
1999	0.5733644366	0.5733644366	0	0	0.8808357716	0.7855820656	0.6115670204	0
2000	0.6085051298	0.6085051298	0	0	0.8841994405	0.785662353	0.6128397584	0
2001	0.6197500825	0.6197500825	0	0	0.8888388872	0.7970173359	0.622741282	0
2002	0.5594078302	0.5594078302	0	0	0.8988434672	0.8143235445	0.6599867344	0
2003	0.6047224402	0.6047224402	0	0	0.8875004649	0.7950018644	0.6325809956	0
2004	0.5560148954	0.5560148954	0	0	0.8744792938	0.7805525661	0.6081135869	0
2005	0.615942657	0.615942657	0	0	0.8689368963	0.7667544484	0.58829391	0
2006	0.6491170526	0.6491170526	0	0	0.876563549	0.775277257	0.6083717346	0
2007	0.6043076515	0.6043076515	0	0	0.8853376508	0.7823417187	0.6208818555	0
2008	0.6930971742	0.6930971742	0	0	0.895424366	0.7883503437	0.6375886202	0
2009	0.6227998137	0.6227998137	0	0	0.8920171857	0.7876535058	0.6271818876	0
2010	0.4108627737	0.4108627737	0	0	0.9023373723	0.8082661629	0.6629983187	0
2011	0.4147301614	0.4147301614	0	0	0.8969061971	0.8025488853	0.6477070451	0
2012	0.3379081488	0.3379081488	0	0	0.8880637288	0.7962118983	0.6280276775	0
2013	0.4099782407	0.4099782407	0	0	0.8832778931	0.7851862311	0.6070576906	0
2014	0.4536581933	0.4536581933	0	0	0.8899506927	0.7916784883	0.6325825453	0
2015	0.5166629553	0.5166629553	0	0	0.8849076033	0.7803692818	0.6158226132	0
2016	0.5361748338	0.5361748338	0	0	0.8927489519	0.7926901579	0.6312581897	0
2017	0.5079538226	0.5079538226	0	0	0.8887978792	0.790399909	0.6204426885	0
2018	0.4208162427	0.4208162427	0	0	0.8959684968	0.8019748926	0.6442677975	0
2019	0.4611938	0.4611938	0	0	0.8911016583	0.7931321263	0.6280611753	0
2020	0.4007156789	0.4007156789	0	0	0.8792927861	0.7829427123	0.60223037	0
2021	0.4780323505	0.4780323505	0	0	0.8709102869	0.7704165578	0.5755570531	0
2022	0.5197504759	0.5197504759	0	0	0.8781313896	0.7749129534	0.5947774649	0
2023	0.4903971255	0.4903971255	0	0	0.8731894493	0.763769865	0.5830088258	0
2024	0.5001378059	0.5001378059	0	0	0.8835633397	0.778642118	0.6040962934	0
2025	0.4554587305	0.4554587305	0	0	0.8826122284	0.782459259	0.6036290526	0
2026	0.3661476672	0.3661476672	0	0	0.8985821009	0.8064169288	0.6466420293	0
2027	0.3650041521	0.3650041521	0	0	0.8940305114	0.7989758253	0.6306800842	0
2028	0.3440469503	0.3440469503	0	0	0.8867336512	0.7974600792	0.6171919107	0
2029	0.4053017795	0.4053017795	0	0	0.8779943585	0.7815937996	0.5872746706	0
2030	0.3495562375	0.3495562375	0	0	0.888070941	0.797179997	0.6190663576	0
2031	0.3896567822	0.3896567822	0	0	0.8867818713	0.7922736406	0.6153805852	0
2032	0.4045579433	0.4045579433	0	0	0.8875334859	0.7880158424	0.6111783981	0
2033	0.3375846446	0.3375846446	0	0	0.8797214031	0.78332901	0.5996590853	0
2034	0.2951238453	0.2951238453	0	0	0.8908993602	0.8012051582	0.6303403974	0
2035	0.3152512014	0.3152512014	0	0	0.8859592676	0.7917531133	0.6136546135	0
2036	0.2829711735	0.2829711735	0	0	0.8825265169	0.7913327813	0.6059657931	0
2037	0.3509655595	0.3509655595	0	0	0.869002223	0.7701195478	0.5679383874	0
2038	0.3258199394	0.3258199394	0	0	0.8800016046	0.789111197	0.6030780077	0
2039	0.34224388	0.34224388	0	0	0.8817608356	0.7883890867	0.6035559773	0
2040	0.3475646377	0.3475646377	0	0	0.889369607	0.7921269536	0.6125226021	0
2041	0.3162996769	0.3162996769	0	0	0.8826460838	0.7880473137	0.6005355716	0
2042	0.2888864875	0.2888864875	0	0	0.8831107616	0.7915186882	0.609436512	0
2043	0.3144577146	0.3144577146	0	0	0.8778963685	0.7837166786	0.5960361958	0
2044	0.2784884274	0.2784884274	0	0	0.8685236573	0.7768906355	0.5764266253	0
2045	0.3273403645	0.3273403645	0	0	0.8555417061	0.7560673952	0.5429772139	0
2046	0.3304634094	0.3304634094	0	0	0.8511247039	0.7524229288	0.5415692925	0
2047	0.3569319248	0.3569319248	0	0	0.8578189611	0.76577878	0.5624839067	0
2048	0.327319324	0.327319324	0	0	0.8597937226	0.7570669055	0.5517705083	0
2049	0.3227823675	0.3227823675	0	0	0.8728579283	0.7742645741	0.5762640834	0
2050	0.3068370819	0.3068370819	0	0	0.8796278834	0.7823759913	0.5949437618	0
2051	0.3094862103	0.3094862103	0	0	0.8748384118	0.7771337628	0.5867837667	0
2052	0.2745382786	0.2745382786	0	0	0.8646307588	0.7698125243	0.5684003234	0
2053	0.3019157648	0.3019157648	0	0	0.8842187524	0.7892813087	0.6066352725	0
2054	0.3040651083	0.3040651083	0	0	0.8748165965	0.7785106897	0.5846521854	0
2055	0.3291048408	0.3291048408	0	0	0.8762432337	0.7843657136	0.5923600197	0
2056	0.3340913355	0.3340913355	0	0	0.8900845647	0.7962880731	0.6189396381	0
2057	0.3218040466	0.3218040466	0	0	0.8818231225	0.7852935791	0.6009590626	0
2058	0.2637635767	0.2637635767	0	0	0.8872427344	0.7939314246	0.6159049869	0
2059	0.2849637568	0.2849637568	0	0	0.8835882545	0.7891923785	0.6108710766	0
2060	0.2432399541	0.2432399541	0	0	0.8744769096	0.7837754488	0.5944789052	0
2061	0.3174302578	0.3174302578	0	0	0.8723425269	0.7760372162	0.5794634819	0
2062	0.3146466315	0.3146466315	0	0	0.8781815767	0.7824785113	0.597497344	0
2063	0.3295176327	0.3295176327	0	0	0.8789560199	0.7873781323	0.5993463993	0
2064	0.305048883	0.305048883	0	0	0.8881341815	0.7917301655	0.6093384624	0
2065	0.3123101294	0.3123101294	0	0	0.8925107121	0.7965515852	0.6204762459	0
2066	0.303748548	0.303748548	0	0	0.891256988	0.7938103676	0.6216223836	0
2067	0.3275372088	0.3275372088	0	0	0.8885002136	0.7897673249	0.6154969335	0
2068	0.294272095	0.294272095	0	0	0.8716335297	0.772490263	0.583352685	0
2069	0.3294578195	0.3294578195	0	0	0.8743345141	0.7734739184	0.5813253522	0
2070	0.3392799795	0.3392799795	0	0	0.8746296763	0.7747960687	0.5831692815	0
2071	0.3427530825	0.3427530825	0	0	0.8865593672	0.7919106483	0.6127041578	0
2072	0.3697223961	0.3697223961	0	0	0.8809842467	0.776411593	0.5922716856	0
2073	0.3790446818	0.3790446818	0	0	0.8848790526	0.7815617919	0.5981444716	0
2074	0.3324443698	0.3324443698	0	0	0.8896554112	0.7917472124	0.6200204492	0
2075	0.3493803442	0.3493803442	0	0	0.8865326643	0.7874090075	0.614174962	0
2076	0.3008415103	0.3008415103	0	0	0.8754765391	0.7774443626	0.5882461667	0
2077	0.3251794577	0.3251794577	0	0	0.8849100471	0.7894999981	0.6072493792	0
2078	0.3792537153	0.3792537153	0	0	0.8790382147	0.7812161446	0.5952817798	0
2079	0.3842140734	0.3842140734	0	0	0.8912718892	0.798058033	0.617849648	0
2080	0.4196786284	0.4196786284	0	0	0.8923122883	0.7942388654	0.6188639402	0
2081	0.3836263418	0.3836263418	0	0	0.893479228	0.7951728106	0.6225301027	0
2082	0.3772095144	0.3772095144	0	0	0.8953199983	0.7983921766	0.6361210346	0
2083	0.3847129345	0.3847129345	0	0	0.8898126483	0.7913825512	0.6243553162	0
2084	0.3689322174	0.3689322174	0	0	0.8743969202	0.7736138701	0.5909048915	0
2085	0.4260698855	0.4260698855	0	0	0.882704258	0.7852022052	0.6019726992	0
2086	0.4035805166	0.4035805166	0	0	0.8826979399	0.7851016521	0.6033398509	0
2087	0.3763127029	0.3763127029	0	0	0.8836188316	0.7855753899	0.6019074321	0
2088	0.3836894333	0.3836894333	0	0	0.8790253997	0.7782185078	0.5878626704	0
2089	0.3508028388	0.3508028388	0	0	0.8841661811	0.7850083113	0.6011069417	0
2090	0.3731960952	0.3731960952	0	0	0.8827881813	0.7828071117	0.6048586965	0
2091	0.395006448	0.395006448	0	0	0.8781212568	0.7745709419	0.591663599	0
2092	0.3571145535	0.3571145535	0	0	0.8605778813	0.758681953	0.5555868149	0
2093	0.385926187	0.385926187	0	0	0.8629350066	0.7638165355	0.556800127	0
2094	0.3724566102	0.3724566102	0	0	0.8507069349	0.7481885552	0.5298965573	0
2095	0.3989426792	0.3989426792	0	0	0.8642023206	0.7678428888	0.552477479	0
2096	0.3570517004	0.3570517004	0	0	0.8592177033	0.7554463148	0.5366862416	0
2097	0.3123553395	0.3123553395	0	0	0.8706042171	0.7718536854	0.5649216175	0
2098	0.3440257013	0.3440257013	0	0	0.8822446465	0.7864359617	0.6003277898	0
2099	0.3461995721	0.3461995721	0	0	0.868147254	0.7667640448	0.5666464567	0
2100	0.3539061844	0.3539061844	0	0	0.8672627211	0.7712901831	0.5672090054	0
2101	0.3963231146	0.3963231146	0	0	0.8682757616	0.7720038891	0.5683864355	0
2102	0.4157737195	0.4157737195	0	0	0.8372015953	0.7376295924	0.5065724254	0
2103	0.3885732293	0.3885732293	0	0	0.8668472767	0.7734456658	0.5571265817	0
2104	0.4055996835	0.4055996835	0	0	0.8734200597	0.7751122713	0.5692566037	0
2105	0.3494910598	0.3494910598	0	0	0.8715434074	0.7707145214	0.5707281828	0
2106	0.394880116	0.394880116	0	0	0.8882271647	0.7975742817	0.6166682243	0
2107	0.3423428237	0.3423428237	0	0	0.8837293983	0.7899360657	0.6031262279	0
2108	0.4183072448	0.4183072448	0	0	0.8582171202	0.7575995922	0.5451741815	0
2109	0.4076465964	0.4076465964	0	0	0.8695358038	0.7716530561	0.5709034204	0
2110	0.4214795828	0.4214795828	0	0	0.8568951488	0.7555985451	0.5452831984	0
2111	0.4093604684	0.4093604684	0	0	0.8660689592	0.7702747583	0.550614655	0
2112	0.4450401664	0.4450401664	0	0	0.8759505749	0.778857708	0.5713433027	0
2113	0.3624183238	0.3624183238	0	0	0.8737656474	0.7769957781	0.572750926	0
2114	0.4153312445	0.4153312445	0	0	0.8845326304	0.7935097218	0.6068821549	0
2115	0.3654599786	0.3654599786	0	0	0.8749825358	0.7792108655	0.5859160423	0
2116	0.3795203567	0.3795203567	0	0	0.8563218117	0.7562966943	0.5437838435	0
2117	0.4472227991	0.4472227991	0	0	0.8511439562	0.7475094795	0.5335905552	0
2118	0.4486947358	0.4486947358	0	0	0.8381550312	0.7355639935	0.5075972676	0
2119	0.4000793695	0.4000793695	0	0	0.8384461403	0.7360777855	0.5010527372	0
2120	0.387293011	0.387293011	0	0	0.8527064323	0.7526323795	0.529422164	0
2121	0.3702546358	0.3702546358	0	0	0.8617268801	0.7607039809	0.5497282147	0
2122	0.4273045063	0.4273045063	0	0	0.8866232038	0.7908220887	0.6118166447	0
2123	0.4158459604	0.4158459604	0	0	0.8891587257	0.7915184498	0.6160179377	0
2124	0.4137800634	0.4137800634	0	0	0.8763685822	0.7788758278	0.5865150094	0
2125	0.4191532135	0.4191532135	0	0	0.8801567554	0.7820129395	0.5892835855	0
2126	0.4935413003	0.4935413003	0	0	0.8564955592	0.7536275983	0.5359712243	0
2127	0.414868772	0.414868772	0	0	0.8678136468	0.7655164003	0.554422915	0
2128	0.4604815543	0.4604815543	0	0	0.8740326166	0.7725287676	0.571698904	0
2129	0.4137554169	0.4137554169	0	0	0.8671956062	0.7622363567	0.5589640737	0
2130	0.4334473312	0.4334473312	0	0	0.8869585395	0.7956101298	0.6179847121	0
2131	0.4025275707	0.4025275707	0	0	0.8837862611	0.7881533504	0.6056988239	0
2132	0.4508445263	0.4508445263	0	0	0.8588106036	0.7577385902	0.5511696935	0
2133	0.5285639167	0.5285639167	0	0	0.8619635701	0.758243382	0.5507671833	0
2134	0.5539385676	0.5539385676	0	0	0.8570824862	0.7555363774	0.5368563533	0
2135	0.5086691976	0.5086691976	0	0	0.8687730432	0.768356204	0.5579493046	0
2136	0.4926430285	0.4926430285	0	0	0.8760240674	0.7769782543	0.5753499269	0
2137	0.4807120264	0.4807120264	0	0	0.8808395863	0.7837969661	0.5893887877	0
2138	0.5363406539	0.5363406539	0	0	0.8945242763	0.804528296	0.6289619207	0
2139	0.6020430326	0.6020430326	0	0	0.8910906911	0.7950255871	0.6181240082	0
2140	0.6440213323	0.6440213323	0	0	0.8681891561	0.7636172771	0.564819932	0
2141	0.5520905256	0.5520905256	0	0	0.8607042432	0.7564490438	0.5542526841	0
2142	0.6267479658	0.6267479658	0	0	0.8468399048	0.7477927208	0.5297916532	0
2143	0.5526463389	0.5526463389	0	0	0.8763016462	0.7805582881	0.5756472349	0
2144	0.5064381361	0.5064381361	0	0	0.8714148998	0.7760745287	0.5693426728	0
2145	0.4484364986	0.4484364986	0	0	0.881126225	0.7913567424	0.5946686864	0
2146	0.5137013793	0.5137013793	0	0	0.89540416	0.8062224388	0.6330417991	0
2147	0.4967934787	0.4967934787	0	0	0.8913030028	0.7990176678	0.6214157343	0
2148	0.4827950001	0.4827950001	0	0	0.8771889806	0.7853776813	0.5868943334	0
2149	0.5181456208	0.5181456208	0	0	0.852737546	0.7490052581	0.5392767787	0
2150	0.6449402571	0.6449402571	0	0	0.8403770924	0.7388011217	0.5116887093	0
2151	0.6136898994	0.6136898994	0	0	0.8764504194	0.7816403508	0.5751095414	0
2152	0.5936996937	0.5936996937	0	0	0.8828985095	0.7894015312	0.5940911174	0
2153	0.5621605515	0.5621605515	0	0	0.877004087	0.7796654701	0.5861186385	0
2154	0.5232998133	0.5232998133	0	0	0.9008965492	0.8147340417	0.6509750485	0
2155	0.528390944	0.528390944	0	0	0.8805488348	0.7828248143	0.5985956192	0
2156	0.6038745046	0.6038745046	0	0	0.8683636785	0.7683051825	0.5688095689	0
2157	0.5713955164	0.5713955164	0	0	0.8567182422	0.7537274361	0.5521008372	0
2158	0.6426129937	0.6426129937	0	0	0.8571026921	0.7557295561	0.5499157906	0
2159	0.591019094	0.591019094	0	0	0.878855288	0.7819060087	0.5843557119	0
2160	0.6140868068	0.6140868068	0	0	0.8825503588	0.7860772014	0.5910547376	0
2161	0.6712628603	0.6712628603	0	0	0.8805809021	0.7824406624	0.5880711079	0
2162	0.6070160866	0.6070160866	0	0	0.8981372118	0.8080828786	0.6360113621	0
2163	0.7250947356	0.7250947356	0	0	0.8883734345	0.7902863622	0.6096785069	0
2164	0.7410376668	0.7410376668	0	0	0.8668969274	0.7642558813	0.5650488138	0
2165	0.7624641657	0.7624641657	0	0	0.8486685157	0.7418962121	0.5339890718	0
2166	0.6322125196	0.6322125196	0	0	0.8486813903	0.7505214214	0.5341591239	0
2167	0.6204189062	0.6204189062	0	0	0.8721295595	0.7772954106	0.5739834309	0
2168	0.5464683771	0.5464683771	0	0	0.8687334657	0.7713783979	0.5657052398	0
2169	0.478043735	0.478043735	0	0	0.8775780797	0.7879207134	0.5902631879	0
2170	0.482216239	0.482216239	0	0	0.9017186761	0.8110575676	0.6470190883	0
2171	0.5469689369	0.5469689369	0	0	0.8909161091	0.7909798622	0.6175149083	0
2172	0.555295527	0.555295527	0	0	0.8785440326	0.7791188359	0.5831397176	0
2173	0.549084425	0.549084425	0	0	0.8636707067	0.7557791471	0.5540226698	0
2174	0.7491393089	0.7491393089	0	0	0.8651973009	0.7525884509	0.5667713881	0
2175	0.7270535231	0.7270535231	0	0	0.8732295036	0.761854589	0.5820855498	0
2176	0.6142888069	0.6142888069	0	0	0.8840507269	0.7775171399	0.6072594523	0
2177	0.5518559217	0.5518559217	0	0	0.8906803131	0.7893103361	0.6216296554	0
2178	0.5101908445	0.5101908445	0	0	0.9020732045	0.8055298328	0.6521701813	0
2179	0.5687357783	0.5687357783	0	0	0.889623642	0.7831022143	0.6187876463	0
2180	0.5655027032	0.5655027032	0	0	0.8815394044	0.7748402357	0.5938708186	0
2181	0.5954203606	0.5954203606	0	0	0.8664952517	0.75386554	0.5595806837	0
2182	0.6589457393	0.6589457393	0	0	0.8790146112	0.7730057836	0.5885931253	0
2183	0.621999681	0.621999681	0	0	0.8872519135	0.7845965028	0.608158648	0
2184	0.5731239915	0.5731239915	0	0	0.8907546997	0.7884718776	0.6167778969	0
2185	0.5723555684	0.5723555684	0	0	0.894518435	0.7960990667	0.6237726212	0
2186	0.5675640106	0.5675640106	0	0	0.9029599428	0.8068127632	0.6514941454	0
2187	0.625457108	0.625457108	0	0	0.8934773207	0.7892272472	0.6233686209	0
2188	0.6149085164	0.6149085164	0	0	0.8836647868	0.7768271565	0.596703887	0
2189	0.6466571689	0.6466571689	0	0	0.8640677929	0.7501001358	0.5547229648	0
2190	0.6228953004	0.6228953004	0	0	0.8774819374	0.7735575438	0.5830705166	0
2191	0.6228075624	0.6228075624	0	0	0.8790886998	0.7728070021	0.5897701979	0
2192	0.4742818475	0.4742818475	0	0	0.8869424462	0.7860307097	0.6093667746	0
2193	0.4124062955	0.4124062955	0	0	0.8852130175	0.7868971825	0.6061332822	0
2194	0.4427226782	0.4427226782	0	0	0.8964107037	0.7990245819	0.6363272667	0
2195	0.4771043658	0.4771043658	0	0	0.8896869421	0.7883024812	0.6177965999	0
2196	0.4724293351	0.4724293351	0	0	0.8753246069	0.770944953	0.5828146338	0
2197	0.5107659698	0.5107659698	0	0	0.8744077086	0.7678961158	0.5788847804	0
2198	0.5822848082	0.5822848082	0	0	0.866855979	0.7608620524	0.5605397224	0
2199	0.5705052614	0.5705052614	0	0	0.8807088137	0.7809638977	0.5931652188	0
2200	0.423266232	0.423266232	0	0	0.8841602802	0.7863023877	0.6060933471	0
2201	0.3963893354	0.3963893354	0	0	0.8852046728	0.7881219983	0.6071218848	0
2202	0.3503499627	0.3503499627	0	0	0.8992531896	0.8089635968	0.646101892	0
2203	0.3781930506	0.3781930506	0	0	0.8845436573	0.785191834	0.6077594757	0
2204	0.4148485959	0.4148485959	0	0	0.868947506	0.7655578852	0.5733622313	0
2205	0.5124133825	0.5124133825	0	0	0.8507796526	0.7409470677	0.5363484621	0
2206	0.5058349371	0.5058349371	0	0	0.8715472221	0.7707550526	0.5722991228	0
2207	0.5051671267	0.5051671267	0	0	0.889184773	0.7929181457	0.6154000163	0
2208	0.415448606	0.415448606	0	0	0.8951960206	0.8034693599	0.6310766339	0
2209	0.3198747039	0.3198747039	0	0	0.896286726	0.8076203465	0.6370020509	0
2210	0.3388621807	0.3388621807	0	0	0.8985032439	0.8078492284	0.6446582079	0
2211	0.3215206861	0.3215206861	0	0	0.8902510405	0.7986687422	0.6233879924	0
2212	0.3623755276	0.3623755276	0	0	0.8668257594	0.7668314576	0.5740536451	0
2213	0.3990649283	0.3990649283	0	0	0.8470422626	0.7412158251	0.538719058	0
2214	0.4295413196	0.4295413196	0	0	0.8556485772	0.7566187978	0.5485247374	0
2215	0.3698655069	0.3698655069	0	0	0.8762911558	0.7847300768	0.5896351933	0
2216	0.3049702048	0.3049702048	0	0	0.8734368682	0.7822725177	0.5900147557	0
2217	0.3272723258	0.3272723258	0	0	0.8783147931	0.7863898277	0.5980287194	0
2218	0.34452039	0.34452039	0	0	0.8902858496	0.7979465723	0.6231948733	0
2219	0.3623020053	0.3623020053	0	0	0.8839806318	0.7877443433	0.6091092229	0
2220	0.3415054679	0.3415054679	0	0	0.8618218303	0.7627660036	0.5671314597	0
2221	0.3696788847	0.3696788847	0	0	0.8523212671	0.7500886321	0.5487992167	0
2222	0.401315093	0.401315093	0	0	0.8516845703	0.7507219315	0.5402880907	0
2223	0.345651269	0.345651269	0	0	0.8793343902	0.7879420519	0.594760716	0
2224	0.3284792304	0.3284792304	0	0	0.8685991168	0.7731136084	0.5762637258	0
2225	0.3154457211	0.3154457211	0	0	0.8785812855	0.7888154387	0.6055668592	0
2226	0.3121908605	0.3121908605	0	0	0.8894358277	0.7989732027	0.6271103621	0
2227	0.3268638253	0.3268638253	0	0	0.884005487	0.7908743024	0.6134867668	0
2228	0.3331891596	0.3331891596	0	0	0.8585084081	0.7584167123	0.5637145638	0
2229	0.3634738028	0.3634738028	0	0	0.8520790339	0.7493120432	0.5470206141	0
2230	0.3719438612	0.3719438612	0	0	0.8587698936	0.7639415264	0.5598370433	0
2231	0.3046738207	0.3046738207	0	0	0.8685484529	0.7775823474	0.5745851994	0
2232	0.2759358287	0.2759358287	0	0	0.8746502995	0.7881157398	0.5936856866	0
2233	0.295776546	0.295776546	0	0	0.8688907623	0.7849545479	0.5896424055	0
2234	0.3054118752	0.3054118752	0	0	0.886182785	0.8054386377	0.6275399327	0
2235	0.3180738688	0.3180738688	0	0	0.8819228411	0.7951070666	0.615072906	0
2236	0.3199807703	0.3199807703	0	0	0.8508145213	0.7535116076	0.5502163172	0
2237	0.3113560081	0.3113560081	0	0	0.8467532396	0.7498736382	0.5402818322	0
2238	0.3478482664	0.3478482664	0	0	0.8360205293	0.7427714467	0.5247759223	0
2239	0.2966408134	0.2966408134	0	0	0.8576287031	0.7720656395	0.5635674596	0
2240	0.2858947515	0.2858947515	0	0	0.8489060998	0.7603501081	0.5506644249	0
2241	0.3060115576	0.3060115576	0	0	0.8625157475	0.7754904628	0.5790598989	0
2242	0.2649290562	0.2649290562	0	0	0.8733374476	0.782795608	0.5944399238	0
2243	0.3104173839	0.3104173839	0	0	0.8832319379	0.7941362262	0.6148597598	0
2244	0.2869580984	0.2869580984	0	0	0.8625597358	0.7717368603	0.5749242306	0
2245	0.2728303969	0.2728303969	0	0	0.8596477509	0.765539825	0.5651625395	0
2246	0.3057286441	0.3057286441	0	0	0.8426710963	0.7467996478	0.5325220227	0
2247	0.2803382277	0.2803382277	0	0	0.864410758	0.7790565491	0.5753016472	0
2248	0.2735247612	0.2735247612	0	0	0.8467549682	0.7582905293	0.5528637171	0
2249	0.2300674319	0.2300674319	0	0	0.8500010371	0.7554875016	0.5523867607	0
2250	0.2236804217	0.2236804217	0	0	0.8709338903	0.7801015973	0.590888083	0
2251	0.2527523339	0.2527523339	0	0	0.870755136	0.7798422575	0.590372026	0
2252	0.2648851573	0.2648851573	0	0	0.8304579854	0.732034862	0.523093164	0
2253	0.252567023	0.252567023	0	0	0.8473059535	0.7543045282	0.5502611995	0
2254	0.2804344594	0.2804344594	0	0	0.855550468	0.7640439272	0.5623834133	0
2255	0.2659150958	0.2659150958	0	0	0.8827391267	0.7987372875	0.618393898	0
2256	0.2777505219	0.2777505219	0	0	0.8721801043	0.7872416973	0.5940176249	0
2257	0.2612733245	0.2612733245	0	0	0.8822451234	0.79462713	0.610514164	0
2258	0.2565746903	0.2565746903	0	0	0.8947965503	0.8063271642	0.6384035945	0
2259	0.3128529489	0.3128529489	0	0	0.8987513781	0.8087002039	0.6506447792	0
2260	0.3261258304	0.3261258304	0	0	0.8751395941	0.7748174071	0.5951477885	0
2261	0.3506409824	0.3506409824	0	0	0.8718537092	0.7704606056	0.5896624327	0
2262	0.3470683694	0.3470683694	0	0	0.8719763756	0.7765902281	0.592433691	0
2263	0.3582414389	0.3582414389	0	0	0.885022819	0.7977908254	0.6222271323	0
2264	0.3875802755	0.3875802755	0	0	0.8674817681	0.7788250446	0.584151268	0
2265	0.3162035942	0.3162035942	0	0	0.874473691	0.7888431549	0.5961790681	0
2266	0.2798698843	0.2798698843	0	0	0.878531754	0.7916377187	0.6082521081	0
2267	0.2698769271	0.2698769271	0	0	0.8883209229	0.8006773591	0.629724443	0
2268	0.2522433698	0.2522433698	0	0	0.8581206799	0.7606135011	0.5761665702	0
2269	0.282649219	0.282649219	0	0	0.860955894	0.7621571422	0.5796599388	0
2270	0.365206778	0.365206778	0	0	0.8480713964	0.753849864	0.5504855514	0
2271	0.4022748172	0.4022748172	0	0	0.8751553893	0.7882663012	0.5976781249	0
2272	0.3840560317	0.3840560317	0	0	0.8659241199	0.76944381	0.5717037916	0
2273	0.3634926677	0.3634926677	0	0	0.8707922697	0.7733578682	0.5812667608	0
2274	0.3107804656	0.3107804656	0	0	0.8754175305	0.781454742	0.5950005054	0
2275	0.3264186382	0.3264186382	0	0	0.8850669861	0.7963365912	0.6239582896	0
2276	0.3241352737	0.3241352737	0	0	0.8461768627	0.7531463504	0.5593085289	0
2277	0.3529481292	0.3529481292	0	0	0.8502063751	0.7568556666	0.563056469	0
2278	0.4091092944	0.4091092944	0	0	0.8457655907	0.7543406487	0.5561122894	0
2279	0.3646706045	0.3646706045	0	0	0.8749554157	0.7887206078	0.6037338376	0
2280	0.3949980438	0.3949980438	0	0	0.8619952202	0.763423562	0.5685660243	0
2281	0.4292756021	0.4292756021	0	0	0.8712059855	0.7717836499	0.5867494345	0
2282	0.4414706826	0.4414706826	0	0	0.8798273206	0.7860199809	0.6116387248	0
2283	0.4574937224	0.4574937224	0	0	0.8884353638	0.7969649434	0.6353314519	0
2284	0.4559878707	0.4559878707	0	0	0.8491041064	0.7549578547	0.5648244023	0
2285	0.5301668048	0.5301668048	0	0	0.8651833534	0.7732118964	0.5950564146	0
2286	0.6352157593	0.6352157593	0	0	0.8696987629	0.7828098536	0.6029092073	0
2287	0.5347218513	0.5347218513	0	0	0.887763679	0.8025292158	0.6325814128	0
2288	0.541985631	0.541985631	0	0	0.8656291962	0.7697623372	0.5765714645	0
2289	0.4985717535	0.4985717535	0	0	0.8792623878	0.7908072472	0.6078813076	0
2290	0.3724887371	0.3724887371	0	0	0.8666377068	0.7737939954	0.588938117	0
2291	0.3952795267	0.3952795267	0	0	0.8793160319	0.7912953496	0.6198039055	0
2292	0.3863418102	0.3863418102	0	0	0.8368098736	0.7498322725	0.5572365522	0
2293	0.4077113569	0.4077113569	0	0	0.846585393	0.7591018081	0.5697683692	0
2294	0.5034604073	0.5034604073	0	0	0.8425837159	0.7572897077	0.5596678257	0
2295	0.5090451241	0.5090451241	0	0	0.8747867346	0.7929087877	0.6091950536	0
2296	0.5147348046	0.5147348046	0	0	0.8555982709	0.7630660534	0.5646942258	0
2297	0.4431094229	0.4431094229	0	0	0.8592606783	0.7689342499	0.5766026378	0
2298	0.3736404777	0.3736404777	0	0	0.8559684753	0.7661278248	0.574028492	0
2299	0.3937830329	0.3937830329	0	0	0.8667320013	0.7796429992	0.5976301432	0
2300	0.3472088873	0.3472088873	0	0	0.8153811693	0.7252392769	0.5220398903	0
2301	0.3951133192	0.3951133192	0	0	0.8344569206	0.7447342873	0.5466588736	0
2302	0.5343114138	0.5343114138	0	0	0.8684670329	0.7834557891	0.5988630056	0
2303	0.4865743518	0.4865743518	0	0	0.8816377521	0.7993758321	0.6203598976	0
2304	0.4709694684	0.4709694684	0	0	0.868368268	0.7781604528	0.5867618918	0
2305	0.4554436207	0.4554436207	0	0	0.8690901995	0.7784284949	0.5910968184	0
2306	0.4253911376	0.4253911376	0	0	0.8770452142	0.7883808613	0.6096886396	0
2307	0.3989326954	0.3989326954	0	0	0.8914293647	0.8023664355	0.6413629055	0
2308	0.3971837461	0.3971837461	0	0	0.8580797911	0.7636759877	0.5822758675	0
2309	0.4229786396	0.4229786396	0	0	0.8668817878	0.7702747583	0.5984927416	0
2310	0.526533246	0.526533246	0	0	0.8793632984	0.791170001	0.6207354665	0
2311	0.477864325	0.477864325	0	0	0.8937542439	0.8073331714	0.646461606	0
2312	0.4393633902	0.4393633902	0	0	0.875069201	0.7809141874	0.5969241261	0
2313	0.3844117522	0.3844117522	0	0	0.8862242699	0.7987264991	0.6202074289	0
2314	0.3423274159	0.3423274159	0	0	0.8678561449	0.7699673772	0.5836260915	0
2315	0.3632228673	0.3632228673	0	0	0.8914602399	0.8022516966	0.6374441385	0
2316	0.3675875068	0.3675875068	0	0	0.8641420007	0.771745801	0.5845473409	0
2317	0.4672533572	0.4672533572	0	0	0.8668586016	0.7767702937	0.6028469801	0
2318	0.5602154732	0.5602154732	0	0	0.8710743785	0.7833142877	0.6036708951	0
2319	0.5809968114	0.5809968114	0	0	0.8814427257	0.7939872742	0.6146677732	0
2320	0.5720145702	0.5720145702	0	0	0.8529501557	0.7511575222	0.5547231436	0
2321	0.5284858942	0.5284858942	0	0	0.8742322326	0.7810880542	0.5953650475	0
2322	0.4626640975	0.4626640975	0	0	0.8657870293	0.7641665339	0.5770902634	0
2323	0.482447952	0.482447952	0	0	0.8771300316	0.7792422771	0.6031786203	0
2324	0.5128595233	0.5128595233	0	0	0.8580068946	0.7643849254	0.5755174756	0
2325	0.5738754272	0.5738754272	0	0	0.8673704863	0.7740336657	0.5903462768	0
2326	0.7093166113	0.7093166113	0	0	0.8778848052	0.7901571989	0.6148323417	0
2327	0.5944001079	0.5944001079	0	0	0.8924313784	0.8057233095	0.638617456	0
2328	0.5869162083	0.5869162083	0	0	0.8756601214	0.783051908	0.5981024504	0
2329	0.5936117768	0.5936117768	0	0	0.8844212294	0.7887880206	0.6146882176	0
2330	0.5952257514	0.5952257514	0	0	0.8781570196	0.7806410193	0.6040492058	0
2331	0.5982095599	0.5982095599	0	0	0.8918678761	0.7965778112	0.639508605	0
2332	0.6507710218	0.6507710218	0	0	0.8683036566	0.7700778246	0.593786478	0
2333	0.7086863518	0.7086863518	0	0	0.8818989992	0.7871926427	0.6241903901	0
2334	0.8211182952	0.8211182952	0	0	0.879368484	0.7878128886	0.620482564	0
2335	0.6798110008	0.6798110008	0	0	0.8987702131	0.8066471815	0.6549602747	0
2336	0.6239338517	0.6239338517	0	0	0.8772038817	0.7763075233	0.5985819697	0
2337	0.6413452625	0.6413452625	0	0	0.8893606067	0.7966811061	0.627448082	0
2338	0.5971926451	0.5971926451	0	0	0.8753088117	0.7745274305	0.5966109633	0
2339	0.6483975649	0.6483975649	0	0	0.8896737695	0.793343246	0.6336440444	0
2340	0.7035483122	0.7035483122	0	0	0.8720484972	0.7735486031	0.5977805257	0
2341	0.8597036004	0.8597036004	0	0	0.8791408539	0.7833946943	0.6203356981	0
2342	0.8831902742	0.8831902742	0	0	0.8823984861	0.7886360884	0.6256886125	0
2343	0.8197312951	0.8197312951	0	0	0.8859747052	0.7879450917	0.6273325682	0
2344	0.7502819896	0.7502819896	0	0	0.8777190447	0.7727831602	0.599129796	0
2345	0.7957772613	0.7957772613	0	0	0.8899806142	0.7941800356	0.6300866008	0
2346	0.7589745522	0.7589745522	0	0	0.877835393	0.7758616209	0.6051681638	0
2347	0.7656486034	0.7656486034	0	0	0.8865160942	0.7856318951	0.6287614107	0
2348	0.7800974846	0.7800974846	0	0	0.8652709126	0.7610121369	0.5861529112	0
2349	0.8714677691	0.8714677691	0	0	0.8724522591	0.7716057897	0.6076582074	0
2350	1.010130644	1.010130644	0	0	0.8694865704	0.779763341	0.6029517055	0
2351	0.8034883142	0.8034883142	0	0	0.8663515449	0.7711433172	0.5853672624	0
2352	0.7867289186	0.7867289186	0	0	0.8536629677	0.7518844604	0.5587009192	0
2353	0.8672832251	0.8672832251	0	0	0.8696094751	0.7715121508	0.5867046714	0
2354	0.8296954036	0.8296954036	0	0	0.8619928956	0.761443615	0.5750700235	0
2355	0.8367190361	0.8367190361	0	0	0.869569242	0.766571939	0.5935711265	0
2356	0.8921567798	0.8921567798	0	0	0.8475631475	0.7414597273	0.5583508611	0
2357	0.8949061632	0.8949061632	0	0	0.8493813872	0.7454336882	0.5661715865	0
2358	1.165805221	1.165805221	0	0	0.8543416858	0.7633454204	0.5804157257	0
2359	0.9592061639	0.9592061639	0	0	0.8773722053	0.783875227	0.6038390994	0
2360	0.8276965022	0.8276965022	0	0	0.8441420197	0.744479239	0.5492719412	0
2361	0.9395493269	0.9395493269	0	0	0.8652310967	0.7750072479	0.5899013877	0
2362	0.8480542302	0.8480542302	0	0	0.8716397285	0.7717776299	0.5887878537	0
2363	0.8407856226	0.8407856226	0	0	0.8763591051	0.7748702168	0.6066039205	0
2364	0.8866035938	0.8866035938	0	0	0.875949502	0.7696416974	0.6013540626	0
2365	0.8429615498	0.8429615498	0	0	0.8829180598	0.777018249	0.620023191	0
2366	0.8608436584	0.8608436584	0	0	0.8645383716	0.7530078888	0.5869890451	0
2367	0.9051370025	0.9051370025	0	0	0.8747620583	0.763251245	0.6001190543	0
2368	0.8739287853	0.8739287853	0	0	0.8762538433	0.7651349306	0.5982488394	0
2369	0.7982152104	0.7982152104	0	0	0.8808416724	0.7724303007	0.6045835614	0
2370	0.8000519276	0.8000519276	0	0	0.881451726	0.7716519237	0.6061509252	0
2371	0.7996432185	0.7996432185	0	0	0.8781965375	0.7681992054	0.6075465083	0
2372	0.8138715029	0.8138715029	0	0	0.8703767061	0.7621825337	0.5883253217	0
2373	0.8798066974	0.8798066974	0	0	0.8685044646	0.7630443573	0.592459023	0
2374	0.9340230227	0.9340230227	0	0	0.8698124886	0.7692696452	0.5962761641	0
2375	0.8295972943	0.8295972943	0	0	0.8745009899	0.7718798518	0.5926527977	0
2376	0.8022908568	0.8022908568	0	0	0.8540911078	0.7436617017	0.5499384999	0
2377	0.7994430065	0.7994430065	0	0	0.8662785888	0.7579871416	0.5712317824	0
2378	0.8053426147	0.8053426147	0	0	0.8733014464	0.7652629614	0.5874963403	0
2379	0.8111227751	0.8111227751	0	0	0.8774101734	0.7705923915	0.6045319438	0
2380	0.8517298698	0.8517298698	0	0	0.8580882549	0.7484003305	0.569888711	0
2381	0.9150695801	0.9150695801	0	0	0.8524747491	0.7445985079	0.5652428865	0
2382	1.017998219	1.017998219	0	0	0.8463041186	0.7420082688	0.5548199415	0
2383	0.9205325246	0.9205325246	0	0	0.848667264	0.7438805103	0.5493980646	0
2384	0.854841888	0.854841888	0	0	0.8310099244	0.721514225	0.5204596519	0
2385	0.830431819	0.830431819	0	0	0.8472336531	0.7379623055	0.5421413183	0
2386	0.8496202826	0.8496202826	0	0	0.8600859642	0.7527207136	0.5667802095	0
2387	0.8623017669	0.8623017669	0	0	0.8625748158	0.7555850744	0.5807657242	0
2388	0.9440698028	0.9440698028	0	0	0.8524990082	0.7468636632	0.5662079453	0
2389	1.106660962	1.106660962	0	0	0.8420746922	0.7391042709	0.557808578	0
2390	1.32534337	1.32534337	0	0	0.8289404511	0.7272446752	0.5358217955	0
2391	1.275400996	1.275400996	0	0	0.8308871388	0.7268764377	0.5288531184	0
2392	1.179261565	1.179261565	0	0	0.8141651154	0.7068057656	0.5034279823	0
2393	1.158641577	1.158641577	0	0	0.8253833055	0.7152630687	0.5141941309	0
2394	1.174147964	1.174147964	0	0	0.8441081047	0.7356804609	0.542596519	0
2395	1.120176554	1.120176554	0	0	0.8348423243	0.7240397334	0.5423384905	0
2396	1.212429762	1.212429762	0	0	0.8214672804	0.7128168941	0.524448812	0
2397	1.372915745	1.372915745	0	0	0.8034650683	0.6982113123	0.5115185976	0
2398	1.523986459	1.523986459	0	0	0.78450948	0.681347847	0.4815628529	0
2399	1.378005028	1.378005028	0	0	0.7829629183	0.6768187284	0.4685741067	0
2400	1.236333132	1.236333132	0	0	0.7613245845	0.6573422551	0.451883316	0
2401	1.170054674	1.170054674	0	0	0.801004231	0.6928193569	0.4794782102	0
2402	1.207759619	1.207759619	0	0	0.8180199862	0.7074041963	0.4979278445	0
2403	1.214060664	1.214060664	0	0	0.8182547688	0.7056355476	0.5110092759	0
2404	1.321736336	1.321736336	0	0	0.7976933718	0.6921128035	0.5018322468	0
2405	1.480736494	1.480736494	0	0	0.7972868085	0.6920222044	0.4979136884	0
2406	1.684011221	1.684011221	0	0	0.8257548809	0.7272779942	0.5247264504	0
2407	1.492614985	1.492614985	0	0	0.7932055593	0.6905161738	0.4784044623	0
2408	1.313740492	1.313740492	0	0	0.7650741339	0.6671354771	0.4565069675	0
2409	1.272601247	1.272601247	0	0	0.8159734011	0.7154217362	0.503798008	0
2410	1.190815568	1.190815568	0	0	0.86457932	0.7556630373	0.5710552335	0
2411	1.145451307	1.145451307	0	0	0.8542010188	0.7398917079	0.5646290779	0
2412	1.248042107	1.248042107	0	0	0.8510204554	0.7440873981	0.5606683493	0
2413	1.297988176	1.297988176	0	0	0.8301928639	0.7146037221	0.5434007645	0
2414	1.440357924	1.440357924	0	0	0.8444264531	0.7375859022	0.5493988991	0
2415	1.378312469	1.378312469	0	0	0.8366856575	0.715721488	0.5323272347	0
2416	1.377684474	1.377684474	0	0	0.8307583928	0.7163462639	0.5169946551	0
2417	1.323291183	1.323291183	0	0	0.8397321105	0.7222495079	0.5424663424	0
2418	1.366122723	1.366122723	0	0	0.8662366271	0.7546582222	0.5713339448	0
2419	1.278697014	1.278697014	0	0	0.8579909801	0.747853756	0.5676210523	0
2420	1.435013056	1.435013056	0	0	0.844684124	0.7384226322	0.5533274412	0
2421	1.492007971	1.492007971	0	0	0.8389306664	0.7327522039	0.5486474037	0
2422	1.549992323	1.549992323	0	0	0.8449063897	0.7382865548	0.5386194587	0
2423	1.426946402	1.426946402	0	0	0.835008502	0.7211465836	0.5156292319	0
2424	1.312944651	1.312944651	0	0	0.8217483759	0.7038412094	0.4961048365	0
2425	1.264984846	1.264984846	0	0	0.8386718035	0.7224817872	0.5241137743	0
2426	1.38335824	1.38335824	0	0	0.8624489307	0.7493559122	0.5595327616	0
2427	1.370047808	1.370047808	0	0	0.8655878901	0.7583613992	0.5763111711	0
2428	1.505580306	1.505580306	0	0	0.8432634473	0.7377792597	0.5519167185	0
2429	1.497162223	1.497162223	0	0	0.830067873	0.7222258449	0.5365878344	0
2430	1.598818779	1.598818779	0	0	0.8486937284	0.743691802	0.5485188961	0
2431	1.45456028	1.45456028	0	0	0.8481987715	0.7367408872	0.5414454937	0
2432	1.341812372	1.341812372	0	0	0.8357467651	0.7249844074	0.5216867328	0
2433	1.260949254	1.260949254	0	0	0.8528066278	0.7470050454	0.5519515276	0
2434	1.353939056	1.353939056	0	0	0.8783635497	0.772403419	0.5974130034	0
2435	1.293062806	1.293062806	0	0	0.8718329072	0.7636317015	0.5934742689	0
2436	1.32417953	1.32417953	0	0	0.8622140288	0.7544579506	0.5764026642	0
2437	1.353542089	1.353542089	0	0	0.8559256792	0.7441536784	0.5709495544	0
2438	1.409749389	1.409749389	0	0	0.8632952571	0.7538939118	0.5756784081	0
2439	1.393830419	1.393830419	0	0	0.860753715	0.7480069399	0.5694284439	0
2440	1.437780857	1.437780857	0	0	0.8499401808	0.7277024388	0.5453011394	0
2441	1.356086493	1.356086493	0	0	0.8588241339	0.7462939024	0.5647464991	0
2442	1.444020629	1.444020629	0	0	0.8752933741	0.7669194341	0.5914899707	0
2443	1.369908214	1.369908214	0	0	0.8704589009	0.7654855847	0.5896670222	0
2444	1.537078261	1.537078261	0	0	0.8692103624	0.7678129077	0.593295455	0
2445	1.546527505	1.546527505	0	0	0.8567893505	0.7520558834	0.5711907148	0
2446	1.622759104	1.622759104	0	0	0.8601882458	0.7566736341	0.5679742694	0
2447	1.452210903	1.452210903	0	0	0.8569699526	0.7480574846	0.5590113401	0
2448	1.392697453	1.392697453	0	0	0.8522085547	0.7385272384	0.5486088991	0
2449	1.374956727	1.374956727	0	0	0.8569771647	0.7465556264	0.5561721921	0
2450	1.478795171	1.478795171	0	0	0.8740132451	0.7680239677	0.5869879127	0
2451	1.473240376	1.473240376	0	0	0.874682188	0.7749927044	0.5989842415	0
2452	1.56220758	1.56220758	0	0	0.8582057953	0.7556241155	0.5773107409	0
2453	1.555795789	1.555795789	0	0	0.8527663946	0.7515363693	0.5689536333	0
2454	1.597486973	1.597486973	0	0	0.8647803068	0.7662246227	0.5782284141	0
2455	1.437076807	1.437076807	0	0	0.8669453859	0.7647791505	0.5797686577	0
2456	1.397314548	1.397314548	0	0	0.8544348478	0.7483173609	0.5561434031	0
2457	1.32231009	1.32231009	0	0	0.8566868305	0.7536771297	0.5619198084	0
2458	1.445868492	1.445868492	0	0	0.8771229982	0.7784444094	0.6004930139	0
2459	1.345303655	1.345303655	0	0	0.8620194197	0.7633672357	0.5856482387	0
2460	1.329611421	1.329611421	0	0	0.848357141	0.7466879487	0.5738372207	0
2461	1.37866509	1.37866509	0	0	0.8400753736	0.7332155704	0.5552159548	0
2462	1.459395766	1.459395766	0	0	0.873503387	0.7737498283	0.5931029916	0
2463	1.368949175	1.368949175	0	0	0.8637291193	0.7557493448	0.5768551826	0
2464	1.479163527	1.479163527	0	0	0.8569903374	0.7343620062	0.5556406379	0
2465	1.392531037	1.392531037	0	0	0.8527133465	0.7411387563	0.5504716039	0
2466	1.458758473	1.458758473	0	0	0.8804543018	0.7817094922	0.6034030914	0
2467	1.426586032	1.426586032	0	0	0.8720616698	0.7782129645	0.6022034883	0
2468	1.578888297	1.578888297	0	0	0.8548871279	0.7590283155	0.5815503597	0
2469	1.52374661	1.52374661	0	0	0.8367350698	0.7385653853	0.5513612032	0
2470	1.596893072	1.596893072	0	0	0.8600592613	0.7655428052	0.5725013614	0
2471	1.403270125	1.403270125	0	0	0.8515092134	0.7474438548	0.5563287139	0
2472	1.377682686	1.377682686	0	0	0.851025641	0.7423294783	0.5532576442	0
2473	1.318248987	1.318248987	0	0	0.85818398	0.7545933127	0.5641584992	0
2474	1.448245406	1.448245406	0	0	0.8868304491	0.7915506959	0.6193066835	0
2475	1.463711739	1.463711739	0	0	0.879830122	0.7867878675	0.6159344912	0
2476	1.619011283	1.619011283	0	0	0.8687329888	0.7768107057	0.6056224704	0
2477	1.512434959	1.512434959	0	0	0.8612837195	0.7662366033	0.5884469151	0
2478	1.544742346	1.544742346	0	0	0.8873732686	0.799433589	0.6252189279	0
2479	1.409508109	1.409508109	0	0	0.8785069585	0.7777295113	0.6024466157	0
2480	1.305185914	1.305185914	0	0	0.8725856543	0.7680197358	0.5864613056	0
2481	1.24452281	1.24452281	0	0	0.8778409362	0.7798876166	0.5962328315	0
2482	1.344978571	1.344978571	0	0	0.8940346241	0.7993935943	0.6366524696	0
2483	1.291699529	1.291699529	0	0	0.8845610619	0.788749814	0.6227992177	0
2484	1.338211775	1.338211775	0	0	0.8773758411	0.7785300016	0.6114735603	0
2485	1.280442238	1.280442238	0	0	0.8680900335	0.7637434602	0.5940886736	0
2486	1.270005703	1.270005703	0	0	0.8879880309	0.7930618525	0.6259922385	0
2487	1.268048286	1.268048286	0	0	0.8784683943	0.772814095	0.6003825665	0
2488	1.279120684	1.279120684	0	0	0.8806772828	0.7685507536	0.5975878835	0
2489	1.213231206	1.213231206	0	0	0.873519361	0.7651488781	0.5823667645	0
2490	1.248259187	1.248259187	0	0	0.89489609	0.8003626466	0.6354525685	0
2491	1.313356638	1.313356638	0	0	0.8876181841	0.7952374816	0.6305088997	0
2492	1.384945869	1.384945869	0	0	0.8899440765	0.8021063805	0.6399868727	0
2493	1.295081615	1.295081615	0	0	0.8837132454	0.7926515937	0.6216692328	0
2494	1.263591528	1.263591528	0	0	0.8870702386	0.7984755635	0.6298395991	0
2495	1.209532142	1.209532142	0	0	0.8814629316	0.7831587791	0.6112365127	0
2496	1.188151717	1.188151717	0	0	0.889520824	0.7933852673	0.6220141649	0
2497	1.178747416	1.178747416	0	0	0.8779059649	0.7802639008	0.5951195359	0
2498	1.271723628	1.271723628	0	0	0.898699522	0.8103079796	0.6493403316	0
2499	1.351823449	1.351823449	0	0	0.8894485235	0.8017359972	0.6332547069	0
2500	1.393254995	1.393254995	0	0	0.8858658075	0.7968798876	0.6359726787	0
2501	1.230753779	1.230753779	0	0	0.8717871904	0.77994591	0.6084466577	0
2502	1.243219137	1.243219137	0	0	0.8907521367	0.8024892211	0.6380153298	0
2503	1.179072976	1.179072976	0	0	0.8834711909	0.7878350019	0.6167741418	0
2504	1.204434037	1.204434037	0	0	0.8873618245	0.7980593443	0.6243519187	0
2505	1.173112392	1.173112392	0	0	0.881428957	0.7868000865	0.60108459	0
2506	1.23057723	1.23057723	0	0	0.8956627846	0.8080709577	0.6478106976	0
2507	1.150179505	1.150179505	0	0	0.8926647902	0.8008793592	0.6397910118	0
2508	1.086279154	1.086279154	0	0	0.8792465925	0.7826898694	0.6182578206	0
2509	1.036691189	1.036691189	0	0	0.8755390644	0.7739914656	0.6113266945	0
2510	1.029396415	1.029396415	0	0	0.8788772821	0.7793334723	0.6137299538	0
2511	1.001890421	1.001890421	0	0	0.8855841756	0.7827062011	0.6223368645	0
2512	0.9897740483	0.9897740483	0	0	0.881352663	0.7767290473	0.6104186177	0
2513	0.9630612731	0.9630612731	0	0	0.8769500256	0.7701687813	0.5917916298	0
2514	0.93227005	0.93227005	0	0	0.8932713866	0.8004065156	0.6392872334	0
2515	0.9557181001	0.9557181001	0	0	0.8875593543	0.7958356142	0.629909575	0
2516	0.9945702553	0.9945702553	0	0	0.8814575672	0.7891413569	0.6247985959	0
2517	0.9444355965	0.9444355965	0	0	0.8751162291	0.7806323767	0.609967649	0
2518	0.9397166967	0.9397166967	0	0	0.8784884214	0.7853566408	0.6164448261	0
2519	0.9017105103	0.9017105103	0	0	0.8811190724	0.7819976807	0.610801816	0
2520	0.9148417711	0.9148417711	0	0	0.8889607191	0.7956882715	0.6253439188	0
2521	0.891476512	0.891476512	0	0	0.8756186366	0.7759184241	0.5913794637	0
2522	0.9092140198	0.9092140198	0	0	0.8899118304	0.7985562086	0.6338929534	0
2523	0.9428237081	0.9428237081	0	0	0.894382596	0.8067446947	0.6430066228	0
2524	0.9553146362	0.9553146362	0	0	0.8812129498	0.7900080085	0.6256817579	0
2525	0.8916814923	0.8916814923	0	0	0.8784318566	0.7815247774	0.610147357	0
2526	0.911980927	0.911980927	0	0	0.8947598338	0.8020291328	0.6407883763	0
2527	0.8903552294	0.8903552294	0	0	0.8902252913	0.7887632251	0.6253497005	0
2528	0.9110440612	0.9110440612	0	0	0.8900911212	0.797706306	0.6298728585	0
2529	0.9624659419	0.9624659419	0	0	0.8921990991	0.8000620008	0.6263075471	0
2530	0.8814730644	0.8814730644	0	0	0.8953493834	0.8037351966	0.6433099508	0
2531	0.8712947369	0.8712947369	0	0	0.8927779198	0.8002488017	0.6378977299	0
2532	0.8436558247	0.8436558247	0	0	0.8860567212	0.7922841311	0.6306986809	0
2533	0.8229463696	0.8229463696	0	0	0.8863336444	0.7873547077	0.6251971126	0
2534	0.8180821538	0.8180821538	0	0	0.8894227147	0.7889296412	0.6274515986	0
2535	0.7849674225	0.7849674225	0	0	0.8932471275	0.7859427929	0.6328650117	0
2536	0.7869138122	0.7869138122	0	0	0.8892019987	0.7846103907	0.6274540424	0
2537	0.7540006042	0.7540006042	0	0	0.8880307078	0.7828689814	0.6188788414	0
2538	0.6883529425	0.6883529425	0	0	0.8896326423	0.7913840413	0.6328249574	0
2539	0.6998618841	0.6998618841	0	0	0.891975522	0.8000910878	0.639246285	0
2540	0.739382267	0.739382267	0	0	0.8821896315	0.7890006304	0.6283995509	0
2541	0.694598496	0.694598496	0	0	0.8851595521	0.7889969945	0.6255542636	0
2542	0.7088135481	0.7088135481	0	0	0.8820095062	0.7819250226	0.6194598079	0
2543	0.7158708572	0.7158708572	0	0	0.8909549713	0.7905030251	0.6313950419	0
2544	0.725124836	0.725124836	0	0	0.8933282495	0.7982842326	0.636572361	0
2545	0.7275246382	0.7275246382	0	0	0.8923570514	0.7951977849	0.6288387179	0
2546	0.6860791445	0.6860791445	0	0	0.8899251223	0.7935789824	0.631698072	0
2547	0.7196395993	0.7196395993	0	0	0.8946097493	0.8042854071	0.6441836357	0
2548	0.7323850989	0.7323850989	0	0	0.888030827	0.7959330678	0.6370105743	0
2549	0.7013407946	0.7013407946	0	0	0.893258512	0.7981817126	0.6407190561	0
2550	0.7136834264	0.7136834264	0	0	0.8953611255	0.7957399487	0.6393021941	0
2551	0.7058055401	0.7058055401	0	0	0.8953086138	0.7929384112	0.6392282844	0
2552	0.711089015	0.711089015	0	0	0.8989571929	0.8047440052	0.6489266157	0
2553	0.7413233519	0.7413233519	0	0	0.8985346556	0.8037867546	0.6415321231	0
2554	0.6767350435	0.6767350435	0	0	0.8967298865	0.8017764091	0.6456012726	0
2555	0.7190249562	0.7190249562	0	0	0.8911260962	0.7994692922	0.6366998553	0
2556	0.7412599921	0.7412599921	0	0	0.8897683024	0.7969366908	0.6378173828	0
2557	0.7557743192	0.7557743192	0	0	0.8845981359	0.7808364034	0.6185602546	0
2558	0.7793648243	0.7793648243	0	0	0.8876871467	0.7808337212	0.6195943356	0
2559	0.8049019575	0.8049019575	0	0	0.8904191852	0.7810246348	0.6276919246	0
2560	0.8222725987	0.8222725987	0	0	0.8956363201	0.7940266132	0.6432858706	0
2561	0.8290399909	0.8290399909	0	0	0.8918740153	0.7878299952	0.6287887096	0
2562	0.7703311443	0.7703311443	0	0	0.8930792212	0.7936826348	0.6377019286	0
2563	0.8009376526	0.8009376526	0	0	0.8950940967	0.8033622503	0.645208478	0
2564	0.8606100678	0.8606100678	0	0	0.8882857561	0.7956098914	0.63484478	0
2565	0.7849257588	0.7849257588	0	0	0.8872843981	0.7887496948	0.6236183643	0
2566	0.7882332802	0.7882332802	0	0	0.881859839	0.7791442871	0.6153002381	0
2567	0.7747221589	0.7747221589	0	0	0.8921985626	0.7930242419	0.635776341	0
2568	0.7679241896	0.7679241896	0	0	0.8915028572	0.7926131487	0.634573102	0
2569	0.7866467834	0.7866467834	0	0	0.8922289014	0.7919339538	0.6286017299	0
2570	0.7423087358	0.7423087358	0	0	0.8885111809	0.7880516052	0.6293139458	0
2571	0.7816510797	0.7816510797	0	0	0.8904646039	0.7945017815	0.6339590549	0
2572	0.8113617897	0.8113617897	0	0	0.8892651796	0.7935407758	0.635700345	0
2573	0.7564570904	0.7564570904	0	0	0.8903654218	0.7886641622	0.6245022416	0
2574	0.7821695209	0.7821695209	0	0	0.8910936713	0.7863556147	0.6257898211	0
2575	0.7722967267	0.7722967267	0	0	0.890324533	0.7826078534	0.6276925802	0
2576	0.8001793623	0.8001793623	0	0	0.8963090181	0.7986617088	0.6456059217	0
2577	0.8352163434	0.8352163434	0	0	0.8947032094	0.7970380187	0.6341818571	0
2578	0.7789193392	0.7789193392	0	0	0.8941308856	0.7974495888	0.6460931897	0
2579	0.8348981738	0.8348981738	0	0	0.8948093653	0.8018276691	0.6456406713	0
2580	0.8538820148	0.8538820148	0	0	0.8926190138	0.796492815	0.6402280331	0
2581	0.8688443303	0.8688443303	0	0	0.8906300068	0.7876517773	0.6316924691	0
2582	0.9001870751	0.9001870751	0	0	0.8938617706	0.7880603075	0.6337290406	0
2583	0.9147748351	0.9147748351	0	0	0.8955029845	0.7882153392	0.6396719813	0
2584	0.9119740725	0.9119740725	0	0	0.8919129968	0.7840794921	0.637601018	0
2585	0.917901516	0.917901516	0	0	0.8920707703	0.785366714	0.6346797943	0
2586	0.9034460783	0.9034460783	0	0	0.894821167	0.7923097014	0.6442917585	0
2587	0.9513944983	0.9513944983	0	0	0.897847414	0.8026728034	0.6537247896	0
2588	1.011328697	1.011328697	0	0	0.8945528865	0.8005058765	0.6469662786	0
2589	0.9186885357	0.9186885357	0	0	0.8900029063	0.7910829186	0.6310364008	0
2590	0.9151656628	0.9151656628	0	0	0.8931785822	0.792057693	0.6383730173	0
2591	0.9083644152	0.9083644152	0	0	0.8938674927	0.7917584777	0.643909812	0
2592	0.9289361835	0.9289361835	0	0	0.8965172768	0.7980419993	0.6519198418	0
2593	0.9431895018	0.9431895018	0	0	0.8951498866	0.7960581183	0.6442316175	0
2594	0.9024050832	0.9024050832	0	0	0.9005085826	0.803208828	0.6579024196	0
2595	0.9082610011	0.9082610011	0	0	0.903288424	0.8086212873	0.6642271876	0
2596	0.9235163331	0.9235163331	0	0	0.9016425014	0.8073012829	0.6606172919	0
2597	0.8748916388	0.8748916388	0	0	0.8931307793	0.7887708545	0.633266747	0
2598	0.9265478253	0.9265478253	0	0	0.8975939155	0.7905309796	0.642739296	0
2599	0.91888237	0.91888237	0	0	0.8962742686	0.787096858	0.6423879862	0
2600	0.9366825819	0.9366825819	0	0	0.8958332539	0.79351753	0.6450378895	0
2601	1.012629151	1.012629151	0	0	0.8998445868	0.8044943213	0.6530876756	0
2602	0.9499493837	0.9499493837	0	0	0.8976468444	0.7996020317	0.6427955031	0
2603	1.04957068	1.04957068	0	0	0.8981344104	0.804125309	0.6490546465	0
2604	1.125844836	1.125844836	0	0	0.8972927332	0.8031266332	0.6518272758	0
2605	1.064697027	1.064697027	0	0	0.8891286254	0.7905500531	0.6322054863	0
2606	1.142555952	1.142555952	0	0	0.9032666087	0.8066239357	0.6624935269	0
2607	1.176746726	1.176746726	0	0	0.9012905359	0.8013253212	0.6576815844	0
2608	1.221213341	1.221213341	0	0	0.8996287584	0.8008743525	0.6558901668	0
2609	1.257528186	1.257528186	0	0	0.8973471522	0.7968258858	0.6450865269	0
2610	1.321428776	1.321428776	0	0	0.9011136293	0.805147469	0.6558125019	0
2611	1.368913174	1.368913174	0	0	0.897125721	0.8006581664	0.6484075189	0
2612	1.508229852	1.508229852	0	0	0.896802783	0.8036766052	0.6508885622	0
2613	1.285834551	1.285834551	0	0	0.8924208879	0.7946354747	0.6357136965	0
2614	1.277031183	1.277031183	0	0	0.8990291357	0.8033605218	0.6558721662	0
2615	1.244081736	1.244081736	0	0	0.8969893456	0.7993603945	0.6482983232	0
2616	1.304112434	1.304112434	0	0	0.8939703107	0.7969791889	0.6434349418	0
2617	1.299904466	1.299904466	0	0	0.895522058	0.8003959656	0.6444619298	0
2618	1.267831564	1.267831564	0	0	0.9031159282	0.8093494177	0.6627236605	0
2619	1.322484732	1.322484732	0	0	0.8978335261	0.8011027575	0.6506371498	0
2620	1.408025146	1.408025146	0	0	0.8988494873	0.8070853949	0.6576617956	0
2621	1.195977211	1.195977211	0	0	0.8905890584	0.7899205089	0.6316357851	0
2622	1.226847649	1.226847649	0	0	0.9012492895	0.8034617305	0.6551207304	0
2623	1.206475019	1.206475019	0	0	0.8987470269	0.797735095	0.6470468044	0
2624	1.312428474	1.312428474	0	0	0.8920445442	0.7950541377	0.6364699006	0
2625	1.403028369	1.403028369	0	0	0.8939885497	0.8050204515	0.6457920671	0
2626	1.379690051	1.379690051	0	0	0.9009722471	0.8099633455	0.6575891972	0
2627	1.520796299	1.520796299	0	0	0.8977015615	0.8077153563	0.654771924	0
2628	1.73937428	1.73937428	0	0	0.8989774585	0.8134624958	0.6650121212	0
2629	1.469447374	1.469447374	0	0	0.8913097382	0.8009818196	0.6455028057	0
2630	1.575991869	1.575991869	0	0	0.9058307409	0.8185408711	0.6742189527	0
2631	1.497988224	1.497988224	0	0	0.9071801305	0.8173488379	0.6722396016	0
2632	1.532343507	1.532343507	0	0	0.9050269127	0.8146501184	0.6696329117	0
2633	1.527124166	1.527124166	0	0	0.9002335668	0.8135678172	0.6628980637	0
2634	1.580601692	1.580601692	0	0	0.9069234133	0.8213305473	0.676826179	0
2635	1.683707237	1.683707237	0	0	0.9010010958	0.8141224384	0.6638191938	0
2636	1.969037056	1.969037056	0	0	0.8997542858	0.8169621229	0.667846024	0
2637	1.779668212	1.779668212	0	0	0.8960555196	0.8099191785	0.6569979787	0
2638	1.819566965	1.819566965	0	0	0.9047612548	0.8259674907	0.6792160869	0
2639	1.672990322	1.672990322	0	0	0.8952588439	0.8087567687	0.6512610316	0
2640	1.819551706	1.819551706	0	0	0.9050851464	0.8235257268	0.6764882803	0
2641	1.68099761	1.68099761	0	0	0.9003796577	0.8168497682	0.6640006304	0
2642	1.562423468	1.562423468	0	0	0.9058716297	0.8224139214	0.6769752502	0
2643	1.609977007	1.609977007	0	0	0.910079658	0.8266091943	0.687610507	0
2644	1.76174891	1.76174891	0	0	0.9145549536	0.8343821764	0.6996639371	0
2645	1.617995977	1.617995977	0	0	0.9151285887	0.8352723122	0.7026267052	0
2646	1.720537782	1.720537782	0	0	0.9152693748	0.8365504146	0.704151392	0
2647	1.653760314	1.653760314	0	0	0.9076023102	0.8240870237	0.6803612709	0
2648	1.7766397	1.7766397	0	0	0.9119488597	0.8328779936	0.6916666627	0
2649	1.881016135	1.881016135	0	0	0.9104919434	0.8361488581	0.6969395876	0
2650	1.559651375	1.559651375	0	0	0.9095705152	0.8277083039	0.6868023872	0
2651	1.515582442	1.515582442	0	0	0.910651803	0.8284323812	0.6957266331	0
2652	1.327537537	1.327537537	0	0	0.9070593715	0.8208994269	0.6865845919	0
2653	1.211812496	1.211812496	0	0	0.9108784199	0.8222862482	0.6944884658	0
2654	1.171257377	1.171257377	0	0	0.9114595056	0.8194070458	0.6936241984	0
2655	1.198163748	1.198163748	0	0	0.9089396596	0.8174694777	0.686383605	0
2656	1.13833642	1.13833642	0	0	0.9160237908	0.8303204775	0.7057678699	0
2657	1.158297181	1.158297181	0	0	0.9147285223	0.8292648792	0.7058430314	0
2658	1.129866362	1.129866362	0	0	0.9159178734	0.8304075599	0.7031308413	0
2659	1.181218505	1.181218505	0	0	0.9128201604	0.8273329735	0.6993446946	0
2660	1.34094286	1.34094286	0	0	0.9143969417	0.8339075446	0.7064592242	0
2661	1.329862118	1.329862118	0	0	0.9157652855	0.8355695605	0.7090028524	0
2662	1.418014765	1.418014765	0	0	0.9151554108	0.8361958861	0.7102304697	0
2663	1.349809885	1.349809885	0	0	0.9078497887	0.8228231072	0.6875161529	0
2664	1.339334607	1.339334607	0	0	0.9121870399	0.8284314275	0.6978583932	0
2665	1.276524544	1.276524544	0	0	0.9001814723	0.8110932708	0.6695654988	0
2666	1.199697495	1.199697495	0	0	0.9035387635	0.8132032752	0.6741669774	0
2667	1.229491949	1.229491949	0	0	0.9140446782	0.8293141723	0.7047103047	0
2668	1.213561177	1.213561177	0	0	0.9156088829	0.8312823176	0.7071585655	0
2669	1.186571836	1.186571836	0	0	0.9187906981	0.8343505859	0.7128482461	0
2670	1.354815006	1.354815006	0	0	0.9200814366	0.8374476433	0.7188193202	0
2671	1.231512308	1.231512308	0	0	0.9125509858	0.8223500252	0.691967845	0
2672	1.32476294	1.32476294	0	0	0.9150317311	0.8318902254	0.6996927261	0
2673	1.455990911	1.455990911	0	0	0.9155371785	0.8372684717	0.7098641396	0
2674	1.182434797	1.182434797	0	0	0.9112597108	0.8247520924	0.6922629476	0
2675	1.10879302	1.10879302	0	0	0.9104725718	0.8194307685	0.6923912168	0
2676	1.083135128	1.083135128	0	0	0.9097690582	0.8161979914	0.6914101243	0
2677	1.056519985	1.056519985	0	0	0.9089428186	0.8118613958	0.689453423	0
2678	1.038658738	1.038658738	0	0	0.9076817036	0.8101352453	0.6862893105	0
2679	1.028378725	1.028378725	0	0	0.9067861438	0.8081761599	0.6828173995	0
2680	0.8974354267	0.8974354267	0	0	0.910468936	0.8175159693	0.6930092573	0
2681	0.8862856627	0.8862856627	0	0	0.910431087	0.8176968694	0.6937371492	0
2682	0.8091961145	0.8091961145	0	0	0.9152559638	0.8256823421	0.7017495632	0
2683	0.8280435205	0.8280435205	0	0	0.9157897234	0.8289968371	0.7069420815	0
2684	0.8784701824	0.8784701824	0	0	0.91690588	0.8339274526	0.7131587267	0
2685	0.9390261769	0.9390261769	0	0	0.9163834453	0.8333393335	0.7132440805	0
2686	0.950453639	0.950453639	0	0	0.9103776217	0.82442981	0.6959465742	0
2687	0.9483290315	0.9483290315	0	0	0.9073671699	0.8167738318	0.6863699555	0
2688	0.8458153009	0.8458153009	0	0	0.9049007893	0.8131737709	0.6775786877	0
2689	0.912068665	0.912068665	0	0	0.9030057788	0.8114447594	0.676014781	0
2690	0.834427774	0.834427774	0	0	0.9061612487	0.8135424852	0.6796198487	0
2691	0.8892558813	0.8892558813	0	0	0.9165118337	0.8314597011	0.709163785	0
2692	0.8540499806	0.8540499806	0	0	0.9194915295	0.8364630938	0.7155122161	0
2693	0.8515889049	0.8515889049	0	0	0.9199233055	0.8352390528	0.7168816328	0
2694	0.94497329	0.94497329	0	0	0.9150262475	0.8259506226	0.7038641572	0
2695	0.9236635566	0.9236635566	0	0	0.9119372368	0.8196605444	0.6945226789	0
2696	0.9398340583	0.9398340583	0	0	0.9148875475	0.8285132647	0.7041187882	0
2697	1.073721886	1.073721886	0	0	0.9140467048	0.831761837	0.7073903084	0
2698	0.8078566194	0.8078566194	0	0	0.9094269872	0.8188925385	0.691061914	0
2699	0.8834499121	0.8834499121	0	0	0.9111815691	0.8187519908	0.6941172481	0
2700	0.9164530635	0.9164530635	0	0	0.9125280976	0.8210149407	0.6969062686	0
2701	1.038703322	1.038703322	0	0	0.9125339985	0.8181084394	0.6984885931	0
2702	1.053770661	1.053770661	0	0	0.9094009399	0.8126471639	0.6921690702	0
2703	1.195128083	1.195128083	0	0	0.9105770588	0.8144392967	0.6975189447	0
2704	1.075955987	1.075955987	0	0	0.911598742	0.8177273273	0.7024838328	0
2705	1.086205482	1.086205482	0	0	0.9107607603	0.8173411489	0.7021984458	0
2706	0.9619801641	0.9619801641	0	0	0.9160522223	0.8263517022	0.712187469	0
2707	0.892514348	0.892514348	0	0	0.9175158739	0.8299090266	0.7142985463	0
2708	0.9498587251	0.9498587251	0	0	0.9183615446	0.8326533437	0.7161729336	0
2709	1.063605547	1.063605547	0	0	0.916798532	0.8291057348	0.7127686143	0
2710	0.9768902659	0.9768902659	0	0	0.9085482359	0.8137971759	0.6928480864	0
2711	1.083758712	1.083758712	0	0	0.905603528	0.8094130158	0.6886398196	0
2712	0.9909269214	0.9909269214	0	0	0.9039189219	0.8103941083	0.6878412962	0
2713	1.085189223	1.085189223	0	0	0.9006814361	0.8084670305	0.6837055683	0
2714	1.02811265	1.02811265	0	0	0.9067633748	0.8149443269	0.6930059195	0
2715	1.031628132	1.031628132	0	0	0.9185837507	0.8324879408	0.7205832601	0
2716	0.9926832318	0.9926832318	0	0	0.9151274562	0.8246508241	0.7072668076	0
2717	1.128532171	1.128532171	0	0	0.9148048162	0.8225416541	0.7082316875	0
2718	1.273121595	1.273121595	0	0	0.910509944	0.8141516447	0.7017153502	0
2719	1.1116153	1.1116153	0	0	0.906262815	0.8062825799	0.6880400777	0
2720	1.28951776	1.28951776	0	0	0.9105159044	0.8194031715	0.7075247169	0
2721	1.386545658	1.386545658	0	0	0.9079108238	0.81992203	0.7058341503	0
2722	1.062605143	1.062605143	0	0	0.9050334692	0.8136334419	0.6931900978	0
2723	1.031104922	1.031104922	0	0	0.9093005657	0.8136638403	0.6945256591	0
2724	1.11692059	1.11692059	0	0	0.9079833031	0.8082121015	0.6905789375	0
2725	1.205384374	1.205384374	0	0	0.9050391316	0.7998917103	0.6829665303	0
2726	1.161294103	1.161294103	0	0	0.9017176628	0.7936560512	0.6809886098	0
2727	1.176373839	1.176373839	0	0	0.9015634656	0.7950817347	0.6805397272	0
2728	1.168093681	1.168093681	0	0	0.906617403	0.808624804	0.6955596805	0
2729	1.223431826	1.223431826	0	0	0.9080231786	0.8130906224	0.6995118856	0
2730	0.9233885407	0.9233885407	0	0	0.9071307182	0.8100168109	0.6873013377	0
2731	0.8936954737	0.8936954737	0	0	0.9113461375	0.8138445616	0.6970623732	0
2732	1.070524216	1.070524216	0	0	0.9051008821	0.8020122051	0.6804408431	0
2733	1.099864721	1.099864721	0	0	0.8984242678	0.7889903784	0.6673149467	0
2734	1.002936006	1.002936006	0	0	0.8939900994	0.7812132835	0.6626662016	0
2735	0.9967311025	0.9967311025	0	0	0.8951743245	0.7843207121	0.6625413895	0
2736	1.213062525	1.213062525	0	0	0.9005141258	0.7987871766	0.6811428666	0
2737	1.229846716	1.229846716	0	0	0.9042381048	0.8063393831	0.6904818416	0
2738	0.9751721621	0.9751721621	0	0	0.9108489156	0.812242806	0.6970999837	0
2739	1.011854053	1.011854053	0	0	0.9151585102	0.8169382215	0.704887867	0
2740	1.109422565	1.109422565	0	0	0.9087744355	0.8015868068	0.6842653155	0
2741	1.090407372	1.090407372	0	0	0.9028509259	0.7901078463	0.6701472998	0
2742	1.168435574	1.168435574	0	0	0.9035606384	0.7926988006	0.6811053753	0
2743	1.101103783	1.101103783	0	0	0.9039762616	0.7931702733	0.6755870581	0
2744	1.372826576	1.372826576	0	0	0.9064129591	0.8032164574	0.6885884404	0
2745	1.363258362	1.363258362	0	0	0.9115640521	0.8161229491	0.7018777132	0
2746	1.022393346	1.022393346	0	0	0.9136314392	0.8176419139	0.7008062005	0
2747	0.9094654918	0.9094654918	0	0	0.9088587165	0.804874301	0.681202352	0
2748	1.076616168	1.076616168	0	0	0.9062714577	0.8015048504	0.6747624278	0
2749	1.183852792	1.183852792	0	0	0.9061585665	0.8017398119	0.6791405678	0
2750	1.004432082	1.004432082	0	0	0.9014658332	0.7927930951	0.6710746288	0
2751	1.014129877	1.014129877	0	0	0.9069145918	0.8056793213	0.6829274297	0
2752	1.189185143	1.189185143	0	0	0.9064820409	0.8115843534	0.6877080202	0
2753	1.023677111	1.023677111	0	0	0.9022070765	0.8032096624	0.6698372364	0
2754	0.8565727472	0.8565727472	0	0	0.9077739716	0.8093367219	0.678263545	0
2755	0.7159930468	0.7159930468	0	0	0.9033745527	0.7982453108	0.6616592407	0
2756	0.8305950165	0.8305950165	0	0	0.9057486653	0.80343467	0.6702252626	0
2757	0.9024541974	0.9024541974	0	0	0.9014569521	0.7936163545	0.6619654894	0
2758	0.8508899212	0.8508899212	0	0	0.8919734955	0.7834812999	0.6496511102	0
2759	0.8563386798	0.8563386798	0	0	0.8900352716	0.7852684855	0.6435093284	0
2760	1.059830427	1.059830427	0	0	0.8980228901	0.801768899	0.6682950854	0
2761	0.9192498326	0.9192498326	0	0	0.9047058821	0.8087661266	0.6744856834	0
2762	0.8643428087	0.8643428087	0	0	0.9139686823	0.8206194043	0.6948432922	0
2763	0.7393084764	0.7393084764	0	0	0.9124693274	0.8146586418	0.6850283742	0
2764	0.8297806978	0.8297806978	0	0	0.9107121229	0.8106190562	0.6777384877	0
2765	0.9760109186	0.9760109186	0	0	0.9116733074	0.8098916411	0.6859639883	0
2766	0.9159943461	0.9159943461	0	0	0.9062168598	0.8017596006	0.6770049334	0
2767	0.9184277654	0.9184277654	0	0	0.9039890766	0.8008030653	0.6662861109	0
2768	1.034719348	1.034719348	0	0	0.9109416008	0.8176361918	0.6887472868	0
2769	0.8811591864	0.8811591864	0	0	0.9116592407	0.8197506666	0.6850132942	0
2770	0.7761208415	0.7761208415	0	0	0.9101467133	0.8161866069	0.6781784892	0
2771	0.6619186401	0.6619186401	0	0	0.907340169	0.8089731932	0.6682769656	0
2772	0.7152882814	0.7152882814	0	0	0.9062694311	0.806987226	0.664701283	0
2773	0.8330241442	0.8330241442	0	0	0.9133264422	0.8199831843	0.6909484267	0
2774	0.7235049009	0.7235049009	0	0	0.9100750685	0.8148188591	0.6852099299	0
2775	0.7041464448	0.7041464448	0	0	0.9108082652	0.8163315654	0.6803473234	0
2776	0.8118544221	0.8118544221	0	0	0.9162533283	0.8264475465	0.6969438791	0
2777	0.6747214198	0.6747214198	0	0	0.9095226526	0.8135537505	0.6713728309	0
2778	0.6691247225	0.6691247225	0	0	0.911233604	0.8172756433	0.679233849	0
2779	0.6463742852	0.6463742852	0	0	0.9097780585	0.8139799237	0.677749157	0
2780	0.6685678363	0.6685678363	0	0	0.9106544256	0.8157322407	0.679089427	0
2781	0.7124486566	0.7124486566	0	0	0.9112906456	0.8146426082	0.6813638806	0
2782	0.7009931803	0.7009931803	0	0	0.908026576	0.8121644855	0.6793943048	0
2783	0.6794611812	0.6794611812	0	0	0.9027338624	0.8023357391	0.6565091014	0
2784	0.7424446344	0.7424446344	0	0	0.9063441157	0.8110087514	0.6702726483	0
