sample,mae_full,mae_inv_only,better_full_or_inv
0,0.42810091376304626,0.44909849762916565,full
1,0.43843215703964233,0.45444250106811523,full
2,0.4323849678039551,0.45217445492744446,full
3,0.43036317825317383,0.4562731385231018,full
4,0.4437713623046875,0.4495586156845093,full
5,0.4591239392757416,0.4681066870689392,full
6,0.44963809847831726,0.4657718241214752,full
7,0.45295435190200806,0.47272682189941406,full
8,0.46241942048072815,0.4830721914768219,full
9,0.43829718232154846,0.4641284942626953,full
10,0.41226959228515625,0.4363257586956024,full
11,0.37223249673843384,0.3967043161392212,full
12,0.33947959542274475,0.3695252239704132,full
13,0.3661102056503296,0.3722338080406189,full
14,0.38839367032051086,0.37938132882118225,inv_only
15,0.3624841868877411,0.35661008954048157,inv_only
16,0.3690181076526642,0.34869393706321716,inv_only
17,0.3649482727050781,0.35360121726989746,inv_only
18,0.34391698241233826,0.35573476552963257,full
19,0.3554666340351105,0.35191214084625244,inv_only
20,0.35745587944984436,0.36505410075187683,full
21,0.34997954964637756,0.36011454463005066,full
22,0.32038334012031555,0.3476298451423645,full
23,0.3453371524810791,0.33710047602653503,inv_only
24,0.36494624614715576,0.36760082840919495,full
25,0.3809967041015625,0.3822329342365265,full
26,0.3699225187301636,0.38703346252441406,full
27,0.3960391581058502,0.39419955015182495,inv_only
28,0.3937915563583374,0.3881068527698517,inv_only
29,0.3971966505050659,0.38892582058906555,inv_only
30,0.39501863718032837,0.39903804659843445,full
31,0.3859633505344391,0.39646148681640625,full
32,0.368705689907074,0.3740764856338501,full
33,0.3620128631591797,0.36460912227630615,full
34,0.3428083658218384,0.34579190611839294,full
35,0.3277667760848999,0.3350240886211395,full
36,0.33228346705436707,0.3389049768447876,full
37,0.340105801820755,0.34476324915885925,full
38,0.34824255108833313,0.3544877767562866,full
39,0.3451870083808899,0.34263697266578674,inv_only
40,0.34769195318222046,0.33300772309303284,inv_only
41,0.306753933429718,0.2944106161594391,inv_only
42,0.3124980628490448,0.2992117404937744,inv_only
43,0.29189762473106384,0.3060298562049866,full
44,0.30142390727996826,0.31374484300613403,full
45,0.2981707453727722,0.3253431022167206,full
46,0.29941314458847046,0.32846325635910034,full
47,0.2999829351902008,0.31973689794540405,full
48,0.29313746094703674,0.3131907880306244,full
49,0.3023165464401245,0.3229675889015198,full
50,0.3303154408931732,0.3304198980331421,full
51,0.3281920850276947,0.350776344537735,full
52,0.35566630959510803,0.3778845965862274,full
53,0.36427295207977295,0.3795109987258911,full
54,0.3595523536205292,0.38027432560920715,full
55,0.34785735607147217,0.3708476722240448,full
56,0.301563024520874,0.3326684832572937,full
57,0.2857213616371155,0.3158707320690155,full
58,0.286187082529068,0.2941424548625946,full
59,0.2929835915565491,0.30079472064971924,full
60,0.31844791769981384,0.3180580735206604,inv_only
61,0.31395024061203003,0.32035455107688904,full
62,0.3288096487522125,0.3484157919883728,full
63,0.33236265182495117,0.33928364515304565,full
64,0.33893248438835144,0.3425222933292389,full
65,0.343514621257782,0.3507562279701233,full
66,0.3310319781303406,0.350853830575943,full
67,0.3441482484340668,0.3550412654876709,full
68,0.3286377787590027,0.33700117468833923,full
69,0.31073451042175293,0.3350107669830322,full
70,0.29581308364868164,0.313372939825058,full
71,0.3407207727432251,0.3439207077026367,full
72,0.3779760003089905,0.3744145333766937,inv_only
73,0.39697083830833435,0.3937796652317047,inv_only
74,0.3772125542163849,0.39237940311431885,full
75,0.36314907670021057,0.39275678992271423,full
76,0.3698350787162781,0.3918232321739197,full
77,0.3801531493663788,0.3945823609828949,full
78,0.36719533801078796,0.3936833143234253,full
79,0.375339150428772,0.39520299434661865,full
80,0.37151259183883667,0.3865318298339844,full
81,0.3598008155822754,0.3733638525009155,full
82,0.33864259719848633,0.35406026244163513,full
83,0.3510107696056366,0.359684556722641,full
84,0.36897239089012146,0.38682040572166443,full
85,0.3860126733779907,0.396870493888855,full
86,0.39089930057525635,0.394483357667923,full
87,0.39776352047920227,0.38019099831581116,inv_only
88,0.3715350031852722,0.36586639285087585,inv_only
89,0.3707525432109833,0.3740234375,full
90,0.36157259345054626,0.3765859305858612,full
91,0.3773175776004791,0.39092424511909485,full
92,0.40946951508522034,0.3764882981777191,inv_only
93,0.39281317591667175,0.3663301467895508,inv_only
94,0.35912781953811646,0.35625940561294556,inv_only
95,0.35219067335128784,0.36381232738494873,full
96,0.36672329902648926,0.38313743472099304,full
97,0.396757036447525,0.399394690990448,full
98,0.3926772177219391,0.4107838571071625,full
99,0.4076750576496124,0.4256947338581085,full
100,0.398672878742218,0.43057769536972046,full
101,0.3858964145183563,0.4167971909046173,full
102,0.3982505798339844,0.40509238839149475,full
103,0.3989397883415222,0.42513248324394226,full
104,0.39604759216308594,0.4174913763999939,full
105,0.37217357754707336,0.3886556625366211,full
106,0.3506459593772888,0.3683798611164093,full
107,0.3375934064388275,0.35879436135292053,full
108,0.3202000558376312,0.35382381081581116,full
109,0.332041472196579,0.36393851041793823,full
110,0.3614811897277832,0.3932194113731384,full
111,0.400493860244751,0.41927602887153625,full
112,0.3900108337402344,0.4159001111984253,full
113,0.36140111088752747,0.3894696533679962,full
114,0.36097452044487,0.3771831691265106,full
115,0.3514738976955414,0.36686089634895325,full
116,0.3547184467315674,0.362671822309494,full
117,0.3441556692123413,0.3608459234237671,full
118,0.33749866485595703,0.34232231974601746,full
119,0.35644692182540894,0.3353913724422455,inv_only
120,0.34835919737815857,0.34349942207336426,inv_only
121,0.37426087260246277,0.34260237216949463,inv_only
122,0.3269507586956024,0.34409451484680176,full
123,0.3284125030040741,0.3702380955219269,full
124,0.34800606966018677,0.39261722564697266,full
125,0.34110140800476074,0.39082401990890503,full
126,0.3418932855129242,0.38775771856307983,full
127,0.34806588292121887,0.3859299421310425,full
128,0.3388071656227112,0.3525240421295166,full
129,0.3470139801502228,0.3601011037826538,full
130,0.360600084066391,0.3536126911640167,inv_only
131,0.3755837380886078,0.3588435649871826,inv_only
132,0.3749108612537384,0.36648109555244446,inv_only
133,0.40434691309928894,0.3911524713039398,inv_only
134,0.4013257920742035,0.40904271602630615,full
135,0.3804272711277008,0.3922440707683563,full
136,0.39245662093162537,0.399448037147522,full
137,0.40766358375549316,0.40661972761154175,inv_only
138,0.41085708141326904,0.41609087586402893,full
139,0.43350937962532043,0.43929755687713623,full
140,0.44685855507850647,0.4523317217826843,full
141,0.4623238444328308,0.47161293029785156,full
142,0.48487022519111633,0.4828122854232788,inv_only
143,0.5010556578636169,0.4793740212917328,inv_only
144,0.47831037640571594,0.4828304052352905,full
145,0.48051613569259644,0.4946032166481018,full
146,0.48790332674980164,0.4985124468803406,full
147,0.5075691938400269,0.5082892775535583,full
148,0.5238159894943237,0.53122478723526,full
149,0.5467641353607178,0.5455284118652344,inv_only
150,0.5273375511169434,0.5394212007522583,full
151,0.5333486199378967,0.5500701665878296,full
152,0.5124368071556091,0.5224969983100891,full
153,0.4559440612792969,0.4797102212905884,full
154,0.44231125712394714,0.4595041871070862,full
155,0.43591344356536865,0.4586293399333954,full
156,0.4450959861278534,0.46849319338798523,full
157,0.4446561932563782,0.47177085280418396,full
158,0.434073805809021,0.4679597318172455,full
159,0.4558646082878113,0.45924636721611023,full
160,0.4608912765979767,0.4666953980922699,full
161,0.4646742641925812,0.4743305444717407,full
162,0.4640158712863922,0.47462278604507446,full
163,0.46564292907714844,0.4688442051410675,full
164,0.4478553533554077,0.4582695960998535,full
165,0.4447449743747711,0.45790746808052063,full
166,0.42524421215057373,0.4524417817592621,full
167,0.441338449716568,0.4613833725452423,full
168,0.4648551940917969,0.4816492199897766,full
169,0.4587470591068268,0.4936189353466034,full
170,0.468734472990036,0.499316543340683,full
171,0.5057974457740784,0.4977090656757355,inv_only
172,0.5092816352844238,0.5055093169212341,inv_only
173,0.4963451623916626,0.5079309344291687,full
174,0.49214309453964233,0.5036708116531372,full
175,0.48102134466171265,0.5012156963348389,full
176,0.4599066376686096,0.48109182715415955,full
177,0.4375014305114746,0.466952919960022,full
178,0.42448222637176514,0.4470595121383667,full
179,0.42905616760253906,0.4432530403137207,full
180,0.4598197937011719,0.4713485836982727,full
181,0.4688325822353363,0.49625614285469055,full
182,0.5077498555183411,0.5291683673858643,full
183,0.5021559000015259,0.5123423933982849,full
184,0.4964371621608734,0.510551393032074,full
185,0.483962744474411,0.5042728185653687,full
186,0.4615926742553711,0.48776426911354065,full
187,0.465179443359375,0.4879383444786072,full
188,0.4633212089538574,0.4856310486793518,full
189,0.46736860275268555,0.4904300272464752,full
190,0.4683956503868103,0.4837207496166229,full
191,0.4845344126224518,0.4911544919013977,full
192,0.4925985038280487,0.4896281957626343,inv_only
193,0.4823554754257202,0.46494871377944946,inv_only
194,0.5132217407226562,0.45628929138183594,inv_only
195,0.4521420896053314,0.44766926765441895,inv_only
196,0.44198673963546753,0.4573300778865814,full
197,0.443345844745636,0.4568113684654236,full
198,0.46462586522102356,0.4805975556373596,full
199,0.48841264843940735,0.5043066143989563,full
200,0.4804344177246094,0.4870832562446594,full
201,0.4693615436553955,0.4801397919654846,full
202,0.4531216621398926,0.4643004238605499,full
203,0.4097793400287628,0.4299441874027252,full
204,0.37619319558143616,0.42516517639160156,full
205,0.37948963046073914,0.3960783779621124,full
206,0.37993577122688293,0.39033010601997375,full
207,0.40981656312942505,0.3985320031642914,inv_only
208,0.40561243891716003,0.3890315592288971,inv_only
209,0.3988874554634094,0.38768064975738525,inv_only
210,0.36863973736763,0.35788238048553467,inv_only
211,0.3658580482006073,0.35455188155174255,inv_only
212,0.3643876910209656,0.3686581552028656,full
213,0.37251219153404236,0.37159261107444763,inv_only
214,0.35826370120048523,0.3750474750995636,full
215,0.358704537153244,0.37588146328926086,full
216,0.3643829822540283,0.37706252932548523,full
217,0.38723084330558777,0.40812167525291443,full
218,0.4048546552658081,0.4215475916862488,full
219,0.4096161723136902,0.4322906732559204,full
220,0.4064273536205292,0.42206069827079773,full
221,0.40639540553092957,0.41404274106025696,full
222,0.4020038843154907,0.41155916452407837,full
223,0.41109758615493774,0.4077012240886688,inv_only
224,0.3875707983970642,0.40158364176750183,full
225,0.38142186403274536,0.3829449415206909,full
226,0.36229583621025085,0.3778700530529022,full
227,0.33308011293411255,0.3484043478965759,full
228,0.3184255063533783,0.340670108795166,full
229,0.32013481855392456,0.3501369059085846,full
230,0.3498932123184204,0.36998963356018066,full
231,0.38586947321891785,0.39801180362701416,full
232,0.40332844853401184,0.41453731060028076,full
233,0.3799818158149719,0.39336439967155457,full
234,0.3815651834011078,0.4015738368034363,full
235,0.37807977199554443,0.39079540967941284,full
236,0.3873656094074249,0.3894498944282532,full
237,0.37314698100090027,0.3817809820175171,full
238,0.3622564375400543,0.36985597014427185,full
239,0.3591233789920807,0.374228298664093,full
240,0.4028080105781555,0.39433228969573975,inv_only
241,0.4115877151489258,0.3997785449028015,inv_only
242,0.3996654748916626,0.3979642987251282,inv_only
243,0.3947351574897766,0.38282981514930725,inv_only
244,0.4056589603424072,0.4118763208389282,full
245,0.41911429166793823,0.43548840284347534,full
246,0.4398386776447296,0.43369752168655396,inv_only
247,0.39034879207611084,0.409822553396225,full
248,0.3752897381782532,0.38745948672294617,full
249,0.3790566325187683,0.3868754208087921,full
250,0.3867744207382202,0.39347732067108154,full
251,0.391861230134964,0.40956437587738037,full
252,0.3892604410648346,0.426150381565094,full
253,0.4286766052246094,0.4397023916244507,full
254,0.439921110868454,0.4414513111114502,full
255,0.45367419719696045,0.4511677920818329,inv_only
256,0.4617418646812439,0.4607968330383301,inv_only
257,0.46967363357543945,0.46734488010406494,inv_only
258,0.4605570435523987,0.46391865611076355,full
259,0.451248437166214,0.4488407373428345,inv_only
260,0.4472256600856781,0.45255279541015625,full
261,0.4222772419452667,0.4442748725414276,full
262,0.4172815978527069,0.4297056794166565,full
263,0.42393311858177185,0.43595531582832336,full
264,0.4576840400695801,0.4703545570373535,full
265,0.47540539503097534,0.48997581005096436,full
266,0.4709717929363251,0.5065146088600159,full
267,0.47942960262298584,0.5150713324546814,full
268,0.5003464818000793,0.5164515972137451,full
269,0.49572473764419556,0.5117341876029968,full
270,0.487516313791275,0.5003870129585266,full
271,0.4838581085205078,0.5036994218826294,full
272,0.47514358162879944,0.49069759249687195,full
273,0.45410361886024475,0.47327250242233276,full
274,0.42765092849731445,0.4564739167690277,full
275,0.3994376063346863,0.4409526586532593,full
276,0.396095871925354,0.44415584206581116,full
277,0.39371031522750854,0.42791521549224854,full
278,0.3949342668056488,0.41434353590011597,full
279,0.39665740728378296,0.39172685146331787,inv_only
280,0.38120079040527344,0.36956945061683655,inv_only
281,0.3854105472564697,0.3811423182487488,inv_only
282,0.395553857088089,0.3873510956764221,inv_only
283,0.38515347242355347,0.37668105959892273,inv_only
284,0.3716191053390503,0.3610008955001831,inv_only
285,0.34726765751838684,0.3673747777938843,full
286,0.3551412522792816,0.36917150020599365,full
287,0.3981063961982727,0.39053744077682495,inv_only
288,0.4469091296195984,0.4413677155971527,inv_only
289,0.43955478072166443,0.4511851370334625,full
290,0.4359162151813507,0.4689413905143738,full
291,0.4573565125465393,0.47567930817604065,full
292,0.46644124388694763,0.46539148688316345,inv_only
293,0.462016761302948,0.46783947944641113,full
294,0.46451425552368164,0.4699370265007019,full
295,0.4603242576122284,0.4649958908557892,full
296,0.42493003606796265,0.44075068831443787,full
297,0.41061848402023315,0.42383185029029846,full
298,0.3766134977340698,0.3974952697753906,full
299,0.38375404477119446,0.41159629821777344,full
300,0.42239072918891907,0.4317561686038971,full
301,0.4216459393501282,0.42451274394989014,full
302,0.4389389753341675,0.4497039020061493,full
303,0.4871522784233093,0.48575693368911743,inv_only
304,0.48634767532348633,0.4759911298751831,inv_only
305,0.45325392484664917,0.44182851910591125,inv_only
306,0.42163217067718506,0.42029181122779846,inv_only
307,0.4062199294567108,0.41592153906822205,full
308,0.40708184242248535,0.41606590151786804,full
309,0.41514256596565247,0.4243793487548828,full
310,0.4335775077342987,0.4266287088394165,inv_only
311,0.4364423453807831,0.43015000224113464,inv_only
312,0.4468984305858612,0.4446040093898773,inv_only
313,0.4307551681995392,0.44859743118286133,full
314,0.43747690320014954,0.4589546024799347,full
315,0.458939790725708,0.46056726574897766,full
316,0.4553031623363495,0.46999385952949524,full
317,0.448009729385376,0.4528259038925171,full
318,0.44006994366645813,0.4496151804924011,full
319,0.43140876293182373,0.44264930486679077,full
320,0.4079640805721283,0.43911197781562805,full
321,0.4099277853965759,0.4167855679988861,full
322,0.4186529517173767,0.4048372507095337,inv_only
323,0.3992528021335602,0.4102059304714203,full
324,0.40051016211509705,0.40850013494491577,full
325,0.4070238471031189,0.42005839943885803,full
326,0.4239388406276703,0.43327826261520386,full
327,0.44159945845603943,0.46606355905532837,full
328,0.44721800088882446,0.4553159177303314,full
329,0.3938213288784027,0.41569510102272034,full
330,0.36818328499794006,0.38536375761032104,full
331,0.3681873083114624,0.3803161084651947,full
332,0.3670315444469452,0.38172367215156555,full
333,0.36136963963508606,0.37507903575897217,full
334,0.3668292760848999,0.3750540614128113,full
335,0.3674917221069336,0.38590896129608154,full
336,0.3675576150417328,0.3725854754447937,full
337,0.35061290860176086,0.37646177411079407,full
338,0.3735489547252655,0.3885628581047058,full
339,0.4017169773578644,0.40574148297309875,full
340,0.4164315164089203,0.4357657730579376,full
341,0.4190775156021118,0.44473275542259216,full
342,0.40628135204315186,0.4230095148086548,full
343,0.38193848729133606,0.41021692752838135,full
344,0.35401028394699097,0.3776731491088867,full
345,0.345285028219223,0.35856255888938904,full
346,0.3365887403488159,0.35171228647232056,full
347,0.33191269636154175,0.3481655418872833,full
348,0.34590429067611694,0.34803035855293274,full
349,0.3815198838710785,0.38253721594810486,full
350,0.3915853202342987,0.39837974309921265,full
351,0.37738168239593506,0.37252986431121826,inv_only
352,0.35547882318496704,0.34603458642959595,inv_only
353,0.344547837972641,0.34669703245162964,full
354,0.3413105905056,0.33646661043167114,inv_only
355,0.3383021950721741,0.3309165835380554,inv_only
356,0.33100417256355286,0.33342692255973816,full
357,0.3295457363128662,0.3493988513946533,full
358,0.3321916162967682,0.3507997393608093,full
359,0.35037800669670105,0.3623638153076172,full
360,0.3911036252975464,0.40460091829299927,full
361,0.382395476102829,0.41252991557121277,full
362,0.38991087675094604,0.4208056628704071,full
363,0.3852311670780182,0.42515993118286133,full
364,0.4062694311141968,0.43923118710517883,full
365,0.41105684638023376,0.43537232279777527,full
366,0.3938644230365753,0.4160979092121124,full
367,0.3744584918022156,0.4072648882865906,full
368,0.36487653851509094,0.3837672770023346,full
369,0.3582041561603546,0.34883567690849304,inv_only
370,0.32039716839790344,0.3286086916923523,full
371,0.3321371376514435,0.3279801905155182,inv_only
372,0.3222194015979767,0.3276194632053375,full
373,0.3302361071109772,0.3343524932861328,full
374,0.33873796463012695,0.3407441973686218,full
375,0.35704344511032104,0.3419933021068573,inv_only
376,0.3476637303829193,0.339495450258255,inv_only
377,0.35325953364372253,0.3458012342453003,inv_only
378,0.3514961898326874,0.3439086079597473,inv_only
379,0.34033435583114624,0.34967729449272156,full
380,0.3312041759490967,0.35156723856925964,full
381,0.33299824595451355,0.3515454828739166,full
382,0.337989866733551,0.3532998859882355,full
383,0.3535967767238617,0.3552170395851135,full
384,0.37076953053474426,0.37375324964523315,full
385,0.37629029154777527,0.38526245951652527,full
386,0.3856036961078644,0.3894769549369812,full
387,0.3991943597793579,0.3979402482509613,inv_only
388,0.3932788074016571,0.40588316321372986,full
389,0.3740963637828827,0.3999132812023163,full
390,0.39193591475486755,0.40382564067840576,full
391,0.3836563229560852,0.3851465880870819,full
392,0.3567948639392853,0.36780452728271484,full
393,0.357860267162323,0.35813501477241516,full
394,0.3199091851711273,0.33027777075767517,full
395,0.2881982922554016,0.3267161548137665,full
396,0.30927005410194397,0.34688401222229004,full
397,0.32097434997558594,0.35109153389930725,full
398,0.3194532096385956,0.35135170817375183,full
399,0.3504059612751007,0.3732925355434418,full
400,0.3755395710468292,0.37392351031303406,inv_only
401,0.36866888403892517,0.3765733540058136,full
402,0.34732797741889954,0.3459380865097046,inv_only
403,0.33444449305534363,0.353594571352005,full
404,0.34383800625801086,0.3429461121559143,inv_only
405,0.3148442208766937,0.3269750773906708,full
406,0.330093115568161,0.33926981687545776,full
407,0.33553263545036316,0.3385072946548462,full
408,0.3429706394672394,0.3479606509208679,full
409,0.31924891471862793,0.33214500546455383,full
410,0.3311299979686737,0.34863677620887756,full
411,0.3532577455043793,0.367560476064682,full
412,0.3845001459121704,0.3985041677951813,full
413,0.4123849868774414,0.4186598062515259,full
414,0.41504961252212524,0.41509130597114563,full
415,0.38058698177337646,0.3889853358268738,full
416,0.35889169573783875,0.35762548446655273,inv_only
417,0.337436705827713,0.34845712780952454,full
418,0.32260164618492126,0.31936436891555786,inv_only
419,0.3195784091949463,0.3181929290294647,inv_only
420,0.3234691321849823,0.3204948902130127,inv_only
421,0.32135769724845886,0.3135359287261963,inv_only
422,0.3143572509288788,0.30448654294013977,inv_only
423,0.310708612203598,0.2882070541381836,inv_only
424,0.29723402857780457,0.2833464443683624,inv_only
425,0.2943248152732849,0.2903594672679901,inv_only
426,0.29061082005500793,0.29072311520576477,full
427,0.27993857860565186,0.2940640151500702,full
428,0.27855005860328674,0.2857609987258911,full
429,0.28120872378349304,0.3007090985774994,full
430,0.27843549847602844,0.29625043272972107,full
431,0.2840372920036316,0.30112722516059875,full
432,0.2931411564350128,0.292527973651886,inv_only
433,0.29849764704704285,0.2880689203739166,inv_only
434,0.3039913475513458,0.29106464982032776,inv_only
435,0.3055967092514038,0.30818840861320496,full
436,0.2933325469493866,0.2969369888305664,full
437,0.30211561918258667,0.3041445314884186,full
438,0.29345160722732544,0.3053508996963501,full
439,0.2742765247821808,0.2848323583602905,full
440,0.24935460090637207,0.2634452283382416,full
441,0.23066024482250214,0.2505091428756714,full
442,0.2411925047636032,0.24099114537239075,inv_only
443,0.2282763421535492,0.24122090637683868,full
444,0.23564128577709198,0.24705566465854645,full
445,0.23992052674293518,0.26026827096939087,full
446,0.26325225830078125,0.29113566875457764,full
447,0.30187690258026123,0.30279451608657837,full
448,0.3073672354221344,0.3031024932861328,inv_only
449,0.3063392639160156,0.3069605529308319,full
450,0.34311172366142273,0.3149894177913666,inv_only
451,0.321274995803833,0.319973349571228,inv_only
452,0.31744369864463806,0.32976099848747253,full
453,0.32296234369277954,0.34749555587768555,full
454,0.3314979374408722,0.3482990264892578,full
455,0.32308128476142883,0.3355434238910675,full
456,0.31366926431655884,0.3162953555583954,full
457,0.27922171354293823,0.31601619720458984,full
458,0.2909667193889618,0.30766934156417847,full
459,0.3360183537006378,0.33245623111724854,inv_only
460,0.3702482581138611,0.36599087715148926,inv_only
461,0.3775250315666199,0.3716217279434204,inv_only
462,0.3565831184387207,0.35062819719314575,inv_only
463,0.33855196833610535,0.33800721168518066,inv_only
464,0.32828909158706665,0.3172863721847534,inv_only
465,0.30011460185050964,0.3068859577178955,full
466,0.2829951047897339,0.2854759693145752,full
467,0.27703845500946045,0.284579336643219,full
468,0.29040655493736267,0.29217448830604553,full
469,0.2906831204891205,0.29468196630477905,full
470,0.2792593538761139,0.2866573929786682,full
471,0.28370293974876404,0.29729098081588745,full
472,0.2972772717475891,0.3143150210380554,full
473,0.3189074397087097,0.3246207535266876,full
474,0.3295843005180359,0.3277570605278015,inv_only
475,0.32311683893203735,0.32811209559440613,full
476,0.3278829753398895,0.3346758186817169,full
477,0.3279399573802948,0.3475813567638397,full
478,0.3342253863811493,0.3502075970172882,full
479,0.335917204618454,0.3456280529499054,full
480,0.31310269236564636,0.33343538641929626,full
481,0.2911015450954437,0.31522515416145325,full
482,0.2881785035133362,0.30602404475212097,full
483,0.31229618191719055,0.3292112350463867,full
484,0.3475928008556366,0.36410826444625854,full
485,0.3443925976753235,0.37003886699676514,full
486,0.350373238325119,0.36284253001213074,full
487,0.3456781506538391,0.3691491484642029,full
488,0.32626089453697205,0.36688536405563354,full
489,0.30225980281829834,0.33799511194229126,full
490,0.2594190239906311,0.2975561320781708,full
491,0.25174060463905334,0.277628630399704,full
492,0.24845314025878906,0.27151745557785034,full
493,0.2569507956504822,0.2734795808792114,full
494,0.28441548347473145,0.29157140851020813,full
495,0.29687392711639404,0.2863613963127136,inv_only
496,0.3023451566696167,0.29787835478782654,inv_only
497,0.3061412274837494,0.3088018000125885,full
498,0.28602123260498047,0.29176709055900574,full
499,0.28301793336868286,0.2935529053211212,full
500,0.2691951394081116,0.27380940318107605,full
501,0.27040350437164307,0.27757567167282104,full
502,0.2617661654949188,0.2790980041027069,full
503,0.27152106165885925,0.28377559781074524,full
504,0.2846668064594269,0.2950557768344879,full
505,0.28350451588630676,0.2857804000377655,full
506,0.2728121280670166,0.2820100784301758,full
507,0.2722269892692566,0.2873997390270233,full
508,0.2830612063407898,0.2881086468696594,full
509,0.28046104311943054,0.28769823908805847,full
510,0.2822395861148834,0.28039634227752686,inv_only
511,0.30108633637428284,0.2949250638484955,inv_only
512,0.28660303354263306,0.28607627749443054,inv_only
513,0.28423619270324707,0.28027990460395813,inv_only
514,0.2828351557254791,0.27641522884368896,inv_only
515,0.27434515953063965,0.27522847056388855,full
516,0.27668437361717224,0.2796829044818878,full
517,0.289333313703537,0.2854045629501343,inv_only
518,0.2950316369533539,0.2958569824695587,full
519,0.2886545956134796,0.29143425822257996,full
520,0.2860278785228729,0.28082770109176636,inv_only
521,0.2865171432495117,0.2840854227542877,inv_only
522,0.28050851821899414,0.2858085334300995,full
523,0.28255897760391235,0.2834375500679016,full
524,0.2846824526786804,0.2842334508895874,inv_only
525,0.2807415723800659,0.2839837670326233,full
526,0.28474316000938416,0.2849630117416382,full
527,0.28338494896888733,0.2866635024547577,full
528,0.297130286693573,0.2988288104534149,full
529,0.3016207218170166,0.3080593943595886,full
530,0.30233192443847656,0.30421197414398193,full
531,0.29743626713752747,0.31377097964286804,full
532,0.3130834400653839,0.3092383146286011,inv_only
533,0.3010740876197815,0.3055526614189148,full
534,0.30964183807373047,0.30872514843940735,inv_only
535,0.29586225748062134,0.3124767541885376,full
536,0.30026647448539734,0.29934316873550415,inv_only
537,0.2839757800102234,0.2905898690223694,full
538,0.2782348096370697,0.294425368309021,full
539,0.27828678488731384,0.2890823185443878,full
540,0.29776284098625183,0.30245596170425415,full
541,0.3284592926502228,0.32696226239204407,inv_only
542,0.3621577024459839,0.3680068254470825,full
543,0.36648985743522644,0.3937256336212158,full
544,0.38531944155693054,0.39541304111480713,full
545,0.38299843668937683,0.3848613202571869,full
546,0.3788558840751648,0.36983662843704224,inv_only
547,0.32497841119766235,0.34584107995033264,full
548,0.3084041476249695,0.3363700807094574,full
549,0.33381950855255127,0.34180429577827454,full
550,0.3284096121788025,0.3329011797904968,full
551,0.3135172724723816,0.3191658556461334,full
552,0.2902240455150604,0.3020470440387726,full
553,0.2903634011745453,0.28996577858924866,inv_only
554,0.3003860116004944,0.29221656918525696,inv_only
555,0.3136732578277588,0.2987750470638275,inv_only
556,0.32734543085098267,0.3170486092567444,inv_only
557,0.307745099067688,0.329579621553421,full
558,0.3201727569103241,0.3267424404621124,full
559,0.33152657747268677,0.3182308077812195,inv_only
560,0.30084484815597534,0.30100247263908386,full
561,0.2805255353450775,0.2867785096168518,full
562,0.27774959802627563,0.27942734956741333,full
563,0.2720350921154022,0.2688359022140503,inv_only
564,0.251982182264328,0.2516581416130066,inv_only
565,0.23266948759555817,0.250760018825531,full
566,0.24483762681484222,0.2544514238834381,full
567,0.2538713216781616,0.26385512948036194,full
568,0.2635173499584198,0.2591654658317566,inv_only
569,0.26848775148391724,0.2613149881362915,inv_only
570,0.26595404744148254,0.2681110203266144,full
571,0.2624737024307251,0.2666630744934082,full
572,0.27369219064712524,0.27788037061691284,full
573,0.27706074714660645,0.28352269530296326,full
574,0.2813721001148224,0.2827778458595276,full
575,0.2919140160083771,0.2804080843925476,inv_only
576,0.28347811102867126,0.2810802757740021,inv_only
577,0.29217588901519775,0.28707024455070496,inv_only
578,0.2847914695739746,0.28894296288490295,full
579,0.2820195257663727,0.2949439287185669,full
580,0.28675907850265503,0.29152411222457886,full
581,0.3032352924346924,0.30456969141960144,full
582,0.33144453167915344,0.3124939203262329,inv_only
583,0.3018169105052948,0.3069748282432556,full
584,0.3051695227622986,0.31169384717941284,full
585,0.3199688196182251,0.31233683228492737,inv_only
586,0.3242674171924591,0.32385435700416565,inv_only
587,0.33592796325683594,0.330621600151062,inv_only
588,0.331773042678833,0.3316297233104706,inv_only
589,0.33616551756858826,0.32955116033554077,inv_only
590,0.34237685799598694,0.3438558578491211,full
591,0.3285662531852722,0.3401320278644562,full
592,0.33310404419898987,0.3242453634738922,inv_only
593,0.31155097484588623,0.32230931520462036,full
594,0.3015207052230835,0.3206659257411957,full
595,0.3033633232116699,0.31449007987976074,full
596,0.305757611989975,0.32813191413879395,full
597,0.3066496253013611,0.32483232021331787,full
598,0.3117344379425049,0.31931406259536743,full
599,0.3124057352542877,0.3043995499610901,inv_only
600,0.30578431487083435,0.3068767189979553,full
601,0.29111751914024353,0.2980172038078308,full
602,0.28357723355293274,0.2828679382801056,inv_only
603,0.29061925411224365,0.28875434398651123,inv_only
604,0.29251739382743835,0.29874980449676514,full
605,0.28929823637008667,0.29315751791000366,full
606,0.2852775752544403,0.29295021295547485,full
607,0.29042384028434753,0.29370829463005066,full
608,0.3032853901386261,0.3093470335006714,full
609,0.3148360550403595,0.317017138004303,full
610,0.3239525854587555,0.32251495122909546,inv_only
611,0.2918708920478821,0.30907729268074036,full
612,0.2797970473766327,0.29405125975608826,full
613,0.2884281873703003,0.3000035881996155,full
614,0.2893449664115906,0.29341956973075867,full
615,0.28977757692337036,0.2867245376110077,inv_only
616,0.2932993769645691,0.28841426968574524,inv_only
617,0.2910817563533783,0.29256513714790344,full
618,0.2895907461643219,0.2819037139415741,inv_only
619,0.3241553008556366,0.29336947202682495,inv_only
620,0.30509528517723083,0.3048325181007385,inv_only
621,0.30016976594924927,0.3056774139404297,full
622,0.304928183555603,0.3128151595592499,full
623,0.31210631132125854,0.31663158535957336,full
624,0.3192991018295288,0.32855135202407837,full
625,0.33917391300201416,0.34905606508255005,full
626,0.3488549292087555,0.35050198435783386,full
627,0.3508285582065582,0.3590320944786072,full
628,0.37021133303642273,0.37493541836738586,full
629,0.3924018442630768,0.39047563076019287,inv_only
630,0.4092983603477478,0.41912752389907837,full
631,0.39270275831222534,0.41104912757873535,full
632,0.3940218985080719,0.4049040675163269,full
633,0.374014675617218,0.382006973028183,full
634,0.3533352315425873,0.3481919467449188,inv_only
635,0.3394664227962494,0.3402850031852722,full
636,0.3216536343097687,0.3264163136482239,full
637,0.3221997618675232,0.3264720141887665,full
638,0.319259375333786,0.32351359724998474,full
639,0.30904150009155273,0.31334173679351807,full
640,0.3180166482925415,0.3133295476436615,inv_only
641,0.32175347208976746,0.3168211877346039,inv_only
642,0.3281749486923218,0.3197495937347412,inv_only
643,0.3223763108253479,0.3247603178024292,full
644,0.31916001439094543,0.3310922086238861,full
645,0.30460426211357117,0.3193741738796234,full
646,0.3105887472629547,0.3147512674331665,full
647,0.2946489751338959,0.30904853343963623,full
648,0.2981511652469635,0.3026844263076782,full
649,0.2933070659637451,0.3054282069206238,full
650,0.28645846247673035,0.30030596256256104,full
651,0.27508172392845154,0.29738596081733704,full
652,0.2827507257461548,0.2982683777809143,full
653,0.28542864322662354,0.2955963909626007,full
654,0.2922408878803253,0.30795443058013916,full
655,0.30695170164108276,0.32078084349632263,full
656,0.3010469079017639,0.3162897825241089,full
657,0.27678182721138,0.30404362082481384,full
658,0.27928397059440613,0.2912916839122772,full
659,0.2995721697807312,0.3080151677131653,full
660,0.3123605251312256,0.32473480701446533,full
661,0.3151264488697052,0.31996914744377136,full
662,0.3126917779445648,0.3310408592224121,full
663,0.3263510763645172,0.34035205841064453,full
664,0.36256396770477295,0.364627867937088,full
665,0.3594519793987274,0.38081663846969604,full
666,0.37730616331100464,0.37858670949935913,full
667,0.36324065923690796,0.37038949131965637,full
668,0.3494313955307007,0.3551376163959503,full
669,0.3287869393825531,0.34281042218208313,full
670,0.32075783610343933,0.33876368403434753,full
671,0.32959046959877014,0.3459015488624573,full
672,0.3299912214279175,0.3437815010547638,full
673,0.32944339513778687,0.33268070220947266,full
674,0.3272298276424408,0.32799938321113586,full
675,0.31381943821907043,0.33301156759262085,full
676,0.3137986958026886,0.3394286036491394,full
677,0.32148510217666626,0.33826130628585815,full
678,0.3150599002838135,0.32778316736221313,full
679,0.31249216198921204,0.33332130312919617,full
680,0.3063606917858124,0.3188026249408722,full
681,0.3228990435600281,0.33672767877578735,full
682,0.36503052711486816,0.3736869692802429,full
683,0.3706032633781433,0.38165852427482605,full
684,0.36046138405799866,0.3598231077194214,inv_only
685,0.35678791999816895,0.3659668266773224,full
686,0.36892813444137573,0.36268022656440735,inv_only
687,0.37431800365448,0.3681625723838806,inv_only
688,0.36937251687049866,0.3665819466114044,inv_only
689,0.3646182417869568,0.37817686796188354,full
690,0.3729454278945923,0.37591227889060974,full
691,0.37629199028015137,0.3815790116786957,full
692,0.3733770251274109,0.37935325503349304,full
693,0.38653963804244995,0.3844729959964752,inv_only
694,0.38758260011672974,0.3751145601272583,inv_only
695,0.38143762946128845,0.37365201115608215,inv_only
696,0.39886489510536194,0.39671561121940613,inv_only
697,0.42041176557540894,0.3946100175380707,inv_only
698,0.4149761199951172,0.40164658427238464,inv_only
699,0.41147658228874207,0.4036262333393097,inv_only
700,0.4231976568698883,0.4148271381855011,inv_only
701,0.4202882647514343,0.42252635955810547,full
702,0.4303528070449829,0.43102502822875977,full
703,0.43712589144706726,0.4303039312362671,inv_only
704,0.4542042016983032,0.4362812638282776,inv_only
705,0.42773956060409546,0.4298527240753174,full
706,0.43078115582466125,0.4332737922668457,full
707,0.38798651099205017,0.41611936688423157,full
708,0.3836432993412018,0.40762898325920105,full
709,0.3858747184276581,0.3992016315460205,full
710,0.3988741934299469,0.4007796049118042,full
711,0.43039920926094055,0.38184288144111633,inv_only
712,0.503932535648346,0.40437090396881104,inv_only
713,0.4551994204521179,0.4515894949436188,inv_only
714,0.46836018562316895,0.4603695273399353,inv_only
715,0.47634077072143555,0.44202718138694763,inv_only
716,0.4519124925136566,0.42849254608154297,inv_only
717,0.4268531799316406,0.416890412569046,inv_only
718,0.4049496352672577,0.40232041478157043,inv_only
719,0.39914414286613464,0.39226415753364563,inv_only
720,0.45169293880462646,0.4514767825603485,inv_only
721,0.47217297554016113,0.4736553430557251,full
722,0.4449801743030548,0.45986607670783997,full
723,0.4490256607532501,0.47294503450393677,full
724,0.4631730914115906,0.4642888009548187,full
725,0.48538780212402344,0.47625768184661865,inv_only
726,0.4984939694404602,0.5044720768928528,full
727,0.5047896504402161,0.5069432854652405,full
728,0.4970499873161316,0.4901224970817566,inv_only
729,0.4662443995475769,0.47614434361457825,full
730,0.467844158411026,0.470125675201416,full
731,0.4434487521648407,0.4443903863430023,full
732,0.41512107849121094,0.4292668104171753,full
733,0.37997663021087646,0.39243462681770325,full
734,0.36211782693862915,0.3814517855644226,full
735,0.3605591952800751,0.35900336503982544,inv_only
736,0.3574514389038086,0.35785016417503357,full
737,0.36639541387557983,0.3723519444465637,full
738,0.3672617971897125,0.37095192074775696,full
739,0.3656397759914398,0.36875486373901367,full
740,0.3511120676994324,0.3528914451599121,full
741,0.33168306946754456,0.3424701690673828,full
742,0.327317476272583,0.3251955211162567,inv_only
743,0.33767983317375183,0.3390580117702484,full
744,0.391854465007782,0.39015325903892517,inv_only
745,0.3845527768135071,0.4042559266090393,full
746,0.3647995889186859,0.4050583243370056,full
747,0.3769672214984894,0.40654388070106506,full
748,0.37901628017425537,0.39439037442207336,full
749,0.3810186982154846,0.3965117335319519,full
750,0.37873563170433044,0.3984440863132477,full
751,0.36073508858680725,0.38684704899787903,full
752,0.335168719291687,0.3472821116447449,full
753,0.33853745460510254,0.34241172671318054,full
754,0.3317059874534607,0.3375687301158905,full
755,0.3139059543609619,0.3395405113697052,full
756,0.30532944202423096,0.3316493332386017,full
757,0.3067375421524048,0.3247320353984833,full
758,0.3084907531738281,0.32555049657821655,full
759,0.31599146127700806,0.32725054025650024,full
760,0.33429422974586487,0.33730781078338623,full
761,0.34242814779281616,0.3549371659755707,full
762,0.3435746431350708,0.3503464460372925,full
763,0.3364880383014679,0.3447951078414917,full
764,0.3218523859977722,0.3401794135570526,full
765,0.30757853388786316,0.32843664288520813,full
766,0.3117704391479492,0.33615580201148987,full
767,0.31269586086273193,0.31647101044654846,full
768,0.34776270389556885,0.35351264476776123,full
769,0.34197747707366943,0.3500938415527344,full
770,0.3347357511520386,0.34793394804000854,full
771,0.32727697491645813,0.3648148477077484,full
772,0.32780465483665466,0.3627205789089203,full
773,0.3344515860080719,0.3621165156364441,full
774,0.3371407985687256,0.3574548661708832,full
775,0.31937217712402344,0.3445390462875366,full
776,0.31420570611953735,0.32226693630218506,full
777,0.3093225955963135,0.3140043616294861,full
778,0.3300449252128601,0.3169657588005066,inv_only
779,0.299548476934433,0.3176611661911011,full
780,0.29294487833976746,0.31962496042251587,full
781,0.29855188727378845,0.3220560848712921,full
782,0.311701238155365,0.3251822888851166,full
783,0.3211626410484314,0.30949071049690247,inv_only
784,0.3122647702693939,0.30263277888298035,inv_only
785,0.31034162640571594,0.3166137635707855,full
786,0.30459392070770264,0.3198004364967346,full
787,0.3114084303379059,0.31835630536079407,full
788,0.30242305994033813,0.3300894498825073,full
789,0.29212644696235657,0.29913803935050964,full
790,0.28062474727630615,0.2997819185256958,full
791,0.28273648023605347,0.2967158555984497,full
792,0.31433674693107605,0.3290363848209381,full
793,0.3285232186317444,0.3424042761325836,full
794,0.3067816495895386,0.32645484805107117,full
795,0.30634331703186035,0.3440643548965454,full
796,0.32733413577079773,0.3506758511066437,full
797,0.33314311504364014,0.3509922921657562,full
798,0.3386456072330475,0.3527704179286957,full
799,0.3400166928768158,0.3626793920993805,full
800,0.33297285437583923,0.3388034701347351,full
801,0.3592466115951538,0.318410724401474,inv_only
802,0.33437153697013855,0.3270936906337738,inv_only
803,0.3506943881511688,0.3320830762386322,inv_only
804,0.3467242419719696,0.3501377999782562,full
805,0.34986016154289246,0.35151076316833496,full
806,0.35279643535614014,0.3513570725917816,inv_only
807,0.36009591817855835,0.3537278473377228,inv_only
808,0.32739534974098206,0.32195356488227844,inv_only
809,0.31119588017463684,0.30749890208244324,inv_only
810,0.319417268037796,0.32258087396621704,full
811,0.31534016132354736,0.32782551646232605,full
812,0.31912603974342346,0.36003005504608154,full
813,0.33212149143218994,0.3687806725502014,full
814,0.3316052258014679,0.34730562567710876,full
815,0.33245649933815,0.32765454053878784,inv_only
816,0.3390902280807495,0.336588054895401,inv_only
817,0.3191201984882355,0.3437066376209259,full
818,0.33315226435661316,0.34607982635498047,full
819,0.36785340309143066,0.35651111602783203,inv_only
820,0.3826269507408142,0.3824033737182617,inv_only
821,0.3584376275539398,0.37929394841194153,full
822,0.3782614469528198,0.3773893117904663,inv_only
823,0.36497291922569275,0.38519006967544556,full
824,0.3683149218559265,0.3661857545375824,inv_only
825,0.3800627589225769,0.36213740706443787,inv_only
826,0.3741510212421417,0.373212993144989,inv_only
827,0.35559219121932983,0.37613001465797424,full
828,0.37445569038391113,0.3801090121269226,full
829,0.38609495759010315,0.3919825851917267,full
830,0.3880532681941986,0.3944624960422516,full
831,0.39837002754211426,0.4155958890914917,full
832,0.3881797790527344,0.41673988103866577,full
833,0.39483287930488586,0.39305341243743896,inv_only
834,0.38362330198287964,0.39354392886161804,full
835,0.3563741445541382,0.4036369323730469,full
836,0.36839571595191956,0.41343602538108826,full
837,0.39497286081314087,0.42239975929260254,full
838,0.4114752411842346,0.426698237657547,full
839,0.37737682461738586,0.40251123905181885,full
840,0.35134410858154297,0.374795526266098,full
841,0.3237226605415344,0.3469904661178589,full
842,0.33757802844047546,0.3412206172943115,full
843,0.3579382002353668,0.3625972270965576,full
844,0.3842991888523102,0.4111727476119995,full
845,0.3801979720592499,0.41264021396636963,full
846,0.3955877125263214,0.41429901123046875,full
847,0.4166290760040283,0.4258926510810852,full
848,0.38662511110305786,0.40179571509361267,full
849,0.37804239988327026,0.3894190490245819,full
850,0.36375510692596436,0.37692317366600037,full
851,0.34866657853126526,0.36004477739334106,full
852,0.3335363268852234,0.34097936749458313,full
853,0.3257119953632355,0.3295552432537079,full
854,0.32236620783805847,0.3237515985965729,full
855,0.33580636978149414,0.32792529463768005,inv_only
856,0.3581974506378174,0.33965128660202026,inv_only
857,0.3645988404750824,0.36212220788002014,inv_only
858,0.37883737683296204,0.36970022320747375,inv_only
859,0.36636579036712646,0.37879693508148193,full
860,0.3492446839809418,0.3825681805610657,full
861,0.3642401397228241,0.37893953919410706,full
862,0.3634408712387085,0.37851303815841675,full
863,0.36492764949798584,0.38273194432258606,full
864,0.3613813519477844,0.37379395961761475,full
865,0.3445359766483307,0.36660921573638916,full
866,0.35369884967803955,0.35941794514656067,full
867,0.36934956908226013,0.3752302825450897,full
868,0.39727693796157837,0.39970266819000244,full
869,0.4121592938899994,0.40864771604537964,inv_only
870,0.41305142641067505,0.40241822600364685,inv_only
871,0.4003128409385681,0.3999842405319214,inv_only
872,0.37813031673431396,0.37990602850914,full
873,0.35330572724342346,0.3492165505886078,inv_only
874,0.33225762844085693,0.31976163387298584,inv_only
875,0.32692164182662964,0.32454678416252136,inv_only
876,0.32886961102485657,0.3206877112388611,inv_only
877,0.3126498758792877,0.3156190812587738,full
878,0.3244853615760803,0.326170951128006,full
879,0.3315832018852234,0.3220686912536621,inv_only
880,0.3384677469730377,0.32349884510040283,inv_only
881,0.3578159213066101,0.3534908890724182,inv_only
882,0.3886166512966156,0.3650878667831421,inv_only
883,0.3688174784183502,0.3617984354496002,inv_only
884,0.36812612414360046,0.3587796986103058,inv_only
885,0.3669360280036926,0.37509170174598694,full
886,0.37463101744651794,0.3919157385826111,full
887,0.39336374402046204,0.38779258728027344,inv_only
888,0.3868331015110016,0.38388824462890625,inv_only
889,0.3858262896537781,0.3899044394493103,full
890,0.39026615023612976,0.39314544200897217,full
891,0.4240271747112274,0.4205271005630493,inv_only
892,0.45587024092674255,0.4462319016456604,inv_only
893,0.46117573976516724,0.4646546542644501,full
894,0.45300742983818054,0.45840218663215637,full
895,0.44635266065597534,0.4521118402481079,full
896,0.4479255676269531,0.4463300406932831,inv_only
897,0.43936076760292053,0.4233282208442688,inv_only
898,0.4321203827857971,0.4234123229980469,inv_only
899,0.4209049940109253,0.416381299495697,inv_only
900,0.3998206853866577,0.39476022124290466,inv_only
901,0.40785330533981323,0.4071788787841797,inv_only
902,0.4235970675945282,0.4260483384132385,full
903,0.4303325116634369,0.42577123641967773,inv_only
904,0.43404117226600647,0.4297015964984894,inv_only
905,0.43998441100120544,0.4460446536540985,full
906,0.44491517543792725,0.4495801627635956,full
907,0.4400371313095093,0.4423261880874634,full
908,0.42244136333465576,0.4316663444042206,full
909,0.41413208842277527,0.42416101694107056,full
910,0.40628430247306824,0.42291587591171265,full
911,0.4036542773246765,0.4141596853733063,full
912,0.4215294122695923,0.4240648150444031,full
913,0.435661643743515,0.43256741762161255,inv_only
914,0.4328261911869049,0.4289422035217285,inv_only
915,0.4274795353412628,0.4354954659938812,full
916,0.4380548298358917,0.4501246511936188,full
917,0.43286019563674927,0.44128626585006714,full
918,0.433938205242157,0.4549894332885742,full
919,0.4447866678237915,0.46094468235969543,full
920,0.43192175030708313,0.44914910197257996,full
921,0.42107248306274414,0.42952802777290344,full
922,0.4146454334259033,0.42954936623573303,full
923,0.4329681098461151,0.4183904230594635,inv_only
924,0.4235588312149048,0.42026302218437195,inv_only
925,0.46339699625968933,0.46767744421958923,full
926,0.480085551738739,0.4848279654979706,full
927,0.49912962317466736,0.5039957165718079,full
928,0.4595756232738495,0.4804397523403168,full
929,0.4205774664878845,0.4437780976295471,full
930,0.3754541277885437,0.40286195278167725,full
931,0.364065945148468,0.38868823647499084,full
932,0.3624376654624939,0.3716074824333191,full
933,0.36182618141174316,0.37721434235572815,full
934,0.3665228486061096,0.38006362318992615,full
935,0.3533201217651367,0.3610309660434723,full
936,0.3261773884296417,0.33614134788513184,full
937,0.3017379641532898,0.322546124458313,full
938,0.3174689710140228,0.3174424171447754,inv_only
939,0.3088541030883789,0.31026405096054077,full
940,0.31250935792922974,0.32625100016593933,full
941,0.30972936749458313,0.33066660165786743,full
942,0.30081039667129517,0.31453031301498413,full
943,0.3180903196334839,0.31740084290504456,inv_only
944,0.3074539303779602,0.31656014919281006,full
945,0.307392954826355,0.32099947333335876,full
946,0.33693015575408936,0.33817556500434875,full
947,0.35158392786979675,0.35597193241119385,full
948,0.3299708068370819,0.33343568444252014,full
949,0.31877583265304565,0.328633189201355,full
950,0.3475397825241089,0.3584907352924347,full
951,0.3634452819824219,0.352841317653656,inv_only
952,0.3671319782733917,0.35837191343307495,inv_only
953,0.3642142713069916,0.36001163721084595,inv_only
954,0.3456384241580963,0.3476080596446991,full
955,0.32903555035591125,0.3331606090068817,full
956,0.30931252241134644,0.3131290674209595,full
957,0.2878910303115845,0.3021778464317322,full
958,0.2885807156562805,0.2952496409416199,full
959,0.28193897008895874,0.28874316811561584,full
960,0.3106597661972046,0.3201051354408264,full
961,0.3163186013698578,0.31118565797805786,inv_only
962,0.3151305019855499,0.32641592621803284,full
963,0.3278779685497284,0.3355932831764221,full
964,0.3187471032142639,0.3302212655544281,full
965,0.30737608671188354,0.3163597285747528,full
966,0.31287744641304016,0.31737473607063293,full
967,0.331971138715744,0.3220950961112976,inv_only
968,0.3134796619415283,0.3159423768520355,full
969,0.3111819326877594,0.3273434042930603,full
970,0.33693990111351013,0.3401377201080322,full
971,0.34093448519706726,0.3435359299182892,full
972,0.3108549118041992,0.31064215302467346,inv_only
973,0.2954326272010803,0.29909974336624146,full
974,0.29713350534439087,0.3170517683029175,full
975,0.300409197807312,0.31085115671157837,full
976,0.33761289715766907,0.30389106273651123,inv_only
977,0.2861109673976898,0.29402416944503784,full
978,0.29342591762542725,0.2978191375732422,full
979,0.3102108836174011,0.31748610734939575,full
980,0.31424078345298767,0.3192089796066284,full
981,0.3196764588356018,0.32560300827026367,full
982,0.30815473198890686,0.3149137794971466,full
983,0.2885345220565796,0.28583627939224243,inv_only
984,0.28174370527267456,0.29158884286880493,full
985,0.2971135973930359,0.30726706981658936,full
986,0.30501529574394226,0.3152018189430237,full
987,0.3113822042942047,0.31065669655799866,inv_only
988,0.3291202783584595,0.31751295924186707,inv_only
989,0.32157179713249207,0.3202052116394043,inv_only
990,0.31304582953453064,0.3125419616699219,inv_only
991,0.3142428398132324,0.31959518790245056,full
992,0.31118497252464294,0.31233829259872437,full
993,0.3310140371322632,0.3410651385784149,full
994,0.3457387387752533,0.3499029874801636,full
995,0.3459750711917877,0.3549233376979828,full
996,0.3270341753959656,0.3405105471611023,full
997,0.3326629400253296,0.32889920473098755,inv_only
998,0.3337754011154175,0.3196758031845093,inv_only
999,0.31714990735054016,0.31613966822624207,inv_only
1000,0.301150381565094,0.30121296644210815,full
1001,0.2860287129878998,0.29479581117630005,full
1002,0.3015853762626648,0.29615017771720886,inv_only
1003,0.302857369184494,0.2951121926307678,inv_only
1004,0.3025752007961273,0.29160791635513306,inv_only
1005,0.30031871795654297,0.30242133140563965,full
1006,0.2728048861026764,0.28772684931755066,full
1007,0.2662600874900818,0.2785927355289459,full
1008,0.283528208732605,0.29704731702804565,full
1009,0.2987920641899109,0.30754244327545166,full
1010,0.30458587408065796,0.30843865871429443,full
1011,0.303201824426651,0.32185208797454834,full
1012,0.2973557412624359,0.3184768259525299,full
1013,0.3120081126689911,0.3178313970565796,full
1014,0.32306450605392456,0.3380456268787384,full
1015,0.3184892535209656,0.3321646451950073,full
1016,0.30566316843032837,0.3195710778236389,full
1017,0.2944102883338928,0.3106610178947449,full
1018,0.280152827501297,0.2866777777671814,full
1019,0.2722820043563843,0.2942306101322174,full
1020,0.27272310853004456,0.30331629514694214,full
1021,0.29731452465057373,0.3179992437362671,full
1022,0.2902703881263733,0.31911200284957886,full
1023,0.31083056330680847,0.31903812289237976,full
1024,0.309052973985672,0.32629236578941345,full
1025,0.2928842008113861,0.3140711486339569,full
1026,0.2875134348869324,0.3007039725780487,full
1027,0.28646475076675415,0.30485379695892334,full
1028,0.29665878415107727,0.2947236895561218,inv_only
1029,0.29641517996788025,0.30378958582878113,full
1030,0.2816866934299469,0.30350613594055176,full
1031,0.27407464385032654,0.29598504304885864,full
1032,0.2806522250175476,0.29249873757362366,full
1033,0.2829369306564331,0.29486751556396484,full
1034,0.2882139980792999,0.3056679964065552,full
1035,0.2858726680278778,0.31531617045402527,full
1036,0.31423670053482056,0.3329835534095764,full
1037,0.31893372535705566,0.32277244329452515,full
1038,0.32856929302215576,0.31510382890701294,inv_only
1039,0.31848883628845215,0.32247015833854675,full
1040,0.28003162145614624,0.305972695350647,full
1041,0.27582547068595886,0.2905745208263397,full
1042,0.2680732011795044,0.2842005491256714,full
1043,0.3078382611274719,0.2946634888648987,inv_only
1044,0.30621814727783203,0.31710365414619446,full
1045,0.3200356364250183,0.3276694416999817,full
1046,0.31828707456588745,0.3390823006629944,full
1047,0.3453063368797302,0.3351052701473236,inv_only
1048,0.34622815251350403,0.3440743386745453,inv_only
1049,0.3647094666957855,0.35201337933540344,inv_only
1050,0.35284745693206787,0.3539925515651703,full
1051,0.3395664095878601,0.34795814752578735,full
1052,0.33011579513549805,0.34833458065986633,full
1053,0.32398107647895813,0.3367158770561218,full
1054,0.32997626066207886,0.339217871427536,full
1055,0.33936774730682373,0.3471086323261261,full
1056,0.34807223081588745,0.35450202226638794,full
1057,0.3398094177246094,0.36439448595046997,full
1058,0.352043092250824,0.3594359755516052,full
1059,0.34740597009658813,0.3756674826145172,full
1060,0.3878733813762665,0.40547752380371094,full
1061,0.4041907489299774,0.4121320843696594,full
1062,0.4029505252838135,0.4118110239505768,full
1063,0.41190382838249207,0.41295602917671204,full
1064,0.4024004638195038,0.4002329111099243,inv_only
1065,0.38897424936294556,0.39098286628723145,full
1066,0.3766677975654602,0.3830861747264862,full
1067,0.38349270820617676,0.38497525453567505,full
1068,0.40592849254608154,0.40115439891815186,inv_only
1069,0.4229898452758789,0.425402969121933,full
1070,0.45396193861961365,0.45325666666030884,inv_only
1071,0.4633030295372009,0.45173346996307373,inv_only
1072,0.44772469997406006,0.4419565796852112,inv_only
1073,0.45148026943206787,0.4372771680355072,inv_only
1074,0.4239913821220398,0.42193132638931274,inv_only
1075,0.41348811984062195,0.4184702932834625,full
1076,0.406161904335022,0.4170067608356476,full
1077,0.4098897874355316,0.42059358954429626,full
1078,0.4236553907394409,0.43743035197257996,full
1079,0.4398910105228424,0.4420596659183502,full
1080,0.46732547879219055,0.4645795524120331,inv_only
1081,0.4750294089317322,0.47525033354759216,full
1082,0.4657202363014221,0.46181389689445496,inv_only
1083,0.4607444703578949,0.4645361304283142,full
1084,0.4533196985721588,0.46335047483444214,full
1085,0.444347620010376,0.4583625793457031,full
1086,0.4452499747276306,0.4607907235622406,full
1087,0.4385131597518921,0.4521946310997009,full
1088,0.4503310024738312,0.4510074853897095,full
1089,0.4604085683822632,0.468034565448761,full
1090,0.43119022250175476,0.4402562081813812,full
1091,0.3896709382534027,0.40929704904556274,full
1092,0.3794073760509491,0.38443371653556824,full
1093,0.38287004828453064,0.38792550563812256,full
1094,0.39657923579216003,0.4142753481864929,full
1095,0.37219539284706116,0.3848814368247986,full
1096,0.3615471124649048,0.36835142970085144,full
1097,0.34064769744873047,0.34243348240852356,full
1098,0.3537605404853821,0.345941424369812,inv_only
1099,0.360260933637619,0.35461166501045227,inv_only
1100,0.36024045944213867,0.3746412396430969,full
1101,0.35787123441696167,0.3805207908153534,full
1102,0.3337011933326721,0.3560454249382019,full
1103,0.3269345760345459,0.34150928258895874,full
1104,0.3639812469482422,0.36925897002220154,full
1105,0.3869708776473999,0.39494001865386963,full
1106,0.3788917362689972,0.3880476653575897,full
1107,0.3609265387058258,0.3921799063682556,full
1108,0.39568760991096497,0.40637820959091187,full
1109,0.41358402371406555,0.4198780059814453,full
1110,0.44452542066574097,0.45316797494888306,full
1111,0.45913952589035034,0.4643493890762329,full
1112,0.44857463240623474,0.4520033597946167,full
1113,0.4511599838733673,0.46735692024230957,full
1114,0.43231287598609924,0.45538657903671265,full
1115,0.42000722885131836,0.4333031177520752,full
1116,0.4018940329551697,0.42083850502967834,full
1117,0.41660255193710327,0.41913923621177673,full
1118,0.38782671093940735,0.4052063822746277,full
1119,0.379781037569046,0.3912438452243805,full
1120,0.38076531887054443,0.38867151737213135,full
1121,0.4026159644126892,0.40668362379074097,full
1122,0.427949458360672,0.4236554801464081,inv_only
1123,0.4270697236061096,0.4305992126464844,full
1124,0.40548616647720337,0.41494783759117126,full
1125,0.39235347509384155,0.3970434069633484,full
1126,0.37554624676704407,0.3854697048664093,full
1127,0.40241631865501404,0.38972872495651245,inv_only
1128,0.4450066387653351,0.42551013827323914,inv_only
1129,0.48978185653686523,0.444108247756958,inv_only
1130,0.44282278418540955,0.4473085105419159,full
1131,0.4542994797229767,0.46111124753952026,full
1132,0.452500581741333,0.46358591318130493,full
1133,0.45243364572525024,0.47797322273254395,full
1134,0.4668821692466736,0.49263399839401245,full
1135,0.46768635511398315,0.491373211145401,full
1136,0.46067747473716736,0.4713512659072876,full
1137,0.46936699748039246,0.4794456958770752,full
1138,0.46393021941185,0.48202455043792725,full
1139,0.4834215044975281,0.5021529197692871,full
1140,0.4888574481010437,0.5063416957855225,full
1141,0.47572267055511475,0.4808841049671173,full
1142,0.4426833689212799,0.46286770701408386,full
1143,0.4398023188114166,0.44439685344696045,full
1144,0.4449387490749359,0.43934813141822815,inv_only
1145,0.4624828100204468,0.45649394392967224,inv_only
1146,0.46255984902381897,0.4584725797176361,inv_only
1147,0.4573347866535187,0.46158990263938904,full
1148,0.44856131076812744,0.4671105444431305,full
1149,0.44178545475006104,0.46176424622535706,full
1150,0.4241003394126892,0.45113569498062134,full
1151,0.4344533383846283,0.46010830998420715,full
1152,0.49607259035110474,0.50343257188797,full
1153,0.478230357170105,0.5245775580406189,full
1154,0.47876861691474915,0.49710720777511597,full
1155,0.4659629166126251,0.4966292381286621,full
1156,0.4623439908027649,0.48580479621887207,full
1157,0.4604746997356415,0.4789825677871704,full
1158,0.46600016951560974,0.47481611371040344,full
1159,0.45831480622291565,0.4675554633140564,full
1160,0.4635893702507019,0.4507560729980469,inv_only
1161,0.45520666241645813,0.4605538547039032,full
1162,0.43267619609832764,0.4444381594657898,full
1163,0.40000471472740173,0.4420415759086609,full
1164,0.40121686458587646,0.43111148476600647,full
1165,0.4018521010875702,0.4279043972492218,full
1166,0.40928736329078674,0.4408795237541199,full
1167,0.4236164689064026,0.4464184045791626,full
1168,0.46025732159614563,0.46931514143943787,full
1169,0.4697202146053314,0.4927520751953125,full
1170,0.4781351685523987,0.5012789964675903,full
1171,0.4836430847644806,0.5135884284973145,full
1172,0.4874286353588104,0.5210480093955994,full
1173,0.5084836483001709,0.5378034114837646,full
1174,0.5099966526031494,0.5361484289169312,full
1175,0.4895802140235901,0.5017033815383911,full
1176,0.5041550993919373,0.4982260763645172,inv_only
1177,0.46172869205474854,0.4826696515083313,full
1178,0.439956396818161,0.4597851037979126,full
1179,0.45907992124557495,0.47475433349609375,full
1180,0.48398518562316895,0.4965413510799408,full
1181,0.4658343195915222,0.4886995255947113,full
1182,0.46548521518707275,0.4884789288043976,full
1183,0.4994565546512604,0.4974319040775299,inv_only
1184,0.46502813696861267,0.4662533402442932,full
1185,0.43136706948280334,0.4318597912788391,full
1186,0.4079584777355194,0.41764941811561584,full
1187,0.41948872804641724,0.431016743183136,full
1188,0.4363584518432617,0.447272390127182,full
1189,0.4824548661708832,0.46145913004875183,inv_only
1190,0.4411256015300751,0.471819669008255,full
1191,0.41805022954940796,0.46706828474998474,full
1192,0.45682021975517273,0.4726507067680359,full
1193,0.49394282698631287,0.47902044653892517,inv_only
1194,0.4895896017551422,0.4854377508163452,inv_only
1195,0.48950040340423584,0.49219435453414917,full
1196,0.49126139283180237,0.4971233308315277,full
1197,0.499116986989975,0.5097315907478333,full
1198,0.4912341833114624,0.515682578086853,full
1199,0.5032849907875061,0.5091121792793274,full
1200,0.4848359525203705,0.5037668347358704,full
1201,0.4620882272720337,0.47042134404182434,full
1202,0.45054519176483154,0.44500601291656494,inv_only
1203,0.4513278305530548,0.44338345527648926,inv_only
1204,0.45019444823265076,0.45213010907173157,full
1205,0.4428037106990814,0.46867361664772034,full
1206,0.47025346755981445,0.4614449441432953,inv_only
1207,0.4646470248699188,0.4539836645126343,inv_only
1208,0.45842206478118896,0.45725351572036743,inv_only
1209,0.44027164578437805,0.44313448667526245,full
1210,0.4283393621444702,0.4473254084587097,full
1211,0.39655545353889465,0.4162728488445282,full
1212,0.3743300139904022,0.383151650428772,full
1213,0.3871294856071472,0.3915962874889374,full
1214,0.3698001801967621,0.3679971396923065,inv_only
1215,0.38772183656692505,0.3668959140777588,inv_only
1216,0.37745389342308044,0.38412195444107056,full
1217,0.39323729276657104,0.3969174921512604,full
1218,0.39883479475975037,0.40772590041160583,full
1219,0.3922520577907562,0.4163956940174103,full
1220,0.41285064816474915,0.42168745398521423,full
1221,0.4214402139186859,0.43868836760520935,full
1222,0.4149317145347595,0.43788203597068787,full
1223,0.4245021939277649,0.41342610120773315,inv_only
1224,0.3976401090621948,0.39210376143455505,inv_only
1225,0.36614495515823364,0.39159679412841797,full
1226,0.3704136908054352,0.3841856122016907,full
1227,0.37025782465934753,0.3794907331466675,full
1228,0.3890746831893921,0.3827749192714691,inv_only
1229,0.39846479892730713,0.39433753490448,inv_only
1230,0.394793301820755,0.39656302332878113,full
1231,0.3796335458755493,0.38617435097694397,full
1232,0.3671506643295288,0.38997986912727356,full
1233,0.36233025789260864,0.3754177689552307,full
1234,0.3680267035961151,0.376990407705307,full
1235,0.3666439950466156,0.3690255880355835,full
1236,0.3365025818347931,0.3477488160133362,full
1237,0.3112368881702423,0.3265497088432312,full
1238,0.27861288189888,0.2972376048564911,full
1239,0.2789061367511749,0.2910902798175812,full
1240,0.2942618727684021,0.2983824610710144,full
1241,0.31272798776626587,0.30558159947395325,inv_only
1242,0.3120832145214081,0.3307200074195862,full
1243,0.31856390833854675,0.3473573625087738,full
1244,0.32203367352485657,0.34603509306907654,full
1245,0.3248918950557709,0.35247400403022766,full
1246,0.31529852747917175,0.33598485589027405,full
1247,0.30798834562301636,0.3242333233356476,full
1248,0.29743462800979614,0.3019588589668274,full
1249,0.27522823214530945,0.29386380314826965,full
1250,0.2838486433029175,0.29082268476486206,full
1251,0.2944815456867218,0.30261725187301636,full
1252,0.31591343879699707,0.32321634888648987,full
1253,0.3156208097934723,0.3214421570301056,full
1254,0.30486610531806946,0.31146320700645447,full
1255,0.304470419883728,0.3167150020599365,full
1256,0.3115089237689972,0.32647261023521423,full
1257,0.292068213224411,0.31221798062324524,full
1258,0.31830528378486633,0.33488592505455017,full
1259,0.346506267786026,0.34152454137802124,inv_only
1260,0.3280596137046814,0.34268444776535034,full
1261,0.33775097131729126,0.3519810736179352,full
1262,0.3540215492248535,0.3644808530807495,full
1263,0.35542017221450806,0.37067949771881104,full
1264,0.36865708231925964,0.37915319204330444,full
1265,0.37742486596107483,0.3905995786190033,full
1266,0.3774411380290985,0.386292427778244,full
1267,0.37176939845085144,0.3806363046169281,full
1268,0.3702423572540283,0.3832326829433441,full
1269,0.37035664916038513,0.3820396661758423,full
1270,0.37516146898269653,0.379923015832901,full
1271,0.3659563958644867,0.37857362627983093,full
1272,0.37718674540519714,0.3883912265300751,full
1273,0.3819331228733063,0.3940652310848236,full
1274,0.3825334906578064,0.3928754925727844,full
1275,0.39540594816207886,0.4010847210884094,full
1276,0.4007067084312439,0.41426050662994385,full
1277,0.401101678609848,0.4113002121448517,full
1278,0.40483731031417847,0.4129088222980499,full
1279,0.41577303409576416,0.4177553057670593,full
1280,0.40864136815071106,0.4189687669277191,full
1281,0.40099453926086426,0.4117165505886078,full
1282,0.41488003730773926,0.4199540913105011,full
1283,0.4243064820766449,0.4305160343647003,full
1284,0.4329601526260376,0.44024857878685,full
1285,0.4657266438007355,0.46858301758766174,full
1286,0.49982088804244995,0.4997731149196625,inv_only
1287,0.5169982314109802,0.5115363597869873,inv_only
1288,0.522716760635376,0.5239680409431458,full
1289,0.5282018184661865,0.5327737331390381,full
1290,0.5378701686859131,0.5278218388557434,inv_only
1291,0.5337024331092834,0.5280622839927673,inv_only
1292,0.5295753479003906,0.5295304656028748,inv_only
1293,0.5193034410476685,0.5243474245071411,full
1294,0.5172352194786072,0.5235987901687622,full
1295,0.5181973576545715,0.5232599973678589,full
1296,0.5410677790641785,0.5417245626449585,full
1297,0.5387324094772339,0.5463270545005798,full
1298,0.5317686796188354,0.5533905029296875,full
1299,0.5308478474617004,0.5594390034675598,full
1300,0.5560793876647949,0.5625081658363342,full
1301,0.5754920244216919,0.5793587565422058,full
1302,0.5834893584251404,0.5890092253684998,full
1303,0.6004215478897095,0.6102507710456848,full
1304,0.6279338002204895,0.6297478079795837,full
1305,0.6342563629150391,0.6280021667480469,inv_only
1306,0.5883970856666565,0.6144395470619202,full
1307,0.5721653699874878,0.6092110872268677,full
1308,0.5719274282455444,0.5920729041099548,full
1309,0.5603576302528381,0.5746501684188843,full
1310,0.5554614663124084,0.5686548352241516,full
1311,0.576370894908905,0.576486349105835,full
1312,0.5611597895622253,0.5613599419593811,full
1313,0.5457759499549866,0.5512511730194092,full
1314,0.54118412733078,0.5478940606117249,full
1315,0.5313071608543396,0.5366080403327942,full
1316,0.502501368522644,0.5073204040527344,full
1317,0.4699729382991791,0.47413358092308044,full
1318,0.4574202299118042,0.4711792469024658,full
1319,0.47018569707870483,0.47645142674446106,full
1320,0.4949178397655487,0.49347275495529175,inv_only
1321,0.5109840035438538,0.5120353698730469,full
1322,0.5094438195228577,0.5226001739501953,full
1323,0.5221444368362427,0.5371797680854797,full
1324,0.5344652533531189,0.5462090969085693,full
1325,0.5276236534118652,0.5457659959793091,full
1326,0.5595901012420654,0.5713518261909485,full
1327,0.5680171251296997,0.5783928036689758,full
1328,0.5528527498245239,0.565857470035553,full
1329,0.5327935814857483,0.5434224009513855,full
1330,0.5021650195121765,0.5412224531173706,full
1331,0.511447548866272,0.5397711992263794,full
1332,0.5036754608154297,0.5168257355690002,full
1333,0.4856336712837219,0.5010731220245361,full
1334,0.4718799591064453,0.4823601543903351,full
1335,0.4450874328613281,0.4570380747318268,full
1336,0.455111563205719,0.462312251329422,full
1337,0.4889955520629883,0.4982396066188812,full
1338,0.5097653269767761,0.5043013095855713,inv_only
1339,0.5018373131752014,0.50124591588974,inv_only
1340,0.4869626462459564,0.48792457580566406,full
1341,0.4590332806110382,0.4639554023742676,full
1342,0.43005532026290894,0.45213863253593445,full
1343,0.41858845949172974,0.4395867884159088,full
1344,0.4452923536300659,0.463631272315979,full
1345,0.4684261679649353,0.488092839717865,full
1346,0.48542705178260803,0.5007378458976746,full
1347,0.4803861379623413,0.5078074932098389,full
1348,0.4641765356063843,0.49063366651535034,full
1349,0.46563661098480225,0.48750218749046326,full
1350,0.468990296125412,0.4775621294975281,full
1351,0.449364572763443,0.4693828523159027,full
1352,0.4430757462978363,0.459542453289032,full
1353,0.4542723298072815,0.4685525596141815,full
1354,0.4716049134731293,0.48095703125,full
1355,0.45383208990097046,0.46947965025901794,full
1356,0.44488370418548584,0.46339353919029236,full
1357,0.42576491832733154,0.4423414468765259,full
1358,0.4171542227268219,0.44222283363342285,full
1359,0.40742814540863037,0.42677298188209534,full
1360,0.40371423959732056,0.40832647681236267,full
1361,0.4063827097415924,0.41103482246398926,full
1362,0.40758851170539856,0.41002002358436584,full
1363,0.3887396454811096,0.4123266041278839,full
1364,0.38714468479156494,0.41501301527023315,full
1365,0.3885544538497925,0.4022822678089142,full
1366,0.3658544421195984,0.38568955659866333,full
1367,0.3736458420753479,0.3742867410182953,full
1368,0.39720332622528076,0.39640718698501587,inv_only
1369,0.3921758234500885,0.4117267429828644,full
1370,0.39178466796875,0.41546934843063354,full
1371,0.393319308757782,0.4288022816181183,full
1372,0.3986760079860687,0.42489075660705566,full
1373,0.4361386299133301,0.4272491931915283,inv_only
1374,0.4303642511367798,0.4352415204048157,full
1375,0.45393237471580505,0.44123560190200806,inv_only
1376,0.4482644498348236,0.46681833267211914,full
1377,0.4692893326282501,0.5000386238098145,full
1378,0.4908784329891205,0.5020970106124878,full
1379,0.4244662821292877,0.46017929911613464,full
1380,0.3813338577747345,0.4089169204235077,full
1381,0.34705376625061035,0.38086453080177307,full
1382,0.3512418568134308,0.3661794364452362,full
1383,0.3506535291671753,0.34732308983802795,inv_only
1384,0.3839702606201172,0.3245371878147125,inv_only
1385,0.309812068939209,0.31343430280685425,full
1386,0.3582838177680969,0.32045483589172363,inv_only
1387,0.31369465589523315,0.31296223402023315,inv_only
1388,0.32476502656936646,0.33184805512428284,full
1389,0.35415175557136536,0.33796823024749756,inv_only
1390,0.3369831442832947,0.33537232875823975,inv_only
1391,0.33740049600601196,0.3433283567428589,full
1392,0.3649202585220337,0.3874495029449463,full
1393,0.3689148724079132,0.3957933783531189,full
1394,0.35125452280044556,0.37358585000038147,full
1395,0.35943737626075745,0.3913940191268921,full
1396,0.3612458109855652,0.39852315187454224,full
1397,0.35061463713645935,0.3882904052734375,full
1398,0.36542585492134094,0.37557506561279297,full
1399,0.3382439911365509,0.3665231168270111,full
1400,0.33910906314849854,0.341640442609787,full
1401,0.3532603681087494,0.33786991238594055,inv_only
1402,0.39854705333709717,0.36439523100852966,inv_only
1403,0.4042888879776001,0.36607229709625244,inv_only
1404,0.40671098232269287,0.39070338010787964,inv_only
1405,0.38665807247161865,0.3945854902267456,full
1406,0.44354358315467834,0.4035736918449402,inv_only
1407,0.41164344549179077,0.4117930233478546,full
1408,0.41747748851776123,0.40680986642837524,inv_only
1409,0.40090951323509216,0.40650004148483276,full
1410,0.4077654778957367,0.3991088569164276,inv_only
1411,0.3972008228302002,0.39948731660842896,full
1412,0.3927120864391327,0.41975972056388855,full
1413,0.4345013499259949,0.44951584935188293,full
1414,0.4313676059246063,0.4512919485569,full
1415,0.456149160861969,0.4335927963256836,inv_only
1416,0.4111148715019226,0.4361690282821655,full
1417,0.37985095381736755,0.40740281343460083,full
1418,0.38453349471092224,0.39263513684272766,full
1419,0.3850484788417816,0.3940449655056,full
1420,0.39498355984687805,0.4143694043159485,full
1421,0.389914333820343,0.40539687871932983,full
1422,0.38680991530418396,0.38762709498405457,full
1423,0.38624224066734314,0.3800380229949951,inv_only
1424,0.38093048334121704,0.37851428985595703,inv_only
1425,0.36587056517601013,0.3644263744354248,inv_only
1426,0.40471532940864563,0.3909950256347656,inv_only
1427,0.3877921998500824,0.3785099387168884,inv_only
1428,0.3990725576877594,0.3755020797252655,inv_only
1429,0.3814692795276642,0.38686081767082214,full
1430,0.3678567707538605,0.38337698578834534,full
1431,0.3678629398345947,0.3982769250869751,full
1432,0.3744843304157257,0.38889560103416443,full
1433,0.3585014045238495,0.37536782026290894,full
1434,0.36496731638908386,0.36989280581474304,full
1435,0.3732587397098541,0.3871714472770691,full
1436,0.3826241195201874,0.4098503589630127,full
1437,0.38910412788391113,0.4347025752067566,full
1438,0.3968147039413452,0.4344985783100128,full
1439,0.3871280550956726,0.42017683386802673,full
1440,0.35547417402267456,0.3884389102458954,full
1441,0.32566288113594055,0.35953453183174133,full
1442,0.318292498588562,0.3518677055835724,full
1443,0.34386175870895386,0.3768535852432251,full
1444,0.40068358182907104,0.41789165139198303,full
1445,0.3949056565761566,0.4346059560775757,full
1446,0.4293588101863861,0.44528988003730774,full
1447,0.44327232241630554,0.46187201142311096,full
1448,0.4539983868598938,0.4550076425075531,full
1449,0.4231833517551422,0.4320870339870453,full
1450,0.4270714819431305,0.42022380232810974,inv_only
1451,0.4431098699569702,0.4050503671169281,inv_only
1452,0.45454666018486023,0.4184178113937378,inv_only
1453,0.42020395398139954,0.4325076639652252,full
1454,0.4323108494281769,0.44479620456695557,full
1455,0.4263665974140167,0.42583003640174866,inv_only
1456,0.4063933789730072,0.40455928444862366,inv_only
1457,0.40234801173210144,0.399320513010025,inv_only
1458,0.40192386507987976,0.40762093663215637,full
1459,0.39870089292526245,0.39887192845344543,full
1460,0.39202046394348145,0.4013930857181549,full
1461,0.3933615982532501,0.3967577815055847,full
1462,0.3938368856906891,0.3918440639972687,inv_only
1463,0.39228665828704834,0.38868051767349243,inv_only
1464,0.435882568359375,0.42952051758766174,inv_only
1465,0.44456470012664795,0.4449508488178253,full
1466,0.4320525825023651,0.4407241642475128,full
1467,0.4364377558231354,0.45588740706443787,full
1468,0.4448182284832001,0.4559181034564972,full
1469,0.44780033826828003,0.46095913648605347,full
1470,0.47998711466789246,0.4891526401042938,full
1471,0.47566652297973633,0.49251365661621094,full
1472,0.472623735666275,0.4815303385257721,full
1473,0.45597854256629944,0.47256726026535034,full
1474,0.4522954821586609,0.4560374319553375,full
1475,0.4309482276439667,0.4401204288005829,full
1476,0.4327380061149597,0.4401535987854004,full
1477,0.45519131422042847,0.4575875699520111,full
1478,0.4355224072933197,0.44409236311912537,full
1479,0.44051221013069153,0.4429475665092468,full
1480,0.44293105602264404,0.4376020133495331,inv_only
1481,0.4449063241481781,0.44501322507858276,full
1482,0.44409045577049255,0.4417598843574524,inv_only
1483,0.429839551448822,0.43733662366867065,full
1484,0.4187144339084625,0.43438902497291565,full
1485,0.408166766166687,0.42017754912376404,full
1486,0.3921290934085846,0.40411505103111267,full
1487,0.3931187689304352,0.3989936411380768,full
1488,0.44604238867759705,0.43388330936431885,inv_only
1489,0.4524345099925995,0.46964019536972046,full
1490,0.44974982738494873,0.4471232295036316,inv_only
1491,0.42406997084617615,0.43599656224250793,full
1492,0.4286956489086151,0.4236258566379547,inv_only
1493,0.39214399456977844,0.4066241979598999,full
1494,0.40900465846061707,0.41957032680511475,full
1495,0.41797325015068054,0.418611079454422,full
1496,0.3950096368789673,0.39544588327407837,full
1497,0.3833673298358917,0.3845970034599304,full
1498,0.358284056186676,0.35733991861343384,inv_only
1499,0.34829843044281006,0.35713472962379456,full
1500,0.3550928235054016,0.3608044385910034,full
1501,0.36257725954055786,0.37776893377304077,full
1502,0.37075909972190857,0.380374550819397,full
1503,0.3721507787704468,0.3864459991455078,full
1504,0.39365559816360474,0.396401584148407,full
1505,0.40663716197013855,0.4009420871734619,inv_only
1506,0.400590717792511,0.3943670392036438,inv_only
1507,0.3961343467235565,0.3904227912425995,inv_only
1508,0.40099218487739563,0.40170398354530334,full
1509,0.4077366590499878,0.41872596740722656,full
1510,0.39281338453292847,0.4015132486820221,full
1511,0.3787299692630768,0.3767828345298767,inv_only
1512,0.3781990706920624,0.37491390109062195,inv_only
1513,0.37369096279144287,0.38742607831954956,full
1514,0.4052525460720062,0.38950398564338684,inv_only
1515,0.39863452315330505,0.4029017984867096,full
1516,0.4149353504180908,0.41845929622650146,full
1517,0.3994758427143097,0.41501590609550476,full
1518,0.407563716173172,0.4136149287223816,full
1519,0.4005197286605835,0.4087601602077484,full
1520,0.38814103603363037,0.39947837591171265,full
1521,0.3545169532299042,0.3591328561306,full
1522,0.34594354033470154,0.3503447473049164,full
1523,0.3641272187232971,0.36585626006126404,full
1524,0.38674360513687134,0.3789176940917969,inv_only
1525,0.4160499572753906,0.4000419080257416,inv_only
1526,0.42098546028137207,0.42168092727661133,full
1527,0.4751124680042267,0.451535701751709,inv_only
1528,0.46123895049095154,0.4385751187801361,inv_only
1529,0.43021324276924133,0.4292962849140167,inv_only
1530,0.42543676495552063,0.42877423763275146,full
1531,0.41562145948410034,0.4197298288345337,full
1532,0.41042011976242065,0.4196377694606781,full
1533,0.4255242645740509,0.4522606134414673,full
1534,0.43698960542678833,0.45745787024497986,full
1535,0.4482921361923218,0.46830224990844727,full
1536,0.45156607031822205,0.44800764322280884,inv_only
1537,0.39332255721092224,0.4186237156391144,full
1538,0.38804009556770325,0.3976627588272095,full
1539,0.3866210877895355,0.3969215154647827,full
1540,0.4123750627040863,0.41547641158103943,full
1541,0.40737593173980713,0.41508403420448303,full
1542,0.3852960467338562,0.39406877756118774,full
1543,0.3714282810688019,0.37818896770477295,full
1544,0.37565985321998596,0.3552071750164032,inv_only
1545,0.3526703119277954,0.3474729657173157,inv_only
1546,0.3671935796737671,0.3581821322441101,inv_only
1547,0.3716062009334564,0.3652231991291046,inv_only
1548,0.3970796465873718,0.37787604331970215,inv_only
1549,0.3825016915798187,0.3688308596611023,inv_only
1550,0.4009815454483032,0.39166876673698425,inv_only
1551,0.4134594202041626,0.39306923747062683,inv_only
1552,0.43269112706184387,0.4255823493003845,inv_only
1553,0.4385802149772644,0.4418048560619354,full
1554,0.4585113227367401,0.45604220032691956,inv_only
1555,0.4550060033798218,0.46387559175491333,full
1556,0.45187434554100037,0.46754151582717896,full
1557,0.4608657658100128,0.4838489294052124,full
1558,0.4568476676940918,0.48472222685813904,full
1559,0.4524923264980316,0.4821985065937042,full
1560,0.4339672029018402,0.45390376448631287,full
1561,0.3914142847061157,0.42533403635025024,full
1562,0.39287763833999634,0.4058297574520111,full
1563,0.41170138120651245,0.4223925471305847,full
1564,0.42908093333244324,0.43788257241249084,full
1565,0.3926374018192291,0.4364008903503418,full
1566,0.39535269141197205,0.4152783155441284,full
1567,0.39765140414237976,0.40641966462135315,full
1568,0.3937865197658539,0.40617671608924866,full
1569,0.38643524050712585,0.39243316650390625,full
1570,0.38748204708099365,0.40473607182502747,full
1571,0.39332082867622375,0.3922899067401886,inv_only
1572,0.3637874722480774,0.37997904419898987,full
1573,0.3454260528087616,0.3707183599472046,full
1574,0.33312171697616577,0.3569561839103699,full
1575,0.33679381012916565,0.35661080479621887,full
1576,0.33794981241226196,0.36852437257766724,full
1577,0.3737879693508148,0.38667476177215576,full
1578,0.3955491781234741,0.4041719138622284,full
1579,0.40895408391952515,0.4109576940536499,full
1580,0.42120257019996643,0.4266328811645508,full
1581,0.40607547760009766,0.4237615466117859,full
1582,0.3895121216773987,0.42173928022384644,full
1583,0.3936351537704468,0.41202083230018616,full
1584,0.3532542884349823,0.39954623579978943,full
1585,0.32882505655288696,0.3815438449382782,full
1586,0.33680596947669983,0.36649468541145325,full
1587,0.34886080026626587,0.3582533895969391,full
1588,0.3410934805870056,0.35817891359329224,full
1589,0.34479424357414246,0.3606376647949219,full
1590,0.3482012152671814,0.36117255687713623,full
1591,0.34947124123573303,0.36025676131248474,full
1592,0.3381144404411316,0.3684186637401581,full
1593,0.3389250934123993,0.3627922832965851,full
1594,0.351525217294693,0.37166810035705566,full
1595,0.3673207461833954,0.3802812397480011,full
1596,0.37220823764801025,0.38162297010421753,full
1597,0.3742939233779907,0.3887230157852173,full
1598,0.3713720440864563,0.3857787847518921,full
1599,0.3611277639865875,0.37482964992523193,full
1600,0.3631089925765991,0.3671204745769501,full
1601,0.38619258999824524,0.3880746066570282,full
1602,0.4202490448951721,0.4187891483306885,inv_only
1603,0.435348242521286,0.43664488196372986,full
1604,0.43357178568840027,0.444698691368103,full
1605,0.4412924647331238,0.44917479157447815,full
1606,0.43432167172431946,0.44443872570991516,full
1607,0.4582574963569641,0.45982056856155396,full
1608,0.46180063486099243,0.46269118785858154,full
1609,0.4569915235042572,0.46613484621047974,full
1610,0.4637237787246704,0.47913694381713867,full
1611,0.4704913794994354,0.48389625549316406,full
1612,0.4902312457561493,0.49808189272880554,full
1613,0.5102785229682922,0.513992965221405,full
1614,0.4969279170036316,0.49815288186073303,full
1615,0.48608335852622986,0.4904782474040985,full
1616,0.48490533232688904,0.4927053153514862,full
1617,0.477221816778183,0.4882725477218628,full
1618,0.4639475643634796,0.4778955578804016,full
1619,0.45344826579093933,0.468308687210083,full
1620,0.4443996548652649,0.45411136746406555,full
1621,0.4578338861465454,0.46694180369377136,full
1622,0.4692080318927765,0.48089736700057983,full
1623,0.47924354672431946,0.4861931800842285,full
1624,0.48932579159736633,0.49226826429367065,full
1625,0.4905688464641571,0.4983066916465759,full
1626,0.4966975748538971,0.4993312656879425,full
1627,0.48781049251556396,0.4978110194206238,full
1628,0.4859372675418854,0.49438005685806274,full
1629,0.4773922860622406,0.49454373121261597,full
1630,0.4942694306373596,0.5066295266151428,full
1631,0.49021995067596436,0.5013916492462158,full
1632,0.49284228682518005,0.4892340302467346,inv_only
1633,0.4832322895526886,0.47919175028800964,inv_only
1634,0.47482845187187195,0.4758921265602112,full
1635,0.49691006541252136,0.48307129740715027,inv_only
1636,0.49265262484550476,0.49421775341033936,full
1637,0.4969857633113861,0.49921685457229614,full
1638,0.49784231185913086,0.5132433772087097,full
1639,0.5121939778327942,0.5366933941841125,full
1640,0.5382593274116516,0.5532374978065491,full
1641,0.5151069164276123,0.5314762592315674,full
1642,0.4829958975315094,0.5086895227432251,full
1643,0.475816547870636,0.5028343200683594,full
1644,0.47523045539855957,0.4934510886669159,full
1645,0.48252755403518677,0.5018793344497681,full
1646,0.49629321694374084,0.5028568506240845,full
1647,0.49900978803634644,0.505924642086029,full
1648,0.5170156359672546,0.5180692076683044,full
1649,0.520740807056427,0.5289076566696167,full
1650,0.5317661762237549,0.5291016697883606,inv_only
1651,0.5360751748085022,0.5258039832115173,inv_only
1652,0.5343503355979919,0.5258064866065979,inv_only
1653,0.5249645113945007,0.5203803181648254,inv_only
1654,0.5404564142227173,0.5328934192657471,inv_only
1655,0.5463020205497742,0.5437001585960388,inv_only
1656,0.5611535310745239,0.5585790276527405,inv_only
1657,0.5641524195671082,0.5574489831924438,inv_only
1658,0.580405592918396,0.5776154398918152,inv_only
1659,0.5905828475952148,0.5862595438957214,inv_only
1660,0.5793524384498596,0.5859209895133972,full
1661,0.5830622315406799,0.5863412618637085,full
1662,0.5708141326904297,0.5804837942123413,full
1663,0.547246515750885,0.5541629195213318,full
1664,0.5334368944168091,0.5453759431838989,full
1665,0.506994366645813,0.5152433514595032,full
1666,0.46850332617759705,0.49036845564842224,full
1667,0.4595441520214081,0.4756074845790863,full
1668,0.4715103507041931,0.48735272884368896,full
1669,0.4950365424156189,0.5129427313804626,full
1670,0.5290164351463318,0.5512588024139404,full
1671,0.5988278985023499,0.6025123000144958,full
1672,0.6240624785423279,0.6264195442199707,full
1673,0.6039397716522217,0.6086787581443787,full
1674,0.5885570645332336,0.5842717885971069,inv_only
1675,0.5543705224990845,0.5726003646850586,full
1676,0.5098916888237,0.523787260055542,full
1677,0.4885484278202057,0.4943859577178955,full
1678,0.4652862548828125,0.4762439727783203,full
1679,0.4413090646266937,0.44544947147369385,full
1680,0.4355863332748413,0.42267486453056335,inv_only
1681,0.40913456678390503,0.40692365169525146,inv_only
1682,0.4198019802570343,0.41253897547721863,inv_only
1683,0.4338023066520691,0.4292202591896057,inv_only
1684,0.44855907559394836,0.4425550401210785,inv_only
1685,0.4568568766117096,0.4491138458251953,inv_only
1686,0.47497695684432983,0.4694061875343323,inv_only
1687,0.48338568210601807,0.47666850686073303,inv_only
1688,0.4698505103588104,0.46584710478782654,inv_only
1689,0.4495592713356018,0.46119746565818787,full
1690,0.4465823471546173,0.46555185317993164,full
1691,0.4593930244445801,0.452466756105423,inv_only
1692,0.4351365268230438,0.43630528450012207,full
1693,0.4081557095050812,0.42551401257514954,full
1694,0.4058433771133423,0.4050494134426117,inv_only
1695,0.3914077579975128,0.3926294445991516,full
1696,0.390232652425766,0.4048025608062744,full
1697,0.40287041664123535,0.40535101294517517,full
1698,0.41014498472213745,0.4187832772731781,full
1699,0.407301127910614,0.40947386622428894,full
1700,0.4143409729003906,0.412293940782547,inv_only
1701,0.4040783941745758,0.40768077969551086,full
1702,0.40491044521331787,0.4108830392360687,full
1703,0.415635883808136,0.41695183515548706,full
1704,0.4148537814617157,0.4162543714046478,full
1705,0.4212077856063843,0.4187602698802948,inv_only
1706,0.4169275164604187,0.4082103967666626,inv_only
1707,0.4076206684112549,0.3992006182670593,inv_only
1708,0.40065181255340576,0.3954964578151703,inv_only
1709,0.3892185688018799,0.37439456582069397,inv_only
1710,0.3878355920314789,0.37477004528045654,inv_only
1711,0.38241079449653625,0.3743326663970947,inv_only
1712,0.3831077814102173,0.381255567073822,inv_only
1713,0.36928489804267883,0.3629801869392395,inv_only
1714,0.35690173506736755,0.35602596402168274,inv_only
1715,0.353222131729126,0.34716278314590454,inv_only
1716,0.3434627950191498,0.3336741030216217,inv_only
1717,0.327385276556015,0.3249295949935913,inv_only
1718,0.31682366132736206,0.31231391429901123,inv_only
1719,0.3212699592113495,0.31839171051979065,inv_only
1720,0.33949196338653564,0.3299314081668854,inv_only
1721,0.33585795760154724,0.3343411386013031,inv_only
1722,0.3411031663417816,0.34036919474601746,inv_only
1723,0.3392517566680908,0.33683279156684875,inv_only
1724,0.3341960608959198,0.3379766345024109,full
1725,0.3403312563896179,0.3457002341747284,full
1726,0.35655269026756287,0.36797258257865906,full
1727,0.35228392481803894,0.35995280742645264,full
1728,0.3377206027507782,0.34553974866867065,full
1729,0.32759997248649597,0.3209725022315979,inv_only
1730,0.3221312463283539,0.3105582594871521,inv_only
1731,0.3318026065826416,0.3190804421901703,inv_only
1732,0.3420591354370117,0.3327071964740753,inv_only
1733,0.3474157154560089,0.3431512415409088,inv_only
1734,0.3367355763912201,0.3316810727119446,inv_only
1735,0.3276751935482025,0.3267214894294739,inv_only
1736,0.3079235255718231,0.31011080741882324,full
1737,0.31139203906059265,0.31219732761383057,full
1738,0.3296961486339569,0.331062912940979,full
1739,0.34584105014801025,0.3477379083633423,full
1740,0.33770331740379333,0.34374043345451355,full
1741,0.3221742510795593,0.33027181029319763,full
1742,0.3197885751724243,0.3296412229537964,full
1743,0.3245995342731476,0.3338570296764374,full
1744,0.33027490973472595,0.3360385000705719,full
1745,0.3423701822757721,0.349474161863327,full
1746,0.34668034315109253,0.3557266891002655,full
1747,0.3516443371772766,0.3574356436729431,full
1748,0.3529587388038635,0.3641420304775238,full
1749,0.3457868993282318,0.35702794790267944,full
1750,0.3435036838054657,0.36705121397972107,full
1751,0.3491215407848358,0.36571091413497925,full
1752,0.3418043553829193,0.3607262074947357,full
1753,0.3403159976005554,0.3613573908805847,full
1754,0.3333054482936859,0.34545648097991943,full
1755,0.33518168330192566,0.3503457009792328,full
1756,0.34023576974868774,0.34313225746154785,full
1757,0.3297613263130188,0.3352615535259247,full
1758,0.33178526163101196,0.33415335416793823,full
1759,0.3225206136703491,0.3216670751571655,inv_only
1760,0.3342459201812744,0.33183279633522034,inv_only
1761,0.3359955847263336,0.33553245663642883,inv_only
1762,0.30780819058418274,0.32468265295028687,full
1763,0.31253138184547424,0.3220973610877991,full
1764,0.3146705627441406,0.31886932253837585,full
1765,0.3128044605255127,0.32439327239990234,full
1766,0.3148288428783417,0.3254857659339905,full
1767,0.31028783321380615,0.3236570954322815,full
1768,0.3109988272190094,0.31763482093811035,full
1769,0.30133339762687683,0.30772900581359863,full
1770,0.299468457698822,0.30050450563430786,full
1771,0.2832198739051819,0.28638169169425964,full
1772,0.2780313789844513,0.2807178795337677,full
1773,0.28001466393470764,0.27985265851020813,inv_only
1774,0.2763737440109253,0.27938738465309143,full
1775,0.2852703928947449,0.28760793805122375,full
1776,0.2890303134918213,0.28974539041519165,full
1777,0.29710665345191956,0.2942509651184082,inv_only
1778,0.29815614223480225,0.2900144159793854,inv_only
1779,0.29525822401046753,0.2903812825679779,inv_only
1780,0.29260122776031494,0.28931930661201477,inv_only
1781,0.30070579051971436,0.2929067611694336,inv_only
1782,0.2995741665363312,0.2975631058216095,inv_only
1783,0.3105623424053192,0.2937505543231964,inv_only
1784,0.32159435749053955,0.3082895874977112,inv_only
1785,0.3059130609035492,0.3085170090198517,full
1786,0.30104860663414,0.29497969150543213,inv_only
1787,0.3225622773170471,0.3019446134567261,inv_only
1788,0.3075156807899475,0.3136577308177948,full
1789,0.3520938754081726,0.3396495282649994,inv_only
1790,0.3442409634590149,0.35592955350875854,full
1791,0.3485051989555359,0.35826024413108826,full
1792,0.360010027885437,0.3605547547340393,full
1793,0.35315215587615967,0.3600462079048157,full
1794,0.3378618061542511,0.34156253933906555,full
1795,0.3319075405597687,0.33218804001808167,full
1796,0.3275870084762573,0.32944154739379883,full
1797,0.3289434313774109,0.3264866769313812,inv_only
1798,0.32707783579826355,0.32666563987731934,inv_only
1799,0.33247363567352295,0.32328709959983826,inv_only
1800,0.3553675413131714,0.3344753086566925,inv_only
1801,0.3533932864665985,0.35334840416908264,inv_only
1802,0.3507956266403198,0.3614915609359741,full
1803,0.36026686429977417,0.3791806399822235,full
1804,0.40048331022262573,0.39666879177093506,inv_only
1805,0.4224601089954376,0.42126011848449707,inv_only
1806,0.4357701241970062,0.44095486402511597,full
1807,0.44875195622444153,0.45685774087905884,full
1808,0.4667744040489197,0.46580979228019714,inv_only
1809,0.4672960638999939,0.4655466079711914,inv_only
1810,0.4610801041126251,0.4660499393939972,full
1811,0.4821302890777588,0.48895013332366943,full
1812,0.5087302327156067,0.5197207927703857,full
1813,0.5579392910003662,0.5668458342552185,full
1814,0.6070060133934021,0.6090640425682068,full
1815,0.6385615468025208,0.6468819975852966,full
1816,0.6659151315689087,0.6655205488204956,inv_only
1817,0.6792569160461426,0.680141270160675,full
1818,0.6778104901313782,0.6798445582389832,full
1819,0.6672390699386597,0.6713800430297852,full
1820,0.6690688729286194,0.6706745028495789,full
1821,0.6764116883277893,0.6688254475593567,inv_only
1822,0.6721185445785522,0.6646170020103455,inv_only
1823,0.6537414193153381,0.6555514931678772,full
1824,0.6607958674430847,0.6695616841316223,full
1825,0.6955578327178955,0.6704987287521362,inv_only
1826,0.6929059624671936,0.678066611289978,inv_only
1827,0.6871387958526611,0.6827239990234375,inv_only
1828,0.6799744963645935,0.6838145852088928,full
1829,0.6668441295623779,0.6778437495231628,full
1830,0.6656031608581543,0.6754712462425232,full
1831,0.6704391241073608,0.6812365651130676,full
1832,0.6995063424110413,0.6967406868934631,inv_only
1833,0.6839457750320435,0.6939300298690796,full
1834,0.6823030710220337,0.6932225227355957,full
1835,0.7188990712165833,0.7155425548553467,inv_only
1836,0.7222978472709656,0.7230556011199951,full
1837,0.7588213086128235,0.7322192788124084,inv_only
1838,0.7339625358581543,0.735653281211853,full
1839,0.7429870367050171,0.7497355937957764,full
1840,0.7556172609329224,0.7553222179412842,inv_only
1841,0.7220346331596375,0.740437924861908,full
1842,0.7253209352493286,0.7363529205322266,full
1843,0.7160637378692627,0.730061411857605,full
1844,0.6967191100120544,0.7028173804283142,full
1845,0.6889370679855347,0.6997600197792053,full
1846,0.6750020384788513,0.6853088736534119,full
1847,0.666180431842804,0.672690749168396,full
1848,0.6857782006263733,0.6835799813270569,inv_only
1849,0.6735551953315735,0.6948373913764954,full
1850,0.6912438869476318,0.7108590602874756,full
1851,0.6987796425819397,0.703417181968689,full
1852,0.6829633116722107,0.687235414981842,full
1853,0.6719627380371094,0.6782848834991455,full
1854,0.6603748798370361,0.665392279624939,full
1855,0.6664574146270752,0.6697309613227844,full
1856,0.6742040514945984,0.6773423552513123,full
1857,0.6688920259475708,0.6797430515289307,full
1858,0.6648393273353577,0.6843787431716919,full
1859,0.651764452457428,0.665632963180542,full
1860,0.5746626853942871,0.6165065169334412,full
1861,0.5598081946372986,0.5728223323822021,full
1862,0.5576244592666626,0.55998295545578,full
1863,0.573328971862793,0.5712876319885254,inv_only
1864,0.5932649970054626,0.585541307926178,inv_only
1865,0.5831077098846436,0.5768428444862366,inv_only
1866,0.5828769207000732,0.5774435997009277,inv_only
1867,0.564954400062561,0.5562090277671814,inv_only
1868,0.5471774339675903,0.5408299565315247,inv_only
1869,0.5149608850479126,0.5116751790046692,inv_only
1870,0.5068252682685852,0.517164409160614,full
1871,0.5206348896026611,0.5189172029495239,inv_only
1872,0.5755453705787659,0.5728933811187744,inv_only
1873,0.619645357131958,0.6205304265022278,full
1874,0.6170943975448608,0.620444118976593,full
1875,0.6122638583183289,0.6281037926673889,full
1876,0.5984725952148438,0.6105891466140747,full
1877,0.6035246849060059,0.6073554158210754,full
1878,0.6158623099327087,0.6091545224189758,inv_only
1879,0.6096943616867065,0.6038939952850342,inv_only
1880,0.5514816045761108,0.5675976872444153,full
1881,0.5367060899734497,0.5515418648719788,full
1882,0.5605204701423645,0.5487927198410034,inv_only
1883,0.5482099652290344,0.5475063323974609,inv_only
1884,0.5346060395240784,0.5495379567146301,full
1885,0.5324415564537048,0.520746111869812,inv_only
1886,0.5284929275512695,0.5222070813179016,inv_only
1887,0.4908094108104706,0.48541006445884705,inv_only
1888,0.4762575030326843,0.4678155779838562,inv_only
1889,0.4848063290119171,0.4834917187690735,inv_only
1890,0.504173994064331,0.5146151185035706,full
1891,0.509888231754303,0.5276996493339539,full
1892,0.49890318512916565,0.5303452610969543,full
1893,0.4841057062149048,0.5177880525588989,full
1894,0.4885632395744324,0.5312589406967163,full
1895,0.49094292521476746,0.5109550952911377,full
1896,0.5490413308143616,0.5697405934333801,full
1897,0.5835453271865845,0.5999156832695007,full
1898,0.5932437777519226,0.6087152361869812,full
1899,0.5933926105499268,0.6215959191322327,full
1900,0.6009892821311951,0.5994406938552856,inv_only
1901,0.5637682676315308,0.5916898846626282,full
1902,0.5492347478866577,0.5768020153045654,full
1903,0.520028829574585,0.5474002361297607,full
1904,0.4947277307510376,0.5182093977928162,full
1905,0.49706050753593445,0.5177962183952332,full
1906,0.5057629942893982,0.5138884782791138,full
1907,0.4923100471496582,0.5162556767463684,full
1908,0.49278733134269714,0.5165517926216125,full
1909,0.49331411719322205,0.5227341651916504,full
1910,0.48851704597473145,0.5075922012329102,full
1911,0.49097469449043274,0.4923470914363861,full
1912,0.5045288801193237,0.49990901350975037,inv_only
1913,0.48986271023750305,0.4999842941761017,full
1914,0.4832955300807953,0.4808409512042999,inv_only
1915,0.48623421788215637,0.49811699986457825,full
1916,0.5112031698226929,0.5190308094024658,full
1917,0.521642804145813,0.5395644307136536,full
1918,0.5315931439399719,0.5433814525604248,full
1919,0.5548150539398193,0.5509215593338013,inv_only
1920,0.56705641746521,0.5699490904808044,full
1921,0.5197004675865173,0.5867047905921936,full
1922,0.5198637843132019,0.5751620531082153,full
1923,0.5639623999595642,0.5641419887542725,full
1924,0.5741544961929321,0.5657653212547302,inv_only
1925,0.5248775482177734,0.5530533790588379,full
1926,0.5312581062316895,0.5416968464851379,full
1927,0.5287034511566162,0.5300137996673584,full
1928,0.5080333352088928,0.5132362842559814,full
1929,0.4989262521266937,0.5026113986968994,full
1930,0.4999690353870392,0.492611289024353,inv_only
1931,0.5053489208221436,0.509475588798523,full
1932,0.5492190718650818,0.5334106087684631,inv_only
1933,0.5331681370735168,0.5558192729949951,full
1934,0.5421610474586487,0.5717138648033142,full
1935,0.5370238423347473,0.5845035314559937,full
1936,0.5503383278846741,0.5865432620048523,full
1937,0.5366908311843872,0.5657632946968079,full
1938,0.5279030203819275,0.5449265837669373,full
1939,0.5455072522163391,0.5596909523010254,full
1940,0.581684410572052,0.5938840508460999,full
1941,0.6101534962654114,0.6305986046791077,full
1942,0.6129692792892456,0.6384983062744141,full
1943,0.6078147292137146,0.637213945388794,full
1944,0.6015989184379578,0.6031278967857361,full
1945,0.5821019411087036,0.5921992659568787,full
1946,0.5820327401161194,0.590506911277771,full
1947,0.6132633686065674,0.6071229577064514,inv_only
1948,0.6300816535949707,0.6303134560585022,full
1949,0.6027841567993164,0.5959987640380859,inv_only
1950,0.5678401589393616,0.574327826499939,full
1951,0.5413723587989807,0.5629453659057617,full
1952,0.5478402376174927,0.5568606853485107,full
1953,0.5418773293495178,0.5331893563270569,inv_only
1954,0.5157947540283203,0.5374003648757935,full
1955,0.4935428202152252,0.5030426979064941,full
1956,0.4402580261230469,0.45483580231666565,full
1957,0.43054044246673584,0.46043661236763,full
1958,0.44913870096206665,0.47582441568374634,full
1959,0.4438053071498871,0.46602150797843933,full
1960,0.4688473343849182,0.481547087430954,full
1961,0.454433798789978,0.48305970430374146,full
1962,0.4448263645172119,0.46522650122642517,full
1963,0.4307335615158081,0.43790119886398315,full
1964,0.4226900041103363,0.43795159459114075,full
1965,0.41802942752838135,0.4346274435520172,full
1966,0.40712329745292664,0.44224485754966736,full
1967,0.40880659222602844,0.44089749455451965,full
1968,0.43826186656951904,0.44533172249794006,full
1969,0.4213641583919525,0.4476581811904907,full
1970,0.40494197607040405,0.416837602853775,full
1971,0.4074898660182953,0.39960935711860657,inv_only
1972,0.4343450665473938,0.4115946292877197,inv_only
1973,0.4163922965526581,0.42645615339279175,full
1974,0.4209751486778259,0.4355003833770752,full
1975,0.4195590317249298,0.4334392547607422,full
1976,0.43331673741340637,0.4539232850074768,full
1977,0.4375373423099518,0.45751264691352844,full
1978,0.4496897757053375,0.46413344144821167,full
1979,0.4616074562072754,0.4576387107372284,inv_only
1980,0.5150719881057739,0.44413718581199646,inv_only
1981,0.4411253333091736,0.44738197326660156,full
1982,0.44284117221832275,0.45353221893310547,full
1983,0.45410725474357605,0.44008588790893555,inv_only
1984,0.45188164710998535,0.43447256088256836,inv_only
1985,0.4553416073322296,0.44168728590011597,inv_only
1986,0.47029104828834534,0.4633163809776306,inv_only
1987,0.4753606915473938,0.4607893228530884,inv_only
1988,0.4775313138961792,0.4753422737121582,inv_only
1989,0.4841224253177643,0.4907960593700409,full
1990,0.49146294593811035,0.5062695741653442,full
1991,0.4840811789035797,0.49950093030929565,full
1992,0.5029653906822205,0.5057401061058044,full
1993,0.4734521210193634,0.4973045587539673,full
1994,0.4476725459098816,0.4707051217556,full
1995,0.45866620540618896,0.45815327763557434,inv_only
1996,0.46248191595077515,0.46381279826164246,full
1997,0.4621509313583374,0.46346941590309143,full
1998,0.46973857283592224,0.465413361787796,inv_only
1999,0.46156784892082214,0.4540884792804718,inv_only
2000,0.44897761940956116,0.444852739572525,inv_only
2001,0.4380044639110565,0.4289039373397827,inv_only
2002,0.4309915006160736,0.43918728828430176,full
2003,0.42734411358833313,0.4423791766166687,full
2004,0.4393058121204376,0.45646750926971436,full
2005,0.45508211851119995,0.4697408378124237,full
2006,0.45139509439468384,0.5001161694526672,full
2007,0.4847380518913269,0.5235286355018616,full
2008,0.5048831701278687,0.5192912220954895,full
2009,0.4852514863014221,0.5002869963645935,full
2010,0.47764453291893005,0.4864470660686493,full
2011,0.44923415780067444,0.46661558747291565,full
2012,0.43036383390426636,0.4695749878883362,full
2013,0.452715665102005,0.47041067481040955,full
2014,0.46310535073280334,0.47773969173431396,full
2015,0.46890777349472046,0.4726961851119995,full
2016,0.44390952587127686,0.45423609018325806,full
2017,0.4206819236278534,0.4511212408542633,full
2018,0.42023977637290955,0.45811358094215393,full
2019,0.4337693154811859,0.46117112040519714,full
2020,0.463378369808197,0.47666606307029724,full
2021,0.4468356668949127,0.4939539432525635,full
2022,0.445993572473526,0.47689560055732727,full
2023,0.436611533164978,0.47562509775161743,full
2024,0.4507361352443695,0.47397586703300476,full
2025,0.4364616870880127,0.44643303751945496,full
2026,0.4052708148956299,0.42545709013938904,full
2027,0.37928879261016846,0.39015889167785645,full
2028,0.34118422865867615,0.3598047196865082,full
2029,0.32516852021217346,0.3437562584877014,full
2030,0.31989338994026184,0.3204992413520813,full
2031,0.33190926909446716,0.3199695348739624,inv_only
2032,0.35127875208854675,0.34428882598876953,inv_only
2033,0.3461133539676666,0.3664039969444275,full
2034,0.3375317454338074,0.3472537696361542,full
2035,0.31232205033302307,0.329948753118515,full
2036,0.2910754978656769,0.3217219412326813,full
2037,0.30708813667297363,0.33259138464927673,full
2038,0.31437188386917114,0.3347850441932678,full
2039,0.3061566948890686,0.32961928844451904,full
2040,0.3055891990661621,0.3244454562664032,full
2041,0.2858605980873108,0.30989202857017517,full
2042,0.28014492988586426,0.3057624399662018,full
2043,0.2699885070323944,0.28126806020736694,full
2044,0.267043799161911,0.2803232967853546,full
2045,0.25872570276260376,0.2700006663799286,full
2046,0.26987597346305847,0.2695164084434509,inv_only
2047,0.2865979075431824,0.28284528851509094,inv_only
2048,0.2828933596611023,0.2753293812274933,inv_only
2049,0.28285735845565796,0.28239306807518005,inv_only
2050,0.2966024577617645,0.28307777643203735,inv_only
2051,0.30335259437561035,0.29954925179481506,inv_only
2052,0.2957068383693695,0.294629842042923,inv_only
2053,0.2862408459186554,0.2890761196613312,full
2054,0.29176267981529236,0.3028015196323395,full
2055,0.28757551312446594,0.29374635219573975,full
2056,0.2945076823234558,0.2884857952594757,inv_only
2057,0.3161642849445343,0.3076017200946808,inv_only
2058,0.32466331124305725,0.33115020394325256,full
2059,0.33480146527290344,0.33696186542510986,full
2060,0.3346480131149292,0.34569212794303894,full
2061,0.34522995352745056,0.359136164188385,full
2062,0.3418320417404175,0.35021913051605225,full
2063,0.33697953820228577,0.34055083990097046,full
2064,0.35392525792121887,0.35793182253837585,full
2065,0.3277227282524109,0.3482704162597656,full
2066,0.3381391763687134,0.3355500400066376,inv_only
2067,0.3306960165500641,0.32223278284072876,inv_only
2068,0.3293014168739319,0.3348814845085144,full
2069,0.3254842460155487,0.33604371547698975,full
2070,0.3377276360988617,0.3346269428730011,inv_only
2071,0.3444773554801941,0.3433518707752228,inv_only
2072,0.3510429263114929,0.3530440032482147,full
2073,0.3381221890449524,0.35023608803749084,full
2074,0.32687777280807495,0.33633244037628174,full
2075,0.34122025966644287,0.337001770734787,inv_only
2076,0.3141869306564331,0.3380613923072815,full
2077,0.32591530680656433,0.3471488058567047,full
2078,0.3511107265949249,0.35681912302970886,full
2079,0.3245352506637573,0.3294000029563904,full
2080,0.32203325629234314,0.3174184560775757,inv_only
2081,0.33109381794929504,0.3295980393886566,inv_only
2082,0.34567496180534363,0.3356938064098358,inv_only
2083,0.34556666016578674,0.3397437334060669,inv_only
2084,0.34115085005760193,0.34134992957115173,full
2085,0.34071052074432373,0.34353411197662354,full
2086,0.3414725959300995,0.3463568091392517,full
2087,0.35250985622406006,0.35514742136001587,full
2088,0.3351422846317291,0.34044480323791504,full
2089,0.3083185851573944,0.3408038318157196,full
2090,0.3059014081954956,0.3206387162208557,full
2091,0.2900881767272949,0.31394100189208984,full
2092,0.3126250207424164,0.3265228867530823,full
2093,0.31086254119873047,0.3380502462387085,full
2094,0.3304446041584015,0.34246373176574707,full
2095,0.3211790919303894,0.3470226526260376,full
2096,0.3165820837020874,0.34654340147972107,full
2097,0.3197862505912781,0.3415805399417877,full
2098,0.3038090467453003,0.32085180282592773,full
2099,0.3007228374481201,0.3071378469467163,full
2100,0.28936049342155457,0.292326420545578,full
2101,0.2747347950935364,0.28059282898902893,full
2102,0.26122549176216125,0.27120113372802734,full
2103,0.2599502205848694,0.2610761225223541,full
2104,0.2569941282272339,0.25080668926239014,inv_only
2105,0.2585843801498413,0.26054179668426514,full
2106,0.25857922434806824,0.2658158838748932,full
2107,0.26894381642341614,0.2779276371002197,full
2108,0.2661873698234558,0.2817379832267761,full
2109,0.2682802081108093,0.2841615378856659,full
2110,0.28598812222480774,0.2959127128124237,full
2111,0.2752648890018463,0.2864428162574768,full
2112,0.2877606153488159,0.2901134192943573,full
2113,0.2787332534790039,0.29796382784843445,full
2114,0.2829628586769104,0.29471537470817566,full
2115,0.28183528780937195,0.3060868978500366,full
2116,0.30391794443130493,0.31335848569869995,full
2117,0.3076798617839813,0.3165082633495331,full
2118,0.312693327665329,0.3123948872089386,inv_only
2119,0.3154021203517914,0.3125801086425781,inv_only
2120,0.319903701543808,0.32482099533081055,full
2121,0.3089488744735718,0.3144518733024597,full
2122,0.30470597743988037,0.31932324171066284,full
2123,0.3071590065956116,0.3156006932258606,full
2124,0.31808337569236755,0.3153911530971527,inv_only
2125,0.3212192952632904,0.3304397761821747,full
2126,0.32329365611076355,0.34187933802604675,full
2127,0.3400171995162964,0.3461875319480896,full
2128,0.33770760893821716,0.349662184715271,full
2129,0.35492783784866333,0.3652462363243103,full
2130,0.3633421063423157,0.37506648898124695,full
2131,0.3655253052711487,0.37533050775527954,full
2132,0.3779280483722687,0.3897407352924347,full
2133,0.3736729323863983,0.38428017497062683,full
2134,0.381281316280365,0.39016178250312805,full
2135,0.38195592164993286,0.3880852460861206,full
2136,0.37034472823143005,0.3762052655220032,full
2137,0.35103505849838257,0.3695407807826996,full
2138,0.34392794966697693,0.3554862439632416,full
2139,0.33216172456741333,0.34338608384132385,full
2140,0.3185262680053711,0.32453641295433044,full
2141,0.31051164865493774,0.3165134787559509,full
2142,0.3131105899810791,0.3161846399307251,full
2143,0.3094589114189148,0.30919402837753296,inv_only
2144,0.3180471658706665,0.3215532898902893,full
2145,0.32184940576553345,0.3345801532268524,full
2146,0.328987717628479,0.33265814185142517,full
2147,0.338684618473053,0.33551642298698425,inv_only
2148,0.3370671272277832,0.3425038456916809,full
2149,0.3363569974899292,0.3391411602497101,full
2150,0.3399379849433899,0.34067195653915405,full
2151,0.3382584750652313,0.33708328008651733,inv_only
2152,0.3334274888038635,0.33231276273727417,inv_only
2153,0.33678537607192993,0.33823955059051514,full
2154,0.35175883769989014,0.34940508008003235,inv_only
2155,0.3656150698661804,0.35982075333595276,inv_only
2156,0.36270567774772644,0.3668375313282013,full
2157,0.3615741729736328,0.3681962788105011,full
2158,0.35717102885246277,0.3673917353153229,full
2159,0.3457232415676117,0.34965968132019043,full
2160,0.32976043224334717,0.3323215842247009,full
2161,0.3360232412815094,0.339548796415329,full
2162,0.34959715604782104,0.34961310029029846,full
2163,0.35695794224739075,0.35969072580337524,full
2164,0.366677463054657,0.3683058023452759,full
2165,0.3710687458515167,0.37257683277130127,full
2166,0.3881067633628845,0.38606128096580505,inv_only
2167,0.38928887248039246,0.38089147210121155,inv_only
2168,0.38255491852760315,0.3790616989135742,inv_only
2169,0.3701682388782501,0.3614879846572876,inv_only
2170,0.36445310711860657,0.3613358438014984,inv_only
2171,0.35866862535476685,0.35435715317726135,inv_only
2172,0.37196099758148193,0.36476340889930725,inv_only
2173,0.378851979970932,0.38114631175994873,full
2174,0.3736303746700287,0.3942558169364929,full
2175,0.4220794439315796,0.43221330642700195,full
2176,0.4524647891521454,0.4603259861469269,full
2177,0.4651295840740204,0.46698254346847534,full
2178,0.44911903142929077,0.45170649886131287,full
2179,0.43815040588378906,0.4387400150299072,full
2180,0.4363529682159424,0.43821221590042114,full
2181,0.44139227271080017,0.446551650762558,full
2182,0.4589099884033203,0.46397292613983154,full
2183,0.4631756544113159,0.4691101312637329,full
2184,0.4768946170806885,0.4736826419830322,inv_only
2185,0.4791090786457062,0.4840487539768219,full
2186,0.47470974922180176,0.47705796360969543,full
2187,0.4859055280685425,0.47404298186302185,inv_only
2188,0.5077527165412903,0.49343323707580566,inv_only
2189,0.5252833366394043,0.5040492415428162,inv_only
2190,0.5178806781768799,0.5120133757591248,inv_only
2191,0.5206305980682373,0.5150159001350403,inv_only
2192,0.5288976430892944,0.5245550274848938,inv_only
2193,0.5059522986412048,0.5082606673240662,full
2194,0.4960392713546753,0.49321630597114563,inv_only
2195,0.47455671429634094,0.47456634044647217,full
2196,0.47986313700675964,0.4733876883983612,inv_only
2197,0.49497342109680176,0.4801296591758728,inv_only
2198,0.5027823448181152,0.49641096591949463,inv_only
2199,0.5053446888923645,0.49773624539375305,inv_only
2200,0.513064980506897,0.5074722766876221,inv_only
2201,0.5210008025169373,0.515095591545105,inv_only
2202,0.5089072585105896,0.503942608833313,inv_only
2203,0.5036758184432983,0.497248113155365,inv_only
2204,0.4906153976917267,0.49404335021972656,full
2205,0.49334391951560974,0.4947700500488281,full
2206,0.4817909598350525,0.4861536920070648,full
2207,0.4863031506538391,0.484041303396225,inv_only
2208,0.49706795811653137,0.4847409427165985,inv_only
2209,0.48980894684791565,0.4701124429702759,inv_only
2210,0.4601883888244629,0.4612048864364624,full
2211,0.45223018527030945,0.45415911078453064,full
2212,0.4444864094257355,0.4477021396160126,full
2213,0.43861016631126404,0.4500821530818939,full
2214,0.4450535774230957,0.4500541687011719,full
2215,0.4463037848472595,0.45480719208717346,full
2216,0.45371079444885254,0.4588230848312378,full
2217,0.45669111609458923,0.4511691629886627,inv_only
2218,0.44893062114715576,0.43497395515441895,inv_only
2219,0.4421396255493164,0.42556142807006836,inv_only
2220,0.43750226497650146,0.434586763381958,inv_only
2221,0.4310164451599121,0.4465552866458893,full
2222,0.42602431774139404,0.4394567310810089,full
2223,0.4323465824127197,0.43637245893478394,full
2224,0.44631895422935486,0.44560086727142334,inv_only
2225,0.44241493940353394,0.43890300393104553,inv_only
2226,0.43200308084487915,0.4308851361274719,inv_only
2227,0.42161825299263,0.4216218888759613,full
2228,0.42325520515441895,0.42523685097694397,full
2229,0.42937734723091125,0.4212759733200073,inv_only
2230,0.43650826811790466,0.43544691801071167,inv_only
2231,0.45714032649993896,0.44470205903053284,inv_only
2232,0.44161251187324524,0.4376082718372345,inv_only
2233,0.4246393144130707,0.43685805797576904,full
2234,0.43406903743743896,0.4334409534931183,inv_only
2235,0.4403967261314392,0.4243761897087097,inv_only
2236,0.4312676191329956,0.42485329508781433,inv_only
2237,0.4268495440483093,0.42165639996528625,inv_only
2238,0.42410388588905334,0.4097048044204712,inv_only
2239,0.4159832000732422,0.41194620728492737,inv_only
2240,0.41696009039878845,0.4176750183105469,full
2241,0.40591567754745483,0.4099207818508148,full
2242,0.4202614426612854,0.4229086935520172,full
2243,0.441483736038208,0.43834468722343445,inv_only
2244,0.43896734714508057,0.4435912072658539,full
2245,0.4293496310710907,0.42733103036880493,inv_only
2246,0.4226967990398407,0.4179290533065796,inv_only
2247,0.41133323311805725,0.4111744165420532,inv_only
2248,0.406183660030365,0.41145074367523193,full
2249,0.4275134801864624,0.4250873327255249,inv_only
2250,0.4372456967830658,0.4389745593070984,full
2251,0.4591362476348877,0.45638135075569153,inv_only
2252,0.44613221287727356,0.44445809721946716,inv_only
2253,0.4195825457572937,0.41217267513275146,inv_only
2254,0.39736631512641907,0.40240705013275146,full
2255,0.37999388575553894,0.3880635201931,full
2256,0.374759316444397,0.38685986399650574,full
2257,0.360774964094162,0.37578248977661133,full
2258,0.3507824242115021,0.3614383041858673,full
2259,0.3428674042224884,0.34670183062553406,full
2260,0.3387413024902344,0.3392779231071472,full
2261,0.33294200897216797,0.33716681599617004,full
2262,0.31421133875846863,0.3132442831993103,inv_only
2263,0.29840391874313354,0.28770262002944946,inv_only
2264,0.2921508550643921,0.2815937101840973,inv_only
2265,0.2833860516548157,0.2895674407482147,full
2266,0.280719131231308,0.2962547540664673,full
2267,0.28757041692733765,0.29272791743278503,full
2268,0.2954161465167999,0.30572518706321716,full
2269,0.31991690397262573,0.32593557238578796,full
2270,0.31086495518684387,0.32129165530204773,full
2271,0.3120582103729248,0.31157979369163513,inv_only
2272,0.3167770206928253,0.31121569871902466,inv_only
2273,0.3106347620487213,0.3063613474369049,inv_only
2274,0.29702794551849365,0.29796546697616577,full
2275,0.2973947525024414,0.30053815245628357,full
2276,0.300475537776947,0.30081745982170105,full
2277,0.2925998270511627,0.294975608587265,full
2278,0.2992895245552063,0.298393577337265,inv_only
2279,0.3231995403766632,0.3117053806781769,inv_only
2280,0.3000165522098541,0.29369571805000305,inv_only
2281,0.270419716835022,0.2864006757736206,full
2282,0.26243600249290466,0.2865546941757202,full
2283,0.2834864854812622,0.2872737646102905,full
2284,0.27734196186065674,0.2807764410972595,full
2285,0.2756343483924866,0.27543237805366516,inv_only
2286,0.27198997139930725,0.27296411991119385,full
2287,0.28235939145088196,0.28349989652633667,full
2288,0.2701275944709778,0.2883012294769287,full
2289,0.2626509964466095,0.27328699827194214,full
2290,0.25173240900039673,0.2792627215385437,full
2291,0.2798461616039276,0.2828879952430725,full
2292,0.2742806077003479,0.27291929721832275,inv_only
2293,0.2759017050266266,0.2786656320095062,full
2294,0.27861544489860535,0.2789008915424347,full
2295,0.27942436933517456,0.2902023196220398,full
2296,0.2854113280773163,0.2917880713939667,full
2297,0.2969478964805603,0.30401846766471863,full
2298,0.2897645831108093,0.30153781175613403,full
2299,0.29540136456489563,0.29987484216690063,full
2300,0.3054708242416382,0.30136239528656006,inv_only
2301,0.2967759966850281,0.296753853559494,inv_only
2302,0.28209760785102844,0.2927328646183014,full
2303,0.28251728415489197,0.29394298791885376,full
2304,0.2826252579689026,0.2969307601451874,full
2305,0.27334535121917725,0.2970567047595978,full
2306,0.28087377548217773,0.28831031918525696,full
2307,0.27892011404037476,0.28924617171287537,full
2308,0.27398481965065,0.2841942608356476,full
2309,0.2582870423793793,0.2738705277442932,full
2310,0.2594667077064514,0.28262457251548767,full
2311,0.2506796419620514,0.2746608555316925,full
2312,0.24894079566001892,0.2669709026813507,full
2313,0.25177475810050964,0.2641870379447937,full
2314,0.2527892291545868,0.26060423254966736,full
2315,0.24902194738388062,0.25676876306533813,full
2316,0.25455614924430847,0.2608746886253357,full
2317,0.2639414966106415,0.2807590067386627,full
2318,0.29750803112983704,0.3041576147079468,full
2319,0.3168627619743347,0.3318948745727539,full
2320,0.3380945920944214,0.3460446000099182,full
2321,0.33750656247138977,0.34981587529182434,full
2322,0.33590760827064514,0.3453168570995331,full
2323,0.3363334536552429,0.3399909734725952,full
2324,0.3373083472251892,0.33677738904953003,inv_only
2325,0.33745771646499634,0.34167489409446716,full
2326,0.3433120846748352,0.3523925840854645,full
2327,0.3632816970348358,0.35139667987823486,inv_only
2328,0.34288012981414795,0.36101865768432617,full
2329,0.3650859594345093,0.36580032110214233,full
2330,0.38068529963493347,0.37743785977363586,inv_only
2331,0.3945642411708832,0.38125720620155334,inv_only
2332,0.38333970308303833,0.37438514828681946,inv_only
2333,0.3757311999797821,0.373883455991745,inv_only
2334,0.3671156167984009,0.3721981644630432,full
2335,0.36654263734817505,0.3649362027645111,inv_only
2336,0.3811732828617096,0.37603315711021423,inv_only
2337,0.3815908133983612,0.3784160614013672,inv_only
2338,0.38343924283981323,0.37923264503479004,inv_only
2339,0.38869813084602356,0.38644373416900635,inv_only
2340,0.38374412059783936,0.3883094787597656,full
2341,0.39528748393058777,0.3893885910511017,inv_only
2342,0.39300745725631714,0.3943991959095001,full
2343,0.41086769104003906,0.40767496824264526,inv_only
2344,0.4189951717853546,0.41686150431632996,inv_only
2345,0.4174681603908539,0.4286220371723175,full
2346,0.4224923551082611,0.426217257976532,full
2347,0.4243105947971344,0.42769402265548706,full
2348,0.43066656589508057,0.43193531036376953,full
2349,0.43351882696151733,0.43631160259246826,full
2350,0.43741121888160706,0.44391733407974243,full
2351,0.4402528703212738,0.45036229491233826,full
2352,0.44077742099761963,0.4502248764038086,full
2353,0.4361065626144409,0.4512980878353119,full
2354,0.45131176710128784,0.458431601524353,full
2355,0.45329248905181885,0.45751017332077026,full
2356,0.45401856303215027,0.45642203092575073,full
2357,0.45133423805236816,0.4545336365699768,full
2358,0.4475695490837097,0.44812703132629395,full
2359,0.4525761008262634,0.4553719460964203,full
2360,0.4560844898223877,0.45976993441581726,full
2361,0.45345354080200195,0.456498384475708,full
2362,0.45792853832244873,0.46254995465278625,full
2363,0.47237542271614075,0.485186904668808,full
2364,0.48048773407936096,0.49317851662635803,full
2365,0.5058040022850037,0.5060206055641174,full
2366,0.5170521140098572,0.5246049761772156,full
2367,0.5640290975570679,0.5749871730804443,full
2368,0.5887690782546997,0.5930116176605225,full
2369,0.5867958068847656,0.5925465822219849,full
2370,0.5675459504127502,0.5772626399993896,full
2371,0.5476025938987732,0.5555799007415771,full
2372,0.5169008374214172,0.5128480195999146,inv_only
2373,0.49942848086357117,0.4959682524204254,inv_only
2374,0.49579447507858276,0.5004166960716248,full
2375,0.487892210483551,0.4920210838317871,full
2376,0.49307215213775635,0.49099624156951904,inv_only
2377,0.4919480085372925,0.4962720572948456,full
2378,0.48706522583961487,0.4894034266471863,full
2379,0.4679146707057953,0.4729730188846588,full
2380,0.4584682285785675,0.46732643246650696,full
2381,0.4464026987552643,0.4592157304286957,full
2382,0.43241646885871887,0.452790766954422,full
2383,0.43647366762161255,0.44090643525123596,full
2384,0.4322894811630249,0.44422054290771484,full
2385,0.4407194256782532,0.451318621635437,full
2386,0.4452770948410034,0.45389634370803833,full
2387,0.4670988917350769,0.4671105146408081,full
2388,0.4775223731994629,0.477211058139801,inv_only
2389,0.48287320137023926,0.4871138334274292,full
2390,0.4857863485813141,0.4892006516456604,full
2391,0.5010336637496948,0.5035918951034546,full
2392,0.5131298303604126,0.5097439885139465,inv_only
2393,0.5172198414802551,0.5266125202178955,full
2394,0.5341787934303284,0.5388162136077881,full
2395,0.5396944284439087,0.5471276044845581,full
2396,0.5426909327507019,0.5428909063339233,full
2397,0.539447546005249,0.5433636903762817,full
2398,0.5422448515892029,0.5466418862342834,full
2399,0.5417416095733643,0.5477756857872009,full
2400,0.5545040369033813,0.5529210567474365,inv_only
2401,0.5450530648231506,0.5506954193115234,full
2402,0.523270308971405,0.5270825028419495,full
2403,0.491207093000412,0.494197815656662,full
2404,0.48231181502342224,0.48635175824165344,full
2405,0.47271639108657837,0.477328896522522,full
2406,0.4622529447078705,0.46354803442955017,full
2407,0.4546276032924652,0.45091620087623596,inv_only
2408,0.4644915461540222,0.46223223209381104,inv_only
2409,0.4617341458797455,0.4609007239341736,inv_only
2410,0.45156311988830566,0.4503031373023987,inv_only
2411,0.46711164712905884,0.44629037380218506,inv_only
2412,0.4693770706653595,0.46194207668304443,inv_only
2413,0.4515526592731476,0.455048531293869,full
2414,0.43658825755119324,0.44274768233299255,full
2415,0.44391733407974243,0.4414054751396179,inv_only
2416,0.4394344091415405,0.43357333540916443,inv_only
2417,0.4325889050960541,0.432574063539505,inv_only
2418,0.4366596043109894,0.4325096011161804,inv_only
2419,0.4170415997505188,0.4317469596862793,full
2420,0.39826294779777527,0.39356914162635803,inv_only
2421,0.40364357829093933,0.395583838224411,inv_only
2422,0.40344834327697754,0.3857232928276062,inv_only
2423,0.39527031779289246,0.3934552073478699,inv_only
2424,0.3991636633872986,0.4010210931301117,full
2425,0.4302734136581421,0.43039053678512573,full
2426,0.4458659887313843,0.45549720525741577,full
2427,0.4516717493534088,0.4687308967113495,full
2428,0.45217540860176086,0.47202011942863464,full
2429,0.44581860303878784,0.46421879529953003,full
2430,0.4418412148952484,0.4508707821369171,full
2431,0.43152254819869995,0.4473041296005249,full
2432,0.4140314757823944,0.4209727346897125,full
2433,0.4001975357532501,0.39966174960136414,inv_only
2434,0.3840397894382477,0.39323994517326355,full
2435,0.3756406605243683,0.39351800084114075,full
2436,0.3718727231025696,0.3914875388145447,full
2437,0.3455773890018463,0.3477233052253723,full
2438,0.3457976281642914,0.35607993602752686,full
2439,0.3663329780101776,0.3742868900299072,full
2440,0.3788929581642151,0.3833334743976593,full
2441,0.38556429743766785,0.39642807841300964,full
2442,0.4063645005226135,0.4174875020980835,full
2443,0.39312654733657837,0.404667466878891,full
2444,0.38814300298690796,0.3976225256919861,full
2445,0.39150235056877136,0.40739569067955017,full
2446,0.4002181887626648,0.41662195324897766,full
2447,0.4030420780181885,0.411307156085968,full
2448,0.4139747619628906,0.42088115215301514,full
2449,0.4342404305934906,0.4337228238582611,inv_only
2450,0.444356232881546,0.4495573937892914,full
2451,0.42844292521476746,0.43669822812080383,full
2452,0.43538713455200195,0.4395385980606079,full
2453,0.43371546268463135,0.44145458936691284,full
2454,0.4393538236618042,0.4409383237361908,full
2455,0.4251963496208191,0.43387478590011597,full
2456,0.4030087888240814,0.41470012068748474,full
2457,0.385389119386673,0.4045567214488983,full
2458,0.39799627661705017,0.4065091907978058,full
2459,0.3998900055885315,0.41411060094833374,full
2460,0.3917262852191925,0.39711788296699524,full
2461,0.3902701437473297,0.3943027853965759,full
2462,0.3890646696090698,0.3944843113422394,full
2463,0.41050615906715393,0.40796488523483276,inv_only
2464,0.41728365421295166,0.421335369348526,full
2465,0.43839073181152344,0.4408489167690277,full
2466,0.43806466460227966,0.43689846992492676,inv_only
2467,0.4387379288673401,0.4361180365085602,inv_only
2468,0.4248141050338745,0.42491987347602844,full
2469,0.4200049936771393,0.4358893930912018,full
2470,0.423136442899704,0.43949782848358154,full
2471,0.4511857330799103,0.4569430649280548,full
2472,0.4872293174266815,0.49362215399742126,full
2473,0.5139061212539673,0.5220737457275391,full
2474,0.5265405774116516,0.5344290733337402,full
2475,0.5293996334075928,0.5468453764915466,full
2476,0.54555344581604,0.5599473714828491,full
2477,0.5218328833580017,0.5422502756118774,full
2478,0.512302041053772,0.5312849879264832,full
2479,0.48902231454849243,0.5152488946914673,full
2480,0.4841825067996979,0.5028892755508423,full
2481,0.4876902401447296,0.49438777565956116,full
2482,0.4583974778652191,0.4878843426704407,full
2483,0.4615132212638855,0.48425358533859253,full
2484,0.461153119802475,0.48232850432395935,full
2485,0.4380525052547455,0.4552464485168457,full
2486,0.40073662996292114,0.40501245856285095,full
2487,0.40611985325813293,0.4054478406906128,inv_only
2488,0.4086554944515228,0.4098168909549713,full
2489,0.40207454562187195,0.4104125201702118,full
2490,0.4017515182495117,0.4037465751171112,full
2491,0.38806018233299255,0.3998713791370392,full
2492,0.3747633695602417,0.38146400451660156,full
2493,0.35661837458610535,0.36385810375213623,full
2494,0.3346746861934662,0.35647305846214294,full
2495,0.35647085309028625,0.37047716975212097,full
2496,0.4012695252895355,0.406946063041687,full
2497,0.4322045147418976,0.45807531476020813,full
2498,0.45289793610572815,0.4719522297382355,full
2499,0.4446014165878296,0.46366584300994873,full
2500,0.4554520547389984,0.4690825343132019,full
2501,0.4372236132621765,0.4594590961933136,full
2502,0.41081565618515015,0.4416762888431549,full
2503,0.4042302966117859,0.4226835072040558,full
2504,0.38099798560142517,0.39822205901145935,full
2505,0.37845054268836975,0.3940587341785431,full
2506,0.37270715832710266,0.37483081221580505,full
2507,0.3603106439113617,0.36174237728118896,full
2508,0.36349236965179443,0.36135104298591614,inv_only
2509,0.3268817067146301,0.33372732996940613,full
2510,0.300169438123703,0.312204509973526,full
2511,0.31904369592666626,0.3295917510986328,full
2512,0.34083735942840576,0.3432105481624603,full
2513,0.3376747965812683,0.3153252899646759,inv_only
2514,0.2920273542404175,0.2981049418449402,full
2515,0.29683491587638855,0.3096567988395691,full
2516,0.3184846043586731,0.3070758283138275,inv_only
2517,0.29164186120033264,0.3117291331291199,full
2518,0.2919699549674988,0.31301048398017883,full
2519,0.3191644549369812,0.32374513149261475,full
2520,0.3231182098388672,0.34292706847190857,full
2521,0.3408048748970032,0.3501710891723633,full
2522,0.3638901114463806,0.3678419589996338,full
2523,0.38192158937454224,0.3855378329753876,full
2524,0.37844857573509216,0.3974648118019104,full
2525,0.3360578417778015,0.3858935236930847,full
2526,0.3217144012451172,0.3527073562145233,full
2527,0.33758312463760376,0.3432264029979706,full
2528,0.2959226071834564,0.30169424414634705,full
2529,0.28672218322753906,0.29161742329597473,full
2530,0.29949501156806946,0.3057706654071808,full
2531,0.30004459619522095,0.3068118691444397,full
2532,0.323053777217865,0.3192654252052307,inv_only
2533,0.30497729778289795,0.3097001314163208,full
2534,0.2968706786632538,0.3218075633049011,full
2535,0.30220165848731995,0.31561219692230225,full
2536,0.3242904245853424,0.34004753828048706,full
2537,0.2982214689254761,0.32308992743492126,full
2538,0.2718810439109802,0.297883540391922,full
2539,0.2853350341320038,0.30556896328926086,full
2540,0.3047266900539398,0.30277910828590393,inv_only
2541,0.3162024915218353,0.31549307703971863,inv_only
2542,0.31132572889328003,0.321512907743454,full
2543,0.32733505964279175,0.3345322012901306,full
2544,0.3625728487968445,0.3603352904319763,inv_only
2545,0.3479077219963074,0.3643687963485718,full
2546,0.34210100769996643,0.3725510239601135,full
2547,0.35913851857185364,0.3941124677658081,full
2548,0.3758906126022339,0.406174898147583,full
2549,0.3636504113674164,0.41000843048095703,full
2550,0.364958256483078,0.3910418450832367,full
2551,0.40478143095970154,0.3830278515815735,inv_only
2552,0.38053345680236816,0.3686753213405609,inv_only
2553,0.37497615814208984,0.3685544729232788,inv_only
2554,0.4153181314468384,0.3826793432235718,inv_only
2555,0.40838325023651123,0.3851757049560547,inv_only
2556,0.40743663907051086,0.39086610078811646,inv_only
2557,0.37208566069602966,0.3893146514892578,full
2558,0.3889639675617218,0.4003469944000244,full
2559,0.4007736146450043,0.4042520225048065,full
2560,0.4041914641857147,0.41970354318618774,full
2561,0.3798271417617798,0.4123848080635071,full
2562,0.35416868329048157,0.37355563044548035,full
2563,0.35452479124069214,0.37459537386894226,full
2564,0.3733089566230774,0.38326627016067505,full
2565,0.3991626501083374,0.41737106442451477,full
2566,0.42008665204048157,0.4404948651790619,full
2567,0.436041921377182,0.4571326673030853,full
2568,0.4111761748790741,0.4398503303527832,full
2569,0.40681856870651245,0.42382749915122986,full
2570,0.37066349387168884,0.40381094813346863,full
2571,0.36210694909095764,0.39782947301864624,full
2572,0.355878621339798,0.39458802342414856,full
2573,0.3738359808921814,0.3936281204223633,full
2574,0.36581870913505554,0.3679642081260681,full
2575,0.36500149965286255,0.35930335521698,inv_only
2576,0.34110093116760254,0.3399193286895752,inv_only
2577,0.37312766909599304,0.3679545521736145,inv_only
2578,0.39031296968460083,0.39317086338996887,full
2579,0.4429968595504761,0.4060736298561096,inv_only
2580,0.4299328327178955,0.42872148752212524,inv_only
2581,0.4330511689186096,0.43858978152275085,full
2582,0.4378941059112549,0.44127270579338074,full
2583,0.4379608631134033,0.44661006331443787,full
2584,0.4433770477771759,0.4662032425403595,full
2585,0.40940067172050476,0.4407534897327423,full
2586,0.37495219707489014,0.40757516026496887,full
2587,0.367448627948761,0.40809085965156555,full
2588,0.41457703709602356,0.4312545359134674,full
2589,0.4616369605064392,0.4708321988582611,full
2590,0.48033446073532104,0.4955434501171112,full
2591,0.4955192804336548,0.5184316635131836,full
2592,0.4810279607772827,0.4861133396625519,full
2593,0.402001291513443,0.4379543662071228,full
2594,0.34249088168144226,0.4010387659072876,full
2595,0.3760657012462616,0.3860875964164734,full
2596,0.41404151916503906,0.42445284128189087,full
2597,0.4043711721897125,0.4385380744934082,full
2598,0.38884422183036804,0.3997931182384491,full
2599,0.3456634283065796,0.37341785430908203,full
2600,0.38184937834739685,0.3875995874404907,full
2601,0.35647857189178467,0.37626999616622925,full
2602,0.34578844904899597,0.3688141703605652,full
2603,0.3512554168701172,0.3675503730773926,full
2604,0.3537573516368866,0.3631768524646759,full
2605,0.3473758399486542,0.3520527482032776,full
2606,0.3538840115070343,0.3552824854850769,full
2607,0.35254204273223877,0.34835734963417053,inv_only
2608,0.34114736318588257,0.3603816628456116,full
2609,0.34819281101226807,0.3722373843193054,full
2610,0.35987037420272827,0.37415823340415955,full
2611,0.3633383810520172,0.38257846236228943,full
2612,0.36451202630996704,0.38327381014823914,full
2613,0.36776235699653625,0.3897692561149597,full
2614,0.3841599225997925,0.3829949200153351,inv_only
2615,0.3681230843067169,0.3922465741634369,full
2616,0.3652915954589844,0.392932265996933,full
2617,0.36738690733909607,0.38179051876068115,full
2618,0.3368425965309143,0.377500981092453,full
2619,0.33673450350761414,0.37069466710090637,full
2620,0.35756534337997437,0.38936975598335266,full
2621,0.366259902715683,0.39466914534568787,full
2622,0.3625330626964569,0.39418190717697144,full
2623,0.3496185541152954,0.38275665044784546,full
2624,0.37094610929489136,0.36961790919303894,inv_only
2625,0.36085161566734314,0.37297412753105164,full
2626,0.37805500626564026,0.4004344940185547,full
2627,0.40925607085227966,0.41773179173469543,full
2628,0.42235928773880005,0.42494410276412964,full
2629,0.4107291102409363,0.41125261783599854,full
2630,0.43667712807655334,0.42400065064430237,inv_only
2631,0.4522440433502197,0.44732666015625,inv_only
2632,0.4833734333515167,0.47495928406715393,inv_only
2633,0.46599969267845154,0.47295159101486206,full
2634,0.4432526230812073,0.45846495032310486,full
2635,0.4387038052082062,0.4373783469200134,inv_only
2636,0.4586028754711151,0.4378192722797394,inv_only
2637,0.44151607155799866,0.4515005946159363,full
2638,0.43947649002075195,0.4465450048446655,full
2639,0.4662986993789673,0.4726859927177429,full
2640,0.48388147354125977,0.48766860365867615,full
2641,0.48081645369529724,0.48719316720962524,full
2642,0.4757724702358246,0.4973861277103424,full
2643,0.47041845321655273,0.48613259196281433,full
2644,0.4608277976512909,0.48273760080337524,full
2645,0.46812868118286133,0.4754073917865753,full
2646,0.4715940058231354,0.4784773588180542,full
2647,0.4756019711494446,0.47985395789146423,full
2648,0.48534807562828064,0.4838722050189972,inv_only
2649,0.5208882689476013,0.48864561319351196,inv_only
2650,0.49973443150520325,0.5024063587188721,full
2651,0.47962161898612976,0.48784610629081726,full
2652,0.4219299554824829,0.45558467507362366,full
2653,0.3703185021877289,0.39366087317466736,full
2654,0.33331239223480225,0.3486936688423157,full
2655,0.3561883866786957,0.34254178404808044,inv_only
2656,0.37290844321250916,0.37683814764022827,full
2657,0.35822370648384094,0.3796839416027069,full
2658,0.3617638647556305,0.38364702463150024,full
2659,0.38294729590415955,0.4019339382648468,full
2660,0.40355777740478516,0.4180107116699219,full
2661,0.42664238810539246,0.4626753628253937,full
2662,0.4478614628314972,0.46515339612960815,full
2663,0.47506970167160034,0.4825371503829956,full
2664,0.4751220643520355,0.49291375279426575,full
2665,0.4691324830055237,0.49649783968925476,full
2666,0.4582866430282593,0.4840647876262665,full
2667,0.4457288682460785,0.46011361479759216,full
2668,0.4152679443359375,0.4425487518310547,full
2669,0.4144255816936493,0.435333251953125,full
2670,0.42963019013404846,0.44601306319236755,full
2671,0.4301276206970215,0.4321633279323578,full
2672,0.42498570680618286,0.4246751666069031,inv_only
2673,0.42512276768684387,0.4389747977256775,full
2674,0.43684646487236023,0.4565366208553314,full
2675,0.43344801664352417,0.453265517950058,full
2676,0.39853614568710327,0.4133956730365753,full
2677,0.36190491914749146,0.36317116022109985,full
2678,0.34310397505760193,0.34274834394454956,inv_only
2679,0.3450596332550049,0.34300029277801514,inv_only
2680,0.3677718937397003,0.36314821243286133,inv_only
2681,0.3907061219215393,0.3881088197231293,inv_only
2682,0.3803277313709259,0.3829430341720581,full
2683,0.37635934352874756,0.38673874735832214,full
2684,0.38732093572616577,0.3860751688480377,inv_only
2685,0.3918458819389343,0.3995054364204407,full
2686,0.4031933546066284,0.4129081070423126,full
2687,0.4263395667076111,0.43804246187210083,full
2688,0.43644747138023376,0.4497535526752472,full
2689,0.42610764503479004,0.4391249716281891,full
2690,0.42161956429481506,0.4301413595676422,full
2691,0.4114091098308563,0.42646339535713196,full
2692,0.3939531445503235,0.41284891963005066,full
2693,0.3782522976398468,0.39993563294410706,full
2694,0.3736124038696289,0.3887999951839447,full
2695,0.3688981831073761,0.3693145215511322,full
2696,0.3614676892757416,0.34833359718322754,inv_only
2697,0.3658544421195984,0.36279037594795227,inv_only
2698,0.3624667823314667,0.3775176405906677,full
2699,0.36185169219970703,0.3845081329345703,full
2700,0.37848809361457825,0.3909338712692261,full
2701,0.378709614276886,0.38911670446395874,full
2702,0.39617544412612915,0.41069602966308594,full
2703,0.4162806272506714,0.4398919939994812,full
2704,0.42936235666275024,0.4610569477081299,full
2705,0.41103699803352356,0.4429107904434204,full
2706,0.3869938552379608,0.4226621091365814,full
2707,0.39693015813827515,0.4304218292236328,full
2708,0.4213854670524597,0.45293813943862915,full
2709,0.4524604380130768,0.5009002089500427,full
2710,0.49211740493774414,0.5333735346794128,full
2711,0.5191265940666199,0.5345075130462646,full
2712,0.529748260974884,0.5312219262123108,full
2713,0.49035537242889404,0.5093429088592529,full
2714,0.47987502813339233,0.4853821396827698,full
2715,0.49424609541893005,0.48420462012290955,inv_only
2716,0.4641770124435425,0.4744928479194641,full
2717,0.46770450472831726,0.4712264835834503,full
2718,0.42606455087661743,0.4544307291507721,full
2719,0.42254653573036194,0.4490565359592438,full
2720,0.41387367248535156,0.4363522529602051,full
2721,0.42512014508247375,0.4312744140625,full
2722,0.42101606726646423,0.4313902258872986,full
2723,0.43042346835136414,0.44157254695892334,full
2724,0.45132946968078613,0.453266978263855,full
2725,0.4741949439048767,0.48898088932037354,full
2726,0.4810446798801422,0.4956931173801422,full
2727,0.4580191671848297,0.485078364610672,full
2728,0.457161009311676,0.48952603340148926,full
2729,0.48343178629875183,0.49735701084136963,full
2730,0.4788162112236023,0.5074095129966736,full
2731,0.4788462519645691,0.5179287791252136,full
2732,0.496890664100647,0.5534743666648865,full
2733,0.527784526348114,0.5913314819335938,full
2734,0.5394760966300964,0.6096999049186707,full
2735,0.5722180604934692,0.5964604616165161,full
2736,0.5561125874519348,0.5734611749649048,full
2737,0.5252707600593567,0.5591018199920654,full
2738,0.510493814945221,0.5511537194252014,full
2739,0.5623685121536255,0.5526546239852905,inv_only
2740,0.5362874269485474,0.5492632389068604,full
2741,0.5038409233093262,0.5250791311264038,full
2742,0.48762720823287964,0.5031813979148865,full
2743,0.4918361008167267,0.4878948926925659,inv_only
2744,0.4882308840751648,0.4845353066921234,inv_only
2745,0.45980027318000793,0.4557441473007202,inv_only
2746,0.43448445200920105,0.4421796500682831,full
2747,0.41176146268844604,0.43798375129699707,full
2748,0.3586103022098541,0.40662676095962524,full
2749,0.3454081416130066,0.412568598985672,full
2750,0.35561636090278625,0.4023257791996002,full
2751,0.39056143164634705,0.4041050672531128,full
2752,0.3942943811416626,0.4127282202243805,full
2753,0.3990185558795929,0.41603296995162964,full
2754,0.3952590525150299,0.41010603308677673,full
2755,0.3715418875217438,0.3881514370441437,full
2756,0.3667401373386383,0.38030242919921875,full
2757,0.3663952648639679,0.38158440589904785,full
2758,0.3563153147697449,0.36784297227859497,full
2759,0.34994590282440186,0.3580048084259033,full
2760,0.3450011909008026,0.35253724455833435,full
2761,0.34178903698921204,0.3434280753135681,full
2762,0.3338300585746765,0.339454710483551,full
2763,0.3339696228504181,0.34570062160491943,full
2764,0.33430737257003784,0.3584422171115875,full
2765,0.34333834052085876,0.3595486283302307,full
2766,0.34504619240760803,0.35514333844184875,full
2767,0.3554442524909973,0.3591404855251312,full
2768,0.3463551700115204,0.3612479269504547,full
2769,0.3454010486602783,0.3690478205680847,full
2770,0.3453123867511749,0.3717852234840393,full
2771,0.3514590859413147,0.36994612216949463,full
2772,0.32803019881248474,0.3403717279434204,full
2773,0.3071940839290619,0.32083454728126526,full
2774,0.32204669713974,0.3295908570289612,full
2775,0.34456318616867065,0.3344208896160126,inv_only
2776,0.35928237438201904,0.359328955411911,full
2777,0.3613530099391937,0.3607265055179596,inv_only
2778,0.34943637251853943,0.347103089094162,inv_only
2779,0.35162970423698425,0.3499721884727478,inv_only
2780,0.3642272651195526,0.3620026409626007,inv_only
2781,0.3726208508014679,0.3804280161857605,full
2782,0.3842734098434448,0.39738938212394714,full
2783,0.39440736174583435,0.4060165286064148,full
2784,0.4151732325553894,0.4112592935562134,inv_only
2785,0.4229324460029602,0.41527068614959717,inv_only
2786,0.42134353518486023,0.4162352383136749,inv_only
2787,0.4091407358646393,0.4079127609729767,inv_only
2788,0.3993067443370819,0.40264078974723816,full
2789,0.38341695070266724,0.39131537079811096,full
2790,0.39142701029777527,0.37805312871932983,inv_only
2791,0.39447712898254395,0.3786155581474304,inv_only
2792,0.38929998874664307,0.3663122057914734,inv_only
2793,0.3745785057544708,0.3699754476547241,inv_only
2794,0.37365028262138367,0.36850592494010925,inv_only
2795,0.38455817103385925,0.38454577326774597,inv_only
2796,0.4701215624809265,0.4755701422691345,full
2797,0.5450130105018616,0.5279965996742249,inv_only
2798,0.582046627998352,0.5692183971405029,inv_only
2799,0.6227949857711792,0.614845335483551,inv_only
2800,0.6605240106582642,0.6528867483139038,inv_only
2801,0.6580251455307007,0.6479078531265259,inv_only
2802,0.6255593299865723,0.6184998750686646,inv_only
2803,0.5505780577659607,0.5582285523414612,full
2804,0.500728189945221,0.4961702227592468,inv_only
2805,0.4773392975330353,0.4815308451652527,full
2806,0.4899708926677704,0.49633780121803284,full
2807,0.4863620102405548,0.4916197657585144,full
2808,0.46640118956565857,0.46414241194725037,inv_only
2809,0.45426416397094727,0.4447800815105438,inv_only
2810,0.4447095990180969,0.44630664587020874,full
2811,0.44410181045532227,0.4438941776752472,inv_only
2812,0.4393503963947296,0.43591082096099854,inv_only
2813,0.43631666898727417,0.43902888894081116,full
2814,0.4362558126449585,0.43360891938209534,inv_only
2815,0.4369659423828125,0.4313466250896454,inv_only
2816,0.4245476722717285,0.41937416791915894,inv_only
2817,0.41861671209335327,0.4031773507595062,inv_only
2818,0.36916959285736084,0.3657732605934143,inv_only
2819,0.33145207166671753,0.3294842839241028,inv_only
2820,0.3184430003166199,0.3097335994243622,inv_only
2821,0.30435511469841003,0.2990945875644684,inv_only
2822,0.29061082005500793,0.28837689757347107,inv_only
2823,0.3063037693500519,0.2970868945121765,inv_only
2824,0.30701273679733276,0.3018284738063812,inv_only
2825,0.3081284165382385,0.3079063594341278,inv_only
2826,0.30042073130607605,0.30442193150520325,full
2827,0.2990001440048218,0.29578569531440735,inv_only
2828,0.30314651131629944,0.2963249981403351,inv_only
2829,0.2976239025592804,0.30300894379615784,full
2830,0.30332085490226746,0.31478151679039,full
2831,0.32105883955955505,0.3231496512889862,full
2832,0.3498949706554413,0.32623374462127686,inv_only
